代码,名称,最新价,涨跌幅,涨跌额,成交量,成交额,换手率,开盘,最高,最低,昨收
000001,上证指数,3951.795,0.2752637881199609,10.847999999999956,494292608460.0,292004654,0,3937.7196,3956.2053,3936.0782,3940.947
000002,Ａ股指数,4143.3268,0.2753227495023706,11.376199999999699,494123118992.0,291870301,0,4128.5718,4147.96,4126.8387,4131.9506
000004,工业指数,3581.5408,0.2651067126045452,9.469800000000305,382135871796.0,184509777,0,3568.6167,3586.0799,3566.6594,3572.071
000006,地产指数,4260.45,0.3986039846824823,16.91489999999976,3137801246.0,5549664,0,4257.4673,4266.6141,4248.3902,4243.5351
000007,公用指数,4738.9245,0.33928940526839924,16.02430000000004,15816706480.0,24870095,0,4724.1527,4744.8434,4718.8212,4722.9002
000008,综合指数,3633.1305,0.2895401049206782,10.489000000000033,62367330348.0,50733727,0,3618.5387,3647.1301,3616.4581,3622.6415
000009,上证380,6515.5936,0.30507977930212443,19.817299999999705,125266194856.0,63190804,0,6489.6979,6521.2334,6482.5689,6495.7763
000010,上证180,9998.1237,0.022193087403496577,2.218399999999747,115227910790.0,49272042,0,9979.5964,10014.6653,9973.2957,9995.9053
000011,基金指数,7136.2421,-0.00455541145888769,-0.3251000000000204,144401950785.0,401491621,0,7135.5517,7138.2202,7134.2572,7136.5672
000012,国债指数,224.7791,-0.006583808546409907,-0.01480000000000814,9705733041.0,9760483,0,224.8084,224.851,224.7789,224.7939
000014,沙河股份,13.65,-0.2921840759678535,-0.03999999999999915,35828473.8,2622240,0,13.75,13.8,13.57,13.69
000016,上证50,3030.1093,0.16281324252717602,4.9254000000000815,48006861577.0,15620467,0,3020.9075,3036.3406,3018.5826,3025.1839
000017,新综指,3340.3871,0.2749797679647641,9.160199999999804,482970095609.0,288228033,0,3328.4945,3344.12,3327.1053,3331.2269
000019,治理指数,1240.9993,0.23678834364226523,2.9315999999998894,80831945343.0,37077450,0,1236.6304,1243.1633,1236.0745,1238.0677
000020,中型综指,1683.9474,0.3489439612302554,5.855600000000095,130584266253.0,48999952,0,1677.3822,1687.4899,1673.7461,1678.0918
000021,180治理,1085.464,0.1867661399033923,2.0235000000000127,54147248782.0,24719916,0,1082.0015,1088.0551,1081.1564,1083.4405
000025,180基建,1786.844,0.10573926559335227,1.8874000000000706,8835047321.0,9621235,0,1784.9603,1790.2813,1783.0087,1784.9566
000026,180资源,5311.7447,-0.9549394730448786,-51.21299999999974,14384744174.0,5688043,0,5321.932,5328.7995,5295.3725,5362.9577
000027,180运输,774.661,0.6998779373359532,5.383999999999901,2053181459.0,2231240,0,768.984,775.92,768.841,769.277
000028,180成长,3890.1277,-0.027682942113898327,-1.0772000000001754,42023575031.0,12008445,0,3881.3641,3899.598,3877.1933,3891.2049
000029,180价值,4459.1116,0.3473746079652915,15.436200000000099,26024321546.0,23033425,0,4440.3477,4476.8255,4436.6651,4443.6754
000030,180R成长,2566.5295,-0.058865878008499975,-1.511700000000019,96308523078.0,31582288,0,2562.6944,2571.9885,2560.6487,2568.0412
000031,180R价值,3262.5584,0.27364610795078154,8.903499999999894,80309269593.0,42607268,0,3250.6236,3272.9579,3248.4826,3253.6549
000032,上证能源,1913.4556,-0.2061324454680432,-3.9523999999998978,3371356522.0,4767375,0,1915.9015,1921.2098,1910.7584,1917.408
000034,上证工业,2232.0083,0.393033666939513,8.738199999999779,18947979823.0,13441985,0,2221.3868,2234.0415,2219.4368,2223.2701
000035,上证可选,2961.9158,0.2084001521099969,6.159800000000359,17377802679.0,10490398,0,2952.2867,2962.4141,2948.5817,2955.756
000036,上证消费,10988.6458,0.19261509121201034,21.12510000000111,4662018502.0,1444458,0,10974.6418,11008.3064,10963.0146,10967.5207
000037,上证医药,6429.9263,-0.19484889621843549,-12.553100000000086,6103630452.0,1667709,0,6440.953,6458.1365,6420.864,6442.4794
000039,上证信息,5509.1668,-0.44997813453316865,-24.902100000000246,53815543020.0,7924658,0,5523.2673,5566.823,5480.4217,5534.0689
000040,上证电信,3931.2977,-0.584853632207942,-23.127599999999802,20832398303.0,8187044,0,3944.2486,3959.8114,3916.1741,3954.4253
000042,上证央企,1805.5085,-0.041112777730628845,-0.7426000000000386,32309465078.0,19863260,0,1803.4859,1810.5128,1801.1491,1806.2511
000045,上证小盘,5681.1353,0.1853835140403996,10.512399999999616,132964050683.0,70341850,0,5661.0434,5686.7662,5651.5146,5670.6229
000048,责任指数,1486.4397,0.40133117369965077,5.941699999999855,33268386695.0,12931765,0,1478.537,1491.4081,1477.6719,1480.498
000049,上证民企,1995.8956,-0.5117036457489034,-10.26559999999995,40783416556.0,12654463,0,1999.0451,2005.1094,1989.2831,2006.1612
000050,50等权,2405.6026,0.05765287776704675,1.3861000000001695,48006861577.0,15620467,0,2400.4477,2409.8952,2398.5685,2404.2165
000055,上证地企,1567.871,-0.053368752710028465,-0.8371999999999389,29725959313.0,14261273,0,1566.2474,1571.2327,1563.8305,1568.7082
000056,上证国企,1243.5621,0.035249905500171916,0.43820000000005166,45592382949.0,24734982,0,1241.244,1245.5302,1238.862,1243.1239
000058,全指价值,4723.3605,0.28528912868140144,13.436899999999696,47342687070.0,39803493,0,4705.3954,4738.524,4699.8033,4709.9236
000059,全R成长,3314.3009,0.013908335948628715,0.46090000000003783,213132361933.0,86908633,0,3307.0329,3319.7005,3301.9493,3313.84
000060,全R价值,4462.4538,0.2360834094143359,10.510299999999916,190330133546.0,105563893,0,4447.2279,4472.2577,4443.7315,4451.9435
000061,沪企债30,177.8686,-0.06944124517816531,-0.12360000000001037,212405575.0,212265,0,178.0025,178.0072,177.8672,177.9922
000062,上证沪企,2076.9741,-0.17746716364842446,-3.692500000000109,16496945418.0,7407904,0,2075.4715,2080.1582,2072.8898,2080.6666
000063,上证周期,4018.7284,0.15518498484835275,6.226799999999912,34280349684.0,21367494,0,4002.0806,4031.3439,3996.2087,4012.5016
000065,上证龙头,3602.022,0.03864600935863104,1.3914999999997235,75334137742.0,34861047,0,3596.8357,3606.8626,3593.8461,3600.6305
000066,上证商品,3433.756,-0.6970153602036604,-24.101800000000367,26502035584.0,15318026,0,3440.3089,3442.1276,3419.7848,3457.8578
000068,上证资源,3878.6126,-1.0513937687122554,-41.21280000000024,24255071657.0,13082945,0,3891.0684,3891.0684,3868.648,3919.8254
000069,消费80,4924.8201,0.12642617514648008,6.218399999999747,25353723280.0,11322015,0,4916.7634,4927.4072,4913.5033,4918.6017
000070,能源等权,2582.941,-0.40698345372487893,-10.555100000000039,3371356522.0,4767375,0,2592.0081,2592.0081,2582.4058,2593.4961
000078,电信等权,3343.4327,0.18311390787149862,6.111099999999624,20832398303.0,8187044,0,3330.7002,3356.0247,3327.3559,3337.3216
000088,盐田港,4.55,0.6637168141592976,0.03000000000000025,62090418.76,13642816,0,4.54,4.57,4.53,4.52
000089,深圳机场,7.08,0.2832861189801765,0.020000000000000462,22452982.07,3173301,0,7.08,7.1,7.05,7.06
000090,上证流通,1440.8656,0.26218815881481505,3.767900000000054,482970095609.0,288228033,0,1435.769,1442.4027,1434.9486,1437.0977
000096,上证下游,4219.3845,0.09226911886432192,3.889600000000428,34051341999.0,19283876,0,4215.8758,4226.8352,4211.8578,4215.4949
000099,上证F300,9081.2098,0.3152361913015185,28.53729999999996,99349097426.0,61603253,0,9044.339,9090.4089,9034.7752,9052.6725
000100,上证F500,6238.6963,0.2581221911112453,16.061999999999898,191699443925.0,122625675,0,6219.0913,6248.4434,6216.1676,6222.6343
000151,上国红利,1529.8145,0.036161245150020685,0.5529999999998836,8391976770.0,9175243,0,1531.9611,1533.5167,1527.8208,1529.2615
000153,上民红利,3106.2299,0.33446437587456,10.354599999999664,2181162154.0,2186392,0,3097.7802,3110.5325,3090.5374,3095.8753
000155,市值百强,3288.2054,0.10296139825846369,3.3820999999998094,94959097730.0,34511070,0,3279.6996,3294.692,3277.4113,3284.8233
000156,华数传媒,7.47,0.26845637583892046,0.019999999999999574,22335279.58,2991573,0,7.45,7.5,7.43,7.45
000157,中联重科,8.44,-0.11834319526626967,-0.009999999999999787,144151620.52,17028148,0,8.45,8.51,8.42,8.45
000158,上证环保,1315.3171,-0.1652076211066518,-2.1766000000000076,12010660088.0,6211468,0,1315.1491,1319.1881,1308.4084,1317.4937
000159,沪股通,3655.9635,0.24183584336168168,8.820099999999911,433944281412.0,247828850,0,3643.442,3660.2217,3641.207,3647.1434
000166,申万宏源,5.3,0.5692599620493406,0.03000000000000025,253616760.81,47812742,0,5.26,5.33,5.26,5.27
000301,东方盛虹,10.45,0.09578544061302478,0.009999999999999787,84102455.69,7989779,0,10.44,10.6,10.4,10.44
000333,美的集团,78.6,-0.2538071065989884,-0.20000000000000284,1094880917.75,13960983,0,78.52,78.78,78.18,78.8
000338,潍柴动力,17.32,-1.3105413105413128,-0.23000000000000043,375288849.21,21585351,0,17.43,17.54,17.31,17.55
000400,许继电气,26.6,0.07524454477051591,0.020000000000003126,316064947.32,11880506,0,26.45,26.83,26.31,26.58
000401,金隅冀东,4.49,-0.2222222222222175,-0.009999999999999787,16104094.0,3587700,0,4.5,4.5,4.48,4.5
000402,金融街,2.79,1.4545454545454557,0.040000000000000036,43966343.8,15731351,0,2.8,2.83,2.77,2.75
000403,派林生物,13.88,-0.9279086366880728,-0.129999999999999,137253894.92,9842117,0,14.03,14.14,13.83,14.01
000404,长虹华意,6.83,0.2936857562408291,0.020000000000000462,17533475.82,2572822,0,6.82,6.84,6.79,6.81
000407,胜利股份,5.04,-0.5917159763313657,-0.03000000000000025,422120716.6,82846040,0,5.01,5.22,4.95,5.07
000408,藏格矿业,79.04,-0.49099836333878955,-0.39000000000000057,560149279.29,7158387,0,79.04,79.3,77.5,79.43
000409,云鼎科技,10.98,-0.09099181073703173,-0.009999999999999787,59875332.05,5478913,0,10.99,10.99,10.85,10.99
000410,沈阳机床,7.23,0.4166666666666701,0.03000000000000025,62058507.39,8574400,0,7.2,7.28,7.18,7.2
000411,英特集团,12.4,0.0807102502017739,0.009999999999999787,92192701.27,7451818,0,12.39,12.5,12.16,12.39
000415,渤海租赁,4.08,0.24570024570024046,0.009999999999999787,140388011.12,34321902,0,4.06,4.13,4.04,4.07
000417,合百集团,8.16,-2.392344497607647,-0.1999999999999993,384623542.82,46675730,0,8.32,8.42,8.1,8.36
000419,通程控股,6.64,-0.7473841554559149,-0.05000000000000071,107112759.0,16100000,0,6.73,6.75,6.57,6.69
000420,吉林化纤,4.09,0.0,0.0,99887985.47,24465283,0,4.08,4.1,4.06,4.09
000421,南京公用,6.89,0.7309941520467811,0.04999999999999982,32610940.0,4745100,0,6.86,6.92,6.83,6.84
000422,湖北宜化,14.41,0.698812019566734,0.09999999999999964,259648842.18,18104798,0,14.31,14.53,14.14,14.31
000423,东阿阿胶,49.06,-0.020379050336250273,-0.00999999999999801,94173945.93,1921200,0,49.05,49.2,48.9,49.07
000425,徐工机械,10.67,-1.5682656826568258,-0.16999999999999993,253003545.0,23581900,0,10.8,10.86,10.65,10.84
000426,兴业银锡,34.6,-4.1551246537396125,-1.5,1362164384.68,39180854,0,35.17,35.3,34.47,36.1
000428,华天酒店,3.4,-0.5847953216374274,-0.020000000000000018,55273047.1,16223010,0,3.44,3.5,3.36,3.42
000429,粤高速Ａ,11.89,0.7627118644067784,0.08999999999999986,26394114.4,2224980,0,11.8,11.92,11.77,11.8
000430,*ST张股,7.8,0.2570694087403544,0.019999999999999574,39499822.0,5047100,0,7.9,7.92,7.78,7.78
000488,ST晨鸣,2.24,1.8181818181818195,0.040000000000000036,64661310.23,29246113,0,2.19,2.25,2.18,2.2
000498,山东路桥,6.06,1.1686143572620935,0.0699999999999994,50415700.3,8348723,0,6.01,6.06,6.0,5.99
000501,武商集团,10.31,0.5853658536585414,0.0600000000000005,129170476.26,12537000,0,10.27,10.4,10.21,10.25
000503,国新健康,9.13,-0.5446623093681802,-0.049999999999998934,31654462.0,3463700,0,9.18,9.2,9.12,9.18
000504,*ST生物,8.97,-0.33333333333332626,-0.02999999999999936,5846159.99,650200,0,8.93,9.07,8.93,9.0
000505,京粮控股,8.13,-3.5587188612099516,-0.29999999999999893,221554545.04,26975800,0,8.41,8.43,8.12,8.43
000506,招金黄金,13.37,-3.812949640287778,-0.5300000000000011,213437839.68,15871100,0,13.61,13.68,13.3,13.9
000507,珠海港,5.29,0.37950664136623274,0.020000000000000462,26036540.96,4904762,0,5.28,5.34,5.28,5.27
000509,华塑控股,3.39,1.4970059880239601,0.050000000000000266,34530285.0,10271200,0,3.34,3.4,3.33,3.34
000510,新金路,10.77,-1.4638609332113461,-0.16000000000000014,342603523.36,32069092,0,10.71,10.83,10.4,10.93
000513,丽珠集团,35.06,-0.05701254275939573,-0.01999999999999602,63177600.0,1798900,0,35.15,35.19,35.06,35.08
000514,渝开发,5.06,0.7968127490039849,0.040000000000000036,57872609.5,11389200,0,5.08,5.16,5.04,5.02
000516,国际医学,4.49,0.0,0.0,18379016.08,4094721,0,4.48,4.5,4.48,4.49
000517,荣安地产,1.81,0.0,0.0,15517758.0,8537500,0,1.81,1.83,1.81,1.81
000518,*ST四环,2.42,1.2552301255230043,0.029999999999999805,13007643.2,5431472,0,2.39,2.43,2.37,2.39
000519,中兵红箭,17.64,0.8000000000000033,0.14000000000000057,261131296.18,14836748,0,17.45,17.75,17.37,17.5
000520,凤凰航运,5.1,0.7905138339920956,0.040000000000000036,69956164.85,13769855,0,5.11,5.14,5.03,5.06
000521,长虹美菱,6.59,0.6106870229007639,0.040000000000000036,20010555.0,3043100,0,6.53,6.59,6.53,6.55
000523,红棉股份,3.69,-2.3809523809523774,-0.08999999999999986,194758714.22,52229633,0,3.81,3.83,3.68,3.78
000524,岭南控股,12.2,-0.5704971475142648,-0.07000000000000028,79925577.04,6567872,0,12.26,12.29,12.09,12.27
000525,红太阳,5.61,-0.17793594306049443,-0.009999999999999787,22975562.41,4104699,0,5.62,5.62,5.59,5.62
000526,学大教育,38.76,-0.10309278350515245,-0.03999999999999915,31138574.0,805600,0,38.7,39.05,38.41,38.8
000528,柳工,12.31,-0.3238866396761064,-0.03999999999999915,105442379.18,8514737,0,12.38,12.53,12.3,12.35
000529,广弘控股,6.16,0.9836065573770574,0.0600000000000005,36278431.5,5896635,0,6.1,6.27,6.06,6.1
000530,冰山冷热,7.07,-0.2820874471085977,-0.019999999999999574,202020515.07,28354111,0,7.1,7.23,7.04,7.09
000531,穗恒运Ａ,6.6,0.6097560975609762,0.040000000000000036,25539348.33,3876193,0,6.56,6.62,6.53,6.56
000532,华金资本,16.8,4.738154613466344,0.7600000000000016,690809781.64,40392482,0,17.0,17.62,16.68,16.04
000533,顺钠股份,9.02,0.8948545861297548,0.08000000000000007,445510271.87,49765938,0,8.85,9.1,8.76,8.94
000534,万泽股份,24.4,3.3898305084745637,0.7999999999999972,276784073.5,11645110,0,23.38,24.48,23.01,23.6
000536,华映科技,4.98,-0.5988023952095681,-0.02999999999999936,218977888.99,43962194,0,5.01,5.03,4.96,5.01
000537,中绿电,8.37,-0.11933174224345539,-0.010000000000001563,31485367.5,3761350,0,8.37,8.39,8.35,8.38
000538,云南白药,56.72,0.3893805309734493,0.21999999999999886,142540956.45,2514632,0,56.5,56.76,56.5,56.5
000539,粤电力Ａ,4.6,0.4366812227074143,0.019999999999999574,38848841.2,8469394,0,4.58,4.61,4.56,4.58
000541,佛山照明,6.09,0.0,0.0,15626673.39,2562904,0,6.1,6.11,6.08,6.09
000543,皖能电力,8.75,0.45924225028701654,0.03999999999999915,126289042.8,14464898,0,8.71,8.78,8.67,8.71
000544,中原环保,8.35,0.36057692307691536,0.02999999999999936,12859688.01,1545950,0,8.31,8.35,8.29,8.32
000545,金浦钛业,2.85,-0.6968641114982584,-0.020000000000000018,35475378.75,12493700,0,2.88,2.88,2.82,2.87
000546,金圆股份,6.7,-6.030855539971946,-0.4299999999999997,505913753.0,74882800,0,6.8,6.9,6.63,7.13
000547,航天发展,25.49,2.2462896109105444,0.5599999999999987,8090313642.75,323358938,0,24.5,25.75,24.3,24.93
000548,湖南投资,5.59,0.7207207207207215,0.040000000000000036,17128469.49,3073411,0,5.56,5.6,5.53,5.55
000550,江铃汽车,18.64,0.16120365394949565,0.030000000000001137,12229482.0,657300,0,18.64,18.64,18.52,18.61
000551,创元科技,16.68,10.026385224274403,1.5199999999999996,1994340396.89,121944669,0,15.18,16.68,15.16,15.16
000552,甘肃能化,2.34,-0.42553191489362685,-0.010000000000000231,25282180.0,10773100,0,2.35,2.36,2.34,2.35
000553,安道麦A,5.95,0.5067567567567609,0.03000000000000025,11619409.0,1957500,0,5.95,5.97,5.89,5.92
000554,泰山石油,6.47,-0.4615384615384654,-0.03000000000000025,22527717.0,3476800,0,6.48,6.5,6.46,6.5
000555,神州信息,16.26,0.6188118811881276,0.10000000000000142,281216978.48,17268268,0,16.26,16.38,16.13,16.16
000557,西部创业,5.02,1.825557809330626,0.08999999999999986,65008664.0,12839136,0,5.05,5.14,5.0,4.93
000558,天府文旅,5.2,-0.38314176245209913,-0.019999999999999574,86746854.5,16689250,0,5.2,5.23,5.18,5.22
000559,万向钱潮,13.44,9.983633387888698,1.2199999999999989,1913483612.56,145577000,0,12.4,13.44,12.39,12.22
000560,我爱我家,2.93,0.6872852233676982,0.020000000000000018,161074043.9,54772817,0,2.96,2.97,2.92,2.91
000561,烽火电子,11.8,2.6086956521739193,0.3000000000000007,280017370.83,23897421,0,11.45,11.86,11.42,11.5
000563,陕国投Ａ,3.48,0.0,0.0,62829181.93,18013627,0,3.48,3.5,3.47,3.48
000564,供销大集,2.59,0.0,0.0,504130308.64,194562385,0,2.59,2.62,2.57,2.59
000565,渝三峡Ａ,7.8,2.496714848883042,0.1899999999999995,82383943.0,10616600,0,7.67,7.85,7.66,7.61
000566,海南海药,8.15,-1.5700483091787323,-0.129999999999999,1089143319.35,131302043,0,8.55,8.6,8.01,8.28
000567,海德股份,6.59,-3.230543318649042,-0.21999999999999975,167579872.37,25153700,0,6.81,6.83,6.58,6.81
000568,泸州老窖,120.27,0.2751375687843908,0.3299999999999983,328498967.64,2732591,0,119.49,120.58,119.49,119.94
000570,苏常柴Ａ,5.69,1.0657193605683926,0.0600000000000005,29185393.0,5149800,0,5.62,5.72,5.61,5.63
000571,新大洲A,5.64,-0.5291005291005335,-0.03000000000000025,121585664.94,21582099,0,5.66,5.75,5.55,5.67
000572,海马汽车,8.71,-3.0066815144766097,-0.2699999999999996,1086162625.35,123341174,0,8.94,9.06,8.68,8.98
000573,粤宏远Ａ,4.13,-1.9002375296912133,-0.08000000000000007,35073129.0,8462100,0,4.23,4.23,4.11,4.21
000576,甘化科工,10.48,0.7692307692307698,0.08000000000000007,43708821.99,4185000,0,10.45,10.5,10.38,10.4
000581,威孚高科,20.45,0.5902606984751648,0.120000000000001,86843388.6,4256800,0,20.35,20.48,20.28,20.33
000582,北部湾港,10.16,4.205128205128206,0.41000000000000014,908787875.05,88195553,0,10.56,10.65,9.96,9.75
000584,工智退,0.29,11.538461538461526,0.02999999999999997,15207447.0,53830663,0,0.26,0.29,0.26,0.26
000586,汇源通信,14.3,0.0,0.0,75341665.0,5298700,0,14.3,14.46,14.08,14.3
000589,贵州轮胎,5.09,2.004008016032057,0.09999999999999964,68128201.58,13507514,0,5.04,5.09,5.01,4.99
000590,古汉医药,11.34,1.8867924528301803,0.20999999999999908,35401116.76,3140449,0,11.14,11.56,11.01,11.13
000591,太阳能,4.48,-0.22271714922048524,-0.009999999999999787,73144611.78,16320822,0,4.49,4.5,4.46,4.49
000592,平潭发展,13.67,1.3343217197924366,0.17999999999999972,3727598939.56,272305818,0,13.65,13.98,13.37,13.49
000593,德龙汇能,11.01,6.686046511627902,0.6899999999999995,234167096.72,21414207,0,10.33,11.28,10.3,10.32
000595,*ST宝实,5.76,0.34843205574912145,0.019999999999999574,29937621.0,5182000,0,5.74,5.83,5.72,5.74
000596,古井贡酒,142.3,0.32430908065426395,0.46000000000000796,112175449.92,785800,0,141.51,143.26,141.51,141.84
000597,东北制药,5.31,-0.18796992481204275,-0.010000000000000675,22601264.16,4263212,0,5.32,5.33,5.28,5.32
000598,兴蓉环境,7.3,0.27472527472526886,0.019999999999999574,54940477.89,7525941,0,7.3,7.32,7.27,7.28
000599,青岛双星,6.36,1.2738853503184724,0.08000000000000007,74049150.76,11718843,0,6.28,6.39,6.25,6.28
000600,建投能源,8.86,3.38389731621936,0.28999999999999915,196515373.45,22414816,0,8.59,8.89,8.59,8.57
000601,韶能股份,4.78,-0.2087682672233776,-0.009999999999999787,30910144.77,6472000,0,4.77,4.79,4.76,4.79
000603,盛达资源,28.94,-6.554730384242808,-2.0299999999999976,866116231.53,29615590,0,30.08,30.08,28.9,30.97
000605,渤海股份,6.79,0.0,0.0,10773448.8,1586440,0,6.79,6.83,6.75,6.79
000607,华媒控股,4.15,-0.24038461538461023,-0.009999999999999787,14254997.0,3430900,0,4.17,4.18,4.14,4.16
000608,*ST阳光,2.6,1.1673151750972859,0.03000000000000025,30052648.34,11517900,0,2.6,2.65,2.57,2.57
000609,ST中迪,9.61,5.027322404371574,0.4599999999999991,83670945.43,8786201,0,9.35,9.61,9.34,9.15
000610,西安旅游,12.5,0.4016064257028169,0.05000000000000071,55410373.0,4442300,0,12.42,12.68,12.38,12.45
000612,焦作万方,10.21,-1.161665053242974,-0.11999999999999922,223376626.18,21929074,0,10.22,10.25,10.13,10.33
000615,*ST美谷,4.2,0.0,0.0,28688720.0,6864200,0,4.21,4.23,4.14,4.2
000617,中油资本,9.6,3.6717062634989186,0.33999999999999986,1732428691.09,181037766,0,9.37,9.76,9.33,9.26
000619,海螺新材,6.3,0.4784688995215351,0.03000000000000025,25085201.0,3990900,0,6.26,6.33,6.21,6.27
000620,盈新发展,2.91,6.204379562043792,0.16999999999999993,1279069134.59,434556319,0,2.74,3.01,2.73,2.74
000622,恒立退,0.15,-11.764705882352951,-0.020000000000000018,9677324.0,61160620,0,0.16,0.17,0.15,0.17
000623,吉林敖东,19.7,0.3565970453387687,0.07000000000000028,110242112.2,5603382,0,19.62,19.77,19.52,19.63
000625,长安汽车,11.89,-0.33528918692371457,-0.03999999999999915,334414340.82,28125963,0,11.93,11.97,11.86,11.93
000626,远大控股,7.98,0.37735849056604087,0.03000000000000025,39607912.0,4934000,0,8.01,8.14,7.94,7.95
000627,*ST天茂,0.0,-100.0,-1.58,0.0,0,0,0.0,0.0,0.0,1.58
000628,高新发展,44.41,0.022522522522518042,0.00999999999999801,94816347.0,2126800,0,44.7,44.91,44.37,44.4
000629,钒钛股份,3.05,0.0,0.0,111044361.92,36474673,0,3.05,3.07,3.03,3.05
000630,铜陵有色,5.45,-1.97841726618704,-0.10999999999999943,631021603.85,115598833,0,5.5,5.5,5.43,5.56
000631,顺发恒能,3.28,0.0,0.0,10703152.75,3272439,0,3.3,3.3,3.26,3.28
000632,三木集团,6.3,-3.0769230769230793,-0.20000000000000018,561400548.38,86551635,0,6.7,6.86,6.28,6.5
000633,合金投资,7.58,2.156334231805932,0.16000000000000014,131906760.69,17406249,0,7.4,7.76,7.35,7.42
000635,英力特,9.16,-1.0799136069114432,-0.09999999999999964,21502809.03,2345343,0,9.3,9.33,9.07,9.26
000636,风华高科,16.38,-0.36496350364964886,-0.060000000000002274,238080693.92,14637179,0,16.34,16.41,16.11,16.44
000637,茂化实华,4.37,0.22935779816513271,0.009999999999999787,17112441.0,3918400,0,4.38,4.4,4.33,4.36
000638,*ST万方,5.03,-4.734848484848484,-0.25,68183302.0,13418600,0,5.15,5.22,5.02,5.28
000639,西王食品,3.53,0.284090909090903,0.009999999999999787,184276455.38,51692241,0,3.56,3.64,3.51,3.52
000650,仁和药业,5.78,-0.17271157167529858,-0.009999999999999787,32555554.0,5642400,0,5.8,5.8,5.75,5.79
000651,格力电器,40.98,0.5397448478900856,0.21999999999999886,672192996.16,16443676,0,40.73,41.04,40.66,40.76
000652,泰达股份,4.24,-0.4694835680751074,-0.019999999999999574,27009779.6,6373640,0,4.26,4.27,4.22,4.26
000655,金岭矿业,9.34,-0.42643923240939147,-0.040000000000000924,34563066.32,3730561,0,9.42,9.42,9.18,9.38
000656,*ST金科,1.47,-0.6756756756756763,-0.010000000000000009,61616906.88,41830104,0,1.48,1.49,1.47,1.48
000657,中钨高新,28.82,-2.006120367222033,-0.5899999999999999,1588837948.51,55029650,0,28.89,29.35,28.48,29.41
000659,珠海中富,3.13,0.9677419354838646,0.029999999999999805,49481866.0,15914500,0,3.11,3.14,3.08,3.1
000661,长春高新,94.55,0.48889361249866486,0.45999999999999375,184053772.92,1952132,0,94.0,94.8,93.68,94.09
000663,永安林业,7.73,-0.25806451612902676,-0.019999999999999574,86112182.0,11094800,0,7.74,7.91,7.65,7.75
000665,湖北广电,5.43,-0.549450549450554,-0.03000000000000025,39547859.0,7281500,0,5.46,5.46,5.41,5.46
000668,*ST荣控,10.06,-0.6910167818361331,-0.07000000000000028,30346458.19,2971420,0,10.4,10.4,10.06,10.13
000669,ST金鸿,3.06,1.6611295681063212,0.050000000000000266,13414492.0,4413740,0,3.0,3.08,3.0,3.01
000670,盈方微,7.46,0.6747638326585671,0.04999999999999982,61350747.0,8242100,0,7.44,7.48,7.4,7.41
000672,上峰水泥,11.78,-0.5907172995780615,-0.07000000000000028,142693505.79,12165659,0,11.85,11.9,11.56,11.85
000676,智度股份,8.35,0.0,0.0,92748777.87,11096225,0,8.37,8.43,8.31,8.35
000677,恒天海龙,4.52,-0.22075055187639456,-0.010000000000000675,242883456.71,53574560,0,4.45,4.65,4.44,4.53
000678,襄阳轴承,14.68,3.017543859649121,0.4299999999999997,385075069.4,26457382,0,14.26,14.71,14.26,14.25
000679,大连友谊,7.7,-0.5167958656330753,-0.040000000000000036,47249357.0,6109700,0,7.74,7.84,7.67,7.74
000680,山推股份,11.15,0.9963768115942139,0.11000000000000121,147563053.75,13325805,0,11.1,11.26,10.94,11.04
000681,视觉中国,22.22,1.0919017288443968,0.23999999999999844,424094903.92,19085805,0,21.91,22.41,21.87,21.98
000682,东方电子,11.96,0.5887300252312891,0.07000000000000028,87050220.36,7289594,0,11.89,12.02,11.84,11.89
000683,博源化工,7.39,1.5109890109890032,0.10999999999999943,166848189.8,22751820,0,7.27,7.42,7.22,7.28
000685,中山公用,11.32,0.35460992907802236,0.040000000000000924,85642167.34,7585089,0,11.28,11.35,11.23,11.28
000686,东北证券,9.47,2.489177489177494,0.23000000000000043,739772801.33,77435208,0,9.23,9.78,9.22,9.24
000688,国城矿业,25.97,-3.6721068249258235,-0.990000000000002,496091322.51,19322998,0,26.0,26.3,25.33,26.96
000690,宝新能源,4.39,0.4576659038901504,0.019999999999999574,67302871.58,15354372,0,4.38,4.4,4.36,4.37
000691,*ST亚太,9.22,1.096491228070191,0.10000000000000142,62600843.0,6842100,0,9.06,9.25,9.02,9.12
000692,惠天热电,3.55,0.5665722379603405,0.020000000000000018,52509986.56,14620700,0,3.6,3.64,3.55,3.53
000695,滨海能源,13.59,3.8990825688073376,0.5099999999999998,396016627.0,30012700,0,13.08,13.65,12.8,13.08
000697,ST炼石,8.81,-0.8998875140607432,-0.08000000000000007,85274104.8,9609301,0,8.88,9.07,8.8,8.89
000698,ST沈化,3.73,0.8108108108108055,0.029999999999999805,14398757.4,3867640,0,3.7,3.76,3.69,3.7
000700,模塑科技,11.15,6.494746895893025,0.6799999999999997,615100866.68,55824013,0,10.47,11.29,10.41,10.47
000701,厦门信达,6.92,1.0218978102189822,0.07000000000000028,204759757.04,29687171,0,6.85,6.98,6.83,6.85
000702,正虹科技,6.77,0.4451038575667561,0.02999999999999936,19016429.0,2820100,0,6.77,6.79,6.69,6.74
000703,恒逸石化,9.55,2.2483940042826642,0.21000000000000085,459047222.0,48461978,0,9.2,9.8,9.11,9.34
000705,浙江震元,9.34,0.5382131324004382,0.05000000000000071,26200198.0,2811200,0,9.31,9.37,9.27,9.29
000707,双环科技,6.18,-0.1615508885298978,-0.010000000000000675,14389791.0,2331400,0,6.19,6.2,6.15,6.19
000708,中信特钢,15.89,0.4424778761061965,0.07000000000000028,58445785.39,3682419,0,15.78,15.96,15.75,15.82
000709,河钢股份,2.35,0.858369098712447,0.020000000000000018,101980749.86,43693636,0,2.33,2.36,2.31,2.33
000710,贝瑞基因,11.44,0.7929515418502191,0.08999999999999986,51091513.0,4486700,0,11.35,11.5,11.28,11.35
000711,ST京蓝,1.72,-0.5780346820809253,-0.010000000000000009,28229644.8,16443190,0,1.72,1.73,1.71,1.73
000712,锦龙股份,12.11,1.1695906432748437,0.1399999999999988,136480532.68,11206507,0,12.04,12.34,11.96,11.97
000713,国投丰乐,6.74,-0.148148148148145,-0.009999999999999787,16869299.2,2500640,0,6.75,6.77,6.72,6.75
000715,中兴商业,6.56,-1.649175412293858,-0.11000000000000032,102330114.24,15513628,0,6.62,6.73,6.52,6.67
000716,黑芝麻,6.39,-0.3120124804992272,-0.020000000000000462,103435927.13,16174390,0,6.43,6.46,6.36,6.41
000717,中南股份,2.61,-0.3816793893129859,-0.010000000000000231,26270089.0,10116400,0,2.62,2.62,2.58,2.62
000718,苏宁环球,2.31,0.0,0.0,40737812.0,17626600,0,2.33,2.34,2.29,2.31
000719,中原传媒,11.92,-0.08382229673092864,-0.009999999999999787,20270094.28,1697759,0,11.92,11.97,11.9,11.93
000720,新能泰山,3.37,-0.29585798816567416,-0.009999999999999787,43300237.74,12869202,0,3.38,3.39,3.35,3.38
000721,西安饮食,9.23,0.10845986984815387,0.009999999999999787,157646465.75,17193607,0,9.23,9.3,9.08,9.22
000722,湖南发展,11.94,-0.2506265664160496,-0.030000000000001137,45318320.0,3798500,0,11.98,11.98,11.86,11.97
000723,美锦能源,4.73,1.5021459227467873,0.07000000000000028,218736064.9,46318610,0,4.66,4.77,4.64,4.66
000725,京东方Ａ,4.06,0.0,0.0,737285005.05,181320901,0,4.05,4.08,4.05,4.06
000726,鲁泰Ａ,7.25,0.8344923504867816,0.05999999999999961,43698225.0,5997100,0,7.2,7.36,7.19,7.19
000727,冠捷科技,2.59,-0.38461538461539346,-0.010000000000000231,72604799.0,28066400,0,2.6,2.61,2.57,2.6
000728,国元证券,8.39,0.2389486260454164,0.02000000000000135,110956861.16,13203758,0,8.38,8.43,8.36,8.37
000729,燕京啤酒,11.89,-0.5020920502091943,-0.05999999999999872,96298873.0,8059000,0,11.98,12.0,11.89,11.95
000731,四川美丰,6.63,0.6069802731411235,0.040000000000000036,12693786.0,1918500,0,6.59,6.64,6.58,6.59
000733,振华科技,51.85,0.5234587049243954,0.2700000000000031,672753740.41,12996259,0,51.58,52.29,51.28,51.58
000735,罗牛山,9.84,-3.0541871921182313,-0.3100000000000005,762660146.19,76264688,0,10.25,10.29,9.8,10.15
000736,*ST中地,5.43,0.18450184501844624,0.009999999999999787,22537778.0,4137700,0,5.43,5.49,5.42,5.42
000737,北方铜业,14.62,-1.1494252873563215,-0.16999999999999993,385436734.32,26473957,0,14.51,14.7,14.46,14.79
000738,航发控制,21.24,3.913894324853215,0.7999999999999972,912697304.04,43163384,0,20.44,21.69,20.4,20.44
000739,普洛药业,16.53,-0.7207207207207054,-0.11999999999999744,37755566.46,2272433,0,16.61,16.74,16.52,16.65
000750,国海证券,4.25,0.0,0.0,79579092.05,18691900,0,4.25,4.27,4.23,4.25
000751,锌业股份,3.98,-1.2406947890818925,-0.050000000000000266,85137292.7,21418510,0,4.01,4.02,3.95,4.03
000752,ST西发,11.16,-1.933216168717053,-0.22000000000000064,42774210.0,3815200,0,11.38,11.45,11.08,11.38
000753,漳州发展,8.44,-1.7462165308498294,-0.15000000000000036,344536624.33,40384202,0,8.59,8.69,8.4,8.59
000755,山西高速,5.2,0.0,0.0,15173626.19,2919701,0,5.22,5.23,5.17,5.2
000756,新华制药,15.8,0.0,0.0,67939597.4,4302778,0,15.75,15.84,15.75,15.8
000757,浩物股份,4.97,-0.20080321285141917,-0.010000000000000675,21592092.0,4333100,0,4.96,5.01,4.95,4.98
000758,中色股份,6.27,-0.7911392405063402,-0.05000000000000071,109520522.58,17493942,0,6.32,6.33,6.23,6.32
000759,中百集团,8.54,-2.8441410693970424,-0.25,1082234167.42,123996601,0,8.84,9.04,8.45,8.79
000761,本钢板材,3.35,0.9036144578313329,0.03000000000000025,18597122.37,5593903,0,3.34,3.36,3.29,3.32
000762,西藏矿业,26.63,-1.2606599925843525,-0.33999999999999986,333977423.21,12555354,0,26.4,26.97,26.3,26.97
000766,通化金马,28.15,-0.3539823008849608,-0.10000000000000142,103827510.79,3681960,0,28.25,28.45,28.05,28.25
000767,晋控电力,2.86,0.3508771929824486,0.009999999999999787,27057194.04,9466364,0,2.85,2.87,2.84,2.85
000768,中航西飞,25.13,1.1674718196457292,0.28999999999999915,653140840.78,26009030,0,24.66,25.25,24.66,24.84
000776,广发证券,22.04,-0.2714932126696935,-0.060000000000002274,386362476.38,17489976,0,22.03,22.2,21.98,22.1
000777,中核科技,23.46,9.985935302391011,2.1300000000000026,1075442650.85,46958911,0,21.33,23.46,21.18,21.33
000778,新兴铸管,4.13,0.0,0.0,82190716.0,19951400,0,4.12,4.14,4.09,4.13
000779,甘咨询,8.39,0.11933174224343421,0.009999999999999787,9801939.0,1168500,0,8.39,8.42,8.37,8.38
000782,恒申新材,5.12,0.39215686274510714,0.020000000000000462,43030951.0,8440700,0,5.11,5.17,5.04,5.1
000783,长江证券,8.17,0.24539877300612972,0.019999999999999574,248121570.07,30307425,0,8.14,8.23,8.13,8.15
000785,居然智家,3.05,0.6600660066006607,0.020000000000000018,202375681.4,65624185,0,3.09,3.13,3.03,3.03
000786,北新建材,24.86,0.16116035455277658,0.03999999999999915,84136952.0,3386750,0,24.82,25.09,24.72,24.82
000788,北大医药,6.27,-1.1041009463722444,-0.07000000000000028,85487303.0,13617576,0,6.35,6.36,6.24,6.34
000789,万年青,5.42,1.1194029850746194,0.05999999999999961,36314899.5,6694350,0,5.36,5.54,5.35,5.36
000790,华神科技,3.96,0.0,0.0,30892286.96,7829060,0,3.94,3.97,3.92,3.96
000791,甘肃能源,6.71,0.750750750750748,0.04999999999999982,40849435.07,6117177,0,6.67,6.72,6.64,6.66
000792,盐湖股份,28.11,-1.7819706498951835,-0.5100000000000016,1378720579.09,49189556,0,27.92,28.3,27.78,28.62
000793,ST华闻,2.82,-0.35335689045937213,-0.010000000000000231,23389672.0,8285100,0,2.85,2.85,2.81,2.83
000795,英洛华,9.89,0.406091370558385,0.040000000000000924,51961731.9,5267185,0,9.86,9.92,9.8,9.85
000796,凯撒旅业,7.34,-6.377551020408164,-0.5,1701374152.41,225282010,0,7.7,7.84,7.31,7.84
000797,中国武夷,4.21,1.9370460048426168,0.08000000000000007,292123101.24,70350448,0,4.19,4.22,4.1,4.13
000798,中水渔业,11.33,0.3542958370239232,0.040000000000000924,274040302.4,24172448,0,11.29,11.59,11.12,11.29
000799,酒鬼酒,55.68,0.5780346820809253,0.3200000000000003,221550606.08,3976084,0,55.35,56.04,55.25,55.36
000800,一汽解放,6.8,0.0,0.0,24997193.0,3680200,0,6.79,6.81,6.78,6.8
000801,四川九洲,17.3,0.8746355685131321,0.15000000000000213,323904975.85,18766749,0,17.1,17.37,17.03,17.15
000802,500沪市,7525.7209,0.3084258603805827,23.139900000000125,95804216101.0,52340486,0,7493.0866,7533.6102,7486.7268,7502.581
000803,山高环能,7.25,2.8368794326241162,0.20000000000000018,74136877.52,10341228,0,7.06,7.3,7.03,7.05
000807,云铝股份,29.26,-2.3364485981308385,-0.6999999999999993,478061548.2,16315875,0,29.42,29.7,28.98,29.96
000809,和展能源,3.33,-0.29940119760478406,-0.009999999999999787,17404881.0,5234600,0,3.34,3.35,3.3,3.34
000810,创维数字,11.62,-0.171821305841936,-0.02000000000000135,75029977.25,6459184,0,11.59,11.72,11.55,11.64
000811,冰轮环境,18.09,2.0880361173814954,0.370000000000001,581925063.23,31934994,0,17.72,18.68,17.55,17.72
000812,陕西金叶,5.13,2.8056112224448833,0.13999999999999968,215608699.5,42543200,0,4.98,5.19,4.92,4.99
000813,德展健康,4.0,0.5025125628140708,0.020000000000000018,54802073.0,13655300,0,3.98,4.09,3.97,3.98
000815,美利云,11.33,0.2654867256637111,0.02999999999999936,63605277.0,5640600,0,11.27,11.36,11.2,11.3
000816,智慧农业,3.76,0.0,0.0,176686572.93,47014489,0,3.74,3.84,3.69,3.76
000818,航锦科技,19.18,0.5768222338751936,0.10999999999999943,94813406.0,4948400,0,19.06,19.25,18.95,19.07
000819,有色金属,8887.8406,-1.7623832820187066,-159.44790000000103,36013419280.0,16508221,0,8927.5391,8927.5391,8848.2351,9047.2885
000820,*ST节能,3.37,0.0,0.0,8683978.0,2589800,0,3.37,3.4,3.33,3.37
000821,京山轻机,13.28,4.484657749803293,0.5699999999999985,292120340.64,22611992,0,12.66,13.34,12.54,12.71
000822,山东海化,5.31,-0.18796992481204275,-0.010000000000000675,20214257.0,3813200,0,5.3,5.33,5.28,5.32
000823,800有色,10280.6993,-1.7221298688700106,-180.14940000000024,33544010996.0,15255151,0,10324.2715,10329.9122,10240.7091,10460.8487
000825,太钢不锈,5.25,3.346456692913384,0.16999999999999993,725610630.9,141812858,0,5.08,5.32,4.97,5.08
000826,启迪环境,2.23,-0.8888888888888897,-0.020000000000000018,57826698.24,25817188,0,2.27,2.27,2.22,2.25
000828,300高贝,0.0,0.0,0.0,0.0,0,0,0.0,0.0,0.0,0.0
000829,天音控股,10.72,-0.4642525533890338,-0.049999999999998934,94764642.31,8836903,0,10.74,10.82,10.67,10.77
000830,鲁西化工,16.57,3.1755915317559253,0.5100000000000016,396801784.11,24177720,0,16.0,16.68,15.96,16.06
000831,中国稀土,46.21,1.248904469763366,0.5700000000000003,731248879.1,15933387,0,45.49,46.38,45.2,45.64
000833,粤桂股份,18.63,-0.9042553191489453,-0.1700000000000017,228745966.92,12335946,0,18.71,18.73,18.38,18.8
000837,秦川机床,12.36,1.8961253091508545,0.22999999999999865,118967868.0,9669500,0,12.13,12.38,12.11,12.13
000838,财信发展,3.15,0.6389776357827481,0.020000000000000018,92183325.0,29043500,0,3.14,3.22,3.12,3.13
000839,国安股份,2.62,-0.3802281368821212,-0.009999999999999787,18157333.0,6916950,0,2.63,2.64,2.62,2.63
000848,承德露露,8.67,0.23121387283236502,0.019999999999999574,37442901.88,4327547,0,8.65,8.69,8.62,8.65
000850,华茂股份,5.33,3.4951456310679556,0.17999999999999972,239519830.27,44581283,0,5.15,5.5,5.15,5.15
000851,百发100,20521.6893,0.4433651554498148,90.58439999999973,28000182996.0,12768356,0,20446.4756,20541.0641,20407.205,20431.1049
000852,中证1000,7548.6334,0.562881070764663,42.2519999999995,278793739499.0,143697073,0,7507.2965,7554.0259,7502.1544,7506.3814
000856,500工业,7449.6745,0.8106641178452152,59.906200000000354,72717237018.0,32525394,0,7377.6035,7456.173,7368.4663,7389.7683
000858,500信息,10359.242,0.5457344335200376,56.227100000000064,53452983838.0,12047713,0,10312.9467,10399.5898,10261.1972,10303.0149
000859,国风新材,10.8,2.759276879162711,0.2900000000000009,2041205069.85,186725915,0,10.67,11.3,10.48,10.51
000860,顺鑫农业,14.73,-0.06784260515603655,-0.009999999999999787,39042614.77,2650394,0,14.74,14.76,14.66,14.74
000862,银星能源,5.93,-1.6583747927031596,-0.10000000000000053,88803371.4,14878820,0,6.03,6.03,5.91,6.03
000863,CS精准医,2702.5328,-0.010363277458086264,-0.2800999999999476,5533040786.0,1245564,0,2702.1588,2713.3485,2693.6039,2702.8129
000868,安凯客车,5.0,0.40160642570280264,0.019999999999999574,20532991.0,4114212,0,5.02,5.02,4.97,4.98
000869,HK银行,0.0,0.0,0.0,0.0,0,0,0.0,0.0,0.0,0.0
000875,吉电股份,5.55,-0.7155635062611813,-0.040000000000000036,80523944.0,14488500,0,5.59,5.59,5.54,5.59
000876,新希望,9.15,0.5494505494505573,0.05000000000000071,60019127.5,6573004,0,9.11,9.15,9.11,9.1
000877,天山股份,5.4,0.18552875695734092,0.010000000000000675,33333327.01,6176200,0,5.44,5.45,5.37,5.39
000878,云南铜业,18.08,-1.4176663031624948,-0.26000000000000156,461836175.86,25587160,0,18.16,18.18,17.91,18.34
000880,潍柴重机,27.94,-0.03577817531305191,-0.00999999999999801,294608897.72,10575892,0,27.73,28.15,27.62,27.95
000881,中广核技,8.97,0.7865168539325874,0.07000000000000028,176543399.0,19838800,0,8.8,9.03,8.76,8.9
000882,华联股份,2.13,-0.9302325581395358,-0.020000000000000018,191454210.88,89019524,0,2.15,2.19,2.12,2.15
000883,湖北能源,4.63,0.2164502164502118,0.009999999999999787,40272032.7,8713335,0,4.62,4.63,4.61,4.62
000885,城发环境,13.82,0.2175489485134238,0.030000000000001137,25342133.4,1838530,0,13.81,13.85,13.72,13.79
000886,海南高速,7.07,-3.678474114441411,-0.2699999999999996,319625855.42,44636100,0,7.31,7.35,7.07,7.34
000887,中鼎股份,22.9,0.7922535211267593,0.17999999999999972,539980735.61,23598719,0,22.77,23.1,22.66,22.72
000888,峨眉山Ａ,13.29,0.0,0.0,142842720.42,10763467,0,13.27,13.38,13.16,13.29
000889,中嘉博创,3.55,0.28248587570620864,0.009999999999999787,17773779.0,5026000,0,3.55,3.55,3.52,3.54
000890,法尔胜,5.43,-1.9855595667870092,-0.11000000000000032,136344094.6,25109684,0,5.52,5.53,5.39,5.54
000892,欢瑞世纪,7.07,1.2893982808022901,0.08999999999999986,159875864.0,22739600,0,7.01,7.11,6.94,6.98
000893,亚钾国际,46.55,0.2584535860435009,0.11999999999999744,173980987.0,3738200,0,46.22,46.99,45.85,46.43
000895,双汇发展,26.9,0.6736526946107774,0.17999999999999972,104297152.0,3888934,0,26.77,26.99,26.6,26.72
000897,津滨发展,2.3,0.0,0.0,28935220.32,12603119,0,2.3,2.31,2.28,2.3
000898,鞍钢股份,2.52,0.3984063745020013,0.010000000000000231,41379563.25,16534835,0,2.5,2.53,2.48,2.51
000899,赣能股份,10.27,0.2929687499999938,0.02999999999999936,64089968.0,6246900,0,10.3,10.35,10.2,10.24
000900,现代投资,4.16,0.2409638554216816,0.009999999999999787,19785117.57,4760732,0,4.15,4.17,4.14,4.15
000901,小康指数,6336.1592,-0.09800429649776218,-6.215799999999945,43254080771.0,29137567,0,6331.9109,6345.9643,6322.0368,6342.375
000902,新洋丰,15.94,0.06277463904582414,0.009999999999999787,46661604.03,2923888,0,15.99,16.05,15.88,15.93
000903,中证A100,4488.5959,-0.19014499637213725,-8.551099999999678,119649544433.0,31148663,0,4490.7806,4501.3852,4480.5774,4497.147
000905,中证500,7376.6009,0.33407464236183254,24.5613000000003,209489833785.0,103042116,0,7341.9223,7380.3131,7334.3404,7352.0396
000906,中证800,5093.1173,0.03303783577565696,1.6820999999999913,444683818818.0,185352519,0,5085.7466,5100.2019,5079.1989,5091.4352
000908,*ST景峰,7.39,-0.13513513513514425,-0.010000000000000675,45159696.0,6091300,0,7.41,7.5,7.35,7.4
000909,ST数源,5.43,-0.1838235294117771,-0.010000000000000675,2387571.01,440659,0,5.44,5.45,5.39,5.44
000910,大亚圣象,7.53,1.0738255033557056,0.08000000000000007,21624969.11,2874539,0,7.46,7.64,7.45,7.45
000911,广农糖业,7.54,0.5333333333333339,0.040000000000000036,19598710.0,2599500,0,7.53,7.63,7.48,7.5
000912,泸天化,4.21,0.238095238095233,0.009999999999999787,11197954.0,2663800,0,4.19,4.22,4.18,4.2
000913,300医药,8340.5045,0.09898398595941975,8.247599999998783,4993715671.0,1236743,0,8330.0393,8350.256,8308.4487,8332.2569
000915,华特达因,33.18,-0.15046644598253736,-0.04999999999999716,41326695.5,1244430,0,33.25,33.41,33.11,33.23
000917,电广传媒,10.06,0.3992015968063965,0.040000000000000924,533939959.38,52862303,0,10.01,10.24,9.9,10.02
000919,金陵药业,7.47,0.26845637583892046,0.019999999999999574,78564524.0,10477000,0,7.46,7.55,7.44,7.45
000920,沃顿科技,12.66,-0.07892659826361316,-0.009999999999999787,23706063.0,1877000,0,12.67,12.71,12.56,12.67
000921,海信家电,25.17,0.11933174224344127,0.030000000000001137,62546981.26,2483932,0,25.12,25.26,25.04,25.14
000922,佳电股份,13.61,3.1842304776345713,0.41999999999999993,229122620.71,16903160,0,13.28,13.74,13.18,13.19
000923,河钢资源,19.87,-1.291604570293085,-0.259999999999998,136320293.27,6877832,0,20.0,20.15,19.65,20.13
000925,众合科技,8.75,0.9227220299884669,0.08000000000000007,131364211.12,15098338,0,8.68,8.78,8.63,8.67
000926,福星股份,2.33,0.43103448275863065,0.010000000000000231,21471359.6,9248000,0,2.33,2.34,2.31,2.32
000927,中国铁物,2.65,1.1450381679389239,0.029999999999999805,79991998.0,30195100,0,2.64,2.66,2.63,2.62
000928,中证能源,2892.8142,-0.06995552395603767,-2.025100000000293,3522898828.0,3475278,0,2895.8826,2903.0923,2888.2596,2894.8393
000929,*ST兰黄,9.0,-0.2217294900221682,-0.019999999999999574,11733330.0,1302100,0,9.08,9.08,8.97,9.02
000930,中粮科技,5.83,0.0,0.0,25237318.74,4328297,0,5.82,5.86,5.81,5.83
000931,中关村,4.99,0.8080808080808087,0.040000000000000036,17305020.56,3491556,0,4.93,4.99,4.92,4.95
000932,中证消费,15411.6419,0.32144879515482894,49.38180000000102,7918478918.0,3842171,0,15357.7334,15436.1025,15357.7334,15362.2601
000933,中证医药,8242.1856,0.08378093972693415,6.899600000000646,10533188895.0,4169643,0,8235.336,8256.6688,8220.0653,8235.286
000935,中证信息,6413.1339,-0.07734378747946401,-4.963999999999942,124631027664.0,25103341,0,6416.6044,6456.8024,6368.59,6418.0979
000936,华西股份,8.04,-0.12422360248449146,-0.010000000000001563,162796254.0,20343800,0,7.99,8.07,7.92,8.05
000937,冀中能源,5.37,0.1865671641791005,0.009999999999999787,35798619.1,6668626,0,5.37,5.38,5.34,5.36
000938,紫光股份,24.57,-0.2840909090909102,-0.07000000000000028,385796702.23,15699456,0,24.65,24.77,24.43,24.64
000948,南天信息,17.72,5.100830367734279,0.8599999999999994,202522379.19,11467823,0,17.24,18.08,17.18,16.86
000949,新乡化纤,5.39,1.6981132075471674,0.08999999999999986,275044294.76,51442472,0,5.3,5.44,5.22,5.3
000950,重药控股,6.3,-2.777777777777787,-0.1800000000000006,402296483.47,63271278,0,6.42,6.52,6.26,6.48
000951,中国重汽,16.81,0.7793764988009533,0.129999999999999,73134431.26,4363520,0,16.72,16.84,16.67,16.68
000952,广济药业,7.23,-0.138121546961323,-0.009999999999999787,53868195.4,7429780,0,7.29,7.29,7.2,7.24
000953,河化股份,7.57,0.5312084993359899,0.040000000000000036,38221556.0,5056000,0,7.53,7.61,7.49,7.53
000955,欣龙控股,6.65,-1.0416666666666579,-0.0699999999999994,170464643.7,25397600,0,6.75,6.86,6.62,6.72
000957,中通客车,11.42,-0.6956521739130441,-0.08000000000000007,72866234.0,6390100,0,11.51,11.52,11.34,11.5
000958,创业成长,0.0,0.0,0.0,0.0,0,0,0.0,0.0,0.0,0.0
000959,首钢股份,4.89,-2.004008016032075,-0.10000000000000053,160325558.99,32699532,0,4.99,5.0,4.85,4.99
000960,锡业股份,26.87,-2.219796215429401,-0.6099999999999994,622508395.83,23266526,0,26.7,27.1,26.46,27.48
000962,东方钽业,30.31,-0.09887936717205385,-0.030000000000001137,284958773.3,9457905,0,29.98,30.46,29.81,30.34
000963,华东医药,39.83,-0.42500000000000426,-0.1700000000000017,89545630.52,2245791,0,39.97,40.1,39.73,40.0
000965,天保基建,3.92,0.0,0.0,43309015.66,11029926,0,3.96,3.97,3.9,3.92
000966,基本400,0.0,0.0,0.0,0.0,0,0,0.0,0.0,0.0,0.0
000967,盈峰环境,7.19,3.1563845050215305,0.22000000000000064,132423299.93,18635667,0,6.99,7.19,6.95,6.97
000968,蓝焰控股,6.65,0.0,0.0,18686958.09,2807907,0,6.65,6.67,6.63,6.65
000969,安泰科技,20.53,1.5331355093966483,0.3100000000000023,831171710.8,40625000,0,20.12,20.65,20.04,20.22
000970,中科三环,13.43,2.9118773946360075,0.379999999999999,366261061.94,27481162,0,13.05,13.64,12.94,13.05
000972,*ST中基,3.81,-0.26178010471203633,-0.009999999999999787,17631114.36,4635012,0,3.81,3.83,3.78,3.82
000973,佛塑科技,12.8,0.7081038552320996,0.08999999999999986,387308946.74,30796789,0,12.52,12.95,12.26,12.71
000975,山金国际,24.14,-2.6220250100847062,-0.6499999999999986,424090079.8,17491061,0,24.5,24.5,24.12,24.79
000977,浪潮信息,66.06,-0.6616541353383424,-0.4399999999999977,1859996734.36,28052400,0,66.48,67.35,65.78,66.5
000978,桂林旅游,7.0,0.43041606886657463,0.03000000000000025,48945922.0,7014300,0,6.96,7.08,6.89,6.97
000980,众泰汽车,3.77,0.5333333333333339,0.020000000000000018,212998987.92,56583021,0,3.76,3.81,3.74,3.75
000981,山子高科,3.54,-1.939058171745148,-0.06999999999999984,1981946321.75,557558444,0,3.56,3.62,3.5,3.61
000983,山西焦煤,6.49,-0.612557427258806,-0.040000000000000036,50506710.5,7774907,0,6.5,6.52,6.48,6.53
000985,大庆华科,20.29,-6.411439114391147,-1.3900000000000006,216053972.06,10446798,0,21.97,22.3,19.94,21.68
000987,全指材料,4841.5617,-0.6385750060120824,-31.11569999999938,80646052551.0,44259818,0,4833.0247,4855.5845,4809.2804,4872.6774
000988,华工科技,79.85,-0.8197739411253395,-0.6600000000000108,2378327197.22,29612540,0,81.0,82.09,79.12,80.51
000989,全指可选,5491.9435,0.5377304483223518,29.373900000000503,53529208987.0,26440084,0,5458.8175,5493.2164,5455.6392,5462.5696
000990,全指消费,0.0,0.0,0.0,0.0,0,0,0.0,0.0,0.0,0.0
000993,全指信息,8471.1481,-0.1447351474697777,-12.27850000000035,139933248991.0,29223499,0,8478.5843,8530.4971,8412.5567,8483.4266
000995,皇台酒业,12.6,0.0,0.0,50359256.0,3993000,0,12.65,12.71,12.51,12.6
000997,新大陆,26.94,3.4959661928543992,0.9100000000000001,347386677.8,13027083,0,26.41,27.2,26.28,26.03
000998,中证TMT,0.0,0.0,0.0,0.0,0,0,0.0,0.0,0.0,0.0
000999,华润三九,28.61,-0.17445917655268914,-0.05000000000000071,65508583.86,2289862,0,28.66,28.74,28.48,28.66
001201,东瑞股份,14.48,-0.06901311249137189,-0.009999999999999787,15627225.45,1079503,0,14.49,14.53,14.44,14.49
001202,炬申股份,15.64,0.32071840923669476,0.05000000000000071,8140902.7,521590,0,15.66,15.67,15.52,15.59
001203,大中矿业,30.31,-3.4098151688973877,-1.0700000000000003,704452327.79,23426652,0,29.53,30.66,29.47,31.38
001205,盛航股份,17.19,-0.17421602787455046,-0.029999999999997584,22798293.0,1325500,0,17.24,17.32,17.12,17.22
001206,依依股份,31.15,0.03211303789337833,0.00999999999999801,47835081.78,1537680,0,31.15,31.5,30.76,31.14
001207,联科科技,25.42,2.7070707070707143,0.6700000000000017,115014688.14,4549514,0,24.61,25.76,24.52,24.75
001208,华菱线缆,22.09,4.940617577197146,1.0399999999999991,2163385153.12,99725068,0,20.87,22.87,20.66,21.05
001209,洪兴股份,20.82,-0.23957834211787593,-0.05000000000000071,29973156.6,1431500,0,20.9,21.15,20.76,20.87
001210,金房能源,17.47,2.7647058823529345,0.46999999999999886,20144980.0,1163597,0,16.96,17.52,16.91,17.0
001211,双枪科技,26.36,0.5339435545385224,0.14000000000000057,23992951.0,913000,0,26.23,26.47,26.07,26.22
001212,中旗新材,53.2,7.9107505070994035,3.9000000000000057,456582326.76,8893907,0,49.58,53.65,49.11,49.3
001213,中铁特货,4.13,0.24271844660193656,0.009999999999999787,21652048.0,5237000,0,4.12,4.15,4.12,4.12
001215,千味央厨,38.57,-0.5927835051546312,-0.22999999999999687,35543806.0,922770,0,38.73,38.92,38.1,38.8
001216,华瓷股份,17.23,-0.805987334484747,-0.14000000000000057,72439036.0,4210200,0,17.38,17.38,17.11,17.37
001217,华尔泰,13.56,-1.7391304347826102,-0.2400000000000002,122465084.0,9003500,0,13.79,13.79,13.5,13.8
001218,丽臣实业,22.96,0.218245307725887,0.05000000000000071,12542137.4,545600,0,23.01,23.16,22.81,22.91
001219,青岛食品,14.64,0.9655172413793143,0.14000000000000057,20860725.7,1425849,0,14.58,14.71,14.5,14.5
001222,源飞宠物,23.82,0.0,0.0,27874425.0,1174220,0,23.81,23.97,23.52,23.82
001223,欧克科技,48.54,-0.9589879616404793,-0.46999999999999886,15925811.6,327340,0,49.01,49.15,48.12,49.01
001225,和泰机电,54.6,3.096676737160122,1.6400000000000006,32480722.0,596600,0,52.97,55.2,52.69,52.96
001226,拓山重工,45.6,7.268877911079755,3.0900000000000034,170187359.94,3719000,0,43.32,46.76,43.32,42.51
001227,兰州银行,2.33,0.0,0.0,50882920.0,21854300,0,2.33,2.34,2.32,2.33
001228,永泰运,26.67,1.1376564277588195,0.3000000000000007,21177183.5,794730,0,26.5,26.88,26.45,26.37
001229,魅视科技,38.62,1.6315789473684146,0.6199999999999974,39190424.87,1023141,0,37.82,38.83,37.82,38.0
001230,劲旅环境,22.06,0.36396724294812693,0.0799999999999983,12183503.8,553060,0,22.08,22.12,21.82,21.98
001231,农心科技,21.88,0.045724737082752674,0.00999999999999801,15453818.0,708800,0,22.0,22.0,21.65,21.87
001234,泰慕士,27.27,-0.547045951859964,-0.15000000000000213,48650159.0,1793600,0,27.46,27.8,26.88,27.42
001236,弘业期货,10.64,-0.09389671361502147,-0.009999999999999787,59131669.28,5549894,0,10.65,10.7,10.6,10.65
001238,浙江正特,50.26,0.5401080216043128,0.269999999999996,7083248.0,141000,0,50.5,50.5,49.73,49.99
001239,永达股份,16.45,0.4886988393402461,0.0799999999999983,19263413.0,1174000,0,16.4,16.49,16.28,16.37
001255,博菲电气,32.81,0.9227929867733137,0.30000000000000426,70327693.5,2168550,0,32.38,33.09,32.12,32.51
001256,炜冈科技,21.31,1.4278914802474876,0.29999999999999716,13503447.0,639600,0,21.11,21.34,20.92,21.01
001258,立新能源,7.28,0.0,0.0,19523405.0,2687600,0,7.27,7.29,7.23,7.28
001259,利仁科技,30.17,1.1737089201877982,0.3500000000000014,19282257.0,643000,0,30.06,30.39,29.57,29.82
001260,坤泰股份,20.27,0.5456349206349178,0.10999999999999943,8809291.0,435400,0,20.26,20.36,20.1,20.16
001266,宏英智能,29.6,1.7881705639614962,0.5200000000000031,67718141.6,2302000,0,29.05,29.88,28.92,29.08
001267,汇绿生态,21.58,0.1857010213556135,0.03999999999999915,451695411.72,21208465,0,21.59,21.72,20.88,21.54
001268,联合精密,38.36,2.2115640820676745,0.8299999999999983,226599060.56,5851121,0,37.71,40.0,36.68,37.53
001269,欧晶科技,23.89,0.37815126050420106,0.08999999999999986,19395977.02,813249,0,23.79,24.06,23.61,23.8
001270,*ST铖昌,76.48,4.99725425590335,3.6400000000000006,215045275.92,2857701,0,74.15,76.48,73.4,72.84
001277,速达股份,39.96,0.15037593984962977,0.060000000000002274,15320088.44,383592,0,39.9,40.17,39.73,39.9
001278,一彬科技,20.11,-0.7893438579181064,-0.16000000000000014,16120285.3,802102,0,20.25,20.26,19.97,20.27
001279,强邦新材,34.4,0.5553931598947609,0.18999999999999773,10503249.84,306314,0,34.28,34.46,34.14,34.21
001282,三联锻造,20.66,1.2745098039215763,0.26000000000000156,28243613.17,1375315,0,20.34,20.68,20.3,20.4
001283,豪鹏科技,69.87,0.24390243902439268,0.1700000000000017,96330097.16,1386429,0,69.72,70.18,68.88,69.7
001286,陕西能源,9.95,0.10060362173038015,0.009999999999999787,47664049.0,4774600,0,9.95,10.02,9.93,9.94
001287,中电港,22.43,-0.39964476021314327,-0.08999999999999986,298538326.06,13281970,0,22.35,22.69,22.29,22.52
001288,运机集团,33.52,-0.9748892171344115,-0.3299999999999983,66892847.0,1994320,0,33.74,34.19,33.18,33.85
001289,龙源电力,15.27,0.0655307994757522,0.009999999999999787,24987217.13,1636293,0,15.25,15.31,15.21,15.26
001296,长江材料,28.44,2.634428004330568,0.7300000000000004,221447024.84,7830460,0,27.53,28.78,27.38,27.71
001298,好上好,29.82,0.5733558178752165,0.1700000000000017,112849413.75,3781880,0,29.66,30.04,29.65,29.65
001299,美能能源,12.41,1.721311475409843,0.21000000000000085,76117425.26,6151427,0,12.2,12.49,12.1,12.2
001300,三柏硕,16.92,10.013003901170357,1.540000000000001,122284531.2,7369764,0,15.48,16.92,15.4,15.38
001301,尚太科技,85.18,0.685579196217509,0.5800000000000125,124139930.0,1459100,0,84.61,85.93,84.11,84.6
001306,夏厦精密,81.9,2.6315789473684315,2.1000000000000085,49696684.0,611800,0,80.59,81.9,79.87,79.8
001308,康冠科技,20.86,0.43331728454501617,0.08999999999999986,15390770.52,739348,0,20.88,20.95,20.73,20.77
001309,德明利,219.06,-0.8778280542986415,-1.9399999999999977,3686391215.65,16478856,0,218.0,232.02,216.0,221.0
001311,多利科技,31.18,1.729200652528552,0.5300000000000011,68893567.75,2227423,0,30.75,31.4,30.35,30.65
001313,粤海饲料,7.59,1.1999999999999982,0.08999999999999986,64678459.0,8558500,0,7.48,7.68,7.4,7.5
001314,亿道信息,43.31,-0.25333947489635983,-0.10999999999999943,25675134.0,592700,0,43.38,43.57,43.17,43.42
001316,润贝航科,38.91,2.1527960094512815,0.8199999999999932,219900209.45,5666423,0,38.0,39.37,37.5,38.09
001317,三羊马,52.39,-1.8178410794602677,-0.9699999999999989,311457248.38,5894858,0,53.36,54.19,51.8,53.36
001318,阳光乳业,15.88,-2.035780382479951,-0.33000000000000007,122300998.0,7706400,0,16.05,16.21,15.61,16.21
001319,铭科精技,25.98,1.089494163424129,0.28000000000000114,22254617.0,861500,0,25.79,25.99,25.65,25.7
001322,箭牌家居,9.34,2.3001095290251814,0.20999999999999908,57816091.69,6153481,0,9.15,9.62,9.11,9.13
001323,慕思股份,26.56,2.865995352439963,0.7399999999999984,36140990.9,1357420,0,25.91,27.1,25.91,25.82
001324,长青科技,18.24,0.49586776859504056,0.08999999999999986,16012449.0,881500,0,18.18,18.24,18.08,18.15
001326,联域股份,41.19,2.2845790911348263,0.9199999999999946,16695265.0,409200,0,40.29,41.38,40.15,40.27
001328,登康口腔,38.33,0.6565126050420168,0.25,27606936.32,725668,0,38.18,38.5,37.59,38.08
001330,博纳影业,7.97,-3.8600723763570497,-0.3199999999999994,930102568.97,116244279,0,8.08,8.15,7.89,8.29
001331,胜通能源,38.27,10.002874389192309,3.480000000000004,90255547.03,2358389,0,38.27,38.27,38.27,34.79
001332,锡装股份,52.74,0.5720823798627084,0.30000000000000426,51453749.0,970500,0,52.21,53.68,52.11,52.44
001333,光华股份,22.19,-0.09004952723998007,-0.019999999999999574,9275210.0,417500,0,22.22,22.32,22.1,22.21
001336,楚环科技,26.38,-7.9874433205441315,-2.2900000000000027,271303033.99,10347512,0,26.26,27.36,25.8,28.67
001337,四川黄金,28.52,-2.562350529552443,-0.75,195538397.0,6825150,0,28.9,28.9,28.51,29.27
001338,永顺泰,12.43,-0.8771929824561358,-0.10999999999999943,43885208.0,3526900,0,12.53,12.55,12.4,12.54
001339,智微智能,49.05,0.9882643607164852,0.4799999999999969,62695784.43,1281321,0,48.97,49.24,48.62,48.57
001356,富岭股份,13.13,-0.22796352583586138,-0.02999999999999936,13230405.03,1007973,0,13.18,13.18,13.09,13.16
001358,兴欣新材,26.04,0.6182380216383313,0.16000000000000014,10805722.0,415740,0,26.17,26.17,25.75,25.88
001359,平安电工,74.12,-5.410923940786109,-4.239999999999995,275390344.55,3689070,0,77.0,77.58,72.5,78.36
001360,南矿集团,23.76,10.0,2.16,243309667.0,10720200,0,21.45,23.76,21.36,21.6
001366,播恩集团,13.46,0.5979073243647239,0.08000000000000007,20044297.0,1496700,0,13.38,13.51,13.27,13.38
001367,海森药业,22.04,0.22737608003638343,0.05000000000000071,7930597.62,359678,0,22.08,22.18,22.0,21.99
001368,通达创智,25.46,0.7518796992481254,0.19000000000000128,24458907.0,962100,0,25.21,25.65,25.21,25.27
001373,翔腾新材,30.66,1.32187706543291,0.3999999999999986,61880728.98,2017640,0,31.0,31.31,30.28,30.26
001376,百通能源,16.58,5.942492012779539,0.9299999999999979,344866276.0,21012200,0,15.46,16.86,15.46,15.65
001378,德冠新材,23.18,0.8703220191470813,0.1999999999999993,14292855.02,618200,0,22.99,23.2,22.92,22.98
001379,腾达科技,24.66,2.536382536382534,0.6099999999999994,316506672.04,12896150,0,24.42,24.87,24.15,24.05
001380,华纬科技,22.67,0.8451957295373722,0.19000000000000128,21931611.72,970216,0,22.48,22.68,22.43,22.48
001382,新亚电缆,21.0,2.689486552567241,0.5500000000000007,78201924.8,3724050,0,20.41,21.7,20.34,20.45
001387,雪祺电气,14.3,0.633356790992258,0.08999999999999986,25432076.0,1787600,0,14.29,14.32,14.11,14.21
001389,广合科技,80.66,-0.7017111904468883,-0.5700000000000074,192141039.82,2366800,0,81.57,82.09,80.46,81.23
001391,国货航,6.21,0.16129032258064172,0.009999999999999787,31104621.75,5003585,0,6.2,6.23,6.19,6.2
001395,亚联机械,45.8,0.8810572687224639,0.3999999999999986,28579199.0,628000,0,45.45,45.8,45.1,45.4
001696,宗申动力,21.53,2.6215443279313666,0.5500000000000007,322887831.41,15133176,0,21.03,21.61,20.91,20.98
001872,招商港口,19.97,0.20070245860511365,0.03999999999999915,22607570.0,1131000,0,19.9,20.07,19.89,19.93
001896,豫能控股,5.4,-0.5524861878452921,-0.02999999999999936,29025216.6,5376279,0,5.46,5.46,5.38,5.43
001914,招商积余,11.03,-0.18099547511313438,-0.02000000000000135,21010164.0,1906700,0,11.09,11.1,10.99,11.05
001965,招商公路,9.96,0.9118541033434816,0.09000000000000163,70436572.64,7091996,0,9.85,9.98,9.83,9.87
001979,招商蛇口,8.75,-0.11415525114155008,-0.009999999999999787,209327510.38,23897021,0,8.88,8.88,8.71,8.76
002001,新和成,24.89,0.8508914100486258,0.21000000000000085,298588809.48,12089404,0,24.67,25.04,24.47,24.68
002003,伟星股份,10.77,1.4124293785310769,0.15000000000000036,38710269.27,3602115,0,10.62,10.84,10.59,10.62
002004,华邦健康,4.89,0.41067761806980646,0.019999999999999574,42274311.56,8650312,0,4.87,4.91,4.86,4.87
002005,ST德豪,2.45,-3.1620553359683647,-0.07999999999999963,38570616.0,15625800,0,2.51,2.52,2.43,2.53
002006,精工科技,21.66,2.8978622327790946,0.6099999999999994,268224280.19,12419950,0,21.1,21.85,21.06,21.05
002007,华兰生物,15.27,-0.06544502617800908,-0.009999999999999787,44366667.48,2904372,0,15.3,15.34,15.23,15.28
002008,大族激光,41.78,0.48100048100048787,0.20000000000000284,923918571.42,22307857,0,41.32,41.96,40.88,41.58
002009,天奇股份,17.6,10.000000000000009,1.6000000000000014,417209566.4,23705089,0,17.6,17.6,17.6,16.0
002010,传化智联,5.88,0.5128205128205171,0.03000000000000025,52245418.0,8884600,0,5.85,5.9,5.83,5.85
002011,盾安环境,12.91,-0.5392912172573211,-0.07000000000000028,102432893.7,7909106,0,12.98,13.06,12.88,12.98
002012,凯恩股份,6.66,4.225352112676064,0.27000000000000046,99038890.0,15066470,0,6.4,6.7,6.39,6.39
002014,永新股份,12.17,-0.32760032760033514,-0.040000000000000924,21972183.41,1805116,0,12.3,12.3,12.06,12.21
002015,协鑫能科,10.26,-0.09737098344693075,-0.009999999999999787,166633591.16,16400951,0,10.23,10.29,10.08,10.27
002016,世荣兆业,5.78,-0.8576329331046282,-0.04999999999999982,26769854.0,4615200,0,5.84,5.87,5.76,5.83
002017,东信和平,21.74,2.161654135338333,0.4599999999999973,392175464.28,18091691,0,21.56,21.94,21.37,21.28
002019,亿帆医药,11.91,-0.08389261744966264,-0.009999999999999787,32794612.0,2755000,0,11.95,11.95,11.87,11.92
002020,京新药业,19.8,-1.3944223107569602,-0.2799999999999976,79519703.46,4009954,0,20.12,20.12,19.68,20.08
002021,中捷资源,2.46,0.40816326530611374,0.009999999999999787,22386585.32,9155553,0,2.45,2.46,2.43,2.45
002022,科华生物,6.04,-0.1652892561983436,-0.009999999999999787,13153754.0,2178100,0,6.05,6.07,6.02,6.05
002023,海特高新,13.55,3.2774390243902554,0.4300000000000015,382199418.95,28451051,0,13.12,13.63,13.04,13.12
002024,ST易购,1.7,0.0,0.0,8951145.7,5256601,0,1.71,1.71,1.7,1.7
002025,航天电器,48.4,5.354810622551156,2.460000000000001,1488913907.27,31078103,0,45.72,48.68,45.5,45.94
002026,山东威达,14.96,4.323570432357051,0.620000000000001,229778687.99,15673335,0,14.3,15.08,14.19,14.34
002027,分众传媒,7.19,0.7002801120448279,0.05000000000000071,401737578.07,55954122,0,7.15,7.21,7.13,7.14
002028,思源电气,155.19,3.5566528760176053,5.329999999999984,571966480.42,3743198,0,149.79,155.72,148.5,149.86
002029,七匹狼,11.4,2.333931777378813,0.2599999999999998,331023613.99,29739490,0,11.16,11.42,10.87,11.14
002030,达安基因,6.09,0.32948929159801604,0.019999999999999574,26195991.32,4306460,0,6.07,6.1,6.05,6.07
002031,巨轮智能,7.91,7.327001356852103,0.54,1748892084.58,220618642,0,7.4,8.11,7.39,7.37
002032,苏泊尔,46.16,0.0,0.0,48410596.0,1048400,0,46.24,46.29,46.1,46.16
002033,丽江股份,9.26,-0.10787486515641627,-0.009999999999999787,42202685.4,4569363,0,9.28,9.29,9.18,9.27
002034,旺能环境,16.11,0.0,0.0,11815652.14,733102,0,16.09,16.16,16.08,16.11
002035,华帝股份,6.17,0.0,0.0,13096861.7,2125318,0,6.17,6.19,6.15,6.17
002036,联创电子,11.27,-2.761000862812772,-0.3200000000000003,1195764132.57,105542138,0,11.7,11.9,10.98,11.59
002037,保利联合,9.79,-1.7068273092369648,-0.1700000000000017,71210826.1,7272170,0,9.94,9.97,9.76,9.96
002038,双鹭药业,7.72,-1.0256410256410264,-0.08000000000000007,75243557.98,9734900,0,7.75,7.77,7.7,7.8
002039,黔源电力,18.37,0.10899182561307669,0.019999999999999574,29497570.2,1608420,0,18.3,18.45,18.2,18.35
002040,南京港,10.17,1.4970059880239557,0.15000000000000036,125697792.23,12303277,0,10.27,10.34,10.09,10.02
002041,登海种业,9.46,-0.10559662090812867,-0.009999999999999787,28755720.0,3039100,0,9.49,9.5,9.43,9.47
002042,华孚时尚,4.13,-0.24154589371980165,-0.009999999999999787,21800594.0,5280800,0,4.12,4.14,4.12,4.14
002043,兔宝宝,14.34,1.8465909090909074,0.2599999999999998,44881892.95,3154915,0,14.1,14.36,14.0,14.08
002044,美年健康,5.38,-0.7380073800738014,-0.040000000000000036,691287291.54,128537397,0,5.39,5.42,5.35,5.42
002045,国光电器,14.08,-0.9845288326301024,-0.14000000000000057,115904607.74,8229039,0,14.24,14.24,14.01,14.22
002046,国机精工,44.61,-0.6680026720106818,-0.29999999999999716,1688508437.65,37471585,0,47.0,47.33,43.65,44.91
002047,*ST宝鹰,3.75,-0.26595744680850497,-0.009999999999999787,18734045.0,4987900,0,3.77,3.78,3.74,3.76
002048,宁波华翔,29.11,5.090252707581229,1.4100000000000001,887524595.25,31036101,0,27.58,29.51,27.32,27.7
002049,紫光国微,77.76,-0.20533880903490323,-0.1599999999999966,737329580.12,9466771,0,77.88,78.5,77.36,77.92
002050,三花智控,46.78,3.771073646850051,1.7000000000000028,5347794344.99,115553276,0,45.49,46.98,45.26,45.08
002051,中工国际,9.13,-0.5446623093681802,-0.049999999999998934,60092048.0,6576000,0,9.2,9.22,9.09,9.18
002052,同洲电子,12.6,-1.1764705882352968,-0.15000000000000036,151657370.02,12025022,0,12.79,12.86,12.48,12.75
002053,云南能投,11.86,1.022146507666092,0.11999999999999922,58702094.0,4965900,0,11.74,11.93,11.69,11.74
002054,德美化工,7.49,0.807537012113062,0.0600000000000005,31979949.08,4298972,0,7.44,7.51,7.38,7.43
002055,得润电子,6.8,-0.2932551319648162,-0.020000000000000462,47381323.07,6969833,0,6.82,6.83,6.76,6.82
002056,横店东磁,19.36,-3.103103103103108,-0.620000000000001,478315435.99,24819910,0,19.41,19.44,19.1,19.98
002057,中钢天源,10.3,-0.19379844961239895,-0.019999999999999574,62572923.0,6102600,0,10.3,10.33,10.19,10.32
002058,*ST威尔,22.99,-1.7941050832977434,-0.4200000000000017,26503288.0,1149000,0,23.35,23.6,22.8,23.41
002059,云南旅游,5.37,-0.37105751391464886,-0.019999999999999574,47616935.0,8872500,0,5.4,5.41,5.34,5.39
002060,广东建工,3.7,0.2710027100271065,0.010000000000000231,22514897.7,6079381,0,3.7,3.72,3.69,3.69
002061,浙江交科,4.04,0.24813895781637188,0.009999999999999787,28254700.9,6999250,0,4.03,4.05,4.02,4.03
002062,宏润建设,9.24,0.9836065573770475,0.08999999999999986,63448983.0,6932460,0,9.16,9.26,9.07,9.15
002063,远光软件,6.05,0.16556291390728123,0.009999999999999787,55248107.28,9137495,0,6.02,6.07,6.01,6.04
002064,华峰化学,10.86,3.036053130929794,0.3200000000000003,299466355.16,27877867,0,10.56,10.88,10.5,10.54
002065,东华软件,9.12,-0.1095290251916929,-0.010000000000001563,163648842.13,17945357,0,9.13,9.15,9.09,9.13
002066,瑞泰科技,19.37,2.75862068965517,0.5199999999999996,58390363.37,3050301,0,18.91,19.45,18.78,18.85
002067,景兴纸业,5.78,6.839186691312387,0.3700000000000001,707964781.24,126886653,0,5.41,5.79,5.39,5.41
002068,黑猫股份,9.01,-0.22148394241417027,-0.019999999999999574,28221309.5,3140050,0,9.0,9.04,8.96,9.03
002069,獐子岛,3.82,-0.7792207792207856,-0.03000000000000025,28994184.0,7607900,0,3.84,3.85,3.79,3.85
002072,凯瑞德,7.05,-0.5641748942172078,-0.040000000000000036,13428081.0,1905720,0,7.13,7.14,6.98,7.09
002073,软控股份,8.21,0.736196319018411,0.0600000000000005,64674286.4,7907507,0,8.15,8.21,8.12,8.15
002074,国轩高科,38.97,-0.9405185561769306,-0.37000000000000455,598359771.77,15361302,0,39.29,39.29,38.82,39.34
002075,沙钢股份,5.67,-0.17605633802816525,-0.009999999999999787,57239277.69,10091107,0,5.66,5.69,5.65,5.68
002076,*ST星光,2.09,0.0,0.0,19801903.0,9489900,0,2.08,2.1,2.08,2.09
002077,大港股份,14.84,-0.20174848688634409,-0.02999999999999936,116065433.2,7821276,0,14.84,14.95,14.71,14.87
002078,太阳纸业,15.91,2.512886597938148,0.39000000000000057,863940715.88,55388932,0,15.55,15.95,15.1,15.52
002079,苏州固锝,9.58,-0.10427528675703635,-0.009999999999999787,43960289.0,4603100,0,9.59,9.59,9.5,9.59
002080,中材科技,39.72,-1.5857284440039656,-0.6400000000000006,1487675300.65,37311559,0,40.4,40.9,39.39,40.36
002081,金螳螂,3.3,0.6097560975609762,0.020000000000000018,35900086.5,10840485,0,3.33,3.35,3.29,3.28
002082,万邦德,13.28,8.852459016393443,1.08,241033410.0,18820000,0,12.12,13.28,12.01,12.2
002083,孚日股份,11.2,-1.8404907975460196,-0.21000000000000085,868406921.92,77293049,0,11.03,11.56,10.91,11.41
002084,海鸥住工,4.02,0.7518796992481042,0.02999999999999936,77743437.32,19387817,0,3.99,4.07,3.96,3.99
002085,万丰奥威,15.64,1.4267185473411195,0.22000000000000064,280437039.84,18029164,0,15.41,15.66,15.39,15.42
002086,东方海洋,2.38,0.0,0.0,34493843.01,14498473,0,2.38,2.39,2.37,2.38
002088,鲁阳节能,10.7,0.18726591760299227,0.019999999999999574,11562318.2,1082140,0,10.67,10.73,10.63,10.68
002090,金智科技,12.03,1.1774600504625634,0.1399999999999988,95070403.0,7979900,0,11.87,12.07,11.7,11.89
002091,江苏国泰,9.15,0.21905805038334691,0.019999999999999574,88374431.03,9710183,0,9.13,9.18,9.04,9.13
002092,中泰化学,4.74,-0.4201680672268818,-0.019999999999999574,65781484.0,13907200,0,4.76,4.78,4.7,4.76
002093,国脉科技,11.48,0.08718395815169823,0.009999999999999787,147545856.0,12847200,0,11.42,11.53,11.41,11.47
002094,青岛金王,7.34,2.801120448179274,0.20000000000000018,210032593.44,28596139,0,7.18,7.47,7.18,7.14
002095,生意宝,18.13,1.9111860595840353,0.33999999999999986,52403712.0,2883080,0,17.94,18.39,17.85,17.79
002096,易普力,13.34,-0.965107646622129,-0.13000000000000078,31920782.0,2389200,0,13.47,13.5,13.33,13.47
002097,山河智能,12.17,0.6617038875103397,0.08000000000000007,132364456.0,10882100,0,12.12,12.2,12.08,12.09
002098,浔兴股份,10.78,2.6666666666666607,0.27999999999999936,301290106.98,27951300,0,10.58,11.1,10.57,10.5
002099,海翔药业,6.09,1.1627906976744233,0.07000000000000028,50428486.0,8361000,0,6.02,6.12,5.95,6.02
002100,天康生物,7.11,0.0,0.0,39796157.0,5598200,0,7.11,7.15,7.08,7.11
002101,广东鸿图,12.15,0.08237232289950401,0.009999999999999787,38613809.0,3186800,0,12.2,12.2,12.08,12.14
002102,能特科技,3.32,0.9118541033434591,0.029999999999999805,99774316.0,30020200,0,3.3,3.37,3.26,3.29
002103,广博股份,9.23,-1.17773019271948,-0.10999999999999943,82039495.0,8871900,0,9.29,9.35,9.19,9.34
002104,恒宝股份,20.83,4.254254254254244,0.8499999999999979,1886044883.64,91012025,0,20.61,21.1,20.22,19.98
002105,信隆健康,7.84,1.686121919584953,0.1299999999999999,108193624.0,13864700,0,7.69,7.93,7.68,7.71
002106,莱宝高科,10.98,0.27397260273973645,0.030000000000001137,43828780.0,4004340,0,10.93,11.01,10.83,10.95
002107,沃华医药,6.22,0.8103727714748756,0.04999999999999982,22015110.55,3557795,0,6.18,6.24,6.13,6.17
002108,沧州明珠,4.87,-1.4170040485830016,-0.07000000000000028,177710510.26,36440652,0,4.94,4.95,4.84,4.94
002109,兴化股份,3.61,-0.2762430939226583,-0.010000000000000231,17241907.5,4768050,0,3.62,3.63,3.6,3.62
002110,三钢闽光,4.57,1.7817371937639215,0.08000000000000007,79316465.5,17640150,0,4.49,4.58,4.43,4.49
002111,威海广泰,10.32,1.6748768472906395,0.16999999999999993,68258721.14,6628327,0,10.13,10.38,10.1,10.15
002112,三变科技,13.93,0.7959479015918918,0.10999999999999943,146219158.28,10561107,0,13.77,13.95,13.68,13.82
002114,罗平锌电,8.29,-0.955794504181602,-0.08000000000000007,62400479.0,7545000,0,8.38,8.38,8.23,8.37
002115,三维通信,11.63,3.194321206743578,0.3600000000000012,1001069669.46,85656952,0,11.26,12.02,11.22,11.27
002116,中国海诚,10.56,0.7633587786259549,0.08000000000000007,31707417.0,3007500,0,10.55,10.63,10.45,10.48
002117,东港股份,13.45,2.0485584218512867,0.2699999999999996,107907930.13,8083478,0,13.22,13.47,13.12,13.18
002119,康强电子,16.82,0.41791044776119574,0.07000000000000028,100055632.82,5961766,0,16.72,16.88,16.7,16.75
002120,韵达股份,6.92,0.5813953488372098,0.040000000000000036,69094444.57,9982446,0,6.89,6.95,6.88,6.88
002121,科陆电子,7.9,0.6369426751592447,0.05000000000000071,114152590.18,14586474,0,7.85,7.92,7.76,7.85
002122,ST汇洲,2.89,0.0,0.0,25127501.8,8696120,0,2.88,2.9,2.87,2.89
002123,梦网科技,12.56,-1.4901960784313686,-0.1899999999999995,264298516.88,21011944,0,12.63,12.72,12.49,12.75
002124,天邦食品,2.78,0.36101083032490205,0.009999999999999787,35526948.6,12781900,0,2.77,2.79,2.77,2.77
002125,湘潭电化,14.31,-1.3783597518952397,-0.1999999999999993,154212973.58,10807110,0,14.45,14.45,14.17,14.51
002126,银轮股份,38.44,5.170998632010946,1.8900000000000006,1004531042.05,26789708,0,36.98,38.74,36.65,36.55
002127,南极电商,3.49,1.1594202898550736,0.040000000000000036,110815504.0,31795000,0,3.44,3.52,3.44,3.45
002128,电投能源,27.33,-0.18261504747991494,-0.05000000000000071,196784343.47,7235139,0,27.2,27.61,26.81,27.38
002129,TCL中环,8.5,-0.2347417840375537,-0.019999999999999574,243225158.02,28686329,0,8.5,8.54,8.43,8.52
002130,沃尔核材,26.91,-0.3333333333333328,-0.08999999999999986,630376750.97,23404175,0,26.84,27.19,26.7,27.0
002131,利欧股份,5.14,-1.9083969465648956,-0.10000000000000053,1167945982.36,226470305,0,5.18,5.22,5.12,5.24
002132,恒星科技,3.64,-1.3550135501354965,-0.04999999999999982,61390540.0,16868100,0,3.69,3.7,3.61,3.69
002133,广宇集团,3.39,-0.29411764705881727,-0.009999999999999787,42185641.0,12422400,0,3.39,3.42,3.37,3.4
002134,天津普林,26.56,4.075235109717865,1.0399999999999991,662768561.84,25164462,0,25.52,27.05,25.31,25.52
002135,东南网架,4.61,-0.2164502164502118,-0.009999999999999787,17945684.0,3899900,0,4.6,4.65,4.57,4.62
002136,安纳达,12.03,-0.7425742574257415,-0.08999999999999986,64941291.99,5406750,0,12.12,12.14,11.91,12.12
002137,实益达,8.75,1.7441860465116321,0.15000000000000036,60567529.0,6970000,0,8.6,8.77,8.6,8.6
002138,顺络电子,36.75,-0.08156606851550065,-0.030000000000001137,306197020.16,8359100,0,36.9,36.9,36.31,36.78
002139,拓邦股份,13.63,1.03780578206079,0.14000000000000057,115967576.05,8531698,0,13.56,13.64,13.52,13.49
002140,东华科技,11.57,-0.34453057708870927,-0.03999999999999915,52736756.8,4573900,0,11.62,11.63,11.47,11.61
002141,贤丰控股,3.7,0.0,0.0,22750498.0,6169600,0,3.7,3.7,3.67,3.7
002142,宁波银行,28.31,-0.21149101163201364,-0.060000000000002274,282455072.97,9921369,0,28.4,28.65,28.31,28.37
002144,宏达高科,12.91,0.5451713395638652,0.07000000000000028,13579190.0,1054700,0,12.84,12.95,12.77,12.84
002145,钛能化学,4.89,-0.811359026369169,-0.040000000000000036,90188284.54,18403726,0,4.95,4.96,4.88,4.93
002146,荣盛发展,1.58,2.5974025974025996,0.040000000000000036,232393000.94,148101962,0,1.55,1.62,1.54,1.54
002148,北纬科技,8.57,0.9422850412249714,0.08000000000000007,39594525.1,4631902,0,8.52,8.6,8.5,8.49
002149,西部材料,45.01,7.166666666666662,3.009999999999998,3853099889.16,88048353,0,42.04,45.36,42.04,42.0
002150,通润装备,20.34,1.8527791687531345,0.370000000000001,187383638.37,9296119,0,19.98,20.46,19.67,19.97
002151,北斗星通,38.71,3.6412315930388206,1.3599999999999994,2480231917.08,65079397,0,36.5,39.93,36.46,37.35
002152,广电运通,12.6,1.0425020048115397,0.129999999999999,213969456.49,16965105,0,12.6,12.68,12.53,12.47
002153,石基信息,10.4,0.5802707930367553,0.0600000000000005,107909608.81,10371862,0,10.3,10.44,10.29,10.34
002154,报喜鸟,3.94,0.5102040816326535,0.020000000000000018,53108342.28,13418192,0,3.92,4.02,3.91,3.92
002155,湖南黄金,21.06,-2.590194264569853,-0.5600000000000023,494905041.34,23360854,0,21.4,21.4,21.05,21.62
002156,通富微电,37.38,-0.9276437847866269,-0.3499999999999943,776872682.14,20693243,0,37.75,37.9,37.3,37.73
002157,正邦科技,3.48,1.4577259475218607,0.04999999999999982,529799814.09,153307507,0,3.43,3.53,3.39,3.43
002158,汉钟精机,25.4,-2.644691452663861,-0.6900000000000013,223183343.04,8748588,0,26.0,26.0,25.26,26.09
002159,三特索道,15.67,0.3201024327784937,0.05000000000000071,33995898.0,2172600,0,15.68,15.77,15.52,15.62
002160,常铝股份,5.06,-0.7843137254901967,-0.040000000000000036,93838783.96,18617616,0,5.08,5.09,5.0,5.1
002161,远望谷,7.25,1.115760111576012,0.08000000000000007,49509013.32,6845408,0,7.17,7.3,7.15,7.17
002162,悦心健康,4.88,4.051172707889115,0.1899999999999995,128944584.96,26741150,0,4.68,4.92,4.67,4.69
002163,海南发展,20.57,6.304909560723508,1.2199999999999989,4783952615.07,233606535,0,20.15,21.09,19.61,19.35
002164,宁波东力,15.09,-2.3932729624838354,-0.370000000000001,411917912.88,27246064,0,15.16,15.44,14.86,15.46
002165,红宝丽,7.78,-0.12836970474967632,-0.009999999999999787,65627380.48,8442098,0,7.82,7.82,7.72,7.79
002166,莱茵生物,9.68,1.149425287356316,0.10999999999999943,694104814.44,71303013,0,10.52,10.52,9.11,9.57
002167,东方锆业,12.4,-0.24135156878519198,-0.02999999999999936,115617402.16,9379090,0,12.41,12.43,12.26,12.43
002168,*ST惠程,3.81,-0.26178010471203633,-0.009999999999999787,17999821.4,4708360,0,3.78,3.93,3.75,3.82
002169,智光电气,10.38,-0.9541984732824393,-0.09999999999999964,461073004.88,44519463,0,10.38,10.55,10.24,10.48
002170,芭田股份,11.97,-0.24999999999999467,-0.02999999999999936,180212530.11,15063901,0,11.94,12.09,11.86,12.0
002171,楚江新材,12.98,3.9231385108086485,0.4900000000000002,1216320120.39,94881127,0,12.5,13.07,12.43,12.49
002172,澳洋健康,4.16,3.4825870646766317,0.14000000000000057,81541173.35,19863927,0,4.05,4.18,4.03,4.02
002173,创新医疗,22.11,1.7019319227230958,0.370000000000001,683102238.87,30997982,0,21.81,22.45,21.61,21.74
002174,游族网络,12.77,1.591089896579151,0.1999999999999993,333723852.38,26376258,0,12.55,12.81,12.4,12.57
002175,东方智造,4.7,1.2931034482758728,0.0600000000000005,300852304.52,63545008,0,4.69,4.83,4.66,4.64
002176,江特电机,9.76,-0.40816326530613184,-0.040000000000000924,361322230.94,37260864,0,9.6,9.79,9.56,9.8
002177,御银股份,7.05,2.3222060957910036,0.16000000000000014,259564676.09,36945436,0,6.95,7.11,6.91,6.89
002178,延华智能,6.33,0.15822784810126245,0.009999999999999787,37866308.0,6004300,0,6.3,6.35,6.28,6.32
002179,中航光电,34.74,2.9333333333333393,0.990000000000002,1262847946.12,36551414,0,33.74,35.05,33.68,33.75
002180,纳思达,19.35,0.0,0.0,167748798.53,8680395,0,19.31,19.57,19.19,19.35
002181,粤传媒,8.47,1.1947431302270182,0.10000000000000142,104904898.0,12466200,0,8.37,8.51,8.35,8.37
002182,宝武镁业,15.07,0.5336891260840565,0.08000000000000007,211071670.4,14006288,0,15.02,15.27,14.93,14.99
002183,怡亚通,4.82,-0.6185567010309148,-0.02999999999999936,150999639.0,31253700,0,4.86,4.87,4.79,4.85
002184,海得控制,12.88,0.7036747458952435,0.09000000000000163,33038700.0,2574100,0,12.77,12.91,12.73,12.79
002185,华天科技,11.09,-0.2697841726618648,-0.02999999999999936,254136315.84,22886453,0,11.13,11.18,11.05,11.12
002186,全聚德,11.9,0.16835016835016475,0.019999999999999574,55701124.99,4696599,0,11.86,11.98,11.74,11.88
002187,广百股份,8.16,1.4925373134328483,0.120000000000001,628757061.0,75497700,0,8.15,8.81,8.01,8.04
002188,中天服务,6.27,-1.1041009463722444,-0.07000000000000028,149431383.62,23730100,0,6.3,6.38,6.2,6.34
002189,中光学,22.57,1.0295434198746662,0.23000000000000043,55550655.0,2471300,0,22.28,22.72,22.2,22.34
002190,成飞集成,37.08,1.8681318681318675,0.6799999999999997,321255589.59,8664577,0,36.19,37.5,36.19,36.4
002191,劲嘉股份,4.39,-0.6787330316742138,-0.03000000000000025,71831987.0,16393100,0,4.45,4.48,4.35,4.42
002192,融捷股份,51.99,-4.130555043333938,-2.239999999999995,665057330.91,12745190,0,52.0,52.85,51.65,54.23
002193,如意集团,5.39,-0.3696857670979753,-0.020000000000000462,20598631.0,3807700,0,5.4,5.5,5.36,5.41
002194,武汉凡谷,13.09,1.7884914463452601,0.23000000000000043,204809610.34,15714945,0,12.84,13.16,12.84,12.86
002195,岩山科技,6.84,-0.4366812227074272,-0.03000000000000025,354789938.5,51884517,0,6.83,6.89,6.81,6.87
002196,方正电机,13.64,10.000000000000002,1.2400000000000002,1551419494.4,116673280,0,12.41,13.64,12.41,12.4
002197,证通电子,11.1,10.009910802775023,1.0099999999999998,572350485.91,53306575,0,10.08,11.1,9.99,10.09
002198,嘉应制药,7.26,-0.2747252747252811,-0.020000000000000462,37789926.2,5222961,0,7.28,7.3,7.19,7.28
002199,*ST东晶,8.05,-0.6172839506172708,-0.049999999999998934,7257360.0,901500,0,8.12,8.12,8.01,8.1
002200,*ST交投,7.48,-1.4492753623188332,-0.10999999999999943,5134080.0,683600,0,7.59,7.59,7.44,7.59
002201,九鼎新材,11.32,10.00971817298349,1.0300000000000011,68824456.68,6079899,0,11.32,11.32,11.32,10.29
002202,金风科技,18.64,6.942053930005743,1.2100000000000009,3044144930.24,164981214,0,17.69,18.96,17.56,17.43
002203,海亮股份,12.42,-0.4009623095429087,-0.05000000000000071,103673255.0,8387600,0,12.4,12.51,12.24,12.47
002204,大连重工,7.67,3.2301480484522234,0.2400000000000002,628784029.17,82174865,0,7.43,7.77,7.4,7.43
002205,国统股份,13.95,1.3808139534883686,0.1899999999999995,94437768.84,6757058,0,13.76,14.3,13.61,13.76
002206,海利得,5.88,0.5128205128205171,0.03000000000000025,45710133.88,7802508,0,5.87,5.89,5.82,5.85
002207,准油股份,7.38,-0.1353179972936372,-0.009999999999999787,32676342.0,4435200,0,7.38,7.45,7.32,7.39
002208,合肥城建,11.45,0.3505696757230425,0.03999999999999915,248423598.4,21773700,0,11.4,11.55,11.26,11.41
002209,达意隆,16.97,5.53482587064677,0.8900000000000006,187515908.66,11184000,0,16.19,17.07,16.11,16.08
002210,飞马国际,3.72,1.9178082191780899,0.07000000000000028,178714132.85,48300007,0,3.65,3.73,3.62,3.65
002211,ST宏达,3.3,0.6097560975609762,0.020000000000000018,7999300.0,2413600,0,3.3,3.34,3.28,3.28
002212,天融信,8.86,1.7221584385763327,0.14999999999999858,186287742.32,21128648,0,8.71,8.92,8.68,8.71
002213,大为股份,27.11,1.3836948391922252,0.370000000000001,736814062.0,27056800,0,26.7,27.98,26.58,26.74
002214,*ST大立,18.34,1.4941892639734342,0.2699999999999996,45020057.8,2472820,0,18.06,18.37,18.0,18.07
002215,诺普信,10.95,4.684512428298264,0.48999999999999844,169540349.89,15798567,0,10.46,10.99,10.44,10.46
002216,三全食品,11.6,-0.08613264427217732,-0.009999999999999787,26647896.4,2291800,0,11.6,11.67,11.56,11.61
002217,合力泰,3.1,-0.32154340836012174,-0.009999999999999787,178880181.78,57750798,0,3.1,3.12,3.08,3.11
002218,拓日新能,4.3,1.17647058823529,0.04999999999999982,239373959.62,56127149,0,4.21,4.35,4.15,4.25
002219,新里程,2.19,0.0,0.0,48347212.91,22066789,0,2.19,2.2,2.18,2.19
002221,东华能源,8.03,1.5170670037926577,0.11999999999999922,63147091.92,7873340,0,7.95,8.08,7.95,7.91
002222,福晶科技,58.94,-0.321325892102156,-0.19000000000000483,1180232078.23,19643054,0,60.86,63.0,58.7,59.13
002223,鱼跃医疗,37.61,2.2288665398206042,0.8200000000000003,279827171.72,7444058,0,36.97,37.99,36.97,36.79
002224,三力士,4.46,0.22471910112359073,0.009999999999999787,18360765.0,4121500,0,4.45,4.47,4.44,4.45
002225,濮耐股份,5.99,-0.9917355371900762,-0.05999999999999961,118506602.74,19861542,0,6.01,6.07,5.92,6.05
002226,江南化工,5.9,-0.33783783783783067,-0.019999999999999574,34468827.0,5835980,0,5.9,5.93,5.89,5.92
002227,奥特迅,12.34,-0.4838709677419395,-0.0600000000000005,22503601.0,1828000,0,12.35,12.38,12.24,12.4
002228,合兴包装,6.55,10.08403361344537,0.5999999999999996,83126993.2,12691144,0,6.55,6.55,6.55,5.95
002229,鸿博股份,16.0,0.0625390869293295,0.009999999999999787,211685492.78,13277400,0,15.87,16.08,15.82,15.99
002230,科大讯飞,48.51,-0.45146726862302256,-0.21999999999999886,637077530.66,13113507,0,48.8,48.9,48.37,48.73
002231,*ST奥维,1.67,1.2121212121212133,0.020000000000000018,37438486.0,23001600,0,1.6,1.68,1.58,1.65
002232,启明信息,19.1,-0.3131524008350664,-0.05999999999999872,72371170.36,3795917,0,19.15,19.19,19.0,19.16
002233,塔牌集团,9.21,0.7658643326039418,0.07000000000000028,39242022.01,4287279,0,9.13,9.24,9.07,9.14
002234,民和股份,8.81,0.1136363636363612,0.009999999999999787,18969628.0,2152500,0,8.78,8.87,8.76,8.8
002235,安妮股份,11.61,5.353901996370235,0.5899999999999999,1250413202.58,108305331,0,11.24,11.96,11.11,11.02
002236,大华股份,19.07,-0.15706806282723107,-0.030000000000001137,233572942.65,12262569,0,19.11,19.14,18.96,19.1
002237,恒邦股份,13.06,-2.0989505247376266,-0.27999999999999936,247743087.28,18931543,0,13.18,13.21,13.04,13.34
002238,天威视讯,8.24,1.228501228501224,0.09999999999999964,76167916.38,9327562,0,8.1,8.25,8.08,8.14
002239,奥特佳,2.98,0.3367003367003295,0.009999999999999787,72247581.8,24302430,0,2.97,2.99,2.95,2.97
002240,盛新锂能,34.05,-4.541631623212796,-1.6200000000000045,1486094600.76,43541680,0,34.01,34.6,33.78,35.67
002241,歌尔股份,28.61,-1.3107968264918903,-0.379999999999999,1551484978.61,54160252,0,28.92,28.95,28.33,28.99
002242,九阳股份,10.39,-0.7640878701050627,-0.08000000000000007,34649788.22,3331498,0,10.48,10.51,10.37,10.47
002243,力合科创,9.64,0.4166666666666763,0.040000000000000924,122940075.1,12778800,0,9.6,9.7,9.56,9.6
002244,滨江集团,9.79,-0.30549898167007267,-0.030000000000001137,210569542.0,21662000,0,9.85,9.86,9.63,9.82
002245,蔚蓝锂芯,18.16,2.889518413597743,0.5100000000000016,1189588113.99,67350158,0,17.64,18.28,17.3,17.65
002246,北化股份,17.27,0.9941520467836149,0.16999999999999815,141483669.08,8236752,0,17.06,17.35,16.97,17.1
002247,聚力文化,2.91,0.6920415224913501,0.020000000000000018,23680275.0,8167900,0,2.89,2.92,2.87,2.89
002248,华东数控,11.26,1.3501350135013535,0.15000000000000036,60607525.0,5410100,0,11.07,11.29,11.07,11.11
002249,大洋电机,10.61,3.1098153547133167,0.3200000000000003,768156197.07,72984792,0,10.3,10.67,10.25,10.29
002250,联化科技,12.63,-0.39432176656150575,-0.049999999999998934,224876472.0,17943800,0,12.55,12.71,12.42,12.68
002251,步步高,5.57,-1.9366197183098492,-0.10999999999999943,716231942.6,127191388,0,5.69,5.75,5.55,5.68
002252,上海莱士,6.44,-0.3095975232198076,-0.019999999999999574,77923963.88,12103364,0,6.45,6.46,6.42,6.46
002253,*ST智胜,11.57,4.705882352941172,0.5199999999999996,73028326.35,6386535,0,11.06,11.58,11.06,11.05
002254,泰和新材,9.75,0.7231404958677715,0.07000000000000028,43302053.26,4455958,0,9.72,9.76,9.66,9.68
002255,海陆重工,12.9,1.7350157728706677,0.22000000000000064,745245680.16,57860344,0,12.63,13.01,12.55,12.68
002256,兆新股份,3.67,0.0,0.0,118719257.2,32320160,0,3.67,3.71,3.64,3.67
002258,利尔化学,13.21,1.0711553175210449,0.14000000000000057,86959613.22,6605987,0,13.06,13.29,12.99,13.07
002259,升达林业,3.81,-0.26178010471203633,-0.009999999999999787,10024351.0,2622200,0,3.81,3.85,3.8,3.82
002261,拓维信息,30.5,-0.0655307994757522,-0.019999999999999574,378362521.14,12390158,0,30.52,30.7,30.4,30.52
002262,恩华药业,25.26,0.6374501992031878,0.16000000000000014,79664751.98,3163743,0,25.24,25.35,25.06,25.1
002263,大东南,3.37,-0.8823529411764649,-0.029999999999999805,69522922.42,20662742,0,3.4,3.41,3.34,3.4
002264,新华都,10.35,9.98937300743889,0.9399999999999995,550902372.15,54487229,0,9.49,10.35,9.41,9.41
002265,建设工业,26.01,1.0882238631947188,0.28000000000000114,108261066.42,4169267,0,25.73,26.16,25.69,25.73
002266,浙富控股,4.24,1.6786570743405345,0.07000000000000028,208866850.83,49776721,0,4.18,4.25,4.16,4.17
002267,陕天然气,7.56,0.132450331125825,0.009999999999999787,13050818.0,1726000,0,7.56,7.58,7.53,7.55
002268,电科网安,18.43,2.1618625277161896,0.39000000000000057,259192355.26,14095596,0,18.06,18.56,18.04,18.04
002269,美邦服饰,1.95,0.5154639175257737,0.010000000000000009,70399336.01,36169636,0,1.94,1.97,1.93,1.94
002270,华明装备,25.75,-0.3868471953578391,-0.10000000000000142,91160761.0,3546400,0,25.78,25.9,25.58,25.85
002271,东方雨虹,13.47,-0.14825796886582338,-0.019999999999999574,162709428.02,12120700,0,13.49,13.53,13.34,13.49
002272,川润股份,16.07,1.3240857503152639,0.21000000000000085,708183968.72,44393825,0,15.8,16.19,15.65,15.86
002273,水晶光电,25.06,-0.5160778086542379,-0.13000000000000256,320343204.83,12847675,0,25.09,25.16,24.75,25.19
002274,华昌化工,5.77,0.5226480836236822,0.02999999999999936,12626414.0,2197100,0,5.75,5.78,5.71,5.74
002275,桂林三金,14.57,-0.3419972640218805,-0.049999999999998934,18184752.52,1251601,0,14.62,14.67,14.48,14.62
002276,万马股份,16.52,2.291021671826632,0.370000000000001,466573346.51,28517414,0,16.13,16.56,16.05,16.15
002277,友阿股份,7.18,-0.9655172413793143,-0.07000000000000028,135027523.0,18777000,0,7.22,7.27,7.15,7.25
002278,神开股份,12.15,0.4962779156327585,0.0600000000000005,249197568.0,20648900,0,12.01,12.24,11.93,12.09
002279,久其软件,7.77,1.3037809647979093,0.09999999999999964,183778957.46,23720954,0,7.65,7.8,7.64,7.67
002281,光迅科技,70.38,-1.0404949381327462,-0.7400000000000091,2055528077.52,29602250,0,70.41,71.08,68.36,71.12
002282,博深股份,7.46,0.8108108108108055,0.05999999999999961,25138007.9,3387530,0,7.41,7.46,7.36,7.4
002283,天润工业,6.19,1.1437908496732072,0.07000000000000028,24336021.0,3947200,0,6.15,6.19,6.12,6.12
002284,亚太股份,15.82,-0.6905210295040768,-0.10999999999999943,422392970.39,26776368,0,15.77,16.0,15.59,15.93
002285,世联行,2.95,-3.2786885245901525,-0.09999999999999964,255026052.8,84765536,0,3.09,3.11,2.94,3.05
002286,保龄宝,9.16,0.32858707557502037,0.02999999999999936,32153308.84,3517199,0,9.14,9.19,9.09,9.13
002287,奇正藏药,24.0,-0.4149377593361055,-0.10000000000000142,32353905.6,1347130,0,24.11,24.19,23.88,24.1
002289,*ST宇顺,31.14,4.989885367498316,1.4800000000000004,61417885.6,1975452,0,31.08,31.14,30.51,29.66
002290,禾盛新材,42.47,0.44938505203405327,0.18999999999999773,66178804.0,1559900,0,42.28,42.87,42.0,42.28
002291,遥望科技,6.4,-0.15600624024960666,-0.009999999999999787,115319377.68,18051734,0,6.36,6.44,6.35,6.41
002292,奥飞娱乐,8.78,0.0,0.0,180665606.67,20693543,0,8.76,8.86,8.67,8.78
002293,罗莱生活,9.91,0.5070993914807375,0.05000000000000071,28403020.2,2873280,0,9.87,9.94,9.78,9.86
002294,信立泰,57.26,1.2018381053375746,0.6799999999999997,115507079.81,2017403,0,56.6,57.65,56.15,56.58
002295,精艺股份,13.18,-0.8276899924755413,-0.10999999999999943,140463307.0,10688400,0,13.05,13.32,12.89,13.29
002296,辉煌科技,11.01,0.36463081130354735,0.03999999999999915,44207123.98,4023518,0,10.91,11.04,10.9,10.97
002297,博云新材,12.39,10.035523978685621,1.1300000000000008,282762152.94,22858486,0,12.3,12.39,12.1,11.26
002298,中电鑫龙,10.43,-0.5719733079123022,-0.0600000000000005,184839868.11,17737943,0,10.49,10.49,10.36,10.49
002299,圣农发展,16.28,-0.48899755501221454,-0.0799999999999983,99718072.99,6102236,0,16.44,16.66,16.22,16.36
002300,太阳电缆,9.98,-0.4985044865403683,-0.049999999999998934,488304412.84,49119424,0,9.87,10.08,9.77,10.03
002301,齐心集团,7.7,2.393617021276604,0.1800000000000006,226491164.78,29147773,0,7.53,7.88,7.53,7.52
002302,西部建设,6.27,1.7857142857142767,0.10999999999999943,76173318.0,12152500,0,6.32,6.38,6.2,6.16
002303,美盈森,4.22,0.956937799043063,0.040000000000000036,98718684.0,23485300,0,4.19,4.25,4.16,4.18
002304,洋河股份,62.19,0.1449275362318781,0.0899999999999963,75576099.26,1215404,0,62.11,62.28,62.03,62.1
002305,*ST南置,2.27,0.8888888888888897,0.020000000000000018,27155507.88,12053012,0,2.24,2.27,2.23,2.25
002306,*ST云网,2.13,4.926108374384242,0.10000000000000009,180693161.66,86079118,0,2.08,2.13,2.04,2.03
002307,北新路桥,5.21,1.1650485436893128,0.05999999999999961,173927190.8,33607986,0,5.22,5.24,5.12,5.15
002309,中利集团,3.46,-1.4245014245014196,-0.04999999999999982,90324721.0,26176300,0,3.5,3.51,3.42,3.51
002310,东方园林,2.29,-1.716738197424894,-0.040000000000000036,70222022.0,30553100,0,2.33,2.33,2.28,2.33
002311,海大集团,54.68,4.192073170731713,2.200000000000003,482471970.28,8969050,0,52.23,55.1,52.22,52.48
002312,川发龙蟒,10.97,-0.45372050816695947,-0.049999999999998934,159663508.0,14591300,0,10.97,11.02,10.88,11.02
002313,日海智能,10.24,0.0,0.0,36599498.76,3584600,0,10.24,10.33,10.15,10.24
002314,南山控股,2.88,0.6993006993007,0.020000000000000018,52009773.64,18092578,0,2.87,2.9,2.86,2.86
002315,焦点科技,43.85,0.642644021115449,0.28000000000000114,106992262.0,2437400,0,43.58,44.17,43.58,43.57
002316,亚联发展,4.78,0.0,0.0,24082969.0,5024900,0,4.8,4.83,4.77,4.78
002317,众生药业,19.32,-0.7194244604316575,-0.14000000000000057,426811028.13,22088481,0,19.46,19.55,19.22,19.46
002318,久立特材,28.2,2.919708029197083,0.8000000000000007,270103670.3,9726647,0,27.37,28.37,27.15,27.4
002319,乐通股份,12.36,2.828618968386022,0.33999999999999986,76827801.85,6242905,0,12.1,12.48,11.87,12.02
002320,海峡股份,12.61,-4.469696969696969,-0.5899999999999999,826842564.97,64577513,0,13.21,13.3,12.58,13.2
002321,华英农业,2.39,-0.4166666666666578,-0.009999999999999787,35728381.0,14927200,0,2.39,2.41,2.38,2.4
002322,理工能科,12.04,0.33333333333332626,0.03999999999999915,16221334.94,1347000,0,12.04,12.09,11.98,12.0
002323,雅博股份,1.66,0.0,0.0,29116307.42,17554337,0,1.66,1.67,1.65,1.66
002324,普利特,14.74,2.2191400832177552,0.3200000000000003,628012475.7,43299963,0,14.36,14.92,13.93,14.42
002326,永太科技,24.55,-0.8881711748082312,-0.21999999999999886,1015078718.77,41297936,0,24.22,25.12,24.01,24.77
002327,富安娜,6.76,0.7451564828613982,0.04999999999999982,12006979.0,1781400,0,6.71,6.77,6.7,6.71
002328,新朋股份,6.86,0.8823529411764779,0.0600000000000005,60065174.34,8826200,0,6.82,6.87,6.76,6.8
002329,皇氏集团,4.38,-4.157549234135676,-0.1900000000000004,347698787.85,78858199,0,4.53,4.53,4.33,4.57
002330,得利斯,5.15,-3.3771106941838593,-0.17999999999999972,168974071.79,32630983,0,5.24,5.27,5.13,5.33
002331,皖通科技,8.99,0.7847533632287027,0.07000000000000028,33712231.0,3760000,0,8.92,9.02,8.91,8.92
002332,仙琚制药,9.07,0.0,0.0,28308614.0,3122400,0,9.06,9.08,9.05,9.07
002333,罗普斯金,5.81,1.0434782608695583,0.05999999999999961,31701064.0,5491100,0,5.75,5.83,5.71,5.75
002334,英威腾,9.0,0.22271714922048524,0.019999999999999574,112734628.81,12559253,0,9.01,9.02,8.9,8.98
002335,科华数据,56.64,-0.4744333157617221,-0.269999999999996,1082468592.23,19180455,0,56.7,57.2,55.81,56.91
002336,人乐退,0.36,0.0,0.0,4577505.0,12554917,0,0.36,0.38,0.35,0.36
002337,赛象科技,6.51,2.1978021978021927,0.13999999999999968,110174314.0,17108400,0,6.36,6.55,6.32,6.37
002338,奥普光电,57.58,-0.225264252295967,-0.13000000000000256,315491156.7,5480399,0,57.71,58.4,56.8,57.71
002339,积成电子,9.17,-1.3978494623655997,-0.13000000000000078,205630224.82,22419127,0,9.21,9.25,9.13,9.3
002340,格林美,7.92,-1.246882793017452,-0.09999999999999964,522674428.93,65894414,0,7.9,7.99,7.84,8.02
002342,巨力索具,7.56,0.9345794392523284,0.0699999999999994,416802334.06,55995387,0,7.43,7.63,7.35,7.49
002343,慈文传媒,7.0,-0.1426533523537773,-0.009999999999999787,38429403.0,5497500,0,7.01,7.03,6.96,7.01
002344,海宁皮城,4.9,-0.4065040650406418,-0.019999999999999574,66298691.4,13518530,0,4.91,4.95,4.87,4.92
002345,潮宏基,12.71,-1.6253869969040176,-0.20999999999999908,84439195.12,6576558,0,12.94,13.08,12.71,12.92
002346,柘中股份,19.62,9.97757847533633,1.7800000000000011,186957727.75,9924398,0,17.9,19.62,17.88,17.84
002347,泰尔股份,8.45,10.02604166666666,0.7699999999999996,517563760.4,62612172,0,7.8,8.45,7.72,7.68
002348,高乐股份,5.84,-0.680272108843538,-0.040000000000000036,91054365.0,15707800,0,5.89,5.9,5.75,5.88
002349,精华制药,7.4,0.4070556309362313,0.03000000000000025,30641528.0,4149600,0,7.38,7.43,7.34,7.37
002350,北京科锐,8.36,0.7228915662650447,0.05999999999999872,52841615.23,6354711,0,8.27,8.38,8.22,8.3
002351,漫步者,12.23,-0.325998370008143,-0.03999999999999915,40062741.44,3278432,0,12.27,12.29,12.17,12.27
002352,顺丰控股,38.31,0.3142183817753458,0.12000000000000455,274099722.07,7144493,0,38.26,38.49,38.21,38.19
002353,杰瑞股份,71.62,0.8306349429818434,0.5900000000000034,596904197.94,8340401,0,72.37,73.31,70.71,71.03
002354,天娱数科,6.21,0.3231017770597669,0.019999999999999574,101106609.0,16257800,0,6.22,6.25,6.19,6.19
002355,兴民智通,6.27,-0.633914421553091,-0.040000000000000036,162261459.0,26006784,0,6.27,6.35,6.16,6.31
002356,赫美集团,4.09,6.510416666666667,0.25,377337836.4,93896890,0,3.84,4.19,3.81,3.84
002357,富临运业,9.97,0.9109311740890673,0.08999999999999986,53735865.0,5407600,0,9.88,10.05,9.82,9.88
002358,森源电气,5.71,-0.1748251748251711,-0.009999999999999787,84996128.0,14909400,0,5.71,5.73,5.66,5.72
002360,同德化工,4.91,-0.40567951318457557,-0.019999999999999574,23713553.0,4810500,0,4.94,4.98,4.9,4.93
002361,神剑股份,11.97,10.018382352941174,1.0899999999999999,921265259.01,77161183,0,11.97,11.97,11.7,10.88
002362,汉王科技,20.85,0.04798464491363514,0.010000000000001563,41057860.0,1969300,0,20.73,20.93,20.7,20.84
002363,隆基机械,10.31,10.03201707577376,0.9400000000000013,41390835.3,4014630,0,10.31,10.31,10.31,9.37
002364,中恒电气,26.79,-3.180339718106261,-0.8800000000000026,1247098134.17,46252149,0,27.54,27.54,26.5,27.67
002365,永安药业,15.17,0.2643754130865773,0.03999999999999915,36916385.0,2436500,0,15.19,15.22,15.08,15.13
002366,融发核电,7.46,2.3319615912208493,0.16999999999999993,336356242.34,45348248,0,7.28,7.48,7.25,7.29
002367,康力电梯,7.57,0.5312084993359899,0.040000000000000036,31674730.0,4200600,0,7.52,7.57,7.51,7.53
002368,太极股份,24.31,1.1652101539741888,0.2799999999999976,136924891.72,5642854,0,24.1,24.64,23.98,24.03
002369,卓翼科技,8.63,0.11600928074247754,0.010000000000001563,75837654.48,8798304,0,8.6,8.67,8.56,8.62
002370,亚太药业,7.41,1.0914051841746257,0.08000000000000007,184444120.44,24627173,0,7.39,7.65,7.39,7.33
002371,北方华创,473.41,-1.5984202868426518,-7.689999999999998,1309805269.66,2760661,0,480.0,482.98,470.2,481.1
002372,伟星新材,10.87,1.5887850467289713,0.16999999999999993,68457646.0,6347473,0,10.69,10.88,10.64,10.7
002373,千方科技,11.7,0.8620689655172384,0.09999999999999964,238906388.15,20515725,0,11.55,11.74,11.5,11.6
002374,中锐股份,3.6,-0.27700831024930156,-0.009999999999999787,124238617.76,34452740,0,3.6,3.69,3.54,3.61
002375,亚厦股份,3.78,0.0,0.0,14189599.34,3748903,0,3.79,3.8,3.77,3.78
002376,新北洋,7.6,0.795755968169756,0.05999999999999961,30846496.21,4076644,0,7.51,7.6,7.51,7.54
002377,国创高新,2.86,-0.6944444444444451,-0.020000000000000018,19074510.0,6658300,0,2.89,2.89,2.85,2.88
002378,章源钨业,14.37,-4.2000000000000055,-0.6300000000000008,764079919.12,52443681,0,14.88,14.9,14.37,15.0
002379,宏创控股,22.89,-1.1231101511878965,-0.259999999999998,148050446.75,6499965,0,23.0,23.1,22.55,23.15
002380,科远智慧,27.45,0.9933774834437071,0.2699999999999996,54125155.0,1979400,0,27.12,27.5,27.11,27.18
002381,双箭股份,6.69,0.6015037593984968,0.040000000000000036,17430282.0,2612000,0,6.64,6.71,6.61,6.65
002382,蓝帆医疗,5.45,0.18382352941176078,0.009999999999999787,17730291.13,3256698,0,5.45,5.47,5.42,5.44
002383,合众思壮,11.94,5.013192612137206,0.5700000000000003,1738177935.91,146144098,0,11.9,12.45,11.55,11.37
002384,东山精密,87.53,4.078478002378129,3.430000000000007,4203504137.45,48525072,0,86.64,89.6,83.63,84.1
002385,大北农,3.99,-0.24999999999999467,-0.009999999999999787,77423185.99,19359501,0,4.0,4.01,3.99,4.0
002386,天原股份,5.47,0.18315018315017925,0.009999999999999787,45422000.1,8347920,0,5.46,5.48,5.4,5.46
002387,维信诺,8.57,-0.23282887077997177,-0.019999999999999574,42070723.56,4918201,0,8.6,8.63,8.52,8.59
002388,ST新亚,6.31,3.4426229508196715,0.20999999999999996,93585858.0,15130300,0,6.08,6.35,6.06,6.1
002389,航天彩虹,23.77,3.5729847494553395,0.8200000000000003,773955570.12,32875603,0,22.86,23.89,22.81,22.95
002390,信邦制药,3.28,-0.6060606060606066,-0.020000000000000018,59579109.98,18189373,0,3.3,3.3,3.25,3.3
002391,长青股份,5.98,0.673400673400674,0.040000000000000036,15196066.5,2549750,0,5.95,5.99,5.91,5.94
002392,北京利尔,7.68,0.5235602094240842,0.040000000000000036,46889970.0,6128500,0,7.63,7.69,7.6,7.64
002393,力生制药,21.09,-0.23651844843898157,-0.05000000000000071,36178737.16,1719481,0,21.14,21.26,20.88,21.14
002394,联发股份,15.97,-3.9687312086590403,-0.6599999999999984,319314421.0,19803300,0,16.42,16.79,15.74,16.63
002395,双象股份,16.65,0.4221954161640548,0.07000000000000028,18131255.5,1091950,0,16.6,16.68,16.51,16.58
002396,星网锐捷,28.94,-1.4305177111716558,-0.41999999999999815,236434499.15,8144613,0,29.36,29.55,28.75,29.36
002397,梦洁股份,4.12,0.48780487804879175,0.020000000000000462,99382613.6,23704404,0,4.09,4.41,4.09,4.1
002398,垒知集团,6.26,1.1308562197091987,0.0699999999999994,162882679.77,26048099,0,6.2,6.3,6.18,6.19
002399,海普瑞,11.93,0.42087542087541185,0.049999999999998934,15414585.2,1290360,0,11.91,12.04,11.87,11.88
002400,省广集团,8.16,0.0,0.0,297567723.12,36376811,0,8.15,8.23,8.12,8.16
002401,中远海科,15.98,1.5247776365946646,0.2400000000000002,61598746.43,3867357,0,15.7,16.11,15.68,15.74
002402,和而泰,39.13,0.12794268167861889,0.05000000000000426,688587642.54,17569064,0,38.99,39.4,38.9,39.08
002403,爱仕达,12.43,1.6353229762878108,0.1999999999999993,26722811.09,2158370,0,12.23,12.48,12.23,12.23
002404,嘉欣丝绸,7.16,0.13986013986013687,0.009999999999999787,33862386.0,4748700,0,7.16,7.18,7.09,7.15
002405,四维图新,8.91,-0.7795100222717181,-0.07000000000000028,255791657.38,28821767,0,8.87,8.93,8.81,8.98
002406,远东传动,7.89,3.407601572739185,0.2599999999999998,115059555.68,14811198,0,7.63,7.9,7.61,7.63
002407,多氟多,33.85,-0.9074941451990491,-0.30999999999999517,3077306074.83,90929619,0,33.55,34.4,33.26,34.16
002408,齐翔腾达,4.9,0.0,0.0,29156468.7,5956543,0,4.9,4.93,4.87,4.9
002409,雅克科技,74.53,-0.6134151220162605,-0.45999999999999375,653294696.78,8658024,0,75.55,76.7,74.4,74.99
002410,广联达,12.33,0.7352941176470577,0.08999999999999986,130002831.51,10575067,0,12.26,12.36,12.22,12.24
002412,汉森制药,6.71,0.0,0.0,20847811.9,3119040,0,6.72,6.73,6.65,6.71
002413,雷科防务,9.32,4.134078212290515,0.370000000000001,2376332252.23,254608780,0,8.96,9.54,8.96,8.95
002414,高德红外,15.13,-2.4500322372662735,-0.379999999999999,1135424186.51,75087831,0,15.41,15.46,14.91,15.51
002415,海康威视,29.54,0.7159904534606235,0.21000000000000085,544377751.79,18459070,0,29.34,29.61,29.3,29.33
002416,爱施德,12.09,-0.24752475247524228,-0.02999999999999936,93584351.89,7734827,0,12.19,12.2,12.06,12.12
002418,康盛股份,5.14,4.684317718940927,0.22999999999999954,477712041.8,95607400,0,4.91,5.23,4.84,4.91
002419,天虹股份,5.8,1.221640488656185,0.0699999999999994,155403855.71,26727777,0,5.73,5.93,5.71,5.73
002420,毅昌科技,0.0,-100.0,-8.43,0.0,0,0,0.0,0.0,0.0,8.43
002421,达实智能,2.69,-0.3703703703703789,-0.010000000000000231,45501499.54,16941166,0,2.7,2.7,2.67,2.7
002422,科伦药业,30.49,-0.5544683626875463,-0.1700000000000017,131302854.99,4296254,0,30.71,30.93,30.4,30.66
002423,中粮资本,11.89,1.5371477369769402,0.17999999999999972,206284507.61,17316092,0,11.75,12.03,11.75,11.71
002424,ST百灵,4.83,-4.921259842519684,-0.25,14634900.0,3030000,0,4.83,4.83,4.83,5.08
002425,凯撒文化,3.74,1.630434782608697,0.06000000000000005,66988107.6,18248680,0,3.67,3.76,3.62,3.68
002426,胜利精密,3.61,2.8490028490028516,0.10000000000000009,811756293.64,229615031,0,3.47,3.63,3.44,3.51
002427,尤夫股份,6.7,-1.3254786450662719,-0.08999999999999986,298957873.55,44227073,0,6.98,7.0,6.64,6.79
002428,云南锗业,31.13,2.570016474464572,0.7799999999999976,988346479.75,32267650,0,30.29,31.16,30.1,30.35
002429,兆驰股份,7.47,0.5383580080753706,0.040000000000000036,993616275.36,133539453,0,7.5,7.57,7.33,7.43
002430,杭氧股份,30.15,0.9036144578313239,0.2699999999999996,348751815.31,11562095,0,29.8,30.49,29.66,29.88
002431,棕榈股份,2.43,0.0,0.0,34323333.0,14153021,0,2.44,2.46,2.4,2.43
002432,九安医疗,40.58,-0.46602894285014673,-0.19000000000000483,119607557.0,2945500,0,40.76,40.76,40.52,40.77
002434,万里扬,9.45,2.1621621621621547,0.1999999999999993,124601856.0,13271400,0,9.27,9.5,9.23,9.25
002436,兴森科技,21.01,-0.9429514380009395,-0.1999999999999993,780818671.7,37155251,0,21.11,21.38,20.76,21.21
002437,誉衡药业,3.13,-0.3184713375796252,-0.010000000000000231,39376610.76,12592023,0,3.13,3.14,3.11,3.14
002438,江苏神通,15.99,2.6974951830443157,0.41999999999999993,265463067.9,16745044,0,15.8,16.05,15.61,15.57
002439,启明星辰,14.07,0.07112375533428014,0.009999999999999787,69871312.84,4975430,0,14.0,14.1,13.98,14.06
002440,闰土股份,7.75,0.649350649350647,0.04999999999999982,41588680.53,5394875,0,7.7,7.76,7.64,7.7
002441,众业达,9.28,1.6429353778751214,0.14999999999999858,30868792.0,3346000,0,9.16,9.29,9.13,9.13
002442,龙星科技,6.39,0.4716981132075371,0.02999999999999936,19494297.0,3057000,0,6.39,6.4,6.34,6.36
002443,金洲管道,8.63,0.0,0.0,59237710.0,6920800,0,8.63,8.66,8.51,8.63
002444,巨星科技,33.97,-2.553069420539302,-0.8900000000000006,248874611.48,7267016,0,34.81,34.85,33.9,34.86
002445,中南文化,2.6,-1.1406844106463805,-0.029999999999999805,71036108.8,27236470,0,2.63,2.64,2.59,2.63
002446,盛路通信,10.75,10.03070624360287,0.9800000000000004,1182248080.17,113309033,0,9.83,10.75,9.81,9.77
002448,中原内配,12.98,1.3270882123341134,0.16999999999999993,183828568.4,14215650,0,12.75,13.13,12.7,12.81
002449,国星光电,8.45,0.0,0.0,34458272.88,4091257,0,8.44,8.46,8.38,8.45
002451,摩恩电气,10.18,-0.876338851022394,-0.08999999999999986,226029608.88,22069666,0,10.37,10.37,10.13,10.27
002452,长高电新,8.33,0.24067388688326802,0.019999999999999574,71819976.25,8660604,0,8.26,8.38,8.24,8.31
002453,华软科技,6.42,1.2618296529968467,0.08000000000000007,56811960.0,8918150,0,6.32,6.44,6.29,6.34
002454,松芝股份,8.88,1.3698630136986416,0.120000000000001,35851676.0,4066300,0,8.78,8.89,8.73,8.76
002455,百川股份,6.79,-0.14705882352940863,-0.009999999999999787,51806166.0,7654900,0,6.79,6.82,6.74,6.8
002456,欧菲光,10.63,0.18850141376061594,0.02000000000000135,226760222.9,21299755,0,10.61,10.72,10.58,10.61
002457,青龙管业,10.71,-0.18639328984156173,-0.019999999999999574,19192861.0,1793500,0,10.73,10.73,10.68,10.73
002458,益生股份,8.38,-1.1792452830188638,-0.09999999999999964,53782548.32,6366659,0,8.48,8.51,8.38,8.48
002459,晶澳科技,11.58,1.3123359580052525,0.15000000000000036,258483936.1,22484160,0,11.42,11.61,11.36,11.43
002460,赣锋锂业,64.6,-3.2789339721515374,-2.190000000000012,2381336934.37,36665970,0,65.38,65.76,64.41,66.79
002461,珠江啤酒,9.67,-0.10330578512396474,-0.009999999999999787,32441672.56,3344700,0,9.68,9.75,9.66,9.68
002462,嘉事堂,15.08,-0.9848982271831934,-0.15000000000000036,48394957.0,3202900,0,15.23,15.23,15.05,15.23
002463,沪电股份,72.49,-0.9834722032509206,-0.7199999999999989,2187618425.37,30100178,0,73.14,73.91,71.62,73.21
002465,海格通信,13.65,1.2611275964391686,0.16999999999999993,957141851.04,70244067,0,13.46,13.74,13.38,13.48
002466,天齐锂业,53.86,-4.265908282971913,-2.3999999999999986,2476710432.4,45559112,0,54.81,55.01,53.85,56.26
002467,二六三,5.97,0.674536256323778,0.040000000000000036,98617435.8,16555077,0,5.94,5.99,5.92,5.93
002468,申通快递,14.26,0.07017543859648974,0.009999999999999787,65377824.19,4590301,0,14.28,14.32,14.18,14.25
002469,三维化学,8.46,-0.23584905660376854,-0.019999999999999574,48674134.0,5766250,0,8.48,8.49,8.39,8.48
002470,金正大,1.78,0.0,0.0,23809168.0,13384900,0,1.78,1.79,1.77,1.78
002471,中超控股,5.73,4.371584699453555,0.2400000000000002,1878186964.5,329439000,0,5.65,5.8,5.61,5.49
002472,双环传动,43.56,2.1336459554513567,0.9100000000000037,606084575.69,13960796,0,42.74,44.0,42.52,42.65
002474,榕基软件,9.56,0.6315789473684263,0.0600000000000005,325227378.23,33996030,0,9.45,9.69,9.4,9.5
002475,立讯精密,59.63,0.5734525215044753,0.3400000000000034,2616329108.59,44510307,0,59.0,59.75,58.25,59.29
002476,宝莫股份,6.34,3.594771241830061,0.21999999999999975,124116569.51,19585283,0,6.18,6.42,6.14,6.12
002478,常宝股份,8.88,3.61726954492416,0.3100000000000005,387266401.0,44015500,0,8.53,9.1,8.45,8.57
002479,富春环保,4.93,0.2032520325203209,0.009999999999999787,13219905.0,2682600,0,4.93,4.94,4.91,4.92
002480,新筑股份,6.51,1.086956521739121,0.0699999999999994,28109931.0,4384100,0,6.48,6.52,6.38,6.44
002481,双塔食品,5.28,-0.3773584905660297,-0.019999999999999574,35952946.0,6808700,0,5.29,5.32,5.25,5.3
002482,广田集团,1.72,-0.5780346820809253,-0.010000000000000009,22178440.0,12890700,0,1.73,1.74,1.71,1.73
002483,润邦股份,7.09,1.4306151645207388,0.09999999999999964,30561022.6,4346560,0,7.0,7.09,6.97,6.99
002484,江海股份,30.54,-2.146747837231662,-0.6700000000000017,718351928.26,23468281,0,30.81,31.04,30.26,31.21
002485,ST雪发,3.95,-0.7537688442211007,-0.029999999999999805,6593777.0,1670100,0,4.0,4.0,3.92,3.98
002486,嘉麟杰,3.18,1.9230769230769247,0.06000000000000005,48273786.0,15240700,0,3.16,3.2,3.13,3.12
002487,大金重工,52.8,-2.4390243902439033,-1.3200000000000003,457699522.29,8610297,0,53.8,53.8,52.68,54.12
002488,金固股份,8.55,1.0638297872340408,0.08999999999999986,229860750.91,27010250,0,8.48,8.63,8.41,8.46
002489,浙江永强,4.02,-0.24813895781639392,-0.010000000000000675,98820190.8,24535360,0,4.01,4.06,4.01,4.03
002490,山东墨龙,6.47,0.1547987616099038,0.009999999999999787,46343028.46,7167801,0,6.5,6.5,6.43,6.46
002491,通鼎互联,6.45,-1.526717557251903,-0.09999999999999964,521588298.39,80017353,0,6.51,6.72,6.42,6.55
002492,恒基达鑫,7.99,4.308093994778068,0.33000000000000007,115842617.88,14356053,0,7.7,8.39,7.67,7.66
002493,荣盛石化,10.71,1.4204545454545487,0.15000000000000036,205276094.76,19221014,0,10.58,10.78,10.51,10.56
002494,华斯股份,5.39,1.315789473684199,0.0699999999999994,21324732.0,3968400,0,5.32,5.4,5.32,5.32
002495,佳隆股份,2.79,0.0,0.0,45630700.8,16268680,0,2.79,2.84,2.76,2.79
002496,*ST辉丰,1.76,2.325581395348839,0.040000000000000036,14118375.4,8095220,0,1.71,1.76,1.71,1.72
002497,雅化集团,24.17,-3.048535900521452,-0.759999999999998,649120552.25,26985084,0,24.39,24.42,23.68,24.93
002498,汉缆股份,3.86,-0.7712082262210861,-0.03000000000000025,75198208.0,19484640,0,3.87,3.89,3.84,3.89
002500,山西证券,6.09,0.0,0.0,61542033.14,10079026,0,6.1,6.13,6.07,6.09
002501,利源股份,2.43,-0.40983606557376173,-0.009999999999999787,127652516.86,52411102,0,2.45,2.46,2.41,2.44
002506,协鑫集成,2.63,-0.7547169811320762,-0.020000000000000018,252484167.0,96422800,0,2.66,2.66,2.59,2.65
002507,涪陵榨菜,13.15,0.3051106025934472,0.040000000000000924,66733275.98,5080309,0,13.13,13.19,13.08,13.11
002508,老板电器,19.46,0.5165289256198421,0.10000000000000142,61132787.0,3124400,0,19.4,19.7,19.35,19.36
002510,天汽模,7.43,0.0,0.0,327815716.05,44613265,0,7.32,7.44,7.28,7.43
002511,中顺洁柔,8.2,3.929024081115331,0.3099999999999996,177474810.09,21933498,0,7.89,8.29,7.88,7.89
002512,达华智能,6.05,2.1959459459459443,0.1299999999999999,466260176.31,77294335,0,5.88,6.1,5.83,5.92
002513,蓝丰生化,6.79,-0.7309941520467811,-0.04999999999999982,56468584.03,8350793,0,6.84,6.86,6.7,6.84
002514,宝馨科技,6.17,0.8169934640522847,0.04999999999999982,88554573.0,14485200,0,6.12,6.17,6.07,6.12
002515,金字火腿,6.2,-0.32154340836012174,-0.019999999999999574,66497659.8,10700109,0,6.22,6.26,6.18,6.22
002516,旷达科技,6.57,-0.15197568389057428,-0.009999999999999787,53429994.0,8151900,0,6.58,6.59,6.51,6.58
002517,恺英网络,21.88,0.32095369096744747,0.07000000000000028,428129440.11,19647517,0,21.76,22.05,21.56,21.81
002518,科士达,51.03,-1.1812548412083643,-0.6099999999999994,427329818.06,8401526,0,51.04,51.6,50.35,51.64
002519,银河电子,6.07,3.583617747440272,0.20999999999999996,569042205.8,94455047,0,5.83,6.19,5.83,5.86
002520,日发精机,6.2,2.9900332225913724,0.1800000000000006,161220733.33,26214513,0,6.02,6.2,6.02,6.02
002521,齐峰新材,8.67,2.482269503546088,0.20999999999999908,39823320.23,4637036,0,8.46,8.74,8.43,8.46
002522,浙江众成,5.64,0.5347593582887586,0.02999999999999936,266441413.42,47172900,0,5.58,5.73,5.54,5.61
002523,天桥起重,4.38,2.5761124121779937,0.11000000000000032,204285220.13,47082983,0,4.27,4.4,4.26,4.27
002524,光正眼科,4.19,0.23923444976078173,0.010000000000000675,25685131.0,6123800,0,4.21,4.22,4.16,4.18
002526,山东矿机,3.59,1.4124293785310684,0.04999999999999982,58971821.99,16529037,0,3.53,3.6,3.51,3.54
002527,新时达,15.33,2.541806020066895,0.3800000000000008,137281599.0,9026900,0,15.06,15.39,15.0,14.95
002528,ST英飞拓,2.89,0.34722222222223026,0.010000000000000231,8270234.0,2866700,0,2.87,2.9,2.87,2.88
002529,*ST海源,6.99,-0.4273504273504183,-0.02999999999999936,17585730.0,2520800,0,7.03,7.06,6.93,7.02
002530,金财互联,10.22,-0.19531249999999584,-0.019999999999999574,145249242.93,14245162,0,10.18,10.29,10.12,10.24
002531,天顺风能,6.79,1.041666666666671,0.07000000000000028,90938632.88,13422784,0,6.72,6.83,6.69,6.72
002532,天山铝业,14.72,-0.27100271002709453,-0.03999999999999915,272662882.73,18568423,0,14.56,14.93,14.46,14.76
002533,金杯电工,12.9,1.7350157728706677,0.22000000000000064,118372987.0,9287700,0,12.61,12.97,12.56,12.68
002534,西子洁能,17.73,2.3081361800346345,0.40000000000000213,232959114.35,13328615,0,17.68,17.8,17.11,17.33
002535,林州重机,3.81,0.5277044854881272,0.020000000000000018,22017268.0,5796460,0,3.77,3.83,3.77,3.79
002536,飞龙股份,34.22,9.996785599485694,3.1099999999999994,3432973574.94,103892171,0,31.2,34.22,31.2,31.11
002537,海联金汇,8.46,2.050663449939707,0.1700000000000017,359763090.25,42588916,0,8.43,8.52,8.35,8.29
002538,司尔特,6.52,-0.45801526717557633,-0.03000000000000025,27584633.0,4225400,0,6.56,6.56,6.5,6.55
002539,云图控股,11.65,-0.5972696245733812,-0.07000000000000028,118596324.0,10162000,0,11.71,11.78,11.6,11.72
002540,亚太科技,6.91,1.31964809384164,0.08999999999999986,115253465.0,16884500,0,6.85,6.93,6.73,6.82
002541,鸿路钢构,16.42,-0.6654567453115512,-0.10999999999999943,34181040.98,2081000,0,16.67,16.67,16.35,16.53
002542,中化岩土,3.41,2.0958083832335417,0.07000000000000028,57475142.0,17005000,0,3.36,3.41,3.34,3.34
002543,万和电气,10.14,0.8955223880597,0.08999999999999986,118822572.26,11558832,0,10.31,10.54,10.12,10.05
002544,普天科技,32.65,3.322784810126573,1.0499999999999972,760270678.72,23588199,0,31.48,32.9,31.31,31.6
002545,东方铁塔,17.75,-0.7825600894354419,-0.14000000000000057,109312322.4,6150154,0,17.82,18.0,17.56,17.89
002546,新联电子,7.13,0.0,0.0,86331858.0,12160700,0,7.14,7.14,7.07,7.13
002547,春兴精工,4.66,1.525054466230943,0.07000000000000028,65202859.0,14061900,0,4.58,4.67,4.58,4.59
002548,金新农,5.73,-1.0362694300518067,-0.05999999999999961,142682529.5,25055690,0,5.76,5.82,5.61,5.79
002549,凯美特气,21.62,-2.304563940352454,-0.509999999999998,708815090.36,32613053,0,21.99,21.99,21.52,22.13
002550,千红制药,7.92,-0.5025125628140708,-0.040000000000000036,42918495.0,5414500,0,7.95,7.96,7.91,7.96
002551,尚荣医疗,3.7,0.5434782608695656,0.020000000000000018,13368065.26,3618554,0,3.7,3.72,3.67,3.68
002552,宝鼎科技,16.89,-0.9964830011723222,-0.16999999999999815,39763949.0,2364400,0,16.98,16.99,16.7,17.06
002553,南方精工,26.84,1.859582542694491,0.48999999999999844,176166864.43,6595079,0,26.4,26.85,26.3,26.35
002554,惠博普,3.36,0.900900900900895,0.029999999999999805,132306100.67,38678387,0,3.35,3.53,3.33,3.33
002555,三七互娱,22.52,0.5806163465832916,0.129999999999999,544385438.69,24391048,0,22.36,22.72,22.13,22.39
002556,辉隆股份,5.98,0.33557046979866545,0.020000000000000462,70162835.15,11768117,0,5.94,6.01,5.91,5.96
002557,洽洽食品,21.86,-0.2737226277372366,-0.060000000000002274,31704624.28,1448431,0,21.9,22.0,21.79,21.92
002558,巨人网络,45.73,-1.3163573586534452,-0.6100000000000065,589700993.6,12935970,0,46.27,46.53,44.96,46.34
002559,亚威股份,10.1,1.3039117352056069,0.129999999999999,73907488.0,7341600,0,10.03,10.15,10.01,9.97
002560,通达股份,10.67,10.000000000000007,0.9700000000000006,370443324.4,35895535,0,9.63,10.67,9.63,9.7
002561,徐家汇,9.32,0.8658008658008665,0.08000000000000007,119291992.12,12727348,0,9.2,9.52,9.2,9.24
002562,兄弟科技,6.41,0.15624999999999667,0.009999999999999787,54419121.0,8505400,0,6.42,6.43,6.36,6.4
002563,森马服饰,5.45,0.18382352941176078,0.009999999999999787,63810239.5,11737272,0,5.44,5.46,5.42,5.44
002564,天沃科技,7.41,0.8163265306122517,0.0600000000000005,51077239.17,6979471,0,7.37,7.43,7.25,7.35
002565,顺灏股份,15.77,7.425068119891007,1.0899999999999999,4774715118.55,311925012,0,14.53,16.15,14.26,14.68
002566,益盛药业,7.8,0.3861003861003893,0.03000000000000025,22067922.0,2841200,0,7.78,7.81,7.73,7.77
002567,唐人神,4.38,0.0,0.0,22954395.13,5242649,0,4.37,4.39,4.36,4.38
002568,百润股份,21.44,0.09337068160597373,0.019999999999999574,42360698.89,1974358,0,21.37,21.55,21.36,21.42
002569,*ST步森,11.82,4.973357015985795,0.5600000000000005,20314041.0,1733650,0,11.28,11.82,11.28,11.26
002570,贝因美,6.17,-0.6441223832528187,-0.040000000000000036,129089603.0,20912400,0,6.18,6.21,6.15,6.21
002571,德力股份,9.59,-7.3429951690821245,-0.7599999999999998,252893689.5,25984001,0,10.07,10.15,9.48,10.35
002572,索菲亚,13.59,0.1473839351510654,0.019999999999999574,79685185.0,5840600,0,13.63,13.7,13.53,13.57
002573,清新环境,3.8,0.26385224274405766,0.009999999999999787,10911963.0,2876600,0,3.79,3.81,3.77,3.79
002574,明牌珠宝,5.68,0.7092198581560291,0.040000000000000036,31152789.12,5532284,0,5.63,5.72,5.57,5.64
002575,群兴玩具,6.2,-0.9584664536741151,-0.05999999999999961,57064943.46,9183263,0,6.29,6.29,6.18,6.26
002576,通达动力,16.98,0.8912655971479628,0.15000000000000213,25228820.0,1492850,0,16.93,17.0,16.75,16.83
002577,雷柏科技,18.06,1.0067114093959717,0.17999999999999972,23146338.45,1290595,0,17.89,18.28,17.78,17.88
002578,闽发铝业,4.57,-1.2958963282937281,-0.05999999999999961,193406406.0,42574100,0,4.55,4.61,4.5,4.63
002579,中京电子,12.02,-0.8250825082508222,-0.09999999999999964,219853596.55,18394949,0,12.12,12.12,11.86,12.12
002580,圣阳股份,12.58,-0.6319115323854665,-0.08000000000000007,45646069.26,3628597,0,12.66,12.66,12.53,12.66
002581,ST未名,7.66,-2.0460358056266004,-0.16000000000000014,19275757.0,2503200,0,7.83,7.85,7.62,7.82
002582,好想你,10.74,-0.739371534195934,-0.08000000000000007,93435861.0,8687200,0,10.87,10.9,10.65,10.82
002583,海能达,10.9,0.8325624421831623,0.08999999999999986,125718910.0,11579300,0,10.79,10.9,10.78,10.81
002584,西陇科学,9.32,-1.4799154334038114,-0.14000000000000057,172408202.0,18420500,0,9.4,9.45,9.28,9.46
002585,双星新材,6.77,-0.14749262536874153,-0.010000000000000675,196510776.63,29155046,0,6.75,6.87,6.66,6.78
002586,ST围海,4.23,-2.758620689655155,-0.11999999999999922,34211088.0,8004000,0,4.37,4.39,4.21,4.35
002587,奥拓电子,6.72,0.7496251874062941,0.04999999999999982,47488762.0,7084200,0,6.67,6.77,6.64,6.67
002588,史丹利,9.83,0.1018329938900182,0.009999999999999787,23518629.0,2392300,0,9.8,9.88,9.74,9.82
002589,瑞康医药,3.43,-1.7191977077363911,-0.06000000000000005,150352178.4,43721820,0,3.49,3.5,3.42,3.49
002590,万安科技,15.06,2.1016949152542406,0.3100000000000005,281887446.53,18764723,0,14.74,15.28,14.65,14.75
002591,恒大高新,6.72,1.0526315789473593,0.0699999999999994,33935040.0,5042900,0,6.66,6.81,6.61,6.65
002592,ST八菱,7.69,5.054644808743171,0.3700000000000001,81038904.0,10560950,0,7.69,7.69,7.52,7.32
002593,日上集团,6.49,6.219312602291324,0.3799999999999999,608599924.52,93839991,0,6.18,6.72,6.15,6.11
002594,比亚迪,94.54,0.12709171785639117,0.12000000000000455,993051119.12,10494100,0,94.43,95.23,94.12,94.42
002595,豪迈科技,84.32,1.4436958614051836,1.1999999999999886,135125514.26,1607003,0,83.21,85.0,82.51,83.12
002596,海南瑞泽,5.81,-6.591639871382639,-0.41000000000000014,1302542693.74,216042413,0,6.21,6.28,5.8,6.22
002597,金禾实业,21.3,1.3802950975725803,0.28999999999999915,97501146.31,4570338,0,21.0,21.47,20.92,21.01
002598,山东章鼓,10.74,1.0348071495766644,0.10999999999999943,42781101.0,4024600,0,10.63,10.75,10.48,10.63
002599,盛通股份,8.15,3.0341340075853376,0.2400000000000002,140867202.24,17382702,0,8.08,8.22,7.97,7.91
002600,领益智造,15.79,-1.3125000000000053,-0.21000000000000085,2317276726.92,146778454,0,15.95,16.04,15.64,16.0
002601,龙佰集团,19.31,2.223398623610366,0.41999999999999815,338528332.35,17505036,0,18.89,19.56,18.82,18.89
002602,世纪华通,17.19,1.0582010582010564,0.17999999999999972,938770823.61,55113244,0,16.98,17.28,16.82,17.01
002603,以岭药业,17.28,-0.17331022530327894,-0.029999999999997584,93584376.2,5410900,0,17.35,17.42,17.25,17.31
002605,姚记科技,23.62,0.4251700680272169,0.10000000000000142,64109263.0,2723002,0,23.42,23.83,23.42,23.52
002606,大连电瓷,9.01,0.44593088071347986,0.03999999999999915,29476494.96,3272900,0,8.99,9.04,8.95,8.97
002607,中公教育,2.68,-1.1070110701106939,-0.029999999999999805,176313448.0,65596500,0,2.7,2.71,2.67,2.71
002608,江苏国信,7.77,0.0,0.0,77918123.0,10025500,0,7.78,7.79,7.75,7.77
002609,捷顺科技,9.21,0.4362050163576982,0.040000000000000924,22498972.0,2445400,0,9.18,9.24,9.12,9.17
002611,东方精工,18.76,5.274971941638616,0.9400000000000013,1114189366.51,60835941,0,17.82,18.8,17.79,17.82
002612,朗姿股份,19.76,0.1520527116066961,0.030000000000001137,131970847.8,6636336,0,20.0,20.16,19.7,19.73
002613,北玻股份,3.79,0.0,0.0,18522683.75,4892925,0,3.79,3.81,3.77,3.79
002614,奥佳华,7.81,0.3856041131105316,0.02999999999999936,140159370.0,17900700,0,7.79,7.93,7.74,7.78
002615,哈尔斯,7.82,0.1280409731114043,0.010000000000000675,11783024.0,1508000,0,7.81,7.87,7.78,7.81
002616,长青集团,5.49,-0.5434782608695536,-0.02999999999999936,25564063.74,4674019,0,5.51,5.52,5.44,5.52
002617,露笑科技,7.85,0.6410256410256387,0.04999999999999982,158273887.25,20214905,0,7.79,7.88,7.76,7.8
002620,ST瑞和,5.15,0.1945525291828925,0.010000000000000675,10517563.5,2048900,0,5.18,5.18,5.09,5.14
002622,皓宸医疗,3.05,-0.6514657980456032,-0.020000000000000018,21495453.0,7030000,0,3.1,3.11,3.04,3.07
002623,亚玛顿,18.14,0.0,0.0,13974333.11,770901,0,18.17,18.25,18.0,18.14
002624,完美世界,16.24,-1.2765957446808565,-0.21000000000000085,344244817.29,21132979,0,16.38,16.58,16.11,16.45
002625,光启技术,51.2,0.9065825778478535,0.46000000000000085,730345638.91,14303158,0,51.15,51.39,50.68,50.74
002626,金达威,19.93,5.4497354497354555,1.0300000000000011,252629386.37,12848012,0,18.82,20.16,18.81,18.9
002627,三峡旅游,7.41,0.40650406504065373,0.03000000000000025,56614884.12,7667023,0,7.35,7.46,7.31,7.38
002628,成都路桥,4.26,3.649635036496337,0.14999999999999947,103440787.0,24020180,0,4.25,4.41,4.22,4.11
002629,仁智股份,7.06,-1.3966480446927447,-0.10000000000000053,40662859.0,5742300,0,7.22,7.27,7.01,7.16
002630,ST华西,2.66,0.3773584905660465,0.010000000000000231,22099264.2,8301480,0,2.64,2.68,2.64,2.65
002631,德尔未来,6.12,4.081632653061228,0.2400000000000002,275461708.65,45179936,0,5.89,6.28,5.86,5.88
002632,道明光学,12.44,-1.7377567140600365,-0.22000000000000064,303523587.56,24372968,0,12.48,12.61,12.35,12.66
002633,申科股份,16.82,0.3579952267303026,0.05999999999999872,25685765.0,1522000,0,16.75,17.07,16.63,16.76
002634,棒杰股份,5.28,-1.1235955056179703,-0.05999999999999961,15706444.0,2976400,0,5.34,5.34,5.24,5.34
002635,安洁科技,13.9,-0.5010737294201881,-0.07000000000000028,35266995.0,2540100,0,13.99,13.99,13.84,13.97
002636,金安国纪,16.42,-1.4405762304921874,-0.23999999999999844,209873465.62,12793203,0,16.51,16.61,16.29,16.66
002637,赞宇科技,10.32,0.19417475728154926,0.019999999999999574,42456958.64,4119782,0,10.3,10.39,10.24,10.3
002638,勤上股份,3.12,0.0,0.0,44021095.0,14219600,0,3.11,3.15,3.05,3.12
002639,雪人集团,20.0,2.933607822954196,0.5700000000000003,3389689946.43,170404790,0,19.34,20.25,19.06,19.43
002640,跨境通,4.76,9.930715935334867,0.4299999999999997,594349229.0,126041000,0,4.42,4.76,4.41,4.33
002641,公元股份,4.35,-0.45766590389017076,-0.020000000000000462,17320755.0,3982780,0,4.37,4.37,4.33,4.37
002642,荣联科技,8.17,0.6157635467980384,0.05000000000000071,47451987.0,5806250,0,8.14,8.2,8.11,8.12
002643,万润股份,15.87,0.5066497783407224,0.08000000000000007,545398078.43,34279789,0,15.8,16.15,15.77,15.79
002644,佛慈制药,8.95,-1.5401540154015463,-0.14000000000000057,75109939.1,8364065,0,9.03,9.07,8.92,9.09
002645,华宏科技,14.68,0.4791238877481197,0.07000000000000028,87880947.0,6041014,0,14.65,14.69,14.43,14.61
002646,天佑德酒,8.94,0.6756756756756612,0.05999999999999872,19702833.3,2210498,0,8.87,8.98,8.86,8.88
002647,*ST仁东,7.33,0.13661202185792057,0.009999999999999787,55294112.0,7576700,0,7.27,7.36,7.21,7.32
002648,卫星化学,17.28,1.7068864037669378,0.2900000000000027,649716925.78,37683396,0,16.99,17.41,16.94,16.99
002649,博彦科技,12.97,0.8553654743390452,0.11000000000000121,66866432.91,5167901,0,12.83,13.03,12.83,12.86
002650,ST加加,6.63,-0.7485029940119734,-0.04999999999999982,21012526.5,3185050,0,6.68,6.69,6.54,6.68
002651,利君股份,11.86,4.770318021201406,0.5399999999999991,341332897.42,29099747,0,11.29,11.98,11.24,11.32
002652,扬子新材,3.6,-1.3698630136986254,-0.04999999999999982,47726013.0,13241000,0,3.65,3.67,3.55,3.65
002653,海思科,52.83,-0.3207547169811353,-0.1700000000000017,63557294.18,1204722,0,53.26,53.26,52.3,53.0
002654,万润科技,14.41,-0.20775623268697618,-0.02999999999999936,402435703.78,27731316,0,14.46,14.74,14.3,14.44
002655,共达电声,12.88,0.46801872074883377,0.0600000000000005,141079030.7,10968494,0,12.82,12.95,12.7,12.82
002656,*ST摩登,2.74,-0.3636363636363559,-0.009999999999999787,14570756.8,5301760,0,2.76,2.78,2.73,2.75
002657,中科金财,27.9,1.7505470459518484,0.4799999999999969,499613068.82,17994936,0,27.6,28.11,27.31,27.42
002658,雪迪龙,8.85,-1.5572858731924424,-0.14000000000000057,122427849.0,13916700,0,8.87,8.88,8.71,8.99
002659,凯文教育,5.44,-0.5484460694698238,-0.02999999999999936,28700563.1,5277098,0,5.47,5.47,5.41,5.47
002660,茂硕电源,9.3,-0.214592274678107,-0.019999999999999574,20687089.0,2226200,0,9.32,9.34,9.27,9.32
002661,克明食品,9.33,0.1072961373390535,0.009999999999999787,16486099.0,1766800,0,9.36,9.39,9.29,9.32
002662,峰璟股份,4.03,0.49875311720699406,0.020000000000000462,52641135.0,13112500,0,3.99,4.04,3.98,4.01
002663,普邦股份,1.95,-1.0152284263959401,-0.020000000000000018,34699940.0,17715800,0,1.97,1.98,1.94,1.97
002664,信质集团,22.66,1.659937191565729,0.370000000000001,103749963.68,4623198,0,22.4,22.67,22.23,22.29
002666,德联集团,5.5,-2.3090586145648295,-0.1299999999999999,175834250.5,31849728,0,5.56,5.62,5.47,5.63
002667,威领股份,13.32,-2.417582417582418,-0.33000000000000007,105759075.38,7930247,0,13.52,13.52,13.27,13.65
002668,TCL智家,10.8,1.0289990645463163,0.11000000000000121,77680432.4,7199428,0,10.63,10.89,10.57,10.69
002669,康达新材,14.99,0.7392473118279531,0.10999999999999943,173173840.0,11631600,0,14.63,15.05,14.58,14.88
002670,国盛证券,16.98,-0.6436512580456374,-0.10999999999999943,246426636.88,14468100,0,17.02,17.14,16.94,17.09
002671,龙泉股份,5.37,0.3738317757009432,0.020000000000000462,43148952.0,8096200,0,5.34,5.38,5.28,5.35
002672,东江环保,4.84,0.20703933747411568,0.009999999999999787,12570748.0,2604100,0,4.87,4.87,4.8,4.83
002673,西部证券,8.01,0.25031289111388705,0.019999999999999574,97636859.18,12167538,0,8.01,8.05,7.98,7.99
002674,兴业科技,13.91,-0.28673835125447417,-0.03999999999999915,42401146.0,3062300,0,13.99,14.0,13.75,13.95
002675,东诚药业,13.47,0.29784065524944847,0.040000000000000924,26758551.0,1989500,0,13.43,13.5,13.37,13.43
002676,顺威股份,8.36,0.8443908323281096,0.07000000000000028,90788897.0,10882350,0,8.35,8.43,8.28,8.29
002677,浙江美大,8.5,0.23584905660376854,0.019999999999999574,90640517.8,10620860,0,8.45,8.68,8.43,8.48
002678,珠江钢琴,5.3,1.9230769230769162,0.09999999999999964,125820649.9,23708780,0,5.25,5.4,5.22,5.2
002679,福建金森,12.64,0.7171314741035845,0.08999999999999986,77021127.0,6096300,0,12.55,12.81,12.5,12.55
002681,奋达科技,6.6,0.1517450682852775,0.009999999999999787,91249070.73,13844247,0,6.56,6.62,6.55,6.59
002682,龙洲股份,8.54,3.2648125755743598,0.2699999999999996,691906951.48,82035537,0,8.27,8.58,8.13,8.27
002683,广东宏大,41.67,1.1898980087421125,0.490000000000002,506930093.85,12354282,0,40.94,42.15,39.81,41.18
002685,华东重机,7.67,-0.3896103896103928,-0.03000000000000025,159400284.7,21051405,0,7.68,7.7,7.5,7.7
002686,亿利达,6.63,0.0,0.0,39355233.0,5961650,0,6.61,6.64,6.56,6.63
002687,乔治白,4.89,1.6632016632016646,0.08000000000000007,22949988.0,4717700,0,4.81,4.9,4.8,4.81
002688,金河生物,6.05,0.6655574043261238,0.040000000000000036,32200452.0,5328600,0,6.02,6.07,6.01,6.01
002689,ST远智,3.26,-0.3058103975535239,-0.010000000000000231,29231125.3,8932320,0,3.26,3.29,3.26,3.27
002690,美亚光电,21.33,1.2339819648789654,0.259999999999998,59008834.2,2765000,0,21.22,21.43,21.0,21.07
002691,冀凯股份,8.11,1.122194513715709,0.08999999999999986,32424923.0,4017200,0,8.05,8.2,7.97,8.02
002692,远程股份,5.25,0.7677543186180429,0.040000000000000036,21439871.0,4102200,0,5.18,5.27,5.18,5.21
002693,*ST双成,7.03,-1.815642458100557,-0.1299999999999999,35185563.0,4970100,0,7.08,7.17,7.02,7.16
002694,顾地科技,3.78,-0.5263157894736847,-0.020000000000000018,15874932.0,4201400,0,3.8,3.81,3.75,3.8
002695,煌上煌,11.94,-0.8305647840531533,-0.09999999999999964,22249031.95,1857841,0,12.07,12.07,11.93,12.04
002696,百洋股份,7.05,0.42735042735043094,0.03000000000000025,33504010.0,4764000,0,7.0,7.15,6.94,7.02
002697,红旗连锁,6.19,-1.2759170653907366,-0.07999999999999918,395276618.79,63433486,0,6.23,6.31,6.17,6.27
002698,博实股份,16.8,1.5719467956469262,0.26000000000000156,95540993.36,5690927,0,16.61,16.88,16.6,16.54
002700,万憬能源,6.8,0.0,0.0,7601182.0,1118100,0,6.8,6.82,6.78,6.8
002701,奥瑞金,6.21,0.3231017770597669,0.019999999999999574,206401599.22,33148709,0,6.23,6.35,6.14,6.19
002702,海欣食品,9.45,4.074889867841401,0.3699999999999992,1125550263.91,119836977,0,8.81,9.7,8.81,9.08
002703,浙江世宝,21.24,4.015670910871678,0.8199999999999967,2475757203.3,118966339,0,20.07,21.6,19.52,20.42
002705,新宝股份,14.4,0.6289308176100619,0.08999999999999986,37643386.2,2619390,0,14.32,14.43,14.27,14.31
002706,良信股份,10.38,2.8741328047571946,0.2900000000000009,178238339.28,17460261,0,10.15,10.39,10.09,10.09
002707,众信旅游,7.34,2.3709902370990226,0.16999999999999993,217486510.0,29983400,0,7.15,7.39,7.1,7.17
002708,光洋股份,13.18,3.8613081166272676,0.4900000000000002,282111334.68,21468040,0,12.89,13.33,12.81,12.69
002709,天赐材料,42.71,-1.8837583275901681,-0.8200000000000003,2069941052.99,48726418,0,42.61,43.02,42.02,43.53
002712,思美传媒,5.28,-0.3773584905660297,-0.019999999999999574,28610202.0,5415200,0,5.29,5.33,5.25,5.3
002713,*ST东易,10.89,5.014464802314382,0.5200000000000014,247772645.96,22978775,0,10.55,10.89,10.52,10.37
002714,牧原股份,47.88,-0.49875311720697196,-0.23999999999999488,595474751.17,12439397,0,47.9,48.11,47.72,48.12
002715,登云股份,17.57,-0.5096262740656844,-0.08999999999999986,31468112.0,1802000,0,17.66,17.66,17.32,17.66
002716,湖南白银,6.44,-4.592592592592587,-0.3099999999999996,758915972.96,117225734,0,6.56,6.56,6.44,6.75
002717,ST岭南,1.73,2.3668639053254457,0.040000000000000036,44784162.8,26188084,0,1.69,1.74,1.68,1.69
002718,友邦吊顶,0.0,-100.0,-32.67,0.0,0,0,0.0,0.0,0.0,32.67
002719,麦趣尔,8.72,-0.4566210045662003,-0.03999999999999915,34768030.0,3966400,0,8.79,8.87,8.7,8.76
002721,金一文化,3.09,0.6514657980456032,0.020000000000000018,67607334.0,21970400,0,3.09,3.1,3.05,3.07
002722,物产金轮,15.21,0.06578947368422082,0.010000000000001563,14751244.79,970245,0,15.2,15.24,15.13,15.2
002723,小崧股份,8.28,-1.54577883472058,-0.13000000000000078,78722748.8,9503520,0,8.44,8.46,8.2,8.41
002724,海洋王,6.81,0.8888888888888832,0.05999999999999961,16748856.6,2474340,0,6.74,6.82,6.71,6.75
002725,跃岭股份,17.34,-0.914285714285715,-0.16000000000000014,170763058.0,9767600,0,17.37,17.72,17.29,17.5
002726,龙大美食,4.21,0.238095238095233,0.009999999999999787,37236432.8,8872010,0,4.2,4.22,4.17,4.2
002727,一心堂,13.67,-0.0730994152046768,-0.009999999999999787,76331016.37,5573311,0,13.66,13.78,13.62,13.68
002728,特一药业,11.15,0.45045045045045684,0.05000000000000071,158600835.24,14281436,0,11.1,11.22,11.01,11.1
002729,好利科技,16.08,-0.6180469715698481,-0.10000000000000142,67514554.41,4205051,0,16.33,16.33,15.91,16.18
002730,电光科技,14.96,1.4237288135593278,0.21000000000000085,32682746.0,2197700,0,14.8,14.97,14.75,14.75
002731,萃华珠宝,12.97,-1.5933232169954408,-0.20999999999999908,62528998.0,4823500,0,13.11,13.11,12.89,13.18
002732,燕塘乳业,17.48,-1.0192525481313688,-0.17999999999999972,35557543.0,2027300,0,17.66,17.69,17.4,17.66
002733,雄韬股份,20.45,0.6893156080748428,0.14000000000000057,95892666.1,4724154,0,20.28,20.5,20.06,20.31
002734,利民股份,16.11,0.7504690431519652,0.11999999999999922,90995288.04,5655549,0,15.98,16.15,15.91,15.99
002735,王子新材,17.1,1.303317535545038,0.22000000000000242,523107337.81,30912815,0,16.78,17.17,16.7,16.88
002736,国信证券,13.2,0.0758150113722501,0.009999999999999787,176562171.0,13345100,0,13.22,13.29,13.15,13.19
002737,葵花药业,14.9,-0.1340482573726513,-0.019999999999999574,14252297.0,957300,0,14.95,14.95,14.85,14.92
002738,中矿资源,73.06,-3.0777394534359157,-2.319999999999993,1214525791.76,16601505,0,73.65,74.19,72.33,75.38
002739,万达电影,11.13,-0.26881720430106953,-0.02999999999999936,186876648.75,16802822,0,11.14,11.17,11.08,11.16
002741,光华科技,20.4,-0.5847953216374318,-0.120000000000001,176053661.96,8662932,0,20.52,20.57,20.15,20.52
002742,*ST三圣,4.68,-0.636942675159241,-0.03000000000000025,11859812.0,2533100,0,4.71,4.71,4.67,4.71
002743,富煌钢构,5.49,0.9191176470588203,0.04999999999999982,23050295.0,4203000,0,5.45,5.52,5.44,5.44
002745,木林森,9.87,0.3048780487804813,0.02999999999999936,229195045.0,23407890,0,9.82,9.87,9.72,9.84
002746,仙坛股份,6.12,0.327868852459024,0.020000000000000462,27670371.0,4523800,0,6.12,6.14,6.1,6.1
002747,埃斯顿,22.27,2.768804799261642,0.5999999999999979,243182536.96,11020241,0,21.77,22.28,21.71,21.67
002748,世龙实业,14.03,0.0,0.0,266260415.5,19144125,0,13.5,14.27,13.4,14.03
002749,国光股份,14.02,0.7907979870596653,0.10999999999999943,7524186.9,537830,0,13.98,14.05,13.89,13.91
002750,龙津退,0.59,3.5087719298245648,0.020000000000000018,11866185.0,19729839,0,0.6,0.63,0.57,0.57
002752,昇兴股份,8.08,-1.9417475728155356,-0.16000000000000014,695770248.61,84849470,0,8.59,8.63,7.88,8.24
002753,永东股份,7.22,0.27777777777777185,0.019999999999999574,17580887.01,2440687,0,7.21,7.26,7.15,7.2
002755,奥赛康,16.45,-0.9036144578313381,-0.15000000000000213,50161355.2,3043380,0,16.66,16.69,16.38,16.6
002756,永兴材料,49.94,-3.8320816483728133,-1.990000000000002,375646650.38,7492978,0,50.38,50.85,49.3,51.93
002757,南兴股份,16.01,1.0094637223974883,0.16000000000000192,28260506.0,1771700,0,15.84,16.02,15.81,15.85
002758,浙农股份,10.01,0.6030150753768895,0.0600000000000005,29911724.0,2996300,0,9.93,10.09,9.87,9.95
002759,天际股份,42.96,1.9943019943020026,0.8400000000000034,4255414043.89,102987258,0,40.51,43.3,39.66,42.12
002760,凤形股份,21.95,2.5700934579439285,0.5500000000000007,51446877.0,2376300,0,21.4,21.98,21.34,21.4
002761,浙江建投,8.62,0.0,0.0,26012977.0,3015300,0,8.63,8.66,8.61,8.62
002762,*ST金比,7.02,-0.847457627118651,-0.0600000000000005,9857449.5,1409150,0,7.08,7.08,6.88,7.08
002763,汇洁股份,7.89,10.041841004184098,0.7199999999999998,79901083.2,10126880,0,7.89,7.89,7.89,7.17
002765,蓝黛科技,12.17,-0.08210180623973552,-0.009999999999999787,115720882.77,9568970,0,12.1,12.18,12.01,12.18
002766,索菱股份,5.82,0.0,0.0,283344359.04,48931692,0,5.7,5.97,5.6,5.82
002767,先锋电子,21.68,-1.1399908800729595,-0.25,94751196.0,4378750,0,22.0,22.1,21.5,21.93
002768,国恩股份,50.83,-0.8582016773941971,-0.44000000000000483,100137078.0,2003500,0,51.27,51.28,49.21,51.27
002769,普路通,11.08,-3.8194444444444406,-0.4399999999999995,205129851.93,18376674,0,11.44,11.48,11.02,11.52
002771,真视通,15.03,-0.3976143141153115,-0.0600000000000005,19546019.9,1296100,0,15.09,15.18,15.03,15.09
002772,众兴菌业,14.95,1.0135135135135038,0.14999999999999858,217083192.29,14516565,0,14.78,15.26,14.65,14.8
002773,康弘药业,30.68,-0.19518542615484294,-0.05999999999999872,42089519.38,1372074,0,30.77,30.81,30.52,30.74
002774,快意电梯,9.74,1.670146137787058,0.16000000000000014,53425256.0,5502400,0,9.54,9.88,9.48,9.58
002775,文科股份,4.29,0.9411764705882361,0.040000000000000036,16786763.0,3931000,0,4.28,4.3,4.23,4.25
002777,久远银海,17.76,0.6232294617563909,0.11000000000000298,35028261.55,1979851,0,17.65,17.78,17.59,17.65
002778,中晟高科,20.98,-0.1427891480247555,-0.030000000000001137,19270771.2,918620,0,21.0,21.13,20.88,21.01
002779,中坚科技,114.0,1.4144649052575424,1.5900000000000034,234424446.4,2055790,0,113.8,115.6,112.33,112.41
002780,三夫户外,14.57,-0.2737850787132043,-0.03999999999999915,38408411.42,2635141,0,14.56,14.75,14.48,14.61
002782,可立克,18.92,-1.6632016632016462,-0.31999999999999673,146120298.0,7742950,0,18.96,19.06,18.75,19.24
002783,凯龙股份,9.5,-1.9607843137254852,-0.1899999999999995,98378242.37,10322810,0,9.66,9.69,9.48,9.69
002785,万里石,34.8,2.8368794326240945,0.9599999999999937,109205919.0,3201400,0,33.8,35.0,33.57,33.84
002786,银宝山新,8.61,0.46674445740955833,0.03999999999999915,21333615.0,2486400,0,8.56,8.62,8.55,8.57
002787,华源控股,12.72,1.0325655281969879,0.13000000000000078,99022783.1,7938757,0,12.59,12.76,12.27,12.59
002788,鹭燕医药,19.89,1.221374045801537,0.240000000000002,1191925725.67,62859688,0,19.0,20.05,18.01,19.65
002789,*ST建艺,10.0,5.042016806722694,0.4800000000000004,36077940.2,3650950,0,9.53,10.0,9.53,9.52
002790,瑞尔特,9.0,-0.5524861878453117,-0.05000000000000071,49762590.0,5503200,0,9.02,9.25,8.93,9.05
002791,坚朗五金,21.64,-1.4123006833712926,-0.3099999999999987,69902681.7,3220385,0,21.95,21.96,21.6,21.95
002792,通宇通讯,38.18,9.997118985883027,3.469999999999999,4152481308.06,111606537,0,35.83,38.18,35.83,34.71
002793,罗欣药业,4.91,-0.8080808080808087,-0.040000000000000036,22947485.0,4672200,0,4.93,4.95,4.89,4.95
002795,永和智控,6.89,3.7650602409638556,0.25,119820068.64,17557196,0,6.63,6.93,6.55,6.64
002796,世嘉科技,28.83,1.0515247108306944,0.29999999999999716,1048777702.13,36255202,0,29.0,30.44,27.57,28.53
002797,第一创业,6.93,0.14450867052022812,0.009999999999999787,155471746.83,22392652,0,6.91,6.96,6.89,6.92
002798,帝欧水华,5.81,-0.171821305841936,-0.010000000000000675,8727679.0,1505200,0,5.87,5.87,5.76,5.82
002799,环球印务,8.81,1.849710982658961,0.16000000000000014,49061775.0,5618360,0,8.64,8.87,8.61,8.65
002800,天顺股份,16.34,10.033670033670035,1.4900000000000002,171907035.58,10755673,0,15.66,16.34,15.13,14.85
002801,微光股份,34.57,1.7962308598350982,0.6099999999999994,48835504.69,1425269,0,34.14,34.58,33.86,33.96
002802,洪汇新材,12.53,0.4006410256410171,0.049999999999998934,13055206.0,1041800,0,12.54,12.6,12.44,12.48
002803,吉宏股份,17.08,-0.2918855808523101,-0.05000000000000071,186627806.19,10792338,0,17.42,17.64,17.06,17.13
002805,丰元股份,16.85,-0.5312868949232578,-0.08999999999999986,116287111.29,6933303,0,16.75,16.93,16.6,16.94
002806,华锋股份,12.57,2.7800490596892873,0.33999999999999986,149669458.2,11869128,0,12.7,12.99,12.35,12.23
002807,江阴银行,4.69,-0.21276595744680396,-0.009999999999999787,52887023.0,11216420,0,4.7,4.74,4.69,4.7
002808,*ST恒久,4.97,1.2219959266802365,0.05999999999999961,7638104.0,1545200,0,4.92,5.01,4.9,4.91
002809,红墙股份,10.77,0.18604651162790303,0.019999999999999574,15813869.0,1471175,0,10.83,10.83,10.66,10.75
002810,山东赫达,15.44,-2.2784810126582355,-0.3600000000000012,232797838.54,15027641,0,15.64,15.84,15.28,15.8
002811,郑中设计,14.77,3.649122807017541,0.5199999999999996,69943049.0,4828850,0,14.35,14.8,14.27,14.25
002812,恩捷股份,51.39,-1.0208012326656417,-0.5300000000000011,759380201.38,14855998,0,51.19,51.82,50.6,51.92
002813,路畅科技,29.54,-1.533333333333336,-0.46000000000000085,122802998.0,4150500,0,29.9,30.09,29.17,30.0
002815,崇达技术,13.94,0.2877697841726557,0.03999999999999915,188087638.2,13613195,0,13.92,13.95,13.7,13.9
002816,*ST和科,21.01,0.7190795781399911,0.15000000000000213,27282080.0,1294800,0,20.86,21.2,20.82,20.86
002817,黄山胶囊,7.81,-0.2554278416347441,-0.020000000000000462,16410682.07,2094424,0,7.83,7.89,7.78,7.83
002818,富森美,11.28,0.266666666666661,0.02999999999999936,15452321.44,1370601,0,11.28,11.31,11.24,11.25
002819,东方中科,26.8,-0.740740740740738,-0.1999999999999993,35334483.0,1314400,0,27.02,27.15,26.77,27.0
002820,桂发祥,12.43,-2.1259842519685006,-0.2699999999999996,106944483.5,8536500,0,12.71,12.77,12.33,12.7
002821,凯莱英,95.42,0.14693534844668407,0.14000000000000057,100419487.2,1053000,0,95.45,96.25,94.83,95.28
002822,*ST中装,3.98,0.759493670886071,0.029999999999999805,48254120.38,12251182,0,3.96,3.98,3.89,3.95
002823,凯中精密,16.06,-0.12437810945273367,-0.019999999999999574,49544769.0,3110900,0,15.99,16.06,15.84,16.08
002824,和胜股份,18.4,-1.28755364806868,-0.240000000000002,36465607.17,1981181,0,18.55,18.6,18.34,18.64
002825,纳尔股份,11.78,1.0291595197255508,0.11999999999999922,88605809.0,7500300,0,11.72,11.92,11.63,11.66
002826,易明医药,18.09,0.33277870216305444,0.05999999999999872,17119794.0,947800,0,18.11,18.14,17.99,18.03
002827,高争民爆,40.4,-3.0710172744721715,-1.2800000000000011,613821105.0,15352750,0,42.0,42.05,39.24,41.68
002828,贝肯能源,11.07,0.0904159132007214,0.009999999999999787,38386106.5,3470450,0,11.06,11.14,10.99,11.06
002829,星网宇达,29.93,-0.4324683965402495,-0.129999999999999,704059939.3,23442763,0,30.06,30.69,29.57,30.06
002830,名雕股份,20.64,4.400606980273146,0.870000000000001,129923875.91,6374859,0,19.59,20.8,19.5,19.77
002831,裕同科技,29.01,-0.10330578512395862,-0.029999999999997584,26059229.0,901200,0,29.14,29.16,28.74,29.04
002832,比音勒芬,15.13,-0.26367831245879464,-0.03999999999999915,26506381.0,1750700,0,15.16,15.19,15.11,15.17
002833,弘亚数控,15.82,-0.06317119393556403,-0.009999999999999787,11439970.39,723376,0,15.85,15.85,15.79,15.83
002835,同为股份,16.35,0.5535055350553496,0.08999999999999986,13446804.0,824500,0,16.26,16.38,16.2,16.26
002836,新宏泽,15.0,-0.13315579227696123,-0.019999999999999574,81126747.0,5519184,0,14.99,15.19,14.3,15.02
002837,英维克,112.0,0.7466042997211463,0.8299999999999983,5711511614.56,50654783,0,110.6,116.5,109.88,111.17
002838,道恩股份,24.35,-0.2866502866502878,-0.07000000000000028,41295253.3,1701306,0,24.43,24.6,24.13,24.42
002839,张家港行,4.59,0.0,0.0,52191322.02,11357959,0,4.58,4.62,4.56,4.59
002840,华统股份,9.43,-0.5274261603375602,-0.05000000000000071,52844764.84,5605461,0,9.47,9.48,9.38,9.48
002841,视源股份,38.89,0.05145356315925683,0.020000000000003126,63942053.0,1648500,0,38.87,38.95,38.61,38.87
002842,翔鹭钨业,13.59,-3.480113636363638,-0.4900000000000002,498971167.12,36448949,0,13.85,13.99,13.46,14.08
002843,泰嘉股份,20.08,1.516683518705749,0.29999999999999716,178740158.81,9028409,0,19.8,20.14,19.6,19.78
002845,同兴达,14.36,-0.8287292817679627,-0.120000000000001,63912714.4,4443780,0,14.46,14.52,14.29,14.48
002846,英联股份,16.37,0.6146281499692773,0.10000000000000142,108347841.0,6608700,0,16.29,16.61,16.25,16.27
002847,盐津铺子,70.0,-0.5540559738599241,-0.39000000000000057,105976680.2,1511591,0,70.8,70.8,69.67,70.39
002848,*ST高斯,8.17,-0.12224938875305363,-0.009999999999999787,21830986.0,2677500,0,8.18,8.3,8.06,8.18
002849,威星智能,15.64,1.9556714471968755,0.3000000000000007,97937417.07,6302933,0,15.36,15.75,15.31,15.34
002850,科达利,153.85,2.2259136212624546,3.3499999999999943,288474612.31,1899495,0,150.44,153.86,149.31,150.5
002851,麦格米特,92.38,-2.0256655000530395,-1.9100000000000108,2033658233.04,21728498,0,93.35,95.79,91.52,94.29
002852,道道全,10.81,-0.0924214417744897,-0.009999999999999787,18481468.0,1709800,0,10.82,10.86,10.76,10.82
002853,皮阿诺,20.49,-6.352833638025597,-1.3900000000000006,348177986.64,16636564,0,21.5,22.0,20.29,21.88
002855,捷荣技术,16.51,0.3037667071688986,0.05000000000000071,18496818.0,1123300,0,16.48,16.55,16.41,16.46
002856,美芝股份,11.77,0.42662116040954723,0.049999999999998934,43056769.0,3644400,0,11.78,11.94,11.73,11.72
002857,三晖电气,20.57,-1.7200191113234564,-0.35999999999999943,33024163.0,1594000,0,21.06,21.1,20.51,20.93
002858,力盛体育,15.21,-0.7827788649706408,-0.11999999999999922,56925012.0,3743500,0,15.45,15.45,15.05,15.33
002859,洁美科技,27.97,-1.9971969166082701,-0.5700000000000003,80072697.4,2850440,0,28.64,28.64,27.82,28.54
002860,星帅尔,13.71,0.2192982456140434,0.030000000000001137,58634746.0,4278820,0,13.63,13.82,13.6,13.68
002861,瀛通通讯,18.29,-0.3812636165577358,-0.07000000000000028,39652226.2,2173530,0,18.43,18.43,18.13,18.36
002862,实丰文化,20.18,-0.3948667324777978,-0.08000000000000185,58660719.8,2918540,0,20.26,20.38,20.0,20.26
002863,今飞凯达,5.91,0.8532423208191096,0.04999999999999982,67420077.0,11460460,0,5.85,5.92,5.83,5.86
002864,盘龙药业,31.7,-0.2831078955646425,-0.08999999999999986,40564688.0,1280700,0,31.78,31.89,31.5,31.79
002865,钧达股份,49.55,1.1018159559273601,0.5399999999999991,1570723586.95,31110496,0,49.49,51.79,49.39,49.01
002866,传艺科技,17.69,0.11318619128466084,0.019999999999999574,50082303.0,2840200,0,17.67,17.72,17.51,17.67
002867,周大生,12.21,0.32867707477404207,0.040000000000000924,33873944.0,2779400,0,12.19,12.23,12.15,12.17
002868,*ST绿康,34.77,-0.600343053173224,-0.20999999999999375,20129545.0,578700,0,34.89,35.09,34.41,34.98
002869,金溢科技,24.3,2.5316455696202596,0.6000000000000014,64703897.42,2717306,0,23.6,24.3,23.42,23.7
002870,香山股份,37.9,5.044345898004435,1.8200000000000003,95909454.0,2596100,0,36.08,37.96,36.03,36.08
002871,伟隆股份,16.81,-1.580796252927398,-0.2699999999999996,80852121.3,4801010,0,17.01,17.2,16.66,17.08
002872,ST天圣,4.89,0.20491803278688087,0.009999999999999787,2918392.0,598100,0,4.88,4.9,4.87,4.88
002873,新天药业,10.07,0.09940357852882492,0.009999999999999787,14761313.0,1466100,0,10.06,10.14,10.02,10.06
002875,安奈儿,15.85,0.44359949302915264,0.07000000000000028,15513518.0,983100,0,15.78,15.9,15.7,15.78
002876,三利谱,23.33,-0.25651988029073225,-0.060000000000002274,16869492.0,723700,0,23.39,23.49,23.21,23.39
002877,智能自控,9.39,0.5353319057815922,0.05000000000000071,72386197.0,7755700,0,9.3,9.42,9.25,9.34
002878,元隆雅图,17.57,-0.22714366837023933,-0.03999999999999915,69248762.0,3943600,0,17.55,17.67,17.4,17.61
002879,长缆科技,19.02,-1.9587628865979332,-0.379999999999999,208847234.05,11069700,0,18.93,19.2,18.6,19.4
002880,卫光生物,26.02,0.1925298421255322,0.05000000000000071,8060860.7,310067,0,26.02,26.07,25.91,25.97
002881,美格智能,43.8,2.217036172695439,0.9499999999999957,135923052.0,3156700,0,42.97,43.84,42.6,42.85
002882,金龙羽,31.42,0.9315772566656046,0.2900000000000027,157471591.0,5013900,0,31.15,31.7,31.0,31.13
002883,中设股份,10.98,0.1824817518248136,0.019999999999999574,13191496.0,1204300,0,10.99,11.05,10.89,10.96
002884,凌霄泵业,18.14,0.610094287298943,0.10999999999999943,24798139.16,1374668,0,18.08,18.14,17.95,18.03
002885,京泉华,27.61,-2.9525483304042175,-0.8399999999999999,720566475.89,26017978,0,27.9,28.12,27.4,28.45
002886,沃特股份,20.24,0.5464480874316913,0.10999999999999943,56306612.0,2792500,0,20.15,20.28,19.99,20.13
002887,绿茵生态,9.44,0.4255319148936079,0.03999999999999915,10374082.5,1101300,0,9.4,9.46,9.36,9.4
002888,惠威科技,20.12,-1.5173764072442424,-0.3099999999999987,69113082.0,3417600,0,20.44,20.6,20.05,20.43
002889,东方嘉盛,16.36,-0.9685230024213084,-0.16000000000000014,83993141.36,5109804,0,16.62,16.73,16.28,16.52
002890,弘宇股份,14.96,0.9446693657220012,0.14000000000000057,9388825.3,629430,0,14.82,14.99,14.81,14.82
002891,中宠股份,53.12,0.16971525551573882,0.0899999999999963,47950716.39,902987,0,52.9,53.45,52.81,53.03
002892,科力尔,13.01,3.008709422011077,0.379999999999999,139460683.75,10792349,0,12.64,13.15,12.6,12.63
002893,京能热力,11.38,-0.61135371179038,-0.06999999999999851,47082347.0,4131500,0,11.44,11.45,11.36,11.45
002895,川恒股份,36.61,-0.32670841274162116,-0.11999999999999744,258051270.82,7014665,0,36.65,37.36,36.33,36.73
002896,中大力德,84.79,2.7882167535458984,2.3000000000000114,458023731.17,5436112,0,82.95,85.0,82.95,82.49
002897,意华股份,49.22,-0.9857171595252505,-0.490000000000002,222695844.78,4530638,0,49.51,49.8,48.7,49.71
002898,*ST赛隆,13.44,0.6741573033707855,0.08999999999999986,4714207.0,352600,0,13.35,13.46,13.28,13.35
002899,英派斯,26.27,0.45889101338432503,0.120000000000001,53354662.06,2032601,0,26.03,26.6,26.03,26.15
002900,哈三联,12.85,-0.31031807602793576,-0.040000000000000924,21600867.0,1682250,0,12.87,12.91,12.78,12.89
002901,大博医疗,49.1,-0.48642075395217266,-0.240000000000002,36401162.0,740100,0,49.29,49.6,48.83,49.34
002902,铭普光磁,23.3,0.7785467128027669,0.17999999999999972,148966702.92,6408285,0,23.05,23.53,23.01,23.12
002903,宇环数控,22.06,0.7305936073059367,0.16000000000000014,48677511.71,2226023,0,21.9,22.07,21.68,21.9
002905,金逸影视,10.45,0.8687258687258673,0.08999999999999986,33703826.4,3249020,0,10.36,10.47,10.27,10.36
002906,华阳集团,31.23,0.3212335367812445,0.10000000000000142,109344628.08,3521358,0,31.03,31.28,30.86,31.13
002907,华森制药,15.23,1.7368069472277874,0.2599999999999998,43927444.0,2860100,0,15.03,15.68,14.93,14.97
002908,德生科技,9.47,0.8519701810436643,0.08000000000000007,23119312.82,2455566,0,9.38,9.48,9.35,9.39
002909,集泰股份,8.37,2.6993865030674704,0.21999999999999886,283138238.85,31937000,0,8.97,8.97,8.27,8.15
002910,庄园牧场,12.01,-1.557377049180324,-0.1899999999999995,299499908.0,24877700,0,12.13,12.4,11.81,12.2
002911,佛燃能源,12.39,0.48661800486618406,0.0600000000000005,58981168.27,4769398,0,12.33,12.48,12.26,12.33
002912,中新赛克,29.23,-0.03419972640218198,-0.00999999999999801,35836547.0,1228200,0,29.3,29.43,29.03,29.24
002913,奥士康,42.24,-0.306820863818729,-0.12999999999999545,74265384.0,1765000,0,42.35,42.88,41.79,42.37
002915,中欣氟材,23.22,0.9565217391304299,0.21999999999999886,187396424.41,8085173,0,22.89,23.45,22.75,23.0
002916,深南电路,221.89,-3.2273540058441306,-7.400000000000006,923113267.14,4138554,0,227.0,228.62,219.5,229.29
002917,金奥博,13.33,0.2255639097744313,0.02999999999999936,29416954.0,2209250,0,13.29,13.37,13.23,13.3
002918,蒙娜丽莎,14.2,0.28248587570620864,0.03999999999999915,35861949.25,2551100,0,14.16,14.25,13.88,14.16
002919,名臣健康,21.88,2.0046620046620034,0.4299999999999997,54023206.32,2511660,0,21.61,22.17,21.24,21.45
002920,德赛西威,124.61,-2.1284951303801396,-2.7099999999999937,1014247365.4,8129035,0,126.05,126.19,124.02,127.32
002921,联诚精密,15.45,1.9129287598944535,0.28999999999999915,41227852.0,2690200,0,15.13,15.63,15.1,15.16
002922,伊戈尔,33.2,-1.2198750371913019,-0.4099999999999966,333819350.36,10011170,0,33.01,33.99,32.88,33.61
002923,润都股份,12.33,0.08116883116882943,0.009999999999999787,16860012.68,1368574,0,12.31,12.37,12.26,12.32
002925,盈趣科技,17.19,0.5263157894736833,0.08999999999999986,93225533.41,5442821,0,17.0,17.22,16.97,17.1
002926,华西证券,9.43,0.6403415154749253,0.0600000000000005,85406845.45,9054701,0,9.36,9.46,9.34,9.37
002927,泰永长征,20.4,1.240694789081886,0.25,388915295.53,19306938,0,20.03,20.64,19.7,20.15
002928,华夏航空,11.11,1.3686131386861182,0.14999999999999858,150501986.34,13751128,0,10.96,11.2,10.73,10.96
002929,润建股份,39.47,0.7658922644881214,0.29999999999999716,62240193.62,1583680,0,39.2,39.55,39.1,39.17
002930,宏川智慧,11.18,1.6363636363636338,0.17999999999999972,38120357.76,3405936,0,11.06,11.28,10.97,11.0
002931,锋龙股份,21.65,10.01016260162601,1.9699999999999989,15245540.3,704182,0,21.65,21.65,21.65,19.68
002932,明德生物,17.83,0.11229646266142379,0.019999999999999574,12437616.86,696574,0,17.82,17.94,17.81,17.81
002933,新兴装备,35.72,2.702702702702696,0.9399999999999977,146074668.11,4093320,0,34.83,36.03,34.62,34.78
002935,天奥电子,22.09,10.009960159362558,2.0100000000000016,632842896.58,28999718,0,20.0,22.09,20.0,20.08
002936,郑州银行,1.94,-0.5128205128205132,-0.010000000000000009,18299683.88,9415452,0,1.94,1.95,1.94,1.95
002937,兴瑞科技,22.7,1.2940651494868325,0.28999999999999915,86995684.72,3867551,0,22.43,22.88,22.18,22.41
002938,鹏鼎控股,51.88,-1.8725174957442687,-0.9899999999999949,754003137.76,14430861,0,52.38,53.0,51.66,52.87
002939,长城证券,10.22,0.590551181102367,0.0600000000000005,190983025.0,18659720,0,10.16,10.32,10.14,10.16
002940,昂利康,33.45,-1.2400354295836866,-0.4199999999999946,109729998.0,3278300,0,33.59,33.9,33.13,33.87
002941,新疆交建,16.47,0.30450669914736395,0.04999999999999716,206800414.43,12509300,0,16.68,16.79,16.38,16.42
002942,新农股份,20.05,-0.19910403185664083,-0.03999999999999915,15065065.0,754800,0,20.01,20.16,19.83,20.09
002943,宇晶股份,35.45,-0.3093363329583786,-0.10999999999999943,99391606.76,2819398,0,35.61,36.0,34.69,35.56
002945,华林证券,14.37,0.0,0.0,47145471.3,3280190,0,14.43,14.43,14.27,14.37
002946,新乳业,18.45,-0.9129967776584409,-0.1700000000000017,46053677.0,2477400,0,18.5,18.69,18.45,18.62
002947,恒铭达,56.7,9.080415544440182,4.720000000000006,1093102218.46,19758203,0,52.55,57.18,52.55,51.98
002948,青岛银行,4.57,-0.21834061135370714,-0.009999999999999787,60194132.3,13095250,0,4.58,4.62,4.57,4.58
002949,华阳国际,15.32,4.359673024523165,0.6400000000000006,134629033.0,8794200,0,14.66,15.6,14.61,14.68
002950,奥美医疗,11.29,0.534283170080131,0.05999999999999872,24940075.0,2217000,0,11.25,11.32,11.15,11.23
002951,金时科技,16.82,10.006540222367569,1.5300000000000011,365888244.65,23080419,0,15.0,16.82,14.72,15.29
002952,亚世光电,19.81,-1.197007481296768,-0.240000000000002,36963083.0,1866500,0,20.03,20.03,19.68,20.05
002953,日丰股份,11.74,0.0,0.0,28431533.76,2427769,0,11.77,11.78,11.66,11.74
002955,鸿合科技,29.95,1.0118043844856686,0.3000000000000007,61914961.9,2086200,0,29.61,29.99,29.31,29.65
002956,西麦食品,26.66,1.5232292460015178,0.3999999999999986,44407393.35,1681365,0,26.2,26.79,26.05,26.26
002957,科瑞技术,22.73,2.479711451758344,0.5500000000000007,343458323.23,15246090,0,22.21,22.83,22.12,22.18
002958,青农商行,3.13,-0.3184713375796252,-0.010000000000000231,34506950.0,10987100,0,3.14,3.15,3.13,3.14
002959,小熊电器,42.81,-1.472957422324512,-0.6400000000000006,47437556.86,1105835,0,43.09,43.24,42.7,43.45
002960,青鸟消防,11.34,-0.6134969325153399,-0.07000000000000028,209466164.0,18259168,0,11.44,11.65,11.32,11.41
002961,瑞达期货,28.83,-1.3009243409791256,-0.38000000000000256,870244917.24,29669258,0,29.22,30.09,28.81,29.21
002962,五方光电,14.31,0.06993006993006844,0.009999999999999787,16444035.99,1149303,0,14.24,14.36,14.24,14.3
002963,豪尔赛,14.77,0.4078857919782374,0.05999999999999872,19350207.0,1317200,0,14.95,15.06,14.49,14.71
002965,祥鑫科技,38.72,2.271526677231906,0.8599999999999994,183686118.5,4794660,0,38.19,38.72,37.96,37.86
002966,苏州银行,8.37,0.0,0.0,152751216.41,18206878,0,8.37,8.45,8.33,8.37
002967,广电计量,21.97,2.9522024367385145,0.629999999999999,280239229.6,12750820,0,21.35,22.3,21.27,21.34
002968,新大正,11.9,1.1904761904761954,0.14000000000000057,19822235.0,1669400,0,11.85,11.98,11.78,11.76
002969,嘉美包装,8.9,10.012360939431403,0.8100000000000005,16494022.9,1853261,0,8.9,8.9,8.9,8.09
002970,锐明技术,49.29,-1.083684527393135,-0.5399999999999991,192196021.1,3931493,0,49.8,49.8,48.31,49.83
002971,和远气体,31.08,2.3041474654377856,0.6999999999999993,112731654.3,3710730,0,30.53,31.22,29.73,30.38
002972,科安达,12.38,-1.0391686650679377,-0.129999999999999,19141526.4,1545920,0,12.51,12.55,12.3,12.51
002973,侨银股份,13.54,-0.8784773060029356,-0.120000000000001,15892368.0,1178900,0,13.64,13.64,13.41,13.66
002975,博杰股份,80.92,-0.7725321888411961,-0.6299999999999955,294042537.36,3635868,0,80.11,82.31,80.07,81.55
002976,瑞玛精密,27.6,0.14513788098694738,0.0400000000000027,39165844.4,1426600,0,27.57,27.79,27.28,27.56
002977,天箭科技,43.02,3.787696019300362,1.5700000000000003,334449403.6,7844376,0,40.88,43.5,40.8,41.45
002978,安宁股份,32.04,-0.062383031815355976,-0.020000000000003126,76563435.9,2403447,0,31.89,32.16,31.62,32.06
002979,雷赛智能,39.86,2.1265693056623065,0.8299999999999983,112191135.84,2833167,0,39.13,39.88,38.8,39.03
002980,华盛昌,21.08,-0.14211274277594096,-0.030000000000001137,19502305.8,929480,0,21.05,21.11,20.86,21.11
002981,朝阳科技,29.1,0.17211703958692154,0.05000000000000071,36350905.0,1254500,0,29.12,29.12,28.82,29.05
002982,湘佳股份,13.91,-0.07183908045976858,-0.009999999999999787,14045324.4,1012240,0,13.94,13.95,13.8,13.92
002983,芯瑞达,23.11,2.3472099202834418,0.5300000000000011,145998389.69,6361647,0,22.63,23.16,22.48,22.58
002984,森麒麟,20.86,-1.3711583924349842,-0.28999999999999915,143117726.86,6838065,0,21.13,21.13,20.82,21.15
002985,北摩高科,31.73,3.3550488599348576,1.0300000000000011,391025137.86,12443088,0,30.66,32.01,30.6,30.7
002986,宇新股份,10.94,0.9225092250922476,0.09999999999999964,18650533.18,1717149,0,10.89,10.95,10.81,10.84
002987,京北方,20.18,4.127966976264194,0.8000000000000007,447333984.06,22366844,0,19.6,20.48,19.59,19.38
002988,豪美新材,36.91,0.43537414965985466,0.1599999999999966,51884374.0,1409400,0,36.5,37.11,36.24,36.75
002989,中天精装,30.41,0.42932628797886063,0.129999999999999,86902544.2,2855700,0,30.59,30.88,30.01,30.28
002990,盛视科技,28.12,1.3698630136986394,0.38000000000000256,46700962.0,1664300,0,27.75,28.34,27.63,27.74
002991,甘源食品,57.77,0.7499128008371114,0.4299999999999997,29069927.4,502514,0,57.79,58.18,57.3,57.34
002992,宝明科技,50.58,-0.3153330705557818,-0.1600000000000037,24731831.0,488300,0,50.74,51.2,50.18,50.74
002993,奥海科技,44.78,-1.0605391073795778,-0.4799999999999969,103245054.6,2321350,0,45.26,45.27,44.19,45.26
002995,天地在线,16.36,0.0,0.0,23503138.0,1438800,0,16.3,16.41,16.23,16.36
002996,顺博合金,7.37,-0.13550135501354726,-0.009999999999999787,31894967.5,4364250,0,7.35,7.39,7.25,7.38
002997,瑞鹄模具,36.81,0.08156606851550065,0.030000000000001137,36790573.24,999584,0,37.02,37.18,36.67,36.78
002998,优彩资源,7.87,1.5483870967741948,0.1200000000000001,73217088.75,9466016,0,7.77,7.9,7.6,7.75
002999,天禾股份,6.86,1.1799410029498536,0.08000000000000007,24327177.2,3558420,0,6.79,6.89,6.75,6.78
003000,劲仔食品,11.71,0.08547008547009884,0.010000000000001563,31809330.0,2718700,0,11.7,11.77,11.64,11.7
003001,中岩大地,20.32,-0.7812500000000007,-0.16000000000000014,26531557.6,1310551,0,20.44,20.48,20.15,20.48
003002,壶化股份,30.8,0.6864988558352431,0.21000000000000085,63974040.0,2087400,0,30.88,30.88,30.18,30.59
003003,天元股份,15.4,10.000000000000002,1.4000000000000004,426450034.1,28250347,0,14.01,15.4,14.0,14.0
003004,*ST声迅,22.45,0.4025044722719135,0.08999999999999986,6007373.0,267400,0,22.35,22.52,22.28,22.36
003005,竞业达,20.27,0.3962357602773566,0.0799999999999983,18707794.4,924200,0,20.16,20.31,20.16,20.19
003006,百亚股份,20.99,0.2866698518872371,0.05999999999999872,30222215.0,1436700,0,20.94,21.35,20.89,20.93
003007,直真科技,39.01,10.011280315848836,3.549999999999997,191019334.9,4898190,0,38.95,39.01,38.88,35.46
003008,开普检测,22.42,0.7640449438202324,0.1700000000000017,12459761.3,556935,0,22.21,22.5,22.1,22.25
003009,中天火箭,68.57,9.993583573949293,6.22999999999999,869047875.51,12996869,0,62.28,68.57,61.9,62.34
003010,若羽臣,36.22,0.055248618784519386,0.01999999999999602,187249251.56,5156268,0,36.03,37.1,35.69,36.2
003011,海象新材,22.11,-0.2256317689530718,-0.05000000000000071,23047124.6,1042020,0,22.22,22.32,22.0,22.16
003012,东鹏控股,6.83,0.0,0.0,12004905.0,1759100,0,6.85,6.86,6.81,6.83
003013,地铁设计,14.3,0.0,0.0,21302232.0,1488800,0,14.37,14.37,14.27,14.3
003015,日久光电,15.9,0.2522068095838646,0.040000000000000924,33181193.0,2092400,0,15.95,15.95,15.79,15.86
003016,欣贺股份,11.36,9.97095837366892,1.0299999999999994,688767553.02,61787029,0,11.15,11.36,10.54,10.33
003017,大洋生物,29.85,0.674536256323787,0.20000000000000284,20067698.72,675598,0,29.75,29.89,29.53,29.65
003018,金富科技,17.83,1.1344299489506482,0.1999999999999993,68501844.71,3851237,0,17.73,17.94,17.52,17.63
003019,宸展光电,34.05,1.098574821852724,0.36999999999999744,67936091.73,2001879,0,33.7,34.35,33.66,33.68
003020,立方制药,26.8,-0.2605135839225913,-0.07000000000000028,13532992.2,506046,0,26.87,26.88,26.65,26.87
003021,兆威机电,119.25,3.2020770229337976,3.700000000000003,841970801.17,7123967,0,115.54,119.86,115.42,115.55
003022,联泓新科,19.45,-0.15400410677618653,-0.030000000000001137,93977604.0,4824100,0,19.47,19.67,19.33,19.48
003023,彩虹集团,22.5,-0.3101462117855573,-0.07000000000000028,23944181.0,1065300,0,22.57,22.78,22.29,22.57
003025,思进智能,14.32,2.13980028530671,0.3000000000000007,42995386.43,3022345,0,14.08,14.35,14.07,14.02
003026,中晶科技,31.17,-0.66921606118546,-0.2099999999999973,28192365.6,902742,0,31.38,31.46,31.06,31.38
003027,同兴科技,21.14,-0.2830188679245223,-0.05999999999999872,37740193.0,1791400,0,21.14,21.23,20.82,21.2
003028,振邦智能,29.39,0.30716723549488006,0.08999999999999986,11874899.9,404880,0,29.36,29.44,29.23,29.3
003029,吉大正元,27.4,-0.5805515239477509,-0.16000000000000014,305601699.0,11334100,0,26.66,27.54,26.48,27.56
003030,祖名股份,20.64,1.0279001468428823,0.21000000000000085,18599182.0,905900,0,20.52,20.7,20.31,20.43
003031,中瓷电子,75.89,-2.0142027114267296,-1.5600000000000023,353760729.45,4653630,0,76.5,77.75,75.01,77.45
003032,*ST传智,6.3,0.31847133757961105,0.019999999999999574,12616419.0,2004800,0,6.29,6.33,6.27,6.28
003033,征和工业,69.37,4.0810202550637635,2.719999999999999,178907055.0,2595300,0,67.0,70.89,67.0,66.65
003035,南网能源,4.71,0.0,0.0,21702068.0,4616600,0,4.72,4.72,4.68,4.71
003036,泰坦股份,15.82,1.3452914798206332,0.21000000000000085,24240378.0,1540500,0,15.61,15.96,15.5,15.61
003037,三和管桩,7.82,0.6435006435006526,0.05000000000000071,62204533.88,8079517,0,7.77,7.86,7.59,7.77
003038,鑫铂股份,15.44,-0.06472491909384975,-0.009999999999999787,26190698.0,1694800,0,15.52,15.55,15.37,15.45
003039,顺控发展,14.79,0.5438477226376498,0.0799999999999983,49727193.0,3387600,0,14.7,14.85,14.52,14.71
003040,楚天龙,19.63,2.506527415143606,0.4800000000000004,487937137.85,24878703,0,19.5,19.9,19.32,19.15
003041,真爱美家,43.2,0.769769069279229,0.3300000000000054,94070939.8,2195820,0,42.82,43.47,42.2,42.87
003042,中农联合,16.39,3.0169704588309263,0.4800000000000004,68709419.3,4205270,0,15.95,16.8,15.92,15.91
003043,华亚智能,45.5,-1.4084507042253491,-0.6499999999999986,41874540.27,919219,0,46.15,46.3,45.32,46.15
003816,中国广核,3.88,1.0416666666666676,0.040000000000000036,286768396.02,73971051,0,3.84,3.9,3.84,3.84
300001,特锐德,26.48,-0.6751687921980485,-0.17999999999999972,293983714.27,11060180,0,26.66,26.86,26.4,26.66
300002,神州泰岳,11.38,0.707964601769912,0.08000000000000007,216713052.44,19127382,0,11.3,11.41,11.25,11.3
300003,乐普医疗,16.11,1.448362720403014,0.22999999999999865,214505532.54,13326873,0,15.88,16.23,15.8,15.88
300004,南风股份,12.51,3.132728771640552,0.379999999999999,494640414.18,39272622,0,12.16,13.08,12.14,12.13
300005,探路者,10.96,-1.1722272317402975,-0.129999999999999,144801621.6,13230180,0,10.96,11.08,10.88,11.09
300006,莱美药业,5.31,2.5096525096525077,0.1299999999999999,148644266.44,28215330,0,5.16,5.42,5.1,5.18
300007,汉威科技,48.99,3.8804071246819456,1.8300000000000054,711869185.26,14656289,0,47.55,49.2,47.34,47.16
300008,天海防务,7.83,-0.6345177664974597,-0.04999999999999982,374465298.52,47775935,0,7.76,7.89,7.76,7.88
300009,安科生物,9.81,-0.20345879959307805,-0.019999999999999574,50154918.68,5114728,0,9.84,9.84,9.78,9.83
300010,豆神教育,7.44,1.6393442622950833,0.1200000000000001,335059752.19,45875666,0,7.28,7.45,7.22,7.32
300011,鼎汉技术,8.49,2.166064981949455,0.17999999999999972,43961795.0,5208200,0,8.31,8.52,8.28,8.31
300012,华测检测,13.63,1.03780578206079,0.14000000000000057,116278193.02,8546714,0,13.49,13.69,13.44,13.49
300013,新宁物流,4.21,6.045340050377828,0.23999999999999977,256574219.97,59421100,0,3.99,4.55,3.99,3.97
300014,亿纬锂能,70.16,-1.3498312710911247,-0.960000000000008,1440912021.46,20592558,0,70.28,70.79,69.5,71.12
300015,爱尔眼科,11.08,-0.35971223021581966,-0.03999999999999915,261280738.61,23560614,0,11.15,11.17,11.05,11.12
300016,北陆药业,8.08,0.12391573729863428,0.009999999999999787,26460848.07,3287551,0,8.07,8.1,8.02,8.07
300017,网宿科技,10.16,0.09852216748768262,0.009999999999999787,189473315.44,18669947,0,10.14,10.2,10.11,10.15
300018,中元股份,11.22,2.0000000000000058,0.22000000000000064,107477366.0,9732700,0,11.03,11.29,10.9,11.0
300019,硅宝科技,21.21,0.04716981132076209,0.010000000000001563,134013450.17,6339498,0,21.21,21.29,21.04,21.2
300020,ST银江,3.52,0.0,0.0,13089366.0,3722800,0,3.52,3.54,3.5,3.52
300021,大禹节水,4.64,1.9780219780219748,0.08999999999999986,62603532.06,13579926,0,4.56,4.66,4.54,4.55
300022,吉峰科技,7.85,1.2903225806451568,0.09999999999999964,52106143.0,6705130,0,7.76,7.92,7.65,7.75
300024,机器人,17.64,2.2608695652173947,0.39000000000000057,410300836.36,23345984,0,17.35,17.76,17.29,17.25
300025,华星创业,5.74,-0.5199306759098676,-0.02999999999999936,24538567.73,4263201,0,5.78,5.82,5.72,5.77
300026,红日药业,3.59,-0.27777777777778423,-0.010000000000000231,26132507.31,7273809,0,3.6,3.61,3.58,3.6
300027,华谊兄弟,2.15,0.9389671361502356,0.020000000000000018,97861657.27,45496329,0,2.14,2.17,2.13,2.13
300029,*ST天龙,5.86,1.913043478260875,0.11000000000000032,10433448.0,1804700,0,5.69,5.87,5.67,5.75
300030,阳普医疗,7.48,0.5376344086021511,0.040000000000000036,14835714.0,1984600,0,7.5,7.52,7.42,7.44
300031,宝通科技,22.57,1.210762331838563,0.2699999999999996,178391022.5,7984133,0,22.21,22.76,22.03,22.3
300032,金龙机电,5.22,0.5780346820809125,0.02999999999999936,50635627.0,9774000,0,5.19,5.22,5.15,5.19
300033,同花顺,319.79,0.5565687692598071,1.7700000000000387,987249763.39,3090887,0,317.5,321.66,316.9,318.02
300034,钢研高纳,19.85,5.5851063829787275,1.0500000000000007,725208716.79,37304110,0,18.93,19.99,18.81,18.8
300035,中科电气,21.92,0.827966881324762,0.18000000000000327,261542540.57,12049674,0,21.61,22.08,21.53,21.74
300036,超图软件,17.25,1.113716295427909,0.19000000000000128,120240496.98,6997969,0,17.06,17.32,17.0,17.06
300037,新宙邦,52.71,-0.7157656809191986,-0.38000000000000256,612865703.88,11711775,0,52.6,52.96,51.77,53.09
300039,上海凯宝,6.13,0.0,0.0,43490237.8,7075890,0,6.16,6.17,6.12,6.13
300040,九洲集团,6.15,0.16286644951141166,0.010000000000000675,29220824.86,4772509,0,6.13,6.17,6.09,6.14
300041,回天新材,11.51,0.0,0.0,62804858.4,5484030,0,11.48,11.54,11.38,11.51
300042,朗科科技,26.28,0.8055235903337201,0.21000000000000085,162782911.56,6153734,0,26.01,26.88,25.93,26.07
300043,星辉娱乐,5.98,1.7006802721088528,0.10000000000000053,140876113.1,23912950,0,5.86,6.06,5.82,5.88
300044,ST赛为,4.0,0.25062656641603476,0.009999999999999787,36233341.4,9120400,0,3.99,4.01,3.94,3.99
300045,华力创通,26.69,4.420970266040699,1.1300000000000026,1516022869.44,58385818,0,25.2,26.7,25.13,25.56
300046,台基股份,35.53,0.7657402155416992,0.2700000000000031,135901117.34,3813328,0,35.34,35.89,35.34,35.26
300047,天源迪科,12.28,0.5733005733005611,0.06999999999999851,106849434.73,8701179,0,12.25,12.35,12.21,12.21
300048,合康新能,5.9,1.5490533562822848,0.09000000000000075,104861873.04,17938991,0,5.81,5.91,5.77,5.81
300049,福瑞医科,76.94,2.409157460401973,1.8100000000000023,241984535.94,3174097,0,75.0,77.38,74.9,75.13
300050,世纪鼎利,5.41,0.0,0.0,29286490.0,5409100,0,5.44,5.45,5.38,5.41
300051,琏升科技,6.66,1.5243902439024473,0.10000000000000053,61779989.98,9230626,0,6.54,6.82,6.54,6.56
300052,ST中青宝,12.3,0.9852216748768554,0.120000000000001,35170925.0,2881700,0,12.18,12.34,12.12,12.18
300053,航宇微,17.53,2.9964747356051795,0.5100000000000016,1005729439.5,57944586,0,16.8,17.66,16.73,17.02
300054,鼎龙股份,38.58,-0.6694129763130924,-0.2600000000000051,342461582.67,8860901,0,38.69,39.05,38.36,38.84
300055,万邦达,7.38,-0.1353179972936372,-0.009999999999999787,24068526.0,3264800,0,7.35,7.43,7.34,7.39
300056,中创环保,8.74,-0.6818181818181874,-0.0600000000000005,72313855.92,8266563,0,8.8,8.83,8.69,8.8
300057,万顺新材,5.8,0.34602076124566733,0.019999999999999574,84175543.85,14446373,0,5.82,5.89,5.77,5.78
300058,蓝色光标,8.8,1.7341040462427786,0.15000000000000036,2676754950.52,301881441,0,8.66,9.03,8.61,8.65
300059,东方财富,23.22,0.0862068965517223,0.019999999999999574,2635660397.63,113441296,0,23.15,23.35,23.1,23.2
300061,旗天科技,10.69,3.78640776699028,0.3899999999999988,173271932.94,16230100,0,10.34,11.0,10.27,10.3
300062,中能电气,10.05,-2.2373540856030996,-0.22999999999999865,640489159.96,63033382,0,10.29,10.46,10.0,10.28
300063,天龙集团,8.14,0.3699136868064259,0.030000000000001137,92859050.0,11413700,0,8.1,8.17,8.09,8.11
300065,海兰信,18.38,3.490990990990976,0.6199999999999974,572999038.76,31692052,0,17.65,18.49,17.58,17.76
300066,三川智慧,6.32,-0.15797788309636315,-0.009999999999999787,42992797.09,6817873,0,6.34,6.34,6.28,6.33
300067,安诺其,5.08,0.594059405940599,0.03000000000000025,51396761.94,10105199,0,5.04,5.18,5.04,5.05
300068,南都电源,15.89,-0.06289308176100496,-0.009999999999999787,301038111.63,19043273,0,15.8,15.94,15.7,15.9
300069,金利华电,17.66,0.914285714285715,0.16000000000000014,19871467.0,1130800,0,17.57,17.7,17.47,17.5
300070,碧水源,3.96,0.2531645569620199,0.009999999999999787,38174722.98,9655889,0,3.95,3.97,3.93,3.95
300071,福石控股,5.73,3.0575539568345476,0.17000000000000082,413680762.93,71767920,0,5.57,5.89,5.55,5.56
300072,海新能科,4.68,0.429184549356214,0.019999999999999574,183414113.5,39328907,0,4.65,4.76,4.6,4.66
300073,当升科技,58.35,-0.9001358695652193,-0.5300000000000011,344261827.21,5903406,0,58.59,58.79,57.77,58.88
300074,华平股份,4.7,1.0752688172042972,0.04999999999999982,27665031.0,5905600,0,4.67,4.72,4.64,4.65
300075,数字政通,14.88,1.2244897959183776,0.1800000000000015,57659256.5,3890524,0,14.68,14.95,14.67,14.7
300076,GQY视讯,7.81,-1.0139416983523457,-0.08000000000000007,162898174.2,21126964,0,7.99,7.99,7.58,7.89
300077,国民技术,20.28,0.6951340615690197,0.14000000000000057,124017216.0,6113200,0,20.18,20.44,20.16,20.14
300078,思创医惠,4.14,-2.1276595744681024,-0.09000000000000075,188798391.33,45330044,0,4.21,4.25,4.13,4.23
300079,数码视讯,5.3,0.3787878787878707,0.019999999999999574,41916513.81,7927317,0,5.29,5.31,5.26,5.28
300080,易成新能,4.98,1.014198782961475,0.05000000000000071,66303833.0,13281500,0,4.99,5.04,4.95,4.93
300081,恒信东方,5.41,0.0,0.0,71254015.21,13228650,0,5.38,5.44,5.35,5.41
300082,奥克股份,10.03,0.5010020040080053,0.049999999999998934,115454162.87,11574075,0,9.92,10.08,9.81,9.98
300083,创世纪,9.8,1.5544041450777237,0.15000000000000036,377365357.5,38776177,0,9.68,9.83,9.59,9.65
300084,海默科技,9.88,0.8163265306122455,0.08000000000000007,65727788.68,6680202,0,9.85,9.9,9.77,9.8
300085,银之杰,40.86,0.3438113948919464,0.14000000000000057,732825464.36,17893132,0,40.5,41.38,40.39,40.72
300086,康芝药业,12.86,-3.3809166040571075,-0.45000000000000107,837541156.1,63591690,0,13.38,13.61,12.79,13.31
300087,荃银高科,11.59,0.08635578583764929,0.009999999999999787,122179965.2,10549700,0,11.59,11.62,11.56,11.58
300088,长信科技,6.04,-0.49423393739703864,-0.03000000000000025,102150613.0,16908900,0,6.06,6.08,6.02,6.07
300091,金通灵,2.9,0.34602076124566733,0.009999999999999787,19205289.82,6671187,0,2.88,2.9,2.86,2.89
300092,科新机电,15.9,1.3384321223709423,0.21000000000000085,67837158.0,4305300,0,15.65,15.93,15.56,15.69
300093,*ST金刚,17.49,5.234657039711175,0.8699999999999974,114887263.4,6578307,0,16.83,17.86,16.68,16.62
300094,国联水产,3.76,-1.3123359580052563,-0.050000000000000266,234490733.66,62306951,0,3.76,3.83,3.73,3.81
300095,华伍股份,11.7,4.744852282900621,0.5299999999999994,774778242.71,66592505,0,11.1,11.93,11.06,11.17
300096,ST易联众,7.48,-0.6640106241699844,-0.04999999999999982,18004229.49,2407767,0,7.54,7.57,7.42,7.53
300097,ST智云,6.99,0.0,0.0,19726635.0,2840900,0,6.97,7.0,6.91,6.99
300098,高新兴,6.16,-0.9646302250803797,-0.05999999999999961,302822851.26,49262502,0,6.13,6.18,6.11,6.22
300099,尤洛卡,7.52,4.589707927677318,0.3299999999999992,173396050.0,23373800,0,7.17,7.57,7.14,7.19
300100,双林股份,37.99,3.543199781956948,1.3000000000000043,391676641.43,10435268,0,36.88,37.99,36.71,36.69
300101,振芯科技,25.61,3.936688311688307,0.9699999999999989,682003932.31,27121091,0,24.59,25.83,24.38,24.64
300102,乾照光电,24.35,4.461604461604473,1.0400000000000027,2701299939.15,112201803,0,23.06,24.75,23.06,23.31
300103,达刚控股,7.87,3.416557161629432,0.2599999999999998,61617483.0,7855100,0,7.76,7.95,7.69,7.61
300105,龙源技术,7.43,-0.4021447721179658,-0.03000000000000025,27103813.0,3656600,0,7.45,7.47,7.37,7.46
300106,西部牧业,11.25,-0.35429583702390743,-0.03999999999999915,117515329.0,10290100,0,11.48,11.88,11.14,11.29
300107,建新股份,6.83,0.5891016200294555,0.040000000000000036,9868321.0,1451700,0,6.79,6.83,6.77,6.79
300108,*ST吉药,0.0,-100.0,-0.21,0.0,0,0,0.0,0.0,0.0,0.21
300109,新开源,16.95,1.3150029886431491,0.21999999999999886,66539971.5,3936800,0,16.7,17.05,16.6,16.73
300110,华仁药业,3.22,0.311526479750786,0.010000000000000231,29646249.73,9243763,0,3.21,3.23,3.19,3.21
300111,向日葵,7.11,-1.3869625520110906,-0.09999999999999964,116934980.0,16430700,0,7.18,7.18,7.08,7.21
300112,万讯自控,8.63,1.0538641686182861,0.09000000000000163,22683237.0,2646100,0,8.58,8.64,8.48,8.54
300113,顺网科技,19.81,2.113402061855671,0.41000000000000014,170710101.0,8688400,0,19.51,19.88,19.44,19.4
300115,长盈精密,39.31,5.985440819627928,2.219999999999999,3328850977.59,85946699,0,37.55,39.57,37.5,37.09
300117,*ST嘉寓,0.0,-100.0,-0.43,0.0,0,0,0.0,0.0,0.0,0.43
300118,东方日升,14.0,-0.5681818181818187,-0.08000000000000007,1085535562.72,77668074,0,13.81,14.49,13.58,14.08
300119,瑞普生物,19.36,0.3108808290155374,0.05999999999999872,32707093.0,1693100,0,19.34,19.41,19.24,19.3
300120,经纬辉开,8.47,0.11820330969266886,0.009999999999999787,48486593.4,5736376,0,8.5,8.52,8.41,8.46
300121,阳谷华泰,13.42,-1.3960323291697245,-0.1899999999999995,66188574.5,4908460,0,13.63,13.63,13.38,13.61
300122,智飞生物,19.12,-0.15665796344646257,-0.029999999999997584,79189416.12,4137783,0,19.2,19.2,19.1,19.15
300123,亚光科技,8.01,2.5608194622279155,0.20000000000000018,756867904.36,95235537,0,7.71,8.12,7.71,7.81
300124,汇川技术,73.53,1.6169154228855744,1.1700000000000017,1110070936.9,15148658,0,72.5,73.87,72.5,72.36
300125,*ST聆达,7.9,-0.8782936010037566,-0.0699999999999994,54404326.51,6970500,0,7.98,7.98,7.67,7.97
300126,锐奇股份,8.36,-0.47619047619048716,-0.040000000000000924,16925560.0,2022000,0,8.46,8.5,8.31,8.4
300127,银河磁体,30.47,0.3623188405797083,0.10999999999999943,58737989.0,1936956,0,30.37,30.54,30.16,30.36
300128,锦富技术,7.82,-0.8871989860582941,-0.0699999999999994,250015319.06,32106228,0,7.86,7.89,7.71,7.89
300129,泰胜风能,9.91,10.974244120940654,0.9800000000000004,864032273.82,90842237,0,9.0,10.13,8.94,8.93
300130,新国都,26.12,2.6326129666011857,0.6700000000000017,618503612.98,23784996,0,25.96,26.45,25.58,25.45
300131,英唐智控,14.98,1.0796221322537123,0.16000000000000014,1704884639.88,115393283,0,14.84,15.1,14.38,14.82
300132,青松股份,8.32,0.7263922518159867,0.0600000000000005,108962220.4,13247800,0,8.26,8.35,8.13,8.26
300133,华策影视,8.13,-0.732600732600717,-0.05999999999999872,353477181.88,43699700,0,8.13,8.19,8.02,8.19
300134,大富科技,12.23,-0.6498781478472793,-0.08000000000000007,65153691.0,5330600,0,12.31,12.34,12.15,12.31
300135,宝利国际,3.93,2.343750000000008,0.0900000000000003,42441201.0,10899700,0,3.85,3.95,3.84,3.84
300136,信维通信,51.28,14.643416051866767,6.550000000000004,5866901374.76,123398882,0,44.94,51.4,44.7,44.73
300137,先河环保,10.86,-0.9124087591241006,-0.10000000000000142,163863323.6,15045840,0,10.95,11.1,10.65,10.96
300138,晨光生物,12.86,0.23382696804364272,0.02999999999999936,21638757.15,1687499,0,12.82,12.88,12.76,12.83
300139,晓程科技,31.3,0.7726980038634965,0.240000000000002,553460353.85,17982457,0,30.61,31.77,30.03,31.06
300140,节能环境,6.87,-0.14534883720929923,-0.009999999999999787,133002030.0,19354600,0,6.9,6.92,6.8,6.88
300141,和顺电气,12.31,6.5800865800865775,0.7599999999999998,152599778.0,12705600,0,11.6,12.4,11.53,11.55
300142,沃森生物,11.18,-0.17857142857142477,-0.019999999999999574,72178516.18,6455969,0,11.24,11.24,11.14,11.2
300143,盈康生命,10.22,0.2944062806673321,0.030000000000001137,33656763.64,3294262,0,10.17,10.26,10.13,10.19
300144,宋城演艺,8.24,0.36540803897684965,0.02999999999999936,143090472.59,17425161,0,8.2,8.29,8.14,8.21
300145,南方泵业,4.73,3.2751091703056847,0.15000000000000036,281503967.18,60523466,0,4.57,4.77,4.54,4.58
300146,汤臣倍健,12.16,1.0806317539484687,0.13000000000000078,82989320.26,6833449,0,12.09,12.19,12.04,12.03
300147,ST香雪,9.46,-0.5257623554153411,-0.049999999999998934,34857205.58,3683873,0,9.42,9.54,9.42,9.51
300148,天舟文化,4.31,0.0,0.0,34685003.64,8056638,0,4.32,4.33,4.28,4.31
300149,睿智医药,9.74,-0.30706243602865263,-0.02999999999999936,25202140.0,2586900,0,9.7,9.8,9.68,9.77
300150,世纪瑞尔,5.33,0.5660377358490614,0.03000000000000025,22947028.0,4316900,0,5.29,5.35,5.28,5.3
300151,昌红科技,14.42,4.4927536231884,0.6199999999999992,141783128.51,10060800,0,13.8,14.49,13.71,13.8
300152,ST新动力,2.28,0.0,0.0,15671758.25,6880375,0,2.28,2.3,2.26,2.28
300153,科泰电源,30.34,-1.5254787406686103,-0.46999999999999886,314926798.68,10350063,0,30.58,30.77,30.18,30.81
300154,瑞凌股份,9.67,1.4690451206715696,0.14000000000000057,34505066.0,3595500,0,9.5,9.67,9.48,9.53
300155,安居宝,5.67,-2.577319587628872,-0.15000000000000036,37533577.0,6591200,0,5.81,5.81,5.64,5.82
300157,新锦动力,4.59,0.21834061135370714,0.009999999999999787,47096165.0,10299000,0,4.61,4.62,4.55,4.58
300158,振东制药,5.94,-0.8347245409014995,-0.04999999999999982,46685746.0,7846900,0,6.02,6.03,5.92,5.99
300159,*ST新研,3.27,-3.254437869822482,-0.10999999999999988,183260642.0,55611000,0,3.28,3.38,3.23,3.38
300160,秀强股份,5.53,0.0,0.0,19663750.0,3557300,0,5.53,5.55,5.5,5.53
300161,华中数控,28.33,-0.0705467372134149,-0.020000000000003126,38808840.0,1372900,0,28.16,28.39,28.15,28.35
300162,雷曼光电,7.86,1.8134715025906811,0.14000000000000057,50335106.0,6475700,0,7.7,7.88,7.66,7.72
300163,先锋新材,4.12,-0.4830917874396033,-0.019999999999999574,45081858.0,10896900,0,4.16,4.17,4.11,4.14
300164,通源石油,5.45,0.0,0.0,80582773.0,14812000,0,5.43,5.47,5.41,5.45
300165,ST天瑞,4.73,-0.4210526315789384,-0.019999999999999574,13751738.0,2911800,0,4.76,4.76,4.69,4.75
300166,东方国信,9.8,0.30706243602867084,0.030000000000001137,72380977.0,7383900,0,9.84,9.85,9.76,9.77
300167,ST迪威迅,5.15,1.577909270216964,0.08000000000000007,23743351.0,4636775,0,5.05,5.2,5.03,5.07
300168,万达信息,6.41,-0.1557632398753861,-0.009999999999999787,50778189.92,7919776,0,6.42,6.46,6.36,6.42
300169,天晟新材,6.19,-0.16129032258064172,-0.009999999999999787,27368265.0,4401200,0,6.27,6.31,6.16,6.2
300170,汉得信息,17.12,-0.23310023310022812,-0.03999999999999915,356556602.99,20800434,0,17.16,17.28,17.05,17.16
300171,东富龙,15.9,2.4484536082474277,0.3800000000000008,79039705.27,5027629,0,15.5,15.91,15.45,15.52
300172,中电环保,5.69,0.5300353356890503,0.03000000000000025,91655568.0,16205210,0,5.65,5.74,5.59,5.66
300173,ST福能,4.41,-1.1210762331838524,-0.04999999999999982,148420179.8,33473755,0,4.44,4.53,4.37,4.46
300174,元力股份,15.96,-0.24999999999999467,-0.03999999999999915,37106895.36,2327216,0,16.01,16.06,15.87,16.0
300175,ST朗源,5.75,0.8771929824561372,0.04999999999999982,9920882.0,1729600,0,5.72,5.78,5.7,5.7
300176,鸿特科技,6.7,0.6006006006006012,0.040000000000000036,20084702.0,3002900,0,6.67,6.73,6.64,6.66
300177,中海达,10.08,1.3065326633165908,0.13000000000000078,201787380.5,20099640,0,9.9,10.15,9.88,9.95
300179,四方达,15.39,-1.5355086372360858,-0.2400000000000002,286610613.04,18442188,0,15.63,15.85,15.39,15.63
300180,华峰超纤,6.64,3.7499999999999893,0.23999999999999932,507827422.19,76908184,0,6.53,6.74,6.49,6.4
300181,佐力药业,16.89,-0.5300353356890452,-0.08999999999999986,85664697.35,5061200,0,17.0,17.04,16.89,16.98
300182,捷成股份,5.23,0.7707129094412337,0.040000000000000036,95367758.64,18312398,0,5.18,5.23,5.17,5.19
300183,东软载波,14.81,0.40677966101695257,0.0600000000000005,27251548.0,1849500,0,14.79,14.83,14.68,14.75
300184,力源信息,10.0,-0.29910269192422095,-0.02999999999999936,110761329.25,11059205,0,10.05,10.1,9.97,10.03
300185,通裕重工,2.87,0.0,0.0,75791286.14,26440522,0,2.88,2.88,2.85,2.87
300187,永清环保,5.02,0.19960079840318934,0.009999999999999787,15830514.0,3158600,0,5.01,5.04,4.98,5.01
300188,国投智能,14.26,0.3518648838845808,0.049999999999998934,117902511.88,8322348,0,14.21,14.32,14.05,14.21
300189,神农种业,7.56,-4.303797468354439,-0.34000000000000075,1351559122.75,174829910,0,8.01,8.23,7.54,7.9
300190,维尔利,4.3,0.46728971962615823,0.019999999999999574,34861636.89,8154977,0,4.26,4.31,4.24,4.28
300191,潜能恒信,18.33,-0.4885993485342204,-0.09000000000000341,18561439.0,1011100,0,18.42,18.52,18.3,18.42
300192,科德教育,21.08,1.9835510401547969,0.4099999999999966,299161254.0,14181800,0,20.78,21.36,20.54,20.67
300193,佳士科技,8.94,0.44943820224718145,0.03999999999999915,24576156.4,2754320,0,8.93,8.96,8.89,8.9
300194,福安药业,4.52,-0.8771929824561412,-0.040000000000000036,62731960.95,13876945,0,4.56,4.57,4.5,4.56
300195,长荣股份,8.28,0.7299270072992544,0.05999999999999872,36092740.28,4379428,0,8.21,8.3,8.18,8.22
300196,长海股份,14.77,-0.8059100067159234,-0.120000000000001,88672916.0,6007500,0,14.88,14.91,14.68,14.89
300197,节能铁汉,1.79,0.5617977528089892,0.010000000000000009,29342607.0,16422300,0,1.79,1.8,1.77,1.78
300198,ST纳川,2.48,0.0,0.0,20053764.0,8139300,0,2.49,2.49,2.45,2.48
300199,翰宇药业,19.05,1.817210048102618,0.33999999999999986,464419041.73,24520431,0,18.69,19.1,18.58,18.71
300200,高盟新材,12.58,1.2882447665056374,0.16000000000000014,272584147.6,21729090,0,12.43,12.73,12.19,12.42
300201,海伦哲,6.29,1.1254019292604547,0.07000000000000028,207174492.72,33211953,0,6.28,6.38,6.16,6.22
300203,聚光科技,16.28,-0.12269938650306486,-0.019999999999999574,65496477.8,4047644,0,16.22,16.32,16.02,16.3
300204,舒泰神,27.01,-0.8807339449541226,-0.23999999999999844,203292473.0,7502400,0,27.45,27.45,26.94,27.25
300205,*ST天喻,4.31,3.8554216867469697,0.15999999999999925,15885779.0,3700200,0,4.22,4.39,4.15,4.15
300206,理邦仪器,13.08,1.1600928074245966,0.15000000000000036,33232914.25,2546025,0,12.95,13.15,12.86,12.93
300207,欣旺达,29.39,-1.2100840336134435,-0.35999999999999943,577632075.45,19642589,0,29.61,29.66,29.24,29.75
300208,中程退,0.28,-12.499999999999993,-0.03999999999999998,11483398.0,39320206,0,0.32,0.32,0.27,0.32
300209,有棵树,5.79,1.0471204188481607,0.05999999999999961,59799946.92,10331448,0,5.71,5.86,5.68,5.73
300210,森远股份,9.07,0.5543237250554403,0.05000000000000071,26432322.4,2926520,0,9.03,9.13,8.97,9.02
300211,*ST亿通,8.29,1.0975609756097544,0.08999999999999986,9855401.31,1197897,0,8.2,8.3,8.18,8.2
300212,易华录,16.52,0.12121212121211863,0.019999999999999574,85070864.96,5154831,0,16.49,16.58,16.4,16.5
300213,佳讯飞鸿,9.62,2.449414270500518,0.22999999999999865,260298842.13,27359133,0,9.31,9.68,9.25,9.39
300214,日科化学,6.82,-0.2923976608187072,-0.019999999999999574,31505137.0,4602100,0,6.88,6.93,6.77,6.84
300215,电科院,6.68,-0.4470938897168443,-0.03000000000000025,124047325.0,18415000,0,6.79,6.83,6.65,6.71
300217,东方电热,5.26,0.1904761904761864,0.009999999999999787,63319556.06,12060977,0,5.27,5.27,5.22,5.25
300218,安利股份,15.74,-0.7566204287515714,-0.11999999999999922,33685766.0,2134100,0,15.89,15.9,15.71,15.86
300219,鸿利智汇,7.3,0.1371742112482824,0.009999999999999787,65332390.59,8978180,0,7.29,7.34,7.24,7.29
300220,金运激光,14.62,0.1369863013698601,0.019999999999999574,16233085.0,1115500,0,14.67,14.77,14.46,14.6
300221,银禧科技,10.15,0.7944389275074485,0.08000000000000007,273179206.9,27135800,0,9.98,10.23,9.85,10.07
300222,科大智能,10.98,3.584905660377366,0.3800000000000008,255356560.0,23340100,0,10.75,11.08,10.74,10.6
300223,北京君正,112.88,5.308331001026214,5.689999999999998,3667233396.76,32808874,0,112.0,114.85,108.6,107.19
300224,正海磁材,15.52,0.9102730819245696,0.1399999999999988,130164290.53,8438352,0,15.4,15.54,15.31,15.38
300225,*ST金泰,5.85,10.16949152542373,0.54,150312449.26,26675858,0,5.3,5.91,5.21,5.31
300226,上海钢联,24.13,1.131601005867559,0.2699999999999996,95381093.8,3968228,0,23.82,24.25,23.8,23.86
300227,光韵达,9.05,1.571268237934911,0.14000000000000057,59492925.42,6614194,0,9.0,9.06,8.91,8.91
300228,富瑞特装,10.58,11.251314405888541,1.0700000000000003,1334637142.84,129731232,0,9.56,11.2,9.46,9.51
300229,拓尔思,18.7,0.5376344086021391,0.09999999999999787,122536491.3,6568532,0,18.65,18.74,18.56,18.6
300230,永利股份,4.84,0.20703933747411568,0.009999999999999787,26127079.68,5403424,0,4.84,4.86,4.81,4.83
300231,银信科技,10.28,0.29268292682926206,0.02999999999999936,23615881.0,2297600,0,10.21,10.32,10.21,10.25
300232,洲明科技,7.02,0.0,0.0,46185899.0,6601100,0,7.01,7.04,6.96,7.02
300233,金城医药,14.18,-0.07047216349541781,-0.009999999999999787,33855352.8,2388170,0,14.22,14.28,14.09,14.19
300234,开尔新材,5.2,1.960784313725501,0.10000000000000053,33896008.41,6572431,0,5.12,5.21,5.1,5.1
300235,方直科技,16.59,1.7791411042944731,0.28999999999999915,141210644.0,8541150,0,16.3,16.7,16.26,16.3
300236,上海新阳,65.52,-1.8426966292134892,-1.230000000000004,546948224.7,8324383,0,66.72,66.88,64.8,66.75
300237,ST美晨,2.76,0.3636363636363559,0.009999999999999787,42608023.0,15382400,0,2.76,2.81,2.72,2.75
300238,冠昊生物,14.24,0.6360424028268541,0.08999999999999986,25227216.0,1779600,0,14.16,14.27,14.1,14.15
300239,东宝生物,5.71,0.1754385964912243,0.009999999999999787,36419933.68,6340508,0,5.76,5.83,5.7,5.7
300240,飞力达,7.67,2.2666666666666657,0.16999999999999993,99507339.75,12921335,0,7.54,7.92,7.54,7.5
300241,瑞丰光电,5.73,0.17482517482518664,0.010000000000000675,41904908.0,7352200,0,5.73,5.75,5.65,5.72
300242,佳云科技,5.08,-0.974658869395708,-0.04999999999999982,59510592.0,11673900,0,5.14,5.16,5.05,5.13
300243,瑞丰高材,10.45,-0.09560229445508187,-0.010000000000001563,20721404.0,1988500,0,10.49,10.49,10.35,10.46
300244,迪安诊断,15.76,1.220295439948616,0.1899999999999995,137194231.0,8749700,0,15.5,15.86,15.46,15.57
300245,天玑科技,12.05,-0.08291873963515577,-0.009999999999999787,74217425.85,6198940,0,12.18,12.18,11.88,12.06
300246,宝莱特,8.19,0.6142506142506011,0.049999999999998934,19275126.0,2349450,0,8.2,8.32,8.13,8.14
300247,融捷健康,5.22,7.851239669421485,0.3799999999999999,282520889.96,54922004,0,4.88,5.35,4.87,4.84
300248,新开普,12.08,0.4991680532445965,0.0600000000000005,53414349.0,4439900,0,12.02,12.12,11.92,12.02
300249,依米康,14.92,-0.5996002664890064,-0.08999999999999986,125784394.58,8433691,0,14.95,15.04,14.84,15.01
300250,初灵信息,24.47,-0.5688744412840332,-0.14000000000000057,153299547.0,6242100,0,24.67,24.83,24.4,24.61
300251,光线传媒,16.09,0.0,0.0,166222279.21,10336725,0,16.08,16.14,16.02,16.09
300252,金信诺,14.79,0.0,0.0,527549730.16,36061342,0,14.49,14.82,14.45,14.79
300253,卫宁健康,8.77,-0.5668934240362893,-0.05000000000000071,264554628.43,30193515,0,8.77,8.81,8.73,8.82
300254,仟源医药,10.15,0.6944444444444473,0.07000000000000028,15382345.0,1519900,0,10.08,10.17,10.05,10.08
300255,常山药业,63.18,-0.39413526722371117,-0.25,371087682.0,5873700,0,63.5,63.88,62.88,63.43
300256,星星科技,4.05,-0.49140049140050274,-0.020000000000000462,62907759.0,15546250,0,4.05,4.07,4.03,4.07
300257,开山股份,14.11,1.0021474588403636,0.1399999999999988,38870736.88,2767522,0,14.01,14.15,13.91,13.97
300258,精锻科技,13.9,0.0719942404607616,0.009999999999999787,203382727.66,14696398,0,13.88,13.99,13.7,13.89
300259,新天科技,4.42,0.22675736961450763,0.009999999999999787,42921217.0,9747200,0,4.41,4.43,4.38,4.41
300260,新莱应材,56.24,-1.3333333333333297,-0.759999999999998,819978151.21,14606919,0,56.25,56.9,55.48,57.0
300261,雅本化学,6.83,1.1851851851851862,0.08000000000000007,53001506.0,7773800,0,6.75,6.87,6.72,6.75
300263,隆华科技,8.47,0.5938242280285121,0.05000000000000071,110850015.0,13167500,0,8.42,8.48,8.37,8.42
300264,佳创视讯,6.76,0.4457652303120261,0.02999999999999936,44055235.0,6528700,0,6.75,6.83,6.69,6.73
300265,通光线缆,13.83,0.9489051094890568,0.13000000000000078,931488203.21,67530887,0,13.35,14.1,13.35,13.7
300266,兴源环境,2.56,-1.5384615384615397,-0.040000000000000036,37633669.0,14660100,0,2.59,2.6,2.55,2.6
300267,尔康制药,3.5,-0.8498583569405045,-0.029999999999999805,71343230.5,20408311,0,3.52,3.52,3.47,3.53
300268,*ST佳沃,13.13,0.6901840490797672,0.09000000000000163,4340989.0,330600,0,13.03,13.4,12.97,13.04
300269,联建光电,6.49,0.6201550387596905,0.040000000000000036,140074272.5,21685600,0,6.43,6.52,6.39,6.45
300270,中威电子,11.78,-2.5641025641025683,-0.3100000000000005,141952864.0,12017800,0,11.94,12.12,11.67,12.09
300271,华宇软件,7.21,0.13888888888888593,0.009999999999999787,22068215.0,3056300,0,7.2,7.25,7.18,7.2
300272,开能健康,7.67,-1.6666666666666652,-0.1299999999999999,127723485.44,16686392,0,7.72,7.78,7.57,7.8
300274,阳光电源,166.25,0.22305280925970858,0.37000000000000455,4272743184.54,25776479,0,164.75,167.65,163.8,165.88
300275,梅安森,13.2,3.448275862068962,0.4399999999999995,72595768.0,5598500,0,12.7,13.24,12.69,12.76
300276,三丰智能,9.5,5.088495575221249,0.46000000000000085,606488903.23,64069679,0,9.07,9.75,9.03,9.04
300277,海联讯,12.83,1.1829652996845454,0.15000000000000036,48781458.08,3830542,0,12.71,12.86,12.6,12.68
300278,华昌达,5.96,1.0169491525423662,0.05999999999999961,153591512.27,25795719,0,5.91,6.03,5.87,5.9
300279,和晶科技,7.16,1.12994350282486,0.08000000000000007,51428507.0,7142600,0,7.14,7.3,7.09,7.08
300280,紫天退,0.33,-13.157894736842103,-0.04999999999999999,11123691.0,31717286,0,0.37,0.37,0.33,0.38
300281,金明精机,8.18,7.915567282321895,0.5999999999999996,333586114.51,41026749,0,7.59,8.47,7.58,7.58
300283,温州宏丰,7.62,-0.522193211488251,-0.040000000000000036,68448208.43,9027931,0,7.64,7.67,7.54,7.66
300284,苏交科,7.79,0.1285347043701772,0.009999999999999787,25475460.0,3266700,0,7.78,7.82,7.76,7.78
300285,国瓷材料,28.46,0.3526093088857596,0.10000000000000142,795663302.28,28242959,0,28.47,28.85,27.84,28.36
300286,安科瑞,23.05,-0.1732351667388443,-0.03999999999999915,37222166.0,1617900,0,23.13,23.14,22.93,23.09
300287,飞利信,4.93,0.8179959100204507,0.040000000000000036,54005745.9,10970691,0,4.9,4.95,4.89,4.89
300288,朗玛信息,13.41,0.0746268656716402,0.009999999999999787,18643483.0,1391200,0,13.39,13.46,13.36,13.4
300289,利德曼,7.04,-0.14184397163120266,-0.009999999999999787,21250663.0,3021300,0,7.11,7.11,7.0,7.05
300290,荣科科技,31.22,-1.5762925598991173,-0.5,585657231.45,18818609,0,31.6,31.6,30.8,31.72
300291,百纳千成,0.0,-100.0,-5.33,0.0,0,0,0.0,0.0,0.0,5.33
300292,吴通控股,4.54,0.0,0.0,44139652.93,9736881,0,4.54,4.56,4.52,4.54
300293,蓝英装备,21.48,-0.5555555555555601,-0.120000000000001,48793815.0,2266700,0,21.78,21.78,21.43,21.6
300294,博雅生物,23.21,-0.5569837189374421,-0.129999999999999,39706940.12,1707707,0,23.24,23.39,23.15,23.34
300295,三六五网,12.6,0.0,0.0,42846349.0,3386100,0,12.77,12.83,12.56,12.6
300296,利亚德,6.18,0.32467532467531773,0.019999999999999574,121171521.25,19708100,0,6.18,6.2,6.12,6.16
300298,三诺生物,17.19,0.2917152858809843,0.05000000000000071,38623163.43,2247397,0,17.1,17.24,17.09,17.14
300299,富春股份,7.25,-0.4120879120879155,-0.03000000000000025,179340283.43,24779592,0,7.32,7.37,7.17,7.28
300300,海峡创新,17.0,-1.9042123485285536,-0.3299999999999983,2464843213.36,141448658,0,17.2,18.04,16.59,17.33
300301,ST长方,2.4,-0.8264462809917362,-0.020000000000000018,8656456.0,3601500,0,2.41,2.42,2.39,2.42
300302,同有科技,18.5,-0.1618996222342209,-0.030000000000001137,202628517.69,10844130,0,18.46,19.03,18.36,18.53
300303,聚飞光电,6.97,-0.14326647564470882,-0.010000000000000675,134736111.83,19249825,0,7.0,7.07,6.95,6.98
300304,云意电气,11.69,0.8628127696289875,0.09999999999999964,150500661.68,12925798,0,11.57,11.8,11.45,11.59
300305,裕兴股份,5.96,0.1680672268907527,0.009999999999999787,22331946.0,3770900,0,5.94,5.98,5.88,5.95
300306,远方信息,14.18,0.638750887154009,0.08999999999999986,89076314.0,6347100,0,14.0,14.23,13.75,14.09
300307,慈星股份,7.07,0.42613636363636714,0.03000000000000025,22972792.0,3255900,0,7.04,7.09,7.02,7.04
300308,中际旭创,628.51,-0.9284363177805779,-5.889999999999986,11648552523.17,18249615,0,645.0,658.8,618.41,634.4
300310,宜通世纪,5.97,0.3361344537815054,0.019999999999999574,52105410.6,8714580,0,5.92,6.02,5.92,5.95
300311,ST任子行,4.46,0.4504504504504408,0.019999999999999574,16147251.1,3625118,0,4.45,4.48,4.42,4.44
300313,*ST天山,8.34,-0.11976047904191363,-0.009999999999999787,9041012.0,1085800,0,8.32,8.41,8.29,8.35
300314,戴维医疗,12.87,-0.23255813953489252,-0.030000000000001137,10440869.67,810703,0,12.88,12.93,12.84,12.9
300315,掌趣科技,4.88,0.20533880903490323,0.009999999999999787,70195064.0,14425000,0,4.87,4.9,4.84,4.87
300316,晶盛机电,38.83,-1.5216839969566356,-0.6000000000000014,635331121.86,16336654,0,39.33,39.67,38.26,39.43
300317,珈伟新能,3.89,-0.25641025641025095,-0.009999999999999787,39183659.08,10145784,0,3.9,3.91,3.84,3.9
300318,博晖创新,6.36,0.0,0.0,44337437.07,6993997,0,6.38,6.44,6.3,6.36
300319,麦捷科技,11.95,-0.4995836802664488,-0.0600000000000005,123796201.88,10377688,0,11.99,12.05,11.86,12.01
300320,海达股份,9.45,0.853788687299894,0.08000000000000007,21111819.0,2245300,0,9.36,9.45,9.35,9.37
300321,同大股份,48.1,2.5586353944562963,1.2000000000000028,97563027.0,2024800,0,47.41,48.98,46.73,46.9
300322,硕贝德,26.1,0.307455803228293,0.08000000000000185,1126244797.09,43975791,0,25.61,26.1,25.31,26.02
300323,华灿光电,7.64,0.26246719160104426,0.019999999999999574,46602491.0,6132200,0,7.66,7.67,7.53,7.62
300324,旋极信息,6.12,2.857142857142856,0.16999999999999993,499438187.32,81324480,0,6.05,6.22,6.05,5.95
300326,ST凯利,5.66,0.0,0.0,6525206.0,1153200,0,5.66,5.68,5.63,5.66
300327,中颖电子,28.9,-0.5847953216374328,-0.1700000000000017,195099858.95,6746657,0,28.99,29.27,28.71,29.07
300328,宜安科技,16.86,-1.2880562060889864,-0.21999999999999886,251558777.06,14913389,0,17.01,17.04,16.74,17.08
300329,海伦钢琴,15.21,-3.428571428571423,-0.5399999999999991,55963704.0,3653500,0,15.83,15.86,15.11,15.75
300331,苏大维格,31.54,-0.31605562579014357,-0.10000000000000142,136160728.74,4323443,0,31.75,31.85,31.13,31.64
300332,天壕能源,5.34,-0.1869158878504633,-0.009999999999999787,27422994.0,5141900,0,5.33,5.36,5.31,5.35
300333,兆日科技,11.12,1.5525114155251136,0.16999999999999993,64469865.15,5802143,0,10.98,11.19,10.95,10.95
300334,津膜科技,7.09,0.42492917847025846,0.03000000000000025,20665038.0,2924900,0,7.07,7.11,7.02,7.06
300335,迪森股份,5.79,0.17301038062283366,0.009999999999999787,21204236.0,3668000,0,5.78,5.81,5.75,5.78
300337,银邦股份,13.31,1.9923371647509562,0.2599999999999998,780273610.26,58611975,0,13.04,13.53,12.92,13.05
300338,ST开元,3.86,1.0471204188481684,0.040000000000000036,12185969.98,3178000,0,3.8,3.89,3.79,3.82
300339,润和软件,49.38,0.2639593908629494,0.13000000000000256,427349443.33,8643510,0,49.37,49.75,49.1,49.25
300340,科恒股份,12.47,0.08025682182985383,0.009999999999999787,50970995.0,4093900,0,12.73,12.73,12.34,12.46
300341,麦克奥迪,17.14,0.05837711617047031,0.010000000000001563,39997961.64,2332604,0,17.14,17.25,17.06,17.13
300342,天银机电,32.07,4.191033138401556,1.2899999999999991,3261254774.47,101490306,0,31.5,33.33,31.2,30.78
300343,ST联创,5.94,-0.3355704697986506,-0.019999999999999574,35409257.97,5962100,0,5.88,5.98,5.88,5.96
300344,*ST立方,1.25,10.619469026548684,0.1200000000000001,86698518.35,71562041,0,1.11,1.3,1.09,1.13
300345,华民股份,6.28,0.3194888178913812,0.020000000000000462,27458259.0,4392700,0,6.28,6.29,6.21,6.26
300346,南大光电,45.43,-1.6027723630062853,-0.740000000000002,1003572180.39,22001167,0,45.84,46.11,45.22,46.17
300347,泰格医药,53.96,0.8221225710014904,0.4399999999999977,395219078.01,7344163,0,53.32,54.67,53.22,53.52
300348,长亮科技,14.49,2.765957446808515,0.39000000000000057,358495680.52,24832819,0,14.25,14.63,14.25,14.1
300349,金卡智能,14.67,2.947368421052631,0.41999999999999993,141844026.79,9690926,0,14.18,14.79,14.15,14.25
300350,华鹏飞,6.51,0.7739938080495329,0.04999999999999982,97327970.0,14854700,0,6.5,6.63,6.47,6.46
300351,永贵电器,18.73,0.5367686527106894,0.10000000000000142,445870155.69,24108643,0,18.64,18.8,18.15,18.63
300352,北信源,5.97,-0.33388981636060866,-0.020000000000000462,81471553.42,13604779,0,6.0,6.02,5.96,5.99
300353,东土科技,20.56,1.7318159327065703,0.34999999999999787,239387137.37,11650132,0,20.12,20.78,20.12,20.21
300354,东华测试,45.44,5.209539245195647,2.25,247140348.0,5503620,0,43.11,45.65,43.0,43.19
300355,蒙草生态,4.12,0.980392156862746,0.040000000000000036,67556546.5,16464530,0,4.12,4.14,4.08,4.08
300357,我武生物,29.51,0.13573125212080997,0.0400000000000027,58753127.63,1998511,0,29.48,29.64,29.18,29.47
300358,楚天科技,10.12,2.636916835699795,0.2599999999999998,196782168.31,19626184,0,9.85,10.19,9.83,9.86
300359,全通教育,5.27,-0.5660377358490614,-0.03000000000000025,15100410.78,2859282,0,5.28,5.31,5.26,5.3
300360,炬华科技,17.6,1.440922190201729,0.25,245532974.15,14028782,0,17.32,17.74,17.21,17.35
300363,博腾股份,23.57,-0.5065428450823174,-0.120000000000001,57989046.23,2456973,0,23.76,23.8,23.49,23.69
300364,中文在线,24.05,1.0928961748633945,0.26000000000000156,325241880.18,13499517,0,23.87,24.28,23.84,23.79
300365,恒华科技,6.35,0.3159557661927263,0.019999999999999574,32083102.0,5058500,0,6.32,6.39,6.3,6.33
300366,ST创意,6.87,1.327433628318582,0.08999999999999986,177322077.0,25630200,0,6.75,7.08,6.66,6.78
300368,汇金股份,14.75,0.8202323991797622,0.11999999999999922,312529161.0,21202100,0,14.68,14.9,14.48,14.63
300369,绿盟科技,7.39,0.5442176870748304,0.040000000000000036,70937925.79,9612299,0,7.31,7.45,7.29,7.35
300370,安控科技,2.63,0.3816793893129689,0.009999999999999787,26075196.0,9971500,0,2.62,2.64,2.59,2.62
300371,汇中股份,12.6,0.31847133757961105,0.03999999999999915,8488528.0,675800,0,12.52,12.61,12.48,12.56
300373,扬杰科技,66.3,-0.15060240963856705,-0.10000000000000853,260936052.38,3933166,0,66.5,66.66,66.03,66.4
300374,中铁装配,16.11,0.062111801242223666,0.00999999999999801,35399152.51,2203243,0,16.12,16.12,16.0,16.1
300375,鹏翎股份,5.5,1.8518518518518452,0.09999999999999964,69990905.0,12820800,0,5.4,5.51,5.35,5.4
300376,ST易事特,6.22,0.9740259740259676,0.05999999999999961,110602147.56,17671349,0,6.18,6.35,6.17,6.16
300377,赢时胜,23.58,1.5503875968992225,0.35999999999999943,2117954343.6,89551409,0,23.31,24.2,23.0,23.22
300378,鼎捷数智,42.22,0.45205805377111047,0.18999999999999773,122584013.14,2894946,0,42.33,42.87,42.05,42.03
300379,*ST东通,0.0,-100.0,-3.02,0.0,0,0,0.0,0.0,0.0,3.02
300380,安硕信息,41.69,0.8710379869344288,0.35999999999999943,80806010.85,1938707,0,41.33,42.12,41.15,41.33
300381,溢多利,6.63,2.3148148148148064,0.14999999999999947,39299280.0,5958700,0,6.51,6.71,6.47,6.48
300382,斯莱克,15.78,0.4455760661998632,0.06999999999999851,109114419.02,6945273,0,15.9,15.92,15.56,15.71
300383,光环新网,12.34,-0.5640612409347323,-0.07000000000000028,180131913.45,14578696,0,12.42,12.44,12.3,12.41
300384,三联虹普,16.02,0.6281407035175857,0.09999999999999964,14659987.3,917175,0,15.94,16.03,15.92,15.92
300385,雪浪环境,6.24,-0.9523809523809462,-0.05999999999999961,17884630.28,2864100,0,6.33,6.35,6.2,6.3
300386,飞天诚信,16.6,2.405922270203581,0.39000000000000057,98712578.0,5965700,0,16.27,16.74,16.27,16.21
300387,富邦科技,8.62,0.7009345794392373,0.05999999999999872,19475041.0,2268600,0,8.59,8.64,8.54,8.56
300388,节能国祯,8.21,-0.8454106280193058,-0.06999999999999851,24750169.6,3008520,0,8.26,8.37,8.18,8.28
300389,艾比森,16.18,0.37220843672455783,0.05999999999999872,34449607.0,2137300,0,16.15,16.27,16.01,16.12
300390,天华新能,51.67,-3.0399699756051746,-1.6199999999999974,1312630791.89,25489236,0,50.94,52.5,50.5,53.29
300391,*ST长药,1.56,7.586206896551731,0.1100000000000001,56923422.45,37355350,0,1.41,1.64,1.38,1.45
300393,中来股份,6.68,0.14992503748125618,0.009999999999999787,120578147.8,18173140,0,6.66,6.72,6.56,6.67
300394,天孚通信,213.8,-4.155646209709948,-9.269999999999982,6436956617.76,29643186,0,223.59,230.0,209.0,223.07
300395,菲利华,105.49,-3.1757687012391074,-3.460000000000008,2284830331.92,21515261,0,108.03,108.95,104.6,108.95
300396,迪瑞医疗,12.91,0.310800310800318,0.040000000000000924,16089035.0,1251400,0,12.88,12.98,12.8,12.87
300397,天和防务,15.12,-0.5263157894736847,-0.08000000000000007,528941054.89,34853494,0,15.0,15.45,14.88,15.2
300398,飞凯材料,23.4,-0.6369426751592447,-0.15000000000000213,280535265.68,11998813,0,23.54,23.54,23.24,23.55
300399,天利科技,25.88,2.9435163086714335,0.7399999999999984,215377337.5,8277000,0,25.2,26.63,25.06,25.14
300400,劲拓股份,20.49,-1.632261161785885,-0.33999999999999986,161484616.0,7915400,0,20.55,20.75,20.24,20.83
300401,花园生物,15.26,0.3287310979618602,0.049999999999998934,91155659.72,6011908,0,15.18,15.31,15.08,15.21
300402,宝色股份,22.01,1.4753342554172442,0.3200000000000003,165892317.69,7575631,0,21.7,22.09,21.58,21.69
300403,汉宇集团,13.82,2.8273809523809583,0.3800000000000008,229379983.5,16671834,0,13.5,13.94,13.46,13.44
300404,博济医药,9.54,0.2100840336134409,0.019999999999999574,22384610.68,2357629,0,9.51,9.54,9.45,9.52
300405,科隆股份,6.57,-0.6051437216338886,-0.040000000000000036,27236856.9,4133390,0,6.66,6.66,6.55,6.61
300406,九强生物,13.34,0.3762227238525261,0.05000000000000071,17692193.0,1328300,0,13.35,13.37,13.27,13.29
300407,凯发电气,11.54,-0.08658008658010011,-0.010000000000001563,37080172.0,3223000,0,11.52,11.55,11.42,11.55
300408,三环集团,46.15,-1.1353898886032587,-0.5300000000000011,522526122.66,11312509,0,46.31,46.7,45.79,46.68
300409,道氏技术,22.52,0.2671415850400655,0.05999999999999872,246194646.7,10927054,0,22.5,22.66,22.36,22.46
300410,正业科技,8.42,-0.9411764705882361,-0.08000000000000007,31397978.0,3723400,0,8.52,8.53,8.38,8.5
300411,金盾股份,11.28,-1.1393514460999192,-0.13000000000000078,54358483.34,4824913,0,11.18,11.37,11.18,11.41
300412,迦南科技,5.41,0.37105751391466535,0.020000000000000462,23010563.35,4266230,0,5.4,5.43,5.36,5.39
300413,芒果超媒,24.23,2.322635135135138,0.5500000000000007,356131656.1,14702503,0,23.71,24.5,23.67,23.68
300414,中光防雷,15.72,-2.481389578163774,-0.40000000000000036,764977573.73,48375325,0,15.95,16.31,15.5,16.12
300415,伊之密,25.85,1.5318146111547546,0.39000000000000057,147055920.8,5719080,0,25.43,25.93,25.38,25.46
300416,苏试试验,18.3,5.841526894158482,1.0100000000000016,681205653.06,37402787,0,17.26,18.5,17.26,17.29
300417,南华仪器,13.64,0.14684287812042107,0.02000000000000135,15557396.0,1140000,0,13.69,13.85,13.56,13.62
300418,昆仑万维,39.79,0.05028916268543128,0.01999999999999602,723451866.77,18246465,0,39.65,40.0,39.31,39.77
300419,ST浩丰,6.32,4.809286898839138,0.29000000000000004,85821408.4,13668300,0,6.01,6.47,6.01,6.03
300420,五洋自控,3.98,-0.25062656641604586,-0.010000000000000231,43646246.8,10952060,0,3.99,4.01,3.97,3.99
300421,力星股份,29.1,5.5495103373231816,1.5300000000000011,889452444.2,31211716,0,27.3,29.28,27.01,27.57
300422,博世科,4.69,0.2136752136752281,0.010000000000000675,15211784.8,3256040,0,4.69,4.73,4.64,4.68
300423,昇辉科技,9.06,1.7977528089887655,0.16000000000000014,277524841.6,30994200,0,8.83,9.16,8.75,8.9
300424,航新科技,18.82,5.789769533445763,1.0300000000000011,461152294.94,24555777,0,17.83,19.6,17.79,17.79
300425,中建环能,5.05,0.0,0.0,8403908.16,1666354,0,5.05,5.06,5.02,5.05
300426,华智数媒,7.94,0.8894536213468905,0.07000000000000028,22708249.12,2870999,0,7.93,7.99,7.83,7.87
300427,红相股份,12.64,-2.167182662538695,-0.27999999999999936,884465400.0,69488300,0,12.79,13.05,12.53,12.92
300428,立中集团,23.12,1.8502202643171883,0.4200000000000017,172856764.4,7516436,0,22.76,23.17,22.63,22.7
300429,强力新材,14.25,0.0,0.0,150423351.66,10613349,0,14.21,14.32,14.05,14.25
300430,诚益通,19.59,1.1357769747031434,0.21999999999999886,120064022.57,6161387,0,19.25,19.69,19.21,19.37
300432,富临精工,15.82,1.2804097311139633,0.20000000000000107,375532764.56,23902803,0,15.64,15.88,15.47,15.62
300433,蓝思科技,29.14,0.5521048999309873,0.16000000000000014,1352168251.74,46774329,0,28.8,29.34,28.48,28.98
300434,金石亚药,10.64,-1.2987012987012876,-0.1399999999999988,74554690.0,7010300,0,10.71,10.8,10.54,10.78
300435,中泰股份,23.3,4.250559284116328,0.9499999999999993,403786392.0,17600900,0,22.42,23.53,22.29,22.35
300436,广生堂,88.79,-0.848687883863753,-0.7599999999999909,174720324.0,1960000,0,89.4,90.93,88.5,89.55
300437,清水源,16.58,-3.3236151603498563,-0.5700000000000003,323336860.73,19417268,0,17.0,17.05,16.39,17.15
300438,鹏辉能源,56.8,-0.8726003490401396,-0.5,688087085.8,12245955,0,56.71,57.25,55.06,57.3
300439,美康生物,10.0,-0.19960079840318934,-0.019999999999999574,10409773.0,1041100,0,10.04,10.04,9.97,10.02
300440,运达科技,12.13,-1.3018714401952676,-0.15999999999999837,58750859.0,4853100,0,12.37,12.37,12.0,12.29
300441,鲍斯股份,7.69,0.5228758169934644,0.040000000000000036,14598599.0,1902200,0,7.66,7.7,7.64,7.65
300442,润泽科技,50.32,-0.41559469622006895,-0.21000000000000085,513444174.36,10208752,0,50.39,50.99,50.02,50.53
300443,金雷股份,28.48,-0.5239259517988075,-0.14999999999999858,123319197.06,4332830,0,28.68,28.79,28.18,28.63
300444,双杰电气,10.69,2.5911708253358885,0.2699999999999996,638363010.62,60268051,0,10.36,10.83,10.25,10.42
300445,康斯特,25.66,2.722177742193754,0.6799999999999997,293169014.07,11693040,0,24.57,25.8,24.46,24.98
300446,航天智造,25.63,2.397123451857762,0.5999999999999979,1749484954.02,68605061,0,24.55,26.17,24.3,25.03
300447,全信股份,18.1,5.293775450843514,0.9100000000000001,415491451.3,22984240,0,17.05,18.86,17.04,17.19
300448,浩云科技,7.92,-1.6149068322981464,-0.13000000000000078,113069563.91,14272100,0,7.99,8.04,7.86,8.05
300449,汉邦高科,7.32,-0.6784260515603775,-0.04999999999999982,25137954.3,3441711,0,7.38,7.42,7.26,7.37
300450,先导智能,49.31,-0.9242515571629513,-0.46000000000000085,1075948807.48,21811690,0,49.8,49.85,49.08,49.77
300451,创业慧康,4.88,-0.40816326530613184,-0.020000000000000462,96863589.59,19961573,0,4.89,4.9,4.8,4.9
300452,山河药辅,13.54,0.22205773501109816,0.02999999999999936,22811137.0,1686020,0,13.51,13.62,13.43,13.51
300453,三鑫医疗,8.88,-1.7699115044247606,-0.15999999999999837,33769964.9,3780495,0,9.04,9.04,8.88,9.04
300454,深信服,110.86,1.2142791929151815,1.3299999999999983,144231431.88,1309810,0,109.03,111.14,108.84,109.53
300455,航天智装,28.49,6.9846038302666145,1.8599999999999994,1322490395.04,47847437,0,26.28,28.54,26.28,26.63
300456,赛微电子,59.61,-2.278688524590165,-1.3900000000000006,3263833030.59,53688011,0,62.0,62.67,59.33,61.0
300457,赢合科技,26.6,-1.188707280832096,-0.3200000000000003,115600575.24,4342212,0,27.0,27.0,26.5,26.92
300458,全志科技,42.43,0.9276879162702203,0.39000000000000057,397987131.41,9403842,0,42.11,42.69,41.94,42.04
300459,汤姆猫,4.46,0.0,0.0,150794366.41,33893006,0,4.46,4.47,4.43,4.46
300460,ST惠伦,8.15,0.49321824907522727,0.040000000000000924,34803843.0,4295740,0,8.07,8.17,8.04,8.11
300461,田中精机,19.57,0.7205352547606823,0.14000000000000057,13872702.0,712800,0,19.45,19.57,19.31,19.43
300462,ST华铭,11.24,-0.530973451327438,-0.0600000000000005,16439222.0,1467900,0,11.3,11.3,11.14,11.3
300463,迈克生物,11.5,-0.3466204506065784,-0.03999999999999915,20528429.49,1785301,0,11.56,11.56,11.47,11.54
300464,星徽股份,6.66,-1.479289940828397,-0.09999999999999964,28787853.0,4286400,0,6.76,6.81,6.66,6.76
300465,高伟达,19.98,0.9600808489135992,0.19000000000000128,159106886.6,7947260,0,20.19,20.25,19.76,19.79
300466,赛摩智能,9.89,1.8537590113285243,0.17999999999999972,59741421.2,6051700,0,9.64,10.03,9.64,9.71
300467,迅游科技,28.1,1.6642547033285124,0.46000000000000085,76092279.0,2738700,0,27.6,28.12,27.31,27.64
300468,四方精创,36.72,7.778103903727615,2.6499999999999986,2615949447.22,72118929,0,35.36,38.0,35.06,34.07
300469,信息发展,64.33,-2.0852359208523663,-1.3700000000000045,239142335.29,3694787,0,65.4,65.8,64.1,65.7
300470,中密控股,37.25,0.13440860215053,0.04999999999999716,42430967.0,1139300,0,37.12,37.41,37.03,37.2
300471,厚普股份,13.24,7.033144704931294,0.870000000000001,331095305.47,25379977,0,12.49,13.64,12.46,12.37
300472,*ST新元,8.45,6.289308176100618,0.4999999999999991,79264680.75,9731283,0,7.75,8.45,7.75,7.95
300473,德尔股份,28.89,0.7673526334147152,0.21999999999999886,44064408.0,1536900,0,28.64,28.96,28.35,28.67
300474,景嘉微,74.95,0.22733351163412904,0.1700000000000017,377996502.84,5045446,0,74.7,75.26,74.31,74.78
300475,香农芯创,152.7,2.5176233635448138,3.75,6580396646.24,42177107,0,148.97,161.75,148.97,148.95
300476,胜宏科技,301.84,-2.405587170201758,-7.439999999999998,5935320690.61,19475581,0,309.27,312.5,300.48,309.28
300477,ST合纵,3.02,-2.2653721682847845,-0.06999999999999984,117741545.4,39075646,0,3.03,3.05,2.98,3.09
300478,杭州高新,33.03,-2.278106508875728,-0.769999999999996,122363307.09,3679405,0,33.5,34.2,32.81,33.8
300479,神思电子,18.87,-0.944881889763778,-0.17999999999999972,39376515.96,2089047,0,18.97,19.02,18.73,19.05
300480,光力科技,16.97,2.537764350453161,0.41999999999999815,104953022.21,6207699,0,16.51,17.15,16.46,16.55
300481,濮阳惠成,15.74,-0.1902346227013276,-0.02999999999999936,35666264.0,2269800,0,15.76,15.8,15.66,15.77
300482,万孚生物,19.77,-0.4030226700251982,-0.08000000000000185,24624682.6,1244574,0,19.85,19.89,19.73,19.85
300483,首华燃气,15.06,0.4000000000000033,0.0600000000000005,58893509.64,3918288,0,15.08,15.15,14.88,15.0
300484,蓝海华腾,19.11,1.7030335284725935,0.3200000000000003,59522527.16,3124100,0,18.8,19.26,18.7,18.79
300485,赛升药业,10.75,0.09310986964618051,0.009999999999999787,19655089.74,1829801,0,10.79,10.79,10.69,10.74
300486,东杰智能,0.0,-100.0,-21.59,0.0,0,0,0.0,0.0,0.0,21.59
300487,蓝晓科技,60.98,-1.038623823433951,-0.6400000000000006,95499392.41,1565200,0,61.03,61.6,60.35,61.62
300488,恒锋工具,31.51,3.074910042525356,0.9400000000000013,32489202.0,1045500,0,30.7,31.65,30.53,30.57
300489,光智科技,49.41,2.3617153511497686,1.1399999999999935,323580824.24,6524101,0,48.0,51.27,47.82,48.27
300490,华自科技,12.27,-2.4642289348171738,-0.3100000000000005,314739149.88,25903900,0,12.54,12.57,11.97,12.58
300491,通合科技,27.17,-3.6524822695035377,-1.0299999999999976,215358035.4,7840209,0,27.8,27.95,27.12,28.2
300492,华图山鼎,75.95,-0.4978383335516775,-0.37999999999999545,50899849.35,671800,0,76.33,76.96,74.81,76.33
300493,润欣科技,18.98,-0.1052631578947346,-0.019999999999999574,132740452.98,7000077,0,19.1,19.15,18.88,19.0
300494,盛天网络,12.01,0.8396305625524739,0.09999999999999964,57242361.97,4803569,0,11.9,12.08,11.83,11.91
300496,中科创达,66.25,-0.07541478129712996,-0.04999999999999716,374873617.93,5685922,0,66.05,66.3,65.61,66.3
300497,富祥药业,14.98,-1.3824884792626668,-0.20999999999999908,300310721.72,20086567,0,14.85,15.24,14.68,15.19
300498,温氏股份,16.64,0.06013229104029804,0.010000000000001563,159130306.39,9558908,0,16.63,16.7,16.6,16.63
300499,高澜股份,31.58,0.5732484076433112,0.17999999999999972,1092212120.1,34628087,0,30.91,32.23,30.83,31.4
300500,启迪设计,13.99,-0.07142857142856991,-0.009999999999999787,27143613.4,1943000,0,14.12,14.16,13.86,14.0
300501,海顺新材,15.19,0.3302509907529652,0.049999999999998934,19798715.0,1310100,0,15.14,15.27,15.01,15.14
300502,新易盛,445.29,-1.8125289409274263,-8.21999999999997,9112667814.31,20186714,0,456.0,464.55,441.0,453.51
300503,昊志机电,43.35,19.81757877280266,7.170000000000002,1716841722.03,42973023,0,37.55,43.4,37.02,36.18
300504,天邑股份,15.01,-0.19946808510637876,-0.02999999999999936,45493709.3,3039145,0,14.96,15.1,14.86,15.04
300505,川金诺,22.53,0.9408602150537673,0.21000000000000085,226882308.81,10138515,0,22.27,22.72,21.96,22.32
300506,*ST名家,4.14,-3.720930232558143,-0.16000000000000014,61523764.01,14724423,0,4.26,4.27,4.13,4.3
300507,苏奥传感,9.45,1.5037593984962274,0.1399999999999988,219149922.7,23418534,0,9.22,9.45,9.18,9.31
300508,维宏股份,34.57,2.278106508875749,0.7700000000000031,56978367.08,1672612,0,33.73,34.6,33.47,33.8
300509,新美星,12.66,-1.7080745341614956,-0.22000000000000064,92367038.67,7265262,0,12.78,12.95,12.6,12.88
300510,金冠股份,4.24,0.0,0.0,29070380.05,6892530,0,4.24,4.25,4.2,4.24
300511,雪榕生物,6.3,1.2861736334405156,0.08000000000000007,50826245.0,8087600,0,6.22,6.37,6.21,6.22
300512,中亚股份,10.74,-3.6771300448430506,-0.41000000000000014,128218915.5,11802350,0,11.0,11.18,10.71,11.15
300513,恒实科技,9.86,1.0245901639344226,0.09999999999999964,42867979.0,4365700,0,9.82,10.0,9.71,9.76
300514,友讯达,13.44,0.44843049327353307,0.05999999999999872,17531716.0,1305700,0,13.39,13.56,13.28,13.38
300515,三德科技,19.85,0.6082108464267663,0.120000000000001,19829430.71,999537,0,19.79,19.89,19.73,19.73
300516,久之洋,70.2,0.2857142857142898,0.20000000000000284,974980925.56,13953691,0,68.33,71.49,68.3,70.0
300517,海波重科,11.34,-0.2638522427440577,-0.02999999999999936,16640652.0,1472300,0,11.39,11.5,11.2,11.37
300518,新迅达,17.1,1.004134672179573,0.1700000000000017,73558571.2,4318172,0,16.88,17.25,16.69,16.93
300519,新光药业,15.37,0.13029315960911775,0.019999999999999574,11777869.0,766600,0,15.37,15.44,15.28,15.35
300520,科大国创,36.83,-0.45945945945946404,-0.1700000000000017,517898745.0,14015595,0,36.72,37.37,36.46,37.0
300521,爱司凯,28.81,4.4597534445250195,1.2300000000000004,86403761.0,3054100,0,27.53,29.1,27.22,27.58
300522,世名科技,12.66,-0.47169811320755106,-0.0600000000000005,24446126.0,1936800,0,12.7,12.72,12.55,12.72
300523,辰安科技,23.11,0.08661758336942214,0.019999999999999574,49721353.72,2136499,0,23.35,23.44,23.09,23.09
300525,博思软件,13.46,0.0,0.0,63119432.29,4684052,0,13.46,13.55,13.41,13.46
300527,ST应急,8.08,0.37267080745340814,0.02999999999999936,37683065.85,4662088,0,8.03,8.11,8.03,8.05
300528,幸福蓝海,19.18,-0.6217616580310932,-0.120000000000001,113418037.2,5918960,0,19.4,19.44,19.01,19.3
300529,健帆生物,19.95,0.4026170105686879,0.0799999999999983,21022444.5,1055000,0,19.99,20.06,19.86,19.87
300530,领湃科技,26.98,-0.8817046289492962,-0.23999999999999844,32777043.0,1213100,0,27.21,27.26,26.85,27.22
300531,优博讯,17.8,1.1938601478112612,0.21000000000000085,95946607.0,5392500,0,17.8,17.9,17.57,17.59
300532,今天国际,11.85,0.423728813559313,0.049999999999998934,20341250.75,1714725,0,11.8,11.92,11.79,11.8
300533,冰川网络,34.93,0.9829430471234354,0.3399999999999963,122221616.0,3531775,0,34.5,35.27,34.22,34.59
300534,陇神戎发,9.67,-0.3092783505154574,-0.02999999999999936,24184129.0,2503000,0,9.65,9.7,9.62,9.7
300535,达威股份,18.06,-0.11061946902654633,-0.019999999999999574,18624489.0,1029900,0,18.16,18.26,17.98,18.08
300536,农尚环境,7.19,-0.41551246537395237,-0.02999999999999936,18810869.0,2616000,0,7.28,7.3,7.14,7.22
300537,广信材料,23.02,0.08695652173912859,0.019999999999999574,92808331.0,4015800,0,23.05,23.44,22.75,23.0
300538,同益股份,16.2,1.5673981191222572,0.25,68034696.0,4230500,0,16.0,16.3,15.9,15.95
300539,横河精密,38.15,0.02621919244886736,0.00999999999999801,140952700.2,3699460,0,38.36,38.62,37.71,38.14
300540,蜀道装备,19.32,1.417322834645667,0.2699999999999996,52720675.8,2734840,0,19.05,19.46,18.99,19.05
300541,先进数通,14.71,1.7289073305670815,0.25,98711451.76,6744979,0,14.51,14.74,14.51,14.46
300542,新晨科技,19.94,3.9624608967674746,0.7600000000000016,288796125.51,14566891,0,19.58,20.33,19.35,19.18
300543,朗科智能,10.73,0.5623242736644846,0.0600000000000005,23630240.7,2208894,0,10.72,10.75,10.62,10.67
300545,联得装备,31.95,-2.5320317266626047,-0.8300000000000018,224525050.13,7054442,0,32.62,32.62,31.35,32.78
300546,雄帝科技,25.41,3.841438496117701,0.9400000000000013,273571884.7,10825840,0,24.77,25.64,24.7,24.47
300547,川环科技,41.41,1.346059716103762,0.5499999999999972,731445471.29,17762573,0,40.46,42.43,40.4,40.86
300548,长芯博创,147.3,-4.7711404189293996,-7.3799999999999955,3153760108.63,21001627,0,155.09,157.66,146.33,154.68
300549,优德精密,19.1,2.854065697361342,0.5300000000000011,82280687.0,4301400,0,18.57,19.73,18.5,18.57
300550,和仁科技,14.18,-0.7002801120448154,-0.09999999999999964,28085040.28,1976578,0,14.26,14.35,14.13,14.28
300551,古鳌科技,16.01,-0.4353233830845568,-0.06999999999999673,191680498.98,11894000,0,16.27,16.39,15.88,16.08
300552,万集科技,32.0,-0.21827252884315645,-0.07000000000000028,640927324.12,20180966,0,30.84,32.68,30.5,32.07
300553,集智股份,40.2,5.401153644467756,2.0600000000000023,322258590.06,8129712,0,39.4,41.5,38.2,38.14
300554,三超新材,24.19,0.37344398340248897,0.08999999999999986,65860162.8,2727020,0,24.22,24.41,23.99,24.1
300555,ST路通,14.58,-0.1369863013698601,-0.019999999999999574,49186933.0,3311400,0,14.8,15.22,14.5,14.6
300556,丝路视觉,18.74,0.10683760683760457,0.019999999999999574,17576251.0,939675,0,18.73,18.81,18.62,18.72
300557,理工光科,36.82,-3.1562335612835426,-1.2000000000000028,356327338.53,9660855,0,38.06,38.26,36.41,38.02
300558,贝达药业,47.65,0.6123310810810793,0.28999999999999915,107296024.19,2248000,0,47.37,48.25,47.19,47.36
300559,佳发教育,12.32,-0.24291497975707987,-0.02999999999999936,52505673.0,4291400,0,12.42,12.42,12.09,12.35
300560,中富通,17.04,-1.045296167247385,-0.17999999999999972,154364937.3,9046430,0,17.16,17.3,16.92,17.22
300561,*ST汇科,14.45,1.261387526278905,0.17999999999999972,58184854.0,4071024,0,14.28,14.51,14.13,14.27
300562,乐心医疗,13.55,0.14781966001479194,0.02000000000000135,20546117.0,1520300,0,13.56,13.58,13.47,13.53
300563,神宇股份,37.78,3.2804811372334686,1.2000000000000028,510558398.67,13140375,0,38.39,39.79,37.55,36.58
300564,筑博设计,15.4,0.9836065573770515,0.15000000000000036,18418859.6,1189000,0,15.6,15.9,15.24,15.25
300565,科信技术,12.84,0.234192037470721,0.02999999999999936,98372799.0,7715900,0,12.82,12.85,12.66,12.81
300566,激智科技,18.58,-0.10752688172044692,-0.020000000000003126,37995918.0,2048800,0,18.71,18.75,18.44,18.6
300567,精测电子,84.01,-1.5123094958968253,-1.289999999999992,380140786.11,4540889,0,85.29,85.6,82.51,85.3
300568,星源材质,14.78,-1.59786950732357,-0.2400000000000002,380453520.76,25640189,0,15.04,15.05,14.73,15.02
300569,天能重工,5.87,1.206896551724143,0.07000000000000028,56080292.45,9607237,0,5.8,5.89,5.76,5.8
300570,太辰光,119.15,-1.9180111952584775,-2.3299999999999983,1495993798.69,12448394,0,121.48,123.5,117.63,121.48
300571,平治信息,27.4,0.25612879619465895,0.07000000000000028,29998475.0,1096600,0,27.36,27.55,27.16,27.33
300572,安车检测,28.43,0.45936395759716964,0.129999999999999,72371925.0,2550000,0,28.44,28.67,28.15,28.3
300573,兴齐眼药,68.15,-0.8727272727272645,-0.5999999999999943,196194436.9,2869608,0,68.75,69.23,67.9,68.75
300575,中旗股份,5.92,0.0,0.0,14416912.0,2439800,0,5.93,5.95,5.88,5.92
300576,容大感光,40.15,-1.302851524090465,-0.5300000000000011,350279622.01,8703236,0,40.61,40.78,39.88,40.68
300577,开润股份,21.95,0.0,0.0,10520944.0,478900,0,21.94,22.11,21.84,21.95
300578,会畅通讯,20.36,2.106318956870602,0.41999999999999815,126262998.0,6246600,0,19.9,20.48,19.76,19.94
300579,数字认证,29.34,3.565125308859872,1.0100000000000016,142567510.63,4877950,0,28.61,29.89,28.42,28.33
300580,贝斯特,24.45,3.5139712108382652,0.8299999999999983,146405733.29,6047385,0,23.65,24.45,23.64,23.62
300581,晨曦航空,16.77,4.943679599499369,0.7899999999999991,488505170.11,29262998,0,15.94,17.0,15.93,15.98
300582,英飞特,14.87,-0.8005336891260907,-0.120000000000001,65002170.0,4400300,0,15.07,15.08,14.6,14.99
300583,赛托生物,13.82,0.14492753623188095,0.019999999999999574,11017458.8,798300,0,13.83,13.86,13.73,13.8
300584,海辰药业,51.35,-1.0597302504816901,-0.5499999999999972,139434477.0,2688500,0,51.52,52.69,51.04,51.9
300585,奥联电子,0.0,-100.0,-22.68,0.0,0,0,0.0,0.0,0.0,22.68
300586,美联新材,11.24,-2.0905923344947754,-0.2400000000000002,153443942.18,13600470,0,11.46,11.47,11.17,11.48
300587,天铁科技,6.98,-2.240896358543407,-0.15999999999999925,86589580.6,12398282,0,7.12,7.14,6.92,7.14
300588,熙菱信息,28.18,-0.7746478873239396,-0.21999999999999886,50368249.0,1793400,0,28.4,28.51,27.88,28.4
300589,江龙船艇,19.57,-0.3056546102903654,-0.05999999999999872,407539131.31,20784490,0,19.43,19.84,19.39,19.63
300590,移为通信,12.58,0.15923566878980552,0.019999999999999574,40568363.3,3231550,0,12.5,12.62,12.48,12.56
300591,万里马,9.51,2.038626609442055,0.1899999999999995,188468914.64,19933784,0,9.36,9.63,9.27,9.32
300592,华凯易佰,10.86,0.0,0.0,39182969.0,3612000,0,10.88,10.95,10.78,10.86
300593,新雷能,30.62,1.2566137566137652,0.38000000000000256,1688720309.44,55763557,0,30.02,30.95,29.29,30.24
300594,朗进科技,19.85,-3.028822667318014,-0.6199999999999974,65456352.0,3267650,0,20.48,20.54,19.76,20.47
300595,欧普康视,15.02,-0.26560424966800084,-0.040000000000000924,34050873.0,2267000,0,15.05,15.08,14.98,15.06
300596,利安隆,44.14,1.3314967860422366,0.5799999999999983,137243648.0,3124360,0,43.61,44.36,43.27,43.56
300597,吉大通信,9.05,-0.11037527593818748,-0.009999999999999787,21128374.0,2329100,0,9.09,9.12,9.02,9.06
300598,诚迈科技,45.14,-0.17691287041131867,-0.0799999999999983,81967770.32,1813706,0,45.23,45.44,45.01,45.22
300599,雄塑科技,7.43,-1.0652463382157134,-0.08000000000000007,23033556.0,3095600,0,7.56,7.56,7.4,7.51
300600,国瑞科技,14.78,0.40760869565216523,0.05999999999999872,52944782.02,3592200,0,14.84,14.86,14.65,14.72
300601,康泰生物,15.12,0.06618133686300322,0.009999999999999787,41684087.42,2753355,0,15.18,15.2,15.1,15.11
300602,飞荣达,34.8,2.3830538393645044,0.8099999999999952,1162178853.06,34023733,0,34.0,34.8,33.56,33.99
300603,立昂技术,9.75,1.6684045881126188,0.16000000000000014,57574045.01,5901959,0,9.66,9.84,9.59,9.59
300604,长川科技,103.15,4.413402166211154,4.359999999999999,3186084227.55,30761565,0,99.9,106.0,99.01,98.79
300605,恒锋信息,16.01,0.06250000000000977,0.010000000000001563,58542399.74,3653279,0,15.98,16.15,15.91,16.0
300606,金太阳,22.61,-0.7026789635485294,-0.16000000000000014,56776253.0,2517000,0,22.68,22.82,22.37,22.77
300607,拓斯达,32.25,14.038189533239034,3.969999999999999,1308025959.47,41653822,0,29.06,33.93,29.06,28.28
300608,思特奇,10.91,0.18365472910927064,0.019999999999999574,21309306.05,1956205,0,10.87,10.94,10.85,10.89
300609,汇纳科技,38.67,6.003289473684224,2.190000000000005,259006671.2,6751999,0,36.72,39.74,36.4,36.48
300610,晨化股份,11.95,0.16764459346185728,0.019999999999999574,18631782.0,1562900,0,11.93,12.0,11.82,11.93
300611,美力科技,26.83,2.287457110179176,0.5999999999999979,94555824.0,3550600,0,26.23,26.87,26.23,26.23
300612,宣亚国际,16.39,0.9858287122612455,0.16000000000000014,177913922.16,10806239,0,16.3,16.69,16.21,16.23
300613,富瀚微,45.77,0.0,0.0,77205959.43,1684069,0,45.7,46.2,45.55,45.77
300614,百川畅银,12.18,-1.056051990251834,-0.13000000000000078,13194064.51,1081100,0,12.32,12.38,12.12,12.31
300615,欣天科技,13.48,0.22304832713755493,0.030000000000001137,21096125.3,1572500,0,13.5,13.53,13.33,13.45
300616,尚品宅配,14.24,-0.07017543859648974,-0.009999999999999787,23714026.5,1665050,0,14.33,14.4,14.13,14.25
300617,安靠智电,31.73,0.0,0.0,24261028.0,766400,0,31.72,31.8,31.54,31.73
300618,寒锐钴业,43.95,-2.441731409544938,-1.0999999999999943,252691478.4,5726095,0,44.62,44.64,43.85,45.05
300619,金银河,44.33,-1.2914718325539931,-0.5799999999999983,185060011.16,4174766,0,44.25,44.83,43.89,44.91
300620,光库科技,154.95,-1.5690509465125138,-2.469999999999999,1865884363.56,11866458,0,156.01,162.19,152.5,157.42
300621,维业股份,8.51,0.11764705882352691,0.009999999999999787,18336590.0,2160050,0,8.55,8.59,8.43,8.5
300622,博士眼镜,30.39,-2.720870678617151,-0.8499999999999979,274289628.05,8993949,0,31.0,31.16,30.19,31.24
300623,捷捷微电,27.54,-0.36179450072359415,-0.10000000000000142,146848984.7,5315219,0,27.59,27.86,27.5,27.64
300624,万兴科技,67.42,1.383458646616544,0.9200000000000017,327391987.05,4874851,0,66.57,68.18,66.16,66.5
300625,三雄极光,12.01,0.5020920502092092,0.0600000000000005,11579570.0,966600,0,11.95,12.05,11.87,11.95
300626,华瑞股份,14.23,-0.5590496156533897,-0.08000000000000007,124310773.0,8642100,0,14.28,14.77,14.2,14.31
300627,华测导航,33.2,0.881191127316944,0.29000000000000625,420726008.9,12687570,0,32.9,33.46,32.78,32.91
300628,亿联网络,36.86,0.027137042062409793,0.00999999999999801,105299932.69,2857397,0,36.74,37.05,36.6,36.85
300629,新劲刚,21.83,-3.6628420123565832,-0.8300000000000018,710006179.06,32405250,0,22.54,22.54,21.61,22.66
300630,普利退,0.89,1.1363636363636374,0.010000000000000009,32787848.0,36818346,0,0.9,0.95,0.86,0.88
300631,久吾高科,28.92,-0.37891836031691156,-0.10999999999999943,38805475.99,1346900,0,29.0,29.03,28.6,29.03
300632,光莆股份,14.22,-0.2105263157894692,-0.02999999999999936,78157601.0,5514000,0,14.3,14.32,14.1,14.25
300633,开立医疗,26.64,-0.07501875468867057,-0.019999999999999574,34179778.1,1281200,0,26.87,26.88,26.53,26.66
300634,彩讯股份,24.43,0.24620434961017118,0.05999999999999872,87028673.0,3572900,0,24.39,24.5,24.24,24.37
300635,中达安,16.42,1.4833127317676267,0.240000000000002,17140112.0,1052500,0,16.28,16.49,16.0,16.18
300636,同和药业,7.62,-1.930501930501924,-0.14999999999999947,48401946.4,6331184,0,7.77,7.77,7.6,7.77
300637,扬帆新材,12.07,-0.5766062602965426,-0.07000000000000028,27784799.0,2300300,0,12.16,12.2,12.01,12.14
300638,广和通,27.46,0.14587892049598522,0.03999999999999915,372764879.98,13583119,0,27.77,27.78,27.17,27.42
300639,凯普生物,5.52,0.1814882032667838,0.009999999999999787,17687917.75,3201750,0,5.54,5.56,5.49,5.51
300640,德艺文创,8.74,-2.7808676307007785,-0.25,335636346.4,37720740,0,9.18,9.28,8.71,8.99
300641,正丹股份,17.76,-0.1686340640809308,-0.029999999999997584,48927501.6,2757652,0,17.79,17.85,17.61,17.79
300642,透景生命,18.95,0.6372809346787096,0.120000000000001,27923933.5,1477100,0,18.81,18.98,18.81,18.83
300643,万通智控,19.32,1.7377567140600414,0.33000000000000185,36735130.0,1915800,0,19.12,19.33,18.92,18.99
300644,南京聚隆,34.27,0.5280140803754758,0.17999999999999972,38642038.0,1132450,0,34.0,34.34,33.91,34.09
300645,正元智慧,18.15,1.9090398652442442,0.33999999999999986,35274966.0,1951000,0,17.85,18.25,17.85,17.81
300647,超频三,7.09,3.2023289665211028,0.21999999999999975,202115819.04,28177813,0,6.92,7.43,6.87,6.87
300648,星云股份,58.13,0.27600483008453286,0.1600000000000037,304086007.29,5251027,0,59.0,59.08,56.0,57.97
300649,杭州园林,14.38,0.3489183531053783,0.05000000000000071,14426262.0,1001700,0,14.33,14.64,14.25,14.33
300650,太龙股份,17.01,1.4916467780429594,0.25,67864214.0,4030600,0,16.71,17.02,16.68,16.76
300651,金陵体育,20.81,-0.19184652278178752,-0.0400000000000027,43080862.12,2074182,0,20.89,21.0,20.64,20.85
300652,雷迪克,52.25,2.2104851330203497,1.1300000000000026,61623751.06,1186386,0,51.12,52.28,51.12,51.12
300653,正海生物,20.72,0.827250608272497,0.16999999999999815,23301728.5,1129375,0,20.55,20.79,20.44,20.55
300654,世纪天鸿,9.43,0.10615711252653702,0.009999999999999787,35608438.0,3788900,0,9.43,9.46,9.35,9.42
300655,晶瑞电材,17.19,-1.7152658662092461,-0.29999999999999716,670276723.19,38734589,0,17.36,17.49,17.13,17.49
300656,民德电子,22.98,0.5689277899343501,0.129999999999999,89894676.32,3943544,0,22.78,23.11,22.3,22.85
300657,弘信电子,27.92,-0.21443888491779386,-0.05999999999999872,161787864.01,5800503,0,28.1,28.1,27.71,27.98
300658,延江股份,12.88,-3.8088125466766223,-0.5099999999999998,195959917.9,14849290,0,13.73,13.85,12.88,13.39
300659,中孚信息,15.43,-0.5798969072164939,-0.08999999999999986,87194124.71,5605507,0,15.5,15.77,15.41,15.52
300660,江苏雷利,52.32,7.103377686796312,3.469999999999999,749566734.56,14544002,0,49.56,53.23,49.56,48.85
300661,圣邦股份,69.97,0.9376803231390735,0.6500000000000057,1767053000.25,24878758,0,70.88,72.55,69.74,69.32
300662,科锐国际,25.35,0.7151370679380203,0.17999999999999972,27325787.18,1082801,0,25.06,25.42,25.05,25.17
300663,科蓝软件,17.27,0.9351256575102287,0.16000000000000014,86627081.75,5025083,0,17.3,17.36,17.1,17.11
300664,鹏鹞环保,5.43,0.18450184501844624,0.009999999999999787,27083006.5,4985500,0,5.43,5.45,5.42,5.42
300665,飞鹿股份,9.75,-2.0100502512562746,-0.1999999999999993,51863377.88,5300212,0,9.96,9.99,9.7,9.95
300666,江丰电子,95.7,-1.0954940057875178,-1.0600000000000023,870712878.79,8951017,0,96.76,99.9,95.33,96.76
300667,必创科技,17.75,1.544622425629288,0.2699999999999996,80716750.24,4578600,0,17.36,17.82,17.33,17.48
300668,杰恩设计,25.35,14.343707713125845,3.1799999999999997,251903215.07,10271430,0,22.0,25.38,22.0,22.17
300669,沪宁股份,26.54,2.7487417731320205,0.7100000000000009,22295053.0,844200,0,26.12,26.74,25.96,25.83
300670,大烨智能,8.08,1.0000000000000009,0.08000000000000007,39376501.0,4850400,0,8.03,8.24,7.95,8.0
300671,富满微,33.22,1.6523867809057502,0.5399999999999991,107583290.86,3219619,0,33.0,33.85,32.8,32.68
300672,国科微,104.7,0.03821899484044167,0.04000000000000625,470051962.47,4468306,0,104.0,107.0,103.6,104.66
300673,佩蒂股份,18.72,1.7391304347826104,0.3200000000000003,66166686.0,3552720,0,18.31,18.97,18.31,18.4
300674,宇信科技,22.72,1.610017889087654,0.35999999999999943,228882824.41,10084698,0,22.55,22.9,22.53,22.36
300675,建科院,15.45,-0.38684719535783685,-0.0600000000000005,23676838.0,1530700,0,15.59,15.61,15.41,15.51
300676,华大基因,45.6,0.5291005291005335,0.240000000000002,64533091.46,1417841,0,45.36,45.66,45.2,45.36
300677,英科医疗,43.58,-0.1374885426214534,-0.060000000000002274,192479808.49,4377157,0,43.48,44.62,43.32,43.64
300678,中科信息,30.12,0.0,0.0,61566297.86,2046000,0,30.12,30.2,29.98,30.12
300679,电连技术,48.98,-1.6860698514652817,-0.8400000000000034,133279654.44,2709900,0,49.82,49.82,48.96,49.82
300680,隆盛科技,53.34,6.467065868263477,3.240000000000002,899178501.87,17338987,0,50.49,53.47,49.85,50.1
300681,英搏尔,24.7,1.4790468364831528,0.35999999999999943,82835742.1,3382731,0,24.33,24.7,24.24,24.34
300682,朗新集团,15.68,2.5506867233485977,0.39000000000000057,235974597.0,15135600,0,15.4,15.92,15.28,15.29
300683,海特生物,28.1,0.14255167498219068,0.0400000000000027,40668663.0,1450800,0,28.25,28.3,27.77,28.06
300684,中石科技,54.18,7.244655581947736,3.6599999999999966,1181485156.18,22424636,0,50.15,55.14,50.11,50.52
300685,艾德生物,20.59,-0.1938923897236992,-0.03999999999999915,35455964.24,1722084,0,20.63,20.69,20.5,20.63
300686,智动力,15.08,0.0,0.0,32674244.0,2165600,0,15.03,15.2,14.98,15.08
300687,赛意信息,22.21,1.2767897856817196,0.28000000000000114,81697149.07,3689027,0,21.99,22.38,21.96,21.93
300688,创业黑马,28.75,1.7338995046001358,0.48999999999999844,146953225.7,5089610,0,28.25,29.1,28.08,28.26
300689,澄天伟业,44.97,0.1559020044543436,0.07000000000000028,26598255.4,592770,0,44.84,45.39,44.47,44.9
300690,双一科技,31.55,0.19053667831058202,0.060000000000002274,86164523.64,2739391,0,31.52,31.67,31.27,31.49
300691,联合光电,17.18,-0.17431725740849002,-0.030000000000001137,33986390.0,1981200,0,17.27,17.3,17.06,17.21
300692,中环环保,8.35,0.48134777376653604,0.03999999999999915,24147443.71,2905542,0,8.37,8.39,8.25,8.31
300693,盛弘股份,40.42,-0.4678650578675147,-0.18999999999999773,236029634.98,5873391,0,40.64,40.64,39.83,40.61
300694,蠡湖股份,12.0,0.755667506297228,0.08999999999999986,19403962.0,1627700,0,11.92,12.0,11.84,11.91
300695,兆丰股份,92.0,5.783603541451077,5.030000000000001,110697164.2,1213895,0,88.12,92.88,87.8,86.97
300696,爱乐达,28.27,3.1751824817518286,0.870000000000001,276186522.54,9821653,0,27.41,28.5,27.3,27.4
300697,电工合金,16.47,-1.258992805755401,-0.21000000000000085,101931794.94,6204398,0,16.36,16.61,16.3,16.68
300698,万马科技,42.76,0.0,0.0,133174236.0,3133200,0,42.84,42.96,42.15,42.76
300699,光威复材,31.71,1.0516252390057421,0.33000000000000185,586002997.97,18537822,0,31.32,31.88,31.24,31.38
300700,岱勒新材,12.81,-1.233616037008482,-0.16000000000000014,63584412.0,4985220,0,12.93,12.95,12.57,12.97
300701,森霸传感,13.56,0.22172949002218137,0.030000000000001137,90572318.0,6699950,0,13.4,13.73,13.24,13.53
300702,天宇股份,23.8,-0.1677852348993253,-0.03999999999999915,16236248.72,683278,0,23.84,23.89,23.68,23.84
300703,创源股份,25.86,1.1737089201877964,0.3000000000000007,404649122.85,15542985,0,25.83,26.59,25.5,25.56
300705,九典制药,15.35,-0.19505851755527395,-0.030000000000001137,30774860.0,2004300,0,15.39,15.4,15.32,15.38
300706,阿石创,36.65,-1.3989776701641192,-0.5200000000000031,127904183.0,3479400,0,37.17,37.25,36.42,37.17
300707,威唐工业,16.79,0.1192605843768609,0.019999999999999574,92872588.0,5559075,0,16.7,16.84,16.58,16.77
300708,聚灿光电,8.88,-0.3367003367003295,-0.02999999999999936,93118114.35,10508320,0,8.91,8.92,8.82,8.91
300709,精研科技,47.12,-1.2159329140461328,-0.5800000000000054,312651188.24,6640212,0,47.5,47.78,46.74,47.7
300710,万隆光电,30.95,-0.25781501772478843,-0.08000000000000185,212349333.13,6790299,0,30.77,31.87,30.56,31.03
300711,广哈通信,22.85,2.1914132379248747,0.490000000000002,74000122.16,3268664,0,22.45,22.86,22.3,22.36
300712,永福股份,28.14,-0.07102272727272575,-0.019999999999999574,63537559.86,2248600,0,28.25,28.5,28.06,28.16
300713,英可瑞,17.69,-0.112930547713154,-0.019999999999999574,36479672.0,2074000,0,17.7,17.73,17.45,17.71
300715,凯伦股份,10.52,0.0951474785918153,0.009999999999999787,26298864.0,2507800,0,10.65,10.65,10.42,10.51
300716,ST泉为,9.98,1.9407558733401564,0.19000000000000128,12974791.0,1301700,0,9.71,10.13,9.68,9.79
300717,华信新材,19.19,-0.052083333333322976,-0.00999999999999801,16432024.2,852160,0,19.3,19.42,19.16,19.2
300718,长盛轴承,83.0,3.3237893688534816,2.6700000000000017,630025030.73,7630358,0,80.55,83.78,80.55,80.33
300719,安达维尔,17.69,2.610208816705353,0.45000000000000284,155045756.0,8783700,0,17.25,17.8,17.11,17.24
300720,海川智能,31.1,3.4597471723220314,1.0400000000000027,127171126.5,4128000,0,30.06,31.38,29.75,30.06
300721,怡达股份,12.95,-0.7662835249042255,-0.10000000000000142,18040338.4,1390210,0,13.17,13.17,12.86,13.05
300722,新余国科,34.46,1.2041116005873824,0.4100000000000037,269258813.3,7821257,0,33.87,34.66,33.87,34.05
300723,一品红,35.38,1.4044138721696817,0.490000000000002,226041990.95,6422787,0,34.84,35.8,34.66,34.89
300724,捷佳伟创,93.03,-1.0108533730581004,-0.9500000000000028,700440598.53,7511891,0,93.5,94.4,92.44,93.98
300725,药石科技,38.97,-0.510594842992093,-0.20000000000000284,87294533.52,2238608,0,39.21,39.37,38.7,39.17
300726,宏达电子,56.79,0.9599999999999985,0.5399999999999991,939104857.94,16474519,0,58.9,59.8,56.01,56.25
300727,润禾材料,36.21,0.4438280166435609,0.1600000000000037,148249146.5,4095230,0,36.24,36.88,35.6,36.05
300729,乐歌股份,13.98,-0.07147962830593128,-0.009999999999999787,14332551.1,1024030,0,14.05,14.07,13.95,13.99
300730,科创信息,13.47,-1.8936635105608142,-0.2599999999999998,257686779.34,18767250,0,13.85,14.15,13.41,13.73
300731,科创新源,61.59,7.1130434782608765,4.090000000000003,908279841.95,15519689,0,56.06,62.01,55.82,57.5
300732,设研院,7.54,-0.39630118890356997,-0.03000000000000025,21349815.36,2821731,0,7.58,7.63,7.53,7.57
300733,西菱动力,19.56,8.66666666666666,1.5599999999999987,328136016.48,17120836,0,17.98,20.18,17.95,18.0
300735,光弘科技,25.0,0.4016064257028169,0.10000000000000142,133272943.58,5323210,0,25.03,25.25,24.87,24.9
300736,百邦科技,15.85,0.3164556962025249,0.049999999999998934,142633289.0,9071000,0,15.74,16.3,15.41,15.8
300737,科顺股份,5.43,-0.9124087591241006,-0.05000000000000071,70775780.99,13108427,0,5.47,5.47,5.35,5.48
300738,奥飞数据,18.34,0.6586169045005543,0.120000000000001,198238772.68,10844204,0,18.28,18.42,18.18,18.22
300739,明阳电路,18.24,0.10976948408342246,0.019999999999999574,211927385.21,11673288,0,18.21,18.33,17.95,18.22
300740,水羊股份,21.79,0.7863089731729793,0.16999999999999815,115570262.25,5322122,0,21.58,21.92,21.55,21.62
300741,华宝股份,18.68,-0.7966011683483728,-0.14999999999999858,16738190.51,894400,0,18.85,18.86,18.64,18.83
300743,天地数码,21.16,1.7797017797017847,0.370000000000001,60073554.36,2842650,0,20.77,21.36,20.56,20.79
300745,欣锐科技,28.14,2.88848263254113,0.7899999999999991,249758115.71,8847401,0,26.85,29.17,26.7,27.35
300746,汉嘉设计,12.68,0.8750994431185316,0.10999999999999943,71225205.54,5509284,0,13.23,13.56,12.57,12.57
300747,锐科激光,26.89,0.2983961208504359,0.08000000000000185,239857799.06,8945807,0,26.82,26.99,26.62,26.81
300748,金力永磁,34.2,1.1235955056179852,0.38000000000000256,535365691.64,15811224,0,34.0,34.26,33.61,33.82
300749,顶固集创,11.75,1.555747623163351,0.17999999999999972,93984675.0,8004400,0,11.55,12.08,11.38,11.57
300750,宁德时代,370.18,-1.443024494142709,-5.420000000000016,4833099853.92,13035754,0,374.21,374.21,369.12,375.6
300751,迈为股份,176.65,5.721467472619548,9.560000000000002,1445819045.71,8249675,0,167.09,181.88,167.0,167.09
300752,隆利科技,17.99,-0.9361233480176305,-0.1700000000000017,38606891.27,2147160,0,18.18,18.24,17.85,18.16
300753,爱朋医疗,28.49,2.408339324227168,0.6699999999999982,212121942.24,7514601,0,27.46,28.66,27.4,27.82
300755,华致酒行,18.44,-0.9667024704618674,-0.17999999999999972,34563452.0,1874200,0,18.8,18.8,18.32,18.62
300756,金马游乐,59.37,1.6609589041095871,0.9699999999999989,107925177.04,1832128,0,58.34,59.45,57.86,58.4
300757,罗博特科,247.49,3.245588419340036,7.780000000000001,2030031696.07,8129449,0,249.0,266.0,237.63,239.71
300758,七彩化学,12.92,-1.8237082066869317,-0.2400000000000002,54892995.2,4235598,0,13.14,13.14,12.9,13.16
300759,康龙化成,29.21,1.037703216879975,0.3000000000000007,235518682.06,8057030,0,28.91,29.56,28.91,28.91
300760,迈瑞医疗,201.0,1.4485438853278174,2.8700000000000045,637524336.21,3198310,0,198.0,201.25,197.06,198.13
300761,立华股份,20.29,2.0623742454728378,0.41000000000000014,72923790.71,3635380,0,19.87,20.31,19.84,19.88
300762,上海瀚讯,38.07,6.968249508288836,2.479999999999997,3576170501.42,95388990,0,35.7,39.85,35.35,35.59
300763,锦浪科技,72.38,0.12449854751693068,0.0899999999999892,275896842.86,3818463,0,72.33,72.82,71.76,72.29
300765,新诺威,39.31,1.3144329896907347,0.5100000000000051,357114604.32,9000182,0,39.16,40.41,38.55,38.8
300766,每日互动,31.07,0.35529715762273717,0.10999999999999943,135524805.39,4366892,0,30.99,31.15,30.88,30.96
300767,震安科技,21.43,-0.6029684601113127,-0.129999999999999,90901949.8,4243368,0,21.62,21.78,21.25,21.56
300768,迪普科技,18.78,0.16000000000000605,0.030000000000001137,37987376.5,2019550,0,18.72,18.89,18.67,18.75
300769,德方纳米,44.14,-1.6707507239919803,-0.75,395679374.81,8953463,0,44.4,44.68,43.93,44.89
300770,新媒股份,43.58,1.2311265969802583,0.5300000000000011,53905070.27,1237850,0,43.27,43.89,43.0,43.05
300771,智莱科技,15.63,0.3853564547206198,0.0600000000000005,207727922.0,13490100,0,15.3,15.63,15.12,15.57
300772,运达股份,19.17,2.458578300374136,0.46000000000000085,171813365.96,9009434,0,18.64,19.28,18.5,18.71
300773,拉卡拉,24.12,6.490066225165574,1.4700000000000024,1537249224.31,64292747,0,23.17,24.65,23.17,22.65
300774,倍杰特,18.0,-2.7027027027027026,-0.5,164381447.33,9170684,0,18.32,18.46,17.66,18.5
300775,三角防务,30.57,3.3468559837728264,0.990000000000002,761746338.34,25085429,0,29.54,30.7,29.5,29.58
300776,帝尔激光,60.12,-1.0370370370370412,-0.6300000000000026,133785101.48,2224946,0,60.8,60.91,59.73,60.75
300777,中简科技,35.54,0.5943956977073334,0.21000000000000085,411075437.36,11558104,0,35.2,35.86,35.02,35.33
300778,新城市,12.7,1.2759170653907508,0.16000000000000014,19272494.0,1527500,0,12.64,12.71,12.54,12.54
300779,惠城环保,151.88,2.9276226619680084,4.319999999999993,566175094.46,3706244,0,149.09,155.5,149.0,147.56
300780,德恩精工,18.98,2.428494333513218,0.4499999999999993,137546380.0,7283800,0,18.67,19.14,18.51,18.53
300781,因赛集团,33.03,1.4434889434889397,0.46999999999999886,76395048.97,2309495,0,32.73,33.33,32.73,32.56
300782,卓胜微,75.93,-0.8746736292428037,-0.6699999999999875,387920598.52,5101248,0,76.89,76.89,75.57,76.6
300783,三只松鼠,23.46,-0.5510809665112294,-0.129999999999999,87469255.0,3716200,0,23.6,23.72,23.43,23.59
300784,利安科技,50.03,0.36108324974924716,0.17999999999999972,6956148.0,138974,0,49.85,50.19,49.85,49.85
300785,值得买,39.62,1.7462763225475082,0.6799999999999997,347834509.0,8753600,0,38.91,40.1,38.73,38.94
300786,国林科技,16.72,-2.3934617629889092,-0.41000000000000014,111237528.4,6651860,0,16.96,17.0,16.55,17.13
300787,海能实业,11.62,0.1724137931034446,0.019999999999999574,25775157.44,2218654,0,11.67,11.67,11.58,11.6
300788,中信出版,27.46,0.18241517694272422,0.05000000000000071,15980653.0,582700,0,27.35,27.47,27.34,27.41
300789,唐源电气,21.92,0.9672961768770191,0.21000000000000085,25392924.07,1151169,0,21.98,22.31,21.82,21.71
300790,宇瞳光学,29.88,-0.8955223880597002,-0.2699999999999996,162491957.0,5442950,0,30.07,30.2,29.67,30.15
300791,仙乐健康,25.63,1.9896538002387585,0.5,65443712.0,2560972,0,25.2,25.94,25.06,25.13
300792,壹网壹创,26.91,0.14886490509861983,0.03999999999999915,70843382.0,2630200,0,26.8,27.13,26.74,26.87
300793,佳禾智能,16.01,-0.8668730650154616,-0.13999999999999702,62767264.0,3919400,0,16.12,16.12,15.96,16.15
300795,米奥会展,13.5,0.0,0.0,12617538.8,934965,0,13.61,13.61,13.43,13.5
300796,贝斯美,8.67,0.5800464037123053,0.05000000000000071,12734088.0,1473500,0,8.62,8.68,8.6,8.62
300797,钢研纳克,16.71,1.5805471124620156,0.26000000000000156,48525227.94,2921332,0,16.46,16.74,16.41,16.45
300798,锦鸡股份,7.14,0.42194092827003316,0.02999999999999936,16578896.0,2330400,0,7.13,7.15,7.07,7.11
300800,力合科技,11.79,0.5972696245733661,0.06999999999999851,11338579.0,965550,0,11.81,11.81,11.68,11.72
300801,泰和科技,27.52,-1.078360891445006,-0.3000000000000007,113145521.0,4111800,0,27.7,27.78,27.3,27.82
300802,矩子科技,18.93,0.7987220447284269,0.14999999999999858,23322084.0,1235300,0,18.82,18.97,18.78,18.78
300803,指南针,133.39,0.15768133353354824,0.20999999999997954,1783438738.01,13378515,0,133.0,134.53,131.6,133.18
300804,广康生化,35.05,0.0,0.0,6578814.77,187723,0,35.18,35.36,34.9,35.05
300805,电声股份,10.55,0.9569377990430759,0.10000000000000142,53416614.0,5079600,0,10.5,10.62,10.4,10.45
300806,斯迪克,29.76,-1.1952191235059741,-0.35999999999999943,231098774.44,7783272,0,30.05,30.28,29.37,30.12
300807,天迈科技,53.4,-0.6881160498419278,-0.37000000000000455,132147061.0,2446950,0,53.11,55.35,53.0,53.77
300808,久量股份,29.86,-0.3005008347245404,-0.08999999999999986,34963365.0,1169400,0,30.22,30.22,29.66,29.95
300809,华辰装备,35.56,0.4803616840915561,0.1700000000000017,49090846.4,1382000,0,35.65,35.75,35.2,35.39
300810,中科海讯,39.01,-0.12800819252433246,-0.05000000000000426,37809710.0,968300,0,39.08,39.36,38.8,39.06
300811,铂科新材,73.99,-1.9740328563858094,-1.490000000000009,328074423.68,4423334,0,75.02,76.35,73.06,75.48
300812,易天股份,29.78,-2.039473684210518,-0.6199999999999974,215904126.2,7228260,0,30.4,30.59,29.51,30.4
300813,泰林生物,24.85,-0.04022526146419152,-0.00999999999999801,18567913.9,746734,0,25.07,25.07,24.69,24.86
300814,中富电路,82.06,-1.6774502755811067,-1.3999999999999915,660318304.14,8143690,0,83.47,83.79,79.68,83.46
300815,玉禾田,22.62,0.7123775601068573,0.16000000000000014,105191220.6,4674120,0,22.49,22.68,22.33,22.46
300816,艾可蓝,43.93,-2.094940940494758,-0.9399999999999977,55285846.0,1260400,0,44.41,44.6,43.3,44.87
300817,双飞集团,20.34,0.9930486593843062,0.1999999999999993,127756875.24,6279140,0,20.08,20.64,19.9,20.14
300818,耐普矿机,34.1,-0.49606069448497725,-0.1700000000000017,42611215.5,1261300,0,34.48,34.48,33.33,34.27
300819,聚杰微纤,28.19,0.786557025384349,0.22000000000000242,83212905.0,2955250,0,27.97,28.77,27.8,27.97
300820,英杰电气,48.99,0.20454080589077814,0.10000000000000142,73440257.0,1503500,0,48.74,49.09,48.62,48.89
300821,东岳硅材,12.49,1.9591836734693895,0.2400000000000002,360314456.02,29098637,0,12.24,12.58,12.13,12.25
300822,贝仕达克,16.57,2.2839506172839568,0.370000000000001,64206088.0,3874900,0,16.15,16.96,16.15,16.2
300823,建科智能,15.56,0.7772020725388666,0.120000000000001,12284371.0,791600,0,15.48,15.6,15.42,15.44
300824,北鼎股份,11.43,-0.26178010471205176,-0.030000000000001137,17471742.5,1527250,0,11.54,11.54,11.37,11.46
300825,阿尔特,9.59,0.9473684210526301,0.08999999999999986,26715085.0,2799150,0,9.54,9.6,9.46,9.5
300826,测绘股份,17.17,3.6835748792270717,0.610000000000003,70940510.51,4175262,0,16.62,17.39,16.53,16.56
300827,上能电气,37.23,1.5548281505728323,0.5700000000000003,847869800.12,22710012,0,36.79,38.0,36.66,36.66
300828,锐新科技,16.13,1.4465408805031361,0.22999999999999865,18444102.0,1155400,0,15.85,16.14,15.81,15.9
300829,金丹科技,16.92,0.17761989342807066,0.030000000000001137,23166408.0,1377000,0,16.89,16.96,16.75,16.89
300830,金现代,10.07,0.39880358923231235,0.040000000000000924,30895017.48,3071662,0,10.11,10.11,10.0,10.03
300831,派瑞股份,13.11,0.5368098159509225,0.07000000000000028,17912043.48,1369231,0,13.04,13.15,13.01,13.04
300832,新产业,58.22,1.517000871839577,0.8699999999999974,56409137.23,975772,0,57.36,58.28,57.2,57.35
300833,浩洋股份,42.61,0.9715639810426459,0.4099999999999966,16248055.0,382500,0,42.34,42.82,42.07,42.2
300834,星辉环材,22.03,0.7776761207685348,0.1700000000000017,11919422.0,540100,0,21.83,22.3,21.74,21.86
300835,龙磁科技,67.92,1.9819819819819933,1.3200000000000074,157313886.0,2346700,0,65.98,68.96,65.3,66.6
300836,佰奥智能,56.7,4.036697247706427,2.200000000000003,116637146.95,2053642,0,54.68,58.0,54.68,54.5
300837,浙矿股份,34.07,1.1579572446555837,0.39000000000000057,63564496.0,1865200,0,33.68,34.85,33.5,33.68
300838,浙江力诺,15.52,1.4379084967320186,0.21999999999999886,67338725.24,4323641,0,15.3,16.04,15.22,15.3
300839,博汇股份,12.48,-0.08006405124099109,-0.009999999999999787,25400402.0,2043600,0,12.48,12.54,12.34,12.49
300840,酷特智能,16.6,3.5558328134747366,0.5700000000000003,125785398.8,7432710,0,17.38,17.72,16.56,16.03
300841,康华生物,74.43,0.10759919300606928,0.0800000000000125,28279553.5,380075,0,74.69,74.69,74.11,74.35
300842,帝科股份,62.81,0.25538707102953506,0.1600000000000037,144995309.2,2322340,0,62.45,63.17,61.71,62.65
300843,胜蓝股份,53.84,-0.49898355202364814,-0.269999999999996,242936102.54,4582551,0,53.28,53.92,52.4,54.11
300844,山水比德,33.96,-0.5563689604685146,-0.18999999999999773,12726618.2,374120,0,34.47,34.48,33.85,34.15
300845,捷安高科,11.28,0.4452359750667759,0.049999999999998934,20074438.6,1781540,0,11.28,11.35,11.17,11.23
300846,首都在线,19.16,0.05221932114883323,0.010000000000001563,98137646.0,5130400,0,19.24,19.24,19.01,19.15
300847,中船汉光,17.12,0.5875440658049437,0.10000000000000142,38576404.0,2258850,0,17.05,17.16,16.99,17.02
300848,美瑞新材,14.77,0.47619047619047816,0.07000000000000028,18478458.45,1253755,0,14.73,14.79,14.65,14.7
300849,锦盛新材,16.08,-2.1897810218978284,-0.360000000000003,44593346.5,2780950,0,16.44,16.6,15.84,16.44
300850,新强联,42.83,-1.1311172668513436,-0.490000000000002,257697182.1,5987839,0,43.02,43.6,42.7,43.32
300851,交大思诺,26.82,0.22421524663676654,0.05999999999999872,9062969.0,337300,0,27.18,27.18,26.64,26.76
300852,四会富仕,38.41,-0.9285530049007131,-0.36000000000000654,102070047.0,2662800,0,38.43,38.62,38.08,38.77
300853,申昊科技,20.39,1.594419531639264,0.3200000000000003,29473750.0,1455400,0,20.43,20.48,20.02,20.07
300854,中兰环保,16.4,-0.36452004860268694,-0.060000000000002274,22834052.0,1387200,0,16.51,16.89,16.33,16.46
300855,图南股份,33.85,9.017713365539455,2.8000000000000007,318236032.55,9885819,0,31.17,33.95,30.85,31.05
300856,科思股份,13.69,-1.7934002869440457,-0.25,58043180.94,4236324,0,13.89,13.89,13.63,13.94
300857,协创数据,141.21,0.333949126048031,0.46999999999999886,698075073.01,4983788,0,142.0,142.21,138.2,140.74
300858,科拓生物,16.91,0.5350772889417351,0.08999999999999986,31570091.04,1863449,0,16.85,17.04,16.79,16.82
300859,西域旅游,37.62,-0.8695652173913185,-0.3300000000000054,111009250.88,2937928,0,38.15,38.43,37.37,37.95
300860,锋尚文化,27.38,0.32979113228288703,0.08999999999999986,40389002.58,1469781,0,27.15,27.85,27.14,27.29
300861,美畅股份,14.89,0.0,0.0,32478700.2,2188680,0,14.98,14.98,14.76,14.89
300862,蓝盾光电,22.71,0.35351303579320303,0.08000000000000185,36245335.1,1601300,0,22.51,22.81,22.42,22.63
300863,卡倍亿,50.86,0.0,0.0,60897388.36,1202460,0,50.83,51.16,50.35,50.86
300864,南大环境,19.93,-0.10025062656641391,-0.019999999999999574,8199546.0,411650,0,20.0,20.0,19.84,19.95
300865,大宏立,27.26,0.8136094674556303,0.22000000000000242,13363250.44,490398,0,27.24,27.45,27.09,27.04
300866,安克创新,115.58,-2.067446195560073,-2.4399999999999977,278013990.25,2392946,0,117.56,118.0,115.05,118.02
300867,圣元环保,19.87,-1.4384920634920593,-0.28999999999999915,74907669.8,3764388,0,20.06,20.1,19.81,20.16
300868,杰美特,30.12,1.0738255033557056,0.3200000000000003,39322747.2,1308800,0,29.58,30.45,29.58,29.8
300869,康泰医学,15.37,0.0,0.0,14597303.0,950600,0,15.34,15.42,15.31,15.37
300870,欧陆通,235.52,-4.493106244931056,-11.079999999999984,1261133157.31,5332061,0,242.44,242.44,231.64,246.6
300871,回盛生物,20.73,0.14492753623188956,0.030000000000001137,49803298.0,2411600,0,20.71,20.84,20.51,20.7
300872,天阳科技,19.98,3.3092037228541913,0.6400000000000006,456763255.83,22904448,0,19.78,20.2,19.62,19.34
300873,海晨股份,22.51,1.625282167042903,0.360000000000003,60004698.0,2679760,0,22.22,22.59,22.15,22.15
300875,捷强装备,40.79,-1.2826718296224617,-0.5300000000000011,86154881.0,2104400,0,40.71,41.28,40.71,41.32
300876,蒙泰高新,37.66,3.121577217962742,1.1399999999999935,155599322.91,4088354,0,36.47,39.0,36.2,36.52
300877,金春股份,29.06,-0.5475701574264208,-0.16000000000000014,136870918.31,4837750,0,28.7,29.1,27.9,29.22
300878,维康药业,25.45,1.515755883526123,0.379999999999999,34498862.5,1378850,0,25.08,25.48,24.71,25.07
300879,大叶股份,29.22,0.5851979345955186,0.16999999999999815,36459325.0,1252600,0,29.36,29.36,28.92,29.05
300880,迦南智能,17.89,0.05592841163311837,0.010000000000001563,13521787.12,755200,0,17.88,17.97,17.81,17.88
300881,盛德鑫泰,35.39,3.631039531478776,1.240000000000002,61876281.4,1778700,0,34.33,35.55,34.01,34.15
300882,万胜智能,19.26,1.261829652996856,0.240000000000002,36033727.88,1877244,0,19.06,19.3,18.96,19.02
300883,龙利得,7.08,1.2875536480686673,0.08999999999999986,127765326.1,18091944,0,7.02,7.27,6.88,6.99
300884,狄耐克,15.07,0.6008010680907868,0.08999999999999986,157859080.77,10611771,0,15.04,15.12,14.71,14.98
300885,海昌新材,25.4,5.569409808811305,1.3399999999999999,407218333.34,16252566,0,24.4,25.78,24.2,24.06
300886,华业香料,25.95,-0.07701193685021014,-0.019999999999999574,14946974.44,577607,0,26.04,26.22,25.75,25.97
300887,谱尼测试,9.25,-0.7510729613733936,-0.07000000000000028,484807295.7,51567462,0,9.68,9.86,9.21,9.32
300888,稳健医疗,38.05,-0.15743899239045467,-0.060000000000002274,47400383.75,1247779,0,38.08,38.24,37.8,38.11
300889,爱克股份,21.2,-0.5628517823639821,-0.120000000000001,69449063.03,3277989,0,21.51,21.51,21.01,21.32
300890,翔丰华,30.01,-0.39827414537005457,-0.11999999999999744,60316311.65,2014077,0,30.03,30.14,29.8,30.13
300891,惠云钛业,8.88,-0.22471910112359073,-0.019999999999999574,17493862.0,1972900,0,8.87,8.92,8.81,8.9
300892,品渥食品,32.13,-0.031113876789041723,-0.00999999999999801,49892861.8,1555680,0,32.12,32.37,31.88,32.14
300893,松原安全,25.3,3.2653061224489828,0.8000000000000007,99336965.68,3952333,0,24.5,25.59,24.5,24.5
300894,火星人,11.37,0.2645502645502589,0.02999999999999936,15367130.0,1349600,0,11.36,11.45,11.29,11.34
300895,铜牛信息,43.78,0.6205470006895039,0.2700000000000031,62092028.9,1425610,0,43.51,43.85,43.36,43.51
300896,爱美客,143.38,0.40616246498598324,0.5799999999999841,161331018.98,1126703,0,142.42,144.1,142.19,142.8
300897,山科智能,26.71,-1.2934220251293342,-0.34999999999999787,35523569.08,1326680,0,27.16,27.38,26.6,27.06
300898,熊猫乳品,28.06,-2.2640195053988235,-0.6500000000000021,120194742.72,4263410,0,28.7,29.0,27.8,28.71
300899,*ST凯鑫,32.21,0.031055900621111833,0.00999999999999801,4751723.0,148100,0,32.01,32.34,31.96,32.2
300900,广联航空,31.21,19.99231064975009,5.199999999999999,1636829822.31,53299501,0,28.58,31.21,28.58,26.01
300901,中胤时尚,16.22,2.141057934508804,0.3399999999999981,15977130.1,997506,0,15.88,16.28,15.73,15.88
300902,国安达,21.38,0.7065473386716843,0.14999999999999858,65484879.17,3078661,0,21.26,21.4,21.15,21.23
300903,科翔股份,19.0,1.2793176972281364,0.23999999999999844,321596274.29,17100232,0,18.58,19.16,18.43,18.76
300904,威力传动,63.32,1.637239165329058,1.0200000000000031,38028832.6,604780,0,62.3,63.66,61.68,62.3
300905,宝丽迪,32.45,0.30911901081916976,0.10000000000000142,44846666.47,1385297,0,32.4,32.65,32.1,32.35
300906,日月明,36.78,-3.7928328537797436,-1.4499999999999957,111642428.72,3028088,0,38.18,38.25,36.43,38.23
300907,康平科技,29.37,1.0667584308327678,0.3100000000000023,28376331.36,969592,0,29.1,29.5,28.91,29.06
300908,仲景食品,28.46,-1.4201593349497752,-0.41000000000000014,23543001.03,823428,0,28.74,28.9,28.44,28.87
300909,汇创达,47.75,4.212134439109558,1.9299999999999997,117446205.39,2515413,0,45.93,47.75,45.66,45.82
300910,瑞丰新材,59.41,-0.30206410471556777,-0.18000000000000682,44337277.0,749300,0,59.2,59.65,58.62,59.59
300911,亿田智能,34.08,-2.1533161068044793,-0.75,55877379.6,1633390,0,35.14,35.18,33.9,34.83
300912,凯龙高科,16.56,-1.7210682492581761,-0.2900000000000027,32121441.58,1922400,0,17.01,17.18,16.5,16.85
300913,兆龙互连,55.01,-1.592128801431128,-0.8900000000000006,237973236.31,4310915,0,55.6,56.25,54.69,55.9
300915,海融科技,25.05,0.32038446135363174,0.08000000000000185,13328075.6,530500,0,24.94,25.35,24.89,24.97
300916,朗特智能,34.51,1.3807285546415948,0.46999999999999886,44353216.31,1284937,0,34.83,34.99,34.08,34.04
300917,特发服务,40.17,-0.32258064516127904,-0.12999999999999545,96260601.2,2387500,0,40.7,40.86,39.96,40.3
300918,南山智尚,17.08,2.953586497890286,0.48999999999999844,285833332.12,17001586,0,16.59,17.2,16.37,16.59
300919,中伟股份,44.82,-2.075595368145079,-0.9500000000000028,383515815.21,8541586,0,45.39,45.5,44.5,45.77
300920,润阳科技,44.1,4.378698224852074,1.8500000000000014,95093220.0,2209200,0,42.22,44.44,41.76,42.25
300921,南凌科技,23.0,0.3928415539065904,0.08999999999999986,24682283.2,1074480,0,22.86,23.11,22.8,22.91
300922,天秦装备,22.79,0.39647577092510955,0.08999999999999986,35566433.2,1560240,0,22.83,22.98,22.7,22.7
300923,研奥股份,25.5,0.3541912632821718,0.08999999999999986,15871139.76,622902,0,25.6,25.75,25.37,25.41
300925,法本信息,20.58,1.4792899408283882,0.29999999999999716,103203713.0,5041700,0,20.36,20.6,20.26,20.28
300926,博俊科技,31.54,1.2520064205457484,0.39000000000000057,109225039.98,3474699,0,31.05,31.88,31.03,31.15
300927,江天化学,23.48,-0.6768189509306266,-0.16000000000000014,24883156.56,1058782,0,23.66,23.79,23.34,23.64
300928,华安鑫创,31.03,1.0749185667752503,0.33000000000000185,16508779.0,535900,0,30.83,31.03,30.5,30.7
300929,华骐环保,10.85,-0.1839926402943843,-0.019999999999999574,14866196.8,1371120,0,10.87,10.96,10.77,10.87
300930,屹通新材,29.89,0.03346720214190617,0.010000000000001563,11432284.0,384300,0,29.85,29.95,29.57,29.88
300931,通用电梯,11.51,0.17406440382941318,0.019999999999999574,30574074.07,2661600,0,11.46,11.62,11.33,11.49
300932,三友联众,12.38,-0.6420545746388449,-0.08000000000000007,27794784.45,2246555,0,12.42,12.45,12.31,12.46
300933,中辰股份,8.23,-0.7237635705669327,-0.05999999999999872,64437431.27,7815419,0,8.36,8.36,8.17,8.29
300935,盈建科,30.91,-2.737570799244811,-0.870000000000001,47748583.13,1527027,0,31.78,31.9,30.91,31.78
300936,中英科技,37.07,-0.6166219839142009,-0.22999999999999687,18067929.0,487200,0,37.12,37.45,36.87,37.3
300937,药易购,35.16,2.3580786026200733,0.8099999999999952,282075256.56,7993495,0,34.35,35.88,33.83,34.35
300938,信测标准,32.07,0.5329153605015727,0.1700000000000017,138349729.72,4286768,0,31.9,32.74,31.6,31.9
300939,秋田微,35.79,0.5902192242833076,0.21000000000000085,94195513.7,2658941,0,35.52,36.0,35.06,35.58
300940,南极光,31.6,-1.095461658841934,-0.34999999999999787,252770766.65,8059527,0,31.85,31.9,30.9,31.95
300941,创识科技,23.46,2.7595269382391705,0.6300000000000026,282600594.14,12146238,0,22.91,23.58,22.87,22.83
300942,易瑞生物,9.81,2.722513089005233,0.2599999999999998,87465260.3,8892186,0,9.62,10.15,9.52,9.55
300943,春晖智控,21.2,4.330708661417318,0.879999999999999,263872361.96,12622240,0,20.32,21.27,20.0,20.32
300945,曼卡龙,16.92,-1.5706806282722487,-0.2699999999999996,115847033.82,6846691,0,17.07,17.14,16.77,17.19
300946,恒而达,53.21,5.764261578215064,2.8999999999999986,203120852.17,3851199,0,50.43,54.96,50.12,50.31
300947,德必集团,20.96,0.6240998559769686,0.13000000000000256,120408058.87,5763626,0,20.85,21.04,20.72,20.83
300948,冠中生态,21.17,-0.6103286384976478,-0.129999999999999,95313391.55,4490373,0,21.29,21.59,20.95,21.3
300949,奥雅股份,39.54,-1.0758068551413553,-0.4299999999999997,22944473.0,578500,0,39.98,40.12,39.45,39.97
300950,德固特,22.99,0.5247048535198838,0.11999999999999744,28921536.02,1262850,0,23.03,23.08,22.76,22.87
300951,博硕科技,34.72,0.5211349160393738,0.17999999999999972,20839559.6,603490,0,34.55,34.75,34.37,34.54
300952,恒辉安防,35.17,5.267883867105673,1.7600000000000051,263985210.36,7631561,0,33.6,35.45,33.34,33.41
300953,震裕科技,147.0,2.8691392582225292,4.099999999999994,506266478.04,3491570,0,143.0,147.6,142.3,142.9
300955,嘉亨家化,0.0,-100.0,-41.51,0.0,0,0,0.0,0.0,0.0,41.51
300956,英力股份,16.33,-0.24434941967014479,-0.0400000000000027,24939482.6,1534420,0,16.34,16.45,16.1,16.37
300957,贝泰妮,40.63,-0.48983590497182405,-0.19999999999999574,75965679.63,1864018,0,40.7,41.13,40.56,40.83
300958,建工修复,12.51,0.0799999999999983,0.009999999999999787,15512560.0,1239000,0,12.59,12.6,12.45,12.5
300959,线上线下,106.12,-1.7862100879222513,-1.9299999999999926,315572305.8,2962953,0,106.89,109.68,105.0,108.05
300960,通业科技,27.22,4.772902232486522,1.2399999999999984,79816055.0,3008868,0,25.9,27.25,25.61,25.98
300961,深水海纳,14.17,0.21216407355020764,0.02999999999999936,15765166.0,1117300,0,14.1,14.17,14.05,14.14
300962,中金辐照,16.58,-0.7779772591262869,-0.13000000000000256,34298793.0,2066200,0,16.55,16.77,16.55,16.71
300963,中洲特材,21.83,2.1525503041647043,0.4599999999999973,493408486.14,22781864,0,21.48,22.1,21.11,21.37
300964,本川智能,57.66,0.3480682213713814,0.19999999999999574,136703143.16,2384716,0,57.43,57.83,56.78,57.46
300965,恒宇信通,64.13,1.8583227445997372,1.1699999999999946,63752878.0,991600,0,62.95,64.93,62.95,62.96
300966,共同药业,20.13,0.649999999999995,0.129999999999999,11241064.0,560200,0,20.1,20.29,19.91,20.0
300967,晓鸣股份,19.32,0.9932043910088932,0.19000000000000128,41895668.38,2177251,0,19.25,19.44,19.09,19.13
300968,格林精密,14.96,-0.5980066445182715,-0.08999999999999986,115513983.16,7748420,0,15.05,15.06,14.78,15.05
300969,恒帅股份,114.86,3.889290882778579,4.299999999999997,289597864.56,2517123,0,108.81,119.11,108.81,110.56
300970,华绿生物,18.53,6.371986222732487,1.1099999999999994,138521073.7,7457268,0,17.48,19.5,17.48,17.42
300971,博亚精工,23.93,1.5704584040747074,0.370000000000001,42825680.7,1794230,0,23.6,24.14,23.38,23.56
300972,万辰集团,199.72,1.525010166734445,3.0,204527306.55,1026400,0,197.0,202.0,195.7,196.72
300973,立高食品,44.51,2.0871559633027443,0.9099999999999966,103973835.81,2332401,0,43.88,45.03,43.7,43.6
300975,商络电子,12.67,0.31670625494852844,0.03999999999999915,119166053.27,9396548,0,12.56,12.79,12.55,12.63
300976,达瑞电子,60.36,-0.23140495867768687,-0.14000000000000057,47672556.48,793272,0,60.5,60.9,59.76,60.5
300977,深圳瑞捷,17.36,0.5211349160393738,0.08999999999999986,7694908.76,444588,0,17.52,17.52,17.21,17.27
300978,东箭科技,13.5,-0.9537784299339748,-0.13000000000000078,189241112.32,14199572,0,13.5,13.58,13.13,13.63
300979,华利集团,52.23,0.09582215408201832,0.04999999999999716,58404352.0,1120800,0,52.24,52.52,51.83,52.18
300980,祥源新材,28.22,1.0744985673352332,0.29999999999999716,91369483.05,3248731,0,27.82,28.32,27.62,27.92
300981,中红医疗,12.88,-0.15503875968991915,-0.019999999999999574,15995175.25,1242838,0,12.94,12.95,12.81,12.9
300982,苏文电能,19.88,1.4285714285714162,0.2799999999999976,40932930.8,2104100,0,19.6,19.9,19.27,19.6
300983,尤安设计,26.58,5.142405063291128,1.2999999999999972,29119181.32,1120519,0,25.32,26.69,25.09,25.28
300984,金沃股份,68.0,3.1240521686381593,2.0600000000000023,171708860.92,2541928,0,65.99,68.78,65.5,65.94
300985,致远新能,18.64,3.211517165005547,0.5800000000000018,37286814.4,2018440,0,18.15,18.82,17.97,18.06
300986,志特新材,10.29,-0.09708737864079188,-0.010000000000001563,16426936.4,1598840,0,10.31,10.34,10.23,10.3
300987,川网传媒,16.6,0.5451241671714103,0.08999999999999986,12901046.86,779636,0,16.56,16.67,16.41,16.51
300988,津荣天宇,23.35,2.772887323943673,0.6300000000000026,66853800.09,2878100,0,22.77,23.56,22.73,22.72
300989,蕾奥规划,17.61,2.622377622377618,0.4499999999999993,151633236.61,8680491,0,17.11,17.86,17.09,17.16
300990,同飞股份,97.61,1.307732226258438,1.2600000000000051,732672483.25,7558195,0,96.34,99.2,93.5,96.35
300991,创益通,39.74,2.4226804123711467,0.9400000000000048,59793124.3,1523971,0,38.93,39.81,38.84,38.8
300992,泰福泵业,27.33,2.168224299065414,0.5799999999999983,58433560.53,2136848,0,26.75,27.8,26.6,26.75
300993,玉马科技,14.92,1.0155721056195013,0.15000000000000036,47783774.9,3216770,0,14.83,14.99,14.72,14.77
300994,久祺股份,15.88,0.189274447949534,0.030000000000001137,12031259.4,758840,0,15.93,15.98,15.78,15.85
300995,奇德新材,39.43,0.22877478393491688,0.0899999999999963,45814386.0,1171400,0,39.21,39.65,38.71,39.34
300996,普联软件,16.38,0.36764705882352156,0.05999999999999872,39836128.98,2437087,0,16.3,16.41,16.25,16.32
300997,欢乐家,27.78,-3.941908713692948,-1.1400000000000006,383767132.6,13612448,0,29.38,29.4,27.41,28.92
300998,宁波方正,22.28,2.295684113865932,0.5,50081150.0,2248700,0,21.88,22.74,21.51,21.78
300999,金龙鱼,29.02,0.2071823204419845,0.05999999999999872,103661121.0,3575400,0,28.96,29.08,28.82,28.96
301000,肇民科技,37.55,1.9272529858848906,0.7099999999999937,108731672.23,2918028,0,36.89,37.6,36.89,36.84
301001,凯淳股份,28.27,-0.10600706713781322,-0.030000000000001137,27684634.0,976500,0,28.3,28.56,28.12,28.3
301002,崧盛股份,34.29,5.768044417026519,1.8699999999999974,216289561.26,6498047,0,33.5,34.52,31.7,32.42
301003,江苏博云,39.96,-0.27451959071624515,-0.10999999999999943,11729906.5,293550,0,40.05,40.17,39.8,40.07
301004,嘉益股份,51.07,-0.3123170017567765,-0.1599999999999966,11014756.8,216240,0,51.28,51.34,50.62,51.23
301005,超捷股份,131.58,17.022411953041637,19.140000000000015,3127754786.81,24888235,0,118.71,132.0,118.71,112.44
301006,迈拓股份,16.62,0.8495145631067995,0.14000000000000057,13453954.0,811800,0,16.6,16.7,16.43,16.48
301007,德迈仕,37.07,1.2564872985523106,0.46000000000000085,45505500.16,1235119,0,36.8,37.3,36.45,36.61
301008,宏昌科技,34.19,-0.2916302128900595,-0.10000000000000142,62261895.04,1821996,0,34.58,34.58,33.87,34.29
301009,可靠股份,13.06,1.1618900077459362,0.15000000000000036,33017405.0,2545100,0,12.92,13.17,12.81,12.91
301010,晶雪节能,21.99,-1.2129380053908496,-0.2700000000000031,53107380.69,2399759,0,22.24,22.45,21.95,22.26
301011,华立科技,25.82,1.2152097216777684,0.3099999999999987,24469096.4,957170,0,25.6,26.09,25.31,25.51
301012,扬电科技,25.97,1.3265704252828712,0.33999999999999986,91587887.95,3540060,0,25.69,26.16,25.31,25.63
301013,利和兴,27.66,-1.4606341289633067,-0.41000000000000014,187572731.06,6725763,0,27.91,28.18,27.65,28.07
301015,百洋医药,24.35,3.5289115646258584,0.8300000000000018,143494036.76,5929100,0,23.48,24.69,23.42,23.52
301016,雷尔伟,20.43,2.3034551827741656,0.46000000000000085,70082376.0,3450300,0,19.9,20.58,19.85,19.97
301017,漱玉平民,17.48,-2.8888888888888866,-0.5199999999999996,353669476.86,20128969,0,17.53,17.97,17.18,18.0
301018,申菱环境,67.47,1.3976555455365083,0.9299999999999926,804312805.0,11964184,0,66.0,68.56,65.6,66.54
301019,宁波色母,23.76,-0.2099958000839864,-0.04999999999999716,73623924.1,3117988,0,23.75,23.99,23.32,23.81
301020,密封科技,22.03,0.27309968138371543,0.060000000000002274,13259386.0,602700,0,22.09,22.12,21.89,21.97
301021,英诺激光,45.3,-0.78843626806833,-0.35999999999999943,167942071.0,3704600,0,45.51,46.05,44.81,45.66
301022,海泰科,32.08,2.198152277795469,0.6899999999999977,35878350.85,1125642,0,31.68,32.13,31.36,31.39
301023,奕帆传动,42.34,4.38856015779093,1.7800000000000011,148151022.65,3534752,0,40.56,42.77,40.34,40.56
301024,霍普股份,35.21,0.19920318725099684,0.07000000000000028,11285549.0,320700,0,35.25,35.44,34.88,35.14
301025,读客文化,0.0,-100.0,-10.2,0.0,0,0,0.0,0.0,0.0,10.2
301026,浩通科技,30.02,-8.055130168453289,-2.629999999999999,372604815.0,12329520,0,30.66,30.96,29.89,32.65
301027,华蓝集团,18.04,0.2222222222222175,0.03999999999999915,50064414.0,2774200,0,18.11,18.25,17.87,18.0
301028,东亚机械,15.46,1.2442698100851426,0.19000000000000128,96760521.84,6264064,0,15.35,15.68,15.22,15.27
301029,怡合达,25.89,1.4498432601880917,0.370000000000001,119719504.25,4658223,0,25.58,25.94,25.43,25.52
301030,仕净科技,12.28,-0.32467532467533217,-0.040000000000000924,97605768.34,7935458,0,12.31,12.45,12.11,12.32
301031,中熔电气,112.23,-0.2577319587628795,-0.28999999999999204,83054589.8,740944,0,112.03,112.84,111.18,112.52
301032,新柴股份,12.36,0.5695687550854377,0.07000000000000028,10730510.0,870200,0,12.33,12.39,12.28,12.29
301033,迈普医学,69.06,0.8175182481751858,0.5600000000000023,18089788.0,263500,0,68.46,69.32,67.9,68.5
301035,润丰股份,72.42,-0.3028634361233465,-0.21999999999999886,33313076.0,460600,0,73.3,73.5,71.58,72.64
301036,双乐股份,37.48,0.7526881720429947,0.27999999999999403,100658127.16,2691017,0,37.43,37.49,37.22,37.2
301037,保立佳,14.47,0.5559416261292569,0.08000000000000007,11281413.8,782060,0,14.4,14.5,14.33,14.39
301038,深水规院,22.85,-0.652173913043472,-0.14999999999999858,35794294.0,1563400,0,23.19,23.22,22.78,23.0
301039,中集车辆,10.18,-0.48875855327468926,-0.05000000000000071,64513342.38,6292414,0,10.24,10.4,10.16,10.23
301040,中环海陆,30.08,-2.1470396877033187,-0.6600000000000001,110179586.32,3594932,0,31.01,31.24,30.01,30.74
301041,金百泽,27.77,0.5430847212165046,0.14999999999999858,39571639.0,1431900,0,27.61,27.91,27.4,27.62
301042,安联锐视,84.42,-0.6940359957652081,-0.5900000000000034,160012472.0,1873000,0,87.2,87.2,83.87,85.01
301043,绿岛风,63.0,20.0,10.5,295363183.85,5051714,0,53.2,63.0,52.33,52.5
301045,天禄科技,27.49,0.21873860736419515,0.05999999999999872,18653630.0,679400,0,27.5,27.67,27.22,27.43
301046,能辉科技,25.89,-0.8425890463423932,-0.21999999999999886,59193385.97,2281350,0,26.11,26.15,25.72,26.11
301047,义翘神州,67.03,0.2392702258112705,0.1599999999999966,15893672.5,237460,0,66.9,67.18,66.66,66.87
301048,金鹰重工,11.6,0.34602076124566733,0.03999999999999915,19379394.87,1671187,0,11.56,11.69,11.49,11.56
301049,超越科技,20.75,-1.2375059495478418,-0.26000000000000156,15933129.0,762700,0,21.1,21.19,20.69,21.01
301050,雷电微力,51.21,5.696594427244578,2.759999999999998,554365729.39,11076031,0,48.42,51.22,48.35,48.45
301051,信濠光电,20.03,-0.3482587064676631,-0.07000000000000028,19721739.4,983500,0,20.21,20.29,19.98,20.1
301052,果麦文化,38.25,-0.23474178403756757,-0.09000000000000341,36277911.65,949500,0,38.4,38.4,38.03,38.34
301053,远信工业,33.07,0.18176310209028257,0.060000000000002274,5723289.4,173306,0,33.02,33.2,32.73,33.01
301055,张小泉,20.41,3.132895401718044,0.620000000000001,40589792.0,2001800,0,19.89,20.65,19.51,19.79
301056,森赫股份,13.75,1.0286554004408566,0.14000000000000057,90683545.44,6603942,0,13.48,14.11,13.3,13.61
301057,汇隆新材,31.24,4.202801867911934,1.259999999999998,83717110.5,2724350,0,30.33,31.44,29.63,29.98
301058,中粮科工,10.96,0.0,0.0,38124333.0,3482800,0,10.96,11.05,10.87,10.96
301059,金三江,12.95,0.0,0.0,16047456.7,1242130,0,12.93,12.98,12.86,12.95
301060,兰卫医学,9.61,0.7337526205450764,0.07000000000000028,22127208.0,2306600,0,9.56,9.66,9.5,9.54
301061,匠心家居,95.11,-4.064958644341337,-4.030000000000001,202943547.1,2138560,0,99.14,99.15,93.9,99.14
301062,上海艾录,8.6,4.87804878048781,0.40000000000000036,162422446.84,18990550,0,8.22,8.78,8.18,8.2
301063,海锅股份,24.84,-0.5604483586869519,-0.14000000000000057,24029525.27,966769,0,25.0,25.13,24.72,24.98
301065,本立科技,21.52,0.8434864104967185,0.17999999999999972,13043275.0,607960,0,21.32,21.62,21.27,21.34
301066,万事利,16.54,-0.42143287176399935,-0.07000000000000028,76368186.1,4605500,0,16.71,16.93,16.3,16.61
301067,显盈科技,32.36,1.8250471994965334,0.5799999999999983,66774964.52,2082296,0,31.95,32.41,31.72,31.78
301068,大地海洋,25.57,0.0,0.0,7938782.0,311500,0,25.59,25.84,25.37,25.57
301069,凯盛新材,29.56,2.283737024221454,0.6600000000000001,777723938.41,26485378,0,28.51,29.89,28.11,28.9
301070,开勒股份,61.62,2.0536601523683253,1.2399999999999949,94671451.94,1541191,0,60.71,62.5,60.21,60.38
301071,力量钻石,36.18,0.027647221454238348,0.00999999999999801,126055106.4,3498485,0,36.3,36.32,35.85,36.17
301072,中捷精工,22.0,0.7326007326007333,0.16000000000000014,11227538.0,510500,0,22.14,22.15,21.75,21.84
301073,君亭酒店,26.72,-1.0370370370370412,-0.28000000000000114,81316075.22,3049700,0,26.78,27.02,26.4,27.0
301075,多瑞医药,52.39,-0.4938271604938234,-0.259999999999998,37023605.0,711300,0,52.0,53.22,51.51,52.65
301076,新瀚新材,43.71,0.7839520405810547,0.3400000000000034,158774129.89,3646068,0,43.5,43.9,43.18,43.37
301077,星华新材,28.1,-0.3899326479971621,-0.10999999999999943,91138180.21,3300823,0,27.3,28.1,27.26,28.21
301078,孩子王,10.55,-2.133580705009264,-0.22999999999999865,440250390.55,41419079,0,10.7,10.83,10.51,10.78
301079,邵阳液压,30.96,7.388137356919884,2.1300000000000026,515961628.59,16922574,0,28.5,31.52,28.4,28.83
301080,百普赛斯,55.2,1.507907318867231,0.8200000000000003,44483413.0,812140,0,54.14,55.4,53.75,54.38
301081,严牌股份,10.3,0.38986354775829357,0.040000000000000924,9666010.2,940360,0,10.45,10.45,10.21,10.26
301082,久盛电气,18.52,1.2021857923497203,0.21999999999999886,136308714.07,7420618,0,18.31,18.58,18.16,18.3
301083,百胜智能,18.67,-0.6386375731772084,-0.11999999999999744,29736801.2,1593445,0,18.79,18.94,18.53,18.79
301085,亚康股份,50.77,-0.3141566856469597,-0.1599999999999966,20709519.4,407429,0,50.6,51.17,50.6,50.93
301086,鸿富瀚,116.57,0.40482342807924104,0.46999999999999886,172342459.22,1476710,0,117.13,118.63,115.0,116.1
301087,可孚医疗,45.41,0.13230429988973577,0.05999999999999517,20225765.29,445730,0,45.39,45.57,45.14,45.35
301088,戎美股份,16.98,2.4743512371756196,0.41000000000000014,47312555.0,2830700,0,16.54,17.07,16.43,16.57
301089,拓新药业,28.69,-0.5545927209705377,-0.16000000000000014,28206202.22,984267,0,28.8,28.84,28.51,28.85
301090,华润材料,7.11,0.1408450704225447,0.010000000000000675,12410267.3,1746613,0,7.11,7.15,7.04,7.1
301091,深城交,26.01,0.3859513701273694,0.10000000000000142,69730885.05,2684610,0,26.0,26.23,25.78,25.91
301092,争光股份,37.15,-2.159599683961023,-0.8200000000000003,106728994.08,2868261,0,37.83,37.9,36.86,37.97
301093,华兰股份,49.35,-3.121319199057708,-1.5899999999999963,120315289.8,2424600,0,51.05,51.11,49.02,50.94
301095,广立微,71.0,-0.6715165081141634,-0.480000000000004,163710437.0,2306100,0,71.87,71.9,70.2,71.48
301096,百诚医药,53.8,-0.7380073800738112,-0.4000000000000057,51339187.0,953000,0,54.09,54.3,53.6,54.2
301097,天益医疗,52.1,-5.048295972298153,-2.769999999999996,61099457.76,1151600,0,53.22,54.29,52.07,54.87
301098,金埔园林,8.62,-0.5767012687427994,-0.05000000000000071,24685123.0,2857750,0,8.71,8.75,8.56,8.67
301099,雅创电子,44.4,0.680272108843531,0.29999999999999716,115419236.64,2610165,0,44.1,44.59,43.82,44.1
301100,风光股份,22.46,0.4472271914132443,0.10000000000000142,19549580.5,868883,0,22.36,22.76,22.2,22.36
301101,明月镜片,39.27,-0.9084027252081741,-0.35999999999999943,50734498.29,1290887,0,39.62,39.8,39.06,39.63
301102,兆讯传媒,10.64,0.6622516556291418,0.07000000000000028,15515398.19,1465477,0,10.62,10.66,10.38,10.57
301103,何氏眼科,19.68,0.8713480266529889,0.16999999999999815,16517076.34,843200,0,19.57,19.71,19.45,19.51
301105,鸿铭股份,48.05,0.3131524008350701,0.14999999999999858,21440646.0,448400,0,47.92,48.51,47.0,47.9
301106,骏成科技,29.56,0.30539531727180136,0.08999999999999986,12629721.0,429400,0,29.45,29.62,29.24,29.47
301107,瑜欣电子,28.13,1.1506652283351322,0.3200000000000003,15640179.0,558200,0,27.75,28.2,27.75,27.81
301108,洁雅股份,33.52,0.6304413089162438,0.21000000000000085,19467815.2,579380,0,33.33,33.92,33.01,33.31
301109,军信股份,15.14,-0.7863695937090381,-0.11999999999999922,53599949.0,3544190,0,15.23,15.24,15.07,15.26
301110,青木科技,64.5,0.07757951900697774,0.04999999999999716,30203164.0,470000,0,64.27,64.85,63.75,64.45
301111,粤万年青,19.69,-1.055276381909534,-0.2099999999999973,98414279.54,4989281,0,20.05,20.17,19.55,19.9
301112,信邦智能,38.64,0.5726184279021314,0.21999999999999886,28552110.5,741150,0,38.98,38.98,38.28,38.42
301113,雅艺科技,24.84,4.413619167717531,1.0500000000000007,36950084.0,1520750,0,23.9,25.5,23.46,23.79
301115,联检科技,15.92,0.9511731135066605,0.15000000000000036,13088221.0,825300,0,15.85,15.96,15.72,15.77
301116,益客食品,11.36,-0.4382120946538187,-0.05000000000000071,30304907.34,2660792,0,11.46,11.52,11.31,11.41
301117,佳缘科技,49.8,2.4059222702035665,1.1699999999999946,408432070.74,8302923,0,48.13,50.44,48.08,48.63
301118,恒光股份,24.99,0.24067388688326805,0.05999999999999872,71230660.99,2855247,0,25.01,25.1,24.65,24.93
301119,正强股份,50.53,-0.9215686274509782,-0.46999999999999886,40016749.0,794700,0,50.94,50.98,49.59,51.0
301120,新特电气,18.95,-0.7853403141361367,-0.15000000000000213,220552676.96,11697551,0,18.83,19.1,18.61,19.1
301121,紫建电子,40.16,0.07475703962121612,0.02999999999999403,41973823.4,1050800,0,40.03,40.3,39.7,40.13
301122,采纳股份,26.49,-1.0089686098654824,-0.2700000000000031,17250769.0,650900,0,26.79,26.79,26.3,26.76
301123,奕东电子,77.08,4.16216216216216,3.0799999999999983,1820836326.16,24243831,0,72.28,78.5,72.28,74.0
301125,腾亚精工,17.65,-2.1075984470327374,-0.38000000000000256,28293704.0,1605800,0,18.01,18.06,17.41,18.03
301126,达嘉维康,12.61,-1.7147310989867548,-0.22000000000000064,54845878.82,4329611,0,12.82,12.88,12.56,12.83
301127,武汉天源,15.56,1.8324607329843006,0.28000000000000114,80838643.21,5191908,0,15.39,15.7,15.28,15.28
301128,强瑞技术,109.8,15.20302171860245,14.489999999999995,1080769268.54,9955091,0,98.77,114.14,97.0,95.31
301129,瑞纳智能,24.3,0.20618556701031218,0.05000000000000071,10551724.0,435700,0,24.25,24.39,24.09,24.25
301130,西点药业,29.13,0.06870491240123523,0.019999999999999574,8818086.0,303100,0,29.1,29.4,28.99,29.11
301131,聚赛龙,46.8,1.4744145706851686,0.6799999999999997,17884078.0,383600,0,46.16,46.95,46.15,46.12
301132,满坤科技,34.11,-0.7275902211874272,-0.25,27749384.0,814800,0,34.36,34.52,33.9,34.36
301133,金钟股份,33.55,-2.470930232558144,-0.8500000000000014,251098818.24,7571588,0,32.52,33.8,32.52,34.4
301135,瑞德智能,27.6,0.0,0.0,33341098.4,1213702,0,27.59,27.72,27.25,27.6
301136,招标股份,20.86,0.919206579583927,0.18999999999999773,418308823.51,20100799,0,20.55,21.16,20.32,20.67
301137,哈焊华通,48.94,-0.20391517128874678,-0.10000000000000142,405474223.2,8324734,0,48.36,49.55,47.78,49.04
301138,华研精机,38.79,1.5976951283394432,0.6099999999999994,43226410.0,1126100,0,38.12,38.84,37.7,38.18
301139,元道通信,18.6,0.703844071467258,0.13000000000000256,23713560.0,1279800,0,18.51,18.66,18.4,18.47
301141,中科磁业,53.46,0.2249718785151808,0.11999999999999744,41810153.85,785789,0,53.32,53.58,52.82,53.34
301148,嘉戎技术,47.2,-1.9933554817275618,-0.9599999999999937,139261906.39,2958902,0,47.61,48.83,46.0,48.16
301149,隆华新材,10.61,0.0,0.0,16417617.1,1551410,0,10.63,10.63,10.53,10.61
301150,中一科技,41.85,-2.1052631578947336,-0.8999999999999986,322621514.92,7681691,0,42.15,42.73,41.53,42.75
301151,冠龙节能,19.03,0.5813953488372062,0.10999999999999943,10430036.0,550100,0,19.05,19.1,18.85,18.92
301152,天力锂能,30.86,-1.4687100893997473,-0.46000000000000085,76990323.0,2492700,0,31.15,31.19,30.66,31.32
301153,中科江南,20.18,0.8495752123937939,0.16999999999999815,32607547.8,1614940,0,20.1,20.37,20.03,20.01
301155,海力风电,81.68,-0.35378797120896915,-0.28999999999999204,55542632.4,681140,0,81.69,82.17,81.0,81.97
301156,美农生物,17.7,0.912200684150514,0.16000000000000014,15293956.5,868810,0,17.6,17.74,17.43,17.54
301157,华塑科技,52.14,0.4624277456647437,0.240000000000002,22581038.63,434700,0,51.69,52.3,51.52,51.9
301158,德石股份,22.11,0.728929384965832,0.16000000000000014,73017673.0,3297000,0,21.99,22.34,21.83,21.95
301159,三维天地,35.7,0.14025245441796427,0.05000000000000426,37424226.04,1051323,0,36.03,36.03,35.27,35.65
301160,翔楼新材,64.77,0.4030382886374064,0.2599999999999909,40740630.3,628585,0,64.51,65.15,64.43,64.51
301161,唯万密封,33.47,0.239592692422876,0.0799999999999983,82512141.0,2471100,0,33.21,33.65,33.15,33.39
301162,国能日新,52.13,-0.420248328557782,-0.21999999999999886,18794551.4,360480,0,52.29,52.39,51.88,52.35
301163,宏德股份,26.4,-1.0494752623688197,-0.28000000000000114,23550858.2,889900,0,26.82,26.86,26.23,26.68
301165,锐捷网络,82.33,-1.0694544580629664,-0.8900000000000006,377109044.24,4615419,0,83.2,83.27,80.32,83.22
301166,优宁维,30.08,0.3670337003670318,0.10999999999999943,9367733.0,312100,0,30.15,30.15,29.85,29.97
301167,建研设计,16.42,0.0,0.0,17285244.0,1052300,0,16.43,16.59,16.35,16.42
301168,通灵股份,46.65,1.8114360541248327,0.8299999999999983,86110759.12,1845945,0,45.61,47.23,45.58,45.82
301169,零点有数,49.0,-0.18333672845794136,-0.09000000000000341,43614976.0,891600,0,49.09,49.34,48.56,49.09
301170,锡南科技,27.97,1.487663280116111,0.41000000000000014,17714504.0,639300,0,27.52,27.97,27.35,27.56
301171,易点天下,35.33,3.2437171244886014,1.1099999999999994,1326906014.99,37694410,0,34.35,35.7,34.11,34.22
301172,君逸数码,22.87,2.326621923937358,0.5199999999999996,89236487.62,3930847,0,22.4,23.38,22.16,22.35
301173,毓恬冠佳,45.82,0.5044966001316009,0.22999999999999687,11391936.24,249898,0,45.58,45.88,45.21,45.59
301175,中科环保,5.8,0.34602076124566733,0.019999999999999574,82100860.0,14157730,0,5.78,5.83,5.75,5.78
301176,逸豪新材,26.14,-1.172022684310014,-0.3099999999999987,73912425.0,2822300,0,26.16,26.56,26.0,26.45
301177,迪阿股份,29.1,0.6572120373573203,0.19000000000000128,13807751.0,474900,0,28.88,29.2,28.88,28.91
301178,天亿马,48.08,-0.18683828108782108,-0.09000000000000341,30833689.4,644240,0,48.51,48.66,47.58,48.17
301179,泽宇智能,16.05,0.31250000000000444,0.05000000000000071,13626034.28,851693,0,15.91,16.07,15.9,16.0
301180,万祥科技,17.53,0.9792626728110697,0.1700000000000017,67528918.0,3873300,0,17.43,17.64,17.26,17.36
301181,标榜股份,38.63,1.926121372031673,0.730000000000004,118411062.2,3056040,0,38.0,39.4,37.5,37.9
301182,凯旺科技,44.58,5.414991723811774,2.289999999999999,228047831.63,5163900,0,41.93,46.17,41.51,42.29
301183,东田微,167.95,1.0651101215549295,1.7699999999999818,1588681925.07,9319656,0,172.58,176.44,164.1,166.18
301185,鸥玛软件,18.81,0.053191489361691546,0.00999999999999801,19453305.0,1035600,0,18.9,18.9,18.7,18.8
301186,超达装备,47.28,0.7243289305496451,0.3400000000000034,15671401.0,332500,0,46.99,47.28,46.61,46.94
301187,欧圣电气,26.76,1.981707317073183,0.5200000000000031,55711514.0,2095220,0,26.55,26.95,26.35,26.24
301188,力诺药包,17.76,-0.5042016806722681,-0.08999999999999986,30483437.0,1713300,0,17.84,17.86,17.71,17.85
301189,奥尼电子,39.48,0.714285714285699,0.27999999999999403,42124099.0,1067800,0,39.2,39.85,39.1,39.2
301190,善水科技,21.48,1.0823529411764727,0.23000000000000043,15324641.0,720000,0,21.39,21.6,21.1,21.25
301191,菲菱科思,114.18,2.901946647440531,3.220000000000013,722168761.72,6082656,0,116.07,125.99,113.12,110.96
301192,泰祥股份,29.88,-0.23372287145242165,-0.07000000000000028,20475030.8,687010,0,29.95,30.33,29.53,29.95
301193,家联科技,22.85,1.2405848471422292,0.28000000000000114,70223558.85,3105012,0,22.39,23.17,22.2,22.57
301195,北路智控,33.42,0.30012004801921194,0.10000000000000142,11519031.8,345212,0,33.36,33.45,33.23,33.32
301196,唯科科技,79.04,2.3171521035598786,1.7900000000000063,204622029.83,2606337,0,77.01,79.98,76.65,77.25
301197,工大科雅,19.5,0.6191950464396336,0.120000000000001,15831673.09,815047,0,19.47,19.51,19.28,19.38
301198,喜悦智行,11.83,0.7666098807495729,0.08999999999999986,21532730.22,1823312,0,11.77,12.0,11.69,11.74
301199,迈赫股份,22.59,3.339432753888383,0.7300000000000004,51861981.9,2321109,0,21.98,22.74,21.9,21.86
301200,大族数控,121.87,-1.9549477071600905,-2.4299999999999926,248626458.68,2039761,0,123.18,124.0,120.37,124.3
301201,诚达药业,41.42,0.19351717464924598,0.0799999999999983,71278338.84,1722323,0,41.27,41.76,40.92,41.34
301202,朗威股份,42.71,2.5696445725264176,1.0700000000000003,104346754.0,2456800,0,41.56,42.99,41.2,41.64
301203,国泰环保,32.48,0.30883261272388607,0.09999999999999432,7671454.0,236200,0,32.48,32.64,32.33,32.38
301205,联特科技,177.53,-1.530866936602136,-2.759999999999991,1487675965.15,8427364,0,177.0,182.59,171.71,180.29
301206,三元生物,27.13,0.5187106335679903,0.14000000000000057,11904220.56,440842,0,26.89,27.16,26.89,26.99
301207,华兰疫苗,19.13,-0.8808290155440502,-0.1700000000000017,54148158.48,2833662,0,19.35,19.36,19.0,19.3
301208,中亦科技,41.5,14.482758620689657,5.25,455256369.93,11083774,0,36.31,43.5,36.29,36.25
301209,联合化学,106.17,1.9492990205492617,2.030000000000001,97777569.6,927696,0,105.0,107.91,102.33,104.14
301210,金杨精密,36.07,0.2780094523213829,0.10000000000000142,19102663.09,531195,0,36.03,36.15,35.73,35.97
301211,亨迪药业,12.52,0.1599999999999966,0.019999999999999574,30600867.44,2451382,0,12.52,12.57,12.41,12.5
301212,联盛化学,28.57,-0.24441340782123006,-0.07000000000000028,12108850.0,425300,0,28.79,29.0,28.11,28.64
301213,观想科技,0.0,-100.0,-69.05,0.0,0,0,0.0,0.0,0.0,69.05
301215,中汽股份,6.85,0.4398826979472047,0.02999999999999936,49781013.06,7281908,0,6.82,6.88,6.78,6.82
301216,万凯新材,17.62,0.5707762557077707,0.10000000000000142,213129039.81,11981748,0,18.02,18.2,17.6,17.52
301217,铜冠铜箔,37.12,-0.2150537634408747,-0.0800000000000054,839701529.07,22638883,0,37.44,37.93,36.47,37.2
301218,华是科技,23.85,1.8360375747224582,0.4299999999999997,100957642.0,4220100,0,23.59,24.16,23.53,23.42
301219,腾远钴业,65.08,-2.2235576923076983,-1.480000000000004,181130902.82,2775214,0,65.78,65.84,64.98,66.56
301220,亚香股份,37.56,-0.07980845969673087,-0.030000000000001137,21785055.6,581760,0,37.63,38.05,37.23,37.59
301221,光庭信息,52.08,-1.007413039346134,-0.5300000000000011,124957230.06,2406589,0,52.3,52.39,51.6,52.61
301222,浙江恒威,29.25,0.5500171880371266,0.16000000000000014,10394981.0,356500,0,29.37,29.39,29.02,29.09
301223,中荣股份,18.73,1.133909287257024,0.21000000000000085,14439250.0,773900,0,18.53,18.76,18.53,18.52
301225,恒勃股份,102.15,3.02571860816944,3.0,95346735.82,935021,0,99.16,104.7,99.15,99.15
301226,祥明智能,32.33,1.9873817034700283,0.629999999999999,137791876.18,4269907,0,31.43,32.99,31.43,31.7
301227,森鹰窗业,49.2,2.0535158680771666,0.990000000000002,68764694.54,1398985,0,48.6,49.8,47.67,48.21
301228,实朴检测,40.0,-0.8919722497522286,-0.35999999999999943,49168921.8,1225530,0,40.39,40.42,39.87,40.36
301229,纽泰格,20.23,0.0,0.0,24372547.84,1206548,0,20.23,20.36,20.08,20.23
301230,泓博医药,29.5,-1.2717536813922323,-0.379999999999999,38874859.33,1311901,0,29.62,29.88,29.41,29.88
301231,荣信文化,29.53,-1.8610834164174102,-0.5599999999999987,52814081.96,1779807,0,30.2,30.2,29.4,30.09
301232,飞沃科技,123.43,1.1721311475409892,1.4300000000000068,954752467.04,7653551,0,121.28,128.77,118.41,122.0
301233,盛帮股份,51.09,1.0083036773428333,0.5100000000000051,34890824.0,683200,0,50.48,51.56,50.18,50.58
301234,五洲医疗,41.73,0.3607503607503574,0.14999999999999858,16748469.0,403800,0,41.65,41.95,41.13,41.58
301235,华康洁净,43.31,1.2388966806919148,0.5300000000000011,337048156.22,7914996,0,42.45,44.0,41.51,42.78
301236,软通动力,46.49,0.23717119448037824,0.10999999999999943,222936933.0,4797580,0,46.59,46.68,46.22,46.38
301237,和顺科技,47.49,-1.5547263681592038,-0.75,13320086.0,279600,0,48.29,48.45,47.28,48.24
301238,瑞泰新材,20.35,-1.2615235322658807,-0.259999999999998,109899998.51,5405268,0,20.57,20.57,20.21,20.61
301239,普瑞眼科,31.27,-0.35054174633524354,-0.10999999999999943,11003893.08,351308,0,31.32,31.5,31.23,31.38
301246,宏源药业,21.82,4.95430495430496,1.0300000000000011,606767228.76,29370633,0,20.46,22.23,19.3,20.79
301248,杰创智能,32.04,-0.4968944099378997,-0.1600000000000037,256006687.3,8037021,0,31.47,32.31,31.47,32.2
301251,威尔高,55.5,-1.6131891508597709,-0.9099999999999966,162097255.68,2930494,0,56.02,56.5,54.64,56.41
301252,同星科技,28.88,1.262272089761569,0.35999999999999943,53101188.2,1857580,0,28.34,28.9,28.25,28.52
301255,通力科技,28.25,2.059248554913296,0.5700000000000003,22159138.92,786840,0,28.3,28.32,27.88,27.68
301256,华融化学,14.56,-1.3550135501354965,-0.1999999999999993,184243026.94,12614938,0,14.59,14.95,14.28,14.76
301257,普蕊斯,49.87,-0.7364649681528753,-0.37000000000000455,28662246.78,573940,0,49.79,50.5,49.52,50.24
301258,富士莱,33.23,0.0,0.0,9854964.6,297548,0,33.23,33.26,32.93,33.23
301259,艾布鲁,33.3,1.1235955056179696,0.36999999999999744,58759557.32,1767477,0,32.9,33.6,32.75,32.93
301260,格力博,16.52,1.287553648068675,0.21000000000000085,22315470.0,1358500,0,16.28,16.54,16.28,16.31
301261,恒工精密,81.02,1.9632519506670054,1.5600000000000023,106132306.33,1309996,0,79.83,82.0,79.83,79.46
301262,海看股份,24.35,-0.16400164001639667,-0.03999999999999915,34166256.5,1404850,0,24.37,24.5,24.15,24.39
301263,泰恩康,28.73,0.06966213862765439,0.019999999999999574,64171305.99,2232429,0,28.85,28.94,28.62,28.71
301265,华新环保,12.14,0.5799502899751474,0.07000000000000028,16382510.69,1354586,0,12.08,12.18,11.95,12.07
301266,宇邦新材,36.67,-1.66264414052024,-0.6199999999999974,31301645.0,850800,0,37.29,37.29,36.56,37.29
301267,华厦眼科,18.27,-0.21845985800108764,-0.03999999999999915,26783211.5,1468450,0,18.24,18.32,18.16,18.31
301268,铭利达,19.08,-0.7800312012480609,-0.15000000000000213,99871092.83,5236724,0,19.53,19.6,18.78,19.23
301269,华大九天,107.93,-0.11105969458583095,-0.11999999999999034,205631514.02,1900924,0,108.23,109.1,107.51,108.05
301270,汉仪股份,37.5,0.37473233404711076,0.14000000000000057,54675063.2,1466552,0,37.1,37.74,37.02,37.36
301272,英华特,40.04,0.5272407732864697,0.21000000000000085,9955342.0,248500,0,40.4,40.45,39.85,39.83
301273,瑞晨环保,26.5,-0.6374203224596988,-0.1700000000000017,10089529.0,380500,0,26.73,26.89,26.3,26.67
301275,汉朔科技,53.54,0.885622762389295,0.46999999999999886,48644943.26,910992,0,52.86,53.8,52.86,53.07
301276,嘉曼服饰,28.92,1.65202108963094,0.4700000000000024,55463402.91,1943300,0,28.56,28.97,28.12,28.45
301277,新天地,11.92,0.25231286795626034,0.02999999999999936,9815486.7,824330,0,11.98,11.98,11.88,11.89
301278,快可电子,34.6,-1.1428571428571388,-0.3999999999999986,61449700.73,1781545,0,34.89,34.95,34.2,35.0
301279,金道科技,31.3,1.1635423400129263,0.35999999999999943,82272481.56,2661946,0,30.89,31.4,30.37,30.94
301280,珠城科技,52.43,4.069075029773714,2.049999999999997,196735103.13,3745279,0,54.0,54.0,51.42,50.38
301281,科源制药,28.28,-1.3947001394700091,-0.3999999999999986,26424292.97,928969,0,28.68,28.86,28.26,28.68
301282,金禄电子,29.04,-0.9549795361528005,-0.28000000000000114,107283360.81,3705901,0,29.21,29.28,28.73,29.32
301283,聚胶股份,49.12,4.845250800426886,2.269999999999996,94983070.97,1982457,0,47.1,49.47,46.76,46.85
301285,鸿日达,68.29,-0.5533711955730238,-0.37999999999999545,78185809.0,1144400,0,69.78,69.89,67.58,68.67
301286,侨源股份,44.26,-5.163916863081217,-2.4100000000000037,175140741.14,3881392,0,46.33,46.4,44.2,46.67
301287,康力源,42.6,-0.09380863039399424,-0.03999999999999915,17614092.5,412961,0,42.64,42.9,42.5,42.64
301288,*ST清研,16.41,0.9225092250922421,0.14999999999999858,3125729.0,191400,0,16.24,16.43,16.24,16.26
301289,国缆检测,60.45,3.3686730506156053,1.970000000000006,71473219.02,1197574,0,58.58,60.98,58.53,58.48
301290,东星医疗,25.5,0.39370078740158043,0.10000000000000142,6507620.61,255963,0,25.37,25.51,25.32,25.4
301291,明阳电气,43.06,-0.623124855758126,-0.269999999999996,99293316.5,2300545,0,43.3,43.62,42.86,43.33
301292,海科新源,59.34,-0.6363027461486863,-0.37999999999999545,594005624.73,10085974,0,57.93,60.48,57.2,59.72
301293,三博脑科,57.56,1.9121813031161572,1.0800000000000054,519761040.41,9052622,0,56.58,57.99,56.25,56.48
301295,美硕科技,28.6,0.034977264777899836,0.010000000000001563,15523542.24,543220,0,28.66,28.8,28.0,28.59
301296,新巨丰,8.82,2.677532013969737,0.23000000000000043,27667572.88,3166986,0,8.61,8.89,8.56,8.59
301297,富乐德,36.16,-2.6648721399730877,-0.990000000000002,139310318.08,3820899,0,37.16,37.18,36.16,37.15
301298,东利机械,15.76,0.7672634271099694,0.11999999999999922,10760065.0,684500,0,15.79,15.79,15.63,15.64
301299,卓创资讯,53.42,0.9639009639009736,0.5100000000000051,26346831.68,494300,0,52.9,53.8,52.6,52.91
301300,远翔新材,42.76,-0.14012143858010806,-0.060000000000002274,32697203.92,764900,0,42.83,43.0,42.53,42.82
301301,川宁生物,10.1,1.1011011011010954,0.10999999999999943,57703368.65,5752554,0,9.99,10.13,9.94,9.99
301302,华如科技,22.78,2.2900763358778695,0.5100000000000016,48427239.41,2140143,0,22.25,22.87,22.2,22.27
301303,真兰仪表,15.29,0.13097576948264292,0.019999999999999574,10094018.08,660541,0,15.34,15.35,15.22,15.27
301305,朗坤科技,22.16,1.651376146788988,0.35999999999999943,61090763.4,2777700,0,21.8,22.19,21.8,21.8
301306,西测测试,111.3,3.6795528644620425,3.950000000000003,1367510996.5,12415928,0,106.08,116.0,104.92,107.35
301307,美利信,37.49,0.4824443848834085,0.17999999999999972,102516360.8,2745440,0,37.52,37.95,36.86,37.31
301308,江波龙,257.2,0.6890072032571214,1.759999999999991,3615718352.63,13772831,0,255.01,270.3,253.0,255.44
301309,万得凯,28.52,1.3143872113676769,0.370000000000001,8596864.57,303007,0,28.33,28.54,28.08,28.15
301310,鑫宏业,44.29,-0.20279405137450068,-0.09000000000000341,27236044.0,616900,0,44.3,44.55,43.9,44.38
301311,昆船智能,18.89,1.7780172413793205,0.33000000000000185,34597191.0,1846100,0,18.58,18.96,18.5,18.56
301312,智立方,51.33,1.382579498321145,0.6999999999999957,104098186.16,2031247,0,50.8,51.88,50.66,50.63
301313,凡拓数创,25.98,0.0,0.0,32940009.3,1271055,0,25.95,26.16,25.75,25.98
301314,科瑞思,42.57,1.9152501795546975,0.7999999999999972,17671633.0,420450,0,41.77,42.66,41.54,41.77
301315,威士顿,56.17,-0.49601417183348295,-0.28000000000000114,96448990.21,1706487,0,56.35,56.98,56.03,56.45
301316,慧博云通,44.75,-0.5334518781951588,-0.240000000000002,155030177.26,3457291,0,44.85,45.4,44.45,44.99
301317,鑫磊股份,32.75,0.03054367745875996,0.00999999999999801,15477037.0,472100,0,32.63,33.05,32.63,32.74
301318,维海德,27.81,0.36088054853842605,0.09999999999999787,11318683.3,407470,0,27.85,27.86,27.67,27.71
301319,唯特偶,47.41,-3.027203927183481,-1.480000000000004,132123309.78,2752245,0,48.44,49.13,47.22,48.89
301320,豪江智能,16.88,-0.29533372711164035,-0.05000000000000071,13490025.0,799300,0,16.94,16.94,16.83,16.93
301321,翰博高新,18.96,0.5302226935312907,0.10000000000000142,62234501.36,3309496,0,18.85,19.14,18.51,18.86
301322,绿通科技,27.85,1.3464337700145597,0.370000000000001,18254120.0,658600,0,27.48,27.97,27.48,27.48
301323,新莱福,56.97,1.279999999999998,0.7199999999999989,92168034.7,1625922,0,56.36,57.78,55.53,56.25
301325,曼恩斯特,50.88,0.15748031496064058,0.0800000000000054,46964378.08,926446,0,51.1,51.1,50.1,50.8
301326,捷邦科技,119.37,-0.22567703109327653,-0.269999999999996,191639315.44,1636275,0,120.35,121.35,114.5,119.64
301327,华宝新能,56.74,-0.7174103237095304,-0.4099999999999966,33976073.3,600050,0,57.11,57.11,56.36,57.15
301328,维峰电子,44.62,1.0416666666666687,0.46000000000000085,34950174.5,787000,0,44.32,44.68,44.09,44.16
301329,信音电子,23.94,-0.9515928837401756,-0.23000000000000043,104944619.08,4375916,0,23.94,24.21,23.75,24.17
301330,熵基科技,29.48,1.4802065404475033,0.4299999999999997,64207563.08,2193812,0,29.06,29.62,28.98,29.05
301331,恩威医药,26.86,0.18649757553152074,0.05000000000000071,10334503.0,385900,0,26.77,26.94,26.6,26.81
301332,德尔玛,9.47,0.3177966101695036,0.030000000000001137,13598962.0,1439200,0,9.42,9.47,9.41,9.44
301333,诺思格,57.72,-0.5684754521963795,-0.3299999999999983,48851374.0,844200,0,57.64,58.44,57.55,58.05
301335,天元宠物,29.81,-0.23427041499330753,-0.07000000000000028,47430588.4,1600400,0,29.76,30.0,29.32,29.88
301336,趣睡科技,53.23,0.056390977443597806,0.02999999999999403,24286005.88,457425,0,53.2,53.98,52.7,53.2
301337,亚华电子,27.64,0.0,0.0,24743560.0,894900,0,27.67,27.83,27.49,27.64
301338,凯格精机,89.89,-0.5091311566131641,-0.45999999999999375,383667356.16,4327673,0,91.17,91.4,87.1,90.35
301339,通行宝,14.42,-0.41436464088398134,-0.0600000000000005,30241916.8,2093960,0,14.5,14.54,14.39,14.48
301345,涛涛车业,241.91,-0.19802797145096326,-0.47999999999998977,100482758.0,416300,0,240.1,243.9,239.03,242.39
301348,蓝箭电子,20.43,0.2453385672227709,0.05000000000000071,42221938.8,2062740,0,20.36,20.65,20.3,20.38
301349,信德新材,47.67,-1.1815920398009956,-0.5700000000000003,119604157.8,2510236,0,48.26,48.7,46.88,48.24
301353,普莱得,26.86,-0.11156563778356689,-0.030000000000001137,7468769.0,278360,0,26.95,27.03,26.71,26.89
301355,南王科技,15.27,-3.841309823677589,-0.6100000000000012,468746099.23,30421560,0,16.01,16.45,14.95,15.88
301356,天振股份,21.42,-1.5624999999999993,-0.33999999999999986,25158106.4,1173900,0,21.76,21.76,21.33,21.76
301357,北方长龙,142.7,-0.8063394967329521,-1.160000000000025,246193933.19,1716369,0,143.1,145.37,142.42,143.86
301358,湖南裕能,65.8,-2.0250148898153655,-1.3599999999999994,670045348.55,10258932,0,65.68,66.25,64.52,67.16
301359,东南电子,19.29,0.10378827192527022,0.019999999999999574,10708203.8,556000,0,19.58,19.58,19.12,19.27
301360,荣旗科技,71.15,0.35260930888575454,0.25,35636949.0,504400,0,71.08,71.54,69.92,70.9
301361,众智科技,33.67,-0.35513465522343135,-0.11999999999999744,32083419.57,955399,0,33.9,33.92,33.39,33.79
301362,民爆光电,41.17,0.024295432458710197,0.010000000000005116,7894098.0,191100,0,41.29,41.49,40.84,41.16
301363,美好医疗,23.38,2.9955947136563865,0.6799999999999997,232120879.98,9899916,0,22.99,23.82,22.79,22.7
301365,矩阵股份,24.88,-1.5043547110055524,-0.38000000000000256,42687837.0,1704200,0,25.35,25.49,24.83,25.26
301366,一博科技,35.44,-0.11273957158962557,-0.03999999999999915,54680692.96,1541108,0,36.04,36.1,35.16,35.48
301367,瑞迈特,84.07,1.9030303030302946,1.5699999999999932,50899283.4,609140,0,82.4,84.3,82.18,82.5
301368,丰立智能,59.27,5.481402384765983,3.0800000000000054,242044035.44,4108318,0,56.44,60.15,56.44,56.19
301369,联动科技,131.16,-2.8876055086628205,-3.9000000000000057,156246853.25,1181591,0,134.0,135.8,130.1,135.06
301370,国科恒泰,12.06,2.290076335877874,0.27000000000000135,84907781.08,7105700,0,11.78,12.1,11.7,11.79
301371,敷尔佳,23.91,-0.4579517069109052,-0.10999999999999943,21942728.58,918827,0,24.06,24.06,23.76,24.02
301372,科净源,25.43,0.5535784895215523,0.14000000000000057,11485419.84,453368,0,25.21,25.46,25.2,25.29
301373,凌玮科技,33.46,3.7519379844961267,1.2100000000000009,127678032.48,3784293,0,32.37,34.32,32.21,32.25
301376,致欧科技,18.98,-0.1052631578947346,-0.019999999999999574,15511629.66,815450,0,19.05,19.17,18.92,19.0
301377,鼎泰高科,139.19,0.8477032314157277,1.1699999999999875,811075964.89,5818394,0,138.37,142.0,136.76,138.02
301378,通达海,27.94,-0.24991074616208594,-0.07000000000000028,18137235.95,648987,0,28.11,28.3,27.77,28.01
301379,天山电子,26.73,0.4887218045112744,0.129999999999999,60812222.8,2287400,0,26.77,26.9,26.36,26.6
301380,挖金客,31.78,0.47423332279482183,0.15000000000000213,15177759.95,477865,0,31.77,31.88,31.55,31.63
301381,赛维时代,20.91,0.9169884169884231,0.19000000000000128,26656728.9,1278776,0,20.62,20.97,20.6,20.72
301382,蜂助手,34.88,4.965392717424032,1.6500000000000057,380667304.12,11100176,0,33.32,34.99,33.26,33.23
301383,天键股份,34.16,-1.1287988422575994,-0.39000000000000057,48720954.03,1428699,0,34.34,34.73,33.84,34.55
301386,未来电器,24.12,0.4163197335553765,0.10000000000000142,19057139.0,793200,0,23.91,24.14,23.86,24.02
301387,光大同创,53.26,6.647977573087706,3.3200000000000003,307982817.82,5836870,0,50.04,54.86,49.95,49.94
301388,欣灵电气,31.34,-0.15928639694170343,-0.05000000000000071,38431885.2,1231365,0,31.3,31.48,30.91,31.39
301389,隆扬电子,57.0,-0.8350730688935227,-0.4799999999999969,441951476.48,7745426,0,58.2,58.86,56.2,57.48
301390,经纬股份,33.71,0.0,0.0,10123878.0,300000,0,33.87,34.24,33.51,33.71
301391,卡莱特,82.07,-1.7949024769654185,-1.5,56881620.27,695019,0,84.07,84.07,81.0,83.57
301392,汇成真空,133.02,-2.6350461133069785,-3.5999999999999943,240593197.42,1783953,0,136.73,137.9,133.0,136.62
301393,昊帆生物,50.61,0.6163021868787322,0.3100000000000023,14227341.38,280321,0,50.3,50.97,50.3,50.3
301395,仁信新材,10.85,0.649350649350652,0.07000000000000028,10090569.4,930336,0,10.93,10.93,10.77,10.78
301396,宏景科技,62.57,0.5948553054662338,0.36999999999999744,227280671.96,3622714,0,62.27,63.25,62.12,62.2
301397,溯联股份,36.97,4.998579948878154,1.759999999999998,311353980.1,8699778,0,35.28,37.45,34.6,35.21
301398,星源卓镁,53.03,10.640517421239311,5.100000000000001,290751980.5,5578826,0,48.68,54.31,48.55,47.93
301399,英特科技,20.29,-0.5879470847623762,-0.120000000000001,109140707.07,5455547,0,20.23,20.41,19.7,20.41
301408,华人健康,19.77,-1.3965087281795567,-0.28000000000000114,402892814.65,20355049,0,19.81,20.07,19.4,20.05
301413,安培龙,120.7,2.5575664882318,3.010000000000005,328228696.38,2727125,0,118.59,121.69,117.0,117.69
301418,协昌科技,36.71,0.7133058984910782,0.259999999999998,10394818.0,284100,0,36.87,36.87,36.1,36.45
301419,阿莱德,34.37,2.1396731054977676,0.7199999999999989,54876188.3,1616945,0,33.68,34.43,33.51,33.65
301421,波长光电,106.56,-0.22471910112359073,-0.23999999999999488,427828526.14,3986027,0,107.21,109.0,105.33,106.8
301428,世纪恒通,33.5,0.0,0.0,29027403.0,868400,0,33.29,33.65,33.2,33.5
301429,森泰股份,19.4,0.9365244536940672,0.17999999999999972,9610079.0,497500,0,19.4,19.56,19.15,19.22
301439,泓淋电力,15.39,0.9180327868852496,0.14000000000000057,31600639.03,2066819,0,15.2,15.4,15.18,15.25
301446,福事特,31.54,0.03171582619726613,0.00999999999999801,17683533.52,563246,0,31.78,31.9,31.23,31.53
301448,开创电气,54.42,-1.39518028628374,-0.769999999999996,30946868.27,567307,0,55.46,55.7,54.07,55.19
301456,盘古智能,30.77,6.2133241284087015,1.8000000000000007,102154335.0,3392900,0,28.97,30.9,28.97,28.97
301458,钧崴电子,32.97,-0.6029544769369998,-0.20000000000000284,37961833.71,1150501,0,33.28,33.28,32.8,33.17
301459,丰茂股份,44.64,1.1786038077969245,0.5200000000000031,34707451.66,780759,0,44.18,45.03,43.8,44.12
301468,博盈特焊,56.01,3.7222222222222183,2.009999999999998,469706113.97,8435576,0,55.22,56.89,54.58,54.0
301469,恒达新材,35.16,19.999999999999986,5.859999999999996,210778784.03,6579953,0,28.85,35.16,28.62,29.3
301479,弘景光电,86.62,-0.2073732718893924,-0.1799999999999926,33883191.78,392498,0,86.71,86.88,86.0,86.8
301486,致尚科技,110.6,-0.8071748878923818,-0.9000000000000057,420506587.44,3759708,0,111.51,114.8,109.6,111.5
301487,盟固利,21.43,-0.6029684601113127,-0.129999999999999,105505264.68,4934928,0,21.43,21.55,21.29,21.56
301488,豪恩汽电,166.31,3.4201853118587153,5.5,762435825.41,4701576,0,157.0,168.89,153.0,160.81
301489,思泉新材,230.42,7.172093023255808,15.419999999999987,1352192006.01,6086413,0,213.87,231.5,212.0,215.0
301498,乖宝宠物,68.4,1.3333333333333417,0.9000000000000057,108326556.05,1592500,0,67.52,68.78,67.29,67.5
301499,维科精密,30.06,0.16661112962344937,0.04999999999999716,32202871.0,1074100,0,29.73,30.16,29.71,30.01
301500,飞南资源,15.27,-1.2289780077619745,-0.19000000000000128,38941481.36,2553248,0,15.39,15.39,15.17,15.46
301501,恒鑫生活,44.21,0.5686988171064604,0.25,21693948.18,492401,0,43.75,44.34,43.6,43.96
301502,华阳智能,44.32,0.2941842045711757,0.13000000000000256,9842460.0,222200,0,44.06,44.67,43.5,44.19
301503,智迪科技,36.17,1.0617490919251258,0.38000000000000256,14560853.0,404900,0,35.88,36.2,35.61,35.79
301505,苏州规划,20.75,1.1208576998050703,0.23000000000000043,13754037.2,668249,0,20.71,20.85,20.41,20.52
301507,民生健康,15.69,0.9652509652509677,0.15000000000000036,68782686.93,4421811,0,15.52,15.77,15.35,15.54
301508,中机认检,31.49,0.19090041361755877,0.05999999999999872,25376674.0,805700,0,31.33,31.57,31.33,31.43
301509,金凯生科,34.6,0.11574074074073826,0.03999999999999915,48486748.5,1392994,0,34.97,35.1,34.57,34.56
301510,固高科技,35.29,2.082730691350879,0.7199999999999989,303669734.52,8628707,0,34.8,35.7,34.5,34.57
301511,德福科技,39.17,-0.35614347494276405,-0.14000000000000057,1450176326.41,36562887,0,40.16,40.8,38.68,39.31
301512,智信精密,43.6,0.8325624421831623,0.35999999999999943,11183793.6,257510,0,43.43,43.69,43.17,43.24
301515,港通医疗,20.31,0.04926108374383256,0.00999999999999801,10532668.0,518300,0,20.33,20.45,20.22,20.3
301516,中远通,15.91,-0.3757044458359455,-0.0600000000000005,25060544.99,1576335,0,15.99,16.0,15.82,15.97
301517,陕西华达,65.25,3.3909047694501675,2.1400000000000006,840953036.29,12963216,0,63.0,66.66,62.8,63.11
301518,长华化学,34.09,-0.2049180327868653,-0.06999999999999318,38281337.0,1128600,0,34.37,34.4,33.61,34.16
301519,舜禹股份,13.6,0.0,0.0,9878793.0,725600,0,13.67,13.76,13.53,13.6
301520,万邦医药,40.0,0.20040080160320214,0.0799999999999983,5097574.12,127600,0,39.92,40.05,39.8,39.92
301522,上大股份,40.19,12.231220329516882,4.3799999999999955,1047653537.14,28148056,0,35.2,40.57,35.2,35.81
301525,儒竞科技,85.86,2.6542324246771867,2.219999999999999,54284709.0,639200,0,83.67,86.23,83.64,83.64
301526,国际复材,7.01,-1.267605633802815,-0.08999999999999986,617933621.44,87563686,0,7.1,7.18,6.99,7.1
301528,多浦乐,70.33,5.142771714755566,3.4399999999999977,140766401.1,2012314,0,66.89,71.85,66.66,66.89
301529,福赛科技,86.9,0.41599260457591797,0.35999999999999943,135757330.0,1541600,0,86.34,90.5,85.41,86.54
301533,威马农机,42.56,0.4010379806558191,0.1700000000000017,78607400.0,1851600,0,42.34,42.95,41.98,42.39
301536,星宸科技,61.24,-1.1460855528652152,-0.7100000000000009,192796670.78,3133768,0,61.88,62.08,61.23,61.95
301538,骏鼎达,76.44,1.4465826144658307,1.0900000000000034,58960025.8,772780,0,76.19,76.98,75.37,75.35
301539,宏鑫科技,21.02,-0.7085498346717153,-0.15000000000000213,37796689.0,1803600,0,21.08,21.16,20.8,21.17
301548,崇德科技,55.76,2.2556390977443552,1.2299999999999969,73052589.55,1317163,0,54.7,55.94,54.58,54.53
301550,斯菱股份,105.7,-0.564440263405451,-0.5999999999999943,561678769.61,5233526,0,106.66,110.0,104.01,106.3
301551,无线传媒,31.62,-1.1257035647279532,-0.35999999999999943,145720466.0,4606600,0,32.03,32.05,31.37,31.98
301552,科力装备,38.19,0.4735595895816883,0.17999999999999972,13364758.8,350940,0,38.05,38.2,37.9,38.01
301555,惠柏新材,32.73,0.5529953917050683,0.17999999999999972,28343579.72,869884,0,32.6,32.86,32.35,32.55
301556,托普云农,99.8,0.5035246727089627,0.5,107277581.1,1074600,0,99.77,101.18,98.79,99.3
301557,常友科技,141.97,-1.3412091730368358,-1.9300000000000068,49112222.0,345800,0,144.2,144.59,140.78,143.9
301558,三态股份,8.27,0.12106537530266086,0.009999999999999787,35127805.0,4227700,0,8.28,8.38,8.25,8.26
301559,中集环科,16.03,0.1875000000000071,0.030000000000001137,8230417.75,513275,0,16.06,16.08,15.91,16.0
301565,中仑新材,24.92,-1.9669551534225018,-0.5,52778523.0,2107500,0,25.35,25.35,24.91,25.42
301566,达利凯普,19.96,0.50352467270897,0.10000000000000142,262912785.62,13181842,0,19.99,20.2,19.8,19.86
301567,贝隆精密,45.83,1.8670815736830322,0.8399999999999963,79634753.0,1751900,0,45.12,46.45,44.79,44.99
301568,思泰克,50.28,3.329223181257716,1.6200000000000045,391758472.76,7824618,0,48.25,50.88,48.25,48.66
301571,国科天成,52.72,0.49561570720548614,0.259999999999998,176991240.39,3375637,0,52.05,53.18,51.88,52.46
301577,美信科技,56.68,-0.017639795378370102,-0.00999999999999801,12707166.0,224800,0,56.79,56.85,56.23,56.69
301578,辰奕智能,34.2,0.5291005291005282,0.17999999999999972,9793325.0,286420,0,34.19,34.28,34.0,34.02
301580,爱迪特,43.47,0.2999538532533351,0.12999999999999545,11989525.4,275580,0,43.49,43.78,43.34,43.34
301581,黄山谷捷,47.78,1.271725307333619,0.6000000000000014,19174009.0,401000,0,47.18,48.41,46.83,47.18
301585,蓝宇股份,30.8,0.5550114267058495,0.1700000000000017,41324838.37,1338429,0,30.65,31.15,30.56,30.63
301586,佳力奇,47.31,2.071197411003238,0.9600000000000009,51660080.88,1096712,0,46.4,47.39,46.31,46.35
301587,中瑞股份,23.31,-0.5121638924455868,-0.120000000000001,20578330.1,883270,0,23.49,23.6,23.18,23.43
301588,美新科技,18.19,-0.3287671232876642,-0.05999999999999872,17921247.56,981627,0,18.28,18.39,18.11,18.25
301589,诺瓦星云,158.97,1.4097984179637713,2.210000000000008,52218068.95,330240,0,156.15,159.95,156.15,156.76
301591,肯特股份,39.41,-0.8303975842979502,-0.3300000000000054,33917275.0,860300,0,39.55,39.66,39.2,39.74
301592,六九一二,127.79,6.102623713052149,7.3500000000000085,327767313.52,2569301,0,120.27,132.99,120.27,120.44
301596,瑞迪智驱,74.01,1.857968620974413,1.3500000000000085,41591874.8,563360,0,72.47,74.59,72.47,72.66
301598,博科测试,63.7,0.6796269954164686,0.4299999999999997,17564593.0,276000,0,63.39,63.94,62.82,63.27
301600,慧翰股份,134.85,-1.3893967093235875,-1.9000000000000057,136859348.03,1018199,0,136.42,136.42,133.01,136.75
301601,惠通科技,28.48,0.17587055926838097,0.05000000000000071,6014143.6,211268,0,28.7,28.7,28.34,28.43
301602,超研股份,22.08,-0.09049773755657523,-0.020000000000003126,12704369.16,574794,0,22.04,22.17,22.02,22.1
301603,乔锋智能,75.44,0.7747795885653197,0.5799999999999983,68852301.0,915900,0,74.8,75.66,74.6,74.86
301606,绿联科技,60.29,0.4833333333333319,0.28999999999999915,81281933.32,1346700,0,60.22,60.78,59.61,60.0
301607,富特科技,44.06,7.201946472019466,2.960000000000001,337676122.41,7659060,0,41.7,45.25,41.27,41.1
301608,博实结,87.21,1.1834319526627173,1.019999999999996,43955612.0,504400,0,86.19,87.88,85.97,86.19
301611,珂玛科技,81.68,-1.4240888245232834,-1.1799999999999926,627726737.82,7656102,0,82.8,83.5,80.8,82.86
301613,新铝时代,47.9,-0.10427528675704748,-0.05000000000000426,19864573.0,414500,0,48.25,48.25,47.83,47.95
301617,博苑股份,77.83,-3.015576323987541,-2.4200000000000017,96727191.04,1242429,0,80.0,80.0,77.2,80.25
301618,长联科技,48.98,0.24559967253376475,0.11999999999999744,16176520.8,329680,0,48.86,49.36,48.86,48.86
301622,英思特,65.28,1.587301587301581,1.019999999999996,81588601.0,1254100,0,64.27,65.7,63.89,64.26
301626,苏州天脉,194.4,-0.28212362144138653,-0.549999999999983,173830567.0,888400,0,194.95,199.11,193.01,194.95
301628,强达电路,94.02,-0.40254237288136613,-0.38000000000000966,104950181.3,1117225,0,93.88,94.5,93.6,94.4
301629,矽电股份,231.56,-1.5894602634934165,-3.740000000000009,180882830.34,772526,0,233.68,239.8,230.94,235.3
301631,壹连科技,106.55,0.028163725122043876,0.030000000000001137,115366413.64,1074075,0,106.03,109.76,105.25,106.52
301633,港迪技术,68.68,2.6913875598086294,1.8000000000000114,62332216.12,908133,0,66.88,69.99,66.88,66.88
302132,中航成飞,78.29,2.52750130958618,1.9300000000000068,842776242.59,10788009,0,76.21,79.25,76.2,76.36
600000,浦发银行,11.75,-0.508044030482646,-0.0600000000000005,176449092.0,14954445,0,11.8,11.86,11.75,11.81
600004,白云机场,9.58,-0.415800415800407,-0.03999999999999915,69475082.0,7231384,0,9.62,9.65,9.57,9.62
600006,东风股份,7.2,-0.13869625520110662,-0.009999999999999787,35711109.0,4967501,0,7.23,7.23,7.17,7.21
600007,中国国贸,19.6,1.2396694214876136,0.240000000000002,25599641.0,1313000,0,19.39,19.6,19.36,19.36
600008,首创环保,3.03,0.0,0.0,48416891.0,15969830,0,3.03,3.04,3.02,3.03
600009,上海机场,33.92,0.8023774145616734,0.2700000000000031,322823283.0,9505633,0,33.55,34.16,33.55,33.65
600010,包钢股份,2.39,0.4201680672269005,0.010000000000000231,458151706.0,192316453,0,2.38,2.4,2.37,2.38
600011,华能国际,8.01,0.3759398496240521,0.02999999999999936,176630478.0,22051000,0,7.96,8.06,7.92,7.98
600012,皖通高速,14.94,1.356852103120755,0.1999999999999993,42264297.0,2832517,0,14.72,15.11,14.62,14.74
600015,华夏银行,6.85,0.1461988304093536,0.009999999999999787,133495931.0,19460182,0,6.84,6.88,6.83,6.84
600016,民生银行,3.85,0.7853403141361323,0.03000000000000025,566023358.0,147105574,0,3.82,3.86,3.81,3.82
600017,日照港,3.03,0.33112582781456246,0.009999999999999787,33626760.0,11099000,0,3.02,3.04,3.02,3.02
600018,上港集团,5.55,0.18050541516245103,0.009999999999999787,65716801.0,11832101,0,5.54,5.57,5.54,5.54
600019,宝钢股份,7.22,0.4172461752433847,0.02999999999999936,156937564.0,21856250,0,7.19,7.23,7.14,7.19
600020,中原高速,4.33,0.46403712296984834,0.020000000000000462,24305401.0,5610944,0,4.3,4.35,4.3,4.31
600021,上海电力,19.8,-0.20161290322580216,-0.03999999999999915,609451650.0,30717173,0,19.85,20.07,19.72,19.84
600022,山东钢铁,1.52,0.0,0.0,39009057.0,25672908,0,1.52,1.53,1.51,1.52
600023,浙能电力,5.14,0.19493177387913815,0.009999999999999787,103227599.0,20062931,0,5.14,5.16,5.11,5.13
600025,华能水电,9.24,0.10834236186348632,0.009999999999999787,59496848.0,6436700,0,9.23,9.27,9.21,9.23
600026,中远海能,11.8,1.0273972602739811,0.120000000000001,173843792.0,14867800,0,11.68,11.84,11.56,11.68
600027,华电国际,5.21,0.1923076923076882,0.009999999999999787,248922202.0,47761364,0,5.2,5.24,5.18,5.2
600028,中国石化,5.89,-0.3384094754653208,-0.020000000000000462,197486455.0,33383220,0,5.91,5.94,5.89,5.91
600029,南方航空,7.71,1.4473684210526359,0.11000000000000032,259291152.0,33851601,0,7.56,7.79,7.51,7.6
600030,中信证券,28.9,0.5567153792623527,0.16000000000000014,1580244158.0,54774547,0,28.75,28.97,28.7,28.74
600031,三一重工,20.67,-0.6249999999999952,-0.129999999999999,278047537.0,13429214,0,20.8,20.86,20.65,20.8
600032,浙江新能,7.46,0.13422818791946023,0.009999999999999787,24840182.0,3334100,0,7.45,7.48,7.42,7.45
600033,福建高速,4.49,0.0,0.0,257080805.0,57655366,0,4.46,4.51,4.41,4.49
600035,楚天高速,3.93,0.5115089514066501,0.020000000000000018,17242106.0,4391031,0,3.91,3.94,3.91,3.91
600036,招商银行,41.86,0.0717188620607247,0.030000000000001137,1132582038.0,27011124,0,41.93,42.08,41.75,41.83
600037,歌华有线,7.27,-0.274348422496577,-0.020000000000000462,40594394.0,5577298,0,7.3,7.31,7.26,7.29
600038,中直股份,35.83,1.3005371783997763,0.46000000000000085,239318597.0,6699332,0,35.36,35.95,35.28,35.37
600039,四川路桥,9.93,1.2232415902140592,0.11999999999999922,152820535.0,15428400,0,10.03,10.15,9.81,9.81
600048,保利发展,6.26,0.0,0.0,239967947.0,38260840,0,6.28,6.31,6.24,6.26
600050,中国联通,5.14,0.19493177387913815,0.009999999999999787,227896332.0,44363761,0,5.13,5.15,5.12,5.13
600051,宁波联合,7.62,1.4647137150466087,0.11000000000000032,18880668.0,2499200,0,7.51,7.62,7.49,7.51
600052,东望时代,4.76,0.2105263157894692,0.009999999999999787,45594766.0,9648476,0,4.76,4.79,4.66,4.75
600053,九鼎投资,20.65,2.8386454183266947,0.5700000000000003,186004190.0,8937533,0,20.0,21.46,19.98,20.08
600054,黄山旅游,11.42,0.0,0.0,29873379.0,2622746,0,11.37,11.44,11.34,11.42
600055,万东医疗,15.94,0.3146633102580172,0.049999999999998934,20731828.0,1298859,0,16.0,16.02,15.89,15.89
600056,中国医药,10.48,0.0,0.0,40059827.0,3823723,0,10.47,10.51,10.44,10.48
600057,厦门象屿,8.68,-0.2298850574712595,-0.019999999999999574,115957915.0,13286800,0,8.7,8.84,8.63,8.7
600058,五矿发展,10.06,1.718907987866531,0.16999999999999993,112839441.0,11328355,0,9.9,10.07,9.81,9.89
600059,古越龙山,9.26,-0.32292787944025153,-0.02999999999999936,24060919.0,2595850,0,9.29,9.3,9.25,9.29
600060,海信视像,24.29,-0.6950122649223291,-0.1700000000000017,56329283.0,2311100,0,24.53,24.57,24.28,24.46
600061,国投资本,7.6,0.6622516556291367,0.04999999999999982,120129830.0,15823357,0,7.54,7.62,7.53,7.55
600062,华润双鹤,18.48,0.10834236186348632,0.019999999999999574,32267090.0,1748000,0,18.47,18.5,18.41,18.46
600063,皖维高新,6.12,-0.3257328990227944,-0.019999999999999574,59521176.0,9734769,0,6.13,6.14,6.09,6.14
600064,南京高科,8.33,0.24067388688326802,0.019999999999999574,43778045.0,5256320,0,8.33,8.35,8.31,8.31
600066,宇通客车,32.65,-0.6390748630553891,-0.21000000000000085,198556327.0,6080899,0,32.86,32.96,32.5,32.86
600067,冠城新材,4.25,-1.620370370370377,-0.07000000000000028,107119597.0,25191692,0,4.32,4.32,4.22,4.32
600070,*ST富润,0.42,0.0,0.0,0.0,0,0,0.0,0.0,0.0,0.42
600071,凤凰光学,20.95,1.403678606001932,0.28999999999999915,35741263.0,1716473,0,20.7,20.95,20.68,20.66
600072,中船科技,11.64,0.43140638481450144,0.05000000000000071,51378181.0,4410290,0,11.67,11.68,11.61,11.59
600073,光明肉业,6.53,0.7716049382716021,0.04999999999999982,31455321.0,4835341,0,6.47,6.54,6.45,6.48
600075,新疆天业,4.74,-0.4201680672268818,-0.019999999999999574,29639632.0,6265286,0,4.74,4.77,4.71,4.76
600076,康欣新材,3.34,-2.3391812865497097,-0.08000000000000007,140537117.0,42140522,0,3.38,3.39,3.3,3.42
600078,澄星股份,9.88,-1.2987012987012887,-0.129999999999999,151967394.0,15487713,0,9.98,10.0,9.67,10.01
600079,ST人福,18.96,-0.472440944881889,-0.08999999999999986,324561701.0,17155387,0,18.98,19.11,18.71,19.05
600080,金花股份,7.84,0.9009009009009046,0.07000000000000028,32145142.0,4107400,0,7.78,7.98,7.73,7.77
600081,东风科技,11.77,0.0,0.0,11943827.0,1018660,0,11.76,11.78,11.68,11.77
600082,海泰发展,4.01,0.5012531328320695,0.019999999999999574,27875324.0,6986100,0,3.98,4.02,3.96,3.99
600084,中信尼雅,5.33,-0.9293680297397737,-0.04999999999999982,24377198.0,4521800,0,5.54,5.54,5.32,5.38
600085,同仁堂,31.61,-0.5036197670758582,-0.16000000000000014,119504369.0,3778385,0,31.79,31.85,31.52,31.77
600088,中视传媒,16.04,-0.24875621890546734,-0.03999999999999915,15143630.0,944800,0,16.06,16.1,16.0,16.08
600089,特变电工,23.06,-0.25951557093426586,-0.060000000000002274,2107386605.0,90704934,0,23.09,23.5,22.88,23.12
600094,大名城,4.3,-2.050113895216398,-0.08999999999999986,91792051.0,21177430,0,4.39,4.41,4.29,4.39
600095,湘财股份,11.25,0.6261180679785356,0.07000000000000028,151679154.0,13499400,0,11.2,11.28,11.17,11.18
600096,云天化,31.66,2.8255927249106882,0.870000000000001,1392303169.0,44262497,0,31.5,32.2,30.83,30.79
600097,开创国际,11.63,0.0,0.0,38022426.0,3280500,0,11.6,11.66,11.48,11.63
600098,广州发展,6.77,0.0,0.0,65089938.0,9619392,0,6.77,6.8,6.73,6.77
600099,林海股份,10.36,0.876338851022394,0.08999999999999986,15272769.0,1481400,0,10.33,10.37,10.24,10.27
600100,同方股份,8.71,3.8140643623361177,0.3200000000000003,545437628.0,63274736,0,8.39,8.87,8.35,8.39
600101,明星电力,9.33,-0.21390374331550346,-0.019999999999999574,38803584.0,4158210,0,9.37,9.37,9.31,9.35
600103,青山纸业,4.66,8.12064965197217,0.35000000000000053,1892820898.0,435010991,0,4.39,4.68,4.22,4.31
600104,上汽集团,15.42,-0.12953367875647392,-0.019999999999999574,205852852.0,13318513,0,15.43,15.51,15.37,15.44
600105,永鼎股份,23.88,2.3136246786632357,0.5399999999999991,4242496442.0,176039599,0,23.77,24.97,23.26,23.34
600106,重庆路桥,6.38,2.903225806451608,0.17999999999999972,124027475.0,19395511,0,6.35,6.49,6.35,6.2
600107,ST尔雅,6.72,-2.467343976777938,-0.16999999999999993,46918591.0,7072510,0,6.66,6.88,6.55,6.89
600108,亚盛集团,3.25,-0.3067484662576622,-0.009999999999999787,77933757.0,23965001,0,3.26,3.27,3.23,3.26
600109,国金证券,9.31,0.5399568034557313,0.05000000000000071,145178615.0,15587140,0,9.27,9.35,9.24,9.26
600110,诺德股份,7.33,-2.005347593582892,-0.15000000000000036,540613208.0,74449000,0,7.44,7.44,7.18,7.48
600111,北方稀土,45.72,0.21920210434020476,0.10000000000000142,1590330987.0,34975414,0,45.5,45.86,45.15,45.62
600113,浙江东日,67.21,4.217708171809582,2.719999999999999,394007469.0,5949041,0,65.14,67.74,64.66,64.49
600114,东睦股份,30.19,-0.9189366590088532,-0.2799999999999976,268078128.0,8936750,0,30.55,30.55,29.71,30.47
600115,中国东航,5.66,0.7117437722419936,0.040000000000000036,303258332.0,53970598,0,5.62,5.68,5.56,5.62
600116,三峡水利,6.53,0.0,0.0,14051194.0,2152700,0,6.53,6.55,6.52,6.53
600117,西宁特钢,2.88,2.4911032028469693,0.06999999999999984,73333597.0,25625886,0,2.8,2.91,2.78,2.81
600118,中国卫星,70.45,6.548699334543253,4.329999999999998,7751844300.0,110771121,0,67.55,71.7,67.0,66.12
600119,长江投资,8.0,0.5025125628140708,0.040000000000000036,14426111.0,1804800,0,8.08,8.09,7.93,7.96
600120,浙江东方,6.12,0.1636661211129261,0.009999999999999787,132607747.0,21615702,0,6.11,6.15,6.1,6.11
600121,郑州煤电,4.23,-0.936768149882884,-0.03999999999999915,47706143.0,11248992,0,4.25,4.26,4.22,4.27
600123,兰花科创,5.92,0.0,0.0,19838076.0,3353397,0,5.94,5.94,5.9,5.92
600125,铁龙物流,6.5,0.0,0.0,45811432.0,7024451,0,6.51,6.57,6.48,6.5
600126,杭钢股份,8.01,0.5018820577164371,0.040000000000000036,104069629.0,13023931,0,7.97,8.02,7.95,7.97
600127,金健米业,6.8,-0.8746355685131266,-0.0600000000000005,43344319.0,6362100,0,6.84,6.85,6.78,6.86
600128,苏豪弘业,10.95,1.2950971322849103,0.1399999999999988,29299762.0,2680100,0,10.84,11.0,10.81,10.81
600129,太极集团,18.15,-0.5479452054794599,-0.10000000000000142,28016972.0,1541585,0,18.25,18.25,18.12,18.25
600130,*ST波导,4.1,2.244389027431418,0.08999999999999986,36248731.0,8939437,0,4.01,4.11,4.01,4.01
600131,国网信通,16.19,0.1236858379715496,0.019999999999999574,33488846.0,2067182,0,16.18,16.25,16.11,16.17
600132,重庆啤酒,52.83,-0.09455370650530306,-0.05000000000000426,32055927.0,606300,0,52.94,53.09,52.75,52.88
600133,东湖高新,9.1,-0.6550218340611408,-0.0600000000000005,52913999.0,5802100,0,9.17,9.18,9.08,9.16
600135,乐凯胶片,9.39,5.15117581187011,0.46000000000000085,258222216.0,28066039,0,8.88,9.54,8.83,8.93
600136,ST明诚,1.67,0.0,0.0,7884689.0,4718200,0,1.67,1.68,1.66,1.67
600137,浪莎股份,19.33,0.41558441558440673,0.0799999999999983,27500012.0,1422100,0,19.25,19.56,19.16,19.25
600138,中青旅,10.14,-0.5882352941176345,-0.05999999999999872,216337472.0,21414358,0,10.18,10.24,10.0,10.2
600141,兴发集团,35.63,2.5914195220270826,0.9000000000000057,400008912.0,11334657,0,34.72,35.76,34.5,34.73
600143,金发科技,18.68,1.2466124661246636,0.23000000000000043,829579610.0,44562423,0,18.5,18.79,18.38,18.45
600148,长春一东,19.78,1.2800819252432154,0.25,12644153.0,642400,0,19.61,19.84,19.5,19.53
600149,廊坊发展,5.08,-0.5870841487279892,-0.03000000000000025,17379401.0,3412300,0,5.13,5.14,5.06,5.11
600150,中国船舶,33.64,0.809109979023084,0.2700000000000031,787970577.0,23493699,0,33.34,33.68,33.27,33.37
600151,航天机电,16.45,3.459119496855339,0.5499999999999989,3321905375.0,204867680,0,15.86,16.88,15.68,15.9
600152,维科技术,7.01,0.42979942693408824,0.02999999999999936,79628159.0,11505701,0,6.92,7.03,6.86,6.98
600153,建发股份,9.49,0.3171247357293801,0.02999999999999936,126116584.0,13246300,0,9.47,9.58,9.47,9.46
600155,华创云信,6.62,0.0,0.0,71553510.0,10797521,0,6.6,6.66,6.59,6.62
600156,华升股份,8.61,-1.6000000000000065,-0.14000000000000057,49129176.0,5707300,0,8.85,8.86,8.51,8.75
600157,永泰能源,1.6,0.0,0.0,335996193.0,209915270,0,1.6,1.61,1.59,1.6
600158,中体产业,8.9,1.9473081328751423,0.16999999999999993,116925058.0,13218100,0,8.75,8.93,8.73,8.73
600159,大龙地产,2.79,-0.7117437722419936,-0.020000000000000018,56043709.0,19881900,0,2.89,2.9,2.77,2.81
600160,巨化股份,38.48,2.887700534759354,1.0799999999999983,702156213.0,18427829,0,37.13,38.79,37.13,37.4
600161,天坛生物,16.56,-0.24096385542170298,-0.0400000000000027,82086832.0,4960512,0,16.53,16.61,16.47,16.6
600162,香江控股,1.85,0.0,0.0,26372881.0,14229623,0,1.86,1.87,1.84,1.85
600163,中闽能源,5.89,-1.6694490818030139,-0.10000000000000053,133835679.0,22633646,0,5.98,5.99,5.87,5.99
600165,*ST宁科,4.1,0.49019607843136215,0.019999999999999574,30825718.0,7537700,0,4.02,4.13,4.02,4.08
600166,福田汽车,2.9,-0.6849315068493157,-0.020000000000000018,136068986.0,46923367,0,2.92,2.93,2.89,2.92
600167,联美控股,7.14,-0.13986013986014928,-0.010000000000000675,31039538.0,4359067,0,7.14,7.15,7.1,7.15
600168,武汉控股,5.16,0.0,0.0,13564991.0,2631360,0,5.16,5.17,5.14,5.16
600169,ST太重,2.31,0.43478260869566226,0.010000000000000231,30173552.0,13096983,0,2.3,2.33,2.29,2.3
600170,上海建工,2.67,0.0,0.0,100217674.0,37520131,0,2.67,2.68,2.66,2.67
600171,上海贝岭,31.83,0.7278481012658129,0.22999999999999687,386753067.0,12066615,0,31.55,32.36,31.5,31.6
600172,黄河旋风,5.93,-1.1666666666666714,-0.07000000000000028,154707036.0,25989329,0,6.05,6.05,5.91,6.0
600173,卧龙新能,7.16,0.2801120448179336,0.020000000000000462,29063531.0,4064300,0,7.18,7.19,7.11,7.14
600176,中国巨石,16.68,-0.6551518761167328,-0.10999999999999943,443741349.0,26653719,0,16.79,16.85,16.47,16.79
600177,雅戈尔,7.55,0.5326231691078567,0.040000000000000036,55284985.0,7334121,0,7.52,7.56,7.5,7.51
600178,东安动力,12.07,0.9197324414715671,0.10999999999999943,34411477.0,2860200,0,11.96,12.12,11.9,11.96
600179,安通控股,5.95,9.981515711645102,0.54,893654295.0,153636602,0,5.9,5.95,5.5,5.41
600180,瑞茂通,3.72,-1.0638297872340319,-0.03999999999999959,50237774.0,13455101,0,3.72,3.79,3.7,3.76
600182,S佳通,15.48,-0.06455777921239371,-0.009999999999999787,11975599.0,774600,0,15.54,15.54,15.39,15.49
600183,生益科技,70.03,-3.539944903581258,-2.569999999999993,2757345631.0,39045570,0,73.0,73.0,68.98,72.6
600184,光电股份,18.88,0.10604453870625435,0.019999999999999574,180880955.0,9544600,0,18.88,19.15,18.81,18.86
600185,珠免集团,6.93,-1.8413597733711033,-0.1299999999999999,191336452.0,27519000,0,7.05,7.09,6.88,7.06
600186,莲花控股,5.94,1.1925042589437866,0.07000000000000028,192628598.0,32675195,0,5.85,5.96,5.81,5.87
600187,国中水务,2.6,1.5625000000000013,0.040000000000000036,48389143.0,18448100,0,2.58,2.67,2.57,2.56
600188,兖矿能源,13.29,-1.3363028953229508,-0.1800000000000015,156983150.0,11772985,0,13.41,13.45,13.29,13.47
600189,泉阳泉,7.13,-0.2797202797202862,-0.020000000000000462,31971737.0,4487900,0,7.12,7.15,7.1,7.15
600190,退市锦港,0.63,0.0,0.0,0.0,0,0,0.0,0.0,0.0,0.63
600191,华资实业,13.66,-2.4285714285714275,-0.33999999999999986,183461135.0,13430700,0,13.85,14.08,13.31,14.0
600192,长城电工,9.55,1.5957446808510676,0.15000000000000036,118938635.0,12488606,0,9.4,9.68,9.21,9.4
600193,*ST创兴,3.99,0.5037783375314866,0.020000000000000018,21349526.0,5323352,0,4.07,4.07,3.95,3.97
600195,中牧股份,8.0,0.6289308176100606,0.04999999999999982,45126742.0,5673595,0,7.95,8.03,7.9,7.95
600196,复星医药,27.0,-0.4057543341940223,-0.10999999999999943,128396253.0,4748431,0,27.09,27.13,26.98,27.11
600197,伊力特,14.07,0.07112375533428014,0.009999999999999787,13306177.0,945600,0,14.08,14.11,14.03,14.06
600198,大唐电信,9.15,1.5538290788013382,0.14000000000000057,185546067.0,20408288,0,8.98,9.18,8.95,9.01
600199,金种子酒,9.79,-0.20387359836902497,-0.02000000000000135,20920640.0,2133700,0,9.77,9.85,9.77,9.81
600200,退市苏吴,0.33,0.0,0.0,4762434.0,14631310,0,0.32,0.34,0.31,0.33
600201,生物股份,15.57,-0.1923076923076882,-0.02999999999999936,491759208.0,31817279,0,15.6,15.89,15.15,15.6
600202,哈空调,5.97,0.8445945945945915,0.04999999999999982,17664380.0,2973200,0,5.93,5.99,5.86,5.92
600203,福日电子,13.14,-1.2030075187969935,-0.16000000000000014,196238263.0,14900200,0,13.3,13.3,13.11,13.3
600206,有研新材,20.48,0.09775171065493438,0.019999999999999574,196855496.0,9598269,0,20.46,20.64,20.32,20.46
600207,安彩高科,5.18,0.1934235976789127,0.009999999999999787,33475565.0,6502100,0,5.16,5.18,5.12,5.17
600208,衢州发展,3.9,-0.5102040816326535,-0.020000000000000018,73003121.0,18680866,0,3.93,3.94,3.89,3.92
600210,紫江企业,7.44,0.26954177897574744,0.020000000000000462,63924176.0,8616500,0,7.42,7.45,7.39,7.42
600211,西藏药业,42.22,0.07110689736904749,0.030000000000001137,37753518.0,894660,0,42.19,42.35,42.06,42.19
600212,绿能慧充,8.22,-1.4388489208633,-0.11999999999999922,46254345.0,5609772,0,8.31,8.32,8.21,8.34
600215,派斯林,6.8,0.740740740740738,0.04999999999999982,13146344.0,1938000,0,6.74,6.81,6.72,6.75
600216,浙江医药,13.86,0.07220216606498042,0.009999999999999787,41786816.0,3012200,0,13.86,13.92,13.85,13.85
600217,中再资环,4.06,-0.24570024570026225,-0.010000000000000675,28557748.0,7035853,0,4.07,4.08,4.04,4.07
600218,全柴动力,11.17,3.617810760667909,0.39000000000000057,223829805.0,20203568,0,10.77,11.28,10.73,10.78
600219,南山铝业,4.99,-1.1881188118811805,-0.05999999999999961,524672682.0,105274974,0,5.01,5.03,4.95,5.05
600221,海航控股,1.77,-1.1173184357541908,-0.020000000000000018,745994737.0,421634909,0,1.8,1.8,1.75,1.79
600222,太龙药业,6.95,1.3119533527696772,0.08999999999999986,72094684.0,10388236,0,6.85,7.0,6.82,6.86
600223,福瑞达,7.33,0.0,0.0,23855041.0,3267201,0,7.34,7.34,7.22,7.33
600226,亨通股份,5.22,2.5540275049115895,0.1299999999999999,353043672.0,68830921,0,5.1,5.28,4.99,5.09
600227,赤天化,2.48,-0.8000000000000007,-0.020000000000000018,48213741.0,19531500,0,2.49,2.5,2.45,2.5
600228,*ST返利,5.32,3.7037037037037113,0.1900000000000004,29924193.0,5713035,0,5.15,5.35,5.11,5.13
600229,城市传媒,6.45,-0.1547987616099038,-0.009999999999999787,7826935.0,1210100,0,6.45,6.51,6.44,6.46
600230,沧州大化,13.47,-0.14825796886582338,-0.019999999999999574,60646074.0,4509075,0,13.48,13.55,13.34,13.49
600231,凌钢股份,2.11,0.956937799043063,0.020000000000000018,13123365.0,6283802,0,2.09,2.11,2.07,2.09
600232,金鹰股份,7.87,-3.7897310513447384,-0.3099999999999996,106760816.0,13516800,0,8.11,8.15,7.8,8.18
600233,圆通速递,16.81,0.41816009557945216,0.07000000000000028,77413886.0,4626048,0,16.77,16.88,16.59,16.74
600234,科新发展,13.33,0.6037735849056609,0.08000000000000007,53833065.0,4015600,0,13.52,13.87,13.1,13.25
600235,民丰特纸,7.05,3.8291605301914546,0.2599999999999998,91861116.0,13303900,0,6.76,7.11,6.72,6.79
600236,桂冠电力,7.02,1.7391304347825973,0.11999999999999922,33642230.0,4830296,0,6.91,7.04,6.88,6.9
600237,铜峰电子,9.61,0.9453781512605027,0.08999999999999986,542602559.0,57375865,0,9.3,9.83,9.21,9.52
600238,*ST椰岛,6.44,-1.2269938650306624,-0.07999999999999918,22224524.0,3447001,0,6.54,6.55,6.42,6.52
600239,云南城投,2.41,0.0,0.0,18361318.0,7643537,0,2.42,2.42,2.39,2.41
600241,时代万恒,8.6,1.775147928994087,0.15000000000000036,17905630.0,2111400,0,8.48,8.63,8.4,8.45
600243,*ST海华,4.82,-1.0266940451745343,-0.04999999999999982,7676024.0,1592200,0,4.87,4.87,4.8,4.87
600246,万通发展,12.1,-0.493421052631583,-0.0600000000000005,281566885.0,23140343,0,12.24,12.28,12.1,12.16
600248,陕建股份,3.6,-0.27700831024930156,-0.009999999999999787,11789072.0,3268100,0,3.61,3.62,3.6,3.61
600249,两面针,6.1,-0.3267973856209226,-0.020000000000000462,27710497.0,4550600,0,6.1,6.13,6.05,6.12
600250,南京商旅,12.01,0.7550335570469787,0.08999999999999986,243511865.0,20464273,0,11.87,12.05,11.76,11.92
600251,冠农股份,9.2,-0.1085776330076174,-0.010000000000001563,57993061.0,6299136,0,9.18,9.34,9.12,9.21
600252,中恒集团,2.8,-0.7092198581560291,-0.020000000000000018,44241579.0,15793300,0,2.82,2.82,2.79,2.82
600255,鑫科材料,3.93,-1.0075566750629732,-0.040000000000000036,162163671.0,41400128,0,3.94,3.96,3.88,3.97
600256,广汇能源,4.97,-0.600000000000005,-0.03000000000000025,119767437.0,24045031,0,4.99,5.0,4.97,5.0
600257,大湖股份,6.1,-1.6129032258064602,-0.10000000000000053,67876697.0,11134700,0,6.15,6.17,6.03,6.2
600258,首旅酒店,16.66,0.48250904704464326,0.08000000000000185,119753514.0,7230372,0,16.56,16.72,16.4,16.58
600259,广晟有色,53.52,0.5070422535211326,0.2700000000000031,306326361.0,5778169,0,53.2,53.75,52.41,53.25
600261,阳光照明,3.43,0.5865102639296192,0.020000000000000018,13236544.0,3879605,0,3.42,3.43,3.4,3.41
600262,北方股份,26.3,2.4143302180685398,0.620000000000001,109475727.0,4183448,0,25.68,26.67,25.52,25.68
600265,ST景谷,20.43,-0.4870920603994223,-0.10000000000000142,2917678.0,142400,0,20.53,20.64,20.41,20.53
600266,城建发展,4.51,1.3483146067415641,0.05999999999999961,278013102.0,60754079,0,4.6,4.7,4.51,4.45
600267,海正药业,10.14,-0.09852216748768262,-0.009999999999999787,29716980.0,2929009,0,10.18,10.19,10.12,10.15
600268,国电南自,10.82,1.1214953271028132,0.120000000000001,143864006.0,13359900,0,10.69,10.85,10.62,10.7
600269,赣粤高速,5.26,0.3816793893129689,0.019999999999999574,27188094.0,5171320,0,5.25,5.28,5.23,5.24
600271,航天信息,10.39,3.7962037962038044,0.3800000000000008,1109643723.0,106561826,0,10.05,10.66,10.05,10.01
600272,开开实业,14.17,-0.8397480755773213,-0.11999999999999922,55697786.0,3917700,0,14.3,14.38,14.13,14.29
600273,嘉化能源,8.39,0.11933174224343421,0.009999999999999787,32738655.0,3909020,0,8.35,8.4,8.35,8.38
600276,恒瑞医药,61.1,-0.21231422505307113,-0.12999999999999545,484173585.0,7902455,0,61.22,61.66,61.03,61.23
600278,东方创业,7.59,-0.13157894736841824,-0.009999999999999787,19238565.0,2538100,0,7.57,7.63,7.54,7.6
600279,重庆港,5.82,10.018903591682424,0.5300000000000002,153560724.0,26395915,0,5.82,5.82,5.74,5.29
600280,中央商场,4.39,-3.9387308533916974,-0.1800000000000006,414962320.0,92703500,0,4.52,4.64,4.34,4.57
600281,华阳新材,6.1,-4.238618524332817,-0.27000000000000046,114817357.0,18871130,0,6.06,6.13,6.01,6.37
600282,南钢股份,5.12,0.19569471624265727,0.009999999999999787,63653062.0,12458824,0,5.12,5.15,5.06,5.11
600283,钱江水利,9.09,-0.3289473684210456,-0.02999999999999936,18734553.0,2062120,0,9.14,9.15,9.05,9.12
600284,浦东建设,8.59,-0.3480278422273708,-0.02999999999999936,88889237.0,10322137,0,8.62,8.73,8.54,8.62
600285,羚锐制药,21.08,0.28544243577544587,0.05999999999999872,42919747.0,2040600,0,21.05,21.12,20.96,21.02
600287,苏豪时尚,5.62,0.0,0.0,12701327.0,2258700,0,5.64,5.67,5.59,5.62
600288,大恒科技,15.17,0.39708802117803105,0.0600000000000005,60529673.0,3989500,0,15.16,15.26,15.09,15.11
600289,ST信通,6.7,0.29940119760479733,0.020000000000000462,7948425.0,1192701,0,6.71,6.71,6.6,6.68
600292,远达环保,12.55,0.0,0.0,42611300.0,3398110,0,12.58,12.59,12.48,12.55
600293,三峡新材,3.17,0.9554140127388472,0.029999999999999805,41650178.0,13212700,0,3.16,3.19,3.12,3.14
600295,鄂尔多斯,11.42,0.1754385964912243,0.019999999999999574,39578128.0,3482628,0,11.4,11.47,11.23,11.4
600298,安琪酵母,44.05,0.0,0.0,203370913.0,4609298,0,43.96,44.47,43.62,44.05
600299,安迪苏,8.93,0.0,0.0,14630645.0,1640000,0,8.94,8.95,8.9,8.93
600300,维维股份,3.66,0.0,0.0,64448808.0,17641112,0,3.65,3.68,3.63,3.66
600301,华锡有色,37.13,-2.673656618610737,-1.019999999999996,362805404.0,9857400,0,37.01,37.5,36.43,38.15
600302,标准股份,10.19,1.899999999999995,0.1899999999999995,56552983.0,5601400,0,9.96,10.23,9.88,10.0
600303,曙光股份,3.3,0.30395136778114856,0.009999999999999787,21880134.0,6641160,0,3.29,3.32,3.25,3.29
600305,恒顺醋业,7.97,-0.25031289111389815,-0.020000000000000462,19630883.0,2461200,0,7.99,8.01,7.96,7.99
600307,酒钢宏兴,1.69,3.048780487804881,0.050000000000000044,91835324.0,55262382,0,1.64,1.69,1.63,1.64
600308,华泰股份,4.06,4.370179948586104,0.16999999999999948,135920305.0,34124184,0,3.89,4.08,3.86,3.89
600309,万华化学,77.55,0.6228104320747425,0.480000000000004,1184728935.0,15272382,0,77.09,78.5,76.84,77.07
600310,广西能源,3.9,2.362204724409445,0.08999999999999986,99103679.0,25232220,0,3.88,3.99,3.88,3.81
600312,平高电气,17.82,0.2249718785151808,0.03999999999999915,167452074.0,9398200,0,17.78,17.95,17.64,17.78
600313,农发种业,6.65,-1.0416666666666579,-0.0699999999999994,68612144.0,10312900,0,6.71,6.71,6.61,6.72
600315,上海家化,22.92,-0.04361098996946363,-0.00999999999999801,26841392.0,1171700,0,22.96,23.04,22.81,22.93
600316,洪都航空,32.2,1.6414141414141512,0.5200000000000031,229267767.0,7132100,0,31.58,32.5,31.51,31.68
600318,新力金融,9.0,0.3344481605351099,0.02999999999999936,75949217.0,8413399,0,8.95,9.09,8.95,8.97
600319,亚星化学,9.15,-0.21810250817883942,-0.019999999999999574,17283489.0,1893700,0,9.11,9.2,9.06,9.17
600320,振华重工,4.88,3.1712473572938578,0.14999999999999947,167325766.0,34619673,0,4.73,4.88,4.72,4.73
600322,津投城开,2.34,0.0,0.0,17405238.0,7453100,0,2.34,2.35,2.32,2.34
600323,瀚蓝环境,29.11,-0.06865774116031437,-0.019999999999999574,42054666.0,1448400,0,29.25,29.25,28.86,29.13
600325,华发股份,4.32,-0.23094688221708512,-0.009999999999999787,38401465.0,8853200,0,4.35,4.37,4.32,4.33
600326,西藏天路,11.35,1.8850987432674962,0.20999999999999908,423265210.0,37747758,0,11.2,11.38,11.05,11.14
600327,大东方,5.41,-0.9157509157509125,-0.04999999999999982,154475376.0,28514312,0,5.42,5.49,5.35,5.46
600328,中盐化工,8.04,-0.24813895781639392,-0.02000000000000135,50039310.0,6233160,0,8.04,8.08,7.98,8.06
600329,达仁堂,47.38,1.5866209262435722,0.740000000000002,125128788.0,2644647,0,46.79,47.66,46.45,46.64
600330,天通股份,12.42,-4.754601226993859,-0.6199999999999992,1779735091.0,141471966,0,13.05,13.1,12.27,13.04
600331,宏达股份,12.39,1.807723911257195,0.22000000000000064,564479814.0,45757727,0,12.2,12.6,11.93,12.17
600332,白云山,25.83,0.0,0.0,84037583.0,3257286,0,25.8,25.86,25.73,25.83
600333,长春燃气,5.71,0.7054673721340394,0.040000000000000036,43906340.0,7684553,0,5.69,5.74,5.67,5.67
600335,国机汽车,6.38,-0.3125000000000072,-0.020000000000000462,37669370.0,5893250,0,6.42,6.43,6.37,6.4
600336,澳柯玛,8.58,-1.4925373134328446,-0.13000000000000078,181718865.0,21251745,0,8.7,8.77,8.41,8.71
600337,美克家居,2.92,0.0,0.0,0.0,0,0,0.0,0.0,0.0,2.92
600338,西藏珠峰,14.06,-1.8841591067690129,-0.2699999999999996,307286282.0,21857170,0,14.1,14.17,13.96,14.33
600339,中油工程,3.35,-0.5934718100890213,-0.020000000000000018,29078458.0,8659100,0,3.37,3.37,3.35,3.37
600340,华夏幸福,2.29,0.4385964912280803,0.010000000000000231,225965567.0,98146909,0,2.29,2.32,2.28,2.28
600343,航天动力,43.63,4.377990430622023,1.8300000000000054,5310879394.0,123911259,0,41.47,44.96,40.62,41.8
600345,长江通信,32.73,10.016806722689065,2.979999999999997,800426038.0,24791326,0,30.5,32.73,30.0,29.75
600346,恒力石化,20.67,1.622418879056056,0.33000000000000185,361172029.0,17611840,0,20.34,20.7,20.21,20.34
600348,华阳股份,7.67,-0.6476683937823812,-0.04999999999999982,99772805.0,12996300,0,7.71,7.71,7.66,7.72
600350,山东高速,9.63,0.5219206680584626,0.05000000000000071,29683187.0,3084200,0,9.56,9.67,9.55,9.58
600351,亚宝药业,6.64,0.0,0.0,19646282.0,2960399,0,6.64,6.66,6.62,6.64
600352,浙江龙盛,10.79,0.1857010213556135,0.019999999999999574,69261612.0,6422307,0,10.77,10.84,10.72,10.77
600353,旭光电子,16.65,-0.5970149253731428,-0.10000000000000142,271745000.0,16425281,0,16.72,16.75,16.36,16.75
600354,敦煌种业,6.72,-0.4444444444444481,-0.03000000000000025,66594287.0,9923000,0,6.77,6.77,6.67,6.75
600355,*ST精伦,2.27,2.2522522522522443,0.04999999999999982,39368668.0,17647565,0,2.2,2.29,2.15,2.22
600356,恒丰纸业,9.25,3.467561521252802,0.3100000000000005,121654422.0,13335903,0,8.96,9.39,8.89,8.94
600358,ST联合,5.96,-0.16750418760468655,-0.009999999999999787,20786860.0,3482700,0,5.97,6.02,5.9,5.97
600359,新农开发,7.16,-0.27855153203342026,-0.019999999999999574,20316749.0,2840300,0,7.21,7.21,7.09,7.18
600360,*ST华微,7.98,0.7575757575757638,0.0600000000000005,68390229.0,8556900,0,7.92,8.06,7.9,7.92
600361,创新新材,4.24,-1.1655011655011613,-0.04999999999999982,106563816.0,25179239,0,4.3,4.3,4.2,4.29
600362,江西铜业,42.5,-1.392111368909516,-0.6000000000000014,1012810659.0,23967361,0,42.3,42.8,41.61,43.1
600363,联创光电,58.81,2.242698191933239,1.2899999999999991,285979524.0,4938686,0,57.5,58.95,57.21,57.52
600365,ST通葡,3.38,1.1976047904191627,0.040000000000000036,8880068.0,2638500,0,3.32,3.41,3.31,3.34
600366,宁波韵升,13.91,0.5057803468208113,0.07000000000000028,287721014.0,20846997,0,13.79,14.04,13.63,13.84
600367,红星发展,17.3,-3.621169916434533,-0.6499999999999986,194257901.0,11162386,0,17.84,17.97,17.24,17.95
600368,五洲交通,4.01,1.518987341772142,0.05999999999999961,101798991.0,25077587,0,4.07,4.11,4.0,3.95
600369,西南证券,4.51,0.4454342984409705,0.019999999999999574,86469733.0,19101900,0,4.5,4.55,4.48,4.49
600370,三房巷,2.43,9.954751131221728,0.2200000000000002,212179429.0,89529953,0,2.22,2.43,2.19,2.21
600371,万向德农,8.98,-0.5537098560354257,-0.049999999999998934,23199204.0,2584980,0,8.99,9.04,8.93,9.03
600372,中航机载,13.32,2.6985350809560495,0.34999999999999964,1091792100.0,82397808,0,12.91,13.44,12.9,12.97
600373,中文传媒,9.22,-0.5393743257820813,-0.049999999999998934,81151913.0,8794500,0,9.25,9.3,9.19,9.27
600375,汉马科技,6.0,-0.9900990099009837,-0.05999999999999961,62027609.0,10359300,0,6.03,6.04,5.96,6.06
600376,首开股份,5.92,10.037174721189592,0.54,1771986316.0,305307597,0,5.58,5.92,5.52,5.38
600377,宁沪高速,12.17,1.163757273482964,0.14000000000000057,77395141.0,6402577,0,12.02,12.18,12.01,12.03
600378,昊华科技,31.96,2.1412591882390597,0.6700000000000017,188281409.0,5927235,0,31.33,32.08,31.04,31.29
600379,宝光股份,12.13,1.932773109243701,0.23000000000000043,42454553.0,3518294,0,11.9,12.2,11.9,11.9
600380,健康元,11.7,0.0,0.0,54978683.0,4700608,0,11.71,11.73,11.65,11.7
600381,*ST春天,4.25,0.7109004739336553,0.03000000000000025,10089959.0,2396839,0,4.23,4.25,4.17,4.22
600382,广东明珠,7.13,-0.557880055788006,-0.040000000000000036,38996096.0,5488088,0,7.16,7.17,7.06,7.17
600383,金地集团,3.12,0.6451612903225812,0.020000000000000018,96353922.0,30970001,0,3.12,3.14,3.09,3.1
600386,北巴传媒,4.35,-0.45766590389017076,-0.020000000000000462,16083686.0,3699084,0,4.35,4.38,4.33,4.37
600387,退市海越,0.94,0.0,0.0,0.0,0,0,0.0,0.0,0.0,0.94
600388,龙净环保,16.86,1.2004801920768264,0.1999999999999993,112084289.0,6699989,0,16.66,16.89,16.52,16.66
600389,江山股份,24.93,-0.7563694267515974,-0.19000000000000128,83552331.0,3340799,0,25.11,25.36,24.81,25.12
600390,五矿资本,5.58,0.7220216606498201,0.040000000000000036,104371692.0,18708321,0,5.54,5.6,5.54,5.54
600391,航发科技,36.38,9.578313253012047,3.1799999999999997,1200851579.0,34000130,0,33.21,36.52,33.0,33.2
600392,盛和资源,21.33,-0.23386342376052718,-0.05000000000000071,370339087.0,17462331,0,21.25,21.45,21.05,21.38
600395,盘江股份,4.75,-0.2100840336134409,-0.009999999999999787,34604138.0,7283900,0,4.75,4.78,4.72,4.76
600396,华电辽能,2.95,0.6825938566552906,0.020000000000000018,14194296.0,4831700,0,2.95,2.96,2.92,2.93
600397,江钨装备,7.66,-0.39011703511053636,-0.03000000000000025,245787979.0,32388101,0,7.64,7.88,7.41,7.69
600398,海澜之家,6.15,0.49019607843137664,0.03000000000000025,59918140.0,9753065,0,6.11,6.16,6.11,6.12
600399,抚顺特钢,5.8,5.646630236794164,0.3099999999999996,706930528.0,122745656,0,5.5,6.02,5.48,5.49
600400,红豆股份,2.4,-0.4149377593361091,-0.010000000000000231,29141396.0,12153111,0,2.41,2.41,2.39,2.41
600403,大有能源,7.05,0.1420454545454515,0.009999999999999787,83245642.0,11813803,0,7.03,7.08,7.0,7.04
600405,动力源,5.19,-0.38387715930901295,-0.019999999999999574,24157910.0,4669118,0,5.18,5.2,5.15,5.21
600406,国电南瑞,22.96,-0.39045553145336165,-0.08999999999999986,207678195.0,9025402,0,23.02,23.09,22.95,23.05
600408,安泰集团,4.43,-1.555555555555562,-0.07000000000000028,179164023.0,40388171,0,4.45,4.49,4.41,4.5
600409,三友化工,6.06,0.1652892561983436,0.009999999999999787,109868388.0,18099633,0,6.04,6.12,6.0,6.05
600410,华胜天成,17.17,0.0,0.0,380044354.0,22158373,0,17.17,17.24,17.05,17.17
600415,小商品城,16.46,-0.42347247428917284,-0.07000000000000028,378042429.0,22967719,0,16.5,16.65,16.37,16.53
600416,湘电股份,14.22,5.022156573116702,0.6800000000000015,257925402.0,18582003,0,13.6,14.25,13.54,13.54
600418,江淮汽车,48.61,-0.4912998976458587,-0.240000000000002,870483116.0,17820144,0,48.6,49.15,48.51,48.85
600419,天润乳业,10.07,-0.7881773399014784,-0.08000000000000007,32380791.0,3187700,0,10.25,10.32,10.06,10.15
600420,国药现代,10.17,-0.19627085377820977,-0.019999999999999574,45050202.0,4434565,0,10.2,10.2,10.14,10.19
600421,*ST华嵘,7.1,0.0,0.0,5582390.0,788400,0,7.15,7.15,7.01,7.1
600422,昆药集团,12.62,1.121794871794862,0.1399999999999988,35170253.0,2794600,0,12.48,12.65,12.48,12.48
600423,柳化股份,3.86,0.7832898172323709,0.029999999999999805,20097312.0,5237300,0,3.82,3.9,3.79,3.83
600425,青松建化,4.28,0.0,0.0,39899384.0,9334647,0,4.29,4.3,4.25,4.28
600426,华鲁恒升,31.58,2.5657681065280906,0.7899999999999991,339958883.0,10793179,0,30.78,31.91,30.6,30.79
600428,中远海特,7.23,-0.138121546961323,-0.009999999999999787,93494228.0,12968975,0,7.22,7.27,7.15,7.24
600429,三元股份,5.51,-1.6071428571428545,-0.08999999999999986,169774792.0,30616700,0,5.59,5.76,5.47,5.6
600433,冠豪高新,3.37,3.374233128834366,0.11000000000000032,92201711.0,27834450,0,3.24,3.39,3.23,3.26
600435,北方导航,14.7,2.0124913254684187,0.28999999999999915,526514683.0,35970600,0,14.41,14.78,14.37,14.41
600436,片仔癀,169.96,0.08833402037571739,0.15000000000000568,109985965.0,647653,0,169.8,170.15,169.58,169.81
600438,通威股份,21.14,0.4752851711026683,0.10000000000000142,622334744.0,29598442,0,20.92,21.27,20.78,21.04
600439,瑞贝卡,2.84,0.3533568904593564,0.009999999999999787,49821255.0,17445252,0,2.84,2.9,2.82,2.83
600444,国机通用,18.74,1.297297297297289,0.23999999999999844,39035517.0,2100700,0,18.52,18.82,18.35,18.5
600446,金证股份,15.75,1.4819587628866007,0.23000000000000043,191981018.0,12191689,0,15.6,15.85,15.5,15.52
600448,华纺股份,3.22,1.8987341772151913,0.06000000000000005,61505435.0,18900314,0,3.16,3.47,3.16,3.16
600449,宁夏建材,12.68,1.521216973578859,0.1899999999999995,30318142.0,2410540,0,12.45,12.72,12.45,12.49
600452,涪陵电力,9.32,-0.8510638297872347,-0.08000000000000007,113167236.0,12124355,0,9.39,9.4,9.28,9.4
600455,博通股份,25.82,-0.19327406262079902,-0.05000000000000071,16463718.0,637400,0,25.92,25.98,25.71,25.87
600456,宝钛股份,36.9,2.6711185308848107,0.9600000000000009,819290238.0,22331611,0,35.87,37.34,35.77,35.94
600458,时代新材,13.5,0.3717472118959161,0.05000000000000071,51806830.0,3847795,0,13.44,13.53,13.4,13.45
600459,贵研铂业,19.14,-6.542968749999998,-1.3399999999999999,911224731.0,47292603,0,19.42,19.54,19.1,20.48
600460,士兰微,28.2,-0.21231422505308659,-0.060000000000002274,322453909.0,11407197,0,28.3,28.45,28.17,28.26
600461,洪城环境,9.63,0.5219206680584626,0.05000000000000071,48794721.0,5080900,0,9.58,9.64,9.57,9.58
600462,退市九有,0.21,0.0,0.0,0.0,0,0,0.0,0.0,0.0,0.21
600463,空港股份,11.75,2.7996500437445344,0.3200000000000003,46019917.0,3937800,0,11.49,11.89,11.48,11.43
600467,好当家,2.77,-1.0714285714285645,-0.029999999999999805,284878376.0,103665008,0,2.73,2.8,2.69,2.8
600468,百利电气,7.3,3.253182461103247,0.22999999999999954,389307533.0,54334171,0,7.02,7.33,6.95,7.07
600469,风神股份,6.88,1.4749262536873105,0.09999999999999964,21152849.0,3090740,0,6.75,6.92,6.75,6.78
600470,六国化工,6.11,0.9917355371900909,0.0600000000000005,48047052.0,7907900,0,6.03,6.15,5.99,6.05
600475,华光环能,19.35,1.3089005235602091,0.25,485646727.0,25177456,0,19.39,19.68,19.02,19.1
600476,湘邮科技,15.73,0.7042253521126838,0.11000000000000121,16811844.0,1070600,0,15.6,15.8,15.55,15.62
600477,杭萧钢构,2.65,-0.3759398496240688,-0.010000000000000231,16257164.0,6131920,0,2.66,2.67,2.64,2.66
600478,科力远,6.8,-0.2932551319648162,-0.020000000000000462,123495176.0,18245469,0,6.79,6.82,6.73,6.82
600479,千金药业,10.34,0.19379844961239895,0.019999999999999574,18646694.0,1806600,0,10.32,10.35,10.29,10.32
600480,凌云股份,12.07,1.428571428571428,0.16999999999999993,90728164.0,7540070,0,11.93,12.08,11.9,11.9
600481,双良节能,5.79,-0.34423407917383086,-0.019999999999999574,115538686.0,20020000,0,5.8,5.81,5.73,5.81
600482,中国动力,20.8,0.5802707930367553,0.120000000000001,213490139.0,10291179,0,20.6,20.85,20.55,20.68
600483,福能股份,9.91,0.20222446916076411,0.019999999999999574,57690887.0,5826490,0,9.86,9.94,9.84,9.89
600486,扬农化工,67.93,2.9242424242424345,1.9300000000000068,175474273.0,2613768,0,66.01,68.08,66.0,66.0
600487,亨通光电,25.57,-5.05012996658002,-1.3599999999999994,2965943223.0,114661071,0,26.73,26.91,25.43,26.93
600488,津药药业,4.21,0.47732696897373683,0.019999999999999574,11368282.0,2704550,0,4.19,4.22,4.18,4.19
600489,中金黄金,23.11,-3.507306889352818,-0.8399999999999999,927338289.0,39882337,0,23.58,23.58,23.07,23.95
600490,鹏欣资源,7.61,-4.276729559748426,-0.33999999999999986,317144149.0,41120877,0,7.83,7.84,7.6,7.95
600491,龙元建设,2.72,1.1152416356877417,0.03000000000000025,29381405.0,10892200,0,2.69,2.74,2.66,2.69
600493,凤竹纺织,7.96,1.7902813299232694,0.13999999999999968,139147745.0,17557600,0,7.88,8.09,7.8,7.82
600495,晋西车轴,4.83,0.0,0.0,25006837.0,5178920,0,4.83,4.85,4.81,4.83
600496,精工钢构,4.25,-0.7009345794392582,-0.03000000000000025,33048991.0,7768120,0,4.29,4.29,4.23,4.28
600497,驰宏锌锗,7.04,-2.3578363384188616,-0.16999999999999993,483924780.0,68585909,0,7.11,7.12,7.0,7.21
600498,烽火通信,28.09,1.2252252252252247,0.33999999999999986,1724701162.0,61495404,0,27.5,28.52,27.45,27.75
600499,科达制造,13.63,-1.0167029774872824,-0.1399999999999988,151585267.0,11167800,0,13.67,13.69,13.42,13.77
600500,中化国际,3.95,0.5089058524173032,0.020000000000000018,40763379.0,10318855,0,3.94,3.97,3.92,3.93
600501,航天晨光,26.22,8.616404308202148,2.0799999999999983,1306409623.0,50365828,0,24.07,26.55,24.01,24.14
600502,安徽建工,4.68,0.0,0.0,16109428.0,3438000,0,4.7,4.7,4.67,4.68
600503,华丽家族,2.7,-0.3690036900368925,-0.009999999999999787,20373403.0,7526858,0,2.69,2.72,2.69,2.71
600505,西昌电力,13.07,0.6933744221879804,0.08999999999999986,30620258.0,2347600,0,13.09,13.1,12.96,12.98
600506,统一股份,23.74,-0.5029337803855868,-0.120000000000001,96712726.0,4073400,0,23.82,23.98,23.6,23.86
600507,方大特钢,5.87,0.8591065292096189,0.04999999999999982,58150231.0,9967477,0,5.8,5.91,5.75,5.82
600508,上海能源,12.0,-0.3322259136212554,-0.03999999999999915,20889348.0,1738700,0,12.04,12.07,11.96,12.04
600509,天富能源,8.41,-0.7083825265643505,-0.0600000000000005,111612063.0,13212894,0,8.47,8.5,8.39,8.47
600510,黑牡丹,8.86,2.7842227378190283,0.2400000000000002,67875806.0,7622285,0,8.65,9.12,8.62,8.62
600511,国药股份,28.89,0.03462603878116885,0.010000000000001563,44058904.0,1526000,0,28.87,28.94,28.8,28.88
600512,腾达建设,2.44,0.8264462809917362,0.020000000000000018,32982892.0,13525800,0,2.43,2.45,2.42,2.42
600513,联环药业,18.0,0.22271714922048524,0.03999999999999915,58010525.0,3225500,0,17.89,18.06,17.88,17.96
600515,海南机场,5.35,-1.4732965009208117,-0.08000000000000007,1654334377.0,303921891,0,5.55,5.56,5.33,5.43
600516,方大炭素,5.7,-0.8695652173913012,-0.04999999999999982,166934206.0,29374148,0,5.75,5.77,5.65,5.75
600517,国网英大,6.04,0.8347245409014995,0.04999999999999982,91021024.0,15086000,0,6.0,6.08,5.94,5.99
600518,康美药业,1.93,0.0,0.0,87546848.0,45420151,0,1.93,1.94,1.92,1.93
600519,贵州茅台,1409.22,0.593903918909268,8.319999999999936,1460694603.0,1038828,0,1405.0,1409.43,1401.38,1400.9
600520,三佳科技,25.39,0.5942947702060307,0.15000000000000213,40624025.0,1602301,0,25.27,25.48,25.2,25.24
600521,华海药业,17.25,-0.11580775911985858,-0.019999999999999574,97317548.0,5640900,0,17.27,17.47,17.15,17.27
600522,中天科技,18.62,-3.121748178980218,-0.5999999999999979,1517439685.0,81050209,0,19.22,19.22,18.56,19.22
600523,贵航股份,15.57,3.044341495698219,0.46000000000000085,129869817.0,8378062,0,15.13,15.65,15.09,15.11
600525,ST长园,3.8,2.7027027027026933,0.09999999999999964,91378461.0,24167600,0,3.7,3.85,3.7,3.7
600526,菲达环保,5.33,-0.3738317757009266,-0.019999999999999574,19362584.0,3633300,0,5.36,5.36,5.31,5.35
600527,江南高纤,2.17,0.46296296296295303,0.009999999999999787,41498484.0,19161739,0,2.15,2.19,2.14,2.16
600528,中铁工业,8.1,0.24752475247524225,0.019999999999999574,40099522.0,4965000,0,8.08,8.1,8.05,8.08
600529,山东药玻,20.21,0.0,0.0,27027049.0,1336800,0,20.21,20.26,20.14,20.21
600530,交大昂立,6.52,-0.6097560975609762,-0.040000000000000036,22578214.0,3470152,0,6.57,6.59,6.45,6.56
600531,豫光金铅,11.33,-2.8301886792452833,-0.33000000000000007,348944239.0,30738258,0,11.48,11.48,11.27,11.66
600533,栖霞建设,2.59,0.0,0.0,14502388.0,5608100,0,2.59,2.6,2.57,2.59
600535,天士力,15.25,0.13131976362442266,0.019999999999999574,30289852.0,1984000,0,15.24,15.3,15.18,15.23
600536,中国软件,45.15,0.11086474501108017,0.04999999999999716,174974975.0,3872702,0,45.0,45.32,44.95,45.1
600537,亿晶光电,3.88,-0.7672634271099807,-0.03000000000000025,108144524.0,28007987,0,3.91,3.91,3.83,3.91
600538,国发股份,6.35,2.584814216478178,0.15999999999999925,32692275.0,5241800,0,6.21,6.35,6.1,6.19
600539,狮头股份,10.12,-0.39370078740158393,-0.040000000000000924,10889433.0,1074200,0,10.25,10.25,10.09,10.16
600540,新赛股份,4.61,0.4357298474945635,0.020000000000000462,14254680.0,3099715,0,4.59,4.63,4.57,4.59
600543,莫高股份,5.49,-0.18181818181817794,-0.009999999999999787,19106864.0,3485800,0,5.49,5.54,5.44,5.5
600545,卓郎智能,2.56,-0.3891050583657505,-0.009999999999999787,16356849.0,6379400,0,2.56,2.58,2.55,2.57
600546,山煤国际,10.04,-0.9861932938856155,-0.10000000000000142,95535736.0,9486200,0,10.09,10.13,10.03,10.14
600547,山东黄金,38.86,-3.0439121756486998,-1.2199999999999989,942373448.0,24109266,0,39.31,39.5,38.7,40.08
600548,深高速,8.89,-0.33632286995514976,-0.02999999999999936,28163170.0,3160300,0,8.93,8.97,8.87,8.92
600549,厦门钨业,40.15,-2.144772117962473,-0.8800000000000026,1038328081.0,25746194,0,40.4,40.75,40.1,41.03
600550,保变电气,11.3,0.9830205540661413,0.11000000000000121,1242551230.0,109757558,0,11.14,11.56,11.0,11.19
600551,时代出版,8.3,0.2415458937198231,0.02000000000000135,17321958.0,2090401,0,8.29,8.32,8.26,8.28
600552,凯盛科技,11.42,-1.381692573402419,-0.16000000000000014,146990218.0,12819000,0,11.56,11.71,11.39,11.58
600556,天下秀,5.84,0.34364261168384147,0.019999999999999574,164653851.0,28225929,0,5.83,5.87,5.78,5.82
600557,康缘药业,14.34,0.27972027972027375,0.03999999999999915,31504973.0,2199500,0,14.34,14.36,14.26,14.3
600558,大西洋,6.13,2.3372287145242017,0.13999999999999968,156956485.0,25856702,0,5.96,6.14,5.95,5.99
600559,老白干酒,16.13,0.062034739454081944,0.00999999999999801,38920450.0,2413585,0,16.11,16.15,16.08,16.12
600560,金自天正,16.14,1.6372795969773284,0.2599999999999998,24711891.0,1544900,0,15.9,16.17,15.8,15.88
600561,江西长运,6.79,2.105263157894732,0.13999999999999968,78781815.0,11676800,0,6.67,6.94,6.58,6.65
600562,国睿科技,27.82,2.884615384615389,0.7800000000000011,295467144.0,10727281,0,26.99,28.12,26.91,27.04
600563,法拉电子,105.15,-0.4072741049441112,-0.4299999999999926,125795844.0,1193814,0,104.88,105.98,104.81,105.58
600566,济川药业,26.57,0.49167927382753024,0.129999999999999,50910287.0,1920600,0,26.48,26.68,26.38,26.44
600567,山鹰国际,1.78,2.2988505747126458,0.040000000000000036,348457432.0,198942649,0,1.72,1.78,1.71,1.74
600568,ST中珠,2.53,-0.39370078740158393,-0.010000000000000231,18328884.0,7217700,0,2.54,2.57,2.52,2.54
600569,安阳钢铁,2.29,0.4385964912280803,0.010000000000000231,23381167.0,10301098,0,2.28,2.3,2.25,2.28
600570,恒生电子,30.04,1.452212090509962,0.4299999999999997,805539258.0,26892454,0,29.65,30.17,29.6,29.61
600571,信雅达,15.44,1.578947368421054,0.2400000000000002,108640473.0,7054645,0,15.19,15.54,15.19,15.2
600572,康恩贝,4.54,0.0,0.0,44855908.0,9898700,0,4.54,4.55,4.51,4.54
600573,惠泉啤酒,12.72,-1.9275250578257515,-0.25,126459514.0,9884800,0,13.1,13.1,12.53,12.97
600575,淮河能源,3.57,0.0,0.0,35463459.0,9944580,0,3.57,3.58,3.56,3.57
600576,祥源文旅,5.95,0.5067567567567609,0.03000000000000025,76881436.0,12927326,0,5.95,6.05,5.88,5.92
600577,精达股份,12.21,10.000000000000012,1.1100000000000012,2211082332.0,185071837,0,11.2,12.21,11.12,11.1
600578,京能电力,5.26,-1.8656716417910546,-0.10000000000000053,194578826.0,36897440,0,5.27,5.33,5.22,5.36
600579,中化装备,8.33,2.966625463535231,0.2400000000000002,43996539.0,5345300,0,8.08,8.35,8.07,8.09
600580,卧龙电驱,45.64,3.9872408293460926,1.75,4563944721.0,101272691,0,43.99,45.88,43.95,43.89
600581,八一钢铁,3.39,1.4970059880239601,0.050000000000000266,42352060.0,12629562,0,3.35,3.4,3.31,3.34
600582,天地科技,5.79,-0.1724137931034446,-0.009999999999999787,50901501.0,8778300,0,5.79,5.82,5.78,5.8
600583,海油工程,5.49,-0.3629764065335676,-0.019999999999999574,54815949.0,9959200,0,5.52,5.53,5.48,5.51
600584,长电科技,37.08,-0.10775862068965288,-0.03999999999999915,618903164.0,16652017,0,37.16,37.4,36.94,37.12
600585,海螺水泥,22.4,0.3134796238244527,0.07000000000000028,175988865.0,7874089,0,22.3,22.43,22.26,22.33
600586,金晶科技,6.18,6.551724137931032,0.3799999999999999,354414517.0,58441547,0,5.8,6.3,5.74,5.8
600587,新华医疗,14.67,0.2734107997265834,0.03999999999999915,30331812.0,2067881,0,14.65,14.69,14.63,14.63
600588,用友网络,12.78,0.5507474429582887,0.06999999999999851,180152858.0,14153211,0,12.68,12.81,12.65,12.71
600589,大位科技,7.21,0.8391608391608336,0.05999999999999961,156392957.0,21758341,0,7.15,7.22,7.1,7.15
600590,泰豪科技,9.27,1.3114754098360568,0.11999999999999922,109255604.0,11864572,0,9.17,9.3,9.1,9.15
600592,龙溪股份,26.79,10.02053388090348,2.4399999999999977,986689903.0,37758602,0,24.5,26.79,24.5,24.35
600593,大连圣亚,41.42,1.3209393346379625,0.5399999999999991,125205892.0,3031000,0,40.99,41.87,40.56,40.88
600594,益佰制药,4.16,-0.23980815347721313,-0.009999999999999787,27781553.0,6696365,0,4.15,4.17,4.13,4.17
600595,中孚实业,7.96,-1.8495684340320526,-0.14999999999999947,297164207.0,37835095,0,8.01,8.02,7.75,8.11
600596,新安股份,11.48,1.7730496453900804,0.20000000000000107,183315593.0,16078503,0,11.2,11.63,11.13,11.28
600597,光明乳业,8.18,-0.3654080389768713,-0.030000000000001137,45392056.0,5546000,0,8.21,8.23,8.15,8.21
600598,北大荒,14.91,0.0,0.0,83286051.0,5586504,0,14.91,14.95,14.86,14.91
600599,*ST熊猫,9.91,-3.8797284190106724,-0.40000000000000036,62879559.0,6266100,0,10.1,10.3,9.9,10.31
600600,青岛啤酒,61.87,-0.032315398287288945,-0.020000000000003126,59977724.0,968337,0,61.96,62.1,61.83,61.89
600601,方正科技,12.27,-1.60384923817162,-0.20000000000000107,1154317812.0,93779495,0,12.45,12.47,12.21,12.47
600602,云赛智联,17.84,-0.16787912702854582,-0.030000000000001137,65015787.0,3637749,0,17.9,17.95,17.82,17.87
600603,广汇物流,6.68,0.7541478129713397,0.04999999999999982,63062854.0,9355094,0,6.69,6.81,6.66,6.63
600604,市北高新,5.52,-0.8976660682226338,-0.05000000000000071,57138237.0,10314400,0,5.54,5.63,5.49,5.57
600605,汇通能源,30.24,0.5653475224476161,0.16999999999999815,25670561.0,852240,0,29.94,30.48,29.87,30.07
600606,绿地控股,1.66,0.0,0.0,44794185.0,26927721,0,1.66,1.67,1.65,1.66
600608,*ST沪科,3.59,2.2792022792022815,0.08000000000000007,6526095.0,1826252,0,3.52,3.64,3.5,3.51
600609,金杯汽车,4.72,0.21231422505307404,0.009999999999999787,23597662.0,5014607,0,4.71,4.72,4.68,4.71
600610,中毅达,9.92,-0.1007049345417904,-0.009999999999999787,53725450.0,5421024,0,9.94,9.95,9.87,9.93
600611,大众交通,5.53,-0.18050541516245103,-0.009999999999999787,55511614.0,10033700,0,5.53,5.56,5.51,5.54
600612,老凤祥,44.6,-0.7565643079661689,-0.3399999999999963,43592896.0,976900,0,44.91,44.92,44.44,44.94
600613,神奇制药,6.22,-0.6389776357827481,-0.040000000000000036,19246256.0,3086100,0,6.26,6.28,6.21,6.26
600615,鑫源智造,11.21,0.26833631484795295,0.030000000000001137,8252488.0,738164,0,11.25,11.25,11.12,11.18
600616,金枫酒业,5.39,0.7476635514018699,0.040000000000000036,28807051.0,5375998,0,5.34,5.41,5.33,5.35
600617,国新能源,3.21,-0.31055900621118726,-0.010000000000000231,39817067.0,12420420,0,3.21,3.22,3.18,3.22
600618,氯碱化工,12.03,-0.8244023083264751,-0.10000000000000142,52200855.0,4349196,0,12.11,12.11,11.95,12.13
600619,海立股份,20.79,-1.094196003805901,-0.23000000000000043,304024245.0,14580288,0,20.85,20.98,20.72,21.02
600620,天宸股份,6.61,0.4559270516717363,0.03000000000000025,38373107.0,5832700,0,6.56,6.63,6.52,6.58
600621,华鑫股份,15.13,0.33156498673740525,0.05000000000000071,68810799.0,4546516,0,15.09,15.18,15.05,15.08
600622,光大嘉宝,2.9,0.34602076124566733,0.009999999999999787,47269152.0,16317100,0,2.9,2.92,2.88,2.89
600623,华谊集团,7.46,0.539083557951483,0.040000000000000036,43992444.0,5931896,0,7.41,7.48,7.37,7.42
600624,ST复华,5.31,0.0,0.0,16054077.0,3025300,0,5.32,5.35,5.28,5.31
600626,申达股份,4.59,0.87912087912088,0.040000000000000036,28233565.0,6206107,0,4.55,4.6,4.51,4.55
600628,新世界,8.56,0.5875440658049437,0.05000000000000071,251517591.0,29322800,0,8.45,8.72,8.42,8.51
600629,华建集团,18.7,0.10706638115631464,0.019999999999999574,182514674.0,9775244,0,18.67,18.8,18.57,18.68
600630,龙头股份,9.15,0.0,0.0,43313574.0,4740745,0,9.13,9.18,9.1,9.15
600633,浙数文化,12.85,0.46911649726349103,0.0600000000000005,81537144.0,6363122,0,12.8,12.88,12.73,12.79
600635,大众公用,6.52,1.2422360248447077,0.07999999999999918,353257648.0,54122945,0,6.48,6.59,6.44,6.44
600636,*ST国化,8.77,-0.22753128555175856,-0.019999999999999574,12639317.0,1446000,0,8.79,8.79,8.71,8.79
600637,东方明珠,9.4,-0.3181336161187631,-0.02999999999999936,168238340.0,17947076,0,9.38,9.46,9.35,9.43
600638,新黄浦,6.13,5.145797598627784,0.2999999999999998,70037216.0,11739900,0,5.86,6.14,5.83,5.83
600639,浦东金桥,10.24,0.19569471624265727,0.019999999999999574,15221499.0,1486920,0,10.22,10.26,10.2,10.22
600640,国脉文化,12.33,0.24390243902438505,0.02999999999999936,35200968.0,2861000,0,12.3,12.34,12.25,12.3
600641,先导基电,17.23,-0.9200690051753888,-0.16000000000000014,207859396.0,12069997,0,17.35,17.39,17.07,17.39
600642,申能股份,8.07,0.12406947890818594,0.009999999999999787,40663009.0,5039300,0,8.06,8.09,8.04,8.06
600643,爱建集团,5.45,1.1131725417439797,0.0600000000000005,41428206.0,7610100,0,5.39,5.48,5.37,5.39
600644,乐山电力,9.97,-0.10020040080160107,-0.009999999999999787,50922405.0,5104500,0,10.02,10.02,9.92,9.98
600645,中源协和,25.56,0.392772977219159,0.09999999999999787,81586461.0,3190063,0,25.5,25.72,25.31,25.46
600648,外高桥,10.05,-0.09940357852882492,-0.009999999999999787,8614575.0,857216,0,10.04,10.08,10.02,10.06
600649,城投控股,4.32,0.4651162790697782,0.020000000000000462,35466993.0,8201657,0,4.32,4.34,4.3,4.3
600650,锦江在线,15.67,0.19181585677748952,0.02999999999999936,97609119.0,6288100,0,15.58,15.69,15.4,15.64
600651,飞乐音响,7.22,-2.695417789757415,-0.20000000000000018,120007006.0,16558200,0,7.4,7.4,7.19,7.42
600653,申华控股,1.93,0.0,0.0,14240057.0,7362336,0,1.94,1.95,1.93,1.93
600654,中安科,3.7,-0.2695417789757355,-0.009999999999999787,71792191.0,19336500,0,3.72,3.74,3.7,3.71
600655,豫园股份,5.25,0.0,0.0,22759227.0,4324202,0,5.25,5.29,5.22,5.25
600657,信达地产,3.54,0.8547008547008619,0.03000000000000025,28784959.0,8113600,0,3.57,3.59,3.52,3.51
600658,电子城,5.52,-0.18083182640145887,-0.010000000000000675,52378339.0,9436615,0,5.59,5.62,5.5,5.53
600660,福耀玻璃,63.68,0.9511731135066605,0.6000000000000014,234192560.0,3688534,0,63.06,63.99,62.78,63.08
600661,昂立教育,10.16,0.0,0.0,14894684.0,1467700,0,10.16,10.2,10.11,10.16
600662,外服控股,5.1,0.3937007874015664,0.019999999999999574,20615941.0,4034667,0,5.08,5.13,5.08,5.08
600663,陆家嘴,7.93,0.0,0.0,14802939.0,1861700,0,7.94,7.98,7.93,7.93
600664,哈药股份,3.55,0.28248587570620864,0.009999999999999787,23843161.0,6721150,0,3.54,3.56,3.53,3.54
600665,天地源,3.26,0.0,0.0,19798332.0,6072776,0,3.27,3.28,3.24,3.26
600666,奥瑞德,3.29,-0.30303030303029654,-0.009999999999999787,57902147.0,17612985,0,3.3,3.3,3.27,3.3
600667,太极实业,8.19,-1.798561151079141,-0.15000000000000036,432049975.0,52449608,0,8.25,8.33,8.18,8.34
600668,尖峰集团,11.23,-0.17777777777777398,-0.019999999999999574,43753488.0,3886984,0,11.23,11.34,11.18,11.25
600671,天目药业,17.16,-0.058241118229479104,-0.010000000000001563,8110870.0,474100,0,17.19,17.24,17.0,17.17
600673,东阳光,22.97,-1.2467755803955403,-0.2900000000000027,612891327.0,26835948,0,23.26,23.3,22.65,23.26
600674,川投能源,14.24,0.07027406886858599,0.009999999999999787,66396361.0,4656314,0,14.23,14.29,14.2,14.23
600675,中华企业,2.74,-0.3636363636363559,-0.009999999999999787,19625158.0,7134229,0,2.75,2.76,2.74,2.75
600676,交运股份,5.83,2.460456942003509,0.13999999999999968,32225752.0,5571108,0,5.73,5.88,5.67,5.69
600678,四川金顶,13.27,2.7885360185902357,0.35999999999999943,600737228.0,45526848,0,13.06,13.45,12.83,12.91
600679,上海凤凰,13.85,-0.7879656160458539,-0.11000000000000121,66389293.0,4817400,0,13.98,14.01,13.67,13.96
600681,百川能源,4.19,2.1951219512195306,0.09000000000000075,148594229.0,35596552,0,4.09,4.22,4.08,4.1
600682,南京新百,8.46,1.9277108433734955,0.16000000000000014,239568668.0,28047300,0,8.44,8.65,8.44,8.3
600683,京投发展,4.32,0.0,0.0,131122983.0,29710300,0,4.56,4.67,4.32,4.32
600684,珠江股份,4.4,-0.4524886877827958,-0.019999999999999574,58663632.0,13274037,0,4.46,4.5,4.38,4.42
600685,中船防务,28.31,1.5423242467718785,0.4299999999999997,444396423.0,15696341,0,27.72,28.7,27.72,27.88
600686,金龙汽车,16.77,0.8418520745640444,0.14000000000000057,137181920.0,8224664,0,16.66,17.02,16.3,16.63
600688,上海石化,2.68,0.0,0.0,31088758.0,11591450,0,2.69,2.69,2.67,2.68
600689,上海三毛,13.47,0.07429420505200436,0.009999999999999787,12102823.0,899701,0,13.5,13.55,13.4,13.46
600690,海尔智家,26.87,0.11177347242921436,0.030000000000001137,266747855.0,9939300,0,26.8,26.92,26.75,26.84
600691,潞化科技,2.86,0.3508771929824486,0.009999999999999787,17608745.0,6164392,0,2.86,2.88,2.83,2.85
600692,亚通股份,7.42,-0.13458950201883968,-0.009999999999999787,24227617.0,3263910,0,7.48,7.48,7.38,7.43
600693,东百集团,22.15,3.2634032634032604,0.6999999999999993,3052764309.0,137213247,0,21.45,22.88,21.4,21.45
600694,大商股份,18.43,-0.21656740660530133,-0.03999999999999915,73597151.0,3989385,0,18.51,18.6,18.35,18.47
600696,*ST岩石,3.46,0.5813953488372098,0.020000000000000018,13342872.0,3863400,0,3.43,3.51,3.4,3.44
600697,欧亚集团,13.92,-1.2065294535131295,-0.16999999999999993,135808645.0,9694750,0,13.93,14.25,13.83,14.09
600698,湖南天雁,9.03,0.1108647450110841,0.009999999999999787,42640636.0,4727600,0,9.02,9.06,8.96,9.02
600699,均胜电子,30.34,3.408316291751875,1.0,1870107321.0,63191987,0,29.02,30.49,28.6,29.34
600702,舍得酒业,57.61,0.24360535931790597,0.14000000000000057,141426100.0,2456000,0,57.45,57.82,57.34,57.47
600703,三安光电,13.73,1.8545994065281897,0.25,649635871.0,47827073,0,13.48,13.8,13.38,13.48
600704,物产中大,5.58,-0.35714285714284955,-0.019999999999999574,151440839.0,27070447,0,5.61,5.63,5.57,5.6
600705,中航产融,3.47,0.0,0.0,0.0,0,0,0.0,0.0,0.0,3.47
600706,曲江文旅,10.91,2.6340545625587897,0.27999999999999936,241690422.0,22473957,0,10.6,11.08,10.51,10.63
600707,彩虹股份,6.3,-0.6309148264984233,-0.040000000000000036,154441211.0,24638200,0,6.3,6.34,6.23,6.34
600708,光明地产,3.19,0.9493670886075887,0.029999999999999805,31131455.0,9768000,0,3.17,3.22,3.15,3.16
600710,苏美达,10.83,0.0,0.0,32194551.0,2978200,0,10.81,10.86,10.78,10.83
600711,盛屯矿业,14.33,-1.3764624913971046,-0.1999999999999993,892036129.0,62811371,0,14.2,14.45,14.01,14.53
600712,南宁百货,7.26,-2.550335570469804,-0.1900000000000004,246572012.0,33357225,0,7.39,7.57,7.21,7.45
600713,南京医药,5.33,-0.18726591760299227,-0.009999999999999787,51415953.0,9630540,0,5.34,5.37,5.3,5.34
600714,金瑞矿业,12.33,-1.6746411483253516,-0.20999999999999908,44884893.0,3643500,0,12.5,12.5,12.2,12.54
600715,文投控股,2.24,0.448430493273553,0.010000000000000231,22720924.0,10150900,0,2.23,2.25,2.23,2.23
600716,凤凰股份,3.8,0.795755968169756,0.029999999999999805,15615341.0,4111500,0,3.78,3.84,3.77,3.77
600717,天津港,4.57,1.1061946902655024,0.05000000000000071,37384221.0,8201016,0,4.54,4.58,4.54,4.52
600718,东软集团,9.88,-0.40322580645160433,-0.03999999999999915,62721770.0,6342103,0,9.94,9.94,9.86,9.92
600719,大连热电,5.99,3.0981067125645545,0.1800000000000006,50647786.0,8548508,0,5.81,6.0,5.8,5.81
600720,中交设计,7.37,-0.13550135501354726,-0.009999999999999787,15381742.0,2086400,0,7.38,7.4,7.36,7.38
600721,百花医药,11.25,3.6866359447004644,0.40000000000000036,265568735.0,23655394,0,10.76,11.52,10.75,10.85
600722,金牛化工,6.02,1.5177065767284967,0.08999999999999986,41584072.0,6969930,0,5.93,6.05,5.88,5.93
600724,宁波富达,5.76,1.2302284710017468,0.0699999999999994,39734336.0,6915700,0,5.68,5.8,5.63,5.69
600725,云维股份,4.11,1.4814814814814938,0.0600000000000005,63091693.0,15588780,0,4.05,4.12,4.01,4.05
600726,华电能源,2.49,0.40322580645162226,0.010000000000000231,19114133.0,7688296,0,2.47,2.5,2.46,2.48
600727,鲁北化工,6.9,0.5830903790087468,0.040000000000000036,11273164.0,1640700,0,6.84,6.9,6.83,6.86
600728,佳都科技,6.42,1.4218009478672962,0.08999999999999986,127908124.0,20068980,0,6.34,6.43,6.3,6.33
600729,重庆百货,26.88,0.0744601638123588,0.019999999999999574,131829783.0,4878951,0,26.81,27.25,26.78,26.86
600730,中国高科,11.98,1.6977928692699582,0.20000000000000107,604492993.0,51191639,0,11.5,12.0,11.41,11.78
600731,湖南海利,6.93,0.4347826086956429,0.02999999999999936,14313518.0,2073100,0,6.88,6.94,6.88,6.9
600732,爱旭股份,13.19,-0.30234315948602364,-0.040000000000000924,136473803.0,10337810,0,13.16,13.35,13.09,13.23
600733,北汽蓝谷,7.97,-2.5672371638141804,-0.20999999999999996,793126855.0,98715840,0,8.11,8.15,7.97,8.18
600734,实达集团,4.94,0.40650406504065983,0.020000000000000462,695722623.0,140566943,0,4.89,5.02,4.87,4.92
600735,ST新华锦,5.04,5.000000000000004,0.2400000000000002,37123484.0,7450100,0,4.84,5.04,4.82,4.8
600736,苏州高新,5.93,0.16891891891891533,0.009999999999999787,73676783.0,12464816,0,5.93,5.95,5.76,5.92
600737,中粮糖业,17.28,0.11587485515642858,0.019999999999999574,244665844.0,14170330,0,17.27,17.36,17.15,17.26
600738,丽尚国潮,5.36,-0.3717472118959029,-0.019999999999999574,57485106.0,10671200,0,5.38,5.45,5.34,5.38
600739,辽宁成大,11.55,0.609756097560978,0.07000000000000028,62793559.0,5440000,0,11.48,11.59,11.44,11.48
600740,山西焦化,3.82,0.0,0.0,20702095.0,5432291,0,3.81,3.83,3.79,3.82
600741,华域汽车,19.98,-0.49800796812747944,-0.09999999999999787,62981774.0,3142857,0,20.06,20.13,19.97,20.08
600742,富维股份,10.06,0.4995004995005066,0.05000000000000071,22502215.0,2240931,0,10.04,10.07,10.0,10.01
600743,华远控股,2.0,0.0,0.0,13890259.0,6906700,0,2.01,2.04,2.0,2.0
600744,华银电力,6.03,0.16611295681064245,0.010000000000000675,51616421.0,8581189,0,6.02,6.04,6.0,6.02
600745,闻泰科技,37.87,-0.9157509157509194,-0.3500000000000014,655415890.0,17273784,0,38.15,38.15,37.8,38.22
600746,江苏索普,6.91,1.1713030746705722,0.08000000000000007,16069704.0,2342900,0,6.82,6.94,6.78,6.83
600748,上实发展,5.31,0.18867924528301486,0.009999999999999787,37526428.0,7056521,0,5.3,5.36,5.27,5.3
600749,西藏旅游,16.99,0.5920663114268672,0.09999999999999787,50156208.0,2969600,0,16.95,17.09,16.7,16.89
600750,江中药业,23.98,-2.3217922606924657,-0.5700000000000003,101981147.0,4210442,0,24.59,24.65,23.97,24.55
600751,海航科技,3.84,-1.0309278350515474,-0.040000000000000036,70099170.0,18244500,0,3.88,3.88,3.82,3.88
600753,*ST海钦,8.1,-0.12330456226880132,-0.009999999999999787,8119920.0,1000068,0,8.11,8.15,8.08,8.11
600754,锦江酒店,25.0,0.20040080160320925,0.05000000000000071,64836095.0,2607219,0,24.91,25.14,24.64,24.95
600755,厦门国贸,7.67,6.38002773925104,0.45999999999999996,2223569504.0,288687117,0,7.73,7.93,7.36,7.21
600756,浪潮软件,17.53,0.4584527220630479,0.08000000000000185,146954825.0,8373500,0,17.4,17.67,17.37,17.45
600757,长江传媒,8.89,0.5656108597285149,0.05000000000000071,36818184.0,4153900,0,8.85,8.91,8.82,8.84
600758,辽宁能源,3.77,-0.5277044854881272,-0.020000000000000018,22028932.0,5838900,0,3.79,3.79,3.76,3.79
600759,洲际油气,2.77,-2.1201413427561855,-0.06000000000000005,404207611.0,145024673,0,2.83,2.86,2.75,2.83
600760,中航沈飞,56.67,1.8328840970350462,1.0200000000000031,1278408174.0,22576783,0,55.59,57.09,55.33,55.65
600761,安徽合力,22.46,5.0514499532273245,1.0800000000000018,1963514055.0,86060594,0,22.8,23.52,22.13,21.38
600763,通策医疗,40.73,-0.7069722086787085,-0.29000000000000625,65120721.0,1594371,0,40.99,41.1,40.73,41.02
600764,中国海防,27.16,1.6086793864571631,0.4299999999999997,198060749.0,7302622,0,26.6,27.33,26.6,26.73
600765,中航重机,18.45,4.889141557703238,0.8599999999999994,1211461643.0,66311022,0,17.55,18.88,17.52,17.59
600768,宁波富邦,13.31,0.07518796992481042,0.009999999999999787,19716374.0,1477500,0,13.35,13.49,13.22,13.3
600769,祥龙电业,12.16,0.7456503728251852,0.08999999999999986,38512727.0,3182700,0,12.25,12.25,11.98,12.07
600770,综艺股份,5.2,0.5802707930367553,0.03000000000000025,36638579.0,7046752,0,5.17,5.23,5.14,5.17
600771,广誉远,18.43,-0.05422993492408656,-0.010000000000001563,27638461.0,1502818,0,18.4,18.45,18.32,18.44
600773,西藏城投,12.29,-2.071713147410371,-0.26000000000000156,113971620.0,9299790,0,12.35,12.45,12.16,12.55
600774,汉商集团,9.41,0.0,0.0,16000319.0,1698001,0,9.45,9.5,9.37,9.41
600775,南京熊猫,12.11,0.4979253112033089,0.05999999999999872,883077740.0,73430532,0,11.92,12.24,11.8,12.05
600776,东方通信,15.66,3.2981530343007917,0.5,655592259.0,41707936,0,15.13,16.1,15.05,15.16
600777,*ST新潮,3.9,0.0,0.0,18864201.0,4846400,0,3.92,3.93,3.87,3.9
600778,友好集团,7.22,-1.902173913043486,-0.14000000000000057,104157213.0,14325756,0,7.23,7.39,7.19,7.36
600779,水井坊,36.34,0.4422332780541838,0.1600000000000037,48614471.0,1338535,0,36.15,36.42,36.04,36.18
600780,通宝能源,5.76,0.0,0.0,12248293.0,2124515,0,5.76,5.78,5.74,5.76
600782,新钢股份,3.85,1.3157894736842175,0.050000000000000266,126491264.0,33259800,0,3.79,3.86,3.75,3.8
600783,鲁信创投,19.18,9.977064220183477,1.7399999999999984,940230095.0,50405363,0,19.17,19.18,17.86,17.44
600784,鲁银投资,6.86,1.0309278350515505,0.07000000000000028,46874599.0,6858100,0,6.79,6.88,6.74,6.79
600785,新华百货,14.03,-0.49645390070922185,-0.07000000000000028,69652098.0,4938200,0,14.05,14.29,13.97,14.1
600787,中储股份,5.75,1.054481546572928,0.05999999999999961,71063833.0,12370600,0,5.7,5.77,5.7,5.69
600789,鲁抗医药,9.23,0.6543075245365376,0.0600000000000005,84286745.0,9160379,0,9.18,9.29,9.15,9.17
600790,轻纺城,3.9,1.0362694300518145,0.040000000000000036,21825318.0,5605981,0,3.87,3.91,3.87,3.86
600791,京能置业,4.84,1.4675052410901528,0.07000000000000028,41004563.0,8488400,0,4.97,4.99,4.75,4.77
600792,云煤能源,3.99,-0.24999999999999467,-0.009999999999999787,26836337.0,6745300,0,3.99,4.0,3.95,4.0
600793,宜宾纸业,23.41,10.009398496240596,2.129999999999999,252843104.0,11223910,0,21.28,23.41,21.23,21.28
600794,保税科技,3.88,1.5706806282722525,0.06000000000000005,90320987.0,23058825,0,3.82,4.03,3.82,3.82
600795,国电电力,5.96,0.5059021922428373,0.03000000000000025,589590945.0,98449878,0,5.94,6.04,5.9,5.93
600796,钱江生化,6.3,0.158982511923685,0.009999999999999787,19776106.0,3152800,0,6.29,6.32,6.21,6.29
600797,浙大网新,9.68,0.20703933747411568,0.019999999999999574,99361749.0,10280224,0,9.66,9.71,9.62,9.66
600798,宁波海运,3.6,0.8403361344537886,0.03000000000000025,43774749.0,12146975,0,3.58,3.63,3.58,3.57
600800,渤海化学,3.66,-1.8766756032171539,-0.06999999999999984,240116816.0,65564855,0,3.66,3.71,3.63,3.73
600801,华新建材,24.15,0.24906600249065472,0.05999999999999872,128125211.0,5350300,0,24.21,24.27,23.44,24.09
600802,福建水泥,7.12,-0.8356545961002733,-0.05999999999999961,123240922.0,17234980,0,7.14,7.33,7.08,7.18
600803,新奥股份,20.95,0.9152215799614533,0.18999999999999773,58179926.0,2781400,0,20.76,21.0,20.7,20.76
600804,退市鹏博,0.14,0.0,0.0,0.0,0,0,0.0,0.0,0.0,0.14
600805,悦达投资,5.56,0.0,0.0,23202216.0,4171860,0,5.54,5.59,5.54,5.56
600807,济高发展,3.31,1.5337423312883518,0.050000000000000266,119073988.0,36474906,0,3.25,3.33,3.21,3.26
600808,马钢股份,4.21,-0.4728132387706964,-0.020000000000000462,201064056.0,48043024,0,4.25,4.26,4.13,4.23
600809,山西汾酒,176.8,0.6833712984054767,1.200000000000017,321116780.0,1816400,0,175.95,177.39,175.95,175.6
600810,神马股份,8.58,0.8225616921269129,0.07000000000000028,67993327.0,7959774,0,8.51,8.6,8.47,8.51
600811,*ST东方,0.36,0.0,0.0,0.0,0,0,0.0,0.0,0.0,0.36
600812,华北制药,5.63,0.0,0.0,20004523.0,3565708,0,5.61,5.63,5.59,5.63
600814,杭州解百,8.64,1.766784452296824,0.15000000000000036,291125482.0,33351316,0,8.44,9.07,8.42,8.49
600815,厦工股份,3.72,-0.5347593582887704,-0.020000000000000018,211736134.0,56863001,0,3.7,3.82,3.67,3.74
600816,建元信托,2.87,-0.3472222222222148,-0.009999999999999787,47894767.0,16648901,0,2.87,2.89,2.86,2.88
600817,宇通重工,11.3,0.533807829181499,0.0600000000000005,9069186.0,804500,0,11.26,11.33,11.23,11.24
600818,中路股份,9.85,0.30549898167005457,0.02999999999999936,17735368.0,1807999,0,9.82,9.87,9.77,9.82
600819,耀皮玻璃,8.51,1.3095238095238027,0.10999999999999943,78374049.0,9262300,0,8.41,8.58,8.3,8.4
600820,隧道股份,6.58,0.45801526717557633,0.03000000000000025,87291290.0,13283613,0,6.55,6.6,6.53,6.55
600821,金开新能,5.19,-0.1923076923076882,-0.009999999999999787,32490282.0,6257630,0,5.2,5.21,5.18,5.2
600822,上海物贸,11.08,0.9107468123861534,0.09999999999999964,35513207.0,3217400,0,11.0,11.13,10.95,10.98
600824,益民集团,5.16,10.021321961620464,0.46999999999999975,286082511.0,56545881,0,4.75,5.16,4.69,4.69
600825,新华传媒,6.18,0.32467532467531773,0.019999999999999574,14438065.0,2336601,0,6.16,6.21,6.14,6.16
600826,兰生股份,10.76,0.27958993476234256,0.02999999999999936,25093644.0,2333159,0,10.68,10.81,10.68,10.73
600827,百联股份,9.38,0.42826552462527756,0.040000000000000924,76433455.0,8134415,0,9.35,9.46,9.33,9.34
600828,茂业商业,5.89,-1.8333333333333386,-0.11000000000000032,218606477.0,36828292,0,6.0,6.09,5.81,6.0
600829,人民同泰,11.53,-1.9557823129251737,-0.23000000000000043,127171230.0,10949014,0,11.75,11.79,11.53,11.76
600830,香溢融通,9.65,1.6859852476290849,0.16000000000000014,81129547.0,8373970,0,9.54,9.83,9.52,9.49
600831,广电网络,4.29,-0.46403712296982774,-0.019999999999999574,25610212.0,6000306,0,4.3,4.31,4.24,4.31
600833,第一医药,13.29,0.30188679245282374,0.03999999999999915,21923432.0,1651300,0,13.26,13.35,13.19,13.25
600834,申通地铁,8.36,0.60168471720817,0.049999999999998934,8145105.0,976200,0,8.28,8.38,8.28,8.31
600835,上海机电,27.27,1.3377926421404662,0.35999999999999943,156558372.0,5756376,0,26.91,27.38,26.81,26.91
600838,上海九百,11.04,-3.157894736842116,-0.3600000000000012,655469778.0,57983618,0,11.3,11.79,10.85,11.4
600839,四川长虹,9.05,-0.5494505494505377,-0.049999999999998934,263548842.0,29111138,0,9.1,9.1,9.03,9.1
600841,动力新科,6.13,0.0,0.0,22442617.0,3667700,0,6.13,6.16,6.09,6.13
600843,上工申贝,11.97,2.658662092624361,0.3100000000000005,206697865.0,17467886,0,11.66,12.01,11.59,11.66
600844,金煤科技,2.94,-0.33898305084746544,-0.010000000000000231,23338439.0,7915700,0,2.96,2.98,2.92,2.95
600845,宝信软件,20.23,0.797209765819632,0.16000000000000014,82643645.0,4095310,0,20.1,20.25,20.05,20.07
600846,同济科技,13.59,-1.5217391304347887,-0.21000000000000085,45974512.0,3366706,0,13.8,13.8,13.58,13.8
600847,万里股份,11.64,-0.2570694087403544,-0.02999999999999936,12566176.0,1079100,0,11.67,11.77,11.55,11.67
600848,上海临港,11.96,3.103448275862079,0.3600000000000012,235612625.0,19657784,0,11.65,12.24,11.61,11.6
600850,电科数字,28.83,2.817403708987158,0.7899999999999991,228434140.0,7946597,0,28.21,29.08,28.11,28.04
600851,海欣股份,7.09,-0.5610098176718098,-0.040000000000000036,19086915.0,2689101,0,7.08,7.15,7.07,7.13
600853,龙建股份,4.27,-0.23364485981309988,-0.010000000000000675,39295728.0,9208732,0,4.28,4.29,4.24,4.28
600854,春兰股份,5.04,0.8000000000000007,0.040000000000000036,18335637.0,3656400,0,5.02,5.06,4.97,5.0
600855,航天长峰,19.42,5.486148832156445,1.0100000000000016,783616221.0,40635972,0,18.12,20.03,18.12,18.41
600857,宁波中百,14.16,-1.1863224005582689,-0.16999999999999993,63815547.0,4491496,0,14.38,14.45,14.06,14.33
600858,银座股份,6.95,-1.8361581920903938,-0.1299999999999999,329541804.0,46635910,0,7.03,7.35,6.84,7.08
600859,王府井,15.17,-0.5245901639344267,-0.08000000000000007,415044703.0,27309772,0,15.2,15.36,15.07,15.25
600860,京城股份,12.59,6.065711878685768,0.7200000000000006,190809152.0,15441843,0,12.0,12.64,12.0,11.87
600861,北京人力,18.07,0.6124721603563443,0.10999999999999943,15937500.0,884700,0,18.0,18.11,17.9,17.96
600862,中航高科,22.67,2.579185520361992,0.5700000000000003,613410546.0,27259236,0,22.1,22.83,22.0,22.1
600863,内蒙华电,4.77,0.6329113924050498,0.02999999999999936,114386130.0,23961134,0,4.74,4.8,4.73,4.74
600864,哈投股份,6.8,0.5917159763313614,0.040000000000000036,102619590.0,15086489,0,6.76,6.83,6.75,6.76
600865,百大集团,21.56,9.2752154080081,1.8299999999999983,1287902768.0,60595639,0,20.9,21.7,20.2,19.73
600866,星湖科技,6.9,0.2906976744186114,0.020000000000000462,66499775.0,9669472,0,6.85,6.91,6.85,6.88
600867,通化东宝,8.29,-0.4801920768307434,-0.040000000000000924,69245915.0,8353409,0,8.33,8.35,8.26,8.33
600868,梅雁吉祥,3.43,-3.9215686274509713,-0.13999999999999968,364659336.0,105478044,0,3.54,3.57,3.39,3.57
600869,远东股份,8.03,2.1628498727735246,0.16999999999999904,305493588.0,38445600,0,7.91,8.08,7.81,7.86
600871,石化油服,2.14,-0.46511627906975755,-0.009999999999999787,90688346.0,42236900,0,2.15,2.16,2.13,2.15
600872,中炬高新,17.19,-0.05813953488370936,-0.00999999999999801,27463411.0,1596700,0,17.22,17.24,17.17,17.2
600873,梅花生物,10.27,0.48923679060664316,0.049999999999998934,109031600.0,10639900,0,10.24,10.28,10.2,10.22
600874,创业环保,6.03,0.33277870216306926,0.020000000000000462,30512681.0,5071400,0,6.0,6.04,5.99,6.01
600875,东方电气,25.62,4.1463414634146325,1.0199999999999996,1637960118.0,64446740,0,24.6,25.94,24.6,24.6
600876,凯盛新能,10.12,0.39682539682538837,0.03999999999999915,39205000.0,3911600,0,10.01,10.13,9.93,10.08
600877,电科芯片,16.28,1.3067828251400178,0.21000000000000085,578857920.0,35837481,0,15.99,16.38,15.88,16.07
600879,航天电子,18.36,8.510638297872326,1.4399999999999977,8764535196.0,490011997,0,16.71,18.61,16.61,16.92
600880,博瑞传播,4.89,-0.6097560975609807,-0.03000000000000025,28225138.0,5759281,0,4.91,4.92,4.88,4.92
600881,亚泰集团,1.9,0.5291005291005296,0.010000000000000009,25120592.0,13294550,0,1.9,1.91,1.88,1.89
600882,妙可蓝多,27.33,-0.32822757111598616,-0.09000000000000341,97080536.0,3555056,0,27.3,27.55,27.14,27.42
600883,博闻科技,8.13,0.49443757725588283,0.040000000000000924,11758162.0,1449100,0,8.1,8.15,8.06,8.09
600884,杉杉股份,13.47,-1.6788321167883116,-0.22999999999999865,381866057.0,28276486,0,13.65,13.68,13.4,13.7
600885,宏发股份,31.04,2.206124464932493,0.6699999999999982,260372401.0,8474728,0,30.34,31.15,30.18,30.37
600886,国投电力,13.41,-0.5930318754633066,-0.08000000000000007,141548331.0,10499640,0,13.46,13.55,13.41,13.49
600887,伊利股份,29.1,0.761772853185604,0.22000000000000242,530051309.0,18217132,0,28.9,29.3,28.83,28.88
600888,新疆众和,7.94,-0.5012531328320806,-0.040000000000000036,63707157.0,8059516,0,7.94,7.96,7.86,7.98
600889,南京化纤,15.9,-0.4383218534752679,-0.07000000000000028,49528692.0,3131500,0,15.96,15.96,15.72,15.97
600892,*ST大晟,3.61,4.941860465116276,0.16999999999999993,45077155.0,12840800,0,3.38,3.61,3.37,3.44
600893,航发动力,41.1,5.845995364408971,2.270000000000003,1732528010.0,43089746,0,38.91,41.26,38.72,38.83
600894,广日股份,9.22,0.2173913043478408,0.02000000000000135,13614369.0,1476200,0,9.21,9.27,9.2,9.2
600895,张江高科,40.03,-1.233654083395016,-0.5,932070325.0,23227344,0,40.35,40.48,39.78,40.53
600897,厦门空港,18.18,-0.7641921397379944,-0.14000000000000057,197656978.0,10804391,0,18.31,18.66,18.03,18.32
600900,长江电力,27.62,-0.07235890014471626,-0.019999999999999574,404553605.0,14643186,0,27.63,27.68,27.57,27.64
600901,江苏金租,6.18,1.4778325123152687,0.08999999999999986,105638535.0,17042405,0,6.09,6.27,6.08,6.09
600903,贵州燃气,6.72,0.0,0.0,16407247.0,2445746,0,6.72,6.72,6.7,6.72
600905,三峡能源,4.13,-0.24154589371980165,-0.009999999999999787,94200767.0,22802740,0,4.14,4.14,4.12,4.14
600906,财达证券,6.87,0.4385964912280738,0.03000000000000025,72446753.0,10542436,0,6.84,6.9,6.82,6.84
600908,无锡银行,5.99,0.5033557046979908,0.03000000000000025,31922493.0,5328200,0,5.95,6.03,5.94,5.96
600909,华安证券,6.68,1.5197568389057698,0.09999999999999964,269498871.0,40465807,0,6.57,6.72,6.55,6.58
600916,中国黄金,8.06,-0.49382716049381664,-0.03999999999999915,63738408.0,7904800,0,8.09,8.1,8.05,8.1
600917,重庆燃气,5.55,0.0,0.0,15070370.0,2712100,0,5.56,5.57,5.54,5.55
600918,中泰证券,6.64,0.4538577912254063,0.02999999999999936,66157212.0,9978100,0,6.6,6.66,6.59,6.61
600919,江苏银行,10.35,0.29069767441859845,0.02999999999999936,591388696.0,56988866,0,10.32,10.43,10.29,10.32
600925,苏能股份,4.58,0.0,0.0,12230290.0,2670336,0,4.58,4.59,4.56,4.58
600926,杭州银行,15.37,0.3263707571801497,0.049999999999998934,340875543.0,22119337,0,15.35,15.5,15.25,15.32
600927,永安期货,15.43,-0.06476683937823696,-0.009999999999999787,73381472.0,4733300,0,15.44,15.6,15.36,15.44
600928,西安银行,3.76,0.266666666666661,0.009999999999999787,30542981.0,8119000,0,3.75,3.78,3.74,3.75
600929,雪天盐业,5.74,-0.5199306759098676,-0.02999999999999936,22589758.0,3926000,0,5.77,5.8,5.74,5.77
600933,爱柯迪,19.17,1.1609498680738914,0.22000000000000242,200344968.0,10501900,0,18.95,19.31,18.89,18.95
600935,华塑股份,2.48,0.40485829959513303,0.009999999999999787,12748454.0,5164600,0,2.47,2.48,2.46,2.47
600936,广西广电,4.26,-2.517162471395888,-0.11000000000000032,212424706.0,49266036,0,4.45,4.48,4.24,4.37
600938,中国海油,28.27,0.5691924581999294,0.16000000000000014,364541181.0,12910685,0,28.12,28.31,28.03,28.11
600939,重庆建工,3.37,1.5060240963855502,0.050000000000000266,184039784.0,53852000,0,3.44,3.6,3.34,3.32
600941,中国移动,100.55,-0.9554767533490928,-0.9699999999999989,883468354.0,8755200,0,101.4,101.47,100.52,101.52
600955,维远股份,14.95,-0.3333333333333381,-0.05000000000000071,18115141.0,1212900,0,15.12,15.12,14.83,15.0
600956,新天绿能,7.39,0.40760869565216523,0.02999999999999936,14967126.0,2027763,0,7.36,7.4,7.35,7.36
600958,东方证券,10.8,0.46511627906977404,0.05000000000000071,347918204.0,32181972,0,10.74,10.86,10.7,10.75
600959,江苏有线,3.39,0.0,0.0,24138349.0,7116990,0,3.39,3.4,3.38,3.39
600960,渤海汽车,5.62,4.267161410018561,0.23000000000000043,221583066.0,39734536,0,5.36,5.81,5.3,5.39
600961,株冶集团,15.97,-3.035822707953845,-0.4999999999999982,218319380.0,13660805,0,16.2,16.22,15.89,16.47
600962,国投中鲁,23.47,0.17072129748185721,0.03999999999999915,326032154.0,13742688,0,25.12,25.22,22.8,23.43
600963,岳阳林纸,4.63,0.6521739130434837,0.03000000000000025,133110499.0,29013826,0,4.61,4.67,4.51,4.6
600965,福成股份,5.73,2.1390374331550817,0.1200000000000001,60980168.0,10665450,0,5.64,5.84,5.63,5.61
600966,博汇纸业,6.81,10.016155088852976,0.6199999999999992,259450279.0,39430373,0,6.26,6.81,6.24,6.19
600967,内蒙一机,16.4,0.5518087063151432,0.08999999999999986,196840169.0,12000800,0,16.3,16.45,16.27,16.31
600968,海油发展,3.83,-0.26041666666666113,-0.009999999999999787,78270045.0,20377500,0,3.85,3.86,3.82,3.84
600969,郴电国际,9.66,0.7299270072992731,0.07000000000000028,65987942.0,6880010,0,9.63,9.72,9.5,9.59
600970,中材国际,10.31,-1.9029495718363396,-0.1999999999999993,119485578.0,11499702,0,10.48,10.55,10.31,10.51
600971,恒源煤电,6.26,-0.3184713375796252,-0.020000000000000462,15404079.0,2454967,0,6.29,6.3,6.25,6.28
600973,宝胜股份,6.88,1.9259259259259243,0.1299999999999999,553102140.0,81377960,0,6.69,6.94,6.67,6.75
600975,新五丰,5.84,0.0,0.0,24504197.0,4195500,0,5.85,5.86,5.82,5.84
600976,健民集团,35.38,-0.1411233418007258,-0.04999999999999716,10920446.0,308600,0,35.5,35.54,35.29,35.43
600977,中国电影,15.22,-0.846905537459277,-0.129999999999999,294947936.0,19437338,0,15.18,15.33,15.08,15.35
600979,广安爱众,4.46,0.22471910112359073,0.009999999999999787,27075199.0,6087890,0,4.45,4.47,4.43,4.45
600980,北矿科技,22.73,0.44189129474149985,0.10000000000000142,30055733.0,1334700,0,22.61,22.73,22.37,22.63
600981,苏豪汇鸿,3.29,-0.9036144578313196,-0.029999999999999805,73481050.0,22252305,0,3.32,3.36,3.27,3.32
600982,宁波能源,4.44,0.0,0.0,17708184.0,3992100,0,4.43,4.45,4.42,4.44
600983,惠而浦,9.62,-0.3108808290155558,-0.030000000000001137,5983122.0,619601,0,9.68,9.69,9.62,9.65
600984,建设机械,4.16,1.4634146341463536,0.0600000000000005,87164283.0,20793295,0,4.1,4.27,4.07,4.1
600985,淮北矿业,11.16,-0.5347593582887744,-0.0600000000000005,62584535.0,5600400,0,11.2,11.21,11.14,11.22
600986,浙文互联,7.53,1.2096774193548367,0.08999999999999986,147500953.0,19591150,0,7.57,7.61,7.47,7.44
600987,航民股份,7.08,0.4255319148936206,0.03000000000000025,15198796.0,2156390,0,7.04,7.08,7.03,7.05
600988,赤峰黄金,31.66,-2.972724486668717,-0.9700000000000024,690521429.0,21673400,0,32.07,32.2,31.65,32.63
600989,宝丰能源,18.7,0.16068559185858372,0.029999999999997584,230822645.0,12353194,0,18.7,18.79,18.58,18.67
600990,四创电子,34.46,5.22137404580153,1.7100000000000009,1264426576.0,36367037,0,33.73,35.8,33.73,32.75
600992,贵绳股份,13.09,0.6149116064565724,0.08000000000000007,23349795.0,1789200,0,12.98,13.13,12.98,13.01
600993,马应龙,28.77,0.2788428023701579,0.0799999999999983,56572631.0,1966700,0,28.7,28.89,28.54,28.69
600995,南网储能,12.81,0.23474178403756757,0.030000000000001137,53513951.0,4182732,0,12.78,12.84,12.71,12.78
600996,贵广网络,11.09,4.033771106941836,0.4299999999999997,228265012.0,20677532,0,10.66,11.26,10.62,10.66
600997,开滦股份,5.79,-0.1724137931034446,-0.009999999999999787,17341882.0,2996300,0,5.8,5.82,5.76,5.8
600998,九州通,5.1,-0.390625000000009,-0.020000000000000462,49577481.0,9699534,0,5.12,5.13,5.1,5.12
600999,招商证券,16.79,0.5991611743558889,0.09999999999999787,332358998.0,19800631,0,16.71,16.84,16.68,16.69
601000,唐山港,3.88,0.5181347150259072,0.020000000000000018,98672214.0,25390400,0,3.86,3.9,3.86,3.86
601001,晋控煤业,13.23,-1.26865671641791,-0.16999999999999993,141533158.0,10693930,0,13.38,13.38,13.2,13.4
601002,晋亿实业,5.33,1.5238095238095253,0.08000000000000007,53510868.0,10173229,0,5.24,5.35,5.17,5.25
601003,柳钢股份,5.03,0.8016032064128262,0.040000000000000036,27436930.0,5488300,0,5.01,5.04,4.96,4.99
601005,重庆钢铁,1.48,0.680272108843538,0.010000000000000009,45999508.0,31313600,0,1.47,1.48,1.46,1.47
601006,大秦铁路,5.31,0.37807183364838515,0.019999999999999574,201879269.0,38034200,0,5.29,5.32,5.29,5.29
601007,金陵饭店,7.88,0.12706480304955256,0.009999999999999787,55346688.0,7067291,0,7.84,7.93,7.77,7.87
601008,连云港,5.2,0.9708737864077635,0.04999999999999982,55771851.0,10697757,0,5.18,5.25,5.18,5.15
601009,南京银行,11.35,0.353669319186553,0.03999999999999915,170758171.0,15000429,0,11.3,11.44,11.3,11.31
601010,文峰股份,2.95,-0.673400673400674,-0.020000000000000018,98430797.0,33309250,0,2.97,3.01,2.92,2.97
601011,宝泰隆,3.45,0.0,0.0,64905311.0,18873731,0,3.45,3.47,3.41,3.45
601012,隆基绿能,18.15,0.11031439602867939,0.019999999999999574,852435592.0,47218199,0,18.04,18.2,17.95,18.13
601015,陕西黑猫,3.69,-0.2702702702702765,-0.010000000000000231,45204503.0,12244224,0,3.68,3.72,3.67,3.7
601016,节能风电,2.99,0.0,0.0,42802300.0,14312720,0,2.99,3.0,2.98,2.99
601018,宁波港,3.69,0.5449591280653956,0.020000000000000018,94430913.0,25587800,0,3.68,3.7,3.68,3.67
601019,山东出版,8.7,0.811123986095,0.06999999999999851,55205892.0,6316700,0,8.64,8.84,8.56,8.63
601020,华钰矿业,26.88,-1.2853470437018046,-0.3500000000000014,329325019.0,12317533,0,27.01,27.01,26.55,27.23
601021,春秋航空,56.45,1.6201620162016304,0.9000000000000057,123335097.0,2207671,0,55.42,56.54,55.11,55.55
601022,宁波远洋,9.32,0.6479481641468736,0.0600000000000005,47649087.0,5099500,0,9.33,9.39,9.3,9.26
601028,玉龙股份,12.83,0.0,0.0,0.0,0,0,0.0,0.0,0.0,12.83
601033,永兴股份,15.1,-0.2642007926023839,-0.040000000000000924,28631664.0,1892300,0,15.2,15.2,15.09,15.14
601038,一拖股份,14.08,-0.35385704175513594,-0.05000000000000071,44092658.0,3135297,0,14.07,14.13,13.98,14.13
601058,赛轮轮胎,16.22,-0.49079754601228126,-0.08000000000000185,204575220.0,12657255,0,16.25,16.32,16.09,16.3
601059,信达证券,17.79,-0.11229646266142379,-0.019999999999999574,174346810.0,9790510,0,17.8,17.84,17.77,17.81
601061,中信金属,13.75,-4.11436541143654,-0.5899999999999999,254718193.0,18402976,0,14.14,14.2,13.71,14.34
601065,江盐集团,8.36,-0.11947431302269758,-0.009999999999999787,18517554.0,2214702,0,8.36,8.39,8.34,8.37
601066,中信建投,26.88,0.48598130841121123,0.129999999999999,188316082.0,7024570,0,26.7,26.97,26.69,26.75
601068,中铝国际,5.9,-1.3377926421404693,-0.08000000000000007,200311253.0,34096076,0,6.07,6.07,5.77,5.98
601069,西部黄金,26.83,-3.2804614275414568,-0.9100000000000001,320682031.0,11924500,0,27.21,27.28,26.73,27.74
601077,渝农商行,6.4,-0.4665629860031005,-0.02999999999999936,146768431.0,22836590,0,6.42,6.48,6.37,6.43
601083,锦江航运,11.51,0.17406440382941318,0.019999999999999574,37919879.0,3282481,0,11.49,11.63,11.49,11.49
601086,国芳集团,10.58,-0.18867924528301486,-0.019999999999999574,80094315.0,7539300,0,10.62,10.77,10.53,10.6
601088,中国神华,40.24,-0.024844720496889468,-0.00999999999999801,283218745.0,7041000,0,40.25,40.35,40.01,40.25
601089,福元医药,24.31,-0.61324611610794,-0.15000000000000213,31595012.0,1304000,0,24.43,24.43,24.05,24.46
601096,宏盛华源,4.22,0.23752969121139636,0.009999999999999787,27560965.0,6563300,0,4.23,4.23,4.18,4.21
601098,中南传媒,11.12,0.0900090009000881,0.009999999999999787,41453382.0,3729200,0,11.11,11.15,11.08,11.11
601099,太平洋,4.13,0.0,0.0,182719962.0,44189975,0,4.13,4.15,4.11,4.13
601100,恒立液压,105.61,0.8691499522445049,0.9099999999999966,434202629.0,4118159,0,104.01,106.6,103.81,104.7
601101,昊华能源,7.26,0.0,0.0,20556494.0,2833698,0,7.26,7.28,7.22,7.26
601106,中国一重,4.12,1.228501228501224,0.04999999999999982,788638634.0,191518493,0,4.08,4.24,4.04,4.07
601107,四川成渝,6.36,0.6329113924050638,0.040000000000000036,34477781.0,5385101,0,6.33,6.44,6.33,6.32
601108,财通证券,8.65,1.8845700824499427,0.16000000000000014,363171929.0,41975500,0,8.5,8.79,8.47,8.49
601111,中国国航,8.85,1.958525345622119,0.16999999999999993,307620089.0,35168366,0,8.7,8.88,8.63,8.68
601113,华鼎股份,4.42,-0.2257336343115076,-0.009999999999999787,34585860.0,7815100,0,4.41,4.46,4.4,4.43
601116,三江购物,14.4,-1.7064846416382253,-0.25,210983284.0,14575568,0,14.62,14.77,14.23,14.65
601117,中国化学,7.72,0.5208333333333338,0.040000000000000036,108363366.0,14060813,0,7.68,7.73,7.67,7.68
601118,海南橡胶,5.76,-2.7027027027027053,-0.16000000000000014,292857479.0,50343176,0,5.96,5.96,5.75,5.92
601121,宝地矿业,7.24,-0.41265474552956477,-0.02999999999999936,36011360.0,4999400,0,7.24,7.3,7.16,7.27
601126,四方股份,32.78,5.469755469755479,1.7000000000000028,1057324793.0,32160655,0,31.4,33.8,31.4,31.08
601127,赛力斯,118.81,-0.743525480367586,-0.8900000000000006,727947021.0,6115268,0,119.7,119.7,118.8,119.7
601128,常熟银行,7.07,0.0,0.0,94766471.0,13386351,0,7.07,7.1,7.06,7.07
601133,柏诚股份,17.51,0.17162471395881657,0.030000000000001137,559156165.0,32419185,0,17.35,17.67,16.88,17.48
601136,首创证券,18.98,-0.1578116780641827,-0.030000000000001137,86313761.0,4541196,0,18.93,19.06,18.93,19.01
601137,博威合金,21.83,-0.6824385805277622,-0.15000000000000213,209883421.0,9634965,0,21.88,21.9,21.66,21.98
601138,工业富联,66.91,2.7172244396684,1.769999999999996,10429363352.0,155591658,0,65.4,68.15,65.4,65.14
601139,深圳燃气,6.62,0.15128593040846877,0.009999999999999787,20095120.0,3041355,0,6.61,6.63,6.58,6.61
601155,新城控股,14.1,0.07097232079488848,0.009999999999999787,54830086.0,3906900,0,14.14,14.19,13.97,14.09
601156,东航物流,18.49,2.1546961325966683,0.389999999999997,92653807.0,5051257,0,18.0,18.6,17.9,18.1
601158,重庆水务,4.48,0.448430493273553,0.020000000000000462,18731285.0,4190260,0,4.46,4.48,4.46,4.46
601162,天风证券,4.22,-0.23640661938535873,-0.010000000000000675,249198842.0,58881262,0,4.23,4.25,4.21,4.23
601163,三角轮胎,14.6,0.8287292817679504,0.11999999999999922,27865007.0,1911500,0,14.48,14.65,14.48,14.48
601166,兴业银行,21.16,0.6181645268663766,0.129999999999999,731035931.0,34545979,0,21.03,21.24,21.02,21.03
601168,西部矿业,25.69,-1.0781671159029556,-0.2799999999999976,362049450.0,14152211,0,25.71,25.83,25.38,25.97
601169,北京银行,5.52,0.3636363636363559,0.019999999999999574,372456710.0,67438346,0,5.5,5.54,5.5,5.5
601177,杭齿前进,16.8,2.314250913520091,0.379999999999999,78920701.0,4722500,0,16.48,16.85,16.38,16.42
601179,中国西电,9.51,-0.5230125523012626,-0.05000000000000071,1025318163.0,107381267,0,9.49,9.69,9.43,9.56
601186,中国铁建,7.8,-0.2557544757033307,-0.020000000000000462,111491670.0,14289852,0,7.82,7.83,7.78,7.82
601187,厦门银行,7.79,-0.25608194622278585,-0.019999999999999574,36581528.0,4680245,0,7.76,7.86,7.76,7.81
601188,龙江交通,3.51,0.0,0.0,30911695.0,8792393,0,3.51,3.53,3.5,3.51
601198,东兴证券,14.3,0.5625879043600567,0.08000000000000007,574324049.0,40030991,0,14.2,14.59,14.13,14.22
601199,江南水务,5.69,0.1760563380281809,0.010000000000000675,8783857.0,1542924,0,5.68,5.71,5.67,5.68
601200,上海环境,8.08,0.0,0.0,20104276.0,2491349,0,8.08,8.08,8.04,8.08
601208,东材科技,29.41,1.308990699276607,0.379999999999999,2702291537.0,93127241,0,29.0,29.72,28.44,29.03
601211,国泰海通,20.77,-0.4314477468839878,-0.08999999999999986,556090056.0,26710763,0,20.88,20.9,20.76,20.86
601212,白银有色,5.5,-6.621392190152796,-0.3899999999999997,1116185894.0,200852071,0,5.7,5.7,5.5,5.89
601216,君正集团,4.83,0.20746887966804536,0.009999999999999787,71452012.0,14789787,0,4.82,4.84,4.81,4.82
601218,吉鑫科技,5.09,0.1968503937007832,0.009999999999999787,58424400.0,11510831,0,5.08,5.1,5.05,5.08
601222,林洋能源,5.57,0.0,0.0,30823330.0,5544500,0,5.56,5.58,5.54,5.57
601225,陕西煤业,21.75,0.092038656235617,0.019999999999999574,221664238.0,10176781,0,21.73,21.9,21.59,21.73
601226,华电科工,8.03,1.2610340479192894,0.09999999999999964,79385838.0,9919386,0,7.92,8.1,7.86,7.93
601228,广州港,3.3,0.6097560975609762,0.020000000000000018,31096647.0,9453175,0,3.28,3.3,3.28,3.28
601229,上海银行,9.93,0.30303030303029654,0.02999999999999936,199350677.0,20011523,0,9.87,10.01,9.87,9.9
601231,环旭电子,30.94,1.276595744680853,0.39000000000000057,1132944449.0,37575807,0,30.55,31.0,29.3,30.55
601233,桐昆股份,16.8,2.752293577981647,0.4499999999999993,399422823.0,23810329,0,16.44,17.07,16.35,16.35
601236,红塔证券,8.3,0.36275695284160986,0.030000000000001137,36325318.0,4380640,0,8.28,8.32,8.25,8.27
601238,广汽集团,8.13,-0.9744214372716208,-0.08000000000000007,141994839.0,17390326,0,8.2,8.21,8.13,8.21
601279,英利汽车,5.36,-2.722323049001805,-0.14999999999999947,275651924.0,51199200,0,5.49,5.53,5.32,5.51
601288,农业银行,7.61,-0.39267015706805447,-0.02999999999999936,680514333.0,89236495,0,7.63,7.67,7.6,7.64
601298,青岛港,8.49,0.3546099290780066,0.02999999999999936,34688659.0,4085600,0,8.47,8.51,8.46,8.46
601311,骆驼股份,9.15,-0.32679738562090804,-0.02999999999999936,54293213.0,5942260,0,9.16,9.16,9.1,9.18
601318,中国平安,70.8,2.5641025641025585,1.769999999999996,4168419449.0,58802403,0,69.0,71.98,68.98,69.03
601319,中国人保,9.31,2.4202420242024276,0.22000000000000064,457641349.0,49321725,0,9.06,9.39,9.06,9.09
601326,秦港股份,3.55,0.28248587570620864,0.009999999999999787,33609882.0,9443000,0,3.55,3.58,3.54,3.54
601328,XD交通银,7.23,0.4166666666666701,0.03000000000000025,420024401.0,58097024,0,7.24,7.27,7.2,7.2
601330,绿色动力,6.86,0.7342143906020663,0.05000000000000071,25047142.0,3645800,0,6.84,6.96,6.83,6.81
601333,广深铁路,3.06,0.0,0.0,40542526.0,13233146,0,3.06,3.08,3.05,3.06
601336,新华保险,71.97,1.0530749789385003,0.75,954225083.0,13202641,0,70.95,73.16,70.91,71.22
601339,百隆东方,5.77,1.4059753954305654,0.07999999999999918,52924263.0,9174261,0,5.72,5.82,5.69,5.69
601360,三六零,10.48,-0.28544243577544587,-0.02999999999999936,500857965.0,47785765,0,10.46,10.53,10.44,10.51
601366,利群股份,5.32,0.1883239171374892,0.010000000000000675,351921207.0,65786386,0,5.31,5.46,5.26,5.31
601368,绿城水务,4.98,0.6060606060606111,0.03000000000000025,11012312.0,2215900,0,4.96,4.99,4.95,4.95
601369,陕鼓动力,10.2,0.5917159763313483,0.05999999999999872,45991258.0,4513760,0,10.22,10.25,10.11,10.14
601375,中原证券,4.38,0.2288329519450752,0.009999999999999787,64876528.0,14794300,0,4.37,4.4,4.36,4.37
601377,兴业证券,7.41,-0.4032258064516162,-0.03000000000000025,810203242.0,108395587,0,7.41,7.57,7.38,7.44
601388,怡球资源,2.9,-1.0238907849829437,-0.03000000000000025,48458513.0,16725976,0,2.92,2.92,2.88,2.93
601390,中国中铁,5.39,-0.5535055350553552,-0.03000000000000025,154995867.0,28680637,0,5.42,5.43,5.39,5.42
601398,工商银行,7.86,-0.6321112515802758,-0.04999999999999982,643423092.0,81633065,0,7.9,7.91,7.85,7.91
601399,国机重装,5.24,0.7692307692307698,0.040000000000000036,1088281212.0,207338052,0,5.18,5.44,5.1,5.2
601456,国联民生,10.36,-0.19267822736032128,-0.02000000000000135,119658973.0,11528305,0,10.39,10.41,10.35,10.38
601500,通用股份,4.75,0.0,0.0,48384681.0,10204120,0,4.73,4.77,4.72,4.75
601512,中新集团,8.75,-0.22805017103762343,-0.019999999999999574,42009226.0,4808757,0,8.72,8.84,8.68,8.77
601515,衢州东峰,4.2,-1.408450704225343,-0.05999999999999961,47209308.0,11215979,0,4.26,4.28,4.19,4.26
601518,吉林高速,2.86,0.7042253521126767,0.020000000000000018,13282762.0,4659060,0,2.84,2.86,2.84,2.84
601519,大智慧,12.9,0.0775795190069805,0.009999999999999787,172430872.0,13353876,0,12.88,12.98,12.82,12.89
601528,瑞丰银行,5.63,1.6245487364620912,0.08999999999999986,77863725.0,13850520,0,5.54,5.68,5.54,5.54
601555,东吴证券,9.06,-0.11025358324145298,-0.009999999999999787,212368009.0,23372688,0,9.06,9.13,9.05,9.07
601566,九牧王,14.99,-3.0401034928848683,-0.47000000000000064,558960037.0,36978758,0,15.13,15.59,14.8,15.46
601567,三星医疗,23.29,0.561312607944728,0.129999999999999,127188951.0,5476654,0,23.2,23.3,23.0,23.16
601568,北元集团,3.79,0.5305039787798413,0.020000000000000018,18812084.0,4985526,0,3.77,3.79,3.76,3.77
601577,长沙银行,9.74,0.20576131687242358,0.019999999999999574,54855850.0,5627405,0,9.7,9.8,9.67,9.72
601579,会稽山,20.6,-0.43499275012083055,-0.08999999999999986,56093340.0,2723300,0,20.56,20.75,20.53,20.69
601588,北辰实业,1.77,-0.5617977528089892,-0.010000000000000009,47986650.0,26855500,0,1.79,1.82,1.77,1.78
601595,上海电影,28.79,1.5878616796047966,0.4499999999999993,128622694.0,4484600,0,28.35,29.03,28.29,28.34
601598,中国外运,6.25,1.2965964343598066,0.08000000000000007,67335642.0,10641808,0,6.21,6.41,6.21,6.17
601599,浙文影业,3.85,-1.0282776349614406,-0.040000000000000036,26641094.0,6885800,0,3.89,3.9,3.85,3.89
601600,中国铝业,10.9,-1.5356820234869009,-0.16999999999999993,1100763057.0,101089734,0,10.97,10.97,10.82,11.07
601601,中国太保,42.66,2.795180722891558,1.1599999999999966,891433006.0,20920839,0,41.5,43.0,41.41,41.5
601606,长城军工,47.87,0.4827875734676677,0.22999999999999687,651914252.0,13592363,0,47.64,48.35,47.6,47.64
601607,上海医药,17.88,-0.2788622420524301,-0.05000000000000071,71630427.0,4005700,0,17.92,17.93,17.86,17.93
601608,中信重工,6.42,1.7432646592710037,0.11000000000000032,146914906.0,23076276,0,6.3,6.43,6.29,6.31
601609,金田股份,10.7,-0.46511627906977404,-0.05000000000000071,162688842.0,15305053,0,10.66,10.72,10.58,10.75
601611,中国核建,13.19,2.168861347792404,0.27999999999999936,1011792327.0,76732025,0,12.91,13.39,12.81,12.91
601615,明阳智能,14.47,-0.2756719503790431,-0.03999999999999915,241876827.0,16663900,0,14.48,14.72,14.35,14.51
601616,广电电气,3.9,0.2570694087403544,0.009999999999999787,21402684.0,5511900,0,3.89,3.91,3.85,3.89
601618,中国中冶,2.97,-0.6688963210702347,-0.020000000000000018,273077888.0,92021838,0,2.99,2.99,2.95,2.99
601619,嘉泽新能,4.61,0.6550218340611408,0.03000000000000025,125138935.0,27293903,0,4.57,4.62,4.53,4.58
601628,中国人寿,47.24,2.0743301642178062,0.9600000000000009,500023307.0,10614703,0,46.2,47.65,46.13,46.28
601633,长城汽车,21.97,-0.2270663033605845,-0.05000000000000071,82025640.0,3733704,0,22.02,22.02,21.91,22.02
601636,旗滨集团,6.09,1.669449081802999,0.09999999999999964,254737980.0,42484764,0,5.97,6.13,5.88,5.99
601658,邮储银行,5.41,0.18518518518518123,0.009999999999999787,345313127.0,63693700,0,5.4,5.44,5.39,5.4
601665,齐鲁银行,5.57,-0.17921146953404637,-0.009999999999999787,159055592.0,28415600,0,5.57,5.62,5.56,5.58
601666,平煤股份,7.94,-0.37641154328731946,-0.02999999999999936,31547203.0,3971165,0,7.96,7.96,7.93,7.97
601668,中国建筑,5.2,0.0,0.0,231647837.0,44471593,0,5.21,5.22,5.19,5.2
601669,中国电建,5.28,-0.18903591682419257,-0.009999999999999787,155108273.0,29396904,0,5.28,5.29,5.27,5.29
601677,明泰铝业,14.25,-0.6276150627615054,-0.08999999999999986,126135275.0,8855513,0,14.3,14.3,14.18,14.34
601678,滨化股份,4.29,-0.46403712296982774,-0.019999999999999574,29258383.0,6812807,0,4.31,4.32,4.28,4.31
601686,友发集团,6.42,0.0,0.0,18971062.0,2961346,0,6.4,6.45,6.38,6.42
601688,华泰证券,23.62,0.0,0.0,1174158358.0,49556800,0,23.59,23.83,23.47,23.62
601689,拓普集团,70.46,1.8502457357617619,1.279999999999987,1089235711.0,15535313,0,69.22,70.68,69.22,69.18
601696,中银证券,14.87,-0.8666666666666718,-0.13000000000000078,1066853306.0,71035507,0,15.02,15.29,14.84,15.0
601698,中国卫通,25.25,2.8094462540716667,0.6900000000000013,2585790953.0,102760532,0,24.54,25.46,24.37,24.56
601699,潞安环能,11.9,-0.8333333333333304,-0.09999999999999964,95933247.0,8043810,0,12.0,12.01,11.89,12.0
601700,风范股份,5.49,1.104972375690617,0.0600000000000005,124621853.0,22829189,0,5.43,5.55,5.36,5.43
601702,华峰铝业,20.5,-0.04875670404681406,-0.010000000000001563,64433578.0,3154000,0,20.3,20.6,20.29,20.51
601717,中创智领,24.5,1.3653289201489378,0.3299999999999983,207102989.0,8507411,0,24.19,24.55,24.04,24.17
601718,际华集团,3.39,0.2958579881656873,0.010000000000000231,86629121.0,25632400,0,3.37,3.41,3.35,3.38
601727,上海电气,8.54,0.1172332942555661,0.009999999999999787,447905896.0,52630536,0,8.48,8.56,8.46,8.53
601728,中国电信,6.49,0.0,0.0,454115155.0,69882792,0,6.46,6.53,6.45,6.49
601766,中国中车,6.91,-0.2886002886002824,-0.019999999999999574,142171600.0,20567220,0,6.93,6.93,6.9,6.93
601777,千里科技,10.84,1.6885553470919297,0.17999999999999972,160565935.0,14868600,0,10.8,10.99,10.71,10.66
601778,晶科科技,3.75,0.2673796791443793,0.009999999999999787,221209973.0,59612403,0,3.74,3.77,3.66,3.74
601788,光大证券,17.4,0.057504312823450324,0.00999999999999801,201226756.0,11556810,0,17.39,17.45,17.36,17.39
601789,宁波建工,5.13,1.9880715705765335,0.09999999999999964,83926785.0,16342100,0,5.03,5.2,5.01,5.03
601798,蓝科高新,9.09,0.9999999999999984,0.08999999999999986,37540085.0,4151300,0,9.01,9.12,8.93,9.0
601799,星宇股份,123.81,0.6585365853658556,0.8100000000000023,56597992.0,457800,0,123.27,124.38,122.97,123.0
601800,中国交建,8.37,0.0,0.0,65124435.0,7778033,0,8.39,8.4,8.35,8.37
601801,皖新传媒,6.58,0.0,0.0,17147346.0,2605100,0,6.58,6.61,6.57,6.58
601808,中海油服,13.85,0.07225433526011406,0.009999999999999787,43314219.0,3127802,0,13.84,13.89,13.8,13.84
601811,新华文轩,13.47,0.07429420505200436,0.009999999999999787,6844230.0,507919,0,13.53,13.53,13.44,13.46
601816,京沪高铁,5.19,0.1930501930502061,0.010000000000000675,138696743.0,26691300,0,5.19,5.21,5.18,5.18
601818,光大银行,3.52,0.571428571428572,0.020000000000000018,229446783.0,65217301,0,3.5,3.53,3.49,3.5
601825,沪农商行,9.12,-0.4366812227074336,-0.040000000000000924,33281745.0,3633300,0,9.19,9.2,9.12,9.16
601827,三峰环境,8.35,0.240096038415361,0.019999999999999574,23300811.0,2791012,0,8.32,8.39,8.3,8.33
601828,美凯龙,2.81,-1.0563380281690073,-0.029999999999999805,59906549.0,21306410,0,2.84,2.85,2.78,2.84
601838,成都银行,16.43,-0.06082725060828201,-0.010000000000001563,135268614.0,8208344,0,16.45,16.53,16.43,16.44
601857,中国石油,9.86,0.10152284263959174,0.009999999999999787,396875754.0,40149985,0,9.82,9.94,9.79,9.85
601858,中国科传,17.66,-0.169587337478808,-0.030000000000001137,20246217.0,1146800,0,17.69,17.71,17.6,17.69
601860,紫金银行,2.77,0.3623188405797185,0.010000000000000231,26702891.0,9659900,0,2.76,2.77,2.75,2.76
601865,福莱特,15.69,0.3196930946291492,0.049999999999998934,77195839.0,4922154,0,15.59,15.79,15.55,15.64
601866,中远海发,2.53,0.0,0.0,42602447.0,16827142,0,2.53,2.54,2.52,2.53
601868,中国能建,2.38,0.42194092827003316,0.009999999999999787,240347311.0,101014776,0,2.38,2.39,2.37,2.37
601869,长飞光纤,123.74,-5.180076628352494,-6.760000000000005,1732723906.0,13853490,0,128.99,129.99,122.37,130.5
601872,招商轮船,8.94,2.2883295194507927,0.1999999999999993,370680882.0,41775756,0,8.75,9.03,8.68,8.74
601877,正泰电器,28.24,0.14184397163120266,0.03999999999999915,200314460.0,7093889,0,28.19,28.36,28.02,28.2
601878,浙商证券,10.93,0.1833180568285937,0.019999999999999574,112916434.0,10327431,0,10.93,10.97,10.86,10.91
601880,辽港股份,1.61,0.0,0.0,92831136.0,57494823,0,1.62,1.63,1.6,1.61
601881,中国银河,15.92,0.759493670886071,0.11999999999999922,334198461.0,21021108,0,15.79,15.99,15.77,15.8
601882,海天精工,19.36,0.676027041081638,0.129999999999999,19409770.0,1005300,0,19.23,19.36,19.23,19.23
601886,江河集团,7.97,0.631313131313129,0.04999999999999982,12176591.0,1528300,0,7.96,8.0,7.91,7.92
601888,中国中免,85.27,-2.947871613931258,-2.5900000000000034,3047441703.0,35470801,0,87.0,87.26,85.01,87.86
601890,亚星锚链,10.28,0.09737098344693075,0.009999999999999787,190254815.0,18464334,0,10.23,10.37,10.2,10.27
601898,中煤能源,12.76,-0.931677018633548,-0.120000000000001,78241538.0,6103200,0,12.87,12.88,12.75,12.88
601899,紫金矿业,31.96,-1.083255957907773,-0.3500000000000014,2303878947.0,72103794,0,31.99,32.14,31.83,32.31
601900,南方传媒,13.63,0.29433406916851307,0.040000000000000924,23496287.0,1725200,0,13.6,13.65,13.58,13.59
601901,方正证券,7.8,0.2570694087403544,0.019999999999999574,203829973.0,26102052,0,7.76,7.84,7.75,7.78
601908,京运通,4.04,-0.49261083743841316,-0.019999999999999574,110817153.0,27506700,0,4.06,4.07,4.0,4.06
601916,浙商银行,3.04,0.0,0.0,55158614.0,18117530,0,3.04,3.05,3.04,3.04
601918,新集能源,6.69,-0.298062593144554,-0.019999999999999574,68064547.0,10152108,0,6.71,6.74,6.68,6.71
601919,中远海控,15.24,-0.6518904823989546,-0.09999999999999964,286320693.0,18756741,0,15.29,15.3,15.22,15.34
601921,浙版传媒,7.93,0.25284450063210584,0.019999999999999574,27275046.0,3441700,0,7.91,7.97,7.89,7.91
601928,凤凰传媒,10.13,0.3964321110010003,0.040000000000000924,35120540.0,3468804,0,10.09,10.15,10.08,10.09
601929,吉视传媒,3.34,-0.2985074626865741,-0.010000000000000231,148131629.0,44362314,0,3.36,3.37,3.32,3.35
601933,永辉超市,5.38,-1.8248175182481847,-0.10000000000000053,2818693965.0,517578390,0,5.48,5.59,5.35,5.48
601939,建设银行,9.17,0.0,0.0,256172201.0,27869332,0,9.15,9.23,9.14,9.17
601949,中国出版,6.49,-0.15384615384615058,-0.009999999999999787,9610748.0,1480900,0,6.5,6.51,6.46,6.5
601952,苏垦农发,9.11,0.0,0.0,19401037.0,2129900,0,9.09,9.13,9.09,9.11
601956,东贝集团,7.14,0.9900990099009814,0.0699999999999994,27415029.0,3855940,0,7.07,7.14,7.05,7.07
601958,金钼股份,14.82,-1.5282392026578102,-0.23000000000000043,144165308.0,9721448,0,15.0,15.0,14.73,15.05
601963,重庆银行,10.96,0.0,0.0,48343874.0,4390775,0,10.96,11.1,10.92,10.96
601965,中国汽研,17.21,-0.05807200929150994,-0.00999999999999801,37770275.0,2191500,0,17.22,17.31,17.15,17.22
601966,玲珑轮胎,14.77,0.06775067750677363,0.009999999999999787,46030736.0,3121000,0,14.76,14.78,14.72,14.76
601968,宝钢包装,5.63,-0.17730496453900332,-0.009999999999999787,82888795.0,14781745,0,5.65,5.76,5.54,5.64
601969,海南矿业,10.86,-3.466666666666672,-0.39000000000000057,340812947.0,31086269,0,11.23,11.25,10.79,11.25
601975,招商南油,3.04,0.0,0.0,98699584.0,32521205,0,3.04,3.05,3.02,3.04
601985,中国核电,8.79,0.572082379862688,0.049999999999998934,439563209.0,50058271,0,8.73,8.81,8.71,8.74
601988,中国银行,5.68,0.17636684303350594,0.009999999999999787,822376505.0,144849481,0,5.66,5.71,5.63,5.67
601989,中国重工,5.1,0.0,0.0,0.0,0,0,0.0,0.0,0.0,5.1
601990,南京证券,7.99,0.2509410288582241,0.020000000000000462,83837422.0,10495120,0,7.95,8.01,7.94,7.97
601991,大唐发电,3.68,0.8219178082191849,0.03000000000000025,213524147.0,58125700,0,3.65,3.7,3.64,3.65
601992,金隅集团,1.67,0.6024096385542175,0.010000000000000009,33238894.0,19906100,0,1.67,1.68,1.66,1.66
601995,中金公司,35.6,-0.028081999438354422,-0.00999999999999801,381112448.0,10695356,0,35.63,35.74,35.57,35.61
601996,丰林集团,2.37,-0.836820083682009,-0.020000000000000018,27491599.0,11586700,0,2.39,2.4,2.35,2.39
601997,贵阳银行,5.96,-0.33444816053512477,-0.020000000000000462,61595202.0,10323920,0,5.97,5.98,5.95,5.98
601998,中信银行,7.44,0.26954177897574744,0.020000000000000462,178965208.0,23976710,0,7.41,7.51,7.39,7.42
601999,出版传媒,6.84,0.7363770250368162,0.04999999999999982,16632185.0,2436820,0,6.81,6.85,6.79,6.79
603000,人民网,18.81,0.3199999999999932,0.05999999999999872,46724413.0,2487304,0,18.75,18.82,18.71,18.75
603001,奥康国际,8.61,-0.34722222222223537,-0.030000000000001137,23329667.0,2698400,0,8.62,8.75,8.6,8.64
603002,宏昌电子,7.62,-1.0389610389610398,-0.08000000000000007,149746728.0,19671800,0,7.69,7.71,7.56,7.7
603003,退市龙宇,2.44,0.0,0.0,0.0,0,0,0.0,0.0,0.0,2.44
603004,鼎龙科技,24.07,3.9740820734341327,0.9200000000000017,77282708.0,3277851,0,23.15,24.16,23.0,23.15
603005,晶方科技,27.91,-0.3214285714285709,-0.08999999999999986,222512844.0,7970960,0,28.01,28.08,27.76,28.0
603006,联明股份,13.13,0.9223674096848655,0.120000000000001,10722743.0,821400,0,13.07,13.13,12.93,13.01
603007,*ST花王,5.06,2.429149797570834,0.11999999999999922,40178574.0,7965359,0,4.94,5.15,4.91,4.94
603008,喜临门,21.6,-0.8719596145020547,-0.18999999999999773,125245378.0,5750224,0,21.81,22.17,21.5,21.79
603009,北特科技,42.91,2.264061010486167,0.9499999999999957,245713679.0,5754715,0,42.12,43.16,41.97,41.96
603010,万盛股份,10.72,0.7518796992481209,0.08000000000000007,37508578.0,3519200,0,10.6,10.75,10.52,10.64
603011,合锻智能,23.05,1.497137824746807,0.33999999999999986,527250368.0,22984714,0,22.57,23.18,22.5,22.71
603012,创力集团,5.88,1.3793103448275874,0.08000000000000007,33635094.0,5754100,0,5.82,5.88,5.79,5.8
603013,亚普股份,22.26,1.7367458866544907,0.38000000000000256,36249347.0,1639600,0,21.88,22.34,21.82,21.88
603015,弘讯科技,12.87,1.1792452830188567,0.14999999999999858,78690891.0,6150670,0,12.78,12.9,12.68,12.72
603016,新宏泰,28.46,3.190717911530104,0.8800000000000026,89408359.0,3182300,0,27.56,28.71,27.31,27.58
603017,中衡设计,10.61,2.611218568665373,0.2699999999999996,89624876.0,8504300,0,10.27,10.78,10.27,10.34
603018,华设集团,7.63,-2.429667519181591,-0.1900000000000004,66280913.0,8650584,0,7.82,7.82,7.61,7.82
603019,中科曙光,86.46,-0.7917383820998415,-0.6900000000000119,1894870810.0,21873047,0,87.18,87.5,86.0,87.15
603020,爱普股份,10.31,-0.29013539651836906,-0.02999999999999936,19145255.0,1859000,0,10.39,10.41,10.2,10.34
603021,ST华鹏,4.47,-1.3245033112582891,-0.0600000000000005,18781787.0,4204420,0,4.51,4.52,4.42,4.53
603022,新通联,10.52,3.0362389813907806,0.3099999999999987,86219269.0,8271600,0,10.16,10.69,10.16,10.21
603023,威帝股份,5.57,0.9057971014492883,0.05000000000000071,292508193.0,52048190,0,5.52,5.79,5.51,5.52
603025,大豪科技,17.69,-0.0564971751412317,-0.00999999999999801,54115990.0,3070184,0,17.75,17.77,17.55,17.7
603026,石大胜华,78.44,-1.271239773442423,-1.0100000000000051,536500490.0,6861886,0,78.87,79.49,77.11,79.45
603027,千禾味业,9.78,-0.10214504596526852,-0.009999999999999787,47918379.0,4885718,0,9.81,9.88,9.75,9.79
603028,赛福天,8.73,9.949622166246852,0.79,161088442.0,19200135,0,8.0,8.73,7.95,7.94
603029,天鹅股份,18.49,1.0382513661202062,0.18999999999999773,18561284.0,1008200,0,18.33,18.53,18.25,18.3
603030,全筑股份,2.89,0.6968641114982584,0.020000000000000018,51647948.0,17760719,0,2.87,2.95,2.87,2.87
603031,安孚科技,48.97,-1.7849979943842769,-0.8900000000000006,696469853.0,13876383,0,50.55,51.8,48.88,49.86
603032,德新科技,19.75,-1.2993503248375888,-0.26000000000000156,52018117.0,2633740,0,20.0,20.0,19.65,20.01
603033,三维股份,10.46,-0.5703422053231818,-0.05999999999999872,17818383.0,1702355,0,10.5,10.59,10.41,10.52
603035,常熟汽饰,15.38,1.0512483574244424,0.16000000000000014,42530135.0,2776900,0,15.25,15.39,15.18,15.22
603036,如通股份,20.61,6.182380216383304,1.1999999999999993,113152345.0,5593786,0,19.41,20.99,19.3,19.41
603037,凯众股份,13.56,0.4444444444444481,0.0600000000000005,24800352.0,1836292,0,13.49,13.58,13.4,13.5
603038,华立股份,16.0,0.0625390869293295,0.009999999999999787,31694404.0,1988000,0,16.09,16.09,15.83,15.99
603039,泛微网络,49.38,-0.060716454159065035,-0.02999999999999403,27221192.0,549885,0,49.6,49.62,49.25,49.41
603040,新坐标,84.78,6.1873747494989955,4.939999999999998,155374610.0,1894808,0,79.49,84.88,79.49,79.84
603041,美思德,12.15,0.5794701986754991,0.07000000000000028,7855019.0,647500,0,12.13,12.19,12.08,12.08
603042,华脉科技,17.95,1.8150879183210455,0.3200000000000003,242345715.0,13420650,0,17.51,18.45,17.5,17.63
603043,广州酒家,18.08,0.5002779321845462,0.08999999999999986,27164402.0,1499717,0,17.99,18.26,17.94,17.99
603045,福达合金,19.76,1.1258955987717627,0.22000000000000242,25830145.0,1309735,0,19.54,19.86,19.53,19.54
603048,浙江黎明,21.19,-0.7494145199063238,-0.16000000000000014,19256655.0,906500,0,21.43,21.46,21.14,21.35
603050,科林电气,17.89,0.5621135469364892,0.10000000000000142,27967611.0,1568364,0,17.77,17.91,17.68,17.79
603051,鹿山新材,20.16,-0.09910802775024566,-0.019999999999999574,27038238.0,1343212,0,20.2,20.23,20.06,20.18
603052,可川科技,33.0,-2.855460700618189,-0.9699999999999989,204806197.0,6215320,0,33.97,33.97,32.43,33.97
603053,成都燃气,9.92,1.1213047910295557,0.10999999999999943,39402903.0,3947700,0,9.9,10.1,9.9,9.81
603055,台华新材,9.19,1.1001100110010962,0.09999999999999964,29964995.0,3271500,0,9.07,9.2,9.07,9.09
603056,德邦股份,14.02,0.21443888491779386,0.02999999999999936,18499594.0,1320407,0,14.0,14.06,13.94,13.99
603057,紫燕食品,19.86,0.2523977788995493,0.05000000000000071,24542178.0,1231605,0,19.99,20.18,19.82,19.81
603058,永吉股份,9.79,0.9278350515463903,0.08999999999999986,79461002.0,8158100,0,9.72,9.89,9.63,9.7
603059,倍加洁,31.55,0.4777070063694336,0.15000000000000213,17987422.0,571300,0,31.5,31.62,30.99,31.4
603060,国检集团,6.17,0.16233766233765887,0.009999999999999787,9122932.0,1480626,0,6.17,6.19,6.12,6.16
603061,金海通,144.5,-0.12441249654410202,-0.18000000000000682,85350166.0,588700,0,144.08,146.8,143.33,144.68
603062,麦加芯彩,47.16,1.3104189044038657,0.6099999999999994,22374066.0,476097,0,46.33,47.39,46.33,46.55
603063,禾望电气,35.08,0.1713306681895921,0.05999999999999517,596123856.0,17293782,0,34.95,35.11,34.03,35.02
603065,宿迁联盛,8.37,-0.11933174224345539,-0.010000000000001563,21086488.0,2531000,0,8.41,8.41,8.3,8.38
603066,音飞储存,10.9,0.739371534195934,0.08000000000000007,10878891.0,999300,0,10.85,10.92,10.82,10.82
603067,振华股份,31.31,0.2561639449247464,0.0799999999999983,582760541.0,18869947,0,30.88,31.8,30.22,31.23
603068,博通集成,37.2,0.08071025020177867,0.030000000000001137,99798478.0,2688831,0,37.18,37.39,36.82,37.17
603069,海汽集团,27.81,-4.890560875512995,-1.4299999999999997,1011772484.0,35758881,0,29.28,29.78,27.3,29.24
603070,万控智造,13.1,1.5503875968992191,0.1999999999999993,22683600.0,1742100,0,12.95,13.13,12.85,12.9
603071,物产环能,13.26,-0.07535795026375122,-0.009999999999999787,8453321.0,637300,0,13.27,13.32,13.22,13.27
603072,天和磁材,40.9,0.5408062930186797,0.21999999999999886,36179924.0,890583,0,40.69,40.92,40.42,40.68
603073,彩蝶实业,19.07,1.5441959531416354,0.28999999999999915,11495535.0,604559,0,18.9,19.22,18.67,18.78
603075,热威股份,21.84,0.22946305644791515,0.05000000000000071,8375997.0,384264,0,21.78,21.89,21.68,21.79
603076,乐惠国际,24.26,0.66390041493776,0.16000000000000014,11186992.0,461599,0,24.19,24.4,23.97,24.1
603077,和邦生物,2.25,-0.44247787610618533,-0.009999999999999787,153980963.0,68849236,0,2.24,2.26,2.22,2.26
603078,江化微,18.18,0.05503577325260325,0.00999999999999801,74398266.0,4101903,0,18.25,18.25,18.06,18.17
603079,圣达生物,17.36,1.8779342723004713,0.3200000000000003,43067140.0,2516600,0,16.98,17.39,16.85,17.04
603080,新疆火炬,23.39,-0.7636826474331766,-0.17999999999999972,50302486.0,2140300,0,23.79,23.81,23.36,23.57
603081,大丰实业,13.86,0.0,0.0,52048327.0,3744600,0,13.8,14.04,13.77,13.86
603082,北自科技,36.55,2.380952380952365,0.8499999999999943,25998892.0,716700,0,35.75,36.71,35.75,35.7
603083,剑桥科技,125.03,-3.160096042134623,-4.0800000000000125,2699504000.0,21327228,0,127.5,131.5,123.46,129.11
603085,天成自控,11.4,5.653382761816508,0.6100000000000012,161011211.0,14477100,0,10.85,11.48,10.78,10.79
603086,先达股份,8.25,0.6097560975609843,0.05000000000000071,22013311.0,2676100,0,8.21,8.26,8.18,8.2
603087,甘李药业,66.49,-0.6425582785415523,-0.4300000000000068,175766813.0,2640700,0,66.93,67.18,66.28,66.92
603088,宁波精达,10.86,2.7436140018921393,0.28999999999999915,148163743.0,13719820,0,10.5,10.99,10.5,10.57
603089,正裕工业,12.93,0.7009345794392512,0.08999999999999986,30636699.0,2376047,0,12.88,12.95,12.83,12.84
603090,宏盛股份,60.5,-1.8971947462299361,-1.1700000000000017,399517867.0,6551900,0,63.3,63.3,59.9,61.67
603091,众鑫股份,82.62,-3.2552693208430927,-2.780000000000001,50456074.0,603094,0,84.44,85.5,82.2,85.4
603093,南华期货,19.43,0.20629190304280115,0.03999999999999915,59237371.0,3043200,0,19.38,19.54,19.35,19.39
603095,越剑智能,15.96,9.993108201240531,1.450000000000001,171514799.0,10993045,0,14.47,15.96,14.47,14.51
603096,新经典,17.48,-0.22831050228310015,-0.03999999999999915,10094200.0,576400,0,17.58,17.62,17.45,17.52
603097,江苏华辰,29.98,-1.4464168310322199,-0.4400000000000013,194052984.0,6450199,0,30.42,30.8,29.6,30.42
603098,森特股份,14.28,5.69948186528497,0.7699999999999996,282202607.0,19396480,0,13.93,14.86,13.91,13.51
603099,长白山,44.83,-0.200356188780061,-0.09000000000000341,127642843.0,2848053,0,44.82,45.12,44.51,44.92
603100,川仪股份,22.75,-0.17551557700745568,-0.03999999999999915,79851040.0,3512338,0,22.79,22.96,22.51,22.79
603101,汇嘉时代,10.02,-1.668302257114818,-0.16999999999999993,82435312.0,8184691,0,10.23,10.25,9.95,10.19
603102,百合股份,43.07,0.86651053864168,0.36999999999999744,8269273.0,193300,0,42.78,43.17,42.46,42.7
603103,横店影视,15.47,-0.38634900193173677,-0.05999999999999872,31369397.0,2039600,0,15.54,15.54,15.3,15.53
603105,芯能科技,9.45,-0.8394543546694656,-0.08000000000000007,59206292.0,6277753,0,9.53,9.53,9.39,9.53
603106,恒银科技,10.53,0.1902949571836306,0.019999999999999574,73721465.0,7023159,0,10.56,10.58,10.4,10.51
603107,上海汽配,15.05,0.2664890073284539,0.040000000000000924,13553119.0,903800,0,15.01,15.05,14.94,15.01
603108,润达医疗,15.01,-0.2657807308970161,-0.040000000000000924,57681244.0,3850240,0,15.02,15.08,14.9,15.05
603109,神驰机电,25.59,1.4670896114195122,0.370000000000001,42474918.0,1671200,0,25.27,25.65,25.12,25.22
603110,东方材料,15.83,0.5717916137229978,0.08999999999999986,45177852.0,2863900,0,15.83,15.92,15.66,15.74
603111,康尼机电,7.04,0.4279600570613445,0.03000000000000025,25626377.0,3646000,0,7.04,7.07,7.0,7.01
603112,华翔股份,17.5,-1.241534988713312,-0.21999999999999886,70955113.0,4081100,0,17.65,17.71,17.25,17.72
603113,金能科技,6.15,-0.4854368932038731,-0.02999999999999936,24974418.0,4070200,0,6.17,6.17,6.1,6.18
603115,海星股份,19.0,0.05265929436546374,0.010000000000001563,19359588.0,1022100,0,18.95,19.02,18.83,18.99
603116,红蜻蜓,5.81,0.5190311418685011,0.02999999999999936,10031894.0,1733140,0,5.77,5.82,5.76,5.78
603117,万林物流,4.84,1.6806722689075646,0.08000000000000007,15887017.0,3290220,0,4.8,4.87,4.76,4.76
603118,共进股份,11.57,0.43402777777778395,0.05000000000000071,90445289.0,7820860,0,11.56,11.67,11.49,11.52
603119,浙江荣泰,96.8,7.281391998226747,6.569999999999993,1066851154.0,11290576,0,90.21,96.8,90.21,90.23
603121,华培动力,21.88,-0.22799817601459513,-0.05000000000000071,69507921.0,3187952,0,21.8,22.09,21.68,21.93
603122,合富中国,24.0,-2.9911075181891613,-0.7399999999999984,973432891.0,40126859,0,24.42,24.85,23.65,24.74
603123,翠微股份,14.59,3.695806680881305,0.5199999999999996,1389696962.0,96215687,0,14.3,15.42,13.78,14.07
603124,江南新材,83.9,2.043298467526158,1.6800000000000068,261579547.0,3146519,0,82.22,85.0,81.17,82.22
603125,常青科技,17.87,0.16816143497758484,0.030000000000001137,39283542.0,2212812,0,17.81,17.91,17.62,17.84
603126,中材节能,6.82,0.44182621502209496,0.03000000000000025,26165909.0,3867600,0,6.78,6.82,6.73,6.79
603127,昭衍新药,36.8,2.621305075292799,0.9399999999999977,518149307.0,14198213,0,35.8,37.27,35.67,35.86
603128,华贸物流,6.18,0.8156606851549727,0.04999999999999982,119050458.0,19213865,0,6.19,6.25,6.15,6.13
603129,春风动力,277.89,-0.03956834532374592,-0.11000000000001364,155916953.0,562000,0,277.9,279.99,275.12,278.0
603130,云中马,49.77,4.405286343612338,2.1000000000000014,94719954.0,1971500,0,48.0,49.9,46.88,47.67
603131,上海沪工,29.07,3.821428571428572,1.0700000000000003,647007140.0,22488092,0,28.2,29.17,27.92,28.0
603132,金徽股份,14.31,-0.7628294036060987,-0.10999999999999943,46497298.0,3256400,0,14.32,14.41,14.15,14.42
603135,中重科技,9.2,0.7667031763417141,0.06999999999999851,15545328.0,1699207,0,9.14,9.22,9.06,9.13
603136,天目湖,11.97,-0.581395348837197,-0.06999999999999851,42932459.0,3580910,0,12.1,12.13,11.9,12.04
603137,恒尚节能,14.05,0.07122507122508237,0.010000000000001563,8028011.0,571700,0,14.09,14.09,13.98,14.04
603138,海量数据,13.94,0.0717875089734371,0.009999999999999787,15000890.0,1076020,0,13.95,14.0,13.88,13.93
603139,康惠股份,20.82,-1.1865211200759374,-0.25,18744033.0,895200,0,21.11,21.45,20.75,21.07
603150,万朗磁塑,40.83,1.7443309244953793,0.6999999999999957,63801594.0,1578664,0,40.01,41.15,39.62,40.13
603151,邦基科技,18.55,0.2702702702702741,0.05000000000000071,14967864.0,809600,0,18.51,18.58,18.37,18.5
603153,上海建科,17.16,0.704225352112682,0.120000000000001,18427499.0,1074200,0,17.09,17.24,17.0,17.04
603155,新亚强,17.46,0.4602991944764203,0.08000000000000185,63431084.0,3672201,0,17.17,17.6,16.93,17.38
603156,养元饮品,27.16,0.9665427509293738,0.26000000000000156,106875381.0,3922000,0,26.9,27.54,26.81,26.9
603158,腾龙股份,10.78,2.5689819219790637,0.2699999999999996,178894105.0,16705300,0,10.49,10.83,10.45,10.51
603159,上海亚虹,26.19,3.517786561264824,0.8900000000000006,154236152.0,5988980,0,24.25,26.98,24.13,25.3
603160,汇顶科技,78.72,0.2036659877800364,0.1599999999999966,139201964.0,1768985,0,78.43,79.19,78.22,78.56
603161,科华控股,13.86,0.4347826086956429,0.05999999999999872,22261298.0,1608352,0,13.8,13.89,13.74,13.8
603162,海通发展,12.7,-2.307692307692313,-0.3000000000000007,330551790.0,25659292,0,13.11,13.25,12.59,13.0
603163,圣晖集成,83.7,7.15657406221995,5.590000000000003,514292329.0,6384500,0,79.99,85.92,77.89,78.11
603165,荣晟环保,13.01,3.0903328050713204,0.39000000000000057,36244865.0,2813508,0,12.66,13.09,12.57,12.62
603166,福达股份,15.93,1.9193857965450989,0.29999999999999893,154517121.0,9820120,0,15.7,16.0,15.52,15.63
603167,渤海轮渡,9.46,-0.10559662090812867,-0.009999999999999787,27440540.0,2892600,0,9.49,9.52,9.46,9.47
603168,莎普爱思,7.65,0.13089005235602977,0.010000000000000675,18501130.0,2420400,0,7.66,7.67,7.61,7.64
603169,兰石重装,10.57,0.18957345971563577,0.019999999999999574,287771851.0,27211091,0,10.47,10.63,10.47,10.55
603170,宝立食品,14.47,-0.20689655172413352,-0.02999999999999936,16848175.0,1158400,0,14.65,14.68,14.45,14.5
603171,税友股份,50.99,2.1434294871794877,1.0700000000000003,101535694.0,2018987,0,49.84,50.99,49.77,49.92
603172,万丰股份,18.16,-0.6020799124247369,-0.10999999999999943,15481360.0,850600,0,18.35,18.35,18.06,18.27
603173,福斯达,41.44,0.6313744536182565,0.259999999999998,43864148.0,1064800,0,41.08,41.58,40.81,41.18
603176,汇通集团,5.32,0.5671077504725945,0.03000000000000025,10214334.0,1925800,0,5.34,5.34,5.28,5.29
603177,德创环保,11.41,-0.6962576153176682,-0.08000000000000007,26167287.0,2299600,0,11.58,11.58,11.28,11.49
603178,圣龙股份,18.91,2.4377031419284902,0.4499999999999993,81291135.0,4311097,0,18.73,19.01,18.68,18.46
603179,新泉股份,64.88,1.8524332810046977,1.1799999999999926,460441480.0,7123622,0,63.9,65.33,63.78,63.7
603180,金牌家居,20.81,0.04807692307691351,0.00999999999999801,56512201.0,2675700,0,21.19,22.2,20.76,20.8
603181,皇马科技,14.52,0.7633587786259503,0.10999999999999943,75524802.0,5203904,0,14.36,14.61,14.35,14.41
603182,嘉华股份,16.27,2.3914411579609753,0.379999999999999,22228509.0,1370300,0,15.92,16.55,15.9,15.89
603183,建研院,4.38,0.45871559633026543,0.019999999999999574,23164141.0,5295040,0,4.37,4.4,4.32,4.36
603185,弘元绿能,31.17,2.2637795275590595,0.6900000000000013,488316739.0,15754949,0,30.14,31.35,30.14,30.48
603186,华正新材,46.43,-1.693838661867451,-0.7999999999999972,203596127.0,4393200,0,47.16,47.67,45.72,47.23
603187,海容冷链,15.86,-1.1838006230529674,-0.19000000000000128,65540659.0,4115860,0,16.0,16.13,15.81,16.05
603188,亚邦股份,4.66,0.43103448275863065,0.020000000000000462,23700789.0,5107900,0,4.63,4.67,4.6,4.64
603189,网达软件,19.5,-1.0654490106544945,-0.21000000000000085,75181199.0,3852900,0,19.71,19.72,19.37,19.71
603190,亚通精工,27.62,1.5441176470588298,0.4200000000000017,77582530.0,2825120,0,27.03,27.78,27.03,27.2
603191,望变电气,15.34,0.26143790849672643,0.03999999999999915,43134656.0,2825110,0,15.25,15.36,15.18,15.3
603192,汇得科技,24.04,-0.2903359601824981,-0.07000000000000028,24675384.0,1030490,0,23.95,24.15,23.85,24.11
603193,润本股份,24.55,0.6972928630024681,0.1700000000000017,20936524.0,857000,0,24.49,24.7,24.3,24.38
603194,中力股份,36.72,-1.290322580645172,-0.480000000000004,90632311.0,2445280,0,37.36,37.59,36.6,37.2
603195,公牛集团,41.71,-0.4059216809933183,-0.1700000000000017,44737185.0,1072262,0,41.85,41.89,41.6,41.88
603196,日播时尚,25.47,-0.15680125441004586,-0.0400000000000027,19967032.0,784700,0,25.47,25.57,25.3,25.51
603197,保隆科技,36.62,0.43883708173339714,0.1599999999999966,58480399.0,1606939,0,36.31,36.72,36.15,36.46
603198,迎驾贡酒,40.07,0.7290095525389622,0.28999999999999915,67681713.0,1690400,0,39.77,40.33,39.72,39.78
603199,九华旅游,36.77,-0.1900108577633015,-0.07000000000000028,18888599.0,513900,0,36.89,36.95,36.62,36.84
603200,上海洗霸,70.45,-1.7159598214285767,-1.230000000000004,185307000.0,2632472,0,71.62,71.62,70.0,71.68
603201,常润股份,16.93,0.29620853080569143,0.05000000000000071,5064941.0,299300,0,16.96,16.97,16.81,16.88
603203,快克智能,38.17,1.1125827814569582,0.4200000000000017,322143528.0,8508852,0,37.0,38.72,37.0,37.75
603205,健尔康,27.36,0.10976948408342897,0.030000000000001137,8862607.0,324292,0,27.44,27.44,27.16,27.33
603206,嘉环科技,17.14,0.9422850412249714,0.16000000000000014,40181545.0,2354210,0,17.03,17.15,16.96,16.98
603207,小方制药,29.02,0.0,0.0,9570680.0,330200,0,28.94,29.08,28.89,29.02
603208,江山欧派,14.8,-0.2022926500337111,-0.02999999999999936,10526234.0,710900,0,14.83,14.87,14.77,14.83
603209,兴通股份,16.26,1.7521902377972538,0.28000000000000114,101604371.0,6270600,0,16.08,16.4,16.02,15.98
603211,晋拓股份,22.37,3.564814814814812,0.7699999999999996,222433076.0,10221800,0,21.22,22.48,21.02,21.6
603212,赛伍技术,15.01,0.06666666666666525,0.009999999999999787,489323132.0,32801911,0,14.98,15.14,14.68,15.0
603213,镇洋发展,13.18,0.38080731150037267,0.049999999999998934,10464964.0,793900,0,13.1,13.23,13.1,13.13
603214,爱婴室,17.38,-1.0813887307911285,-0.19000000000000128,74285868.0,4260300,0,17.48,17.64,17.34,17.57
603215,比依股份,21.17,0.905624404194477,0.19000000000000128,39615021.0,1873800,0,20.98,21.42,20.86,20.98
603216,梦天家居,38.56,3.9913700107874974,1.480000000000004,143247178.0,3758300,0,36.76,38.97,36.76,37.08
603217,元利科技,24.88,-1.0735586481113304,-0.2699999999999996,35436917.0,1422200,0,25.29,25.29,24.8,25.15
603218,日月股份,13.29,1.0646387832699529,0.1399999999999988,68763739.0,5184600,0,13.2,13.35,13.11,13.15
603219,富佳股份,16.22,1.7565872020075244,0.27999999999999936,30788501.0,1911040,0,15.84,16.23,15.84,15.94
603220,中贝通信,21.28,0.04701457451810796,0.010000000000001563,62245572.0,2916952,0,21.47,21.49,21.25,21.27
603221,爱丽家居,12.62,-0.8641005498821775,-0.11000000000000121,72484307.0,5681666,0,12.75,13.0,12.53,12.73
603222,济民健康,9.55,-0.5208333333333223,-0.049999999999998934,81773940.0,8561301,0,9.58,9.7,9.47,9.6
603223,恒通股份,9.7,1.041666666666663,0.09999999999999964,41629371.0,4306400,0,9.55,9.76,9.55,9.6
603225,新凤鸣,18.94,3.553854565336261,0.6500000000000021,173872269.0,9216678,0,18.5,19.18,18.29,18.29
603226,菲林格尔,31.57,-1.4976599063962461,-0.4799999999999969,67025162.0,2111635,0,32.0,32.19,31.32,32.05
603227,雪峰科技,8.26,-0.840336134453785,-0.07000000000000028,33769424.0,4084400,0,8.32,8.32,8.24,8.33
603228,景旺电子,75.95,-0.8485639686683963,-0.6499999999999915,1194312412.0,15888247,0,76.7,77.86,73.7,76.6
603229,奥翔药业,9.62,0.5224660397074078,0.049999999999998934,16795262.0,1751637,0,9.54,9.65,9.52,9.57
603230,内蒙新华,12.68,-0.7047768206734523,-0.08999999999999986,22133315.0,1745400,0,12.68,12.77,12.61,12.77
603231,索宝蛋白,18.62,0.3232758620689778,0.060000000000002274,17589937.0,947500,0,18.55,18.65,18.49,18.56
603232,格尔软件,21.76,-1.000909918107365,-0.21999999999999886,192515426.0,8854480,0,21.82,21.96,21.55,21.98
603233,大参林,18.07,0.5564830272676763,0.10000000000000142,37632002.0,2086101,0,18.04,18.14,17.93,17.97
603235,天新药业,27.33,0.2935779816513699,0.0799999999999983,6362312.0,233272,0,27.21,27.37,27.18,27.25
603236,移远通信,94.73,-0.25271138254184994,-0.23999999999999488,323546013.0,3420722,0,94.69,95.31,93.94,94.97
603237,五芳斋,16.78,0.0,0.0,10654635.0,636660,0,16.84,16.84,16.61,16.78
603238,诺邦股份,17.32,-0.7449856733524299,-0.129999999999999,15219299.0,878500,0,17.39,17.56,17.21,17.45
603239,浙江仙通,21.12,1.1494252873563313,0.240000000000002,71102437.0,3379300,0,20.88,21.37,20.78,20.88
603255,鼎际得,29.35,-2.068735402068727,-0.6199999999999974,24447667.0,829900,0,29.97,29.99,29.08,29.97
603256,宏和科技,38.62,1.6583311397736125,0.6299999999999955,830557515.0,21623306,0,37.78,38.92,37.78,37.99
603258,电魂网络,18.73,1.6829533116177995,0.3099999999999987,22128283.0,1194776,0,18.42,18.79,18.3,18.42
603259,药明康德,90.66,-0.17617264919620854,-0.1599999999999966,749440476.0,8267625,0,90.88,91.09,90.28,90.82
603260,合盛硅业,52.98,0.7799124976222116,0.4099999999999966,301014315.0,5698473,0,52.5,53.3,51.98,52.57
603261,*ST立航,25.04,3.68530020703934,0.8900000000000006,46033734.0,1827400,0,24.5,25.36,24.2,24.15
603266,天龙股份,22.39,1.8653321201091908,0.41000000000000014,99450167.0,4457295,0,22.45,22.58,22.0,21.98
603267,鸿远电子,51.75,0.13544891640866927,0.07000000000000028,276961365.0,5381911,0,51.53,51.97,51.0,51.68
603268,*ST松发,85.98,1.1410422303258427,0.9699999999999989,222796602.0,2639780,0,82.84,87.0,82.7,85.01
603269,海鸥股份,12.89,2.2204599524187243,0.28000000000000114,69035894.0,5424974,0,12.54,12.92,12.54,12.61
603270,金帝股份,24.53,1.6998341625207303,0.41000000000000014,33919280.0,1395300,0,24.19,24.63,24.01,24.12
603271,永杰新材,42.38,-1.2121212121212028,-0.519999999999996,60556417.0,1432488,0,42.9,42.9,41.98,42.9
603272,联翔股份,18.51,-1.22732123799358,-0.22999999999999687,15744856.0,846600,0,18.87,18.89,18.45,18.74
603273,天元智能,20.28,-0.5882352941176345,-0.11999999999999744,52823992.0,2611109,0,20.41,20.41,20.13,20.4
603275,众辰科技,42.54,1.7459937813920041,0.7299999999999969,44192648.0,1048542,0,41.69,42.57,41.65,41.81
603276,恒兴新材,16.59,0.8510638297872375,0.14000000000000057,10769363.0,651846,0,16.53,16.62,16.41,16.45
603277,银都股份,17.27,-0.4610951008645639,-0.08000000000000185,6276576.0,363035,0,17.36,17.4,17.23,17.35
603278,大业股份,11.64,10.018903591682424,1.0600000000000005,707188622.0,63320020,0,10.68,11.64,10.39,10.58
603279,景津装备,15.82,0.38071065989848035,0.0600000000000005,34766824.0,2191538,0,15.76,15.95,15.7,15.76
603280,南方路机,38.2,-0.5208333333333223,-0.19999999999999574,39656949.0,1035200,0,38.19,38.9,38.05,38.4
603281,江瀚新材,28.01,-0.2137513359458451,-0.05999999999999872,16368647.0,584919,0,28.16,28.16,27.78,28.07
603282,亚光股份,19.91,0.10055304172951016,0.019999999999999574,11462562.0,575815,0,19.89,20.1,19.81,19.89
603283,赛腾股份,45.58,1.288888888888885,0.5799999999999983,352693039.0,7772936,0,45.78,45.8,45.06,45.0
603285,键邦股份,24.7,0.040502227622511176,0.00999999999999801,21829535.0,886000,0,24.65,24.77,24.4,24.69
603286,日盈电子,58.3,0.18903591682419563,0.10999999999999943,139032091.0,2383700,0,58.35,58.98,57.8,58.19
603288,海天味业,37.29,-0.16064257028113058,-0.060000000000002274,245034556.0,6576121,0,37.34,37.34,37.16,37.35
603289,泰瑞机器,10.08,0.9009009009008995,0.08999999999999986,16810216.0,1676500,0,10.01,10.09,9.88,9.99
603290,斯达半导,95.83,-0.22904737116085255,-0.21999999999999886,129776600.0,1352120,0,96.05,96.67,95.5,96.05
603291,联合水务,9.68,-0.2061855670103049,-0.019999999999999574,13306093.0,1375900,0,9.68,9.71,9.63,9.7
603296,华勤技术,93.17,-1.3552143991529921,-1.2800000000000011,371274943.0,3988468,0,94.51,94.55,92.16,94.45
603297,永新光学,104.16,-1.6616314199395819,-1.7600000000000051,106570679.0,1020698,0,105.97,106.0,103.68,105.92
603298,杭叉集团,27.25,-1.0530137981118344,-0.28999999999999915,68909623.0,2518640,0,27.65,27.77,27.18,27.54
603299,苏盐井神,10.24,-0.19493177387913815,-0.019999999999999574,14880168.0,1455400,0,10.25,10.25,10.2,10.26
603300,海南华铁,7.52,-2.464332036316477,-0.1900000000000004,786832116.0,103825325,0,7.68,7.7,7.5,7.71
603301,振德医疗,71.34,-3.13645621181263,-2.3100000000000023,266024995.0,3686600,0,74.05,75.71,70.96,73.65
603303,得邦照明,13.03,0.0,0.0,8285201.0,636600,0,13.08,13.11,12.9,13.03
603305,旭升集团,15.38,10.01430615164521,1.4000000000000004,1463088333.0,98523729,0,14.0,15.38,13.88,13.98
603306,华懋科技,61.4,-2.6941362916006386,-1.7000000000000028,398151367.0,6412616,0,62.97,63.4,61.26,63.1
603307,扬州金泉,39.76,0.37869224943195806,0.14999999999999858,6578264.0,166100,0,39.61,39.82,39.38,39.61
603308,应流股份,42.64,1.5479876160990678,0.6499999999999986,347164398.0,8227967,0,41.99,42.95,41.61,41.99
603309,维力医疗,13.76,0.07272727272727117,0.009999999999999787,14725350.0,1069330,0,13.78,13.82,13.74,13.75
603310,巍华新材,17.1,0.11709601873538132,0.020000000000003126,7466698.0,437600,0,17.1,17.12,17.01,17.08
603311,金海高科,14.6,-1.8817204301075345,-0.28000000000000114,269843303.0,18213755,0,14.53,15.26,14.52,14.88
603312,西典新能,48.26,0.12448132780081984,0.05999999999999517,38911934.0,814100,0,48.06,48.35,47.57,48.2
603313,梦百合,9.48,-0.836820083682009,-0.08000000000000007,33723189.0,3537776,0,9.57,9.7,9.43,9.56
603315,福鞍股份,15.61,1.2321660181582328,0.1899999999999995,105941698.0,6875504,0,15.3,15.67,15.23,15.42
603316,诚邦股份,14.41,0.8397480755773339,0.120000000000001,51088313.0,3558500,0,14.29,14.64,14.16,14.29
603317,天味食品,12.63,0.7177033492823097,0.09000000000000163,31174611.0,2468020,0,12.62,12.71,12.56,12.54
603318,水发燃气,6.81,0.7396449704141985,0.04999999999999982,43028217.0,6306800,0,6.74,6.89,6.74,6.76
603319,美湖股份,36.98,-0.40398599515218336,-0.15000000000000568,338362426.0,9266644,0,37.27,37.37,36.01,37.13
603320,迪贝电气,18.61,0.5402485143165741,0.09999999999999787,12423506.0,669800,0,18.45,18.65,18.41,18.51
603321,梅轮电梯,8.27,0.24242424242423727,0.019999999999999574,27319272.0,3327500,0,8.22,8.27,8.12,8.25
603322,超讯通信,38.32,-1.287995878413189,-0.5,201319581.0,5237838,0,38.81,38.83,38.2,38.82
603323,苏农银行,5.12,-0.5825242718446649,-0.03000000000000025,74634754.0,14513909,0,5.14,5.17,5.12,5.15
603324,盛剑科技,25.57,0.590086546026745,0.14999999999999858,78101223.0,3078360,0,25.28,25.67,25.15,25.42
603325,XD博隆技,78.01,-0.3830928361639601,-0.29999999999999716,17878177.0,229193,0,78.26,78.26,77.82,78.31
603326,我乐家居,9.11,0.44101433296581194,0.03999999999999915,18613343.0,2045600,0,9.1,9.17,9.02,9.07
603327,福蓉科技,11.08,-0.4492362982929084,-0.05000000000000071,198496993.0,18000503,0,11.01,11.11,10.95,11.13
603328,依顿电子,11.23,-1.1443661971830899,-0.129999999999999,87136899.0,7773602,0,11.36,11.38,11.13,11.36
603329,上海雅仕,11.27,1.0762331838564951,0.11999999999999922,14243431.0,1267860,0,11.2,11.3,11.15,11.15
603330,天洋新材,7.46,0.26881720430106953,0.019999999999999574,21385649.0,2888300,0,7.46,7.47,7.35,7.44
603331,百达精工,12.94,2.9435163086714335,0.3699999999999992,103084808.0,7957800,0,12.77,13.46,12.68,12.57
603332,苏州龙杰,12.68,1.1164274322169105,0.14000000000000057,38320273.0,3044500,0,12.49,12.74,12.45,12.54
603333,尚纬股份,8.07,0.4981320049813316,0.040000000000000924,26748043.0,3325800,0,8.04,8.09,7.98,8.03
603335,迪生力,5.64,0.35587188612098886,0.019999999999999574,16355762.0,2906188,0,5.68,5.68,5.59,5.62
603336,宏辉果蔬,8.47,0.35545023696683814,0.030000000000001137,25154710.0,2987353,0,8.45,8.49,8.37,8.44
603337,杰克科技,40.47,3.0295315682280997,1.1899999999999977,74745942.0,1879450,0,39.37,40.57,39.1,39.28
603338,浙江鼎力,56.07,-0.1602564102564037,-0.0899999999999963,160148960.0,2861705,0,56.26,56.5,55.66,56.16
603339,四方科技,13.2,1.3046815042210278,0.16999999999999993,71287509.0,5344148,0,13.11,13.68,13.11,13.03
603341,龙旗科技,42.64,-0.11712344811430583,-0.04999999999999716,144324250.0,3392700,0,42.55,42.74,42.32,42.69
603344,星德胜,32.87,0.550627103089629,0.17999999999999972,176216496.0,5438056,0,33.0,33.28,31.89,32.69
603345,安井食品,80.76,-0.11131725417438368,-0.0899999999999892,119325348.0,1475705,0,80.62,81.41,80.4,80.85
603348,文灿股份,19.37,0.10335917312661276,0.019999999999999574,14528610.0,751200,0,19.31,19.41,19.29,19.35
603350,安乃达,37.96,0.3171247357293801,0.11999999999999744,17471732.0,461300,0,37.98,38.02,37.68,37.84
603351,威尔药业,26.27,0.9607993850883935,0.25,15665130.0,600000,0,25.98,26.35,25.86,26.02
603353,和顺石油,24.94,-1.1494252873563184,-0.28999999999999915,53959629.0,2157230,0,25.2,25.2,24.87,25.23
603355,莱克电气,29.51,0.13573125212080997,0.0400000000000027,32077089.0,1091021,0,29.42,29.74,29.1,29.47
603356,华菱精工,14.46,1.9746121297602337,0.28000000000000114,29259278.0,2036900,0,14.18,14.53,14.07,14.18
603357,设计总院,8.1,0.0,0.0,9288151.0,1146856,0,8.1,8.14,8.08,8.1
603358,华达科技,46.14,3.4065441506051166,1.5200000000000031,146030708.0,3195044,0,45.51,46.25,44.71,44.62
603359,东珠生态,8.35,1.5815085158150728,0.129999999999999,87847257.0,10575100,0,8.2,8.43,8.18,8.22
603360,百傲化学,30.17,-1.2761780104711944,-0.389999999999997,119307562.0,3950081,0,30.44,30.76,30.05,30.56
603363,傲农生物,4.64,-0.42918454935623307,-0.020000000000000462,76912090.0,16553600,0,4.63,4.69,4.62,4.66
603365,水星家纺,20.15,0.9013520280420618,0.17999999999999972,14456412.0,719100,0,20.16,20.19,20.01,19.97
603366,日出东方,9.99,-1.769911504424776,-0.17999999999999972,239070206.0,23835600,0,10.14,10.15,9.94,10.17
603367,辰欣药业,17.93,-0.6648199445983435,-0.120000000000001,85555600.0,4768768,0,18.07,18.09,17.85,18.05
603368,柳药集团,18.06,-0.22099447513813644,-0.0400000000000027,32325560.0,1789852,0,18.09,18.13,18.0,18.1
603369,今世缘,35.23,0.14212620807276052,0.04999999999999716,67849894.0,1923423,0,35.16,35.42,35.16,35.18
603373,安邦护卫,38.18,-0.31331592689294374,-0.11999999999999744,20993919.0,550400,0,38.47,38.47,37.81,38.3
603375,盛景微,37.27,-0.16072863648538754,-0.05999999999999517,31699062.0,852400,0,37.18,37.4,37.04,37.33
603377,ST东时,3.81,1.0610079575596827,0.040000000000000036,9961368.0,2617582,0,3.77,3.84,3.76,3.77
603378,亚士创能,6.61,0.0,0.0,20968853.0,3183803,0,6.61,6.66,6.53,6.61
603379,三美股份,60.27,2.709611451942746,1.5900000000000034,262440498.0,4390258,0,58.52,60.58,58.33,58.68
603380,易德龙,40.76,5.431971029487847,2.1000000000000014,245072738.0,6129480,0,39.12,40.88,38.76,38.66
603381,永臻股份,19.98,-0.24962556165751726,-0.05000000000000071,19413947.0,970300,0,20.03,20.08,19.96,20.03
603383,顶点软件,36.56,0.7440066133921276,0.2700000000000031,81297431.0,2223456,0,36.31,36.74,36.12,36.29
603385,惠达卫浴,7.01,0.7183908045976987,0.04999999999999982,21196193.0,3015500,0,6.97,7.11,6.92,6.96
603386,骏亚科技,15.25,0.9265387160820686,0.14000000000000057,185357242.0,12262520,0,14.96,15.33,14.96,15.11
603387,基蛋生物,8.28,0.3636363636363559,0.02999999999999936,12732632.0,1541624,0,8.25,8.29,8.23,8.25
603388,*ST元成,0.58,0.0,0.0,0.0,0,0,0.0,0.0,0.0,0.58
603389,*ST亚振,43.0,5.006105006104999,2.049999999999997,71072549.0,1659820,0,42.49,43.0,41.76,40.95
603390,通达电气,13.07,0.46118370484243276,0.0600000000000005,54210819.0,4159200,0,13.0,13.12,12.88,13.01
603391,力聚热能,68.18,0.3975850390222504,0.27000000000001023,45070749.0,668500,0,67.93,68.56,66.91,67.91
603392,万泰生物,46.27,-0.6868426701008806,-0.3200000000000003,53729144.0,1161318,0,46.47,46.72,46.13,46.59
603393,新天然气,27.07,0.5572065378900393,0.14999999999999858,53274079.0,1970003,0,26.92,27.12,26.92,26.92
603395,红四方,29.69,0.13490725126476458,0.0400000000000027,22795794.0,767925,0,29.79,29.79,29.61,29.65
603396,金辰股份,33.91,1.709658068386302,0.5699999999999932,149484915.0,4472400,0,33.59,34.47,32.64,33.34
603398,*ST沐邦,8.1,5.05836575875486,0.3899999999999997,102669058.0,12755340,0,7.99,8.1,7.85,7.71
603399,永杉锂业,10.53,-2.8597785977859824,-0.3100000000000005,111642304.0,10576100,0,10.56,10.67,10.48,10.84
603408,建霖家居,13.89,0.5792903692976109,0.08000000000000007,53277659.0,3838300,0,13.92,14.15,13.61,13.81
603409,汇通控股,37.34,0.6469002695417843,0.240000000000002,55073482.0,1486095,0,37.1,37.35,36.55,37.1
603416,信捷电气,53.46,1.3459715639810443,0.7100000000000009,64999904.0,1226200,0,52.57,53.51,52.52,52.75
603421,鼎信通讯,8.24,-1.080432172869146,-0.08999999999999986,108570449.0,13070400,0,8.3,8.45,8.2,8.33
603429,集友股份,9.95,0.0,0.0,26576128.0,2680108,0,9.97,9.98,9.87,9.95
603439,三力制药,11.83,-0.08445945945945767,-0.009999999999999787,7701432.0,650700,0,11.81,11.86,11.81,11.84
603444,吉比特,437.01,0.2684471365638803,1.170000000000016,332568812.0,761298,0,435.11,438.8,433.0,435.84
603456,九洲药业,18.23,-0.21893814997262806,-0.03999999999999915,62458917.0,3424442,0,18.3,18.32,18.18,18.27
603458,勘设股份,8.78,-1.2373453318335343,-0.11000000000000121,120526670.0,13839081,0,8.73,8.9,8.57,8.89
603466,风语筑,9.13,0.21953896816686447,0.02000000000000135,30647985.0,3357818,0,9.08,9.18,9.08,9.11
603477,巨星农牧,16.98,0.23612750885477654,0.03999999999999915,37985313.0,2242464,0,16.92,17.06,16.85,16.94
603486,科沃斯,80.27,1.1976802824004071,0.9500000000000028,256570235.0,3198200,0,79.69,81.15,79.51,79.32
603488,展鹏科技,7.84,-0.1273885350318444,-0.009999999999999787,14769497.0,1886300,0,7.85,7.88,7.8,7.85
603489,八方股份,29.79,2.3711340206185487,0.6899999999999977,60240381.0,2034276,0,29.01,29.9,29.01,29.1
603496,恒为科技,26.63,0.41478129713423617,0.10999999999999943,54387259.0,2045282,0,26.53,26.71,26.45,26.52
603499,翔港科技,20.75,0.7770762506070915,0.16000000000000014,49790898.0,2406060,0,20.62,20.84,20.55,20.59
603500,祥和实业,12.0,1.6949152542372818,0.1999999999999993,37586377.0,3154840,0,11.81,12.0,11.8,11.8
603501,豪威集团,127.09,0.46640316205533866,0.5900000000000034,774313909.0,6111917,0,126.08,127.77,125.8,126.5
603505,金石资源,19.26,2.7748132337246703,0.5200000000000031,289382869.0,15002181,0,18.67,19.57,18.66,18.74
603506,南都物业,13.24,-1.1940298507462697,-0.16000000000000014,71702416.0,5429400,0,13.42,13.46,13.07,13.4
603507,振江股份,24.79,0.527169505271691,0.129999999999999,59104566.0,2393920,0,24.53,24.99,24.49,24.66
603508,思维列控,27.88,-0.21474588403723074,-0.060000000000002274,43842573.0,1575196,0,27.94,27.94,27.74,27.94
603511,爱慕股份,15.89,-0.06289308176100496,-0.009999999999999787,9371749.0,589900,0,15.97,15.97,15.8,15.9
603515,欧普照明,18.23,0.4407713498622691,0.08000000000000185,14380042.0,789950,0,18.21,18.36,18.03,18.15
603516,淳中科技,221.95,-2.3923655393816783,-5.439999999999998,1040162432.0,4680619,0,222.4,226.99,219.09,227.39
603517,ST绝味,13.16,0.2284843869002236,0.02999999999999936,40440685.0,3063700,0,13.16,13.29,13.13,13.13
603518,锦泓集团,10.02,-1.2807881773399092,-0.13000000000000078,75913131.0,7568900,0,10.1,10.14,9.96,10.15
603519,立霸股份,12.02,0.16666666666666313,0.019999999999999574,9723147.0,809700,0,12.0,12.06,11.95,12.0
603520,司太立,9.54,-0.2092050209205162,-0.02000000000000135,33276290.0,3499274,0,9.55,9.58,9.41,9.56
603527,众源新材,10.91,-0.36529680365296024,-0.03999999999999915,51198354.0,4728332,0,10.87,10.94,10.73,10.95
603528,多伦科技,10.71,0.8474576271186595,0.09000000000000163,465159530.0,44389990,0,10.45,10.85,10.33,10.62
603529,爱玛科技,30.15,0.5335111703901305,0.16000000000000014,61846919.0,2051326,0,29.92,30.25,29.85,29.99
603530,神马电力,42.52,1.0936757013789844,0.46000000000000085,147637699.0,3459649,0,42.07,43.2,41.69,42.06
603533,掌阅科技,19.2,-0.10405827263267209,-0.019999999999999574,95378346.0,4963800,0,19.17,19.3,19.12,19.22
603535,嘉诚国际,11.17,-0.17873100983020174,-0.019999999999999574,70225701.0,6259549,0,11.29,11.37,11.14,11.19
603536,惠发食品,11.81,-1.2541806020066917,-0.15000000000000036,69588853.0,5845400,0,11.96,12.12,11.73,11.96
603538,美诺华,19.67,-0.7568113017154318,-0.14999999999999858,32129268.0,1631810,0,19.8,19.82,19.6,19.82
603551,奥普科技,12.13,0.66390041493776,0.08000000000000007,21199534.0,1770700,0,12.0,12.15,11.83,12.05
603556,海兴电力,34.52,-0.6046645551396308,-0.20999999999999375,64415075.0,1853500,0,34.73,35.19,34.5,34.73
603557,ST起步,2.68,0.3745318352060012,0.010000000000000231,11292410.0,4235400,0,2.66,2.68,2.64,2.67
603558,健盛集团,11.42,0.35149384885763746,0.03999999999999915,15293344.0,1336800,0,11.38,11.48,11.38,11.38
603559,ST通脉,7.99,0.0,0.0,1973830.0,246600,0,7.95,8.04,7.95,7.99
603565,中谷物流,10.58,0.18939393939393534,0.019999999999999574,92191977.0,8699488,0,10.57,10.68,10.5,10.56
603566,普莱柯,12.77,0.23547880690737333,0.02999999999999936,16448205.0,1289000,0,12.74,12.8,12.71,12.74
603567,珍宝岛,9.74,-0.40899795501021624,-0.03999999999999915,14727666.0,1508000,0,9.78,9.82,9.74,9.78
603568,伟明环保,25.32,-0.7058823529411754,-0.17999999999999972,79474356.0,3143559,0,25.5,25.59,24.94,25.5
603569,长久物流,7.78,1.3020833333333404,0.10000000000000053,28510300.0,3660492,0,7.72,7.85,7.72,7.68
603577,汇金通,10.47,0.8670520231213859,0.08999999999999986,41873405.0,4014800,0,10.35,10.54,10.33,10.38
603578,三星新材,12.13,-0.3286770747740275,-0.03999999999999915,14066069.0,1159300,0,12.34,12.38,12.05,12.17
603579,荣泰健康,23.55,1.464885825075398,0.33999999999999986,82638826.0,3529983,0,23.24,23.75,23.09,23.21
603580,*ST艾艾,15.47,1.843317972350238,0.28000000000000114,8557336.0,561000,0,15.35,15.49,15.03,15.19
603583,捷昌驱动,35.8,2.2564981433876015,0.7899999999999991,141044573.0,3969798,0,35.11,35.86,35.0,35.01
603585,苏利股份,19.56,0.7209062821833008,0.13999999999999702,105328044.0,5432210,0,19.51,19.65,19.18,19.42
603586,金麒麟,18.88,0.3188097768331494,0.05999999999999872,22640271.0,1203000,0,18.78,18.95,18.69,18.82
603587,地素时尚,13.67,5.315870570107855,0.6899999999999995,119068009.0,8746202,0,12.97,14.0,12.94,12.98
603588,高能环境,7.54,0.9370816599732301,0.07000000000000028,169282124.0,22785096,0,7.44,7.58,7.34,7.47
603589,口子窖,30.75,-0.032509752925882845,-0.010000000000001563,33865530.0,1100393,0,30.76,30.9,30.65,30.76
603590,康辰药业,40.14,-1.5210991167811518,-0.6199999999999974,44608067.0,1104700,0,40.99,41.0,40.06,40.76
603595,ST东尼,16.5,0.3649635036496272,0.05999999999999872,19944754.0,1212600,0,16.43,16.51,16.38,16.44
603596,伯特利,51.44,1.7807677087455454,0.8999999999999986,559982851.0,11141588,0,49.8,51.58,49.14,50.54
603598,引力传媒,16.2,-0.552486187845303,-0.08999999999999986,69169531.0,4256000,0,16.35,16.42,16.17,16.29
603599,广信股份,11.57,1.2248468941382378,0.14000000000000057,57285919.0,4959325,0,11.41,11.69,11.36,11.43
603600,永艺股份,12.38,-0.0807102502017739,-0.009999999999999787,33340078.0,2683300,0,12.4,12.53,12.33,12.39
603601,再升科技,12.13,9.972801450589316,1.1000000000000014,998064268.0,82361501,0,12.13,12.13,11.98,11.03
603602,纵横通信,14.55,1.5352407536636472,0.22000000000000064,23146528.0,1604082,0,14.34,14.58,14.25,14.33
603605,珀莱雅,67.83,-0.4841549295774623,-0.3299999999999983,85917542.0,1264538,0,68.16,68.45,67.68,68.16
603606,东方电缆,62.14,0.6152849740932684,0.38000000000000256,202058925.0,3271972,0,61.6,62.6,60.96,61.76
603607,京华激光,25.55,1.2683313515655976,0.3200000000000003,86680735.0,3434580,0,25.3,25.76,24.8,25.23
603608,天创时尚,8.33,0.0,0.0,0.0,0,0,0.0,0.0,0.0,8.33
603609,禾丰股份,7.1,0.4243281471004153,0.02999999999999936,9900067.0,1396355,0,7.08,7.12,7.04,7.07
603610,麒盛科技,20.29,-0.24582104228122276,-0.05000000000000071,87919270.0,4361202,0,20.4,20.4,19.9,20.34
603611,诺力股份,24.39,2.0075282308657485,0.4800000000000004,75882924.0,3117000,0,23.9,24.46,23.9,23.91
603612,索通发展,24.03,1.9516334323292357,0.46000000000000085,250981332.0,10526704,0,23.47,24.16,23.45,23.57
603613,国联股份,27.7,-0.28797696184305915,-0.08000000000000185,111521899.0,4024622,0,27.73,27.93,27.58,27.78
603615,茶花股份,23.23,1.2641673931996475,0.28999999999999915,20843167.0,902900,0,22.89,23.3,22.89,22.94
603616,韩建河山,5.16,0.3891050583657678,0.020000000000000462,16470628.0,3206100,0,5.18,5.18,5.1,5.14
603617,君禾股份,7.39,-0.269905533063434,-0.020000000000000462,39613128.0,5385500,0,7.41,7.44,7.31,7.41
603618,杭电股份,8.61,0.3496503496503422,0.02999999999999936,220019685.0,25619920,0,8.57,8.7,8.47,8.58
603619,中曼石油,22.12,-1.117568171658471,-0.25,42489886.0,1914519,0,22.3,22.35,22.06,22.37
603626,科森科技,15.47,-1.5276893698281362,-0.2400000000000002,526490937.0,34298198,0,15.8,16.01,15.07,15.71
603628,清源股份,14.16,0.8547008547008619,0.120000000000001,100086306.0,7126331,0,13.94,14.28,13.85,14.04
603629,利通电子,27.08,0.7815407517677607,0.2099999999999973,215374110.0,8067060,0,26.57,27.3,26.25,26.87
603630,拉芳家化,20.19,0.397812033814032,0.08000000000000185,22111503.0,1098600,0,20.1,20.26,20.01,20.11
603633,徕木股份,10.08,-0.7874015748031503,-0.08000000000000007,40262647.0,4017889,0,10.16,10.17,9.95,10.16
603636,南威软件,11.79,0.08488964346349565,0.009999999999999787,81394829.0,6911136,0,11.78,11.85,11.69,11.78
603637,镇海股份,10.96,1.9534883720930312,0.21000000000000085,37292571.0,3408600,0,10.81,11.08,10.71,10.75
603638,艾迪精密,18.94,1.2834224598930588,0.240000000000002,35965878.0,1909827,0,18.78,18.98,18.65,18.7
603639,海利尔,12.74,0.0785545954438318,0.009999999999999787,10442741.0,820345,0,12.76,12.76,12.67,12.73
603648,畅联股份,10.64,2.4061597690086622,0.25,42859241.0,4035600,0,10.54,10.74,10.37,10.39
603650,彤程新材,46.42,-1.2970444397193268,-0.6099999999999994,498704273.0,10746371,0,47.0,47.0,45.92,47.03
603655,朗博科技,37.69,0.23936170212764973,0.0899999999999963,27904017.0,737800,0,37.47,38.5,37.37,37.6
603656,泰禾智能,22.68,3.988995873452549,0.870000000000001,85835090.0,3784600,0,21.8,23.34,21.75,21.81
603657,春光科技,31.38,-4.793689320388355,-1.5800000000000018,226992759.0,7099800,0,33.53,34.21,31.16,32.96
603658,安图生物,36.13,0.2497225305216521,0.09000000000000341,21247919.0,588401,0,36.04,36.18,35.94,36.04
603659,璞泰来,27.03,-1.494169096209913,-0.41000000000000014,351377809.0,13033832,0,27.35,27.35,26.75,27.44
603660,苏州科达,10.0,-0.5964214711729672,-0.0600000000000005,130917373.0,13163374,0,10.05,10.08,9.83,10.06
603661,恒林股份,32.22,0.18656716417911157,0.060000000000002274,11040070.0,341100,0,32.32,32.54,32.16,32.16
603662,柯力传感,65.36,2.880528883991812,1.8299999999999983,301626675.0,4645455,0,63.61,65.47,63.61,63.53
603663,三祥新材,35.16,-0.957746478873249,-0.3400000000000034,112586216.0,3190584,0,35.37,35.61,35.01,35.5
603665,康隆达,31.75,4.9239920687376015,1.4899999999999984,71469104.0,2299400,0,30.33,32.08,30.03,30.26
603666,亿嘉和,30.3,2.0545638262041073,0.6099999999999994,106599504.0,3510840,0,29.7,30.71,29.5,29.69
603667,五洲新春,51.75,4.082864038616253,2.030000000000001,1292998091.0,25248895,0,49.91,52.18,49.91,49.72
603668,天马科技,16.41,3.402646502835545,0.5400000000000009,207756181.0,12720671,0,15.88,16.57,15.84,15.87
603669,灵康药业,4.65,-0.214592274678107,-0.009999999999999787,13851211.0,2993500,0,4.66,4.66,4.6,4.66
603676,卫信康,10.93,0.27522935779815927,0.02999999999999936,7012797.0,641600,0,10.95,10.97,10.89,10.9
603677,奇精机械,18.09,1.0614525139664877,0.19000000000000128,26401026.0,1464600,0,17.9,18.15,17.9,17.9
603678,火炬电子,36.92,2.1582733812949675,0.7800000000000011,1384834667.0,37554421,0,36.45,37.5,36.11,36.14
603679,华体科技,15.54,0.8436080467229008,0.129999999999999,207189803.0,13439915,0,15.41,15.61,15.2,15.41
603680,今创集团,14.8,2.6352288488210873,0.3800000000000008,81760906.0,5665252,0,14.43,14.94,14.13,14.42
603681,永冠新材,19.47,3.124999999999999,0.5899999999999999,79223460.0,4123500,0,18.88,19.53,18.83,18.88
603682,锦和商管,6.5,0.0,0.0,37149498.0,5731600,0,6.47,6.56,6.41,6.5
603683,晶华新材,26.28,-1.8670649738610903,-0.5,127366783.0,4863908,0,26.65,26.8,25.9,26.78
603685,晨丰科技,19.25,-1.785714285714293,-0.3500000000000014,33289907.0,1723955,0,19.62,19.91,19.14,19.6
603686,福龙马,26.03,3.3756949960286,0.8500000000000014,1108735083.0,42886273,0,25.0,26.58,24.9,25.18
603687,大胜达,9.65,1.4721345951629923,0.14000000000000057,103614545.0,10769900,0,9.58,9.96,9.46,9.51
603688,石英股份,37.46,-1.4210526315789451,-0.5399999999999991,178586687.0,4758696,0,37.9,37.9,37.23,38.0
603689,皖天然气,8.26,0.12121212121211863,0.009999999999999787,10552771.0,1277630,0,8.25,8.28,8.23,8.25
603690,至纯科技,30.95,-0.8012820512820514,-0.25,529714887.0,17151682,0,30.82,31.36,30.6,31.2
603693,江苏新能,11.9,0.5067567567567609,0.0600000000000005,12052121.0,1016830,0,11.85,11.91,11.79,11.84
603696,安记食品,28.45,5.840773809523811,1.5700000000000003,1293502295.0,44721886,0,29.04,29.57,27.7,26.88
603697,有友食品,12.64,-0.8627450980392113,-0.10999999999999943,39449039.0,3112800,0,12.85,12.85,12.55,12.75
603698,航天工程,37.42,9.99412110523221,3.3999999999999986,1402603687.0,38399025,0,35.72,37.42,35.0,34.02
603699,纽威股份,53.0,3.860474230844599,1.9699999999999989,165905774.0,3165029,0,51.32,53.08,51.08,51.03
603700,宁水集团,13.21,0.45627376425855887,0.0600000000000005,16149660.0,1226100,0,13.2,13.27,13.07,13.15
603701,德宏股份,20.62,1.2770137524558034,0.26000000000000156,50650978.0,2461940,0,20.39,20.79,20.25,20.36
603703,盛洋科技,14.38,7.073715562174245,0.9500000000000011,986623796.0,69568313,0,13.43,14.77,13.43,13.43
603706,东方环宇,19.73,0.8691206543967368,0.1700000000000017,10930993.0,555400,0,19.62,19.78,19.5,19.56
603707,健友股份,9.25,-0.4305705059203353,-0.03999999999999915,30319613.0,3272140,0,9.31,9.32,9.25,9.29
603708,家家悦,12.27,0.0,0.0,90201309.0,7355600,0,12.27,12.35,12.18,12.27
603709,中源家居,16.36,-1.5051173991571343,-0.25,66713511.0,4040093,0,16.71,16.74,16.34,16.61
603711,香飘飘,14.2,-2.001380262249834,-0.2900000000000009,60703845.0,4263300,0,14.41,14.48,14.1,14.49
603712,七一二,19.76,3.0777256129368795,0.5899999999999999,290904484.0,14818165,0,19.13,20.09,19.11,19.17
603713,密尔克卫,55.26,-0.07233273056057712,-0.03999999999999915,21729794.0,393000,0,55.83,55.83,55.06,55.3
603716,塞力医疗,22.09,2.0323325635103986,0.4400000000000013,335736614.0,15384399,0,21.7,22.5,21.16,21.65
603717,天域生物,7.75,0.7802340702210612,0.05999999999999961,23035837.0,2997700,0,7.7,7.75,7.6,7.69
603718,海利生物,6.24,-0.6369426751592362,-0.040000000000000036,22464839.0,3591500,0,6.3,6.33,6.23,6.28
603719,良品铺子,12.06,0.0,0.0,29339039.0,2427400,0,12.05,12.18,12.03,12.06
603721,*ST天择,19.09,1.2195121951219534,0.23000000000000043,15944075.0,832000,0,18.86,19.32,18.86,18.86
603722,阿科力,37.49,0.5093833780160988,0.19000000000000483,16597372.0,443900,0,37.4,37.58,37.18,37.3
603725,天安新材,9.45,-0.4214963119072805,-0.040000000000000924,13961739.0,1478696,0,9.52,9.54,9.39,9.49
603726,朗迪集团,22.34,-0.975177304964534,-0.21999999999999886,37878595.0,1694700,0,22.5,22.53,22.19,22.56
603727,博迈科,13.92,-0.42918454935622674,-0.0600000000000005,16804968.0,1205198,0,14.0,14.02,13.82,13.98
603728,鸣志电器,65.69,2.962382445141067,1.8900000000000006,304658335.0,4680418,0,64.5,65.8,64.12,63.8
603729,龙韵股份,16.13,0.18633540372669305,0.029999999999997584,21233946.0,1318000,0,16.22,16.23,16.0,16.1
603730,岱美股份,8.1,1.3767209011264008,0.10999999999999943,56204532.0,7024420,0,7.99,8.1,7.88,7.99
603733,仙鹤股份,24.07,2.556455048998728,0.6000000000000014,86974985.0,3660924,0,23.52,24.19,23.24,23.47
603737,三棵树,45.01,1.4195583596214407,0.6299999999999955,93006879.0,2079796,0,44.35,45.28,44.0,44.38
603738,泰晶科技,15.78,1.2836970474967861,0.1999999999999993,117058839.0,7483496,0,15.59,15.78,15.51,15.58
603739,蔚蓝生物,14.33,0.4908835904628351,0.07000000000000028,16227533.0,1135300,0,14.29,14.37,14.22,14.26
603755,日辰股份,36.93,5.665236051502136,1.9799999999999969,88113315.0,2428300,0,34.61,37.31,34.61,34.95
603757,大元泵业,49.37,2.1096173733195367,1.019999999999996,784121019.0,16424550,0,47.3,49.49,45.78,48.35
603758,秦安股份,18.42,0.876232201533407,0.16000000000000014,42502809.0,2305400,0,18.23,18.63,18.1,18.26
603759,海天股份,10.42,-0.4775549188156706,-0.05000000000000071,33194780.0,3188128,0,10.47,10.48,10.37,10.47
603766,隆鑫通用,15.75,2.1400778210116735,0.33000000000000007,191671554.0,12226046,0,15.61,15.97,15.37,15.42
603767,中马传动,23.82,2.275654787462435,0.5300000000000011,107853478.0,4570850,0,23.31,23.82,23.2,23.29
603768,常青股份,11.76,0.5988023952095833,0.07000000000000028,7692693.0,656400,0,11.74,11.77,11.61,11.69
603773,沃格光电,33.3,0.9702850212249857,0.3200000000000003,292947637.0,9093080,0,32.85,33.54,31.46,32.98
603776,永安行,18.01,0.7270693512304394,0.13000000000000256,19386011.0,1082200,0,17.83,18.05,17.81,17.88
603777,来伊份,14.2,-0.9762900976290136,-0.14000000000000057,130329317.0,9180253,0,14.26,14.4,14.06,14.34
603778,国晟科技,15.76,5.27722110888443,0.7899999999999991,886006099.0,57195887,0,14.97,15.8,14.8,14.97
603779,威龙股份,6.58,-0.1517450682852775,-0.009999999999999787,14994555.0,2276300,0,6.59,6.63,6.56,6.59
603786,科博达,73.5,1.9558884727424004,1.4099999999999966,96101156.0,1327975,0,71.83,73.79,71.0,72.09
603787,新日股份,13.11,-0.6065200909780143,-0.08000000000000007,17267151.0,1320100,0,13.14,13.21,13.01,13.19
603788,宁波高发,16.35,0.7393715341959396,0.120000000000001,13446302.0,825300,0,16.23,16.35,16.15,16.23
603789,*ST星农,5.48,0.7352941176470594,0.040000000000000036,5533087.0,1011730,0,5.45,5.5,5.43,5.44
603790,雅运股份,20.13,0.4491017964071849,0.08999999999999986,12195414.0,604500,0,20.3,20.34,19.93,20.04
603797,联泰环保,4.85,1.6771488469601692,0.08000000000000007,33159220.0,6827680,0,4.77,4.92,4.76,4.77
603798,康普顿,15.42,1.581027667984191,0.2400000000000002,45016003.0,2918470,0,15.25,15.57,15.18,15.18
603799,华友钴业,64.94,-3.233497243331846,-2.1700000000000017,2619564703.0,40222754,0,65.7,65.9,64.5,67.11
603800,洪田股份,52.82,-7.382079607224269,-4.210000000000001,456348311.0,8392089,0,58.71,58.71,51.36,57.03
603801,志邦家居,9.24,0.21691973969630773,0.019999999999999574,10788558.0,1166380,0,9.27,9.27,9.22,9.22
603803,瑞斯康达,12.02,-0.8250825082508222,-0.09999999999999964,228013227.0,19017401,0,11.92,12.3,11.86,12.12
603806,福斯特,13.57,-0.22058823529411295,-0.02999999999999936,91486743.0,6728147,0,13.55,13.7,13.51,13.6
603808,歌力思,8.33,0.48250904704464326,0.040000000000000924,12449745.0,1497500,0,8.29,8.36,8.27,8.29
603809,豪能股份,14.05,10.023492560689125,1.2800000000000011,1259775298.0,91846567,0,12.87,14.05,12.85,12.77
603810,丰山集团,16.13,-1.5863331299573007,-0.26000000000000156,25239611.0,1568300,0,16.38,16.4,15.81,16.39
603811,诚意药业,10.74,0.0,0.0,18969371.0,1766880,0,10.76,10.78,10.7,10.74
603813,*ST原尚,39.73,-1.1691542288557362,-0.47000000000000597,10623458.0,266600,0,39.39,40.49,39.39,40.2
603815,交建股份,7.73,1.0457516339869288,0.08000000000000007,147982257.0,19465400,0,7.7,7.79,7.47,7.65
603816,顾家家居,30.9,0.5859374999999991,0.17999999999999972,47020904.0,1527930,0,30.65,30.95,30.55,30.72
603817,海峡环保,7.74,-1.0230179028133002,-0.08000000000000007,132682093.0,17232566,0,7.77,7.77,7.62,7.82
603818,曲美家居,3.62,-0.275482093663906,-0.009999999999999787,15662649.0,4330000,0,3.65,3.65,3.59,3.63
603819,神力股份,11.52,0.9640666082383824,0.10999999999999943,17794945.0,1556300,0,11.41,11.53,11.36,11.41
603822,ST嘉澳,94.6,3.5464098073555115,3.239999999999995,145940136.0,1552245,0,91.68,95.93,91.05,91.36
603823,百合花,15.48,-1.2125079770261615,-0.1899999999999995,44590488.0,2881100,0,15.68,15.69,15.36,15.67
603825,ST华扬,8.85,0.912200684150514,0.08000000000000007,13002169.0,1468200,0,8.76,8.94,8.75,8.77
603826,坤彩科技,17.49,0.4018369690011293,0.06999999999999673,32164147.0,1839400,0,17.4,17.69,17.35,17.42
603828,ST柯利达,8.07,0.6234413965087371,0.05000000000000071,21586618.0,2667955,0,8.09,8.36,7.95,8.02
603829,洛凯股份,22.75,-8.00646987464618,-1.9800000000000004,586538065.0,25040479,0,24.72,24.72,22.5,24.73
603833,欧派家居,52.54,0.05713197486193323,0.030000000000001137,32637476.0,620600,0,52.5,52.89,52.28,52.51
603836,海程邦达,14.06,0.28530670470756725,0.040000000000000924,29719950.0,2108500,0,14.0,14.2,13.99,14.02
603838,*ST四通,7.37,-0.2706359945872744,-0.019999999999999574,1610993.0,219800,0,7.37,7.4,7.24,7.39
603839,安正时尚,7.84,-1.010101010101011,-0.08000000000000007,27102857.0,3444940,0,7.9,7.97,7.79,7.92
603843,*ST正平,4.73,5.1111111111111205,0.23000000000000043,9151131.0,1934700,0,4.73,4.73,4.73,4.5
603848,好太太,18.49,-0.2696871628910502,-0.05000000000000071,13187036.0,715100,0,18.57,18.64,18.32,18.54
603855,华荣股份,19.42,0.7261410788381771,0.14000000000000057,18311354.0,945200,0,19.34,19.43,19.27,19.28
603856,东宏股份,12.83,2.9695024077046486,0.3699999999999992,32698640.0,2563204,0,12.58,13.0,12.49,12.46
603858,步长制药,16.47,-0.1818181818181887,-0.030000000000001137,24620226.0,1494035,0,16.5,16.53,16.44,16.5
603859,能科科技,39.07,-0.9381338742393445,-0.36999999999999744,109458396.0,2801084,0,39.75,39.75,38.79,39.44
603860,中公高科,30.01,0.06668889629877668,0.020000000000003126,15238748.0,508200,0,29.96,30.18,29.82,29.99
603861,白云电器,12.52,1.2126111560226382,0.15000000000000036,143945983.0,11588319,0,12.3,12.55,12.21,12.37
603863,松炀资源,20.68,-2.222222222222217,-0.46999999999999886,130467669.0,6299380,0,21.03,21.27,20.23,21.15
603866,桃李面包,5.33,-0.18726591760299227,-0.009999999999999787,28097686.0,5266088,0,5.34,5.36,5.31,5.34
603867,新化股份,24.95,-0.3196164602477101,-0.08000000000000185,69381916.0,2791990,0,25.03,25.08,24.74,25.03
603868,飞科电器,39.66,5.366631243358119,2.019999999999996,149072273.0,3767000,0,37.63,40.62,37.51,37.64
603869,ST智知,11.21,1.0820559062218305,0.120000000000001,13752034.0,1234675,0,11.18,11.28,11.0,11.09
603871,嘉友国际,13.58,-0.8035062089116103,-0.10999999999999943,42902714.0,3140200,0,13.83,13.86,13.57,13.69
603876,鼎胜新材,13.61,-1.1619462599854766,-0.16000000000000014,232711725.0,17164000,0,13.66,13.76,13.38,13.77
603877,太平鸟,14.91,-0.8643617021276531,-0.129999999999999,19177661.0,1286700,0,15.04,15.04,14.82,15.04
603878,武进不锈,9.88,-0.7035175879396836,-0.06999999999999851,41689081.0,4250000,0,9.95,9.95,9.73,9.95
603879,永悦科技,6.05,0.8333333333333304,0.04999999999999982,205968852.0,33998948,0,6.12,6.17,5.95,6.0
603880,南卫股份,6.36,0.0,0.0,17463350.0,2747200,0,6.4,6.41,6.31,6.36
603881,数据港,30.1,0.23310023310023406,0.07000000000000028,315464391.0,10485788,0,30.0,30.24,29.9,30.03
603882,金域医学,28.04,0.35790980672869677,0.09999999999999787,32284543.0,1153314,0,27.94,28.06,27.9,27.94
603883,老百姓,15.22,-0.2621231979030088,-0.03999999999999915,37504903.0,2461435,0,15.21,15.27,15.2,15.26
603885,吉祥航空,14.29,3.0281182408074976,0.41999999999999993,188028029.0,13327204,0,13.85,14.45,13.79,13.87
603886,元祖股份,13.99,-1.200564971751412,-0.16999999999999993,82582570.0,5855100,0,14.17,14.31,13.98,14.16
603887,城地香江,13.81,-0.5043227665706072,-0.07000000000000028,58783240.0,4242400,0,13.8,13.97,13.78,13.88
603888,新华网,19.09,0.15739769150053062,0.030000000000001137,37074399.0,1939381,0,19.08,19.18,19.07,19.06
603889,新澳股份,7.8,1.6949152542372867,0.1299999999999999,53544336.0,6865382,0,7.61,7.93,7.61,7.67
603890,春秋电子,17.56,1.797101449275355,0.3099999999999987,559020806.0,32565603,0,17.22,17.59,17.0,17.25
603893,瑞芯微,178.08,-0.24088286370510248,-0.4299999999999784,471983205.0,2646383,0,179.49,179.51,177.73,178.51
603895,天永智能,29.15,4.66786355475762,1.2999999999999972,85223882.0,2954300,0,27.66,29.22,27.66,27.85
603896,寿仙谷,19.53,0.10251153254740938,0.019999999999999574,6589802.0,337700,0,19.58,19.58,19.47,19.51
603897,长城科技,27.09,1.0820895522388028,0.28999999999999915,59541878.0,2215910,0,26.8,27.13,26.7,26.8
603898,好莱客,13.09,-0.9833585476550739,-0.13000000000000078,26273944.0,2005500,0,13.22,13.33,12.95,13.22
603899,晨光股份,27.68,0.21723388848659927,0.05999999999999872,34683480.0,1254100,0,27.66,27.72,27.55,27.62
603900,莱绅通灵,8.84,-1.7777777777777795,-0.16000000000000014,41973231.0,4737500,0,8.93,8.96,8.77,9.0
603901,永创智能,14.42,2.269503546099293,0.3200000000000003,145631746.0,10211700,0,14.1,14.56,13.85,14.1
603903,中持股份,14.38,-1.1683848797250853,-0.16999999999999993,49259673.0,3423872,0,14.55,14.61,14.29,14.55
603906,龙蟠科技,20.95,3.049680275454998,0.620000000000001,726723926.0,35327880,0,20.15,21.23,19.86,20.33
603908,牧高笛,23.45,0.17086715079025694,0.03999999999999915,12343300.0,524780,0,23.33,23.76,23.32,23.41
603909,建发合诚,11.82,-0.5887300252312891,-0.07000000000000028,41481174.0,3498519,0,11.87,12.0,11.72,11.89
603912,佳力图,8.72,0.5767012687427994,0.05000000000000071,75371109.0,8689167,0,8.63,8.76,8.57,8.67
603915,国茂股份,17.45,2.106495026331184,0.35999999999999943,119574792.0,6914780,0,17.33,17.47,17.09,17.09
603916,苏博特,9.76,0.20533880903490323,0.019999999999999574,21305898.0,2188695,0,9.72,9.78,9.67,9.74
603917,合力科技,14.71,0.3410641200545751,0.05000000000000071,34558925.0,2357993,0,14.73,14.73,14.57,14.66
603918,金桥信息,15.3,0.59171597633136,0.08999999999999986,40180549.0,2625207,0,15.3,15.35,15.21,15.21
603919,金徽酒,20.27,2.270433905146313,0.4499999999999993,62348486.0,3109930,0,19.76,20.29,19.71,19.82
603920,世运电路,43.36,-1.4769370597591425,-0.6499999999999986,704578172.0,16255771,0,44.21,44.26,42.95,44.01
603922,金鸿顺,19.32,0.46801872074882916,0.08999999999999986,15446277.0,803440,0,19.26,19.37,19.1,19.23
603926,铁流股份,16.18,0.7471980074719864,0.120000000000001,40604999.0,2511528,0,16.14,16.3,16.01,16.06
603927,中科软,19.02,0.21074815595363092,0.03999999999999915,72204458.0,3798920,0,18.96,19.08,18.9,18.98
603928,兴业股份,16.87,-1.1137162954278883,-0.18999999999999773,84557722.0,4994000,0,17.0,17.15,16.79,17.06
603929,亚翔集成,106.68,-0.5685525212042123,-0.6099999999999994,840319630.0,8023154,0,109.44,109.97,101.17,107.29
603931,格林达,32.55,-1.9282916541126862,-0.6400000000000006,97597247.0,2976200,0,33.0,33.15,32.5,33.19
603933,睿能科技,24.98,2.419024190241902,0.5899999999999999,240602436.0,9702729,0,24.39,25.12,24.18,24.39
603936,博敏电子,11.81,-0.5054759898904695,-0.05999999999999872,246753596.0,20926200,0,12.0,12.08,11.66,11.87
603937,丽岛新材,11.97,-0.1668056713928238,-0.019999999999999574,15368850.0,1288900,0,11.95,12.01,11.8,11.99
603938,三孚股份,19.71,0.10157440325037873,0.019999999999999574,250691529.0,12865233,0,19.58,19.78,19.23,19.69
603939,益丰药房,22.4,0.6289308176100494,0.13999999999999702,56844414.0,2542830,0,22.4,22.45,22.18,22.26
603948,建业股份,26.58,0.7199696854869183,0.18999999999999773,28630766.0,1087500,0,26.37,26.58,26.19,26.39
603949,雪龙集团,18.23,0.607064017660041,0.10999999999999943,24570555.0,1352000,0,18.29,18.29,18.08,18.12
603950,长源东谷,29.6,2.1394064872325775,0.620000000000001,35981211.0,1222920,0,29.23,29.69,29.01,28.98
603955,大千生态,30.66,1.288404360753223,0.39000000000000057,24099073.0,787130,0,30.36,30.99,30.32,30.27
603956,威派格,6.42,0.9433962264150882,0.05999999999999961,22477235.0,3520700,0,6.36,6.44,6.35,6.36
603958,哈森股份,12.94,1.4106583072100292,0.17999999999999972,34213512.0,2660300,0,12.76,12.97,12.69,12.76
603959,百利科技,6.15,-0.16233766233765887,-0.009999999999999787,61866799.0,10158600,0,6.16,6.19,6.02,6.16
603960,克来机电,19.47,1.300728407908429,0.25,49599897.0,2554590,0,19.23,19.55,19.14,19.22
603966,法兰泰克,11.56,0.8726003490401365,0.09999999999999964,71812516.0,6228517,0,11.45,11.6,11.4,11.46
603967,中创物流,12.85,2.0651310563939616,0.2599999999999998,35034433.0,2735367,0,12.72,12.9,12.66,12.59
603968,醋化股份,11.29,0.17746228926352772,0.019999999999999574,8233939.0,728596,0,11.32,11.38,11.24,11.27
603969,银龙股份,9.84,-0.6060606060606111,-0.0600000000000005,107490449.0,10961804,0,9.91,9.95,9.71,9.9
603970,中农立华,13.13,0.3822629969419014,0.05000000000000071,8110485.0,618480,0,13.08,13.15,13.06,13.08
603976,正川股份,19.72,0.15236160487555908,0.029999999999997584,7983601.0,405600,0,19.67,19.78,19.58,19.69
603977,国泰集团,14.55,-1.0876954452753238,-0.16000000000000014,448410630.0,30881269,0,14.68,14.76,14.33,14.71
603978,深圳新星,28.18,-3.194778426657505,-0.9299999999999997,329929406.0,11781035,0,28.09,28.49,27.62,29.11
603979,金诚信,74.71,-0.8493696084936969,-0.6400000000000006,241071779.0,3265364,0,74.38,75.35,72.82,75.35
603980,吉华集团,5.17,0.7797270955165699,0.040000000000000036,18732360.0,3634440,0,5.13,5.2,5.1,5.13
603982,泉峰汽车,8.48,1.0727056019070305,0.08999999999999986,19117118.0,2271221,0,8.37,8.48,8.34,8.39
603983,丸美生物,32.48,-0.4291845493562249,-0.14000000000000057,33489440.0,1030500,0,32.65,32.79,32.36,32.62
603985,恒润股份,15.47,3.895231699126931,0.5800000000000001,101819913.0,6750404,0,14.94,15.53,14.78,14.89
603986,兆易创新,219.22,-2.177599286033019,-4.8799999999999955,4064348419.0,18288566,0,223.0,228.83,217.33,224.1
603987,康德莱,8.72,-0.2288329519450752,-0.019999999999999574,13911782.0,1597300,0,8.74,8.76,8.68,8.74
603988,中电电机,24.92,1.7142857142857213,0.4200000000000017,53203434.0,2168500,0,24.42,24.98,24.31,24.5
603989,艾华集团,16.85,-0.17772511848339803,-0.029999999999997584,62857067.0,3733503,0,16.84,17.21,16.69,16.88
603990,麦迪科技,16.3,4.554201411161006,0.7100000000000009,265225508.0,16671823,0,15.98,16.3,15.42,15.59
603991,至正股份,74.24,-2.2772146900092194,-1.730000000000004,92210500.0,1242099,0,75.75,76.66,73.7,75.97
603992,松霖科技,43.2,5.160662122687451,2.1200000000000045,227102790.0,5324330,0,41.1,43.55,40.5,41.08
603993,洛阳钼业,18.5,-0.9635974304068506,-0.17999999999999972,1444361266.0,78580328,0,18.45,18.6,18.21,18.68
603995,甬金股份,18.41,0.8767123287671241,0.16000000000000014,49517385.0,2707754,0,18.19,18.46,18.15,18.25
603997,继峰股份,14.35,1.8452803406671385,0.2599999999999998,75600267.0,5321084,0,14.1,14.4,14.02,14.09
603998,方盛制药,11.44,0.0,0.0,19322272.0,1690700,0,11.42,11.45,11.39,11.44
603999,读者传媒,6.94,-0.4304160688665619,-0.02999999999999936,27597935.0,3979426,0,6.96,6.97,6.91,6.97
605001,威奥股份,7.39,1.2328767123287652,0.08999999999999986,14929936.0,2030900,0,7.32,7.39,7.27,7.3
605003,众望布艺,26.98,2.585551330798478,0.6799999999999997,110046109.0,4169234,0,25.83,27.38,25.75,26.3
605005,合兴股份,20.51,2.910185649774219,0.5800000000000018,137141078.0,6723671,0,19.84,20.99,19.52,19.93
605006,山东玻纤,7.47,-0.6648936170212743,-0.04999999999999982,48691542.0,6545700,0,7.51,7.52,7.4,7.52
605007,五洲特纸,14.19,9.999999999999993,1.2899999999999991,306610232.0,21758378,0,13.8,14.19,13.55,12.9
605008,长鸿高科,14.83,-0.6697923643670439,-0.09999999999999964,42063775.0,2861452,0,14.95,14.96,14.56,14.93
605009,豪悦护理,32.26,1.9273301737756696,0.6099999999999994,48250368.0,1505189,0,31.75,32.49,31.66,31.65
605011,杭州热电,20.15,-0.04960317460318235,-0.010000000000001563,15646483.0,775330,0,20.19,20.24,20.11,20.16
605016,百龙创园,21.97,2.66355140186916,0.5700000000000003,61246187.0,2821415,0,21.2,21.99,21.15,21.4
605018,长华集团,11.24,1.35256988277728,0.15000000000000036,13409113.0,1200175,0,11.09,11.24,11.03,11.09
605020,永和股份,27.21,2.1013133208255246,0.5600000000000023,162027177.0,5981991,0,26.59,27.44,26.48,26.65
605028,世茂能源,27.54,2.0756115641215667,0.5599999999999987,20425967.0,747100,0,26.96,27.75,26.93,26.98
605033,美邦股份,19.44,0.2061855670103232,0.0400000000000027,18618311.0,960100,0,19.41,19.6,19.27,19.4
605050,福然德,13.17,2.251552795031049,0.28999999999999915,58532471.0,4444500,0,12.9,13.32,12.9,12.88
605055,迎丰股份,9.64,3.211991434689515,0.3000000000000007,152849454.0,15596700,0,9.34,10.2,9.2,9.34
605056,咸亨国际,17.66,-0.9534492428491205,-0.16999999999999815,54601336.0,3079900,0,17.8,17.95,17.56,17.83
605058,澳弘电子,30.52,0.2957607624055204,0.08999999999999986,41714904.0,1373150,0,30.59,30.59,30.19,30.43
605060,联德股份,37.79,1.3136729222520163,0.490000000000002,53671680.0,1425900,0,37.5,38.17,37.28,37.3
605066,天正电气,7.44,1.0869565217391313,0.08000000000000007,44536272.0,6009650,0,7.34,7.46,7.34,7.36
605068,明新旭腾,28.3,-0.9797060881735394,-0.2799999999999976,13954759.0,494018,0,28.56,28.73,28.1,28.58
605069,正和生态,12.24,3.2040472175379495,0.3800000000000008,335368953.0,27032340,0,12.3,12.98,11.75,11.86
605077,华康股份,15.43,3.1417112299465164,0.46999999999999886,55224808.0,3603376,0,15.03,15.58,14.94,14.96
605080,浙江自然,23.01,0.5681818181818293,0.13000000000000256,11760032.0,512700,0,22.92,23.03,22.8,22.88
605081,*ST太和,10.22,3.441295546558703,0.33999999999999986,16301999.0,1618195,0,9.87,10.24,9.79,9.88
605086,龙高股份,38.95,-2.160261240894246,-0.8599999999999994,81385817.0,2090300,0,39.68,39.78,38.52,39.81
605088,冠盛股份,34.55,2.552686257049568,0.8599999999999994,103301597.0,3015109,0,33.79,34.75,33.54,33.69
605089,味知香,25.76,-0.15503875968991915,-0.03999999999999915,8337554.0,323936,0,25.75,25.84,25.66,25.8
605090,九丰能源,41.17,1.9816695566014473,0.8000000000000043,1669908131.0,40260509,0,41.9,42.37,40.61,40.37
605098,行动教育,41.89,0.26328386787936675,0.10999999999999943,19785613.0,474000,0,42.02,42.17,41.35,41.78
605099,共创草坪,36.64,-2.5013304949441135,-0.9399999999999977,40878551.0,1100004,0,37.58,37.8,36.53,37.58
605100,华丰股份,40.41,0.19836350111579046,0.0799999999999983,87885181.0,2163165,0,40.08,41.2,40.03,40.33
605108,同庆楼,19.77,0.7645259938837847,0.14999999999999858,78484938.0,3992030,0,19.6,19.91,19.46,19.62
605111,新洁能,34.34,0.3506721215663488,0.12000000000000455,153686899.0,4460304,0,34.0,34.76,34.0,34.22
605116,奥锐特,23.59,-1.214405360134,-0.28999999999999915,55667852.0,2356592,0,23.87,23.93,23.38,23.88
605117,德业股份,88.06,1.5920627595754446,1.3799999999999955,409392354.0,4724568,0,86.68,88.2,85.43,86.68
605118,力鼎光电,30.01,0.16688918558077673,0.05000000000000071,30859753.0,1035500,0,30.0,30.13,29.6,29.96
605122,四方新材,14.1,3.6764705882352944,0.5,44608978.0,3221800,0,13.57,14.14,13.57,13.6
605123,派克新材,97.9,10.000000000000005,8.900000000000006,610926154.0,6347812,0,89.96,97.9,89.95,89.0
605128,上海沿浦,38.2,1.326259946949602,0.5,55043998.0,1443074,0,38.5,38.5,37.83,37.7
605133,嵘泰股份,32.72,2.2819631134729614,0.7300000000000004,141337203.0,4343067,0,32.03,32.83,32.02,31.99
605136,丽人丽妆,11.35,-1.132404181184676,-0.13000000000000078,170032876.0,14881530,0,11.48,11.68,11.25,11.48
605138,盛泰集团,7.08,0.7112375533428139,0.04999999999999982,8917035.0,1263600,0,7.06,7.09,7.02,7.03
605151,西上海,19.02,0.7415254237288166,0.14000000000000057,6634032.0,350300,0,18.82,19.07,18.8,18.88
605155,西大门,16.41,0.9225092250922421,0.14999999999999858,24435592.0,1493700,0,16.34,16.48,16.2,16.26
605158,华达新材,8.0,0.0,0.0,7387262.0,925850,0,8.0,8.02,7.94,8.0
605162,新中港,8.71,0.5773672055427334,0.05000000000000071,19545409.0,2245300,0,8.69,8.8,8.61,8.66
605166,聚合顺,10.38,0.1930501930502061,0.02000000000000135,13019731.0,1256300,0,10.38,10.4,10.32,10.36
605167,利柏特,14.01,2.6373626373626333,0.35999999999999943,319502605.0,22870408,0,13.59,14.37,13.48,13.65
605168,三人行,33.0,-0.09082652134423595,-0.030000000000001137,66061684.0,2004797,0,33.29,33.29,32.73,33.03
605169,洪通燃气,13.55,1.1949215832710989,0.16000000000000014,69507513.0,5085200,0,13.64,13.95,13.5,13.39
605177,东亚药业,18.15,-0.11007154650524559,-0.020000000000003126,14538404.0,800400,0,18.18,18.3,18.1,18.17
605178,时空科技,54.0,1.5992474129821288,0.8500000000000014,385658313.0,7138100,0,52.25,55.24,52.08,53.15
605179,一鸣食品,21.66,-2.212189616252815,-0.48999999999999844,121023230.0,5553300,0,22.11,22.19,21.5,22.15
605180,华生科技,14.5,-0.206469373709562,-0.02999999999999936,6280903.0,433600,0,14.48,14.57,14.4,14.53
605183,确成股份,19.73,1.2833675564681724,0.25,20126123.0,1025100,0,19.39,19.78,19.3,19.48
605186,健麾信息,20.03,1.1616161616161638,0.23000000000000043,16512059.0,828100,0,19.78,20.1,19.71,19.8
605188,国光连锁,20.84,0.4337349397590355,0.08999999999999986,138358085.0,6582800,0,20.93,21.38,20.74,20.75
605189,富春染织,15.51,2.5115664243225315,0.379999999999999,41574733.0,2699438,0,15.08,15.67,15.05,15.13
605196,华通线缆,32.91,3.10150375939848,0.9899999999999949,227213672.0,6962800,0,31.92,33.2,31.92,31.92
605198,安德利,36.61,0.5216913783635303,0.18999999999999773,14033963.0,383700,0,36.5,36.7,36.23,36.42
605199,ST葫芦娃,8.87,0.5668934240362691,0.049999999999998934,16465393.0,1860700,0,8.82,8.93,8.76,8.82
605208,永茂泰,12.99,1.3260530421216843,0.16999999999999993,29303641.0,2272880,0,12.82,12.99,12.75,12.82
605218,伟时电子,18.55,-0.2688172043010791,-0.05000000000000071,11454358.0,618200,0,18.63,18.63,18.43,18.6
605222,起帆电缆,18.18,1.0561423012784952,0.19000000000000128,88005970.0,4871200,0,17.9,18.22,17.8,17.99
605228,神通科技,14.84,0.542005420054201,0.08000000000000007,30352482.0,2058410,0,14.8,14.85,14.66,14.76
605255,天普股份,171.11,9.967866323907467,15.51000000000002,413907959.0,2498560,0,157.0,171.16,156.66,155.6
605258,协和电子,32.12,0.0,0.0,22643881.0,707100,0,32.08,32.29,31.82,32.12
605259,绿田机械,22.36,0.85701398285971,0.18999999999999773,36862540.0,1646465,0,22.2,22.5,22.2,22.17
605266,健之佳,19.56,-0.05109862033725888,-0.010000000000001563,11558942.0,590336,0,19.59,19.64,19.53,19.57
605268,王力安防,11.23,0.8078994614003578,0.08999999999999986,26439036.0,2363800,0,11.08,11.27,11.05,11.14
605277,新亚电子,23.03,0.2612102742707979,0.060000000000002274,73914831.0,3215655,0,22.93,23.15,22.8,22.97
605286,同力天启,37.99,0.5824728620598328,0.21999999999999886,17645982.0,466300,0,37.73,38.05,37.57,37.77
605287,德才股份,26.19,-0.3803727653099957,-0.09999999999999787,24944237.0,953200,0,26.82,26.82,25.85,26.29
605288,凯迪股份,84.45,2.1160822249093107,1.75,39447636.0,468000,0,82.5,85.48,82.14,82.7
605289,罗曼股份,66.13,-0.5563909774436159,-0.37000000000000455,90679888.0,1382516,0,66.99,66.99,64.88,66.5
605296,神农集团,27.82,0.18005041411595502,0.05000000000000071,11723072.0,422330,0,27.68,27.88,27.67,27.77
605298,必得科技,39.83,-2.520802741067061,-1.0300000000000011,50197497.0,1253600,0,40.89,41.12,39.66,40.86
605299,舒华体育,12.02,-1.5561015561015665,-0.19000000000000128,185974956.0,15286951,0,12.16,12.48,11.97,12.21
605300,佳禾食品,12.18,-1.4563106796116483,-0.17999999999999972,30974446.0,2534997,0,12.36,12.37,12.14,12.36
605303,园林股份,17.67,-1.7241379310344755,-0.3099999999999987,40394966.0,2287800,0,17.93,18.18,17.54,17.98
605305,中际联合,42.83,-0.6033882571362383,-0.2600000000000051,87752040.0,2048381,0,43.09,43.21,42.58,43.09
605318,法狮龙,66.74,-2.14076246334312,-1.460000000000008,161943504.0,2449700,0,68.21,68.21,65.0,68.2
605319,无锡振华,21.9,2.768653214453308,0.5899999999999999,51249294.0,2355120,0,21.26,21.95,21.24,21.31
605333,沪光股份,29.75,-0.16778523489933125,-0.05000000000000071,37033355.0,1244500,0,29.8,29.97,29.6,29.8
605336,帅丰电器,16.05,-0.9259259259259172,-0.14999999999999858,32819823.0,2039650,0,16.33,16.33,15.92,16.2
605337,李子园,12.26,-0.7287449392712539,-0.08999999999999986,31857681.0,2586382,0,12.35,12.39,12.24,12.35
605338,巴比食品,28.99,0.20739716557206608,0.05999999999999872,28742827.0,994036,0,28.88,29.22,28.69,28.93
605339,南侨食品,21.13,1.4889529298751139,0.3099999999999987,110897081.0,5241564,0,20.7,21.67,20.7,20.82
605358,立昂微,37.2,-0.2948271240954152,-0.10999999999999943,672024257.0,18061373,0,37.68,37.68,36.86,37.31
605365,立达信,28.07,-0.28419182948489624,-0.0799999999999983,245304367.0,8710040,0,28.3,28.78,27.4,28.15
605366,宏柏新材,6.3,1.7770597738287468,0.10999999999999943,59015053.0,9402987,0,6.22,6.39,6.15,6.19
605368,蓝天燃气,7.73,0.651041666666676,0.05000000000000071,24705110.0,3205520,0,7.68,7.73,7.66,7.68
605369,拱东医疗,19.15,0.20931449502877628,0.03999999999999915,21152406.0,1097660,0,19.11,19.4,19.1,19.11
605376,博迁新材,64.08,-0.651162790697677,-0.4200000000000017,167292716.0,2611800,0,64.03,64.86,63.56,64.5
605377,华旺科技,8.82,4.875148632580263,0.41000000000000014,176310247.0,20317105,0,8.45,8.98,8.39,8.41
605378,野马电池,22.76,-0.21920210434018922,-0.04999999999999716,40572930.0,1792212,0,22.75,22.85,22.5,22.81
605388,均瑶健康,7.83,-1.8796992481203052,-0.15000000000000036,100173699.0,12797320,0,7.95,8.02,7.72,7.98
605389,长龄液压,73.95,1.0245901639344261,0.75,43801073.0,595520,0,74.0,74.48,72.3,73.2
605398,新炬网络,28.05,0.10706638115632097,0.030000000000001137,24177618.0,862338,0,27.95,28.19,27.84,28.02
605399,晨光新材,13.74,0.3652300949598299,0.05000000000000071,46217318.0,3376530,0,13.7,13.85,13.5,13.69
605488,福莱新材,32.83,4.024081115335867,1.2699999999999996,296443602.0,9066520,0,31.81,33.69,31.7,31.56
605499,东鹏饮料,272.85,-0.9798584648884008,-2.6999999999999886,138438695.0,506300,0,274.88,276.88,271.28,275.55
605500,森林包装,9.75,5.405405405405405,0.5,155813886.0,16346732,0,9.22,9.99,9.22,9.25
605507,国邦医药,23.56,1.2462397937258236,0.28999999999999915,33278446.0,1414000,0,23.24,23.72,23.21,23.27
605555,德昌股份,18.07,0.3888888888888905,0.07000000000000028,53877354.0,2985964,0,18.2,18.22,17.93,18.0
605566,福莱蒽特,28.38,-0.5257623554153598,-0.15000000000000213,17451142.0,617100,0,28.53,28.73,28.1,28.53
605567,春雪食品,11.12,0.18018018018017634,0.019999999999999574,18090855.0,1626500,0,11.09,11.19,11.03,11.1
605577,龙版传媒,12.79,0.47132757266299075,0.05999999999999872,11278980.0,881700,0,12.79,12.84,12.71,12.73
605580,恒盛能源,26.46,-6.003552397868553,-1.6899999999999977,371402400.0,14240644,0,27.7,27.8,25.44,28.15
605588,冠石科技,51.61,-0.7309097903443019,-0.38000000000000256,45389328.0,880700,0,51.6,51.92,51.26,51.99
605589,圣泉集团,29.49,0.20387359836900684,0.05999999999999872,574505335.0,19551732,0,29.29,29.92,28.91,29.43
605598,上海港湾,61.9,10.005331437711028,5.6299999999999955,645088092.0,10610439,0,59.4,61.9,59.15,56.27
605599,菜百股份,16.29,1.0545905707195915,0.16999999999999815,41466948.0,2537700,0,16.02,16.55,16.01,16.12
688001,华兴源创,31.63,7.98907476954592,2.34,211156253.0,6774246,0,29.01,31.96,29.01,29.29
688002,睿创微纳,92.95,3.0602062312895058,2.760000000000005,445022217.0,4850133,0,91.0,94.69,89.02,90.19
688003,天准科技,57.98,0.3808864265927958,0.21999999999999886,53888713.0,933580,0,57.65,58.36,57.01,57.76
688004,博汇科技,23.38,-0.8481764206955017,-0.1999999999999993,15540153.0,663162,0,23.63,23.88,23.3,23.58
688005,容百科技,31.48,2.641017280730351,0.8099999999999987,945221134.0,29815239,0,30.84,32.18,30.47,30.67
688006,杭可科技,29.09,-1.7229729729729784,-0.5100000000000016,139379043.0,4798992,0,29.72,29.8,28.8,29.6
688007,光峰科技,17.97,2.2766078542970893,0.3999999999999986,104645229.0,5830359,0,17.63,18.24,17.51,17.57
688008,澜起科技,120.35,-1.190476190476193,-1.4500000000000028,1521328032.0,12524223,0,122.0,123.24,120.32,121.8
688009,中国通号,5.51,0.5474452554744409,0.02999999999999936,75709631.0,13754816,0,5.47,5.52,5.46,5.48
688010,福光股份,30.62,1.8290655138011331,0.5500000000000007,114537217.0,3764433,0,30.07,30.94,29.9,30.07
688011,新光光电,52.64,0.5923944200267577,0.3100000000000023,67698622.0,1273743,0,52.3,53.8,52.01,52.33
688012,中微公司,272.72,0.0,0.0,0.0,0,0,0.0,0.0,0.0,272.72
688013,天臣医疗,48.61,2.014690451206717,0.9600000000000009,37495879.0,779110,0,47.6,48.7,47.45,47.65
688015,交控科技,22.86,0.6161971830985941,0.14000000000000057,18406598.0,806481,0,23.0,23.14,22.66,22.72
688016,心脉医疗,93.15,0.648298217179912,0.6000000000000085,37560598.0,404759,0,92.78,93.21,92.37,92.55
688017,绿的谐波,165.71,3.730829420970271,5.960000000000008,648691234.0,3962983,0,160.89,166.56,159.82,159.75
688018,乐鑫科技,165.17,-0.4040038591413506,-0.6700000000000159,275664421.0,1666253,0,166.5,166.6,164.07,165.84
688019,安集科技,222.43,-0.2913752913752939,-0.6500000000000057,301590744.0,1365509,0,223.1,223.42,218.7,223.08
688020,方邦股份,70.77,-2.3188405797101543,-1.6800000000000068,100371809.0,1413452,0,72.23,73.19,70.0,72.45
688021,奥福科技,18.36,-1.077586206896548,-0.1999999999999993,13673636.0,740494,0,18.54,18.69,18.28,18.56
688022,瀚川智能,15.48,5.3061224489796,0.7800000000000011,83893467.0,5494584,0,14.7,15.68,14.67,14.7
688023,安恒信息,50.67,0.29691211401424894,0.14999999999999858,47863589.0,947417,0,50.2,50.79,50.2,50.52
688025,杰普特,141.5,1.1798355380765146,1.6500000000000057,155145051.0,1110624,0,141.28,144.0,137.7,139.85
688026,洁特生物,16.24,-0.06153846153847116,-0.010000000000001563,10535453.0,650017,0,16.35,16.45,16.1,16.25
688027,国盾量子,512.65,-0.11690209449586415,-0.6000000000000227,680046341.0,1323309,0,510.0,519.66,509.0,513.25
688028,沃尔德,56.67,0.7287593316743756,0.4100000000000037,326635998.0,5804120,0,55.66,57.28,55.11,56.26
688029,南微医学,83.19,-1.2581602373887268,-1.0600000000000023,43422098.0,521690,0,84.26,84.45,82.75,84.25
688030,山石网科,17.76,-0.056274620146302815,-0.00999999999999801,12617493.0,710416,0,17.71,17.85,17.68,17.77
688031,星环科技,104.15,1.1165048543689375,1.1500000000000057,730623633.0,7061586,0,103.18,106.55,100.03,103.0
688032,禾迈股份,96.42,0.4375000000000018,0.4200000000000017,24004196.0,249709,0,95.6,96.68,95.6,96.0
688033,天宜新材,7.41,5.106382978723409,0.3600000000000003,228177120.0,31237548,0,7.02,7.5,6.99,7.05
688035,德邦科技,50.99,1.4524472741743015,0.730000000000004,95520858.0,1883715,0,50.3,51.48,50.01,50.26
688036,传音控股,67.71,-2.011577424023156,-1.3900000000000006,398527455.0,5856860,0,68.86,68.95,67.67,69.1
688037,芯源微,147.36,-2.021276595744675,-3.039999999999992,442320170.0,2979579,0,150.85,152.65,146.1,150.4
688038,中科通达,16.45,1.3555144793592042,0.21999999999999886,14946219.0,915941,0,16.19,16.48,16.12,16.23
688039,当虹科技,44.31,-0.6279434850863447,-0.28000000000000114,83664317.0,1881889,0,43.9,44.98,43.9,44.59
688041,海光信息,221.38,0.6730331969076807,1.4799999999999898,2351328497.0,10618640,0,219.95,224.38,218.59,219.9
688045,必易微,38.72,0.9647979139504496,0.36999999999999744,32746417.0,842262,0,38.35,39.19,38.35,38.35
688046,药康生物,15.45,-0.4510309278350534,-0.07000000000000028,23338858.0,1506559,0,15.39,15.6,15.37,15.52
688047,龙芯中科,135.99,-0.9541150764748741,-1.3100000000000023,197686699.0,1446865,0,136.91,138.11,135.91,137.3
688048,长光华芯,142.64,1.7476282188458439,2.4499999999999886,1915660429.0,13401976,0,139.7,148.31,136.12,140.19
688049,炬芯科技,54.06,3.4641148325358895,1.8100000000000023,337940198.0,6208035,0,52.8,55.37,52.6,52.25
688050,爱博医疗,62.19,0.4684975767366707,0.28999999999999915,44388941.0,714942,0,61.88,62.25,61.64,61.9
688051,佳华科技,38.28,-0.13044612575005782,-0.04999999999999716,19507992.0,512898,0,38.29,38.45,37.8,38.33
688052,纳芯微,161.92,0.7654490011823946,1.2299999999999898,306539369.0,1881261,0,160.1,165.63,160.1,160.69
688053,ST思科瑞,36.54,6.282722513088995,2.1599999999999966,111745344.0,3097175,0,34.6,37.39,34.5,34.38
688055,龙腾光电,3.62,-0.5494505494505499,-0.020000000000000018,6677014.0,1839111,0,3.65,3.66,3.62,3.64
688056,莱伯泰科,33.79,0.26706231454004836,0.0899999999999963,6984164.0,207568,0,33.88,33.88,33.51,33.7
688057,金达莱,12.49,1.3798701298701292,0.16999999999999993,13412283.0,1083457,0,12.35,12.52,12.23,12.32
688058,宝兰德,26.81,-0.29750836742284065,-0.08000000000000185,12925682.0,480571,0,26.95,27.07,26.7,26.89
688059,华锐精密,81.12,1.9864219260749285,1.5799999999999983,72671208.0,902790,0,80.2,81.24,79.85,79.54
688060,云涌科技,41.89,-0.16682554814108744,-0.07000000000000028,7228615.0,172857,0,41.81,42.08,41.5,41.96
688061,灿瑞科技,32.52,1.3399813025864744,0.4299999999999997,12096335.0,373264,0,32.09,32.56,32.09,32.09
688062,迈威生物,39.81,-0.07530120481927996,-0.030000000000001137,72733765.0,1822474,0,39.65,40.22,39.63,39.84
688063,派能科技,58.23,0.017176228100305755,0.00999999999999801,118044764.0,2030744,0,58.09,58.8,57.74,58.22
688065,凯赛生物,49.4,-0.4433696090286153,-0.21999999999999886,57174833.0,1153431,0,49.6,50.0,49.37,49.62
688066,航天宏图,28.8,3.597122302158273,1.0,484424671.0,16839083,0,27.8,29.24,27.61,27.8
688067,爱威科技,24.61,-0.12175324675325137,-0.030000000000001137,9866094.0,400128,0,24.67,24.75,24.53,24.64
688068,热景生物,162.78,-1.2077441281786787,-1.990000000000009,122761703.0,752277,0,163.8,166.84,161.1,164.77
688069,德林海,21.42,0.09345794392524827,0.020000000000003126,7440858.0,346254,0,21.4,21.79,21.25,21.4
688070,纵横股份,52.88,1.2638835695136035,0.6600000000000037,38840464.0,737872,0,52.0,53.19,52.0,52.22
688071,华依科技,33.68,1.0501050105010545,0.3500000000000014,45940612.0,1357152,0,33.11,34.46,33.0,33.33
688072,拓荆科技,350.04,-0.8469535166982841,-2.9899999999999523,1177005286.0,3372265,0,347.62,356.89,343.42,353.03
688073,毕得医药,65.2,-0.15313935681469268,-0.09999999999999432,10119791.0,156015,0,65.32,65.32,64.51,65.3
688075,安旭生物,38.75,0.1291989664082614,0.04999999999999716,4123441.0,106462,0,38.53,38.84,38.53,38.7
688076,ST诺泰,38.79,-0.5639579594975619,-0.21999999999999886,45878537.0,1180373,0,39.15,39.3,38.77,39.01
688077,大地熊,30.83,-0.6765463917525801,-0.21000000000000085,27291785.0,887565,0,31.04,31.04,30.5,31.04
688078,龙软科技,27.07,-0.11070110701107429,-0.030000000000001137,8811614.0,324894,0,27.34,27.34,26.96,27.1
688079,美迪凯,11.51,1.7683465959327964,0.1999999999999993,57671883.0,5032831,0,11.31,11.72,11.18,11.31
688080,映翰通,50.94,0.07858546168958576,0.03999999999999915,49088591.0,966924,0,50.9,51.0,50.42,50.9
688081,兴图新科,31.3,-2.4009978172747104,-0.7699999999999996,101857477.0,3214012,0,32.06,32.53,31.28,32.07
688082,盛美上海,180.12,-0.48618784530386494,-0.8799999999999955,346383976.0,1916382,0,181.0,183.6,178.08,181.0
688083,中望软件,67.26,0.6735518634934932,0.45000000000000284,53371352.0,795021,0,66.81,67.67,66.33,66.81
688084,晶品特装,75.44,0.747863247863251,0.5600000000000023,71159548.0,948370,0,74.91,76.31,73.33,74.88
688085,三友医疗,17.93,0.0,0.0,20419508.0,1141350,0,17.97,17.99,17.75,17.93
688087,英科再生,32.01,0.06251953735542225,0.019999999999999574,24629632.0,772161,0,32.22,32.32,31.55,31.99
688088,虹软科技,47.98,1.0530749789385003,0.5,110620785.0,2322102,0,47.49,48.17,47.28,47.48
688089,嘉必优,23.71,-0.37815126050420106,-0.08999999999999986,26678150.0,1125901,0,23.78,23.87,23.59,23.8
688090,瑞松科技,39.82,0.4540867810292626,0.17999999999999972,73390193.0,1855478,0,39.77,40.2,39.22,39.64
688091,上海谊众,48.91,4.530882667236583,2.1199999999999974,126295205.0,2639381,0,47.32,48.99,46.3,46.79
688092,爱科科技,24.54,0.0,0.0,11989445.0,487944,0,24.61,24.7,24.5,24.54
688093,世华科技,37.18,1.446111869031381,0.5300000000000011,69156313.0,1877894,0,36.78,37.49,36.3,36.65
688095,福昕软件,85.8,0.023315458148747983,0.01999999999999602,82973984.0,973816,0,86.17,86.24,84.1,85.78
688096,京源环保,7.66,1.726427622841964,0.1299999999999999,18691506.0,2440043,0,7.6,7.72,7.51,7.53
688097,博众精工,35.06,2.4846536100555436,0.8500000000000014,85595489.0,2473837,0,34.44,35.15,33.89,34.21
688098,申联生物,8.9,-0.5586592178770831,-0.049999999999998934,14485430.0,1623951,0,9.05,9.08,8.86,8.95
688099,晶晨股份,88.31,-0.551801801801796,-0.4899999999999949,270150251.0,3058450,0,88.06,89.22,87.5,88.8
688100,威胜信息,37.55,0.5354752342704036,0.19999999999999574,41652198.0,1110989,0,37.38,37.61,37.15,37.35
688101,三达膜,16.68,0.24038461538461023,0.03999999999999915,11817777.0,710512,0,16.68,16.68,16.56,16.64
688102,斯瑞新材,37.79,4.6814404432132894,1.6899999999999977,1853012950.0,49080614,0,35.5,39.1,35.39,36.1
688103,国力电子,61.86,-0.2097112437489959,-0.13000000000000256,71491120.0,1156472,0,62.02,62.52,61.3,61.99
688105,诺唯赞,19.84,0.4556962025316449,0.08999999999999986,11229817.0,566920,0,19.81,19.9,19.7,19.75
688106,金宏气体,20.11,1.3608870967741915,0.2699999999999996,68549686.0,3432086,0,19.75,20.14,19.71,19.84
688107,安路科技,26.31,-0.7544322897020099,-0.20000000000000284,48621512.0,1838766,0,26.4,26.75,26.28,26.51
688108,赛诺医疗,18.39,3.4308211473565766,0.6099999999999994,176977006.0,9827047,0,17.78,18.42,17.7,17.78
688109,品茗科技,140.4,-2.749878783680819,-3.969999999999999,323485754.0,2253758,0,141.99,146.98,139.0,144.37
688110,东芯股份,118.25,-2.288877871426207,-2.769999999999996,1503754827.0,12458707,0,120.58,124.88,117.77,121.02
688111,金山办公,300.81,-0.4072308303536015,-1.2300000000000182,444362237.0,1474116,0,303.0,303.28,300.47,302.04
688112,鼎阳科技,37.65,-0.37046837787774695,-0.14000000000000057,21727952.0,577315,0,37.78,37.8,37.48,37.79
688113,联测科技,39.2,0.6935525301823867,0.2700000000000031,20483774.0,525901,0,39.27,39.27,38.57,38.93
688114,华大智造,62.16,-0.7979572294924994,-0.5,61770104.0,990812,0,62.6,62.93,62.06,62.66
688115,思林杰,64.65,1.0472022507033587,0.6700000000000088,14079304.0,218250,0,63.98,65.5,63.73,63.98
688116,天奈科技,47.35,-0.5669886602267872,-0.269999999999996,126841981.0,2680628,0,47.82,47.95,47.05,47.62
688117,圣诺生物,39.27,-0.5067139599695865,-0.19999999999999574,73214603.0,1875715,0,39.27,39.69,38.72,39.47
688118,普元信息,24.33,-0.16413623307346203,-0.0400000000000027,13877493.0,570763,0,24.48,24.48,24.17,24.37
688119,中钢洛耐,5.47,3.598484848484839,0.1899999999999995,176836936.0,32613239,0,5.23,5.56,5.23,5.28
688120,华海清科,155.79,-0.13461538461538972,-0.21000000000000796,460488191.0,2965674,0,156.27,157.5,153.38,156.0
688121,卓然股份,11.41,1.6028495102404248,0.17999999999999972,37486349.0,3306489,0,11.23,11.47,11.18,11.23
688122,西部超导,75.22,2.451648052301821,1.7999999999999972,1113689263.0,15038535,0,73.39,75.44,73.01,73.42
688123,聚辰股份,129.0,0.7025761124121825,0.9000000000000057,574175543.0,4421717,0,128.0,132.38,127.2,128.1
688125,安达智能,116.27,1.5103893836214333,1.7299999999999898,153971739.0,1323450,0,115.0,119.0,114.0,114.54
688126,沪硅产业,21.59,-1.0540788267644383,-0.23000000000000043,332410167.0,15363891,0,21.74,21.86,21.47,21.82
688127,蓝特光学,37.28,-2.1522309711286094,-0.8200000000000003,131394263.0,3524214,0,37.84,38.21,36.91,38.1
688128,中国电研,29.66,0.406228842247803,0.120000000000001,21758057.0,735413,0,29.54,29.7,29.46,29.54
688129,东来技术,20.02,0.4012036108324889,0.0799999999999983,5160879.0,258814,0,19.95,20.05,19.8,19.94
688130,晶华微,21.42,0.7525870178739423,0.16000000000000014,10014619.0,470216,0,21.55,21.55,21.14,21.26
688131,皓元医药,72.64,0.5676311781808066,0.4099999999999966,77770439.0,1077865,0,72.44,73.1,71.3,72.23
688132,邦彦技术,18.81,0.2131060202450674,0.03999999999999915,10351301.0,549175,0,18.93,18.93,18.77,18.77
688133,泰坦科技,22.16,0.3623188405797185,0.08000000000000185,14026206.0,634848,0,22.29,22.29,21.95,22.08
688135,利扬芯片,27.82,-0.3581661891117529,-0.10000000000000142,96173735.0,3460680,0,27.82,28.2,27.48,27.92
688136,科兴制药,32.13,-1.2903225806451448,-0.4199999999999946,47731491.0,1483973,0,32.78,32.78,31.9,32.55
688137,近岸蛋白,41.2,-1.2464046021092907,-0.519999999999996,5299023.0,128080,0,41.84,41.84,41.15,41.72
688138,清溢光电,28.86,-0.9608785175017197,-0.28000000000000114,46935180.0,1622591,0,29.26,29.26,28.72,29.14
688139,海尔生物,31.27,0.031989763275745396,0.00999999999999801,18699297.0,599043,0,31.29,31.38,31.12,31.26
688141,杰华特,44.24,3.0034924330616977,1.2899999999999991,548077989.0,12450908,0,44.46,45.1,43.01,42.95
688143,长盈通,48.35,3.1796841655996633,1.490000000000002,292262603.0,6106291,0,46.88,49.0,46.75,46.86
688146,中船特气,41.51,-0.5271986580397768,-0.21999999999999886,83822378.0,2014308,0,41.8,42.0,41.32,41.73
688147,微导纳米,68.37,-2.453987730061348,-1.7199999999999989,233462259.0,3381468,0,69.5,70.5,68.2,70.09
688148,芳源股份,9.16,-0.7583965330444234,-0.07000000000000028,94645479.0,10409692,0,9.2,9.21,8.96,9.23
688150,莱特光电,28.72,3.3465275278877287,0.9299999999999997,592289756.0,20700321,0,27.54,29.48,27.2,27.79
688151,华强科技,20.15,0.6493506493506443,0.129999999999999,10327179.0,514453,0,20.12,20.18,19.91,20.02
688152,麒麟信安,41.01,0.7369196757553357,0.29999999999999716,33318767.0,818307,0,40.54,41.09,40.39,40.71
688153,唯捷创芯,37.35,-0.1069804760631162,-0.03999999999999915,73204886.0,1956468,0,37.1,37.98,37.08,37.39
688155,先惠技术,59.56,-0.6505421184320276,-0.39000000000000057,41360841.0,695184,0,59.83,59.83,59.17,59.95
688156,路德科技,16.05,0.06234413965088256,0.010000000000001563,13047036.0,814019,0,16.12,16.2,15.9,16.04
688157,松井股份,38.63,-0.8470225872689894,-0.3299999999999983,83854762.0,2192710,0,38.66,38.8,37.78,38.96
688158,优刻得,24.66,-0.32336297493936256,-0.0799999999999983,172893350.0,6992849,0,24.6,24.92,24.51,24.74
688159,有方科技,49.41,-1.318154583582991,-0.6600000000000037,120506332.0,2437669,0,50.26,50.39,49.08,50.07
688160,步科股份,100.75,4.242110708742881,4.099999999999994,169686954.0,1695108,0,98.0,103.05,96.18,96.65
688161,威高骨科,28.2,0.3201707577374595,0.08999999999999986,9768474.0,347850,0,28.18,28.2,27.99,28.11
688162,巨一科技,30.98,1.109660574412532,0.33999999999999986,18478052.0,600562,0,30.6,30.99,30.53,30.64
688163,赛伦生物,21.96,-0.45330915684495865,-0.09999999999999787,7045075.0,319782,0,22.06,22.14,21.9,22.06
688165,埃夫特,22.62,12.258064516129046,2.4700000000000024,370706702.0,17169003,0,20.27,22.66,20.16,20.15
688166,博瑞医药,49.97,0.12021638950110655,0.060000000000002274,131780532.0,2650930,0,49.99,50.15,49.32,49.91
688167,炬光科技,174.04,-1.2539007092198626,-2.210000000000008,550396915.0,3192925,0,175.81,179.99,168.18,176.25
688168,安博通,76.03,0.4226654338924943,0.3200000000000074,28136615.0,370087,0,75.0,76.71,75.0,75.71
688169,石头科技,153.62,0.5366492146596813,0.8199999999999932,207525139.0,1350218,0,152.5,154.65,152.3,152.8
688170,德龙激光,33.44,0.11976047904191363,0.03999999999999915,115327872.0,3460700,0,33.3,33.98,32.66,33.4
688171,纬德信息,41.83,-0.49952426260704297,-0.21000000000000085,13395515.0,318111,0,42.11,42.87,41.57,42.04
688172,燕东微,27.63,-1.8123667377398776,-0.5100000000000016,198477285.0,7188252,0,27.93,28.05,27.36,28.14
688173,希荻微,14.85,0.0,0.0,66099488.0,4445423,0,14.93,15.08,14.71,14.85
688175,高凌信息,28.24,0.284090909090903,0.0799999999999983,19914738.0,706059,0,28.31,28.5,27.62,28.16
688176,亚虹医药,10.96,-0.4541326067211529,-0.049999999999998934,43779812.0,4003487,0,11.04,11.06,10.86,11.01
688177,百奥泰,23.55,-1.4644351464435057,-0.34999999999999787,21557697.0,908591,0,23.85,24.04,23.54,23.9
688178,万德斯,24.58,-0.6868686868686937,-0.1700000000000017,10840460.0,436420,0,24.75,25.25,24.42,24.75
688179,阿拉丁,12.78,-0.38971161340608507,-0.05000000000000071,15025834.0,1177518,0,12.88,12.9,12.7,12.83
688180,君实生物,34.53,-0.23114706732157841,-0.0799999999999983,118134888.0,3425722,0,34.61,34.75,34.3,34.61
688181,八亿时空,33.98,-0.8751458576429529,-0.30000000000000426,59329478.0,1746385,0,34.27,34.27,33.77,34.28
688182,灿勤科技,27.59,-0.5048683736025985,-0.14000000000000057,97417163.0,3545637,0,27.63,27.97,27.22,27.73
688183,生益电子,100.01,-4.78865194211729,-5.030000000000001,1591320172.0,15736264,0,103.33,104.5,99.6,105.04
688184,ST帕瓦,9.44,-0.421940928270052,-0.040000000000000924,2539954.0,268836,0,9.51,9.51,9.39,9.48
688185,康希诺,63.94,0.10959762016596257,0.07000000000000028,23022917.0,360311,0,63.8,64.11,63.6,63.87
688186,广大特材,23.32,0.5605864596808926,0.129999999999999,85099830.0,3669046,0,23.02,23.35,23.0,23.19
688187,时代电气,50.79,0.177514792899401,0.0899999999999963,77040956.0,1522176,0,50.5,50.88,50.31,50.7
688188,柏楚电子,132.3,-0.4065040650406444,-0.539999999999992,71822670.0,542080,0,132.89,133.33,131.78,132.84
688189,南新制药,8.03,0.249687890137323,0.019999999999999574,28552679.0,3561794,0,8.08,8.12,7.95,8.01
688190,云路股份,100.58,-1.0526315789473757,-1.0700000000000074,16852520.0,167383,0,102.1,102.1,100.21,101.65
688191,智洋创新,31.22,0.2891101831031155,0.08999999999999986,35327917.0,1132571,0,30.96,31.57,30.96,31.13
688192,迪哲医药,58.34,-2.766666666666661,-1.6599999999999966,62526775.0,1059467,0,60.01,60.87,58.28,60.0
688193,仁度生物,48.21,-0.5569306930692988,-0.269999999999996,11781403.0,244559,0,48.58,48.89,47.83,48.48
688195,腾景科技,187.38,5.685279187817249,10.079999999999984,1832795061.0,9616596,0,184.5,199.91,181.3,177.3
688196,卓越新能,56.54,1.9657348963029688,1.0899999999999963,36127928.0,642284,0,55.44,57.24,54.58,55.45
688197,首药控股,36.9,0.3262642740619832,0.11999999999999744,8369336.0,226130,0,36.69,37.47,36.69,36.78
688198,佰仁医疗,108.44,-0.7050636388609066,-0.769999999999996,14729361.0,135929,0,109.21,109.21,107.68,109.21
688199,久日新材,24.4,-0.7323026851098443,-0.17999999999999972,37079458.0,1521628,0,24.51,24.57,24.2,24.58
688200,华峰测控,190.87,1.5265957446808536,2.8700000000000045,330928387.0,1730027,0,187.68,194.79,186.1,188.0
688201,信安世纪,13.26,1.8433179723502322,0.2400000000000002,71934952.0,5429526,0,13.01,13.44,13.0,13.02
688202,美迪西,57.25,-0.03492229788720644,-0.020000000000003126,48409838.0,843434,0,57.23,57.74,56.94,57.27
688203,海正生材,12.7,0.633914421553091,0.08000000000000007,8564898.0,676450,0,12.59,12.75,12.57,12.62
688205,德科立,150.9,-3.0330291736280675,-4.719999999999999,1730057359.0,11211429,0,157.86,162.88,147.81,155.62
688206,概伦电子,35.21,-1.0677156504636205,-0.38000000000000256,69372502.0,1966396,0,35.7,35.77,34.96,35.59
688207,格灵深瞳,15.06,-0.5284015852047561,-0.08000000000000007,24540280.0,1624521,0,15.14,15.21,15.02,15.14
688208,道通科技,36.12,-1.2305168170631744,-0.45000000000000284,191981745.0,5323383,0,35.99,36.58,35.85,36.57
688209,英集芯,20.32,-1.0710808179162554,-0.21999999999999886,104366142.0,5100059,0,20.45,20.73,20.28,20.54
688210,统联精密,54.23,5.076535555124971,2.6199999999999974,78134040.0,1495858,0,52.06,54.49,51.42,51.61
688211,中科微至,30.72,0.06514657980455887,0.019999999999999574,2370377.0,77161,0,30.7,30.82,30.6,30.7
688212,澳华内镜,44.93,0.17837235228539194,0.0799999999999983,12967090.0,289396,0,44.98,45.0,44.69,44.85
688213,思特威,93.67,-0.8363328392970486,-0.789999999999992,250839775.0,2671616,0,94.97,95.0,93.14,94.46
688215,瑞晟智能,70.84,-1.1856604826335533,-0.8499999999999943,18197424.0,255923,0,72.0,72.36,70.63,71.69
688216,气派科技,22.33,0.8581752484191405,0.18999999999999773,13690994.0,614712,0,22.17,22.5,22.05,22.14
688217,睿昂基因,26.23,0.11450381679389747,0.030000000000001137,10674748.0,404830,0,26.33,26.57,26.18,26.2
688218,江苏北人,22.6,1.5730337078651748,0.3500000000000014,38469699.0,1726552,0,22.25,22.64,22.01,22.25
688219,会通股份,12.27,2.079866888519135,0.25,66451086.0,5445589,0,12.03,12.33,12.0,12.02
688220,翱捷科技,82.37,-0.04853779881081427,-0.03999999999999204,258035099.0,3139044,0,82.5,83.39,81.33,82.41
688221,前沿生物,19.3,-2.4266936299292237,-0.4800000000000004,149420930.0,7589781,0,19.8,20.38,19.26,19.78
688222,成都先导,24.16,-0.24772914946324825,-0.05999999999999872,94236491.0,3921861,0,24.11,24.28,23.84,24.22
688223,晶科能源,5.5,0.9174311926605472,0.04999999999999982,135334432.0,24848031,0,5.44,5.51,5.41,5.45
688225,亚信安全,18.54,3.1719532554257115,0.5700000000000003,43039870.0,2369196,0,17.85,18.63,17.8,17.97
688226,威腾电气,39.04,-0.6109979633401272,-0.240000000000002,91508407.0,2345637,0,39.2,39.54,38.7,39.28
688227,品高股份,65.51,-0.13719512195120306,-0.0899999999999892,179199498.0,2713287,0,65.62,67.0,65.03,65.6
688228,开普云,207.45,-4.581206016282604,-9.960000000000008,392645662.0,1842111,0,215.21,226.77,203.0,217.41
688229,博睿数据,61.2,-0.3906249999999917,-0.23999999999999488,20218438.0,328557,0,62.32,62.32,61.01,61.44
688230,芯导科技,65.79,-1.0825439783491186,-0.7199999999999989,27193446.0,412683,0,66.33,66.99,65.1,66.51
688231,隆达股份,27.03,0.3713330857779481,0.10000000000000142,88829152.0,3300310,0,26.9,27.25,26.57,26.93
688232,新点软件,25.13,0.11952191235058797,0.029999999999997584,7317455.0,291433,0,24.83,25.23,24.83,25.1
688233,神工股份,71.06,-1.6878804648588805,-1.2199999999999989,376281250.0,5258719,0,71.7,73.49,70.18,72.28
688234,天岳先进,92.08,0.1413811854268575,0.12999999999999545,492259117.0,5334704,0,91.95,94.48,90.5,91.95
688235,百济神州,272.5,-1.9502014968336268,-5.420000000000016,321281345.0,1173440,0,277.0,277.56,271.58,277.92
688236,春立医疗,24.1,1.9027484143763336,0.45000000000000284,17032238.0,709970,0,23.74,24.19,23.63,23.65
688237,超卓航科,47.86,-0.06264355815410552,-0.030000000000001137,21086733.0,439352,0,47.89,48.45,47.72,47.89
688238,和元生物,6.74,-0.29585798816567416,-0.019999999999999574,13928845.0,2067381,0,6.75,6.77,6.71,6.76
688239,航宇科技,62.79,1.6019417475728188,0.990000000000002,421165018.0,6649888,0,61.33,65.16,61.33,61.8
688244,永信至诚,23.92,0.6310475389146073,0.15000000000000213,80120999.0,3396629,0,23.51,24.2,23.14,23.77
688246,嘉和美康,24.48,2.426778242677832,0.5800000000000018,101777786.0,4167325,0,23.88,25.17,23.68,23.9
688247,宣泰医药,10.0,0.0,0.0,8215679.0,822492,0,10.0,10.02,9.95,10.0
688248,南网科技,44.07,-1.629464285714279,-0.7299999999999969,83072534.0,1880301,0,44.9,44.9,43.89,44.8
688249,晶合集成,33.91,-3.7468066988362208,-1.3200000000000003,1159803837.0,34052591,0,35.13,35.15,33.45,35.23
688251,井松智能,28.98,-1.395032323919701,-0.41000000000000014,29922642.0,1037659,0,29.24,29.37,28.58,29.39
688252,天德钰,21.82,0.32183908045977144,0.07000000000000028,31510952.0,1445523,0,21.8,21.94,21.69,21.75
688253,英诺特,31.12,0.35472428248951765,0.10999999999999943,17094583.0,549580,0,30.99,31.32,30.95,31.01
688255,凯尔达,36.84,1.5155690272802542,0.5500000000000043,85464314.0,2335437,0,36.36,37.2,36.02,36.29
688256,寒武纪,1310.5,-1.1838335092746226,-15.700000000000045,3163718366.0,2396850,0,1315.0,1333.99,1310.0,1326.2
688257,新锐股份,33.3,3.319888302823457,1.0700000000000003,128452949.0,3923369,0,32.38,33.5,31.91,32.23
688258,卓易信息,68.68,1.6728349370836564,1.1300000000000097,169662216.0,2499864,0,67.13,69.03,66.55,67.55
688259,创耀科技,41.47,0.5821004123211303,0.240000000000002,38436843.0,930751,0,41.29,41.56,41.03,41.23
688260,昀冢科技,29.33,0.6174957118353335,0.17999999999999972,49503077.0,1690262,0,29.32,29.51,29.1,29.15
688261,东微半导,73.26,4.062499999999999,2.8599999999999994,337081825.0,4606474,0,70.31,74.87,70.31,70.4
688262,国芯科技,29.34,0.4450530640191681,0.129999999999999,138810266.0,4721900,0,29.2,29.66,29.05,29.21
688265,南模生物,41.45,-1.3095238095238029,-0.5499999999999972,10132582.0,244350,0,42.2,42.2,41.21,42.0
688266,泽璟制药,99.85,-0.9621106923229508,-0.9699999999999989,115908085.0,1147011,0,101.24,103.4,99.8,100.82
688267,中触媒,27.95,0.9754335260115592,0.2699999999999996,22933375.0,824998,0,27.75,28.12,27.54,27.68
688268,华特气体,60.29,-0.6263392121312058,-0.38000000000000256,72386104.0,1198935,0,61.12,61.12,60.02,60.67
688269,凯立新材,40.43,-1.7496962332928283,-0.7199999999999989,46708538.0,1151800,0,41.03,41.45,40.22,41.15
688270,臻镭科技,133.79,17.154115586690008,19.58999999999999,3462091751.0,26549822,0,117.18,137.04,117.08,114.2
688271,联影医疗,127.48,0.8943411159477718,1.1300000000000097,242425437.0,1914938,0,125.94,127.61,125.68,126.35
688272,富吉瑞,28.98,-0.27529249827941604,-0.0799999999999983,58240866.0,2006833,0,28.98,29.56,28.6,29.06
688273,麦澜德,40.05,11.157368859283919,4.019999999999996,152712771.0,3896690,0,37.8,40.73,37.8,36.03
688275,万润新能,75.31,-2.637362637362627,-2.039999999999992,271843507.0,3622223,0,75.47,76.33,74.08,77.35
688276,百克生物,19.14,-0.26055237102658,-0.05000000000000071,13336195.0,696570,0,19.2,19.23,19.08,19.19
688277,天智航,14.74,1.0281014393420174,0.15000000000000036,22667500.0,1548228,0,14.63,14.78,14.5,14.59
688278,特宝生物,80.9,-3.1369731800766165,-2.6199999999999903,89236622.0,1089298,0,83.62,83.89,80.9,83.52
688279,峰岹科技,187.93,1.7598007364089234,3.25,69466899.0,370967,0,185.86,190.0,183.85,184.68
688280,精进电动,8.57,0.7050528789659283,0.0600000000000005,40722337.0,4787182,0,8.59,8.59,8.43,8.51
688281,华秦科技,71.11,1.9936890418818138,1.3900000000000006,173025768.0,2418742,0,73.0,73.0,70.5,69.72
688282,理工导航,58.6,3.16901408450705,1.8000000000000043,51083237.0,884297,0,56.8,58.78,56.03,56.8
688283,坤恒顺维,35.02,2.3079170318434308,0.7900000000000063,54057289.0,1550076,0,34.13,35.4,34.13,34.23
688285,高铁电气,8.88,0.45248868778281587,0.040000000000000924,9166497.0,1035011,0,8.84,8.91,8.8,8.84
688286,敏芯股份,78.26,1.9010416666666772,1.460000000000008,79365144.0,1016818,0,76.99,78.92,76.82,76.8
688287,*ST观典,6.36,0.7923930269413743,0.05000000000000071,13472151.0,2114259,0,6.3,6.43,6.25,6.31
688288,鸿泉技术,27.58,0.3639010189228452,0.09999999999999787,29228730.0,1051543,0,27.84,28.25,27.49,27.48
688289,圣湘生物,19.11,-0.10454783063251216,-0.019999999999999574,25394229.0,1328384,0,19.13,19.22,19.05,19.13
688290,景业智能,58.09,0.2070036225634027,0.12000000000000455,46665762.0,802609,0,57.97,58.76,57.5,57.97
688291,金橙子,37.36,1.0822510822510785,0.3999999999999986,89255539.0,2417310,0,36.8,37.83,35.92,36.96
688292,浩瀚深度,27.1,0.18484288354898598,0.05000000000000071,72474603.0,2674739,0,27.03,27.4,26.8,27.05
688293,奥浦迈,52.27,0.05742725880551519,0.030000000000001137,20823506.0,401115,0,52.24,52.74,51.2,52.24
688295,中复神鹰,27.65,-0.18050541516245744,-0.05000000000000071,66122650.0,2392678,0,27.62,27.97,27.42,27.7
688296,和达科技,13.31,0.0,0.0,12860821.0,965167,0,13.37,13.47,13.24,13.31
688297,中无人机,46.66,1.5009788992821356,0.6899999999999977,145875470.0,3137367,0,45.9,46.88,45.69,45.97
688298,东方生物,24.22,1.085141903171945,0.259999999999998,12470541.0,518075,0,23.98,24.28,23.91,23.96
688299,长阳科技,17.25,-0.4616272360069146,-0.0799999999999983,41431924.0,2398851,0,17.53,17.54,17.14,17.33
688300,联瑞新材,64.85,-2.4518652226233595,-1.6300000000000097,207684925.0,3194121,0,65.53,66.38,64.3,66.48
688301,奕瑞科技,105.63,2.9431829256407718,3.019999999999996,278469947.0,2638588,0,102.9,107.6,102.9,102.61
688302,海创药业,51.0,-0.6815968841285325,-0.3500000000000014,49566209.0,973966,0,51.0,51.69,50.5,51.35
688303,大全能源,27.15,-0.036818851251846696,-0.010000000000001563,102226691.0,3763601,0,27.23,27.38,26.92,27.16
688305,科德数控,57.39,0.8966244725738362,0.509999999999998,40821986.0,712716,0,56.88,57.47,56.85,56.88
688306,均普智能,11.26,1.80831826401446,0.1999999999999993,117854267.0,10587327,0,11.09,11.26,11.0,11.06
688307,中润光学,44.7,-1.1061946902654867,-0.5,90025790.0,2022701,0,44.96,45.37,43.9,45.2
688308,欧科亿,30.91,-0.8659397049390621,-0.2699999999999996,108383009.0,3515683,0,31.0,31.45,30.36,31.18
688309,恒誉环保,23.61,-0.7148864592094268,-0.1700000000000017,11276862.0,477406,0,23.73,23.82,23.51,23.78
688310,迈得医疗,15.25,-0.6514657980456003,-0.09999999999999964,20645165.0,1353589,0,15.53,15.53,15.11,15.35
688311,盟升电子,42.26,5.544455544455542,2.219999999999999,400089512.0,9508766,0,39.76,43.06,39.76,40.04
688312,燕麦科技,33.76,1.5338345864661593,0.509999999999998,90880965.0,2700858,0,33.3,34.1,33.22,33.25
688313,仕佳光子,93.95,-0.3500212134068713,-0.3299999999999983,1341041242.0,14309181,0,95.4,96.1,91.5,94.28
688314,康拓医疗,32.25,0.8758210822646266,0.28000000000000114,8388336.0,261495,0,31.76,32.26,31.76,31.97
688315,诺禾致源,13.49,-0.0740740740740725,-0.009999999999999787,12428766.0,921943,0,13.5,13.53,13.41,13.5
688316,青云科技,57.58,0.03474635163307162,0.01999999999999602,25693957.0,446727,0,57.8,57.99,57.15,57.56
688317,之江生物,20.42,0.4426955238563867,0.09000000000000341,8091250.0,396862,0,20.41,20.48,20.32,20.33
688318,财富趋势,132.77,0.9657794676806162,1.2700000000000102,227364779.0,1710150,0,131.5,133.95,131.5,131.5
688319,欧林生物,25.26,-1.4820592823712908,-0.379999999999999,47267667.0,1862142,0,25.67,25.9,25.15,25.64
688320,禾川科技,34.33,5.8587727412889254,1.8999999999999986,133004264.0,3967886,0,32.55,34.33,32.41,32.43
688321,微芯生物,28.79,0.24373259052924892,0.07000000000000028,84526688.0,2935531,0,28.92,29.0,28.56,28.72
688322,奥比中光,82.75,1.959093149334652,1.5900000000000034,316883094.0,3847913,0,81.86,82.88,81.4,81.16
688323,瑞华泰,23.55,1.3339070567986329,0.3100000000000023,403061364.0,17016023,0,24.0,24.47,22.69,23.24
688325,赛微微电,93.36,0.6034482758620715,0.5600000000000023,33590752.0,359249,0,92.8,94.38,92.5,92.8
688326,经纬恒润,114.22,0.4043600562587849,0.45999999999999375,262916660.0,2317719,0,112.2,116.0,111.0,113.76
688327,云从科技,13.91,-0.6428571428571418,-0.08999999999999986,132109117.0,9478799,0,14.01,14.07,13.86,14.0
688328,深科达,27.31,0.5522827687776088,0.14999999999999858,35551380.0,1303999,0,27.15,27.44,27.01,27.16
688329,艾隆科技,21.47,-0.3712296983758786,-0.08000000000000185,10390496.0,482028,0,21.66,21.7,21.36,21.55
688330,宏力达,35.38,0.02827254735653129,0.010000000000005116,23918314.0,676781,0,35.21,35.58,35.1,35.37
688331,荣昌生物,79.08,-2.273850716757295,-1.8400000000000034,226054806.0,2848541,0,80.58,80.77,78.65,80.92
688332,中科蓝讯,127.16,-0.2118810327238564,-0.27000000000001023,111706850.0,880175,0,127.02,127.74,126.26,127.43
688333,铂力特,98.76,5.965665236051505,5.560000000000002,1608452692.0,16412305,0,94.44,100.8,93.52,93.2
688334,西高院,19.58,1.3457556935817703,0.259999999999998,27870841.0,1430210,0,19.33,19.58,19.25,19.32
688335,复洁科技,23.14,1.1363636363636431,0.26000000000000156,37689623.0,1643596,0,22.91,23.23,22.64,22.88
688336,三生国健,60.47,-0.2638957611743422,-0.1600000000000037,120388222.0,1978671,0,60.63,61.66,60.04,60.63
688337,普源精电,37.47,1.1336032388664015,0.4200000000000017,32456903.0,870978,0,37.08,37.57,36.99,37.05
688338,赛科希德,26.16,0.49942374183633886,0.129999999999999,4421613.0,169438,0,26.03,26.18,25.99,26.03
688339,亿华通,28.5,2.5917926565874687,0.7199999999999989,88079345.0,3117825,0,27.72,28.75,27.45,27.78
688343,云天励飞,71.6,1.28731079360588,0.9099999999999966,455065765.0,6296362,0,70.92,73.06,70.92,70.69
688345,博力威,32.44,2.012578616352192,0.639999999999997,17467308.0,545967,0,31.77,32.45,31.53,31.8
688347,华虹公司,108.17,-1.7529518619436808,-1.9299999999999926,1134812554.0,10352752,0,109.33,112.25,107.8,110.1
688348,昱能科技,52.16,0.32698595883822773,0.1699999999999946,33098182.0,637663,0,51.99,52.35,51.6,51.99
688349,三一重能,26.27,1.2721665381649896,0.3299999999999983,36883537.0,1407105,0,25.95,26.48,25.8,25.94
688350,富淼科技,26.04,3.4564958283670935,0.8699999999999974,86342867.0,3382172,0,24.97,26.4,24.62,25.17
688351,微电生理,23.86,1.1016949152542288,0.259999999999998,49108498.0,2073033,0,23.42,23.94,23.42,23.6
688352,颀中科技,12.81,-0.6976744186046501,-0.08999999999999986,56957096.0,4452300,0,12.88,12.91,12.72,12.9
688353,华盛锂电,106.84,-1.0557510650120399,-1.1400000000000006,956972677.0,9084757,0,103.18,110.38,101.09,107.98
688355,明志科技,17.52,0.11428571428571184,0.019999999999999574,16129472.0,920248,0,18.0,18.11,17.38,17.5
688356,键凯科技,81.64,0.12263919548687063,0.09999999999999432,17960160.0,218197,0,82.12,84.01,81.5,81.54
688357,建龙微纳,33.53,-0.17862459065198652,-0.060000000000002274,34030754.0,1009666,0,33.47,34.18,33.12,33.59
688358,祥生医疗,30.05,0.13328890369876423,0.03999999999999915,11481261.0,382548,0,29.91,30.14,29.77,30.01
688359,三孚新科,71.07,-1.931833862287851,-1.4000000000000057,53285272.0,743428,0,73.2,73.2,70.88,72.47
688360,德马科技,21.49,0.0,0.0,82087965.0,3867518,0,21.38,21.5,21.0,21.49
688361,中科飞测,152.0,-3.0612244897959253,-4.800000000000011,765153476.0,5030378,0,156.0,157.97,148.88,156.8
688362,甬矽电子,32.7,0.9882643607164924,0.3200000000000003,143616721.0,4383925,0,32.25,33.17,32.11,32.38
688363,华熙生物,43.65,-0.2741603838245477,-0.12000000000000455,49277686.0,1127416,0,43.8,43.93,43.55,43.77
688365,光云科技,15.52,-0.06439150032195613,-0.009999999999999787,95676185.0,6161440,0,15.46,15.73,15.4,15.53
688366,昊海生科,44.46,0.2932551319648152,0.13000000000000256,20733716.0,464465,0,44.18,44.93,44.18,44.33
688367,工大高科,29.22,3.9118065433854827,1.0999999999999979,49172420.0,1702282,0,28.5,29.46,27.87,28.12
688368,晶丰明源,119.58,6.55854571377651,7.359999999999999,366215746.0,3029559,0,112.22,128.0,112.22,112.22
688369,致远互联,23.1,0.8733624454148596,0.20000000000000284,29602705.0,1283085,0,22.98,23.3,22.86,22.9
688370,丛麟科技,24.91,2.090163934426236,0.5100000000000016,10830534.0,437625,0,24.48,25.01,24.08,24.4
688371,菲沃泰,19.19,-0.10411244143674948,-0.019999999999999574,23930732.0,1249502,0,19.38,19.38,19.04,19.21
688372,伟测科技,104.1,0.7744433688286516,0.7999999999999972,247232724.0,2369403,0,103.44,105.92,102.0,103.3
688373,盟科药业,6.08,0.0,0.0,17239964.0,2841464,0,6.09,6.1,6.04,6.08
688375,国博电子,78.65,6.183340083704621,4.5800000000000125,509459826.0,6545113,0,73.7,81.6,73.7,74.07
688376,美埃科技,64.18,0.5640864932623104,0.36000000000000654,376703464.0,5905526,0,63.99,65.99,61.5,63.82
688377,迪威尔,36.4,2.5352112676056295,0.8999999999999986,30080235.0,840552,0,35.53,36.4,35.25,35.5
688378,奥来德,28.72,0.0,0.0,67570032.0,2356319,0,28.87,28.92,28.41,28.72
688379,华光新材,60.68,1.8975650713686023,1.1300000000000026,245582202.0,4079791,0,58.69,61.84,58.51,59.55
688380,中微半导,32.42,-0.7044410413476169,-0.22999999999999687,71381886.0,2195687,0,32.83,32.83,32.33,32.65
688381,帝奥微,23.52,0.3841229193341863,0.08999999999999986,34459049.0,1461516,0,23.55,23.75,23.39,23.43
688382,益方生物,29.1,-2.675585284280927,-0.7999999999999972,113646783.0,3868209,0,29.73,30.11,29.01,29.9
688383,新益昌,73.7,-2.0467836257309835,-1.539999999999992,35124121.0,475253,0,75.24,75.97,73.08,75.24
688385,复旦微电,67.3,4.002472569927374,2.5900000000000034,507835348.0,7844334,0,64.1,67.64,63.9,64.71
688386,泛亚微透,76.38,-0.05234231876472946,-0.04000000000000625,64813381.0,853363,0,76.41,77.08,74.91,76.42
688387,信科移动,10.69,11.122661122661126,1.0700000000000003,1692140022.0,162593148,0,9.67,11.09,9.6,9.62
688388,嘉元科技,41.63,-3.410672853828303,-1.4699999999999989,777619980.0,18745777,0,43.3,43.3,40.5,43.1
688389,普门科技,13.23,0.2272727272727359,0.030000000000001137,8394752.0,635313,0,13.25,13.25,13.17,13.2
688390,固德威,61.89,1.6256157635468012,0.990000000000002,368511453.0,5964626,0,61.08,63.1,60.68,60.9
688391,钜泉科技,28.4,0.4953998584571727,0.13999999999999702,13081127.0,461775,0,28.33,28.45,28.16,28.26
688392,骄成超声,120.18,-1.2651988169569437,-1.539999999999992,178198921.0,1463289,0,121.07,124.0,119.72,121.72
688393,安必平,23.76,2.1496130696474633,0.5,50106782.0,2117191,0,23.16,24.3,23.1,23.26
688395,正弦电气,23.7,1.2387868432293856,0.28999999999999915,5606407.0,237217,0,23.71,23.77,23.49,23.41
688396,华润微,54.85,-2.4715504978662883,-1.3900000000000006,408795283.0,7414536,0,55.78,56.01,54.67,56.24
688398,赛特新材,17.53,1.0957324106113107,0.19000000000000128,25257271.0,1453088,0,17.25,17.68,17.13,17.34
688399,硕世生物,71.94,6.4043780505842305,4.329999999999998,161497454.0,2298263,0,67.61,72.0,67.02,67.61
688400,凌云光,42.86,1.2281530467642796,0.519999999999996,430409557.0,10145879,0,42.2,43.08,41.7,42.34
688401,路维光电,50.23,-2.35225505443235,-1.2100000000000009,202055166.0,4016590,0,51.46,51.46,49.88,51.44
688403,汇成股份,16.75,-3.735632183908038,-0.6499999999999986,410814279.0,24376281,0,17.34,17.47,16.5,17.4
688408,中信博,43.31,-0.09227220299884463,-0.03999999999999915,54228843.0,1251711,0,43.22,43.5,43.12,43.35
688409,富创精密,68.36,-3.0629608621667566,-2.1599999999999966,335078711.0,4858990,0,70.52,70.79,67.77,70.52
688410,山外山,14.64,0.0,0.0,36124556.0,2468968,0,14.67,14.75,14.55,14.64
688411,海博思创,263.59,-4.492916410014868,-12.400000000000034,603688989.0,2272832,0,274.0,274.0,261.1,275.99
688416,恒烁股份,59.52,13.54444868370851,7.100000000000001,744000106.0,12219114,0,54.41,62.9,54.41,52.42
688418,震有科技,42.74,8.836261777438244,3.469999999999999,700020443.0,16955227,0,39.61,43.33,39.3,39.27
688419,耐科装备,28.33,0.354233085370166,0.09999999999999787,13330232.0,472167,0,28.13,28.41,28.1,28.23
688420,美腾科技,23.59,0.0848536274925735,0.019999999999999574,7397836.0,313535,0,23.3,23.79,23.3,23.57
688425,铁建重工,5.15,1.577909270216964,0.08000000000000007,116650572.0,22803210,0,5.08,5.16,5.05,5.07
688426,康为世纪,24.33,-0.3685503685503825,-0.09000000000000341,9624780.0,396455,0,24.35,24.55,24.0,24.42
688428,诺诚健华,21.74,-0.5034324942791898,-0.11000000000000298,88404898.0,4092607,0,21.86,21.96,21.36,21.85
688429,时创能源,13.32,0.0,0.0,8873392.0,667331,0,13.32,13.39,13.19,13.32
688432,有研硅,12.55,-0.1591089896579123,-0.019999999999999574,39813624.0,3176996,0,12.62,12.62,12.46,12.57
688433,华曙高科,63.38,3.8335517693315917,2.3400000000000034,240685473.0,3803402,0,61.88,65.0,60.7,61.04
688435,英方软件,47.61,-0.8331597583836672,-0.3999999999999986,48230357.0,1004998,0,47.68,48.79,47.3,48.01
688439,振华风光,62.42,3.0373060415978927,1.8400000000000034,238718895.0,3862725,0,60.62,62.86,60.3,60.58
688443,智翔金泰,26.27,0.0380807311500305,0.00999999999999801,36930513.0,1405323,0,26.35,26.43,26.11,26.26
688448,磁谷科技,45.55,2.3825578781748598,1.0599999999999952,54184884.0,1211475,0,44.49,46.0,44.0,44.49
688449,联芸科技,45.99,-0.06518904823989817,-0.030000000000001137,228662495.0,4963144,0,45.96,46.85,45.5,46.02
688450,光格科技,27.72,-0.2877697841726685,-0.08000000000000185,9790614.0,352610,0,27.96,28.0,27.45,27.8
688455,科捷智能,20.65,-0.8165225744476546,-0.1700000000000017,48539869.0,2359459,0,20.85,20.93,20.32,20.82
688456,有研粉材,67.2,4.77081384471469,3.0600000000000023,722739466.0,10802945,0,64.5,69.3,64.06,64.14
688458,美芯晟,39.37,0.4336734693877413,0.1699999999999946,47379372.0,1208632,0,39.0,39.52,38.86,39.2
688459,哈铁科技,9.64,0.4166666666666763,0.040000000000000924,7397701.0,768803,0,9.58,9.64,9.58,9.6
688466,金科环境,16.53,0.854179377669314,0.14000000000000057,11843801.0,718620,0,16.69,16.69,16.35,16.39
688468,科美诊断,7.52,0.9395973154362336,0.0699999999999994,10346923.0,1381777,0,7.46,7.52,7.44,7.45
688469,芯联集成,6.74,-0.8823529411764649,-0.05999999999999961,289826674.0,42747129,0,6.83,6.85,6.73,6.8
688472,阿特斯,15.41,-2.0965692503176623,-0.33000000000000007,577430006.0,37326826,0,15.67,15.69,15.32,15.74
688475,萤石网络,29.72,0.8141112618724506,0.23999999999999844,43706647.0,1475588,0,29.4,29.76,29.38,29.48
688478,晶升股份,38.83,-0.6397134083930399,-0.25,95574306.0,2429884,0,39.08,40.35,38.6,39.08
688479,友车科技,18.77,-0.5299417064123022,-0.10000000000000142,3708384.0,197325,0,18.85,18.87,18.73,18.87
688480,赛恩斯,48.7,-1.7154389505549836,-0.8499999999999943,44757805.0,922896,0,49.5,49.93,47.67,49.55
688484,南芯科技,42.03,0.6706586826347333,0.28000000000000114,180280535.0,4274052,0,42.48,42.84,41.7,41.75
688485,九州一轨,17.68,1.2020606754436227,0.21000000000000085,12539041.0,716055,0,17.35,17.74,17.35,17.47
688486,龙迅股份,74.39,-0.04031174415479863,-0.030000000000001137,65478018.0,883656,0,74.42,75.1,73.37,74.42
688488,艾迪药业,15.38,1.1842105263157994,0.1800000000000015,34607236.0,2262200,0,15.07,15.48,15.06,15.2
688489,三未信安,43.7,1.6515468713654355,0.7100000000000009,18643717.0,427395,0,43.57,44.26,42.6,42.99
688496,清越科技,6.05,-1.4657980456026036,-0.08999999999999986,19199722.0,3160989,0,6.21,6.28,6.01,6.14
688498,源杰科技,662.0,2.5482147006428697,16.450000000000045,1816519621.0,2759850,0,642.01,673.0,636.87,645.55
688499,利元亨,57.57,-0.552772499568147,-0.3200000000000003,207284746.0,3613820,0,57.95,58.35,56.73,57.89
688500,慧辰股份,63.08,0.34998409163219674,0.21999999999999886,83650962.0,1328957,0,63.03,63.95,62.0,62.86
688501,青达环保,27.0,3.092783505154634,0.8099999999999987,40839841.0,1530608,0,26.04,27.4,26.02,26.19
688502,茂莱光学,400.6,-1.6184090964905757,-6.589999999999975,220819798.0,546619,0,404.8,411.38,400.02,407.19
688503,聚和材料,64.43,-0.7088919710278837,-0.45999999999999375,603307864.0,9370647,0,64.28,65.93,62.78,64.89
688505,复旦张江,8.35,0.8454106280193272,0.07000000000000028,7208400.0,867304,0,8.24,8.36,8.24,8.28
688506,百利天恒,335.0,-2.046783625730994,-7.0,139328590.0,412274,0,342.01,343.6,334.33,342.0
688507,索辰科技,92.2,-0.35664108937641664,-0.3299999999999983,58992875.0,641077,0,92.1,92.97,91.58,92.53
688508,芯朋微,61.46,1.08552631578948,0.6600000000000037,161580269.0,2624955,0,61.15,62.39,60.75,60.8
688509,正元地信,5.11,1.188118811881198,0.0600000000000005,60040314.0,11768218,0,5.04,5.15,5.01,5.05
688510,航亚科技,27.0,5.509964830011723,1.4100000000000001,212962809.0,8040415,0,25.75,27.44,25.63,25.59
688511,*ST天微,24.23,4.529767040552203,1.0500000000000007,19380324.0,814415,0,23.19,24.49,23.14,23.18
688512,慧智微,10.99,0.5489478499542589,0.0600000000000005,42688585.0,3864248,0,11.0,11.2,10.94,10.93
688513,苑东生物,58.27,0.5522001725625544,0.3200000000000003,15670389.0,271085,0,57.8,58.62,57.28,57.95
688515,裕太微,105.4,-0.4345361798601868,-0.45999999999999375,76510665.0,725468,0,105.67,107.0,104.28,105.86
688516,奥特维,48.61,-1.519448946515397,-0.75,193241992.0,3957953,0,49.35,49.87,48.4,49.36
688517,金冠电气,15.95,0.8217446270543552,0.129999999999999,19657960.0,1235820,0,15.89,15.99,15.8,15.82
688518,联赢激光,23.77,-0.37720033528918634,-0.08999999999999986,87206741.0,3675155,0,23.86,23.98,23.5,23.86
688519,南亚新材,71.57,1.2878573450325455,0.9099999999999966,284378392.0,4019421,0,71.15,73.35,69.44,70.66
688520,神州细胞,43.84,0.0913242009132563,0.04000000000000625,64271842.0,1474036,0,43.76,43.99,43.09,43.8
688521,芯原股份,127.83,-6.693430656934307,-9.170000000000002,1983017715.0,15256580,0,133.0,133.0,127.6,137.0
688522,纳睿雷达,38.48,-0.33670033670034333,-0.13000000000000256,95720218.0,2489757,0,38.67,38.83,38.15,38.61
688523,航天环宇,42.08,3.3652665192827254,1.3699999999999974,570358527.0,13630514,0,40.22,42.5,40.02,40.71
688525,佰维存储,110.81,-1.0094693585849521,-1.1299999999999955,1739067520.0,15439753,0,111.13,116.0,109.45,111.94
688526,科前生物,15.63,0.32092426187420225,0.05000000000000071,18554889.0,1191828,0,15.64,15.71,15.48,15.58
688528,秦川物联,10.65,0.0,0.0,9860822.0,928163,0,10.77,10.78,10.55,10.65
688529,豪森智能,17.94,0.8431703204047338,0.15000000000000213,11820306.0,660040,0,17.93,17.99,17.77,17.79
688530,欧莱新材,16.63,1.217285453438827,0.1999999999999993,16668387.0,1012600,0,16.55,16.63,16.3,16.43
688531,日联科技,68.0,-1.8617405108962422,-1.2900000000000063,88478598.0,1297470,0,69.3,69.3,67.41,69.29
688533,上声电子,29.34,-0.03407155025554195,-0.010000000000001563,21165891.0,719843,0,29.2,29.48,29.2,29.35
688535,华海诚科,116.56,-0.715502555366272,-0.8400000000000034,823893560.0,7056534,0,116.0,120.28,113.13,117.4
688536,思瑞浦,160.01,1.2721518987341716,2.009999999999991,477988007.0,2964361,0,157.99,163.97,157.99,158.0
688538,和辉光电,2.69,0.373134328358201,0.009999999999999787,50743956.0,18913475,0,2.68,2.7,2.67,2.68
688539,高华科技,50.13,14.845360824742276,6.480000000000004,686671343.0,14168563,0,44.1,51.98,43.9,43.65
688543,国科军工,58.29,1.0926118626430847,0.6300000000000026,429271575.0,7332112,0,57.37,59.23,57.31,57.66
688545,兴福电子,37.99,1.9045064377682428,0.7100000000000009,168488430.0,4442624,0,37.5,38.6,37.06,37.28
688548,广钢气体,14.53,-0.4112405757368095,-0.0600000000000005,133198240.0,9152876,0,14.49,14.78,14.3,14.59
688549,中巨芯,9.36,0.0,0.0,74197431.0,7930775,0,9.33,9.41,9.28,9.36
688550,瑞联新材,45.03,0.3342245989304781,0.14999999999999858,39383452.0,879386,0,45.05,45.08,44.53,44.88
688551,科威尔,38.45,-0.6459948320413437,-0.25,27452962.0,716517,0,38.39,38.79,37.88,38.7
688552,航天南湖,36.45,3.4042553191489446,1.2000000000000028,172785994.0,4778663,0,35.11,36.83,35.11,35.25
688553,汇宇制药,18.17,0.2759381898454785,0.05000000000000071,40250559.0,2219962,0,18.09,18.31,17.99,18.12
688556,高测股份,11.59,1.1343804537521727,0.129999999999999,161050337.0,14006291,0,11.42,11.64,11.31,11.46
688557,兰剑智能,37.2,3.161397670549086,1.1400000000000006,36094451.0,985988,0,36.06,37.41,35.92,36.06
688558,国盛智科,28.56,0.24570024570024668,0.07000000000000028,14542208.0,509545,0,28.49,28.7,28.31,28.49
688559,海目星,48.73,0.5156765676567656,0.25,434965341.0,8762408,0,48.88,50.69,48.48,48.48
688560,明冠新材,13.74,-0.5788712011577429,-0.08000000000000007,27391901.0,1995800,0,13.86,13.86,13.64,13.82
688561,奇安信,34.93,-0.08581235697940828,-0.030000000000001137,115297233.0,3313672,0,34.91,35.18,34.59,34.96
688562,航天软件,22.79,10.363196125907994,2.1400000000000006,656585055.0,28720521,0,20.48,24.68,20.45,20.65
688563,航材股份,57.31,2.504024324807737,1.4000000000000057,379347127.0,6623585,0,55.7,57.99,55.52,55.91
688565,力源科技,10.94,0.8294930875576024,0.08999999999999986,15163332.0,1390267,0,10.8,10.99,10.61,10.85
688566,吉贝尔,29.55,0.3054989816700606,0.08999999999999986,11488528.0,390152,0,29.52,29.58,29.34,29.46
688567,孚能科技,15.81,-0.31525851197981675,-0.049999999999998934,70196786.0,4459161,0,15.76,15.84,15.62,15.86
688568,中科星图,50.66,4.432075860647287,2.1499999999999986,1185458816.0,23687355,0,48.21,51.4,48.15,48.51
688569,铁科轨道,21.57,0.23234200743494754,0.05000000000000071,4403941.0,204741,0,21.49,21.59,21.45,21.52
688570,天玛智控,18.33,1.0474090407938133,0.18999999999999773,8142686.0,445447,0,18.14,18.36,18.12,18.14
688571,杭华股份,7.52,1.2113055181695809,0.08999999999999986,11987416.0,1605622,0,7.41,7.53,7.4,7.43
688573,信宇人,23.01,0.5242463958060332,0.120000000000001,20772430.0,904161,0,22.8,23.15,22.71,22.89
688575,亚辉龙,14.4,0.3484320557491339,0.05000000000000071,16732007.0,1163547,0,14.35,14.46,14.31,14.35
688576,西山科技,62.49,0.016005121638932644,0.010000000000005116,6802843.0,109132,0,62.62,62.63,62.03,62.48
688577,浙海德曼,92.83,0.5088783022953647,0.46999999999999886,64238680.0,696939,0,92.13,93.4,91.0,92.36
688578,艾力斯,105.21,0.10466222645099851,0.10999999999999943,68206950.0,648331,0,104.93,105.76,104.54,105.1
688579,山大地纬,10.63,0.18850141376061594,0.02000000000000135,19264697.0,1823672,0,10.58,10.65,10.5,10.61
688580,伟思医疗,48.9,4.913108774940998,2.289999999999999,100339637.0,2076580,0,46.68,49.17,46.68,46.61
688581,安杰思,59.76,1.0825439783491213,0.6400000000000006,11561385.0,194636,0,59.45,59.78,59.13,59.12
688582,芯动联科,65.46,3.1028508426523733,1.9699999999999918,499572434.0,7681958,0,63.5,66.36,63.22,63.49
688583,思看科技,96.7,-0.32982890125746567,-0.3199999999999932,26218596.0,270960,0,96.36,97.49,96.28,97.02
688584,上海合晶,22.36,0.04474272930647879,0.00999999999999801,41893629.0,1873312,0,22.4,22.48,22.2,22.35
688585,上纬新材,109.5,5.1873198847262305,5.400000000000006,721697527.0,6557204,0,105.8,113.29,105.0,104.1
688586,江航装备,13.07,4.643714971977583,0.5800000000000001,285132006.0,22054055,0,12.48,13.23,12.41,12.49
688588,凌志软件,14.46,0.5563282336578587,0.08000000000000007,27747034.0,1920436,0,14.38,14.54,14.35,14.38
688589,力合微,22.65,0.22123893805308475,0.04999999999999716,24826632.0,1099337,0,22.68,22.72,22.46,22.6
688590,新致软件,17.98,1.410039481105471,0.25,38124985.0,2131615,0,17.85,18.08,17.69,17.73
688591,泰凌微,44.47,-0.13474062429823103,-0.060000000000002274,135787851.0,3036328,0,44.9,45.34,44.32,44.53
688592,司南导航,42.2,2.72638753651413,1.1200000000000045,66124986.0,1577623,0,41.11,42.65,41.08,41.08
688593,新相微,18.97,-0.9916492693110713,-0.19000000000000128,80398913.0,4201740,0,19.2,19.49,18.93,19.16
688595,芯海科技,32.72,-0.03055300947142686,-0.00999999999999801,25866282.0,790114,0,32.77,33.09,32.54,32.73
688596,正帆科技,30.38,-1.682847896440128,-0.5199999999999996,162967547.0,5343298,0,30.88,30.99,30.31,30.9
688597,煜邦电力,8.52,1.1876484560570029,0.09999999999999964,11647845.0,1377496,0,8.47,8.52,8.38,8.42
688598,金博股份,29.95,3.74090751645306,1.0799999999999983,125215682.0,4223595,0,29.29,30.45,28.93,28.87
688599,天合光能,16.59,-0.3004807692307735,-0.05000000000000071,213350113.0,12876397,0,16.59,16.68,16.45,16.64
688600,皖仪科技,24.08,0.6688963210702198,0.1599999999999966,18138344.0,752132,0,24.05,24.46,23.85,23.92
688601,力芯微,45.4,0.7769145394006691,0.3500000000000014,98555135.0,2176713,0,45.2,45.88,44.85,45.05
688602,康鹏科技,8.78,-1.0146561443066502,-0.08999999999999986,48418519.0,5531200,0,8.83,8.86,8.69,8.87
688603,天承科技,79.38,-3.9912917271407973,-3.3000000000000114,103298115.0,1290077,0,82.29,82.32,79.2,82.68
688605,先锋精科,61.22,-0.1630789302022202,-0.10000000000000142,79450669.0,1295296,0,61.26,61.95,61.0,61.32
688606,奥泰生物,63.36,-0.03155569580309739,-0.020000000000003126,6081443.0,95960,0,63.38,63.49,63.01,63.38
688607,康众医疗,44.05,3.185757788709299,1.3599999999999994,57799732.0,1335285,0,43.0,44.08,42.24,42.69
688608,恒玄科技,225.34,-0.5648221692701443,-1.2800000000000011,498105949.0,2208082,0,226.17,228.94,223.7,226.62
688609,九联科技,9.81,0.0,0.0,30389177.0,3106732,0,9.73,9.85,9.73,9.81
688610,埃科光电,62.62,2.2200457068233748,1.3599999999999994,29201848.0,468832,0,61.23,63.5,61.0,61.26
688611,杭州柯林,50.83,0.019677292404561217,0.00999999999999801,65867616.0,1294490,0,50.54,51.41,50.27,50.82
688612,威迈斯,32.99,0.9177118384827295,0.30000000000000426,48456634.0,1471809,0,32.98,33.14,32.62,32.69
688613,奥精医疗,21.11,-0.6588235294117675,-0.14000000000000057,31136369.0,1476606,0,21.2,21.39,20.92,21.25
688615,合合信息,215.61,0.7853036039826143,1.6800000000000068,214376158.0,995386,0,213.93,218.8,210.28,213.93
688616,西力科技,12.3,0.08136696501221777,0.010000000000001563,12896782.0,1046165,0,12.33,12.43,12.25,12.29
688617,惠泰医疗,248.02,0.16558297322402027,0.4099999999999966,51928872.0,208869,0,247.6,249.58,246.66,247.61
688618,三旺通信,27.61,0.2905920813657766,0.0799999999999983,18401270.0,665909,0,27.31,27.86,27.3,27.53
688619,罗普特,14.0,0.28653295128939216,0.03999999999999915,12134343.0,868733,0,13.89,14.06,13.89,13.96
688620,安凯微,11.64,0.25839793281654727,0.030000000000001137,34093580.0,2940181,0,11.61,11.68,11.51,11.61
688621,阳光诺和,67.3,-2.322206095791014,-1.6000000000000085,165177347.0,2427217,0,69.5,71.2,66.0,68.9
688622,禾信仪器,100.69,-1.8041739808855164,-1.8500000000000085,142408198.0,1404409,0,102.96,103.54,100.43,102.54
688623,双元科技,88.75,2.719907407407401,2.3499999999999943,72646803.0,835070,0,86.8,88.76,85.41,86.4
688625,呈和科技,38.65,-0.07755946225439798,-0.030000000000001137,15061583.0,391043,0,38.49,38.74,38.32,38.68
688626,翔宇医疗,57.97,7.730905036238611,4.159999999999997,245290377.0,4297082,0,53.9,58.77,53.8,53.81
688627,精智达,251.72,-5.000566101822858,-13.250000000000028,811350653.0,3204666,0,260.0,261.0,248.06,264.97
688628,优利德,31.59,0.28571428571428525,0.08999999999999986,13253777.0,419270,0,31.69,31.77,31.5,31.5
688629,华丰科技,93.0,-3.003754693366704,-2.8799999999999955,995542087.0,10731636,0,94.78,95.88,90.97,95.88
688630,芯碁微装,136.36,-2.579124098020994,-3.609999999999985,384949711.0,2815345,0,138.18,139.88,135.2,139.97
688631,莱斯信息,64.85,2.4486571879936765,1.5499999999999972,90906598.0,1407883,0,63.52,65.2,63.42,63.3
688633,星球石墨,23.56,-0.08481764206954867,-0.019999999999999574,5767499.0,244913,0,23.66,23.69,23.49,23.58
688636,智明达,41.91,4.357569721115538,1.75,254449320.0,6158450,0,40.15,42.06,40.0,40.16
688638,誉辰智能,35.74,-0.2790178571428611,-0.10000000000000142,7116490.0,199707,0,35.87,36.01,35.3,35.84
688639,华恒生物,33.46,-3.5178777393310234,-1.2199999999999989,201504959.0,5970699,0,34.68,35.32,32.98,34.68
688646,ST逸飞,36.53,-1.0831302464121273,-0.3999999999999986,14866866.0,405619,0,36.81,37.38,36.36,36.93
688648,中邮科技,58.79,-2.3746263699767516,-1.4299999999999997,156354582.0,2640001,0,61.0,61.0,58.51,60.22
688651,盛邦安全,45.08,9.870826224713616,4.049999999999997,211407791.0,4842463,0,40.81,45.18,40.67,41.03
688652,京仪装备,104.23,-1.5676645575597286,-1.6599999999999966,293690635.0,2795212,0,105.0,107.7,103.03,105.89
688653,康希通信,12.35,0.4065040650406417,0.049999999999998934,34664915.0,2804499,0,12.4,12.48,12.27,12.3
688655,迅捷兴,17.58,-1.346801346801358,-0.240000000000002,23841299.0,1352126,0,17.74,17.88,17.54,17.82
688656,浩欧博,180.29,-1.963023382272982,-3.6100000000000136,81366679.0,453361,0,183.9,183.9,177.33,183.9
688657,浩辰软件,52.51,-1.2784357962022932,-0.6799999999999997,14712650.0,279193,0,53.2,53.24,52.5,53.19
688658,悦康药业,23.16,-2.319696330662171,-0.5500000000000007,53184382.0,2280765,0,24.07,24.07,23.1,23.71
688659,元琛科技,9.51,0.0,0.0,16327930.0,1714004,0,9.62,9.65,9.46,9.51
688660,电气风电,17.24,-3.1460674157303496,-0.5600000000000023,382816979.0,22187548,0,17.6,17.6,17.03,17.8
688661,和林微纳,52.37,-0.3993914035755056,-0.21000000000000085,155919055.0,2995799,0,52.66,53.33,51.33,52.58
688662,富信科技,53.87,-1.7687819110138694,-0.970000000000006,231666259.0,4318509,0,54.99,55.49,52.6,54.84
688663,新风光,39.41,-0.20258293238795996,-0.0800000000000054,17587497.0,446751,0,39.0,39.97,39.0,39.49
688665,四方光电,50.09,0.6834170854271425,0.3400000000000034,33482719.0,672304,0,49.91,50.35,49.42,49.75
688667,菱电电控,68.27,-2.1218637992831595,-1.480000000000004,73282951.0,1076718,0,69.28,69.3,67.2,69.75
688668,鼎通科技,128.78,-1.052631578947372,-1.3700000000000045,728541620.0,5765746,0,127.55,129.72,124.0,130.15
688669,聚石化学,21.64,-0.824931255728688,-0.17999999999999972,11569231.0,534881,0,21.82,21.85,21.44,21.82
688670,金迪克,22.18,3.4032634032634053,0.7300000000000004,99567851.0,4526740,0,21.68,22.78,21.12,21.45
688671,碧兴物联,24.93,-0.31987205117953554,-0.08000000000000185,17016293.0,680028,0,25.01,25.3,24.82,25.01
688676,金盘科技,90.05,-0.563162544169617,-0.5100000000000051,1085903805.0,11914162,0,88.4,93.69,88.39,90.56
688677,海泰新光,43.41,1.8058161350844184,0.769999999999996,34616318.0,807896,0,42.65,43.5,42.34,42.64
688678,福立旺,23.75,0.7636826474331766,0.17999999999999972,41608661.0,1769148,0,23.57,23.75,23.41,23.57
688679,通源环境,26.49,1.8063028439661757,0.46999999999999886,62862767.0,2386518,0,26.1,26.95,25.8,26.02
688680,海优新材,38.64,-0.6683804627249306,-0.259999999999998,30289654.0,784358,0,39.26,39.26,38.31,38.9
688681,科汇股份,17.48,-0.3420752565564351,-0.05999999999999872,14645633.0,835950,0,17.64,17.66,17.43,17.54
688682,霍莱沃,54.6,2.94117647058824,1.5600000000000023,287165846.0,5200136,0,54.28,57.79,53.85,53.04
688683,莱尔科技,30.43,0.6283068783068826,0.19000000000000128,8037296.0,265642,0,30.34,30.7,29.93,30.24
688685,迈信林,52.39,1.3346228239845217,0.6899999999999977,57209587.0,1096437,0,51.67,52.58,51.66,51.7
688686,奥普特,119.99,1.0782579395164698,1.2800000000000011,47688829.0,399437,0,119.7,120.2,118.01,118.71
688687,凯因科技,25.67,0.3126221180148568,0.08000000000000185,38448951.0,1499729,0,25.68,25.79,25.52,25.59
688689,银河微电,28.29,0.8556149732620265,0.23999999999999844,38394939.0,1362203,0,28.2,28.39,27.88,28.05
688690,纳微科技,25.98,0.19282684149633905,0.05000000000000071,35278512.0,1351248,0,26.0,26.36,25.94,25.93
688691,灿芯股份,104.54,-1.8495915876443514,-1.9699999999999989,327372315.0,3141730,0,105.06,107.44,102.23,106.51
688692,达梦数据,256.57,-1.6973180076628378,-4.430000000000007,129813401.0,504059,0,260.88,261.0,255.68,261.0
688693,锴威特,37.27,-0.21419009370816142,-0.0799999999999983,19624346.0,526475,0,37.24,37.67,37.01,37.35
688695,中创股份,27.07,0.3707823507601091,0.10000000000000142,9737979.0,360485,0,27.14,27.2,26.7,26.97
688696,极米科技,105.69,-0.40520165849981793,-0.4300000000000068,24501999.0,232164,0,106.19,106.5,104.81,106.12
688697,纽威数控,15.36,1.1857707509881406,0.17999999999999972,23532684.0,1535214,0,15.18,15.42,15.13,15.18
688698,伟创电气,82.49,5.64805327868852,4.409999999999997,383809161.0,4749624,0,77.91,82.65,77.8,78.08
688699,明微电子,44.83,-0.39991113085980834,-0.17999999999999972,59703405.0,1323694,0,44.5,45.9,44.37,45.01
688700,东威科技,36.75,-0.3795066413662254,-0.14000000000000057,160493926.0,4344413,0,37.03,37.71,36.32,36.89
688701,卓锦股份,8.78,-1.126126126126142,-0.10000000000000142,16816653.0,1906983,0,8.91,8.97,8.74,8.88
688702,盛科通信,129.83,-2.1996233521657156,-2.9199999999999875,153907270.0,1179028,0,133.15,133.15,129.3,132.75
688707,振华新材,13.79,0.656934306569342,0.08999999999999986,54669537.0,3964900,0,13.7,13.94,13.56,13.7
688708,佳驰科技,60.83,4.37542896362388,2.549999999999997,226287803.0,3830522,0,58.99,61.19,57.56,58.28
688709,成都华微,47.51,10.385687732342005,4.469999999999999,772443146.0,16812590,0,43.1,48.78,43.1,43.04
688710,益诺思,44.2,-2.75027502750275,-1.25,36482289.0,816951,0,45.45,45.48,44.08,45.45
688711,宏微科技,29.21,3.3982300884955783,0.9600000000000009,279581654.0,9796672,0,28.0,29.34,27.98,28.25
688716,中研股份,41.09,1.2318305001231828,0.5,122377342.0,3007349,0,40.97,41.26,40.13,40.59
688717,艾罗能源,64.09,-0.35758706467660106,-0.22999999999998977,82105737.0,1284988,0,64.35,64.64,63.5,64.32
688718,唯赛勃,13.51,-0.07396449704141854,-0.009999999999999787,8069584.0,596528,0,13.61,13.66,13.44,13.52
688719,爱科赛博,45.97,-2.502651113467656,-1.1799999999999997,142246774.0,3063408,0,46.65,47.2,45.85,47.15
688720,艾森股份,72.99,-1.1779041429731987,-0.8700000000000045,251185662.0,3467433,0,73.87,74.72,71.17,73.86
688721,龙图光罩,48.28,-2.1086780210867784,-1.0399999999999991,75578422.0,1571098,0,49.07,49.28,47.58,49.32
688722,同益中,19.61,3.811540497617781,0.7199999999999989,230919016.0,11878673,0,18.71,19.86,18.71,18.89
688726,拉普拉斯,36.97,1.0661563696008765,0.39000000000000057,136649413.0,3737701,0,36.5,37.07,36.11,36.58
688728,格科微,15.17,0.3306878306878354,0.05000000000000071,73197814.0,4843852,0,15.09,15.23,15.02,15.12
688733,壹石通,31.22,-0.5415737496017895,-0.1700000000000017,109109783.0,3486996,0,31.2,31.78,30.78,31.39
688737,中自科技,22.09,-1.2075134168157406,-0.2699999999999996,17592839.0,798055,0,22.31,22.31,21.93,22.36
688739,成大生物,26.06,0.0,0.0,10571568.0,405904,0,26.11,26.11,25.99,26.06
688750,金天钛业,19.59,1.8191268191268266,0.3500000000000014,117539448.0,6025323,0,19.16,19.78,19.16,19.24
688757,胜科纳米,26.97,0.2602230483271386,0.07000000000000028,20801054.0,768548,0,26.9,27.37,26.62,26.9
688758,赛分科技,18.31,1.2161415146489711,0.21999999999999886,19857996.0,1088355,0,18.18,18.38,18.07,18.09
688766,普冉股份,128.6,0.429519718859807,0.549999999999983,743231329.0,5718301,0,127.0,132.8,126.25,128.05
688767,博拓生物,40.27,0.9526197041865194,0.38000000000000256,57237016.0,1429146,0,39.6,40.42,39.6,39.89
688768,容知日新,42.85,-0.06996268656716684,-0.030000000000001137,8343203.0,194498,0,42.97,43.16,42.78,42.88
688772,珠海冠宇,21.79,-1.2239347234814124,-0.2699999999999996,251340288.0,11542729,0,21.59,22.1,21.51,22.06
688776,国光电气,97.1,4.972972972972967,4.599999999999994,315785515.0,3310867,0,92.3,97.89,91.8,92.5
688777,中控技术,48.3,0.2282631251296938,0.10999999999999943,168355311.0,3485842,0,48.18,48.48,48.01,48.19
688778,厦钨新能,75.59,-1.6651489527774177,-1.2800000000000011,161602894.0,2139445,0,76.87,76.87,74.86,76.87
688779,五矿新能,7.49,0.2677376171352137,0.020000000000000462,156576173.0,21050507,0,7.4,7.5,7.33,7.47
688786,悦安新材,28.29,0.747863247863251,0.21000000000000085,19083550.0,679533,0,28.09,28.36,27.72,28.08
688787,海天瑞声,108.3,-1.4379322897706575,-1.5799999999999983,64466757.0,591762,0,109.55,110.97,108.03,109.88
688788,科思科技,77.98,11.559370529327607,8.079999999999998,494074781.0,6664181,0,72.0,78.68,70.6,69.9
688789,宏华数科,79.49,-0.5006884466141015,-0.4000000000000057,24954811.0,312753,0,79.9,80.58,79.3,79.89
688793,倍轻松,26.26,-0.6432084752175488,-0.16999999999999815,9786799.0,370789,0,26.44,26.83,26.22,26.43
688798,艾为电子,75.9,0.8637873754152899,0.6500000000000057,146893903.0,1934670,0,75.6,76.89,75.19,75.25
688799,华纳药厂,48.89,-0.4276985743380873,-0.21000000000000085,36440435.0,747744,0,48.88,49.13,48.06,49.1
688800,瑞可达,91.61,14.141539995016188,11.349999999999994,1498848975.0,17048912,0,82.0,91.77,82.0,80.26
688819,天能股份,33.34,0.3008423586040957,0.10000000000000142,40099978.0,1204276,0,33.2,33.58,32.92,33.24
688981,中芯国际,123.04,-0.2998136293655217,-0.36999999999999034,4233883424.0,34070908,0,123.0,125.99,122.66,123.41
689009,九号公司,58.86,-0.2710945442223038,-0.1600000000000037,114036138.0,1935128,0,58.78,59.35,58.54,59.02
430017,星昊医药,0.0,0.0,0.0,0.0,0,0,0.0,0.0,0.0,0.0
430047,诺思兰德,0.0,0.0,0.0,0.0,0,0,0.0,0.0,0.0,0.0
430090,同辉信息,0.0,0.0,0.0,0.0,0,0,0.0,0.0,0.0,0.0
430139,华岭股份,0.0,0.0,0.0,0.0,0,0,0.0,0.0,0.0,0.0
430198,微创光电,0.0,0.0,0.0,0.0,0,0,0.0,0.0,0.0,0.0
430300,辰光医疗,0.0,0.0,0.0,0.0,0,0,0.0,0.0,0.0,0.0
430418,苏轴股份,0.0,0.0,0.0,0.0,0,0,0.0,0.0,0.0,0.0
430425,乐创技术,0.0,0.0,0.0,0.0,0,0,0.0,0.0,0.0,0.0
430476,海能技术,0.0,0.0,0.0,0.0,0,0,0.0,0.0,0.0,0.0
430478,峆一药业,0.0,0.0,0.0,0.0,0,0,0.0,0.0,0.0,0.0
430489,佳先股份,0.0,0.0,0.0,0.0,0,0,0.0,0.0,0.0,0.0
430510,丰光精密,0.0,0.0,0.0,0.0,0,0,0.0,0.0,0.0,0.0
430556,雅达股份,0.0,0.0,0.0,0.0,0,0,0.0,0.0,0.0,0.0
430564,天润科技,0.0,0.0,0.0,0.0,0,0,0.0,0.0,0.0,0.0
430685,新芝生物,0.0,0.0,0.0,0.0,0,0,0.0,0.0,0.0,0.0
430718,合肥高科,0.0,0.0,0.0,0.0,0,0,0.0,0.0,0.0,0.0
830779,武汉蓝电,0.0,0.0,0.0,0.0,0,0,0.0,0.0,0.0,0.0
830799,艾融软件,0.0,0.0,0.0,0.0,0,0,0.0,0.0,0.0,0.0
830809,安达科技,0.0,0.0,0.0,0.0,0,0,0.0,0.0,0.0,0.0
830832,齐鲁华信,0.0,0.0,0.0,0.0,0,0,0.0,0.0,0.0,0.0
830839,万通液压,0.0,0.0,0.0,0.0,0,0,0.0,0.0,0.0,0.0
830879,基康技术,0.0,0.0,0.0,0.0,0,0,0.0,0.0,0.0,0.0
830896,旺成科技,0.0,0.0,0.0,0.0,0,0,0.0,0.0,0.0,0.0
830946,森萱医药,0.0,0.0,0.0,0.0,0,0,0.0,0.0,0.0,0.0
830964,润农节水,0.0,0.0,0.0,0.0,0,0,0.0,0.0,0.0,0.0
830974,凯大催化,0.0,0.0,0.0,0.0,0,0,0.0,0.0,0.0,0.0
831010,凯添燃气,0.0,0.0,0.0,0.0,0,0,0.0,0.0,0.0,0.0
831039,国义招标,0.0,0.0,0.0,0.0,0,0,0.0,0.0,0.0,0.0
831087,秋乐种业,0.0,0.0,0.0,0.0,0,0,0.0,0.0,0.0,0.0
831152,昆工科技,0.0,0.0,0.0,0.0,0,0,0.0,0.0,0.0,0.0
831167,鑫汇科,0.0,0.0,0.0,0.0,0,0,0.0,0.0,0.0,0.0
831175,派诺科技,0.0,0.0,0.0,0.0,0,0,0.0,0.0,0.0,0.0
831195,三祥科技,0.0,0.0,0.0,0.0,0,0,0.0,0.0,0.0,0.0
831278,泰德股份,0.0,0.0,0.0,0.0,0,0,0.0,0.0,0.0,0.0
831304,迪尔化工,0.0,0.0,0.0,0.0,0,0,0.0,0.0,0.0,0.0
831305,海希通讯,0.0,0.0,0.0,0.0,0,0,0.0,0.0,0.0,0.0
831370,新安洁,0.0,0.0,0.0,0.0,0,0,0.0,0.0,0.0,0.0
831396,许昌智能,0.0,0.0,0.0,0.0,0,0,0.0,0.0,0.0,0.0
831445,龙竹科技,0.0,0.0,0.0,0.0,0,0,0.0,0.0,0.0,0.0
831526,凯华材料,0.0,0.0,0.0,0.0,0,0,0.0,0.0,0.0,0.0
831627,力王股份,0.0,0.0,0.0,0.0,0,0,0.0,0.0,0.0,0.0
831641,格利尔,0.0,0.0,0.0,0.0,0,0,0.0,0.0,0.0,0.0
831689,克莱特,0.0,0.0,0.0,0.0,0,0,0.0,0.0,0.0,0.0
831726,朱老六,0.0,0.0,0.0,0.0,0,0,0.0,0.0,0.0,0.0
831768,拾比佰,0.0,0.0,0.0,0.0,0,0,0.0,0.0,0.0,0.0
831832,科达自控,0.0,0.0,0.0,0.0,0,0,0.0,0.0,0.0,0.0
831834,三维装备,0.0,0.0,0.0,0.0,0,0,0.0,0.0,0.0,0.0
831855,浙江大农,0.0,0.0,0.0,0.0,0,0,0.0,0.0,0.0,0.0
831856,浩淼科技,0.0,0.0,0.0,0.0,0,0,0.0,0.0,0.0,0.0
831906,舜宇精工,0.0,0.0,0.0,0.0,0,0,0.0,0.0,0.0,0.0
831961,创远信科,0.0,0.0,0.0,0.0,0,0,0.0,0.0,0.0,0.0
832000,安徽凤凰,0.0,0.0,0.0,0.0,0,0,0.0,0.0,0.0,0.0
832023,田野股份,0.0,0.0,0.0,0.0,0,0,0.0,0.0,0.0,0.0
832089,禾昌聚合,0.0,0.0,0.0,0.0,0,0,0.0,0.0,0.0,0.0
832110,雷特科技,0.0,0.0,0.0,0.0,0,0,0.0,0.0,0.0,0.0
832145,恒合股份,0.0,0.0,0.0,0.0,0,0,0.0,0.0,0.0,0.0
832149,利尔达,0.0,0.0,0.0,0.0,0,0,0.0,0.0,0.0,0.0
832171,志晟信息,0.0,0.0,0.0,0.0,0,0,0.0,0.0,0.0,0.0
832175,东方碳素,0.0,0.0,0.0,0.0,0,0,0.0,0.0,0.0,0.0
832225,利通科技,0.0,0.0,0.0,0.0,0,0,0.0,0.0,0.0,0.0
832278,鹿得医疗,0.0,0.0,0.0,0.0,0,0,0.0,0.0,0.0,0.0
832419,路斯股份,0.0,0.0,0.0,0.0,0,0,0.0,0.0,0.0,0.0
832469,富恒新材,0.0,0.0,0.0,0.0,0,0,0.0,0.0,0.0,0.0
832471,美邦科技,0.0,0.0,0.0,0.0,0,0,0.0,0.0,0.0,0.0
832491,奥迪威,0.0,0.0,0.0,0.0,0,0,0.0,0.0,0.0,0.0
832522,纳科诺尔,0.0,0.0,0.0,0.0,0,0,0.0,0.0,0.0,0.0
832566,梓橦宫,0.0,0.0,0.0,0.0,0,0,0.0,0.0,0.0,0.0
832651,天罡股份,0.0,0.0,0.0,0.0,0,0,0.0,0.0,0.0,0.0
832662,方盛股份,0.0,0.0,0.0,0.0,0,0,0.0,0.0,0.0,0.0
832735,德源药业,0.0,0.0,0.0,0.0,0,0,0.0,0.0,0.0,0.0
832786,骑士乳业,0.0,0.0,0.0,0.0,0,0,0.0,0.0,0.0,0.0
832802,保丽洁,0.0,0.0,0.0,0.0,0,0,0.0,0.0,0.0,0.0
832876,慧为智能,0.0,0.0,0.0,0.0,0,0,0.0,0.0,0.0,0.0
832885,星辰科技,0.0,0.0,0.0,0.0,0,0,0.0,0.0,0.0,0.0
832978,开特股份,0.0,0.0,0.0,0.0,0,0,0.0,0.0,0.0,0.0
832982,锦波生物,0.0,0.0,0.0,0.0,0,0,0.0,0.0,0.0,0.0
833030,立方控股,0.0,0.0,0.0,0.0,0,0,0.0,0.0,0.0,0.0
833075,柏星龙,0.0,0.0,0.0,0.0,0,0,0.0,0.0,0.0,0.0
833171,国航远洋,0.0,0.0,0.0,0.0,0,0,0.0,0.0,0.0,0.0
833230,欧康医药,0.0,0.0,0.0,0.0,0,0,0.0,0.0,0.0,0.0
833266,生物谷,0.0,0.0,0.0,0.0,0,0,0.0,0.0,0.0,0.0
833284,灵鸽科技,0.0,0.0,0.0,0.0,0,0,0.0,0.0,0.0,0.0
833346,威贸电子,0.0,0.0,0.0,0.0,0,0,0.0,0.0,0.0,0.0
833394,民士达,0.0,0.0,0.0,0.0,0,0,0.0,0.0,0.0,0.0
833427,华维设计,0.0,0.0,0.0,0.0,0,0,0.0,0.0,0.0,0.0
833429,康比特,0.0,0.0,0.0,0.0,0,0,0.0,0.0,0.0,0.0
833454,同心传动,0.0,0.0,0.0,0.0,0,0,0.0,0.0,0.0,0.0
833455,汇隆活塞,0.0,0.0,0.0,0.0,0,0,0.0,0.0,0.0,0.0
833509,同惠电子,0.0,0.0,0.0,0.0,0,0,0.0,0.0,0.0,0.0
833523,德瑞锂电,0.0,0.0,0.0,0.0,0,0,0.0,0.0,0.0,0.0
833533,骏创科技,0.0,0.0,0.0,0.0,0,0,0.0,0.0,0.0,0.0
833575,康乐卫士,0.0,0.0,0.0,0.0,0,0,0.0,0.0,0.0,0.0
833580,科创新材,0.0,0.0,0.0,0.0,0,0,0.0,0.0,0.0,0.0
833751,惠同新材,0.0,0.0,0.0,0.0,0,0,0.0,0.0,0.0,0.0
833781,瑞奇智造,0.0,0.0,0.0,0.0,0,0,0.0,0.0,0.0,0.0
833819,颖泰生物,0.0,0.0,0.0,0.0,0,0,0.0,0.0,0.0,0.0
833873,中设咨询,0.0,0.0,0.0,0.0,0,0,0.0,0.0,0.0,0.0
833914,远航精密,0.0,0.0,0.0,0.0,0,0,0.0,0.0,0.0,0.0
833943,优机股份,0.0,0.0,0.0,0.0,0,0,0.0,0.0,0.0,0.0
834014,特瑞斯,0.0,0.0,0.0,0.0,0,0,0.0,0.0,0.0,0.0
834021,流金科技,0.0,0.0,0.0,0.0,0,0,0.0,0.0,0.0,0.0
834033,康普化学,0.0,0.0,0.0,0.0,0,0,0.0,0.0,0.0,0.0
834058,华洋赛车,0.0,0.0,0.0,0.0,0,0,0.0,0.0,0.0,0.0
834062,科润智控,0.0,0.0,0.0,0.0,0,0,0.0,0.0,0.0,0.0
834261,一诺威,0.0,0.0,0.0,0.0,0,0,0.0,0.0,0.0,0.0
834407,驰诚股份,0.0,0.0,0.0,0.0,0,0,0.0,0.0,0.0,0.0
834415,恒拓开源,0.0,0.0,0.0,0.0,0,0,0.0,0.0,0.0,0.0
834475,三友科技,0.0,0.0,0.0,0.0,0,0,0.0,0.0,0.0,0.0
834599,同力股份,0.0,0.0,0.0,0.0,0,0,0.0,0.0,0.0,0.0
834639,晨光电缆,0.0,0.0,0.0,0.0,0,0,0.0,0.0,0.0,0.0
834682,球冠电缆,0.0,0.0,0.0,0.0,0,0,0.0,0.0,0.0,0.0
834765,美之高,0.0,0.0,0.0,0.0,0,0,0.0,0.0,0.0,0.0
834770,艾能聚,0.0,0.0,0.0,0.0,0,0,0.0,0.0,0.0,0.0
834950,迅安科技,0.0,0.0,0.0,0.0,0,0,0.0,0.0,0.0,0.0
835174,五新隧装,0.0,0.0,0.0,0.0,0,0,0.0,0.0,0.0,0.0
835179,凯德石英,0.0,0.0,0.0,0.0,0,0,0.0,0.0,0.0,0.0
835184,国源科技,0.0,0.0,0.0,0.0,0,0,0.0,0.0,0.0,0.0
835185,贝特瑞,0.0,0.0,0.0,0.0,0,0,0.0,0.0,0.0,0.0
835207,众诚科技,0.0,0.0,0.0,0.0,0,0,0.0,0.0,0.0,0.0
835237,力佳科技,0.0,0.0,0.0,0.0,0,0,0.0,0.0,0.0,0.0
835305,*ST云创,0.0,0.0,0.0,0.0,0,0,0.0,0.0,0.0,0.0
835368,连城数控,0.0,0.0,0.0,0.0,0,0,0.0,0.0,0.0,0.0
835438,戈碧迦,0.0,0.0,0.0,0.0,0,0,0.0,0.0,0.0,0.0
835508,殷图网联,0.0,0.0,0.0,0.0,0,0,0.0,0.0,0.0,0.0
835579,机科股份,0.0,0.0,0.0,0.0,0,0,0.0,0.0,0.0,0.0
835640,富士达,0.0,0.0,0.0,0.0,0,0,0.0,0.0,0.0,0.0
835670,数字人,0.0,0.0,0.0,0.0,0,0,0.0,0.0,0.0,0.0
835857,百甲科技,0.0,0.0,0.0,0.0,0,0,0.0,0.0,0.0,0.0
835892,中科美菱,0.0,0.0,0.0,0.0,0,0,0.0,0.0,0.0,0.0
835985,海泰新能,0.0,0.0,0.0,0.0,0,0,0.0,0.0,0.0,0.0
836077,吉林碳谷,0.0,0.0,0.0,0.0,0,0,0.0,0.0,0.0,0.0
836149,旭杰科技,0.0,0.0,0.0,0.0,0,0,0.0,0.0,0.0,0.0
836208,青矩技术,0.0,0.0,0.0,0.0,0,0,0.0,0.0,0.0,0.0
836221,易实精密,0.0,0.0,0.0,0.0,0,0,0.0,0.0,0.0,0.0
836239,长虹能源,0.0,0.0,0.0,0.0,0,0,0.0,0.0,0.0,0.0
836247,华密新材,0.0,0.0,0.0,0.0,0,0,0.0,0.0,0.0,0.0
836260,中寰股份,0.0,0.0,0.0,0.0,0,0,0.0,0.0,0.0,0.0
836263,中航泰达,0.0,0.0,0.0,0.0,0,0,0.0,0.0,0.0,0.0
836270,天铭科技,0.0,0.0,0.0,0.0,0,0,0.0,0.0,0.0,0.0
836395,朗鸿科技,0.0,0.0,0.0,0.0,0,0,0.0,0.0,0.0,0.0
836414,欧普泰,0.0,0.0,0.0,0.0,0,0,0.0,0.0,0.0,0.0
836419,万德股份,0.0,0.0,0.0,0.0,0,0,0.0,0.0,0.0,0.0
836422,润普食品,0.0,0.0,0.0,0.0,0,0,0.0,0.0,0.0,0.0
836433,大唐药业,0.0,0.0,0.0,0.0,0,0,0.0,0.0,0.0,0.0
836504,博迅生物,0.0,0.0,0.0,0.0,0,0,0.0,0.0,0.0,0.0
836547,无锡晶海,0.0,0.0,0.0,0.0,0,0,0.0,0.0,0.0,0.0
836675,秉扬科技,0.0,0.0,0.0,0.0,0,0,0.0,0.0,0.0,0.0
836699,海达尔,0.0,0.0,0.0,0.0,0,0,0.0,0.0,0.0,0.0
836717,瑞星股份,0.0,0.0,0.0,0.0,0,0,0.0,0.0,0.0,0.0
836720,吉冈精密,0.0,0.0,0.0,0.0,0,0,0.0,0.0,0.0,0.0
836807,奔朗新材,0.0,0.0,0.0,0.0,0,0,0.0,0.0,0.0,0.0
836826,盖世食品,0.0,0.0,0.0,0.0,0,0,0.0,0.0,0.0,0.0
836871,派特尔,0.0,0.0,0.0,0.0,0,0,0.0,0.0,0.0,0.0
836892,广咨国际,0.0,0.0,0.0,0.0,0,0,0.0,0.0,0.0,0.0
836942,恒立钻具,0.0,0.0,0.0,0.0,0,0,0.0,0.0,0.0,0.0
836957,汉维科技,0.0,0.0,0.0,0.0,0,0,0.0,0.0,0.0,0.0
836961,西磁科技,0.0,0.0,0.0,0.0,0,0,0.0,0.0,0.0,0.0
837006,晟楠科技,0.0,0.0,0.0,0.0,0,0,0.0,0.0,0.0,0.0
837023,芭薇股份,0.0,0.0,0.0,0.0,0,0,0.0,0.0,0.0,0.0
837046,亿能电力,0.0,0.0,0.0,0.0,0,0,0.0,0.0,0.0,0.0
837092,汉鑫科技,0.0,0.0,0.0,0.0,0,0,0.0,0.0,0.0,0.0
837174,宏裕包材,0.0,0.0,0.0,0.0,0,0,0.0,0.0,0.0,0.0
837212,智新电子,0.0,0.0,0.0,0.0,0,0,0.0,0.0,0.0,0.0
837242,建邦科技,0.0,0.0,0.0,0.0,0,0,0.0,0.0,0.0,0.0
837344,三元基因,0.0,0.0,0.0,0.0,0,0,0.0,0.0,0.0,0.0
837403,康农种业,0.0,0.0,0.0,0.0,0,0,0.0,0.0,0.0,0.0
837592,华信永道,0.0,0.0,0.0,0.0,0,0,0.0,0.0,0.0,0.0
837663,明阳科技,0.0,0.0,0.0,0.0,0,0,0.0,0.0,0.0,0.0
837748,路桥信息,0.0,0.0,0.0,0.0,0,0,0.0,0.0,0.0,0.0
837821,则成电子,0.0,0.0,0.0,0.0,0,0,0.0,0.0,0.0,0.0
838030,德众汽车,0.0,0.0,0.0,0.0,0,0,0.0,0.0,0.0,0.0
838163,方大新材,0.0,0.0,0.0,0.0,0,0,0.0,0.0,0.0,0.0
838171,邦德股份,0.0,0.0,0.0,0.0,0,0,0.0,0.0,0.0,0.0
838227,美登科技,0.0,0.0,0.0,0.0,0,0,0.0,0.0,0.0,0.0
838262,太湖雪,0.0,0.0,0.0,0.0,0,0,0.0,0.0,0.0,0.0
838275,驱动力,0.0,0.0,0.0,0.0,0,0,0.0,0.0,0.0,0.0
838402,硅烷科技,0.0,0.0,0.0,0.0,0,0,0.0,0.0,0.0,0.0
838670,恒进感应,0.0,0.0,0.0,0.0,0,0,0.0,0.0,0.0,0.0
838701,豪声电子,0.0,0.0,0.0,0.0,0,0,0.0,0.0,0.0,0.0
838810,春光智能,0.0,0.0,0.0,0.0,0,0,0.0,0.0,0.0,0.0
838837,华原股份,0.0,0.0,0.0,0.0,0,0,0.0,0.0,0.0,0.0
838924,广脉科技,0.0,0.0,0.0,0.0,0,0,0.0,0.0,0.0,0.0
838971,天马新材,0.0,0.0,0.0,0.0,0,0,0.0,0.0,0.0,0.0
839167,同享科技,0.0,0.0,0.0,0.0,0,0,0.0,0.0,0.0,0.0
839273,一致魔芋,0.0,0.0,0.0,0.0,0,0,0.0,0.0,0.0,0.0
839371,欧福蛋业,0.0,0.0,0.0,0.0,0,0,0.0,0.0,0.0,0.0
839493,并行科技,0.0,0.0,0.0,0.0,0,0,0.0,0.0,0.0,0.0
839680,*ST广道,0.0,0.0,0.0,0.0,0,0,0.0,0.0,0.0,0.0
839719,宁新新材,0.0,0.0,0.0,0.0,0,0,0.0,0.0,0.0,0.0
839725,惠丰钻石,0.0,0.0,0.0,0.0,0,0,0.0,0.0,0.0,0.0
839729,永顺生物,0.0,0.0,0.0,0.0,0,0,0.0,0.0,0.0,0.0
839790,联迪信息,0.0,0.0,0.0,0.0,0,0,0.0,0.0,0.0,0.0
839792,东和新材,0.0,0.0,0.0,0.0,0,0,0.0,0.0,0.0,0.0
839946,华阳变速,0.0,0.0,0.0,0.0,0,0,0.0,0.0,0.0,0.0
870199,倍益康,0.0,0.0,0.0,0.0,0,0,0.0,0.0,0.0,0.0
870204,沪江材料,0.0,0.0,0.0,0.0,0,0,0.0,0.0,0.0,0.0
870299,灿能电力,0.0,0.0,0.0,0.0,0,0,0.0,0.0,0.0,0.0
870357,雅葆轩,0.0,0.0,0.0,0.0,0,0,0.0,0.0,0.0,0.0
870436,大地电气,0.0,0.0,0.0,0.0,0,0,0.0,0.0,0.0,0.0
870508,丰安股份,0.0,0.0,0.0,0.0,0,0,0.0,0.0,0.0,0.0
870656,海昇药业,0.0,0.0,0.0,0.0,0,0,0.0,0.0,0.0,0.0
870726,鸿智科技,0.0,0.0,0.0,0.0,0,0,0.0,0.0,0.0,0.0
870866,绿亨科技,0.0,0.0,0.0,0.0,0,0,0.0,0.0,0.0,0.0
870976,视声智能,0.0,0.0,0.0,0.0,0,0,0.0,0.0,0.0,0.0
871245,威博液压,0.0,0.0,0.0,0.0,0,0,0.0,0.0,0.0,0.0
871263,莱赛激光,0.0,0.0,0.0,0.0,0,0,0.0,0.0,0.0,0.0
871396,常辅股份,0.0,0.0,0.0,0.0,0,0,0.0,0.0,0.0,0.0
871478,巨能股份,0.0,0.0,0.0,0.0,0,0,0.0,0.0,0.0,0.0
871553,凯腾精工,0.0,0.0,0.0,0.0,0,0,0.0,0.0,0.0,0.0
871634,新威凌,0.0,0.0,0.0,0.0,0,0,0.0,0.0,0.0,0.0
871642,通易航天,0.0,0.0,0.0,0.0,0,0,0.0,0.0,0.0,0.0
871694,中裕科技,0.0,0.0,0.0,0.0,0,0,0.0,0.0,0.0,0.0
871753,天纺标,0.0,0.0,0.0,0.0,0,0,0.0,0.0,0.0,0.0
871857,泓禧科技,0.0,0.0,0.0,0.0,0,0,0.0,0.0,0.0,0.0
871970,大禹生物,0.0,0.0,0.0,0.0,0,0,0.0,0.0,0.0,0.0
871981,晶赛科技,0.0,0.0,0.0,0.0,0,0,0.0,0.0,0.0,0.0
872190,雷神科技,0.0,0.0,0.0,0.0,0,0,0.0,0.0,0.0,0.0
872351,华光源海,0.0,0.0,0.0,0.0,0,0,0.0,0.0,0.0,0.0
872374,云里物里,0.0,0.0,0.0,0.0,0,0,0.0,0.0,0.0,0.0
872392,佳合科技,0.0,0.0,0.0,0.0,0,0,0.0,0.0,0.0,0.0
872541,铁大科技,0.0,0.0,0.0,0.0,0,0,0.0,0.0,0.0,0.0
872808,曙光数创,0.0,0.0,0.0,0.0,0,0,0.0,0.0,0.0,0.0
872895,花溪科技,0.0,0.0,0.0,0.0,0,0,0.0,0.0,0.0,0.0
872925,锦好医疗,0.0,0.0,0.0,0.0,0,0,0.0,0.0,0.0,0.0
872931,无锡鼎邦,0.0,0.0,0.0,0.0,0,0,0.0,0.0,0.0,0.0
872953,国子软件,0.0,0.0,0.0,0.0,0,0,0.0,0.0,0.0,0.0
873001,纬达光电,0.0,0.0,0.0,0.0,0,0,0.0,0.0,0.0,0.0
873122,中纺标,0.0,0.0,0.0,0.0,0,0,0.0,0.0,0.0,0.0
873132,泰鹏智能,0.0,0.0,0.0,0.0,0,0,0.0,0.0,0.0,0.0
873152,天宏锂电,0.0,0.0,0.0,0.0,0,0,0.0,0.0,0.0,0.0
873167,新赣江,0.0,0.0,0.0,0.0,0,0,0.0,0.0,0.0,0.0
873169,七丰精工,0.0,0.0,0.0,0.0,0,0,0.0,0.0,0.0,0.0
873223,荣亿精密,0.0,0.0,0.0,0.0,0,0,0.0,0.0,0.0,0.0
873305,九菱科技,0.0,0.0,0.0,0.0,0,0,0.0,0.0,0.0,0.0
873339,恒太照明,0.0,0.0,0.0,0.0,0,0,0.0,0.0,0.0,0.0
873527,夜光明,0.0,0.0,0.0,0.0,0,0,0.0,0.0,0.0,0.0
873570,坤博精工,0.0,0.0,0.0,0.0,0,0,0.0,0.0,0.0,0.0
873576,天力复合,0.0,0.0,0.0,0.0,0,0,0.0,0.0,0.0,0.0
873593,鼎智科技,0.0,0.0,0.0,0.0,0,0,0.0,0.0,0.0,0.0
873665,科强股份,0.0,0.0,0.0,0.0,0,0,0.0,0.0,0.0,0.0
873679,前进科技,0.0,0.0,0.0,0.0,0,0,0.0,0.0,0.0,0.0
873690,捷众科技,0.0,0.0,0.0,0.0,0,0,0.0,0.0,0.0,0.0
873693,阿为特,0.0,0.0,0.0,0.0,0,0,0.0,0.0,0.0,0.0
873703,广厦环能,0.0,0.0,0.0,0.0,0,0,0.0,0.0,0.0,0.0
873706,铁拓机械,0.0,0.0,0.0,0.0,0,0,0.0,0.0,0.0,0.0
873726,卓兆点胶,0.0,0.0,0.0,0.0,0,0,0.0,0.0,0.0,0.0
873806,云星宇,0.0,0.0,0.0,0.0,0,0,0.0,0.0,0.0,0.0
873833,美心翼申,0.0,0.0,0.0,0.0,0,0,0.0,0.0,0.0,0.0
920002,万达轴承,107.63,2.4267224971450294,2.549999999999997,83616245.61,779373,0,105.0,108.55,104.88,105.08
920008,成电光信,31.05,1.074218750000006,0.33000000000000185,16468834.89,532747,0,30.72,31.22,30.58,30.72
920016,中草香料,19.68,-0.3544303797468369,-0.07000000000000028,6405889.84,326151,0,19.75,19.85,19.52,19.75
920019,铜冠矿建,19.9,0.4036326942482255,0.0799999999999983,21833938.32,1105774,0,19.82,19.92,19.6,19.82
920060,万源通,33.33,1.4303104077906235,0.46999999999999886,50754960.82,1533469,0,32.66,33.46,32.6,32.86
920066,科拜尔,24.94,0.5239822652156492,0.13000000000000256,5724856.31,229816,0,24.99,25.16,24.75,24.81
920082,方正阀门,17.2,0.46728971962615823,0.0799999999999983,5160948.16,300321,0,17.19,17.32,17.06,17.12
920088,科力股份,30.02,0.10003334444815318,0.030000000000001137,16033827.0,534476,0,30.0,30.2,29.78,29.99
920098,科隆新材,33.74,9.120310478654593,2.8200000000000003,139093110.85,4261165,0,32.0,34.3,30.7,30.92
920099,瑞华技术,31.52,0.9285943003522227,0.28999999999999915,7001604.11,223067,0,31.47,31.6,31.23,31.23
920106,林泰新材,82.24,0.10955569080948167,0.0899999999999892,21951839.64,267001,0,82.17,82.79,81.52,82.15
920108,宏海科技,13.86,0.0,0.0,4248419.23,306183,0,13.87,13.97,13.83,13.86
920111,聚星科技,23.72,-0.25231286795627533,-0.060000000000002274,17464296.13,738954,0,23.76,23.91,23.49,23.78
920116,星图测控,84.52,4.0886699507389075,3.319999999999993,364715501.76,4336315,0,81.51,86.3,80.81,81.2
920118,太湖远大,23.41,0.7748600947051215,0.17999999999999972,8328163.12,356232,0,23.14,23.55,23.14,23.23
920128,胜业电气,26.43,-0.03782148260212391,-0.010000000000001563,15894538.45,604756,0,26.44,26.64,26.11,26.44
000003,Ｂ股指数,252.1697,0.5675450833630467,1.4231000000000051,55453330.0,115002,0,250.7714,252.3462,250.2982,250.7466
000005,商业指数,2863.625,0.2330478522519846,6.658100000000104,30834898590.0,26341392,0,2858.2897,2872.1448,2854.9065,2856.9669
000013,企债指数,0.0,0.0,0.0,0.0,0,0,0.0,0.0,0.0,0.0
000015,红利指数,3026.0448,0.1461496576333126,4.416099999999915,13813509946.0,14947441,0,3025.693,3033.7936,3019.1327,3021.6287
000018,180金融,5964.6322,0.5256611238022654,31.189800000000105,22055237582.0,16046367,0,5928.5323,5992.3829,5924.8825,5933.4424
000022,沪公司债,253.6548,0.004809917576939795,0.012200000000007094,101053946.0,100842,0,253.6602,253.6651,253.6548,253.6426
000033,上证材料,3516.5584,-0.4887839577623342,-17.27280000000019,28794938929.0,15793647,0,3510.8133,3526.3742,3494.8017,3533.8312
000038,上证金融,5959.4951,0.5736796936536241,33.99340000000029,19407392046.0,13377421,0,5920.3288,5986.844,5916.5493,5925.5017
000041,上证公用,2606.1091,0.161643209415207,4.205800000000181,6304663052.0,8215600,0,2602.4415,2613.7432,2597.8591,2601.9033
000043,超大盘,2605.902,0.12642685524032335,3.290399999999863,27694877348.0,6334452,0,2599.7088,2612.9432,2598.7081,2602.6116
000044,上证中盘,4558.936,0.015936081570262974,0.7263999999995576,67221049213.0,33651576,0,4550.7857,4567.0099,4546.9819,4558.2096
000046,上证中小,5091.7661,0.09775509857044634,4.972600000000057,200185099896.0,103993425,0,5078.3598,5098.7285,5074.5673,5086.7935
000047,上证全指,3924.6859,0.1264194023946462,4.955300000000079,248191961473.0,119613892,0,3913.6538,3930.1778,3911.195,3919.7306
000051,180等权,9279.8,0.07772367448887829,7.206999999998516,115227910790.0,49272042,0,9260.2859,9291.4705,9252.5633,9272.593
000052,50基本,3035.2792,0.3710908642865536,11.221999999999753,48006861577.0,15620467,0,3021.2835,3044.8111,3019.1093,3024.0572
000053,180基本,12607.0687,0.2320780940620065,29.19050000000061,115227910790.0,49272042,0,12567.0145,12637.7485,12559.643,12577.8782
000054,上证海外,1601.5394,0.10380161946026947,1.6606999999999061,41311615085.0,22919144,0,1596.0528,1606.0836,1594.1609,1599.8787
000057,全指成长,3820.4723,-0.029571365142546265,-1.1301000000003114,70144915457.0,21148232,0,3812.5368,3827.483,3808.4037,3821.6024
000064,非周期,3567.1777,-0.011753009098281591,-0.4193000000000211,89878831208.0,27756860,0,3564.749,3578.8767,3559.4257,3567.597
000067,上证新兴,8788.9822,-0.2765688425745413,-24.375,58823166440.0,13337639,0,8792.0382,8812.7658,8755.2562,8813.3572
000071,材料等权,4703.4619,-0.7239076686658659,-34.29699999999957,28794938929.0,15793647,0,4703.3037,4716.2937,4674.818,4737.7589
000072,工业等权,3007.9724,0.48898294227292494,14.636899999999969,18947979823.0,13441985,0,2990.8163,3009.4707,2988.1566,2993.3355
000073,可选等权,3470.0802,0.5120521737604112,17.678100000000086,17377802679.0,10490398,0,3451.7768,3470.0802,3447.795,3452.4021
000074,消费等权,7127.4451,0.17861939741748756,12.708300000000236,4662018502.0,1444458,0,7117.2001,7138.6849,7113.1192,7114.7368
000075,医药等权,7001.7033,-0.23715127011238465,-16.644099999999526,6103630452.0,1667709,0,7018.0066,7034.6505,6991.4717,7018.3474
000076,金融等权,5759.4527,0.590387200109989,33.803499999999985,19508278124.0,13215992,0,5718.5031,5785.8281,5716.985,5725.6492
000077,信息等权,6089.9224,-0.7049629840831285,-43.23649999999998,53815543020.0,7924658,0,6121.3503,6133.7978,6044.7905,6133.1589
000079,公用等权,2578.9173,0.19433039640697614,5.001900000000205,6304663052.0,8215600,0,2575.5058,2584.7323,2571.0866,2573.9154
000091,沪财中小,14617.8403,0.46042827164919997,66.99619999999959,29065503203.0,17036114,0,14547.543,14619.2149,14508.0836,14550.8441
000092,资源50,4722.8703,-0.43764579813615384,-20.760300000000825,28822269192.0,12353132,0,4717.9651,4735.1112,4698.156,4743.6306
000093,180分层,11977.1464,-0.0736335770379545,-8.825700000001234,115227910790.0,49272042,0,11974.3251,11993.809,11964.0766,11985.9721
000094,上证上游,4351.5535,-1.0146493560708454,-44.60559999999987,24171816917.0,13027101,0,4361.7989,4364.523,4338.2621,4396.1591
000095,上证中游,3857.8218,0.20493088696292008,7.889700000000175,150558118041.0,51023548,0,3843.5298,3864.7787,3836.2395,3849.9321
000097,高端装备,11385.5479,-0.021062620903605774,-2.3986000000004424,88766137772.0,21089921,0,11361.5534,11410.8223,11321.5322,11387.9465
000098,上证F200,5533.7506,0.24551294158336842,13.552800000000389,92350346499.0,61022422,0,5517.4578,5544.3068,5515.0669,5520.1978
000101,5年信用,251.5329,0.013240577718622783,0.03330000000002542,185472738.0,183904,0,251.5158,251.5336,251.5121,251.4996
000102,沪投资品,7381.4495,-0.47111470363502367,-34.9396999999999,33948973546.0,15547391,0,7375.9521,7391.5345,7350.0105,7416.3892
000103,沪消费品,8077.6454,-0.22418428609153046,-18.149499999999534,10824470045.0,2112953,0,8089.0108,8106.0084,8062.9136,8095.7949
000104,380能源,1255.379,-0.5069916921076677,-6.397100000000137,1096868550.0,1731570,0,1260.6234,1260.6234,1254.9295,1261.7761
000105,380材料,5267.2157,0.13716157088182185,7.214699999999539,14699779457.0,9627162,0,5242.3366,5278.288,5216.5613,5260.001
000106,380工业,5975.7857,1.320059861685362,77.85620000000017,51172645221.0,25163384,0,5904.2052,5989.0018,5901.4578,5897.9295
000107,380可选,5575.3786,0.9873300027709481,54.50920000000042,8471540319.0,3236305,0,5513.7195,5575.3786,5511.9098,5520.8694
000108,380消费,12374.4522,0.18225963475404316,22.51260000000002,1388236225.0,770390,0,12348.2869,12401.0706,12337.8198,12351.9396
000109,380医药,10053.0284,0.022793352229127116,2.290899999999965,3296257591.0,1205105,0,10052.7393,10077.682,10023.9826,10050.7375
000110,380金融,4271.0693,0.36383945072850554,15.483500000000276,4113381244.0,4843620,0,4253.2009,4292.0741,4247.0703,4255.5858
000111,380信息,9657.5237,-0.4132610087726748,-40.07639999999992,21782616788.0,4329383,0,9674.4059,9712.6217,9561.0476,9697.6001
000112,380电信,6077.0995,-1.2092588541479234,-74.38739999999962,12189846724.0,3332630,0,6118.8394,6161.1821,6046.0161,6151.4869
000113,380公用,3019.7393,0.11741272016667298,3.541400000000067,3617468119.0,4776101,0,3020.4327,3029.6,3013.3221,3016.1979
000114,持续产业,1253.015,0.1228227841658258,1.5371000000000095,11307783115.0,6116233,0,1249.3639,1254.6364,1247.4495,1251.4779
000115,380等权,8602.0579,0.3855200475256017,33.03529999999955,125266194856.0,63190804,0,8566.9222,8609.5389,8561.6432,8569.0226
000116,信用100,198.9467,0.03172710067596901,0.0630999999999915,210954450.0,210861,0,198.8941,198.9491,198.8941,198.8836
000117,380成长,4347.4627,0.34309207415717685,14.864800000000287,33824771316.0,11480159,0,4326.2355,4351.9065,4319.85,4332.5979
000118,380价值,10067.2476,0.31782939997034415,31.895300000000134,21893955689.0,21729411,0,10045.157,10088.553,10028.5597,10035.3523
000119,380R成长,4330.5954,0.30730116834759585,13.26720000000023,108997863223.0,45343639,0,4310.1104,4333.0262,4302.7592,4317.3282
000120,380R价值,9580.9548,0.3024802488451192,28.893099999999322,97067047596.0,55592891,0,9551.3545,9593.6511,9541.692,9552.0617
000121,医药主题,8097.9694,-0.15708365852064846,-12.740600000000086,6328953311.0,1702618,0,8107.7211,8132.2477,8080.5674,8110.71
000122,农业主题,1635.1962,0.08211869539179735,1.3417000000001735,2684424346.0,3481822,0,1633.0577,1637.5391,1628.4042,1633.8545
000123,180动态,7102.3589,0.10983899043976465,7.792599999999766,87421086657.0,26316983,0,7075.6683,7119.5207,7069.6644,7094.5663
000125,180稳定,11847.9783,0.06228229731226466,7.37460000000101,30409748501.0,22374159,0,11833.6379,11873.9856,11823.7234,11840.6037
000126,消费50,8279.6325,0.2926142670056588,24.156699999999546,20616268694.0,10104866,0,8250.8223,8282.4691,8244.1584,8255.4758
000128,380基本,9048.6428,0.40264949184310894,36.28819999999905,125266194856.0,63190804,0,9027.4805,9065.1748,9013.273,9012.3546
000129,180波动,15291.4537,0.2375101612752806,36.23270000000048,34072650306.0,27637871,0,15250.8731,15320.1022,15242.2107,15255.221
000130,380波动,13319.2471,0.10076628537067077,13.407800000000861,11769014850.0,13595665,0,13307.5301,13341.7073,13292.2723,13305.8393
000131,上证高新,3590.8271,0.7789909103974899,27.755999999999858,19438292843.0,2309868,0,3566.5406,3601.6721,3560.0092,3563.0711
000132,上证100,6020.359,0.2137822021614384,12.843000000000757,23055273355.0,6634212,0,5996.9857,6023.4215,5981.4528,6007.516
000133,上证150,6673.2983,0.28270253003317214,18.812400000000707,26886357305.0,11046447,0,6647.1739,6677.3188,6619.3889,6654.4859
000134,上证银行,1033.3562,-0.04754085152001473,-0.4915000000000873,8730787877.0,10896854,0,1032.5525,1038.6705,1030.9527,1033.8477
000135,180高贝,6284.5849,-0.0751179465764239,-4.72440000000006,60409670255.0,13952463,0,6274.8653,6302.0857,6267.4585,6289.3093
000136,180低贝,12926.2121,-0.04725446391565653,-6.111100000000079,16634135553.0,17062126,0,12923.16,12970.2031,12903.9636,12932.3232
000137,380高贝,5853.4845,0.519681345498337,30.26219999999921,50664901335.0,13554800,0,5818.5534,5853.6748,5796.6932,5823.2223
000138,380低贝,8181.683,0.15069334029494527,12.310699999999997,10932457403.0,10784678,0,8171.6331,8197.3329,8165.761,8169.3723
000139,上证转债,429.583,0.4662886714631757,1.9938000000000216,24624048264.0,11856293,0,427.2525,429.583,427.0186,427.5892
000141,380动态,3864.0636,0.4367471006904428,16.802799999999934,93966568958.0,40774921,0,3841.7734,3866.0405,3836.2564,3847.2608
000142,380稳定,9838.9986,0.2708086747602178,26.572900000001027,29004633026.0,21679584,0,9811.6216,9854.877,9799.4999,9812.4257
000145,优势资源,7855.6439,-1.2320949439969016,-97.9964,23327868406.0,11933771,0,7886.0956,7886.0956,7833.418,7953.6403
000146,优势制造,7772.001,1.1258222359728358,86.52480000000014,48415800200.0,19048287,0,7670.5942,7778.1094,7667.5494,7685.4762
000147,优势消费,6813.4922,-0.17720672136711213,-12.095400000000154,7300070539.0,2111400,0,6824.308,6833.5581,6807.5879,6825.5876
000148,消费领先,9428.8211,-0.08991019068557607,-8.485100000001694,48836211179.0,23997361,0,9424.0346,9449.9025,9418.6921,9437.3062
000149,180红利,4013.3262,0.05963697933513408,2.3919999999998254,13957668423.0,11807022,0,4008.8115,4030.3218,4004.7226,4010.9342
000150,380红利,11491.2443,0.08670629003312308,9.954999999999927,4010906670.0,3099882,0,11478.871,11514.8461,11448.2286,11481.2893
000152,上央红利,2861.4686,-0.10166944283384936,-2.912199999999757,9211879112.0,10074697,0,2861.5626,2870.8933,2858.6695,2864.3808
000160,沪新丝路,2115.628,-0.122329171598475,-2.5911999999998443,30514892204.0,23441719,0,2113.6853,2118.9731,2110.1157,2118.2192
000161,沪中国造,1733.83,0.7961232823737767,13.69439999999986,73122492923.0,27157974,0,1717.9958,1735.3789,1716.4774,1720.1356
000162,沪互联+,3597.765,0.6733156622121939,24.06230000000005,35216395924.0,11497337,0,3578.0352,3601.0632,3575.5763,3573.7027
000170,50AH优选,6189.3101,-0.036230003866717715,-2.243199999999888,25779151665.0,6058293,0,6187.4332,6196.9886,6183.343,6191.5533
000171,新兴成指,0.0,0.0,0.0,0.0,0,0,0.0,0.0,0.0,0.0
000300,沪深300,4630.4882,-0.07704693246651041,-3.570400000000518,235193985033.0,82310403,0,4629.3195,4642.0031,4621.9208,4634.0586
000805,A股资源,0.0,0.0,0.0,0.0,0,0,0.0,0.0,0.0,0.0
000808,医药生物,0.0,0.0,0.0,0.0,0,0,0.0,0.0,0.0,0.0
000814,细分医药,8471.5044,-0.16463193064685483,-13.96980000000076,6586586915.0,1843345,0,8486.1414,8505.0627,8460.0366,8485.4742
000827,中证环保,1863.7266,-0.22061759434952471,-4.120800000000145,48113572504.0,16898678,0,1861.4994,1867.5115,1854.6517,1867.8474
000841,800医药,0.0,0.0,0.0,0.0,0,0,0.0,0.0,0.0,0.0
000842,800等权,0.0,0.0,0.0,0.0,0,0,0.0,0.0,0.0,0.0
000847,腾讯济安,3525.1518,0.26078627351569583,9.169200000000274,33791359298.0,14805384,0,3518.3255,3527.4251,3513.6304,3515.9826
000849,300非银,11330.0751,1.0829101871359719,121.38010000000031,18977453558.0,9599298,0,11202.15,11391.0418,11195.2,11208.695
000853,CSSW丝路,1634.8405,0.17773324999693405,2.9004999999999654,52063780683.0,9619654,0,1629.5423,1635.6822,1626.8807,1631.94
000854,500原料,5754.4523,-0.3614341236442311,-20.873999999999796,30383885143.0,17416883,0,5739.2251,5769.533,5703.5009,5775.3263
000855,央视500,1633.9726,0.0359927456158975,0.5878999999999905,352469693821.0,120435879,0,1631.1349,1635.7106,1629.9852,1633.3847
000857,500医药,10498.4094,0.019873625463951976,2.0860000000011496,5537712772.0,2931587,0,10501.275,10536.2574,10482.7423,10496.3234
000865,上海国企,1509.1612,0.3252210874517791,4.8922000000000025,11138379476.0,7361293,0,1502.2202,1510.8022,1501.7671,1504.269
000867,港中小企,0.0,0.0,0.0,0.0,0,0,0.0,0.0,0.0,0.0
000891,新兴综指,1867.8869,0.09036006097094139,1.6863000000000739,656051662410.0,251773605,0,1864.9087,1871.6257,1856.2959,1866.2006
000904,中证200,0.0,0.0,0.0,0.0,0,0,0.0,0.0,0.0,0.0
000914,300金融,6748.8528,0.4684217171286696,31.465699999999742,30445517498.0,24697684,0,6713.7856,6778.7004,6709.6539,6717.3871
000918,300成长,0.0,0.0,0.0,0.0,0,0,0.0,0.0,0.0,0.0
000934,中证金融,6297.5116,0.4489625702892237,28.147100000000137,37380061296.0,33301861,0,6266.4258,6325.0801,6262.4915,6269.3645
000944,内地资源,0.0,0.0,0.0,0.0,0,0,0.0,0.0,0.0,0.0
000971,等权90,0.0,0.0,0.0,0.0,0,0,0.0,0.0,0.0,0.0
000974,800金融,7070.6072,0.4690507085422466,33.009900000000016,34291755600.0,28022909,0,7032.3482,7101.8096,7027.3871,7037.5973
000982,500等权,8950.9797,0.3677542959509058,32.79700000000048,209489833785.0,103042116,0,8911.7519,8956.8287,8902.0023,8918.1827
000984,300等权,0.0,0.0,0.0,0.0,0,0,0.0,0.0,0.0,0.0
000986,全指能源,2295.5768,-0.07292190843669444,-1.6752000000001317,5291879017.0,7211124,0,2297.6791,2302.2152,2292.1318,2297.252
000991,全指医药,8886.5003,0.018800585028634735,1.6703999999990629,14321894238.0,5797849,0,8884.9456,8907.6163,8864.1944,8884.8299
000992,全指金融,6009.532,0.44510508262061926,26.630200000000514,45404016658.0,44206318,0,5980.7797,6035.9001,5977.3739,5982.9018
