代码,名称,最新价,涨跌幅,涨跌额,成交量,成交额,换手率,开盘,最高,最低,昨收
000001,上证指数,3915.3383,-0.05170569044417556,-2.025500000000193,773146649613.0,497132385,0,3919.1063,3937.127,3910.7449,3917.3638
000002,Ａ股指数,4105.1102,-0.05155545673789381,-2.117500000000291,772772067516.0,496875065,0,4109.0682,4127.96,4100.2877,4107.2277
000004,工业指数,3536.2585,0.0007578688919081252,0.02680000000009386,578509347585.0,291747400,0,3538.6466,3557.8159,3529.8246,3536.2317
000006,地产指数,4236.396,-0.4571517376886143,-19.455700000000434,3945095084.0,7700779,0,4252.767,4257.3296,4228.7057,4255.8517
000007,公用指数,4695.0707,-0.7616004454606111,-36.032099999999446,31683103726.0,59817837,0,4730.7521,4733.9941,4691.5296,4731.1028
000008,综合指数,3623.7302,0.09207554520199915,3.3335000000001855,108728566959.0,91937691,0,3620.1085,3642.898,3613.1344,3620.3967
000009,上证380,6409.4487,-0.37250520272013826,-23.96479999999974,182314951062.0,99305881,0,6435.4845,6458.7154,6395.2465,6433.4135
000010,上证180,9956.066,-0.031985335444130444,-3.1854999999995925,219696877717.0,99129007,0,9967.6779,10014.8905,9943.5011,9959.2515
000011,基金指数,7129.1523,0.002345354880877309,0.16719999999986612,329795903379.0,916052275,0,7130.3842,7136.1115,7127.3648,7128.9851
000012,国债指数,224.792,0.0908775584080937,0.20410000000001105,32395465519.0,32402628,0,224.6024,224.7936,224.5953,224.5879
000014,沙河股份,13.68,-1.2987012987012967,-0.17999999999999972,79176607.35,5787086,0,13.89,13.89,13.59,13.86
000016,上证50,3024.8079,0.15162428935425326,4.579399999999623,106425300900.0,34318349,0,3023.9109,3041.6682,3019.6099,3020.2285
000017,新综指,3309.5889,-0.05179832320443298,-1.7151999999996406,755304077092.0,489991839,0,3312.7834,3328.0183,3305.7004,3311.3041
000019,治理指数,1235.8628,0.07886539428771165,0.9739000000001852,148677557061.0,73336547,0,1236.8984,1242.9099,1234.5649,1234.8889
000020,中型综指,1652.857,-0.030737310788928426,-0.508199999999988,192586461610.0,75578258,0,1653.2423,1663.9955,1648.1134,1653.3652
000021,180治理,1082.7792,0.1300013482854303,1.4057999999999993,113387502934.0,54203257,0,1082.9846,1088.9769,1081.1691,1081.3734
000025,180基建,1780.4854,-0.3077578781733437,-5.496499999999969,18147320032.0,19051037,0,1784.3114,1790.1691,1779.5493,1785.9819
000026,180资源,5344.5071,0.30340025729208997,16.166199999999662,36992104417.0,15144069,0,5359.2897,5428.4654,5326.0178,5328.3409
000027,180运输,771.9345,-0.3081153884251798,-2.3858000000000175,4250822988.0,4628660,0,772.4974,776.3035,769.5159,774.3203
000028,180成长,3879.4611,0.08611439388717032,3.3378999999999905,90316541805.0,24986563,0,3882.9006,3911.7946,3871.2058,3876.1232
000029,180价值,4448.5987,0.31906098120259674,14.148599999999533,49289991578.0,47710644,0,4433.0894,4475.1099,4431.6709,4434.4501
000030,180R成长,2554.0067,-0.00807685185222544,-0.20630000000028303,184370482390.0,62261692,0,2558.0631,2572.4821,2549.814,2554.213
000031,180R价值,3251.1726,0.16141428911722314,5.239399999999932,143343932163.0,84985772,0,3246.4535,3266.4915,3243.8441,3245.9332
000032,上证能源,1924.8408,0.20538336388504852,3.945199999999886,9409276909.0,14676652,0,1923.1044,1937.7291,1918.9868,1920.8956
000034,上证工业,2213.7683,-0.18198179163056016,-4.0359999999996035,32475525653.0,25087484,0,2216.5796,2223.1794,2206.1168,2217.8043
000035,上证可选,2957.6024,-1.4000343646071414,-41.99539999999979,37353270886.0,20962299,0,2995.6119,2995.9187,2955.6631,2999.5978
000036,上证消费,10986.5365,-0.6960069153276003,-77.00300000000061,10698484388.0,4218514,0,11085.2424,11086.0664,10981.423,11063.5395
000037,上证医药,6445.6727,-0.2885575387132386,-18.653299999999945,12933510903.0,3541001,0,6468.6453,6493.1836,6439.1333,6464.326
000039,上证信息,5440.2922,0.6248969875578275,33.78510000000006,84811310404.0,12943085,0,5403.745,5483.5292,5392.3923,5406.5071
000040,上证电信,3910.5881,-1.19721367512946,-47.38540000000012,38205281553.0,14815710,0,3957.2069,3974.377,3899.7616,3957.9735
000042,上证央企,1804.4151,0.04557568999348517,0.821999999999889,65199874761.0,41562775,0,1804.0007,1811.9469,1802.9504,1803.5931
000045,上证小盘,5597.7331,-0.4276425758971155,-24.04109999999946,202794882370.0,117632914,0,5623.4649,5641.7374,5585.2428,5621.7742
000048,责任指数,1481.9825,0.16367018079486462,2.421600000000126,66785543156.0,25778906,0,1480.4301,1489.2007,1477.8878,1479.5609
000049,上证民企,1991.7617,-0.09815828080460298,-1.95699999999988,80328088624.0,25160794,0,1994.2094,2002.196,1983.2548,1993.7187
000050,50等权,2402.2217,-0.06414108542707993,-1.5417999999999665,106425300900.0,34318349,0,2405.8028,2414.7893,2400.5028,2403.7635
000055,上证地企,1561.7037,-0.11490883628227629,-1.7965999999998985,56869759785.0,27681222,0,1567.1408,1574.5071,1560.8799,1563.5003
000056,上证国企,1240.4784,0.014690039363175197,0.18219999999996617,87284615503.0,48949509,0,1242.084,1249.1337,1239.459,1240.2962
000058,全指价值,4705.8982,0.21114642924160337,9.915399999999863,86047934062.0,78521369,0,4695.5688,4731.5716,4691.1328,4695.9828
000059,全R成长,3287.4243,-0.13737767989985483,-4.522399999999834,359450993802.0,152117046,0,3295.8657,3310.6059,3281.614,3291.9467
000060,全R价值,4435.8138,0.011602373972865647,0.5145999999995183,306845135859.0,188580272,0,4436.3156,4460.9169,4432.2194,4435.2992
000061,沪企债30,177.9891,0.01955558252878316,0.03480000000001837,200532920.0,200600,0,177.9647,177.9921,177.9568,177.9543
000062,上证沪企,2067.911,0.1253848432500746,2.589600000000246,28247313064.0,13819663,0,2064.784,2079.1526,2064.3941,2065.3214
000063,上证周期,4012.7518,0.2138585633518452,8.5632999999998,72188111246.0,47092776,0,4012.6156,4045.9918,4000.7355,4004.1885
000065,上证龙头,3581.2043,-0.39801530517881295,-14.310699999999997,143878713803.0,70242030,0,3593.9922,3601.998,3577.3459,3595.515
000066,上证商品,3443.3756,0.33286598022734554,11.423800000000028,60615687419.0,34996221,0,3446.1231,3484.7887,3429.9558,3431.9518
000068,上证资源,3912.0681,0.5418603066103307,21.083700000000135,58190767240.0,30858648,0,3910.0399,3966.1558,3890.369,3890.9844
000069,消费80,4928.9365,-0.6909412510543905,-34.293000000000575,55497219242.0,23305686,0,4967.0017,4967.0456,4926.3882,4963.2295
000070,能源等权,2593.0734,-0.3877201242302392,-10.092999999999847,9409276909.0,14676652,0,2606.8413,2615.1889,2590.0103,2603.1664
000078,电信等权,3285.2609,-2.085061921287827,-69.95839999999998,38205281553.0,14815710,0,3353.2189,3359.1127,3277.3085,3355.2193
000088,盐田港,4.54,-0.21978021978021509,-0.009999999999999787,84176160.13,18505011,0,4.55,4.57,4.53,4.55
000089,深圳机场,7.03,-1.2640449438202228,-0.08999999999999986,81321801.4,11482685,0,7.12,7.16,7.03,7.12
000090,上证流通,1425.5391,-0.1941312678274235,-2.772799999999961,755304077092.0,489991839,0,1429.2291,1434.7099,1423.4109,1428.3119
000096,上证下游,4218.5943,-0.5957875140072487,-25.284500000000662,74838891094.0,39335255,0,4246.7295,4247.3397,4216.5118,4243.8788
000099,上证F300,8962.8564,-0.5288204797559781,-47.64940000000024,149863004375.0,94237141,0,9012.0765,9031.2915,8947.8709,9010.5058
000100,上证F500,6196.0236,-0.01923605789611777,-1.1920999999993,325700166430.0,212350832,0,6199.7638,6232.0628,6190.7168,6197.2157
000151,上国红利,1524.7208,-0.12996616897173152,-1.9841999999998734,13096136746.0,13861433,0,1527.3711,1533.6528,1523.8779,1526.705
000153,上民红利,3076.959,-0.3489129968350639,-10.77350000000024,4336004758.0,4048139,0,3087.6782,3091.1914,3073.1689,3087.7325
000155,市值百强,3275.2205,0.15328077459540174,5.01260000000002,184731313899.0,73537416,0,3273.8578,3294.1096,3269.0743,3270.2079
000156,华数传媒,7.4,-1.2016021361815736,-0.08999999999999986,41034233.0,5509100,0,7.46,7.51,7.4,7.49
000157,中联重科,8.44,0.5959475566150051,0.049999999999998934,413225001.49,49130059,0,8.4,8.48,8.29,8.39
000158,上证环保,1287.6648,0.2541340875943231,3.2641000000000986,22635593638.0,12011762,0,1286.1268,1299.3749,1284.2978,1284.4007
000159,沪股通,3618.6168,-0.1622266617045164,-5.879900000000362,682537179910.0,424217832,0,3627.1089,3642.0239,3613.3058,3624.4967
000166,申万宏源,5.23,-0.7590132827324317,-0.03999999999999915,294118803.27,55899226,0,5.27,5.29,5.23,5.27
000301,东方盛虹,10.33,0.29126213592232386,0.02999999999999936,191252925.16,18480940,0,10.31,10.47,10.26,10.3
000333,美的集团,79.58,0.5305709954522507,0.4200000000000017,1965003389.13,24653520,0,79.38,80.31,79.02,79.16
000338,潍柴动力,17.63,-0.7319819819819964,-0.13000000000000256,699332155.05,39625474,0,17.6,17.79,17.44,17.76
000400,许继电气,26.53,0.22667170381564894,0.060000000000002274,520936353.66,19733509,0,26.47,26.61,26.17,26.47
000401,金隅冀东,4.47,-0.6666666666666722,-0.03000000000000025,26167085.0,5829600,0,4.49,4.52,4.46,4.5
000402,金融街,2.73,-1.7985611510791304,-0.04999999999999982,46811743.25,17041725,0,2.78,2.78,2.72,2.78
000403,派林生物,13.11,-2.6726057906458887,-0.3600000000000012,245624109.07,18557058,0,13.5,13.51,13.08,13.47
000404,长虹华意,6.77,-1.31195335276969,-0.09000000000000075,56321941.0,8239000,0,6.86,6.92,6.76,6.86
000407,胜利股份,4.83,-5.108055009823179,-0.2599999999999998,603342093.2,123026970,0,5.08,5.08,4.79,5.09
000408,藏格矿业,79.48,-0.5132056577794425,-0.4099999999999966,1135634103.07,14231125,0,79.93,81.47,77.96,79.89
000409,云鼎科技,10.96,-1.3501350135013375,-0.14999999999999858,61686059.88,5609438,0,11.12,11.13,10.95,11.11
000410,沈阳机床,7.07,-2.2130013831258664,-0.16000000000000014,129775481.0,18184900,0,7.21,7.22,7.06,7.23
000411,英特集团,12.42,-2.127659574468082,-0.2699999999999996,162690188.8,12973114,0,12.68,12.76,12.4,12.69
000415,渤海租赁,4.02,-1.228501228501246,-0.05000000000000071,469541314.54,116281618,0,4.07,4.09,4.0,4.07
000417,合百集团,8.47,-3.4207525655644124,-0.29999999999999893,824413712.47,96950167,0,8.66,8.75,8.35,8.77
000419,通程控股,6.73,-1.8950437317784241,-0.1299999999999999,270441975.93,40134609,0,6.75,6.84,6.66,6.86
000420,吉林化纤,4.01,-1.4742014742014864,-0.0600000000000005,162741945.0,40290500,0,4.07,4.12,4.0,4.07
000421,南京公用,6.8,-2.158273381294969,-0.15000000000000036,62686831.95,9182905,0,6.95,6.95,6.79,6.95
000422,湖北宜化,14.27,0.35161744022502767,0.049999999999998934,463960787.52,32378613,0,14.2,14.49,14.12,14.22
000423,东阿阿胶,49.17,-0.1624365482233468,-0.0799999999999983,238119196.69,4845700,0,49.2,49.39,48.96,49.25
000425,徐工机械,10.8,-1.0989010989010917,-0.11999999999999922,876073492.79,81384022,0,10.92,10.92,10.67,10.92
000426,兴业银锡,35.21,-2.5733259546209175,-0.9299999999999997,2179744422.47,61210511,0,36.38,36.56,35.0,36.14
000428,华天酒店,3.37,-5.337078651685392,-0.18999999999999995,145466691.24,42607073,0,3.56,3.57,3.36,3.56
000429,粤高速Ａ,11.71,-0.08532423208190944,-0.009999999999999787,60028233.44,5113833,0,11.73,11.82,11.65,11.72
000430,*ST张股,7.92,1.6688061617458265,0.1299999999999999,52168861.0,6580300,0,7.9,8.0,7.86,7.79
000488,ST晨鸣,2.13,-0.9302325581395358,-0.020000000000000018,20944441.0,9816100,0,2.15,2.15,2.12,2.15
000498,山东路桥,5.97,0.1677852348993253,0.009999999999999787,53795691.99,8994700,0,5.97,6.01,5.95,5.96
000501,武商集团,10.36,-0.9560229445506827,-0.10000000000000142,268168051.8,26035225,0,10.5,10.55,10.16,10.46
000503,国新健康,9.13,-3.2838983050847323,-0.3099999999999987,109557452.95,11896135,0,9.41,9.47,9.12,9.44
000504,*ST生物,8.8,2.32558139534885,0.20000000000000107,20070064.0,2298200,0,8.64,8.86,8.57,8.6
000505,京粮控股,8.53,4.278728606356965,0.34999999999999964,1095903891.12,126780083,0,8.44,9.0,8.25,8.18
000506,招金黄金,13.86,0.4347826086956429,0.05999999999999872,619197206.45,44034066,0,14.01,14.44,13.81,13.8
000507,珠海港,5.25,-1.3157894736842157,-0.07000000000000028,31911809.27,6057612,0,5.3,5.33,5.23,5.32
000509,华塑控股,3.37,-2.3188405797101472,-0.08000000000000007,66793053.14,19691936,0,3.44,3.44,3.36,3.45
000510,新金路,10.58,-5.535714285714279,-0.6199999999999992,1067146914.52,97268752,0,11.38,11.56,10.5,11.2
000513,丽珠集团,34.63,-0.716743119266055,-0.25,106082498.92,3051848,0,34.88,34.95,34.58,34.88
000514,渝开发,4.98,-1.1904761904761827,-0.05999999999999961,62055327.0,12428600,0,5.04,5.06,4.96,5.04
000516,国际医学,4.47,-1.3245033112582891,-0.0600000000000005,77839553.5,17389350,0,4.53,4.53,4.44,4.53
000517,荣安地产,1.82,-2.1505376344086042,-0.040000000000000036,49896745.68,27282431,0,1.85,1.86,1.81,1.86
000518,*ST四环,2.37,-1.6597510373443998,-0.040000000000000036,12072207.0,5060600,0,2.41,2.41,2.37,2.41
000519,中兵红箭,17.2,-0.058105752469503565,-0.010000000000001563,268958912.38,15616228,0,17.22,17.32,17.08,17.21
000520,凤凰航运,5.04,-4.364326375711566,-0.22999999999999954,166712103.52,32604606,0,5.25,5.32,5.04,5.27
000521,长虹美菱,6.51,-0.9132420091324277,-0.0600000000000005,35053234.53,5366401,0,6.57,6.57,6.5,6.57
000523,红棉股份,3.87,-5.609756097560965,-0.22999999999999954,740652242.0,188587261,0,4.05,4.1,3.84,4.1
000524,岭南控股,12.3,-4.651162790697672,-0.5999999999999996,236398891.25,18959369,0,12.75,12.77,12.3,12.9
000525,红太阳,5.59,-1.2367491166077789,-0.07000000000000028,61140400.43,10895863,0,5.62,5.68,5.58,5.66
000526,学大教育,38.57,-2.230671736375165,-0.8800000000000026,79586032.82,2045977,0,39.65,39.65,38.52,39.45
000528,柳工,12.16,-0.8156606851549727,-0.09999999999999964,215056663.68,17671280,0,12.31,12.32,12.12,12.26
000529,广弘控股,6.09,-0.975609756097569,-0.0600000000000005,35850419.08,5865447,0,6.12,6.2,6.08,6.15
000530,冰山冷热,6.94,-7.589880159786942,-0.5699999999999994,616808947.8,87487707,0,7.45,7.49,6.88,7.51
000531,穗恒运Ａ,6.63,1.0670731707317118,0.07000000000000028,69419638.59,10489881,0,6.54,6.68,6.53,6.56
000532,华金资本,15.63,1.757812500000009,0.27000000000000135,383845209.91,24586070,0,15.3,16.06,15.13,15.36
000533,顺钠股份,9.12,5.190311418685114,0.4499999999999993,1028071784.84,115796282,0,8.58,9.5,8.5,8.67
000534,万泽股份,22.24,-1.636444051304737,-0.370000000000001,258136645.49,11665540,0,22.6,22.6,21.75,22.61
000536,华映科技,4.95,-3.3203124999999987,-0.16999999999999993,666422649.55,132805729,0,5.12,5.12,4.92,5.12
000537,中绿电,8.41,-0.9422850412249714,-0.08000000000000007,62644727.68,7427204,0,8.48,8.51,8.39,8.49
000538,云南白药,56.2,-0.618921308576471,-0.3499999999999943,361809731.38,6418127,0,56.57,56.68,56.18,56.55
000539,粤电力Ａ,4.55,-0.21929824561403044,-0.009999999999999787,59966358.0,13103540,0,4.57,4.62,4.54,4.56
000541,佛山照明,6.04,-0.9836065573770428,-0.05999999999999961,27991206.06,4616401,0,6.1,6.1,6.03,6.1
000543,皖能电力,8.74,4.2959427207637155,0.35999999999999943,742173596.38,84808850,0,8.5,8.96,8.49,8.38
000544,中原环保,8.26,-0.48192771084338454,-0.040000000000000924,34595316.4,4163370,0,8.32,8.36,8.25,8.3
000545,金浦钛业,2.89,-0.6872852233676982,-0.020000000000000018,75250601.57,25985023,0,2.94,2.95,2.85,2.91
000546,金圆股份,7.4,-5.0064184852374805,-0.3899999999999997,988011342.76,135445570,0,7.5,7.52,7.12,7.79
000547,航天发展,22.54,-1.3566739606127012,-0.3100000000000023,8956538294.44,399030136,0,22.63,22.99,21.75,22.85
000548,湖南投资,5.54,-1.0714285714285645,-0.05999999999999961,31906888.36,5743910,0,5.6,5.62,5.51,5.6
000550,江铃汽车,18.55,-0.8021390374331475,-0.14999999999999858,29544890.54,1588501,0,18.69,18.76,18.53,18.7
000551,创元科技,13.78,9.976057462090983,1.25,855757457.23,63544494,0,12.79,13.78,12.79,12.53
000552,甘肃能化,2.35,-0.8438818565400852,-0.020000000000000018,63828613.0,27071900,0,2.38,2.38,2.34,2.37
000553,安道麦A,5.89,-1.3400335008375222,-0.08000000000000007,43421091.0,7358900,0,5.95,6.0,5.82,5.97
000554,泰山石油,6.44,-0.6172839506172845,-0.040000000000000036,40828690.49,6334843,0,6.47,6.48,6.42,6.48
000555,神州信息,15.92,-1.4851485148514865,-0.2400000000000002,813814788.17,50704270,0,16.44,16.58,15.8,16.16
000557,西部创业,4.89,-0.6097560975609807,-0.03000000000000025,28434321.88,5779164,0,4.94,4.95,4.89,4.92
000558,天府文旅,5.2,-2.6217228464419415,-0.13999999999999968,258150472.53,49380111,0,5.31,5.32,5.19,5.34
000559,万向钱潮,11.73,0.7731958762886585,0.08999999999999986,1309675772.22,109955752,0,11.66,12.15,11.64,11.64
000560,我爱我家,2.9,-1.360544217687076,-0.040000000000000036,218654117.03,75204833,0,2.94,2.94,2.89,2.94
000561,烽火电子,11.17,-2.9539530842745427,-0.33999999999999986,349943485.5,30704695,0,11.43,11.75,11.12,11.51
000563,陕国投Ａ,3.44,-0.8645533141210446,-0.03000000000000025,127773790.16,36955778,0,3.47,3.48,3.43,3.47
000564,供销大集,2.59,-4.074074074074085,-0.11000000000000032,1686045156.94,642535752,0,2.68,2.69,2.59,2.7
000565,渝三峡Ａ,7.47,-1.4511873350923525,-0.11000000000000032,49659680.0,6623900,0,7.56,7.57,7.44,7.58
000566,海南海药,8.76,10.050251256281404,0.7999999999999998,2949707993.35,341211878,0,8.51,8.76,8.4,7.96
000567,海德股份,6.9,0.7299270072992805,0.05000000000000071,730385145.56,103823908,0,7.11,7.31,6.79,6.85
000568,泸州老窖,120.5,-0.6840847276024052,-0.8299999999999983,837524442.22,6954570,0,121.19,121.32,119.51,121.33
000570,苏常柴Ａ,5.59,-0.8865248226950324,-0.04999999999999982,40300879.0,7172800,0,5.63,5.68,5.58,5.64
000571,新大洲A,5.78,-6.016260162601627,-0.3700000000000001,510839369.14,86287107,0,6.15,6.19,5.77,6.15
000572,海马汽车,9.21,-1.6025641025640875,-0.14999999999999858,4173008390.53,431917029,0,9.86,10.2,9.15,9.36
000573,粤宏远Ａ,4.1,0.24449877750610727,0.009999999999999787,86032911.0,20753500,0,4.1,4.31,4.09,4.09
000576,甘化科工,10.17,-0.7804878048780495,-0.08000000000000007,72973030.0,7149400,0,10.24,10.32,10.14,10.25
000581,威孚高科,20.17,-1.03042198233561,-0.2099999999999973,114975165.61,5669297,0,20.38,20.46,20.13,20.38
000582,北部湾港,9.54,0.2100840336134409,0.019999999999999574,548946017.03,56874815,0,9.54,10.08,9.47,9.52
000584,工智退,0.29,11.538461538461526,0.02999999999999997,15207447.0,53830663,0,0.26,0.29,0.26,0.26
000586,汇源通信,14.24,-0.4891684136967176,-0.07000000000000028,127777741.6,9044990,0,14.28,14.35,14.0,14.31
000589,贵州轮胎,5.0,-1.3806706114398477,-0.07000000000000028,111330099.0,22109680,0,5.08,5.08,4.99,5.07
000590,古汉医药,11.21,0.5381165919282556,0.0600000000000005,44752302.75,3981505,0,11.26,11.4,11.1,11.15
000591,太阳能,4.47,0.0,0.0,151362774.6,33736623,0,4.48,4.52,4.46,4.47
000592,平潭发展,12.81,-0.6976744186046501,-0.08999999999999986,6592008218.35,505199913,0,12.84,13.64,12.1,12.9
000593,德龙汇能,10.27,1.0826771653543252,0.10999999999999943,169562161.28,16574329,0,10.5,10.5,10.0,10.16
000595,*ST宝实,5.72,0.0,0.0,37442512.0,6537500,0,5.72,5.78,5.68,5.72
000596,古井贡酒,142.96,-1.3728872024836019,-1.9899999999999807,243715539.95,1702007,0,144.65,144.79,142.6,144.95
000597,东北制药,5.33,0.0,0.0,43587106.17,8142362,0,5.33,5.4,5.31,5.33
000598,兴蓉环境,7.25,1.3986013986013937,0.09999999999999964,145966130.11,20106136,0,7.17,7.3,7.16,7.15
000599,青岛双星,5.98,-1.1570247933884197,-0.0699999999999994,77179915.55,12851257,0,6.08,6.09,5.96,6.05
000600,建投能源,8.55,2.764423076923082,0.23000000000000043,346818002.49,40428823,0,8.36,8.68,8.33,8.32
000601,韶能股份,4.83,-0.617283950617289,-0.03000000000000025,44959536.04,9276781,0,4.84,4.88,4.83,4.86
000603,盛达资源,30.27,-4.811320754716985,-1.5300000000000011,1087725108.32,35182775,0,31.99,32.34,30.19,31.8
000605,渤海股份,6.72,-1.3215859030836985,-0.08999999999999986,21232357.2,3152320,0,6.81,6.82,6.69,6.81
000607,华媒控股,4.14,-1.6627078384798168,-0.07000000000000028,37030540.0,8882000,0,4.2,4.22,4.13,4.21
000608,*ST阳光,2.45,-1.6064257028112463,-0.040000000000000036,18621153.8,7613440,0,2.48,2.49,2.42,2.49
000609,ST中迪,9.3,-5.005107252298248,-0.48999999999999844,152788024.93,16137314,0,9.88,9.89,9.3,9.79
000610,西安旅游,12.4,-3.8013964313421273,-0.4900000000000002,198274371.24,15839480,0,12.9,12.95,12.36,12.89
000612,焦作万方,10.25,1.4851485148514887,0.15000000000000036,575993841.83,56095626,0,10.1,10.45,10.02,10.1
000615,*ST美谷,4.2,-0.47393364928908943,-0.019999999999999574,87547992.0,20326700,0,4.26,4.43,4.19,4.22
000617,中油资本,9.09,-1.3029315960912158,-0.120000000000001,531655322.94,58164057,0,9.21,9.21,9.07,9.21
000619,海螺新材,6.22,-0.1605136436597219,-0.010000000000000675,37263043.0,5995300,0,6.23,6.26,6.16,6.23
000620,盈新发展,2.72,-5.226480836236931,-0.1499999999999999,556986877.0,201770100,0,2.82,2.85,2.71,2.87
000622,恒立退,0.15,-11.764705882352951,-0.020000000000000018,9677324.0,61160620,0,0.16,0.17,0.15,0.17
000623,吉林敖东,19.49,0.2056555269922835,0.03999999999999915,220061328.6,11245790,0,19.5,19.69,19.44,19.45
000625,长安汽车,11.86,-1.5767634854771888,-0.19000000000000128,1132160378.69,95194587,0,11.97,11.97,11.85,12.05
000626,远大控股,7.91,-0.12626262626262355,-0.009999999999999787,37598608.0,4763800,0,7.9,7.99,7.83,7.92
000627,*ST天茂,0.0,-100.0,-1.58,0.0,0,0,0.0,0.0,0.0,1.58
000628,高新发展,44.78,0.9467989179440975,0.4200000000000017,323430427.53,7277609,0,44.2,45.34,43.68,44.36
000629,钒钛股份,3.06,-0.9708737864077607,-0.029999999999999805,228073627.4,74269829,0,3.09,3.1,3.05,3.09
000630,铜陵有色,5.52,-0.5405405405405451,-0.03000000000000025,1272660069.77,228975984,0,5.55,5.64,5.5,5.55
000631,顺发恒能,3.26,-0.3058103975535239,-0.010000000000000231,30764532.0,9429200,0,3.29,3.3,3.24,3.27
000632,三木集团,5.88,-2.6490066225165587,-0.16000000000000014,401463707.72,67479043,0,6.15,6.18,5.81,6.04
000633,合金投资,7.3,-1.4844804318488571,-0.11000000000000032,100728395.0,13809300,0,7.41,7.42,7.25,7.41
000635,英力特,9.37,-1.1603375527426287,-0.11000000000000121,54311249.27,5788600,0,9.48,9.57,9.25,9.48
000636,风华高科,15.69,-0.8217446270543666,-0.13000000000000078,302184477.4,19109032,0,15.8,15.97,15.66,15.82
000637,茂化实华,4.34,-1.8099547511312233,-0.08000000000000007,41866413.73,9610121,0,4.42,4.43,4.33,4.42
000638,*ST万方,5.27,4.9800796812749,0.25,33036679.56,6332228,0,5.12,5.27,5.12,5.02
000639,西王食品,3.58,-2.452316076294274,-0.08999999999999986,400705423.06,111030403,0,3.68,3.71,3.56,3.67
000650,仁和药业,5.76,-1.2006861063464884,-0.07000000000000028,63615900.0,10980300,0,5.82,5.85,5.75,5.83
000651,格力电器,40.89,0.024461839530327812,0.00999999999999801,1311816909.97,32031179,0,40.87,41.15,40.77,40.88
000652,泰达股份,4.2,-2.77777777777778,-0.1200000000000001,66121415.8,15571620,0,4.31,4.32,4.19,4.32
000655,金岭矿业,9.36,0.429184549356214,0.03999999999999915,71833666.28,7715500,0,9.33,9.4,9.2,9.32
000656,*ST金科,1.48,0.680272108843538,0.010000000000000009,127047148.99,85576648,0,1.48,1.5,1.47,1.47
000657,中钨高新,31.0,4.588394062078271,1.3599999999999994,4337051908.01,141136370,0,29.51,32.18,29.15,29.64
000659,珠海中富,3.09,-4.334365325077403,-0.14000000000000012,137908769.27,44124144,0,3.23,3.24,3.07,3.23
000661,长春高新,93.67,-1.5968063872255447,-1.519999999999996,486070817.97,5160287,0,95.08,95.1,93.6,95.19
000663,永安林业,7.52,-0.39735099337748675,-0.03000000000000025,132577773.0,17622300,0,7.57,7.68,7.39,7.55
000665,湖北广电,5.41,-1.2773722627737276,-0.07000000000000028,73145756.9,13461486,0,5.48,5.48,5.39,5.48
000668,*ST荣控,9.65,5.00544069640915,0.46000000000000085,8864238.0,925200,0,9.32,9.65,9.26,9.19
000669,ST金鸿,3.03,-0.9803921568627533,-0.03000000000000025,10419181.6,3434200,0,3.05,3.06,3.02,3.06
000670,盈方微,7.25,-2.0270270270270316,-0.15000000000000036,84484937.97,11545200,0,7.37,7.41,7.23,7.4
000672,上峰水泥,11.43,-0.08741258741258555,-0.009999999999999787,209278547.13,18371616,0,11.35,11.54,11.19,11.44
000676,智度股份,8.29,-1.7772511848341277,-0.15000000000000036,134449499.7,16150773,0,8.44,8.46,8.27,8.44
000677,恒天海龙,4.13,-4.176334106728532,-0.17999999999999972,78938076.1,18891615,0,4.31,4.32,4.11,4.31
000678,襄阳轴承,14.21,-4.309764309764302,-0.6399999999999988,547797385.91,38385954,0,14.6,14.69,14.13,14.85
000679,大连友谊,7.89,-6.183115338882288,-0.5200000000000005,198964274.71,24815844,0,8.41,8.43,7.89,8.41
000680,山推股份,10.95,-1.5287769784172658,-0.16999999999999993,151130473.8,13736524,0,11.14,11.17,10.92,11.12
000681,视觉中国,21.6,-0.8719596145020547,-0.18999999999999773,435772293.6,20116063,0,21.78,21.85,21.5,21.79
000682,东方电子,11.73,0.5141388174807241,0.0600000000000005,154410539.3,13161889,0,11.68,11.8,11.58,11.67
000683,博源化工,7.15,-2.7210884353741402,-0.1999999999999993,311769307.62,43188778,0,7.36,7.42,7.12,7.35
000685,中山公用,11.31,-1.2227074235807756,-0.1399999999999988,198666777.38,17513000,0,11.41,11.44,11.27,11.45
000686,东北证券,9.14,-0.760043431053206,-0.07000000000000028,352452634.0,38319350,0,9.16,9.27,9.12,9.21
000688,国城矿业,27.87,5.090497737556567,1.3500000000000014,1032916029.5,37843746,0,26.52,28.38,25.8,26.52
000690,宝新能源,4.34,-0.45871559633028575,-0.020000000000000462,150638372.42,34408574,0,4.36,4.43,4.33,4.36
000691,*ST亚太,9.04,-3.521878335112061,-0.33000000000000007,93623094.0,10253700,0,9.3,9.33,8.99,9.37
000692,惠天热电,3.51,-1.4044943820224793,-0.050000000000000266,49473197.0,14030200,0,3.57,3.57,3.49,3.56
000695,滨海能源,13.6,10.032362459546928,1.2400000000000002,478580856.98,37023099,0,12.43,13.6,12.22,12.36
000697,*ST炼石,8.88,-0.44843049327353307,-0.03999999999999915,59251496.0,6613000,0,8.93,9.07,8.87,8.92
000698,ST沈化,3.67,-0.27173913043478887,-0.010000000000000231,10904378.0,2967700,0,3.7,3.71,3.66,3.68
000700,模塑科技,10.58,-3.818181818181818,-0.41999999999999993,392915504.17,36757900,0,10.98,11.0,10.5,11.0
000701,厦门信达,6.55,-2.8189910979228543,-0.1900000000000004,219043645.49,33315499,0,6.7,6.73,6.49,6.74
000702,正虹科技,6.7,-1.9033674963396763,-0.1299999999999999,27479803.66,4082498,0,6.8,6.86,6.68,6.83
000703,恒逸石化,8.54,-2.8441410693970424,-0.25,337889430.21,39280281,0,8.73,8.85,8.5,8.79
000705,浙江震元,9.33,-1.0604453870625625,-0.09999999999999964,50850965.76,5423384,0,9.41,9.48,9.3,9.43
000707,双环科技,6.16,-0.6451612903225812,-0.040000000000000036,27033568.84,4378612,0,6.19,6.21,6.14,6.2
000708,中信特钢,15.69,-0.3809523809523841,-0.0600000000000005,154678409.0,9858200,0,15.74,15.81,15.55,15.75
000709,河钢股份,2.31,-1.7021276595744694,-0.040000000000000036,182375383.1,78414594,0,2.35,2.35,2.3,2.35
000710,贝瑞基因,11.28,-2.5906735751295398,-0.3000000000000007,70207418.0,6174200,0,11.58,11.6,11.27,11.58
000711,ST京蓝,1.72,-1.1494252873563229,-0.020000000000000018,28126223.0,16317400,0,1.73,1.74,1.71,1.74
000712,锦龙股份,11.79,-1.173512154233031,-0.14000000000000057,108455861.96,9163194,0,11.93,11.93,11.73,11.93
000713,国投丰乐,6.74,-0.4431314623338163,-0.02999999999999936,38968589.88,5763162,0,6.75,6.81,6.73,6.77
000715,中兴商业,6.77,1.9578313253012032,0.1299999999999999,352291548.43,52305839,0,6.58,6.95,6.45,6.64
000716,黑芝麻,6.48,-2.5563909774436078,-0.16999999999999993,247918456.66,38069834,0,6.62,6.63,6.46,6.65
000717,中南股份,2.59,-2.6315789473684315,-0.07000000000000028,59678189.2,22785680,0,2.65,2.66,2.59,2.66
000718,苏宁环球,2.31,-2.1186440677966027,-0.04999999999999982,87470597.9,37714699,0,2.36,2.36,2.3,2.36
000719,中原传媒,11.82,0.08467400508043849,0.009999999999999787,64085367.0,5396700,0,11.84,11.94,11.81,11.81
000720,新能泰山,3.42,-3.661971830985913,-0.1299999999999999,109916831.06,31935303,0,3.53,3.54,3.4,3.55
000721,西安饮食,9.2,-5.447070914696826,-0.5300000000000011,417241587.23,44691484,0,9.68,9.69,9.16,9.73
000722,湖南发展,11.73,-0.9290540540540493,-0.10999999999999943,167180861.0,14041900,0,12.21,12.22,11.71,11.84
000723,美锦能源,4.63,-1.4893617021276655,-0.07000000000000028,168097524.46,36144170,0,4.69,4.7,4.62,4.7
000725,京东方Ａ,4.03,-0.24752475247524225,-0.009999999999999787,2012307555.2,498630475,0,4.05,4.06,4.02,4.04
000726,鲁泰Ａ,7.12,-0.419580419580423,-0.03000000000000025,43532160.0,6085400,0,7.15,7.2,7.11,7.15
000727,冠捷科技,2.56,-1.5384615384615397,-0.040000000000000036,135491319.0,52562300,0,2.59,2.6,2.56,2.6
000728,国元证券,8.29,-0.36057692307693673,-0.030000000000001137,148913203.44,17865974,0,8.34,8.37,8.28,8.32
000729,燕京啤酒,12.04,-0.6600660066006607,-0.08000000000000007,155610017.38,12910338,0,12.13,12.18,12.0,12.12
000731,四川美丰,6.57,-0.7552870090634414,-0.04999999999999982,22817455.49,3462068,0,6.61,6.65,6.56,6.62
000733,振华科技,50.02,0.3208985158443716,0.1600000000000037,737758257.63,14691986,0,50.19,50.52,49.89,49.86
000735,罗牛山,10.48,0.0,0.0,2938992600.7,273996113,0,10.7,11.38,10.34,10.48
000736,*ST中地,5.39,-0.9191176470588366,-0.05000000000000071,33485690.0,6176200,0,5.43,5.47,5.36,5.44
000737,北方铜业,14.46,-0.6868131868131844,-0.09999999999999964,573579183.33,39463424,0,14.58,14.69,14.4,14.56
000738,航发控制,20.04,-1.426463354648299,-0.28999999999999915,570704267.18,28038816,0,20.32,20.89,19.94,20.33
000739,普洛药业,16.69,0.4816375677302941,0.08000000000000185,81431317.28,4860696,0,16.63,16.89,16.62,16.61
000750,国海证券,4.21,-0.4728132387706964,-0.020000000000000462,147223383.93,34860291,0,4.23,4.24,4.2,4.23
000751,锌业股份,4.02,-1.228501228501246,-0.05000000000000071,156341884.3,38692758,0,4.07,4.09,4.0,4.07
000752,ST西发,11.48,4.744525547445251,0.5199999999999996,80263372.77,7071710,0,11.19,11.51,11.12,10.96
000753,漳州发展,8.54,0.0,0.0,1229113495.91,142262152,0,8.5,9.2,8.21,8.54
000755,山西高速,5.18,-0.7662835249042153,-0.040000000000000036,45468174.78,8703618,0,5.22,5.33,5.17,5.22
000756,新华制药,15.67,-1.0732323232323229,-0.16999999999999993,163005843.06,10365108,0,15.79,15.86,15.62,15.84
000757,浩物股份,4.96,-1.9762845849802302,-0.09999999999999964,52482092.36,10513290,0,5.07,5.07,4.93,5.06
000758,中色股份,6.31,1.2841091492776755,0.07999999999999918,348344452.63,55036251,0,6.29,6.41,6.23,6.23
000759,中百集团,8.91,10.000000000000005,0.8100000000000005,1584516246.61,187682758,0,8.0,8.91,7.77,8.1
000761,本钢板材,3.29,-2.0833333333333286,-0.06999999999999984,26491930.0,8001400,0,3.35,3.37,3.29,3.36
000762,西藏矿业,26.93,1.126549004881715,0.3000000000000007,678103718.3,25220362,0,26.58,27.35,26.45,26.63
000766,通化金马,28.55,-0.1748251748251773,-0.05000000000000071,244799670.23,8565127,0,28.6,28.75,28.45,28.6
000767,晋控电力,2.85,-0.6968641114982584,-0.020000000000000018,68826797.0,24010900,0,2.87,2.9,2.84,2.87
000768,中航西飞,24.29,-1.4604462474645008,-0.35999999999999943,472215401.09,19293055,0,24.66,24.74,24.26,24.65
000776,广发证券,21.93,1.5277777777777697,0.3299999999999983,1494305018.34,67955445,0,21.61,22.26,21.48,21.6
000777,中核科技,20.91,-0.9004739336492951,-0.19000000000000128,175090025.29,8364562,0,21.03,21.05,20.8,21.1
000778,新兴铸管,4.1,0.0,0.0,149352590.33,36370856,0,4.1,4.14,4.08,4.1
000779,甘咨询,8.36,-0.23866348448688962,-0.02000000000000135,21870547.0,2615700,0,8.38,8.42,8.31,8.38
000782,恒申新材,5.02,-1.181102362204734,-0.0600000000000005,36360367.0,7190900,0,5.11,5.11,5.02,5.08
000783,长江证券,8.1,-0.24630541871920658,-0.019999999999999574,355755572.78,43753085,0,8.12,8.17,8.09,8.12
000785,居然智家,3.07,-1.2861736334405156,-0.040000000000000036,238185719.59,77661953,0,3.1,3.11,3.04,3.11
000786,北新建材,24.74,-0.8416833667334703,-0.21000000000000085,172400368.73,6939872,0,24.89,25.01,24.7,24.95
000788,北大医药,6.34,-2.1604938271605025,-0.14000000000000057,149102043.9,23434654,0,6.43,6.47,6.33,6.48
000789,万年青,5.34,-0.5586592178770996,-0.03000000000000025,15963468.1,2980526,0,5.38,5.39,5.33,5.37
000790,华神科技,3.98,-2.9268292682926753,-0.11999999999999966,89711207.93,22332425,0,4.1,4.12,3.96,4.1
000791,甘肃能源,6.66,0.6042296072507558,0.040000000000000036,108825458.0,16261700,0,6.63,6.74,6.63,6.62
000792,盐湖股份,28.35,0.6389776357827466,0.17999999999999972,2390294038.77,84559935,0,28.15,28.57,27.95,28.17
000793,ST华闻,2.86,-4.666666666666671,-0.14000000000000012,121952256.59,41977567,0,2.97,2.98,2.85,3.0
000795,英洛华,9.78,-0.4073319755600909,-0.040000000000000924,68040246.8,6943488,0,9.83,9.86,9.74,9.82
000796,凯撒旅业,7.13,0.8486562942008431,0.05999999999999961,2518610339.66,337397231,0,7.44,7.78,7.12,7.07
000797,中国武夷,4.03,-1.225490196078427,-0.04999999999999982,392731482.76,96853560,0,4.11,4.13,3.99,4.08
000798,中水渔业,11.09,-1.858407079646025,-0.21000000000000085,219002000.13,19607901,0,11.26,11.5,10.99,11.3
000799,酒鬼酒,54.81,-1.3853904282115799,-0.769999999999996,309396258.53,5630491,0,55.5,55.5,54.73,55.58
000800,一汽解放,6.79,-1.3081395348837188,-0.08999999999999986,80665441.77,11805766,0,6.87,6.88,6.78,6.88
000801,四川九洲,16.92,-2.5906735751295296,-0.4499999999999993,623279940.13,36734447,0,17.4,17.4,16.71,17.37
000802,500沪市,7417.0526,-0.44156009344815794,-32.89599999999973,150934285026.0,90558301,0,7450.1588,7471.0021,7400.5078,7449.9486
000803,山高环能,7.0,-0.1426533523537773,-0.009999999999999787,73426453.68,10417480,0,7.01,7.14,6.95,7.01
000807,云铝股份,29.34,-0.13614703880190315,-0.03999999999999915,1260059888.07,42755797,0,29.0,30.15,28.73,29.38
000809,和展能源,3.26,-2.3952095808383254,-0.08000000000000007,38326655.56,11663102,0,3.34,3.34,3.26,3.34
000810,创维数字,11.27,-4.003407155025559,-0.47000000000000064,308360419.24,27132731,0,11.5,11.6,11.25,11.74
000811,冰轮环境,16.75,0.0,0.0,502727440.94,30054695,0,16.72,16.95,16.42,16.75
000812,陕西金叶,4.93,-2.7613412228796954,-0.14000000000000057,159288779.77,32060030,0,5.07,5.07,4.91,5.07
000813,德展健康,3.97,-1.7326732673267287,-0.06999999999999984,95437061.0,23779450,0,4.04,4.09,3.95,4.04
000815,美利云,10.96,-1.4388489208632946,-0.15999999999999837,75717992.0,6868728,0,11.12,11.15,10.95,11.12
000816,智慧农业,3.65,-1.8817204301075345,-0.07000000000000028,301311605.61,82694779,0,3.71,3.73,3.57,3.72
000818,航锦科技,18.68,-1.632438125329114,-0.3099999999999987,134749646.2,7172117,0,19.0,19.03,18.66,18.99
000819,有色金属,8989.4571,0.37462429401754754,33.550999999999476,79409497330.0,35392008,0,9001.462,9169.1146,8910.9918,8955.9061
000820,*ST节能,3.36,0.0,0.0,8797108.6,2627990,0,3.36,3.37,3.33,3.36
000821,京山轻机,12.47,-1.8882769472856034,-0.2400000000000002,300154638.82,23646076,0,12.76,12.99,12.4,12.71
000822,山东海化,5.3,-0.9345794392523332,-0.04999999999999982,64693823.24,12195512,0,5.35,5.35,5.27,5.35
000823,800有色,10386.5535,0.28827141345367957,29.855400000000373,72705891533.0,33021101,0,10416.7797,10601.8617,10318.5053,10356.6981
000825,太钢不锈,4.96,-4.431599229287098,-0.23000000000000043,1003650238.55,200053509,0,5.11,5.16,4.94,5.19
000826,启迪环境,2.26,-3.0042918454935745,-0.07000000000000028,114363614.87,50256051,0,2.34,2.34,2.25,2.33
000828,300高贝,0.0,0.0,0.0,0.0,0,0,0.0,0.0,0.0,0.0
000829,天音控股,10.61,-2.3919043238270454,-0.2599999999999998,254129808.18,23746330,0,10.8,10.87,10.57,10.87
000830,鲁西化工,15.28,-1.2281835811247659,-0.19000000000000128,296690652.72,19261560,0,15.49,15.63,15.23,15.47
000831,中国稀土,45.43,-0.6994535519125689,-0.3200000000000003,760493225.2,16681137,0,45.78,45.88,45.3,45.75
000833,粤桂股份,18.74,-0.21299254526093025,-0.0400000000000027,461925862.02,24583120,0,18.69,19.13,18.44,18.78
000837,秦川机床,12.07,-1.3082583810302546,-0.16000000000000014,114802939.17,9478009,0,12.2,12.26,12.03,12.23
000838,财信发展,3.09,-5.214723926380366,-0.16999999999999993,188049024.59,60274055,0,3.25,3.26,3.05,3.26
000839,国安股份,2.61,-1.1363636363636458,-0.03000000000000025,50747787.0,19325900,0,2.64,2.65,2.61,2.64
000848,承德露露,8.67,-1.2528473804100164,-0.10999999999999943,83635454.21,9597886,0,8.79,8.81,8.66,8.78
000850,华茂股份,5.08,-0.1964636542239644,-0.009999999999999787,133878978.0,26214580,0,5.1,5.2,5.06,5.09
000851,百发100,20136.6971,0.08311193229615188,16.722100000002683,43748810387.0,20187864,0,20127.2427,20239.0971,20038.2087,20119.975
000852,中证1000,7383.2413,-0.3389081788373689,-25.107500000000073,380546704196.0,214164985,0,7410.2236,7441.4124,7363.9337,7408.3488
000856,500工业,7258.5821,0.19963915561862222,14.462099999999737,109666045597.0,52562867,0,7252.2571,7305.8764,7227.5564,7244.12
000858,500信息,10037.9539,-0.2898838099638745,-29.182999999999083,71233893090.0,18220565,0,10060.7174,10138.4274,10007.8922,10067.1369
000859,国风新材,10.56,10.000000000000009,0.9600000000000009,1465286770.18,145721745,0,9.42,10.56,9.3,9.6
000860,顺鑫农业,14.73,-1.0080645161290347,-0.15000000000000036,92601749.68,6272816,0,14.88,14.89,14.71,14.88
000862,银星能源,5.98,0.33557046979866545,0.020000000000000462,131215528.0,21900200,0,5.96,6.07,5.94,5.96
000863,CS精准医,2691.126,-0.10708568402600063,-2.884900000000016,11001225714.0,2426875,0,2695.8871,2712.3834,2684.6918,2694.0109
000868,安凯客车,4.9,-2.7777777777777715,-0.13999999999999968,68324602.28,13812100,0,5.05,5.06,4.9,5.04
000869,HK银行,4348.6138,0.3013806353813717,13.066499999999905,4883355482.0,5199479,0,4347.9151,4376.0629,4342.0308,4335.5473
000875,吉电股份,5.59,-0.533807829181499,-0.03000000000000025,132782088.26,23666855,0,5.64,5.67,5.57,5.62
000876,新希望,9.12,-0.6535947712418355,-0.0600000000000005,131689149.0,14384400,0,9.18,9.22,9.12,9.18
000877,天山股份,5.36,-0.3717472118959029,-0.019999999999999574,58799528.76,10911384,0,5.37,5.42,5.35,5.38
000878,云南铜业,18.07,-0.11055831951354105,-0.019999999999999574,921743800.28,50846832,0,18.12,18.38,17.9,18.09
000880,潍柴重机,26.34,0.6880733944954117,0.17999999999999972,428339298.17,16093917,0,26.68,27.05,26.3,26.16
000881,中广核技,8.48,-2.9748283752860387,-0.2599999999999998,153542568.5,18011410,0,8.71,8.72,8.45,8.74
000882,华联股份,2.19,-0.9049773755656116,-0.020000000000000018,506423267.72,231723886,0,2.2,2.26,2.15,2.21
000883,湖北能源,4.61,0.2173913043478408,0.010000000000000675,78332917.15,16977776,0,4.6,4.63,4.6,4.6
000885,城发环境,13.73,0.0,0.0,50147391.0,3634020,0,13.77,13.95,13.69,13.73
000886,海南高速,7.49,1.9047619047619126,0.14000000000000057,1253085340.15,164484964,0,7.67,7.94,7.38,7.35
000887,中鼎股份,21.77,-0.7295941632466947,-0.16000000000000014,335266990.5,15341595,0,21.97,22.05,21.72,21.93
000888,峨眉山Ａ,13.1,-2.3117076808352013,-0.3100000000000005,184590743.99,13977599,0,13.36,13.44,13.09,13.41
000889,中嘉博创,3.51,-4.619565217391314,-0.17000000000000037,69833163.27,19523092,0,3.67,3.7,3.51,3.68
000890,法尔胜,5.41,-7.363013698630132,-0.4299999999999997,343324559.3,61818888,0,5.65,5.7,5.4,5.84
000892,欢瑞世纪,6.9,-0.8620689655172358,-0.05999999999999961,356353931.0,52223800,0,6.96,7.03,6.62,6.96
000893,亚钾国际,47.19,0.46838407494144957,0.21999999999999886,332795583.76,7075997,0,46.92,47.59,46.33,46.97
000895,双汇发展,26.86,0.29873039581776806,0.0799999999999983,190536505.28,7099675,0,26.81,26.96,26.66,26.78
000897,津滨发展,2.29,-1.716738197424894,-0.040000000000000036,46012185.09,19985081,0,2.32,2.33,2.29,2.33
000898,鞍钢股份,2.5,-1.5748031496063006,-0.040000000000000036,59125799.72,23496237,0,2.54,2.55,2.5,2.54
000899,赣能股份,10.06,1.6161616161616175,0.16000000000000014,146244568.17,14513360,0,9.92,10.23,9.9,9.9
000900,现代投资,4.13,-0.7211538461538521,-0.03000000000000025,24942430.41,6023822,0,4.16,4.16,4.12,4.16
000901,小康指数,6321.6171,-0.2613021857114114,-16.561799999999494,93174862781.0,60964862,0,6339.2947,6361.4713,6316.3794,6338.1789
000902,新洋丰,15.9,1.7274472168905923,0.2699999999999996,167698572.59,10563800,0,15.63,16.05,15.63,15.63
000903,中证A100,4483.3648,0.2580153596288762,11.538000000000466,227620101381.0,65752699,0,4477.9409,4512.0855,4469.3019,4471.8268
000905,中证500,7245.7271,-0.13690827632003652,-9.933600000000297,315419725920.0,165755278,0,7257.9076,7297.7034,7228.7225,7255.6607
000906,中证800,5056.2461,0.014475282959845962,0.7318000000004758,731138340287.0,327753919,0,5059.4728,5089.7451,5048.7391,5055.5143
000908,*ST景峰,7.45,-0.26773761713520183,-0.019999999999999574,114017860.73,15207602,0,7.46,7.74,7.31,7.47
000909,ST数源,5.39,-1.2820512820512873,-0.07000000000000028,3756892.0,691300,0,5.45,5.5,5.39,5.46
000910,大亚圣象,7.41,-1.0680907877169568,-0.08000000000000007,28550893.14,3839092,0,7.49,7.5,7.38,7.49
000911,广农糖业,7.53,-1.439790575916223,-0.10999999999999943,34134585.0,4508600,0,7.64,7.73,7.5,7.64
000912,泸天化,4.16,-0.9523809523809532,-0.040000000000000036,21783178.0,5210100,0,4.19,4.21,4.16,4.2
000913,300医药,8328.6432,-0.49117338370262537,-41.10999999999876,10961497039.0,2569635,0,8376.7256,8401.6381,8323.2115,8369.7532
000915,华特达因,33.16,-0.2406738868832894,-0.0800000000000054,53402324.0,1605900,0,33.25,33.37,33.12,33.24
000917,电广传媒,10.0,0.8064516129032264,0.08000000000000007,1209180943.85,120120357,0,9.99,10.28,9.81,9.92
000919,金陵药业,7.52,-2.7166882276843576,-0.21000000000000085,180971210.76,23953964,0,7.72,7.73,7.49,7.73
000920,沃顿科技,12.49,-1.1867088607594964,-0.15000000000000036,79183919.0,6318100,0,12.65,12.68,12.43,12.64
000921,海信家电,25.07,-0.7521773555027762,-0.19000000000000128,191755438.98,7614700,0,25.25,25.4,25.03,25.26
000922,佳电股份,13.11,0.8461538461538418,0.10999999999999943,134979672.58,10371356,0,13.0,13.14,12.85,13.0
000923,河钢资源,19.21,-0.7747933884297448,-0.14999999999999858,185157293.39,9594900,0,19.31,19.6,19.09,19.36
000925,众合科技,8.49,-1.5081206496519608,-0.129999999999999,311283620.28,36236969,0,8.58,8.93,8.39,8.62
000926,福星股份,2.31,-2.1186440677966027,-0.04999999999999982,48551876.43,20902918,0,2.35,2.36,2.31,2.36
000927,中国铁物,2.62,-0.7575757575757582,-0.020000000000000018,92286814.28,35154094,0,2.64,2.65,2.61,2.64
000928,中证能源,2905.1796,0.3082986088392504,8.929099999999835,8248778104.0,7718113,0,2898.27,2921.5785,2890.0161,2896.2505
000929,*ST兰黄,8.82,-1.5625000000000062,-0.14000000000000057,28062877.0,3133510,0,9.13,9.21,8.78,8.96
000930,中粮科技,5.79,-0.6861063464837056,-0.040000000000000036,42800104.0,7369200,0,5.83,5.84,5.78,5.83
000931,中关村,4.94,-1.0020040080160284,-0.04999999999999982,27364074.12,5532292,0,4.99,4.99,4.92,4.99
000932,中证消费,15455.6471,-0.6775678352484994,-105.4369000000006,16178374227.0,7927968,0,15572.4688,15578.5587,15450.452,15561.084
000933,中证医药,8228.9312,-0.5302931668381577,-43.870099999998274,21564839211.0,9573249,0,8278.3723,8290.5792,8221.8141,8272.8013
000935,中证信息,6288.4402,0.2657366246212526,16.666400000000067,189148064095.0,43693600,0,6267.8986,6337.976,6258.9475,6271.7738
000936,华西股份,7.87,-0.8816120906801043,-0.07000000000000028,228205581.35,28946959,0,7.87,7.97,7.81,7.94
000937,冀中能源,5.34,-0.3731343283582175,-0.020000000000000462,74316933.0,13864600,0,5.37,5.39,5.33,5.36
000938,紫光股份,24.61,-0.8860249697945988,-0.21999999999999886,695054525.04,28100639,0,24.8,24.94,24.55,24.83
000948,南天信息,16.73,-1.9917984768599875,-0.33999999999999986,63467366.35,3768440,0,17.07,17.1,16.71,17.07
000949,新乡化纤,5.08,-6.617647058823535,-0.3600000000000003,607470395.49,117068034,0,5.44,5.45,5.06,5.44
000950,重药控股,6.65,0.9104704097116919,0.0600000000000005,959994964.1,143107947,0,6.55,6.96,6.47,6.59
000951,中国重汽,16.79,-1.8128654970760365,-0.3100000000000023,235011878.04,13903237,0,17.17,17.18,16.74,17.1
000952,广济药业,7.22,-1.3661202185792423,-0.10000000000000053,103568464.83,14339322,0,7.35,7.35,7.17,7.32
000953,河化股份,7.54,-1.9505851755526704,-0.15000000000000036,100821255.0,13241000,0,7.67,7.76,7.52,7.69
000955,欣龙控股,6.71,0.44910179640718934,0.03000000000000025,649935858.18,94062677,0,7.03,7.18,6.67,6.68
000957,中通客车,11.55,-0.7731958762886585,-0.08999999999999986,139820610.94,12106495,0,11.6,11.7,11.46,11.64
000958,创业成长,0.0,0.0,0.0,0.0,0,0,0.0,0.0,0.0,0.0
000959,首钢股份,4.86,0.2061855670103232,0.010000000000000675,378950577.1,77697169,0,4.85,4.94,4.81,4.85
000960,锡业股份,27.82,-2.0422535211267547,-0.5799999999999983,1019213458.95,36382273,0,28.1,28.47,27.65,28.4
000962,东方钽业,29.79,-0.30120481927710796,-0.08999999999999986,771605873.38,25411693,0,30.15,31.15,29.41,29.88
000963,华东医药,40.36,-0.4440059200789337,-0.17999999999999972,189654495.04,4676400,0,40.7,40.94,40.3,40.54
000965,天保基建,3.88,-1.2722646310432637,-0.050000000000000266,82238970.2,21167960,0,3.91,3.93,3.86,3.93
000966,基本400,0.0,0.0,0.0,0.0,0,0,0.0,0.0,0.0,0.0
000967,盈峰环境,6.9,1.1730205278592385,0.08000000000000007,124446308.48,18182573,0,6.83,6.92,6.71,6.82
000968,蓝焰控股,6.61,-0.6015037593984968,-0.040000000000000036,32543155.0,4909100,0,6.64,6.67,6.6,6.65
000969,安泰科技,20.0,-0.9900990099009866,-0.1999999999999993,965899572.13,48020628,0,20.03,20.42,19.92,20.2
000970,中科三环,13.0,-0.45941807044410793,-0.0600000000000005,177032266.73,13530947,0,13.07,13.18,12.97,13.06
000972,*ST中基,3.78,1.8867924528301845,0.06999999999999984,35826121.1,9423870,0,3.73,3.86,3.72,3.71
000973,佛塑科技,12.9,4.032258064516129,0.5,1085977337.3,84964357,0,12.44,13.3,12.15,12.4
000975,山金国际,25.38,1.317365269461071,0.3299999999999983,1468311777.77,57942880,0,25.21,25.72,24.88,25.05
000977,浪潮信息,64.88,0.7609877310141246,0.4899999999999949,2995373848.31,46029033,0,64.4,65.7,64.3,64.39
000978,桂林旅游,6.87,-3.3755274261603407,-0.2400000000000002,87896194.77,12645491,0,7.1,7.13,6.85,7.11
000980,众泰汽车,3.82,0.26246719160104426,0.009999999999999787,974228876.65,252033037,0,3.8,4.09,3.73,3.81
000981,山子高科,3.59,-1.6438356164383578,-0.06000000000000005,7498206085.16,1997718186,0,3.84,3.97,3.56,3.65
000983,山西焦煤,6.56,-0.30395136778116205,-0.020000000000000462,111737120.8,17008432,0,6.58,6.6,6.54,6.58
000985,大庆华科,19.35,-0.8709016393442528,-0.16999999999999815,138396188.92,6994500,0,19.41,21.44,19.16,19.52
000987,全指材料,4817.1243,0.23430959974999963,11.260600000000522,150537324685.0,81476817,0,4822.3957,4888.1955,4791.2703,4805.8637
000988,华工科技,79.68,-0.1253446979192709,-0.09999999999999432,3408966700.96,42621214,0,79.98,81.24,79.31,79.78
000989,全指可选,5447.3371,-0.7745499756751528,-42.52170000000024,81650119377.0,42373759,0,5489.7291,5491.9755,5443.3194,5489.8588
000990,全指消费,0.0,0.0,0.0,0.0,0,0,0.0,0.0,0.0,0.0
000993,全指信息,8316.5357,0.2162149682026301,17.942800000000716,209373175725.0,49426807,0,8291.2509,8381.4083,8279.9122,8298.5929
000995,皇台酒业,12.76,-2.2222222222222294,-0.2900000000000009,98905391.75,7725201,0,12.98,13.06,12.72,13.05
000997,新大陆,25.7,-2.16977540921203,-0.5700000000000003,248918027.32,9601314,0,26.3,26.3,25.65,26.27
000998,中证TMT,0.0,0.0,0.0,0.0,0,0,0.0,0.0,0.0,0.0
000999,华润三九,28.39,-0.4209049456331147,-0.120000000000001,218339586.15,7669618,0,28.51,28.7,28.3,28.51
001201,东瑞股份,14.47,-1.2960436562073636,-0.1899999999999995,35977016.1,2479450,0,14.61,14.72,14.42,14.66
001202,炬申股份,15.52,-0.8939974457215872,-0.14000000000000057,21776009.6,1401560,0,15.64,15.64,15.4,15.66
001203,大中矿业,31.03,8.269364968597353,2.370000000000001,1619943253.45,53354745,0,28.8,31.53,28.43,28.66
001205,盛航股份,17.24,-2.818489289740699,-0.5,64233974.0,3671720,0,17.75,17.99,17.22,17.74
001206,依依股份,30.7,-0.8718114304165309,-0.2699999999999996,102588913.0,3368691,0,31.04,31.12,30.11,30.97
001207,联科科技,24.76,0.24291497975709422,0.060000000000002274,67766829.16,2748814,0,24.64,24.84,24.43,24.7
001208,华菱线缆,20.11,-4.374702805515938,-0.9200000000000017,3000694064.8,139385851,0,21.31,23.13,20.05,21.03
001209,洪兴股份,20.68,-0.9578544061302648,-0.1999999999999993,46697950.0,2250900,0,20.88,20.98,20.6,20.88
001210,金房能源,16.75,-0.6524317912218235,-0.10999999999999943,23804211.05,1415664,0,16.79,17.03,16.66,16.86
001211,双枪科技,26.1,-0.4576659038901505,-0.11999999999999744,44904269.0,1721800,0,26.21,26.35,25.88,26.22
001212,中旗新材,47.5,1.020842194810712,0.4799999999999969,305949177.81,6423912,0,46.99,48.2,46.81,47.02
001213,中铁特货,4.1,-0.7263922518159867,-0.03000000000000025,32184005.0,7821900,0,4.12,4.14,4.1,4.13
001215,千味央厨,40.04,-1.4521289687423171,-0.5900000000000034,55257360.66,1372299,0,40.9,41.0,39.85,40.63
001216,华瓷股份,17.25,-0.4616272360069146,-0.0799999999999983,130592238.0,7565600,0,17.34,17.44,17.16,17.33
001217,华尔泰,14.2,-4.118838622552338,-0.6100000000000012,520744528.16,35436201,0,14.81,15.32,14.15,14.81
001218,丽臣实业,22.81,-0.4799301919720898,-0.11000000000000298,24936152.0,1093980,0,22.92,22.99,22.6,22.92
001219,青岛食品,14.74,-1.2064343163538855,-0.17999999999999972,41129168.63,2786990,0,14.97,15.05,14.64,14.92
001222,源飞宠物,23.93,-1.8457752255947468,-0.4499999999999993,44553746.3,1844000,0,24.7,24.99,23.88,24.38
001223,欧克科技,48.71,-1.3168557536466747,-0.6499999999999986,36855460.0,754300,0,49.41,49.79,48.41,49.36
001225,和泰机电,52.45,-1.0190602000377413,-0.5399999999999991,31732617.0,600100,0,52.76,54.12,52.33,52.99
001226,拓山重工,42.83,1.1572980632971064,0.4899999999999949,56612970.0,1340000,0,42.42,43.05,41.5,42.34
001227,兰州银行,2.32,0.0,0.0,73345079.33,31530901,0,2.33,2.34,2.31,2.32
001228,永泰运,26.47,-0.8242787560884316,-0.22000000000000242,42615275.0,1600300,0,26.61,26.93,26.43,26.69
001229,魅视科技,37.19,-1.3789445770352773,-0.5200000000000031,30655250.0,822800,0,37.58,37.79,37.01,37.71
001230,劲旅环境,21.75,-0.8659981768459493,-0.19000000000000128,22690322.0,1041340,0,21.82,21.91,21.67,21.94
001231,农心科技,21.71,0.5092592592592566,0.10999999999999943,37912587.0,1750000,0,21.55,21.91,21.41,21.6
001234,泰慕士,27.43,-2.6614620298083747,-0.75,77944686.76,2833608,0,28.22,28.35,27.2,28.18
001236,弘业期货,10.44,-0.6660323501427239,-0.07000000000000028,67179198.82,6405406,0,10.51,10.56,10.42,10.51
001238,浙江正特,49.72,-0.34074964922830564,-0.1700000000000017,9922477.0,199600,0,50.2,50.2,49.39,49.89
001239,永达股份,16.27,0.9305210918114055,0.14999999999999858,68654689.0,4182400,0,16.49,16.76,16.21,16.12
001255,博菲电气,32.07,-5.342384887839439,-1.8100000000000023,200012797.58,6115279,0,33.31,33.5,32.0,33.88
001256,炜冈科技,20.52,-0.6776379477250754,-0.14000000000000057,20545896.0,996600,0,20.65,20.85,20.48,20.66
001258,立新能源,7.2,-0.6896551724137907,-0.04999999999999982,53209093.0,7344800,0,7.26,7.32,7.18,7.25
001259,利仁科技,29.49,-0.5731625084288662,-0.1700000000000017,30158040.0,1032028,0,29.72,29.94,28.8,29.66
001260,坤泰股份,19.95,-0.05010020040080944,-0.010000000000001563,31425522.0,1578600,0,19.95,20.03,19.73,19.96
001266,宏英智能,28.66,-0.8304498269896141,-0.23999999999999844,37067514.0,1295800,0,28.79,29.18,28.41,28.9
001267,汇绿生态,21.43,-3.1193490054249606,-0.6900000000000013,693062545.5,32203000,0,21.98,22.25,21.12,22.12
001268,联合精密,36.59,-2.5825346112886014,-0.9699999999999989,78673692.0,2134900,0,37.75,37.75,36.43,37.56
001269,欧晶科技,23.57,-0.8830950378469338,-0.21000000000000085,27900141.64,1179801,0,23.67,23.88,23.44,23.78
001270,*ST铖昌,69.8,-4.995236150809857,-3.6700000000000017,1063835845.78,14989444,0,72.0,73.52,69.8,73.47
001277,速达股份,39.89,-1.140024783147462,-0.46000000000000085,31209948.89,780893,0,40.33,40.33,39.82,40.35
001278,一彬科技,20.03,-0.7924715205547307,-0.16000000000000014,48688024.76,2435131,0,20.12,20.19,19.8,20.19
001279,强邦新材,33.85,-1.6560139453805935,-0.5700000000000003,19966933.0,586100,0,34.5,34.5,33.77,34.42
001282,三联锻造,20.06,-1.13356333169049,-0.23000000000000043,32575823.44,1623256,0,20.29,20.3,19.95,20.29
001283,豪鹏科技,68.77,0.1602097290999118,0.10999999999999943,143431191.0,2075400,0,68.96,69.65,68.57,68.66
001286,陕西能源,9.97,0.9109311740890673,0.08999999999999986,167460609.64,16742192,0,9.92,10.14,9.88,9.88
001287,中电港,21.49,-0.509259259259273,-0.11000000000000298,327390504.37,15108500,0,21.68,21.98,21.44,21.6
001288,运机集团,32.55,-1.3636363636363722,-0.45000000000000284,81090699.06,2470460,0,32.94,33.39,32.4,33.0
001289,龙源电力,15.24,0.13140604467805236,0.019999999999999574,51922260.57,3403885,0,15.22,15.34,15.17,15.22
001296,长江材料,27.44,-2.0699500356887874,-0.5799999999999983,219917323.74,8000574,0,27.83,28.1,27.11,28.02
001298,好上好,29.02,-1.6604540833615788,-0.490000000000002,156828967.19,5370706,0,29.51,29.51,29.01,29.51
001299,美能能源,12.06,0.5000000000000042,0.0600000000000005,125898990.6,10336810,0,11.95,12.75,11.89,12.0
001300,三柏硕,15.36,0.3921568627450896,0.05999999999999872,46679909.0,3050300,0,15.3,15.45,14.89,15.3
001301,尚太科技,85.4,3.2897919690372506,2.719999999999999,390142667.94,4576498,0,82.71,87.25,82.51,82.68
001306,夏厦精密,79.01,-1.2128032008001985,-0.9699999999999989,40674823.19,513197,0,79.89,79.9,78.81,79.98
001308,康冠科技,20.5,-0.7263922518159738,-0.14999999999999858,24788319.84,1207193,0,20.64,20.67,20.46,20.65
001309,德明利,202.09,0.8181591419306635,1.6400000000000148,1979522105.31,9705205,0,199.8,208.78,199.8,200.45
001311,多利科技,29.9,-3.1735751295336803,-0.9800000000000004,143358490.39,4703633,0,30.98,31.88,29.8,30.88
001313,粤海饲料,7.73,-6.642512077294674,-0.5499999999999989,168913186.0,21406500,0,8.1,8.24,7.71,8.28
001314,亿道信息,42.58,-1.2294131292043635,-0.5300000000000011,44712624.9,1045370,0,43.03,43.17,42.46,43.11
001316,润贝航科,34.65,-2.035623409669208,-0.7199999999999989,45016330.6,1286330,0,35.53,35.69,34.58,35.37
001317,三羊马,54.74,-5.734458412261061,-3.3299999999999983,687099245.8,12277314,0,56.0,58.6,54.1,58.07
001318,阳光乳业,16.16,-3.407053197848178,-0.5700000000000003,407371248.0,24507000,0,17.28,17.41,16.11,16.73
001319,铭科精技,25.34,-1.1314865392118578,-0.28999999999999915,41074314.45,1613001,0,25.58,25.77,25.28,25.63
001322,箭牌家居,8.99,0.6718924972004535,0.0600000000000005,55374470.0,6168500,0,8.93,9.1,8.83,8.93
001323,慕思股份,25.71,-0.34883720930232504,-0.08999999999999986,23651632.4,920140,0,25.75,25.89,25.51,25.8
001324,长青科技,17.85,-1.1627906976744036,-0.2099999999999973,22747372.0,1269600,0,18.06,18.06,17.82,18.06
001326,联域股份,40.22,-0.8627064333251206,-0.3500000000000014,24785648.0,614400,0,40.25,40.85,40.11,40.57
001328,登康口腔,38.01,-1.9349845201238391,-0.75,39885706.85,1045757,0,38.51,38.98,37.9,38.76
001330,博纳影业,8.15,-10.044150110375277,-0.9100000000000001,355501370.0,43619800,0,8.15,8.15,8.15,9.06
001331,胜通能源,31.63,10.017391304347822,2.879999999999999,69503350.81,2197387,0,31.63,31.63,31.63,28.75
001332,锡装股份,52.61,1.2509622786759018,0.6499999999999986,65811289.55,1255295,0,51.99,53.0,51.15,51.96
001333,光华股份,21.87,-0.951086956521727,-0.2099999999999973,21870642.92,995200,0,22.19,22.28,21.8,22.08
001336,楚环科技,31.85,10.017271157167539,2.900000000000002,455416824.76,15352782,0,28.66,31.85,27.28,28.95
001337,四川黄金,29.64,1.0569382884418763,0.3100000000000023,530777843.67,17816577,0,29.96,30.25,29.37,29.33
001338,永顺泰,12.41,-2.0520915548539844,-0.2599999999999998,139334196.88,11144000,0,12.61,12.75,12.38,12.67
001339,智微智能,47.88,-0.8285004142502042,-0.3999999999999986,85173895.0,1775500,0,48.27,48.35,47.7,48.28
001356,富岭股份,13.08,-1.58013544018058,-0.20999999999999908,34327126.4,2609284,0,13.28,13.35,13.06,13.29
001358,兴欣新材,25.59,-0.31164783794313144,-0.08000000000000185,11150597.9,434520,0,25.67,25.88,25.37,25.67
001359,平安电工,78.0,6.746954974681822,4.930000000000007,479150159.37,6235173,0,72.78,80.38,72.3,73.07
001360,南矿集团,21.93,-3.6467486818980746,-0.8300000000000018,266051101.98,12052492,0,22.69,23.2,21.69,22.76
001366,播恩集团,13.26,-0.9708737864077728,-0.13000000000000078,34980059.0,2637400,0,13.4,13.5,13.14,13.39
001367,海森药业,21.98,-0.1363016810540715,-0.030000000000001137,10878433.67,494692,0,22.01,22.18,21.86,22.01
001368,通达创智,24.97,-1.1089108910891134,-0.28000000000000114,51106975.45,2042769,0,25.2,25.26,24.78,25.25
001373,翔腾新材,29.15,-0.37593984962407034,-0.11000000000000298,30166543.0,1032100,0,29.04,29.74,29.03,29.26
001376,百通能源,15.2,-4.040404040404044,-0.6400000000000006,410545514.97,26062304,0,15.95,16.52,15.12,15.84
001378,德冠新材,22.66,0.3542958370239232,0.08000000000000185,19027991.0,840200,0,22.5,22.75,22.46,22.58
001379,腾达科技,23.95,-3.4274193548387157,-0.8500000000000014,328484739.49,13539376,0,24.65,24.79,23.85,24.8
001380,华纬科技,22.12,-0.8960573476702477,-0.1999999999999993,28957453.06,1305717,0,22.33,22.36,22.09,22.32
001382,新亚电缆,20.23,-1.6050583657587467,-0.3299999999999983,38518765.72,1892766,0,20.58,20.58,20.22,20.56
001387,雪祺电气,14.05,-0.8468595624558872,-0.11999999999999922,53176763.4,3787050,0,14.15,14.17,13.95,14.17
001389,广合科技,79.99,0.03751875937969127,0.030000000000001137,459583848.34,5702478,0,79.79,81.65,79.35,79.96
001391,国货航,6.19,-0.8012820512820484,-0.04999999999999982,47106791.0,7586600,0,6.24,6.25,6.19,6.24
001395,亚联机械,44.99,-1.9825708061002103,-0.9099999999999966,44454400.96,980566,0,46.21,46.29,44.75,45.9
001696,宗申动力,20.76,-1.3776722090261242,-0.28999999999999915,230160420.15,11015400,0,21.02,21.08,20.7,21.05
001872,招商港口,19.88,-1.045296167247391,-0.21000000000000085,51816866.56,2593972,0,20.13,20.19,19.85,20.09
001896,豫能控股,5.39,-2.3550724637681144,-0.1299999999999999,89480324.32,16455764,0,5.52,5.56,5.38,5.52
001914,招商积余,11.03,-0.3613369467028087,-0.040000000000000924,62496571.8,5650608,0,11.11,11.17,10.96,11.07
001965,招商公路,9.87,-0.20222446916078207,-0.02000000000000135,135947402.69,13741996,0,9.87,9.95,9.85,9.89
001979,招商蛇口,8.75,0.45924225028701654,0.03999999999999915,437492023.01,49920200,0,8.68,8.83,8.66,8.71
002001,新和成,24.61,-0.3240178209801614,-0.08000000000000185,338518042.2,13713400,0,24.73,24.84,24.53,24.69
002003,伟星股份,10.47,-0.9460737937559095,-0.09999999999999964,65711863.76,6251938,0,10.59,10.62,10.46,10.57
002004,华邦健康,4.83,-0.617283950617289,-0.03000000000000025,87117642.55,18000703,0,4.85,4.88,4.81,4.86
002005,ST德豪,2.61,-1.5094339622641524,-0.040000000000000036,19002352.0,7252100,0,2.64,2.64,2.6,2.65
002006,精工科技,20.45,-2.1062709430349513,-0.4400000000000013,263061226.87,12773852,0,20.85,20.93,20.4,20.89
002007,华兰生物,15.2,-0.8480104370515381,-0.13000000000000078,106323081.13,6977806,0,15.35,15.37,15.18,15.33
002008,大族激光,38.24,0.2096436058700351,0.0800000000000054,710676430.09,18513316,0,38.17,38.79,37.8,38.16
002009,天奇股份,15.93,0.2517306482064138,0.03999999999999915,157891000.22,9869491,0,15.89,16.26,15.74,15.89
002010,传化智联,5.83,-0.6814310051107332,-0.040000000000000036,86291225.95,14765179,0,5.87,5.9,5.81,5.87
002011,盾安环境,12.63,0.23809523809524713,0.030000000000001137,110246846.31,8730201,0,12.6,12.68,12.5,12.6
002012,凯恩股份,6.22,0.0,0.0,70796406.0,11413630,0,6.22,6.27,6.11,6.22
002014,永新股份,11.94,1.877133105802038,0.21999999999999886,65070883.7,5458914,0,11.9,12.1,11.72,11.72
002015,协鑫能科,9.95,-0.4004004004004097,-0.040000000000000924,130032674.03,13004571,0,9.99,10.07,9.93,9.99
002016,世荣兆业,5.88,-3.448275862068965,-0.20999999999999996,64434684.0,10833400,0,6.12,6.13,5.88,6.09
002017,东信和平,20.74,-3.4000931532370773,-0.7300000000000004,373950527.46,17871340,0,21.38,21.45,20.67,21.47
002019,亿帆医药,11.79,-1.090604026845644,-0.13000000000000078,89393142.77,7535106,0,11.94,11.99,11.77,11.92
002020,京新药业,20.26,-0.5888125613346293,-0.11999999999999744,144554856.74,7109122,0,20.38,20.52,20.13,20.38
002021,中捷资源,2.43,-2.4096385542168695,-0.06000000000000005,57721267.97,23623543,0,2.48,2.49,2.42,2.49
002022,科华生物,6.03,-1.6313213703099454,-0.09999999999999964,29226116.22,4832855,0,6.14,6.14,6.02,6.13
002023,海特高新,12.68,-1.2461059190031165,-0.16000000000000014,305142230.57,23817384,0,12.82,13.05,12.62,12.84
002024,ST易购,1.7,-0.5847953216374274,-0.010000000000000009,27747459.85,16318753,0,1.71,1.71,1.69,1.71
002025,航天电器,44.62,-4.596963865725905,-2.1500000000000057,1213790275.22,26700199,0,47.0,47.04,44.21,46.77
002026,山东威达,13.99,0.21489971346704412,0.02999999999999936,156501073.64,11177210,0,13.93,14.12,13.84,13.96
002027,分众传媒,7.23,-0.41322314049585895,-0.02999999999999936,686851494.84,94907213,0,7.26,7.28,7.18,7.26
002028,思源电气,149.98,-0.2129075182967542,-0.3200000000000216,720534695.33,4822308,0,150.02,151.31,148.01,150.3
002029,七匹狼,11.12,-1.3309671694764895,-0.15000000000000036,381090889.9,33784208,0,11.28,11.49,11.08,11.27
002030,达安基因,6.04,-1.3071895424836613,-0.08000000000000007,47913354.44,7890913,0,6.1,6.11,6.04,6.12
002031,巨轮智能,7.36,-3.4120734908136456,-0.2599999999999998,625143979.75,84394809,0,7.52,7.53,7.35,7.62
002032,苏泊尔,46.28,-0.7931404072883117,-0.36999999999999744,74503064.4,1606840,0,46.65,46.73,46.23,46.65
002033,丽江股份,9.22,-2.8451001053740734,-0.2699999999999996,147275909.43,15823516,0,9.46,9.48,9.21,9.49
002034,旺能环境,15.97,0.12539184952978902,0.02000000000000135,30100291.32,1886342,0,15.92,16.02,15.89,15.95
002035,华帝股份,6.17,-0.16181229773462438,-0.009999999999999787,18529052.24,2998918,0,6.17,6.2,6.16,6.18
002036,联创电子,0.0,-100.0,-11.59,0.0,0,0,0.0,0.0,0.0,11.59
002037,保利联合,9.78,-1.2121212121212221,-0.120000000000001,164738368.83,16655477,0,9.88,10.2,9.74,9.9
002038,双鹭药业,7.84,2.2164276401564527,0.16999999999999993,326569586.25,41689863,0,7.67,7.99,7.63,7.67
002039,黔源电力,18.37,-0.6489994591671036,-0.11999999999999744,103459436.0,5602204,0,18.52,18.65,18.27,18.49
002040,南京港,10.0,-3.8461538461538494,-0.40000000000000036,178993603.4,17708040,0,10.3,10.35,10.0,10.4
002041,登海种业,9.46,-1.0460251046025069,-0.09999999999999964,76121927.35,7996193,0,9.56,9.63,9.45,9.56
002042,华孚时尚,4.1,-1.4423076923077043,-0.0600000000000005,58557507.0,14204250,0,4.16,4.17,4.09,4.16
002043,兔宝宝,14.0,-0.7795889440113355,-0.10999999999999943,60877358.91,4326459,0,14.14,14.21,13.97,14.11
002044,美年健康,5.49,-3.0035335689045923,-0.16999999999999993,2174158181.53,389505817,0,5.71,5.74,5.47,5.66
002045,国光电器,13.93,-0.500000000000002,-0.07000000000000028,148755465.19,10654209,0,14.0,14.14,13.83,14.0
002046,国机精工,40.97,-6.010552879100721,-2.6200000000000045,3735981070.95,86630531,0,43.16,46.0,39.98,43.59
002047,*ST宝鹰,3.8,-2.813299232736581,-0.11000000000000032,60337449.62,15692200,0,3.92,3.95,3.79,3.91
002048,宁波华翔,27.63,-0.3965392934390751,-0.10999999999999943,454740497.16,16518758,0,27.96,27.96,27.03,27.74
002049,紫光国微,76.32,-1.0886469673405956,-0.8400000000000034,1079556290.18,14064016,0,77.0,77.48,76.16,77.16
002050,三花智控,44.84,-1.2769704975781555,-0.5799999999999983,5788444912.6,128357096,0,45.79,45.79,44.7,45.42
002051,中工国际,9.16,0.2188183807439778,0.019999999999999574,173907442.06,18919118,0,9.14,9.33,9.1,9.14
002052,同洲电子,12.48,1.3809910641754666,0.16999999999999993,327443648.0,26139200,0,12.2,12.77,12.15,12.31
002053,云南能投,11.67,-1.1854360711261689,-0.14000000000000057,74848016.51,6392981,0,11.85,11.9,11.63,11.81
002054,德美化工,7.4,0.0,0.0,60295323.0,8126470,0,7.41,7.48,7.35,7.4
002055,得润电子,6.63,-2.92825768667643,-0.20000000000000018,109167743.52,16316474,0,6.84,6.84,6.61,6.83
002056,横店东磁,19.87,0.0,0.0,329086979.62,16576806,0,19.91,20.02,19.7,19.87
002057,中钢天源,10.24,-1.1583011583011509,-0.11999999999999922,114581235.0,11125300,0,10.35,10.4,10.21,10.36
002058,*ST威尔,22.59,0.938337801608583,0.21000000000000085,40045076.04,1792078,0,22.16,22.82,21.93,22.38
002059,云南旅游,5.34,-4.129263913824064,-0.23000000000000043,193862860.99,35832200,0,5.56,5.57,5.32,5.57
002060,广东建工,3.67,-0.27173913043478887,-0.010000000000000231,35051260.4,9549620,0,3.66,3.7,3.65,3.68
002061,浙江交科,4.01,-0.24875621890546734,-0.009999999999999787,43840146.7,10899755,0,4.03,4.04,4.01,4.02
002062,宏润建设,9.11,-0.6543075245365376,-0.0600000000000005,122368390.0,13347900,0,9.16,9.28,9.08,9.17
002063,远光软件,5.98,-1.3201320132013068,-0.07999999999999918,104633430.97,17398267,0,6.06,6.07,5.98,6.06
002064,华峰化学,10.19,-3.228869895536561,-0.33999999999999986,685147743.44,67082440,0,10.5,10.51,10.09,10.53
002065,东华软件,9.12,-1.7241379310344844,-0.16000000000000014,308002981.4,33610285,0,9.23,9.24,9.1,9.28
002066,瑞泰科技,19.47,-0.051334702258734925,-0.010000000000001563,102219083.6,5303930,0,19.37,19.71,19.03,19.48
002067,景兴纸业,5.24,-3.8532110091743115,-0.20999999999999996,463900396.03,87906984,0,5.35,5.36,5.21,5.45
002068,黑猫股份,9.02,0.0,0.0,60801548.38,6717329,0,8.98,9.09,8.98,9.02
002069,獐子岛,3.82,-1.546391752577321,-0.06000000000000005,47461297.39,12351101,0,3.87,3.92,3.81,3.88
002072,凯瑞德,6.91,-4.951856946354876,-0.35999999999999943,62612117.0,9012500,0,7.24,7.3,6.76,7.27
002073,软控股份,8.1,-0.49140049140050274,-0.040000000000000924,104544616.89,12892753,0,8.14,8.17,8.06,8.14
002074,国轩高科,39.28,1.7880279865250006,0.6899999999999977,2123478200.21,53932906,0,38.61,39.98,38.6,38.59
002075,沙钢股份,5.65,-0.7029876977152906,-0.040000000000000036,127045511.17,22396769,0,5.69,5.76,5.61,5.69
002076,*ST星光,2.07,0.4854368932038731,0.009999999999999787,26223233.0,12696700,0,2.06,2.08,2.04,2.06
002077,大港股份,14.61,-1.0162601626016283,-0.15000000000000036,163443579.7,11126500,0,14.77,14.83,14.56,14.76
002078,太阳纸业,15.03,0.4679144385026638,0.06999999999999851,194029888.16,12920456,0,14.94,15.1,14.92,14.96
002079,苏州固锝,9.35,-0.31982942430704836,-0.030000000000001137,71346433.07,7593917,0,9.35,9.45,9.33,9.38
002080,中材科技,37.74,6.0410227592020185,2.1499999999999986,3814155488.67,101069205,0,35.59,39.15,35.52,35.59
002081,金螳螂,3.28,-1.5015015015015094,-0.050000000000000266,84701503.82,25729430,0,3.3,3.33,3.27,3.33
002082,万邦德,11.72,-1.4297729184188388,-0.16999999999999993,55566417.0,4724300,0,11.9,11.91,11.69,11.89
002083,孚日股份,11.05,3.367633302151555,0.3600000000000012,1715581058.67,158693265,0,10.66,11.48,10.25,10.69
002084,海鸥住工,3.9,-1.7632241813602085,-0.07000000000000028,80152030.7,20520393,0,3.97,3.98,3.87,3.97
002085,万丰奥威,15.24,-2.0565552699228813,-0.3200000000000003,341900948.28,22267626,0,15.57,15.59,15.21,15.56
002086,东方海洋,2.36,-1.6666666666666683,-0.040000000000000036,73095698.88,30774874,0,2.41,2.41,2.36,2.4
002088,鲁阳节能,10.57,-1.5828677839851018,-0.16999999999999993,31044331.8,2923700,0,10.75,10.76,10.55,10.74
002090,金智科技,11.68,-1.6006739679865167,-0.1899999999999995,103843494.0,8858500,0,11.81,11.89,11.6,11.87
002091,江苏国泰,9.11,1.2222222222222159,0.10999999999999943,181269281.2,19924374,0,9.0,9.18,8.97,9.0
002092,中泰化学,4.6,-1.0752688172043163,-0.05000000000000071,83513997.52,18076857,0,4.64,4.65,4.59,4.65
002093,国脉科技,11.28,-2.337662337662349,-0.27000000000000135,309245880.75,27205039,0,11.54,11.54,11.26,11.55
002094,青岛金王,7.08,-2.7472527472527495,-0.20000000000000018,144532970.0,20227300,0,7.3,7.3,7.08,7.28
002095,生意宝,17.69,-1.5033407572383048,-0.2699999999999996,42051555.0,2365300,0,17.89,17.99,17.67,17.96
002096,易普力,13.41,-0.44543429844098364,-0.0600000000000005,77069969.0,5725500,0,13.49,13.64,13.38,13.47
002097,山河智能,11.89,-1.6542597187758419,-0.1999999999999993,211029253.1,17641800,0,12.11,12.13,11.86,12.09
002098,浔兴股份,10.7,9.969167523124344,0.9699999999999989,279067710.0,27202600,0,9.7,10.7,9.6,9.73
002099,海翔药业,6.07,0.830564784053168,0.05000000000000071,80283783.06,13162678,0,6.0,6.21,5.96,6.02
002100,天康生物,7.21,-1.771117166212533,-0.1299999999999999,110994191.0,15286300,0,7.32,7.35,7.19,7.34
002101,广东鸿图,12.02,-1.4754098360655716,-0.17999999999999972,57603044.11,4757553,0,12.21,12.22,12.02,12.2
002102,能特科技,3.23,-4.1543026706231485,-0.14000000000000012,179605631.0,54722200,0,3.36,3.37,3.22,3.37
002103,广博股份,9.33,-5.852674066599396,-0.5800000000000001,353323159.44,37102749,0,9.74,9.81,9.3,9.91
002104,恒宝股份,19.34,-5.427872860635694,-1.1099999999999994,1283592867.14,65579614,0,20.06,20.15,19.3,20.45
002105,信隆健康,7.59,-1.8111254851229048,-0.14000000000000057,177494777.84,23181396,0,7.73,7.81,7.58,7.73
002106,莱宝高科,10.73,-0.923361034164355,-0.09999999999999964,58080829.8,5377840,0,10.81,10.88,10.71,10.83
002107,沃华医药,6.14,0.0,0.0,36320930.4,5926052,0,6.16,6.18,6.07,6.14
002108,沧州明珠,4.97,2.0533880903490687,0.09999999999999964,501209232.2,101740535,0,4.85,5.04,4.79,4.87
002109,兴化股份,3.61,-2.4324324324324405,-0.0900000000000003,43646534.6,12040971,0,3.68,3.7,3.6,3.7
002110,三钢闽光,4.39,-1.126126126126142,-0.05000000000000071,109642559.0,24909900,0,4.42,4.46,4.35,4.44
002111,威海广泰,9.89,-0.6030150753768716,-0.05999999999999872,69253047.0,6972685,0,9.96,10.06,9.85,9.95
002112,三变科技,13.64,1.1869436201780426,0.16000000000000014,221088178.31,16357115,0,13.4,13.77,13.31,13.48
002114,罗平锌电,8.43,-0.7067137809187337,-0.0600000000000005,121466126.12,14418269,0,8.49,8.56,8.34,8.49
002115,三维通信,10.72,-9.915966386554619,-1.1799999999999997,1861835988.12,166010193,0,11.85,11.9,10.71,11.9
002116,中国海诚,10.42,0.0,0.0,66058380.42,6316401,0,10.42,10.57,10.39,10.42
002117,东港股份,12.92,-0.9961685823754849,-0.13000000000000078,107653338.92,8307609,0,13.04,13.11,12.84,13.05
002119,康强电子,16.53,0.060532687651341184,0.010000000000001563,157994011.77,9585973,0,16.49,16.58,16.34,16.52
002120,韵达股份,6.85,-1.1544011544011554,-0.08000000000000007,137682573.0,20033900,0,6.94,6.94,6.84,6.93
002121,科陆电子,7.73,-1.4030612244897886,-0.10999999999999943,206373758.0,26624500,0,7.86,7.86,7.68,7.84
002122,ST汇洲,2.87,-0.6920415224913501,-0.020000000000000018,75470705.0,26035600,0,2.89,2.94,2.87,2.89
002123,梦网科技,12.74,2.4115755627009703,0.3000000000000007,677915205.21,53544071,0,12.55,12.91,12.41,12.44
002124,天邦食品,2.78,-2.1126760563380302,-0.06000000000000005,117419101.2,41941040,0,2.83,2.84,2.78,2.84
002125,湘潭电化,14.65,0.6181318681318672,0.08999999999999986,394695368.37,27102395,0,14.36,14.79,14.31,14.56
002126,银轮股份,35.21,0.6575185820468954,0.23000000000000398,675681990.14,19201315,0,34.91,35.58,34.73,34.98
002127,南极电商,3.45,-2.2662889518413496,-0.07999999999999963,154125779.26,44278428,0,3.54,3.55,3.45,3.53
002128,电投能源,27.61,0.4365223717715569,0.120000000000001,346086737.69,12441620,0,27.66,28.26,27.41,27.49
002129,TCL中环,8.37,-0.4756242568371097,-0.040000000000000924,473623466.12,56377618,0,8.41,8.49,8.33,8.41
002130,沃尔核材,26.54,-0.03766478342750118,-0.010000000000001563,1063376790.36,39969617,0,26.49,26.82,26.31,26.55
002131,利欧股份,5.09,0.5928853754940762,0.03000000000000025,1364637664.95,269352045,0,5.04,5.18,5.0,5.06
002132,恒星科技,3.57,1.4204545454545403,0.04999999999999982,116042813.04,32404298,0,3.53,3.61,3.52,3.52
002133,广宇集团,3.42,-2.285714285714288,-0.08000000000000007,133465322.6,38650620,0,3.53,3.54,3.41,3.5
002134,天津普林,23.16,-0.42992261392949876,-0.10000000000000142,128678234.66,5532351,0,23.22,23.6,23.03,23.26
002135,东南网架,4.63,-0.64377682403434,-0.03000000000000025,28951549.0,6239600,0,4.66,4.67,4.62,4.66
002136,安纳达,12.4,4.201680672268907,0.5,231042865.79,18948861,0,11.9,12.48,11.81,11.9
002137,实益达,8.5,-1.620370370370377,-0.14000000000000057,73671275.0,8635100,0,8.57,8.62,8.47,8.64
002138,顺络电子,34.77,-1.7796610169491398,-0.6299999999999955,427327890.63,12201800,0,35.38,35.58,34.68,35.4
002139,拓邦股份,13.34,-1.0385756676557905,-0.14000000000000057,154814146.81,11562934,0,13.45,13.48,13.31,13.48
002140,东华科技,11.48,0.9674582233949095,0.11000000000000121,119050903.1,10381380,0,11.31,11.7,11.25,11.37
002141,贤丰控股,3.68,-1.8666666666666623,-0.06999999999999984,46494145.84,12583836,0,3.74,3.76,3.67,3.75
002142,宁波银行,28.5,-0.3147953830010488,-0.08999999999999986,533312994.11,18647904,0,28.62,28.88,28.42,28.59
002144,宏达高科,12.74,-0.07843137254901794,-0.009999999999999787,43852091.0,3445700,0,12.75,12.85,12.63,12.75
002145,钛能化学,4.9,-0.8097165991902842,-0.040000000000000036,148718432.7,30234310,0,4.95,4.97,4.89,4.94
002146,荣盛发展,1.54,-1.9108280254777086,-0.030000000000000027,187673664.98,121243585,0,1.57,1.58,1.53,1.57
002148,北纬科技,8.41,-1.7523364485981348,-0.15000000000000036,64713045.0,7651200,0,8.56,8.58,8.4,8.56
002149,西部材料,38.29,2.654155495978558,0.990000000000002,5267980333.89,138744639,0,37.87,39.15,36.11,37.3
002150,通润装备,19.24,-1.786625829504857,-0.3500000000000014,217807135.16,11220881,0,19.7,19.78,19.1,19.59
002151,北斗星通,34.37,-5.6546802086192764,-2.0600000000000023,2784056921.52,78245315,0,36.83,37.52,34.17,36.43
002152,广电运通,12.3,-0.4854368932038731,-0.05999999999999872,154052425.32,12469311,0,12.38,12.43,12.28,12.36
002153,石基信息,10.2,-2.5787965616045976,-0.27000000000000135,287534321.46,27973702,0,10.37,10.46,10.16,10.47
002154,报喜鸟,3.9,-2.010050251256283,-0.08000000000000007,96254569.12,24487022,0,3.98,3.98,3.89,3.98
002155,湖南黄金,21.9,0.3206596426935423,0.07000000000000028,1150541660.4,52151916,0,22.18,22.36,21.82,21.83
002156,通富微电,37.42,0.6184458187684969,0.23000000000000398,1752579726.49,46652811,0,37.13,37.9,37.05,37.19
002157,正邦科技,3.5,-2.506963788300832,-0.08999999999999986,753959230.76,211572325,0,3.58,3.65,3.49,3.59
002158,汉钟精机,24.31,1.2916666666666612,0.3099999999999987,200783825.39,8260987,0,23.91,24.59,23.83,24.0
002159,三特索道,15.67,-2.0625000000000004,-0.33000000000000007,70952742.0,4507700,0,15.92,15.99,15.62,16.0
002160,常铝股份,5.04,0.0,0.0,171796253.54,33956251,0,5.04,5.12,4.95,5.04
002161,远望谷,6.93,-2.256699576868831,-0.16000000000000014,73802412.0,10584000,0,7.09,7.1,6.9,7.09
002162,悦心健康,4.69,-1.8828451882845159,-0.08999999999999986,95369047.8,20295060,0,4.79,4.81,4.66,4.78
002163,海南发展,17.59,10.00625390869293,1.5999999999999996,234396758.71,13325569,0,17.59,17.59,17.59,15.99
002164,宁波东力,16.99,-4.496908375491854,-0.8000000000000007,638410479.19,37369649,0,17.73,17.76,16.8,17.79
002165,红宝丽,7.72,0.12970168612191682,0.009999999999999787,122841355.4,15879300,0,7.75,7.8,7.64,7.71
002166,莱茵生物,0.0,-100.0,-8.7,0.0,0,0,0.0,0.0,0.0,8.7
002167,东方锆业,12.43,0.7293354943273895,0.08999999999999986,357088374.83,28681012,0,12.34,12.62,12.25,12.34
002168,*ST惠程,3.87,4.878048780487809,0.18000000000000016,19007185.33,4965154,0,3.79,3.87,3.73,3.69
002169,智光电气,10.0,4.4932079414838,0.4299999999999997,1530876797.03,155880729,0,10.0,10.25,9.42,9.57
002170,芭田股份,11.97,0.08361204013377747,0.009999999999999787,313722812.91,26132354,0,11.95,12.16,11.89,11.96
002171,楚江新材,12.26,0.5742411812961468,0.07000000000000028,1004617758.76,81470660,0,12.18,12.5,12.07,12.19
002172,澳洋健康,4.02,-1.4705882352941297,-0.0600000000000005,55961065.0,13851100,0,4.07,4.09,4.01,4.08
002173,创新医疗,21.06,-2.3643949930459045,-0.5100000000000016,430322208.68,20304326,0,21.48,21.48,21.01,21.57
002174,游族网络,11.78,0.0,0.0,226587241.04,19326305,0,11.7,11.88,11.6,11.78
002175,东方智造,4.76,0.6342494714587602,0.02999999999999936,1003129802.45,202731158,0,5.2,5.2,4.75,4.73
002176,江特电机,9.71,0.41365046535678307,0.040000000000000924,635847200.36,65482685,0,9.65,9.83,9.59,9.67
002177,御银股份,6.78,-3.2810271041369408,-0.22999999999999954,251972666.96,36910100,0,6.95,6.98,6.76,7.01
002178,延华智能,6.27,-1.8779342723004713,-0.1200000000000001,81530640.08,12927384,0,6.39,6.42,6.24,6.39
002179,中航光电,33.4,-2.282036278525457,-0.7800000000000011,1010269194.19,30023842,0,34.18,34.18,33.34,34.18
002180,纳思达,19.66,2.1298701298701306,0.41000000000000014,477859761.91,24318965,0,19.24,19.78,19.18,19.25
002181,粤传媒,8.3,-2.6963657678780617,-0.22999999999999865,237581513.34,28451151,0,8.45,8.45,8.29,8.53
002182,宝武镁业,14.78,5.270655270655272,0.7400000000000002,564422340.54,38671419,0,14.07,14.94,13.96,14.04
002183,怡亚通,4.68,-1.0570824524313045,-0.05000000000000071,167554341.6,35487839,0,4.73,4.81,4.66,4.73
002184,海得控制,12.55,-1.722787783868433,-0.21999999999999886,58021755.28,4600736,0,12.72,12.74,12.5,12.77
002185,华天科技,10.93,0.1833180568285937,0.019999999999999574,531946210.17,48466010,0,10.9,11.05,10.85,10.91
002186,全聚德,12.02,-3.453815261044175,-0.4299999999999997,132951911.0,10976000,0,12.38,12.43,12.0,12.45
002187,广百股份,8.37,-0.7117437722419988,-0.0600000000000005,880216832.0,105782720,0,8.3,8.76,8.02,8.43
002188,中天服务,6.45,-4.160475482912336,-0.28000000000000025,497235703.19,77400266,0,6.33,6.74,6.21,6.73
002189,中光学,21.97,-2.094474153297693,-0.4700000000000024,62215488.78,2815500,0,22.44,22.45,21.95,22.44
002190,成飞集成,35.61,-1.3300083125519644,-0.480000000000004,175720927.62,4913209,0,36.09,36.09,35.57,36.09
002191,劲嘉股份,4.34,3.087885985748216,0.1299999999999999,210414026.35,48326982,0,4.19,4.45,4.18,4.21
002192,融捷股份,52.64,2.532138683287879,1.2999999999999972,1199641154.49,22913106,0,51.45,53.7,51.06,51.34
002193,如意集团,5.4,-3.5714285714285587,-0.1999999999999993,43542849.55,7994900,0,5.59,5.63,5.38,5.6
002194,武汉凡谷,12.56,-2.3328149300155436,-0.29999999999999893,202004652.4,15966496,0,12.79,12.85,12.5,12.86
002195,岩山科技,6.7,-1.3254786450662719,-0.08999999999999986,546216061.5,81284363,0,6.79,6.8,6.68,6.79
002196,方正电机,12.22,-3.1695721077654406,-0.3999999999999986,522445381.0,42411000,0,12.4,12.52,12.2,12.62
002197,ST证通,0.0,-100.0,-9.71,0.0,0,0,0.0,0.0,0.0,9.71
002198,嘉应制药,7.31,-1.2162162162162262,-0.09000000000000075,128975477.0,17592100,0,7.44,7.46,7.27,7.4
002199,*ST东晶,8.1,-1.8181818181818226,-0.15000000000000036,29456758.0,3581200,0,8.41,8.53,8.03,8.25
002200,*ST交投,7.38,-1.6000000000000014,-0.1200000000000001,13606622.0,1836400,0,7.54,7.56,7.33,7.5
002201,九鼎新材,9.35,9.999999999999996,0.8499999999999996,314289258.51,34590334,0,8.5,9.35,8.39,8.5
002202,金风科技,17.01,0.7104795737122616,0.120000000000001,3242595856.76,187527433,0,17.41,17.85,16.77,16.89
002203,海亮股份,12.44,0.32258064516128343,0.03999999999999915,310519518.44,24933424,0,12.43,12.55,12.28,12.4
002204,大连重工,7.42,-3.0065359477124236,-0.23000000000000043,775066407.4,103340374,0,7.65,7.71,7.38,7.65
002205,国统股份,13.62,-0.9454545454545511,-0.13000000000000078,45862712.0,3377000,0,13.75,13.86,13.45,13.75
002206,海利得,5.72,-0.5217391304347869,-0.03000000000000025,85629472.0,14891600,0,5.78,5.82,5.7,5.75
002207,准油股份,7.32,-2.008032128514049,-0.14999999999999947,76781261.0,10437500,0,7.51,7.51,7.28,7.47
002208,合肥城建,10.98,1.5726179463459753,0.16999999999999993,530571692.8,48454740,0,10.76,11.24,10.7,10.81
002209,达意隆,15.73,0.9627727856225954,0.15000000000000036,71178635.0,4527975,0,15.54,15.89,15.42,15.58
002210,飞马国际,3.63,-3.457446808510636,-0.1299999999999999,294475565.23,80212113,0,3.76,3.77,3.62,3.76
002211,ST宏达,3.25,-0.6116207951070342,-0.020000000000000018,13534098.0,4156300,0,3.28,3.29,3.23,3.27
002212,天融信,8.69,-0.2296211251435287,-0.02000000000000135,352475663.77,39934283,0,9.0,9.11,8.67,8.71
002213,大为股份,25.86,0.8973858759266502,0.23000000000000043,531201471.0,20657700,0,25.51,26.15,25.28,25.63
002214,*ST大立,17.97,3.932909196067089,0.6799999999999997,84956348.05,4765584,0,17.4,18.08,17.1,17.29
002215,诺普信,10.31,-1.5281757402101255,-0.16000000000000014,159575952.3,15377409,0,10.48,10.54,10.27,10.47
002216,三全食品,11.7,-1.2658227848101298,-0.15000000000000036,54426703.8,4631890,0,11.85,11.9,11.67,11.85
002217,合力泰,3.08,-1.2820512820512833,-0.040000000000000036,359326745.8,116165094,0,3.12,3.13,3.08,3.12
002218,拓日新能,4.09,-2.1531100478468868,-0.08999999999999986,185759745.16,44814924,0,4.17,4.28,4.06,4.18
002219,新里程,2.19,-1.3513513513513624,-0.03000000000000025,89990124.59,40898561,0,2.22,2.23,2.19,2.22
002221,东华能源,7.8,-2.010050251256283,-0.16000000000000014,84316467.58,10753519,0,7.97,7.99,7.79,7.96
002222,福晶科技,59.84,-0.2500416736122663,-0.14999999999999858,1014191006.72,16942508,0,59.65,61.25,58.86,59.99
002223,鱼跃医疗,36.75,-2.6747881355932153,-1.009999999999998,433158386.94,11653418,0,37.75,37.76,36.74,37.76
002224,三力士,4.41,-0.8988764044943828,-0.040000000000000036,31774408.0,7190400,0,4.44,4.45,4.4,4.45
002225,濮耐股份,5.71,0.8833922261484068,0.04999999999999982,97976190.04,17131915,0,5.65,5.79,5.63,5.66
002226,江南化工,5.89,-1.0084033613445462,-0.0600000000000005,78688327.4,13305480,0,5.93,5.98,5.87,5.95
002227,奥特迅,12.04,-0.9053497942386931,-0.11000000000000121,30683554.0,2541200,0,12.15,12.25,12.02,12.15
002228,合兴包装,5.41,9.95934959349594,0.4900000000000002,832477306.86,156184153,0,5.16,5.41,5.05,4.92
002229,鸿博股份,15.75,-1.0056568196103088,-0.16000000000000014,368232105.66,23296367,0,15.85,16.05,15.66,15.91
002230,科大讯飞,48.6,-0.9174311926605418,-0.44999999999999574,949599656.34,19495367,0,49.01,49.05,48.58,49.05
002231,*ST奥维,1.73,4.848484848484853,0.08000000000000007,48870586.92,28892904,0,1.65,1.73,1.62,1.65
002232,启明信息,18.89,-3.3759590792838883,-0.6600000000000001,247165610.58,12940006,0,19.5,19.59,18.86,19.55
002233,塔牌集团,9.08,-0.32930845225026745,-0.02999999999999936,81778675.0,8981800,0,9.12,9.18,9.06,9.11
002234,民和股份,8.85,-1.6666666666666705,-0.15000000000000036,43275161.8,4842780,0,8.97,9.03,8.84,9.0
002235,安妮股份,10.9,1.4897579143389212,0.16000000000000014,1310544873.6,118815308,0,10.9,11.29,10.8,10.74
002236,大华股份,18.77,-0.371549893842889,-0.07000000000000028,424816349.17,22578813,0,18.77,18.93,18.71,18.84
002237,恒邦股份,13.32,0.3012048192771154,0.040000000000000924,627867746.79,46759811,0,13.41,13.59,13.28,13.28
002238,天威视讯,8.12,-3.677342823250303,-0.3100000000000005,272873811.62,33103546,0,8.27,8.41,8.11,8.43
002239,奥特佳,2.96,-1.6611295681063065,-0.04999999999999982,162805844.0,54710500,0,3.01,3.02,2.95,3.01
002240,盛新锂能,35.69,4.11318553092181,1.4099999999999966,3654521724.79,104400376,0,33.8,36.97,33.42,34.28
002241,歌尔股份,27.78,-1.489361702127653,-0.41999999999999815,1900384718.15,68089913,0,28.08,28.16,27.73,28.2
002242,九阳股份,10.42,-0.9505703422053199,-0.09999999999999964,70068518.22,6702102,0,10.48,10.52,10.4,10.52
002243,力合科创,9.44,-1.3584117032392975,-0.13000000000000078,131441558.61,13790463,0,9.54,9.67,9.4,9.57
002244,滨江集团,9.85,0.4077471967380137,0.03999999999999915,303619605.25,30806731,0,9.79,9.93,9.73,9.81
002245,蔚蓝锂芯,16.58,1.780233271945974,0.28999999999999915,894411156.59,54043951,0,16.3,16.74,16.2,16.29
002246,北化股份,16.91,-0.5294117647058816,-0.08999999999999986,202386364.0,11984800,0,16.86,17.02,16.7,17.0
002247,聚力文化,2.88,-1.030927835051555,-0.03000000000000025,36525388.0,12701600,0,2.92,2.92,2.85,2.91
002248,华东数控,10.97,-0.5439709882139504,-0.05999999999999872,83203721.0,7602600,0,10.97,11.05,10.84,11.03
002249,大洋电机,10.11,-2.1297192642788056,-0.22000000000000064,702359587.15,69018960,0,10.29,10.33,10.07,10.33
002250,联化科技,12.56,2.9508196721311575,0.3600000000000012,572510345.81,45835028,0,12.17,12.79,12.09,12.2
002251,步步高,5.64,-3.2590051457976053,-0.1900000000000004,1177856809.64,205836260,0,5.83,5.87,5.63,5.83
002252,上海莱士,6.34,-1.0920436817472743,-0.07000000000000028,132726283.96,20835516,0,6.41,6.42,6.33,6.41
002253,*ST智胜,10.69,2.887391722810384,0.29999999999999893,72376162.0,6769000,0,10.35,10.85,10.35,10.39
002254,泰和新材,9.52,-0.9365244536940672,-0.08999999999999986,79618132.0,8341300,0,9.61,9.62,9.48,9.61
002255,海陆重工,12.56,-1.6444792482380506,-0.20999999999999908,726066150.4,57753296,0,12.66,12.75,12.47,12.77
002256,兆新股份,3.6,-2.1739130434782625,-0.08000000000000007,301579938.54,83535430,0,3.68,3.73,3.55,3.68
002258,利尔化学,13.08,-0.758725341426401,-0.09999999999999964,116999536.4,8945440,0,13.19,13.25,12.99,13.18
002259,升达林业,3.83,-0.5194805194805199,-0.020000000000000018,21019869.0,5450800,0,3.85,3.9,3.82,3.85
002261,拓维信息,30.0,-0.8919722497522286,-0.2699999999999996,651059543.34,21590492,0,30.27,30.43,29.91,30.27
002262,恩华药业,25.23,-0.9422850412249644,-0.23999999999999844,135826974.6,5360730,0,25.5,25.53,25.21,25.47
002263,大东南,3.37,0.5970149253731348,0.020000000000000018,145213356.76,43076189,0,3.33,3.41,3.32,3.35
002264,新华都,9.13,-1.0834236186348825,-0.09999999999999964,671288683.5,73371050,0,9.24,9.39,8.92,9.23
002265,建设工业,25.24,-1.8662519440124437,-0.4800000000000004,168784627.62,6649100,0,25.8,25.8,25.15,25.72
002266,浙富控股,4.16,-0.23980815347721313,-0.009999999999999787,237324543.63,57059912,0,4.17,4.2,4.14,4.17
002267,陕天然气,7.52,0.0,0.0,31743845.0,4221900,0,7.52,7.55,7.5,7.52
002268,电科网安,18.07,-1.5795206971677516,-0.28999999999999915,441231295.74,24234507,0,18.72,18.86,17.99,18.36
002269,美邦服饰,1.93,-3.015075376884425,-0.06000000000000005,184163287.9,94675230,0,1.99,1.99,1.93,1.99
002270,华明装备,26.07,1.7167381974248979,0.4400000000000013,261202817.19,10118001,0,25.63,26.26,25.23,25.63
002271,东方雨虹,13.49,-0.9544787077826652,-0.129999999999999,291042367.0,21543000,0,13.66,13.66,13.41,13.62
002272,川润股份,15.92,10.020732550103657,1.4499999999999993,1325837649.96,85777833,0,14.41,15.92,14.32,14.47
002273,水晶光电,24.31,-0.491199345067544,-0.120000000000001,428587134.52,17596433,0,24.45,24.54,24.21,24.43
002274,华昌化工,5.72,-0.8665511265164615,-0.04999999999999982,39125571.08,6819602,0,5.77,5.79,5.7,5.77
002275,桂林三金,14.61,-0.47683923705722264,-0.07000000000000028,20334796.06,1385601,0,14.69,14.77,14.6,14.68
002276,万马股份,15.83,-1.3707165109034307,-0.22000000000000064,325393831.38,20479170,0,16.0,16.03,15.8,16.05
002277,友阿股份,7.2,-4.255319148936162,-0.3199999999999994,380905398.07,52219420,0,7.51,7.54,7.19,7.52
002278,神开股份,11.58,-1.4468085106382973,-0.16999999999999993,248119364.0,21287100,0,11.88,11.88,11.54,11.75
002279,久其软件,7.53,-2.080624187256179,-0.16000000000000014,232792344.7,30729190,0,7.7,7.71,7.51,7.69
002281,光迅科技,70.43,0.27050113895218103,0.19000000000001194,3329406448.65,47387557,0,69.99,71.46,69.27,70.24
002282,博深股份,7.28,0.1375515818432005,0.010000000000000675,46151596.0,6293100,0,7.28,7.42,7.26,7.27
002283,天润工业,6.07,-1.3008130081300824,-0.08000000000000007,52168771.0,8543000,0,6.14,6.15,6.06,6.15
002284,亚太股份,15.17,0.7973421926910246,0.11999999999999922,1106253822.34,73069849,0,14.9,15.5,14.47,15.05
002285,世联行,3.1,-5.487804878048772,-0.17999999999999972,412941879.3,131378819,0,3.28,3.29,3.07,3.28
002286,保龄宝,9.12,-0.8695652173913052,-0.08000000000000007,58402286.0,6404000,0,9.2,9.24,9.07,9.2
002287,奇正藏药,23.96,-1.0734929810074239,-0.259999999999998,39893456.98,1660369,0,24.22,24.24,23.9,24.22
002289,*ST宇顺,28.25,5.018587360594801,1.3500000000000014,94765894.5,3384400,0,26.99,28.25,26.99,26.9
002290,禾盛新材,41.66,1.7586712261846578,0.7199999999999989,127132586.96,3089338,0,40.66,41.7,40.66,40.94
002291,遥望科技,6.22,-1.4263074484944511,-0.08999999999999986,136302895.14,21773489,0,6.3,6.31,6.21,6.31
002292,奥飞娱乐,8.77,-1.3498312710911247,-0.120000000000001,259895710.03,29602932,0,8.85,8.85,8.73,8.89
002293,罗莱生活,9.77,1.1387163561076545,0.10999999999999943,54576559.07,5628202,0,9.72,9.8,9.58,9.66
002294,信立泰,56.74,0.9608540925266887,0.5399999999999991,193801516.15,3399908,0,56.23,57.55,56.23,56.2
002295,精艺股份,12.62,-4.7547169811320815,-0.6300000000000008,226681089.39,17677696,0,13.22,13.22,12.57,13.25
002296,辉煌科技,10.73,-0.5560704355884961,-0.05999999999999872,67785051.0,6310800,0,10.75,10.84,10.67,10.79
002297,博云新材,10.18,-1.547388781431336,-0.16000000000000014,349400156.75,33938315,0,10.3,10.49,10.1,10.34
002298,中电鑫龙,10.17,-1.9286403085824428,-0.1999999999999993,241916008.58,23715202,0,10.34,10.34,10.15,10.37
002299,圣农发展,16.49,-0.6027727546714975,-0.10000000000000142,152109479.58,9175142,0,16.55,16.72,16.47,16.59
002300,太阳电缆,9.69,-3.00300300300301,-0.3000000000000007,916757980.31,92880112,0,9.81,10.19,9.6,9.99
002301,齐心集团,7.52,-0.5291005291005296,-0.040000000000000036,228236281.22,29923071,0,7.56,7.85,7.47,7.56
002302,西部建设,6.12,-0.3257328990227944,-0.019999999999999574,38412179.64,6254472,0,6.15,6.2,6.1,6.14
002303,美盈森,4.03,2.2842639593908705,0.0900000000000003,168579938.17,41643965,0,4.02,4.14,3.99,3.94
002304,洋河股份,62.11,-0.7034372501998365,-0.4399999999999977,159703504.78,2564961,0,62.55,62.65,62.08,62.55
002305,*ST南置,2.23,-1.7621145374449354,-0.040000000000000036,61435481.0,27152600,0,2.27,2.31,2.23,2.27
002306,*ST云网,1.93,4.891304347826079,0.08999999999999986,4482039.0,2322300,0,1.93,1.93,1.93,1.84
002307,北新路桥,5.18,-2.814258911819894,-0.15000000000000036,365112220.82,69335802,0,5.36,5.45,5.17,5.33
002309,中利集团,3.45,-4.166666666666664,-0.1499999999999999,258440873.0,74516600,0,3.53,3.56,3.42,3.6
002310,东方园林,2.32,-2.109704641350222,-0.050000000000000266,115964798.5,49580750,0,2.37,2.37,2.32,2.37
002311,海大集团,53.78,0.6173994387277798,0.3299999999999983,244426590.98,4534846,0,53.48,54.1,53.45,53.45
002312,川发龙蟒,11.0,0.9174311926605472,0.09999999999999964,323348198.94,29480352,0,10.91,11.09,10.83,10.9
002313,日海智能,9.94,-2.261553588987222,-0.23000000000000043,59657574.83,5977926,0,10.16,10.16,9.92,10.17
002314,南山控股,2.85,-1.7241379310344769,-0.04999999999999982,69279830.87,24138901,0,2.91,2.91,2.85,2.9
002315,焦点科技,43.87,0.9201748332183082,0.3999999999999986,278695386.9,6408350,0,43.21,44.05,42.73,43.47
002316,亚联发展,4.74,-3.265306122448982,-0.16000000000000014,103079476.66,21842860,0,4.81,4.89,4.63,4.9
002317,众生药业,19.42,2.049395691014191,0.39000000000000057,1452922984.22,75515526,0,19.1,19.76,18.6,19.03
002318,久立特材,27.0,0.33444816053511656,0.08999999999999986,349830969.16,13007130,0,26.96,27.16,26.6,26.91
002319,乐通股份,11.26,-0.6178287731685814,-0.07000000000000028,90593473.64,8029102,0,11.35,11.55,11.07,11.33
002320,海峡股份,13.3,5.38827258320128,0.6800000000000015,2738593969.68,202515720,0,13.88,13.88,13.05,12.62
002321,华英农业,2.4,-3.2258064516129057,-0.08000000000000007,97656659.8,40089102,0,2.48,2.51,2.4,2.48
002322,理工能科,11.91,-0.9975062344139587,-0.11999999999999922,37005252.0,3093800,0,12.02,12.09,11.89,12.03
002323,雅博股份,1.65,-2.3668639053254457,-0.040000000000000036,61565448.77,37121587,0,1.69,1.69,1.64,1.69
002324,普利特,13.07,2.751572327044022,0.34999999999999964,252220804.53,19354633,0,12.73,13.21,12.66,12.72
002326,永太科技,24.47,4.349680170575692,1.0199999999999996,2414473328.66,98953651,0,23.73,25.19,23.63,23.45
002327,富安娜,6.67,-0.8915304606240787,-0.0600000000000005,24189695.56,3614432,0,6.75,6.77,6.66,6.73
002328,新朋股份,6.65,-0.5979073243647239,-0.040000000000000036,80465659.18,12072011,0,6.69,6.72,6.63,6.69
002329,皇氏集团,4.47,0.44943820224718145,0.019999999999999574,851326576.74,182319473,0,4.77,4.9,4.44,4.45
002330,得利斯,5.57,10.079051383399223,0.5100000000000007,264027581.91,49438163,0,5.07,5.57,5.05,5.06
002331,皖通科技,8.87,-0.337078651685406,-0.030000000000001137,74313149.2,8406620,0,8.89,8.95,8.76,8.9
002332,仙琚制药,9.03,-0.6600660066006655,-0.0600000000000005,93424471.58,10301455,0,9.09,9.11,9.01,9.09
002333,罗普斯金,5.74,-0.3472222222222148,-0.019999999999999574,97565706.0,17001300,0,5.75,5.8,5.66,5.76
002334,英威腾,8.82,0.2272727272727224,0.019999999999999574,200323272.68,22683556,0,8.8,8.92,8.74,8.8
002335,科华数据,54.99,2.68907563025211,1.4400000000000048,1513529097.32,27811428,0,53.55,55.38,52.8,53.55
002336,人乐退,0.36,0.0,0.0,4577505.0,12554917,0,0.36,0.38,0.35,0.36
002337,赛象科技,6.12,-2.0799999999999983,-0.1299999999999999,59061795.0,9594500,0,6.21,6.23,6.1,6.25
002338,奥普光电,57.65,-3.0929567994621,-1.8400000000000034,689823197.81,11845082,0,58.6,59.4,57.54,59.49
002339,积成电子,9.26,-3.441084462982274,-0.33000000000000007,647359159.44,69677828,0,9.4,9.48,9.18,9.59
002340,格林美,7.88,0.7672634271099694,0.05999999999999961,1153137867.71,146465108,0,7.84,7.95,7.79,7.82
002342,巨力索具,7.09,-1.115760111576012,-0.08000000000000007,176038258.47,24724629,0,7.18,7.22,7.06,7.17
002343,慈文传媒,6.95,-2.6610644257703013,-0.1899999999999995,126573053.0,18093480,0,7.1,7.11,6.92,7.14
002344,海宁皮城,4.98,0.6060606060606111,0.03000000000000025,124911206.0,25199900,0,4.93,5.02,4.89,4.95
002345,潮宏基,12.87,2.1428571428571392,0.2699999999999996,215252065.0,16576200,0,12.65,13.16,12.65,12.6
002346,柘中股份,17.76,0.9664582148948364,0.1700000000000017,70066516.52,3959827,0,17.6,17.91,17.33,17.59
002347,泰尔股份,7.54,-3.5805626598465508,-0.28000000000000025,271252627.0,35658300,0,7.8,7.82,7.52,7.82
002348,高乐股份,5.76,-6.188925081433223,-0.3799999999999999,293214118.0,50172704,0,6.11,6.13,5.73,6.14
002349,精华制药,7.33,-1.4784946236559182,-0.11000000000000032,59305016.0,8043800,0,7.41,7.46,7.32,7.44
002350,北京科锐,8.19,0.12224938875305363,0.009999999999999787,115572960.5,14158651,0,8.16,8.24,8.11,8.18
002351,漫步者,12.14,-0.9787928221859643,-0.11999999999999922,57454189.0,4711300,0,12.26,12.27,12.13,12.26
002352,顺丰控股,38.26,-0.13051422605065063,-0.05000000000000426,615165021.56,16050304,0,38.32,38.49,38.2,38.31
002353,杰瑞股份,70.7,1.0144306329475754,0.710000000000008,1153990020.61,16466421,0,69.84,71.48,68.33,69.99
002354,天娱数科,6.11,-1.451612903225804,-0.08999999999999986,173062074.0,28156400,0,6.17,6.2,6.1,6.2
002355,兴民智通,6.15,-3.3018867924528292,-0.20999999999999996,275372241.29,44241100,0,6.34,6.37,6.12,6.36
002356,赫美集团,3.87,-3.49127182044887,-0.13999999999999968,254643536.0,65319400,0,3.98,3.99,3.85,4.01
002357,富临运业,10.15,-3.1488549618320616,-0.33000000000000007,69042103.0,6748600,0,10.46,10.48,10.11,10.48
002358,森源电气,5.65,0.1773049645390191,0.010000000000000675,146344874.12,25909808,0,5.64,5.71,5.59,5.64
002360,同德化工,4.89,-3.168316831683171,-0.16000000000000014,79915276.7,16399722,0,5.01,5.05,4.79,5.05
002361,神剑股份,9.89,10.011123470522806,0.9000000000000004,3304414793.8,335081080,0,9.88,9.89,9.51,8.99
002362,汉王科技,20.42,-1.732435033686234,-0.35999999999999943,66786585.01,3251817,0,20.78,20.8,20.38,20.78
002363,隆基机械,8.46,-1.9698725376593271,-0.16999999999999993,174949625.8,20343290,0,8.78,8.99,8.4,8.63
002364,中恒电气,25.11,1.8661257606490906,0.46000000000000085,733780680.76,29391750,0,24.64,25.42,24.2,24.65
002365,永安药业,15.05,-0.9216589861751072,-0.1399999999999988,61041765.5,4047350,0,15.19,15.23,15.01,15.19
002366,融发核电,7.21,-2.435723951285517,-0.17999999999999972,340058426.16,46763415,0,7.36,7.38,7.2,7.39
002367,康力电梯,7.48,0.5376344086021511,0.040000000000000036,78936383.0,10534700,0,7.44,7.58,7.42,7.44
002368,太极股份,23.85,-0.12562814070350747,-0.029999999999997584,102832979.8,4314140,0,23.94,23.98,23.7,23.88
002369,卓翼科技,8.57,-1.7201834862385361,-0.15000000000000036,150680757.96,17489991,0,8.72,8.75,8.55,8.72
002370,亚太药业,7.2,0.27855153203343264,0.020000000000000462,162630836.26,22759950,0,7.2,7.23,7.06,7.18
002371,北方华创,481.34,3.447238340855354,16.039999999999964,4057506127.76,8414470,0,466.0,488.87,464.0,465.3
002372,伟星新材,10.6,-0.9345794392523332,-0.09999999999999964,86232149.58,8112368,0,10.68,10.69,10.59,10.7
002373,千方科技,11.33,-0.7880910683012247,-0.08999999999999986,439328718.04,38732411,0,11.33,11.45,11.23,11.42
002374,中锐股份,3.56,-3.5230352303523005,-0.1299999999999999,231468945.05,64564528,0,3.68,3.68,3.54,3.69
002375,亚厦股份,3.76,-1.5706806282722525,-0.06000000000000005,34087545.84,9008178,0,3.81,3.82,3.75,3.82
002376,新北洋,7.48,-0.795755968169756,-0.05999999999999961,60342188.22,8055693,0,7.51,7.53,7.46,7.54
002377,国创高新,2.87,-1.7123287671232816,-0.04999999999999982,27094056.72,9375202,0,2.91,2.92,2.87,2.92
002378,章源钨业,16.26,10.013531799729378,1.4800000000000022,1396150227.24,88522524,0,14.78,16.26,14.74,14.78
002379,宏创控股,22.82,-0.26223776223775663,-0.05999999999999872,225923062.63,9860405,0,22.8,23.22,22.52,22.88
002380,科远智慧,26.96,-1.2092341517039147,-0.3299999999999983,88308004.0,3257900,0,27.18,27.36,26.9,27.29
002381,双箭股份,6.62,0.15128593040846877,0.009999999999999787,21965719.0,3318900,0,6.61,6.67,6.58,6.61
002382,蓝帆医疗,5.44,-2.333931777378813,-0.1299999999999999,62232091.7,11340809,0,5.57,5.6,5.43,5.57
002383,合众思壮,10.28,-5.774518790100832,-0.6300000000000008,653308226.08,62424419,0,10.83,10.88,10.24,10.91
002384,东山精密,80.91,-1.1121975067220689,-0.9099999999999966,2569522533.99,31523101,0,81.67,82.86,80.6,81.82
002385,大北农,3.99,-0.49875311720697196,-0.019999999999999574,197229130.5,49260600,0,4.01,4.03,3.99,4.01
002386,天原股份,5.45,-0.36563071297988253,-0.019999999999999574,76514755.1,14015070,0,5.45,5.51,5.4,5.47
002387,维信诺,8.51,-0.9313154831199077,-0.08000000000000007,79351646.17,9279581,0,8.55,8.61,8.51,8.59
002388,ST新亚,5.96,1.8803418803418859,0.11000000000000032,92659552.56,15554204,0,5.93,6.08,5.84,5.85
002389,航天彩虹,22.45,-3.0656303972366183,-0.7100000000000009,762951404.63,33575103,0,23.16,23.16,22.39,23.16
002390,信邦制药,3.29,-1.7910447761194044,-0.06000000000000005,117377280.47,35509989,0,3.34,3.36,3.27,3.35
002391,长青股份,5.86,-0.3401360544217614,-0.019999999999999574,22171567.5,3785350,0,5.86,5.9,5.82,5.88
002392,北京利尔,7.48,-0.9271523178807868,-0.0699999999999994,55406512.61,7396435,0,7.55,7.55,7.44,7.55
002393,力生制药,20.83,0.5308880308880282,0.10999999999999943,41718703.5,2007058,0,20.74,20.9,20.62,20.72
002394,联发股份,16.02,10.02747252747252,1.459999999999999,616126656.19,38893961,0,14.8,16.02,14.7,14.56
002395,双象股份,16.41,-0.5454545454545446,-0.08999999999999986,23610705.0,1433100,0,16.52,16.59,16.34,16.5
002396,星网锐捷,29.28,0.17105713308245196,0.05000000000000071,470352856.04,16107834,0,29.11,29.58,28.82,29.23
002397,梦洁股份,4.11,-1.9093078758949895,-0.08000000000000007,74397609.0,17919100,0,4.2,4.25,4.1,4.19
002398,垒知集团,5.94,2.0618556701030943,0.1200000000000001,265195061.61,44844137,0,5.76,6.04,5.75,5.82
002399,海普瑞,11.8,0.08481764206956374,0.010000000000001563,26797602.0,2264700,0,11.85,11.97,11.76,11.79
002400,省广集团,8.12,-1.0962241169305922,-0.09000000000000163,710139592.03,86349339,0,8.25,8.36,8.1,8.21
002401,中远海科,15.58,-1.5170670037926688,-0.2400000000000002,67160729.46,4303991,0,15.72,15.79,15.5,15.82
002402,和而泰,38.74,-1.5001271294177378,-0.5899999999999963,1328569723.92,34165874,0,39.24,39.28,38.7,39.33
002403,爱仕达,12.15,-1.6990291262135848,-0.20999999999999908,30293148.0,2479400,0,12.41,12.42,12.12,12.36
002404,嘉欣丝绸,7.04,-1.1235955056179785,-0.08000000000000007,83518286.0,11776800,0,7.12,7.18,7.02,7.12
002405,四维图新,8.8,-2.43902439024389,-0.21999999999999886,599067776.26,67595728,0,8.92,9.02,8.77,9.02
002406,远东传动,7.48,-1.1889035667106982,-0.08999999999999986,72025428.53,9619299,0,7.55,7.55,7.42,7.57
002407,多氟多,32.51,10.016920473773256,2.9599999999999973,5507760106.94,174741741,0,29.56,32.51,29.5,29.55
002408,齐翔腾达,4.86,0.2061855670103232,0.010000000000000675,55298759.0,11402700,0,4.85,4.88,4.83,4.85
002409,雅克科技,73.55,-0.12221618685497476,-0.09000000000000341,772555147.67,10455965,0,73.5,74.61,73.15,73.64
002410,广联达,12.14,-1.3008130081300824,-0.16000000000000014,191163835.65,15685965,0,12.3,12.35,12.12,12.3
002412,汉森制药,6.71,-0.2971768202080306,-0.020000000000000462,39860875.0,5916400,0,6.73,6.84,6.68,6.73
002413,雷科防务,8.46,-7.439824945295401,-0.6799999999999997,2765461957.45,312793697,0,9.02,9.34,8.36,9.14
002414,高德红外,15.2,5.044920525224593,0.7299999999999986,3769786200.43,248871339,0,14.78,15.78,14.57,14.47
002415,海康威视,29.1,-0.1715265866209165,-0.04999999999999716,848869417.35,29136060,0,29.16,29.33,28.95,29.15
002416,爱施德,11.87,-0.9181969949916627,-0.11000000000000121,119649538.33,10028421,0,11.93,12.01,11.85,11.98
002418,康盛股份,4.81,2.3404255319148812,0.10999999999999943,579274131.0,120838000,0,4.67,4.9,4.64,4.7
002419,天虹股份,5.8,-2.027027027027029,-0.1200000000000001,235603284.32,40485703,0,5.9,5.92,5.77,5.92
002420,毅昌科技,0.0,-100.0,-8.43,0.0,0,0,0.0,0.0,0.0,8.43
002421,达实智能,2.69,-2.181818181818184,-0.06000000000000005,118111202.0,43659100,0,2.75,2.76,2.67,2.75
002422,科伦药业,31.13,-1.0803940260565614,-0.33999999999999986,364009355.28,11569264,0,31.44,32.0,30.94,31.47
002423,中粮资本,11.5,-1.032702237521508,-0.11999999999999922,96106266.19,8306515,0,11.61,11.65,11.48,11.62
002424,ST百灵,5.35,-4.973357015985795,-0.28000000000000025,2467955.0,461300,0,5.35,5.35,5.35,5.63
002425,凯撒文化,3.68,-1.6042780748663115,-0.06000000000000005,65224710.0,17645800,0,3.75,3.75,3.67,3.74
002426,胜利精密,3.26,-1.5105740181268963,-0.050000000000000266,301161227.59,92052043,0,3.3,3.32,3.24,3.31
002427,尤夫股份,6.17,-2.0634920634920615,-0.1299999999999999,48966477.0,7887800,0,6.28,6.3,6.16,6.3
002428,云南锗业,30.48,4.778274321072535,1.3900000000000006,2467094775.52,81623406,0,28.91,31.35,28.83,29.09
002429,兆驰股份,6.74,-2.3188405797101472,-0.16000000000000014,349073983.87,51336071,0,6.88,6.91,6.7,6.9
002430,杭氧股份,29.5,-2.0584329349269623,-0.620000000000001,337013452.63,11293963,0,30.11,30.5,29.42,30.12
002431,棕榈股份,2.4,-3.614457831325313,-0.0900000000000003,87159586.13,35967611,0,2.49,2.49,2.39,2.49
002432,九安医疗,40.71,-1.045211473018959,-0.4299999999999997,232348679.05,5687623,0,41.05,41.07,40.7,41.14
002434,万里扬,9.18,-2.754237288135591,-0.2599999999999998,164957053.66,17804069,0,9.37,9.45,9.14,9.44
002436,兴森科技,20.08,0.09970089730807366,0.019999999999999574,1262184616.99,63003583,0,19.97,20.52,19.75,20.06
002437,誉衡药业,3.14,-1.2578616352201268,-0.040000000000000036,76991687.58,24359297,0,3.19,3.2,3.13,3.18
002438,江苏神通,15.27,-1.6108247422680415,-0.25,187174185.74,12166493,0,15.46,15.59,15.24,15.52
002439,启明星辰,14.01,1.4482259232440209,0.1999999999999993,292698887.41,20566803,0,14.41,14.55,13.97,13.81
002440,闰土股份,7.53,-0.5284015852047561,-0.040000000000000036,55252505.5,7312890,0,7.56,7.62,7.51,7.57
002441,众业达,9.0,-0.9900990099009885,-0.08999999999999986,47892645.0,5302800,0,9.08,9.11,8.97,9.09
002442,龙星科技,6.39,-0.4672897196261721,-0.03000000000000025,46834031.0,7366200,0,6.42,6.46,6.3,6.42
002443,金洲管道,8.48,-0.23529411764705382,-0.019999999999999574,121114583.47,14218002,0,8.51,8.64,8.36,8.5
002444,巨星科技,35.1,-2.931415929203527,-1.0599999999999952,651819172.61,18567520,0,36.04,36.07,34.58,36.16
002445,中南文化,2.59,-2.6315789473684315,-0.07000000000000028,167483711.8,64085543,0,2.66,2.67,2.58,2.66
002446,盛路通信,9.45,-3.076923076923084,-0.3000000000000007,1007615964.61,104023827,0,9.85,10.05,9.41,9.75
002448,中原内配,12.8,1.2658227848101276,0.16000000000000014,423949086.0,32906850,0,12.6,13.14,12.51,12.64
002449,国星光电,8.29,-0.8373205741626829,-0.07000000000000028,55566121.72,6681767,0,8.35,8.36,8.26,8.36
002451,摩恩电气,9.98,-0.6965174129353262,-0.07000000000000028,458427652.2,45965477,0,9.95,10.17,9.79,10.05
002452,长高电新,8.12,-0.24570024570026225,-0.02000000000000135,98933838.64,12171700,0,8.14,8.18,8.09,8.14
002453,华软科技,6.22,-1.4263074484944511,-0.08999999999999986,97004636.56,15536617,0,6.26,6.32,6.19,6.31
002454,松芝股份,8.68,-1.0262257696693258,-0.08999999999999986,48787912.0,5597900,0,8.78,8.78,8.65,8.77
002455,百川股份,6.79,-0.14705882352940863,-0.009999999999999787,103433945.0,15191900,0,6.8,6.92,6.73,6.8
002456,欧菲光,10.45,-2.061855670103099,-0.22000000000000064,507387394.47,48249828,0,10.63,10.66,10.43,10.67
002457,青龙管业,10.72,0.6572769953051669,0.07000000000000028,62726457.41,5840401,0,10.65,10.85,10.61,10.65
002458,益生股份,8.65,-1.3683010262257609,-0.11999999999999922,51242108.84,5880318,0,8.78,8.83,8.63,8.77
002459,晶澳科技,11.19,-0.35618878005343657,-0.040000000000000924,387950629.88,34480583,0,11.25,11.35,11.15,11.23
002460,赣锋锂业,66.22,1.4554925693274137,0.9500000000000028,4377513324.22,66210392,0,65.27,67.37,64.85,65.27
002461,珠江啤酒,9.61,-0.6204756980351654,-0.0600000000000005,52733722.4,5478224,0,9.65,9.7,9.58,9.67
002462,嘉事堂,15.15,-2.5723472668810308,-0.40000000000000036,150664173.15,9821715,0,15.54,15.55,15.14,15.55
002463,沪电股份,71.16,-0.3221739739459364,-0.23000000000000398,4214721476.67,58395832,0,71.39,73.71,70.9,71.39
002465,海格通信,13.06,-2.0989505247376266,-0.27999999999999936,1417448778.69,106872137,0,13.33,13.65,12.98,13.34
002466,天齐锂业,55.58,3.078635014836789,1.6599999999999966,4085972229.34,73958514,0,54.18,56.32,53.68,53.92
002467,二六三,5.86,-1.5126050420168042,-0.08999999999999986,129580060.5,22016930,0,5.95,5.96,5.83,5.95
002468,申通快递,14.31,-0.624999999999999,-0.08999999999999986,148117166.9,10328390,0,14.41,14.45,14.27,14.4
002469,三维化学,8.45,1.1976047904191574,0.09999999999999964,116391410.08,13819321,0,8.35,8.5,8.28,8.35
002470,金正大,1.78,-1.657458563535913,-0.030000000000000027,76435663.08,42923404,0,1.8,1.81,1.77,1.81
002471,中超控股,4.97,-9.306569343065705,-0.5100000000000007,1413683603.76,278885409,0,5.38,5.4,4.93,5.48
002472,双环传动,41.63,-0.9517011658339246,-0.3999999999999986,498353756.4,11967524,0,41.9,41.92,41.4,42.03
002474,榕基软件,9.27,-1.9047619047619018,-0.17999999999999972,411644239.59,44279703,0,9.54,9.56,9.21,9.45
002475,立讯精密,57.92,0.3291183093712192,0.19000000000000483,4345008609.54,74702649,0,57.55,58.6,57.43,57.73
002476,宝莫股份,6.0,-1.960784313725492,-0.1200000000000001,81951538.08,13563300,0,6.13,6.18,6.0,6.12
002478,常宝股份,8.39,0.2389486260454164,0.02000000000000135,295179082.58,35220194,0,8.37,8.47,8.28,8.37
002479,富春环保,4.88,-0.6109979633401272,-0.03000000000000025,28158316.12,5755049,0,4.9,4.92,4.87,4.91
002480,新筑股份,6.51,2.8436018957345923,0.17999999999999972,128688065.13,19968749,0,6.34,6.58,6.23,6.33
002481,双塔食品,5.3,-2.3941068139963146,-0.1299999999999999,87557650.42,16347798,0,5.45,5.49,5.29,5.43
002482,广田集团,1.72,-1.1494252873563229,-0.020000000000000018,62419446.13,36224899,0,1.73,1.74,1.71,1.74
002483,润邦股份,6.93,-1.4224751066856405,-0.10000000000000053,77267169.0,11042560,0,7.05,7.1,6.88,7.03
002484,江海股份,29.13,4.296455424274971,1.1999999999999993,1319320936.79,45395245,0,27.84,29.58,27.84,27.93
002485,ST雪发,3.96,1.020408163265307,0.040000000000000036,20194056.0,5156100,0,3.92,3.98,3.85,3.92
002486,嘉麟杰,3.09,-2.8301886792452926,-0.0900000000000003,96398062.0,30923000,0,3.19,3.22,3.06,3.18
002487,大金重工,54.59,-0.4195549069682541,-0.22999999999999687,414056633.18,7576725,0,54.85,55.2,54.26,54.82
002488,金固股份,8.03,-2.192448233861163,-0.1800000000000015,495913385.7,60289710,0,8.2,8.48,8.02,8.21
002489,浙江永强,3.91,-1.758793969849242,-0.06999999999999984,102210159.0,26009300,0,3.98,3.99,3.89,3.98
002490,山东墨龙,6.39,-1.2364760432766626,-0.08000000000000007,135756551.0,21130110,0,6.48,6.59,6.36,6.47
002491,通鼎互联,6.56,-5.611510791366914,-0.39000000000000057,1606092598.58,235745509,0,6.89,7.2,6.52,6.95
002492,恒基达鑫,7.48,-2.604166666666657,-0.1999999999999993,69853887.0,9230000,0,7.68,7.75,7.45,7.68
002493,荣盛石化,10.43,-0.19138755980860836,-0.019999999999999574,332020678.05,31788556,0,10.49,10.59,10.32,10.45
002494,华斯股份,5.3,-0.18832391713747246,-0.009999999999999787,56796020.0,10766700,0,5.33,5.34,5.21,5.31
002495,佳隆股份,2.82,0.35587188612098886,0.009999999999999787,103298849.0,36495720,0,2.82,2.96,2.78,2.81
002496,*ST辉丰,1.69,-1.1695906432748548,-0.020000000000000018,13067103.0,7704300,0,1.71,1.72,1.68,1.71
002497,雅化集团,24.44,3.2094594594594663,0.7600000000000016,1272592895.9,52404832,0,23.4,24.77,23.4,23.68
002498,汉缆股份,3.81,-1.0389610389610398,-0.040000000000000036,133646170.7,34902630,0,3.86,3.88,3.79,3.85
002500,山西证券,6.04,-0.33003300330032304,-0.019999999999999574,89814170.9,14833220,0,6.06,6.09,6.0,6.06
002501,利源股份,2.52,2.4390243902439046,0.06000000000000005,560553635.75,225849745,0,2.49,2.59,2.41,2.46
002506,协鑫集成,2.57,-1.5325670498084305,-0.040000000000000036,330155272.87,127323451,0,2.61,2.64,2.57,2.61
002507,涪陵榨菜,13.19,-0.7524454477050387,-0.09999999999999964,131765994.9,9949660,0,13.31,13.32,13.18,13.29
002508,老板电器,19.34,-0.5655526992287889,-0.10999999999999943,84547928.55,4356550,0,19.45,19.54,19.31,19.45
002510,天汽模,7.18,0.7012622720897591,0.04999999999999982,495118138.12,68295356,0,7.11,7.34,7.07,7.13
002511,中顺洁柔,7.85,-2.484472049689454,-0.20000000000000107,172596452.6,21830400,0,8.06,8.08,7.85,8.05
002512,达华智能,5.7,-4.201680672268907,-0.25,642403924.46,111409383,0,5.96,6.01,5.68,5.95
002513,蓝丰生化,6.89,1.9230769230769214,0.1299999999999999,195161810.84,28501393,0,6.8,7.05,6.64,6.76
002514,宝馨科技,6.08,-1.458670988654779,-0.08999999999999986,114762055.28,18812711,0,6.17,6.17,6.06,6.17
002515,金字火腿,6.21,-2.664576802507836,-0.16999999999999993,167207023.0,26722800,0,6.37,6.37,6.2,6.38
002516,旷达科技,6.37,-3.3383915022761723,-0.21999999999999975,141922869.04,22020024,0,6.58,6.6,6.34,6.59
002517,恺英网络,22.73,1.791312136139732,0.40000000000000213,1166180120.25,51157258,0,22.29,23.19,22.26,22.33
002518,科士达,50.51,1.2833366753559265,0.6400000000000006,965796264.06,19201522,0,50.2,50.98,49.06,49.87
002519,银河电子,5.59,-7.90774299835256,-0.4800000000000004,978260318.96,171321697,0,5.97,6.01,5.57,6.07
002520,日发精机,5.9,-2.3178807947019817,-0.13999999999999968,114985370.28,19373884,0,6.01,6.03,5.87,6.04
002521,齐峰新材,8.49,-0.5854800936768025,-0.049999999999998934,16113856.24,1886956,0,8.55,8.61,8.48,8.54
002522,浙江众成,5.62,1.2612612612612664,0.07000000000000028,414497433.19,74281678,0,5.5,5.68,5.48,5.55
002523,天桥起重,4.26,-2.0689655172413763,-0.08999999999999986,611831810.39,142436204,0,4.35,4.39,4.22,4.35
002524,光正眼科,4.2,-1.17647058823529,-0.04999999999999982,50662534.88,12105428,0,4.24,4.27,4.14,4.25
002526,山东矿机,3.52,-1.4005602240896309,-0.04999999999999982,73159962.67,20716541,0,3.57,3.58,3.51,3.57
002527,新时达,14.95,-2.5423728813559356,-0.39000000000000057,111591284.7,7387744,0,15.36,15.36,14.93,15.34
002528,ST英飞拓,2.88,-0.6896551724137937,-0.020000000000000018,17653282.1,6118130,0,2.92,2.93,2.87,2.9
002529,*ST海源,7.0,-0.8498583569405045,-0.05999999999999961,45899692.5,6502200,0,7.15,7.21,6.94,7.06
002530,金财互联,9.79,-1.4098690835851013,-0.14000000000000057,119374665.58,12127672,0,9.92,9.94,9.77,9.93
002531,天顺风能,6.6,-1.3452914798206388,-0.09000000000000075,105235668.4,15857016,0,6.69,6.73,6.58,6.69
002532,天山铝业,14.42,0.13888888888888593,0.019999999999999574,609444568.54,41902695,0,14.3,14.84,14.22,14.4
002533,金杯电工,12.68,2.175664786462527,0.2699999999999996,277704835.09,21761788,0,12.45,13.2,12.45,12.41
002534,西子洁能,17.07,-1.6705069124423915,-0.28999999999999915,326789063.87,18892581,0,17.3,17.96,16.94,17.36
002535,林州重机,3.73,-1.0610079575596827,-0.040000000000000036,24602979.0,6574200,0,3.75,3.77,3.73,3.77
002536,飞龙股份,31.68,4.210526315789478,1.2800000000000011,5045858432.02,161632426,0,30.07,33.2,29.48,30.4
002537,海联金汇,8.04,-3.48139255702282,-0.2900000000000009,269578921.25,33194747,0,8.3,8.31,8.03,8.33
002538,司尔特,6.52,0.0,0.0,76682078.0,11735900,0,6.53,6.58,6.49,6.52
002539,云图控股,11.59,0.6950477845351875,0.08000000000000007,163924926.42,14087824,0,11.5,11.75,11.48,11.51
002540,亚太科技,6.69,-1.0355029585798727,-0.0699999999999994,126513003.6,18767990,0,6.72,6.85,6.64,6.76
002541,鸿路钢构,16.58,-0.8373205741626829,-0.14000000000000057,65455780.6,3914860,0,16.7,16.93,16.55,16.72
002542,中化岩土,3.32,-2.06489675516225,-0.07000000000000028,65519666.0,19593150,0,3.38,3.39,3.31,3.39
002543,万和电气,9.98,-0.2997002997002933,-0.02999999999999936,32178665.78,3218100,0,10.0,10.05,9.97,10.01
002544,普天科技,31.21,-1.7007874015748006,-0.5399999999999991,999114026.45,31807102,0,31.76,32.25,30.89,31.75
002545,东方铁塔,17.49,2.8823529411764612,0.48999999999999844,286030316.55,16363028,0,17.09,17.89,16.9,17.0
002546,新联电子,6.99,0.7204610951008619,0.04999999999999982,113391428.0,16303800,0,6.91,7.0,6.88,6.94
002547,春兴精工,4.54,-2.155172413793096,-0.09999999999999964,90548187.82,19797747,0,4.64,4.64,4.53,4.64
002548,金新农,5.58,-2.1052631578947385,-0.1200000000000001,167335680.7,29796250,0,5.67,5.73,5.54,5.7
002549,凯美特气,22.16,1.6047684548372372,0.3500000000000014,2192802395.58,98860741,0,21.61,22.59,21.49,21.81
002550,千红制药,7.94,-1.1207970112079575,-0.08999999999999897,70593866.47,8826069,0,8.04,8.06,7.93,8.03
002551,尚荣医疗,3.68,-1.3404825737265367,-0.04999999999999982,28517863.92,7736917,0,3.74,3.74,3.66,3.73
002552,宝鼎科技,16.85,0.5369928400954644,0.08999999999999986,101041462.28,5983518,0,16.8,17.05,16.71,16.76
002553,南方精工,25.67,-1.6851780926847864,-0.4399999999999977,166913889.45,6464505,0,26.0,26.06,25.63,26.11
002554,惠博普,3.23,3.858520900321547,0.1200000000000001,246965375.92,76304052,0,3.17,3.36,3.15,3.11
002555,三七互娱,22.66,1.251117068811444,0.28000000000000114,1272688832.03,56431975,0,22.37,22.88,22.23,22.38
002556,辉隆股份,5.99,-0.16666666666666313,-0.009999999999999787,71384683.45,11924755,0,6.01,6.03,5.94,6.0
002557,洽洽食品,21.96,-1.1701170117011612,-0.259999999999998,81663212.59,3697943,0,22.23,22.29,21.91,22.22
002558,巨人网络,46.88,3.992901508429468,1.8000000000000043,1577574737.24,34001989,0,45.08,48.48,44.67,45.08
002559,亚威股份,9.79,-0.7099391480730253,-0.07000000000000028,88288505.98,8983958,0,9.86,9.91,9.77,9.86
002560,通达股份,9.37,-1.0559662090813244,-0.10000000000000142,187551553.08,20002703,0,9.42,9.55,9.28,9.47
002561,徐家汇,9.33,-1.6859852476290849,-0.16000000000000014,206004393.44,22073784,0,9.49,9.51,9.22,9.49
002562,兄弟科技,6.34,-0.7824726134585261,-0.04999999999999982,94303152.0,14819600,0,6.39,6.42,6.33,6.39
002563,森马服饰,5.46,-2.8469750889679744,-0.16000000000000014,202225980.2,36637360,0,5.61,5.62,5.46,5.62
002564,天沃科技,7.25,-1.628222523744913,-0.1200000000000001,82539174.43,11353458,0,7.37,7.37,7.21,7.37
002565,顺灏股份,14.13,-9.999999999999991,-1.5699999999999985,3692150515.09,248770268,0,16.01,16.2,14.13,15.7
002566,益盛药业,7.74,-0.3861003861003779,-0.02999999999999936,69309108.0,8951000,0,7.77,7.81,7.65,7.77
002567,唐人神,4.36,-1.1337868480725584,-0.04999999999999982,71739825.55,16376715,0,4.4,4.42,4.36,4.41
002568,百润股份,21.27,-2.2518382352941266,-0.490000000000002,163177694.52,7630055,0,21.77,21.87,21.22,21.76
002569,*ST步森,10.8,4.956268221574359,0.5100000000000016,15357410.0,1430950,0,10.47,10.8,10.47,10.29
002570,贝因美,6.24,-2.0408163265306105,-0.1299999999999999,537103877.39,84617415,0,6.56,6.57,6.23,6.37
002571,德力股份,11.02,9.980039920159681,1.0,295947282.4,27981400,0,10.08,11.02,10.02,10.02
002572,索菲亚,13.53,0.4454342984409705,0.05999999999999872,136512489.4,10115224,0,13.47,13.59,13.35,13.47
002573,清新环境,3.76,-1.0526315789473695,-0.040000000000000036,21189145.0,5624400,0,3.79,3.8,3.75,3.8
002574,明牌珠宝,5.63,-0.7054673721340394,-0.040000000000000036,56163164.0,9938900,0,5.74,5.74,5.61,5.67
002575,群兴玩具,6.15,-3.755868544600929,-0.23999999999999932,173393994.2,27872483,0,6.36,6.38,6.12,6.39
002576,通达动力,16.56,-0.7194244604316606,-0.120000000000001,32029640.5,1931750,0,16.77,16.8,16.47,16.68
002577,雷柏科技,17.64,-1.7817371937639215,-0.3200000000000003,25925966.0,1461300,0,17.96,17.96,17.61,17.96
002578,闽发铝业,4.56,0.0,0.0,392596319.0,85634500,0,4.52,4.69,4.49,4.56
002579,中京电子,11.8,-1.3377926421404693,-0.16000000000000014,254661594.2,21518800,0,11.96,12.02,11.73,11.96
002580,圣阳股份,12.54,0.3199999999999932,0.03999999999999915,83669965.8,6669217,0,12.48,12.65,12.43,12.5
002581,ST未名,7.86,0.0,0.0,20667584.0,2624700,0,7.85,7.94,7.82,7.86
002582,好想你,10.83,-2.432432432432429,-0.2699999999999996,264993070.0,24372100,0,11.04,11.08,10.76,11.1
002583,海能达,10.76,-1.2844036697247758,-0.14000000000000057,172350043.38,15947752,0,10.9,10.9,10.75,10.9
002584,西陇科学,9.39,-1.5723270440251422,-0.14999999999999858,507879065.58,53262518,0,9.48,9.74,9.35,9.54
002585,双星新材,6.72,2.4390243902439046,0.16000000000000014,540167711.07,80127069,0,6.53,6.87,6.52,6.56
002586,ST围海,4.31,5.121951219512195,0.20999999999999996,57815376.0,13477000,0,4.28,4.31,4.16,4.1
002587,奥拓电子,6.5,-1.5151515151515098,-0.09999999999999964,81928578.0,12522000,0,6.56,6.63,6.47,6.6
002588,史丹利,9.84,1.2345679012345598,0.11999999999999922,78193768.44,7953952,0,9.69,9.92,9.66,9.72
002589,瑞康医药,3.42,-3.1161473087818665,-0.10999999999999988,329703137.56,95540549,0,3.5,3.52,3.41,3.53
002590,万安科技,14.61,-2.0120724346076506,-0.3000000000000007,439008809.92,29831953,0,14.88,15.05,14.51,14.91
002591,恒大高新,6.59,0.7645259938837894,0.04999999999999982,56584896.0,8647300,0,6.55,6.64,6.44,6.54
002592,ST八菱,6.94,-0.7153075822603694,-0.04999999999999982,14723652.0,2111200,0,6.97,7.03,6.92,6.99
002593,日上集团,5.85,-0.847457627118656,-0.05000000000000071,173981911.0,29766200,0,5.88,5.94,5.74,5.9
002594,比亚迪,94.78,0.4344601038465578,0.4099999999999966,2137286217.35,22497441,0,94.5,95.5,94.5,94.37
002595,豪迈科技,82.63,-0.5296737691103861,-0.4399999999999977,213192964.33,2578305,0,83.07,83.55,81.58,83.07
002596,海南瑞泽,6.48,10.016977928692713,0.5900000000000007,1184536837.4,183611032,0,6.48,6.48,6.25,5.89
002597,金禾实业,20.82,0.24073182474723503,0.05000000000000071,145788024.79,7000399,0,20.68,21.2,20.48,20.77
002598,山东章鼓,10.24,-0.2921129503407922,-0.02999999999999936,54062841.0,5283300,0,10.27,10.34,10.14,10.27
002599,盛通股份,7.79,-1.392405063291143,-0.11000000000000032,49740351.0,6344400,0,7.91,7.91,7.78,7.9
002600,领益智造,15.45,-3.1347962382445145,-0.5,6345353472.91,412159394,0,15.95,15.95,15.06,15.95
002601,龙佰集团,18.51,1.3691128148959473,0.25,325543640.35,17581637,0,18.35,18.77,18.2,18.26
002602,世纪华通,17.43,0.1724137931034548,0.030000000000001137,1770482012.68,101068204,0,17.34,17.73,17.23,17.4
002603,以岭药业,17.31,-0.6884681583476822,-0.120000000000001,164916484.47,9500656,0,17.4,17.46,17.27,17.43
002605,姚记科技,23.52,1.0743446497636442,0.25,183916694.3,7857500,0,23.25,23.66,23.01,23.27
002606,大连电瓷,8.83,-0.6749156355455623,-0.0600000000000005,46170424.0,5225100,0,8.86,8.9,8.79,8.89
002607,中公教育,2.71,-1.4545454545454557,-0.040000000000000036,436160955.72,160295675,0,2.73,2.76,2.7,2.75
002608,江苏国信,7.8,0.3861003861003893,0.03000000000000025,120368015.68,15385296,0,7.77,7.91,7.77,7.77
002609,捷顺科技,9.11,-0.7625272331154715,-0.07000000000000028,42861041.0,4692800,0,9.17,9.2,9.1,9.18
002611,东方精工,17.69,-2.4807056229327413,-0.4499999999999993,681498456.82,38310994,0,17.96,18.0,17.6,18.14
002612,朗姿股份,19.68,-0.3544303797468369,-0.07000000000000028,137251165.16,6983200,0,19.76,19.84,19.46,19.75
002613,北玻股份,3.76,0.0,0.0,27325240.0,7240350,0,3.78,3.8,3.74,3.76
002614,奥佳华,7.68,-0.389105058365762,-0.03000000000000025,170285379.1,22229980,0,7.67,7.75,7.57,7.71
002615,哈尔斯,7.82,-0.2551020408163211,-0.019999999999999574,33615592.5,4309700,0,7.83,7.86,7.77,7.84
002616,长青集团,5.45,-1.088929219600719,-0.05999999999999961,51859992.46,9500401,0,5.51,5.53,5.42,5.51
002617,露笑科技,7.71,-1.783439490445856,-0.13999999999999968,285882105.47,36846503,0,7.85,7.85,7.68,7.85
002620,ST瑞和,5.11,-1.7307692307692282,-0.08999999999999986,17944326.0,3475800,0,5.2,5.26,5.06,5.2
002622,皓宸医疗,3.06,-2.5477707006369448,-0.08000000000000007,50821420.1,16511902,0,3.15,3.15,3.05,3.14
002623,亚玛顿,17.75,-0.7270693512304196,-0.129999999999999,23386807.0,1314000,0,17.93,17.94,17.68,17.88
002624,完美世界,16.54,5.484693877551017,0.8599999999999994,1103489986.14,67802191,0,15.91,16.63,15.81,15.68
002625,光启技术,51.0,-1.296690536094449,-0.6700000000000017,1292451942.67,25211944,0,51.7,52.09,50.89,51.67
002626,金达威,18.66,-1.2698412698412618,-0.23999999999999844,79300790.0,4230200,0,18.83,18.94,18.63,18.9
002627,三峡旅游,7.33,-4.308093994778068,-0.33000000000000007,179896413.29,24262493,0,7.62,7.63,7.28,7.66
002628,成都路桥,4.1,-0.966183574879228,-0.040000000000000036,27635085.0,6742230,0,4.14,4.14,4.07,4.14
002629,仁智股份,7.17,-1.5109890109890154,-0.11000000000000032,121304805.6,16493001,0,7.31,7.68,7.13,7.28
002630,ST华西,2.61,-1.8796992481203108,-0.050000000000000266,36938996.0,14067900,0,2.65,2.66,2.6,2.66
002631,德尔未来,5.84,9.981167608286258,0.5300000000000002,183137058.11,32682632,0,5.31,5.84,5.29,5.31
002632,道明光学,12.3,0.08136696501221777,0.010000000000001563,387762719.0,31468700,0,12.21,12.48,12.14,12.29
002633,申科股份,16.76,-1.5276145710928204,-0.259999999999998,41339732.5,2456950,0,17.02,17.13,16.7,17.02
002634,棒杰股份,5.25,-5.06329113924051,-0.28000000000000025,105162866.16,19908464,0,5.51,5.6,5.12,5.53
002635,安洁科技,13.74,-1.0086455331412143,-0.14000000000000057,72133435.54,5217079,0,13.84,13.94,13.7,13.88
002636,金安国纪,16.16,2.084649399873658,0.33000000000000007,398018383.13,24678210,0,15.77,16.36,15.75,15.83
002637,赞宇科技,10.24,-1.82166826462128,-0.1899999999999995,69324619.44,6683772,0,10.4,10.59,10.23,10.43
002638,勤上股份,3.08,-5.230769230769228,-0.16999999999999993,126045285.86,40391948,0,3.23,3.23,3.07,3.25
002639,雪人集团,18.98,-2.3160061760164656,-0.4499999999999993,4367816794.6,226611279,0,19.51,19.99,18.69,19.43
002640,跨境通,4.3,-3.587443946188344,-0.16000000000000014,288561849.29,66451500,0,4.45,4.46,4.3,4.46
002641,公元股份,4.34,-0.45871559633028575,-0.020000000000000462,43342791.5,9990050,0,4.37,4.37,4.31,4.36
002642,荣联科技,7.98,-1.602959309494439,-0.129999999999999,85469675.36,10641100,0,8.11,8.14,7.96,8.11
002643,万润股份,16.38,10.006715916722623,1.4899999999999984,979276480.55,61112690,0,14.84,16.38,14.77,14.89
002644,佛慈制药,9.23,-4.054054054054042,-0.3899999999999988,307318309.15,33182363,0,9.37,9.48,9.14,9.62
002645,华宏科技,14.48,-0.8898015058179263,-0.129999999999999,121435402.52,8352355,0,14.61,14.69,14.41,14.61
002646,天佑德酒,8.88,-1.1135857461024459,-0.09999999999999964,37643680.67,4225891,0,8.99,8.99,8.86,8.98
002647,*ST仁东,7.29,1.249999999999998,0.08999999999999986,102484421.1,13982577,0,7.19,7.44,7.19,7.2
002648,卫星化学,16.88,-0.4129793510324501,-0.07000000000000028,382739557.63,22652444,0,17.0,17.0,16.8,16.95
002649,博彦科技,12.66,-1.4018691588785024,-0.17999999999999972,80057464.3,6288685,0,12.87,12.88,12.65,12.84
002650,ST加加,6.76,-1.4577259475218736,-0.10000000000000053,36179129.78,5360926,0,6.86,6.86,6.64,6.86
002651,利君股份,10.87,-2.1602160216021624,-0.2400000000000002,212522079.82,19403301,0,11.07,11.13,10.84,11.11
002652,扬子新材,3.64,0.27548209366391824,0.010000000000000231,94417676.4,25943180,0,3.6,3.82,3.55,3.63
002653,海思科,54.0,1.1235955056179803,0.6000000000000014,160061522.82,2940998,0,53.42,55.12,53.12,53.4
002654,万润科技,14.15,-1.8043025676613447,-0.2599999999999998,578616666.8,40569385,0,14.3,14.47,14.1,14.41
002655,共达电声,12.14,0.0,0.0,109308032.0,9009200,0,12.07,12.28,12.01,12.14
002656,*ST摩登,2.75,-1.4336917562724028,-0.040000000000000036,21283053.52,7708039,0,2.79,2.8,2.74,2.79
002657,中科金财,26.43,-2.9735682819383213,-0.8099999999999987,339655424.62,12725951,0,27.11,27.18,26.41,27.24
002658,雪迪龙,8.81,1.3808975834292405,0.120000000000001,119961157.0,13616000,0,8.67,8.91,8.67,8.69
002659,凯文教育,5.38,-1.8248175182481847,-0.10000000000000053,78697543.0,14602400,0,5.45,5.47,5.35,5.48
002660,茂硕电源,9.16,-1.3993541442411088,-0.129999999999999,43447320.0,4728100,0,9.25,9.29,9.12,9.29
002661,克明食品,9.4,-1.2605042016806642,-0.11999999999999922,28537178.0,3024100,0,9.56,9.56,9.38,9.52
002662,峰璟股份,3.96,-0.7518796992481265,-0.03000000000000025,83577248.0,21141600,0,3.99,4.0,3.92,3.99
002663,普邦股份,1.97,-3.4313725490196108,-0.07000000000000006,58563770.84,29373719,0,2.05,2.05,1.97,2.04
002664,信质集团,21.88,-1.35256988277728,-0.3000000000000007,105222553.57,4781761,0,22.15,22.25,21.84,22.18
002666,德联集团,5.51,-8.623548922056393,-0.5200000000000005,547840614.67,96534240,0,5.99,6.03,5.49,6.03
002667,威领股份,13.62,0.4424778761061852,0.05999999999999872,223373529.65,16383596,0,13.56,13.87,13.32,13.56
002668,TCL智家,10.63,0.0,0.0,82723486.53,7792055,0,10.67,10.74,10.53,10.63
002669,康达新材,14.12,0.49822064056938437,0.06999999999999851,158052306.0,11186800,0,13.97,14.25,13.89,14.05
002670,国盛证券,16.47,-1.199760047990419,-0.20000000000000284,236191766.19,14267403,0,16.64,16.71,16.42,16.67
002671,龙泉股份,5.27,0.764818355640519,0.03999999999999915,63590006.88,12126728,0,5.23,5.29,5.19,5.23
002672,东江环保,4.83,-1.0245901639344226,-0.04999999999999982,20461840.58,4209862,0,4.91,4.91,4.82,4.88
002673,西部证券,7.91,-0.7528230865746501,-0.05999999999999961,144270513.71,18125085,0,8.0,8.0,7.91,7.97
002674,兴业科技,13.85,-2.3960535588442555,-0.33999999999999986,81471144.0,5857100,0,14.13,14.19,13.77,14.19
002675,东诚药业,13.26,-0.150602409638551,-0.019999999999999574,107699905.0,8075200,0,13.29,13.43,13.22,13.28
002676,顺威股份,8.22,-1.320528211284507,-0.10999999999999943,119896280.0,14544500,0,8.3,8.4,8.15,8.33
002677,浙江美大,8.63,3.477218225419675,0.2900000000000009,298401368.47,35013450,0,8.26,8.7,8.18,8.34
002678,珠江钢琴,5.18,-3.896103896103896,-0.20999999999999996,311954180.37,59625830,0,5.45,5.45,5.11,5.39
002679,福建金森,12.18,-0.3273322422258668,-0.040000000000000924,152568614.0,12486600,0,12.2,12.58,11.91,12.22
002681,奋达科技,6.51,-1.8099547511312233,-0.1200000000000001,173030156.12,26399711,0,6.62,6.62,6.5,6.63
002682,龙洲股份,8.07,-3.584229390680991,-0.29999999999999893,1209085341.52,143344061,0,8.51,8.78,8.0,8.37
002683,广东宏大,41.56,-0.04810004810003853,-0.01999999999999602,522829707.55,12459581,0,41.43,42.79,41.18,41.58
002685,华东重机,7.64,-1.0362694300518145,-0.08000000000000007,175293778.98,22899757,0,7.7,7.74,7.61,7.72
002686,亿利达,6.47,-0.1543209876543314,-0.010000000000000675,75130506.0,11591800,0,6.46,6.52,6.42,6.48
002687,乔治白,4.8,-1.437371663244359,-0.07000000000000028,36247324.49,7549054,0,4.88,4.89,4.76,4.87
002688,金河生物,6.02,-0.6600660066006607,-0.040000000000000036,39740686.0,6570250,0,6.06,6.1,6.01,6.06
002689,ST远智,3.28,0.6134969325153381,0.020000000000000018,97886433.48,30255641,0,3.24,3.3,3.19,3.26
002690,美亚光电,20.97,1.0602409638554162,0.21999999999999886,84782845.1,4049075,0,20.66,21.08,20.66,20.75
002691,冀凯股份,7.91,-0.6281407035175857,-0.04999999999999982,44344927.2,5585480,0,7.99,8.02,7.88,7.96
002692,远程股份,5.11,-1.1605415860734933,-0.05999999999999961,41079640.0,8013000,0,5.16,5.18,5.1,5.17
002693,*ST双成,7.18,-1.1019283746556485,-0.08000000000000007,127710753.12,17340938,0,7.37,7.6,7.14,7.26
002694,顾地科技,3.79,-2.8205128205128176,-0.10999999999999988,41302323.97,10824300,0,3.9,3.92,3.77,3.9
002695,煌上煌,12.03,-1.4742014742014864,-0.1800000000000015,51635267.0,4274700,0,12.22,12.3,12.01,12.21
002696,百洋股份,7.02,-3.172413793103454,-0.23000000000000043,87975560.2,12459870,0,7.24,7.25,6.98,7.25
002697,红旗连锁,6.15,-8.071748878923767,-0.54,1205729044.58,194959101,0,6.36,6.36,6.06,6.69
002698,博实股份,16.5,-1.610017889087654,-0.2699999999999996,110717154.2,6681600,0,16.7,16.75,16.46,16.77
002700,万憬能源,6.77,-1.31195335276969,-0.09000000000000075,24779545.0,3643400,0,6.85,6.86,6.75,6.86
002701,奥瑞金,6.01,-0.661157024793389,-0.040000000000000036,159778685.08,26558554,0,6.06,6.09,5.97,6.05
002702,海欣食品,9.19,4.431818181818168,0.3899999999999988,1357563885.22,150364756,0,8.61,9.35,8.6,8.8
002703,浙江世宝,18.6,0.5949161709032071,0.11000000000000298,3719740168.88,191550060,0,18.91,20.34,18.2,18.49
002705,新宝股份,14.29,-0.41811846689895815,-0.0600000000000005,49165943.2,3439065,0,14.35,14.4,14.24,14.35
002706,良信股份,9.94,0.811359026369169,0.08000000000000007,247344688.84,24704639,0,9.86,10.13,9.81,9.86
002707,众信旅游,7.04,-2.086230876216973,-0.15000000000000036,142580539.27,20099692,0,7.16,7.2,7.03,7.19
002708,光洋股份,12.42,-1.740506329113929,-0.22000000000000064,110192665.9,8805990,0,12.61,12.67,12.38,12.64
002709,天赐材料,42.35,9.065155807365448,3.520000000000003,7512699221.11,180411157,0,39.07,42.71,38.9,38.83
002712,思美传媒,5.26,-1.4981273408239715,-0.08000000000000007,79513260.3,15133870,0,5.33,5.34,5.21,5.34
002713,*ST东易,10.43,-4.922515952598003,-0.5400000000000009,381026788.76,35407574,0,10.85,11.07,10.42,10.97
002714,牧原股份,49.29,-0.6049606775559675,-0.30000000000000426,930797454.98,18809344,0,49.55,49.8,49.22,49.59
002715,登云股份,17.32,-2.6419336706014556,-0.46999999999999886,55953530.72,3224728,0,17.85,17.88,17.16,17.79
002716,湖南白银,6.59,-1.6417910447761241,-0.11000000000000032,1290289653.08,193963606,0,6.86,6.86,6.56,6.7
002717,ST岭南,1.68,-2.890173410404627,-0.050000000000000044,57536635.51,33864084,0,1.72,1.73,1.68,1.73
002718,友邦吊顶,32.67,10.000000000000009,2.9700000000000024,200638068.58,6268569,0,29.9,32.67,29.28,29.7
002719,麦趣尔,8.85,-2.7472527472527473,-0.25,91290717.65,10294345,0,9.14,9.17,8.68,9.1
002721,金一文化,3.07,0.6557377049180334,0.020000000000000018,141701985.06,46610003,0,3.05,3.08,3.0,3.05
002722,物产金轮,15.09,-0.4617414248021127,-0.07000000000000028,29911936.0,1976200,0,15.13,15.29,15.03,15.16
002723,小崧股份,8.48,-1.3953488372092933,-0.11999999999999922,134206216.4,15897220,0,8.59,8.68,8.21,8.6
002724,海洋王,6.64,-1.4836795252225599,-0.10000000000000053,28317718.0,4247000,0,6.77,6.78,6.63,6.74
002725,跃岭股份,17.26,0.582750582750591,0.10000000000000142,336776366.6,19679940,0,17.02,17.36,16.88,17.16
002726,龙大美食,4.2,-2.5522041763340937,-0.10999999999999943,93410670.06,22075273,0,4.3,4.3,4.2,4.31
002727,一心堂,13.72,-1.2949640287769764,-0.17999999999999972,203151040.26,14734934,0,13.85,13.93,13.7,13.9
002728,特一药业,11.18,0.08952551477170803,0.009999999999999787,384768689.0,34446320,0,11.18,11.36,10.93,11.17
002729,好利科技,15.89,0.8248730964467054,0.13000000000000078,130584826.99,8273806,0,15.76,16.04,15.46,15.76
002730,电光科技,14.58,-1.6194331983805683,-0.2400000000000002,52861873.0,3610400,0,14.81,14.81,14.54,14.82
002731,萃华珠宝,13.31,1.3709063214013686,0.17999999999999972,144616959.3,10911920,0,13.21,13.4,13.08,13.13
002732,燕塘乳业,17.75,-1.3888888888888888,-0.25,105566908.0,5918000,0,18.19,18.31,17.62,18.0
002733,雄韬股份,19.91,0.3528225806451627,0.07000000000000028,177581593.0,8928000,0,19.75,20.12,19.62,19.84
002734,利民股份,15.92,-0.9334163036714397,-0.15000000000000036,153733767.04,9635550,0,16.07,16.12,15.86,16.07
002735,王子新材,16.52,-7.138842046093309,-1.2699999999999996,1232675890.13,73249034,0,16.7,17.2,16.46,17.79
002736,国信证券,13.11,0.0,0.0,272890622.6,20732446,0,13.17,13.24,13.08,13.11
002737,葵花药业,14.78,-1.7940199335548264,-0.27000000000000135,52421409.0,3514200,0,15.06,15.18,14.75,15.05
002738,中矿资源,71.13,3.7636761487964963,2.5799999999999983,1803932990.78,25458732,0,68.55,72.39,68.55,68.55
002739,万达电影,11.13,-1.1545293072824068,-0.129999999999999,286146308.41,25581970,0,11.25,11.29,11.12,11.26
002741,光华科技,20.27,0.19772614928323848,0.03999999999999915,265191947.97,13050158,0,20.17,20.55,20.02,20.23
002742,*ST三圣,4.75,-0.6276150627615115,-0.03000000000000025,17380006.0,3630900,0,4.78,4.82,4.74,4.78
002743,富煌钢构,5.38,0.0,0.0,31934249.0,5929500,0,5.38,5.44,5.34,5.38
002745,木林森,9.26,-2.6288117770767614,-0.25,312286922.0,33418900,0,9.47,9.51,9.25,9.51
002746,仙坛股份,6.15,-0.6462035541195482,-0.040000000000000036,63614618.0,10325400,0,6.19,6.2,6.12,6.19
002747,埃斯顿,21.53,-0.7834101382488394,-0.16999999999999815,169816050.34,7879240,0,21.7,21.7,21.45,21.7
002748,世龙实业,13.89,1.9075568598679367,0.2599999999999998,586518113.0,42874825,0,13.23,14.43,13.02,13.63
002749,国光股份,13.94,-0.07168458781361854,-0.009999999999999787,10297322.51,739261,0,13.99,14.0,13.89,13.95
002750,龙津退,0.59,3.5087719298245648,0.020000000000000018,11866185.0,19729839,0,0.6,0.63,0.57,0.57
002752,昇兴股份,7.48,2.4657534246575423,0.1800000000000006,588491703.76,78175192,0,7.51,7.77,7.37,7.3
002753,永东股份,7.21,0.0,0.0,53119678.42,7399626,0,7.2,7.26,7.12,7.21
002755,奥赛康,16.52,-0.3618817852834664,-0.05999999999999872,121491225.28,7282908,0,16.7,17.1,16.48,16.58
002756,永兴材料,50.43,2.7087576374745383,1.3299999999999983,1019020669.82,20539675,0,49.1,50.84,48.33,49.1
002757,南兴股份,15.66,-1.011378002528446,-0.16000000000000014,35790234.0,2278400,0,15.87,15.9,15.61,15.82
002758,浙农股份,9.79,-1.1111111111111234,-0.11000000000000121,59926430.81,6088807,0,9.96,9.98,9.77,9.9
002759,天际股份,38.29,9.997127262280944,3.479999999999997,3171476565.32,86793154,0,34.89,38.29,34.47,34.81
002760,凤形股份,21.16,-2.8912345112436855,-0.629999999999999,109234650.24,5128900,0,21.62,21.75,21.07,21.79
002761,浙江建投,8.49,-0.3521126760563305,-0.02999999999999936,38475534.53,4527597,0,8.52,8.54,8.48,8.52
002762,*ST金比,7.04,-2.7624309392265216,-0.20000000000000018,19217777.0,2704700,0,7.31,7.32,7.03,7.24
002763,汇洁股份,7.15,-1.3793103448275814,-0.09999999999999964,23346098.0,3249100,0,7.23,7.28,7.13,7.25
002765,蓝黛科技,11.49,-1.7948717948717872,-0.20999999999999908,99755559.0,8633100,0,11.7,11.72,11.46,11.7
002766,索菱股份,5.73,-4.817275747508292,-0.28999999999999915,569864984.44,97526276,0,5.98,6.09,5.71,6.02
002767,先锋电子,22.62,-1.5237265999129206,-0.34999999999999787,185942904.58,8237767,0,22.75,22.8,22.36,22.97
002768,国恩股份,51.57,-0.5208333333333393,-0.2700000000000031,81500071.81,1573199,0,51.72,52.35,51.32,51.84
002769,普路通,11.99,1.6101694915254194,0.1899999999999995,787243143.51,64355359,0,11.55,12.86,11.42,11.8
002771,真视通,14.76,-1.2048192771084318,-0.17999999999999972,38965002.2,2633080,0,14.9,14.93,14.73,14.94
002772,众兴菌业,14.33,-2.4506466984343054,-0.35999999999999943,247686487.84,17213169,0,14.78,14.96,14.07,14.69
002773,康弘药业,30.78,0.03249918752031707,0.010000000000001563,104786911.0,3393500,0,30.75,31.27,30.62,30.77
002774,快意电梯,9.52,2.5862068965517264,0.2400000000000002,88761289.0,9349400,0,9.26,9.8,9.14,9.28
002775,文科股份,4.23,-0.704225352112661,-0.02999999999999936,38758542.82,9197866,0,4.26,4.27,4.18,4.26
002777,久远银海,17.53,-1.8477043673012223,-0.3299999999999983,90686319.0,5153200,0,17.82,17.82,17.49,17.86
002778,中晟高科,20.67,-0.5293551491819029,-0.10999999999999943,51727041.31,2509699,0,20.7,20.93,20.33,20.78
002779,中坚科技,109.89,-1.602793696275077,-1.7900000000000063,308843476.24,2805686,0,110.57,111.93,109.18,111.68
002780,三夫户外,14.58,-1.8181818181818152,-0.2699999999999996,84040051.5,5766100,0,14.77,14.83,14.4,14.85
002782,可立克,18.24,-0.49099836333878816,-0.08999999999999986,125335681.36,6851112,0,18.2,18.41,18.12,18.33
002783,凯龙股份,9.5,-1.3499480789200495,-0.13000000000000078,325108939.83,34267876,0,9.37,9.61,9.37,9.63
002785,万里石,33.44,-1.094350783791791,-0.37000000000000455,110278118.0,3279200,0,33.85,34.05,33.36,33.81
002786,银宝山新,8.46,-2.08333333333333,-0.17999999999999972,50753230.6,5956640,0,8.64,8.64,8.46,8.64
002787,华源控股,12.34,3.6974789915966344,0.4399999999999995,171074433.15,14044055,0,11.89,12.53,11.89,11.9
002788,鹭燕医药,18.5,9.988109393579071,1.6799999999999997,1722197326.47,98841450,0,17.0,18.5,15.92,16.82
002789,*ST建艺,9.07,4.9768518518518485,0.4299999999999997,44643978.8,4931280,0,9.07,9.07,8.88,8.64
002790,瑞尔特,8.79,1.7361111111110945,0.14999999999999858,96338851.44,10965556,0,8.63,8.99,8.63,8.64
002791,坚朗五金,21.76,-1.8050541516245424,-0.3999999999999986,73579359.6,3363160,0,22.16,22.16,21.72,22.16
002792,通宇通讯,32.46,-8.175388967468177,-2.8900000000000006,4774605798.58,141741665,0,35.37,35.66,31.82,35.35
002793,罗欣药业,4.94,-1.7892644135188838,-0.08999999999999986,38901605.92,7831577,0,5.01,5.04,4.93,5.03
002795,永和智控,6.4,-1.234567901234569,-0.08000000000000007,173384822.6,27555872,0,6.5,6.5,6.1,6.48
002796,世嘉科技,26.5,10.004151100041511,2.41,691680137.45,26165258,0,26.48,26.5,25.88,24.09
002797,第一创业,6.87,-0.8658008658008602,-0.05999999999999961,218984485.0,31696035,0,6.94,6.95,6.85,6.93
002798,帝欧水华,5.73,-1.3769363166953388,-0.07999999999999918,23133675.42,4039900,0,5.81,5.84,5.69,5.81
002799,环球印务,8.54,-0.928074245939676,-0.08000000000000007,77629439.8,9002592,0,8.62,8.86,8.52,8.62
002800,天顺股份,14.98,-2.853437094682228,-0.4399999999999995,244139052.42,15939786,0,15.8,15.87,14.93,15.42
002801,微光股份,33.2,-0.0902798675895096,-0.02999999999999403,39427522.0,1187700,0,33.22,33.41,32.97,33.23
002802,洪汇新材,12.41,-0.7199999999999989,-0.08999999999999986,22228203.0,1780600,0,12.6,12.7,12.37,12.5
002803,吉宏股份,16.57,0.5461165048543681,0.08999999999999986,127426672.23,7708004,0,16.49,16.69,16.33,16.48
002805,丰元股份,16.76,2.3199023199023356,0.38000000000000256,335442700.67,20027366,0,16.29,17.15,16.23,16.38
002806,华锋股份,11.99,-2.3615635179153025,-0.28999999999999915,73627310.87,6101439,0,12.28,12.4,11.95,12.28
002807,江阴银行,4.68,0.2141327623126293,0.009999999999999787,116867878.64,24878716,0,4.67,4.74,4.65,4.67
002808,*ST恒久,4.91,-3.346456692913384,-0.16999999999999993,19293657.04,3892820,0,5.13,5.14,4.86,5.08
002809,红墙股份,10.6,-0.5628517823639821,-0.0600000000000005,26565075.9,2516560,0,10.67,10.69,10.46,10.66
002810,山东赫达,15.99,9.97248968363137,1.450000000000001,668607531.18,43263171,0,15.0,15.99,14.8,14.54
002811,郑中设计,14.0,-0.4267425320056934,-0.0600000000000005,85474501.92,6091252,0,14.07,14.16,13.91,14.06
002812,恩捷股份,51.5,5.209397344228798,2.549999999999997,2624127278.4,51992855,0,49.0,52.49,48.48,48.95
002813,路畅科技,29.84,-3.679793415106522,-1.1400000000000006,326552669.0,10796200,0,30.61,30.9,29.76,30.98
002815,崇达技术,13.71,0.36603221083455867,0.05000000000000071,301774570.48,22053928,0,13.59,13.78,13.57,13.66
002816,*ST和科,20.66,-1.4312977099236674,-0.3000000000000007,38042522.0,1815700,0,20.9,21.34,20.6,20.96
002817,黄山胶囊,7.85,-0.2541296060991164,-0.020000000000000462,41056481.6,5245290,0,7.91,7.92,7.74,7.87
002818,富森美,11.27,-0.8795074758135414,-0.09999999999999964,28427798.34,2512936,0,11.35,11.38,11.26,11.37
002819,东方中科,26.69,-1.1115227862171069,-0.29999999999999716,56709928.0,2117800,0,26.99,27.16,26.58,26.99
002820,桂发祥,12.81,-2.7334851936218634,-0.35999999999999943,176306431.9,13669440,0,13.3,13.34,12.77,13.17
002821,凯莱英,95.49,0.834213305174226,0.789999999999992,303494573.9,3174824,0,94.58,96.09,94.58,94.7
002822,*ST中装,3.88,0.5181347150259072,0.020000000000000018,54296485.22,13928704,0,3.88,3.94,3.82,3.86
002823,凯中精密,15.85,0.12634238787112806,0.019999999999999574,91628530.51,5796287,0,15.8,15.96,15.63,15.83
002824,和胜股份,18.16,0.22075055187637496,0.03999999999999915,52948882.65,2910481,0,18.13,18.3,18.09,18.12
002825,纳尔股份,11.53,-3.0277544154751994,-0.3600000000000012,131000901.29,11269501,0,11.9,11.92,11.51,11.89
002826,易明医药,18.04,-2.1161150298426508,-0.39000000000000057,61308419.0,3391200,0,18.43,18.46,17.9,18.43
002827,高争民爆,38.44,2.2068598776920987,0.8299999999999983,353130256.73,9238951,0,37.61,38.85,36.98,37.61
002828,贝肯能源,10.92,-0.5464480874316985,-0.0600000000000005,93892258.0,8563800,0,11.01,11.09,10.87,10.98
002829,星网宇达,27.27,-2.88461538461538,-0.8099999999999987,309765575.0,11160600,0,27.9,28.45,27.15,28.08
002830,名雕股份,19.17,-2.1938775510204067,-0.4299999999999997,58519681.0,3024300,0,19.62,19.73,19.14,19.6
002831,裕同科技,28.37,-0.9773123909249479,-0.2799999999999976,168421369.09,5943876,0,28.74,28.82,28.05,28.65
002832,比音勒芬,15.07,-0.5280528052805284,-0.08000000000000007,44503002.63,2947466,0,15.18,15.19,15.04,15.15
002833,弘亚数控,15.72,-0.1904761904761864,-0.02999999999999936,29048695.85,1846296,0,15.71,15.83,15.67,15.75
002835,同为股份,15.99,-1.1742892459826915,-0.1899999999999995,23318441.0,1454600,0,16.11,16.21,15.93,16.18
002836,新宏泽,15.08,-3.271327774214239,-0.5099999999999998,129612924.68,8467684,0,15.64,15.86,15.08,15.59
002837,英维克,103.84,9.999999999999996,9.439999999999998,7575811142.23,76489627,0,93.94,103.84,93.46,94.4
002838,道恩股份,23.99,-0.7447248655358016,-0.18000000000000327,67378965.0,2801200,0,24.25,24.35,23.9,24.17
002839,张家港行,4.57,-0.43572984749454413,-0.019999999999999574,114773218.0,24986220,0,4.58,4.64,4.55,4.59
002840,华统股份,9.47,-2.1694214876032967,-0.20999999999999908,85668933.95,8976509,0,9.67,9.67,9.47,9.68
002841,视源股份,38.12,-0.6256517205422367,-0.240000000000002,105672711.2,2773401,0,38.31,38.49,37.59,38.36
002842,翔鹭钨业,15.08,9.992706053975194,1.3699999999999992,776290700.1,52960574,0,13.94,15.08,13.9,13.71
002843,泰嘉股份,19.94,9.98345284059571,1.8100000000000023,341670606.08,17732297,0,18.07,19.94,18.0,18.13
002845,同兴达,13.8,-0.28901734104045623,-0.03999999999999915,59357451.34,4297574,0,13.75,13.93,13.72,13.84
002846,英联股份,15.98,0.7566204287515826,0.120000000000001,129708455.35,8110885,0,15.9,16.19,15.8,15.86
002847,盐津铺子,71.25,-1.493156366652839,-1.0799999999999983,208907491.64,2939679,0,72.24,72.33,70.55,72.33
002848,*ST高斯,7.97,4.183006535947705,0.3199999999999994,49006175.35,6260814,0,7.65,8.03,7.58,7.65
002849,威星智能,15.3,1.1904761904762005,0.1800000000000015,248383465.16,16196504,0,15.13,15.5,14.98,15.12
002850,科达利,151.05,1.1314943760042833,1.6899999999999977,405281282.56,2689972,0,149.46,151.8,149.07,149.36
002851,麦格米特,85.47,-0.9617612977983757,-0.8299999999999983,1394422568.86,16309883,0,85.91,86.5,84.24,86.3
002852,道道全,10.83,-0.3679852805887686,-0.03999999999999915,46433682.48,4276608,0,10.87,10.93,10.78,10.87
002853,皮阿诺,22.43,-7.733443027560671,-1.879999999999999,481184434.0,21050550,0,23.5,24.43,22.2,24.31
002855,捷荣技术,16.27,-1.9879518072289266,-0.33000000000000185,40608223.44,2481944,0,16.56,16.65,16.26,16.6
002856,美芝股份,11.89,-0.751252086811351,-0.08999999999999986,66330632.8,5618800,0,12.09,12.15,11.6,11.98
002857,三晖电气,20.83,0.7253384912959312,0.14999999999999858,59646559.0,2885700,0,20.58,20.99,20.27,20.68
002858,力盛体育,15.62,-2.06896551724138,-0.33000000000000007,217505888.0,13633400,0,15.95,16.52,15.54,15.95
002859,洁美科技,28.43,0.1761804087385508,0.05000000000000071,113692199.7,3959735,0,28.36,29.28,28.33,28.38
002860,星帅尔,13.32,-1.6974169741697447,-0.23000000000000043,73232219.25,5484418,0,13.51,13.55,13.27,13.55
002861,瀛通通讯,18.28,-0.760043431053206,-0.14000000000000057,74530824.0,4068450,0,18.24,18.56,18.12,18.42
002862,实丰文化,20.03,-2.1972656249999964,-0.4499999999999993,110492341.2,5501580,0,20.4,20.42,19.92,20.48
002863,今飞凯达,5.73,-0.8650519031141838,-0.04999999999999982,81238162.45,14134295,0,5.78,5.81,5.7,5.78
002864,盘龙药业,31.63,-0.9705698184095249,-0.3100000000000023,78114195.92,2462759,0,31.89,32.19,31.48,31.94
002865,钧达股份,44.55,-10.000000000000005,-4.950000000000003,1676293784.02,36444910,0,49.51,50.0,44.55,49.5
002866,传艺科技,17.23,0.29103608847497503,0.05000000000000071,107154546.0,6233900,0,17.1,17.33,17.03,17.18
002867,周大生,12.21,0.16406890894176662,0.02000000000000135,57308997.52,4693550,0,12.2,12.25,12.16,12.19
002868,*ST绿康,34.96,-3.104212860310414,-1.1199999999999974,60862950.0,1733600,0,35.72,35.88,34.78,36.08
002869,金溢科技,23.74,-3.6916835699797166,-0.9100000000000001,144893169.0,6000800,0,24.57,24.98,23.66,24.65
002870,香山股份,35.52,-0.5877413937867164,-0.20999999999999375,70771123.0,1987600,0,35.72,36.2,35.3,35.73
002871,伟隆股份,16.37,3.020767778477032,0.4800000000000004,130733749.51,8111329,0,15.83,16.46,15.45,15.89
002872,ST天圣,4.85,-1.2219959266802545,-0.0600000000000005,8609470.0,1767500,0,4.9,4.93,4.83,4.91
002873,新天药业,10.02,-1.085883514313931,-0.11000000000000121,31435371.9,3132942,0,10.08,10.13,9.98,10.13
002875,安奈儿,15.8,-1.7412935323382936,-0.2799999999999976,35298108.0,2221800,0,16.08,16.17,15.76,16.08
002876,三利谱,22.92,-0.7792207792207779,-0.17999999999999972,31489697.9,1371700,0,23.0,23.12,22.83,23.1
002877,智能自控,9.08,-1.5184381778741924,-0.14000000000000057,110144244.96,12077974,0,9.21,9.25,9.05,9.22
002878,元隆雅图,17.62,-1.5092230296254865,-0.2699999999999996,142455274.0,8065800,0,17.75,17.81,17.55,17.89
002879,长缆科技,18.49,5.116543490619662,0.8999999999999986,452647913.38,24295376,0,17.62,19.35,17.23,17.59
002880,卫光生物,25.85,-2.1944759742716546,-0.5799999999999983,39362831.58,1497103,0,26.43,26.6,25.83,26.43
002881,美格智能,42.02,-1.199153538678575,-0.509999999999998,150794138.19,3576762,0,42.4,42.64,41.9,42.53
002882,金龙羽,29.75,0.1346348030965976,0.03999999999999915,103275308.0,3474100,0,29.89,29.95,29.51,29.71
002883,中设股份,10.88,-0.09182736455463532,-0.009999999999999787,30181576.97,2786207,0,10.9,10.94,10.71,10.89
002884,凌霄泵业,18.04,1.6910935738444235,0.3000000000000007,96731945.5,5370110,0,17.68,18.14,17.68,17.74
002885,京泉华,26.79,1.940639269406385,0.509999999999998,827003042.19,31239641,0,26.2,27.43,25.51,26.28
002886,沃特股份,19.65,0.0,0.0,60846672.5,3090725,0,19.61,19.8,19.5,19.65
002887,绿茵生态,9.32,-0.1071811361200406,-0.009999999999999787,17030330.6,1824320,0,9.37,9.44,9.26,9.33
002888,惠威科技,20.75,10.021208907741256,1.8900000000000006,247376793.0,12351970,0,18.86,20.75,18.76,18.86
002889,东方嘉盛,16.49,-1.6109785202864146,-0.2700000000000031,176541383.08,10678852,0,16.64,16.76,16.35,16.76
002890,弘宇股份,14.89,2.4071526822558558,0.3500000000000014,35176008.13,2388000,0,14.37,15.18,14.33,14.54
002891,中宠股份,53.15,-2.8336380255941576,-1.5500000000000043,194677286.21,3638623,0,54.69,54.69,53.07,54.7
002892,科力尔,12.51,-0.7930214115781098,-0.09999999999999964,58896588.96,4701368,0,12.6,12.61,12.47,12.61
002893,京能热力,11.39,-1.810344827586199,-0.20999999999999908,88800957.7,7752915,0,11.55,11.56,11.37,11.6
002895,川恒股份,35.96,0.954519932622132,0.3400000000000034,449209816.55,12549961,0,35.57,36.46,35.23,35.62
002896,中大力德,81.85,-2.5595238095238164,-2.1500000000000057,519798545.0,6307569,0,83.0,83.42,81.7,84.0
002897,意华股份,48.51,1.5278359146086162,0.7299999999999969,580246695.27,12000806,0,47.9,49.3,47.35,47.78
002898,*ST赛隆,13.3,-4.316546762589925,-0.5999999999999996,34620712.0,2549110,0,13.8,13.91,13.3,13.9
002899,英派斯,25.44,-2.153846153846149,-0.5599999999999987,107757566.0,4187700,0,26.03,26.3,25.35,26.0
002900,哈三联,12.87,-2.1292775665399324,-0.28000000000000114,40145527.0,3097600,0,13.15,13.15,12.87,13.15
002901,大博医疗,49.56,0.0,0.0,82164960.8,1649285,0,49.55,50.25,49.3,49.56
002902,铭普光磁,22.64,-2.6236559139784923,-0.6099999999999994,234853018.2,10339770,0,23.0,23.22,22.54,23.25
002903,宇环数控,21.18,0.3315963998105177,0.07000000000000028,81490998.6,3860623,0,21.09,21.35,20.9,21.11
002905,金逸影视,10.29,-0.6756756756756785,-0.07000000000000028,38510952.56,3746284,0,10.3,10.41,10.19,10.36
002906,华阳集团,30.99,-1.9303797468354522,-0.610000000000003,309957326.0,9914000,0,31.5,31.77,30.87,31.6
002907,华森制药,15.0,-0.9900990099009923,-0.15000000000000036,19996239.0,1328900,0,15.16,15.24,14.96,15.15
002908,德生科技,9.24,-1.8065887353878844,-0.16999999999999993,38874334.6,4181130,0,9.38,9.44,9.23,9.41
002909,集泰股份,7.41,9.940652818991097,0.6699999999999999,148241757.99,20251839,0,6.73,7.41,6.65,6.74
002910,庄园牧场,13.61,-9.387483355525966,-1.4100000000000001,960254115.13,66180526,0,15.98,16.01,13.52,15.02
002911,佛燃能源,12.19,0.08210180623973552,0.009999999999999787,38736857.7,3174135,0,12.19,12.26,12.15,12.18
002912,中新赛克,28.8,-0.17331022530329535,-0.05000000000000071,77846574.0,2695100,0,29.4,29.49,28.58,28.85
002913,奥士康,41.59,-0.28770079117716957,-0.11999999999999744,194354695.15,4644121,0,41.83,42.31,41.48,41.71
002915,中欣氟材,23.09,3.3109619686800826,0.7399999999999984,474899657.11,20685157,0,22.46,23.48,22.12,22.35
002916,深南电路,223.69,-1.0221238938053108,-2.3100000000000023,2041501082.66,8987098,0,226.02,233.5,223.0,226.0
002917,金奥博,13.26,-0.6741573033707855,-0.08999999999999986,64219380.0,4835900,0,13.36,13.36,13.21,13.35
002918,蒙娜丽莎,14.1,-1.398601398601406,-0.20000000000000107,68055427.0,4844031,0,14.32,14.45,13.81,14.3
002919,名臣健康,21.21,-0.7951356407857725,-0.16999999999999815,64566074.6,3024060,0,21.25,21.7,21.2,21.38
002920,德赛西威,124.46,-1.6126482213438784,-2.0400000000000063,1652383974.65,13168341,0,125.31,127.68,124.02,126.5
002921,联诚精密,14.9,0.06715916722632495,0.009999999999999787,53221589.24,3586036,0,14.87,14.97,14.66,14.89
002922,伊戈尔,32.35,-1.0400734169470673,-0.3399999999999963,498626970.15,15463561,0,32.58,32.79,31.78,32.69
002923,润都股份,12.26,-1.2882447665056374,-0.16000000000000014,29015723.76,2356582,0,12.46,12.48,12.26,12.42
002925,盈趣科技,16.98,-1.5081206496519608,-0.259999999999998,159924481.54,9366765,0,17.2,17.26,16.93,17.24
002926,华西证券,9.32,-0.7454739084132085,-0.07000000000000028,142879517.56,15298089,0,9.39,9.41,9.28,9.39
002927,泰永长征,18.9,-2.2245214692188298,-0.4299999999999997,258299371.19,13619059,0,19.2,19.4,18.71,19.33
002928,华夏航空,10.85,-1.2738853503184764,-0.14000000000000057,132515031.0,12168025,0,10.98,11.02,10.75,10.99
002929,润建股份,38.63,-1.277791975466394,-0.5,97604420.66,2515903,0,39.05,39.14,38.56,39.13
002930,宏川智慧,11.03,-1.7809439002671508,-0.20000000000000107,66644625.89,6024654,0,11.17,11.21,10.98,11.23
002931,锋龙股份,0.0,-100.0,-19.68,0.0,0,0,0.0,0.0,0.0,19.68
002932,明德生物,17.66,-1.615598885793867,-0.28999999999999915,27405277.43,1537379,0,17.97,18.04,17.65,17.95
002933,新兴装备,34.4,-2.2171688459351935,-0.7800000000000011,109676189.0,3158900,0,35.02,35.17,34.32,35.18
002935,天奥电子,19.21,-4.380288700846187,-0.879999999999999,309780911.8,15837088,0,20.0,20.16,19.1,20.09
002936,郑州银行,1.95,0.0,0.0,102920324.43,52827837,0,1.95,1.96,1.94,1.95
002937,兴瑞科技,22.35,2.9005524861878573,0.6300000000000026,238354308.99,10623555,0,21.71,22.99,21.69,21.72
002938,鹏鼎控股,50.42,-0.4540967423494509,-0.22999999999999687,1124817623.6,22164181,0,50.5,51.36,50.2,50.65
002939,长城证券,10.08,-0.2967359050445041,-0.02999999999999936,213753641.58,21137243,0,10.11,10.18,10.06,10.11
002940,昂利康,33.43,-0.2684964200477429,-0.09000000000000341,167462042.0,5010150,0,33.54,33.73,33.14,33.52
002941,新疆交建,16.4,0.6752608962553679,0.10999999999999943,278751863.34,16999393,0,16.3,16.52,16.24,16.29
002942,新农股份,20.12,0.29910269192423866,0.060000000000002274,30410035.3,1517890,0,20.01,20.21,19.84,20.06
002943,宇晶股份,34.8,-2.1097046413502114,-0.75,213590583.51,6108979,0,35.9,36.09,34.21,35.55
002945,华林证券,14.22,-0.9059233449477283,-0.129999999999999,74009687.14,5183800,0,14.35,14.38,14.2,14.35
002946,新乳业,18.68,-1.0593220338983014,-0.1999999999999993,141789334.45,7555600,0,19.02,19.15,18.56,18.88
002947,恒铭达,46.78,3.153252480705622,1.4299999999999997,322147028.26,7034876,0,45.25,46.8,44.77,45.35
002948,青岛银行,4.58,0.0,0.0,95111068.48,20641736,0,4.58,4.63,4.58,4.58
002949,华阳国际,13.6,-1.0909090909090935,-0.15000000000000036,32897732.0,2417900,0,13.75,13.86,13.5,13.75
002950,奥美医疗,11.22,-1.1453744493391984,-0.129999999999999,43079052.0,3828500,0,11.31,11.34,11.18,11.35
002951,金时科技,13.91,-5.180640763462848,-0.7599999999999998,178146823.0,12527900,0,15.16,15.48,13.77,14.67
002952,亚世光电,19.63,-1.554663991975939,-0.3100000000000023,47988424.5,2432650,0,19.9,19.93,19.6,19.94
002953,日丰股份,11.51,-0.8613264427217885,-0.09999999999999964,45353308.5,3929540,0,11.61,11.62,11.48,11.61
002955,鸿合科技,29.44,-1.8012008005336861,-0.5399999999999991,98252639.6,3314550,0,29.9,30.05,29.43,29.98
002956,西麦食品,25.26,-0.6294256490952012,-0.16000000000000014,68147633.48,2713052,0,25.48,25.48,24.84,25.42
002957,科瑞技术,21.78,10.000000000000002,1.9800000000000004,695122350.2,32845706,0,19.78,21.78,19.71,19.8
002958,青农商行,3.14,-0.31746031746031067,-0.009999999999999787,75794987.74,24139798,0,3.14,3.16,3.12,3.15
002959,小熊电器,43.44,-1.2053672958835595,-0.5300000000000011,71129642.14,1626632,0,43.97,44.01,43.43,43.97
002960,青鸟消防,11.06,6.963249516441013,0.7200000000000006,557600383.76,50673351,0,10.54,11.32,10.53,10.34
002961,瑞达期货,26.53,-1.9948282231252275,-0.5399999999999991,359449223.1,13466351,0,26.94,27.16,26.41,27.07
002962,五方光电,14.13,-1.1888111888111883,-0.16999999999999993,43015574.4,3030992,0,14.31,14.35,14.11,14.3
002963,豪尔赛,14.76,-1.2709030100334415,-0.1899999999999995,46675434.0,3167300,0,14.85,15.09,14.62,14.95
002965,祥鑫科技,37.03,-0.9628242845680648,-0.35999999999999943,156010313.4,4202031,0,37.46,37.49,36.9,37.39
002966,苏州银行,8.39,0.9626955475330934,0.08000000000000007,291801279.67,34620099,0,8.33,8.51,8.3,8.31
002967,广电计量,20.82,-2.0696142991533453,-0.4400000000000013,164089298.0,7815900,0,21.2,21.3,20.76,21.26
002968,新大正,11.88,-1.5741507870753895,-0.1899999999999995,39774031.0,3346900,0,12.07,12.13,11.8,12.07
002969,嘉美包装,7.35,10.029940119760479,0.6699999999999999,36532506.15,4970409,0,7.35,7.35,7.35,6.68
002970,锐明技术,49.07,-3.4055118110236164,-1.7299999999999969,471507669.75,9444265,0,50.27,51.2,48.93,50.8
002971,和远气体,30.53,1.597337770382697,0.4800000000000004,225117914.5,7274250,0,30.05,31.78,29.81,30.05
002972,科安达,12.29,1.1522633744855868,0.1399999999999988,72085185.4,5867640,0,12.2,12.44,12.1,12.15
002973,侨银股份,13.29,-2.063375092114968,-0.28000000000000114,28694443.0,2142100,0,13.57,13.58,13.25,13.57
002975,博杰股份,78.35,2.177882107459556,1.6699999999999875,487429787.48,6239083,0,76.58,79.38,76.15,76.68
002976,瑞玛精密,27.18,-1.235465116279069,-0.33999999999999986,93614636.4,3436140,0,27.57,27.76,27.03,27.52
002977,天箭科技,40.18,-4.74158368895211,-2.0,404711479.04,9819632,0,42.0,42.71,39.85,42.18
002978,安宁股份,32.07,0.375586854460097,0.120000000000001,132777829.07,4125826,0,32.0,32.48,31.79,31.95
002979,雷赛智能,39.02,-0.7124681933842087,-0.27999999999999403,90532846.25,2312975,0,39.3,39.35,38.92,39.3
002980,华盛昌,20.67,-1.524535493091933,-0.31999999999999673,38957061.5,1880056,0,21.0,21.07,20.6,20.99
002981,朝阳科技,28.44,-0.7676203768318174,-0.21999999999999886,59599475.8,2095140,0,28.51,28.66,28.28,28.66
002982,湘佳股份,13.92,-1.2765957446808491,-0.17999999999999972,24642628.08,1759096,0,14.11,14.15,13.91,14.1
002983,芯瑞达,22.44,-1.7082785808147045,-0.389999999999997,156995131.76,6971127,0,22.77,22.77,22.35,22.83
002984,森麒麟,21.51,-2.3160762942779205,-0.509999999999998,425272677.71,19784879,0,21.86,22.14,21.2,22.02
002985,北摩高科,30.1,-1.89048239895697,-0.5799999999999983,361327454.44,11890310,0,30.68,30.94,30.0,30.68
002986,宇新股份,10.75,-0.7386888273314873,-0.08000000000000007,22025759.28,2043279,0,10.83,10.86,10.7,10.83
002987,京北方,19.1,-1.7489711934156371,-0.33999999999999986,205506212.9,10731579,0,19.35,19.48,19.05,19.44
002988,豪美新材,36.21,-2.922252010723851,-1.0899999999999963,86761358.0,2365900,0,37.3,37.49,36.14,37.3
002989,中天精装,29.0,-3.5904255319148883,-1.0799999999999983,156039419.86,5334702,0,30.0,30.09,28.89,30.08
002990,盛视科技,27.49,-3.0335097001763773,-0.860000000000003,119676611.0,4320900,0,28.35,28.49,27.4,28.35
002991,甘源食品,58.45,-2.0773998994806417,-1.2399999999999949,47203248.0,800500,0,59.61,60.12,58.37,59.69
002992,宝明科技,48.57,-1.8589614063447195,-0.9200000000000017,49071010.0,998700,0,49.49,50.2,48.5,49.49
002993,奥海科技,43.46,-0.06898137502874485,-0.030000000000001137,71733017.0,1648320,0,43.49,43.88,43.2,43.49
002995,天地在线,16.15,-3.0030030030030033,-0.5,59772570.73,3669629,0,16.49,16.58,16.11,16.65
002996,顺博合金,7.34,-0.542005420054201,-0.040000000000000036,53907786.75,7321155,0,7.4,7.45,7.31,7.38
002997,瑞鹄模具,36.48,-0.5452562704471179,-0.20000000000000284,74711597.0,2039200,0,36.63,36.95,36.44,36.68
002998,优彩资源,7.59,0.3968253968254001,0.03000000000000025,30906557.2,4086062,0,7.53,7.65,7.5,7.56
002999,天禾股份,6.78,-0.8771929824561345,-0.05999999999999961,36640659.0,5405000,0,6.82,6.84,6.72,6.84
003000,劲仔食品,11.68,-0.8488964346349717,-0.09999999999999964,55996236.36,4776860,0,11.84,11.9,11.65,11.78
003001,中岩大地,20.09,0.7522567703109256,0.14999999999999858,51564315.91,2543825,0,19.94,20.9,19.88,19.94
003002,壶化股份,30.94,-3.252032520325201,-1.0399999999999991,268168165.0,8558000,0,31.1,31.98,30.77,31.98
003003,天元股份,13.2,1.0719754977029003,0.1399999999999988,55148376.0,4195200,0,13.17,13.36,12.91,13.06
003004,*ST声迅,22.44,-0.266666666666661,-0.05999999999999872,11837177.0,528100,0,22.5,22.6,22.25,22.5
003005,竞业达,20.1,-2.0467836257309853,-0.41999999999999815,62748585.6,3101815,0,20.51,20.52,20.06,20.52
003006,百亚股份,21.05,-2.0930232558139505,-0.4499999999999993,91005418.22,4332839,0,21.56,21.56,20.82,21.5
003007,直真科技,32.21,-0.8618036318867378,-0.28000000000000114,27797182.0,861800,0,32.7,32.72,32.05,32.49
003008,开普检测,22.05,0.2728512960436666,0.060000000000002274,31904472.5,1456150,0,21.9,22.12,21.75,21.99
003009,中天火箭,59.65,-4.437680230695295,-2.770000000000003,1004431241.92,16013218,0,62.5,66.75,59.5,62.42
003010,若羽臣,35.96,-1.5873015873015828,-0.5799999999999983,290713614.58,8126450,0,36.91,36.96,35.12,36.54
003011,海象新材,22.17,1.1405109489051095,0.25,68662668.0,3100500,0,22.0,22.38,21.82,21.92
003012,东鹏控股,6.79,-0.14705882352940863,-0.009999999999999787,24739041.0,3639900,0,6.81,6.83,6.77,6.8
003013,地铁设计,14.16,-0.28169014084506444,-0.03999999999999915,20376673.0,1432700,0,14.2,14.28,14.14,14.2
003015,日久光电,15.56,-0.5750798722044719,-0.08999999999999986,38733163.0,2479300,0,15.61,15.75,15.52,15.65
003016,欣贺股份,9.36,0.10695187165775173,0.009999999999999787,152617156.0,16335300,0,9.36,9.47,9.24,9.35
003017,大洋生物,29.66,0.270453008789729,0.08000000000000185,43730019.68,1477998,0,29.58,29.8,29.3,29.58
003018,金富科技,17.4,-2.082160945413624,-0.370000000000001,124567703.0,7135300,0,17.9,17.98,17.28,17.77
003019,宸展光电,32.94,-0.060679611650494916,-0.020000000000003126,120947478.81,3673698,0,32.85,33.38,32.4,32.96
003020,立方制药,26.6,0.0,0.0,38538378.87,1443602,0,26.57,26.93,26.5,26.6
003021,兆威机电,114.14,1.7381228273464684,1.9500000000000028,1485127298.97,12888555,0,115.7,117.45,113.54,112.19
003022,联泓新科,19.08,2.0866773675762276,0.389999999999997,257188320.3,13531858,0,18.89,19.45,18.69,18.69
003023,彩虹集团,22.34,-1.237842617152967,-0.28000000000000114,35495988.9,1591790,0,22.6,22.6,22.13,22.62
003025,思进智能,13.8,0.5098324836125293,0.07000000000000028,47194511.66,3418656,0,13.77,13.94,13.62,13.73
003026,中晶科技,30.43,-0.944010416666664,-0.28999999999999915,47516852.5,1552210,0,30.74,30.99,30.31,30.72
003027,同兴科技,20.93,2.698724239450445,0.5500000000000007,141470434.5,6839850,0,20.19,21.14,20.05,20.38
003028,振邦智能,28.83,-1.0638297872340503,-0.3100000000000023,22188120.2,767650,0,29.14,29.17,28.71,29.14
003029,吉大正元,27.38,1.8980275400074358,0.509999999999998,924694509.49,32335256,0,29.56,29.56,27.3,26.87
003030,祖名股份,20.57,-2.788279773156899,-0.5899999999999999,53950710.0,2602900,0,21.3,21.65,20.45,21.16
003031,中瓷电子,76.62,-2.0705521472392516,-1.6199999999999903,982762769.35,12640838,0,78.25,79.79,76.34,78.24
003032,*ST传智,6.26,-1.2618296529968467,-0.08000000000000007,13082177.0,2085400,0,6.31,6.33,6.25,6.34
003033,征和工业,66.7,-1.6224188790560388,-1.0999999999999943,167701642.17,2506593,0,67.91,68.0,65.8,67.8
003035,南网能源,4.66,-0.4273504273504183,-0.019999999999999574,43794387.17,9364499,0,4.69,4.72,4.65,4.68
003036,泰坦股份,15.87,-2.2181146025878076,-0.3600000000000012,121813157.54,7416444,0,16.23,17.3,15.82,16.23
003037,三和管桩,7.71,3.212851405622493,0.2400000000000002,83088722.0,10900900,0,7.46,7.77,7.41,7.47
003038,鑫铂股份,15.29,-0.06535947712419321,-0.010000000000001563,36853381.9,2404076,0,15.42,15.43,15.23,15.3
003039,顺控发展,14.49,-1.0245901639344286,-0.15000000000000036,97939940.02,6735200,0,14.61,14.8,14.43,14.64
003040,楚天龙,18.89,-3.5732516590096948,-0.6999999999999993,603193615.22,31664222,0,19.44,19.58,18.81,19.59
003041,真爱美家,42.2,-0.6357428773251614,-0.269999999999996,230948261.08,5454600,0,42.38,43.74,41.44,42.47
003042,中农联合,15.73,-0.19035532994923454,-0.02999999999999936,36114809.0,2306400,0,15.8,15.86,15.53,15.76
003043,华亚智能,45.8,-0.8013861815031504,-0.37000000000000455,43186780.56,935441,0,46.13,46.6,45.7,46.17
003816,中国广核,3.81,-0.781249999999995,-0.029999999999999805,341184326.0,88859100,0,3.84,3.87,3.81,3.84
300001,特锐德,25.85,0.46638165565488143,0.120000000000001,350466287.81,13569062,0,25.69,26.03,25.62,25.73
300002,神州泰岳,11.19,-0.7978723404255307,-0.08999999999999986,365198200.61,32545582,0,11.28,11.34,11.13,11.28
300003,乐普医疗,15.83,0.06321112515802646,0.009999999999999787,180614870.37,11415596,0,15.8,15.96,15.72,15.82
300004,南风股份,11.86,5.892857142857145,0.6600000000000001,650164429.17,56193062,0,11.16,11.95,10.96,11.2
300005,探路者,10.77,-1.1019283746556565,-0.120000000000001,252807780.92,23332267,0,10.8,10.96,10.74,10.89
300006,莱美药业,5.3,2.5145067698259167,0.1299999999999999,399917944.83,75325241,0,5.14,5.41,5.11,5.17
300007,汉威科技,46.34,-2.687946241075166,-1.279999999999994,516055584.9,11039883,0,47.5,47.5,46.05,47.62
300008,天海防务,7.7,-1.2820512820512775,-0.09999999999999964,658841259.77,85104768,0,7.77,7.86,7.67,7.8
300009,安科生物,9.81,-0.40609137055836697,-0.03999999999999915,93652690.0,9540030,0,9.85,9.88,9.78,9.85
300010,豆神教育,7.17,-0.5547850208044388,-0.040000000000000036,521140498.46,72267944,0,7.19,7.33,7.08,7.21
300011,鼎汉技术,8.22,-1.9093078758949895,-0.16000000000000014,47147794.0,5703500,0,8.37,8.37,8.19,8.38
300012,华测检测,13.39,-0.3720238095238016,-0.049999999999998934,182111256.96,13540597,0,13.43,13.59,13.33,13.44
300013,新宁物流,3.93,-3.4398034398034425,-0.14000000000000012,59093363.5,14886324,0,4.04,4.06,3.93,4.07
300014,亿纬锂能,70.58,2.275032603970429,1.5699999999999932,3725266636.21,52704463,0,69.04,71.99,68.8,69.01
300015,爱尔眼科,11.13,-1.8518518518518439,-0.20999999999999908,545512904.88,48746395,0,11.35,11.35,11.1,11.34
300016,北陆药业,8.06,-0.24752475247524225,-0.019999999999999574,40555868.95,5043569,0,8.11,8.11,7.98,8.08
300017,网宿科技,10.03,0.09980039920159467,0.009999999999999787,318430239.69,31756291,0,10.04,10.1,9.95,10.02
300018,中元股份,10.38,-1.983002832861181,-0.20999999999999908,88752162.0,8476200,0,10.57,10.61,10.37,10.59
300019,硅宝科技,20.97,1.2554321583775858,0.259999999999998,265205507.68,12625062,0,20.7,21.18,20.68,20.71
300020,ST银江,3.44,-2.2727272727272747,-0.08000000000000007,38248380.88,11099802,0,3.53,3.53,3.41,3.52
300021,大禹节水,4.52,-1.9522776572668272,-0.09000000000000075,53726935.52,11809529,0,4.6,4.61,4.52,4.61
300022,吉峰科技,7.74,0.389105058365762,0.03000000000000025,70692790.0,9183950,0,7.69,7.81,7.58,7.71
300024,机器人,17.14,-1.437607820586544,-0.25,267932685.31,15542702,0,17.36,17.36,17.11,17.39
300025,华星创业,5.71,-1.721170395869185,-0.09999999999999964,46539939.0,8131800,0,5.82,5.84,5.68,5.81
300026,红日药业,3.57,-0.8333333333333403,-0.03000000000000025,68274589.0,19043600,0,3.6,3.62,3.56,3.6
300027,华谊兄弟,2.09,-2.3364485981308536,-0.050000000000000266,159592823.76,75554042,0,2.13,2.15,2.08,2.14
300029,*ST天龙,5.62,-5.862646566164149,-0.34999999999999964,37784828.13,6580109,0,5.9,5.95,5.56,5.97
300030,阳普医疗,7.43,-1.3280212483399805,-0.10000000000000053,30933253.0,4152100,0,7.6,7.6,7.4,7.53
300031,宝通科技,21.53,-0.46232085067035544,-0.09999999999999787,101619107.26,4718504,0,21.57,21.71,21.42,21.63
300032,金龙机电,5.15,-0.19379844961239895,-0.009999999999999787,89160064.0,17352100,0,5.15,5.19,5.09,5.16
300033,同花顺,313.19,-0.8892405063291146,-2.8100000000000023,1244941513.78,3949142,0,316.01,318.08,312.6,316.0
300034,钢研高纳,18.17,-1.889848812095021,-0.34999999999999787,660725809.93,35844537,0,18.6,18.86,18.1,18.52
300035,中科电气,21.64,1.6439643024894386,0.3500000000000014,828128212.61,38306193,0,21.28,22.0,21.13,21.29
300036,超图软件,16.69,-1.707891637220254,-0.28999999999999915,157885031.78,9396764,0,17.02,17.04,16.64,16.98
300037,新宙邦,52.31,4.787660256410257,2.3900000000000006,1587979817.31,30670637,0,49.82,53.59,49.55,49.92
300039,上海凯宝,6.09,-0.49019607843137664,-0.03000000000000025,56335316.41,9217631,0,6.1,6.14,6.09,6.12
300040,九洲集团,6.07,-0.8169934640522847,-0.04999999999999982,48954281.24,8029016,0,6.1,6.16,6.04,6.12
300041,回天新材,11.42,0.6167400881057294,0.07000000000000028,163073086.56,14263078,0,11.39,11.53,11.28,11.35
300042,朗科科技,25.46,-0.5468750000000022,-0.14000000000000057,149140495.68,5834354,0,25.56,25.88,25.39,25.6
300043,星辉娱乐,5.9,-0.5059021922428223,-0.02999999999999936,245462237.11,41647799,0,5.89,5.97,5.84,5.93
300044,ST赛为,4.0,-1.960784313725492,-0.08000000000000007,66966100.2,16716880,0,4.04,4.06,3.97,4.08
300045,华力创通,24.34,-5.6589147286821735,-1.4600000000000009,2154064775.02,86446354,0,25.4,26.05,24.21,25.8
300046,台基股份,34.71,-1.893725268513289,-0.6700000000000017,167206168.19,4781015,0,35.37,35.39,34.64,35.38
300047,天源迪科,12.01,-1.7988552739166035,-0.22000000000000064,191010640.5,15835280,0,12.25,12.25,11.95,12.23
300048,合康新能,5.78,0.6968641114982584,0.040000000000000036,158470356.64,27398952,0,5.76,5.87,5.7,5.74
300049,福瑞医科,74.92,2.2938285090114787,1.6800000000000068,573123482.68,7642419,0,73.34,75.9,73.34,73.24
300050,世纪鼎利,5.35,-2.193784277879344,-0.1200000000000001,55213500.69,10249900,0,5.47,5.51,5.34,5.47
300051,琏升科技,6.49,-2.111613876319754,-0.13999999999999968,66026430.78,10140476,0,6.6,6.6,6.46,6.63
300052,ST中青宝,11.88,0.9345794392523468,0.11000000000000121,51441256.0,4322000,0,11.79,11.97,11.79,11.77
300053,航宇微,16.66,-5.233219567690547,-0.9199999999999982,1557871946.31,90889085,0,17.47,18.09,16.48,17.58
300054,鼎龙股份,39.1,1.2166709811027667,0.46999999999999886,1174027013.28,29818949,0,38.6,40.23,38.41,38.63
300055,万邦达,7.42,-1.0666666666666678,-0.08000000000000007,49003740.0,6596250,0,7.48,7.52,7.37,7.5
300056,中创环保,8.78,-3.090507726269328,-0.28000000000000114,171771755.03,19531931,0,8.94,9.03,8.68,9.06
300057,万顺新材,5.7,-0.6968641114982584,-0.040000000000000036,106787428.38,18613726,0,5.74,5.81,5.68,5.74
300058,蓝色光标,8.44,-1.6317016317016382,-0.14000000000000057,1853834717.87,218819012,0,8.53,8.57,8.39,8.58
300059,东方财富,22.98,-0.43327556325822303,-0.09999999999999787,4084556299.23,177039490,0,23.06,23.24,22.93,23.08
300061,旗天科技,10.21,-2.296650717703334,-0.23999999999999844,99039239.2,9666991,0,10.38,10.41,10.17,10.45
300062,中能电气,10.46,5.02008032128514,0.5,1468463694.2,142842530,0,9.93,10.67,9.72,9.96
300063,天龙集团,8.11,0.24721878862793045,0.019999999999999574,222345856.76,27244986,0,8.09,8.28,8.08,8.09
300065,海兰信,17.3,-2.0385050962627376,-0.35999999999999943,487496946.24,27672397,0,17.6,18.23,17.25,17.66
300066,三川智慧,6.23,-0.9538950715421243,-0.05999999999999961,65023200.1,10389835,0,6.3,6.31,6.21,6.29
300067,安诺其,5.02,-1.9531250000000104,-0.10000000000000053,119639272.0,23586566,0,5.17,5.17,5.01,5.12
300068,南都电源,15.73,-1.9937694704049862,-0.3200000000000003,982097035.22,62301269,0,15.95,16.14,15.48,16.05
300069,金利华电,17.29,-1.256424900057124,-0.22000000000000242,33930776.4,1962870,0,17.6,17.6,17.11,17.51
300070,碧水源,3.9,-1.0152284263959401,-0.040000000000000036,70123364.8,17893880,0,3.94,3.95,3.9,3.94
300071,福石控股,5.45,-3.880070546737209,-0.21999999999999975,373469521.4,68246320,0,5.6,5.63,5.41,5.67
300072,海新能科,4.6,-2.5423728813559343,-0.1200000000000001,314496213.14,67713292,0,4.78,4.78,4.58,4.72
300073,当升科技,58.33,2.315383266093668,1.3200000000000003,973217084.77,16693676,0,57.23,59.39,57.0,57.01
300074,华平股份,4.6,-2.748414376321369,-0.13000000000000078,69704758.0,15044100,0,4.75,4.77,4.58,4.73
300075,数字政通,14.54,-2.3505708529214333,-0.3500000000000014,106470232.76,7256582,0,14.89,14.92,14.5,14.89
300076,GQY视讯,7.27,-1.7567567567567672,-0.13000000000000078,149315797.5,20537810,0,7.38,7.46,7.21,7.4
300077,国民技术,19.77,-1.6907011437095967,-0.33999999999999986,188722386.55,9480484,0,20.11,20.12,19.75,20.11
300078,思创医惠,4.11,-2.836879432624116,-0.1200000000000001,221661189.69,53631491,0,4.21,4.24,4.09,4.23
300079,数码视讯,5.22,-1.5094339622641524,-0.08000000000000007,80835574.24,15424514,0,5.29,5.3,5.21,5.3
300080,易成新能,4.86,-1.0183299389002,-0.04999999999999982,65571176.0,13462800,0,4.9,4.94,4.82,4.91
300081,恒信东方,5.29,-4.856115107913662,-0.2699999999999996,219153562.53,41012459,0,5.53,5.53,5.29,5.56
300082,奥克股份,10.06,4.573804573804587,0.4400000000000013,368293657.07,37106802,0,9.66,10.21,9.46,9.62
300083,创世纪,9.58,-0.9307135470527389,-0.08999999999999986,521542453.23,54375017,0,9.63,9.69,9.53,9.67
300084,海默科技,9.57,0.31446540880504337,0.030000000000001137,78704923.08,8227002,0,9.51,9.64,9.5,9.54
300085,银之杰,39.51,-2.1545319465081834,-0.8700000000000045,928644033.15,23350344,0,39.99,40.51,39.35,40.38
300086,康芝药业,13.84,4.689863842662626,0.6199999999999992,2594427577.35,181715924,0,14.18,15.19,13.6,13.22
300087,荃银高科,11.46,0.08733624454149838,0.010000000000001563,450395819.0,39097949,0,11.43,11.58,11.43,11.45
300088,长信科技,5.91,-1.0050251256281342,-0.05999999999999961,150924437.66,25466178,0,5.95,5.97,5.9,5.97
300091,金通灵,2.87,-2.047781569965872,-0.06000000000000005,64183600.52,22349782,0,2.91,2.94,2.86,2.93
300092,科新机电,15.23,0.26333113890718185,0.040000000000000924,111899006.36,7349900,0,15.18,15.45,15.04,15.19
300093,*ST金刚,15.85,1.40754958413307,0.21999999999999886,131226215.44,8067173,0,15.89,16.81,15.77,15.63
300094,国联水产,3.76,-2.5906735751295358,-0.10000000000000009,229698134.03,60467083,0,3.83,3.91,3.75,3.86
300095,华伍股份,10.7,-2.372262773722642,-0.26000000000000156,528386622.54,48069700,0,11.02,11.45,10.65,10.96
300096,ST易联众,7.59,-3.557814485387551,-0.28000000000000025,73613120.0,9604400,0,7.92,7.95,7.46,7.87
300097,ST智云,6.86,0.0,0.0,38738797.0,5624800,0,6.9,6.94,6.84,6.86
300098,高新兴,5.98,-3.5483870967741895,-0.21999999999999975,526888534.3,86926251,0,6.15,6.19,5.97,6.2
300099,尤洛卡,6.96,-1.6949152542372896,-0.1200000000000001,98688267.51,14109015,0,7.07,7.11,6.93,7.08
300100,双林股份,36.28,-1.7068545109726239,-0.6299999999999955,275792931.21,7553702,0,36.91,36.94,36.18,36.91
300101,振芯科技,23.09,-4.031587697423104,-0.9699999999999989,501337160.07,21403868,0,23.97,23.97,23.0,24.06
300102,乾照光电,23.01,-3.9649415692821335,-0.9499999999999993,2655957050.54,114707795,0,23.8,23.99,22.72,23.96
300103,达刚控股,7.27,0.0,0.0,41222933.84,5688470,0,7.29,7.35,7.15,7.27
300105,龙源技术,7.29,0.5517241379310349,0.040000000000000036,51205388.0,7050800,0,7.25,7.36,7.2,7.25
300106,西部牧业,11.48,-3.040540540540536,-0.35999999999999943,276339436.98,23733116,0,12.04,12.21,11.34,11.84
300107,建新股份,6.71,-1.3235294117647038,-0.08999999999999986,16897201.0,2504800,0,6.79,6.8,6.7,6.8
300108,*ST吉药,0.0,-100.0,-0.21,0.0,0,0,0.0,0.0,0.0,0.21
300109,新开源,16.81,0.0,0.0,90293503.61,5345083,0,16.72,17.05,16.68,16.81
300110,华仁药业,3.19,-3.0395136778115526,-0.10000000000000009,58423023.8,18090180,0,3.29,3.3,3.19,3.29
300111,向日葵,7.05,-0.7042253521126736,-0.04999999999999982,214976580.36,30438743,0,7.06,7.17,6.98,7.1
300112,万讯自控,8.37,-1.5294117647058916,-0.13000000000000078,34851881.0,4145600,0,8.44,8.5,8.35,8.5
300113,顺网科技,19.27,0.0,0.0,217302685.71,11255035,0,19.3,19.46,19.12,19.27
300115,长盈精密,36.55,-3.281291346917179,-1.240000000000002,2968114089.89,80350600,0,37.42,37.62,36.32,37.79
300117,*ST嘉寓,0.0,-100.0,-0.43,0.0,0,0,0.0,0.0,0.0,0.43
300118,东方日升,12.67,-2.6133743274404297,-0.33999999999999986,1175274264.27,90487453,0,13.18,13.58,12.6,13.01
300119,瑞普生物,19.44,-0.5626598465473117,-0.10999999999999943,67825217.0,3459100,0,19.72,19.87,19.42,19.55
300120,经纬辉开,8.27,-1.5476190476190568,-0.13000000000000078,68405928.0,8198300,0,8.41,8.45,8.26,8.4
300121,阳谷华泰,13.21,-1.711309523809514,-0.22999999999999865,86160412.0,6438400,0,13.45,13.55,13.2,13.44
300122,智飞生物,19.04,-1.5002586652871142,-0.28999999999999915,185174791.84,9672259,0,19.29,19.37,19.03,19.33
300123,亚光科技,7.1,-5.710491367861894,-0.4300000000000006,704253214.28,96732114,0,7.6,7.6,7.08,7.53
300124,汇川技术,72.49,-0.31628162816282174,-0.23000000000000398,1337232828.01,18347476,0,72.85,73.49,72.32,72.72
300125,*ST聆达,7.85,2.480417754569184,0.1899999999999995,102207812.76,12959404,0,7.65,8.05,7.64,7.66
300126,锐奇股份,8.27,-1.4302741358760547,-0.120000000000001,35850903.0,4316000,0,8.38,8.42,8.23,8.39
300127,银河磁体,30.23,-0.5592105263157834,-0.16999999999999815,97297785.0,3207400,0,30.39,30.55,30.1,30.4
300128,锦富技术,8.05,2.417302798982193,0.1900000000000004,855980555.37,107128709,0,7.89,8.32,7.68,7.86
300129,泰胜风能,8.48,-1.9653179190751435,-0.16999999999999993,260842764.16,30374481,0,8.65,8.75,8.46,8.65
300130,新国都,24.46,-3.24367088607595,-0.8200000000000003,334591805.09,13583260,0,25.1,25.18,24.39,25.28
300131,英唐智控,12.34,-1.9077901430842623,-0.2400000000000002,641753398.18,52081869,0,12.62,12.62,12.18,12.58
300132,青松股份,7.92,-1.980198019801982,-0.16000000000000014,147559687.0,18577100,0,8.08,8.1,7.87,8.08
300133,华策影视,8.07,0.12406947890818594,0.009999999999999787,433863446.94,53791911,0,8.02,8.13,7.96,8.06
300134,大富科技,12.34,0.8994276369582946,0.10999999999999943,314016220.22,25237497,0,12.22,12.78,12.07,12.23
300135,宝利国际,3.82,-1.546391752577321,-0.06000000000000005,34451264.0,8966600,0,3.89,3.9,3.81,3.88
300136,信维通信,37.75,-3.1057494866529796,-1.2100000000000009,3248635763.56,84608858,0,39.38,40.19,37.58,38.96
300137,先河环保,10.49,1.3526570048309234,0.14000000000000057,248480924.71,23748613,0,10.28,10.68,10.2,10.35
300138,晨光生物,12.96,-0.4608294930875478,-0.05999999999999872,76408184.5,5901250,0,13.05,13.07,12.81,13.02
300139,晓程科技,31.37,0.8033419023136247,0.25,1518433938.46,48000846,0,32.52,32.55,30.99,31.12
300140,节能环境,6.38,-2.5954198473282433,-0.16999999999999993,94264287.0,14633500,0,6.53,6.55,6.36,6.55
300141,和顺电气,11.51,-1.1168384879725153,-0.13000000000000078,73639778.25,6391952,0,11.61,11.67,11.41,11.64
300142,沃森生物,11.05,-0.896860986547082,-0.09999999999999964,155784203.92,14053168,0,11.15,11.16,11.04,11.15
300143,盈康生命,10.08,-1.273261508325179,-0.13000000000000078,32936994.87,3245946,0,10.2,10.23,10.07,10.21
300144,宋城演艺,8.15,-2.2781774580335674,-0.1899999999999995,345889405.02,42089580,0,8.33,8.33,8.14,8.34
300145,南方泵业,4.6,1.7699115044247804,0.08000000000000007,413728531.54,90273257,0,4.5,4.67,4.46,4.52
300146,汤臣倍健,12.04,-0.986842105263166,-0.120000000000001,146986570.38,12164558,0,12.18,12.18,12.0,12.16
300147,ST香雪,9.43,-1.8730489073881345,-0.17999999999999972,60283228.8,6360160,0,9.58,9.58,9.39,9.61
300148,天舟文化,4.29,-1.3793103448275774,-0.05999999999999961,62272895.0,14447600,0,4.35,4.36,4.28,4.35
300149,睿智医药,9.71,-1.2207527975584864,-0.11999999999999922,50129986.3,5150989,0,9.84,9.88,9.68,9.83
300150,世纪瑞尔,5.22,-1.1363636363636458,-0.0600000000000005,36430828.0,6951300,0,5.28,5.31,5.21,5.28
300151,昌红科技,13.2,-0.8264462809917446,-0.11000000000000121,44585530.16,3361396,0,13.32,13.39,13.19,13.31
300152,ST新动力,2.26,-3.0042918454935745,-0.07000000000000028,63272425.0,27623800,0,2.33,2.35,2.25,2.33
300153,科泰电源,29.53,1.164782459746488,0.33999999999999986,436311164.4,14764416,0,29.23,29.98,29.06,29.19
300154,瑞凌股份,9.45,0.0,0.0,60045873.0,6370300,0,9.45,9.54,9.31,9.45
300155,安居宝,5.54,-2.2927689594356244,-0.1299999999999999,78851665.0,14187800,0,5.65,5.67,5.48,5.67
300157,新锦动力,4.56,-1.935483870967758,-0.09000000000000075,132499427.11,28775937,0,4.63,4.7,4.54,4.65
300158,振东制药,5.9,-2.3178807947019817,-0.13999999999999968,133683257.96,22448623,0,6.06,6.06,5.89,6.04
300159,*ST新研,0.0,-100.0,-3.39,0.0,0,0,0.0,0.0,0.0,3.39
300160,秀强股份,5.46,-0.7272727272727278,-0.040000000000000036,27475620.0,5022300,0,5.49,5.51,5.43,5.5
300161,华中数控,28.15,0.0,0.0,58541738.08,2077566,0,28.5,28.5,28.05,28.15
300162,雷曼光电,7.67,-1.5404364569961502,-0.1200000000000001,92192359.0,12045300,0,7.79,7.81,7.56,7.79
300163,先锋新材,4.1,-0.7263922518159867,-0.03000000000000025,78365801.0,19086300,0,4.12,4.15,4.07,4.13
300164,通源石油,5.41,-1.6363636363636338,-0.08999999999999986,197006312.2,36307080,0,5.5,5.54,5.38,5.5
300165,ST天瑞,4.66,1.3043478260869674,0.0600000000000005,23579294.0,5071000,0,4.59,4.68,4.59,4.6
300166,东方国信,9.65,-2.1298174442190576,-0.20999999999999908,171956824.59,17694887,0,9.81,9.83,9.64,9.86
300167,ST迪威迅,5.02,-1.7612524461839676,-0.09000000000000075,16408952.0,3239500,0,5.13,5.13,5.01,5.11
300168,万达信息,6.35,-2.607361963190183,-0.16999999999999993,95497067.83,14913291,0,6.52,6.55,6.33,6.52
300169,天晟新材,6.08,-1.9354838709677438,-0.1200000000000001,43255213.05,7105215,0,6.18,6.2,6.04,6.2
300170,汉得信息,16.95,-0.7611241217798538,-0.129999999999999,561670578.75,33114015,0,17.07,17.15,16.84,17.08
300171,东富龙,15.47,-1.08695652173913,-0.16999999999999993,91772366.72,5891109,0,15.52,15.74,15.44,15.64
300172,中电环保,5.52,-0.8976660682226338,-0.05000000000000071,90546956.0,16396000,0,5.55,5.57,5.47,5.57
300173,ST福能,4.42,-18.299445471349358,-0.9900000000000002,574896944.68,130347917,0,4.33,4.73,4.33,5.41
300174,元力股份,15.85,2.655440414507773,0.41000000000000014,164718792.11,10376127,0,15.44,16.05,15.35,15.44
300175,ST朗源,5.71,1.0619469026548602,0.05999999999999961,20866963.0,3667300,0,5.64,5.77,5.62,5.65
300176,鸿特科技,6.59,-1.199400299850076,-0.08000000000000007,29838024.0,4520000,0,6.66,6.69,6.55,6.67
300177,中海达,9.62,-3.6072144288577275,-0.3600000000000012,308732871.04,31564474,0,9.88,10.0,9.58,9.98
300179,四方达,15.32,5.219780219780218,0.7599999999999998,962446638.99,62256929,0,14.62,15.97,14.61,14.56
300180,华峰超纤,6.32,-2.918586789554524,-0.1899999999999995,169685117.56,26597340,0,6.47,6.5,6.31,6.51
300181,佐力药业,17.06,0.4120070629782242,0.07000000000000028,190861424.44,11097371,0,16.95,17.38,16.92,16.99
300182,捷成股份,5.16,-0.7692307692307698,-0.040000000000000036,137764432.51,26629936,0,5.2,5.2,5.15,5.2
300183,东软载波,14.42,-1.837985023825729,-0.2699999999999996,49888120.0,3439200,0,14.69,14.7,14.35,14.69
300184,力源信息,9.78,-1.3118062563067687,-0.13000000000000078,148745018.0,15171600,0,9.89,9.9,9.74,9.91
300185,通裕重工,2.83,-1.0489510489510423,-0.029999999999999805,138829490.3,48755878,0,2.85,2.87,2.82,2.86
300187,永清环保,4.93,-1.0040160642570424,-0.05000000000000071,31149881.53,6314521,0,4.96,4.98,4.9,4.98
300188,国投智能,14.18,0.28288543140027683,0.03999999999999915,199233344.5,13836020,0,14.61,14.75,14.15,14.14
300189,神农种业,7.85,10.098176718092564,0.7199999999999998,4260545528.46,531598674,0,7.61,8.56,7.61,7.13
300190,维尔利,4.22,-1.8604651162790715,-0.08000000000000007,87334041.53,20395222,0,4.3,4.34,4.2,4.3
300191,潜能恒信,18.26,-0.16402405686165986,-0.029999999999997584,38700372.78,2117003,0,18.4,18.46,18.19,18.29
300192,科德教育,20.4,-0.8264462809917439,-0.1700000000000017,278300752.0,13665200,0,20.58,20.67,20.21,20.57
300193,佳士科技,8.8,-1.0123734533183335,-0.08999999999999986,24442063.0,2763600,0,8.89,8.89,8.79,8.89
300194,福安药业,4.53,-1.3071895424836517,-0.05999999999999961,101464113.04,22299909,0,4.58,4.61,4.51,4.59
300195,长荣股份,8.14,0.3699136868064259,0.030000000000001137,70134834.0,8648400,0,8.09,8.19,8.01,8.11
300196,长海股份,14.26,2.442528735632183,0.33999999999999986,143130836.82,10018238,0,13.92,14.48,13.86,13.92
300197,节能铁汉,1.77,-1.666666666666668,-0.030000000000000027,65745070.05,37033891,0,1.81,1.81,1.76,1.8
300198,ST纳川,2.48,-1.5873015873015885,-0.040000000000000036,30685551.0,12297100,0,2.52,2.53,2.48,2.52
300199,翰宇药业,18.08,-0.4405286343612437,-0.08000000000000185,375633438.79,20622198,0,18.41,18.66,18.05,18.16
300200,高盟新材,12.3,1.2345679012345707,0.15000000000000036,519864930.6,42150020,0,11.92,12.75,11.91,12.15
300201,海伦哲,5.94,0.16863406408095574,0.010000000000000675,312573389.56,52515453,0,5.98,6.06,5.88,5.93
300203,聚光科技,15.83,-0.6277463904582526,-0.09999999999999964,80283030.0,5046600,0,15.89,16.07,15.79,15.93
300204,舒泰神,27.09,-1.2395187750637982,-0.33999999999999986,430775052.4,15893910,0,27.63,27.63,26.83,27.43
300205,*ST天喻,3.97,-5.250596658711221,-0.2200000000000002,19424138.0,4820600,0,4.12,4.12,3.96,4.19
300206,理邦仪器,12.85,-0.618716163959784,-0.08000000000000007,40864157.8,3171337,0,12.91,12.97,12.81,12.93
300207,欣旺达,29.7,1.469080970276733,0.4299999999999997,1572781215.64,52808462,0,29.36,30.26,29.26,29.27
300208,中程退,0.28,-12.499999999999993,-0.03999999999999998,11483398.0,39320206,0,0.32,0.32,0.27,0.32
300209,有棵树,5.78,1.9400352733686126,0.11000000000000032,124927723.0,21685700,0,5.74,5.84,5.61,5.67
300210,森远股份,8.94,-3.559870550161813,-0.33000000000000007,92775763.0,10242000,0,9.24,9.25,8.92,9.27
300211,*ST亿通,8.22,-1.320528211284507,-0.10999999999999943,23231342.0,2817820,0,8.31,8.4,8.1,8.33
300212,易华录,16.01,-1.9595835884874266,-0.31999999999999673,132733350.24,8245436,0,16.35,16.38,16.01,16.33
300213,佳讯飞鸿,8.94,-3.3513513513513566,-0.3100000000000005,217434877.0,24011900,0,9.21,9.25,8.92,9.25
300214,日科化学,6.79,0.7418397626112733,0.04999999999999982,29815004.0,4407900,0,6.73,6.81,6.71,6.74
300215,电科院,6.55,-1.946107784431136,-0.1299999999999999,169174806.96,25843298,0,6.66,6.71,6.45,6.68
300217,东方电热,5.18,-0.5758157389635364,-0.03000000000000025,92887230.38,17929124,0,5.18,5.21,5.15,5.21
300218,安利股份,15.66,0.32030749519539214,0.05000000000000071,93908906.0,5996300,0,15.61,15.93,15.42,15.61
300219,鸿利智汇,7.16,0.9873060648801169,0.07000000000000028,141447938.57,19714711,0,7.09,7.31,7.02,7.09
300220,金运激光,14.45,-1.2978142076502819,-0.19000000000000128,30604948.6,2123180,0,14.61,14.66,14.31,14.64
300221,银禧科技,9.73,0.0,0.0,409590259.6,41708520,0,9.74,10.06,9.69,9.73
300222,科大智能,10.42,-1.325757575757581,-0.14000000000000057,105689293.0,10105000,0,10.58,10.61,10.37,10.56
300223,北京君正,98.93,5.132837407013828,4.8300000000000125,3890002490.4,39551446,0,93.55,101.37,93.55,94.1
300224,正海磁材,15.29,-0.32594524119948315,-0.05000000000000071,215316061.08,14040852,0,15.35,15.42,15.22,15.34
300225,*ST金泰,4.46,-5.3078556263269645,-0.25,91140394.4,19974445,0,4.66,4.76,4.44,4.71
300226,上海钢联,23.62,-1.6652789342214762,-0.3999999999999986,111474302.96,4686955,0,24.05,24.05,23.5,24.02
300227,光韵达,8.71,-1.4705882352941064,-0.129999999999999,69937922.5,7987774,0,8.8,8.9,8.68,8.84
300228,富瑞特装,9.1,1.7897091722595095,0.16000000000000014,712632688.28,77111846,0,8.99,9.49,8.99,8.94
300229,拓尔思,18.55,-0.642742367434392,-0.120000000000001,221369649.12,11778758,0,18.99,19.17,18.5,18.67
300230,永利股份,4.77,-0.41753653444677374,-0.020000000000000462,37523673.0,7863600,0,4.78,4.81,4.75,4.79
300231,银信科技,10.08,-2.0408163265306034,-0.20999999999999908,44033482.6,4336260,0,10.29,10.31,10.07,10.29
300232,洲明科技,6.9,-1.0043041606886571,-0.0699999999999994,63026842.28,9087044,0,6.95,6.99,6.88,6.97
300233,金城医药,14.09,-2.1527777777777812,-0.3100000000000005,78729366.0,5529800,0,14.4,14.46,14.08,14.4
300234,开尔新材,5.04,-1.3698630136986356,-0.07000000000000028,33894913.23,6698441,0,5.1,5.1,5.03,5.11
300235,方直科技,16.14,-1.7650639074863004,-0.28999999999999915,110907989.5,6854500,0,16.28,16.49,16.05,16.43
300236,上海新阳,68.1,2.5602409638554042,1.6999999999999886,1897936509.74,27789411,0,67.0,70.35,66.0,66.4
300237,ST美晨,2.75,1.4760147601476028,0.040000000000000036,121966760.8,43870280,0,2.74,2.83,2.73,2.71
300238,冠昊生物,14.12,-0.2824858757062212,-0.040000000000000924,37958246.0,2694400,0,14.16,14.19,14.0,14.16
300239,东宝生物,5.54,1.4652014652014667,0.08000000000000007,64287331.16,11572502,0,5.45,5.63,5.42,5.46
300240,飞力达,7.46,-4.60358056265985,-0.3600000000000003,132996245.5,17600350,0,7.78,7.8,7.44,7.82
300241,瑞丰光电,5.59,-1.757469244288234,-0.10000000000000053,74723512.6,13275801,0,5.68,5.7,5.57,5.69
300242,佳云科技,5.03,-1.5655577299412928,-0.08000000000000007,101460086.0,20196901,0,5.08,5.1,4.96,5.11
300243,瑞丰高材,10.31,-0.7699711260827725,-0.08000000000000007,24348658.0,2360400,0,10.36,10.4,10.24,10.39
300244,迪安诊断,15.47,-1.8401015228426343,-0.28999999999999915,242359281.97,15563009,0,15.79,15.84,15.45,15.76
300245,天玑科技,11.4,-12.375096079938505,-1.6099999999999994,362484199.51,30924116,0,12.59,12.59,11.3,13.01
300246,宝莱特,8.05,-1.1056511056511038,-0.08999999999999986,30450747.5,3779150,0,8.2,8.2,8.0,8.14
300247,融捷健康,4.81,-0.8247422680412378,-0.040000000000000036,106486268.0,21955300,0,4.85,4.93,4.79,4.85
300248,新开普,11.82,-3.035274815422471,-0.3699999999999992,128580636.0,10801100,0,12.1,12.14,11.75,12.19
300249,依米康,14.71,3.3005617977528137,0.47000000000000064,359563142.5,24642526,0,14.24,14.94,14.07,14.24
300250,初灵信息,24.11,-3.9059386209645295,-0.9800000000000004,386300336.23,15897160,0,25.0,25.04,24.0,25.09
300251,光线传媒,16.02,-0.062383031815355976,-0.010000000000001563,379577397.44,23747667,0,16.03,16.11,15.87,16.03
300252,金信诺,13.99,-3.1833910034602018,-0.4599999999999991,695948248.76,49281192,0,14.37,14.37,13.94,14.45
300253,卫宁健康,8.75,-1.9058295964125553,-0.16999999999999993,639718400.13,72886961,0,8.85,8.91,8.71,8.92
300254,仟源医药,10.09,-0.6889763779527587,-0.07000000000000028,32262133.0,3192300,0,10.13,10.2,10.06,10.16
300255,常山药业,63.21,-1.6186770428015549,-1.0399999999999991,800989500.0,12509083,0,64.27,65.35,62.75,64.25
300256,星星科技,4.04,-1.463414634146332,-0.05999999999999961,103796755.95,25538500,0,4.09,4.1,4.03,4.1
300257,开山股份,14.04,0.6451612903225797,0.08999999999999986,57749938.65,4117458,0,13.94,14.15,13.91,13.95
300258,精锻科技,12.82,-2.7314112291350487,-0.35999999999999943,149717228.42,11604052,0,13.05,13.06,12.77,13.18
300259,新天科技,4.31,-0.9195402298850583,-0.040000000000000036,53351864.0,12321400,0,4.33,4.37,4.3,4.35
300260,新莱应材,57.46,4.510731174972725,2.480000000000004,2661989226.68,46710940,0,54.36,59.0,54.36,54.98
300261,雅本化学,6.68,-1.0370370370370412,-0.07000000000000028,45161350.78,6745333,0,6.77,6.78,6.67,6.75
300263,隆华科技,8.23,-0.4836759371221179,-0.03999999999999915,125496184.41,15163183,0,8.27,8.36,8.21,8.27
300264,佳创视讯,6.56,-4.233576642335767,-0.29000000000000004,177460183.79,26976900,0,6.88,6.89,6.42,6.85
300265,通光线缆,12.98,-4.558823529411759,-0.6199999999999992,1576458809.56,115198368,0,13.6,14.53,12.7,13.6
300266,兴源环境,2.57,-3.0188679245283048,-0.08000000000000007,84794118.96,32804890,0,2.66,2.68,2.56,2.65
300267,尔康制药,3.55,0.8522727272727216,0.029999999999999805,129300838.55,36411681,0,3.52,3.6,3.51,3.52
300268,*ST佳沃,12.69,-2.1588280647648506,-0.28000000000000114,12308331.0,961800,0,12.97,12.97,12.62,12.97
300269,联建光电,6.24,-3.5548686244203953,-0.22999999999999954,279782676.0,44346200,0,6.44,6.47,6.22,6.47
300270,中威电子,11.72,0.4284490145672726,0.05000000000000071,227128031.12,19258272,0,11.91,12.1,11.65,11.67
300271,华宇软件,7.17,-0.4166666666666701,-0.03000000000000025,47380862.62,6575498,0,7.24,7.31,7.17,7.2
300272,开能健康,7.78,2.7741083223249663,0.20999999999999996,420159776.38,54515018,0,7.5,7.86,7.45,7.57
300274,阳光电源,167.76,0.11936022917163323,0.19999999999998863,8133158052.21,48365752,0,167.5,170.59,165.58,167.56
300275,梅安森,12.43,-3.268482490272373,-0.41999999999999993,100989916.0,8037780,0,12.99,13.0,12.39,12.85
300276,三丰智能,9.04,-3.4188034188034218,-0.3200000000000003,446772972.5,49177281,0,9.21,9.3,8.98,9.36
300277,海联讯,12.44,-2.736512900703672,-0.34999999999999964,98956179.82,7902224,0,12.75,12.75,12.4,12.79
300278,华昌达,5.73,-1.546391752577317,-0.08999999999999986,133227389.08,23074644,0,5.8,5.85,5.72,5.82
300279,和晶科技,6.87,-1.1510791366906485,-0.08000000000000007,35098792.0,5080600,0,6.9,7.0,6.86,6.95
300280,紫天退,0.33,-13.157894736842103,-0.04999999999999999,11123691.0,31717286,0,0.37,0.37,0.33,0.38
300281,金明精机,7.36,-0.9421265141318895,-0.0699999999999994,41762699.0,5649100,0,7.41,7.46,7.34,7.43
300283,温州宏丰,7.46,3.1811894882434237,0.22999999999999954,183873478.72,24944179,0,7.2,7.55,7.12,7.23
300284,苏交科,7.7,-1.5345268542199502,-0.1200000000000001,49825641.47,6431088,0,7.84,7.85,7.7,7.82
300285,国瓷材料,27.37,1.4831294030404234,0.40000000000000213,1426983598.42,52160039,0,27.05,28.11,26.92,26.97
300286,安科瑞,22.6,-0.5719313682358073,-0.129999999999999,65925075.14,2911393,0,22.74,22.8,22.52,22.73
300287,飞利信,4.85,-2.805611222444901,-0.14000000000000057,111395328.17,22726297,0,4.95,4.97,4.85,4.99
300288,朗玛信息,13.22,-1.855976243504083,-0.25,44111412.0,3316600,0,13.46,13.49,13.2,13.47
300289,利德曼,6.98,-1.1331444759206684,-0.07999999999999918,39518122.72,5660714,0,7.06,7.06,6.94,7.06
300290,荣科科技,28.91,-4.681833168480047,-1.4199999999999982,735575374.07,25099217,0,30.04,30.32,28.8,30.33
300291,百纳千成,0.0,-100.0,-5.33,0.0,0,0,0.0,0.0,0.0,5.33
300292,吴通控股,4.5,-1.960784313725487,-0.08999999999999986,85077628.64,18767136,0,4.57,4.59,4.48,4.59
300293,蓝英装备,21.51,-0.13927576601670189,-0.029999999999997584,128187753.0,5913400,0,21.45,21.9,21.4,21.54
300294,博雅生物,22.81,-1.1698440207972254,-0.2699999999999996,51471687.58,2245502,0,23.07,23.09,22.79,23.08
300295,三六五网,12.58,-2.404965089216451,-0.3100000000000005,89076387.96,7044700,0,13.0,13.0,12.48,12.89
300296,利亚德,6.04,-1.4681892332789537,-0.08999999999999986,202044683.24,33295228,0,6.12,6.13,6.03,6.13
300298,三诺生物,16.97,-2.5272831705916214,-0.4400000000000013,122960805.7,7177952,0,17.35,17.36,16.96,17.41
300299,富春股份,7.13,0.1404494382022442,0.009999999999999787,360665231.01,51096020,0,7.09,7.24,6.89,7.12
300300,海峡创新,16.36,5.344494526722474,0.8300000000000001,3367100550.29,207270480,0,15.27,17.53,15.18,15.53
300301,ST长方,2.4,-1.234567901234578,-0.03000000000000025,16839600.8,7021560,0,2.43,2.43,2.38,2.43
300302,同有科技,18.14,-1.1982570806100157,-0.21999999999999886,162658010.96,8933331,0,18.3,18.39,18.08,18.36
300303,聚飞光电,6.87,-1.575931232091695,-0.11000000000000032,215680391.64,31139974,0,6.98,7.01,6.86,6.98
300304,云意电气,11.31,-3.0017152658662063,-0.34999999999999964,286799771.0,25020300,0,11.54,11.65,11.27,11.66
300305,裕兴股份,5.9,-0.8403361344537785,-0.04999999999999982,36197928.0,6151500,0,5.91,5.98,5.84,5.95
300306,远方信息,13.98,-5.795148247978433,-0.8599999999999994,246696902.0,17527000,0,14.68,14.68,13.86,14.84
300307,慈星股份,7.0,-2.3709902370990226,-0.16999999999999993,75149036.0,10655700,0,7.16,7.16,6.98,7.17
300308,中际旭创,618.71,0.1959514170040545,1.2100000000000364,13916388469.1,22425739,0,625.0,628.99,614.0,617.5
300310,宜通世纪,5.87,-3.2948929159802334,-0.20000000000000018,178558347.74,30100124,0,6.04,6.06,5.85,6.07
300311,ST任子行,4.36,-0.9090909090909097,-0.040000000000000036,30506162.52,6897100,0,4.5,4.52,4.36,4.4
300313,*ST天山,8.22,-2.3752969121140057,-0.1999999999999993,18766159.0,2255400,0,8.51,8.52,8.19,8.42
300314,戴维医疗,12.79,-1.0827532869296255,-0.14000000000000057,21430165.4,1671580,0,12.94,12.94,12.75,12.93
300315,掌趣科技,4.8,-1.0309278350515427,-0.04999999999999982,134837886.84,28025347,0,4.83,4.85,4.78,4.85
300316,晶盛机电,37.99,1.7680150013394154,0.6600000000000037,1127016007.69,29326276,0,37.2,39.09,37.09,37.33
300317,珈伟新能,3.73,-1.8421052631578907,-0.06999999999999984,55809199.22,14843753,0,3.8,3.82,3.73,3.8
300318,博晖创新,6.24,-2.500000000000002,-0.16000000000000014,77340690.77,12286813,0,6.4,6.41,6.23,6.4
300319,麦捷科技,11.52,-0.9458297506448943,-0.11000000000000121,140359682.35,12126530,0,11.61,11.66,11.49,11.63
300320,海达股份,9.31,-1.0626992561105169,-0.09999999999999964,43802860.78,4682867,0,9.42,9.43,9.3,9.41
300321,同大股份,44.13,-16.68869171228997,-8.839999999999996,446495115.56,9566822,0,51.17,53.5,43.83,52.97
300322,硕贝德,24.9,4.4463087248322095,1.0599999999999987,1733908042.49,71093729,0,23.47,25.42,23.15,23.84
300323,华灿光电,7.44,-0.667556742323095,-0.04999999999999982,94913570.83,12759889,0,7.46,7.52,7.37,7.49
300324,旋极信息,5.84,-3.3112582781456985,-0.20000000000000018,429966005.0,72644502,0,6.01,6.04,5.82,6.04
300326,ST凯利,5.6,-1.234567901234573,-0.07000000000000028,23896053.34,4218386,0,5.67,5.74,5.58,5.67
300327,中颖电子,27.88,-1.8309859154929564,-0.5199999999999996,296627087.3,10555351,0,28.28,28.61,27.82,28.4
300328,宜安科技,16.27,0.8679479231246161,0.14000000000000057,432755234.09,26495171,0,16.08,16.6,16.03,16.13
300329,海伦钢琴,15.08,-6.277190801740209,-1.0099999999999998,143427465.84,9421226,0,16.14,16.14,15.01,16.09
300331,苏大维格,31.63,2.828348504551357,0.8699999999999974,507982636.09,15973586,0,30.81,32.46,30.5,30.76
300332,天壕能源,5.28,-1.8587360594795475,-0.09999999999999964,52499787.63,9859967,0,5.36,5.38,5.28,5.38
300333,兆日科技,10.75,-2.978339350180506,-0.33000000000000007,70251855.05,6485315,0,11.08,11.1,10.73,11.08
300334,津膜科技,7.05,0.0,0.0,39458842.0,5618800,0,7.01,7.08,6.96,7.05
300335,迪森股份,5.73,-0.34782608695651435,-0.019999999999999574,42469546.0,7406600,0,5.74,5.78,5.7,5.75
300337,银邦股份,12.35,-3.741231488698366,-0.4800000000000004,1015748087.64,79489990,0,12.83,13.52,12.3,12.83
300338,ST开元,3.82,-2.551020408163268,-0.10000000000000009,20051857.0,5202700,0,3.92,3.92,3.81,3.92
300339,润和软件,48.75,-0.6116207951070279,-0.29999999999999716,641919666.12,13114237,0,49.03,49.22,48.7,49.05
300340,科恒股份,12.38,0.7323026851098587,0.09000000000000163,81755436.56,6633160,0,12.29,12.48,12.12,12.29
300341,麦克奥迪,16.75,-1.0632014176018885,-0.17999999999999972,73741271.9,4381090,0,16.91,17.01,16.7,16.93
300342,天银机电,26.03,-11.099726775956285,-3.25,3414686397.14,124970779,0,29.0,29.28,25.7,29.28
300343,ST联创,5.92,0.509337860780989,0.03000000000000025,76009611.84,12855129,0,5.89,5.98,5.84,5.89
300344,*ST立方,1.15,-10.156250000000009,-0.13000000000000012,130430722.96,106980966,0,1.35,1.38,1.13,1.28
300345,华民股份,6.15,-1.2841091492776897,-0.08000000000000007,37240054.93,6020899,0,6.23,6.29,6.14,6.23
300346,南大光电,45.9,0.4376367614879556,0.19999999999999574,2688398542.81,58361186,0,45.1,46.88,45.1,45.7
300347,泰格医药,50.96,-0.5464480874316962,-0.28000000000000114,304323654.6,5940054,0,51.34,51.64,50.88,51.24
300348,长亮科技,13.81,-2.746478873239428,-0.3899999999999988,263191215.29,18921733,0,14.15,14.16,13.75,14.2
300349,金卡智能,14.07,-1.5395381385584246,-0.21999999999999886,144336637.16,10184216,0,14.22,14.4,14.04,14.29
300350,华鹏飞,6.39,-3.1818181818181817,-0.20999999999999996,149898376.0,23304276,0,6.58,6.58,6.35,6.6
300351,永贵电器,17.3,1.4662756598240467,0.25,176376742.07,10238520,0,17.07,17.5,16.96,17.05
300352,北信源,5.93,-1.3311148086522475,-0.08000000000000007,197364938.22,33077900,0,6.1,6.13,5.9,6.01
300353,东土科技,19.63,-0.557244174265448,-0.10999999999999943,246194083.29,12412959,0,19.89,20.22,19.57,19.74
300354,东华测试,42.25,-2.33472029588534,-1.009999999999998,114081910.0,2677300,0,42.99,43.46,42.16,43.26
300355,蒙草生态,4.03,-1.225490196078427,-0.04999999999999982,70581719.0,17437800,0,4.07,4.08,4.02,4.08
300357,我武生物,29.37,0.5821917808219237,0.1700000000000017,157659706.49,5422375,0,29.19,29.46,28.64,29.2
300358,楚天科技,9.85,-0.9054325955734392,-0.08999999999999986,479826559.91,48012752,0,10.08,10.24,9.79,9.94
300359,全通教育,5.27,-2.2263450834879426,-0.1200000000000001,47706933.42,9010125,0,5.38,5.4,5.25,5.39
300360,炬华科技,17.43,4.121863799283163,0.6900000000000013,576601354.78,33481039,0,16.7,17.48,16.63,16.74
300363,博腾股份,23.3,0.21505376344086324,0.05000000000000071,120218115.49,5159578,0,23.25,23.49,23.13,23.25
300364,中文在线,23.38,-1.3918177983973083,-0.33000000000000185,380882235.21,16238539,0,23.6,23.78,23.1,23.71
300365,恒华科技,6.23,-1.7350157728706534,-0.10999999999999943,59539459.0,9517600,0,6.33,6.34,6.21,6.34
300366,ST创意,6.53,-2.827380952380945,-0.1899999999999995,93612392.0,14138100,0,6.74,6.81,6.5,6.72
300368,汇金股份,14.27,-4.099462365591406,-0.6100000000000012,493267748.0,34203400,0,14.82,14.88,14.25,14.88
300369,绿盟科技,7.31,0.41208791208790324,0.02999999999999936,213579294.56,28821950,0,7.62,7.7,7.28,7.28
300370,安控科技,2.58,-2.2727272727272747,-0.06000000000000005,34285995.72,13174098,0,2.64,2.65,2.58,2.64
300371,汇中股份,12.35,-0.6436041834271928,-0.08000000000000007,23838282.08,1935144,0,12.37,12.49,12.24,12.43
300373,扬杰科技,65.43,-0.8035172832019208,-0.5299999999999869,420027964.78,6383031,0,65.85,66.3,65.22,65.96
300374,中铁装配,16.15,1.7643352236924976,0.27999999999999936,145852702.27,9047501,0,15.83,16.48,15.67,15.87
300375,鹏翎股份,5.29,-2.0370370370370425,-0.11000000000000032,121052771.0,22724900,0,5.39,5.42,5.26,5.4
300376,ST易事特,5.97,-1.647446457990124,-0.10000000000000053,84304618.24,14024624,0,6.05,6.07,5.96,6.07
300377,赢时胜,21.83,-3.1499556344276884,-0.7100000000000009,1826980425.62,82185849,0,22.38,23.0,21.75,22.54
300378,鼎捷数智,41.44,-0.9796893667861498,-0.4100000000000037,174970939.23,4199866,0,41.89,41.95,41.36,41.85
300379,*ST东通,0.0,-100.0,-3.02,0.0,0,0,0.0,0.0,0.0,3.02
300380,安硕信息,40.76,-2.836710369487496,-1.1900000000000048,118559111.0,2872400,0,41.9,41.9,40.69,41.95
300381,溢多利,6.45,-0.1547987616099038,-0.009999999999999787,32371393.0,5010100,0,6.46,6.5,6.42,6.46
300382,斯莱克,15.41,-1.2179487179487147,-0.1899999999999995,171414469.6,11030584,0,15.4,15.83,15.35,15.6
300383,光环新网,12.32,-1.9108280254777086,-0.2400000000000002,313172519.52,25284535,0,12.53,12.56,12.31,12.56
300384,三联虹普,15.74,-1.0685103708359518,-0.16999999999999993,23174915.58,1466445,0,15.95,15.96,15.72,15.91
300385,雪浪环境,6.17,-2.2187004754358113,-0.13999999999999968,46885853.44,7542088,0,6.35,6.35,6.15,6.31
300386,飞天诚信,15.89,-2.515337423312884,-0.41000000000000014,75052035.5,4689650,0,16.35,16.39,15.86,16.3
300387,富邦科技,8.52,-0.1172332942555661,-0.009999999999999787,27955342.53,3281503,0,8.53,8.56,8.48,8.53
300388,节能国祯,8.18,-1.8007202881152504,-0.15000000000000036,36895820.0,4482700,0,8.3,8.32,8.15,8.33
300389,艾比森,15.73,0.19108280254777793,0.030000000000001137,48899096.0,3101000,0,15.67,15.88,15.65,15.7
300390,天华新能,54.88,8.24457593688363,4.18,3530067042.74,65432015,0,51.22,56.56,51.22,50.7
300391,*ST长药,1.45,-13.173652694610777,-0.21999999999999997,77087034.93,50885050,0,1.62,1.65,1.44,1.67
300393,中来股份,6.49,-0.7645259938837894,-0.04999999999999982,167386374.0,25491400,0,6.57,6.72,6.47,6.54
300394,天孚通信,221.8,-0.538116591928246,-1.1999999999999886,7515552464.25,33767818,0,223.49,228.0,219.62,223.0
300395,菲利华,102.92,5.841217605923496,5.680000000000007,4489753281.32,43762909,0,97.0,106.66,96.5,97.24
300396,迪瑞医疗,12.74,-1.1636927851047352,-0.15000000000000036,24536067.0,1919100,0,12.89,12.94,12.73,12.89
300397,天和防务,14.33,-1.6472203157172287,-0.2400000000000002,883485344.87,59832479,0,14.8,15.2,14.26,14.57
300398,飞凯材料,23.22,0.737527114967454,0.16999999999999815,762383735.9,32651607,0,23.0,23.65,22.9,23.05
300399,天利科技,24.48,-1.805054151624546,-0.4499999999999993,100971205.0,4099360,0,24.85,24.92,24.4,24.93
300400,劲拓股份,19.63,3.58839050131926,0.6799999999999997,287311063.83,14580231,0,18.94,20.2,18.9,18.95
300401,花园生物,15.02,-0.727032385988111,-0.11000000000000121,257834430.26,17207206,0,15.03,15.09,14.89,15.13
300402,宝色股份,20.97,-2.1921641791044886,-0.4700000000000024,143023183.2,6780331,0,21.38,21.43,20.9,21.44
300403,汉宇集团,13.27,-1.5578635014836857,-0.21000000000000085,130188493.0,9765000,0,13.43,13.49,13.22,13.48
300404,博济医药,9.48,-0.6289308176100495,-0.05999999999999872,33697418.93,3544737,0,9.54,9.56,9.47,9.54
300405,科隆股份,6.63,0.6069802731411235,0.040000000000000036,56210367.35,8558865,0,6.58,6.68,6.45,6.59
300406,九强生物,13.24,-0.6751687921980485,-0.08999999999999986,27312688.2,2055352,0,13.33,13.37,13.21,13.33
300407,凯发电气,11.39,-1.3852813852813866,-0.16000000000000014,78401254.0,6873000,0,11.5,11.54,11.3,11.55
300408,三环集团,44.09,-1.3205013428827133,-0.5899999999999963,685113122.36,15551416,0,44.49,44.68,43.53,44.68
300409,道氏技术,22.36,2.8518859245630224,0.620000000000001,720600249.97,32279516,0,21.74,22.77,21.7,21.74
300410,正业科技,8.39,-0.5924170616113618,-0.049999999999998934,50901444.0,6044100,0,8.36,8.49,8.36,8.44
300411,金盾股份,11.25,-2.3437499999999964,-0.2699999999999996,60540490.0,5331580,0,11.47,11.51,11.25,11.52
300412,迦南科技,5.39,0.37243947858472204,0.019999999999999574,56690993.1,10583510,0,5.34,5.43,5.28,5.37
300413,芒果超媒,23.35,-1.6842105263157836,-0.3999999999999986,325579918.34,13861501,0,23.74,23.74,23.29,23.75
300414,中光防雷,15.54,20.0,2.59,1142954554.4,76609780,0,12.86,15.54,12.8,12.95
300415,伊之密,25.29,0.5166931637519834,0.129999999999999,141074525.26,5587968,0,25.07,25.36,25.03,25.16
300416,苏试试验,16.81,-2.719907407407421,-0.4700000000000024,340227618.08,19954026,0,17.21,17.46,16.75,17.28
300417,南华仪器,13.42,-1.3235294117647038,-0.17999999999999972,32648272.0,2431600,0,13.56,13.6,13.3,13.6
300418,昆仑万维,39.7,-0.7996001999000506,-0.3200000000000003,1101444944.19,27576045,0,40.02,40.32,39.6,40.02
300419,ST浩丰,5.94,-1.8181818181818088,-0.10999999999999943,58520448.56,9808352,0,6.05,6.07,5.91,6.05
300420,五洋自控,3.97,-0.7499999999999951,-0.029999999999999805,70676623.54,17770309,0,4.0,4.03,3.95,4.0
300421,力星股份,28.28,1.7632241813602088,0.490000000000002,1279852515.48,45083332,0,27.8,29.15,27.27,27.79
300422,博世科,4.63,-1.6985138004246298,-0.08000000000000007,25714834.64,5532151,0,4.69,4.71,4.61,4.71
300423,昇辉科技,8.52,-5.438401775804664,-0.4900000000000002,357342429.74,41422438,0,8.81,8.96,8.49,9.01
300424,航新科技,16.84,-1.9219569015725209,-0.33000000000000185,246928622.0,14491500,0,17.17,17.45,16.7,17.17
300425,中建环能,4.99,-0.3992015968063787,-0.019999999999999574,17533947.0,3508056,0,5.0,5.03,4.98,5.01
300426,华智数媒,7.77,-3.117206982543641,-0.25,45630721.21,5786592,0,8.02,8.02,7.77,8.02
300427,红相股份,12.18,-5.727554179566565,-0.7400000000000002,1592734008.91,125204956,0,12.88,13.67,11.92,12.92
300428,立中集团,22.48,1.079136690647491,0.240000000000002,194760695.87,8690470,0,22.25,22.66,22.13,22.24
300429,强力新材,14.28,-0.9021512838306786,-0.13000000000000078,377304683.02,26267956,0,14.3,14.51,14.22,14.41
300430,诚益通,18.84,-2.5853154084798344,-0.5,92962100.5,4892150,0,19.2,19.21,18.8,19.34
300432,富临精工,15.42,0.2600780234070166,0.03999999999999915,586249627.67,37893294,0,15.3,15.69,15.25,15.38
300433,蓝思科技,28.39,-1.6966759002770029,-0.48999999999999844,1758356695.33,61767422,0,28.82,28.85,28.28,28.88
300434,金石亚药,10.78,-3.318385650224224,-0.370000000000001,183872965.0,16935940,0,11.07,11.08,10.75,11.15
300435,中泰股份,21.65,-0.9153318077803334,-0.20000000000000284,239768258.43,11023900,0,21.67,22.07,21.57,21.85
300436,广生堂,87.38,-0.5915813424345964,-0.5200000000000102,304030365.0,3456400,0,87.87,90.0,87.01,87.9
300437,清水源,17.36,1.9377568995889505,0.3299999999999983,601816451.84,35013671,0,16.94,17.74,16.31,17.03
300438,鹏辉能源,55.08,8.510638297872342,4.32,2290482568.09,42028812,0,51.3,56.94,51.03,50.76
300439,美康生物,9.94,-0.600000000000005,-0.0600000000000005,17284004.0,1736700,0,10.0,10.02,9.91,10.0
300440,运达科技,11.98,1.1824324324324371,0.14000000000000057,88457757.0,7340600,0,11.86,12.19,11.8,11.84
300441,鲍斯股份,7.55,-0.7884362680683377,-0.0600000000000005,25573488.6,3377580,0,7.61,7.62,7.51,7.61
300442,润泽科技,50.38,0.45862412761715654,0.23000000000000398,1024699549.57,20231322,0,51.52,52.0,50.15,50.15
300443,金雷股份,27.87,-0.6062767475035598,-0.16999999999999815,153668143.53,5472369,0,28.05,28.68,27.77,28.04
300444,双杰电气,10.44,5.030181086519115,0.5,962251087.41,93907051,0,9.94,10.5,9.85,9.94
300445,康斯特,23.46,-3.4170440510498077,-0.8299999999999983,253111264.76,10626588,0,24.33,24.49,23.4,24.29
300446,航天智造,23.35,-4.264042640426401,-1.0399999999999991,2436118093.62,99519936,0,24.41,25.46,23.31,24.39
300447,全信股份,16.59,-3.88180764774045,-0.6700000000000017,322547098.5,19104980,0,17.2,17.63,16.5,17.26
300448,浩云科技,7.97,-1.2391573729863758,-0.10000000000000053,232928973.83,29107100,0,8.01,8.21,7.91,8.07
300449,汉邦高科,7.14,2.2922636103151754,0.15999999999999925,58363653.07,8239909,0,6.99,7.22,6.89,6.98
300450,先导智能,49.62,3.010172306414772,1.4499999999999957,4171090119.6,83381403,0,48.91,51.17,48.91,48.17
300451,创业慧康,4.86,-2.605210420841681,-0.1299999999999999,140778190.0,28700700,0,4.98,5.0,4.84,4.99
300452,山河药辅,13.4,-0.22338049143707642,-0.02999999999999936,48203323.24,3597942,0,13.4,13.49,13.34,13.43
300453,三鑫医疗,8.95,-0.5555555555555635,-0.05000000000000071,20967143.0,2339000,0,8.98,9.03,8.93,9.0
300454,深信服,108.45,-2.103267737858818,-2.3299999999999983,574501078.71,5245203,0,112.8,113.5,108.0,110.78
300455,航天智装,25.55,-6.41025641025641,-1.75,1520659706.12,58093247,0,27.31,27.64,25.22,27.3
300456,赛微电子,61.48,1.7038875103391133,1.029999999999994,6645477048.33,109844444,0,59.99,63.87,56.77,60.45
300457,赢合科技,26.61,1.5648854961832066,0.41000000000000014,390765875.37,14659752,0,26.37,27.08,26.21,26.2
300458,全志科技,41.14,-1.0105871029836422,-0.4200000000000017,467923937.82,11309407,0,41.36,41.82,41.03,41.56
300459,汤姆猫,4.42,-1.3392857142857253,-0.0600000000000005,239237036.0,53852414,0,4.48,4.48,4.42,4.48
300460,ST惠伦,7.94,-2.933985330073342,-0.23999999999999932,90695709.6,11280660,0,8.17,8.21,7.92,8.18
300461,田中精机,19.27,-0.10368066355624454,-0.019999999999999574,33859237.0,1757200,0,19.36,19.44,19.11,19.29
300462,ST华铭,11.3,-1.3100436681222583,-0.14999999999999858,44085539.8,3891099,0,11.46,11.5,11.08,11.45
300463,迈克生物,11.47,-0.17406440382941318,-0.019999999999999574,33922679.0,2951700,0,11.48,11.57,11.43,11.49
300464,星徽股份,6.7,-0.44576523031203935,-0.03000000000000025,77185001.0,11548000,0,6.74,6.88,6.54,6.73
300465,高伟达,19.71,-2.570439940682153,-0.5199999999999996,195095499.0,9844000,0,20.15,20.23,19.66,20.23
300466,赛摩智能,9.5,-1.7580144777662867,-0.16999999999999993,45665508.75,4782575,0,9.65,9.66,9.48,9.67
300467,迅游科技,27.56,-3.1282952548330427,-0.8900000000000006,160916953.04,5802456,0,28.28,28.28,27.31,28.45
300468,四方精创,33.38,-3.414351851851851,-1.1799999999999997,1108627936.68,32886868,0,34.19,34.5,33.35,34.56
300469,信息发展,64.37,-5.170889805539174,-3.509999999999991,727180625.34,11081303,0,67.8,68.0,64.26,67.88
300470,中密控股,36.94,0.0,0.0,97471095.0,2642100,0,36.88,37.22,36.65,36.94
300471,厚普股份,12.25,-2.777777777777775,-0.34999999999999964,186591446.84,15092214,0,12.52,12.62,12.21,12.6
300472,*ST新元,8.22,-4.750869061413675,-0.41000000000000014,74946121.69,9021625,0,8.64,8.65,8.21,8.63
300473,德尔股份,28.56,-0.13986013986014928,-0.0400000000000027,70591056.44,2462572,0,28.44,28.89,28.44,28.6
300474,景嘉微,74.4,-1.5091342335186662,-1.1400000000000006,673540443.98,8986448,0,75.19,75.97,74.28,75.54
300475,香农芯创,136.01,-0.39545953863055316,-0.5400000000000205,4553936415.36,32920112,0,136.26,141.98,134.5,136.55
300476,胜宏科技,307.06,3.1198576082211176,9.29000000000002,11890076739.29,38517315,0,298.0,314.88,298.0,297.77
300477,ST合纵,3.07,-0.32467532467533217,-0.010000000000000231,234796721.65,77301543,0,3.03,3.16,2.96,3.08
300478,杭州高新,31.88,-2.1785823872353616,-0.7100000000000044,136828990.98,4263454,0,32.67,33.11,31.7,32.59
300479,神思电子,18.25,-1.9871106337271804,-0.370000000000001,38753757.0,2109700,0,18.59,18.64,18.22,18.62
300480,光力科技,16.28,0.06146281499693647,0.010000000000001563,108242279.5,6615439,0,16.22,16.54,16.09,16.27
300481,濮阳惠成,15.69,-0.3809523809523841,-0.0600000000000005,76270236.0,4845100,0,15.69,15.84,15.63,15.75
300482,万孚生物,19.73,-0.75452716297786,-0.14999999999999858,52900021.4,2676620,0,19.88,19.91,19.7,19.88
300483,首华燃气,14.48,-0.8898015058179263,-0.129999999999999,126960950.88,8861370,0,14.67,14.67,14.1,14.61
300484,蓝海华腾,18.51,-1.22732123799358,-0.22999999999999687,37773625.18,2030875,0,18.77,18.77,18.5,18.74
300485,赛升药业,10.67,-1.2037037037037108,-0.13000000000000078,33709284.0,3148400,0,10.81,10.84,10.65,10.8
300486,东杰智能,0.0,-100.0,-21.59,0.0,0,0,0.0,0.0,0.0,21.59
300487,蓝晓科技,60.88,0.14805066622800364,0.09000000000000341,234006183.9,3825744,0,60.85,62.43,60.7,60.79
300488,恒锋工具,30.1,-0.06640106241699725,-0.019999999999999574,26322755.58,873163,0,30.08,30.37,30.0,30.12
300489,光智科技,45.78,2.1191166629489246,0.9500000000000028,203201052.48,4478677,0,45.01,46.0,44.73,44.83
300490,华自科技,12.85,11.933797909407657,1.3699999999999992,997849053.0,80077000,0,11.4,13.5,11.39,11.48
300491,通合科技,25.65,0.5882352941176415,0.14999999999999858,112166895.5,4380350,0,25.43,25.97,25.15,25.5
300492,华图山鼎,78.22,2.368799895301665,1.8100000000000023,125809071.6,1621370,0,76.0,78.3,75.63,76.41
300493,润欣科技,19.0,0.5291005291005366,0.10000000000000142,280768837.97,14807359,0,18.88,19.15,18.76,18.9
300494,盛天网络,11.78,-0.5907172995780615,-0.07000000000000028,80218012.0,6786920,0,11.83,11.92,11.75,11.85
300496,中科创达,65.77,-1.4534012586155214,-0.9699999999999989,671323840.59,10139584,0,66.4,66.84,65.68,66.74
300497,富祥药业,14.76,5.730659025787958,0.7999999999999989,823300318.9,56675291,0,13.94,15.1,13.81,13.96
300498,温氏股份,16.81,-1.291837933059321,-0.22000000000000242,363866752.25,21555355,0,17.01,17.05,16.76,17.03
300499,高澜股份,30.72,4.632152588555857,1.3599999999999994,1743247896.01,57030296,0,29.21,31.56,29.08,29.36
300500,启迪设计,13.92,-0.6423982869379006,-0.08999999999999986,43248463.7,3108790,0,14.01,14.16,13.8,14.01
300501,海顺新材,15.0,0.7387508394895865,0.10999999999999943,45332811.0,3021555,0,14.95,15.19,14.82,14.89
300502,新易盛,457.16,-1.2592064623425956,-5.829999999999984,13079036637.73,28460455,0,462.9,468.81,454.1,462.99
300503,昊志机电,35.01,-1.8227706113292168,-0.6499999999999986,575178234.8,16334989,0,35.7,35.89,34.88,35.66
300504,天邑股份,14.78,-0.6052454606590442,-0.08999999999999986,116884751.0,7859800,0,14.95,15.38,14.55,14.87
300505,川金诺,22.55,1.8978761861726243,0.4200000000000017,347459692.07,15399850,0,22.1,22.98,22.01,22.13
300506,*ST名家,4.35,14.775725593667536,0.5599999999999996,154478901.81,35563701,0,4.5,4.5,4.21,3.79
300507,苏奥传感,9.16,0.10928961748633645,0.009999999999999787,242801172.14,26829948,0,9.11,9.28,8.93,9.15
300508,维宏股份,33.22,-0.6281782829793624,-0.21000000000000085,71249268.88,2127355,0,33.38,34.09,32.99,33.43
300509,新美星,12.54,0.5613472333600522,0.06999999999999851,280244021.07,21706418,0,12.55,13.45,12.46,12.47
300510,金冠股份,4.14,-1.8957345971564,-0.08000000000000007,50841628.0,12197900,0,4.22,4.23,4.13,4.22
300511,雪榕生物,6.21,-1.740506329113929,-0.11000000000000032,64598307.18,10333059,0,6.32,6.36,6.19,6.32
300512,中亚股份,10.53,-5.813953488372096,-0.6500000000000004,211915242.5,19648150,0,11.01,11.12,10.5,11.18
300513,恒实科技,9.8,-1.8036072144288546,-0.17999999999999972,64350154.0,6521200,0,9.98,10.01,9.77,9.98
300514,友讯达,13.18,-0.5283018867924549,-0.07000000000000028,25393532.0,1928300,0,13.2,13.31,13.1,13.25
300515,三德科技,19.49,-0.7131940906775374,-0.14000000000000057,31139902.08,1596116,0,19.65,19.67,19.42,19.63
300516,久之洋,67.69,-12.284566541402105,-9.480000000000004,1768689821.43,25272988,0,75.34,76.0,67.16,77.17
300517,海波重科,11.39,-0.7839721254355388,-0.08999999999999986,39184770.0,3459340,0,11.5,11.52,11.16,11.48
300518,新迅达,16.9,1.7459361830222706,0.28999999999999915,208748867.24,12269288,0,16.67,17.6,16.61,16.61
300519,新光药业,15.32,-0.8414239482200584,-0.129999999999999,31767864.0,2073900,0,15.47,15.48,15.24,15.45
300520,科大国创,36.91,1.0402408978921311,0.37999999999999545,1566949490.94,41888795,0,37.8,38.35,36.69,36.53
300521,爱司凯,27.69,1.651982378854636,0.45000000000000284,78187786.8,2830220,0,27.24,28.05,26.96,27.24
300522,世名科技,12.68,3.257328990228016,0.40000000000000036,107423396.56,8460810,0,12.22,12.96,12.19,12.28
300523,辰安科技,22.64,-1.1353711790392926,-0.259999999999998,114072627.2,5058020,0,22.85,23.07,22.25,22.9
300525,博思软件,13.38,-1.327433628318582,-0.17999999999999972,151577334.96,11288907,0,13.53,13.58,13.37,13.56
300527,ST应急,7.98,-0.7462686567164021,-0.05999999999999872,56901239.25,7113452,0,8.01,8.04,7.97,8.04
300528,幸福蓝海,19.03,-1.3478486262311975,-0.259999999999998,162207737.0,8493160,0,19.26,19.39,18.94,19.29
300529,健帆生物,19.63,-1.2078510317060995,-0.240000000000002,46792592.6,2367644,0,19.92,19.93,19.6,19.87
300530,领湃科技,27.33,0.47794117647058465,0.129999999999999,52789922.75,1939525,0,27.07,27.56,26.81,27.2
300531,优博讯,17.09,-1.9506597819850824,-0.33999999999999986,85799009.0,4999300,0,17.4,17.41,17.04,17.43
300532,今天国际,11.68,-0.8488964346349717,-0.09999999999999964,29151493.4,2485135,0,11.78,11.82,11.67,11.78
300533,冰川网络,34.6,1.3770876062115407,0.46999999999999886,277397804.75,8023375,0,34.16,35.07,33.9,34.13
300534,陇神戎发,9.67,-1.527494908350309,-0.15000000000000036,46495095.0,4779600,0,9.8,9.84,9.65,9.82
300535,达威股份,17.81,0.5646527385657699,0.09999999999999787,35860630.0,2021900,0,17.92,17.94,17.6,17.71
300536,农尚环境,7.17,-2.58152173913044,-0.1900000000000004,39705848.74,5467950,0,7.47,7.47,7.15,7.36
300537,广信材料,22.97,-2.462845010615719,-0.5800000000000018,160644731.0,6873000,0,23.41,23.78,22.9,23.55
300538,同益股份,15.88,1.599488163787588,0.25,172561851.0,10836500,0,15.63,16.2,15.48,15.63
300539,横河精密,38.45,-1.938281050752354,-0.759999999999998,253489751.6,6565320,0,39.44,39.7,38.24,39.21
300540,蜀道装备,18.82,-2.2337662337662323,-0.4299999999999997,66779691.4,3495620,0,19.19,19.36,18.78,19.25
300541,先进数通,14.23,-1.454293628808858,-0.20999999999999908,85699855.38,6005198,0,14.36,14.43,14.19,14.44
300542,新晨科技,18.87,-3.329918032786878,-0.6499999999999986,240584824.42,12666400,0,19.5,19.55,18.74,19.52
300543,朗科智能,10.48,-1.7806935332708482,-0.1899999999999995,43969283.72,4177175,0,10.6,10.64,10.45,10.67
300545,联得装备,30.43,0.8617832283725488,0.259999999999998,222634763.51,7314988,0,30.01,30.87,29.92,30.17
300546,雄帝科技,24.06,-4.1052212036668045,-1.0300000000000011,203909061.0,8384200,0,24.85,25.09,23.98,25.09
300547,川环科技,40.11,4.4803334201614975,1.7199999999999989,1385290832.72,34530250,0,38.0,42.27,37.88,38.39
300548,长芯博创,155.0,-1.2550168822067904,-1.9699999999999989,4250319480.7,27288795,0,156.52,158.48,154.32,156.97
300549,优德精密,18.23,0.38546255506608085,0.07000000000000028,41125200.0,2269200,0,18.1,18.37,17.88,18.16
300550,和仁科技,13.87,0.14440433212996084,0.019999999999999574,69348498.36,5015160,0,13.81,14.08,13.63,13.85
300551,古鳌科技,15.53,-5.362583790371729,-0.8800000000000008,488839805.63,31360361,0,16.06,16.23,15.11,16.41
300552,万集科技,30.44,-6.683016554261179,-2.179999999999996,935323518.84,29786362,0,31.45,33.48,30.3,32.62
300553,集智股份,36.08,-1.2859097127222952,-0.46999999999999886,95998582.0,2642700,0,36.9,37.0,35.85,36.55
300554,三超新材,23.63,0.8105802047781472,0.18999999999999773,73055534.05,3078265,0,23.33,24.12,23.22,23.44
300555,ST路通,13.83,-1.2847965738758012,-0.17999999999999972,32081503.0,2313400,0,14.0,14.12,13.76,14.01
300556,丝路视觉,18.49,-0.8047210300429298,-0.15000000000000213,45008149.25,2435675,0,18.6,18.79,18.31,18.64
300557,理工光科,36.24,-6.4291247095274855,-2.489999999999995,607260089.08,16430468,0,38.05,38.28,36.16,38.73
300558,贝达药业,47.05,0.19165247018738565,0.0899999999999963,155917519.27,3305386,0,46.93,47.63,46.8,46.96
300559,佳发教育,12.13,1.1676396997497962,0.14000000000000057,110411479.34,9175358,0,11.95,12.18,11.88,11.99
300560,中富通,16.94,-1.2820512820512755,-0.21999999999999886,331980110.0,19585000,0,17.09,17.45,16.62,17.16
300561,*ST汇科,13.71,0.5869405722670584,0.08000000000000007,102263672.62,7301918,0,13.69,14.34,13.68,13.63
300562,乐心医疗,13.36,-1.4749262536873233,-0.20000000000000107,41492249.4,3091580,0,13.56,13.57,13.35,13.56
300563,神宇股份,35.88,-1.5907844212835938,-0.5799999999999983,132612593.68,3682324,0,36.39,36.39,35.77,36.46
300564,筑博设计,14.98,-0.6631299734747986,-0.09999999999999964,18182098.4,1214660,0,15.08,15.17,14.87,15.08
300565,科信技术,12.27,-2.8503562945368266,-0.3600000000000012,139590086.24,11317644,0,12.62,12.62,12.22,12.63
300566,激智科技,18.31,-0.4350190320826636,-0.08000000000000185,61147009.72,3332426,0,18.37,18.48,18.25,18.39
300567,精测电子,85.79,2.130952380952388,1.7900000000000063,1016943879.45,11894299,0,83.4,86.98,83.2,84.0
300568,星源材质,14.92,1.6348773841961868,0.2400000000000002,1090445207.18,73457450,0,14.58,15.19,14.5,14.68
300569,天能重工,5.72,-0.6944444444444451,-0.040000000000000036,57089663.0,9928500,0,5.76,5.79,5.71,5.76
300570,太辰光,118.63,-0.6781647689216362,-0.8100000000000023,1865631310.67,15737128,0,118.97,121.44,117.0,119.44
300571,平治信息,26.9,-1.4290949065591814,-0.39000000000000057,51123025.0,1889900,0,27.23,27.39,26.88,27.29
300572,安车检测,28.15,-2.9310344827586254,-0.8500000000000014,139702833.92,4940508,0,28.87,28.89,28.0,29.0
300573,兴齐眼药,68.8,0.10184781027206921,0.06999999999999318,277803982.59,4042283,0,68.6,69.13,68.23,68.73
300575,中旗股份,5.87,0.0,0.0,20791647.5,3549650,0,5.86,5.9,5.82,5.87
300576,容大感光,40.97,0.5398773006134941,0.21999999999999886,815866838.12,19937296,0,40.5,41.41,40.37,40.75
300577,开润股份,21.91,-0.5898366606170554,-0.129999999999999,19744783.0,900700,0,22.02,22.09,21.82,22.04
300578,会畅通讯,19.74,-1.5952143569292139,-0.3200000000000003,135902331.0,6824500,0,20.06,20.24,19.71,20.06
300579,数字认证,28.19,-2.1520305449496613,-0.6199999999999974,83243905.08,2920608,0,29.1,29.1,28.13,28.81
300580,贝斯特,23.39,-0.7636826474331766,-0.17999999999999972,77616804.89,3308623,0,23.49,23.66,23.31,23.57
300581,晨曦航空,15.41,-2.3447401774397925,-0.3699999999999992,235129422.77,15140689,0,15.78,15.8,15.35,15.78
300582,英飞特,14.51,-0.95563139931741,-0.14000000000000057,75597413.0,5202300,0,14.55,14.75,14.35,14.65
300583,赛托生物,13.79,-0.8626887131560099,-0.120000000000001,23090094.0,1665200,0,13.97,14.05,13.77,13.91
300584,海辰药业,51.46,-0.8859784283513114,-0.46000000000000085,397899487.87,7705630,0,51.93,53.2,50.05,51.92
300585,奥联电子,0.0,-100.0,-22.68,0.0,0,0,0.0,0.0,0.0,22.68
300586,美联新材,11.28,4.832713754646837,0.5199999999999996,549316362.38,48729769,0,10.88,11.62,10.85,10.76
300587,天铁科技,6.97,1.3081395348837188,0.08999999999999986,99955669.41,14360023,0,6.88,7.06,6.86,6.88
300588,熙菱信息,28.0,-0.28490028490027886,-0.0799999999999983,81374792.0,2899700,0,28.16,28.49,27.79,28.08
300589,江龙船艇,18.96,-0.8886565603763625,-0.16999999999999815,595453224.78,31326541,0,19.2,19.28,18.75,19.13
300590,移为通信,12.33,-1.438848920863307,-0.17999999999999972,96838057.0,7827880,0,12.45,12.5,12.28,12.51
300591,万里马,9.19,-3.6687631027253635,-0.34999999999999964,277588761.76,29974819,0,9.53,9.62,9.18,9.54
300592,华凯易佰,10.81,-1.7272727272727229,-0.1899999999999995,62106375.8,5725140,0,10.89,10.99,10.79,11.0
300593,新雷能,25.1,-0.8297115764519846,-0.2099999999999973,803241443.04,31983537,0,25.06,26.18,24.03,25.31
300594,朗进科技,19.06,3.3062330623306204,0.6099999999999994,105926038.8,5643299,0,18.6,19.2,18.07,18.45
300595,欧普康视,14.92,-0.20066889632106596,-0.02999999999999936,78535404.51,5265440,0,14.95,14.99,14.85,14.95
300596,利安隆,43.79,0.782508630609888,0.3399999999999963,208590370.76,4751481,0,43.3,44.55,43.2,43.45
300597,吉大通信,8.95,-1.4317180616740173,-0.13000000000000078,35071492.0,3913400,0,9.06,9.07,8.91,9.08
300598,诚迈科技,44.65,-0.777777777777781,-0.3500000000000014,159371430.0,3559230,0,45.12,45.35,44.52,45.0
300599,雄塑科技,7.48,-1.1889035667106982,-0.08999999999999986,58657248.0,7777500,0,7.57,7.73,7.44,7.57
300600,国瑞科技,14.34,-1.3755158184319072,-0.1999999999999993,54330882.4,3776798,0,14.65,14.67,14.3,14.54
300601,康泰生物,15.09,-0.7889546351084877,-0.120000000000001,71031542.4,4692660,0,15.24,15.25,15.06,15.21
300602,飞荣达,31.34,4.397068620919388,1.3200000000000003,1419852394.59,45927377,0,29.6,32.0,29.45,30.02
300603,立昂技术,9.49,-1.2486992715920835,-0.11999999999999922,47861397.0,5000500,0,9.61,9.67,9.49,9.61
300604,长川科技,96.99,2.558951041556521,2.4200000000000017,3254296907.05,33784119,0,94.37,98.2,94.29,94.57
300605,恒锋信息,15.88,-1.4276846679081234,-0.22999999999999865,107026708.9,6739800,0,16.06,16.23,15.7,16.11
300606,金太阳,21.86,2.054154995331455,0.4399999999999977,103207453.5,4730900,0,21.36,22.06,21.18,21.42
300607,拓斯达,27.88,-1.4840989399293345,-0.4200000000000017,155973933.0,5569500,0,28.1,28.29,27.84,28.3
300608,思特奇,10.78,-2.2665457842248413,-0.25,39846219.6,3666940,0,11.03,11.03,10.76,11.03
300609,汇纳科技,35.79,-2.2932022932023024,-0.8400000000000034,112292444.0,3121900,0,36.68,36.85,35.64,36.63
300610,晨化股份,11.97,1.0126582278481095,0.120000000000001,58886547.1,4933400,0,11.85,12.19,11.7,11.85
300611,美力科技,26.13,-0.3052270125906213,-0.08000000000000185,128762328.0,4947500,0,26.35,26.35,25.8,26.21
300612,宣亚国际,15.91,-1.547029702970297,-0.25,150694072.88,9451882,0,16.1,16.13,15.83,16.16
300613,富瀚微,44.68,-1.5859030837004382,-0.7199999999999989,95983784.36,2128776,0,45.3,45.65,44.6,45.4
300614,百川畅银,12.21,0.24630541871922115,0.030000000000001137,39962960.0,3267700,0,12.14,12.43,12.03,12.18
300615,欣天科技,13.27,-1.0439970171513837,-0.14000000000000057,43959181.0,3305600,0,13.38,13.46,13.2,13.41
300616,尚品宅配,14.14,-1.0496850944716485,-0.14999999999999858,63406852.0,4508600,0,14.29,14.39,13.87,14.29
300617,安靠智电,31.53,0.5741626794258363,0.17999999999999972,50792653.0,1619340,0,31.29,31.97,30.95,31.35
300618,寒锐钴业,44.68,0.7895330475975669,0.3500000000000014,490434359.27,10965866,0,44.6,45.4,44.06,44.33
300619,金银河,44.91,-0.3771073646850082,-0.1700000000000017,437000522.12,9694607,0,44.73,45.98,44.36,45.08
300620,光库科技,160.52,1.3639808032331373,2.1599999999999966,3700545595.06,23306775,0,157.31,164.6,151.8,158.36
300621,维业股份,8.41,-1.291079812206566,-0.10999999999999943,28545247.0,3390800,0,8.52,8.55,8.37,8.52
300622,博士眼镜,29.9,2.784462014437947,0.8099999999999987,505934558.74,16844410,0,29.4,30.78,29.39,29.09
300623,捷捷微电,27.06,-1.6715116279069797,-0.46000000000000085,270622832.45,9922515,0,27.45,27.62,27.01,27.52
300624,万兴科技,65.28,-1.0909090909090893,-0.7199999999999989,254193853.04,3873817,0,66.1,66.19,65.09,66.0
300625,三雄极光,11.8,-0.8403361344537785,-0.09999999999999964,19839730.0,1677300,0,11.88,11.99,11.75,11.9
300626,华瑞股份,14.02,8.935508935508938,1.1500000000000004,274183413.6,19837060,0,12.88,14.46,12.88,12.87
300627,华测导航,32.18,-2.6323751891074054,-0.8699999999999974,560722918.41,17262968,0,33.1,33.16,32.1,33.05
300628,亿联网络,36.28,-0.22002200220021534,-0.0799999999999983,282212167.72,7703572,0,36.31,36.96,36.21,36.36
300629,新劲刚,18.83,-0.26483050847458,-0.05000000000000071,154162178.81,8090403,0,18.82,19.35,18.65,18.88
300630,普利退,0.89,1.1363636363636374,0.010000000000000009,32787848.0,36818346,0,0.9,0.95,0.86,0.88
300631,久吾高科,28.96,0.7654836464857426,0.22000000000000242,76241359.12,2638016,0,28.48,29.2,28.45,28.74
300632,光莆股份,13.86,-1.3523131672597954,-0.19000000000000128,130499553.08,9402441,0,14.02,14.04,13.76,14.05
300633,开立医疗,26.29,-1.3508442776735439,-0.35999999999999943,60157762.28,2272600,0,26.65,26.78,26.25,26.65
300634,彩讯股份,24.0,-1.0309278350515463,-0.25,176886700.92,7338668,0,24.3,24.35,23.95,24.25
300635,中达安,16.26,1.6885553470919408,0.27000000000000135,49951260.0,3118500,0,15.99,16.34,15.68,15.99
300636,同和药业,7.75,0.0,0.0,29572552.0,3819570,0,7.77,7.8,7.69,7.75
300637,扬帆新材,12.0,1.0101010101010035,0.11999999999999922,83630508.8,6936580,0,11.82,12.27,11.79,11.88
300638,广和通,26.71,-2.0176082171680143,-0.5500000000000007,636033564.9,23743208,0,26.93,27.25,26.49,27.26
300639,凯普生物,5.49,-0.9025270758122712,-0.04999999999999982,22152213.1,4031515,0,5.54,5.55,5.46,5.54
300640,德艺文创,9.07,0.5543237250554403,0.05000000000000071,649955936.99,71984979,0,9.44,9.45,8.67,9.02
300641,正丹股份,17.52,-1.6282987085906746,-0.28999999999999915,71857796.0,4067070,0,17.83,17.85,17.5,17.81
300642,透景生命,18.73,-0.8470089994706201,-0.16000000000000014,42997731.6,2293060,0,18.89,18.94,18.63,18.89
300643,万通智控,18.73,-1.8858040859088498,-0.35999999999999943,50935255.0,2703700,0,19.05,19.09,18.71,19.09
300644,南京聚隆,33.77,-0.2952465308532457,-0.09999999999999432,80913985.16,2386099,0,33.91,34.19,33.59,33.87
300645,正元智慧,17.8,-1.6574585635359154,-0.3000000000000007,38836808.4,2175270,0,18.09,18.2,17.77,18.1
300647,超频三,6.64,0.6060606060606066,0.040000000000000036,97310876.56,14722867,0,6.59,6.73,6.5,6.6
300648,星云股份,55.99,1.504713560551134,0.8300000000000054,601178374.54,10753152,0,55.16,57.3,54.52,55.16
300649,杭州园林,14.18,-0.839160839160846,-0.120000000000001,27762899.51,1960127,0,14.32,14.36,14.01,14.3
300650,太龙股份,16.39,-2.672209026128262,-0.4499999999999993,125795628.0,7639280,0,16.69,16.82,16.33,16.84
300651,金陵体育,20.81,-3.6574074074074194,-0.7900000000000027,136085635.25,6484500,0,21.49,21.59,20.77,21.6
300652,雷迪克,50.62,-0.11838989739542674,-0.060000000000002274,63798853.5,1255970,0,50.52,51.24,50.31,50.68
300653,正海生物,20.33,-0.7324218750000104,-0.15000000000000213,23880827.76,1171591,0,20.47,20.57,20.26,20.48
300654,世纪天鸿,9.34,-1.0593220338983014,-0.09999999999999964,61681731.62,6561202,0,9.41,9.47,9.32,9.44
300655,晶瑞电材,17.44,0.2875215641173129,0.05000000000000071,1401467086.53,80043786,0,17.31,17.83,17.25,17.39
300656,民德电子,22.23,1.2295081967213095,0.2699999999999996,243313772.12,10574846,0,22.61,23.8,22.11,21.96
300657,弘信电子,27.22,-1.3768115942029078,-0.38000000000000256,262882376.38,9609626,0,27.55,27.76,27.2,27.6
300658,延江股份,12.33,-0.7246376811594192,-0.08999999999999986,164520478.6,13448560,0,12.3,12.5,11.93,12.42
300659,中孚信息,15.51,-1.3358778625954253,-0.21000000000000085,166469247.06,10630759,0,15.95,16.02,15.35,15.72
300660,江苏雷利,48.5,-2.4144869215291807,-1.2000000000000028,337559228.15,6936604,0,48.99,49.3,48.2,49.7
300661,圣邦股份,65.13,-1.4674735249621769,-0.9699999999999989,536692404.46,8166479,0,65.92,66.57,65.08,66.1
300662,科锐国际,24.93,-2.1201413427561806,-0.5399999999999991,89006396.0,3553700,0,25.36,25.36,24.81,25.47
300663,科蓝软件,17.08,-3.229461756373939,-0.5700000000000003,218710666.92,12736575,0,17.31,17.47,17.05,17.65
300664,鹏鹞环保,5.37,-1.467889908256882,-0.08000000000000007,43984800.5,8160450,0,5.43,5.44,5.35,5.45
300665,飞鹿股份,9.84,1.6528925619834725,0.16000000000000014,155226608.46,15786708,0,9.65,10.08,9.56,9.68
300666,江丰电子,94.97,2.4377089850070166,2.260000000000005,1200996334.97,12767082,0,92.25,95.0,92.01,92.71
300667,必创科技,17.12,-1.382488479262664,-0.23999999999999844,105695240.0,6116300,0,17.25,17.57,17.07,17.36
300668,杰恩设计,20.75,-0.7177033492822898,-0.14999999999999858,97457727.92,4665438,0,20.82,21.4,20.53,20.9
300669,沪宁股份,25.66,0.0,0.0,25876775.5,1010475,0,25.52,25.98,25.35,25.66
300670,大烨智能,7.92,1.14942528735632,0.08999999999999986,66377236.5,8456350,0,7.79,7.99,7.69,7.83
300671,富满微,31.84,-1.5765069551777482,-0.5100000000000016,96317598.55,2998855,0,32.3,32.5,31.82,32.35
300672,国科微,101.94,-0.46865846514353054,-0.480000000000004,594067771.09,5828230,0,101.39,102.86,101.1,102.42
300673,佩蒂股份,18.61,-2.0526315789473717,-0.39000000000000057,76802246.3,4106560,0,19.0,19.1,18.55,19.0
300674,宇信科技,22.15,-0.3598740440845787,-0.08000000000000185,317050867.02,14310521,0,22.16,22.4,21.88,22.23
300675,建科院,15.35,-0.7756948933419586,-0.120000000000001,35088481.0,2280400,0,15.39,15.5,15.3,15.47
300676,华大基因,45.07,-1.075504828797195,-0.490000000000002,105815143.36,2340298,0,45.5,45.68,45.01,45.56
300677,英科医疗,43.7,-1.5322217214961686,-0.6799999999999997,242550080.03,5542775,0,44.3,44.38,43.4,44.38
300678,中科信息,29.63,-1.9198940748096718,-0.5800000000000018,98665077.6,3308355,0,30.03,30.2,29.57,30.21
300679,电连技术,49.01,-3.3904987187068776,-1.7199999999999989,419400396.64,8458024,0,50.38,50.66,48.8,50.73
300680,隆盛科技,48.12,-0.6195786864931935,-0.30000000000000426,559483591.58,11549406,0,48.43,49.3,47.75,48.42
300681,英搏尔,23.98,-1.6406890894175494,-0.3999999999999986,143118523.96,5924239,0,24.3,24.39,23.93,24.38
300682,朗新集团,14.87,-2.2353714661407076,-0.34000000000000163,213549918.0,14282700,0,15.21,15.25,14.83,15.21
300683,海特生物,27.86,-0.8540925266903985,-0.240000000000002,49928222.0,1789500,0,28.1,28.13,27.68,28.1
300684,中石科技,50.46,2.9795918367346954,1.4600000000000009,1397335681.76,28017345,0,48.15,50.99,48.15,49.0
300685,艾德生物,20.3,-0.8789062499999987,-0.17999999999999972,87854135.4,4320640,0,20.44,20.47,20.25,20.48
300686,智动力,14.91,0.3364737550471111,0.05000000000000071,58460611.19,3933419,0,14.8,15.06,14.66,14.86
300687,赛意信息,21.76,-1.5384615384615377,-0.33999999999999986,128421698.0,5847972,0,22.08,22.28,21.72,22.1
300688,创业黑马,28.06,-1.9909186168354884,-0.5700000000000003,169489109.0,6041400,0,28.58,28.58,27.83,28.63
300689,澄天伟业,43.95,-2.3984010659560253,-1.0799999999999983,63291664.5,1436150,0,45.03,45.5,43.58,45.03
300690,双一科技,30.72,-1.3170575008030845,-0.41000000000000014,120246887.38,3890912,0,31.27,31.45,30.6,31.13
300691,联合光电,16.96,-1.452643811737362,-0.25,57002352.0,3345700,0,17.1,17.25,16.91,17.21
300692,中环环保,8.31,-0.35971223021581966,-0.02999999999999936,51615102.4,6253160,0,8.3,8.35,8.2,8.34
300693,盛弘股份,39.53,0.9964230965763938,0.39000000000000057,330982131.5,8399128,0,39.01,39.79,38.85,39.14
300694,蠡湖股份,11.72,-1.1804384485666004,-0.1399999999999988,31476664.0,2675600,0,11.8,11.9,11.69,11.86
300695,兆丰股份,85.87,-1.570380559376422,-1.3699999999999903,44281253.2,513435,0,86.81,87.2,85.58,87.24
300696,爱乐达,26.48,-1.1940298507462697,-0.3200000000000003,142649493.0,5365100,0,26.79,26.95,26.3,26.8
300697,电工合金,16.35,-1.446654611211564,-0.23999999999999844,115851620.6,7049588,0,16.49,16.67,16.27,16.59
300698,万马科技,42.22,-2.8308400460299286,-1.230000000000004,308903411.0,7210100,0,43.35,43.7,42.0,43.45
300699,光威复材,29.95,-1.6097240473061825,-0.490000000000002,521164205.48,17210260,0,30.48,30.88,29.85,30.44
300700,岱勒新材,12.96,2.531645569620255,0.3200000000000003,149509816.39,11610237,0,12.63,13.14,12.54,12.64
300701,森霸传感,13.43,-4.6841731724627405,-0.6600000000000001,212722871.91,15664531,0,13.92,13.93,13.39,14.09
300702,天宇股份,23.86,0.5478297513695701,0.129999999999999,37609660.67,1581641,0,23.83,23.99,23.61,23.73
300703,创源股份,26.17,-4.068914956011728,-1.1099999999999994,394610552.11,14954135,0,26.99,26.99,26.05,27.28
300705,九典制药,15.33,-1.3513513513513455,-0.20999999999999908,52435063.5,3402902,0,15.51,15.52,15.31,15.54
300706,阿石创,36.34,3.532763532763538,1.240000000000002,375547684.0,10420710,0,34.9,37.47,34.4,35.1
300707,威唐工业,16.47,0.9191176470588149,0.14999999999999858,203992537.0,12411200,0,16.28,16.77,16.12,16.32
300708,聚灿光电,8.67,-1.3651877133105714,-0.11999999999999922,131100203.71,15026684,0,8.75,8.81,8.65,8.79
300709,精研科技,44.51,3.777104220097919,1.6199999999999974,467559163.86,10613848,0,42.74,45.37,42.38,42.89
300710,万隆光电,31.95,-2.203856749311302,-0.7200000000000024,624549075.7,20120545,0,30.84,32.77,30.07,32.67
300711,广哈通信,21.95,-1.7457475380483465,-0.39000000000000057,89710592.2,4071120,0,22.12,22.36,21.86,22.34
300712,永福股份,27.63,0.5092761004001476,0.14000000000000057,143795017.5,5234350,0,27.4,28.08,27.02,27.49
300713,英可瑞,17.15,-0.7523148148148296,-0.13000000000000256,38960640.1,2276790,0,17.35,17.35,16.96,17.28
300715,凯伦股份,10.42,-1.6981132075471674,-0.17999999999999972,28417378.0,2712100,0,10.56,10.58,10.39,10.6
300716,ST泉为,9.88,-1.3972055888223434,-0.1399999999999988,11881737.0,1200200,0,9.94,10.05,9.79,10.02
300717,华信新材,18.92,-0.6302521008403227,-0.11999999999999744,33586379.0,1772200,0,19.0,19.15,18.84,19.04
300718,长盛轴承,79.86,-4.060547813551172,-3.3799999999999955,788715048.72,9799554,0,81.44,81.55,79.8,83.24
300719,安达维尔,16.69,-2.340550029256867,-0.3999999999999986,86568395.0,5126350,0,17.06,17.22,16.62,17.09
300720,海川智能,29.57,-3.492167101827677,-1.0700000000000003,135432757.0,4536500,0,30.6,31.0,29.5,30.64
300721,怡达股份,12.87,0.07776049766718342,0.009999999999999787,34143346.51,2665110,0,12.86,12.94,12.71,12.86
300722,新余国科,32.82,-0.935707817687903,-0.3100000000000023,252591954.41,7659983,0,33.56,33.8,32.58,33.13
300723,一品红,35.43,-3.328785811732603,-1.2199999999999989,690727318.38,19322522,0,36.8,37.85,34.92,36.65
300724,捷佳伟创,90.01,2.69252709640616,2.3599999999999994,1856536145.65,20292053,0,90.51,93.56,89.3,87.65
300725,药石科技,38.37,-0.44110015568241234,-0.1700000000000017,111523064.88,2889398,0,38.54,38.88,38.35,38.54
300726,宏达电子,52.85,20.00454132606722,8.810000000000002,2068300272.24,41757655,0,44.5,52.85,44.5,44.04
300727,润禾材料,35.95,2.979089086221731,1.0400000000000063,255101850.54,7131800,0,34.96,36.49,34.8,34.91
300729,乐歌股份,13.93,-0.0717360114777603,-0.009999999999999787,26499768.43,1901007,0,13.92,14.03,13.84,13.94
300730,科创信息,12.47,-2.42566510172143,-0.3099999999999987,89970295.02,7182312,0,12.81,12.81,12.43,12.78
300731,科创新源,54.76,6.0418280402788485,3.1199999999999974,1095956135.98,20397453,0,50.76,56.69,50.7,51.64
300732,设研院,7.46,-0.9296148738379851,-0.07000000000000028,30074484.6,4022522,0,7.51,7.52,7.43,7.53
300733,西菱动力,17.52,-1.793721973094172,-0.3200000000000003,47995354.0,2723000,0,17.78,17.83,17.46,17.84
300735,光弘科技,24.28,-0.6952965235173749,-0.16999999999999815,155134533.44,6353679,0,24.43,24.57,24.22,24.45
300736,百邦科技,15.16,-4.654088050314466,-0.7400000000000002,378361588.49,25514744,0,14.68,15.4,14.48,15.9
300737,科顺股份,5.35,-2.193784277879344,-0.1200000000000001,108932964.72,20244946,0,5.45,5.46,5.33,5.47
300738,奥飞数据,18.1,-0.5494505494505377,-0.09999999999999787,264425892.3,14580361,0,18.21,18.29,18.02,18.2
300739,明阳电路,17.86,-1.3804527885146327,-0.25,418122254.76,23350283,0,18.1,18.11,17.74,18.11
300740,水羊股份,21.32,-2.603928734582002,-0.5700000000000003,283463454.33,13148049,0,21.82,21.98,21.24,21.89
300741,华宝股份,18.7,-0.6903876792352577,-0.129999999999999,34441339.0,1834300,0,18.88,18.93,18.67,18.83
300743,天地数码,20.74,-1.4726840855106995,-0.3100000000000023,100903827.03,4858246,0,21.0,21.19,20.59,21.05
300745,欣锐科技,24.84,-0.08045052292839731,-0.019999999999999574,79181547.65,3165426,0,24.89,25.45,24.75,24.86
300746,汉嘉设计,12.32,-0.9646302250803797,-0.11999999999999922,23850304.3,1937911,0,12.53,12.53,12.18,12.44
300747,锐科激光,25.93,-1.1060259344012173,-0.28999999999999915,261652331.5,10029720,0,26.15,26.42,25.83,26.22
300748,金力永磁,33.64,-0.5028098195800109,-0.1700000000000017,690954806.17,20465828,0,33.78,34.04,33.5,33.81
300749,顶固集创,11.26,-6.088407005838202,-0.7300000000000004,178916210.0,15574800,0,11.93,12.0,11.23,11.99
300750,宁德时代,377.86,1.6189759036144682,6.020000000000039,8495439140.77,22588592,0,372.0,380.5,371.6,371.84
300751,迈为股份,159.91,-0.6893553595826689,-1.1100000000000136,1097331220.89,6840070,0,161.35,164.22,158.01,161.02
300752,隆利科技,17.69,-0.8963585434173678,-0.16000000000000014,41495625.0,2336100,0,17.83,17.9,17.62,17.85
300753,爱朋医疗,26.3,-2.0484171322160174,-0.5500000000000007,77484609.0,2929400,0,26.94,26.98,26.23,26.85
300755,华致酒行,18.76,-0.21276595744680396,-0.03999999999999915,76566044.56,4085510,0,18.76,19.06,18.4,18.8
300756,金马游乐,56.48,-2.0464793617759276,-1.1799999999999997,166321794.24,2929184,0,57.87,57.89,56.04,57.66
300757,罗博特科,227.9,6.995305164319252,14.900000000000006,2336482881.33,10506831,0,212.8,232.95,211.8,213.0
300758,七彩化学,13.16,3.622047244094495,0.46000000000000085,238176261.81,18162881,0,12.65,13.37,12.61,12.7
300759,康龙化成,28.78,-0.792830058600484,-0.23000000000000043,376229247.6,13034683,0,29.02,29.13,28.62,29.01
300760,迈瑞医疗,198.07,-0.8162243365047549,-1.6299999999999955,814696661.12,4102015,0,200.0,200.45,198.0,199.7
300761,立华股份,19.95,-1.7241379310344898,-0.3500000000000014,94907702.05,4721489,0,20.3,20.42,19.92,20.3
300762,上海瀚讯,33.01,-10.807889759524453,-4.0,5172480954.5,149156308,0,36.98,37.3,32.85,37.01
300763,锦浪科技,71.19,0.16884761502744414,0.12000000000000455,540493818.57,7544661,0,71.07,72.29,71.0,71.07
300765,新诺威,39.27,10.247052217855154,3.6500000000000057,1399446468.11,35663655,0,35.62,40.63,35.58,35.62
300766,每日互动,30.56,-1.3557133634603025,-0.4200000000000017,309145062.24,10032452,0,30.9,31.2,30.36,30.98
300767,震安科技,22.62,6.647807637906649,1.4100000000000001,457157214.1,20636626,0,21.19,22.95,20.86,21.21
300768,迪普科技,18.55,-0.37593984962406163,-0.07000000000000028,96503160.85,5183800,0,18.86,18.89,18.45,18.62
300769,德方纳米,44.32,2.6876737720111303,1.1600000000000037,942177580.16,21306427,0,43.01,45.08,42.91,43.16
300770,新媒股份,42.77,-0.6965405154399749,-0.29999999999999716,62317290.98,1454742,0,43.05,43.05,42.66,43.07
300771,智莱科技,15.14,-4.358812381554008,-0.6899999999999995,511428259.3,33183439,0,15.5,16.0,15.1,15.83
300772,运达股份,18.33,-0.5965292841648752,-0.11000000000000298,163825390.55,8869672,0,18.29,18.68,18.25,18.44
300773,拉卡拉,22.28,-3.6748811067877125,-0.8499999999999979,702270765.28,31207737,0,22.92,22.95,22.2,23.13
300774,倍杰特,18.68,-3.760947964966514,-0.7300000000000004,426582996.6,22813207,0,19.21,19.21,18.21,19.41
300775,三角防务,28.21,-2.01458839874956,-0.5799999999999983,511483168.67,18003036,0,28.7,28.97,28.06,28.79
300776,帝尔激光,58.83,-1.407742584213178,-0.8400000000000034,305280536.89,5150334,0,59.67,60.25,58.68,59.67
300777,中简科技,33.78,-1.7737714451875528,-0.6099999999999994,427224967.87,12520885,0,34.37,34.75,33.66,34.39
300778,新城市,12.44,-1.5043547110055524,-0.19000000000000128,26512950.32,2124878,0,12.64,12.7,12.4,12.63
300779,惠城环保,137.34,1.0819165378670779,1.4699999999999989,750880684.09,5489621,0,134.88,138.5,134.88,135.87
300780,德恩精工,17.66,-1.3958682300390843,-0.25,69118277.0,3877000,0,17.91,18.17,17.6,17.91
300781,因赛集团,32.13,-1.7431192660550467,-0.5700000000000003,70449050.99,2176897,0,32.45,32.81,32.0,32.7
300782,卓胜微,73.66,-2.9768177028451066,-2.260000000000005,844181981.62,11372775,0,75.06,75.58,73.58,75.92
300783,三只松鼠,23.49,-2.002503128911141,-0.4800000000000004,236641284.2,10017204,0,24.0,24.0,23.47,23.97
300784,利安科技,49.58,-0.42177144004820416,-0.21000000000000085,14407809.0,289900,0,49.69,50.09,49.26,49.79
300785,值得买,38.81,-1.6970618034447686,-0.6699999999999946,346035195.0,8880650,0,39.49,39.5,38.58,39.48
300786,国林科技,16.68,5.972045743329095,0.9399999999999995,349352488.2,21143180,0,15.68,16.86,15.59,15.74
300787,海能实业,11.32,-0.962379702537178,-0.10999999999999943,37115766.35,3264980,0,11.38,11.43,11.31,11.43
300788,中信出版,27.4,-1.3678905687545089,-0.38000000000000256,25284527.0,919300,0,27.78,27.8,27.37,27.78
300789,唐源电气,21.54,0.18604651162790303,0.03999999999999915,25466258.47,1188709,0,21.46,21.62,21.14,21.5
300790,宇瞳光学,29.41,-2.776859504132231,-0.8399999999999999,395666066.7,13319020,0,30.05,30.25,29.25,30.25
300791,仙乐健康,25.02,-1.028481012658234,-0.26000000000000156,90278718.53,3588981,0,25.21,25.44,24.96,25.28
300792,壹网壹创,27.54,-3.096410978184386,-0.8800000000000026,141872808.0,5105958,0,28.28,28.29,27.5,28.42
300793,佳禾智能,15.61,-1.3274336283185895,-0.21000000000000085,95505080.0,6082400,0,15.8,15.88,15.6,15.82
300795,米奥会展,13.5,-2.1029731689630107,-0.28999999999999915,42824050.1,3146670,0,13.8,13.81,13.49,13.79
300796,贝斯美,8.56,-0.46511627906975755,-0.03999999999999915,20203105.0,2352600,0,8.58,8.64,8.53,8.6
300797,钢研纳克,16.11,-1.7682926829268242,-0.28999999999999915,64521101.82,3962000,0,16.41,16.5,16.05,16.4
300798,锦鸡股份,7.05,-1.1220196353436196,-0.08000000000000007,31050935.0,4383300,0,7.12,7.15,7.03,7.13
300800,力合科技,11.58,0.6081668114682909,0.07000000000000028,22186032.5,1923200,0,11.5,11.62,11.44,11.51
300801,泰和科技,27.02,1.885369532428356,0.5,302231777.0,11232600,0,26.4,27.55,26.2,26.52
300802,矩子科技,18.37,-0.2714440825190049,-0.05000000000000071,42271277.0,2293020,0,18.41,18.55,18.35,18.42
300803,指南针,128.86,-1.0367867291298627,-1.3499999999999943,2260069440.12,17381355,0,129.6,132.08,128.18,130.21
300804,广康生化,34.91,-0.2571428571428669,-0.09000000000000341,17416474.0,499300,0,34.96,35.26,34.54,35.0
300805,电声股份,10.63,2.015355086372369,0.21000000000000085,157922544.0,14982000,0,10.42,10.82,10.2,10.42
300806,斯迪克,29.38,-0.6089309878213792,-0.17999999999999972,552855423.61,18630379,0,29.45,30.18,29.22,29.56
300807,天迈科技,51.75,1.9704433497536946,1.0,226596716.15,4321615,0,50.7,54.38,49.78,50.75
300808,久量股份,28.97,0.0,0.0,33168176.72,1142212,0,28.81,29.47,28.68,28.97
300809,华辰装备,35.34,-1.8878400888395326,-0.6799999999999997,112130150.8,3154000,0,36.01,36.07,35.26,36.02
300810,中科海讯,37.71,-1.5661707126076778,-0.6000000000000014,68737065.0,1812550,0,38.15,38.86,37.59,38.31
300811,铂科新材,72.88,1.02578319933462,0.7399999999999949,601883124.34,8209806,0,72.14,74.5,71.6,72.14
300812,易天股份,27.08,-2.8345891639756107,-0.7900000000000027,188562214.8,6883575,0,27.72,27.99,26.91,27.87
300813,泰林生物,24.55,-0.48642075395217266,-0.120000000000001,36372542.69,1483819,0,24.62,24.86,24.3,24.67
300814,中富电路,78.38,2.9284307288246745,2.2299999999999898,865450778.07,11104814,0,75.5,81.0,75.21,76.15
300815,玉禾田,21.76,-1.937809824245154,-0.4299999999999997,102429035.52,4692240,0,22.01,22.1,21.68,22.19
300816,艾可蓝,43.3,6.205543291635992,2.529999999999994,141470563.7,3275000,0,42.01,44.38,41.54,40.77
300817,双飞集团,19.83,-4.800768122899664,-1.0,221986932.52,11088064,0,20.71,20.71,19.77,20.83
300818,耐普矿机,34.32,-0.9809578765147039,-0.3399999999999963,48840487.3,1406814,0,34.87,35.18,34.22,34.66
300819,聚杰微纤,26.86,0.5615874204417768,0.14999999999999858,138206014.97,5125037,0,26.81,27.62,26.37,26.71
300820,英杰电气,48.05,-1.4561115668580822,-0.7100000000000009,118876924.82,2460571,0,48.6,48.99,47.92,48.76
300821,东岳硅材,12.12,2.6248941574936384,0.3099999999999987,579887234.05,48119088,0,11.79,12.32,11.75,11.81
300822,贝仕达克,15.69,-1.5683814303638646,-0.25,33518965.0,2129900,0,15.94,15.99,15.66,15.94
300823,建科智能,15.26,-0.13089005235601817,-0.019999999999999574,32242360.07,2119659,0,15.22,15.42,15.12,15.28
300824,北鼎股份,11.4,-0.6968641114982584,-0.08000000000000007,27696122.0,2425200,0,11.48,11.59,11.34,11.48
300825,阿尔特,9.36,-2.500000000000002,-0.2400000000000002,48232342.73,5118515,0,9.56,9.59,9.34,9.6
300826,测绘股份,16.38,-0.18281535648995206,-0.030000000000001137,39874201.45,2430769,0,16.46,16.59,16.31,16.41
300827,上能电气,36.43,0.7188277578103346,0.259999999999998,1088576598.18,29909866,0,36.15,37.2,35.45,36.17
300828,锐新科技,15.73,-0.6317119393556516,-0.09999999999999964,37406434.5,2374650,0,15.79,15.9,15.67,15.83
300829,金丹科技,16.84,-0.5903187721369623,-0.10000000000000142,34162964.38,2022413,0,16.97,17.08,16.79,16.94
300830,金现代,9.94,-1.7786561264822107,-0.17999999999999972,61705517.38,6169427,0,10.15,10.15,9.92,10.12
300831,派瑞股份,12.84,-1.002313030069397,-0.13000000000000078,30909234.0,2391100,0,12.97,13.03,12.83,12.97
300832,新产业,57.69,-2.0543293718166398,-1.2100000000000009,150789097.36,2597478,0,58.93,59.01,57.68,58.9
300833,浩洋股份,43.09,1.8194706994328995,0.7700000000000031,39587166.0,928250,0,42.38,43.43,41.69,42.32
300834,星辉环材,21.71,-0.27560863573724725,-0.05999999999999872,11241356.0,517300,0,21.8,21.93,21.62,21.77
300835,龙磁科技,65.35,-0.8044930176077735,-0.5300000000000011,185479234.9,2827870,0,65.96,66.3,64.89,65.88
300836,佰奥智能,54.44,0.442804428044271,0.23999999999999488,62726086.45,1155048,0,54.2,54.75,53.7,54.2
300837,浙矿股份,33.55,-0.9155345540460788,-0.3100000000000023,160546562.0,4755200,0,33.77,34.41,33.0,33.86
300838,浙江力诺,14.46,-0.5502063273727531,-0.0799999999999983,27991350.0,1939300,0,14.54,14.6,14.33,14.54
300839,博汇股份,11.92,-0.33444816053512477,-0.040000000000000924,20890653.6,1750640,0,12.0,12.1,11.84,11.96
300840,酷特智能,15.77,-3.547400611620806,-0.5800000000000018,81754072.27,5102809,0,16.28,16.46,15.77,16.35
300841,康华生物,74.16,0.1485482781904111,0.10999999999999943,91600619.33,1236331,0,74.09,74.73,73.7,74.05
300842,帝科股份,61.52,-4.189378601463932,-2.6899999999999906,363158673.19,5829975,0,64.0,64.04,61.3,64.21
300843,胜蓝股份,52.79,0.8790368813300228,0.46000000000000085,608926571.43,11661271,0,51.51,53.88,50.46,52.33
300844,山水比德,33.9,-0.7611241217798538,-0.259999999999998,26975959.0,795000,0,34.16,34.32,33.57,34.16
300845,捷安高科,11.03,-1.1648745519713333,-0.13000000000000078,36346429.79,3295713,0,11.12,11.2,10.95,11.16
300846,首都在线,19.11,-3.67943548387097,-0.7300000000000004,350215199.62,18173418,0,19.56,19.65,19.02,19.84
300847,中船汉光,16.78,-0.8274231678487031,-0.14000000000000057,51978390.5,3091600,0,16.93,16.97,16.69,16.92
300848,美瑞新材,14.51,-1.0906612133606008,-0.16000000000000014,33017273.02,2261963,0,14.71,14.73,14.5,14.67
300849,锦盛新材,16.19,0.0,0.0,31852193.66,1960314,0,16.18,16.53,16.0,16.19
300850,新强联,42.75,-0.2100840336134533,-0.09000000000000341,476896837.45,11154493,0,42.85,43.33,42.37,42.84
300851,交大思诺,26.56,-0.15037593984963418,-0.0400000000000027,14953715.0,563700,0,26.69,26.91,26.33,26.6
300852,四会富仕,37.47,-0.8205399682371686,-0.3100000000000023,149122089.42,3961383,0,37.45,37.93,37.3,37.78
300853,申昊科技,19.69,-2.572983671449775,-0.5199999999999996,40286270.85,2037255,0,20.26,20.26,19.6,20.21
300854,中兰环保,16.11,0.18656716417911157,0.030000000000001137,52930645.0,3286400,0,16.17,16.34,15.9,16.08
300855,图南股份,30.25,1.9204851752021572,0.5700000000000003,277960000.56,9156644,0,29.62,30.9,29.33,29.68
300856,科思股份,13.99,-5.345060893098776,-0.7899999999999991,192561586.93,13567883,0,14.83,14.83,13.93,14.78
300857,协创数据,135.46,-1.232227488151657,-1.6899999999999977,881840611.31,6495743,0,136.06,137.5,134.68,137.15
300858,科拓生物,16.65,-0.9518143961927433,-0.16000000000000014,72514864.31,4350600,0,17.01,17.18,16.5,16.81
300859,西域旅游,37.67,-2.585983966899405,-1.0,237075857.91,6260000,0,38.47,38.47,37.56,38.67
300860,锋尚文化,27.52,-2.4459411556185797,-0.6900000000000013,98989765.49,3575739,0,28.33,28.38,27.2,28.21
300861,美畅股份,14.61,-0.6122448979591828,-0.08999999999999986,50351690.89,3435241,0,14.75,14.75,14.55,14.7
300862,蓝盾光电,22.23,-1.9841269841269809,-0.4499999999999993,78967880.0,3525500,0,22.66,22.93,22.08,22.68
300863,卡倍亿,51.49,-1.774132010682945,-0.9299999999999997,243831587.42,4765230,0,52.41,52.42,49.96,52.42
300864,南大环境,19.67,-0.40506329113923184,-0.0799999999999983,18455812.59,938633,0,19.75,19.83,19.55,19.75
300865,大宏立,26.58,-0.41213937804422246,-0.11000000000000298,37604519.85,1408807,0,26.63,27.23,26.43,26.69
300866,安克创新,118.04,2.956825119930223,3.3900000000000006,678554732.14,5834612,0,114.0,118.98,113.63,114.65
300867,圣元环保,19.79,-1.345962113659021,-0.2699999999999996,113039543.97,5686553,0,20.05,20.14,19.71,20.06
300868,杰美特,29.67,4.178370786516859,1.1900000000000013,91888943.24,3115796,0,28.62,30.26,28.3,28.48
300869,康泰医学,15.29,-1.8613607188703525,-0.2900000000000009,34917408.0,2267200,0,15.55,15.57,15.25,15.58
300870,欧陆通,225.25,4.451657778808251,9.599999999999994,1786425440.57,7963672,0,215.0,230.0,212.6,215.65
300871,回盛生物,20.62,-1.3397129186602756,-0.2799999999999976,66127228.57,3191803,0,20.91,21.05,20.57,20.9
300872,天阳科技,18.93,-3.0225409836065564,-0.5899999999999999,292915689.05,15323201,0,19.42,19.52,18.89,19.52
300873,海晨股份,22.13,-0.1353790613718463,-0.030000000000001137,106057226.09,4746961,0,22.15,22.73,21.81,22.16
300875,捷强装备,39.71,-1.120517928286842,-0.44999999999999574,75392673.2,1891105,0,40.02,40.37,39.5,40.16
300876,蒙泰高新,35.67,-0.7788595271210045,-0.28000000000000114,71747092.0,2009238,0,35.75,36.28,35.18,35.95
300877,金春股份,26.24,-0.2660585328772341,-0.07000000000000028,40672431.58,1541000,0,26.46,26.87,26.12,26.31
300878,维康药业,24.34,-1.3776337115072927,-0.33999999999999986,91517474.87,3793597,0,24.68,25.0,23.35,24.68
300879,大叶股份,28.85,0.2084056964223768,0.060000000000002274,86285558.7,2999793,0,28.73,29.29,28.39,28.79
300880,迦南智能,17.7,-0.7291082445316827,-0.129999999999999,13030231.16,734196,0,17.79,17.82,17.69,17.83
300881,盛德鑫泰,33.62,-0.9136457412319549,-0.3100000000000023,26486548.0,785200,0,33.8,33.93,33.55,33.93
300882,万胜智能,18.6,-1.0638297872340388,-0.1999999999999993,45178063.0,2424780,0,18.82,18.85,18.51,18.8
300883,龙利得,6.72,0.149031296572277,0.009999999999999787,52579838.0,7783600,0,6.72,6.84,6.7,6.71
300884,狄耐克,13.9,-1.6277423920736052,-0.23000000000000043,108351879.92,7757218,0,14.07,14.2,13.83,14.13
300885,海昌新材,22.96,-2.5053078556263264,-0.5899999999999999,196454776.29,8525482,0,23.5,23.55,22.83,23.55
300886,华业香料,25.73,-2.0182787509520224,-0.5300000000000011,37204042.4,1439140,0,26.17,26.36,25.65,26.26
300887,谱尼测试,7.77,-3.4782608695652315,-0.28000000000000114,83996268.44,10705424,0,8.06,8.06,7.75,8.05
300888,稳健医疗,38.23,-0.7786140669608208,-0.30000000000000426,73470110.3,1919340,0,38.55,38.62,38.09,38.53
300889,爱克股份,20.55,1.8334985133795885,0.370000000000001,147372605.16,7275004,0,20.18,20.93,19.75,20.18
300890,翔丰华,29.72,0.6775067750677483,0.1999999999999993,153057439.18,5139613,0,29.58,30.15,29.37,29.52
300891,惠云钛业,8.88,1.3698630136986416,0.120000000000001,54360483.61,6090990,0,8.81,9.05,8.8,8.76
300892,品渥食品,32.23,-4.47540011855366,-1.5100000000000051,163061491.45,4986677,0,34.09,34.4,32.16,33.74
300893,松原安全,24.28,0.12371134020619026,0.030000000000001137,95271191.08,3895799,0,24.09,24.86,24.07,24.25
300894,火星人,11.21,-1.7528483786152436,-0.1999999999999993,30936568.84,2751084,0,11.38,11.39,11.17,11.41
300895,铜牛信息,43.32,-1.1635865845311386,-0.509999999999998,103209739.47,2369500,0,44.0,44.16,43.22,43.83
300896,爱美客,142.09,-1.5997229916897522,-2.3100000000000023,385152470.87,2703297,0,144.0,144.6,141.54,144.4
300897,山科智能,26.27,1.624758220502894,0.41999999999999815,47235670.64,1796296,0,25.85,26.59,25.73,25.85
300898,熊猫乳品,29.23,-2.0113979215554743,-0.5999999999999979,480373040.84,16200135,0,30.35,30.99,28.83,29.83
300899,*ST凯鑫,31.9,-2.1172138692850715,-0.6900000000000048,13990224.0,437100,0,32.24,32.68,31.82,32.59
300900,广联航空,23.3,-2.183039462636438,-0.5199999999999996,1026104437.08,42964488,0,24.0,24.99,23.05,23.82
300901,中胤时尚,15.94,-1.3003095975232142,-0.20999999999999908,29710897.0,1857100,0,16.17,16.2,15.78,16.15
300902,国安达,21.02,0.2862595419847267,0.05999999999999872,153575541.28,7282471,0,20.91,21.39,20.75,20.96
300903,科翔股份,18.59,-1.6402116402116333,-0.3099999999999987,458674145.78,24668556,0,18.72,18.96,18.37,18.9
300904,威力传动,61.64,-0.9958239640218398,-0.6199999999999974,35949309.0,580900,0,62.26,62.42,61.38,62.26
300905,宝丽迪,32.42,0.3404518724852969,0.10999999999999943,77515022.0,2382450,0,32.11,32.79,32.01,32.31
300906,日月明,38.58,1.0741419963321892,0.4099999999999966,208967046.22,5528351,0,37.38,38.88,37.1,38.17
300907,康平科技,28.73,-0.48493245583651046,-0.14000000000000057,33750973.0,1176500,0,28.73,29.0,28.46,28.87
300908,仲景食品,28.43,-1.0786360473208028,-0.3099999999999987,32423553.65,1136954,0,28.71,28.89,28.36,28.74
300909,汇创达,44.25,-0.24797114517583282,-0.10999999999999943,80848635.0,1823650,0,44.01,44.84,43.85,44.36
300910,瑞丰新材,59.2,-0.050650008441658,-0.02999999999999403,142345832.84,2373462,0,59.17,61.0,59.0,59.23
300911,亿田智能,33.54,0.9025270758122657,0.29999999999999716,70153588.0,2102420,0,33.12,33.78,32.86,33.24
300912,凯龙高科,16.34,0.4302397049784898,0.07000000000000028,49165356.15,3040257,0,16.21,16.38,15.9,16.27
300913,兆龙互连,55.19,-0.1628075253256212,-0.09000000000000341,536110694.05,9694360,0,55.29,56.0,54.57,55.28
300915,海融科技,24.95,-0.9527590313616594,-0.240000000000002,63100235.27,2489595,0,25.53,25.77,24.93,25.19
300916,朗特智能,33.95,-0.7019596373208392,-0.23999999999999488,57975382.0,1691800,0,34.08,35.19,33.81,34.19
300917,特发服务,40.28,-1.395348837209303,-0.5700000000000003,140370440.46,3470573,0,40.87,41.1,40.14,40.85
300918,南山智尚,15.78,-1.682242990654214,-0.27000000000000135,126832865.72,7990330,0,16.05,16.09,15.72,16.05
300919,中伟股份,42.21,1.6373705754875987,0.6799999999999997,536373617.41,12690007,0,41.75,42.95,41.44,41.53
300920,润阳科技,38.92,2.691292875989454,1.0200000000000031,54282971.0,1408200,0,37.81,39.45,37.5,37.9
300921,南凌科技,22.76,-1.0434782608695583,-0.23999999999999844,54364259.2,2376764,0,23.19,23.28,22.69,23.0
300922,天秦装备,22.36,-1.9298245614035143,-0.4400000000000013,62962198.64,2802252,0,22.75,22.78,22.26,22.8
300923,研奥股份,25.1,-1.0252365930599292,-0.259999999999998,26541579.0,1054600,0,25.32,25.58,25.01,25.36
300925,法本信息,19.91,-2.401960784313718,-0.48999999999999844,155330837.23,7736737,0,20.41,20.44,19.9,20.4
300926,博俊科技,30.8,-1.0282776349614406,-0.3200000000000003,113807032.65,3683731,0,31.14,31.28,30.7,31.12
300927,江天化学,23.6,-1.0482180293501047,-0.25,37988732.2,1605613,0,23.74,23.87,23.5,23.85
300928,华安鑫创,30.42,-2.811501597444086,-0.879999999999999,45967050.0,1495300,0,31.33,31.5,30.36,31.3
300929,华骐环保,10.82,-0.09233610341643386,-0.009999999999999787,28329472.6,2631620,0,10.8,10.87,10.66,10.83
300930,屹通新材,29.52,-0.1353179972936372,-0.03999999999999915,21287095.0,719600,0,29.56,29.79,29.3,29.56
300931,通用电梯,11.39,1.2444444444444496,0.14000000000000057,76467375.0,6743200,0,11.19,11.7,11.05,11.25
300932,三友联众,12.33,-1.5175718849840216,-0.1899999999999995,60140895.26,4870466,0,12.53,12.59,12.2,12.52
300933,中辰股份,7.95,-0.37593984962406324,-0.03000000000000025,68551210.1,8634253,0,7.98,8.04,7.87,7.98
300935,盈建科,32.03,1.521394611727418,0.4800000000000004,60428790.6,1910540,0,31.99,32.22,30.81,31.55
300936,中英科技,36.21,-1.1466011466011512,-0.4200000000000017,26824650.0,737500,0,36.63,36.69,36.0,36.63
300937,药易购,35.05,3.483909064068497,1.1799999999999997,437853354.33,12699792,0,34.0,35.4,32.91,33.87
300938,信测标准,32.51,-6.821438807681292,-2.3800000000000026,427221809.78,12781879,0,34.7,34.93,32.43,34.89
300939,秋田微,35.13,-2.008368200836817,-0.7199999999999989,164894012.5,4688510,0,35.51,35.8,34.65,35.85
300940,南极光,32.65,-0.6088280060882887,-0.20000000000000284,239921693.4,7318075,0,32.6,33.33,32.19,32.85
300941,创识科技,23.1,-19.986144786976098,-5.77,623904516.38,26577154,0,24.3,25.9,23.1,28.87
300942,易瑞生物,9.49,-1.042752867570382,-0.09999999999999964,28418134.0,2983900,0,9.54,9.59,9.48,9.59
300943,春晖智控,19.23,-2.7314112291350487,-0.5399999999999991,164398240.78,8465515,0,19.66,19.76,19.18,19.77
300945,曼卡龙,17.19,-2.27401932916429,-0.3999999999999986,222168946.61,12740011,0,17.9,17.99,17.14,17.59
300946,恒而达,49.53,-1.1771747805267285,-0.5899999999999963,65609633.95,1317799,0,49.86,50.33,49.51,50.12
300947,德必集团,20.93,-1.3201320132013254,-0.28000000000000114,293796754.08,13963838,0,21.01,21.46,20.79,21.21
300948,冠中生态,20.29,-1.361205639280511,-0.28000000000000114,155871162.84,7624718,0,20.45,20.86,20.11,20.57
300949,奥雅股份,39.99,-1.6236162361623532,-0.6599999999999966,30460404.14,761289,0,40.6,40.76,39.6,40.65
300950,德固特,22.37,-1.4103129131776124,-0.3200000000000003,48959289.0,2174600,0,22.65,22.82,22.3,22.69
300951,博硕科技,33.96,-0.4980955171403507,-0.1700000000000017,35192224.4,1033260,0,34.19,34.4,33.71,34.13
300952,恒辉安防,32.83,-0.5754088431253931,-0.19000000000000483,109446557.54,3327287,0,33.02,33.38,32.45,33.02
300953,震裕科技,143.08,-0.45223683295065564,-0.6499999999999773,399035582.28,2781475,0,143.18,145.44,141.83,143.73
300955,嘉亨家化,38.34,0.6563402467839328,0.25,77859833.0,2038800,0,38.47,38.6,37.88,38.09
300956,英力股份,16.0,-1.0513296227582047,-0.1700000000000017,47400648.25,2952621,0,16.21,16.23,15.96,16.17
300957,贝泰妮,40.81,-1.4727184934814084,-0.6099999999999994,128432388.37,3133502,0,41.51,41.53,40.74,41.42
300958,建工修复,12.39,-0.8799999999999953,-0.10999999999999943,23682166.0,1910400,0,12.5,12.6,12.31,12.5
300959,线上线下,104.56,-1.0317084713677267,-1.0900000000000034,342746214.69,3275307,0,106.0,106.16,102.93,105.65
300960,通业科技,24.41,-0.5702647657841163,-0.14000000000000057,28004622.81,1137560,0,24.62,25.0,24.36,24.55
300961,深水海纳,13.88,-0.7862759113652569,-0.10999999999999943,36263863.8,2610827,0,13.96,14.0,13.81,13.99
300962,中金辐照,16.37,0.24494794856094737,0.0400000000000027,38860674.0,2365700,0,16.33,16.6,16.3,16.33
300963,中洲特材,20.95,-3.7224264705882457,-0.8100000000000023,670429990.07,31783698,0,21.5,21.6,20.9,21.76
300964,本川智能,56.6,-2.464242633120799,-1.4299999999999997,275000852.38,4802961,0,57.07,58.64,56.32,58.03
300965,恒宇信通,61.58,-5.5231666155262475,-3.6000000000000085,136108630.01,2151577,0,65.0,65.39,61.56,65.18
300966,共同药业,20.12,-0.04967709885741685,-0.00999999999999801,16110909.0,803000,0,20.11,20.25,19.83,20.13
300967,晓鸣股份,19.28,-3.358395989974928,-0.6699999999999982,120405994.63,6166351,0,19.81,20.06,19.23,19.95
300968,格林精密,13.96,-1.8973998594518593,-0.2699999999999996,104290379.0,7404100,0,14.26,14.37,13.89,14.23
300969,恒帅股份,106.92,-4.688892850775543,-5.260000000000005,338428338.48,3151068,0,109.99,110.81,105.05,112.18
300970,华绿生物,17.19,-0.5208333333333325,-0.08999999999999986,42375322.6,2466230,0,17.36,17.43,16.97,17.28
300971,博亚精工,23.03,0.304878048780489,0.07000000000000028,60091820.39,2615046,0,22.96,23.14,22.78,22.96
300972,万辰集团,194.0,0.8106422781126597,1.5600000000000023,313627567.9,1607714,0,194.8,198.99,191.63,192.44
300973,立高食品,44.07,2.7751865671641736,1.1899999999999977,471338225.05,10556615,0,46.48,47.15,43.58,42.88
300975,商络电子,12.26,-1.6051364365971192,-0.20000000000000107,154936143.57,12576159,0,12.4,12.47,12.2,12.46
300976,达瑞电子,58.71,-0.13607756421159772,-0.0799999999999983,78898421.4,1343340,0,58.79,59.38,58.32,58.79
300977,深圳瑞捷,17.05,-1.331018518518521,-0.23000000000000043,26466242.87,1544730,0,17.23,17.4,16.98,17.28
300978,东箭科技,13.53,-9.194630872483229,-1.370000000000001,609910267.87,43990091,0,14.31,14.45,13.35,14.9
300979,华利集团,52.66,-1.1822105460686856,-0.6300000000000026,144509053.91,2733925,0,53.11,53.33,52.28,53.29
300980,祥源新材,27.68,-0.8240773916159098,-0.23000000000000043,130928442.6,4711597,0,27.75,28.18,27.61,27.91
300981,中红医疗,12.81,-1.9892884468247878,-0.2599999999999998,46020160.05,3563390,0,13.1,13.15,12.76,13.07
300982,苏文电能,19.39,-0.665983606557372,-0.129999999999999,82888627.2,4257960,0,19.5,19.75,19.23,19.52
300983,尤安设计,24.88,-0.08032128514056054,-0.019999999999999574,14951932.93,598956,0,24.9,25.29,24.8,24.9
300984,金沃股份,66.09,-3.2357247437774435,-2.2099999999999937,181337410.52,2718766,0,67.81,67.81,66.0,68.3
300985,致远新能,17.78,-1.3318534961154187,-0.23999999999999844,26470876.32,1485787,0,17.98,18.02,17.7,18.02
300986,志特新材,10.14,-0.29498525073745685,-0.02999999999999936,41203602.65,4051325,0,10.19,10.25,10.1,10.17
300987,川网传媒,16.45,-0.9036144578313381,-0.15000000000000213,22336387.9,1354970,0,16.6,16.64,16.39,16.6
300988,津荣天宇,22.48,-1.5761821366024493,-0.35999999999999943,60299087.0,2670300,0,22.79,22.95,22.4,22.84
300989,蕾奥规划,17.03,-0.4675628287551041,-0.0799999999999983,154836949.31,8977597,0,17.26,17.44,17.0,17.11
300990,同飞股份,93.0,20.0,15.5,991449452.82,11052024,0,78.4,93.0,78.4,77.5
300991,创益通,38.87,-0.7151979565772699,-0.28000000000000114,43784894.0,1124800,0,39.16,39.17,38.65,39.15
300992,泰福泵业,27.23,0.8145131432802624,0.21999999999999886,101605769.7,3707029,0,27.02,27.82,26.58,27.01
300993,玉马科技,14.67,-2.7833001988071566,-0.41999999999999993,85725529.26,5805592,0,15.03,15.06,14.61,15.09
300994,久祺股份,15.72,-0.6321112515802758,-0.09999999999999964,25877108.94,1642251,0,15.86,16.01,15.65,15.82
300995,奇德新材,37.47,0.0,0.0,49437519.0,1319400,0,37.36,37.99,37.06,37.47
300996,普联软件,16.2,-1.2797074954296213,-0.21000000000000085,82987922.04,5108787,0,16.5,16.5,16.13,16.41
300997,欢乐家,29.96,-7.473749227918473,-2.4200000000000017,757125083.68,24789328,0,31.92,32.24,29.7,32.38
300998,宁波方正,21.45,-1.7857142857142885,-0.39000000000000057,24912200.0,1162700,0,21.86,21.86,21.25,21.84
300999,金龙鱼,28.94,-1.0598290598290554,-0.3099999999999987,224768382.0,7740500,0,29.25,29.27,28.88,29.25
301000,肇民科技,36.18,-1.3093289689034286,-0.4799999999999969,94615650.88,2608122,0,36.63,36.66,36.0,36.66
301001,凯淳股份,28.14,-1.089630931458695,-0.3099999999999987,45257847.62,1608777,0,28.44,28.58,28.02,28.45
301002,崧盛股份,32.17,-6.045560747663552,-2.0700000000000003,248859335.78,7623801,0,33.95,34.0,31.89,34.24
301003,江苏博云,39.21,-1.5813253012048254,-0.6300000000000026,28809798.2,730380,0,39.84,39.95,39.04,39.84
301004,嘉益股份,50.78,-0.9557245952798946,-0.490000000000002,31487981.44,618684,0,51.3,51.59,50.28,51.27
301005,超捷股份,90.88,-2.374046621549047,-2.210000000000008,2621039476.51,27333166,0,92.68,100.5,90.06,93.09
301006,迈拓股份,16.22,-0.49079754601228126,-0.08000000000000185,21438572.0,1320800,0,16.32,16.49,16.11,16.3
301007,德迈仕,36.77,-0.35230352303521806,-0.12999999999999545,123319126.0,3323800,0,36.66,37.53,36.56,36.9
301008,宏昌科技,34.18,-0.6395348837209269,-0.21999999999999886,56903813.24,1670102,0,34.37,34.64,33.8,34.4
301009,可靠股份,12.84,-1.0785824345146422,-0.14000000000000057,39524400.0,3073200,0,13.05,13.12,12.79,12.98
301010,晶雪节能,21.97,-3.893263342082242,-0.8900000000000006,133319189.25,6025091,0,22.75,22.86,21.81,22.86
301011,华立科技,25.27,-1.2504884720593994,-0.3200000000000003,35873569.0,1413800,0,25.5,25.64,25.21,25.59
301012,扬电科技,25.5,-2.3736600306278755,-0.620000000000001,123442442.22,4809718,0,26.01,26.2,25.3,26.12
301013,利和兴,27.8,1.7197219173069975,0.4700000000000024,379483431.19,13681780,0,26.93,28.09,26.93,27.33
301015,百洋医药,23.38,0.6890611541774339,0.16000000000000014,99867787.13,4247924,0,23.13,23.77,23.13,23.22
301016,雷尔伟,19.92,-2.6868588177821064,-0.5499999999999972,79747010.16,3984756,0,20.45,20.45,19.7,20.47
301017,漱玉平民,18.41,7.284382284382285,1.25,852608345.5,47403696,0,16.62,19.49,16.62,17.16
301018,申菱环境,66.9,14.65295629820052,8.550000000000004,1768749657.69,27915508,0,58.76,68.0,58.76,58.35
301019,宁波色母,23.48,0.21340162185232914,0.05000000000000071,97163177.61,4108581,0,23.33,24.2,23.16,23.43
301020,密封科技,21.84,-0.13717421124829052,-0.030000000000001137,26992315.0,1232100,0,21.85,22.16,21.67,21.87
301021,英诺激光,46.61,6.952730610371733,3.030000000000001,572637511.36,12510894,0,43.15,47.5,42.8,43.58
301022,海泰科,30.98,-1.5257469802924362,-0.4800000000000004,46974425.13,1512657,0,31.47,31.62,30.79,31.46
301023,奕帆传动,40.88,-0.8729388942773992,-0.35999999999999943,144898402.95,3576715,0,40.51,41.17,39.8,41.24
301024,霍普股份,35.0,-0.028563267637812084,-0.00999999999999801,21321814.67,612000,0,35.08,35.2,34.51,35.01
301025,读客文化,0.0,-100.0,-10.2,0.0,0,0,0.0,0.0,0.0,10.2
301026,浩通科技,30.3,5.39130434782609,1.5500000000000007,570272958.83,18853103,0,29.38,31.6,29.0,28.75
301027,华蓝集团,17.49,-0.3418803418803548,-0.060000000000002274,85929642.64,4918696,0,17.57,17.7,17.25,17.55
301028,东亚机械,15.17,3.6910457963089485,0.5399999999999991,174693634.5,11660275,0,14.51,15.33,14.43,14.63
301029,怡合达,25.21,-0.19794140934283733,-0.05000000000000071,156668783.0,6200340,0,25.28,25.42,25.06,25.26
301030,仕净科技,11.45,-1.3781223083548677,-0.16000000000000014,55753799.0,4836363,0,11.61,11.72,11.43,11.61
301031,中熔电气,109.54,0.3205421741917836,0.3500000000000085,147528927.11,1347876,0,108.89,110.5,108.18,109.19
301032,新柴股份,12.21,-0.8928571428571384,-0.10999999999999943,19758458.2,1613900,0,12.29,12.32,12.19,12.32
301033,迈普医学,68.67,0.8962679988245656,0.6099999999999994,26653048.37,388300,0,68.1,69.8,67.87,68.06
301035,润丰股份,71.57,-0.1395283940281966,-0.10000000000000853,59180461.18,832654,0,71.7,71.91,70.3,71.67
301036,双乐股份,36.55,-0.4087193460490618,-0.15000000000000568,62821535.72,1711638,0,36.6,36.98,36.5,36.7
301037,保立佳,14.12,-0.21201413427562643,-0.030000000000001137,26762899.32,1901154,0,14.13,14.22,13.9,14.15
301038,深水规院,22.68,-0.5699254712845201,-0.129999999999999,57433552.0,2525400,0,22.81,22.89,22.53,22.81
301039,中集车辆,10.25,-0.6782945736434136,-0.07000000000000028,85156943.6,8290000,0,10.31,10.43,10.19,10.32
301040,中环海陆,31.02,-1.711026615969579,-0.5399999999999991,130516070.0,4205200,0,31.56,31.82,30.7,31.56
301041,金百泽,27.01,-0.4056047197640097,-0.10999999999999943,62707535.96,2328548,0,27.08,27.16,26.65,27.12
301042,安联锐视,82.26,-1.8377088305489164,-1.539999999999992,105900203.0,1275500,0,83.51,84.46,81.45,83.8
301043,绿岛风,52.0,-1.5151515151515098,-0.7999999999999972,61248019.0,1180900,0,53.0,53.0,51.22,52.8
301045,天禄科技,27.5,-0.6502890173410394,-0.17999999999999972,44976387.16,1622300,0,27.52,28.07,27.41,27.68
301046,能辉科技,24.96,-0.23980815347721313,-0.05999999999999872,161740900.95,6604136,0,24.9,25.32,23.98,25.02
301047,义翘神州,66.65,-0.08994153800028193,-0.05999999999998806,36622124.1,549920,0,66.8,67.09,66.34,66.71
301048,金鹰重工,11.36,-1.0452961672473953,-0.120000000000001,29845836.0,2610000,0,11.49,11.56,11.35,11.48
301049,超越科技,20.67,-1.805225653206646,-0.379999999999999,28045264.01,1355301,0,21.1,21.1,20.47,21.05
301050,雷电微力,47.52,-4.578313253012036,-2.279999999999994,540156305.68,11194263,0,49.5,49.5,47.27,49.8
301051,信濠光电,20.01,-1.4285714285714244,-0.28999999999999915,36314307.6,1810180,0,20.29,20.29,19.97,20.3
301052,果麦文化,38.07,-0.6005221932114801,-0.22999999999999687,101838310.9,2672725,0,38.4,38.4,37.91,38.3
301053,远信工业,33.08,-0.6308200660859142,-0.21000000000000085,21257468.23,638800,0,33.68,33.68,32.97,33.29
301055,张小泉,19.6,-0.10193679918450342,-0.019999999999999574,43121253.0,2171200,0,19.57,20.27,19.48,19.62
301056,森赫股份,13.19,12.92808219178082,1.5099999999999998,249746819.73,19187794,0,11.79,13.95,11.69,11.68
301057,汇隆新材,29.88,1.1509817197020984,0.33999999999999986,58353927.0,1963400,0,30.38,30.38,29.04,29.54
301058,中粮科工,10.88,-0.1834862385321062,-0.019999999999999574,119839308.36,10952600,0,10.8,11.05,10.78,10.9
301059,金三江,12.87,0.23364485981307914,0.02999999999999936,24569933.7,1913430,0,12.85,13.0,12.7,12.84
301060,兰卫医学,9.59,-0.41536863966771465,-0.040000000000000924,40990162.0,4280900,0,9.63,9.73,9.48,9.63
301061,匠心家居,104.18,1.1358120570818384,1.1700000000000017,124395994.81,1193399,0,104.02,105.8,102.22,103.01
301062,上海艾录,7.86,-0.8827238335434981,-0.0699999999999994,28312339.09,3576497,0,7.91,8.02,7.86,7.93
301063,海锅股份,24.64,1.3157894736842117,0.3200000000000003,62368104.0,2542300,0,24.08,24.85,24.08,24.32
301065,本立科技,21.12,-0.471253534401498,-0.09999999999999787,24098612.0,1139000,0,21.25,21.34,21.03,21.22
301066,万事利,17.03,-2.1826536473291154,-0.379999999999999,167422875.13,9813295,0,17.24,17.41,16.8,17.41
301067,显盈科技,31.35,-2.8208307501549803,-0.9099999999999966,137716852.9,4367295,0,32.09,32.09,31.15,32.26
301068,大地海洋,25.91,-3.176382660687599,-0.8500000000000014,29395651.7,1128302,0,26.85,26.88,25.76,26.76
301069,凯盛新材,29.14,3.0045952633439432,0.8500000000000014,1342815015.56,47349530,0,28.0,29.68,27.18,28.29
301070,开勒股份,59.11,1.8611063243150068,1.0799999999999983,69483153.8,1185100,0,58.5,59.5,57.62,58.03
301071,力量钻石,35.89,1.2411847672778495,0.4399999999999977,404697906.01,11186314,0,35.45,36.66,35.3,35.45
301072,中捷精工,21.63,-0.8253094910591459,-0.17999999999999972,23758282.0,1097300,0,21.82,22.1,21.4,21.81
301073,君亭酒店,27.09,-2.2021660649819474,-0.6099999999999994,221742904.26,8148216,0,27.44,27.7,26.68,27.7
301075,多瑞医药,51.36,2.719999999999999,1.3599999999999994,69790552.28,1361216,0,49.89,52.32,49.5,50.0
301076,新瀚新材,42.63,1.210826210826223,0.5100000000000051,295814486.42,6911647,0,42.01,43.6,41.78,42.12
301077,星华新材,29.18,-0.5114217524718669,-0.14999999999999858,103915469.48,3604050,0,29.33,29.75,28.31,29.33
301078,孩子王,10.67,-4.476275738585497,-0.5,967444970.06,89780223,0,11.06,11.07,10.63,11.17
301079,邵阳液压,28.28,-2.1114572516441656,-0.6099999999999994,284539802.79,9988421,0,29.29,29.47,27.79,28.89
301080,百普赛斯,52.19,-1.453927492447136,-0.7700000000000031,68855975.2,1318730,0,52.5,52.81,51.86,52.96
301081,严牌股份,10.12,-1.747572815533995,-0.1800000000000015,28905513.59,2842705,0,10.3,10.33,10.05,10.3
301082,久盛电气,18.25,0.3298515667949352,0.05999999999999872,290848319.29,15843600,0,18.19,18.82,18.12,18.19
301083,百胜智能,18.63,-1.895734597156395,-0.35999999999999943,54860767.0,2932500,0,18.99,18.99,18.54,18.99
301085,亚康股份,50.73,0.9351372861122142,0.46999999999999886,46760335.4,912256,0,52.0,53.25,50.66,50.26
301086,鸿富瀚,114.7,8.054639660857275,8.549999999999997,368971765.83,3293960,0,106.15,117.77,105.34,106.15
301087,可孚医疗,45.5,0.11001100110010376,0.04999999999999716,55836472.98,1226981,0,45.4,45.88,45.19,45.45
301088,戎美股份,16.81,1.8787878787878711,0.3099999999999987,291464443.56,16668755,0,17.01,18.13,16.63,16.5
301089,拓新药业,29.09,1.2883008356545995,0.370000000000001,102202254.22,3527988,0,28.59,29.58,28.22,28.72
301090,华润材料,6.92,-0.7173601147776159,-0.04999999999999982,25337340.0,3647700,0,6.95,6.99,6.91,6.97
301091,深城交,25.4,-2.793723689246079,-0.7300000000000004,134451728.34,5223938,0,26.05,26.15,25.38,26.13
301092,争光股份,36.34,-0.6560962274466783,-0.23999999999999488,107814229.52,2975714,0,36.5,36.73,35.8,36.58
301093,华兰股份,49.94,1.1750405186385702,0.5799999999999983,204691683.5,4087372,0,49.26,50.73,48.9,49.36
301095,广立微,70.56,-0.09910802775023812,-0.06999999999999318,330895598.14,4659702,0,70.68,71.78,70.36,70.63
301096,百诚医药,53.87,-1.7508663140616467,-0.9600000000000009,95092075.33,1752247,0,55.23,55.23,53.69,54.83
301097,天益医疗,54.58,0.14678899082568495,0.0799999999999983,23390675.72,428992,0,54.67,55.12,53.9,54.5
301098,金埔园林,8.55,-0.46565774155994355,-0.03999999999999915,24450779.0,2866400,0,8.57,8.62,8.46,8.59
301099,雅创电子,43.4,-1.8321646686270125,-0.8100000000000023,167563206.03,3835093,0,43.9,44.21,43.26,44.21
301100,风光股份,22.05,-3.289473684210526,-0.75,33303544.0,1491500,0,22.72,22.85,22.03,22.8
301101,明月镜片,38.84,-0.05146680391146686,-0.01999999999999602,105088004.75,2678512,0,39.03,39.77,38.81,38.86
301102,兆讯传媒,10.49,-2.5998142989786386,-0.27999999999999936,49491920.64,4660730,0,10.77,10.82,10.48,10.77
301103,何氏眼科,19.43,-1.6202531645569636,-0.3200000000000003,20935686.31,1072539,0,19.71,19.78,19.42,19.75
301105,鸿铭股份,47.94,3.8111736682546513,1.759999999999998,75725982.72,1585542,0,46.1,48.37,46.0,46.18
301106,骏成科技,29.22,-0.646038762325744,-0.19000000000000128,24936685.0,854260,0,29.4,29.48,29.01,29.41
301107,瑜欣电子,27.34,-0.942028985507252,-0.26000000000000156,23332542.0,850000,0,27.51,27.74,27.3,27.6
301108,洁雅股份,32.76,-1.5625000000000093,-0.5200000000000031,34668098.24,1060052,0,33.21,33.21,32.43,33.28
301109,军信股份,15.08,-0.33046926635823337,-0.05000000000000071,82788856.1,5483660,0,15.13,15.18,15.04,15.13
301110,青木科技,64.06,-0.8205604582752765,-0.5300000000000011,70575328.56,1098000,0,65.43,65.45,63.77,64.59
301111,粤万年青,19.77,-2.418558736426466,-0.490000000000002,172364504.19,8682609,0,20.2,20.27,19.63,20.26
301112,信邦智能,38.07,-1.4496505306756466,-0.5600000000000023,48332535.0,1268800,0,38.83,38.83,37.76,38.63
301113,雅艺科技,23.78,2.1039072563331986,0.490000000000002,30620419.67,1301411,0,23.36,23.94,23.11,23.29
301115,联检科技,15.46,-0.6426735218508974,-0.09999999999999964,23875833.04,1535574,0,15.66,15.69,15.45,15.56
301116,益客食品,11.52,-1.3698630136986314,-0.16000000000000014,57888445.0,4997800,0,11.66,11.74,11.49,11.68
301117,佳缘科技,46.05,-10.738515216127167,-5.540000000000006,874122533.72,18240279,0,51.7,51.99,45.11,51.59
301118,恒光股份,25.59,0.31360250882006385,0.0799999999999983,285780786.8,11138471,0,25.46,26.3,24.8,25.51
301119,正强股份,50.92,-2.377300613496923,-1.2399999999999949,109127472.75,2126787,0,52.48,53.03,50.8,52.16
301120,新特电气,18.46,-0.6993006993006939,-0.129999999999999,414735087.92,22634927,0,18.5,18.7,18.0,18.59
301121,紫建电子,39.41,-0.30356691120668994,-0.12000000000000455,54594092.31,1381781,0,39.48,39.96,39.21,39.53
301122,采纳股份,26.73,-3.1872509960159325,-0.879999999999999,51615342.5,1915770,0,27.93,27.93,26.5,27.61
301123,奕东电子,72.38,19.75512905360688,11.939999999999998,2534156091.36,38461895,0,58.88,72.53,58.3,60.44
301125,腾亚精工,18.01,1.2935883014623195,0.23000000000000043,39336896.76,2195676,0,17.71,18.15,17.71,17.78
301126,达嘉维康,12.94,-1.29672006102212,-0.16999999999999993,151021944.1,11632510,0,13.04,13.24,12.77,13.11
301127,武汉天源,15.29,-2.1753039027511303,-0.34000000000000163,156520560.25,10175499,0,15.66,15.87,15.17,15.63
301128,强瑞技术,94.1,7.077833409194355,6.219999999999999,752094140.42,8177781,0,87.83,95.87,87.16,87.88
301129,瑞纳智能,23.77,-0.29362416107382666,-0.07000000000000028,20806960.4,873500,0,23.81,24.0,23.66,23.84
301130,西点药业,29.1,-0.06868131868131722,-0.019999999999999574,15591437.12,535028,0,29.03,29.26,28.98,29.12
301131,聚赛龙,45.47,-0.3069502302126739,-0.14000000000000057,23079171.0,507800,0,45.46,45.85,45.04,45.61
301132,满坤科技,33.66,0.23823704586062627,0.0799999999999983,54550414.0,1615400,0,33.61,34.08,33.44,33.58
301133,金钟股份,29.66,-6.405806248027772,-2.030000000000001,237077655.59,7910406,0,30.67,30.71,29.61,31.69
301135,瑞德智能,26.86,0.2238805970149206,0.05999999999999872,22057478.0,821200,0,26.74,27.09,26.72,26.8
301136,招标股份,19.53,-2.7390438247011812,-0.5499999999999972,348078157.25,17686004,0,20.02,20.11,19.43,20.08
301137,哈焊华通,46.55,-4.883530854107071,-2.3900000000000006,586633335.25,12479294,0,47.5,47.98,46.45,48.94
301138,华研精机,37.78,-0.10576414595451916,-0.03999999999999915,64833051.26,1727916,0,37.63,37.99,37.01,37.82
301139,元道通信,18.16,-1.411509229098814,-0.26000000000000156,46413737.0,2548400,0,18.43,18.45,18.11,18.42
301141,中科磁业,52.74,-0.35896467031928536,-0.18999999999999773,62641634.95,1183540,0,52.9,53.35,52.42,52.93
301148,嘉戎技术,47.02,-1.031361818564502,-0.4899999999999949,185935163.56,3945587,0,47.23,48.2,46.1,47.51
301149,隆华新材,10.46,-0.6647673314339839,-0.06999999999999851,27261499.0,2603600,0,10.51,10.54,10.41,10.53
301150,中一科技,40.21,3.5539531290239577,1.3800000000000026,660155479.65,16405899,0,38.6,41.18,38.6,38.83
301151,冠龙节能,18.74,-0.6362672322375451,-0.120000000000001,25400180.86,1355126,0,18.86,18.96,18.61,18.86
301152,天力锂能,31.37,3.4630606860158335,1.0500000000000007,207469511.0,6663374,0,30.3,31.95,30.25,30.32
301153,中科江南,19.75,-2.996070726915518,-0.6099999999999994,63683347.56,3188800,0,20.36,20.44,19.74,20.36
301155,海力风电,80.31,2.2145857197403704,1.740000000000009,242946877.0,3054388,0,78.54,80.56,77.56,78.57
301156,美农生物,17.6,-0.11350737797956624,-0.019999999999999574,31987464.4,1823060,0,17.6,17.74,17.43,17.62
301157,华塑科技,50.96,0.7313698359359506,0.36999999999999744,51493155.33,1000379,0,50.78,52.5,50.68,50.59
301158,德石股份,21.64,0.04623208506704375,0.010000000000001563,83760005.0,3864100,0,21.79,21.89,21.45,21.63
301159,三维天地,34.54,-2.2913719943422977,-0.8100000000000023,70246683.0,2020500,0,35.22,35.38,34.5,35.35
301160,翔楼新材,64.63,0.18601767167879452,0.11999999999999034,63930807.7,987150,0,64.5,65.43,63.96,64.51
301161,唯万密封,33.35,6.788344540505927,2.120000000000001,322793883.53,9765997,0,31.51,34.2,31.5,31.23
301162,国能日新,52.12,-0.43935052531041835,-0.23000000000000398,47935762.16,918959,0,52.47,52.8,51.84,52.35
301163,宏德股份,26.2,-0.38022813688213464,-0.10000000000000142,27312579.0,1041400,0,26.35,26.58,26.01,26.3
301165,锐捷网络,84.4,3.317419512792273,2.710000000000008,1065740802.05,12679797,0,81.69,86.5,80.8,81.69
301166,优宁维,29.78,-0.20107238605897695,-0.05999999999999872,11910455.52,400177,0,29.84,29.94,29.61,29.84
301167,建研设计,16.32,-1.2106537530266301,-0.1999999999999993,30562107.2,1872820,0,16.48,16.51,16.22,16.52
301168,通灵股份,46.37,-2.5430853299705776,-1.2100000000000009,117025043.0,2499700,0,47.58,48.78,46.23,47.58
301169,零点有数,47.95,1.5459551037695978,0.730000000000004,100381987.0,2087800,0,47.36,48.55,47.34,47.22
301170,锡南科技,27.28,-0.43795620437955274,-0.11999999999999744,21200948.0,776000,0,27.36,27.57,27.12,27.4
301171,易点天下,33.64,-0.4144464179988175,-0.14000000000000057,809804799.41,23993818,0,33.82,34.23,33.22,33.78
301172,君逸数码,22.35,2.008215426745784,0.4400000000000013,153696356.99,6901299,0,21.87,23.03,21.52,21.91
301173,毓恬冠佳,45.38,-3.1169940222032464,-1.4600000000000009,45301759.22,984014,0,46.68,46.94,45.31,46.84
301175,中科环保,5.73,0.8802816901408576,0.05000000000000071,205223860.0,35750100,0,5.67,5.81,5.65,5.68
301176,逸豪新材,25.35,1.807228915662662,0.45000000000000284,84463269.0,3331700,0,24.93,25.8,24.6,24.9
301177,迪阿股份,29.06,-0.06877579092159414,-0.019999999999999574,34484381.41,1183408,0,29.08,29.33,28.97,29.08
301178,天亿马,47.57,-0.5435918879364374,-0.259999999999998,53966924.0,1138600,0,47.83,48.24,46.99,47.83
301179,泽宇智能,15.71,-1.1327879169288841,-0.17999999999999972,25751406.44,1629592,0,15.86,15.94,15.71,15.89
301180,万祥科技,16.01,0.5021971123666155,0.08000000000000185,43480263.0,2729600,0,15.88,16.15,15.77,15.93
301181,标榜股份,37.59,0.37383177570093606,0.14000000000000057,88232839.2,2369500,0,37.15,37.89,36.64,37.45
301182,凯旺科技,40.2,2.290076335877877,0.9000000000000057,186306344.39,4669259,0,39.01,41.02,38.55,39.3
301183,东田微,168.35,0.9292565947242103,1.549999999999983,1453060900.12,8664816,0,167.99,170.7,162.58,166.8
301185,鸥玛软件,18.58,-0.4287245444801814,-0.08000000000000185,34396240.0,1851400,0,18.63,18.74,18.48,18.66
301186,超达装备,46.16,-1.007934805918949,-0.47000000000000597,41839716.0,903600,0,46.64,46.7,46.06,46.63
301187,欧圣电气,26.41,-0.41478129713423617,-0.10999999999999943,127245206.05,4778005,0,26.6,26.98,26.25,26.52
301188,力诺药包,17.31,-1.4236902050113898,-0.25,38569042.0,2215000,0,17.52,17.63,17.3,17.56
301189,奥尼电子,39.03,-0.3828483920367498,-0.14999999999999858,70987552.76,1820688,0,39.15,39.65,38.62,39.18
301190,善水科技,20.96,-0.7105637138796712,-0.14999999999999858,24674444.0,1175200,0,21.09,21.2,20.81,21.11
301191,菲菱科思,114.39,9.990384615384617,10.39,962919674.83,8649644,0,104.14,117.55,104.0,104.0
301192,泰祥股份,29.05,-3.7442014579191483,-1.129999999999999,38407187.2,1312726,0,31.0,31.0,28.89,30.18
301193,家联科技,21.81,2.394366197183089,0.509999999999998,111421625.95,5114672,0,21.15,22.27,21.15,21.3
301195,北路智控,32.89,-1.2905162064825921,-0.4299999999999997,20254528.72,614088,0,33.31,33.31,32.8,33.32
301196,唯科科技,76.2,1.464713715046616,1.1000000000000085,401259967.82,5341954,0,74.61,77.88,72.8,75.1
301197,工大科雅,19.33,-2.472250252270444,-0.490000000000002,30549496.53,1568200,0,20.0,20.0,19.27,19.82
301198,喜悦智行,11.59,-0.7705479452054783,-0.08999999999999986,32538840.21,2819241,0,11.65,11.76,11.4,11.68
301199,迈赫股份,21.58,-0.5988023952095926,-0.13000000000000256,23801189.6,1104960,0,21.65,21.73,21.43,21.71
301200,大族数控,123.41,3.6449147560258703,4.340000000000003,745876591.34,6055690,0,117.84,126.38,117.84,119.07
301201,诚达药业,41.6,0.5559584239787382,0.23000000000000398,203401665.6,4849300,0,41.49,42.46,41.37,41.37
301202,朗威股份,41.32,1.2993380730571247,0.5300000000000011,145439493.69,3523400,0,40.51,41.95,40.41,40.79
301203,国泰环保,32.14,-0.12430080795524906,-0.03999999999999915,14923965.0,464500,0,32.18,32.36,31.92,32.18
301205,联特科技,186.71,7.862507221259396,13.610000000000014,3684925718.94,20245854,0,173.14,197.88,168.88,173.1
301206,三元生物,26.81,0.0,0.0,19788254.6,737868,0,26.85,26.93,26.69,26.81
301207,华兰疫苗,18.99,-1.6571724495080284,-0.3200000000000003,111455509.1,5854652,0,19.3,19.39,18.9,19.31
301208,中亦科技,35.91,-2.312295973884661,-0.8500000000000014,35413108.26,978051,0,36.7,36.82,35.88,36.76
301209,联合化学,102.07,-0.7487359004278591,-0.7700000000000102,93112522.96,905824,0,103.51,104.21,101.91,102.84
301210,金杨精密,35.43,0.1413227812323266,0.04999999999999716,41722554.27,1177895,0,35.39,35.76,35.13,35.38
301211,亨迪药业,12.45,-2.2762951334379977,-0.2900000000000009,84392660.32,6753517,0,12.75,12.78,12.39,12.74
301212,联盛化学,28.12,-0.2836879432624053,-0.0799999999999983,27878518.6,997366,0,28.05,28.31,27.62,28.2
301213,观想科技,0.0,-100.0,-69.05,0.0,0,0,0.0,0.0,0.0,69.05
301215,中汽股份,6.74,-2.0348837209302277,-0.13999999999999968,144017562.16,21171244,0,6.86,6.91,6.73,6.88
301216,万凯新材,17.38,-1.0813887307911285,-0.19000000000000128,85477664.5,4905150,0,17.57,17.63,17.28,17.57
301217,铜冠铜箔,36.09,12.185265775567302,3.9200000000000017,2784785702.49,79139884,0,32.2,36.86,32.03,32.17
301218,华是科技,22.63,-3.78401360544218,-0.8900000000000006,101252492.23,4429280,0,23.41,23.63,22.58,23.52
301219,腾远钴业,66.1,2.242846094354197,1.4499999999999886,497464277.42,7533188,0,64.68,67.39,64.17,64.65
301220,亚香股份,36.6,-1.0275824770145903,-0.37999999999999545,33565881.6,907480,0,36.84,37.46,36.57,36.98
301221,光庭信息,51.55,-2.1450265755504985,-1.1300000000000026,252838068.86,4877767,0,52.32,53.23,51.28,52.68
301222,浙江恒威,28.84,-0.034662045060664,-0.010000000000001563,21760773.0,753200,0,28.79,29.12,28.7,28.85
301223,中荣股份,18.24,-0.1095290251916929,-0.020000000000003126,15382981.0,839600,0,18.3,18.45,18.19,18.26
301225,恒勃股份,98.85,0.16212382206910184,0.1599999999999966,60001352.8,605460,0,98.69,100.1,97.46,98.69
301226,祥明智能,31.0,1.9401512660309106,0.5899999999999999,110281573.66,3623363,0,30.2,31.2,29.8,30.41
301227,森鹰窗业,47.05,-1.8155258764607773,-0.8700000000000045,61359116.0,1306900,0,47.93,47.93,46.47,47.92
301228,实朴检测,41.61,-0.834127740705437,-0.3500000000000014,126294570.48,3029601,0,42.0,42.76,41.08,41.96
301229,纽泰格,20.2,-3.117505995203847,-0.6500000000000021,70399199.66,3430193,0,20.88,20.88,20.15,20.85
301230,泓博医药,30.18,-0.7563301545544243,-0.23000000000000043,44563847.4,1467330,0,30.25,30.56,30.13,30.41
301231,荣信文化,29.92,-2.126267582597313,-0.6499999999999986,122053008.98,4081064,0,30.56,30.56,29.63,30.57
301232,飞沃科技,104.03,-0.44976076555023814,-0.46999999999999886,652252727.67,6350148,0,106.0,107.9,95.8,104.5
301233,盛帮股份,49.8,-0.5988023952095893,-0.30000000000000426,31561192.0,630800,0,50.26,50.49,49.66,50.1
301234,五洲医疗,40.59,-2.5216138328530193,-1.0499999999999972,42693502.66,1045773,0,41.72,41.95,40.18,41.64
301235,华康洁净,44.1,4.850213980028528,2.039999999999999,820903868.28,18336293,0,41.53,47.19,41.0,42.06
301236,软通动力,45.48,-1.4731369150779892,-0.6799999999999997,364023340.93,7948436,0,46.14,46.17,45.45,46.16
301237,和顺科技,47.41,0.7223284469938311,0.3399999999999963,21007607.0,443800,0,47.5,47.83,46.9,47.07
301238,瑞泰新材,20.25,1.25,0.25,263629082.78,13011055,0,20.0,20.58,19.86,20.0
301239,普瑞眼科,30.92,-1.903553299492379,-0.5999999999999979,27934414.63,897543,0,31.5,31.53,30.88,31.52
301246,宏源药业,20.35,14.390106801573932,2.5600000000000023,827011636.65,42277494,0,17.79,20.8,17.6,17.79
301248,杰创智能,29.52,2.322357019064118,0.6699999999999982,285426548.16,9602194,0,28.7,30.28,28.5,28.85
301251,威尔高,54.81,6.5720396655648505,3.3800000000000026,444507546.14,8159445,0,51.88,55.98,51.4,51.43
301252,同星科技,28.15,2.177858439201444,0.5999999999999979,114909551.23,4082422,0,27.48,28.5,27.48,27.55
301255,通力科技,27.4,-0.8324285197249383,-0.23000000000000043,19707240.0,714440,0,27.66,27.85,27.39,27.63
301256,华融化学,14.88,0.2020202020202097,0.030000000000001137,496560838.59,32845515,0,14.7,15.68,14.63,14.85
301257,普蕊斯,50.19,4.388519134775374,2.1099999999999994,134449299.56,2695160,0,48.0,51.79,47.52,48.08
301258,富士莱,32.96,-1.199040767386087,-0.3999999999999986,38470715.74,1169806,0,33.11,33.36,32.62,33.36
301259,艾布鲁,32.49,-1.4857489387507428,-0.4899999999999949,90838340.51,2792555,0,32.98,33.0,32.2,32.98
301260,格力博,16.03,-0.8658008658008692,-0.14000000000000057,23159413.5,1439600,0,16.17,16.18,16.01,16.17
301261,恒工精密,78.88,-2.3641539794529156,-1.9100000000000108,123150871.13,1550187,0,80.35,80.99,78.77,80.79
301262,海看股份,24.18,-0.9016393442622904,-0.21999999999999886,60864348.42,2511762,0,24.38,24.52,24.08,24.4
301263,泰恩康,27.33,-0.03657644476957411,-0.010000000000001563,114960293.72,4176212,0,27.72,27.99,27.31,27.34
301265,华新环保,11.91,-2.055921052631579,-0.25,48386136.0,4039175,0,12.11,12.22,11.84,12.16
301266,宇邦新材,36.65,-0.8119079837618517,-0.30000000000000426,46211935.0,1253400,0,37.03,37.18,36.51,36.95
301267,华厦眼科,18.06,-1.2035010940919169,-0.22000000000000242,84463124.24,4660594,0,18.29,18.33,18.02,18.28
301268,铭利达,17.78,-1.5503875968992116,-0.2799999999999976,30978863.38,1731588,0,18.01,18.07,17.74,18.06
301269,华大九天,106.34,-0.2064564564564554,-0.21999999999999886,539019270.91,4993823,0,106.5,109.2,106.03,106.56
301270,汉仪股份,36.6,-6.081601231716699,-2.3699999999999974,249973650.9,6716185,0,38.93,38.93,36.5,38.97
301272,英华特,39.4,-1.15403913697943,-0.46000000000000085,24473429.36,619068,0,40.05,40.22,39.27,39.86
301273,瑞晨环保,26.15,-1.0968229954614324,-0.2900000000000027,25887314.0,987700,0,26.44,26.58,26.0,26.44
301275,汉朔科技,52.86,-0.3017729158808066,-0.1600000000000037,43025308.84,811102,0,52.89,53.36,52.81,53.02
301276,嘉曼服饰,28.0,0.25062656641604114,0.07000000000000028,131524924.84,4682985,0,28.02,28.45,27.81,27.93
301277,新天地,11.8,-1.2552301255230007,-0.14999999999999858,20156952.0,1699033,0,11.96,12.0,11.78,11.95
301278,快可电子,33.87,-2.7841561423651147,-0.970000000000006,139950827.45,4088027,0,34.4,34.98,33.82,34.84
301279,金道科技,29.01,1.3272790778903338,0.38000000000000256,122819303.55,4263837,0,28.5,29.55,27.88,28.63
301280,珠城科技,47.53,-0.9172399416301809,-0.4399999999999977,51382572.22,1078190,0,47.89,48.25,47.17,47.97
301281,科源制药,28.45,6.275681733283525,1.6799999999999997,150826640.04,5365980,0,27.45,29.3,26.87,26.77
301282,金禄电子,28.67,-0.5894590846047093,-0.16999999999999815,163829178.15,5695199,0,28.76,29.04,28.49,28.84
301283,聚胶股份,46.5,-0.2574002574002519,-0.11999999999999744,38391676.13,823423,0,46.35,47.11,46.23,46.62
301285,鸿日达,69.27,-2.942412778478364,-2.1000000000000085,209385036.57,2999603,0,71.22,71.68,68.77,71.37
301286,侨源股份,47.06,-1.19672475330674,-0.5700000000000003,196052186.95,4073962,0,47.63,49.68,46.68,47.63
301287,康力源,42.41,-1.2342803912435985,-0.5300000000000011,44207621.24,1037005,0,42.83,43.07,42.01,42.94
301288,*ST清研,15.74,-1.0062893081761015,-0.16000000000000014,8320895.66,529301,0,15.85,15.85,15.5,15.9
301289,国缆检测,58.31,-2.0987239758226996,-1.25,59646408.76,1016828,0,59.13,59.58,58.1,59.56
301290,东星医疗,25.08,-1.8010963194988288,-0.46000000000000085,18152593.71,719573,0,25.53,25.54,25.07,25.54
301291,明阳电气,42.5,0.591715976331361,0.25,200560708.92,4739428,0,42.26,42.77,41.82,42.25
301292,海科新源,59.7,6.227758007117437,3.5,1477390718.85,24983819,0,55.39,62.6,55.16,56.2
301293,三博脑科,54.93,-1.2760603882099224,-0.7100000000000009,211731385.03,3837675,0,55.4,55.52,54.85,55.64
301295,美硕科技,27.83,-1.9725255371609802,-0.5600000000000023,72622602.65,2623093,0,28.39,28.39,27.09,28.39
301296,新巨丰,8.42,-0.5903187721369623,-0.05000000000000071,13607131.0,1608900,0,8.47,8.51,8.42,8.47
301297,富乐德,37.43,-0.42564511838255836,-0.1600000000000037,140331564.93,3726319,0,37.34,37.98,37.2,37.59
301298,东利机械,15.53,-0.5761843790012796,-0.08999999999999986,20532227.0,1320600,0,15.62,15.71,15.46,15.62
301299,卓创资讯,52.53,-1.0548125824072372,-0.5600000000000023,23556031.0,446900,0,52.7,53.2,52.35,53.09
301300,远翔新材,43.33,0.184971098265892,0.0799999999999983,58929114.0,1366100,0,43.36,43.68,42.62,43.25
301301,川宁生物,9.97,-1.482213438735164,-0.14999999999999858,70572509.0,7027831,0,10.13,10.14,9.96,10.12
301302,华如科技,21.87,-2.9294274300932095,-0.6600000000000001,60397576.26,2733292,0,22.52,22.59,21.81,22.53
301303,真兰仪表,15.09,-0.6583278472679371,-0.09999999999999964,19266238.0,1271100,0,15.22,15.24,15.07,15.19
301305,朗坤科技,21.44,0.0,0.0,83908025.99,3911796,0,21.47,21.67,21.31,21.44
301306,西测测试,102.95,-6.958879349299596,-7.700000000000003,1694832879.12,15862907,0,112.81,113.6,102.21,110.65
301307,美利信,36.25,-1.9740400216333072,-0.7299999999999969,127561322.5,3488955,0,36.76,37.3,36.2,36.98
301308,江波龙,241.86,-0.950118764845603,-2.319999999999993,2888018710.37,11872346,0,243.0,249.0,237.95,244.18
301309,万得凯,27.82,0.3969686033922751,0.10999999999999943,16751625.0,600300,0,27.72,28.05,27.7,27.71
301310,鑫宏业,44.61,-0.46854082998661506,-0.21000000000000085,25243867.73,565637,0,44.82,45.0,44.4,44.82
301311,昆船智能,18.2,-1.3550135501355014,-0.25,33851767.0,1854700,0,18.4,18.51,18.15,18.45
301312,智立方,48.92,0.8659793814433026,0.4200000000000017,82382127.15,1683105,0,48.2,49.47,48.2,48.5
301313,凡拓数创,25.97,-1.0666666666666709,-0.28000000000000114,31034225.0,1194300,0,26.25,26.4,25.8,26.25
301314,科瑞思,41.27,-0.4342581423401682,-0.17999999999999972,23498472.0,567600,0,41.4,41.68,41.08,41.45
301315,威士顿,54.75,-4.749478079331936,-2.729999999999997,204595512.2,3639161,0,57.01,57.49,54.72,57.48
301316,慧博云通,45.0,-1.098901098901099,-0.5,209526920.8,4651933,0,45.9,45.9,44.58,45.5
301317,鑫磊股份,32.74,0.4602638846271818,0.14999999999999858,38413958.67,1175331,0,32.58,32.87,32.31,32.59
301318,维海德,27.19,-1.4498006524102884,-0.3999999999999986,16346390.5,596930,0,27.43,27.59,27.17,27.59
301319,唯特偶,47.95,0.0,0.0,146629301.81,3108149,0,47.95,48.4,46.6,47.95
301320,豪江智能,16.63,0.30156815440289936,0.05000000000000071,20355623.0,1226000,0,16.52,16.7,16.46,16.58
301321,翰博高新,18.99,-1.2480499219968901,-0.240000000000002,195648705.77,10284701,0,19.5,19.57,18.7,19.23
301322,绿通科技,27.1,-0.8415660446395788,-0.22999999999999687,38270477.1,1396650,0,27.3,27.66,27.04,27.33
301323,新莱福,54.84,-0.20018198362147305,-0.10999999999999943,64871987.9,1181700,0,54.93,55.38,54.4,54.95
301325,曼恩斯特,49.56,0.12121212121212581,0.060000000000002274,76905998.42,1549781,0,49.11,50.1,49.1,49.5
301326,捷邦科技,119.47,5.557518996289089,6.289999999999992,400327168.4,3369110,0,112.36,121.3,112.18,113.18
301327,华宝新能,57.02,0.9203539823008904,0.5200000000000031,79803749.36,1395552,0,56.51,57.85,56.3,56.5
301328,维峰电子,43.38,0.7197585326213194,0.3100000000000023,84013872.66,1922800,0,43.07,44.25,42.86,43.07
301329,信音电子,23.68,-0.7959782153330593,-0.19000000000000128,188573070.95,7864400,0,23.79,24.49,23.5,23.87
301330,熵基科技,28.39,-1.900483759502421,-0.5500000000000007,75641019.15,2649461,0,29.0,29.0,28.25,28.94
301331,恩威医药,26.56,-0.4497751124437818,-0.120000000000001,17291536.0,651988,0,26.63,26.9,26.33,26.68
301332,德尔玛,9.42,-0.6329113924050684,-0.0600000000000005,23816308.94,2527950,0,9.48,9.52,9.39,9.48
301333,诺思格,57.7,-0.9101837540786435,-0.529999999999994,72318732.21,1248991,0,57.75,58.8,57.21,58.23
301335,天元宠物,29.93,-2.1895424836601363,-0.6700000000000017,94323259.66,3141053,0,30.41,30.53,29.81,30.6
301336,趣睡科技,52.75,-2.2061549870226136,-1.1899999999999977,53704610.0,1012700,0,53.94,54.04,52.69,53.94
301337,亚华电子,27.46,-0.2904865649963627,-0.0799999999999983,32002777.0,1167600,0,27.54,27.59,27.19,27.54
301338,凯格精机,89.8,5.647058823529409,4.799999999999997,899134707.43,10325162,0,83.3,91.43,83.3,85.0
301339,通行宝,14.34,-1.1716057891109575,-0.16999999999999993,49287425.6,3423140,0,14.51,14.6,14.3,14.51
301345,涛涛车业,248.86,-1.4884015517377844,-3.759999999999991,239434537.42,962907,0,252.9,254.77,244.16,252.62
301348,蓝箭电子,20.0,-1.1369253583786476,-0.23000000000000043,62168956.6,3089506,0,20.2,20.34,19.92,20.23
301349,信德新材,46.96,2.8471309680245387,1.3000000000000043,117046217.66,2500378,0,45.66,47.89,45.36,45.66
301353,普莱得,26.71,0.03745318352060511,0.010000000000001563,21368549.16,798477,0,26.62,26.99,26.5,26.7
301355,南王科技,14.4,3.2998565279770506,0.46000000000000085,264704803.05,18572119,0,13.85,14.58,13.81,13.94
301356,天振股份,21.81,4.504072831815993,0.9399999999999977,110042002.38,5045949,0,21.09,22.75,20.92,20.87
301357,北方长龙,140.92,-0.22656471254603625,-0.3200000000000216,296475971.73,2093525,0,140.8,143.25,140.06,141.24
301358,湖南裕能,65.93,5.0509878903760494,3.170000000000009,1748794680.15,26831560,0,62.74,68.5,62.0,62.76
301359,东南电子,18.93,-0.8381351492928242,-0.16000000000000014,24094911.6,1270300,0,19.0,19.35,18.84,19.09
301360,荣旗科技,70.1,-0.5673758865248308,-0.4000000000000057,91177917.0,1291800,0,70.6,71.66,69.57,70.5
301361,众智科技,32.97,-1.8165574746873123,-0.6099999999999994,78887990.18,2384597,0,33.3,33.56,32.85,33.58
301362,民爆光电,40.84,-0.17110730872645608,-0.06999999999999318,13330885.93,326201,0,41.11,41.19,40.67,40.91
301363,美好医疗,21.89,-0.45475216007275066,-0.09999999999999787,67078251.24,3052811,0,22.12,22.18,21.8,21.99
301365,矩阵股份,25.22,4.042904290429044,0.9800000000000004,131401414.89,5241643,0,24.12,25.99,24.12,24.24
301366,一博科技,34.23,-1.7790530846485064,-0.6200000000000045,65606686.8,1901740,0,34.79,34.83,34.16,34.85
301367,瑞迈特,80.96,-1.0752688172043128,-0.8800000000000097,58885070.9,725010,0,81.83,81.9,80.76,81.84
301368,丰立智能,55.75,-1.8485915492957699,-1.0499999999999972,86449549.16,1538786,0,56.5,56.82,55.55,56.8
301369,联动科技,138.39,0.7571896614488476,1.039999999999992,316646770.42,2323379,0,137.0,139.89,133.0,137.35
301370,国科恒泰,11.8,-1.0067114093959666,-0.11999999999999922,112912579.23,9511884,0,11.91,12.11,11.69,11.92
301371,敷尔佳,23.78,-1.7761255679471282,-0.4299999999999997,52856918.9,2211120,0,24.22,24.28,23.72,24.21
301372,科净源,25.16,-1.7571261226083534,-0.4499999999999993,26289012.05,1040299,0,25.5,25.7,25.03,25.61
301373,凌玮科技,31.16,1.8300653594771197,0.5599999999999987,93273654.39,2918074,0,32.0,33.39,31.14,30.6
301376,致欧科技,19.09,-0.9340944473274505,-0.17999999999999972,26837810.51,1399647,0,19.3,19.39,19.02,19.27
301377,鼎泰高科,141.03,11.60968660968661,14.670000000000002,2010041093.45,14646600,0,126.51,145.88,124.69,126.36
301378,通达海,27.8,-1.4533853243530668,-0.41000000000000014,36550315.6,1310040,0,28.35,28.35,27.71,28.21
301379,天山电子,26.21,0.4599463395937179,0.120000000000001,85108587.26,3234937,0,26.04,26.65,25.95,26.09
301380,挖金客,30.93,-1.9029495718363507,-0.6000000000000014,23255397.35,747855,0,31.46,31.55,30.8,31.53
301381,赛维时代,20.52,-2.09923664122138,-0.4400000000000013,63397599.73,3067819,0,20.9,20.93,20.45,20.96
301382,蜂助手,32.75,-2.267979707549979,-0.759999999999998,216008885.34,6518436,0,33.47,33.68,32.55,33.51
301383,天键股份,33.41,-0.7132243684992631,-0.240000000000002,62710828.85,1856245,0,33.58,34.3,33.34,33.65
301386,未来电器,23.46,-0.6353240152477704,-0.14999999999999858,19254520.09,818713,0,23.65,23.76,23.38,23.61
301387,光大同创,45.24,2.3761031907671515,1.0500000000000043,175901818.66,3881100,0,44.54,45.71,44.13,44.19
301388,欣灵电气,29.75,-0.9324009324009362,-0.28000000000000114,30953358.0,1035400,0,30.15,30.16,29.67,30.03
301389,隆扬电子,54.96,3.796033994334274,2.009999999999998,703068086.79,12773353,0,52.7,56.13,52.53,52.95
301390,经纬股份,33.19,-0.2104630186410111,-0.07000000000000028,18686151.0,563500,0,33.19,33.43,32.94,33.26
301391,卡莱特,77.62,0.2712827800025939,0.21000000000000796,64238041.92,827219,0,77.51,78.88,76.53,77.41
301392,汇成真空,136.87,2.2486179590616993,3.009999999999991,496606713.1,3604244,0,133.0,140.58,132.38,133.86
301393,昊帆生物,49.88,-0.716560509554139,-0.35999999999999943,26310781.0,522600,0,50.49,51.15,49.82,50.24
301395,仁信新材,10.67,-0.4664179104477678,-0.05000000000000071,16169863.64,1514768,0,10.73,10.75,10.6,10.72
301396,宏景科技,61.99,-0.5614372794353567,-0.3500000000000014,386389249.07,6218679,0,62.9,62.9,61.53,62.34
301397,溯联股份,34.09,4.474410052099297,1.4600000000000009,271927201.32,8037088,0,32.6,34.88,32.28,32.63
301398,星源卓镁,47.26,-0.9847056358684242,-0.46999999999999886,56229751.72,1188270,0,47.4,47.92,46.89,47.73
301399,英特科技,19.8,6.911447084233267,1.2800000000000011,234939006.82,11632754,0,18.85,21.33,18.79,18.52
301408,华人健康,20.87,-0.334288443170966,-0.07000000000000028,1268228063.75,60838885,0,20.78,21.91,19.81,20.94
301413,安培龙,116.17,-1.0898254576415505,-1.2800000000000011,228016952.1,1956244,0,117.05,117.66,115.74,117.45
301418,协昌科技,36.01,-0.3597122302158344,-0.13000000000000256,19738347.44,547609,0,36.14,36.41,35.85,36.14
301419,阿莱德,33.28,0.7263922518159867,0.240000000000002,71971742.6,2160680,0,32.97,33.64,32.76,33.04
301421,波长光电,107.37,4.303477754031482,4.430000000000007,1186827439.04,11036574,0,102.0,111.18,101.0,102.94
301428,世纪恒通,33.04,0.09088155104514128,0.030000000000001137,62577559.22,1864858,0,33.81,34.79,32.94,33.01
301429,森泰股份,18.89,0.05296610169492354,0.010000000000001563,15396869.58,816200,0,18.97,18.99,18.73,18.88
301439,泓淋电力,14.94,-0.7308970099667854,-0.11000000000000121,38677614.0,2578000,0,15.08,15.13,14.92,15.05
301446,福事特,31.53,-3.13364055299538,-1.019999999999996,82524845.62,2635046,0,32.24,32.25,30.66,32.55
301448,开创电气,56.51,-1.9944502254595882,-1.1499999999999986,47009826.3,828020,0,57.53,57.93,55.78,57.66
301456,盘古智能,28.51,0.0,0.0,34932309.6,1224030,0,28.5,28.8,28.22,28.51
301458,钧崴电子,32.25,-0.1857010213556245,-0.060000000000002274,45810970.17,1415930,0,32.28,32.57,32.08,32.31
301459,丰茂股份,43.7,-1.0416666666666525,-0.45999999999999375,59601174.8,1357980,0,44.0,44.46,43.49,44.16
301468,博盈特焊,53.59,-4.286479728522948,-2.3999999999999986,591710480.21,11053720,0,54.0,55.88,52.07,55.99
301469,恒达新材,28.01,0.9733237202595644,0.2700000000000031,23731596.0,849900,0,27.56,28.08,27.56,27.74
301479,弘景光电,86.32,-0.9296453575117667,-0.8100000000000023,86322985.31,995047,0,86.68,88.0,86.1,87.13
301486,致尚科技,112.13,-1.3894996042564405,-1.5799999999999983,697880606.68,6206263,0,110.1,114.44,110.1,113.71
301487,盟固利,21.39,0.564174894217212,0.120000000000001,251291978.03,11710300,0,21.22,21.7,21.15,21.27
301488,豪恩汽电,157.88,-5.855694692903992,-9.819999999999993,984709393.58,6165643,0,159.32,164.88,156.59,167.7
301489,思泉新材,201.92,6.1786822316874375,11.75,1563189784.8,7834057,0,189.99,206.78,188.88,190.17
301498,乖宝宠物,67.89,-2.5828669823504047,-1.7999999999999972,211318041.23,3100607,0,69.34,69.72,67.64,69.69
301499,维科精密,29.59,-0.6380120886501051,-0.19000000000000128,63096600.08,2131000,0,29.62,29.86,29.3,29.78
301500,飞南资源,15.21,-0.3929273084479288,-0.05999999999999872,45172275.2,2958320,0,15.24,15.38,15.15,15.27
301501,恒鑫生活,43.54,-2.420439264903627,-1.0799999999999983,64725663.6,1478392,0,44.38,44.49,43.4,44.62
301502,华阳智能,43.26,-0.8253094910591459,-0.35999999999999943,18530553.54,428314,0,43.63,44.41,42.92,43.62
301503,智迪科技,35.23,-0.19830028328611982,-0.07000000000000028,23487528.0,664800,0,35.39,35.64,35.11,35.3
301505,苏州规划,20.37,-0.8759124087591226,-0.17999999999999972,25923076.4,1270651,0,20.44,20.68,20.2,20.55
301507,民生健康,15.73,-0.06353240152477628,-0.009999999999999787,123910449.64,7891308,0,15.71,15.91,15.45,15.74
301508,中机认检,30.66,-1.0329244673983224,-0.3200000000000003,37364091.94,1212701,0,31.0,31.18,30.62,30.98
301509,金凯生科,34.11,1.1865915158706573,0.3999999999999986,115061521.8,3319482,0,34.64,35.78,34.0,33.71
301510,固高科技,34.16,-2.5114155251141628,-0.8800000000000026,370021589.93,10685840,0,34.66,35.37,33.91,35.04
301511,德福科技,38.4,5.407631073291241,1.9699999999999989,2021163753.39,52997448,0,35.86,39.3,35.86,36.43
301512,智信精密,42.84,0.023348120476313603,0.010000000000005116,25470904.74,594500,0,43.02,43.17,42.34,42.83
301515,港通医疗,20.03,-1.572481572481574,-0.3200000000000003,23942929.0,1193600,0,20.35,20.45,19.92,20.35
301516,中远通,15.45,-1.6549968173138228,-0.26000000000000156,53486641.5,3428773,0,15.87,15.95,15.42,15.71
301517,陕西华达,60.06,-11.78025851938895,-8.019999999999996,1333795571.43,21043510,0,67.71,68.07,59.42,68.08
301518,长华化学,33.88,0.9234435507894021,0.3100000000000023,98831988.22,2908784,0,33.44,34.47,33.4,33.57
301519,舜禹股份,13.53,0.07396449704141854,0.009999999999999787,22040665.0,1633600,0,13.5,13.62,13.33,13.52
301520,万邦医药,39.69,-0.5512402906539686,-0.21999999999999886,16887753.0,423900,0,39.81,40.16,39.61,39.91
301522,上大股份,33.75,-0.5891016200294634,-0.20000000000000284,584411538.54,16918029,0,34.36,35.78,33.65,33.95
301525,儒竞科技,81.96,-1.466698725655221,-1.220000000000013,63212509.0,766100,0,83.0,83.39,81.73,83.18
301526,国际复材,6.81,2.4060150375939737,0.15999999999999925,1579676134.59,229172203,0,6.67,7.15,6.66,6.65
301528,多浦乐,65.7,3.9886039886039932,2.520000000000003,80090413.3,1236275,0,63.17,66.74,63.04,63.18
301529,福赛科技,86.59,-0.12687427912341342,-0.10999999999999943,148181102.1,1694977,0,86.01,88.68,86.01,86.7
301533,威马农机,41.6,-1.6548463356973895,-0.6999999999999957,121899302.88,2931733,0,41.76,42.2,41.08,42.3
301536,星宸科技,60.73,-1.3162170945726395,-0.8100000000000023,430158027.3,7075013,0,61.39,61.69,60.12,61.54
301538,骏鼎达,74.79,1.163262545651291,0.8599999999999994,124276590.45,1650397,0,74.03,76.51,74.03,73.93
301539,宏鑫科技,20.52,-1.1560693641618591,-0.240000000000002,62795565.17,3045533,0,20.92,20.92,20.45,20.76
301548,崇德科技,54.48,-2.6969101625290324,-1.5100000000000051,134776139.5,2463481,0,55.32,55.78,54.13,55.99
301550,斯菱股份,107.75,0.8328654314055779,0.8900000000000006,409701405.27,3801962,0,106.96,109.18,105.69,106.86
301551,无线传媒,32.18,-1.590214067278297,-0.5200000000000031,99068061.26,3063528,0,32.74,32.85,32.1,32.7
301552,科力装备,37.73,-0.31704095112286534,-0.12000000000000455,21347155.34,564642,0,37.7,38.12,37.6,37.85
301555,惠柏新材,32.1,-0.09337068160597925,-0.030000000000001137,51324185.84,1596524,0,32.0,32.59,31.83,32.13
301556,托普云农,95.91,-1.448828606658443,-1.4099999999999966,82237236.21,853491,0,97.56,97.77,95.65,97.32
301557,常友科技,141.95,-0.1758087201125176,-0.25,84947946.0,598654,0,142.2,146.2,139.02,142.2
301558,三态股份,8.23,-0.603864734299504,-0.049999999999998934,42893431.66,5212643,0,8.26,8.29,8.19,8.28
301559,中集环科,15.91,-0.8722741433021841,-0.14000000000000057,20002186.74,1251300,0,16.19,16.19,15.88,16.05
301565,中仑新材,24.8,0.608519269776885,0.15000000000000213,82905735.0,3348500,0,24.55,25.18,24.4,24.65
301566,达利凯普,19.0,-3.748733535967571,-0.7399999999999984,405616147.35,21118002,0,19.7,19.83,18.81,19.74
301567,贝隆精密,43.97,-2.721238938053106,-1.230000000000004,77082856.36,1734435,0,45.01,45.06,43.96,45.2
301568,思泰克,46.38,1.4435695538057824,0.6600000000000037,239739431.01,5153299,0,45.68,47.0,45.41,45.72
301571,国科天成,50.85,-0.3332026656213283,-0.1700000000000017,227010753.92,4444300,0,50.85,52.27,50.27,51.02
301577,美信科技,56.04,-0.4264392324093852,-0.240000000000002,23345916.0,415475,0,56.05,56.7,55.8,56.28
301578,辰奕智能,33.64,-0.8254716981132109,-0.28000000000000114,29107953.22,859795,0,33.97,34.35,33.54,33.92
301580,爱迪特,43.17,-0.11568718186024331,-0.04999999999999716,20875102.88,483247,0,43.3,43.34,42.93,43.22
301581,黄山谷捷,46.4,-1.1082693947144142,-0.5200000000000031,14547576.9,311290,0,46.8,47.14,46.37,46.92
301585,蓝宇股份,30.77,-0.129827977929241,-0.03999999999999915,41688992.73,1351997,0,30.67,31.08,30.5,30.81
301586,佳力奇,45.22,-1.4385353095030595,-0.6600000000000037,30131469.0,661300,0,45.79,46.2,45.12,45.88
301587,中瑞股份,23.17,-2.153716216216208,-0.509999999999998,96762355.53,4163967,0,23.68,23.68,22.97,23.68
301588,美新科技,18.23,-0.5455537370430872,-0.09999999999999787,22367662.81,1222793,0,18.24,18.49,18.13,18.33
301589,诺瓦星云,154.79,0.14880952380951717,0.22999999999998977,51942947.57,335233,0,154.01,156.4,153.6,154.56
301591,肯特股份,38.08,-1.0652117433099602,-0.4100000000000037,19121311.0,500900,0,38.39,38.45,38.0,38.49
301592,六九一二,119.2,2.2473837708011706,2.6200000000000045,131581003.72,1111864,0,116.56,120.45,116.07,116.58
301596,瑞迪智驱,72.62,-1.8383346850500126,-1.3599999999999994,43834148.58,600752,0,73.6,73.93,72.4,73.98
301598,博科测试,62.63,-1.370078740157476,-0.8699999999999974,30461065.3,483100,0,63.3,63.76,62.51,63.5
301600,慧翰股份,139.24,1.1477553392416189,1.5800000000000125,408077589.37,2919316,0,137.64,143.0,137.06,137.66
301601,惠通科技,28.04,-1.3717903622933543,-0.39000000000000057,12839782.86,455784,0,28.38,28.6,28.01,28.43
301602,超研股份,21.8,-0.7285974499089259,-0.16000000000000014,19332297.09,885033,0,21.9,22.03,21.73,21.96
301603,乔锋智能,73.45,-0.3392130257801899,-0.25,78631904.06,1073000,0,73.71,73.92,72.81,73.7
301606,绿联科技,60.1,1.7609210971892977,1.0399999999999991,105830570.0,1769950,0,59.06,60.83,58.66,59.06
301607,富特科技,40.37,0.4978839930296135,0.19999999999999574,106945726.16,2642603,0,40.21,40.79,40.1,40.17
301608,博实结,84.98,-2.433983926521229,-2.1199999999999903,75441550.98,880700,0,86.9,87.3,84.84,87.1
301611,珂玛科技,83.85,9.938376819194964,7.579999999999998,2696315393.41,31578930,0,79.38,90.49,79.27,76.27
301613,新铝时代,48.11,-0.5580818520049671,-0.2700000000000031,45898947.97,953837,0,48.3,48.54,47.8,48.38
301617,博苑股份,75.91,2.8590785907859075,2.1099999999999994,214370193.67,2779850,0,74.41,78.5,73.99,73.8
301618,长联科技,48.75,-0.7532573289902229,-0.36999999999999744,16566468.4,338840,0,49.08,49.26,48.67,49.12
301622,英思特,62.94,-0.4428978171464744,-0.28000000000000114,62143522.2,987480,0,63.0,63.39,62.52,63.22
301626,苏州天脉,194.76,15.708174904942965,26.439999999999998,957971297.54,4976205,0,171.03,201.88,171.0,168.32
301628,强达电路,95.59,4.848085993199519,4.420000000000002,543033165.62,5714274,0,91.2,97.22,91.08,91.17
301629,矽电股份,233.1,3.729085083659663,8.379999999999995,468124985.32,1991642,0,225.45,242.38,224.72,224.72
301631,壹连科技,106.34,-0.8762117822520485,-0.9399999999999977,144326024.45,1356431,0,107.0,108.0,105.6,107.28
301633,港迪技术,66.9,-0.1492537313432751,-0.09999999999999432,34090550.4,503880,0,66.98,69.0,66.5,67.0
302132,中航成飞,74.98,-1.6655737704917981,-1.269999999999996,553716084.96,7347982,0,76.23,76.37,74.71,76.25
600000,浦发银行,11.8,1.3745704467353963,0.16000000000000014,691791500.0,58754286,0,11.67,11.88,11.62,11.64
600004,白云机场,9.56,-1.4432989690721525,-0.1399999999999988,182938825.0,19042400,0,9.74,9.74,9.55,9.7
600006,东风股份,7.17,-1.5109890109890154,-0.11000000000000032,105162784.0,14591300,0,7.27,7.27,7.16,7.28
600007,中国国贸,19.14,0.41972717733474213,0.08000000000000185,43359531.0,2266800,0,19.15,19.22,18.95,19.06
600008,首创环保,3.01,-0.33112582781457717,-0.010000000000000231,82161611.0,27203760,0,3.02,3.03,3.01,3.02
600009,上海机场,33.17,-0.8074162679425718,-0.269999999999996,598020978.0,17949183,0,33.44,33.65,33.1,33.44
600010,包钢股份,2.37,-1.249999999999992,-0.029999999999999805,970021435.0,406604368,0,2.4,2.41,2.37,2.4
600011,华能国际,7.92,1.020408163265307,0.08000000000000007,474914080.0,59876596,0,7.84,7.99,7.82,7.84
600012,皖通高速,14.53,2.036516853932578,0.28999999999999915,123870547.0,8596100,0,14.29,14.68,14.17,14.24
600015,华夏银行,6.83,0.0,0.0,218116656.0,31842748,0,6.83,6.88,6.82,6.83
600016,民生银行,3.82,-1.546391752577321,-0.06000000000000005,1634183958.0,423999161,0,3.89,3.89,3.82,3.88
600017,日照港,3.02,-0.33003300330032304,-0.009999999999999787,45125136.0,14930500,0,3.03,3.04,3.01,3.03
600018,上港集团,5.56,-0.17953321364453634,-0.010000000000000675,127627875.0,22893558,0,5.58,5.6,5.56,5.57
600019,宝钢股份,7.15,-0.9695290858725678,-0.0699999999999994,338647769.0,47200101,0,7.21,7.22,7.15,7.22
600020,中原高速,4.27,0.0,0.0,32084908.0,7491602,0,4.28,4.31,4.26,4.27
600021,上海电力,19.67,-0.05081300813007119,-0.00999999999999801,707608955.0,35980391,0,19.63,19.83,19.52,19.68
600022,山东钢铁,1.53,-0.6493506493506499,-0.010000000000000009,117647185.0,76809064,0,1.54,1.55,1.52,1.54
600023,浙能电力,5.13,0.19531249999999584,0.009999999999999787,256507826.0,49710766,0,5.13,5.19,5.12,5.12
600025,华能水电,9.24,-0.21598272138228483,-0.019999999999999574,147208898.0,15892100,0,9.26,9.32,9.24,9.26
600026,中远海能,11.84,-0.8375209380234475,-0.09999999999999964,266320956.0,22494204,0,11.69,11.99,11.69,11.94
600027,华电国际,5.24,1.158301158301168,0.0600000000000005,751005671.0,142772420,0,5.18,5.31,5.18,5.18
600028,中国石化,5.92,0.8517887563884127,0.04999999999999982,840239517.0,142502693,0,5.87,5.95,5.83,5.87
600029,南方航空,7.53,-1.5686274509803935,-0.1200000000000001,392636920.0,52110750,0,7.64,7.66,7.46,7.65
600030,中信证券,28.64,-0.034904013961598646,-0.00999999999999801,2594198122.0,90297878,0,28.68,28.88,28.59,28.65
600031,三一重工,20.65,-1.1488750598372521,-0.240000000000002,1036179082.0,50226521,0,20.85,20.93,20.44,20.89
600032,浙江新能,7.38,-0.4048582995951451,-0.03000000000000025,41084379.0,5543800,0,7.41,7.49,7.36,7.41
600033,福建高速,4.35,0.2304147465437739,0.009999999999999787,379805589.0,87501360,0,4.3,4.42,4.27,4.34
600035,楚天高速,3.9,-0.5102040816326535,-0.020000000000000018,18946479.0,4844816,0,3.92,3.93,3.9,3.92
600036,招商银行,41.86,0.2154656451998954,0.0899999999999963,2460939370.0,58774224,0,41.74,42.04,41.66,41.77
600037,歌华有线,7.27,-0.6830601092896271,-0.05000000000000071,56637479.0,7767300,0,7.31,7.35,7.24,7.32
600038,中直股份,35.13,-0.3686897334089491,-0.12999999999999545,170018697.0,4830514,0,35.26,35.5,35.05,35.26
600039,四川路桥,9.82,0.717948717948721,0.07000000000000028,197340681.0,20076427,0,9.76,9.9,9.72,9.75
600048,保利发展,6.27,-1.1041009463722444,-0.07000000000000028,485968633.0,77300631,0,6.31,6.32,6.26,6.34
600050,中国联通,5.1,-0.7782101167315182,-0.040000000000000036,488865468.0,95399214,0,5.13,5.14,5.1,5.14
600051,宁波联合,7.47,-0.5326231691078567,-0.040000000000000036,28593032.0,3828900,0,7.52,7.54,7.41,7.51
600052,东望时代,4.78,-2.8455284552845463,-0.13999999999999968,68494302.0,14257100,0,4.89,4.91,4.76,4.92
600053,九鼎投资,19.35,0.4151530877010994,0.08000000000000185,95505305.0,4938800,0,19.15,19.56,18.99,19.27
600054,黄山旅游,11.36,-1.8998272884283303,-0.22000000000000064,80819306.0,7079796,0,11.55,11.56,11.35,11.58
600055,万东医疗,15.92,-0.18808777429466683,-0.02999999999999936,56123673.0,3506100,0,15.92,16.2,15.88,15.95
600056,中国医药,10.45,-1.041666666666678,-0.11000000000000121,88643880.0,8454540,0,10.57,10.57,10.43,10.56
600057,厦门象屿,8.54,0.47058823529410765,0.03999999999999915,151414578.0,17722866,0,8.5,8.66,8.45,8.5
600058,五矿发展,9.78,-1.3118062563067687,-0.13000000000000078,158477316.0,16149754,0,9.91,9.99,9.72,9.91
600059,古越龙山,9.21,-0.7543103448275702,-0.06999999999999851,58368164.0,6329123,0,9.28,9.28,9.19,9.28
600060,海信视像,24.39,-0.08193363375665537,-0.019999999999999574,102727799.0,4221281,0,24.42,24.48,24.21,24.41
600061,国投资本,7.5,-0.5305039787798413,-0.040000000000000036,177396321.0,23534844,0,7.55,7.57,7.49,7.54
600062,华润双鹤,18.43,-0.37837837837837995,-0.07000000000000028,60439364.0,3266895,0,18.51,18.55,18.43,18.5
600063,皖维高新,6.11,-0.8116883116883088,-0.04999999999999982,121770363.0,19849178,0,6.15,6.18,6.09,6.16
600064,南京高科,8.26,-0.24154589371980165,-0.019999999999999574,83075468.0,10009205,0,8.27,8.33,8.25,8.28
600066,宇通客车,32.86,-0.8149713250830156,-0.2700000000000031,517448100.0,15743239,0,33.13,33.37,32.7,33.13
600067,冠城新材,4.14,-1.4285714285714404,-0.0600000000000005,147511372.0,35660102,0,4.19,4.2,4.08,4.2
600070,*ST富润,0.42,0.0,0.0,0.0,0,0,0.0,0.0,0.0,0.42
600071,凤凰光学,20.36,-1.8795180722891591,-0.39000000000000057,53614234.0,2613800,0,20.75,20.79,20.33,20.75
600072,中船科技,11.47,-0.8643042350907489,-0.09999999999999964,71282348.0,6198092,0,11.58,11.59,11.45,11.57
600073,光明肉业,6.46,-1.2232415902140683,-0.08000000000000007,61853969.0,9539397,0,6.55,6.56,6.44,6.54
600075,新疆天业,4.73,-0.21097046413501658,-0.009999999999999787,44107933.0,9278051,0,4.75,4.8,4.72,4.74
600076,康欣新材,3.33,5.379746835443036,0.16999999999999993,383944722.0,115951464,0,3.19,3.42,3.17,3.16
600078,澄星股份,9.95,-0.6986027944111804,-0.07000000000000028,529108871.0,52201500,0,10.0,10.45,9.93,10.02
600079,ST人福,19.29,-0.3100775193798567,-0.060000000000002274,652700717.0,34069948,0,19.26,19.45,18.93,19.35
600080,金花股份,7.89,-0.12658227848102122,-0.010000000000000675,32712192.0,4149419,0,7.9,7.96,7.82,7.9
600081,东风科技,11.65,-2.183039462636438,-0.2599999999999998,32509693.0,2772101,0,11.92,11.92,11.62,11.91
600082,海泰发展,3.97,-1.9753086419752997,-0.07999999999999963,53231739.0,13332710,0,4.02,4.07,3.96,4.05
600084,中信尼雅,5.37,-1.6483516483516456,-0.08999999999999986,29388271.0,5452300,0,5.46,5.46,5.36,5.46
600085,同仁堂,31.7,-1.4916096954630218,-0.4800000000000004,287806326.0,9033550,0,32.18,32.22,31.69,32.18
600088,中视传媒,15.95,-1.0545905707196135,-0.1700000000000017,40715263.0,2541770,0,16.16,16.17,15.91,16.12
600089,特变电工,22.9,1.9590382902938457,0.4399999999999977,3729324650.0,165137065,0,22.47,22.96,22.15,22.46
600094,大名城,4.14,-2.5882352941176547,-0.11000000000000032,226547542.0,54770710,0,4.25,4.26,4.08,4.25
600095,湘财股份,11.01,-0.98920863309352,-0.10999999999999943,216837151.0,19597857,0,11.13,11.14,11.0,11.12
600096,云天化,30.78,0.22793878215565055,0.07000000000000028,1054797707.0,34371780,0,30.71,31.03,30.3,30.71
600097,开创国际,11.53,-1.7887563884156803,-0.21000000000000085,69203733.0,5961900,0,11.72,11.87,11.49,11.74
600098,广州发展,6.75,-0.14792899408283708,-0.009999999999999787,105825248.0,15609113,0,6.74,6.83,6.73,6.76
600099,林海股份,10.24,-0.6789524733268698,-0.07000000000000028,23256486.0,2272345,0,10.32,10.34,10.16,10.31
600100,同方股份,8.19,-2.2673031026253136,-0.19000000000000128,292903372.0,35449300,0,8.38,8.38,8.18,8.38
600101,明星电力,9.24,0.10834236186348632,0.009999999999999787,75200264.0,8109322,0,9.25,9.36,9.21,9.23
600103,青山纸业,3.91,-2.0050125313283225,-0.08000000000000007,537046151.0,136548705,0,3.96,4.0,3.89,3.99
600104,上汽集团,15.48,-0.7055805003207147,-0.10999999999999943,486435048.0,31396637,0,15.58,15.59,15.45,15.59
600105,永鼎股份,21.13,-1.9034354688950796,-0.41000000000000014,5205803374.0,238456922,0,21.96,22.88,20.94,21.54
600106,重庆路桥,6.17,-1.2800000000000011,-0.08000000000000007,56741449.0,9172269,0,6.25,6.27,6.16,6.25
600107,ST尔雅,7.13,0.4225352112676091,0.03000000000000025,76517160.0,10615900,0,7.39,7.42,7.05,7.1
600108,亚盛集团,3.27,-2.0958083832335284,-0.06999999999999984,235314568.0,71672959,0,3.33,3.35,3.23,3.34
600109,国金证券,9.16,-0.9729729729729714,-0.08999999999999986,197882546.0,21450800,0,9.25,9.27,9.15,9.25
600110,诺德股份,6.98,3.5608308605341277,0.2400000000000002,609029838.0,88386390,0,6.77,7.05,6.65,6.74
600111,北方稀土,45.36,-0.4171240395170093,-0.18999999999999773,2364139550.0,51878742,0,45.8,45.99,45.11,45.55
600113,浙江东日,62.74,1.784555483452306,1.1000000000000014,419232000.0,6690345,0,62.3,63.76,61.16,61.64
600114,东睦股份,30.47,-2.0572163291546146,-0.6400000000000006,370285547.0,12015698,0,30.95,31.2,30.42,31.11
600115,中国东航,5.64,-2.0833333333333353,-0.1200000000000001,598979694.0,106331877,0,5.75,5.75,5.58,5.76
600116,三峡水利,6.54,-0.1526717557251876,-0.009999999999999787,39633233.0,6037971,0,6.53,6.61,6.52,6.55
600117,西宁特钢,2.76,-2.4734982332155577,-0.07000000000000028,57867841.0,20785346,0,2.83,2.83,2.76,2.83
600118,中国卫星,60.14,-5.2316419791994955,-3.3200000000000003,12241885724.0,194815360,0,63.47,67.6,59.33,63.46
600119,长江投资,7.86,-2.602230483271375,-0.20999999999999996,37959299.0,4784513,0,8.06,8.06,7.85,8.07
600120,浙江东方,6.05,-0.9819967266775859,-0.0600000000000005,213049111.0,35059935,0,6.11,6.14,6.02,6.11
600121,郑州煤电,4.25,-1.392111368909504,-0.05999999999999961,93332478.0,21848501,0,4.31,4.32,4.24,4.31
600123,兰花科创,5.9,-0.673400673400674,-0.040000000000000036,44933163.0,7593996,0,5.93,5.95,5.89,5.94
600125,铁龙物流,6.41,-0.465838509316774,-0.03000000000000025,70815344.0,10998765,0,6.43,6.51,6.4,6.44
600126,杭钢股份,7.9,-0.7537688442211007,-0.05999999999999961,217638988.0,27416967,0,7.97,8.01,7.88,7.96
600127,金健米业,6.82,-2.849002849002839,-0.1999999999999993,166001934.0,24104435,0,7.02,7.05,6.81,7.02
600128,苏豪弘业,10.78,-1.1009174311926697,-0.120000000000001,66935895.0,6217405,0,10.87,10.9,10.66,10.9
600129,太极集团,18.22,0.6629834254143504,0.11999999999999744,111113392.0,6152422,0,18.08,18.23,17.91,18.1
600130,*ST波导,4.01,0.0,0.0,33811595.0,8433500,0,4.02,4.03,3.99,4.01
600131,国网信通,15.94,-0.6853582554517209,-0.11000000000000121,112872132.0,7073138,0,16.05,16.1,15.86,16.05
600132,重庆啤酒,53.41,0.3947368421052514,0.20999999999999375,115009054.0,2157638,0,53.51,53.65,52.94,53.2
600133,东湖高新,9.02,-0.9879253567508218,-0.08999999999999986,92785697.0,10238890,0,9.06,9.1,9.01,9.11
600135,乐凯胶片,8.66,-4.097452934662229,-0.3699999999999992,199642893.0,22867916,0,9.03,9.03,8.61,9.03
600136,ST明诚,1.64,-2.380952380952383,-0.040000000000000036,17011305.0,10279600,0,1.67,1.67,1.64,1.68
600137,浪莎股份,19.37,-0.3600823045267504,-0.07000000000000028,51325417.0,2653300,0,19.62,19.78,19.11,19.44
600138,中青旅,10.29,0.6849315068493005,0.06999999999999851,503990853.0,49085076,0,10.17,10.6,10.09,10.22
600141,兴发集团,34.34,1.2680625184311616,0.4300000000000068,548590722.0,15987873,0,33.65,34.74,33.65,33.91
600143,金发科技,18.25,-2.770378263185933,-0.5199999999999996,1364468530.0,74250464,0,18.69,18.69,18.17,18.77
600148,长春一东,19.3,-2.0801623541349574,-0.41000000000000014,28465341.0,1471800,0,19.62,19.84,19.21,19.71
600149,廊坊发展,5.1,-0.390625000000009,-0.020000000000000462,33871772.0,6645100,0,5.2,5.2,5.05,5.12
600150,中国船舶,33.26,0.2713295146216349,0.0899999999999963,1342630245.0,40461520,0,33.18,33.39,32.91,33.17
600151,航天机电,16.06,-9.97757847533633,-1.7800000000000011,4262134467.0,254914449,0,18.1,18.2,16.06,17.84
600152,维科技术,6.82,1.9431988041853496,0.1299999999999999,182527654.0,26906000,0,6.66,6.91,6.62,6.69
600153,建发股份,9.34,0.214592274678107,0.019999999999999574,193425567.0,20599945,0,9.32,9.49,9.32,9.32
600155,华创云信,6.56,-3.2448377581121033,-0.22000000000000064,310348811.0,46615728,0,6.77,6.8,6.55,6.78
600156,华升股份,8.33,0.8474576271186476,0.07000000000000028,69759473.0,8325304,0,7.95,8.57,7.95,8.26
600157,永泰能源,1.6,-1.234567901234569,-0.020000000000000018,627575331.0,391021820,0,1.62,1.63,1.59,1.62
600158,中体产业,8.75,-4.057017543859641,-0.3699999999999992,286639395.0,32353436,0,9.01,9.04,8.72,9.12
600159,大龙地产,2.8,-1.75438596491229,-0.050000000000000266,38657533.0,13765118,0,2.85,2.85,2.78,2.85
600160,巨化股份,37.35,-0.5855735959542158,-0.21999999999999886,678528056.0,18073990,0,37.68,37.88,37.25,37.57
600161,天坛生物,16.12,-2.0060790273556126,-0.3299999999999983,171324974.0,10541699,0,16.45,16.49,16.12,16.45
600162,香江控股,1.84,-3.1578947368420964,-0.05999999999999983,73070023.0,39330382,0,1.89,1.9,1.84,1.9
600163,中闽能源,5.84,1.2131715771230553,0.07000000000000028,256537301.0,43922869,0,5.78,5.97,5.71,5.77
600165,*ST宁科,4.01,-4.295942720763738,-0.1800000000000006,131070543.0,32056100,0,4.11,4.28,4.0,4.19
600166,福田汽车,2.91,-1.0204081632652995,-0.029999999999999805,376942322.0,128476528,0,2.93,2.96,2.9,2.94
600167,联美控股,7.06,-1.5341701534170198,-0.11000000000000032,80320171.0,11351361,0,7.18,7.18,7.03,7.17
600168,武汉控股,5.15,-0.9615384615384581,-0.04999999999999982,44389337.0,8602920,0,5.16,5.21,5.13,5.2
600169,ST太重,2.29,-0.8658008658008665,-0.020000000000000018,28222705.0,12321701,0,2.31,2.31,2.28,2.31
600170,上海建工,2.66,-1.4814814814814827,-0.040000000000000036,263188104.0,98429382,0,2.7,2.7,2.66,2.7
600171,上海贝岭,30.66,-1.0009686793671253,-0.3099999999999987,213269254.0,6914839,0,30.97,31.09,30.62,30.97
600172,黄河旋风,6.02,2.0338983050847323,0.11999999999999922,522462466.0,85685245,0,5.9,6.24,5.84,5.9
600173,卧龙新能,7.06,-1.5341701534170198,-0.11000000000000032,54200004.0,7645860,0,7.17,7.19,7.03,7.17
600176,中国巨石,16.3,4.153354632587861,0.6500000000000004,1615581740.0,99597314,0,15.59,16.49,15.57,15.65
600177,雅戈尔,7.52,0.0,0.0,90578792.0,12047162,0,7.51,7.55,7.49,7.52
600178,东安动力,11.83,-1.5806988352745384,-0.1899999999999995,63888721.0,5339700,0,12.18,12.2,11.82,12.02
600179,安通控股,4.92,10.067114093959736,0.4500000000000002,784955526.0,159839035,0,4.92,4.92,4.8,4.47
600180,瑞茂通,3.79,-3.3163265306122423,-0.1299999999999999,80584291.0,21079000,0,3.91,3.92,3.78,3.92
600182,S佳通,15.34,-1.2870012870012826,-0.1999999999999993,16630093.0,1076900,0,15.55,15.56,15.32,15.54
600183,生益科技,65.69,0.1830105231050855,0.12000000000000455,2281257938.0,34583348,0,65.58,67.17,65.09,65.57
600184,光电股份,18.07,-2.8494623655914038,-0.5300000000000011,286832578.0,15769200,0,18.5,18.51,18.0,18.6
600185,珠免集团,7.03,-2.7662517289073327,-0.20000000000000018,427285289.0,60376169,0,7.15,7.27,6.97,7.23
600186,莲花控股,5.85,-1.0152284263959475,-0.0600000000000005,345390729.0,58815011,0,5.83,5.97,5.83,5.91
600187,国中水务,2.57,-2.281368821292778,-0.06000000000000005,63826841.0,24615669,0,2.62,2.64,2.56,2.63
600188,兖矿能源,13.44,-0.3706449221645716,-0.05000000000000071,260927370.0,19277270,0,13.48,13.63,13.43,13.49
600189,泉阳泉,7.14,-2.3255813953488365,-0.16999999999999993,72941219.0,10130780,0,7.29,7.32,7.12,7.31
600190,退市锦港,0.63,0.0,0.0,0.0,0,0,0.0,0.0,0.0,0.63
600191,华资实业,13.32,5.047318611987387,0.6400000000000006,332722983.0,25135336,0,12.74,13.6,12.74,12.68
600192,长城电工,9.23,-4.054054054054042,-0.3899999999999988,161913051.0,17344289,0,9.53,9.54,9.22,9.62
600193,*ST创兴,3.78,-1.5625000000000013,-0.06000000000000005,16596988.0,4363300,0,3.84,3.84,3.77,3.84
600195,中牧股份,8.02,-2.075702075702075,-0.16999999999999993,98916005.0,12201223,0,8.13,8.27,8.01,8.19
600196,复星医药,27.1,-0.4408523144746416,-0.11999999999999744,252070743.0,9271590,0,27.21,27.33,27.1,27.22
600197,伊力特,14.05,-0.7768361581920864,-0.10999999999999943,26342069.0,1871306,0,14.15,14.16,14.04,14.16
600198,大唐电信,8.87,-3.1659388646288313,-0.2900000000000009,404973101.0,45168200,0,9.1,9.18,8.83,9.16
600199,金种子酒,9.78,-1.3118062563067687,-0.13000000000000078,62018718.0,6318540,0,9.91,9.91,9.78,9.91
600200,退市苏吴,0.3,-6.250000000000005,-0.020000000000000018,8185791.0,27001775,0,0.31,0.32,0.29,0.32
600201,生物股份,16.83,5.121798875702665,0.8199999999999967,1107048837.0,66861533,0,16.1,16.9,16.1,16.01
600202,哈空调,5.87,-0.8445945945945915,-0.04999999999999982,25406506.0,4331468,0,5.89,5.92,5.81,5.92
600203,福日电子,12.9,-1.6018306636155537,-0.20999999999999908,311298987.0,23973600,0,13.11,13.12,12.88,13.11
600206,有研新材,20.25,-0.34448818897637934,-0.07000000000000028,274040880.0,13504600,0,20.33,20.41,20.16,20.32
600207,安彩高科,5.03,-1.949317738791416,-0.09999999999999964,52243877.0,10306354,0,5.14,5.15,5.02,5.13
600208,衢州发展,3.9,-0.7633587786259605,-0.03000000000000025,140037966.0,35869045,0,3.92,3.93,3.88,3.93
600210,紫江企业,7.34,0.0,0.0,112749717.0,15351201,0,7.35,7.39,7.31,7.34
600211,西藏药业,42.13,-0.6133522057088889,-0.259999999999998,78467434.0,1855802,0,42.39,42.53,42.04,42.39
600212,绿能慧充,8.21,-2.261904761904756,-0.1899999999999995,89804535.0,10865700,0,8.4,8.4,8.18,8.4
600215,派斯林,6.75,-0.14792899408283708,-0.009999999999999787,21425065.0,3167900,0,6.76,6.84,6.72,6.76
600216,浙江医药,13.9,-0.429799426934101,-0.0600000000000005,64800735.0,4654399,0,13.96,13.98,13.88,13.96
600217,中再资环,4.04,-1.463414634146332,-0.05999999999999961,61257578.0,15109799,0,4.08,4.1,4.03,4.1
600218,全柴动力,10.62,-1.5755329008341052,-0.16999999999999993,165820257.0,15507571,0,10.79,10.84,10.6,10.79
600219,南山铝业,5.02,4.149377593360981,0.1999999999999993,1700208265.0,339323682,0,4.88,5.14,4.86,4.82
600221,海航控股,1.81,-4.73684210526315,-0.08999999999999986,3974346406.0,2162202043,0,1.88,1.91,1.78,1.9
600222,太龙药业,6.86,-2.4182076813655753,-0.16999999999999993,127542586.0,18426401,0,7.08,7.12,6.85,7.03
600223,福瑞达,7.36,-0.8086253369272184,-0.05999999999999961,33650693.0,4573725,0,7.4,7.42,7.34,7.42
600226,亨通股份,4.9,-5.405405405405393,-0.27999999999999936,662580690.0,132563567,0,5.15,5.19,4.87,5.18
600227,赤天化,2.49,-3.112840466926056,-0.07999999999999963,92306953.0,36773516,0,2.56,2.59,2.48,2.57
600228,*ST返利,5.18,4.225352112676055,0.20999999999999996,104076028.0,20310100,0,4.99,5.22,4.83,4.97
600229,城市传媒,6.41,-0.9273570324574901,-0.05999999999999961,13912224.0,2165001,0,6.49,6.49,6.39,6.47
600230,沧州大化,13.2,1.6166281755196232,0.20999999999999908,187268448.0,14280954,0,13.06,13.25,12.86,12.99
600231,凌钢股份,2.1,-1.8691588785046744,-0.040000000000000036,30795563.0,14586141,0,2.14,2.15,2.09,2.14
600232,金鹰股份,7.76,2.7814569536423837,0.20999999999999996,167029437.0,21626932,0,7.56,7.87,7.55,7.55
600233,圆通速递,16.82,0.1190476190476165,0.019999999999999574,143371139.0,8503102,0,16.72,16.99,16.72,16.8
600234,科新发展,13.62,0.22075055187637502,0.02999999999999936,116871365.0,8596329,0,13.6,13.91,13.31,13.59
600235,民丰特纸,6.57,-0.45454545454544487,-0.02999999999999936,25809807.0,3925600,0,6.6,6.64,6.52,6.6
600236,桂冠电力,6.86,-3.3802816901408357,-0.23999999999999932,82823003.0,11917854,0,7.08,7.12,6.86,7.1
600237,铜峰电子,9.16,2.2321428571428488,0.1999999999999993,876825420.0,95121334,0,9.01,9.42,8.88,8.96
600238,*ST椰岛,6.68,-3.047895500725689,-0.20999999999999996,113789692.0,16555750,0,7.09,7.12,6.65,6.89
600239,云南城投,2.41,-2.4291497975708523,-0.06000000000000005,64902810.0,26680129,0,2.46,2.49,2.4,2.47
600241,时代万恒,8.38,-0.3567181926278164,-0.02999999999999936,30652254.0,3666000,0,8.45,8.45,8.29,8.41
600243,*ST海华,4.87,-1.6161616161616175,-0.08000000000000007,19916893.0,4087100,0,4.99,4.99,4.78,4.95
600246,万通发展,12.03,-1.8760195758564473,-0.23000000000000043,681813554.0,56177295,0,12.28,12.4,11.99,12.26
600248,陕建股份,3.58,-0.27855153203342026,-0.009999999999999787,24503700.0,6821700,0,3.59,3.61,3.58,3.59
600249,两面针,6.07,-1.6207455429497513,-0.09999999999999964,59428472.0,9767720,0,6.18,6.18,6.04,6.17
600250,南京商旅,11.93,-9.208523592085243,-1.2100000000000009,801667488.0,66727275,0,12.3,12.49,11.83,13.14
600251,冠农股份,9.02,0.7821229050279361,0.07000000000000028,81612122.0,9079478,0,8.98,9.1,8.89,8.95
600252,中恒集团,2.81,-2.0905923344947754,-0.06000000000000005,119154144.0,42014727,0,2.86,2.87,2.81,2.87
600255,鑫科材料,3.86,-3.740648379052367,-0.1499999999999999,316241761.0,80714001,0,4.01,4.01,3.85,4.01
600256,广汇能源,4.99,-0.7952286282306169,-0.040000000000000036,206032479.0,41207305,0,5.02,5.03,4.98,5.03
600257,大湖股份,6.35,-1.2441679626749624,-0.08000000000000007,92466816.0,14373035,0,6.43,6.59,6.35,6.43
600258,首旅酒店,16.28,-3.668639053254423,-0.6199999999999974,352723878.0,21406825,0,16.69,16.85,16.25,16.9
600259,广晟有色,53.94,-3.626943005181349,-2.030000000000001,891145807.0,16340140,0,55.92,55.92,53.78,55.97
600261,阳光照明,3.39,-0.5865102639296192,-0.020000000000000018,23518502.0,6922401,0,3.41,3.43,3.38,3.41
600262,北方股份,24.69,-1.2004801920768196,-0.29999999999999716,61428745.0,2475648,0,25.0,25.09,24.65,24.99
600265,ST景谷,20.79,-1.8876828692779715,-0.40000000000000213,8726832.0,416010,0,21.4,21.4,20.65,21.19
600266,城建发展,4.44,-1.3333333333333246,-0.05999999999999961,147804545.0,33211160,0,4.5,4.51,4.42,4.5
600267,海正药业,10.07,-0.885826771653542,-0.08999999999999986,68742674.0,6783798,0,10.18,10.25,10.06,10.16
600268,国电南自,10.58,0.0,0.0,172130833.0,16298950,0,10.62,10.65,10.45,10.58
600269,赣粤高速,5.2,-0.19193857965450647,-0.009999999999999787,61866530.0,11875096,0,5.21,5.24,5.19,5.21
600271,航天信息,9.76,-2.400000000000002,-0.2400000000000002,1087008714.0,109776014,0,9.98,10.1,9.71,10.0
600272,开开实业,14.19,-1.6632016632016646,-0.2400000000000002,96007685.0,6728200,0,14.38,14.48,14.1,14.43
600273,嘉化能源,8.33,0.12019230769230511,0.009999999999999787,74718675.0,8954730,0,8.32,8.38,8.3,8.32
600276,恒瑞医药,61.83,1.4771048744460833,0.8999999999999986,1948593011.0,31479492,0,60.85,62.56,60.84,60.93
600278,东方创业,7.59,-1.5564202334630364,-0.1200000000000001,44978160.0,5901951,0,7.73,7.73,7.57,7.71
600279,重庆港,5.28,-1.492537313432837,-0.08000000000000007,32991210.0,6206580,0,5.33,5.39,5.27,5.36
600280,中央商场,4.48,-8.384458077709597,-0.40999999999999925,841495698.0,184529021,0,4.68,4.75,4.45,4.89
600281,华阳新材,6.05,0.33167495854062307,0.019999999999999574,117861777.0,19323730,0,6.16,6.2,5.99,6.03
600282,南钢股份,5.04,0.8000000000000007,0.040000000000000036,159448305.0,31700972,0,5.02,5.08,4.97,5.0
600283,钱江水利,9.06,-0.43956043956043017,-0.03999999999999915,30208901.0,3326980,0,9.1,9.12,9.05,9.1
600284,浦东建设,8.49,5.5970149253731485,0.45000000000000107,401245547.0,47821566,0,8.01,8.66,8.01,8.04
600285,羚锐制药,21.0,-0.943396226415091,-0.1999999999999993,76927213.0,3651500,0,21.24,21.24,20.97,21.2
600287,苏豪时尚,5.65,-1.3961605584642245,-0.08000000000000007,28213356.0,4981601,0,5.71,5.75,5.6,5.73
600288,大恒科技,14.93,-1.7116524028966411,-0.2599999999999998,107303788.0,7144700,0,15.18,15.2,14.9,15.19
600289,ST信通,6.78,-3.556187766714082,-0.25,28370515.0,4123300,0,7.04,7.06,6.75,7.03
600292,远达环保,12.41,-1.2728719172633265,-0.16000000000000014,83946247.0,6748141,0,12.55,12.55,12.39,12.57
600293,三峡新材,3.07,-0.647249190938512,-0.020000000000000018,44374788.0,14455400,0,3.1,3.1,3.05,3.09
600295,鄂尔多斯,11.32,-0.6145741878841113,-0.07000000000000028,94426557.0,8355914,0,11.37,11.43,11.14,11.39
600298,安琪酵母,44.1,-3.289473684210526,-1.5,596952900.0,13390141,0,45.66,45.7,44.0,45.6
600299,安迪苏,8.98,-0.7734806629834284,-0.07000000000000028,38081099.0,4222574,0,9.1,9.1,8.96,9.05
600300,维维股份,3.68,-0.540540540540541,-0.020000000000000018,196914066.0,53272200,0,3.72,3.77,3.64,3.7
600301,华锡有色,38.38,-4.952947003467063,-2.0,589450116.0,15162580,0,40.2,40.6,38.0,40.38
600302,标准股份,9.86,1.6494845360824757,0.16000000000000014,107861675.0,10878780,0,9.7,10.22,9.66,9.7
600303,曙光股份,3.27,-2.9673590504451064,-0.10000000000000009,55227486.0,16752500,0,3.37,3.38,3.25,3.37
600305,恒顺醋业,8.0,-0.990099009900991,-0.08000000000000007,60430457.0,7515464,0,8.08,8.11,7.99,8.08
600307,酒钢宏兴,1.65,-1.1976047904191627,-0.020000000000000018,79380426.0,47680400,0,1.69,1.69,1.65,1.67
600308,华泰股份,3.8,-0.7832898172323824,-0.03000000000000025,38908094.0,10193860,0,3.84,3.85,3.78,3.83
600309,万华化学,74.68,-1.4645731626863694,-1.1099999999999994,1871958774.0,24920925,0,75.81,76.18,74.5,75.79
600310,广西能源,3.78,-0.7874015748031562,-0.03000000000000025,26094096.0,6868460,0,3.81,3.82,3.78,3.81
600312,平高电气,17.77,0.056306306306295094,0.00999999999999801,318010426.0,17995478,0,17.71,17.85,17.5,17.76
600313,农发种业,6.64,-1.4836795252225599,-0.10000000000000053,141640529.0,21157529,0,6.73,6.8,6.63,6.74
600315,上海家化,22.61,-1.7383746197305612,-0.40000000000000213,89782442.0,3953508,0,23.07,23.1,22.56,23.01
600316,洪都航空,30.81,-1.2500000000000018,-0.39000000000000057,136603337.0,4411700,0,31.2,31.4,30.74,31.2
600318,新力金融,8.86,-2.3153252480705717,-0.21000000000000085,154176559.0,17278304,0,9.04,9.04,8.84,9.07
600319,亚星化学,9.22,0.2173913043478408,0.02000000000000135,49275081.0,5368364,0,9.18,9.35,9.0,9.2
600320,振华重工,4.69,-1.4705882352941049,-0.0699999999999994,170505543.0,36213080,0,4.74,4.76,4.67,4.76
600322,津投城开,2.33,-2.510460251046027,-0.06000000000000005,46998967.0,19957900,0,2.38,2.4,2.33,2.39
600323,瀚蓝环境,29.1,-0.7164790174001955,-0.2099999999999973,93421438.0,3200337,0,29.26,29.54,29.0,29.31
600325,华发股份,4.32,-1.1441647597253963,-0.04999999999999982,107428211.0,24787459,0,4.38,4.38,4.3,4.37
600326,西藏天路,10.9,-0.18315018315017925,-0.019999999999999574,243151516.0,22236184,0,10.9,11.03,10.85,10.92
600327,大东方,5.55,1.2773722627737116,0.0699999999999994,534211554.0,95780779,0,5.44,5.84,5.32,5.48
600328,中盐化工,8.01,0.12499999999999734,0.009999999999999787,65917675.0,8233232,0,8.01,8.08,7.96,8.0
600329,达仁堂,47.02,-0.06376195536661855,-0.02999999999999403,127170753.0,2707441,0,47.05,47.24,46.81,47.05
600330,天通股份,11.83,-1.416666666666666,-0.16999999999999993,1236934414.0,103705904,0,12.0,12.13,11.76,12.0
600331,宏达股份,12.56,2.8665028665028633,0.34999999999999964,1032531733.0,82271032,0,12.27,12.76,12.21,12.21
600332,白云山,25.81,0.07754943776657454,0.019999999999999574,223892225.0,8660352,0,25.79,25.95,25.76,25.79
600333,长春燃气,5.63,-1.4010507880910694,-0.08000000000000007,78076010.0,13846800,0,5.71,5.75,5.6,5.71
600335,国机汽车,6.4,-1.538461538461533,-0.09999999999999964,126147678.0,19427648,0,6.5,6.64,6.4,6.5
600336,澳柯玛,8.57,-0.6952491309385921,-0.0600000000000005,342713689.0,40265769,0,8.45,8.78,8.31,8.63
600337,美克家居,2.92,0.0,0.0,0.0,0,0,0.0,0.0,0.0,2.92
600338,西藏珠峰,14.23,0.993612491128464,0.14000000000000057,646975416.0,45379257,0,14.1,14.43,14.03,14.09
600339,中油工程,3.33,-0.29940119760478406,-0.009999999999999787,74829908.0,22414900,0,3.35,3.36,3.31,3.34
600340,华夏幸福,2.29,-2.136752136752129,-0.04999999999999982,348187074.0,152243842,0,2.32,2.34,2.27,2.34
600343,航天动力,37.86,1.9660651764072095,0.7299999999999969,5818935346.0,153137668,0,37.14,40.5,35.02,37.13
600345,长江通信,28.88,-5.65174779483829,-1.7300000000000004,603646601.0,20521781,0,30.23,30.54,28.7,30.61
600346,恒力石化,19.91,-0.5991013479780378,-0.120000000000001,425620609.0,21377872,0,20.04,20.14,19.65,20.03
600348,华阳股份,7.67,-0.5188067444876788,-0.040000000000000036,171003183.0,22223673,0,7.71,7.75,7.65,7.71
600350,山东高速,9.48,0.636942675159241,0.0600000000000005,94945944.0,10006861,0,9.42,9.59,9.38,9.42
600351,亚宝药业,6.63,-0.599700149925038,-0.040000000000000036,41327447.0,6216702,0,6.68,6.7,6.61,6.67
600352,浙江龙盛,10.72,-0.09319664492078086,-0.009999999999999787,127162317.0,11864875,0,10.72,10.76,10.68,10.73
600353,旭光电子,15.65,-2.0037570444583612,-0.3200000000000003,338606333.0,21556979,0,15.8,15.92,15.57,15.97
600354,敦煌种业,6.74,-0.5899705014749268,-0.040000000000000036,173027588.0,25679329,0,6.78,6.82,6.67,6.78
600355,*ST精伦,2.15,4.87804878048781,0.10000000000000009,43462259.0,20511100,0,2.08,2.15,2.05,2.05
600356,恒丰纸业,8.61,-1.1481056257175821,-0.10000000000000142,32593393.0,3774000,0,8.7,8.71,8.58,8.71
600358,ST联合,5.9,-1.3377926421404693,-0.08000000000000007,40494176.0,6818890,0,5.98,6.01,5.88,5.98
600359,新农开发,7.1,-1.3888888888888962,-0.10000000000000053,43209252.0,6035234,0,7.2,7.26,7.08,7.2
600360,*ST华微,7.89,-1.375000000000004,-0.11000000000000032,57852264.0,7287448,0,7.98,8.02,7.89,8.0
600361,创新新材,4.25,-0.9324009324009332,-0.040000000000000036,132044944.0,30931100,0,4.28,4.33,4.23,4.29
600362,江西铜业,41.93,-1.5265382808830406,-0.6499999999999986,1881481416.0,44528037,0,42.57,42.96,41.7,42.58
600363,联创光电,56.41,-3.058944835882456,-1.7800000000000011,443546955.0,7788544,0,58.04,58.04,56.33,58.19
600365,ST通葡,3.26,-1.2121212121212133,-0.040000000000000036,11478804.0,3467100,0,3.32,3.36,3.26,3.3
600366,宁波韵升,13.9,0.7246376811594177,0.09999999999999964,424376691.0,30587798,0,13.81,13.99,13.62,13.8
600367,红星发展,18.1,-0.2754820936638962,-0.04999999999999716,725706624.0,40220076,0,17.96,18.49,17.76,18.15
600368,五洲交通,3.93,-1.0075566750629732,-0.040000000000000036,29285076.0,7430479,0,3.96,3.97,3.92,3.97
600369,西南证券,4.44,-0.22471910112359073,-0.009999999999999787,112971073.0,25342000,0,4.45,4.48,4.43,4.45
600370,三房巷,2.18,-1.3574660633484075,-0.029999999999999805,50623831.0,23316411,0,2.2,2.21,2.14,2.21
600371,万向德农,9.01,-1.4223194748358947,-0.13000000000000078,49230395.0,5445200,0,9.14,9.17,8.99,9.14
600372,中航机载,12.81,-1.15740740740741,-0.15000000000000036,906701948.0,70032859,0,12.95,13.25,12.8,12.96
600373,中文传媒,9.24,-1.7021276595744694,-0.16000000000000014,144710349.0,15572561,0,9.39,9.39,9.22,9.4
600375,汉马科技,6.01,-1.636661211129305,-0.10000000000000053,111315557.0,18474700,0,6.09,6.09,6.0,6.11
600376,首开股份,5.23,-5.081669691470043,-0.27999999999999936,844020246.0,158258766,0,5.63,5.63,5.22,5.51
600377,宁沪高速,11.99,-0.5804311774461052,-0.07000000000000028,90596247.0,7545982,0,12.06,12.08,11.97,12.06
600378,昊华科技,30.87,1.213114754098364,0.370000000000001,254578281.0,8271123,0,30.47,31.26,30.24,30.5
600379,宝光股份,11.69,0.4295532646048018,0.049999999999998934,69746535.0,5980901,0,11.59,11.91,11.51,11.64
600380,健康元,11.67,-1.7676767676767748,-0.21000000000000085,167034619.0,14233560,0,11.91,11.92,11.63,11.88
600381,*ST春天,4.36,-0.9090909090909097,-0.040000000000000036,9854713.0,2249100,0,4.41,4.42,4.34,4.4
600382,广东明珠,7.15,-1.3793103448275814,-0.09999999999999964,46934118.0,6526704,0,7.24,7.27,7.15,7.25
600383,金地集团,3.09,-2.2151898734177307,-0.07000000000000028,263984004.0,84743187,0,3.15,3.16,3.08,3.16
600386,北巴传媒,4.33,-1.5909090909090973,-0.07000000000000028,29238716.0,6723500,0,4.4,4.41,4.31,4.4
600387,退市海越,0.94,0.0,0.0,0.0,0,0,0.0,0.0,0.0,0.94
600388,龙净环保,16.11,0.3113325031133295,0.05000000000000071,115621456.0,7171590,0,15.94,16.2,15.94,16.06
600389,江山股份,25.07,4.458333333333334,1.0700000000000003,314848369.0,12889871,0,24.39,25.07,23.48,24.0
600390,五矿资本,5.48,-1.4388489208632946,-0.07999999999999918,126127621.0,22849983,0,5.56,5.57,5.47,5.56
600391,航发科技,32.45,-1.666666666666658,-0.5499999999999972,1040980270.0,32174646,0,32.56,33.35,31.7,33.0
600392,盛和资源,21.29,-0.18752930145334812,-0.03999999999999915,683710318.0,32019528,0,21.34,21.6,21.16,21.33
600395,盘江股份,4.72,0.0,0.0,51864521.0,11008850,0,4.7,4.73,4.66,4.72
600396,华电辽能,2.92,-1.6835016835016925,-0.050000000000000266,26284377.0,8911302,0,2.97,2.99,2.92,2.97
600397,江钨装备,7.33,0.41095890410959246,0.03000000000000025,279209525.0,37881131,0,7.31,7.58,7.16,7.3
600398,海澜之家,6.13,-0.8090614886731363,-0.04999999999999982,144933917.0,23587618,0,6.18,6.19,6.12,6.18
600399,抚顺特钢,5.36,-2.898550724637668,-0.15999999999999925,283679039.0,52504205,0,5.5,5.52,5.34,5.52
600400,红豆股份,2.4,-2.834008097166003,-0.07000000000000028,100803062.0,41725112,0,2.46,2.47,2.39,2.47
600403,大有能源,6.97,-0.9943181818181858,-0.07000000000000028,160665871.0,23058520,0,7.06,7.06,6.92,7.04
600405,动力源,5.09,-1.7374517374517346,-0.08999999999999986,30636461.0,6001858,0,5.18,5.2,5.08,5.18
600406,国电南瑞,22.94,-0.08710801393728036,-0.019999999999999574,632732635.0,27632813,0,22.96,23.05,22.73,22.96
600408,安泰集团,4.51,-4.449152542372881,-0.20999999999999996,432504671.0,95001406,0,4.69,4.7,4.48,4.72
600409,三友化工,5.99,-1.6420361247947397,-0.09999999999999964,191596061.0,31743100,0,6.09,6.13,5.95,6.09
600410,华胜天成,16.89,-1.1702750146284335,-0.1999999999999993,644609230.0,38055489,0,17.11,17.13,16.82,17.09
600415,小商品城,16.5,-0.48250904704462183,-0.0799999999999983,815705467.0,49532612,0,16.6,16.7,16.26,16.58
600416,湘电股份,13.36,-2.124542124542131,-0.2900000000000009,287847108.0,21443634,0,13.61,13.67,13.28,13.65
600418,江淮汽车,47.64,-0.8945288121489487,-0.4299999999999997,1583187090.0,33323453,0,48.0,48.07,47.25,48.07
600419,天润乳业,10.19,0.0982318271119822,0.009999999999999787,80105307.0,7805733,0,10.33,10.42,10.16,10.18
600420,国药现代,10.18,-0.9727626459143934,-0.09999999999999964,51427933.0,5027800,0,10.28,10.31,10.18,10.28
600421,*ST华嵘,7.06,-2.620689655172419,-0.1900000000000004,26524424.0,3759500,0,7.21,7.28,6.9,7.25
600422,昆药集团,12.4,-0.7205764611689339,-0.08999999999999986,38398014.0,3090100,0,12.46,12.5,12.39,12.49
600423,柳化股份,3.81,-0.522193211488251,-0.020000000000000018,30010120.0,7865300,0,3.83,3.85,3.78,3.83
600425,青松建化,4.25,-0.7009345794392582,-0.03000000000000025,55364492.0,12936694,0,4.28,4.31,4.25,4.28
600426,华鲁恒升,29.78,-0.6339673006339598,-0.18999999999999773,334967331.0,11194471,0,29.97,30.26,29.58,29.97
600428,中远海特,7.27,-0.9536784741144453,-0.07000000000000028,186670677.0,25473157,0,7.35,7.41,7.25,7.34
600429,三元股份,5.68,-2.4054982817869512,-0.14000000000000057,499390324.0,86251860,0,6.02,6.09,5.67,5.82
600433,冠豪高新,3.18,-0.6250000000000006,-0.020000000000000018,40850428.0,12768887,0,3.19,3.22,3.17,3.2
600435,北方导航,14.02,-2.50347705146037,-0.3600000000000012,448912061.0,31760700,0,14.38,14.4,13.96,14.38
600436,片仔癀,169.9,-1.2094429584835353,-2.079999999999984,291370241.0,1710722,0,171.98,171.98,169.86,171.98
600438,通威股份,20.78,-0.28790786948175967,-0.05999999999999872,1279257140.0,61514139,0,20.81,21.13,20.42,20.84
600439,瑞贝卡,2.83,-3.7414965986394515,-0.10999999999999988,101457952.0,35463309,0,2.94,2.95,2.82,2.94
600444,国机通用,18.4,-0.8086253369272353,-0.15000000000000213,71837195.0,3904600,0,18.55,18.61,18.17,18.55
600446,金证股份,15.24,-1.8041237113402022,-0.27999999999999936,180590640.0,11786600,0,15.47,15.5,15.18,15.52
600448,华纺股份,3.15,-2.4767801857585163,-0.08000000000000007,54268227.0,17158565,0,3.23,3.24,3.12,3.23
600449,宁夏建材,12.4,-1.1952191235059788,-0.15000000000000036,45071556.0,3602884,0,12.58,12.6,12.38,12.55
600452,涪陵电力,9.41,-0.7383966244725768,-0.07000000000000028,124096195.0,13107740,0,9.48,9.6,9.38,9.48
600455,博通股份,25.89,-0.8425890463423932,-0.21999999999999886,28429294.0,1103700,0,26.25,26.25,25.5,26.11
600456,宝钛股份,35.42,-0.5056179775280891,-0.17999999999999972,1078519956.0,30074040,0,35.68,36.54,35.17,35.6
600458,时代新材,13.32,0.5283018867924549,0.07000000000000028,96849369.0,7256767,0,13.25,13.43,13.19,13.25
600459,贵研铂业,20.0,0.15022533800701623,0.030000000000001137,1633239365.0,80665818,0,20.4,20.86,19.91,19.97
600460,士兰微,27.97,-0.4271982912068388,-0.120000000000001,482200791.0,17186410,0,28.01,28.19,27.9,28.09
600461,洪城环境,9.57,0.0,0.0,89500391.0,9340116,0,9.6,9.64,9.52,9.57
600462,退市九有,0.21,0.0,0.0,0.0,0,0,0.0,0.0,0.0,0.21
600463,空港股份,11.44,-1.5490533562822695,-0.17999999999999972,33762204.0,2922248,0,11.69,11.72,11.41,11.62
600467,好当家,2.67,-1.4760147601476028,-0.040000000000000036,168442756.0,62453500,0,2.71,2.81,2.66,2.71
600468,百利电气,7.0,-3.047091412742379,-0.21999999999999975,624655642.0,88131823,0,7.11,7.24,6.93,7.22
600469,风神股份,6.76,-3.012912482065997,-0.20999999999999996,44333344.0,6499515,0,6.95,6.98,6.74,6.97
600470,六国化工,6.04,0.4991680532445965,0.03000000000000025,70290545.0,11700245,0,6.01,6.08,5.94,6.01
600475,华光环能,17.3,-0.5747126436781487,-0.09999999999999787,147958189.0,8546762,0,17.31,17.59,17.01,17.4
600476,湘邮科技,15.43,-1.7197452229299335,-0.2699999999999996,26921178.0,1737503,0,15.63,15.88,15.38,15.7
600477,杭萧钢构,2.64,-0.7518796992481209,-0.020000000000000018,38861092.0,14720646,0,2.66,2.66,2.62,2.66
600478,科力远,6.78,1.649175412293858,0.11000000000000032,321127147.0,47302694,0,6.7,6.87,6.68,6.67
600479,千金药业,10.31,-0.6743737957610817,-0.07000000000000028,37990508.0,3677215,0,10.39,10.41,10.3,10.38
600480,凌云股份,11.75,-1.2605042016806753,-0.15000000000000036,101559535.0,8618302,0,11.91,11.92,11.7,11.9
600481,双良节能,5.56,0.18018018018017634,0.009999999999999787,157752114.0,28405206,0,5.53,5.62,5.48,5.55
600482,中国动力,20.3,-0.49019607843136215,-0.09999999999999787,209234501.0,10286600,0,20.41,20.5,20.25,20.4
600483,福能股份,9.86,0.10152284263959174,0.009999999999999787,146309157.0,14764005,0,9.85,9.97,9.83,9.85
600486,扬农化工,66.61,-1.3185185185185193,-0.8900000000000006,340641205.0,5153758,0,67.48,67.48,65.1,67.5
600487,亨通光电,26.17,0.11476664116297297,0.030000000000001137,5767683436.0,219846688,0,25.92,26.68,25.56,26.14
600488,津药药业,4.19,-0.238095238095233,-0.009999999999999787,19775308.0,4703950,0,4.22,4.24,4.18,4.2
600489,中金黄金,24.07,0.9224318658280874,0.21999999999999886,1972894240.0,81306192,0,24.38,24.65,23.95,23.85
600490,鹏欣资源,8.02,-0.4962779156327658,-0.040000000000000924,603236650.0,74399744,0,8.2,8.25,7.97,8.06
600491,龙元建设,2.69,-3.9285714285714244,-0.10999999999999988,69152613.0,25311995,0,2.81,2.81,2.69,2.8
600493,凤竹纺织,7.5,-1.315789473684206,-0.09999999999999964,163989243.0,21697500,0,7.75,8.01,7.36,7.6
600495,晋西车轴,4.77,-1.6494845360824757,-0.08000000000000007,46790223.0,9748110,0,4.84,4.85,4.76,4.85
600496,精工钢构,4.29,-0.6944444444444501,-0.03000000000000025,82921427.0,19215285,0,4.31,4.39,4.26,4.32
600497,驰宏锌锗,7.18,-0.27777777777778423,-0.020000000000000462,782371811.0,108148783,0,7.18,7.34,7.15,7.2
600498,烽火通信,27.36,-4.168126094570932,-1.1900000000000013,2781468313.0,100452064,0,28.31,28.58,27.02,28.55
600499,科达制造,13.75,0.5852231163130949,0.08000000000000007,284310938.0,20641387,0,13.65,13.96,13.59,13.67
600500,中化国际,3.89,-0.5115089514066501,-0.020000000000000018,47405251.0,12182284,0,3.92,3.92,3.87,3.91
600501,航天晨光,23.2,-9.445745511319288,-2.4200000000000017,1250619091.0,51755725,0,25.59,25.59,23.08,25.62
600502,安徽建工,4.66,0.0,0.0,46271654.0,9915292,0,4.67,4.69,4.64,4.66
600503,华丽家族,2.69,-2.181818181818184,-0.06000000000000005,63061984.0,23327319,0,2.75,2.76,2.67,2.75
600505,西昌电力,12.82,-1.2326656394453015,-0.16000000000000014,77486208.0,5995200,0,13.06,13.22,12.77,12.98
600506,统一股份,23.49,-1.0947368421052697,-0.26000000000000156,197351912.0,8378290,0,23.75,23.9,23.28,23.75
600507,方大特钢,5.75,-0.8620689655172384,-0.04999999999999982,91275647.0,15851167,0,5.81,5.82,5.72,5.8
600508,上海能源,12.0,-0.8264462809917326,-0.09999999999999964,28302292.0,2349111,0,12.2,12.2,11.99,12.1
600509,天富能源,8.33,-0.9512485136741982,-0.08000000000000007,175820566.0,21064149,0,8.38,8.42,8.28,8.41
600510,黑牡丹,8.62,-1.2600229095074593,-0.11000000000000121,50054303.0,5747804,0,8.73,8.83,8.61,8.73
600511,国药股份,28.92,-0.27586206896551135,-0.0799999999999983,82201060.0,2838567,0,29.0,29.08,28.87,29.0
600512,腾达建设,2.42,-1.2244897959183774,-0.03000000000000025,37761832.0,15582226,0,2.44,2.45,2.41,2.45
600513,联环药业,17.77,-0.7262569832402179,-0.129999999999999,97197300.0,5466829,0,17.83,17.98,17.64,17.9
600515,海南机场,5.36,2.0952380952381016,0.11000000000000032,3734086700.0,678509473,0,5.62,5.76,5.32,5.25
600516,方大炭素,5.71,-0.1748251748251711,-0.009999999999999787,215728148.0,37816907,0,5.7,5.76,5.66,5.72
600517,国网英大,5.88,-0.6756756756756763,-0.040000000000000036,112866446.0,19142278,0,5.9,5.94,5.86,5.92
600518,康美药业,1.93,-0.5154639175257737,-0.010000000000000009,187944436.0,97449800,0,1.94,1.94,1.92,1.94
600519,贵州茅台,1407.36,-0.06390865323165403,-0.900000000000091,3297782896.0,2345806,0,1408.26,1412.93,1397.19,1408.26
600520,三佳科技,25.13,-0.3963535473642545,-0.10000000000000142,40104040.0,1590600,0,25.11,25.4,25.02,25.23
600521,华海药业,17.0,-1.7908723281340193,-0.3099999999999987,312083762.0,18199139,0,17.32,17.45,16.97,17.31
600522,中天科技,18.99,-3.701825557809333,-0.7300000000000004,3201821689.0,166724123,0,19.66,19.81,18.86,19.72
600523,贵航股份,14.84,-2.5607353906763004,-0.39000000000000057,81426733.0,5436800,0,15.23,15.23,14.81,15.23
600525,ST长园,3.54,-1.1173184357541908,-0.040000000000000036,15855352.0,4475160,0,3.58,3.58,3.52,3.58
600526,菲达环保,5.32,-0.7462686567164185,-0.040000000000000036,31534698.0,5905100,0,5.36,5.37,5.31,5.36
600527,江南高纤,2.13,-1.8433179723502322,-0.040000000000000036,58319759.0,27185280,0,2.17,2.18,2.12,2.17
600528,中铁工业,8.0,-0.24937655860348598,-0.019999999999999574,60347034.0,7526600,0,8.03,8.04,7.99,8.02
600529,山东药玻,20.08,-0.9861932938856155,-0.20000000000000284,103569747.0,5143700,0,20.27,20.33,20.05,20.28
600530,交大昂立,6.66,-0.8928571428571371,-0.05999999999999961,30865551.0,4658700,0,6.71,6.71,6.57,6.72
600531,豫光金铅,11.48,-0.08703220191470659,-0.009999999999999787,745971661.0,64458402,0,11.68,11.78,11.42,11.49
600533,栖霞建设,2.58,-1.1494252873563144,-0.029999999999999805,29479348.0,11399193,0,2.61,2.61,2.57,2.61
600535,天士力,15.31,0.3276539973787727,0.05000000000000071,127315081.0,8285790,0,15.27,15.49,15.22,15.26
600536,中国软件,44.6,-0.7565643079661689,-0.3399999999999963,338810153.0,7584957,0,45.1,45.12,44.45,44.94
600537,亿晶光电,3.84,-2.040816326530614,-0.08000000000000007,217665005.0,56433697,0,3.92,3.92,3.82,3.92
600538,国发股份,6.08,-0.6535947712418306,-0.040000000000000036,48904581.0,8034202,0,6.13,6.19,6.06,6.12
600539,狮头股份,10.0,-1.4778325123152742,-0.15000000000000036,25255121.0,2521300,0,10.14,10.18,9.95,10.15
600540,新赛股份,4.59,-1.92307692307692,-0.08999999999999986,34822817.0,7541613,0,4.67,4.71,4.57,4.68
600543,莫高股份,5.41,-1.9927536231883956,-0.10999999999999943,45993180.0,8485546,0,5.54,5.54,5.36,5.52
600545,卓郎智能,2.55,-2.2988505747126458,-0.06000000000000005,47053254.0,18351569,0,2.61,2.62,2.54,2.61
600546,山煤国际,10.22,-0.5836575875486257,-0.05999999999999872,116636442.0,11393500,0,10.28,10.31,10.18,10.28
600547,山东黄金,40.78,7.090336134453789,2.700000000000003,3713813607.0,92553892,0,38.93,41.36,38.81,38.08
600548,深高速,8.93,0.4499437570303616,0.03999999999999915,54594606.0,6115705,0,8.91,8.98,8.88,8.89
600549,厦门钨业,42.74,3.386550556361873,1.3999999999999986,2767172672.0,64519353,0,41.41,44.14,41.07,41.34
600550,保变电气,11.17,10.049261083743838,1.0199999999999996,2136486640.0,203051606,0,10.08,11.17,9.98,10.15
600551,时代出版,8.27,-0.7202881152461044,-0.0600000000000005,38580891.0,4673713,0,8.25,8.3,8.2,8.33
600552,凯盛科技,11.25,3.3057851239669365,0.35999999999999943,478168458.0,42736564,0,10.88,11.54,10.81,10.89
600556,天下秀,5.76,-0.8605851979345925,-0.04999999999999982,207279753.0,36018832,0,5.77,5.8,5.71,5.81
600557,康缘药业,14.26,-0.4189944134078247,-0.0600000000000005,56723242.0,3974624,0,14.37,14.38,14.22,14.32
600558,大西洋,5.91,0.3395585738539977,0.020000000000000462,189033354.0,31980600,0,5.87,6.0,5.8,5.89
600559,老白干酒,16.09,-0.5562422744128546,-0.08999999999999986,86530994.0,5371793,0,16.17,16.17,16.08,16.18
600560,金自天正,15.65,-1.7576898932831098,-0.27999999999999936,27883099.0,1768900,0,15.93,16.01,15.6,15.93
600561,江西长运,6.52,-1.2121212121212133,-0.08000000000000007,33946681.0,5201900,0,6.6,6.69,6.47,6.6
600562,国睿科技,26.22,-2.81690140845071,-0.7600000000000016,322764978.0,12210843,0,26.91,26.91,26.12,26.98
600563,法拉电子,102.9,0.2533125487139567,0.2600000000000051,201129547.0,1952069,0,102.65,103.58,102.4,102.64
600566,济川药业,26.57,-0.8582089552238822,-0.23000000000000043,103123452.0,3872663,0,26.8,26.84,26.45,26.8
600567,山鹰国际,1.68,-2.325581395348839,-0.040000000000000036,170987957.0,101007486,0,1.72,1.72,1.67,1.72
600568,ST中珠,2.58,0.3891050583657678,0.010000000000000231,44169428.0,17006356,0,2.57,2.63,2.57,2.57
600569,安阳钢铁,2.26,-1.7391304347826104,-0.040000000000000036,39774218.0,17473790,0,2.31,2.31,2.26,2.3
600570,恒生电子,29.22,-0.9155645981688695,-0.2699999999999996,540902854.0,18444106,0,29.5,29.55,29.13,29.49
600571,信雅达,14.98,-1.3824884792626668,-0.20999999999999908,99412994.0,6602692,0,15.18,15.19,14.97,15.19
600572,康恩贝,4.54,-1.0893246187363796,-0.04999999999999982,133168461.0,29217667,0,4.59,4.61,4.52,4.59
600573,惠泉啤酒,12.9,-0.5397070161912126,-0.07000000000000028,281316667.0,21702318,0,12.89,13.27,12.7,12.97
600575,淮河能源,3.58,-0.555555555555556,-0.020000000000000018,88767053.0,24642464,0,3.6,3.64,3.57,3.6
600576,祥源文旅,5.89,-3.125000000000006,-0.1900000000000004,229079944.0,38863784,0,5.85,6.02,5.79,6.08
600577,精达股份,10.74,-1.3774104683195625,-0.15000000000000036,587248061.0,54383900,0,10.83,10.9,10.68,10.89
600578,京能电力,5.13,8.227848101265815,0.3899999999999997,813064517.0,158855893,0,4.85,5.21,4.85,4.74
600579,中化装备,7.95,-3.8694074969770185,-0.3199999999999994,82588559.0,10249902,0,8.25,8.27,7.93,8.27
600580,卧龙电驱,43.2,-1.3923761698242396,-0.6099999999999994,5362837849.0,122952372,0,43.81,44.27,42.96,43.81
600581,八一钢铁,3.32,-2.35294117647059,-0.08000000000000007,83037416.0,24856739,0,3.4,3.41,3.31,3.4
600582,天地科技,5.75,-0.5190311418685164,-0.03000000000000025,77573657.0,13481697,0,5.77,5.78,5.74,5.78
600583,海油工程,5.5,0.9174311926605472,0.04999999999999982,243619346.0,44166989,0,5.48,5.56,5.47,5.45
600584,长电科技,36.56,-0.6251698831204047,-0.22999999999999687,994421632.0,27064987,0,36.8,36.99,36.47,36.79
600585,海螺水泥,22.18,0.5439709882139664,0.120000000000001,425602080.0,19198520,0,22.07,22.33,22.03,22.06
600586,金晶科技,5.57,-1.0657193605683768,-0.05999999999999961,237205428.0,41878661,0,5.63,5.8,5.54,5.63
600587,新华医疗,14.51,-0.887978142076508,-0.13000000000000078,69595631.0,4773790,0,14.64,14.7,14.48,14.64
600588,用友网络,12.6,-0.7092198581560273,-0.08999999999999986,307168076.0,24303722,0,12.72,12.78,12.57,12.69
600589,大位科技,7.1,-1.7980636237897756,-0.13000000000000078,229026370.0,32078500,0,7.23,7.24,7.08,7.23
600590,泰豪科技,8.87,-1.9889502762431104,-0.1800000000000015,128697128.0,14451676,0,9.02,9.05,8.83,9.05
600592,龙溪股份,23.75,-4.426559356136826,-1.1000000000000014,626209949.0,26026182,0,24.5,24.53,23.73,24.85
600593,大连圣亚,40.74,-1.9022393450517678,-0.7899999999999991,256541329.0,6313123,0,41.5,41.57,40.19,41.53
600594,益佰制药,4.19,-1.4117647058823437,-0.05999999999999961,79424800.0,18889300,0,4.22,4.27,4.17,4.25
600595,中孚实业,8.07,2.1518987341772142,0.16999999999999993,543600179.0,66992777,0,7.85,8.34,7.8,7.9
600596,新安股份,11.11,0.8166969147005432,0.08999999999999986,232271951.0,20948761,0,11.04,11.27,10.88,11.02
600597,光明乳业,8.27,-0.24125452352231092,-0.019999999999999574,183903590.0,22048248,0,8.48,8.51,8.25,8.29
600598,北大荒,14.84,-0.9345794392523402,-0.14000000000000057,215368853.0,14453724,0,14.98,15.05,14.82,14.98
600599,*ST熊猫,10.01,5.036726128016794,0.4800000000000004,5507502.0,550200,0,10.01,10.01,10.01,9.53
600600,青岛啤酒,61.98,-0.4976721785198303,-0.3100000000000023,146793504.0,2361600,0,62.34,62.39,61.97,62.29
600601,方正科技,12.19,1.3300083125519546,0.16000000000000014,2307746393.0,190298068,0,11.93,12.39,11.92,12.03
600602,云赛智联,17.55,-0.7914075749010772,-0.14000000000000057,132643607.0,7534756,0,17.69,17.78,17.49,17.69
600603,广汇物流,6.38,-1.5432098765432178,-0.10000000000000053,31126874.0,4848391,0,6.47,6.48,6.36,6.48
600604,市北高新,5.51,0.9157509157509125,0.04999999999999982,95587832.0,17411855,0,5.48,5.58,5.42,5.46
600605,汇通能源,29.39,0.068096697310179,0.019999999999999574,61241273.0,2082700,0,29.37,30.15,29.03,29.37
600606,绿地控股,1.64,-1.7964071856287442,-0.030000000000000027,94207339.0,57011730,0,1.67,1.67,1.64,1.67
600608,*ST沪科,3.67,3.089887640449435,0.10999999999999988,25287332.0,6974000,0,3.65,3.74,3.47,3.56
600609,金杯汽车,4.69,-1.8828451882845159,-0.08999999999999986,67823370.0,14362420,0,4.76,4.8,4.68,4.78
600610,中毅达,9.82,-1.306532663316573,-0.129999999999999,115719281.0,11693973,0,9.94,10.04,9.8,9.95
600611,大众交通,5.5,-2.6548672566371745,-0.15000000000000036,177820606.0,32062676,0,5.6,5.65,5.48,5.65
600612,老凤祥,44.99,-0.243902439024389,-0.10999999999999943,47831122.0,1064348,0,45.12,45.19,44.8,45.1
600613,神奇制药,6.27,-0.947867298578207,-0.0600000000000005,30423768.0,4839700,0,6.33,6.37,6.25,6.33
600615,鑫源智造,11.07,-1.3368983957219283,-0.15000000000000036,21614144.0,1947220,0,11.21,11.27,11.05,11.22
600616,金枫酒业,5.35,-2.372262773722642,-0.13000000000000078,44332666.0,8227470,0,5.49,5.49,5.34,5.48
600617,国新能源,3.21,-0.9259259259259335,-0.03000000000000025,56578317.0,17615460,0,3.24,3.25,3.19,3.24
600618,氯碱化工,12.09,2.1114864864864864,0.25,189393199.0,15781448,0,11.81,12.29,11.72,11.84
600619,海立股份,20.2,0.19841269841269418,0.03999999999999915,397326099.0,19541822,0,20.15,20.55,20.07,20.16
600620,天宸股份,6.63,-1.3392857142857122,-0.08999999999999986,132714540.0,19894770,0,6.71,6.79,6.59,6.72
600621,华鑫股份,14.92,-0.9296148738379851,-0.14000000000000057,138983501.0,9253377,0,15.06,15.1,14.91,15.06
600622,光大嘉宝,2.88,-1.030927835051555,-0.03000000000000025,95192580.0,32912457,0,2.9,2.94,2.87,2.91
600623,华谊集团,7.42,0.0,0.0,54870382.0,7371001,0,7.47,7.53,7.39,7.42
600624,ST复华,5.26,-3.486238532110099,-0.1900000000000004,63687909.0,12013096,0,5.43,5.44,5.21,5.45
600626,申达股份,4.53,-3.2051282051281937,-0.14999999999999947,60836614.0,13333706,0,4.68,4.69,4.51,4.68
600628,新世界,8.59,-2.386363636363646,-0.21000000000000085,440344310.0,51142144,0,8.81,8.85,8.5,8.8
600629,华建集团,18.36,-1.0242587601078235,-0.19000000000000128,338400695.0,18316620,0,18.54,18.75,18.31,18.55
600630,龙头股份,9.09,-1.9417475728155311,-0.17999999999999972,100269522.0,10962810,0,9.25,9.29,9.05,9.27
600633,浙数文化,12.48,-0.7159904534606193,-0.08999999999999986,104387657.0,8345700,0,12.6,12.62,12.43,12.57
600635,大众公用,6.42,-3.167420814479638,-0.20999999999999996,567207308.0,87838264,0,6.56,6.6,6.39,6.63
600636,*ST国化,8.47,-1.1668611435239165,-0.09999999999999964,14871163.0,1751710,0,8.54,8.57,8.42,8.57
600637,东方明珠,9.19,-1.7112299465240657,-0.16000000000000014,274867015.0,29739952,0,9.31,9.35,9.17,9.35
600638,新黄浦,5.8,-2.5210084033613507,-0.15000000000000036,114312846.0,19440087,0,5.96,6.06,5.79,5.95
600639,浦东金桥,10.19,-0.09803921568627243,-0.009999999999999787,28609703.0,2801700,0,10.2,10.26,10.18,10.2
600640,国脉文化,12.23,0.1638001638001603,0.019999999999999574,107970301.0,8829702,0,12.2,12.37,12.1,12.21
600641,先导基电,17.26,0.11600928074247754,0.020000000000003126,492527619.0,28319795,0,17.16,17.59,17.15,17.24
600642,申能股份,8.04,0.24937655860348598,0.019999999999999574,114089975.0,14123092,0,8.04,8.12,8.03,8.02
600643,爱建集团,5.29,-1.1214953271027965,-0.05999999999999961,43606359.0,8201300,0,5.35,5.37,5.28,5.35
600644,乐山电力,9.87,-1.1022044088176473,-0.11000000000000121,110818696.0,11164300,0,9.98,10.13,9.85,9.98
600645,中源协和,25.36,-1.5527950310559087,-0.40000000000000213,230162922.0,9090788,0,25.7,25.7,25.06,25.76
600648,外高桥,10.01,-0.4970178926441422,-0.05000000000000071,12180459.0,1215542,0,10.06,10.07,9.99,10.06
600649,城投控股,4.27,-2.0642201834862557,-0.09000000000000075,87434714.0,20237864,0,4.35,4.37,4.27,4.36
600650,锦江在线,15.57,-3.1716417910447636,-0.509999999999998,283802617.0,18018301,0,16.07,16.22,15.52,16.08
600651,飞乐音响,7.17,-2.713704206241522,-0.20000000000000018,209843926.0,29155700,0,7.38,7.38,7.13,7.37
600653,申华控股,1.93,-2.5252525252525277,-0.050000000000000044,44592109.0,22931596,0,1.98,1.98,1.93,1.98
600654,中安科,3.64,-1.3550135501354965,-0.04999999999999982,176008409.0,47931148,0,3.74,3.76,3.62,3.69
600655,豫园股份,5.29,-0.5639097744360949,-0.03000000000000025,61320680.0,11610379,0,5.31,5.32,5.23,5.32
600657,信达地产,3.52,-1.1235955056179785,-0.040000000000000036,37348668.0,10588500,0,3.55,3.58,3.51,3.56
600658,电子城,5.41,-4.078014184397155,-0.22999999999999954,129949010.0,23725400,0,5.64,5.64,5.39,5.64
600660,福耀玻璃,62.67,-0.23877745940782963,-0.14999999999999858,708569854.0,11373731,0,62.83,63.25,61.71,62.82
600661,昂立教育,10.11,-2.6948989412897126,-0.28000000000000114,63173755.0,6212700,0,10.34,10.39,10.08,10.39
600662,外服控股,5.08,-0.974658869395708,-0.04999999999999982,35903699.0,7030533,0,5.14,5.16,5.06,5.13
600663,陆家嘴,7.9,0.0,0.0,32641297.0,4132354,0,7.9,7.94,7.88,7.9
600664,哈药股份,3.54,-1.1173184357541908,-0.040000000000000036,61733242.0,17358214,0,3.57,3.59,3.53,3.58
600665,天地源,3.27,-3.254437869822482,-0.10999999999999988,55374514.0,16760634,0,3.36,3.39,3.26,3.38
600666,奥瑞德,3.25,-2.108433734939754,-0.06999999999999984,105380873.0,32138100,0,3.32,3.32,3.25,3.32
600667,太极实业,8.12,4.5045045045045,0.34999999999999964,1162396413.0,142292895,0,7.8,8.41,7.74,7.77
600668,尖峰集团,11.08,-1.2477718360071353,-0.14000000000000057,41494874.0,3728360,0,11.23,11.24,11.07,11.22
600671,天目药业,17.04,-1.5028901734104136,-0.26000000000000156,26997933.0,1587862,0,17.35,17.44,16.8,17.3
600673,东阳光,22.75,2.201257861635213,0.48999999999999844,1109559016.0,49088244,0,22.26,23.16,22.11,22.26
600674,川投能源,14.19,-0.5606166783461813,-0.08000000000000007,185886570.0,13045564,0,14.25,14.31,14.19,14.27
600675,中华企业,2.73,-1.0869565217391235,-0.029999999999999805,44535660.0,16258773,0,2.76,2.77,2.72,2.76
600676,交运股份,5.7,-2.7303754266211624,-0.16000000000000014,49091869.0,8539201,0,5.86,5.86,5.68,5.86
600678,四川金顶,12.67,-5.022488755622188,-0.6699999999999999,878969493.0,68801544,0,13.31,13.36,12.59,13.34
600679,上海凤凰,14.22,2.819956616052065,0.39000000000000057,215294531.0,15290648,0,13.9,14.48,13.61,13.83
600681,百川能源,4.09,-1.2077294685990296,-0.04999999999999982,124867398.0,30351880,0,4.16,4.18,4.07,4.14
600682,南京新百,8.33,-3.252032520325196,-0.27999999999999936,365675659.0,43386651,0,8.53,8.56,8.31,8.61
600683,京投发展,4.26,-2.0689655172413763,-0.08999999999999986,48301563.0,11295069,0,4.38,4.38,4.24,4.35
600684,珠江股份,4.45,-9.919028340080976,-0.4900000000000002,349738461.0,77294807,0,4.75,4.75,4.45,4.94
600685,中船防务,27.37,-0.29143897996356394,-0.0799999999999983,468974108.0,17027445,0,27.45,27.78,27.29,27.45
600686,金龙汽车,16.49,-3.6799065420560897,-0.6300000000000026,380271913.0,23090456,0,17.0,17.0,16.26,17.12
600688,上海石化,2.65,-0.7490636704119857,-0.020000000000000018,60103914.0,22579758,0,2.67,2.68,2.65,2.67
600689,上海三毛,13.53,-0.7336757153338328,-0.10000000000000142,27993998.0,2068092,0,13.5,13.68,13.46,13.63
600690,海尔智家,27.22,-0.4024881083058889,-0.10999999999999943,675435603.0,24703536,0,27.33,27.58,27.16,27.33
600691,潞化科技,2.85,-1.7241379310344769,-0.04999999999999982,39399881.0,13796347,0,2.9,2.92,2.83,2.9
600692,亚通股份,7.39,-1.335113484646202,-0.10000000000000053,23480213.0,3167626,0,7.45,7.5,7.37,7.49
600693,东百集团,19.75,5.389541088580585,1.0100000000000016,4012566010.0,204809105,0,19.33,20.61,18.81,18.74
600694,大商股份,18.56,-1.6428192898781253,-0.3100000000000023,182210232.0,9795414,0,18.83,18.85,18.49,18.87
600696,*ST岩石,3.62,4.927536231884055,0.16999999999999993,39442326.0,11039600,0,3.45,3.62,3.45,3.45
600697,欧亚集团,14.37,-1.91126279863482,-0.28000000000000114,237698194.0,16543708,0,14.66,14.72,14.24,14.65
600698,湖南天雁,8.8,-2.2222222222222143,-0.1999999999999993,80122268.0,9048140,0,8.99,8.99,8.78,9.0
600699,均胜电子,29.12,-3.2558139534883734,-0.9800000000000004,2197244442.0,74601881,0,29.67,29.98,28.96,30.1
600702,舍得酒业,57.53,-1.5234508729887033,-0.8900000000000006,265769128.0,4603056,0,58.4,58.4,57.4,58.42
600703,三安光电,13.21,-1.711309523809514,-0.22999999999999865,484290297.0,36466825,0,13.43,13.43,13.19,13.44
600704,物产中大,5.52,0.1814882032667838,0.009999999999999787,229258281.0,41498573,0,5.51,5.55,5.49,5.51
600705,中航产融,3.47,0.0,0.0,0.0,0,0,0.0,0.0,0.0,3.47
600706,曲江文旅,10.67,-10.033726812816186,-1.1899999999999995,520211343.0,47246327,0,11.79,11.85,10.67,11.86
600707,彩虹股份,6.2,-1.4308426073131935,-0.08999999999999986,233287211.0,37207960,0,6.26,6.42,6.18,6.29
600708,光明地产,3.16,-2.167182662538695,-0.06999999999999984,61146937.0,19219049,0,3.22,3.23,3.15,3.23
600710,苏美达,10.73,0.18674136321194745,0.019999999999999574,107560767.0,9969167,0,10.73,10.93,10.69,10.71
600711,盛屯矿业,14.64,4.34782608695653,0.6100000000000012,2549836283.0,174367165,0,14.22,14.96,14.05,14.03
600712,南宁百货,7.73,9.957325746799434,0.7000000000000002,366449021.0,47886015,0,7.0,7.73,6.86,7.03
600713,南京医药,5.37,-0.18587360594795144,-0.009999999999999787,159322031.0,29703696,0,5.34,5.42,5.28,5.38
600714,金瑞矿业,12.66,0.8764940239043778,0.10999999999999943,102578458.0,8112700,0,12.68,12.82,12.49,12.55
600715,文投控股,2.24,-2.608695652173896,-0.05999999999999961,54406039.0,24030000,0,2.3,2.3,2.24,2.3
600716,凤凰股份,3.74,-1.319261213720312,-0.04999999999999982,28649685.0,7625139,0,3.79,3.82,3.73,3.79
600717,天津港,4.51,-0.6607929515418557,-0.03000000000000025,47459097.0,10481319,0,4.55,4.56,4.5,4.54
600718,东软集团,9.8,-1.6064257028112463,-0.16000000000000014,115994459.0,11744806,0,9.98,9.98,9.8,9.96
600719,大连热电,5.78,-0.6872852233676982,-0.040000000000000036,19662720.0,3407500,0,5.8,5.81,5.75,5.82
600720,中交设计,7.36,-0.27100271002709453,-0.019999999999999574,24654314.0,3342300,0,7.4,7.43,7.35,7.38
600721,百花医药,10.97,-1.6143497757847507,-0.17999999999999972,268591321.0,24108900,0,11.28,11.55,10.94,11.15
600722,金牛化工,5.89,-1.0084033613445462,-0.0600000000000005,32079906.0,5429893,0,5.95,5.99,5.88,5.95
600724,宁波富达,5.66,-1.5652173913043455,-0.08999999999999986,81420269.0,14312600,0,5.76,5.79,5.65,5.75
600725,云维股份,4.19,0.4796163069544475,0.020000000000000462,200697727.0,47714492,0,4.23,4.27,4.14,4.17
600726,华电能源,2.45,0.0,0.0,50448140.0,20665876,0,2.45,2.46,2.42,2.45
600727,鲁北化工,6.84,-0.4366812227074272,-0.03000000000000025,20939216.0,3059000,0,6.89,6.89,6.81,6.87
600728,佳都科技,6.23,-2.656249999999999,-0.16999999999999993,249441745.0,39825528,0,6.35,6.38,6.22,6.4
600729,重庆百货,27.33,0.47794117647058465,0.129999999999999,319816980.0,11702996,0,27.48,27.82,26.9,27.2
600730,中国高科,12.89,-9.986033519553072,-1.4299999999999997,58808047.0,4562300,0,12.89,12.89,12.89,14.32
600731,湖南海利,6.91,-1.2857142857142836,-0.08999999999999986,32861742.0,4738950,0,6.98,7.03,6.88,7.0
600732,爱旭股份,12.98,-1.8154311649016657,-0.2400000000000002,208117470.0,15881235,0,13.22,13.3,12.94,13.22
600733,北汽蓝谷,8.17,-1.9207683073229307,-0.16000000000000014,1232922829.0,150199514,0,8.22,8.38,8.15,8.33
600734,实达集团,4.74,-3.265306122448982,-0.16000000000000014,1010035680.0,211122237,0,4.91,4.92,4.72,4.9
600735,ST新华锦,4.74,-5.0100200400801596,-0.25,69856666.0,14496900,0,4.96,4.98,4.74,4.99
600736,苏州高新,5.86,0.6872852233676982,0.040000000000000036,119724708.0,20437747,0,5.82,5.92,5.78,5.82
600737,中粮糖业,17.09,-0.5238649592549468,-0.08999999999999986,436347029.0,25420121,0,17.26,17.34,16.96,17.18
600738,丽尚国潮,5.45,-2.1543985637342926,-0.1200000000000001,179515880.0,32876400,0,5.57,5.58,5.41,5.57
600739,辽宁成大,11.43,0.0,0.0,85173788.0,7428079,0,11.42,11.53,11.41,11.43
600740,山西焦化,3.8,-1.0416666666666676,-0.040000000000000036,38496071.0,10087613,0,3.85,3.85,3.79,3.84
600741,华域汽车,20.02,-0.9401286491835787,-0.19000000000000128,145661584.0,7240685,0,20.21,20.21,20.0,20.21
600742,富维股份,10.0,-1.283316880552821,-0.13000000000000078,51733889.0,5139900,0,10.13,10.19,9.98,10.13
600743,华远控股,2.0,-1.960784313725492,-0.040000000000000036,32412590.0,16122876,0,2.05,2.05,2.0,2.04
600744,华银电力,5.96,-0.9966777408637809,-0.05999999999999961,105273960.0,17587371,0,5.99,6.06,5.95,6.02
600745,闻泰科技,38.42,2.1265284423179276,0.8000000000000043,2206096050.0,57697743,0,37.78,39.44,37.25,37.62
600746,江苏索普,6.79,-0.8759124087591185,-0.05999999999999961,22609249.0,3321300,0,6.81,6.89,6.78,6.85
600748,上实发展,5.32,-1.4814814814814827,-0.08000000000000007,53721143.0,10073364,0,5.38,5.39,5.3,5.4
600749,西藏旅游,16.68,-2.456140350877203,-0.4200000000000017,82725016.0,4933404,0,17.05,17.1,16.65,17.1
600750,江中药业,24.69,-0.1617468661544648,-0.03999999999999915,90582228.0,3660979,0,24.8,24.88,24.62,24.73
600751,海航科技,3.88,-3.7220843672456665,-0.15000000000000036,271974670.0,69359429,0,4.04,4.04,3.87,4.03
600753,*ST海钦,7.98,-0.49875311720697196,-0.03999999999999915,7945516.0,994500,0,7.98,8.06,7.94,8.02
600754,锦江酒店,25.31,-1.6705516705516694,-0.4299999999999997,162541799.0,6403100,0,25.61,25.71,25.26,25.74
600755,厦门国贸,6.53,0.7716049382716021,0.04999999999999982,547511898.0,83442965,0,6.5,6.68,6.45,6.48
600756,浪潮软件,17.23,-0.9770114942528629,-0.16999999999999815,269457745.0,15593526,0,17.48,17.58,17.1,17.4
600757,长江传媒,8.77,-0.3409090909091038,-0.030000000000001137,55968182.0,6372401,0,8.81,8.82,8.75,8.8
600758,辽宁能源,3.79,-1.8134715025906696,-0.06999999999999984,34907704.0,9154500,0,3.85,3.86,3.78,3.86
600759,洲际油气,2.88,-1.7064846416382344,-0.050000000000000266,1986223862.0,673556553,0,2.99,3.06,2.87,2.93
600760,中航沈飞,53.9,-1.7499088589136,-0.9600000000000009,856489430.0,15762632,0,54.87,55.06,53.76,54.86
600761,安徽合力,19.31,-1.8301982714794254,-0.360000000000003,162250083.0,8345343,0,19.68,19.75,19.28,19.67
600763,通策医疗,40.65,-0.90199902486593,-0.37000000000000455,115778662.0,2840110,0,40.92,41.0,40.61,41.02
600764,中国海防,26.38,-0.4152510381275932,-0.10999999999999943,138841380.0,5250596,0,26.51,26.59,26.31,26.49
600765,中航重机,17.31,-2.148106274731501,-0.38000000000000256,1011654412.0,57722431,0,17.79,18.02,17.23,17.69
600768,宁波富邦,13.24,-0.7496251874062941,-0.09999999999999964,28816494.0,2176700,0,13.33,13.34,13.12,13.34
600769,祥龙电业,11.93,-0.7487520798668873,-0.08999999999999986,38381131.0,3205775,0,12.02,12.15,11.89,12.02
600770,综艺股份,5.02,-1.3752455795677856,-0.07000000000000028,49743056.0,9824900,0,5.09,5.12,5.01,5.09
600771,广誉远,18.17,-0.3291278113000478,-0.05999999999999872,56306608.0,3089217,0,18.24,18.36,18.15,18.23
600773,西藏城投,12.47,-0.716560509554139,-0.08999999999999986,127295938.0,10223610,0,12.58,12.61,12.31,12.56
600774,汉商集团,9.47,-1.1482254697285954,-0.10999999999999943,25450806.0,2679551,0,9.55,9.6,9.41,9.58
600775,南京熊猫,10.86,-2.25022502250225,-0.25,175075110.0,16005344,0,11.1,11.1,10.82,11.11
600776,东方通信,15.2,-1.8087855297157693,-0.28000000000000114,995335603.0,64260953,0,15.33,16.02,15.05,15.48
600777,*ST新潮,3.89,0.7772020725388666,0.03000000000000025,53755826.0,13805944,0,3.85,3.98,3.84,3.86
600778,友好集团,7.24,-0.13793103448275568,-0.009999999999999787,146997834.0,20513173,0,7.21,7.3,7.03,7.25
600779,水井坊,35.98,-1.505611825896535,-0.5500000000000043,102659532.0,2844236,0,36.68,36.7,35.95,36.53
600780,通宝能源,5.73,-0.17421602787456072,-0.009999999999999787,51130692.0,8873522,0,5.75,5.8,5.72,5.74
600782,新钢股份,3.78,-1.5625000000000013,-0.06000000000000005,184764627.0,48478537,0,3.84,3.85,3.77,3.84
600783,鲁信创投,15.88,5.725699067909462,0.8600000000000012,1022217666.0,63345303,0,15.6,16.52,15.53,15.02
600784,鲁银投资,6.71,1.2066365007541489,0.08000000000000007,71622315.0,10714402,0,6.6,6.82,6.58,6.63
600785,新华百货,14.42,0.34794711203897505,0.05000000000000071,199764786.0,14002802,0,14.25,14.51,14.05,14.37
600787,中储股份,5.68,-0.5253940455341549,-0.03000000000000025,69989973.0,12314000,0,5.73,5.73,5.66,5.71
600789,鲁抗医药,9.15,-0.32679738562090804,-0.02999999999999936,168808375.0,18275384,0,9.26,9.31,9.15,9.18
600790,轻纺城,3.87,-1.0230179028133002,-0.040000000000000036,37998661.0,9766280,0,3.91,3.91,3.87,3.91
600791,京能置业,4.79,-1.8442622950819645,-0.08999999999999986,27511872.0,5721200,0,4.87,4.9,4.76,4.88
600792,云煤能源,3.99,-1.9656019656019672,-0.08000000000000007,61693955.0,15406720,0,4.07,4.07,3.97,4.07
600793,宜宾纸业,20.73,-1.2857142857142836,-0.2699999999999996,36884697.0,1773500,0,21.12,21.12,20.65,21.0
600794,保税科技,3.8,-1.2987012987013056,-0.050000000000000266,59632005.0,15692900,0,3.86,3.86,3.77,3.85
600795,国电电力,5.91,0.6814310051107332,0.040000000000000036,571143801.0,96852034,0,5.85,5.94,5.84,5.87
600796,钱江生化,6.09,-2.715654952076676,-0.16999999999999993,36301967.0,5914080,0,6.26,6.26,6.08,6.26
600797,浙大网新,9.62,-1.1305241521068983,-0.11000000000000121,202145828.0,20964869,0,9.75,9.78,9.58,9.73
600798,宁波海运,3.58,-4.533333333333331,-0.16999999999999993,169285599.0,46960396,0,3.68,3.68,3.57,3.75
600800,渤海化学,4.1,-9.890109890109894,-0.4500000000000002,38708920.0,9441200,0,4.1,4.1,4.1,4.55
600801,华新建材,23.89,2.5762129669386065,0.6000000000000014,217558031.0,9179424,0,23.3,24.1,23.15,23.29
600802,福建水泥,6.95,0.7246376811594177,0.04999999999999982,301944868.0,42980684,0,6.86,7.2,6.83,6.9
600803,新奥股份,20.7,-3.855085926614035,-0.8300000000000018,232178717.0,11073226,0,21.46,21.55,20.64,21.53
600804,退市鹏博,0.14,0.0,0.0,0.0,0,0,0.0,0.0,0.0,0.14
600805,悦达投资,5.55,-0.5376344086021551,-0.03000000000000025,63007974.0,11305986,0,5.57,5.6,5.54,5.58
600807,济高发展,3.13,-3.3950617283950715,-0.11000000000000032,47341281.0,14983100,0,3.24,3.24,3.12,3.24
600808,马钢股份,4.17,5.56962025316455,0.21999999999999975,655282087.0,157630905,0,3.96,4.26,3.96,3.95
600809,山西汾酒,177.3,-0.47712601740106336,-0.8499999999999943,441804598.0,2488610,0,178.15,178.51,176.6,178.15
600810,神马股份,8.39,-1.7564402810304285,-0.14999999999999858,106546498.0,12666212,0,8.54,8.54,8.36,8.54
600811,*ST东方,0.36,0.0,0.0,0.0,0,0,0.0,0.0,0.0,0.36
600812,华北制药,5.65,0.7130124777183606,0.040000000000000036,90305835.0,15909740,0,5.6,5.79,5.59,5.61
600814,杭州解百,8.5,-1.8475750577367223,-0.16000000000000014,265445419.0,31140087,0,8.6,8.72,8.32,8.66
600815,厦工股份,3.61,-2.9569892473118364,-0.11000000000000032,278368116.0,76869912,0,3.71,3.72,3.57,3.72
600816,建元信托,2.84,-1.0452961672473953,-0.03000000000000025,99613637.0,34965667,0,2.87,2.88,2.83,2.87
600817,宇通重工,11.11,-1.5070921985815597,-0.16999999999999993,28281863.0,2532200,0,11.27,11.27,11.08,11.28
600818,中路股份,9.78,-1.905717151454376,-0.19000000000000128,41652610.0,4235647,0,9.97,10.02,9.76,9.97
600819,耀皮玻璃,8.37,3.4610630407910925,0.27999999999999936,208569080.0,24814300,0,8.15,8.59,8.14,8.09
600820,隧道股份,6.48,0.0,0.0,121549609.0,18746854,0,6.46,6.52,6.45,6.48
600821,金开新能,5.2,-0.5736137667304062,-0.03000000000000025,50048704.0,9582900,0,5.23,5.26,5.18,5.23
600822,上海物贸,11.15,0.9049773755656076,0.09999999999999964,97880082.0,8852242,0,11.1,11.19,10.95,11.05
600824,益民集团,4.78,-2.2494887525562257,-0.10999999999999943,315120762.0,65513304,0,4.89,4.91,4.76,4.89
600825,新华传媒,6.14,-1.1272141706924361,-0.07000000000000028,32244409.0,5220500,0,6.22,6.24,6.14,6.21
600826,兰生股份,10.69,-0.4655493482309191,-0.05000000000000071,52100601.0,4856740,0,10.69,10.85,10.67,10.74
600827,百联股份,9.47,-1.1482254697285954,-0.10999999999999943,208071192.0,22059012,0,9.52,9.53,9.36,9.58
600828,茂业商业,5.82,-7.6190476190476115,-0.47999999999999954,485917992.0,81475220,0,6.2,6.26,5.8,6.3
600829,人民同泰,11.62,0.34542314335059715,0.03999999999999915,420811788.0,35569971,0,11.51,12.15,11.43,11.58
600830,香溢融通,9.45,-1.0471204188481824,-0.10000000000000142,75510990.0,7991104,0,9.48,9.53,9.36,9.55
600831,广电网络,4.29,-2.054794520547942,-0.08999999999999986,46770479.0,10826873,0,4.4,4.41,4.28,4.38
600833,第一医药,13.36,0.30030030030029387,0.03999999999999915,57349754.0,4305400,0,13.33,13.45,13.16,13.32
600834,申通地铁,8.29,-1.3095238095238237,-0.11000000000000121,18580671.0,2234900,0,8.38,8.4,8.28,8.4
600835,上海机电,26.63,-0.6343283582089616,-0.1700000000000017,178122262.0,6665003,0,26.78,26.93,26.56,26.8
600838,上海九百,11.92,3.652173913043478,0.41999999999999993,1447990298.0,126171667,0,10.99,12.65,10.61,11.5
600839,四川长虹,9.05,-2.1621621621621547,-0.1999999999999993,819608486.0,90149384,0,9.25,9.26,9.04,9.25
600841,动力新科,6.21,-2.8169014084506996,-0.17999999999999972,56271061.0,9006900,0,6.42,6.42,6.19,6.39
600843,上工申贝,11.48,-3.36700336700337,-0.40000000000000036,252367774.0,21763104,0,11.79,11.83,11.43,11.88
600844,金煤科技,2.93,-2.3333333333333277,-0.06999999999999984,50796434.0,17284650,0,3.02,3.04,2.9,3.0
600845,宝信软件,20.01,-1.8155053974484665,-0.36999999999999744,176166358.0,8751196,0,20.38,20.39,20.01,20.38
600846,同济科技,13.86,-0.6451612903225797,-0.08999999999999986,60556843.0,4359008,0,13.9,14.03,13.8,13.95
600847,万里股份,11.56,0.8726003490401365,0.09999999999999964,29285914.0,2560333,0,11.4,11.61,11.25,11.46
600848,上海临港,11.48,0.1745200698080242,0.019999999999999574,140113751.0,12187627,0,11.4,11.58,11.4,11.46
600850,电科数字,28.01,-2.709274053490787,-0.7799999999999976,335680554.0,11885906,0,28.59,28.86,27.95,28.79
600851,海欣股份,7.1,-0.2808988764045009,-0.020000000000000462,51292940.0,7171810,0,7.15,7.24,7.09,7.12
600853,龙建股份,4.22,-0.23640661938535873,-0.010000000000000675,84477842.0,20042670,0,4.22,4.26,4.18,4.23
600854,春兰股份,4.99,-0.3992015968063787,-0.019999999999999574,20666319.0,4141900,0,5.0,5.03,4.96,5.01
600855,航天长峰,17.7,-5.144694533762062,-0.9600000000000009,883928049.0,49180165,0,18.66,18.68,17.55,18.66
600857,宁波中百,14.62,1.52777777777777,0.21999999999999886,144434318.0,9916901,0,14.38,15.13,14.13,14.4
600858,银座股份,7.09,4.418262150220911,0.2999999999999998,672631195.0,95604831,0,6.75,7.47,6.44,6.79
600859,王府井,15.6,-4.993909866017064,-0.8200000000000021,1524234058.0,96003281,0,16.43,16.6,15.57,16.42
600860,京城股份,11.63,-2.759197324414716,-0.33000000000000007,127846453.0,10903783,0,11.91,11.95,11.6,11.96
600861,北京人力,17.97,-1.5342465753424719,-0.28000000000000114,75890243.0,4208000,0,18.23,18.25,17.94,18.25
600862,中航高科,21.77,-1.8042399639152102,-0.40000000000000213,510900671.0,23192629,0,22.28,22.42,21.74,22.17
600863,内蒙华电,4.68,0.8620689655172422,0.040000000000000036,229606748.0,48817059,0,4.64,4.74,4.64,4.64
600864,哈投股份,6.68,-1.4749262536873233,-0.10000000000000053,120872110.0,17937605,0,6.77,6.79,6.68,6.78
600865,百大集团,18.37,-3.3157894736842053,-0.629999999999999,1224116972.0,67456125,0,17.66,19.21,17.11,19.0
600866,星湖科技,6.84,-0.4366812227074272,-0.03000000000000025,69506133.0,10125400,0,6.88,6.9,6.84,6.87
600867,通化东宝,8.35,-0.5952380952381037,-0.05000000000000071,95372166.0,11385541,0,8.42,8.44,8.33,8.4
600868,梅雁吉祥,3.49,-4.383561643835608,-0.1599999999999997,461998241.0,130471381,0,3.62,3.67,3.46,3.65
600869,远东股份,7.8,-0.12804097311139293,-0.009999999999999787,324165605.0,41487600,0,7.81,7.91,7.67,7.81
600871,石化油服,2.13,-1.8433179723502322,-0.040000000000000036,187829329.0,87602972,0,2.17,2.18,2.12,2.17
600872,中炬高新,17.17,-0.9803921568627345,-0.16999999999999815,110635153.0,6429260,0,17.32,17.37,17.12,17.34
600873,梅花生物,10.03,-0.09960159362549591,-0.009999999999999787,162709039.0,16211155,0,10.05,10.07,10.0,10.04
600874,创业环保,6.0,0.0,0.0,60243591.0,10023100,0,5.99,6.04,5.98,6.0
600875,东方电气,24.56,5.407725321888403,1.259999999999998,2689770815.0,111167530,0,23.3,24.99,23.1,23.3
600876,凯盛新能,9.75,-0.7128309572301454,-0.07000000000000028,18883811.0,1933400,0,9.8,9.86,9.72,9.82
600877,电科芯片,15.06,-4.015296367112804,-0.629999999999999,550264423.0,36123965,0,15.66,15.7,14.98,15.69
600879,航天电子,15.9,-8.673176335439402,-1.5099999999999998,9843018860.0,599970344,0,17.22,17.38,15.67,17.41
600880,博瑞传播,4.89,-1.8072289156626655,-0.09000000000000075,74180644.0,15101300,0,4.96,4.98,4.88,4.98
600881,亚泰集团,1.88,-2.5906735751295358,-0.050000000000000044,81671444.0,43053393,0,1.93,1.94,1.88,1.93
600882,妙可蓝多,28.39,-0.49071153172099746,-0.14000000000000057,407798194.0,14232248,0,29.74,29.91,28.01,28.53
600883,博闻科技,8.08,-0.24691358024690832,-0.019999999999999574,20136659.0,2493200,0,8.12,8.17,8.0,8.1
600884,杉杉股份,13.57,-1.523947750362838,-0.20999999999999908,716312905.0,52581716,0,13.7,13.84,13.46,13.78
600885,宏发股份,30.31,0.26463777704266717,0.0799999999999983,287748687.0,9479305,0,30.24,30.74,30.09,30.23
600886,国投电力,13.39,-0.2235469448584155,-0.02999999999999936,221107023.0,16438933,0,13.42,13.52,13.38,13.42
600887,伊利股份,28.94,-0.5498281786941586,-0.16000000000000014,1213416720.0,41715404,0,29.31,29.5,28.81,29.1
600888,新疆众和,7.91,0.2534854245880921,0.020000000000000462,135551279.0,17073293,0,7.91,8.03,7.85,7.89
600889,南京化纤,15.84,0.5714285714285705,0.08999999999999986,140222633.0,8862618,0,15.93,15.99,15.69,15.75
600892,*ST大晟,3.31,-0.6006006006006012,-0.020000000000000018,15254676.0,4551800,0,3.31,3.41,3.31,3.33
600893,航发动力,38.2,-1.061901061901053,-0.4099999999999966,925444972.0,24097759,0,38.62,39.03,37.99,38.61
600894,广日股份,9.15,0.5494505494505573,0.05000000000000071,29550216.0,3235700,0,9.06,9.2,9.06,9.1
600895,张江高科,39.21,1.738453554748318,0.6700000000000017,1786059984.0,45401315,0,38.85,39.77,38.7,38.54
600897,厦门空港,17.86,0.7332205301748392,0.129999999999999,271608583.0,15290195,0,17.7,18.19,17.37,17.73
600900,长江电力,27.72,0.6535947712418291,0.17999999999999972,1884844567.0,68157264,0,27.5,27.74,27.48,27.54
600901,江苏金租,6.04,-0.6578947368421059,-0.040000000000000036,126063783.0,20824484,0,6.1,6.11,6.02,6.08
600903,贵州燃气,6.69,-0.594353640416048,-0.040000000000000036,29726254.0,4436203,0,6.73,6.74,6.68,6.73
600905,三峡能源,4.12,-0.24213075060532172,-0.009999999999999787,241936147.0,58683870,0,4.13,4.14,4.11,4.13
600906,财达证券,6.79,-0.7309941520467811,-0.04999999999999982,86337768.0,12671689,0,6.83,6.85,6.78,6.84
600908,无锡银行,5.96,0.0,0.0,81569069.0,13607824,0,5.99,6.05,5.93,5.96
600909,华安证券,6.52,0.1536098310291826,0.009999999999999787,259475494.0,39729646,0,6.52,6.58,6.48,6.51
600916,中国黄金,8.11,-0.24600246002461681,-0.02000000000000135,111710561.0,13725800,0,8.17,8.18,8.1,8.13
600917,重庆燃气,5.52,-0.18083182640145887,-0.010000000000000675,18713826.0,3381400,0,5.53,5.55,5.52,5.53
600918,中泰证券,6.59,-0.9022556390977519,-0.0600000000000005,128073349.0,19334400,0,6.65,6.66,6.58,6.65
600919,江苏银行,10.38,-0.28818443804033966,-0.02999999999999936,743781051.0,71469874,0,10.4,10.46,10.37,10.41
600925,苏能股份,4.56,-0.4366812227074336,-0.020000000000000462,19599155.0,4284600,0,4.58,4.6,4.56,4.58
600926,杭州银行,15.38,0.1954397394136882,0.030000000000001137,481673571.0,31205947,0,15.38,15.52,15.35,15.35
600927,永安期货,14.92,-1.5831134564643814,-0.2400000000000002,58226224.0,3880877,0,15.1,15.16,14.91,15.16
600928,西安银行,3.75,-0.26595744680850497,-0.009999999999999787,57219764.0,15211884,0,3.76,3.79,3.74,3.76
600929,雪天盐业,5.76,-0.6896551724137937,-0.040000000000000036,35453749.0,6141900,0,5.84,5.84,5.73,5.8
600933,爱柯迪,18.64,0.5393743257821004,0.10000000000000142,158407674.0,8467465,0,18.54,18.89,18.49,18.54
600935,华塑股份,2.46,-1.9920318725099533,-0.04999999999999982,45547877.0,18394100,0,2.5,2.51,2.46,2.51
600936,广西广电,4.32,-1.8181818181818195,-0.08000000000000007,371998245.0,85694463,0,4.4,4.43,4.29,4.4
600938,中国海油,28.09,1.5913200723327352,0.4400000000000013,1177015513.0,42035835,0,27.77,28.18,27.71,27.65
600939,重庆建工,3.33,-2.6315789473684172,-0.08999999999999986,85687692.0,25527097,0,3.42,3.42,3.32,3.42
600941,中国移动,100.86,-0.2965599051008275,-0.29999999999999716,1244104705.0,12322184,0,101.0,101.29,100.82,101.16
600955,维远股份,14.81,-0.737265415549594,-0.10999999999999943,35924657.0,2418800,0,14.85,15.01,14.75,14.92
600956,新天绿能,7.35,-0.6756756756756852,-0.05000000000000071,27053619.0,3674681,0,7.41,7.43,7.33,7.4
600958,东方证券,10.71,0.09345794392524827,0.010000000000001563,528143401.0,49069064,0,10.71,10.86,10.67,10.7
600959,江苏有线,3.38,-0.8797653958944354,-0.03000000000000025,64974052.0,19175472,0,3.41,3.41,3.37,3.41
600960,渤海汽车,5.41,-6.724137931034477,-0.3899999999999997,360418270.0,65251040,0,5.72,5.74,5.4,5.8
600961,株冶集团,16.55,1.5337423312883436,0.25,460876628.0,27662414,0,16.44,17.06,16.18,16.3
600962,国投中鲁,21.29,3.349514563106785,0.6899999999999977,141804770.0,6691225,0,20.73,21.78,20.56,20.6
600963,岳阳林纸,4.47,1.8223234624145803,0.08000000000000007,181552378.0,40644800,0,4.37,4.52,4.37,4.39
600965,福成股份,5.76,-0.1733102253032892,-0.009999999999999787,82353996.0,14423828,0,5.78,5.83,5.6,5.77
600966,博汇纸业,6.09,0.0,0.0,75187355.0,12339414,0,6.09,6.15,6.03,6.09
600967,内蒙一机,16.0,-1.6594960049170226,-0.2699999999999996,296862443.0,18462200,0,16.16,16.3,15.92,16.27
600968,海油发展,3.86,0.7832898172323709,0.029999999999999805,91005263.0,23619928,0,3.84,3.87,3.84,3.83
600969,郴电国际,9.56,-2.4489795918367365,-0.2400000000000002,109101926.0,11277160,0,9.84,9.84,9.54,9.8
600970,中材国际,10.25,-0.4854368932038904,-0.05000000000000071,147227343.0,14298505,0,10.37,10.41,10.23,10.3
600971,恒源煤电,6.25,-0.6359300476947541,-0.040000000000000036,47090528.0,7513560,0,6.29,6.31,6.24,6.29
600973,宝胜股份,6.5,-2.4024024024024047,-0.16000000000000014,493745638.0,75566445,0,6.64,6.65,6.44,6.66
600975,新五丰,5.83,-1.0186757215619628,-0.05999999999999961,42696747.0,7292220,0,5.87,5.89,5.83,5.89
600976,健民集团,35.15,-1.2085441259134337,-0.4299999999999997,33558772.0,952121,0,35.5,35.57,35.04,35.58
600977,中国电影,15.09,-1.6938110749185653,-0.2599999999999998,601155952.0,39777064,0,15.25,15.27,15.0,15.35
600979,广安爱众,4.42,-1.1185682326621884,-0.04999999999999982,46446820.0,10467550,0,4.45,4.48,4.41,4.47
600980,北矿科技,22.57,-0.8347978910369125,-0.19000000000000128,33601886.0,1484700,0,22.75,22.8,22.51,22.76
600981,苏豪汇鸿,3.28,-1.204819277108435,-0.040000000000000036,125782180.0,38258101,0,3.32,3.33,3.24,3.32
600982,宁波能源,4.41,-0.6756756756756812,-0.03000000000000025,39169035.0,8842400,0,4.43,4.48,4.4,4.44
600983,惠而浦,9.56,-0.2087682672233776,-0.019999999999999574,12111502.0,1265608,0,9.59,9.63,9.53,9.58
600984,建设机械,4.21,-3.6613272311212848,-0.16000000000000014,127104508.0,29915059,0,4.35,4.35,4.2,4.37
600985,淮北矿业,11.28,-1.052631578947377,-0.120000000000001,175856312.0,15452731,0,11.41,11.51,11.26,11.4
600986,浙文互联,7.26,-1.3586956521739202,-0.10000000000000053,209091275.0,28661202,0,7.33,7.37,7.24,7.36
600987,航民股份,7.07,0.5689900426742537,0.040000000000000036,40168774.0,5688448,0,7.03,7.09,7.02,7.03
600988,赤峰黄金,33.3,0.6042296072507424,0.19999999999999574,1769259684.0,52678966,0,33.88,34.25,33.12,33.1
600989,宝丰能源,18.32,0.10928961748633645,0.019999999999999574,348124924.0,19025899,0,18.34,18.38,18.17,18.3
600990,四创电子,30.5,-4.238618524332814,-1.3500000000000014,722475842.0,23481707,0,31.69,31.8,30.09,31.85
600992,贵绳股份,12.84,-0.8494208494208452,-0.10999999999999943,28473820.0,2209900,0,12.95,12.99,12.81,12.95
600993,马应龙,28.95,-2.6236125126135255,-0.7800000000000011,217696726.0,7468629,0,29.7,29.7,28.81,29.73
600995,南网储能,12.73,0.712025316455695,0.08999999999999986,130448799.0,10243993,0,12.64,12.82,12.6,12.64
600996,贵广网络,10.36,-1.5209125475285186,-0.16000000000000014,177654638.0,16994200,0,10.5,10.65,10.31,10.52
600997,开滦股份,5.75,-0.8620689655172384,-0.04999999999999982,38106847.0,6599000,0,5.8,5.81,5.73,5.8
600998,九州通,5.1,-0.390625000000009,-0.020000000000000462,119973006.0,23438822,0,5.12,5.15,5.09,5.12
600999,招商证券,16.69,-0.35820895522387297,-0.05999999999999872,318292228.0,19001355,0,16.78,16.82,16.68,16.75
601000,唐山港,3.84,-0.5181347150259072,-0.020000000000000018,130936597.0,34022506,0,3.86,3.88,3.83,3.86
601001,晋控煤业,13.66,-1.443001443001438,-0.1999999999999993,171085341.0,12439597,0,13.87,13.96,13.62,13.86
601002,晋亿实业,5.1,-1.9230769230769333,-0.10000000000000053,54651626.0,10640201,0,5.13,5.19,5.08,5.2
601003,柳钢股份,4.97,-1.5841584158415856,-0.08000000000000007,48477326.0,9686261,0,5.05,5.05,4.96,5.05
601005,重庆钢铁,1.47,-1.342281879194632,-0.020000000000000018,136407068.0,92289235,0,1.49,1.5,1.47,1.49
601006,大秦铁路,5.31,-0.9328358208955356,-0.05000000000000071,572492211.0,107553127,0,5.36,5.36,5.3,5.36
601007,金陵饭店,7.92,-3.178484107579459,-0.2599999999999998,143379873.0,18040531,0,8.13,8.14,7.89,8.18
601008,连云港,5.12,-2.2900763358778646,-0.1200000000000001,63145097.0,12249054,0,5.23,5.23,5.12,5.24
601009,南京银行,11.34,0.7104795737122565,0.08000000000000007,364563776.0,32126426,0,11.26,11.44,11.25,11.26
601010,文峰股份,2.98,-2.2950819672131098,-0.06999999999999984,207658843.0,69842956,0,3.02,3.04,2.94,3.05
601011,宝泰隆,3.39,-1.7391304347826102,-0.06000000000000005,108239258.0,31865852,0,3.45,3.46,3.38,3.45
601012,隆基绿能,17.97,-0.7730535615681975,-0.14000000000000057,1464766690.0,81167481,0,18.12,18.18,17.92,18.11
601015,陕西黑猫,3.66,-1.6129032258064528,-0.06000000000000005,64352199.0,17526496,0,3.72,3.73,3.65,3.72
601016,节能风电,2.97,-0.9999999999999934,-0.029999999999999805,89831579.0,30065926,0,3.0,3.01,2.97,3.0
601018,宁波港,3.69,-0.2702702702702765,-0.010000000000000231,119909567.0,32409800,0,3.7,3.72,3.68,3.7
601019,山东出版,8.47,-1.8539976825028983,-0.16000000000000014,69707939.0,8150277,0,8.65,8.65,8.46,8.63
601020,华钰矿业,27.09,-2.483801295896333,-0.6900000000000013,954617996.0,34787177,0,28.07,28.1,27.01,27.78
601021,春秋航空,56.28,0.2851033499643687,0.1600000000000037,249726046.0,4438691,0,56.1,56.65,55.56,56.12
601022,宁波远洋,9.26,-1.8027571580063622,-0.16999999999999993,94935988.0,10201300,0,9.34,9.42,9.23,9.43
601028,玉龙股份,12.83,0.0,0.0,0.0,0,0,0.0,0.0,0.0,12.83
601033,永兴股份,15.08,0.1328021248339945,0.019999999999999574,36288192.0,2406521,0,15.07,15.11,15.03,15.06
601038,一拖股份,14.16,0.8547008547008619,0.120000000000001,183132442.0,12924764,0,13.98,14.36,13.92,14.04
601058,赛轮轮胎,16.43,-2.3186682520808595,-0.39000000000000057,492709801.0,29842449,0,16.85,16.85,16.38,16.82
601059,信达证券,17.76,-0.5042016806722681,-0.08999999999999986,440079296.0,24738455,0,17.88,17.9,17.72,17.85
601061,中信金属,14.15,0.35460992907801925,0.05000000000000071,378284021.0,26429374,0,14.26,14.56,14.09,14.1
601065,江盐集团,8.33,-0.4778972520907903,-0.03999999999999915,27261793.0,3261456,0,8.37,8.39,8.32,8.37
601066,中信建投,26.68,-1.2948575656677817,-0.3500000000000014,484108492.0,18046539,0,27.02,27.07,26.65,27.03
601068,中铝国际,5.62,1.6274864376130171,0.08999999999999986,359134977.0,64307781,0,5.53,5.7,5.45,5.53
601069,西部黄金,28.33,1.1785714285714224,0.3299999999999983,945941900.0,33208515,0,28.9,28.99,27.8,28.0
601077,渝农商行,6.4,0.6289308176100634,0.040000000000000036,222521905.0,34629293,0,6.36,6.47,6.36,6.36
601083,锦江航运,11.48,-0.9490940465918847,-0.10999999999999943,68465433.0,5923318,0,11.59,11.67,11.46,11.59
601086,国芳集团,10.56,-1.400560224089639,-0.15000000000000036,186884282.0,17731000,0,10.62,10.73,10.41,10.71
601088,中国神华,41.05,0.41585127201564237,0.1699999999999946,898209042.0,21819335,0,40.87,41.46,40.84,40.88
601089,福元医药,24.42,-0.44843049327354023,-0.10999999999999943,57093957.0,2331700,0,24.42,24.68,24.22,24.53
601096,宏盛华源,4.17,-0.477326968973758,-0.020000000000000462,48011181.0,11505494,0,4.18,4.2,4.15,4.19
601098,中南传媒,11.04,-0.27100271002711057,-0.030000000000001137,82914790.0,7498143,0,11.07,11.09,11.02,11.07
601099,太平洋,4.09,-0.7281553398058312,-0.03000000000000025,352969154.0,85885563,0,4.13,4.14,4.08,4.12
601100,恒立液压,104.66,-2.5602830276510566,-2.75,802226793.0,7611109,0,107.0,107.97,104.44,107.41
601101,昊华能源,7.25,-0.9562841530054683,-0.07000000000000028,49447516.0,6787435,0,7.3,7.35,7.23,7.32
601106,中国一重,4.07,-3.3254156769596124,-0.13999999999999968,1958032506.0,472150706,0,4.2,4.33,4.04,4.21
601107,四川成渝,6.26,1.294498381877024,0.08000000000000007,87391988.0,13976000,0,6.25,6.36,6.18,6.18
601108,财通证券,8.46,-0.11806375442738827,-0.009999999999999787,246895454.0,29047439,0,8.48,8.56,8.45,8.47
601111,中国国航,8.74,-1.4656144306651524,-0.129999999999999,395072865.0,45042172,0,8.86,8.91,8.7,8.87
601113,华鼎股份,4.44,-1.7699115044247606,-0.07999999999999918,71449355.0,16067400,0,4.51,4.52,4.42,4.52
601116,三江购物,14.59,-2.5384101536406196,-0.3800000000000008,335095418.0,22756564,0,15.11,15.11,14.5,14.97
601117,中国化学,7.65,-0.26075619295957725,-0.019999999999999574,227836392.0,29630158,0,7.66,7.73,7.65,7.67
601118,海南橡胶,6.07,-0.1644736842105228,-0.009999999999999787,1419648770.0,228014240,0,6.3,6.45,6.01,6.08
601121,宝地矿业,7.21,0.13888888888888593,0.009999999999999787,74925814.0,10424501,0,7.24,7.26,7.13,7.2
601126,四方股份,30.08,-0.660501981505954,-0.20000000000000284,669050632.0,22251001,0,30.0,30.64,29.4,30.28
601127,赛力斯,119.61,-1.4906934607148759,-1.8100000000000023,1668895417.0,13908059,0,120.65,121.0,119.3,121.42
601128,常熟银行,7.13,-0.4189944134078247,-0.03000000000000025,177042233.0,24675594,0,7.16,7.25,7.12,7.16
601133,柏诚股份,17.85,9.981515711645107,1.620000000000001,547715033.0,31351634,0,16.09,17.85,16.09,16.23
601136,首创证券,18.91,0.371549893842889,0.07000000000000028,203331588.0,10723183,0,18.81,19.06,18.79,18.84
601137,博威合金,21.77,6.611165523996071,1.3499999999999979,911191854.0,42232064,0,20.45,22.33,20.43,20.42
601138,工业富联,62.75,3.513691850874303,2.1300000000000026,12931738840.0,206725047,0,60.56,63.38,60.32,60.62
601139,深圳燃气,6.57,0.0,0.0,43428879.0,6609245,0,6.56,6.59,6.55,6.57
601155,新城控股,14.14,-0.9803921568627367,-0.1399999999999988,96636621.0,6821032,0,14.25,14.32,14.03,14.28
601156,东航物流,17.97,-1.5342465753424719,-0.28000000000000114,205358175.0,11370515,0,18.15,18.39,17.9,18.25
601158,重庆水务,4.45,-0.22421524663676654,-0.009999999999999787,29660215.0,6666000,0,4.46,4.47,4.44,4.46
601162,天风证券,4.17,-0.9501187648456066,-0.040000000000000036,450269169.0,107641490,0,4.2,4.21,4.16,4.21
601163,三角轮胎,14.41,-0.48342541436464287,-0.07000000000000028,43494455.0,3004973,0,14.51,14.58,14.4,14.48
601166,兴业银行,21.02,0.14292520247737558,0.030000000000001137,903478274.0,42978580,0,21.06,21.1,20.91,20.99
601168,西部矿业,25.82,-0.7686395080707121,-0.1999999999999993,935174804.0,35961258,0,25.96,26.38,25.72,26.02
601169,北京银行,5.5,-0.1814882032667838,-0.009999999999999787,493242245.0,89400320,0,5.51,5.54,5.5,5.51
601177,杭齿前进,16.24,-1.7543859649122968,-0.2900000000000027,52279354.0,3202400,0,16.5,16.52,16.21,16.53
601179,中国西电,9.67,3.755364806866949,0.34999999999999964,2938728940.0,309849477,0,9.26,9.75,9.14,9.32
601186,中国铁建,7.79,0.1285347043701772,0.009999999999999787,144651893.0,18547400,0,7.78,7.82,7.77,7.78
601187,厦门银行,7.74,0.389105058365762,0.03000000000000025,89834613.0,11545114,0,7.69,7.9,7.69,7.71
601188,龙江交通,3.49,-0.8522727272727216,-0.029999999999999805,49307468.0,14087600,0,3.51,3.52,3.48,3.52
601198,东兴证券,13.97,-1.6889514426460255,-0.2400000000000002,1059182975.0,74831864,0,14.21,14.42,13.93,14.21
601199,江南水务,5.63,-0.5300353356890503,-0.03000000000000025,15290456.0,2702620,0,5.66,5.69,5.63,5.66
601200,上海环境,8.02,-0.12453300124532736,-0.009999999999999787,27038618.0,3367040,0,8.05,8.06,8.01,8.03
601208,东材科技,26.63,9.99586947542337,2.419999999999998,1820944931.0,69718840,0,24.89,26.63,24.82,24.21
601211,国泰海通,20.78,-0.19212295869355978,-0.03999999999999915,1332971200.0,63809683,0,20.81,21.06,20.74,20.82
601212,白银有色,5.66,-0.7017543859649129,-0.040000000000000036,2071808190.0,357848694,0,5.96,5.96,5.64,5.7
601216,君正集团,4.77,-0.8316008316008323,-0.040000000000000036,172757262.0,36067195,0,4.81,4.81,4.77,4.81
601218,吉鑫科技,5.0,-0.5964214711729672,-0.03000000000000025,96774243.0,19344302,0,5.03,5.05,4.97,5.03
601222,林洋能源,5.55,-0.17985611510790983,-0.009999999999999787,51675750.0,9299429,0,5.58,5.59,5.53,5.56
601225,陕西煤业,21.8,-0.8640291041382343,-0.18999999999999773,491365998.0,22503467,0,21.95,22.1,21.7,21.99
601226,华电科工,7.85,-1.9975031210986285,-0.16000000000000014,83762574.0,10596100,0,7.98,8.04,7.81,8.01
601228,广州港,3.26,-0.9118541033434726,-0.03000000000000025,59101622.0,18021319,0,3.3,3.32,3.26,3.29
601229,上海银行,9.89,1.0214504596527214,0.10000000000000142,446394252.0,45141724,0,9.78,9.95,9.77,9.79
601231,环旭电子,27.65,-4.622283546050362,-1.3399999999999999,1822226802.0,65168210,0,28.99,29.37,27.4,28.99
601233,桐昆股份,15.82,-0.18927444794952278,-0.02999999999999936,357898154.0,22549854,0,15.84,16.04,15.7,15.85
601236,红塔证券,8.22,-1.6746411483253443,-0.1399999999999988,109277055.0,13166160,0,8.37,8.37,8.21,8.36
601238,广汽集团,8.17,-2.0383693045563542,-0.16999999999999993,321386547.0,39132829,0,8.32,8.33,8.16,8.34
601279,英利汽车,5.0,-4.761904761904762,-0.25,227237128.0,44937800,0,5.24,5.24,4.99,5.25
601288,农业银行,7.64,0.6587615283267434,0.04999999999999982,1651073255.0,216325233,0,7.58,7.67,7.57,7.59
601298,青岛港,8.65,0.0,0.0,100254238.0,11575126,0,8.66,8.69,8.63,8.65
601311,骆驼股份,9.11,0.10989010989010754,0.009999999999999787,145824799.0,15983812,0,9.1,9.2,9.06,9.1
601318,中国平安,69.46,1.3422818791946125,0.9199999999999875,5136685078.0,73866666,0,68.56,70.24,68.35,68.54
601319,中国人保,9.18,0.32786885245900943,0.02999999999999936,749604658.0,81036142,0,9.15,9.42,9.13,9.15
601326,秦港股份,3.54,-1.1173184357541908,-0.040000000000000036,49398019.0,13886381,0,3.58,3.6,3.53,3.58
601328,交通银行,7.44,0.540540540540541,0.040000000000000036,834745198.0,112269546,0,7.4,7.47,7.38,7.4
601330,绿色动力,6.77,-1.1678832116788334,-0.08000000000000007,32861550.0,4830300,0,6.87,6.87,6.76,6.85
601333,广深铁路,3.05,-0.9740259740259821,-0.03000000000000025,96898291.0,31591020,0,3.08,3.08,3.05,3.08
601336,新华保险,72.57,1.3547486033519538,0.9699999999999989,1549610060.0,21355565,0,71.6,73.45,71.52,71.6
601339,百隆东方,5.7,2.517985611510802,0.14000000000000057,96224077.0,16975619,0,5.57,5.72,5.57,5.56
601360,三六零,10.49,-0.1902949571836306,-0.019999999999999574,2115248339.0,200425459,0,10.95,10.96,10.37,10.51
601366,利群股份,5.48,-4.195804195804184,-0.23999999999999932,654047060.0,120571749,0,5.62,5.62,5.25,5.72
601368,绿城水务,4.89,-1.0121457489878685,-0.05000000000000071,18324107.0,3734400,0,4.95,4.95,4.87,4.94
601369,陕鼓动力,10.01,-0.9891196834816979,-0.09999999999999964,123147107.0,12268964,0,10.06,10.14,9.92,10.11
601375,中原证券,4.32,-1.1441647597253963,-0.04999999999999982,88309847.0,20309807,0,4.36,4.37,4.32,4.37
601377,兴业证券,7.29,-0.2735978112175044,-0.019999999999999574,1126949689.0,153666022,0,7.31,7.42,7.26,7.31
601388,怡球资源,2.91,-1.689189189189183,-0.04999999999999982,104575062.0,35590247,0,2.95,2.97,2.9,2.96
601390,XD中国中,5.41,0.5576208178438709,0.03000000000000025,326822450.0,60410777,0,5.4,5.43,5.39,5.38
601398,工商银行,7.92,0.3802281368821324,0.03000000000000025,1491579909.0,188397601,0,7.89,7.95,7.87,7.89
601399,国机重装,5.25,-6.749555950266428,-0.3799999999999999,1953964454.0,370372448,0,5.48,5.52,5.18,5.63
601456,国联民生,10.32,-1.0546500479386332,-0.10999999999999943,210204957.0,20257330,0,10.42,10.44,10.31,10.43
601500,通用股份,4.7,-2.083333333333326,-0.09999999999999964,120352262.0,25469987,0,4.8,4.8,4.69,4.8
601512,中新集团,8.57,-1.0392609699769038,-0.08999999999999986,29683900.0,3450400,0,8.68,8.68,8.56,8.66
601515,衢州东峰,4.17,-0.23923444976076047,-0.009999999999999787,63747377.0,15253876,0,4.18,4.21,4.15,4.18
601518,吉林高速,2.84,-0.6993006993007,-0.020000000000000018,31628372.0,11102380,0,2.86,2.87,2.83,2.86
601519,大智慧,12.63,-2.0170674941815343,-0.2599999999999998,320214888.0,25140860,0,12.89,12.9,12.61,12.89
601528,瑞丰银行,5.58,0.90415913200723,0.04999999999999982,85780727.0,15359095,0,5.53,5.61,5.53,5.53
601555,东吴证券,8.84,0.1132502831257054,0.009999999999999787,299279990.0,33705255,0,8.83,8.94,8.81,8.83
601566,九牧王,15.2,-7.542579075425802,-1.240000000000002,1272333163.0,81270909,0,15.99,16.87,15.0,16.44
601567,三星医疗,23.12,-1.027397260273966,-0.23999999999999844,216445272.0,9350336,0,23.37,23.37,23.04,23.36
601568,北元集团,3.75,-0.26595744680850497,-0.009999999999999787,37281043.0,9907680,0,3.76,3.78,3.75,3.76
601577,长沙银行,9.67,0.0,0.0,97999929.0,10116555,0,9.69,9.73,9.65,9.67
601579,会稽山,20.64,-1.8544935805991467,-0.39000000000000057,132480217.0,6410300,0,20.95,21.0,20.55,21.03
601588,北辰实业,1.81,-2.6881720430107547,-0.050000000000000044,115866575.0,63545417,0,1.87,1.88,1.8,1.86
601595,上海电影,28.21,0.391459074733094,0.10999999999999943,133531696.0,4727900,0,28.05,28.48,27.93,28.1
601598,中国外运,6.18,-0.9615384615384694,-0.0600000000000005,52817840.0,8518121,0,6.24,6.26,6.17,6.24
601599,浙文影业,3.84,-0.7751937984496188,-0.03000000000000025,71514114.0,18564800,0,3.86,3.9,3.81,3.87
601600,中国铝业,10.93,-0.36463081130356356,-0.040000000000000924,2414969421.0,218434481,0,10.89,11.25,10.85,10.97
601601,中国太保,41.74,0.8212560386473512,0.3400000000000034,1331840384.0,31797707,0,41.4,42.49,41.25,41.4
601606,长城军工,47.06,-1.6098682835040685,-0.769999999999996,784482727.0,16625657,0,47.82,47.82,47.0,47.83
601607,上海医药,17.91,-0.3893214682981106,-0.07000000000000028,112939200.0,6292400,0,17.96,18.01,17.9,17.98
601608,中信重工,6.31,-0.3159557661927403,-0.020000000000000462,211577614.0,33398797,0,6.35,6.39,6.29,6.33
601609,金田股份,10.55,-0.37771482530688527,-0.03999999999999915,213422770.0,20210341,0,10.62,10.62,10.44,10.59
601611,中国核建,12.7,-1.0903426791277304,-0.14000000000000057,671646509.0,52755283,0,12.8,12.91,12.58,12.84
601615,明阳智能,14.27,2.1474588403722183,0.29999999999999893,789330183.0,54820568,0,14.1,14.57,14.1,13.97
601616,广电电气,3.85,-2.2842639593908594,-0.08999999999999986,61949556.0,15985109,0,3.92,3.94,3.83,3.94
601618,中国中冶,2.99,-0.6644518272425108,-0.019999999999999574,425952055.0,141881200,0,3.01,3.02,2.98,3.01
601619,嘉泽新能,4.54,-1.304347826086948,-0.05999999999999961,209344812.0,46122500,0,4.62,4.63,4.49,4.6
601628,中国人寿,46.46,0.21570319240725072,0.10000000000000142,696049789.0,14893494,0,46.37,47.38,46.2,46.36
601633,长城汽车,22.08,-1.1195700850873265,-0.25,186423478.0,8425012,0,22.33,22.33,22.07,22.33
601636,旗滨集团,5.88,0.5128205128205171,0.03000000000000025,194337653.0,32872367,0,5.86,5.99,5.83,5.85
601658,邮储银行,5.44,0.18416206261511373,0.010000000000000675,710668390.0,130597900,0,5.43,5.46,5.42,5.43
601665,齐鲁银行,5.59,-0.533807829181499,-0.03000000000000025,261070130.0,46489900,0,5.63,5.66,5.58,5.62
601666,平煤股份,7.98,-0.37453183520598454,-0.02999999999999936,70272157.0,8790613,0,8.0,8.03,7.97,8.01
601668,中国建筑,5.21,0.773694390715668,0.040000000000000036,596495577.0,114690917,0,5.17,5.22,5.16,5.17
601669,中国电建,5.24,-0.1904761904761864,-0.009999999999999787,598838564.0,113491356,0,5.26,5.33,5.23,5.25
601677,明泰铝业,14.32,0.4912280701754406,0.07000000000000028,261612166.0,18215700,0,14.2,14.51,14.17,14.25
601678,滨化股份,4.28,0.0,0.0,89169846.0,20838326,0,4.27,4.35,4.24,4.28
601686,友发集团,6.33,-1.248049921996881,-0.08000000000000007,37865207.0,5954523,0,6.41,6.42,6.32,6.41
601688,华泰证券,23.17,0.21626297577854978,0.05000000000000071,2103200478.0,90346098,0,22.95,23.58,22.91,23.12
601689,拓普集团,69.26,-1.5493958777540715,-1.0899999999999892,1326189366.0,19072338,0,70.26,70.26,69.03,70.35
601696,中银证券,14.46,1.8309859154929689,0.26000000000000156,1528209304.0,104891275,0,14.24,14.79,14.18,14.2
601698,中国卫通,23.33,-9.992283950617296,-2.5900000000000034,5508774023.0,226047853,0,25.8,25.8,23.33,25.92
601699,潞安环能,12.08,-0.9836065573770428,-0.11999999999999922,197904818.0,16277702,0,12.21,12.24,12.05,12.2
601700,风范股份,5.28,-3.296703296703291,-0.17999999999999972,195964438.0,36923296,0,5.4,5.41,5.23,5.46
601702,华峰铝业,20.56,0.14612761811981287,0.029999999999997584,165620967.0,7997104,0,20.58,21.08,20.41,20.53
601717,中创智领,23.87,2.052159042325782,0.4800000000000004,422071342.0,17766777,0,23.48,24.06,23.33,23.39
601718,际华集团,3.32,-1.4836795252225599,-0.050000000000000266,128266894.0,38593685,0,3.36,3.37,3.3,3.37
601727,上海电气,8.39,-0.5924170616113618,-0.049999999999998934,692354344.0,82333230,0,8.43,8.47,8.36,8.44
601728,中国电信,6.55,-1.355421686746986,-0.08999999999999986,878314241.0,132965797,0,6.64,6.65,6.55,6.64
601766,中国中车,6.89,0.5839416058394167,0.040000000000000036,480336801.0,69745474,0,6.86,6.91,6.84,6.85
601777,千里科技,10.37,-3.264925373134341,-0.3500000000000014,261821849.0,24955161,0,10.69,10.73,10.33,10.72
601778,晶科科技,3.73,-3.1168831168831197,-0.1200000000000001,481114808.0,127600698,0,3.86,3.86,3.71,3.85
601788,光大证券,17.35,-0.9703196347031859,-0.16999999999999815,348044914.0,19917538,0,17.55,17.55,17.35,17.52
601789,宁波建工,5.0,-1.1857707509881346,-0.05999999999999961,55643321.0,11113000,0,5.03,5.05,4.98,5.06
601798,蓝科高新,9.03,0.7812499999999832,0.06999999999999851,56932654.0,6297700,0,8.98,9.19,8.88,8.96
601799,星宇股份,121.4,-2.1046689783082004,-2.6099999999999994,191730156.0,1565332,0,124.09,124.28,121.4,124.01
601800,中国交建,8.3,0.2415458937198231,0.02000000000000135,115485845.0,13901638,0,8.3,8.33,8.28,8.28
601801,皖新传媒,6.57,-0.303490136570555,-0.019999999999999574,49759640.0,7535092,0,6.63,6.65,6.56,6.59
601808,中海油服,13.72,0.07293946024799261,0.009999999999999787,83566877.0,6080641,0,13.74,13.82,13.71,13.71
601811,新华文轩,13.47,0.14869888475837434,0.02000000000000135,16018407.0,1191017,0,13.45,13.51,13.38,13.45
601816,京沪高铁,5.2,0.5802707930367553,0.03000000000000025,402077261.0,77373723,0,5.17,5.21,5.17,5.17
601818,光大银行,3.51,-0.28409090909091567,-0.010000000000000231,584037835.0,165869504,0,3.52,3.54,3.5,3.52
601825,沪农商行,9.17,0.5482456140350955,0.05000000000000071,129398934.0,14048461,0,9.11,9.31,9.11,9.12
601827,三峰环境,8.3,0.2415458937198231,0.02000000000000135,48153409.0,5786812,0,8.28,8.36,8.25,8.28
601828,美凯龙,2.83,-2.7491408934707926,-0.08000000000000007,173442990.0,61350277,0,2.9,2.91,2.79,2.91
601838,成都银行,16.49,-0.24198427102239986,-0.0400000000000027,284397510.0,17171179,0,16.55,16.64,16.49,16.53
601857,中国石油,9.89,1.7489711934156371,0.16999999999999993,1004523710.0,101716252,0,9.75,9.98,9.75,9.72
601858,中国科传,17.5,-0.9620826259196474,-0.1700000000000017,38384667.0,2185453,0,17.65,17.73,17.5,17.67
601860,紫金银行,2.75,0.0,0.0,57490869.0,20883800,0,2.75,2.77,2.74,2.75
601865,福莱特,15.45,-0.834403080872919,-0.13000000000000078,143328945.0,9254800,0,15.59,15.63,15.41,15.58
601866,中远海发,2.52,-0.3952569169960391,-0.009999999999999787,141756291.0,55971486,0,2.53,2.55,2.51,2.53
601868,中国能建,2.37,0.0,0.0,401367677.0,168841802,0,2.38,2.39,2.36,2.37
601869,长飞光纤,125.72,-1.0468319559228638,-1.3299999999999983,3235443772.0,25849233,0,124.95,128.05,122.0,127.05
601872,招商轮船,8.9,-0.3359462486002168,-0.02999999999999936,602360703.0,67774610,0,8.68,9.02,8.67,8.93
601877,正泰电器,27.92,-1.5861825872400397,-0.4499999999999993,667404361.0,23884850,0,28.36,28.36,27.81,28.37
601878,浙商证券,10.84,-0.9140767824497225,-0.09999999999999964,231207630.0,21221804,0,10.95,10.96,10.84,10.94
601880,辽港股份,1.61,-1.2269938650306624,-0.019999999999999796,119552422.0,74045391,0,1.63,1.63,1.6,1.63
601881,中国银河,15.71,-0.8207070707070644,-0.129999999999999,418694691.0,26475264,0,15.84,15.89,15.7,15.84
601882,海天精工,19.16,-0.5192107995846387,-0.10000000000000142,23844686.0,1242702,0,19.28,19.3,19.12,19.26
601886,江河集团,7.91,-1.4943960149439506,-0.11999999999999922,36113772.0,4557732,0,7.99,8.09,7.85,8.03
601888,中国中免,88.97,-2.327368536612147,-2.1200000000000045,11853535565.0,129314530,0,92.67,95.64,88.87,91.09
601890,亚星锚链,9.85,-1.1044176706827429,-0.11000000000000121,259561240.0,26222277,0,9.98,10.03,9.81,9.96
601898,中煤能源,12.89,-0.8461538461538418,-0.10999999999999943,244479136.0,18801886,0,13.03,13.17,12.87,13.0
601899,紫金矿业,32.02,-1.5677835843836398,-0.509999999999998,8546020284.0,262988978,0,33.06,33.1,31.9,32.53
601900,南方传媒,13.57,-0.5131964809384185,-0.07000000000000028,48876702.0,3587522,0,13.64,13.72,13.54,13.64
601901,方正证券,7.72,-0.8985879332477572,-0.07000000000000028,337472040.0,43451339,0,7.79,7.8,7.72,7.79
601908,京运通,4.02,-2.42718446601943,-0.10000000000000053,256520015.0,63577346,0,4.1,4.12,3.99,4.12
601916,浙商银行,3.04,-0.32786885245900943,-0.009999999999999787,211106815.0,69269919,0,3.05,3.06,3.04,3.05
601918,新集能源,6.74,-0.7363770250368162,-0.04999999999999982,181119421.0,26717559,0,6.79,6.83,6.72,6.79
601919,中远海控,15.38,0.2607561929595888,0.040000000000000924,898218892.0,58360520,0,15.36,15.49,15.29,15.34
601921,浙版传媒,7.91,-0.6281407035175857,-0.04999999999999982,30375386.0,3828300,0,7.94,7.97,7.9,7.96
601928,凤凰传媒,10.0,-0.4975124378109523,-0.05000000000000071,67484752.0,6730177,0,10.05,10.08,9.98,10.05
601929,吉视传媒,3.28,-2.380952380952383,-0.08000000000000007,312466137.0,94923569,0,3.37,3.38,3.27,3.36
601933,永辉超市,5.49,-4.687499999999993,-0.2699999999999996,5804829208.0,1035710624,0,5.63,5.86,5.46,5.76
601939,建设银行,9.21,0.2176278563656295,0.02000000000000135,665533117.0,72211644,0,9.17,9.27,9.15,9.19
601949,中国出版,6.49,-0.3072196620583652,-0.019999999999999574,24446032.0,3772000,0,6.53,6.53,6.45,6.51
601952,苏垦农发,9.09,-1.1956521739130375,-0.10999999999999943,49365058.0,5404400,0,9.18,9.22,9.08,9.2
601956,东贝集团,6.97,-1.1347517730496466,-0.08000000000000007,51115039.0,7321920,0,7.03,7.05,6.95,7.05
601958,金钼股份,15.1,1.4103425117528479,0.20999999999999908,460546105.0,30477201,0,14.99,15.3,14.81,14.89
601963,重庆银行,10.91,0.0,0.0,95167364.0,8690693,0,10.9,11.11,10.86,10.91
601965,中国汽研,17.23,-2.9842342342342407,-0.5300000000000011,136084698.0,7803091,0,17.6,17.81,17.21,17.76
601966,玲珑轮胎,14.68,-1.1447811447811442,-0.16999999999999993,137781998.0,9346263,0,14.85,14.85,14.68,14.85
601968,宝钢包装,5.5,1.102941176470581,0.05999999999999961,111936341.0,20236109,0,5.42,5.63,5.4,5.44
601969,海南矿业,11.45,-0.17436791630341195,-0.02000000000000135,1325595646.0,113104605,0,12.0,12.25,11.29,11.47
601975,招商南油,3.04,-0.9771986970683976,-0.029999999999999805,174851959.0,57200925,0,3.08,3.08,3.04,3.07
601985,中国核电,8.68,-0.3444316877152828,-0.030000000000001137,412046139.0,47403422,0,8.71,8.75,8.67,8.71
601988,中国银行,5.69,0.35273368606702754,0.020000000000000462,1390905399.0,244910382,0,5.66,5.71,5.63,5.67
601989,中国重工,5.1,0.0,0.0,0.0,0,0,0.0,0.0,0.0,5.1
601990,南京证券,7.94,-0.2512562814070298,-0.019999999999999574,88584346.0,11137382,0,7.96,8.0,7.92,7.96
601991,大唐发电,3.6,0.8403361344537886,0.03000000000000025,347473385.0,96077363,0,3.57,3.65,3.56,3.57
601992,金隅集团,1.65,-1.7857142857142874,-0.030000000000000027,78293278.0,47134800,0,1.68,1.69,1.64,1.68
601995,中金公司,35.51,-1.5525367341280907,-0.5600000000000023,935752925.0,26175278,0,36.0,36.01,35.49,36.07
601996,丰林集团,2.38,1.2765957446808427,0.029999999999999805,118331941.0,49170784,0,2.38,2.53,2.35,2.35
601997,贵阳银行,5.95,0.0,0.0,110828661.0,18567200,0,5.95,5.99,5.94,5.95
601998,中信银行,7.48,1.2178619756427707,0.09000000000000075,379889058.0,50987423,0,7.38,7.5,7.37,7.39
601999,出版传媒,6.8,-0.5847953216374274,-0.040000000000000036,27376905.0,4012900,0,6.82,6.87,6.79,6.84
603000,人民网,18.68,-0.479488545551411,-0.08999999999999986,91646035.0,4880985,0,18.95,18.95,18.63,18.77
603001,奥康国际,8.63,-2.0431328036322327,-0.17999999999999972,79169319.0,9027900,0,8.8,9.11,8.6,8.81
603002,宏昌电子,7.25,0.8344923504867816,0.05999999999999961,139260069.0,19144150,0,7.19,7.35,7.16,7.19
603003,退市龙宇,2.44,0.0,0.0,0.0,0,0,0.0,0.0,0.0,2.44
603004,鼎龙科技,22.42,-0.7964601769911492,-0.17999999999999972,33341324.0,1480321,0,22.69,22.71,22.34,22.6
603005,晶方科技,27.69,-0.5030542579949587,-0.13999999999999702,321862803.0,11587915,0,27.68,27.93,27.6,27.83
603006,联明股份,12.79,-2.2171253822630037,-0.2900000000000009,30709381.0,2380200,0,13.14,13.14,12.76,13.08
603007,*ST花王,5.03,-2.3300970873786424,-0.1200000000000001,59309250.0,11609198,0,5.15,5.25,4.99,5.15
603008,喜临门,21.94,-2.7050997782705073,-0.6099999999999994,202528769.0,9161204,0,22.47,22.67,21.75,22.55
603009,北特科技,41.82,0.1436781609195457,0.060000000000002274,249155057.0,5985761,0,41.4,42.18,41.07,41.76
603010,万盛股份,10.59,0.7611798287345393,0.08000000000000007,66906528.0,6330300,0,10.53,10.72,10.43,10.51
603011,合锻智能,22.03,-3.6307961504811823,-0.8299999999999983,867573582.0,38821274,0,22.8,23.02,21.83,22.86
603012,创力集团,5.79,0.17301038062283366,0.009999999999999787,65296908.0,11328597,0,5.77,5.82,5.73,5.78
603013,亚普股份,21.74,-1.9395579612088554,-0.43000000000000327,47475744.0,2168500,0,22.13,22.29,21.7,22.17
603015,弘讯科技,12.29,-0.8870967741935581,-0.11000000000000121,77054993.0,6233831,0,12.5,12.58,12.24,12.4
603016,新宏泰,27.18,0.295202952029514,0.0799999999999983,58150675.0,2127400,0,26.92,27.82,26.88,27.1
603017,中衡设计,10.04,-2.4295432458697768,-0.25,90592164.0,8900900,0,10.26,10.43,10.03,10.29
603018,华设集团,7.76,-1.647655259822559,-0.1299999999999999,70459261.0,9006900,0,7.93,7.93,7.75,7.89
603019,中科曙光,87.51,0.09150177284684695,0.0799999999999983,3655496088.0,41762233,0,87.42,88.4,86.5,87.43
603020,爱普股份,10.27,-1.5340364333652938,-0.16000000000000014,44875123.0,4320200,0,10.55,10.65,10.24,10.43
603021,ST华鹏,4.53,-1.5217391304347696,-0.0699999999999994,15904521.0,3497640,0,4.56,4.6,4.51,4.6
603022,新通联,10.18,-0.876338851022394,-0.08999999999999986,89623702.0,8794300,0,10.45,10.48,10.12,10.27
603023,威帝股份,5.7,-4.682274247491643,-0.28000000000000025,661118399.0,116757554,0,5.39,5.93,5.38,5.98
603025,大豪科技,17.51,-0.45480386583284993,-0.0799999999999983,141470344.0,8016922,0,17.65,17.86,17.46,17.59
603026,石大胜华,77.63,7.476117956527746,5.3999999999999915,1420382443.0,18687699,0,72.24,79.2,71.5,72.23
603027,千禾味业,9.98,-1.09018830525272,-0.10999999999999943,162285195.0,16167644,0,10.08,10.17,9.94,10.09
603028,赛福天,7.87,-1.1306532663316566,-0.08999999999999986,152576666.0,19286570,0,8.04,8.07,7.83,7.96
603029,天鹅股份,18.19,-0.054945054945044015,-0.00999999999999801,29452394.0,1620450,0,18.19,18.28,18.02,18.2
603030,全筑股份,2.87,-3.040540540540536,-0.08999999999999986,97431341.0,33462942,0,2.96,2.99,2.86,2.96
603031,安孚科技,46.01,4.734805372183015,2.0799999999999983,666616822.0,14904393,0,44.36,46.3,43.33,43.93
603032,德新科技,20.11,-1.950268161872268,-0.40000000000000213,166881023.0,8201243,0,20.4,20.67,20.02,20.51
603033,三维股份,10.66,0.9469696969696936,0.09999999999999964,52145284.0,4863385,0,10.5,10.86,10.5,10.56
603035,常熟汽饰,15.14,-1.5604681404421339,-0.2400000000000002,70746507.0,4650500,0,15.31,15.39,15.1,15.38
603036,如通股份,19.53,-0.7117437722419957,-0.14000000000000057,50729573.0,2603100,0,19.69,19.76,19.31,19.67
603037,凯众股份,13.37,-2.763636363636369,-0.3800000000000008,91162912.0,6750212,0,13.65,13.78,13.31,13.75
603038,华立股份,15.9,-0.4383218534752679,-0.07000000000000028,59469529.0,3739700,0,15.91,16.05,15.75,15.97
603039,泛微网络,49.36,-1.0028078620136383,-0.5,69737765.0,1410700,0,50.03,50.03,49.11,49.86
603040,新坐标,77.6,-1.5478304998731274,-1.2199999999999989,58843695.0,755116,0,78.78,78.79,77.51,78.82
603041,美思德,12.01,0.1668056713928238,0.019999999999999574,19628739.0,1636700,0,12.08,12.12,11.93,11.99
603042,华脉科技,17.82,-0.16806722689076267,-0.030000000000001137,357354528.0,20175630,0,17.67,18.1,17.19,17.85
603043,广州酒家,18.13,-1.4138118542686327,-0.26000000000000156,57543356.0,3159007,0,18.33,18.48,18.1,18.39
603045,福达合金,19.4,0.5181347150258957,0.09999999999999787,38979316.0,2022280,0,19.47,19.5,19.07,19.3
603048,浙江黎明,21.13,-2.1306160259379383,-0.46000000000000085,37638051.0,1769400,0,21.46,21.57,21.1,21.59
603050,科林电气,17.2,0.29154518950437736,0.05000000000000071,33407996.0,1943994,0,17.3,17.3,17.11,17.15
603051,鹿山新材,20.07,-0.1989060169070072,-0.03999999999999915,44684682.0,2230166,0,20.11,20.25,19.84,20.11
603052,可川科技,32.63,6.983606557377057,2.1300000000000026,546527768.0,16760534,0,30.39,33.55,30.23,30.5
603053,成都燃气,9.74,-1.0162601626016223,-0.09999999999999964,18753297.0,1918000,0,9.86,9.86,9.73,9.84
603055,台华新材,9.1,0.22026431718061204,0.019999999999999574,23847052.0,2616762,0,9.08,9.15,9.06,9.08
603056,德邦股份,13.94,-1.2048192771084332,-0.16999999999999993,40161771.0,2868100,0,14.15,14.15,13.93,14.11
603057,紫燕食品,19.49,-0.9654471544715512,-0.19000000000000128,75958225.0,3876415,0,19.98,19.98,19.32,19.68
603058,永吉股份,9.4,-0.5291005291005179,-0.049999999999998934,86998741.0,9188000,0,9.42,9.61,9.37,9.45
603059,倍加洁,31.19,-0.98412698412698,-0.3099999999999987,55062645.0,1744562,0,31.84,31.85,31.18,31.5
603060,国检集团,6.08,-0.8156606851549727,-0.04999999999999982,17781816.0,2910266,0,6.13,6.15,6.08,6.13
603061,金海通,141.35,-0.7373595505618057,-1.0500000000000114,156506562.0,1094670,0,143.0,145.46,140.88,142.4
603062,麦加芯彩,46.46,-0.47129391602399073,-0.21999999999999886,30615849.0,660843,0,46.6,46.75,46.05,46.68
603063,禾望电气,33.29,-0.9520975900029762,-0.3200000000000003,753100372.0,22600791,0,33.35,33.77,32.9,33.61
603065,宿迁联盛,8.28,-0.3610108303249234,-0.030000000000001137,26989985.0,3256100,0,8.31,8.35,8.24,8.31
603066,音飞储存,10.69,-0.8348794063079765,-0.08999999999999986,17095761.0,1594700,0,10.81,10.81,10.67,10.78
603067,振华股份,29.2,-2.4716098864395524,-0.740000000000002,715169467.0,24206965,0,29.89,30.06,29.03,29.94
603068,博通集成,36.19,-1.3627691469065142,-0.5,106615150.0,2930100,0,36.6,36.8,36.12,36.69
603069,海汽集团,28.88,10.019047619047615,2.629999999999999,162545015.0,5628290,0,28.88,28.88,28.88,26.25
603070,万控智造,12.69,-0.2358490566037825,-0.030000000000001137,12733705.0,1002800,0,12.78,12.78,12.63,12.72
603071,物产环能,13.2,-0.4524886877828092,-0.0600000000000005,19287559.0,1456100,0,13.26,13.3,13.18,13.26
603072,天和磁材,40.41,-1.270461763987303,-0.5200000000000031,57549701.0,1418356,0,40.92,40.99,40.31,40.93
603073,彩蝶实业,18.59,-0.16111707841031758,-0.030000000000001137,22168901.0,1192400,0,18.71,18.79,18.38,18.62
603075,热威股份,21.66,-0.3221352968246677,-0.07000000000000028,17068562.0,784900,0,21.75,21.84,21.63,21.73
603076,乐惠国际,24.02,0.670578373847444,0.16000000000000014,58908593.0,2428698,0,24.81,24.81,23.71,23.86
603077,和邦生物,2.23,-1.3274336283185755,-0.029999999999999805,223703232.0,99963377,0,2.26,2.26,2.22,2.26
603078,江化微,18.05,0.3335186214563773,0.060000000000002274,177131079.0,9763840,0,17.91,18.3,17.91,17.99
603079,圣达生物,16.56,-0.8383233532934166,-0.14000000000000057,43566315.0,2624540,0,16.7,16.76,16.44,16.7
603080,新疆火炬,24.12,5.743095133713294,1.3100000000000023,260897307.0,10840118,0,22.81,25.0,22.55,22.81
603081,大丰实业,13.68,-1.8651362984218063,-0.2599999999999998,109152007.0,7955800,0,13.82,13.89,13.57,13.94
603082,北自科技,35.25,-1.038742279618185,-0.36999999999999744,13550387.0,382700,0,35.63,35.76,35.21,35.62
603083,剑桥科技,119.96,2.0241537676475554,2.3799999999999955,3326285620.0,27587516,0,117.6,123.9,117.6,117.58
603085,天成自控,10.53,-1.9553072625698404,-0.21000000000000085,93231453.0,8823116,0,10.71,10.74,10.47,10.74
603086,先达股份,8.19,0.0,0.0,41224040.0,5041360,0,8.18,8.21,8.12,8.19
603087,甘李药业,67.18,-1.2784717119764737,-0.8699999999999903,349391086.0,5171993,0,68.04,68.31,67.12,68.05
603088,宁波精达,10.41,0.5797101449275411,0.0600000000000005,198332085.0,19108982,0,10.32,10.6,10.12,10.35
603089,正裕工业,12.73,-2.001539645881446,-0.2599999999999998,40304818.0,3136251,0,13.06,13.06,12.7,12.99
603090,宏盛股份,55.77,1.050915020837118,0.5800000000000054,385262226.0,6835882,0,55.09,58.0,54.86,55.19
603091,众鑫股份,80.59,2.2196854388635208,1.75,47896522.0,597960,0,79.0,81.38,78.71,78.84
603093,南华期货,18.86,-3.8245792962774097,-0.75,177533432.0,9374298,0,19.58,19.58,18.67,19.61
603095,越剑智能,14.31,-0.48678720445062784,-0.07000000000000028,25298540.0,1768260,0,14.37,14.42,14.22,14.38
603096,新经典,17.62,0.3988603988604005,0.07000000000000028,16011620.0,911100,0,17.53,17.72,17.43,17.55
603097,江苏华辰,27.48,0.6593406593406583,0.17999999999999972,74468130.0,2718100,0,27.16,27.65,26.9,27.3
603098,森特股份,13.04,1.3209013209013205,0.16999999999999993,46988529.0,3639040,0,12.88,13.05,12.77,12.87
603099,长白山,44.89,-3.586769759450175,-1.6700000000000017,490836732.0,10839107,0,46.46,46.52,44.5,46.56
603100,川仪股份,22.43,-1.5796401930671322,-0.35999999999999943,89807917.0,3982730,0,22.79,22.9,22.37,22.79
603101,汇嘉时代,10.17,-3.966005665722379,-0.41999999999999993,165391653.0,16140573,0,10.53,10.54,10.15,10.59
603102,百合股份,42.48,-0.4919184820801145,-0.21000000000000085,15772503.0,369600,0,42.72,42.93,42.45,42.69
603103,横店影视,15.45,-1.214833759590801,-0.19000000000000128,37790457.0,2441601,0,15.62,15.62,15.41,15.64
603105,芯能科技,9.44,-0.8403361344537823,-0.08000000000000007,74586953.0,7859988,0,9.51,9.56,9.39,9.52
603106,恒银科技,10.22,-2.759276879162694,-0.28999999999999915,169145498.0,16467288,0,10.49,10.51,10.15,10.51
603107,上海汽配,14.91,-1.258278145695361,-0.1899999999999995,33317036.0,2224000,0,15.11,15.11,14.86,15.1
603108,润达医疗,14.91,-1.7786561264822107,-0.2699999999999996,144433773.0,9616452,0,15.18,15.2,14.9,15.18
603109,神驰机电,25.09,-2.1069059695669106,-0.5399999999999991,66589668.0,2638900,0,25.55,25.72,25.02,25.63
603110,东方材料,15.52,-2.7568922305764487,-0.4400000000000013,153123695.0,9767900,0,15.9,15.98,15.48,15.96
603111,康尼机电,6.93,-0.5738880918220952,-0.040000000000000036,32950568.0,4736200,0,6.97,6.99,6.91,6.97
603112,华翔股份,17.1,-1.213171577123035,-0.2099999999999973,75545489.0,4373600,0,17.29,17.64,17.06,17.31
603113,金能科技,6.11,-1.9261637239165346,-0.1200000000000001,49662896.0,8085100,0,6.23,6.24,6.11,6.23
603115,海星股份,18.67,0.3224073078989913,0.060000000000002274,31465640.0,1685300,0,18.61,18.83,18.48,18.61
603116,红蜻蜓,5.75,-1.877133105802053,-0.11000000000000032,30707028.0,5306820,0,5.88,5.88,5.73,5.86
603117,万林物流,4.65,-3.726708074534155,-0.17999999999999972,35272927.0,7498050,0,4.85,4.85,4.64,4.83
603118,共进股份,11.35,-0.9598603839441641,-0.11000000000000121,181819019.0,15978460,0,11.39,11.52,11.29,11.46
603119,浙江荣泰,89.92,-2.451724886092433,-2.260000000000005,572788110.0,6349834,0,92.0,92.0,89.66,92.18
603121,华培动力,21.47,-3.9373601789709287,-0.8800000000000026,383828310.0,17594144,0,22.18,22.52,21.21,22.35
603122,合富中国,25.32,-4.452830188679244,-1.1799999999999997,2007089384.0,76140652,0,26.61,27.5,23.85,26.5
603123,翠微股份,13.44,-5.551651440618418,-0.7900000000000009,1025447464.0,75770844,0,13.83,13.88,13.31,14.23
603124,江南新材,80.77,1.815202319425183,1.4399999999999977,366982591.0,4561170,0,79.32,82.68,77.18,79.33
603125,常青科技,17.62,-0.620417371686404,-0.10999999999999943,59670272.0,3362607,0,17.84,17.93,17.58,17.73
603126,中材节能,6.69,-1.1816838995568564,-0.07999999999999918,31143982.0,4638000,0,6.73,6.76,6.68,6.77
603127,昭衍新药,35.91,1.4406779661016893,0.509999999999998,854727290.0,23682700,0,35.32,36.79,34.96,35.4
603128,华贸物流,6.09,-3.639240506329121,-0.23000000000000043,313548406.0,51046318,0,6.26,6.26,6.08,6.32
603129,春风动力,283.76,-2.605114123905966,-7.590000000000032,380136084.0,1328376,0,290.5,294.5,281.26,291.35
603130,云中马,47.25,-2.897657213316886,-1.4099999999999966,127090507.0,2684820,0,47.76,48.69,46.71,48.66
603131,上海沪工,26.68,-9.189925119128658,-2.6999999999999993,1322366543.0,47621527,0,29.07,29.55,26.44,29.38
603132,金徽股份,14.53,0.20689655172413352,0.02999999999999936,68171993.0,4676900,0,14.58,14.74,14.41,14.5
603135,中重科技,9.06,-1.948051948051945,-0.17999999999999972,25594787.0,2809420,0,9.27,9.27,9.03,9.24
603136,天目湖,12.12,-3.4262948207171435,-0.4300000000000015,125463071.0,10207665,0,12.54,12.55,12.07,12.55
603137,恒尚节能,13.86,-1.000000000000004,-0.14000000000000057,19793384.0,1426900,0,13.99,14.0,13.8,14.0
603138,海量数据,13.8,-1.2875536480686673,-0.17999999999999972,30784527.0,2223200,0,14.07,14.08,13.77,13.98
603139,康惠股份,20.76,-1.1428571428571355,-0.23999999999999844,36246274.0,1742200,0,21.3,21.3,20.68,21.0
603150,万朗磁塑,39.48,-1.3000000000000078,-0.5200000000000031,172808779.0,4402000,0,39.55,39.92,38.85,40.0
603151,邦基科技,18.45,0.5449591280653835,0.09999999999999787,43703900.0,2366100,0,18.32,18.65,18.23,18.35
603153,上海建科,16.88,-0.8807985907222673,-0.15000000000000213,22527223.0,1328400,0,17.0,17.13,16.85,17.03
603155,新亚强,17.15,-0.8670520231213995,-0.15000000000000213,79053485.0,4592106,0,17.28,17.4,17.05,17.3
603156,养元饮品,25.99,-0.6878104700038336,-0.18000000000000327,58589606.0,2247823,0,26.19,26.35,25.91,26.17
603158,腾龙股份,10.45,0.09578544061302478,0.009999999999999787,179907216.0,17286596,0,10.44,10.56,10.27,10.44
603159,上海亚虹,22.93,1.5950376606114287,0.35999999999999943,47112594.0,2076040,0,22.64,23.29,22.31,22.57
603160,汇顶科技,77.29,-0.7320832263036131,-0.5699999999999932,249722388.0,3212358,0,77.95,78.08,77.29,77.86
603161,科华控股,13.6,0.8902077151335253,0.11999999999999922,28861598.0,2129926,0,13.41,13.68,13.38,13.48
603162,海通发展,12.97,4.09309791332263,0.5099999999999998,832790753.0,63766357,0,12.35,13.71,11.93,12.46
603163,圣晖集成,71.01,10.007745933384985,6.460000000000008,94958158.0,1369689,0,67.5,71.01,66.6,64.55
603165,荣晟环保,12.4,-1.2738853503184724,-0.16000000000000014,22967817.0,1845100,0,12.5,12.59,12.36,12.56
603166,福达股份,15.01,-1.57377049180328,-0.2400000000000002,138185530.0,9150624,0,15.28,15.29,14.98,15.25
603167,渤海轮渡,9.47,-0.10548523206750829,-0.009999999999999787,48077350.0,5065300,0,9.45,9.55,9.44,9.48
603168,莎普爱思,7.66,-1.2886597938144284,-0.09999999999999964,35304568.0,4600790,0,7.72,7.75,7.62,7.76
603169,兰石重装,10.46,-2.0599250936329483,-0.21999999999999886,970072512.0,92512607,0,10.61,10.83,10.32,10.68
603170,宝立食品,14.61,-1.549865229110515,-0.23000000000000043,24757463.0,1682300,0,14.86,15.0,14.57,14.84
603171,税友股份,50.05,-2.246093750000011,-1.1500000000000057,149108167.0,2945504,0,50.95,51.7,49.93,51.2
603172,万丰股份,18.21,-0.49180327868852375,-0.08999999999999986,43475800.0,2376698,0,18.35,18.52,18.12,18.3
603173,福斯达,40.44,-1.0763209393346498,-0.44000000000000483,72366438.0,1783243,0,40.9,40.97,40.26,40.88
603176,汇通集团,5.22,-1.8796992481203108,-0.10000000000000053,27930420.0,5330980,0,5.33,5.36,5.19,5.32
603177,德创环保,11.39,0.7964601769911492,0.08999999999999986,49622842.0,4383800,0,11.26,11.44,11.15,11.3
603178,圣龙股份,18.2,-1.7808958445763725,-0.33000000000000185,40662951.0,2222750,0,18.5,18.51,18.12,18.53
603179,新泉股份,63.26,-1.1253516723976227,-0.7199999999999989,613164527.0,9678911,0,63.96,64.4,62.45,63.98
603180,金牌家居,20.59,-1.2470023980815421,-0.26000000000000156,30038147.0,1452816,0,20.85,20.89,20.56,20.85
603181,皇马科技,14.27,-0.7649513212795633,-0.11000000000000121,65066652.0,4553792,0,14.4,14.41,14.22,14.38
603182,嘉华股份,15.92,-0.6242197253433186,-0.09999999999999964,22119275.0,1385900,0,16.3,16.3,15.84,16.02
603183,建研院,4.32,-1.3698630136986212,-0.05999999999999961,32958326.0,7590472,0,4.38,4.4,4.31,4.38
603185,弘元绿能,29.37,0.7201646090535008,0.21000000000000085,486384027.0,16421499,0,29.2,30.0,29.1,29.16
603186,华正新材,44.72,4.534829359513786,1.9399999999999977,338265071.0,7661900,0,42.62,45.52,42.58,42.78
603187,海容冷链,15.85,3.1901041666666687,0.4900000000000002,266912685.0,16803998,0,15.28,16.24,15.25,15.36
603188,亚邦股份,4.62,0.0,0.0,43513196.0,9440200,0,4.6,4.65,4.56,4.62
603189,网达软件,19.69,-1.9422310756971966,-0.389999999999997,73521205.0,3709700,0,20.11,20.23,19.64,20.08
603190,亚通精工,26.61,-1.0412792859799225,-0.28000000000000114,63547170.0,2371600,0,26.89,27.08,26.56,26.89
603191,望变电气,15.14,-0.26350461133069264,-0.03999999999999915,81484796.0,5394219,0,15.17,15.26,14.99,15.18
603192,汇得科技,24.01,0.08336807002919186,0.020000000000003126,52515313.0,2193900,0,24.05,24.16,23.74,23.99
603193,润本股份,24.35,-1.2971220105391175,-0.3200000000000003,46020354.0,1884000,0,24.7,24.82,24.32,24.67
603194,中力股份,36.27,-1.733947439718216,-0.6399999999999935,42227330.0,1156374,0,36.81,36.92,36.27,36.91
603195,公牛集团,41.78,-0.7129277566539857,-0.29999999999999716,112606520.0,2691506,0,42.1,42.12,41.71,42.08
603196,日播时尚,25.05,-1.5717092337917429,-0.3999999999999986,45494317.0,1816500,0,25.35,25.35,24.75,25.45
603197,保隆科技,36.16,-2.0850257243433608,-0.7700000000000031,145935481.0,4004000,0,36.66,37.17,36.09,36.93
603198,迎驾贡酒,39.92,-0.7952286282306169,-0.3200000000000003,92576633.0,2314000,0,40.1,40.38,39.79,40.24
603199,九华旅游,36.69,-1.4769065520945333,-0.5500000000000043,71425581.0,1937200,0,37.06,37.2,36.58,37.24
603200,上海洗霸,71.04,1.55825589706934,1.0900000000000034,372077991.0,5228200,0,70.28,72.02,69.8,69.95
603201,常润股份,16.7,-0.6543723973825071,-0.10999999999999943,8336797.0,499280,0,16.81,16.87,16.62,16.81
603203,快克智能,35.73,10.00615763546798,3.25,388041329.0,10992584,0,32.78,35.73,32.49,32.48
603205,健尔康,27.21,-1.4487504527345114,-0.3999999999999986,26764071.0,979400,0,27.58,27.62,27.14,27.61
603206,嘉环科技,16.71,-0.8896797153024827,-0.14999999999999858,37204863.0,2212000,0,16.91,17.09,16.68,16.86
603207,小方制药,28.67,-0.45138888888888545,-0.129999999999999,11515304.0,400396,0,28.79,28.88,28.66,28.8
603208,江山欧派,14.68,0.20477815699658264,0.02999999999999936,27963852.0,1908016,0,14.76,14.76,14.58,14.65
603209,兴通股份,16.27,-2.046959662853702,-0.33999999999999986,300420315.0,18405040,0,16.59,16.65,16.13,16.61
603211,晋拓股份,20.42,-2.249880325514595,-0.46999999999999886,132972518.0,6494000,0,20.85,20.9,20.16,20.89
603212,赛伍技术,13.95,-2.719665271966531,-0.39000000000000057,394888468.0,28162807,0,14.34,14.35,13.82,14.34
603213,镇洋发展,13.1,0.0,0.0,24511914.0,1878300,0,13.15,13.15,12.98,13.1
603214,爱婴室,17.55,-2.608213096559372,-0.46999999999999886,150211792.0,8530900,0,17.9,17.99,17.5,18.02
603215,比依股份,20.63,-1.9486692015209133,-0.41000000000000014,46344312.0,2232400,0,21.0,21.0,20.61,21.04
603216,梦天家居,36.1,3.1428571428571472,1.1000000000000014,174879451.0,5002832,0,35.8,36.19,33.41,35.0
603217,元利科技,25.05,0.28022417934347593,0.07000000000000028,47751847.0,1905324,0,25.09,25.34,24.9,24.98
603218,日月股份,12.89,0.2332814930015641,0.030000000000001137,85046066.0,6594280,0,12.87,12.98,12.78,12.86
603219,富佳股份,15.76,-0.9428032683846659,-0.15000000000000036,31592884.0,2001880,0,15.93,15.98,15.67,15.91
603220,中贝通信,21.03,-1.7289719626168105,-0.36999999999999744,97449557.0,4598680,0,21.45,21.47,21.0,21.4
603221,爱丽家居,12.76,-4.491017964071854,-0.5999999999999996,142872777.0,11063700,0,13.25,13.28,12.7,13.36
603222,济民健康,9.71,-1.0193679918450524,-0.09999999999999964,243550892.0,24823256,0,9.81,10.08,9.65,9.81
603223,恒通股份,9.46,-1.867219917012445,-0.17999999999999972,72873515.0,7606320,0,9.6,9.78,9.43,9.64
603225,新凤鸣,17.6,0.05685048322911634,0.010000000000001563,273505902.0,15376755,0,17.64,18.03,17.5,17.59
603226,菲林格尔,31.93,1.7202930869703699,0.5399999999999991,152487803.0,4777334,0,31.36,32.8,30.96,31.39
603227,雪峰科技,8.31,-0.8353221957040605,-0.07000000000000028,46653481.0,5603100,0,8.28,8.38,8.27,8.38
603228,景旺电子,72.03,-1.152737752161388,-0.8400000000000034,1883494969.0,25997009,0,72.86,73.79,71.6,72.87
603229,奥翔药业,9.52,0.10515247108306822,0.009999999999999787,35524534.0,3727249,0,9.54,9.58,9.48,9.51
603230,内蒙新华,12.82,-2.062643239113824,-0.2699999999999996,52957033.0,4094300,0,13.16,13.17,12.8,13.09
603231,索宝蛋白,18.55,-0.37593984962406163,-0.07000000000000028,25901297.0,1392500,0,18.61,18.71,18.51,18.62
603232,格尔软件,22.09,0.40909090909090845,0.08999999999999986,583795894.0,26358236,0,22.79,22.98,21.58,22.0
603233,大参林,17.89,-1.0508849557522,-0.18999999999999773,94058898.0,5243871,0,18.11,18.16,17.81,18.08
603235,天新药业,27.32,-0.2919708029197018,-0.0799999999999983,15314585.0,558700,0,27.42,27.55,27.29,27.4
603236,移远通信,92.37,-1.7862838915470418,-1.6799999999999926,558706839.0,6002607,0,93.88,94.5,92.21,94.05
603237,五芳斋,16.77,-1.4688601645123385,-0.25,28620496.0,1701020,0,17.05,17.05,16.67,17.02
603238,诺邦股份,17.4,-1.360544217687086,-0.240000000000002,24955174.0,1427900,0,17.87,17.87,17.35,17.64
603239,浙江仙通,20.76,-1.0957598856598232,-0.22999999999999687,123999576.0,5925800,0,20.98,21.4,20.7,20.99
603255,鼎际得,29.75,-1.2284196547144788,-0.370000000000001,14870364.0,497900,0,29.93,30.37,29.6,30.12
603256,宏和科技,37.27,10.00590318772137,3.3900000000000006,1087545544.0,30020061,0,33.99,37.27,33.8,33.88
603258,电魂网络,18.3,-1.6129032258064553,-0.3000000000000007,29730541.0,1619100,0,18.47,18.67,18.22,18.6
603259,药明康德,90.56,-0.7126411577677793,-0.6499999999999915,2184783601.0,24009664,0,91.6,91.79,90.34,91.21
603260,合盛硅业,52.35,0.8476208822962914,0.44000000000000483,445729414.0,8510185,0,52.14,52.95,51.69,51.91
603261,*ST立航,22.91,0.5706760316066681,0.129999999999999,7603931.0,333200,0,22.8,23.18,22.5,22.78
603266,天龙股份,21.71,-2.6893769610040246,-0.5999999999999979,141258719.0,6494300,0,22.2,22.21,21.52,22.31
603267,鸿远电子,48.91,-0.16329863237396489,-0.0800000000000054,286004493.0,5812534,0,49.1,49.79,48.68,48.99
603268,*ST松发,80.96,5.006485084306096,3.8599999999999994,351406036.0,4368520,0,80.79,80.96,77.77,77.1
603269,海鸥股份,12.22,-1.6103059581320394,-0.1999999999999993,81245235.0,6645532,0,12.38,12.4,12.13,12.42
603270,金帝股份,23.83,-1.1203319502074818,-0.2700000000000031,20779675.0,868200,0,24.14,24.14,23.82,24.1
603271,永杰新材,42.56,2.727492155442922,1.1300000000000026,144246001.0,3389694,0,41.75,43.2,41.37,41.43
603272,联翔股份,18.61,-1.0632642211589542,-0.1999999999999993,26927630.0,1450400,0,18.95,18.98,18.4,18.81
603273,天元智能,19.54,-2.4950099800399204,-0.5,50190557.0,2548300,0,20.05,20.07,19.53,20.04
603275,众辰科技,41.13,-0.8198697853870179,-0.3399999999999963,56522709.0,1375300,0,41.3,41.58,40.85,41.47
603276,恒兴新材,16.36,-0.6075334143377972,-0.10000000000000142,15303347.0,933309,0,16.53,16.65,16.3,16.46
603277,银都股份,17.35,0.28901734104046656,0.05000000000000071,11513035.0,665385,0,17.3,17.4,17.22,17.3
603278,大业股份,9.62,-2.5329280648429586,-0.25,116083086.0,11926940,0,9.86,9.96,9.59,9.87
603279,景津装备,15.74,2.9431000654022306,0.45000000000000107,126418086.0,8057987,0,15.3,15.98,15.25,15.29
603280,南方路机,37.71,-1.334379905808472,-0.509999999999998,68519141.0,1806500,0,38.13,38.5,37.56,38.22
603281,江瀚新材,27.76,1.5733626051957674,0.43000000000000327,42586704.0,1536080,0,27.27,27.98,27.2,27.33
603282,亚光股份,19.79,-0.30226700251890315,-0.060000000000002274,21865185.0,1103000,0,19.8,20.03,19.68,19.85
603283,赛腾股份,43.58,-0.2289377289377322,-0.10000000000000142,436748442.0,9987660,0,43.64,44.15,43.36,43.68
603285,键邦股份,24.87,0.48484848484848886,0.120000000000001,36720862.0,1485768,0,24.7,24.97,24.55,24.75
603286,日盈电子,58.48,-2.6307026307026393,-1.5800000000000054,267832262.0,4558800,0,59.9,59.9,58.08,60.06
603288,海天味业,37.78,-0.18494055482166522,-0.07000000000000028,402289415.0,10646994,0,37.85,37.92,37.61,37.85
603289,泰瑞机器,9.85,-0.6054490413723561,-0.0600000000000005,29995114.0,3029602,0,9.91,9.98,9.83,9.91
603290,斯达半导,94.3,-0.6008221777168835,-0.5700000000000074,238102791.0,2511872,0,95.35,95.77,94.01,94.87
603291,联合水务,9.62,-1.7364657814096012,-0.16999999999999993,25565863.0,2636500,0,9.71,9.83,9.61,9.79
603296,华勤技术,92.12,0.06517488594395207,0.060000000000002274,567230581.0,6117474,0,92.26,94.16,91.9,92.06
603297,永新光学,102.8,-1.106301106301112,-1.1500000000000057,173900438.0,1689979,0,102.5,104.26,102.0,103.95
603298,杭叉集团,26.81,0.8273787138021771,0.21999999999999886,99467843.0,3723165,0,26.57,26.95,26.36,26.59
603299,苏盐井神,10.27,1.0826771653543252,0.10999999999999943,43377628.0,4228574,0,10.15,10.34,10.14,10.16
603300,海南华铁,7.7,-1.0282776349614406,-0.08000000000000007,3049399273.0,383721230,0,8.02,8.28,7.66,7.78
603301,振德医疗,70.43,2.5480489225393126,1.75,371263678.0,5278356,0,68.68,71.34,68.41,68.68
603303,得邦照明,12.8,-1.7651573292402047,-0.22999999999999865,14278607.0,1106640,0,13.03,13.03,12.78,13.03
603305,旭升集团,14.67,0.7554945054945016,0.10999999999999943,2120954104.0,142544997,0,16.02,16.02,14.21,14.56
603306,华懋科技,61.59,0.1463414634146397,0.09000000000000341,603952959.0,9835800,0,61.51,62.17,60.61,61.5
603307,扬州金泉,38.99,-0.8896797153024947,-0.3500000000000014,16225325.0,414900,0,39.35,39.5,38.89,39.34
603308,应流股份,40.67,-0.853242320819116,-0.3500000000000014,372001671.0,9140382,0,40.69,41.48,40.21,41.02
603309,维力医疗,13.74,-0.9372746935832661,-0.129999999999999,34954582.0,2530720,0,13.81,13.92,13.73,13.87
603310,巍华新材,16.94,-1.2820512820512755,-0.21999999999999886,21817426.0,1281400,0,17.2,17.2,16.91,17.16
603311,金海高科,13.48,3.8520801232665636,0.5,130215875.0,9738558,0,12.86,13.68,12.86,12.98
603312,西典新能,47.4,0.12674271229403286,0.05999999999999517,66453651.0,1398600,0,47.35,48.17,46.85,47.34
603313,梦百合,9.59,-1.2358393408856951,-0.120000000000001,107307083.0,11140662,0,9.71,9.78,9.5,9.71
603315,福鞍股份,15.35,2.1290751829674006,0.3200000000000003,220648456.0,14386800,0,14.95,15.6,14.95,15.03
603316,诚邦股份,13.92,-0.8547008547008492,-0.11999999999999922,90749905.0,6519700,0,14.0,14.12,13.77,14.04
603317,天味食品,12.74,-1.0869565217391348,-0.14000000000000057,39782830.0,3104500,0,12.87,12.95,12.72,12.88
603318,水发燃气,6.71,0.44910179640718934,0.03000000000000025,58161537.0,8671790,0,6.65,6.78,6.6,6.68
603319,美湖股份,35.1,-2.527075812274359,-0.9099999999999966,318898443.0,9023471,0,35.76,35.9,35.0,36.01
603320,迪贝电气,18.53,1.5899122807017694,0.2900000000000027,36276620.0,1966330,0,18.24,18.65,18.11,18.24
603321,梅轮电梯,7.97,3.104786545924959,0.23999999999999932,79823948.0,10003700,0,7.8,8.24,7.7,7.73
603322,超讯通信,38.75,-2.687091913611251,-1.0700000000000003,384726988.0,9847800,0,39.8,40.06,38.44,39.82
603323,苏农银行,5.13,-0.3883495145631158,-0.020000000000000462,84529706.0,16366095,0,5.15,5.2,5.13,5.15
603324,盛剑科技,26.5,7.723577235772352,1.8999999999999986,359066103.0,13634948,0,24.59,27.06,24.27,24.6
603325,博隆技术,77.83,-0.21794871794872014,-0.1700000000000017,25547512.0,328120,0,78.01,78.19,77.68,78.0
603326,我乐家居,8.94,-1.3245033112582891,-0.120000000000001,31430733.0,3503800,0,9.01,9.09,8.91,9.06
603327,福蓉科技,10.84,-1.6333938294010864,-0.17999999999999972,343573344.0,31539045,0,10.89,11.06,10.78,11.02
603328,依顿电子,11.03,-0.3613369467028087,-0.040000000000000924,114637391.0,10365500,0,11.05,11.15,10.98,11.07
603329,上海雅仕,11.09,-0.6272401433691782,-0.07000000000000028,19197696.0,1727140,0,11.16,11.21,11.07,11.16
603330,天洋新材,7.49,0.13368983957218966,0.009999999999999787,30135447.0,4037940,0,7.47,7.52,7.4,7.48
603331,百达精工,12.23,2.1720969089390123,0.2599999999999998,127859024.0,10405570,0,12.49,12.56,12.14,11.97
603332,苏州龙杰,12.33,-0.8842443729903492,-0.10999999999999943,19373364.0,1569882,0,12.45,12.45,12.27,12.44
603333,尚纬股份,7.92,-2.9411764705882377,-0.2400000000000002,107452388.0,13480600,0,8.11,8.13,7.9,8.16
603335,迪生力,5.61,-1.0582010582010515,-0.05999999999999961,42812098.0,7671587,0,5.63,5.69,5.53,5.67
603336,宏辉果蔬,8.43,-2.09059233449477,-0.17999999999999972,53334799.0,6307075,0,8.6,8.62,8.42,8.61
603337,杰克科技,38.4,-1.437371663244359,-0.5600000000000023,92918104.0,2402753,0,39.15,39.29,38.3,38.96
603338,浙江鼎力,56.2,-2.5827699774657567,-1.4899999999999949,486339692.0,8607485,0,57.75,57.89,56.0,57.69
603339,四方科技,12.77,0.07836990595611118,0.009999999999999787,21364291.0,1674888,0,12.77,12.8,12.65,12.76
603341,龙旗科技,41.77,0.0,0.0,211934836.0,5085900,0,41.58,42.09,41.34,41.77
603344,星德胜,33.93,5.176689398636087,1.6700000000000017,690239658.0,20420364,0,35.49,35.49,32.7,32.26
603345,安井食品,81.99,-1.1692381870781086,-0.9699999999999989,281775369.0,3411166,0,82.96,83.63,81.85,82.96
603348,文灿股份,19.18,-1.2358393408856951,-0.240000000000002,32549220.0,1688600,0,19.42,19.49,19.16,19.42
603350,安乃达,37.31,-0.29396044895777507,-0.10999999999999943,27061001.0,721300,0,37.43,37.86,37.23,37.42
603351,威尔药业,25.62,-1.7261219792865334,-0.4499999999999993,17901794.0,694760,0,26.07,26.12,25.58,26.07
603353,和顺石油,25.51,-1.5817901234567906,-0.41000000000000014,124012552.0,4871510,0,25.91,25.92,25.1,25.92
603355,莱克电气,29.36,-5.014558395341315,-1.5500000000000007,291008506.0,9686841,0,31.01,32.46,28.88,30.91
603356,华菱精工,14.25,-0.7660167130919181,-0.10999999999999943,64503768.0,4566900,0,14.41,14.41,13.77,14.36
603357,设计总院,8.03,-0.24844720496896086,-0.02000000000000135,19137976.0,2377908,0,8.05,8.08,8.01,8.05
603358,华达科技,43.08,-2.8416779431664523,-1.2600000000000051,166476188.0,3815400,0,44.62,44.62,43.01,44.34
603359,东珠生态,8.06,-5.399061032863839,-0.4599999999999991,162436378.0,19802375,0,8.52,8.54,8.05,8.52
603360,百傲化学,29.25,-5.1248783652286685,-1.5799999999999983,465375923.0,15744884,0,30.78,30.78,28.98,30.83
603363,傲农生物,4.66,-2.9166666666666603,-0.13999999999999968,200880964.0,42680563,0,4.76,4.79,4.66,4.8
603365,水星家纺,19.98,-0.5970149253731393,-0.120000000000001,44874662.0,2257800,0,20.09,20.18,19.54,20.1
603366,日出东方,10.13,0.8964143426294985,0.09000000000000163,516508061.0,50554439,0,10.04,10.38,9.94,10.04
603367,辰欣药业,17.81,-1.2749445676274969,-0.23000000000000043,175620823.0,9813500,0,18.07,18.27,17.71,18.04
603368,柳药集团,18.11,-0.11031439602867939,-0.019999999999999574,82609257.0,4547400,0,18.09,18.32,18.05,18.13
603369,今世缘,35.21,-1.5655577299412977,-0.5600000000000023,137985570.0,3897350,0,35.78,35.8,35.17,35.77
603373,安邦护卫,37.65,-1.5171331415118974,-0.5799999999999983,33753408.0,891800,0,38.24,38.24,37.61,38.23
603375,盛景微,36.3,-1.3854930725346513,-0.5100000000000051,43454248.0,1189403,0,36.66,36.84,36.24,36.81
603377,ST东时,3.77,0.0,0.0,32130521.0,8447899,0,3.78,3.88,3.75,3.77
603378,亚士创能,6.65,-1.6272189349112343,-0.10999999999999943,52187505.0,7867791,0,6.79,6.79,6.56,6.76
603379,三美股份,58.7,-0.2718314644920092,-0.1599999999999966,197879556.0,3356243,0,59.38,59.38,58.52,58.86
603380,易德龙,38.35,-1.9933554817275774,-0.7800000000000011,353869271.0,9085480,0,39.71,39.9,38.16,39.13
603381,永臻股份,19.92,-0.35017508754375554,-0.06999999999999673,31538940.0,1582300,0,19.95,20.06,19.81,19.99
603383,顶点软件,35.85,-1.4297497937860766,-0.519999999999996,128453074.0,3564807,0,36.4,36.5,35.76,36.37
603385,惠达卫浴,6.84,0.0,0.0,20652248.0,3029180,0,6.81,6.87,6.74,6.84
603386,骏亚科技,15.0,-5.243209096651927,-0.8300000000000001,422534272.0,27469760,0,15.53,15.83,15.0,15.83
603387,基蛋生物,8.25,-0.9603841536614653,-0.08000000000000007,27921496.0,3362300,0,8.35,8.35,8.24,8.33
603388,*ST元成,0.58,0.0,0.0,0.0,0,0,0.0,0.0,0.0,0.58
603389,*ST亚振,38.99,3.9733333333333385,1.490000000000002,81169245.0,2092480,0,38.2,39.2,37.8,37.5
603390,通达电气,12.88,-2.6455026455026425,-0.34999999999999964,173033438.0,13329600,0,13.13,13.26,12.88,13.23
603391,力聚热能,66.44,-0.25521693439423765,-0.1700000000000017,75195620.0,1130761,0,66.25,67.2,65.76,66.61
603392,万泰生物,45.93,-2.0473448496481144,-0.9600000000000009,120927677.0,2614233,0,46.91,47.26,45.9,46.89
603393,新天然气,26.7,-0.9643916913946645,-0.26000000000000156,57840032.0,2156977,0,26.91,27.0,26.66,26.96
603395,红四方,29.51,-0.9731543624161044,-0.28999999999999915,54800200.0,1849371,0,29.74,29.82,29.51,29.8
603396,金辰股份,31.68,-0.09460737937559488,-0.030000000000001137,114818040.0,3624600,0,31.7,32.07,31.31,31.71
603398,*ST沐邦,7.69,-1.6624040920716097,-0.1299999999999999,150838150.0,18939682,0,7.74,8.19,7.63,7.82
603399,永杉锂业,10.89,1.7757009345794512,0.19000000000000128,224685718.0,20645800,0,10.7,11.1,10.67,10.7
603408,建霖家居,13.77,0.6578947368421043,0.08999999999999986,83299095.0,6042100,0,13.68,13.99,13.62,13.68
603409,汇通控股,35.96,-0.05558643690938306,-0.01999999999999602,27066382.0,750932,0,36.05,36.3,35.81,35.98
603416,信捷电气,52.11,-2.250984805852566,-1.2000000000000028,139314295.0,2657100,0,53.38,53.39,52.01,53.31
603421,鼎信通讯,8.36,5.2896725440805925,0.41999999999999904,555083029.0,65774173,0,7.87,8.73,7.7,7.94
603429,集友股份,9.95,-0.6986027944111804,-0.07000000000000028,67438914.0,6789631,0,10.0,10.13,9.81,10.02
603439,三力制药,11.82,0.0,0.0,46597861.0,3898000,0,12.02,12.17,11.8,11.82
603444,吉比特,441.65,-1.061851743990683,-4.740000000000009,849663737.0,1922827,0,445.59,447.88,438.08,446.39
603456,九洲药业,18.18,-0.21953896816684493,-0.03999999999999915,153731367.0,8422115,0,18.23,18.36,18.14,18.22
603458,勘设股份,8.31,-4.482758620689642,-0.3899999999999988,261497667.0,30093789,0,8.9,9.36,8.26,8.7
603466,风语筑,8.97,-1.536772777167934,-0.1399999999999988,66365043.0,7363142,0,9.08,9.11,8.94,9.11
603477,巨星农牧,16.97,-0.9918319719953426,-0.1700000000000017,74249616.0,4352586,0,17.06,17.2,16.96,17.14
603486,科沃斯,78.39,-0.7721518987341764,-0.6099999999999994,328153275.0,4157737,0,79.02,80.83,78.21,79.0
603488,展鹏科技,7.72,-0.3870967741935516,-0.03000000000000025,22631351.0,2936400,0,7.75,7.82,7.66,7.75
603489,八方股份,29.26,0.1026342798494736,0.030000000000001137,46535973.0,1596517,0,29.24,29.36,28.87,29.23
603496,恒为科技,26.37,-0.5656108597285014,-0.14999999999999858,128398843.0,4869438,0,26.52,26.82,26.11,26.52
603499,翔港科技,20.35,3.1947261663286137,0.6300000000000026,188929578.0,9297760,0,19.74,20.66,19.74,19.72
603500,祥和实业,11.5,-1.032702237521508,-0.11999999999999922,43866045.0,3806620,0,11.58,11.62,11.46,11.62
603501,豪威集团,125.2,-0.3977724741447892,-0.5,1299437717.0,10342290,0,125.71,126.66,124.86,125.7
603505,金石资源,18.7,1.9629225736095934,0.35999999999999943,255513919.0,13712888,0,18.33,18.91,18.27,18.34
603506,南都物业,12.9,-0.1547987616099038,-0.019999999999999574,84887885.0,6596637,0,12.99,13.06,12.7,12.92
603507,振江股份,24.03,-0.49689440993787765,-0.11999999999999744,79048402.0,3274550,0,24.06,24.44,23.91,24.15
603508,思维列控,27.6,-0.5405405405405355,-0.14999999999999858,115958049.0,4193657,0,27.75,28.02,27.52,27.75
603511,爱慕股份,15.88,-1.4888337468982642,-0.2400000000000002,26629995.0,1672500,0,16.1,16.15,15.82,16.12
603515,欧普照明,18.21,0.16501650165017126,0.030000000000001137,27155371.0,1483583,0,18.2,18.46,18.02,18.18
603516,淳中科技,216.09,5.890135737737056,12.02000000000001,1532440770.0,7140130,0,209.66,220.0,207.06,204.07
603517,ST绝味,13.17,-1.4958863126402342,-0.1999999999999993,73528155.0,5550680,0,13.37,13.45,13.14,13.37
603518,锦泓集团,10.12,-3.065134099616861,-0.3200000000000003,163427147.0,16042900,0,10.4,10.44,10.1,10.44
603519,立霸股份,11.9,-0.9983361064891783,-0.11999999999999922,19765833.0,1657500,0,12.06,12.06,11.86,12.02
603520,司太立,9.57,0.8429926238145424,0.08000000000000007,95491301.0,9976600,0,9.5,9.76,9.37,9.49
603527,众源新材,10.75,-0.8302583025830245,-0.08999999999999986,101008739.0,9317900,0,10.84,11.01,10.71,10.84
603528,多伦科技,10.01,-4.210526315789469,-0.4399999999999995,468262160.0,45945640,0,10.42,10.63,9.98,10.45
603529,爱玛科技,30.06,-0.9881422924901209,-0.3000000000000007,99596791.0,3301643,0,30.35,30.44,30.04,30.36
603530,神马电力,41.95,0.2868754482428988,0.12000000000000455,130199174.0,3109690,0,41.77,42.21,41.39,41.83
603533,掌阅科技,18.94,-1.7125064867669866,-0.3299999999999983,185934898.0,9768300,0,19.28,19.38,18.89,19.27
603535,嘉诚国际,11.33,-2.243313201035374,-0.2599999999999998,349926556.0,30706717,0,11.6,11.77,11.16,11.59
603536,惠发食品,11.9,-2.698282910874898,-0.33000000000000007,134495947.0,11200980,0,12.2,12.55,11.85,12.23
603538,美诺华,19.74,-0.20222446916078207,-0.0400000000000027,45810954.0,2316717,0,19.77,19.88,19.67,19.78
603551,奥普科技,11.82,0.5102040816326573,0.0600000000000005,27022293.0,2285200,0,11.76,11.94,11.7,11.76
603556,海兴电力,34.32,2.1428571428571392,0.7199999999999989,162030555.0,4781280,0,33.58,34.4,33.3,33.6
603557,ST起步,2.69,-1.1029411764705974,-0.03000000000000025,31583140.0,11832100,0,2.69,2.72,2.64,2.72
603558,健盛集团,11.35,-2.825342465753425,-0.33000000000000007,51888491.0,4536200,0,11.61,11.67,11.3,11.68
603559,ST通脉,8.01,-1.3546798029556582,-0.10999999999999943,6071842.0,756600,0,8.12,8.12,7.99,8.12
603565,中谷物流,10.46,-0.6647673314339839,-0.06999999999999851,80378647.0,7657879,0,10.52,10.57,10.44,10.53
603566,普莱柯,12.71,-1.3198757763975149,-0.16999999999999993,40445070.0,3164300,0,12.88,12.9,12.71,12.88
603567,珍宝岛,9.69,-1.4242115971515825,-0.14000000000000057,33466339.0,3425016,0,9.83,9.88,9.69,9.83
603568,伟明环保,24.87,0.04022526146420581,0.010000000000001563,114844709.0,4622890,0,24.87,25.13,24.59,24.86
603569,长久物流,7.68,-2.6615969581749046,-0.20999999999999996,57558568.0,7448320,0,7.88,7.9,7.67,7.89
603577,汇金通,10.29,0.3902439024390161,0.03999999999999915,76387402.0,7410086,0,10.2,10.48,10.15,10.25
603578,三星新材,11.97,-0.7462686567164167,-0.08999999999999986,17030890.0,1421742,0,12.05,12.11,11.89,12.06
603579,荣泰健康,23.04,-1.6225448334756725,-0.38000000000000256,121231754.0,5244941,0,23.4,23.41,22.95,23.42
603580,*ST艾艾,14.93,-1.4521452145214564,-0.22000000000000064,11761130.0,786100,0,15.19,15.19,14.87,15.15
603583,捷昌驱动,34.69,-1.1117445838084394,-0.39000000000000057,99499504.0,2857859,0,35.02,35.05,34.59,35.08
603585,苏利股份,19.09,-5.307539682539684,-1.0700000000000003,295858590.0,15397341,0,19.3,19.87,18.81,20.16
603586,金麒麟,18.59,-1.1170212765957492,-0.21000000000000085,33212562.0,1784200,0,18.8,18.86,18.51,18.8
603587,地素时尚,13.07,-1.1346444780635427,-0.15000000000000036,31873823.0,2425900,0,13.41,13.41,13.02,13.22
603588,高能环境,7.34,-1.3440860215053836,-0.10000000000000053,221503441.0,29909671,0,7.44,7.47,7.33,7.44
603589,口子窖,30.76,-1.1568123393316176,-0.35999999999999943,73303896.0,2376343,0,31.14,31.15,30.7,31.12
603590,康辰药业,40.72,0.12294074256207808,0.04999999999999716,77159927.0,1904900,0,40.67,40.93,40.2,40.67
603595,ST东尼,16.17,-1.5824710894704688,-0.259999999999998,43100850.0,2644200,0,16.4,16.44,16.14,16.43
603596,伯特利,50.9,-1.2417539774932103,-0.6400000000000006,922814801.0,17951118,0,51.03,52.25,50.8,51.54
603598,引力传媒,16.2,-1.3998782714546587,-0.23000000000000043,114705250.0,7030600,0,16.32,16.53,16.19,16.43
603599,广信股份,11.3,-0.1766784452296782,-0.019999999999999574,38571359.0,3413304,0,11.31,11.35,11.27,11.32
603600,永艺股份,12.27,0.0,0.0,59519298.0,4846910,0,12.27,12.42,12.17,12.27
603601,再升科技,10.27,-5.779816513761475,-0.6300000000000008,3815019740.0,346878197,0,10.7,11.89,10.18,10.9
603602,纵横通信,14.18,-0.839160839160846,-0.120000000000001,42953024.0,3012229,0,14.31,14.38,14.17,14.3
603605,珀莱雅,67.88,-1.765557163531113,-1.2199999999999989,240158980.0,3518196,0,69.18,69.18,67.86,69.1
603606,东方电缆,63.24,1.184000000000003,0.740000000000002,584445165.0,9294445,0,61.93,64.18,61.67,62.5
603607,京华激光,25.1,-1.413982717989,-0.35999999999999943,91946996.0,3656776,0,25.32,25.52,24.88,25.46
603608,天创时尚,8.33,0.0,0.0,0.0,0,0,0.0,0.0,0.0,8.33
603609,禾丰股份,7.06,-1.258741258741269,-0.09000000000000075,18941927.0,2665500,0,7.15,7.19,7.05,7.15
603610,麒盛科技,19.4,2.212855637513162,0.41999999999999815,226678455.0,12001897,0,18.94,19.52,18.08,18.98
603611,诺力股份,23.34,-0.2990175138829572,-0.07000000000000028,53651894.0,2293200,0,23.52,23.55,23.27,23.41
603612,索通发展,23.48,0.8158007728638956,0.19000000000000128,290545005.0,12373209,0,23.15,23.78,23.06,23.29
603613,国联股份,27.68,0.3625815808556977,0.10000000000000142,230151101.0,8325685,0,27.5,27.92,27.43,27.58
603615,茶花股份,22.58,-3.1732418524871444,-0.740000000000002,65410151.0,2866500,0,23.32,23.33,22.55,23.32
603616,韩建河山,5.06,-2.1276595744680913,-0.11000000000000032,48651897.0,9589412,0,5.17,5.17,5.03,5.17
603617,君禾股份,7.13,-0.696378830083563,-0.04999999999999982,26721559.0,3743900,0,7.18,7.2,7.11,7.18
603618,杭电股份,8.82,2.4390243902439126,0.21000000000000085,916088510.0,104232200,0,8.56,9.3,8.48,8.61
603619,中曼石油,22.25,-0.5808757819481636,-0.129999999999999,146711745.0,6613901,0,22.45,22.78,21.94,22.38
603626,科森科技,14.62,-3.114645460569918,-0.47000000000000064,797687435.0,53988573,0,15.09,15.09,14.5,15.09
603628,清源股份,13.67,-0.5094614264919962,-0.07000000000000028,121664449.0,8874600,0,13.73,13.93,13.52,13.74
603629,利通电子,26.53,1.2982054219167614,0.33999999999999986,324755570.0,12317000,0,26.25,26.88,25.85,26.19
603630,拉芳家化,20.03,-2.244997559785248,-0.4599999999999973,61603599.0,3057600,0,20.5,20.5,20.02,20.49
603633,徕木股份,9.8,-1.7051153460381134,-0.16999999999999993,71593080.0,7276780,0,9.97,10.0,9.76,9.97
603636,南威软件,11.57,-3.179916317991624,-0.379999999999999,243586107.0,20791139,0,12.01,12.03,11.56,11.95
603637,镇海股份,10.75,0.9389671361502313,0.09999999999999964,27814589.0,2602300,0,10.66,10.77,10.55,10.65
603638,艾迪精密,18.49,-1.8056293149229945,-0.33999999999999986,67141276.0,3604813,0,18.84,18.9,18.48,18.83
603639,海利尔,12.65,-0.8620689655172369,-0.10999999999999943,13454625.0,1060222,0,12.78,12.8,12.61,12.76
603648,畅联股份,10.4,-0.952380952380949,-0.09999999999999964,15674617.0,1500300,0,10.57,10.57,10.39,10.5
603650,彤程新材,46.29,-0.40877796901892804,-0.18999999999999773,1034889065.0,22177957,0,46.07,47.43,45.96,46.48
603655,朗博科技,36.82,-1.339764201500536,-0.5,32766590.0,883900,0,36.96,37.8,36.58,37.32
603656,泰禾智能,21.66,-0.3221352968246677,-0.07000000000000028,24463674.0,1131946,0,21.7,21.9,21.5,21.73
603657,春光科技,30.72,-1.5068932350112292,-0.4700000000000024,50702142.0,1640000,0,31.16,31.28,30.7,31.19
603658,安图生物,35.81,-0.4171301446051128,-0.14999999999999858,36656213.0,1020962,0,35.9,36.0,35.81,35.96
603659,璞泰来,27.28,1.5636634400595744,0.4200000000000017,871237666.0,31890021,0,26.85,27.9,26.71,26.86
603660,苏州科达,9.85,-0.9054325955734392,-0.08999999999999986,218961935.0,22628591,0,9.98,9.98,9.47,9.94
603661,恒林股份,32.41,-1.0079413561392956,-0.3300000000000054,16229842.0,500500,0,32.9,32.9,32.22,32.74
603662,柯力传感,63.45,-1.505743557901271,-0.9699999999999989,188099587.0,2951859,0,64.34,64.34,63.21,64.42
603663,三祥新材,35.83,-3.214478660183697,-1.1900000000000048,368602558.0,10192361,0,37.5,37.5,35.45,37.02
603665,康隆达,30.25,-0.13205678441729662,-0.03999999999999915,40285474.0,1335100,0,30.19,30.39,29.93,30.29
603666,亿嘉和,29.47,-0.8745375042045124,-0.26000000000000156,61658733.0,2079300,0,30.0,30.0,29.38,29.73
603667,五洲新春,49.73,-1.8163869693978314,-0.9200000000000017,1014579571.0,20290868,0,50.5,50.99,49.37,50.65
603668,天马科技,15.97,-2.91793313069908,-0.47999999999999865,226010801.0,14005249,0,16.43,16.45,15.95,16.45
603669,灵康药业,4.68,-1.8867924528301858,-0.08999999999999986,46297610.0,9802743,0,4.74,4.87,4.66,4.77
603676,卫信康,10.96,-0.634632819582942,-0.06999999999999851,10582457.0,961400,0,11.05,11.07,10.95,11.03
603677,奇精机械,17.83,0.5073280721533251,0.08999999999999986,50570162.0,2812700,0,17.75,18.28,17.61,17.74
603678,火炬电子,32.84,-0.6654567453115512,-0.21999999999999886,299325315.0,9104235,0,32.99,33.23,32.64,33.06
603679,华体科技,15.65,-10.005750431282348,-1.7400000000000002,670391739.0,42091159,0,16.35,16.49,15.65,17.39
603680,今创集团,14.31,2.949640287769785,0.41000000000000014,232213587.0,15899004,0,13.88,15.18,13.8,13.9
603681,永冠新材,18.51,1.9273127753304042,0.3500000000000014,123755385.0,6724500,0,18.16,18.68,17.99,18.16
603682,锦和商管,6.47,-1.0703363914373132,-0.07000000000000028,84143906.0,13039200,0,6.6,6.6,6.36,6.54
603683,晶华新材,26.99,-2.5631768953068623,-0.7100000000000009,164537173.0,6106868,0,27.45,27.72,26.45,27.7
603685,晨丰科技,19.8,2.4314536989136184,0.4700000000000024,44263349.0,2254222,0,19.33,19.99,19.24,19.33
603686,福龙马,24.71,-3.8521400778210055,-0.9899999999999984,1136493767.0,45646539,0,25.5,25.57,24.51,25.7
603687,大胜达,9.47,-2.06825232678386,-0.1999999999999993,98642472.0,10350100,0,9.66,9.74,9.44,9.67
603688,石英股份,37.33,1.6889131026968058,0.6199999999999974,443747635.0,11828791,0,36.91,38.34,36.73,36.71
603689,皖天然气,8.21,0.1219512195122142,0.010000000000001563,14086189.0,1713282,0,8.2,8.25,8.18,8.2
603690,至纯科技,30.6,2.546916890080434,0.7600000000000016,1045350016.0,34105046,0,29.72,31.0,29.61,29.84
603693,江苏新能,11.76,-1.093355761143825,-0.13000000000000078,26908350.0,2273055,0,11.9,11.99,11.73,11.89
603696,安记食品,24.44,9.990999099910002,2.2200000000000024,399277869.0,16337065,0,24.44,24.44,24.44,22.22
603697,有友食品,12.89,-0.6933744221879804,-0.08999999999999986,66050987.0,5113040,0,12.96,13.16,12.77,12.98
603698,航天工程,30.93,9.992887624466567,2.8099999999999987,2274289343.0,75903283,0,27.89,30.93,27.02,28.12
603699,纽威股份,50.64,0.178041543026713,0.09000000000000341,165062635.0,3261989,0,50.55,51.0,49.87,50.55
603700,宁水集团,13.11,1.7857142857142752,0.22999999999999865,44036494.0,3367590,0,12.94,13.28,12.85,12.88
603701,德宏股份,20.12,-0.788954635108482,-0.16000000000000014,46570784.0,2317556,0,20.41,20.41,19.91,20.28
603703,盛洋科技,13.19,-5.583392984967796,-0.7800000000000011,737467603.0,54620638,0,14.02,14.14,13.06,13.97
603706,东方环宇,19.43,-0.9683995922528098,-0.19000000000000128,21434625.0,1098000,0,19.65,19.8,19.38,19.62
603707,健友股份,9.23,-0.9656652360515007,-0.08999999999999986,66830386.0,7191026,0,9.34,9.41,9.21,9.32
603708,家家悦,12.61,-3.0000000000000044,-0.39000000000000057,265399400.0,21014889,0,12.88,12.93,12.5,13.0
603709,中源家居,16.39,-3.0751034890597255,-0.5199999999999996,119013096.0,7197550,0,17.03,17.03,16.34,16.91
603711,香飘飘,14.4,-3.678929765886281,-0.5499999999999989,116920462.0,8023100,0,14.94,15.04,14.37,14.95
603712,七一二,18.8,-4.471544715447149,-0.879999999999999,398503930.0,20835951,0,19.67,19.67,18.72,19.68
603713,密尔克卫,55.15,-1.341681574239714,-0.75,64453613.0,1161800,0,55.71,56.16,55.06,55.9
603716,塞力医疗,21.58,-2.7489860297431408,-0.610000000000003,293464540.0,13446033,0,22.2,22.21,21.57,22.19
603717,天域生物,7.68,-1.9157088122605408,-0.15000000000000036,52019217.0,6779620,0,7.8,7.8,7.58,7.83
603718,海利生物,6.25,-1.7295597484276777,-0.11000000000000032,59258948.0,9424700,0,6.31,6.36,6.24,6.36
603719,良品铺子,12.12,-2.2580645161290414,-0.28000000000000114,65526043.0,5374500,0,12.4,12.42,12.09,12.4
603721,*ST天择,18.7,-0.5319148936170288,-0.10000000000000142,28907656.0,1519400,0,18.53,19.35,18.53,18.8
603722,阿科力,36.83,-0.8079719903043476,-0.30000000000000426,27031587.0,732000,0,37.0,37.23,36.78,37.13
603725,天安新材,9.47,-0.3157894736842038,-0.02999999999999936,30895545.0,3259827,0,9.5,9.55,9.38,9.5
603726,朗迪集团,21.84,-0.8174386920980914,-0.17999999999999972,40883595.0,1869392,0,21.9,22.04,21.77,22.02
603727,博迈科,13.9,0.5788712011577429,0.08000000000000007,35942808.0,2581800,0,13.86,14.18,13.83,13.82
603728,鸣志电器,63.59,-1.2730942400248304,-0.8199999999999932,251713494.0,3943981,0,64.41,64.44,63.29,64.41
603729,龙韵股份,16.0,-0.8059516429014199,-0.129999999999999,35495467.0,2226164,0,16.13,16.13,15.78,16.13
603730,岱美股份,7.97,-1.604938271604937,-0.1299999999999999,87214629.0,10847058,0,8.13,8.14,7.95,8.1
603733,仙鹤股份,22.75,0.0,0.0,24152573.0,1058900,0,22.76,22.95,22.7,22.75
603737,三棵树,44.39,-0.04503490204907909,-0.01999999999999602,103166223.0,2318513,0,44.39,44.8,44.11,44.41
603738,泰晶科技,15.21,-1.8709677419354784,-0.28999999999999915,185112656.0,12076494,0,15.49,15.51,15.11,15.5
603739,蔚蓝生物,14.26,-1.0409437890353945,-0.15000000000000036,26185021.0,1831500,0,14.36,14.43,14.2,14.41
603755,日辰股份,33.44,-0.1791044776119471,-0.060000000000002274,37705220.0,1130400,0,33.47,33.67,33.01,33.5
603757,大元泵业,49.9,3.850156087408952,1.8500000000000014,1534490999.0,31316390,0,46.5,52.86,46.05,48.05
603758,秦安股份,17.94,-2.127659574468069,-0.389999999999997,88120462.0,4907870,0,18.31,18.31,17.8,18.33
603759,海天股份,10.25,-0.1947419668938615,-0.019999999999999574,46493930.0,4537980,0,10.27,10.34,10.16,10.27
603766,隆鑫通用,15.52,-1.1464968152866224,-0.17999999999999972,378662368.0,24332490,0,15.5,15.85,15.4,15.7
603767,中马传动,22.84,-3.912494741270508,-0.9299999999999997,188571433.0,8174200,0,23.76,23.76,22.77,23.77
603768,常青股份,11.47,-1.2058570198104979,-0.1399999999999988,16175169.0,1405800,0,11.69,11.69,11.45,11.61
603773,沃格光电,31.83,-2.3020257826887662,-0.75,275431670.0,8546528,0,32.65,33.15,31.69,32.58
603776,永安行,17.82,-2.9411764705882306,-0.5399999999999991,47631485.0,2653291,0,18.3,18.3,17.79,18.36
603777,来伊份,14.3,-1.9876627827278899,-0.28999999999999915,284983831.0,19773802,0,14.69,14.77,14.28,14.59
603778,国晟科技,13.66,4.036557501904031,0.5299999999999994,1137716285.0,83998016,0,13.4,13.93,13.13,13.13
603779,威龙股份,6.55,-1.355421686746986,-0.08999999999999986,33702473.0,5146325,0,6.6,6.64,6.5,6.64
603786,科博达,71.46,-4.465240641711234,-3.3400000000000034,411559384.0,5668425,0,74.46,74.95,70.97,74.8
603787,新日股份,12.91,-1.2996941896024459,-0.16999999999999993,45220270.0,3489500,0,13.15,13.18,12.87,13.08
603788,宁波高发,16.01,-1.4769230769230672,-0.23999999999999844,22440836.0,1392300,0,16.2,16.35,15.97,16.25
603789,*ST星农,5.36,-0.7407407407407414,-0.040000000000000036,8075293.0,1505490,0,5.41,5.41,5.33,5.4
603790,雅运股份,19.71,-0.9547738693467223,-0.18999999999999773,26967320.0,1360300,0,19.8,20.08,19.64,19.9
603797,联泰环保,4.79,1.0548523206751017,0.04999999999999982,51067621.0,10710724,0,4.75,4.87,4.68,4.74
603798,康普顿,15.15,-1.238591916558015,-0.1899999999999995,46732025.0,3071300,0,15.42,15.42,15.1,15.34
603799,华友钴业,65.72,0.16765736930345898,0.10999999999999943,5269042451.0,79836784,0,65.9,67.31,65.0,65.61
603800,洪田股份,54.22,0.6123585080719953,0.3299999999999983,261016440.0,4791100,0,53.61,55.35,53.38,53.89
603801,志邦家居,9.18,-0.7567567567567599,-0.07000000000000028,24726894.0,2687500,0,9.25,9.26,9.17,9.25
603803,瑞斯康达,11.65,-3.8778877887788687,-0.46999999999999886,453399231.0,38522896,0,11.88,12.0,11.57,12.12
603806,福斯特,13.24,-0.8239700374531793,-0.10999999999999943,156013174.0,11750618,0,13.35,13.42,13.21,13.35
603808,歌力思,8.31,-1.6568047337277965,-0.1399999999999988,25946441.0,3116880,0,8.45,8.48,8.27,8.45
603809,豪能股份,12.38,-2.211690363349126,-0.27999999999999936,232350967.0,18700149,0,12.65,12.65,12.34,12.66
603810,丰山集团,16.31,1.1786600496277773,0.18999999999999773,30347202.0,1877088,0,16.04,16.37,15.91,16.12
603811,诚意药业,10.75,-0.9216589861751119,-0.09999999999999964,32251558.0,2996200,0,10.83,10.83,10.7,10.85
603813,*ST原尚,39.34,0.6910673150755134,0.2700000000000031,17261910.0,439500,0,38.84,39.6,38.84,39.07
603815,交建股份,7.59,-4.767879548306147,-0.3799999999999999,314225064.0,41475835,0,7.5,7.75,7.49,7.97
603816,顾家家居,30.81,0.2603319232020771,0.0799999999999983,138314099.0,4499091,0,30.73,31.13,30.3,30.73
603817,海峡环保,7.56,-0.13210039630119783,-0.010000000000000675,297202217.0,39408899,0,7.57,7.72,7.37,7.57
603818,曲美家居,3.61,-2.695417789757415,-0.10000000000000009,45124244.0,12422300,0,3.7,3.72,3.59,3.71
603819,神力股份,11.2,0.35842293906809275,0.03999999999999915,47765442.0,4278374,0,11.12,11.3,11.0,11.16
603822,ST嘉澳,90.09,-2.0760869565217352,-1.9099999999999966,125608430.0,1383165,0,91.0,92.74,89.98,92.0
603823,百合花,15.66,-1.571338780641106,-0.25,86374572.0,5445962,0,15.8,16.08,15.63,15.91
603825,ST华扬,8.65,-1.4806378132118339,-0.129999999999999,18606603.0,2128300,0,8.78,8.85,8.62,8.78
603826,坤彩科技,17.22,0.5253940455341498,0.08999999999999986,73296637.0,4249955,0,17.15,17.53,17.0,17.13
603828,ST柯利达,8.01,-4.982206405693949,-0.41999999999999993,119817986.0,14290671,0,8.79,8.8,8.01,8.43
603829,洛凯股份,27.51,0.36483035388544843,0.10000000000000142,238330910.0,8611724,0,27.29,28.26,26.59,27.41
603833,欧派家居,52.21,-0.11478859766596951,-0.060000000000002274,59027221.0,1131843,0,52.35,52.49,51.95,52.27
603836,海程邦达,14.0,-2.2346368715083815,-0.3200000000000003,95615241.0,6700949,0,14.58,14.69,13.95,14.32
603838,*ST四通,7.34,-1.2113055181695809,-0.08999999999999986,3694851.0,501300,0,7.48,7.48,7.33,7.43
603839,安正时尚,7.86,-2.962962962962955,-0.23999999999999932,45740280.0,5780046,0,8.08,8.11,7.85,8.1
603843,*ST正平,4.46,-4.904051172707898,-0.23000000000000043,251453586.0,55984380,0,4.47,4.62,4.46,4.69
603848,好太太,18.48,-2.7880063124671284,-0.5300000000000011,57612312.0,3110948,0,18.88,18.99,18.32,19.01
603855,华荣股份,19.18,-0.20811654526534418,-0.03999999999999915,21872364.0,1141200,0,19.21,19.21,19.13,19.22
603856,东宏股份,12.36,-0.7228915662650591,-0.08999999999999986,20320946.0,1642900,0,12.43,12.56,12.31,12.45
603858,步长制药,16.4,0.24449877750610727,0.03999999999999915,51326784.0,3130290,0,16.36,16.47,16.33,16.36
603859,能科科技,37.98,-3.6774029926452014,-1.4500000000000028,315201910.0,8215690,0,39.59,39.6,37.85,39.43
603860,中公高科,29.68,-0.13458950201883968,-0.03999999999999915,27325611.0,922100,0,29.83,29.89,29.35,29.72
603861,白云电器,12.41,4.637436762225976,0.5500000000000007,574706921.0,45646978,0,12.05,13.05,12.05,11.86
603863,松炀资源,20.45,0.0,0.0,138311401.0,6821080,0,20.48,20.65,19.96,20.45
603866,桃李面包,5.33,-2.0220588235294175,-0.11000000000000032,90078925.0,16791659,0,5.44,5.46,5.33,5.44
603867,新化股份,24.6,-2.5356576862123497,-0.639999999999997,227176398.0,9051910,0,25.28,26.08,24.56,25.24
603868,飞科电器,36.76,0.7399287476020718,0.269999999999996,200104149.0,5383654,0,36.76,37.82,36.49,36.49
603869,ST智知,10.88,0.834105653382777,0.09000000000000163,17612633.0,1619450,0,10.79,10.98,10.75,10.79
603871,嘉友国际,13.89,-1.6985138004246298,-0.2400000000000002,89647374.0,6409650,0,14.03,14.14,13.87,14.13
603876,鼎胜新材,14.01,7.028265851795264,0.9199999999999999,664090769.0,48103182,0,12.99,14.19,12.97,13.09
603877,太平鸟,15.08,-0.9848982271831934,-0.15000000000000036,33569112.0,2218364,0,15.23,15.29,15.01,15.23
603878,武进不锈,9.72,-2.0161290322580574,-0.1999999999999993,105093957.0,10745122,0,9.88,9.98,9.7,9.92
603879,永悦科技,5.47,-4.703832752613248,-0.27000000000000046,95974403.0,17386982,0,5.72,5.74,5.45,5.74
603880,南卫股份,6.29,-1.4106583072100292,-0.08999999999999986,25047679.0,3999350,0,6.37,6.42,6.16,6.38
603881,数据港,30.05,1.7264725795531535,0.5100000000000016,1044346544.0,34869995,0,29.6,30.55,29.23,29.54
603882,金域医学,27.82,-1.3824884792626748,-0.39000000000000057,100585092.0,3605403,0,28.29,28.34,27.8,28.21
603883,老百姓,15.24,-1.1031797534068781,-0.16999999999999993,101540940.0,6633919,0,15.4,15.43,15.23,15.41
603885,吉祥航空,13.97,0.43134435657800496,0.0600000000000005,236470952.0,17011274,0,13.87,14.03,13.7,13.91
603886,元祖股份,13.91,-1.1371712864250187,-0.16000000000000014,119174999.0,8596600,0,14.07,14.1,13.74,14.07
603887,城地香江,13.41,-0.8869179600886861,-0.11999999999999922,90535197.0,6723096,0,13.56,13.66,13.36,13.53
603888,新华网,18.94,-0.5252100840336023,-0.09999999999999787,59197239.0,3120540,0,19.11,19.12,18.92,19.04
603889,新澳股份,7.56,1.2048192771084318,0.08999999999999986,64943442.0,8555876,0,7.52,7.7,7.51,7.47
603890,春秋电子,16.0,0.692259282567649,0.10999999999999943,324257423.0,20432108,0,15.85,16.15,15.63,15.89
603893,瑞芯微,174.73,-0.5294318569964743,-0.9300000000000068,805110892.0,4589098,0,175.68,177.74,174.26,175.66
603895,天永智能,27.64,-1.2857142857142836,-0.35999999999999943,22529719.0,812350,0,27.99,28.12,27.49,28.0
603896,寿仙谷,19.41,-0.9188361408882068,-0.17999999999999972,12924170.0,663899,0,19.6,19.61,19.4,19.59
603897,长城科技,26.04,-1.735849056603777,-0.46000000000000085,63656294.0,2425800,0,26.32,26.48,25.98,26.5
603898,好莱客,13.31,-1.3343217197924366,-0.17999999999999972,48354224.0,3634422,0,13.4,13.52,13.13,13.49
603899,晨光股份,27.73,-0.7160759040458263,-0.1999999999999993,89438757.0,3218550,0,27.99,27.99,27.58,27.93
603900,莱绅通灵,9.05,-1.2008733624454087,-0.10999999999999943,65183849.0,7183800,0,9.25,9.25,8.97,9.16
603901,永创智能,13.83,-0.14440433212996084,-0.019999999999999574,83417844.0,6068717,0,13.76,13.88,13.63,13.85
603903,中持股份,14.47,-1.631543167912986,-0.2400000000000002,70757177.0,4850588,0,14.87,14.87,14.45,14.71
603906,龙蟠科技,20.53,6.649350649350655,1.2800000000000011,1315844177.0,66038030,0,19.25,20.94,19.0,19.25
603908,牧高笛,23.36,-1.2262156448202923,-0.28999999999999915,25833725.0,1097974,0,23.75,24.12,23.28,23.65
603909,建发合诚,11.66,0.6908462867012095,0.08000000000000007,69646993.0,5987133,0,11.51,11.85,11.39,11.58
603912,佳力图,8.5,2.1634615384615348,0.17999999999999972,163634530.0,19295732,0,8.31,8.62,8.27,8.32
603915,国茂股份,16.62,-1.6568047337277965,-0.2799999999999976,80939552.0,4835900,0,17.02,17.04,16.57,16.9
603916,苏博特,9.71,1.145833333333346,0.11000000000000121,60515935.0,6235080,0,9.64,9.85,9.63,9.6
603917,合力科技,14.62,-1.6150740242261117,-0.2400000000000002,69643760.0,4748523,0,14.86,14.86,14.57,14.86
603918,金桥信息,15.12,-1.7543859649122893,-0.27000000000000135,83737178.0,5509565,0,15.35,15.35,15.11,15.39
603919,金徽酒,19.74,-0.8538422903063873,-0.1700000000000017,60529507.0,3070600,0,19.86,19.95,19.6,19.91
603920,世运电路,42.6,-0.23419203747072928,-0.10000000000000142,879968255.0,20447907,0,42.55,43.66,42.4,42.7
603922,金鸿顺,19.15,-1.186790505675957,-0.23000000000000043,39771195.0,2063740,0,19.38,19.68,19.1,19.38
603926,铁流股份,15.51,-1.9595448798988655,-0.3100000000000005,33202745.0,2122562,0,15.89,15.91,15.48,15.82
603927,中科软,18.84,-0.6852925672113812,-0.129999999999999,85612552.0,4534700,0,19.01,19.03,18.8,18.97
603928,兴业股份,16.73,0.35992801439711286,0.05999999999999872,361798819.0,21415600,0,16.7,17.33,16.45,16.67
603929,亚翔集成,108.31,10.004062563477564,9.850000000000009,864354520.0,8042894,0,102.0,108.31,102.0,98.46
603931,格林达,32.84,-1.233082706766907,-0.4099999999999966,183459129.0,5533115,0,33.48,33.73,32.75,33.25
603933,睿能科技,23.69,-2.9098360655737596,-0.7099999999999973,313660849.0,13010476,0,24.52,24.65,23.55,24.4
603936,博敏电子,11.45,-1.037165082108911,-0.120000000000001,349043792.0,30165567,0,11.72,11.79,11.38,11.57
603937,丽岛新材,11.88,0.33783783783784566,0.040000000000000924,31548993.0,2668000,0,11.88,12.04,11.66,11.84
603938,三孚股份,19.37,9.994321408290753,1.7600000000000016,357799485.0,19131435,0,17.68,19.37,17.68,17.61
603939,益丰药房,22.17,0.4986400725294786,0.11000000000000298,161041589.0,7238766,0,22.13,22.42,22.04,22.06
603948,建业股份,26.08,0.6949806949806939,0.17999999999999972,59283509.0,2272500,0,25.91,26.49,25.71,25.9
603949,雪龙集团,18.23,-1.7250673854447456,-0.3200000000000003,45073058.0,2461900,0,18.42,18.52,18.17,18.55
603950,长源东谷,29.41,-0.6418918918918962,-0.19000000000000128,61264993.0,2087100,0,29.53,29.98,28.9,29.6
603955,大千生态,30.0,-1.1206328279499007,-0.33999999999999986,32533265.0,1083900,0,30.32,30.32,29.82,30.34
603956,威派格,6.27,-1.2598425196850405,-0.08000000000000007,31188148.0,4959096,0,6.38,6.38,6.25,6.35
603958,哈森股份,12.54,-2.2603273577552683,-0.2900000000000009,51257630.0,4071200,0,12.85,12.88,12.48,12.83
603959,百利科技,6.04,-3.6682615629983975,-0.22999999999999954,194270142.0,31681360,0,6.25,6.35,6.03,6.27
603960,克来机电,19.15,-1.794871794871802,-0.3500000000000014,62295844.0,3235400,0,19.43,19.49,19.11,19.5
603966,法兰泰克,10.89,0.926784059314193,0.10000000000000142,67002703.0,6205798,0,10.76,10.95,10.68,10.79
603967,中创物流,12.61,-1.0204081632653124,-0.13000000000000078,38596794.0,3033420,0,12.69,12.98,12.59,12.74
603968,醋化股份,11.15,0.0,0.0,14701289.0,1320500,0,11.11,11.25,11.03,11.15
603969,银龙股份,9.33,0.0,0.0,95581355.0,10232763,0,9.34,9.42,9.24,9.33
603970,中农立华,13.04,-0.07662835249043343,-0.010000000000001563,22400255.0,1712276,0,13.04,13.14,12.99,13.05
603976,正川股份,19.59,-0.8101265822784818,-0.16000000000000014,11217664.0,570900,0,19.79,19.96,19.53,19.75
603977,国泰集团,14.5,-7.229686500319903,-1.1300000000000008,1776367515.0,115698904,0,15.59,16.67,14.3,15.63
603978,深圳新星,28.27,10.000000000000002,2.5700000000000003,421557639.0,15570801,0,25.8,28.27,25.51,25.7
603979,金诚信,73.59,-2.088877062267154,-1.5699999999999932,390700727.0,5251769,0,75.0,75.44,73.47,75.16
603980,吉华集团,5.1,-1.3539651837524234,-0.07000000000000028,35342409.0,6895900,0,5.15,5.17,5.09,5.17
603982,泉峰汽车,8.3,-1.7751479289940661,-0.14999999999999858,51164308.0,6116980,0,8.44,8.5,8.28,8.45
603983,丸美生物,33.0,-2.077151335311581,-0.7000000000000028,73806687.0,2221828,0,33.7,33.75,32.95,33.7
603985,恒润股份,14.68,-0.542005420054201,-0.08000000000000007,85870601.0,5825600,0,14.77,14.84,14.64,14.76
603986,兆易创新,217.1,0.2956666358680525,0.6399999999999864,5370536092.0,24635131,0,216.99,221.33,215.0,216.46
603987,康德莱,8.7,-0.5714285714285796,-0.05000000000000071,25472178.0,2921850,0,8.72,8.77,8.67,8.75
603988,中电电机,24.55,0.4089979550102308,0.10000000000000142,193516669.0,7678600,0,24.8,26.0,24.42,24.45
603989,艾华集团,16.41,0.12202562538132747,0.019999999999999574,39622600.0,2407122,0,16.42,16.62,16.25,16.39
603990,麦迪科技,15.21,-3.9166140240050487,-0.6199999999999992,226137999.0,14694042,0,15.82,15.83,15.16,15.83
603991,至正股份,73.02,-0.9361009361009331,-0.6899999999999977,103487241.0,1404300,0,74.21,75.0,73.0,73.71
603992,松霖科技,39.52,3.4284218790892496,1.3100000000000023,348033674.0,8816802,0,37.93,40.74,37.1,38.21
603993,洛阳钼业,18.5,-0.6444683136412512,-0.120000000000001,3855141520.0,206242565,0,18.72,19.11,18.32,18.62
603995,甬金股份,18.17,-1.9427954668105742,-0.35999999999999943,138212420.0,7559234,0,18.63,18.63,18.15,18.53
603997,继峰股份,14.26,2.737752161383278,0.379999999999999,181998820.0,12821686,0,13.89,14.5,13.8,13.88
603998,方盛制药,11.38,-0.6980802792321122,-0.08000000000000007,49418588.0,4344900,0,11.49,11.53,11.32,11.46
603999,读者传媒,6.92,-1.4245014245014196,-0.09999999999999964,47710149.0,6849600,0,7.04,7.05,6.9,7.02
605001,威奥股份,7.26,-0.2747252747252811,-0.020000000000000462,25375531.0,3491360,0,7.28,7.37,7.21,7.28
605003,众望布艺,23.94,-4.124949939927904,-1.0299999999999976,45569218.0,1870719,0,24.97,25.08,23.88,24.97
605005,合兴股份,19.87,-4.102316602316592,-0.8499999999999979,170274175.0,8487600,0,20.69,20.7,19.77,20.72
605006,山东玻纤,7.26,1.5384615384615303,0.10999999999999943,94179686.0,12889260,0,7.12,7.48,7.09,7.15
605007,五洲特纸,11.71,0.08547008547009884,0.010000000000001563,12387531.0,1055700,0,11.62,11.78,11.62,11.7
605008,长鸿高科,14.95,-1.7739816031537539,-0.27000000000000135,40614655.0,2696560,0,15.22,15.25,14.91,15.22
605009,豪悦护理,31.28,-3.2776747062461413,-1.0600000000000023,102178113.0,3233374,0,32.48,32.48,31.2,32.34
605011,杭州热电,20.04,-0.9391992090954091,-0.19000000000000128,26699800.0,1325900,0,20.23,20.26,20.03,20.23
605016,百龙创园,21.61,0.418215613382899,0.08999999999999986,62261317.0,2879528,0,21.5,21.8,21.33,21.52
605018,长华集团,11.04,-1.0752688172043101,-0.120000000000001,18506453.0,1670800,0,11.16,11.16,11.01,11.16
605020,永和股份,26.49,0.6841505131128838,0.17999999999999972,142183997.0,5360789,0,26.25,26.65,26.25,26.31
605028,世茂能源,26.73,-1.1098779134295254,-0.3000000000000007,28776463.0,1072600,0,27.0,27.25,26.65,27.03
605033,美邦股份,19.17,-0.8277289187790823,-0.1599999999999966,41932061.0,2182643,0,19.38,19.44,19.05,19.33
605050,福然德,12.74,-1.469450889404482,-0.1899999999999995,37476834.0,2930900,0,12.93,12.94,12.7,12.93
605055,迎丰股份,9.37,-3.0020703933747503,-0.2900000000000009,85758895.0,9154100,0,9.52,9.63,9.21,9.66
605056,咸亨国际,17.98,-2.388707926167216,-0.4400000000000013,66411867.0,3666699,0,18.48,18.54,17.93,18.42
605058,澳弘电子,29.88,-1.321003963011896,-0.40000000000000213,69323169.0,2318974,0,30.07,30.1,29.71,30.28
605060,联德股份,36.27,-0.657354149548055,-0.23999999999999488,98903722.0,2719700,0,36.29,36.87,35.9,36.51
605066,天正电气,7.18,-1.1019283746556485,-0.08000000000000007,40075366.0,5555600,0,7.29,7.3,7.16,7.26
605068,明新旭腾,28.86,-0.03463803255975602,-0.010000000000001563,26200151.0,916000,0,28.99,28.99,28.34,28.87
605069,正和生态,10.8,6.1946902654867335,0.6300000000000008,144368358.0,13627270,0,10.3,10.92,10.2,10.17
605077,华康股份,14.75,-0.8069939475453882,-0.11999999999999922,21957536.0,1484030,0,14.88,14.97,14.72,14.87
605080,浙江自然,22.78,-0.34995625546805903,-0.0799999999999983,12372838.0,541760,0,22.8,22.99,22.73,22.86
605081,*ST太和,9.87,-1.7910447761194177,-0.1800000000000015,32682786.0,3308400,0,10.0,10.06,9.64,10.05
605086,龙高股份,39.35,3.8258575197889257,1.4500000000000028,220563106.0,5685140,0,37.81,40.9,36.57,37.9
605088,冠盛股份,33.59,-1.0895170789163646,-0.36999999999999744,71262732.0,2108920,0,34.21,34.21,33.48,33.96
605089,味知香,25.78,-2.4962178517397886,-0.6600000000000001,32439159.0,1251200,0,26.42,26.55,25.72,26.44
605090,九丰能源,36.57,-3.6109646810753757,-1.3699999999999974,1136213811.0,30407307,0,38.13,39.02,35.98,37.94
605098,行动教育,41.72,-2.2721948934176597,-0.9699999999999989,54459551.0,1299918,0,42.69,42.78,41.5,42.69
605099,共创草坪,38.2,-1.18986032074494,-0.45999999999999375,86142158.0,2224372,0,38.51,39.59,38.11,38.66
605100,华丰股份,39.15,-0.35632476457113915,-0.14000000000000057,104816564.0,2670490,0,39.29,39.82,38.5,39.29
605108,同庆楼,19.78,-3.0392156862744977,-0.6199999999999974,135998586.0,6809800,0,20.27,20.29,19.76,20.4
605111,新洁能,33.54,-1.2948793407886927,-0.4399999999999977,219387785.0,6488475,0,33.88,34.09,33.48,33.98
605116,奥锐特,23.01,4.401088929219612,0.9700000000000024,103355224.0,4538400,0,22.04,23.19,22.0,22.04
605117,德业股份,86.85,-1.4971078598162724,-1.3200000000000074,845588551.0,9793996,0,88.19,88.19,84.39,88.17
605118,力鼎光电,29.3,0.6181318681318672,0.17999999999999972,41029649.0,1401521,0,29.1,29.42,28.92,29.12
605122,四方新材,13.48,0.5219985085756919,0.07000000000000028,38326404.0,2859220,0,13.35,13.5,13.3,13.41
605123,派克新材,83.58,-2.3712183156173356,-2.030000000000001,664482989.0,7814974,0,85.61,87.85,83.07,85.61
605128,上海沿浦,36.86,-2.7953586497890353,-1.0600000000000023,108979584.0,2933233,0,38.0,38.0,36.68,37.92
605133,嵘泰股份,31.78,-1.6099071207430218,-0.519999999999996,151141284.0,4744861,0,32.2,32.23,31.68,32.3
605136,丽人丽妆,11.41,-4.916666666666666,-0.5899999999999999,387283298.0,33477283,0,11.81,11.85,11.35,12.0
605138,盛泰集团,6.99,-1.4104372355430135,-0.09999999999999964,16670806.0,2374400,0,7.1,7.12,6.97,7.09
605151,西上海,18.85,-0.7894736842105189,-0.14999999999999858,13068272.0,692253,0,19.0,19.0,18.81,19.0
605155,西大门,16.08,-0.4950495049505065,-0.08000000000000185,24873171.0,1543360,0,16.08,16.29,16.0,16.16
605158,华达新材,7.85,-1.7521902377972538,-0.14000000000000057,17270433.0,2187550,0,7.97,7.99,7.82,7.99
605162,新中港,8.65,-0.23068050749711155,-0.019999999999999574,16310328.0,1883500,0,8.7,8.7,8.62,8.67
605166,聚合顺,10.18,-1.0689990281826962,-0.10999999999999943,20544365.0,2007472,0,10.24,10.31,10.17,10.29
605167,利柏特,13.92,10.0395256916996,1.2699999999999996,724024362.0,55065908,0,12.45,13.92,12.08,12.65
605168,三人行,32.63,0.21498771498771585,0.07000000000000028,138245483.0,4209613,0,32.68,33.5,32.56,32.56
605169,洪通燃气,13.28,-0.8215085884988889,-0.11000000000000121,25716688.0,1927660,0,13.39,13.53,13.22,13.39
605177,东亚药业,18.15,-0.87383943200437,-0.16000000000000014,19850575.0,1092300,0,18.3,18.4,18.05,18.31
605178,时空科技,51.12,0.6893834941894708,0.3499999999999943,166641166.0,3269000,0,50.65,51.98,50.26,50.77
605179,一鸣食品,21.68,-2.7802690582959686,-0.620000000000001,228996934.0,10439400,0,22.75,22.8,21.65,22.3
605180,华生科技,14.26,-0.14005602240896062,-0.019999999999999574,15035786.0,1055434,0,14.28,14.47,14.1,14.28
605183,确成股份,19.25,-0.8753861997940355,-0.1700000000000017,24779167.0,1280900,0,19.43,19.49,19.21,19.42
605186,健麾信息,19.63,-1.4063284781516883,-0.28000000000000114,25765163.0,1307900,0,19.83,19.95,19.56,19.91
605188,国光连锁,20.78,-1.4231499051233263,-0.29999999999999716,275419571.0,13259600,0,21.06,21.37,20.33,21.08
605189,富春染织,15.01,-0.8586525759577329,-0.13000000000000078,22965029.0,1532906,0,15.11,15.16,14.86,15.14
605196,华通线缆,31.83,1.0476190476190421,0.3299999999999983,307356732.0,9686400,0,31.48,32.16,31.09,31.5
605198,安德利,36.45,-0.38261820169445354,-0.14000000000000057,27444333.0,750600,0,36.61,36.9,36.32,36.59
605199,ST葫芦娃,8.96,-3.8626609442060027,-0.35999999999999943,83904922.0,9200503,0,9.32,9.35,8.95,9.32
605208,永茂泰,12.75,-0.6235385814497277,-0.08000000000000007,45362339.0,3549413,0,12.75,12.87,12.71,12.83
605218,伟时电子,18.29,-0.32697547683924943,-0.060000000000002274,26647983.0,1460400,0,18.41,18.41,18.09,18.35
605222,起帆电缆,17.64,-2.271468144044322,-0.41000000000000014,116040672.0,6496600,0,18.0,18.15,17.61,18.05
605228,神通科技,14.51,-3.202134756504339,-0.4800000000000004,105471611.0,7142200,0,15.0,15.16,14.49,14.99
605255,天普股份,149.98,4.522963272701917,6.489999999999981,524909441.0,3452643,0,156.0,157.0,145.56,143.49
605258,协和电子,31.79,-0.5630278385986854,-0.17999999999999972,35600566.0,1118500,0,31.93,32.12,31.61,31.97
605259,绿田机械,21.48,0.04657661853750146,0.010000000000001563,25084108.0,1165600,0,21.5,21.66,21.36,21.47
605266,健之佳,19.54,-1.5120967741935518,-0.3000000000000007,42237825.0,2152006,0,19.84,19.84,19.5,19.84
605268,王力安防,11.06,-1.4260249554367213,-0.16000000000000014,42424613.0,3824300,0,11.15,11.22,11.01,11.22
605277,新亚电子,22.53,-0.04436557231587405,-0.00999999999999801,119588990.0,5287235,0,22.51,22.83,22.42,22.54
605286,同力天启,36.92,-0.7260016133369079,-0.269999999999996,39796016.0,1077000,0,37.56,37.56,36.7,37.19
605287,德才股份,25.91,-1.4454165081780106,-0.379999999999999,117889506.0,4437380,0,26.26,27.27,25.91,26.29
605288,凯迪股份,81.9,-0.07320644216689613,-0.05999999999998806,31708442.0,387900,0,81.96,82.6,81.1,81.96
605289,罗曼股份,67.0,-3.2770319041432026,-2.269999999999996,312627389.0,4747506,0,69.27,69.27,63.21,69.27
605296,神农集团,27.89,-1.5531238969290424,-0.4399999999999977,35687778.0,1270000,0,28.35,28.39,27.87,28.33
605298,必得科技,41.8,-1.2287334593572852,-0.5200000000000031,82619046.0,1975304,0,42.32,42.33,41.41,42.32
605299,舒华体育,11.82,-1.8272425249169344,-0.21999999999999886,224603221.0,18947800,0,11.87,12.04,11.71,12.04
605300,佳禾食品,12.16,-2.0145044319097503,-0.25,38434025.0,3143410,0,12.4,12.48,12.13,12.41
605303,园林股份,17.62,-3.0803080308030735,-0.5599999999999987,81819992.0,4611500,0,18.18,18.3,17.5,18.18
605305,中际联合,42.08,0.6698564593301464,0.28000000000000114,209330097.0,5007484,0,41.62,42.44,41.12,41.8
605318,法狮龙,69.74,-2.2427810485001523,-1.6000000000000085,447141918.0,6307400,0,71.34,73.3,69.35,71.34
605319,无锡振华,21.04,-0.47303689687796313,-0.10000000000000142,58763346.0,2786740,0,21.14,21.29,20.93,21.14
605333,沪光股份,29.09,-0.3425830763960309,-0.10000000000000142,59664836.0,2051923,0,29.16,29.33,28.98,29.19
605336,帅丰电器,15.06,0.3331112591605644,0.05000000000000071,23107636.0,1543657,0,15.08,15.16,14.82,15.01
605337,李子园,12.47,-1.8882769472856034,-0.2400000000000002,100981762.0,8046206,0,12.8,12.92,12.41,12.71
605338,巴比食品,29.13,-1.554579249746539,-0.46000000000000085,129035149.0,4435236,0,29.38,30.1,28.2,29.59
605339,南侨食品,20.72,0.6802721088435403,0.14000000000000057,186590317.0,8934100,0,20.99,21.58,20.33,20.58
605358,立昂微,36.78,0.21798365122615337,0.0799999999999983,1925631535.0,51740603,0,37.5,37.93,36.55,36.7
605365,立达信,27.26,0.850906400295969,0.23000000000000043,448265342.0,16383125,0,26.83,28.2,26.3,27.03
605366,宏柏新材,6.09,0.32948929159801604,0.019999999999999574,52960584.0,8711062,0,6.07,6.13,6.03,6.07
605368,蓝天燃气,7.63,-1.1658031088082883,-0.08999999999999986,52847518.0,6910600,0,7.71,7.71,7.61,7.72
605369,拱东医疗,18.2,0.05497526113247944,0.00999999999999801,18040041.0,994061,0,18.22,18.24,18.06,18.19
605376,博迁新材,64.2,-1.9098548510313216,-1.25,484539766.0,7551579,0,64.72,65.4,63.41,65.45
605377,华旺科技,8.45,-3.096330275229373,-0.27000000000000135,235098400.0,27593945,0,8.72,8.72,8.41,8.72
605378,野马电池,22.68,0.7552199022656515,0.16999999999999815,121127576.0,5359824,0,22.52,22.92,22.1,22.51
605388,均瑶健康,8.03,-3.601440576230501,-0.3000000000000007,169538666.0,20801120,0,8.45,8.47,8.01,8.33
605389,长龄液压,71.26,-1.315607256612642,-0.9499999999999886,89331185.0,1248340,0,72.73,73.77,70.36,72.21
605398,新炬网络,27.72,-0.7874015748031583,-0.22000000000000242,44216006.0,1588800,0,27.91,28.2,27.65,27.94
605399,晨光新材,13.69,1.48257968865826,0.1999999999999993,95657305.0,7004010,0,13.48,13.85,13.43,13.49
605488,福莱新材,31.29,-1.8198933165986877,-0.5800000000000018,108421053.0,3452640,0,31.8,31.81,31.23,31.87
605499,东鹏饮料,273.32,-0.6000654616867418,-1.650000000000034,315309773.0,1155696,0,274.88,277.2,270.5,274.97
605500,森林包装,8.98,0.6726457399103195,0.0600000000000005,46039850.0,5099502,0,8.95,9.22,8.89,8.92
605507,国邦医药,22.7,-1.132404181184676,-0.26000000000000156,56401316.0,2472900,0,22.91,23.02,22.68,22.96
605555,德昌股份,17.4,-2.955939765755723,-0.5300000000000011,97860693.0,5597984,0,17.81,17.94,17.29,17.93
605566,福莱蒽特,28.47,-0.21030494216614887,-0.060000000000002274,26567977.0,940600,0,28.36,28.53,27.96,28.53
605567,春雪食品,11.15,-0.7123775601068573,-0.08000000000000007,44410326.0,3983620,0,11.3,11.33,11.0,11.23
605577,龙版传媒,12.62,-1.1746280344557585,-0.15000000000000036,30280793.0,2383500,0,12.8,12.84,12.6,12.77
605580,恒盛能源,31.29,-9.956834532374103,-3.460000000000001,494786142.0,15284860,0,35.0,35.67,31.28,34.75
605588,冠石科技,50.98,1.4123731848020562,0.7099999999999937,72364073.0,1420609,0,49.9,51.44,49.88,50.27
605589,圣泉集团,27.83,1.3843351548269545,0.379999999999999,539186303.0,19287663,0,27.43,28.2,27.4,27.45
605598,上海港湾,51.44,1.5396762731938436,0.7800000000000011,891893188.0,17155154,0,51.51,54.2,50.19,50.66
605599,菜百股份,16.09,0.0,0.0,47486527.0,2954800,0,16.2,16.2,15.97,16.09
688001,华兴源创,28.69,0.9145269081955735,0.26000000000000156,80004582.0,2789257,0,28.43,28.91,28.25,28.43
688002,睿创微纳,88.86,0.622806024232813,0.5499999999999972,518374051.0,5792512,0,88.39,91.47,87.83,88.31
688003,天准科技,57.11,0.5634794858249698,0.3200000000000003,118877652.0,2068621,0,57.59,58.28,56.7,56.79
688004,博汇科技,24.25,3.9434204886412423,0.9200000000000017,77845568.0,3178264,0,24.49,25.9,23.78,23.33
688005,容百科技,29.54,2.462712452306628,0.7100000000000009,974647331.0,32871281,0,29.08,30.31,29.08,28.83
688006,杭可科技,29.01,2.545068928950168,0.7200000000000024,311384910.0,10720678,0,28.5,29.53,28.46,28.29
688007,光峰科技,16.6,-2.007083825265642,-0.33999999999999986,58178582.0,3476315,0,16.88,16.92,16.59,16.94
688008,澜起科技,120.61,0.17441860465115758,0.20999999999999375,2486269596.0,20551016,0,120.71,122.15,119.8,120.4
688009,中国通号,5.42,-0.3676470588235379,-0.020000000000000462,121665815.0,22310644,0,5.43,5.5,5.41,5.44
688010,福光股份,29.83,-0.5666666666666723,-0.1700000000000017,203758716.0,6726906,0,29.85,31.29,29.4,30.0
688011,新光光电,50.67,1.0167464114832638,0.5100000000000051,107136835.0,2153371,0,50.16,50.98,48.48,50.16
688012,中微公司,272.72,0.0,0.0,0.0,0,0,0.0,0.0,0.0,272.72
688013,天臣医疗,47.36,-2.531385058654052,-1.230000000000004,50894126.0,1062850,0,48.8,48.88,47.26,48.59
688015,交控科技,22.03,-0.45187528242204195,-0.09999999999999787,39334582.0,1785092,0,22.2,22.22,21.79,22.13
688016,心脉医疗,91.49,-1.3691246226822016,-1.2700000000000102,83147972.0,904041,0,92.84,92.87,91.3,92.76
688017,绿的谐波,156.26,-1.939127706306874,-3.0900000000000034,503838411.0,3204291,0,159.24,159.24,155.6,159.35
688018,乐鑫科技,161.34,1.293319939728781,2.0600000000000023,505893640.0,3117362,0,159.8,164.76,159.19,159.28
688019,安集科技,217.03,2.420953279848983,5.1299999999999955,797789302.0,3640126,0,210.15,223.86,210.15,211.9
688020,方邦股份,70.5,1.351351351351348,0.9399999999999977,143952473.0,2032541,0,69.77,71.8,69.15,69.56
688021,奥福科技,18.39,0.9884678747940676,0.17999999999999972,22979533.0,1260976,0,18.2,18.52,17.9,18.21
688022,瀚川智能,14.48,-0.6177076183939592,-0.08999999999999986,31446366.0,2162906,0,14.57,14.71,14.4,14.57
688023,安恒信息,50.39,-1.3894324853228979,-0.7100000000000009,157191952.0,3052332,0,53.2,53.5,50.31,51.1
688025,杰普特,139.26,-2.792126204104426,-4.0,369004714.0,2624218,0,142.13,145.16,138.41,143.26
688026,洁特生物,15.95,-0.6230529595015665,-0.10000000000000142,19281420.0,1208704,0,16.0,16.19,15.82,16.05
688027,国盾量子,518.99,2.966034441710973,14.949999999999989,2600168352.0,4935102,0,520.02,544.98,515.56,504.04
688028,沃尔德,59.99,5.153374233128843,2.940000000000005,675469316.0,11256390,0,57.83,62.28,57.25,57.05
688029,南微医学,83.03,-0.6818181818181737,-0.5699999999999932,112536231.0,1350927,0,83.46,84.08,82.59,83.6
688030,山石网科,17.52,-0.9049773755656116,-0.16000000000000014,35393433.0,2007500,0,17.9,18.08,17.43,17.68
688031,星环科技,96.96,1.126408010012514,1.0799999999999983,1168887665.0,11859263,0,95.88,101.56,95.8,95.88
688032,禾迈股份,95.02,-0.7624020887728501,-0.730000000000004,33696061.0,354167,0,95.56,95.66,94.76,95.75
688033,天宜新材,6.76,-1.6011644832605576,-0.11000000000000032,186680708.0,27126229,0,7.06,7.17,6.74,6.87
688035,德邦科技,50.28,1.8638573743922238,0.9200000000000017,190790704.0,3768027,0,48.96,51.6,48.96,49.36
688036,传音控股,68.25,-3.4653465346534693,-2.450000000000003,808764569.0,11746866,0,70.08,70.49,67.89,70.7
688037,芯源微,145.37,0.25517241379310657,0.37000000000000455,1031838326.0,6995767,0,142.0,151.65,141.16,145.0
688038,中科通达,16.17,-0.18518518518517027,-0.029999999999997584,23291776.0,1452607,0,16.24,16.28,15.89,16.2
688039,当虹科技,42.21,-1.2631578947368403,-0.5399999999999991,65478857.0,1544361,0,42.95,42.95,42.02,42.75
688041,海光信息,219.41,1.965796077702384,4.22999999999999,5069475334.0,23099850,0,213.99,222.37,213.99,215.18
688045,必易微,37.43,-0.42564511838255836,-0.1600000000000037,22102732.0,587657,0,37.48,37.94,37.37,37.59
688046,药康生物,15.07,-1.888020833333328,-0.28999999999999915,41935793.0,2765608,0,15.41,15.41,15.0,15.36
688047,龙芯中科,135.4,-0.9002415282148796,-1.2299999999999898,372971239.0,2743072,0,136.64,137.75,134.95,136.63
688048,长光华芯,142.41,0.9999999999999976,1.4099999999999966,2278121538.0,16077772,0,143.26,147.5,136.21,141.0
688049,炬芯科技,50.57,0.03956478733927424,0.020000000000003126,159314902.0,3146584,0,50.58,50.99,50.23,50.55
688050,爱博医疗,61.25,-0.7132436375425478,-0.4399999999999977,77732886.0,1265633,0,61.4,61.88,61.17,61.69
688051,佳华科技,38.38,-4.002001000500236,-1.5999999999999943,58730785.0,1505002,0,40.38,40.57,38.16,39.98
688052,纳芯微,153.44,2.546280826037561,3.8100000000000023,412234386.0,2689136,0,149.67,154.77,148.7,149.63
688053,ST思科瑞,33.2,-7.700861829302186,-2.769999999999996,163057200.0,4753760,0,35.77,36.16,33.0,35.97
688055,龙腾光电,3.58,-1.1049723756906087,-0.040000000000000036,24680848.0,6844378,0,3.63,3.63,3.57,3.62
688056,莱伯泰科,33.43,0.6018657839301922,0.20000000000000284,16787735.0,502870,0,33.11,33.68,32.97,33.23
688057,金达莱,12.25,-1.2096774193548416,-0.15000000000000036,39248126.0,3184693,0,12.44,12.48,12.23,12.4
688058,宝兰德,26.44,-1.0108573567952062,-0.2699999999999996,27108376.0,1023163,0,26.71,26.88,26.2,26.71
688059,华锐精密,79.4,-0.7127672877328913,-0.5699999999999932,115665010.0,1441515,0,80.41,81.49,78.6,79.97
688060,云涌科技,41.59,0.0721847930702626,0.030000000000001137,9779603.0,235200,0,41.63,42.0,41.19,41.56
688061,灿瑞科技,31.4,-0.6643467257197117,-0.21000000000000085,12012957.0,381214,0,31.56,31.79,31.33,31.61
688062,迈威生物,39.46,0.38158229458152776,0.14999999999999858,135943218.0,3442572,0,39.37,39.93,39.02,39.31
688063,派能科技,57.11,1.7822135091783997,1.0,289758107.0,5059085,0,56.01,58.16,56.01,56.11
688065,凯赛生物,49.0,0.30706243602865624,0.14999999999999858,96566717.0,1975164,0,48.79,49.22,48.6,48.85
688066,航天宏图,26.01,-4.620462046204613,-1.259999999999998,482944004.0,18282079,0,27.27,27.59,25.76,27.27
688067,爱威科技,24.56,-1.0475423045930763,-0.26000000000000156,18098584.0,737866,0,24.9,24.9,24.26,24.82
688068,热景生物,166.1,-1.1368370930301748,-1.9099999999999966,149770039.0,890699,0,168.99,174.38,165.52,168.01
688069,德林海,21.11,-1.8139534883720956,-0.39000000000000057,14173312.0,669078,0,21.48,21.56,21.04,21.5
688070,纵横股份,50.79,-0.1768867924528369,-0.09000000000000341,48217919.0,946009,0,50.41,51.7,50.26,50.88
688071,华依科技,32.34,-3.0575539568345205,-1.019999999999996,68179842.0,2105412,0,33.06,33.2,31.72,33.36
688072,拓荆科技,359.0,-0.7327526614129621,-2.6499999999999773,1757977912.0,4847194,0,360.95,369.65,355.95,361.65
688073,毕得医药,64.58,-0.7377805102981924,-0.480000000000004,20833420.0,322652,0,64.88,65.32,64.18,65.06
688075,安旭生物,38.61,-0.20677177565261903,-0.0799999999999983,9266576.0,240113,0,38.65,38.7,38.43,38.69
688076,ST诺泰,38.72,-1.7508246637909106,-0.6899999999999977,121053933.0,3100943,0,39.62,39.81,38.62,39.41
688077,大地熊,30.72,-0.7431340872374812,-0.23000000000000043,32524321.0,1058239,0,30.61,30.98,30.57,30.95
688078,龙软科技,26.7,-1.5849612974566891,-0.4299999999999997,20342659.0,763026,0,27.19,27.19,26.41,27.13
688079,美迪凯,11.14,-1.153504880212946,-0.129999999999999,28376789.0,2535076,0,11.32,11.32,11.1,11.27
688080,映翰通,50.28,-0.5341246290801109,-0.269999999999996,47402913.0,940676,0,50.51,50.77,50.02,50.55
688081,兴图新科,30.69,2.3000000000000043,0.6900000000000013,89469910.0,2946543,0,29.95,31.3,29.45,30.0
688082,盛美上海,177.7,0.23125951830334288,0.4099999999999966,694016582.0,3873999,0,178.88,181.98,176.72,177.29
688083,中望软件,65.99,-0.22679165406713891,-0.15000000000000568,95795566.0,1442209,0,66.23,67.08,65.82,66.14
688084,晶品特装,73.07,-1.456507080242768,-1.0800000000000125,64997349.0,886372,0,74.54,74.54,72.64,74.15
688085,三友医疗,17.83,-2.247807017543861,-0.41000000000000014,43843178.0,2438614,0,18.24,18.39,17.77,18.24
688087,英科再生,31.93,0.03132832080199878,0.00999999999999801,40958176.0,1277925,0,31.84,32.39,31.5,31.92
688088,虹软科技,47.2,-1.7076218242399004,-0.8200000000000003,192299128.0,4041474,0,47.97,48.4,47.07,48.02
688089,嘉必优,23.94,-0.08347245409014846,-0.019999999999999574,63997898.0,2642177,0,24.29,24.92,23.89,23.96
688090,瑞松科技,39.96,0.25087807325640094,0.10000000000000142,129503338.0,3255284,0,40.38,40.38,39.15,39.86
688091,上海谊众,44.74,1.4052583862194121,0.6200000000000045,125542178.0,2791491,0,44.12,45.52,43.96,44.12
688092,爱科科技,23.85,-0.5835764902042393,-0.13999999999999702,16454063.0,690591,0,23.92,24.0,23.68,23.99
688093,世华科技,35.31,0.39806653397782366,0.14000000000000057,40989979.0,1162478,0,35.17,35.43,35.01,35.17
688095,福昕软件,85.16,0.42452830188679186,0.35999999999999943,129914879.0,1522016,0,84.51,86.2,84.44,84.8
688096,京源环保,7.53,-0.9210526315789395,-0.0699999999999994,28472463.0,3811183,0,7.6,7.61,7.38,7.6
688097,博众精工,33.45,0.8745476477684146,0.29000000000000625,89857266.0,2685406,0,33.16,33.75,32.91,33.16
688098,申联生物,8.94,-1.9736842105263128,-0.17999999999999972,28493822.0,3178599,0,9.2,9.2,8.9,9.12
688099,晶晨股份,87.47,0.7951140815856161,0.6899999999999977,680950429.0,7706957,0,86.4,89.9,86.21,86.78
688100,威胜信息,36.76,0.4920721705850184,0.17999999999999972,63414505.0,1733213,0,36.6,36.85,36.21,36.58
688101,三达膜,16.5,-0.24183796856105896,-0.03999999999999915,27786693.0,1679711,0,16.58,16.66,16.42,16.54
688102,斯瑞新材,32.78,-5.966724039013191,-2.0799999999999983,2185691733.0,65059690,0,34.8,35.6,32.0,34.86
688103,国力电子,60.9,-3.071780996339328,-1.9299999999999997,112630667.0,1823708,0,63.14,63.53,60.66,62.83
688105,诺唯赞,19.64,-1.2072434607645797,-0.23999999999999844,31009654.0,1569565,0,19.82,19.92,19.64,19.88
688106,金宏气体,19.74,0.6116207951070205,0.11999999999999744,130716611.0,6582558,0,19.7,20.16,19.6,19.62
688107,安路科技,25.94,-0.5749329244921372,-0.14999999999999858,71298922.0,2727185,0,26.06,26.49,25.88,26.09
688108,赛诺医疗,17.75,-1.443642420877299,-0.26000000000000156,115648342.0,6471824,0,18.08,18.08,17.69,18.01
688109,品茗科技,126.93,-0.8126904743299148,-1.039999999999992,178041602.0,1404879,0,129.26,129.97,124.06,127.97
688110,东芯股份,118.35,0.6805614632071435,0.7999999999999972,2023360530.0,16978373,0,116.03,121.98,116.03,117.55
688111,金山办公,303.12,-0.15810276679842494,-0.4800000000000182,1034581332.0,3391260,0,303.59,309.5,302.3,303.6
688112,鼎阳科技,37.24,1.8042646254784138,0.6600000000000037,94901507.0,2519098,0,36.83,38.28,36.5,36.58
688113,联测科技,38.44,-0.6974941875484452,-0.2700000000000031,23720321.0,616483,0,38.55,38.88,38.14,38.71
688114,华大智造,63.02,-1.0675039246467812,-0.6799999999999997,102225211.0,1616173,0,63.79,63.79,62.91,63.7
688115,思林杰,61.88,-0.9761561849895973,-0.6099999999999994,14856767.0,239649,0,62.0,62.54,61.11,62.49
688116,天奈科技,46.81,1.8494342906875576,0.8500000000000014,397198305.0,8490568,0,45.95,47.65,45.92,45.96
688117,圣诺生物,39.74,-0.17583521728209064,-0.07000000000000028,91760254.0,2300087,0,39.98,40.44,39.31,39.81
688118,普元信息,24.03,-1.3951579811243326,-0.33999999999999986,29992847.0,1242489,0,24.3,24.62,23.88,24.37
688119,中钢洛耐,5.18,-3.7174721189591113,-0.20000000000000018,220293424.0,41926241,0,5.47,5.53,5.15,5.38
688120,华海清科,159.99,2.099553286534793,3.2900000000000205,1186049802.0,7474575,0,156.0,161.01,154.9,156.7
688121,卓然股份,11.07,1.373626373626377,0.15000000000000036,153908428.0,13679610,0,11.6,11.85,10.88,10.92
688122,西部超导,71.97,-1.1943986820428398,-0.8700000000000045,1306301631.0,18029297,0,72.2,73.77,71.29,72.84
688123,聚辰股份,126.49,1.3135762915498603,1.6400000000000006,562862399.0,4440666,0,125.0,128.92,124.51,124.85
688125,安达智能,108.49,13.613990993821343,13.0,417795705.0,3946844,0,98.31,113.87,94.02,95.49
688126,沪硅产业,21.46,1.7061611374407555,0.35999999999999943,957934079.0,44342896,0,21.25,22.09,20.98,21.1
688127,蓝特光学,36.8,-0.8086253369272353,-0.30000000000000426,181766063.0,4922033,0,37.1,37.38,36.6,37.1
688128,中国电研,29.33,-0.170183798502385,-0.05000000000000071,57341858.0,1951336,0,29.4,29.64,29.19,29.38
688129,东来技术,19.78,-0.5030181086519008,-0.09999999999999787,8172040.0,412430,0,19.98,19.98,19.71,19.88
688130,晶华微,21.1,-0.6123410268487942,-0.129999999999999,11380885.0,537687,0,21.18,21.42,20.98,21.23
688131,皓元医药,71.33,-0.7099109131403188,-0.5100000000000051,131494254.0,1831948,0,71.77,72.6,71.01,71.84
688132,邦彦技术,18.34,-0.9184224743382047,-0.1700000000000017,20226223.0,1094410,0,18.75,18.75,18.27,18.51
688133,泰坦科技,21.54,-0.4621072088724649,-0.10000000000000142,30380452.0,1397954,0,21.64,21.91,21.5,21.64
688135,利扬芯片,27.18,0.7786429365962212,0.21000000000000085,179182081.0,6588190,0,26.8,27.56,26.7,26.97
688136,科兴制药,32.77,1.4237078303930697,0.46000000000000085,75238807.0,2316078,0,32.3,33.1,32.03,32.31
688137,近岸蛋白,41.63,1.9593436198873482,0.8000000000000043,30036099.0,718123,0,40.83,42.48,40.5,40.83
688138,清溢光电,28.4,0.8880994671403198,0.25,104497196.0,3658130,0,28.03,28.89,28.03,28.15
688139,海尔生物,31.03,-0.8942829766847576,-0.2799999999999976,45798580.0,1471527,0,31.34,31.39,30.95,31.31
688141,杰华特,41.3,11.260775862068966,4.18,899064659.0,22230461,0,37.12,42.6,37.06,37.12
688143,长盈通,46.98,-4.49278308599309,-2.210000000000001,441395143.0,9292229,0,48.47,49.6,46.6,49.19
688146,中船特气,41.0,0.8610086100861045,0.3500000000000014,230183299.0,5582011,0,40.65,41.7,40.56,40.65
688147,微导纳米,69.52,2.7035012557246247,1.8299999999999983,588162645.0,8460550,0,67.69,71.0,66.6,67.69
688148,芳源股份,9.52,4.157549234135656,0.379999999999999,342054913.0,36383890,0,9.1,9.74,8.95,9.14
688150,莱特光电,26.74,0.9056603773584847,0.23999999999999844,505012842.0,19148487,0,26.11,27.27,25.34,26.5
688151,华强科技,19.57,-0.6598984771573554,-0.129999999999999,15727369.0,801748,0,19.76,19.76,19.52,19.7
688152,麒麟信安,40.46,-3.3213859020310648,-1.3900000000000006,88111368.0,2138329,0,41.87,42.58,40.3,41.85
688153,唯捷创芯,36.66,1.4669249930805257,0.529999999999994,144612293.0,3922974,0,36.39,37.52,36.1,36.13
688155,先惠技术,58.53,0.18829168093118698,0.10999999999999943,109494116.0,1856383,0,58.42,60.23,58.02,58.42
688156,路德科技,16.02,-3.377563329312417,-0.5599999999999987,52086837.0,3245086,0,16.6,16.66,15.66,16.58
688157,松井股份,37.4,-2.3498694516971246,-0.8999999999999986,231909097.0,6155093,0,37.02,39.2,36.42,38.3
688158,优刻得,24.64,-2.6856240126382294,-0.6799999999999997,423598973.0,17060376,0,25.33,25.45,24.44,25.32
688159,有方科技,49.27,-0.2429641627859839,-0.11999999999999744,130179308.0,2628066,0,49.46,50.31,48.94,49.39
688160,步科股份,96.08,-3.920000000000002,-3.9200000000000017,147377033.0,1509808,0,100.0,100.01,95.8,100.0
688161,威高骨科,27.93,-0.6049822064057,-0.1700000000000017,18201138.0,651246,0,28.0,28.12,27.82,28.1
688162,巨一科技,30.76,2.8418589100635288,0.8500000000000014,61509657.0,2005574,0,29.79,31.1,29.79,29.91
688163,赛伦生物,21.94,-1.0820559062218145,-0.23999999999999844,9653998.0,438371,0,22.25,22.25,21.88,22.18
688165,埃夫特,19.82,-0.8008008008008015,-0.16000000000000014,73572552.0,3703686,0,19.89,20.11,19.71,19.98
688166,博瑞医药,49.29,-1.5184815184815146,-0.759999999999998,241010034.0,4831761,0,50.06,50.65,49.1,50.05
688167,炬光科技,178.25,-0.41899441340782123,-0.75,1082468050.0,6102284,0,177.07,183.83,172.68,179.0
688168,安博通,75.95,-3.100280683847911,-2.4299999999999926,92767064.0,1191846,0,78.97,79.46,75.8,78.38
688169,石头科技,152.68,-1.3376413570274592,-2.069999999999993,378860770.0,2478274,0,154.06,154.99,152.0,154.75
688170,德龙激光,31.42,0.7374158384097481,0.23000000000000043,110772059.0,3525395,0,31.13,32.19,30.95,31.19
688171,纬德信息,41.82,-1.5536723163841728,-0.6599999999999966,26764564.0,638788,0,42.06,42.96,41.64,42.48
688172,燕东微,27.95,0.9025270758122743,0.25,420077467.0,15165513,0,27.29,28.47,26.93,27.7
688173,希荻微,14.5,-1.8280297901150953,-0.2699999999999996,111661172.0,7663517,0,14.77,14.88,14.45,14.77
688175,高凌信息,27.93,-1.6549295774647848,-0.46999999999999886,51648497.0,1847784,0,28.54,28.63,27.61,28.4
688176,亚虹医药,11.01,-1.7841213202497863,-0.20000000000000107,84455857.0,7611847,0,11.2,11.28,11.0,11.21
688177,百奥泰,23.85,2.979274611398969,0.6900000000000013,84319427.0,3512511,0,23.26,24.6,23.13,23.16
688178,万德斯,24.6,-0.6863140896245383,-0.16999999999999815,6106609.0,248157,0,24.58,24.93,24.47,24.77
688179,阿拉丁,12.6,-0.15847860538826922,-0.019999999999999574,43979628.0,3485012,0,12.63,12.81,12.48,12.62
688180,君实生物,34.9,-0.028645087367510775,-0.00999999999999801,185929586.0,5312975,0,35.0,35.49,34.57,34.91
688181,八亿时空,34.01,1.220238095238085,0.4099999999999966,155764831.0,4570954,0,33.35,34.49,33.33,33.6
688182,灿勤科技,26.89,1.9332827899924248,0.5100000000000016,199391940.0,7361503,0,26.38,27.57,26.21,26.38
688183,生益电子,100.9,0.1290066488042172,0.13000000000000966,1718074652.0,16814725,0,101.3,104.36,100.06,100.77
688184,ST帕瓦,9.31,-2.3084994753410166,-0.21999999999999886,5950906.0,631210,0,9.53,9.59,9.29,9.53
688185,康希诺,63.41,-1.5983860955928013,-1.0300000000000011,87760371.0,1370458,0,64.39,65.2,63.1,64.44
688186,广大特材,22.82,-1.4680483592400686,-0.33999999999999986,132069297.0,5763805,0,23.03,23.16,22.75,23.16
688187,时代电气,49.93,0.482994566311133,0.240000000000002,185459863.0,3720593,0,49.5,50.29,49.25,49.69
688188,柏楚电子,130.19,-0.913311515336014,-1.1999999999999886,190154776.0,1451843,0,131.68,132.45,130.01,131.39
688189,南新制药,8.1,-1.219512195121947,-0.09999999999999964,37311772.0,4610319,0,8.23,8.23,8.02,8.2
688190,云路股份,97.99,-0.839910949200565,-0.8299999999999983,47812979.0,484074,0,99.5,101.26,97.85,98.82
688191,智洋创新,30.7,-1.349614395886895,-0.4200000000000017,49333013.0,1593181,0,30.79,31.38,30.62,31.12
688192,迪哲医药,59.87,2.6049700085689733,1.519999999999996,126085828.0,2109066,0,58.62,60.58,58.16,58.35
688193,仁度生物,48.64,-2.053966975432936,-1.019999999999996,34677059.0,716924,0,49.76,49.76,47.64,49.66
688195,腾景科技,180.0,8.859993952222563,14.650000000000006,2559870177.0,14721577,0,165.74,188.0,158.29,165.35
688196,卓越新能,54.66,-2.6015680684248057,-1.4600000000000009,67751870.0,1231823,0,56.11,56.29,54.52,56.12
688197,首药控股,36.72,-0.8371590602214481,-0.3100000000000023,18655181.0,505999,0,37.5,37.5,36.6,37.03
688198,佰仁医疗,109.53,0.2562929061784907,0.28000000000000114,42860029.0,391756,0,109.26,110.33,108.5,109.25
688199,久日新材,24.86,1.9270192701926974,0.46999999999999886,116387392.0,4704366,0,24.23,25.1,24.2,24.39
688200,华峰测控,185.18,2.462236485364919,4.450000000000017,506679708.0,2711276,0,181.51,191.95,180.0,180.73
688201,信安世纪,12.78,-1.8433179723502322,-0.2400000000000002,70567136.0,5465322,0,13.17,13.22,12.75,13.02
688202,美迪西,56.99,0.15817223198594627,0.09000000000000341,118309424.0,2068508,0,57.71,58.09,56.31,56.9
688203,海正生材,12.36,-0.9615384615384694,-0.120000000000001,19589173.0,1581407,0,12.44,12.55,12.2,12.48
688205,德科立,157.99,2.5176821750697522,3.8799999999999955,2914640151.0,18802288,0,154.14,164.38,146.27,154.11
688206,概伦电子,34.8,-0.5145797598627779,-0.17999999999999972,109888876.0,3128228,0,35.01,35.62,34.7,34.98
688207,格灵深瞳,14.98,-1.7704918032786856,-0.2699999999999996,49452317.0,3287959,0,15.18,15.3,14.93,15.25
688208,道通科技,35.83,-0.13935340022297732,-0.05000000000000426,285086791.0,7913170,0,35.88,36.36,35.67,35.88
688209,英集芯,20.17,-1.1758941695247351,-0.23999999999999844,131018992.0,6457063,0,20.35,20.54,20.11,20.41
688210,统联精密,51.19,7.1368773545416415,3.4099999999999966,333607551.0,6633388,0,48.33,52.0,47.98,47.78
688211,中科微至,30.46,-0.717079530638849,-0.21999999999999886,8171558.0,266903,0,30.6,30.88,30.43,30.68
688212,澳华内镜,44.9,-3.149266609145817,-1.4600000000000009,60285585.0,1314506,0,46.2,46.54,44.9,46.36
688213,思特威,90.99,-0.2521376891032712,-0.23000000000000398,504625877.0,5546829,0,90.98,92.0,89.8,91.22
688215,瑞晟智能,73.25,2.8936648405674985,2.0600000000000023,68578714.0,948385,0,71.5,73.48,70.53,71.19
688216,气派科技,21.82,-1.356238698010853,-0.3000000000000007,20359630.0,926524,0,22.05,22.43,21.73,22.12
688217,睿昂基因,26.17,-0.4942965779467643,-0.129999999999999,12501781.0,478333,0,26.22,26.48,25.87,26.3
688218,江苏北人,22.15,3.5530621785881156,0.759999999999998,101566955.0,4605263,0,21.29,22.4,21.29,21.39
688219,会通股份,11.89,-0.08403361344537635,-0.009999999999999787,58264534.0,4909279,0,11.9,11.95,11.79,11.9
688220,翱捷科技,81.06,2.0264317180616733,1.6099999999999994,580989482.0,7223292,0,78.91,82.69,78.1,79.45
688221,前沿生物,20.31,0.5445544554455417,0.10999999999999943,214028122.0,10654688,0,20.17,20.66,19.51,20.2
688222,成都先导,23.89,-0.5826050769871017,-0.14000000000000057,206773730.0,8684882,0,23.99,24.13,23.48,24.03
688223,晶科能源,5.37,-1.2867647058823581,-0.07000000000000028,264704305.0,49020423,0,5.45,5.46,5.36,5.44
688225,亚信安全,17.93,-1.1576626240352859,-0.21000000000000085,63082466.0,3465158,0,18.97,18.97,17.89,18.14
688226,威腾电气,38.41,-2.487941101802498,-0.980000000000004,132508424.0,3416936,0,39.48,39.48,38.25,39.39
688227,品高股份,65.64,-0.39453717754173767,-0.2600000000000051,316769927.0,4768961,0,65.87,68.87,64.65,65.9
688228,开普云,208.67,-1.3567174056915972,-2.8700000000000045,299854923.0,1426109,0,211.54,215.88,207.51,211.54
688229,博睿数据,60.76,-0.9293983368661345,-0.5700000000000003,29998749.0,491871,0,60.62,61.98,60.39,61.33
688230,芯导科技,64.16,-2.1205186880244096,-1.3900000000000006,43105558.0,665855,0,66.3,66.3,64.11,65.55
688231,隆达股份,25.42,-0.7031249999999989,-0.17999999999999972,121513597.0,4783790,0,25.59,25.82,25.01,25.6
688232,新点软件,24.98,-0.5573248407643334,-0.14000000000000057,16536233.0,660882,0,25.11,25.33,24.92,25.12
688233,神工股份,70.07,5.861912675630753,3.8799999999999955,903799851.0,13255618,0,66.12,71.71,64.94,66.19
688234,天岳先进,86.24,-0.023185717597971518,-0.020000000000010232,566218397.0,6493280,0,86.28,88.58,85.32,86.26
688235,百济神州,276.69,0.871308786000724,2.3899999999999864,397136931.0,1435709,0,274.99,278.8,273.8,274.3
688236,春立医疗,23.85,-0.624999999999994,-0.14999999999999858,21862151.0,915741,0,24.1,24.13,23.72,24.0
688237,超卓航科,47.92,-1.6420361247947397,-0.7999999999999972,54861203.0,1137833,0,48.5,48.96,47.63,48.72
688238,和元生物,6.74,-1.0279001468428692,-0.0699999999999994,28938735.0,4262592,0,6.81,6.85,6.73,6.81
688239,航宇科技,58.86,-3.190789473684207,-1.9399999999999977,504088023.0,8557167,0,60.81,61.0,57.5,60.8
688244,永信至诚,23.78,-0.6683375104427741,-0.16000000000000014,165785763.0,6667151,0,25.5,25.97,23.6,23.94
688246,嘉和美康,24.56,-4.879938032532926,-1.2600000000000016,136202886.0,5452533,0,25.2,25.72,24.41,25.82
688247,宣泰医药,9.96,-0.10030090270812222,-0.009999999999999787,14925948.0,1498112,0,9.95,10.03,9.92,9.97
688248,南网科技,43.61,-1.8897637795275666,-0.8400000000000034,131938366.0,2996447,0,44.45,44.54,43.52,44.45
688249,晶合集成,35.69,-1.1083402604599768,-0.4000000000000057,1197495074.0,33450478,0,35.79,36.55,35.33,36.09
688251,井松智能,29.99,0.06673340006673198,0.019999999999999574,68823860.0,2296580,0,30.25,30.57,29.51,29.97
688252,天德钰,21.38,-0.5118659841786851,-0.10999999999999943,59003691.0,2746845,0,21.59,21.64,21.26,21.49
688253,英诺特,30.86,-1.0580314203270338,-0.33000000000000185,32131870.0,1036165,0,31.18,31.37,30.86,31.19
688255,凯尔达,33.75,0.7462686567164178,0.25,38362402.0,1133313,0,33.33,34.15,33.2,33.5
688256,寒武纪,1335.7,3.9641336581645015,50.930000000000064,11781146443.0,8872026,0,1278.2,1350.0,1275.1,1284.77
688257,新锐股份,31.59,0.0,0.0,76299401.0,2408627,0,31.6,32.0,31.35,31.59
688258,卓易信息,67.79,1.4516611792876581,0.9700000000000131,261805198.0,3866700,0,66.13,69.24,66.13,66.82
688259,创耀科技,40.48,-1.0026901442895664,-0.4100000000000037,62602922.0,1538365,0,40.63,41.38,40.3,40.89
688260,昀冢科技,28.94,-0.7544581618655654,-0.21999999999999886,99878152.0,3432596,0,29.0,29.45,28.75,29.16
688261,东微半导,66.9,0.6772009029345415,0.45000000000000284,161792686.0,2420552,0,66.65,67.76,65.8,66.45
688262,国芯科技,28.78,-0.792830058600484,-0.23000000000000043,238231731.0,8166675,0,29.09,29.82,28.7,29.01
688265,南模生物,41.67,0.40963855421687156,0.1700000000000017,14757957.0,355484,0,41.5,41.78,41.1,41.5
688266,泽璟制药,101.01,-0.3747904132557407,-0.37999999999999545,121081949.0,1191181,0,101.24,103.09,100.35,101.39
688267,中触媒,27.16,-2.0202020202020154,-0.5599999999999987,45012222.0,1648304,0,27.8,27.8,27.04,27.72
688268,华特气体,60.28,1.2258606213266232,0.730000000000004,224222754.0,3690177,0,59.39,61.75,59.2,59.55
688269,凯立新材,38.7,2.652519893899204,1.0,68783574.0,1773759,0,37.7,39.49,37.51,37.7
688270,臻镭科技,107.55,-4.391501466797046,-4.939999999999998,3839822965.0,34982396,0,112.0,117.8,105.0,112.49
688271,联影医疗,125.5,-2.258566978193151,-2.9000000000000057,614576537.0,4860982,0,128.43,128.43,125.4,128.4
688272,富吉瑞,28.72,3.907380607814755,1.0799999999999983,84304512.0,2996552,0,27.37,28.98,27.37,27.64
688273,麦澜德,35.58,-0.33613445378152534,-0.12000000000000455,17940868.0,502168,0,35.69,36.13,35.5,35.7
688275,万润新能,75.27,5.331654072208232,3.8100000000000023,610737333.0,8196550,0,71.86,78.56,71.03,71.46
688276,百克生物,18.94,-1.2513034410844548,-0.23999999999999844,48071718.0,2532115,0,19.18,19.24,18.89,19.18
688277,天智航,14.52,-1.4925373134328401,-0.22000000000000064,38703327.0,2641878,0,14.87,14.87,14.52,14.74
688278,特宝生物,84.75,0.36712458550450294,0.3100000000000023,61843992.0,732114,0,84.52,84.93,84.0,84.44
688279,峰岹科技,185.04,-0.2802328087950044,-0.5200000000000102,81959671.0,440072,0,187.0,188.25,184.1,185.56
688280,精进电动,8.32,-0.7159904534606264,-0.0600000000000005,76897704.0,9248128,0,8.38,8.43,8.24,8.38
688281,华秦科技,66.08,-3.5610040863981283,-2.4399999999999977,156101787.0,2335628,0,67.7,68.38,65.6,68.52
688282,理工导航,53.7,-0.7943838906336591,-0.4299999999999997,46449846.0,862668,0,54.15,54.73,53.26,54.13
688283,坤恒顺维,33.3,-4.9114791547687195,-1.720000000000006,87378602.0,2579237,0,35.3,35.3,33.15,35.02
688285,高铁电气,8.68,-0.5727376861397561,-0.05000000000000071,9796038.0,1125366,0,8.71,8.77,8.63,8.73
688286,敏芯股份,75.15,-0.19920318725098468,-0.14999999999999147,73132414.0,973935,0,75.56,75.87,74.4,75.3
688287,*ST观典,6.25,2.459016393442629,0.15000000000000036,28995590.0,4664800,0,6.09,6.38,6.09,6.1
688288,鸿泉技术,27.23,0.29465930018416886,0.08000000000000185,38116243.0,1402109,0,27.15,27.5,26.9,27.15
688289,圣湘生物,19.1,0.15731515469324142,0.030000000000001137,46180409.0,2418375,0,19.05,19.19,19.02,19.07
688290,景业智能,56.35,-8.09003425216115,-4.960000000000001,215681604.0,3743883,0,60.5,60.53,56.31,61.31
688291,金橙子,36.69,-3.1926121372031684,-1.2100000000000009,102530414.0,2768764,0,37.9,37.9,36.6,37.9
688292,浩瀚深度,28.51,-2.9942157196325243,-0.879999999999999,236670131.0,8325168,0,30.0,30.14,27.76,29.39
688293,奥浦迈,52.34,0.057350411011281084,0.030000000000001137,22227706.0,423264,0,52.34,53.09,51.82,52.31
688295,中复神鹰,26.78,-0.037327360955573013,-0.00999999999999801,105637017.0,3927263,0,26.87,27.2,26.58,26.79
688296,和达科技,13.25,-1.486988847583638,-0.1999999999999993,19023076.0,1434916,0,13.54,13.54,13.11,13.45
688297,中无人机,44.87,-2.3291249455811935,-1.0700000000000003,208688232.0,4607475,0,45.91,46.0,44.81,45.94
688298,东方生物,23.92,-1.604278074866298,-0.389999999999997,24644126.0,1020613,0,24.33,24.36,23.91,24.31
688299,长阳科技,17.19,0.7029876977152958,0.120000000000001,125089747.0,7236206,0,17.07,17.58,16.96,17.07
688300,联瑞新材,61.91,4.967785690064428,2.9299999999999997,503852987.0,8213374,0,58.95,62.51,58.95,58.98
688301,奕瑞科技,104.05,-1.2433561123766157,-1.3100000000000023,152277216.0,1460102,0,104.62,105.35,103.68,105.36
688302,海创药业,52.3,-0.019116803670436083,-0.010000000000005116,78407239.0,1498433,0,52.21,52.96,51.66,52.31
688303,大全能源,26.97,-1.3172338090010958,-0.35999999999999943,226513553.0,8368132,0,27.39,27.48,26.83,27.33
688305,科德数控,56.06,-0.6908768821966351,-0.39000000000000057,54227025.0,965276,0,56.19,56.68,55.88,56.45
688306,均普智能,10.54,-1.770736253494886,-0.19000000000000128,66307100.0,6243542,0,10.68,10.75,10.54,10.73
688307,中润光学,44.94,0.3125000000000013,0.14000000000000057,179076804.0,3949284,0,44.62,46.49,44.45,44.8
688308,欧科亿,31.1,4.117843990626048,1.2300000000000004,189379364.0,6136669,0,29.87,31.67,29.11,29.87
688309,恒誉环保,23.46,-0.677392040643523,-0.16000000000000014,20261450.0,865542,0,23.59,23.63,23.2,23.62
688310,迈得医疗,15.09,-0.19841269841269418,-0.02999999999999936,41727390.0,2731884,0,15.27,15.78,15.04,15.12
688311,盟升电子,38.43,-6.9040697674418645,-2.8500000000000014,521321435.0,13226741,0,41.28,41.29,38.11,41.28
688312,燕麦科技,32.39,1.5360501567398184,0.490000000000002,98019756.0,3029779,0,32.0,32.79,31.7,31.9
688313,仕佳光子,96.05,-1.396160558464223,-1.3599999999999994,2334280919.0,23972794,0,98.0,101.0,94.85,97.41
688314,康拓医疗,31.97,-0.09375000000000355,-0.030000000000001137,12016134.0,375359,0,31.96,32.19,31.75,32.0
688315,诺禾致源,13.37,-1.3284132841328522,-0.1800000000000015,26084031.0,1942246,0,13.58,13.58,13.3,13.55
688316,青云科技,57.1,-0.5399756140045204,-0.30999999999999517,41139462.0,716746,0,57.41,58.0,56.97,57.41
688317,之江生物,20.26,-1.6982047549733037,-0.34999999999999787,20127271.0,987338,0,20.57,20.72,20.22,20.61
688318,财富趋势,128.18,-0.9428129829984535,-1.2199999999999989,245856120.0,1905625,0,129.47,130.5,128.02,129.4
688319,欧林生物,25.65,-1.1179645335389463,-0.2900000000000027,96453546.0,3767606,0,25.8,25.9,25.33,25.94
688320,禾川科技,31.73,-2.5192012288786385,-0.8199999999999967,78855762.0,2460132,0,32.6,32.8,31.71,32.55
688321,微芯生物,28.56,0.35137034434292996,0.09999999999999787,219129415.0,7609362,0,28.49,29.1,28.38,28.46
688322,奥比中光,81.23,-0.5387535202644762,-0.4399999999999977,264071197.0,3248147,0,81.88,82.0,80.83,81.67
688323,瑞华泰,19.36,-3.2967032967032974,-0.6600000000000001,322468515.0,16239905,0,20.35,20.65,19.2,20.02
688325,赛微微电,93.0,-1.8469656992084433,-1.75,72297771.0,766183,0,94.0,95.91,92.7,94.75
688326,经纬恒润,111.14,-4.131803674631248,-4.790000000000006,477446261.0,4177669,0,113.0,119.79,110.6,115.93
688327,云从科技,13.82,-1.356174161313344,-0.1899999999999995,191379214.0,13802359,0,13.96,14.03,13.78,14.01
688328,深科达,26.57,0.03765060240964444,0.010000000000001563,68970625.0,2582859,0,26.22,27.15,26.22,26.56
688329,艾隆科技,21.19,-2.0342117429495965,-0.4399999999999977,24644027.0,1161526,0,21.63,21.75,21.01,21.63
688330,宏力达,35.02,-0.8212970829793236,-0.28999999999999915,40590091.0,1153962,0,35.17,35.34,35.01,35.31
688331,荣昌生物,80.17,0.32536603679139675,0.2600000000000051,310376296.0,3859715,0,80.0,81.36,79.71,79.91
688332,中科蓝讯,126.35,-0.11068068622025501,-0.14000000000000057,207158595.0,1638594,0,126.01,127.99,125.28,126.49
688333,铂力特,89.87,-3.355199483815454,-3.1199999999999903,1851998131.0,20186058,0,93.0,95.3,89.2,92.99
688334,西高院,19.07,-0.9865005192108062,-0.19000000000000128,30657198.0,1603081,0,19.3,19.31,19.03,19.26
688335,复洁科技,22.44,0.08920606601248694,0.019999999999999574,62329509.0,2767726,0,22.52,22.95,22.06,22.42
688336,三生国健,59.93,0.0,0.0,159037886.0,2639728,0,59.93,60.97,59.53,59.93
688337,普源精电,36.68,-0.676956404007582,-0.25,45235065.0,1228398,0,37.0,37.26,36.36,36.93
688338,赛科希德,25.81,-0.3089996137504899,-0.08000000000000185,8031665.0,310690,0,25.83,26.02,25.75,25.89
688339,亿华通,27.43,-2.7304964539007077,-0.7699999999999996,93833650.0,3382561,0,28.01,28.24,27.4,28.2
688343,云天励飞,70.26,-0.42517006802720686,-0.29999999999999716,331833813.0,4710040,0,70.9,71.2,69.55,70.56
688345,博力威,31.26,0.903808908973535,0.28000000000000114,26629840.0,857268,0,30.95,31.42,30.61,30.98
688347,华虹公司,104.96,0.36335819468349156,0.37999999999999545,1627396312.0,15520845,0,104.0,106.64,102.9,104.58
688348,昱能科技,50.68,-0.33431661750246155,-0.1700000000000017,52415112.0,1030967,0,50.91,51.46,50.52,50.85
688349,三一重能,25.64,-1.4604150653343544,-0.379999999999999,60152405.0,2330569,0,25.92,26.17,25.5,26.02
688350,富淼科技,23.16,1.5789473684210502,0.35999999999999943,28483667.0,1243672,0,22.61,23.35,22.51,22.8
688351,微电生理,23.42,-0.8467400508044001,-0.1999999999999993,87758261.0,3744421,0,23.57,23.79,23.21,23.62
688352,颀中科技,12.77,0.23547880690737333,0.02999999999999936,115674632.0,9032656,0,12.74,12.96,12.61,12.74
688353,华盛锂电,104.3,11.515021918101139,10.769999999999996,1856180839.0,18411251,0,93.6,107.58,92.12,93.53
688355,明志科技,17.21,-0.1740139211136751,-0.029999999999997584,14442289.0,841284,0,17.2,17.32,17.03,17.24
688356,键凯科技,81.59,-1.2227602905568897,-1.009999999999991,15550467.0,189729,0,82.5,82.73,81.37,82.6
688357,建龙微纳,32.04,0.21895527056615666,0.07000000000000028,25238647.0,785878,0,32.07,32.57,31.68,31.97
688358,祥生医疗,30.09,-1.3119055428009139,-0.3999999999999986,17258450.0,571731,0,30.48,30.5,29.9,30.49
688359,三孚新科,71.98,3.807326218632824,2.6400000000000006,134730528.0,1892472,0,69.34,72.97,68.73,69.34
688360,德马科技,21.17,-0.3295668549905684,-0.06999999999999673,66606819.0,3121054,0,21.6,21.67,21.14,21.24
688361,中科飞测,160.96,4.181229773462788,6.460000000000008,1282738773.0,8001606,0,154.0,168.0,153.82,154.5
688362,甬矽电子,32.09,-0.34161490683229634,-0.10999999999999943,159179896.0,4950916,0,32.03,32.55,31.82,32.2
688363,华熙生物,43.45,-1.3620885357548111,-0.5999999999999943,103934756.0,2383855,0,44.11,44.17,43.37,44.05
688365,光云科技,15.34,-0.5832793259883334,-0.08999999999999986,139037722.0,9045939,0,15.44,15.54,15.21,15.43
688366,昊海生科,44.27,-1.3591800356506225,-0.6099999999999994,36592846.0,824386,0,44.92,45.0,44.08,44.88
688367,工大高科,27.64,-2.193913658881815,-0.620000000000001,55722726.0,2009354,0,27.85,28.78,27.42,28.26
688368,晶丰明源,107.48,-3.0751194877806807,-3.4099999999999966,139141339.0,1288169,0,110.25,110.25,107.07,110.89
688369,致远互联,22.56,-1.2691466083151102,-0.2900000000000027,47916908.0,2108631,0,22.81,22.98,22.45,22.85
688370,丛麟科技,24.13,-2.46564268391269,-0.6099999999999994,12038369.0,493877,0,24.86,24.86,24.1,24.74
688371,菲沃泰,18.97,-1.300728407908429,-0.25,52918179.0,2774965,0,19.13,19.27,18.91,19.22
688372,伟测科技,102.37,-0.553720613949867,-0.5699999999999932,299127362.0,2908200,0,103.19,104.99,101.53,102.94
688373,盟科药业,6.05,-1.785714285714291,-0.11000000000000032,39999885.0,6587991,0,6.16,6.16,6.03,6.16
688375,国博电子,73.35,-5.840821566110412,-4.550000000000011,499107935.0,6667345,0,77.18,78.08,72.9,77.9
688376,美埃科技,64.2,20.000000000000007,10.700000000000003,579508146.0,9299458,0,53.62,64.2,53.62,53.5
688377,迪威尔,35.01,1.0389610389610373,0.35999999999999943,75171220.0,2110958,0,35.47,36.7,34.83,34.65
688378,奥来德,28.41,0.45968882602545613,0.129999999999999,123277228.0,4309853,0,28.39,28.98,28.05,28.28
688379,华光新材,60.99,8.42666666666667,4.740000000000002,542543187.0,9142411,0,55.75,61.88,54.81,56.25
688380,中微半导,32.02,-0.24922118380061772,-0.0799999999999983,123360931.0,3830234,0,32.07,32.53,31.91,32.1
688381,帝奥微,22.93,-1.0785159620362381,-0.25,47999513.0,2085816,0,23.09,23.28,22.86,23.18
688382,益方生物,29.46,-1.7999999999999972,-0.5399999999999991,234317290.0,7857712,0,30.31,30.45,29.37,30.0
688383,新益昌,74.06,2.123552123552132,1.5400000000000063,94705886.0,1281831,0,72.45,75.74,72.02,72.52
688385,复旦微电,63.25,-1.7552034793414033,-1.1299999999999955,710225195.0,11110441,0,64.0,65.32,62.97,64.38
688386,泛亚微透,72.71,-0.8725289706884807,-0.6400000000000006,111103144.0,1503382,0,73.8,74.96,72.5,73.35
688387,信科移动,9.23,-5.9123343527013255,-0.5800000000000001,1993092482.0,205255116,0,9.94,10.24,9.18,9.81
688388,嘉元科技,38.97,4.1143467806572245,1.5399999999999991,773368541.0,19938131,0,37.57,39.56,37.4,37.43
688389,普门科技,13.08,-1.2830188679245278,-0.16999999999999993,25247161.0,1919431,0,13.21,13.25,13.07,13.25
688390,固德威,58.09,0.4148660328435643,0.240000000000002,370756968.0,6325992,0,57.86,59.21,57.71,57.85
688391,钜泉科技,27.87,-1.5542211232779857,-0.4399999999999977,25347321.0,903886,0,28.39,28.45,27.8,28.31
688392,骄成超声,124.79,1.6039732942517613,1.970000000000013,369936668.0,2897514,0,122.39,131.95,120.08,122.82
688393,安必平,23.54,-4.192104192104196,-1.0300000000000011,74351499.0,3135951,0,24.55,24.56,23.47,24.57
688395,正弦电气,23.35,-0.8913412563667119,-0.2099999999999973,10928270.0,468905,0,23.56,23.73,22.95,23.56
688396,华润微,54.99,-0.9010632546404758,-0.5,671106752.0,12137259,0,55.03,56.29,54.5,55.49
688398,赛特新材,17.02,-0.6421482778750697,-0.10999999999999943,15152096.0,887235,0,17.13,17.21,16.98,17.13
688399,硕世生物,67.84,1.5568862275449196,1.0400000000000063,106979167.0,1572636,0,67.4,69.08,66.76,66.8
688400,凌云光,41.21,1.4025590551181109,0.5700000000000003,615447691.0,14900531,0,41.11,42.55,40.73,40.64
688401,路维光电,50.34,0.19904458598726396,0.10000000000000142,187964176.0,3705151,0,50.15,51.47,50.0,50.24
688403,汇成股份,17.23,-2.820078962210942,-0.5,711483211.0,41131041,0,17.49,17.73,16.92,17.73
688408,中信博,42.85,-0.04665267086539777,-0.01999999999999602,90976077.0,2124004,0,42.87,43.15,42.66,42.87
688409,富创精密,71.29,0.8202517324282458,0.5800000000000125,540505176.0,7477984,0,71.1,73.73,70.19,70.71
688410,山外山,14.82,-1.2658227848101233,-0.1899999999999995,42627114.0,2867627,0,15.0,15.02,14.8,15.01
688411,海博思创,259.18,6.308449548810498,15.379999999999995,1452035702.0,5618519,0,244.99,266.36,243.5,243.8
688416,恒烁股份,51.11,0.6498621504529308,0.3299999999999983,111393276.0,2172177,0,51.73,52.11,50.4,50.78
688418,震有科技,38.19,-7.530266343825664,-3.1099999999999994,901278139.0,22928716,0,41.46,41.87,37.83,41.3
688419,耐科装备,27.83,0.36062026685898974,0.09999999999999787,29750837.0,1063400,0,27.54,28.44,27.54,27.73
688420,美腾科技,23.33,-1.6026992830029632,-0.38000000000000256,19248432.0,824753,0,23.61,23.8,23.07,23.71
688425,铁建重工,5.04,0.0,0.0,53881458.0,10689442,0,5.04,5.06,5.02,5.04
688426,康为世纪,24.54,-2.1921084097249928,-0.5500000000000007,13388421.0,543060,0,24.84,25.29,24.37,25.09
688428,诺诚健华,22.15,0.13562386980107408,0.029999999999997584,77844355.0,3482879,0,22.4,22.67,22.06,22.12
688429,时创能源,13.12,-1.0558069381598836,-0.14000000000000057,20604867.0,1565367,0,13.26,13.3,13.0,13.26
688432,有研硅,12.31,0.819000819000816,0.09999999999999964,105539019.0,8533272,0,12.2,12.54,12.11,12.21
688433,华曙高科,58.04,-0.5994177085117339,-0.3500000000000014,233198762.0,4014339,0,58.98,59.48,57.08,58.39
688435,英方软件,47.2,0.361471401233259,0.1700000000000017,58345986.0,1230870,0,47.2,48.0,46.67,47.03
688439,振华风光,58.01,-1.6446252967107475,-0.9699999999999989,258855520.0,4407474,0,59.19,59.96,57.89,58.98
688443,智翔金泰,26.28,-1.0914565299209602,-0.28999999999999915,30326747.0,1148872,0,26.7,26.72,26.22,26.57
688448,磁谷科技,42.93,1.0355377735937814,0.4399999999999977,84950336.0,1962342,0,42.31,44.0,42.1,42.49
688449,联芸科技,45.29,1.4106583072100372,0.6300000000000026,346217206.0,7604799,0,45.1,46.08,44.4,44.66
688450,光格科技,27.15,-0.44004400440044367,-0.120000000000001,18158489.0,666171,0,27.18,27.57,27.0,27.27
688455,科捷智能,19.57,1.1369509043927588,0.21999999999999886,93628251.0,4813491,0,19.3,19.95,18.81,19.35
688456,有研粉材,53.45,-0.46554934823091243,-0.25,65426442.0,1223039,0,53.5,53.91,53.01,53.7
688458,美芯晟,37.86,0.15873015873016477,0.060000000000002274,50910535.0,1347064,0,37.7,38.05,37.34,37.8
688459,哈铁科技,9.54,-0.31347962382446326,-0.030000000000001137,11718061.0,1226653,0,9.56,9.6,9.5,9.57
688466,金科环境,16.43,-0.8449004224502146,-0.14000000000000057,18094693.0,1099822,0,16.57,16.65,16.27,16.57
688468,科美诊断,7.41,-1.0680907877169568,-0.08000000000000007,12716694.0,1708813,0,7.49,7.52,7.41,7.49
688469,芯联集成,6.73,-1.1747430249632773,-0.07999999999999918,506092863.0,74493376,0,6.79,6.87,6.7,6.81
688472,阿特斯,15.72,5.220883534136554,0.7800000000000011,1850957593.0,117659403,0,15.37,16.12,15.35,14.94
688475,萤石网络,28.94,-2.2297297297297303,-0.6600000000000001,87894346.0,3006086,0,29.53,29.68,28.92,29.6
688478,晶升股份,37.64,-0.2913907284768197,-0.10999999999999943,106524767.0,2819667,0,37.9,38.29,37.5,37.75
688479,友车科技,18.46,-0.16224986479176629,-0.029999999999997584,11843089.0,642623,0,18.44,18.62,18.3,18.49
688480,赛恩斯,49.17,3.1682752832564103,1.5100000000000051,154399648.0,3056257,0,48.52,52.32,47.7,47.66
688484,南芯科技,38.41,-0.1040312093628251,-0.04000000000000625,127063726.0,3292392,0,38.31,38.99,38.03,38.45
688485,九州一轨,17.73,4.540094339622639,0.7699999999999996,56910833.0,3255996,0,16.81,17.88,16.65,16.96
688486,龙迅股份,73.13,-1.8389261744966505,-1.3700000000000045,172352619.0,2322792,0,74.47,75.47,73.09,74.5
688488,艾迪药业,15.35,4.778156996587025,0.6999999999999993,136625193.0,8999732,0,14.66,15.54,14.57,14.65
688489,三未信安,42.31,-1.2602100350058323,-0.5399999999999991,32529160.0,758309,0,43.8,44.3,42.2,42.85
688496,清越科技,6.05,-0.8196721311475381,-0.04999999999999982,37484574.0,6217400,0,6.24,6.24,5.93,6.1
688498,源杰科技,639.93,0.14553990610327855,0.92999999999995,1692606212.0,2637026,0,646.75,666.8,628.0,639.0
688499,利元亨,56.57,2.7051561365286894,1.490000000000002,504616673.0,8837573,0,55.08,58.32,55.0,55.08
688500,慧辰股份,63.14,-1.6051114227832337,-1.0300000000000011,86083536.0,1363131,0,64.2,64.5,62.52,64.17
688501,青达环保,25.57,-0.6990291262135911,-0.17999999999999972,49866741.0,1930320,0,25.97,26.47,25.5,25.75
688502,茂莱光学,405.0,5.172951075101282,19.920000000000016,852725274.0,2099312,0,384.86,422.0,383.82,385.08
688503,聚和材料,59.55,0.5912162162162066,0.3499999999999943,821080955.0,13578647,0,60.8,61.78,58.85,59.2
688505,复旦张江,8.24,-1.435406698564584,-0.11999999999999922,18159503.0,2192098,0,8.4,8.4,8.22,8.36
688506,百利天恒,350.19,0.05428571428571364,0.18999999999999773,126021641.0,358657,0,351.69,353.9,349.0,350.0
688507,索辰科技,91.6,-1.801029159519733,-1.6800000000000068,105536904.0,1146068,0,92.6,93.8,91.24,93.28
688508,芯朋微,59.44,0.35455005909167797,0.21000000000000085,115727914.0,1942432,0,59.22,60.11,58.83,59.23
688509,正元地信,4.87,-1.0162601626016223,-0.04999999999999982,57791147.0,11817398,0,4.93,4.95,4.86,4.92
688510,航亚科技,24.32,-0.936863543788189,-0.23000000000000043,103205472.0,4271867,0,24.59,24.59,23.83,24.55
688511,*ST天微,23.09,-0.12975778546713293,-0.030000000000001137,10900572.0,471339,0,23.18,23.45,22.9,23.12
688512,慧智微,10.65,-1.662049861495842,-0.17999999999999972,58584617.0,5457339,0,10.93,10.95,10.6,10.83
688513,苑东生物,58.8,0.40983606557376173,0.23999999999999488,69981628.0,1180759,0,59.05,60.15,58.23,58.56
688515,裕太微,105.22,-0.838752238243333,-0.8900000000000006,156343389.0,1486887,0,105.66,106.49,103.58,106.11
688516,奥特维,42.98,0.09315323707498638,0.03999999999999915,135710535.0,3152606,0,43.0,43.63,42.64,42.94
688517,金冠电气,15.83,0.25332488917036683,0.040000000000000924,37545008.0,2380866,0,15.93,15.95,15.51,15.79
688518,联赢激光,23.67,1.8064516129032333,0.4200000000000017,408905924.0,17030677,0,23.46,24.78,23.46,23.25
688519,南亚新材,67.05,2.132520944402119,1.3999999999999915,447305925.0,6687275,0,65.02,69.0,65.02,65.65
688520,神州细胞,43.66,-1.3556258472661578,-0.6000000000000014,68224961.0,1554388,0,44.29,44.38,43.57,44.26
688521,芯原股份,130.23,1.0318076027928502,1.329999999999984,1572800506.0,12106853,0,128.01,132.95,127.22,128.9
688522,纳睿雷达,37.1,-2.188241497495382,-0.8299999999999983,132086218.0,3529534,0,37.79,38.08,37.06,37.93
688523,航天环宇,39.08,-5.283567619970916,-2.1799999999999997,818425443.0,20349614,0,41.66,42.18,38.2,41.26
688525,佰维存储,107.67,-0.0371367561043469,-0.03999999999999204,1833802500.0,17210901,0,107.48,108.8,104.57,107.71
688526,科前生物,15.6,-0.6369426751592334,-0.09999999999999964,27543025.0,1759434,0,15.7,15.78,15.58,15.7
688528,秦川物联,10.45,-2.061855670103099,-0.22000000000000064,22550100.0,2159415,0,10.67,10.77,10.33,10.67
688529,豪森智能,17.66,-0.897867564534232,-0.16000000000000014,12164241.0,686438,0,17.87,17.96,17.62,17.82
688530,欧莱新材,16.1,-0.9840098400984018,-0.16000000000000014,17022639.0,1054609,0,16.21,16.3,15.96,16.26
688531,日联科技,67.52,1.6867469879517927,1.1199999999999903,320359137.0,4716871,0,66.9,68.88,65.6,66.4
688533,上声电子,28.8,-0.9287925696594413,-0.2699999999999996,45528821.0,1577728,0,29.01,29.18,28.67,29.07
688535,华海诚科,104.35,2.1737001860374026,2.219999999999999,445785356.0,4333633,0,101.7,105.2,100.66,102.13
688536,思瑞浦,143.47,-0.06965243435257666,-0.09999999999999432,308723614.0,2137799,0,142.85,146.0,142.1,143.57
688538,和辉光电,2.63,-1.1278195488721898,-0.03000000000000025,113809346.0,42975970,0,2.66,2.67,2.63,2.66
688539,高华科技,42.2,-4.71889817114472,-2.0899999999999963,337032047.0,7852917,0,44.1,44.58,41.8,44.29
688543,国科军工,55.38,-2.259089304624063,-1.279999999999994,532040945.0,9450705,0,56.95,58.5,55.04,56.66
688545,兴福电子,37.02,-1.594896331738422,-0.5999999999999943,170641679.0,4564873,0,37.54,38.1,36.88,37.62
688548,广钢气体,14.32,7.669172932330824,1.0199999999999996,575254057.0,40368793,0,13.34,14.89,13.25,13.3
688549,中巨芯,9.2,0.4366812227074143,0.03999999999999915,162833090.0,17662328,0,9.16,9.34,9.09,9.16
688550,瑞联新材,44.47,-0.5590339892665475,-0.25,81956117.0,1837782,0,44.72,44.95,44.35,44.72
688551,科威尔,37.18,-0.34843205574913577,-0.13000000000000256,18931969.0,510521,0,37.32,37.49,36.82,37.31
688552,航天南湖,34.37,-0.6934412019647558,-0.240000000000002,133010508.0,3843654,0,34.8,35.7,33.92,34.61
688553,汇宇制药,18.08,-1.4176663031624948,-0.26000000000000156,40865085.0,2243474,0,18.27,18.41,18.06,18.34
688556,高测股份,11.54,2.033598585322711,0.22999999999999865,309754941.0,26891242,0,11.38,11.73,11.27,11.31
688557,兰剑智能,35.71,-0.5846325167037886,-0.21000000000000085,29797855.0,834458,0,35.94,36.0,35.41,35.92
688558,国盛智科,27.94,0.03580379520229704,0.010000000000001563,22492213.0,807554,0,27.99,28.04,27.7,27.93
688559,海目星,45.85,3.5456187895212294,1.5700000000000003,679343952.0,14772073,0,45.0,47.77,44.7,44.28
688560,明冠新材,13.53,-0.7336757153338328,-0.10000000000000142,42274085.0,3115645,0,13.63,13.69,13.41,13.63
688561,奇安信,35.34,2.2569444444444473,0.7800000000000011,453355012.0,12791243,0,36.6,36.95,34.74,34.56
688562,航天软件,20.02,-6.053496011262315,-1.2899999999999991,354928269.0,17356851,0,21.3,21.3,19.82,21.31
688563,航材股份,54.75,-0.4907306434024048,-0.2700000000000031,314808156.0,5673715,0,55.29,56.8,54.55,55.02
688565,力源科技,10.81,-0.46040515653774344,-0.049999999999998934,23507798.0,2182638,0,10.88,10.88,10.62,10.86
688566,吉贝尔,29.25,0.1712328767123312,0.05000000000000071,24795000.0,846051,0,29.2,29.48,29.13,29.2
688567,孚能科技,15.63,0.903808908973535,0.14000000000000057,179280599.0,11500019,0,15.41,15.8,15.37,15.49
688568,中科星图,47.46,-4.603015075376883,-2.289999999999999,1438615795.0,29595415,0,50.0,50.3,47.13,49.75
688569,铁科轨道,21.26,-0.5147402901263426,-0.10999999999999943,12675095.0,594130,0,21.47,21.5,21.12,21.37
688570,天玛智控,18.0,-1.0445299615173242,-0.19000000000000128,7409017.0,410706,0,18.02,18.18,17.96,18.19
688571,杭华股份,7.39,-0.269905533063434,-0.020000000000000462,16729420.0,2260836,0,7.44,7.45,7.36,7.41
688573,信宇人,22.86,0.2631578947368365,0.05999999999999872,35093518.0,1531250,0,22.91,23.17,22.51,22.8
688575,亚辉龙,14.26,-0.7654836464857303,-0.10999999999999943,41578203.0,2907044,0,14.38,14.44,14.21,14.37
688576,西山科技,61.75,-0.9305310444408765,-0.5799999999999983,8232664.0,132987,0,62.33,62.4,61.68,62.33
688577,浙海德曼,93.92,-1.3341737577476585,-1.269999999999996,118620998.0,1261867,0,94.71,96.6,92.0,95.19
688578,艾力斯,104.34,1.7752633632462032,1.8200000000000074,310630779.0,2961406,0,102.51,106.0,102.51,102.52
688579,山大地纬,10.5,-1.0367577756833124,-0.10999999999999943,25060705.0,2382584,0,10.61,10.66,10.47,10.61
688580,伟思医疗,46.31,-1.5937101572460688,-0.75,39243263.0,844414,0,46.95,47.01,46.26,47.06
688581,安杰思,58.85,-1.2749538668008689,-0.759999999999998,22906938.0,387224,0,59.61,59.82,58.8,59.61
688582,芯动联科,61.85,-2.4447949526813835,-1.5499999999999972,510308214.0,8187772,0,63.4,63.7,61.45,63.4
688583,思看科技,96.19,-0.8759274525968761,-0.8500000000000085,56543915.0,585475,0,98.0,98.3,95.38,97.04
688584,上海合晶,21.99,-0.09086778736939176,-0.020000000000003126,104180619.0,4680790,0,22.15,22.55,21.9,22.01
688585,上纬新材,102.76,-3.1753509846414687,-3.3699999999999903,504238856.0,4804229,0,106.1,108.1,102.52,106.13
688586,江航装备,11.87,-2.5451559934318597,-0.3100000000000005,199763481.0,16524800,0,12.29,12.37,11.83,12.18
688588,凌志软件,14.19,-2.808219178082193,-0.41000000000000014,73888094.0,5161600,0,14.61,14.66,14.16,14.6
688589,力合微,22.3,-0.8007117437722406,-0.17999999999999972,33245335.0,1485036,0,22.48,22.67,22.21,22.48
688590,新致软件,17.55,-2.119353039598433,-0.379999999999999,65132557.0,3690611,0,17.93,18.04,17.47,17.93
688591,泰凌微,43.03,-0.9438305709023863,-0.4099999999999966,155434601.0,3594009,0,43.13,43.9,42.9,43.44
688592,司南导航,40.3,-3.473053892215576,-1.4500000000000028,66289790.0,1638685,0,41.28,41.41,40.03,41.75
688593,新相微,18.84,-0.4228329809725256,-0.08000000000000185,81976305.0,4340185,0,18.9,19.13,18.68,18.92
688595,芯海科技,31.8,-1.0270774976657386,-0.33000000000000185,53805574.0,1684635,0,31.93,32.29,31.7,32.13
688596,正帆科技,30.7,-0.06510416666666528,-0.019999999999999574,238810424.0,7693819,0,30.7,31.49,30.55,30.72
688597,煜邦电力,8.37,-0.35714285714287064,-0.030000000000001137,21629926.0,2595398,0,8.34,8.44,8.27,8.4
688598,金博股份,27.88,-0.42857142857143216,-0.120000000000001,62498635.0,2231441,0,28.07,28.31,27.72,28.0
688599,天合光能,16.27,-1.3341419041843474,-0.21999999999999886,550383662.0,33640676,0,16.55,16.62,16.18,16.49
688600,皖仪科技,23.52,-1.1764705882352988,-0.28000000000000114,28479118.0,1202118,0,24.0,24.0,23.41,23.8
688601,力芯微,44.9,-0.6637168141593014,-0.30000000000000426,157634388.0,3493174,0,45.0,45.68,44.66,45.2
688602,康鹏科技,8.71,1.8713450292397675,0.16000000000000014,134349582.0,15469793,0,8.56,8.85,8.45,8.55
688603,天承科技,79.8,1.7208413001911973,1.3499999999999943,198923239.0,2497270,0,78.12,80.98,77.56,78.45
688605,先锋精科,61.3,2.115608862235542,1.269999999999996,293449931.0,4762605,0,60.04,62.46,59.51,60.03
688606,奥泰生物,62.88,-1.1786892975011787,-0.75,12326534.0,195085,0,63.9,63.9,62.79,63.63
688607,康众医疗,43.29,0.6744186046511608,0.28999999999999915,82031494.0,1890692,0,43.86,44.49,42.79,43.0
688608,恒玄科技,212.52,-0.9092180724576812,-1.9499999999999886,430519028.0,2014313,0,214.47,215.88,212.5,214.47
688609,九联科技,9.59,-1.9427402862985634,-0.1899999999999995,61573835.0,6371962,0,9.81,9.81,9.56,9.78
688610,埃科光电,59.85,-0.0834724540901455,-0.04999999999999716,22656496.0,376203,0,59.6,60.98,59.6,59.9
688611,杭州柯林,50.76,0.4750593824227927,0.23999999999999488,133878173.0,2629379,0,50.75,52.75,49.88,50.52
688612,威迈斯,31.31,-0.09572431397575347,-0.030000000000001137,42014843.0,1337657,0,31.5,31.66,31.14,31.34
688613,奥精医疗,21.02,-4.627949183303084,-1.0199999999999996,112074899.0,5266882,0,21.91,21.91,20.92,22.04
688615,合合信息,213.24,-1.1771248493836277,-2.539999999999992,319130987.0,1478763,0,218.58,220.2,212.1,215.78
688616,西力科技,12.09,-0.7389162561576343,-0.08999999999999986,16464615.0,1359113,0,12.22,12.26,12.03,12.18
688617,惠泰医疗,251.85,0.45871559633027753,1.1500000000000057,147243333.0,585131,0,251.7,254.17,249.33,250.7
688618,三旺通信,27.22,-0.25650421399780243,-0.07000000000000028,33004195.0,1211600,0,27.06,27.5,26.94,27.29
688619,罗普特,13.82,-0.6470165348670012,-0.08999999999999986,19120050.0,1381743,0,13.9,13.97,13.73,13.91
688620,安凯微,11.27,-1.5720524017467226,-0.17999999999999972,51782688.0,4558131,0,11.42,11.51,11.23,11.45
688621,阳光诺和,68.69,0.8811866647084656,0.5999999999999943,112227196.0,1627096,0,67.7,69.87,67.3,68.09
688622,禾信仪器,109.29,-9.901071723000818,-12.009999999999991,398298741.0,3593007,0,124.0,124.98,102.0,121.3
688623,双元科技,84.9,1.4336917562724047,1.2000000000000028,58279951.0,689651,0,83.69,85.51,83.21,83.7
688625,呈和科技,38.32,-1.9948849104859363,-0.7800000000000011,40487167.0,1045047,0,39.26,39.39,38.14,39.1
688626,翔宇医疗,53.21,-0.3371417868514698,-0.17999999999999972,177350872.0,3291628,0,53.66,55.18,52.72,53.39
688627,精智达,253.5,1.5665691734444476,3.9099999999999966,1237828427.0,4852453,0,242.0,261.23,242.0,249.59
688628,优利德,31.01,-1.0213852537503887,-0.31999999999999673,20213647.0,649288,0,31.34,31.55,30.9,31.33
688629,华丰科技,94.75,14.308119194112678,11.86,2780090635.0,30694506,0,82.89,96.5,82.54,82.89
688630,芯碁微装,137.61,3.0863735111244317,4.1200000000000045,1148485853.0,8348579,0,134.23,139.9,133.59,133.49
688631,莱斯信息,62.57,-1.8663739021329955,-1.1899999999999977,86786692.0,1379789,0,63.86,64.01,62.41,63.76
688633,星球石墨,23.53,0.8572653236176718,0.20000000000000284,13663544.0,580526,0,23.4,23.84,23.3,23.33
688636,智明达,38.27,-2.3724489795918355,-0.9299999999999997,243329668.0,6274336,0,39.28,39.97,38.09,39.2
688638,誉辰智能,35.37,-1.2838403572425365,-0.46000000000000085,15461726.0,436709,0,35.83,35.93,35.0,35.83
688639,华恒生物,34.13,-1.614298068607654,-0.5599999999999952,131338571.0,3811903,0,34.64,35.05,34.05,34.69
688646,ST逸飞,36.0,0.13908205841445662,0.04999999999999716,15583631.0,432418,0,36.06,36.28,35.88,35.95
688648,中邮科技,59.83,0.6730607437321194,0.3999999999999986,350250125.0,5861122,0,58.58,62.39,57.0,59.43
688651,盛邦安全,38.69,-6.069434328720564,-2.5,177222712.0,4389154,0,43.0,43.0,38.69,41.19
688652,京仪装备,105.35,-2.0910780669144984,-2.25,554705293.0,5175772,0,107.25,109.87,105.05,107.6
688653,康希通信,12.08,-1.3877551020408159,-0.16999999999999993,66829287.0,5483875,0,12.25,12.32,12.07,12.25
688655,迅捷兴,17.24,-2.1566401816118193,-0.38000000000000256,33521712.0,1935633,0,17.69,17.69,17.1,17.62
688656,浩欧博,181.66,0.7878384376386969,1.4199999999999875,80552446.0,445895,0,178.24,184.0,177.77,180.24
688657,浩辰软件,52.99,0.5693680015183228,0.30000000000000426,28319535.0,541371,0,52.95,53.1,51.81,52.69
688658,悦康药业,23.02,-0.5185825410544554,-0.120000000000001,58569886.0,2526298,0,23.26,23.6,22.86,23.14
688659,元琛科技,9.37,-1.3684210526315872,-0.13000000000000078,27529675.0,2936759,0,9.5,9.52,9.28,9.5
688660,电气风电,15.56,-0.32030749519538076,-0.049999999999998934,244351329.0,15581115,0,15.56,15.94,15.46,15.61
688661,和林微纳,55.16,5.0866831777481325,2.6699999999999946,949224688.0,17208753,0,53.0,57.62,52.8,52.49
688662,富信科技,53.28,10.631229235880408,5.1200000000000045,674695059.0,13142265,0,48.5,55.29,47.7,48.16
688663,新风光,39.27,-2.191780821917797,-0.8799999999999955,55256876.0,1401844,0,40.16,40.16,38.82,40.15
688665,四方光电,48.93,0.3075030750307474,0.14999999999999858,35317666.0,717109,0,49.23,49.85,48.61,48.78
688667,菱电电控,67.36,10.047377879431462,6.149999999999999,178196439.0,2723303,0,61.6,68.88,61.29,61.21
688668,鼎通科技,124.18,4.4231416078035695,5.260000000000005,1839194333.0,14889357,0,120.54,126.95,119.02,118.92
688669,聚石化学,21.48,1.1775788977861517,0.25,23837498.0,1115885,0,21.23,21.64,21.1,21.23
688670,金迪克,21.31,-1.296896711440487,-0.28000000000000114,65749075.0,3087232,0,21.49,21.75,21.01,21.59
688671,碧兴物联,24.97,-0.4385964912280679,-0.10999999999999943,39195831.0,1575646,0,25.68,25.72,24.46,25.08
688676,金盘科技,87.18,-2.820198417121823,-2.529999999999987,1821816119.0,20616070,0,88.5,90.8,87.0,89.71
688677,海泰新光,42.83,0.16370439663236738,0.07000000000000028,63686625.0,1485752,0,42.97,43.29,42.29,42.76
688678,福立旺,23.0,-1.032702237521508,-0.23999999999999844,82423621.0,3566763,0,23.19,23.35,22.95,23.24
688679,通源环境,26.03,-3.198214949795461,-0.8599999999999994,290372828.0,11246031,0,27.34,27.36,24.86,26.89
688680,海优新材,37.47,-2.447279354334803,-0.9399999999999977,63895313.0,1691100,0,38.09,38.5,37.35,38.41
688681,科汇股份,17.29,-0.8600917431192783,-0.15000000000000213,17623559.0,1019183,0,17.38,17.55,17.18,17.44
688682,霍莱沃,48.8,-4.873294346978558,-2.5,274374392.0,5526159,0,50.6,52.27,48.0,51.3
688683,莱尔科技,29.99,1.0104412260020113,0.29999999999999716,35160799.0,1171571,0,29.83,30.57,29.4,29.69
688685,迈信林,51.54,-1.7911585365853615,-0.9399999999999977,85933720.0,1654146,0,52.48,52.68,51.35,52.48
688686,奥普特,115.32,-1.6628293681248425,-1.9500000000000028,66223580.0,570910,0,116.48,117.24,115.0,117.27
688687,凯因科技,25.3,-0.39370078740156644,-0.09999999999999787,44136694.0,1735408,0,25.52,25.64,25.25,25.4
688689,银河微电,27.81,3.8073908174692037,1.0199999999999996,115219812.0,4137864,0,26.84,28.48,26.71,26.79
688690,纳微科技,25.28,-0.7069913589945,-0.17999999999999972,34800011.0,1373583,0,25.6,25.6,25.17,25.46
688691,灿芯股份,105.23,-1.6633959443042716,-1.7800000000000011,458953310.0,4327103,0,105.84,108.71,104.0,107.01
688692,达梦数据,258.86,-0.18123626267688678,-0.46999999999997044,129681159.0,498994,0,259.76,262.5,257.57,259.33
688693,锴威特,36.65,-2.7851458885941756,-1.0500000000000043,24910412.0,671159,0,37.32,37.87,36.51,37.7
688695,中创股份,26.78,-0.7780659503519723,-0.2099999999999973,16457581.0,614661,0,26.82,27.08,26.52,26.99
688696,极米科技,104.74,-1.0112465740478285,-1.0700000000000074,67495455.0,634686,0,106.19,107.5,104.59,105.81
688697,纽威数控,15.02,-0.33178500331785477,-0.05000000000000071,23796214.0,1583100,0,15.09,15.17,14.95,15.07
688698,伟创电气,75.55,-0.9180327868852496,-0.7000000000000028,277788130.0,3653756,0,76.0,77.12,75.36,76.25
688699,明微电子,44.31,-0.4045853000674302,-0.17999999999999972,74079078.0,1677051,0,44.39,45.0,43.52,44.49
688700,东威科技,35.19,1.7346053772766528,0.5999999999999943,235778369.0,6645029,0,34.92,36.05,34.66,34.59
688701,卓锦股份,8.93,-0.3348214285714412,-0.030000000000001137,23487753.0,2658955,0,9.07,9.07,8.68,8.96
688702,盛科通信,133.38,1.8245667608214264,2.3899999999999864,397192672.0,3022690,0,130.7,136.59,126.8,130.99
688707,振华新材,13.42,0.5243445692883917,0.07000000000000028,85827488.0,6379657,0,13.35,13.64,13.24,13.35
688708,佳驰科技,56.5,-2.6365672927795987,-1.5300000000000011,116145242.0,2030103,0,57.88,58.18,56.35,58.03
688709,成都华微,42.66,2.8695442488545884,1.1899999999999977,643197203.0,14783542,0,41.5,45.0,41.5,41.47
688710,益诺思,45.97,2.2464412811387855,1.009999999999998,83694899.0,1818414,0,45.19,46.94,44.71,44.96
688711,宏微科技,27.09,-0.5506607929515367,-0.14999999999999858,317499429.0,11712539,0,27.0,27.47,26.76,27.24
688716,中研股份,39.48,2.9733959311423925,1.1399999999999935,196033109.0,5034622,0,38.5,39.9,37.81,38.34
688717,艾罗能源,63.92,-1.4796547472256378,-0.9599999999999937,165327473.0,2567915,0,65.18,65.43,63.71,64.88
688718,唯赛勃,13.41,-0.8869179600886861,-0.11999999999999922,14215757.0,1058619,0,13.64,13.8,13.31,13.53
688719,爱科赛博,46.95,-4.222766217870257,-2.0700000000000003,216481628.0,4608588,0,48.5,48.5,46.35,49.02
688720,艾森股份,75.59,6.4647887323943705,4.590000000000003,938175733.0,12493565,0,71.0,79.15,71.0,71.0
688721,龙图光罩,48.5,5.572485851110149,2.5600000000000023,177920039.0,3717478,0,45.58,48.98,45.58,45.94
688722,同益中,17.98,-3.0727762803234517,-0.5700000000000003,111159521.0,6119383,0,18.48,18.5,17.94,18.55
688726,拉普拉斯,34.82,-1.4714204867006313,-0.5200000000000031,250350124.0,7156556,0,35.09,35.26,34.73,35.34
688728,格科微,14.93,-1.2566137566137534,-0.1899999999999995,129389554.0,8649136,0,15.15,15.16,14.87,15.12
688733,壹石通,30.65,-0.03261578604044867,-0.010000000000001563,153895988.0,5033696,0,30.75,31.0,30.06,30.66
688737,中自科技,22.33,1.1322463768115945,0.25,32863683.0,1485102,0,22.09,22.45,21.84,22.08
688739,成大生物,25.96,-0.6505931879066137,-0.16999999999999815,31166349.0,1198548,0,26.12,26.16,25.89,26.13
688750,金天钛业,18.82,-1.1554621848739437,-0.21999999999999886,137134816.0,7225693,0,19.05,19.25,18.73,19.04
688757,胜科纳米,26.42,-0.45214770158250733,-0.11999999999999744,40492460.0,1509410,0,26.74,27.19,26.31,26.54
688758,赛分科技,18.01,-0.7166482910694543,-0.129999999999999,34502239.0,1919190,0,18.3,18.3,17.87,18.14
688766,普冉股份,122.95,-2.2188643232066108,-2.789999999999992,777430973.0,6256050,0,125.57,128.35,122.01,125.74
688767,博拓生物,39.95,0.6297229219143576,0.25,56749236.0,1426287,0,39.66,40.2,39.11,39.7
688768,容知日新,42.37,-0.6797937177683994,-0.28999999999999915,17067287.0,400764,0,42.66,42.97,42.32,42.66
688772,珠海冠宇,21.44,-0.23266635644484485,-0.04999999999999716,378696466.0,17517128,0,21.49,21.87,21.38,21.49
688776,国光电气,88.69,-6.563421828908559,-6.230000000000004,517300935.0,5684461,0,94.0,94.89,87.89,94.92
688777,中控技术,47.6,-1.121728292480264,-0.5399999999999991,288222273.0,6030637,0,48.23,48.28,47.37,48.14
688778,厦钨新能,76.19,6.09942904887898,4.3799999999999955,759169695.0,10033506,0,71.82,78.47,71.78,71.81
688779,五矿新能,7.11,2.4495677233429385,0.16999999999999993,303314474.0,42802382,0,6.94,7.2,6.91,6.94
688786,悦安新材,27.52,0.9167583425009168,0.25,35501476.0,1283962,0,27.5,27.9,27.24,27.27
688787,海天瑞声,107.55,-2.0937642239417364,-2.299999999999997,129736826.0,1189079,0,109.01,111.44,107.3,109.85
688788,科思科技,72.36,4.869565217391304,3.3599999999999994,509780409.0,7052669,0,68.12,75.59,67.55,69.0
688789,宏华数科,78.9,-1.3380017506564876,-1.0699999999999932,59703175.0,749576,0,79.55,80.58,78.75,79.97
688793,倍轻松,26.16,-1.506024096385537,-0.3999999999999986,25516587.0,978321,0,26.48,26.6,25.64,26.56
688798,艾为电子,72.69,0.3451131971286582,0.25,124477060.0,1711191,0,72.5,73.37,72.0,72.44
688799,华纳药厂,49.04,-1.6051364365971192,-0.8000000000000043,88463278.0,1782418,0,49.88,50.88,48.79,49.84
688800,瑞可达,79.39,0.21459227467811376,0.1700000000000017,722754271.0,9087262,0,78.91,81.37,78.0,79.22
688819,天能股份,32.83,0.36686028737388393,0.11999999999999744,86265832.0,2627416,0,32.7,33.18,32.55,32.71
688981,中芯国际,119.7,-0.62266500622665,-0.75,5643585524.0,46855965,0,120.5,121.58,119.02,120.45
689009,九号公司,58.64,-0.5596065796167514,-0.3299999999999983,270161098.0,4588713,0,58.88,59.25,58.48,58.97
430017,星昊医药,0.0,0.0,0.0,0.0,0,0,0.0,0.0,0.0,0.0
430047,诺思兰德,0.0,0.0,0.0,0.0,0,0,0.0,0.0,0.0,0.0
430090,同辉信息,0.0,0.0,0.0,0.0,0,0,0.0,0.0,0.0,0.0
430139,华岭股份,0.0,0.0,0.0,0.0,0,0,0.0,0.0,0.0,0.0
430198,微创光电,0.0,0.0,0.0,0.0,0,0,0.0,0.0,0.0,0.0
430300,辰光医疗,0.0,0.0,0.0,0.0,0,0,0.0,0.0,0.0,0.0
430418,苏轴股份,0.0,0.0,0.0,0.0,0,0,0.0,0.0,0.0,0.0
430425,乐创技术,0.0,0.0,0.0,0.0,0,0,0.0,0.0,0.0,0.0
430476,海能技术,0.0,0.0,0.0,0.0,0,0,0.0,0.0,0.0,0.0
430478,峆一药业,0.0,0.0,0.0,0.0,0,0,0.0,0.0,0.0,0.0
430489,佳先股份,0.0,0.0,0.0,0.0,0,0,0.0,0.0,0.0,0.0
430510,丰光精密,0.0,0.0,0.0,0.0,0,0,0.0,0.0,0.0,0.0
430556,雅达股份,0.0,0.0,0.0,0.0,0,0,0.0,0.0,0.0,0.0
430564,天润科技,0.0,0.0,0.0,0.0,0,0,0.0,0.0,0.0,0.0
430685,新芝生物,0.0,0.0,0.0,0.0,0,0,0.0,0.0,0.0,0.0
430718,合肥高科,0.0,0.0,0.0,0.0,0,0,0.0,0.0,0.0,0.0
830779,武汉蓝电,0.0,0.0,0.0,0.0,0,0,0.0,0.0,0.0,0.0
830799,艾融软件,0.0,0.0,0.0,0.0,0,0,0.0,0.0,0.0,0.0
830809,安达科技,0.0,0.0,0.0,0.0,0,0,0.0,0.0,0.0,0.0
830832,齐鲁华信,0.0,0.0,0.0,0.0,0,0,0.0,0.0,0.0,0.0
830839,万通液压,0.0,0.0,0.0,0.0,0,0,0.0,0.0,0.0,0.0
830879,基康技术,0.0,0.0,0.0,0.0,0,0,0.0,0.0,0.0,0.0
830896,旺成科技,0.0,0.0,0.0,0.0,0,0,0.0,0.0,0.0,0.0
830946,森萱医药,0.0,0.0,0.0,0.0,0,0,0.0,0.0,0.0,0.0
830964,润农节水,0.0,0.0,0.0,0.0,0,0,0.0,0.0,0.0,0.0
830974,凯大催化,0.0,0.0,0.0,0.0,0,0,0.0,0.0,0.0,0.0
831010,凯添燃气,0.0,0.0,0.0,0.0,0,0,0.0,0.0,0.0,0.0
831039,国义招标,0.0,0.0,0.0,0.0,0,0,0.0,0.0,0.0,0.0
831087,秋乐种业,0.0,0.0,0.0,0.0,0,0,0.0,0.0,0.0,0.0
831152,昆工科技,0.0,0.0,0.0,0.0,0,0,0.0,0.0,0.0,0.0
831167,鑫汇科,0.0,0.0,0.0,0.0,0,0,0.0,0.0,0.0,0.0
831175,派诺科技,0.0,0.0,0.0,0.0,0,0,0.0,0.0,0.0,0.0
831195,三祥科技,0.0,0.0,0.0,0.0,0,0,0.0,0.0,0.0,0.0
831278,泰德股份,0.0,0.0,0.0,0.0,0,0,0.0,0.0,0.0,0.0
831304,迪尔化工,0.0,0.0,0.0,0.0,0,0,0.0,0.0,0.0,0.0
831305,海希通讯,0.0,0.0,0.0,0.0,0,0,0.0,0.0,0.0,0.0
831370,新安洁,0.0,0.0,0.0,0.0,0,0,0.0,0.0,0.0,0.0
831396,许昌智能,0.0,0.0,0.0,0.0,0,0,0.0,0.0,0.0,0.0
831445,龙竹科技,0.0,0.0,0.0,0.0,0,0,0.0,0.0,0.0,0.0
831526,凯华材料,0.0,0.0,0.0,0.0,0,0,0.0,0.0,0.0,0.0
831627,力王股份,0.0,0.0,0.0,0.0,0,0,0.0,0.0,0.0,0.0
831641,格利尔,0.0,0.0,0.0,0.0,0,0,0.0,0.0,0.0,0.0
831689,克莱特,0.0,0.0,0.0,0.0,0,0,0.0,0.0,0.0,0.0
831726,朱老六,0.0,0.0,0.0,0.0,0,0,0.0,0.0,0.0,0.0
831768,拾比佰,0.0,0.0,0.0,0.0,0,0,0.0,0.0,0.0,0.0
831832,科达自控,0.0,0.0,0.0,0.0,0,0,0.0,0.0,0.0,0.0
831834,三维装备,0.0,0.0,0.0,0.0,0,0,0.0,0.0,0.0,0.0
831855,浙江大农,0.0,0.0,0.0,0.0,0,0,0.0,0.0,0.0,0.0
831856,浩淼科技,0.0,0.0,0.0,0.0,0,0,0.0,0.0,0.0,0.0
831906,舜宇精工,0.0,0.0,0.0,0.0,0,0,0.0,0.0,0.0,0.0
831961,创远信科,0.0,0.0,0.0,0.0,0,0,0.0,0.0,0.0,0.0
832000,安徽凤凰,0.0,0.0,0.0,0.0,0,0,0.0,0.0,0.0,0.0
832023,田野股份,0.0,0.0,0.0,0.0,0,0,0.0,0.0,0.0,0.0
832089,禾昌聚合,0.0,0.0,0.0,0.0,0,0,0.0,0.0,0.0,0.0
832110,雷特科技,0.0,0.0,0.0,0.0,0,0,0.0,0.0,0.0,0.0
832145,恒合股份,0.0,0.0,0.0,0.0,0,0,0.0,0.0,0.0,0.0
832149,利尔达,0.0,0.0,0.0,0.0,0,0,0.0,0.0,0.0,0.0
832171,志晟信息,0.0,0.0,0.0,0.0,0,0,0.0,0.0,0.0,0.0
832175,东方碳素,0.0,0.0,0.0,0.0,0,0,0.0,0.0,0.0,0.0
832225,利通科技,0.0,0.0,0.0,0.0,0,0,0.0,0.0,0.0,0.0
832278,鹿得医疗,0.0,0.0,0.0,0.0,0,0,0.0,0.0,0.0,0.0
832419,路斯股份,0.0,0.0,0.0,0.0,0,0,0.0,0.0,0.0,0.0
832469,富恒新材,0.0,0.0,0.0,0.0,0,0,0.0,0.0,0.0,0.0
832471,美邦科技,0.0,0.0,0.0,0.0,0,0,0.0,0.0,0.0,0.0
832491,奥迪威,0.0,0.0,0.0,0.0,0,0,0.0,0.0,0.0,0.0
832522,纳科诺尔,0.0,0.0,0.0,0.0,0,0,0.0,0.0,0.0,0.0
832566,梓橦宫,0.0,0.0,0.0,0.0,0,0,0.0,0.0,0.0,0.0
832651,天罡股份,0.0,0.0,0.0,0.0,0,0,0.0,0.0,0.0,0.0
832662,方盛股份,0.0,0.0,0.0,0.0,0,0,0.0,0.0,0.0,0.0
832735,德源药业,0.0,0.0,0.0,0.0,0,0,0.0,0.0,0.0,0.0
832786,骑士乳业,0.0,0.0,0.0,0.0,0,0,0.0,0.0,0.0,0.0
832802,保丽洁,0.0,0.0,0.0,0.0,0,0,0.0,0.0,0.0,0.0
832876,慧为智能,0.0,0.0,0.0,0.0,0,0,0.0,0.0,0.0,0.0
832885,星辰科技,0.0,0.0,0.0,0.0,0,0,0.0,0.0,0.0,0.0
832978,开特股份,0.0,0.0,0.0,0.0,0,0,0.0,0.0,0.0,0.0
832982,锦波生物,0.0,0.0,0.0,0.0,0,0,0.0,0.0,0.0,0.0
833030,立方控股,0.0,0.0,0.0,0.0,0,0,0.0,0.0,0.0,0.0
833075,柏星龙,0.0,0.0,0.0,0.0,0,0,0.0,0.0,0.0,0.0
833171,国航远洋,0.0,0.0,0.0,0.0,0,0,0.0,0.0,0.0,0.0
833230,欧康医药,0.0,0.0,0.0,0.0,0,0,0.0,0.0,0.0,0.0
833266,生物谷,0.0,0.0,0.0,0.0,0,0,0.0,0.0,0.0,0.0
833284,灵鸽科技,0.0,0.0,0.0,0.0,0,0,0.0,0.0,0.0,0.0
833346,威贸电子,0.0,0.0,0.0,0.0,0,0,0.0,0.0,0.0,0.0
833394,民士达,0.0,0.0,0.0,0.0,0,0,0.0,0.0,0.0,0.0
833427,华维设计,0.0,0.0,0.0,0.0,0,0,0.0,0.0,0.0,0.0
833429,康比特,0.0,0.0,0.0,0.0,0,0,0.0,0.0,0.0,0.0
833454,同心传动,0.0,0.0,0.0,0.0,0,0,0.0,0.0,0.0,0.0
833455,汇隆活塞,0.0,0.0,0.0,0.0,0,0,0.0,0.0,0.0,0.0
833509,同惠电子,0.0,0.0,0.0,0.0,0,0,0.0,0.0,0.0,0.0
833523,德瑞锂电,0.0,0.0,0.0,0.0,0,0,0.0,0.0,0.0,0.0
833533,骏创科技,0.0,0.0,0.0,0.0,0,0,0.0,0.0,0.0,0.0
833575,康乐卫士,0.0,0.0,0.0,0.0,0,0,0.0,0.0,0.0,0.0
833580,科创新材,0.0,0.0,0.0,0.0,0,0,0.0,0.0,0.0,0.0
833751,惠同新材,0.0,0.0,0.0,0.0,0,0,0.0,0.0,0.0,0.0
833781,瑞奇智造,0.0,0.0,0.0,0.0,0,0,0.0,0.0,0.0,0.0
833819,颖泰生物,0.0,0.0,0.0,0.0,0,0,0.0,0.0,0.0,0.0
833873,中设咨询,0.0,0.0,0.0,0.0,0,0,0.0,0.0,0.0,0.0
833914,远航精密,0.0,0.0,0.0,0.0,0,0,0.0,0.0,0.0,0.0
833943,优机股份,0.0,0.0,0.0,0.0,0,0,0.0,0.0,0.0,0.0
834014,特瑞斯,0.0,0.0,0.0,0.0,0,0,0.0,0.0,0.0,0.0
834021,流金科技,0.0,0.0,0.0,0.0,0,0,0.0,0.0,0.0,0.0
834033,康普化学,0.0,0.0,0.0,0.0,0,0,0.0,0.0,0.0,0.0
834058,华洋赛车,0.0,0.0,0.0,0.0,0,0,0.0,0.0,0.0,0.0
834062,科润智控,0.0,0.0,0.0,0.0,0,0,0.0,0.0,0.0,0.0
834261,一诺威,0.0,0.0,0.0,0.0,0,0,0.0,0.0,0.0,0.0
834407,驰诚股份,0.0,0.0,0.0,0.0,0,0,0.0,0.0,0.0,0.0
834415,恒拓开源,0.0,0.0,0.0,0.0,0,0,0.0,0.0,0.0,0.0
834475,三友科技,0.0,0.0,0.0,0.0,0,0,0.0,0.0,0.0,0.0
834599,同力股份,0.0,0.0,0.0,0.0,0,0,0.0,0.0,0.0,0.0
834639,晨光电缆,0.0,0.0,0.0,0.0,0,0,0.0,0.0,0.0,0.0
834682,球冠电缆,0.0,0.0,0.0,0.0,0,0,0.0,0.0,0.0,0.0
834765,美之高,0.0,0.0,0.0,0.0,0,0,0.0,0.0,0.0,0.0
834770,艾能聚,0.0,0.0,0.0,0.0,0,0,0.0,0.0,0.0,0.0
834950,迅安科技,0.0,0.0,0.0,0.0,0,0,0.0,0.0,0.0,0.0
835174,五新隧装,0.0,0.0,0.0,0.0,0,0,0.0,0.0,0.0,0.0
835179,凯德石英,0.0,0.0,0.0,0.0,0,0,0.0,0.0,0.0,0.0
835184,国源科技,0.0,0.0,0.0,0.0,0,0,0.0,0.0,0.0,0.0
835185,贝特瑞,0.0,0.0,0.0,0.0,0,0,0.0,0.0,0.0,0.0
835207,众诚科技,0.0,0.0,0.0,0.0,0,0,0.0,0.0,0.0,0.0
835237,力佳科技,0.0,0.0,0.0,0.0,0,0,0.0,0.0,0.0,0.0
835305,*ST云创,0.0,0.0,0.0,0.0,0,0,0.0,0.0,0.0,0.0
835368,连城数控,0.0,0.0,0.0,0.0,0,0,0.0,0.0,0.0,0.0
835438,戈碧迦,0.0,0.0,0.0,0.0,0,0,0.0,0.0,0.0,0.0
835508,殷图网联,0.0,0.0,0.0,0.0,0,0,0.0,0.0,0.0,0.0
835579,机科股份,0.0,0.0,0.0,0.0,0,0,0.0,0.0,0.0,0.0
835640,富士达,0.0,0.0,0.0,0.0,0,0,0.0,0.0,0.0,0.0
835670,数字人,0.0,0.0,0.0,0.0,0,0,0.0,0.0,0.0,0.0
835857,百甲科技,0.0,0.0,0.0,0.0,0,0,0.0,0.0,0.0,0.0
835892,中科美菱,0.0,0.0,0.0,0.0,0,0,0.0,0.0,0.0,0.0
835985,海泰新能,0.0,0.0,0.0,0.0,0,0,0.0,0.0,0.0,0.0
836077,吉林碳谷,0.0,0.0,0.0,0.0,0,0,0.0,0.0,0.0,0.0
836149,旭杰科技,0.0,0.0,0.0,0.0,0,0,0.0,0.0,0.0,0.0
836208,青矩技术,0.0,0.0,0.0,0.0,0,0,0.0,0.0,0.0,0.0
836221,易实精密,0.0,0.0,0.0,0.0,0,0,0.0,0.0,0.0,0.0
836239,长虹能源,0.0,0.0,0.0,0.0,0,0,0.0,0.0,0.0,0.0
836247,华密新材,0.0,0.0,0.0,0.0,0,0,0.0,0.0,0.0,0.0
836260,中寰股份,0.0,0.0,0.0,0.0,0,0,0.0,0.0,0.0,0.0
836263,中航泰达,0.0,0.0,0.0,0.0,0,0,0.0,0.0,0.0,0.0
836270,天铭科技,0.0,0.0,0.0,0.0,0,0,0.0,0.0,0.0,0.0
836395,朗鸿科技,0.0,0.0,0.0,0.0,0,0,0.0,0.0,0.0,0.0
836414,欧普泰,0.0,0.0,0.0,0.0,0,0,0.0,0.0,0.0,0.0
836419,万德股份,0.0,0.0,0.0,0.0,0,0,0.0,0.0,0.0,0.0
836422,润普食品,0.0,0.0,0.0,0.0,0,0,0.0,0.0,0.0,0.0
836433,大唐药业,0.0,0.0,0.0,0.0,0,0,0.0,0.0,0.0,0.0
836504,博迅生物,0.0,0.0,0.0,0.0,0,0,0.0,0.0,0.0,0.0
836547,无锡晶海,0.0,0.0,0.0,0.0,0,0,0.0,0.0,0.0,0.0
836675,秉扬科技,0.0,0.0,0.0,0.0,0,0,0.0,0.0,0.0,0.0
836699,海达尔,0.0,0.0,0.0,0.0,0,0,0.0,0.0,0.0,0.0
836717,瑞星股份,0.0,0.0,0.0,0.0,0,0,0.0,0.0,0.0,0.0
836720,吉冈精密,0.0,0.0,0.0,0.0,0,0,0.0,0.0,0.0,0.0
836807,奔朗新材,0.0,0.0,0.0,0.0,0,0,0.0,0.0,0.0,0.0
836826,盖世食品,0.0,0.0,0.0,0.0,0,0,0.0,0.0,0.0,0.0
836871,派特尔,0.0,0.0,0.0,0.0,0,0,0.0,0.0,0.0,0.0
836892,广咨国际,0.0,0.0,0.0,0.0,0,0,0.0,0.0,0.0,0.0
836942,恒立钻具,0.0,0.0,0.0,0.0,0,0,0.0,0.0,0.0,0.0
836957,汉维科技,0.0,0.0,0.0,0.0,0,0,0.0,0.0,0.0,0.0
836961,西磁科技,0.0,0.0,0.0,0.0,0,0,0.0,0.0,0.0,0.0
837006,晟楠科技,0.0,0.0,0.0,0.0,0,0,0.0,0.0,0.0,0.0
837023,芭薇股份,0.0,0.0,0.0,0.0,0,0,0.0,0.0,0.0,0.0
837046,亿能电力,0.0,0.0,0.0,0.0,0,0,0.0,0.0,0.0,0.0
837092,汉鑫科技,0.0,0.0,0.0,0.0,0,0,0.0,0.0,0.0,0.0
837174,宏裕包材,0.0,0.0,0.0,0.0,0,0,0.0,0.0,0.0,0.0
837212,智新电子,0.0,0.0,0.0,0.0,0,0,0.0,0.0,0.0,0.0
837242,建邦科技,0.0,0.0,0.0,0.0,0,0,0.0,0.0,0.0,0.0
837344,三元基因,0.0,0.0,0.0,0.0,0,0,0.0,0.0,0.0,0.0
837403,康农种业,0.0,0.0,0.0,0.0,0,0,0.0,0.0,0.0,0.0
837592,华信永道,0.0,0.0,0.0,0.0,0,0,0.0,0.0,0.0,0.0
837663,明阳科技,0.0,0.0,0.0,0.0,0,0,0.0,0.0,0.0,0.0
837748,路桥信息,0.0,0.0,0.0,0.0,0,0,0.0,0.0,0.0,0.0
837821,则成电子,0.0,0.0,0.0,0.0,0,0,0.0,0.0,0.0,0.0
838030,德众汽车,0.0,0.0,0.0,0.0,0,0,0.0,0.0,0.0,0.0
838163,方大新材,0.0,0.0,0.0,0.0,0,0,0.0,0.0,0.0,0.0
838171,邦德股份,0.0,0.0,0.0,0.0,0,0,0.0,0.0,0.0,0.0
838227,美登科技,0.0,0.0,0.0,0.0,0,0,0.0,0.0,0.0,0.0
838262,太湖雪,0.0,0.0,0.0,0.0,0,0,0.0,0.0,0.0,0.0
838275,驱动力,0.0,0.0,0.0,0.0,0,0,0.0,0.0,0.0,0.0
838402,硅烷科技,0.0,0.0,0.0,0.0,0,0,0.0,0.0,0.0,0.0
838670,恒进感应,0.0,0.0,0.0,0.0,0,0,0.0,0.0,0.0,0.0
838701,豪声电子,0.0,0.0,0.0,0.0,0,0,0.0,0.0,0.0,0.0
838810,春光智能,0.0,0.0,0.0,0.0,0,0,0.0,0.0,0.0,0.0
838837,华原股份,0.0,0.0,0.0,0.0,0,0,0.0,0.0,0.0,0.0
838924,广脉科技,0.0,0.0,0.0,0.0,0,0,0.0,0.0,0.0,0.0
838971,天马新材,0.0,0.0,0.0,0.0,0,0,0.0,0.0,0.0,0.0
839167,同享科技,0.0,0.0,0.0,0.0,0,0,0.0,0.0,0.0,0.0
839273,一致魔芋,0.0,0.0,0.0,0.0,0,0,0.0,0.0,0.0,0.0
839371,欧福蛋业,0.0,0.0,0.0,0.0,0,0,0.0,0.0,0.0,0.0
839493,并行科技,0.0,0.0,0.0,0.0,0,0,0.0,0.0,0.0,0.0
839680,*ST广道,0.0,0.0,0.0,0.0,0,0,0.0,0.0,0.0,0.0
839719,宁新新材,0.0,0.0,0.0,0.0,0,0,0.0,0.0,0.0,0.0
839725,惠丰钻石,0.0,0.0,0.0,0.0,0,0,0.0,0.0,0.0,0.0
839729,永顺生物,0.0,0.0,0.0,0.0,0,0,0.0,0.0,0.0,0.0
839790,联迪信息,0.0,0.0,0.0,0.0,0,0,0.0,0.0,0.0,0.0
839792,东和新材,0.0,0.0,0.0,0.0,0,0,0.0,0.0,0.0,0.0
839946,华阳变速,0.0,0.0,0.0,0.0,0,0,0.0,0.0,0.0,0.0
870199,倍益康,0.0,0.0,0.0,0.0,0,0,0.0,0.0,0.0,0.0
870204,沪江材料,0.0,0.0,0.0,0.0,0,0,0.0,0.0,0.0,0.0
870299,灿能电力,0.0,0.0,0.0,0.0,0,0,0.0,0.0,0.0,0.0
870357,雅葆轩,0.0,0.0,0.0,0.0,0,0,0.0,0.0,0.0,0.0
870436,大地电气,0.0,0.0,0.0,0.0,0,0,0.0,0.0,0.0,0.0
870508,丰安股份,0.0,0.0,0.0,0.0,0,0,0.0,0.0,0.0,0.0
870656,海昇药业,0.0,0.0,0.0,0.0,0,0,0.0,0.0,0.0,0.0
870726,鸿智科技,0.0,0.0,0.0,0.0,0,0,0.0,0.0,0.0,0.0
870866,绿亨科技,0.0,0.0,0.0,0.0,0,0,0.0,0.0,0.0,0.0
870976,视声智能,0.0,0.0,0.0,0.0,0,0,0.0,0.0,0.0,0.0
871245,威博液压,0.0,0.0,0.0,0.0,0,0,0.0,0.0,0.0,0.0
871263,莱赛激光,0.0,0.0,0.0,0.0,0,0,0.0,0.0,0.0,0.0
871396,常辅股份,0.0,0.0,0.0,0.0,0,0,0.0,0.0,0.0,0.0
871478,巨能股份,0.0,0.0,0.0,0.0,0,0,0.0,0.0,0.0,0.0
871553,凯腾精工,0.0,0.0,0.0,0.0,0,0,0.0,0.0,0.0,0.0
871634,新威凌,0.0,0.0,0.0,0.0,0,0,0.0,0.0,0.0,0.0
871642,通易航天,0.0,0.0,0.0,0.0,0,0,0.0,0.0,0.0,0.0
871694,中裕科技,0.0,0.0,0.0,0.0,0,0,0.0,0.0,0.0,0.0
871753,天纺标,0.0,0.0,0.0,0.0,0,0,0.0,0.0,0.0,0.0
871857,泓禧科技,0.0,0.0,0.0,0.0,0,0,0.0,0.0,0.0,0.0
871970,大禹生物,0.0,0.0,0.0,0.0,0,0,0.0,0.0,0.0,0.0
871981,晶赛科技,0.0,0.0,0.0,0.0,0,0,0.0,0.0,0.0,0.0
872190,雷神科技,0.0,0.0,0.0,0.0,0,0,0.0,0.0,0.0,0.0
872351,华光源海,0.0,0.0,0.0,0.0,0,0,0.0,0.0,0.0,0.0
872374,云里物里,0.0,0.0,0.0,0.0,0,0,0.0,0.0,0.0,0.0
872392,佳合科技,0.0,0.0,0.0,0.0,0,0,0.0,0.0,0.0,0.0
872541,铁大科技,0.0,0.0,0.0,0.0,0,0,0.0,0.0,0.0,0.0
872808,曙光数创,0.0,0.0,0.0,0.0,0,0,0.0,0.0,0.0,0.0
872895,花溪科技,0.0,0.0,0.0,0.0,0,0,0.0,0.0,0.0,0.0
872925,锦好医疗,0.0,0.0,0.0,0.0,0,0,0.0,0.0,0.0,0.0
872931,无锡鼎邦,0.0,0.0,0.0,0.0,0,0,0.0,0.0,0.0,0.0
872953,国子软件,0.0,0.0,0.0,0.0,0,0,0.0,0.0,0.0,0.0
873001,纬达光电,0.0,0.0,0.0,0.0,0,0,0.0,0.0,0.0,0.0
873122,中纺标,0.0,0.0,0.0,0.0,0,0,0.0,0.0,0.0,0.0
873132,泰鹏智能,0.0,0.0,0.0,0.0,0,0,0.0,0.0,0.0,0.0
873152,天宏锂电,0.0,0.0,0.0,0.0,0,0,0.0,0.0,0.0,0.0
873167,新赣江,0.0,0.0,0.0,0.0,0,0,0.0,0.0,0.0,0.0
873169,七丰精工,0.0,0.0,0.0,0.0,0,0,0.0,0.0,0.0,0.0
873223,荣亿精密,0.0,0.0,0.0,0.0,0,0,0.0,0.0,0.0,0.0
873305,九菱科技,0.0,0.0,0.0,0.0,0,0,0.0,0.0,0.0,0.0
873339,恒太照明,0.0,0.0,0.0,0.0,0,0,0.0,0.0,0.0,0.0
873527,夜光明,0.0,0.0,0.0,0.0,0,0,0.0,0.0,0.0,0.0
873570,坤博精工,0.0,0.0,0.0,0.0,0,0,0.0,0.0,0.0,0.0
873576,天力复合,0.0,0.0,0.0,0.0,0,0,0.0,0.0,0.0,0.0
873593,鼎智科技,0.0,0.0,0.0,0.0,0,0,0.0,0.0,0.0,0.0
873665,科强股份,0.0,0.0,0.0,0.0,0,0,0.0,0.0,0.0,0.0
873679,前进科技,0.0,0.0,0.0,0.0,0,0,0.0,0.0,0.0,0.0
873690,捷众科技,0.0,0.0,0.0,0.0,0,0,0.0,0.0,0.0,0.0
873693,阿为特,0.0,0.0,0.0,0.0,0,0,0.0,0.0,0.0,0.0
873703,广厦环能,0.0,0.0,0.0,0.0,0,0,0.0,0.0,0.0,0.0
873706,铁拓机械,0.0,0.0,0.0,0.0,0,0,0.0,0.0,0.0,0.0
873726,卓兆点胶,0.0,0.0,0.0,0.0,0,0,0.0,0.0,0.0,0.0
873806,云星宇,0.0,0.0,0.0,0.0,0,0,0.0,0.0,0.0,0.0
873833,美心翼申,0.0,0.0,0.0,0.0,0,0,0.0,0.0,0.0,0.0
920002,万达轴承,105.06,-2.3061186535242735,-2.480000000000004,80202868.76,756194,0,106.62,108.45,104.88,107.54
920008,成电光信,30.5,-2.337495997438362,-0.7300000000000004,33760451.81,1099664,0,31.25,31.47,30.4,31.23
920016,中草香料,19.78,-2.0792079207920704,-0.41999999999999815,17616914.89,886598,0,20.12,20.2,19.59,20.2
920019,铜冠矿建,19.68,-1.0060362173038195,-0.1999999999999993,34193065.21,1727992,0,19.98,20.1,19.58,19.88
920060,万源通,33.45,-3.1557614360162023,-1.0899999999999963,101070227.73,2988416,0,34.31,34.4,33.38,34.54
920066,科拜尔,24.73,-2.4457593688362955,-0.620000000000001,17958127.05,720772,0,25.35,25.52,24.58,25.35
920082,方正阀门,17.12,-2.5611838360842305,-0.4499999999999993,16009432.33,929573,0,17.51,17.57,17.04,17.57
920088,科力股份,29.9,-2.605863192182413,-0.8000000000000007,45200202.35,1492968,0,30.5,30.86,29.79,30.7
920098,科隆新材,29.36,-3.293807641633729,-1.0,54492284.38,1835819,0,30.28,30.3,29.25,30.36
920099,瑞华技术,31.55,0.03170577045022689,0.010000000000001563,19056477.23,604105,0,31.45,31.77,31.13,31.54
920106,林泰新材,81.65,-2.878553586297119,-2.4199999999999875,64599928.86,782025,0,84.8,84.8,81.56,84.07
920108,宏海科技,13.98,-1.6185784658691094,-0.23000000000000043,12118800.38,858879,0,14.26,14.28,13.98,14.21
920111,聚星科技,23.42,-1.8440905280804598,-0.4399999999999977,26838340.53,1136037,0,23.86,23.98,23.34,23.86
920116,星图测控,79.84,-6.739866837986212,-5.769999999999996,530209805.75,6409587,0,85.01,86.69,79.77,85.61
920118,太湖远大,23.12,-1.44927536231884,-0.33999999999999986,11378063.97,488350,0,23.46,23.65,23.07,23.46
920128,胜业电气,26.35,-1.6056758775205366,-0.4299999999999997,20434543.93,768604,0,26.9,27.08,26.27,26.78
000003,Ｂ股指数,248.5661,0.135519641686711,0.3363999999999976,104420999.0,211433,0,247.892,249.3109,247.7149,248.2297
000005,商业指数,2846.4826,-0.4660309275070099,-13.327600000000075,50280536257.0,45928677,0,2863.0738,2864.7126,2844.384,2859.8102
000013,企债指数,0.0,0.0,0.0,0.0,0,0,0.0,0.0,0.0,0.0
000015,红利指数,3016.0166,0.028207401243998165,0.8505000000000109,23028608759.0,25447145,0,3015.8881,3030.6048,3011.8254,3015.1661
000018,180金融,5939.7997,0.33630518995383235,19.90889999999945,38234725671.0,31253553,0,5920.2512,5978.7759,5914.9922,5919.8908
000022,沪公司债,253.6317,0.0032725686983106897,0.008299999999991314,374612483.0,374743,0,253.641,253.6452,253.6317,253.6234
000033,上证材料,3499.3108,-0.03947789991739941,-1.381999999999607,59143589990.0,32850297,0,3519.4128,3556.8811,3491.1685,3500.6928
000038,上证金融,5935.0235,0.3804938419982085,22.496799999999894,33788880423.0,26697671,0,5912.2278,5972.1015,5906.2558,5912.5267
000041,上证公用,2587.2193,-0.0317344326050994,-0.82129999999961,10803975149.0,15828888,0,2587.3201,2603.9509,2584.0262,2588.0406
000043,超大盘,2597.7565,0.301837213083501,7.817399999999907,61863522320.0,14363290,0,2590.8369,2608.9624,2589.7671,2589.9391
000044,上证中盘,4522.8758,-0.04764607400106999,-2.155999999999949,113271576817.0,64810658,0,4526.3316,4551.9737,4516.1512,4525.0318
000046,上证中小,5034.8302,-0.23100027036626528,-11.657400000000052,316066459187.0,182443573,0,5047.9701,5070.6062,5025.7379,5046.4876
000047,上证全指,3897.1163,-0.061825443864062704,-2.410899999999856,422491760087.0,216761921,0,3902.2684,3921.76,3892.1214,3899.5272
000051,180等权,9232.1158,-0.2948490137678428,-27.301300000000992,219696877717.0,99129007,0,9262.6647,9290.3591,9222.516,9259.4171
000052,50基本,3028.549,0.21632942164514957,6.537499999999909,106425300900.0,34318349,0,3024.6359,3042.7941,3018.8265,3022.0115
000053,180基本,12566.3836,0.07118566201904854,8.939099999999598,219696877717.0,99129007,0,12560.6865,12629.3695,12546.389,12557.4445
000054,上证海外,1599.3144,0.11678621562081276,1.8656000000000859,91230737623.0,50747502,0,1600.0425,1612.1185,1597.6077,1597.4488
000057,全指成长,3806.0646,0.00929392718716803,0.35370000000011714,138653792005.0,42058143,0,3810.9175,3834.7794,3800.7391,3805.7109
000064,非周期,3543.1708,-0.04857974693678206,-1.722099999999955,155928956931.0,50977441,0,3544.6375,3558.7316,3536.014,3544.8929
000067,上证新兴,8677.2606,-0.784551439755646,-68.61590000000069,101135566856.0,24199748,0,8739.8327,8745.5166,8658.0711,8745.8765
000071,材料等权,4698.3339,0.4419495128013674,20.672899999999572,59143589990.0,32850297,0,4701.0999,4763.8103,4671.1001,4677.661
000072,工业等权,2979.8424,-0.18229418945813028,-5.442000000000007,32475525653.0,25087484,0,2983.7973,2996.4398,2970.524,2985.2844
000073,可选等权,3446.2565,-1.4637716746412364,-51.19470000000001,37353270886.0,20962299,0,3489.6146,3489.7599,3443.7023,3497.4512
000074,消费等权,7118.9437,-0.9907966469508052,-71.24009999999998,10698484388.0,4218514,0,7193.2733,7194.4235,7113.8308,7190.1838
000075,医药等权,7011.2478,-0.39720237264770347,-27.959899999999834,12933510903.0,3541001,0,7042.0887,7058.1334,7002.9313,7039.2077
000076,金融等权,5740.4956,0.24313147174858918,13.923099999999977,33784688310.0,26236891,0,5725.8024,5784.0388,5720.1805,5726.5725
000077,信息等权,6009.7913,-0.050174559035502456,-3.0169000000005326,84811310404.0,12943085,0,6010.5843,6058.4897,5976.2442,6012.8082
000079,公用等权,2549.2467,-0.16082773037431206,-4.106499999999869,10803975149.0,15828888,0,2554.5953,2576.0595,2545.5185,2553.3532
000091,沪财中小,14370.6501,-0.6873815446525411,-99.46489999999903,43876478295.0,26537813,0,14465.4409,14467.8295,14339.231,14470.115
000092,资源50,4715.8939,0.27744049385581393,13.047599999999875,62591322861.0,28283461,0,4720.1662,4776.8998,4697.4619,4702.8463
000093,180分层,11947.0998,-0.6551268586096315,-78.78479999999945,219696877717.0,99129007,0,12026.1018,12026.1018,11933.8243,12025.8846
000094,上证上游,4382.0183,0.09052192854946052,3.9630999999999403,57975724795.0,30714330,0,4408.5016,4457.2647,4374.258,4378.0552
000095,上证中游,3790.7241,-0.0006700521888874625,-0.02539999999999054,221138717124.0,77545813,0,3787.4632,3812.2251,3775.674,3790.7495
000097,高端装备,11200.3776,-0.4836005212670934,-54.42829999999958,137379675729.0,34514826,0,11244.0646,11281.7703,11163.1948,11254.8059
000098,上证F200,5502.813,0.08454639725676161,4.64850000000024,175837162055.0,118113691,0,5500.6891,5533.2807,5494.6689,5498.1645
000101,5年信用,251.4932,0.009981385312892175,0.025100000000009004,220415798.0,219109,0,251.4843,251.497,251.4842,251.4681
000102,沪投资品,7380.6344,0.22271021145648948,16.400899999999638,71536738775.0,33254553,0,7386.6119,7456.5653,7336.6768,7364.2335
000103,沪消费品,8107.6709,-0.7045985434678971,-57.53189999999995,30185162416.0,5748431,0,8174.7767,8176.1333,8100.9977,8165.2028
000104,380能源,1261.6738,-0.5937317676868875,-7.535699999999906,2073500634.0,3309124,0,1269.743,1272.7631,1259.8014,1269.2095
000105,380材料,5226.2569,0.4630627433072427,24.08930000000055,24309862190.0,15868717,0,5210.6949,5283.3323,5186.7961,5202.1676
000106,380工业,5775.7588,-0.6598193725397824,-38.362700000000586,65813032183.0,33598715,0,5812.5679,5835.4995,5758.392,5814.1215
000107,380可选,5518.15,-1.4170934397271011,-79.32140000000072,12796099588.0,5565488,0,5597.9445,5598.6577,5511.5585,5597.4714
000108,380消费,12316.5722,-1.12395311640275,-140.0060999999987,2852726378.0,1505097,0,12468.6954,12471.4396,12307.44,12456.5783
000109,380医药,10029.8021,-0.5348237973354258,-53.93019999999888,6372408504.0,2566179,0,10082.1137,10095.7852,10018.1494,10083.7323
000110,380金融,4214.4813,-0.36853286487777065,-15.589199999999437,5986324627.0,7185027,0,4233.3753,4254.9123,4210.7139,4230.0705
000111,380信息,9457.8841,-0.07952322156355159,-7.527200000000448,28661750545.0,6114803,0,9443.5798,9540.2583,9406.5513,9465.4113
000112,380电信,6023.5357,-0.466416219500756,-28.226399999999558,21801632234.0,5723550,0,6050.0847,6110.6727,6001.5462,6051.7621
000113,380公用,2981.312,0.0918660553095907,2.7363000000000284,4780538422.0,9083942,0,2982.1448,3008.3057,2971.1448,2978.5757
000114,持续产业,1241.1608,0.30195786522053963,3.7365000000002055,20981728438.0,11858946,0,1238.142,1245.1545,1235.4583,1237.4243
000115,380等权,8460.8059,-0.42544296689039945,-36.14969999999994,182314951062.0,99305881,0,8499.7267,8521.1312,8444.3389,8496.9556
000116,信用100,198.8772,0.01981514581231564,0.039400000000000546,201344818.0,201700,0,198.8483,198.879,198.8436,198.8378
000117,380成长,4280.9141,-0.48841156047993856,-21.011099999999715,51616492596.0,20767414,0,4302.1285,4318.138,4272.8826,4301.9252
000118,380价值,9952.8498,-0.16569054161015206,-16.518299999999726,28721726660.0,32948214,0,9974.2013,10015.9608,9940.1083,9969.3681
000119,380R成长,4255.7031,-0.4655734205081267,-19.90610000000015,162438290837.0,73690973,0,4275.2619,4291.5434,4245.406,4275.6092
000120,380R价值,9436.1213,-0.26356251459468827,-24.93579999999929,139543524901.0,85871773,0,9468.5677,9500.8628,9417.4297,9461.0571
000121,医药主题,8100.2421,-0.5435281077321489,-44.26769999999942,13489501427.0,3760495,0,8149.2673,8159.4775,8091.603,8144.5098
000122,农业主题,1635.4816,-0.5504779954739734,-9.052799999999934,5872668990.0,6994624,0,1647.8469,1653.9341,1633.7069,1644.5344
000123,180动态,7046.0783,0.14962864813817425,10.527200000000448,161578588141.0,51127539,0,7048.1256,7106.3661,7025.879,7035.5511
000125,180稳定,11851.7657,0.12888088716887824,15.2549999999992,68914834587.0,46963343,0,11833.0818,11887.7662,11822.6641,11836.5107
000126,消费50,8275.8306,-1.070698506328252,-89.56820000000153,44293497195.0,20434922,0,8371.8538,8371.8538,8273.1088,8365.3988
000128,380基本,8905.1261,-0.2964104876032189,-26.474200000000565,182314951062.0,99305881,0,8934.5146,8963.9595,8890.1438,8931.6003
000129,180波动,15245.1963,-0.2020416219488187,-30.863999999999578,64624562340.0,55215839,0,15275.3423,15323.1824,15242.0795,15276.0603
000130,380波动,13229.3707,-0.21790941115606144,-28.89099999999962,17478358381.0,21286364,0,13267.3147,13294.7949,13216.1707,13258.2617
000131,上证高新,3529.6776,0.15836967007004144,5.5810999999998785,37084741939.0,3454894,0,3525.935,3569.2223,3511.9149,3524.0965
000132,上证100,5953.6422,-0.4099562573705813,-24.507799999999406,37337744047.0,12919134,0,5978.0192,5997.1933,5941.387,5978.15
000133,上证150,6550.2082,-0.5576745712604475,-36.73369999999977,41467647511.0,17092394,0,6590.0621,6611.8527,6527.1463,6586.9419
000134,上证银行,1035.7973,0.2656883105468169,2.744699999999966,17639999077.0,23020976,0,1033.3756,1039.7311,1031.7859,1033.0526
000135,180高贝,6226.2512,-0.34965361218171787,-21.846700000000055,113343968317.0,25435386,0,6248.6248,6282.5447,6214.66,6248.0979
000136,180低贝,12946.746,0.011819810591184868,1.5300999999999476,37576234187.0,37466038,0,12944.0031,13002.4913,12929.0331,12945.2159
000137,380高贝,5673.63,-0.11404185170642907,-6.477699999999459,69349334233.0,20138790,0,5683.4787,5724.3955,5656.5331,5680.1077
000138,380低贝,8130.8412,-0.323642496057034,-26.400300000000243,16620400409.0,15848093,0,8160.9485,8183.9053,8123.0588,8157.2415
000139,上证转债,424.3323,-0.24655538292604642,-1.0488000000000284,37065269408.0,19641547,0,425.3314,426.2564,424.0635,425.3811
000141,380动态,3780.1905,-0.3984099960809511,-15.120899999999892,132728643900.0,59635967,0,3796.6111,3814.9523,3769.6555,3795.3114
000142,380稳定,9744.6685,-0.3299400890453642,-32.25799999999981,45127393199.0,38336324,0,9779.7149,9799.7253,9730.67,9776.9265
000145,优势资源,7938.3567,0.5932096957511467,46.8134,55343117041.0,27555044,0,7935.5228,8062.6337,7890.8192,7891.5433
000146,优势制造,7573.6088,-0.5617840405236237,-42.78769999999986,68199271789.0,27855629,0,7612.7988,7615.7381,7547.8681,7616.3965
000147,优势消费,6833.1077,-0.50883548570405,-34.94710000000032,16850493066.0,5859577,0,6875.6343,6876.7875,6827.7147,6868.0548
000148,消费领先,9430.2198,-0.15329658707358126,-14.478399999999965,104647869780.0,51919319,0,9453.963,9478.2987,9424.8364,9444.6982
000149,180红利,4019.9126,0.2824133901586079,11.320799999999963,26680234769.0,26014074,0,4009.3311,4040.52,4008.1141,4008.5918
000150,380红利,11428.2095,-0.3364316321064644,-38.57789999999841,5986478954.0,5157956,0,11469.5307,11497.7249,11417.5571,11466.7874
000152,上央红利,2865.4876,0.05967290698824198,1.7089000000000851,20683152668.0,22825416,0,2865.1481,2878.3284,2858.5252,2863.7787
000160,沪新丝路,2100.9648,-0.15378760430087643,-3.2359999999998763,61871995856.0,47632432,0,2105.2644,2114.3914,2096.2848,2104.2008
000161,沪中国造,1694.5546,-0.40447586495294346,-6.881900000000087,107613866713.0,43508249,0,1702.8119,1707.2549,1689.8855,1701.4365
000162,沪互联+,3542.8355,-1.287317174536304,-46.20229999999992,55712245599.0,17052545,0,3581.8822,3584.9204,3536.975,3589.0378
000170,50AH优选,6189.0377,0.07694672124354988,4.758600000000115,69547255126.0,19386381,0,6198.9116,6230.5351,6181.8015,6184.2791
000171,新兴成指,0.0,0.0,0.0,0.0,0,0,0.0,0.0,0.0,0.0
000300,沪深300,4614.8228,0.06937470068838494,3.199300000000221,415718614368.0,161998641,0,4616.026,4644.5347,4607.7992,4611.6235
000805,A股资源,0.0,0.0,0.0,0.0,0,0,0.0,0.0,0.0,0.0
000808,医药生物,0.0,0.0,0.0,0.0,0,0,0.0,0.0,0.0,0.0
000814,细分医药,8482.4279,-0.21605510440358466,-18.366399999998976,14130695946.0,3840214,0,8506.9027,8553.5989,8473.3661,8500.7943
000827,中证环保,1851.7763,1.1303169666108883,20.69699999999989,95098958306.0,31928133,0,1833.8456,1866.1823,1832.8305,1831.0793
000841,800医药,0.0,0.0,0.0,0.0,0,0,0.0,0.0,0.0,0.0
000842,800等权,0.0,0.0,0.0,0.0,0,0,0.0,0.0,0.0,0.0
000847,腾讯济安,3479.9944,-0.10503054365369549,-3.6588999999999032,54435015743.0,24010967,0,3485.5322,3503.2992,3474.7146,3483.6533
000849,300非银,11191.047,0.2931422434518339,32.70980000000054,28128289212.0,13338563,0,11156.5049,11301.3254,11135.9025,11158.3372
000853,CSSW丝路,1631.0918,-0.21493875095956178,-3.513400000000047,91942251340.0,18033203,0,1635.9415,1642.6569,1629.4847,1634.6052
000854,500原料,5699.1376,0.28498619201111,16.195600000000013,52322741198.0,29705821,0,5688.6195,5769.7332,5660.8402,5682.942
000855,央视500,1627.0282,0.0006514987914124388,0.010600000000067666,597074159450.0,224184605,0,1628.3148,1637.3849,1625.3581,1627.0176
000857,500医药,10492.5405,-0.39899103641843137,-42.03200000000106,10598797872.0,7001448,0,10538.1093,10557.4229,10480.1163,10534.5725
000865,上海国企,1495.9189,-0.09414767072506042,-1.4097000000001572,21298816346.0,14594398,0,1497.333,1504.2424,1494.3339,1497.3286
000867,港中小企,2720.4114,-0.3402535949655796,-9.287900000000263,17382941182.0,19534092,0,2732.9037,2736.5875,2718.1869,2729.6993
000891,新兴综指,1838.9329,-0.09133908079917402,-1.6811999999999898,976819371007.0,394827961,0,1840.9954,1852.5461,1832.916,1840.6141
000904,中证200,0.0,0.0,0.0,0.0,0,0,0.0,0.0,0.0,0.0
000914,300金融,6718.9198,0.2538381682899266,17.011999999999716,52035892570.0,46246886,0,6704.0202,6762.873,6696.0801,6701.9078
000918,300成长,0.0,0.0,0.0,0.0,0,0,0.0,0.0,0.0,0.0
000934,中证金融,6264.0524,0.1797302724907415,11.238199999999779,61683319622.0,59091516,0,6254.7556,6305.9668,6247.4249,6252.8142
000944,内地资源,0.0,0.0,0.0,0.0,0,0,0.0,0.0,0.0,0.0
000971,等权90,0.0,0.0,0.0,0.0,0,0,0.0,0.0,0.0,0.0
000974,800金融,7033.1115,0.2182051883708256,15.313199999999597,55165689869.0,47510804,0,7018.59,7078.9073,7012.1751,7017.7983
000982,500等权,8806.1531,-0.3218272205920884,-28.43209999999999,315419725920.0,165755278,0,8838.7332,8868.8903,8788.6808,8834.5852
000984,300等权,0.0,0.0,0.0,0.0,0,0,0.0,0.0,0.0,0.0
000986,全指能源,2303.0653,0.1443942949143229,3.3207000000002154,12295205992.0,18314229,0,2301.9799,2315.4459,2294.5144,2299.7446
000991,全指医药,8875.7666,-0.43327583641302997,-38.623899999998685,28781687861.0,12735901,0,8920.5294,8938.4623,8868.0305,8914.3905
000992,全指金融,5975.1945,0.12566828566138014,7.499499999999898,71080076789.0,71377734,0,5969.2847,6015.2014,5962.5498,5967.695
