代码,名称,最新价,涨跌幅,涨跌额,成交量,成交额,换手率,开盘,最高,最低,昨收
000001,上证指数,3963.6789,0.10247950239481356,4.057800000000043,893644363935.0,555489592,0,3957.8326,3977.7062,3945.5238,3959.6211
000002,Ａ股指数,4155.8908,0.10503838090925029,4.360700000000179,892951027256.0,555154047,0,4149.655,4170.5756,4136.8081,4151.5301
000004,工业指数,3601.6151,0.2046736425698437,7.356499999999869,679373540901.0,348723781,0,3594.4157,3615.5283,3580.6414,3594.2586
000006,地产指数,4261.6754,-0.12754744537180157,-5.442600000000311,4610840585.0,8272840,0,4261.6253,4279.0542,4246.596,4267.118
000007,公用指数,4754.5189,0.34063341163298466,16.14050000000043,34124304703.0,52798718,0,4739.4593,4760.5291,4724.8208,4738.3784
000008,综合指数,3627.1084,-0.09958894702054306,-3.6158000000000357,124015386091.0,99521322,0,3624.8104,3644.0475,3618.9969,3630.7242
000009,上证380,6585.8111,0.6335034769826903,41.458700000000135,222785066681.0,122336915,0,6542.3145,6602.5077,6527.9688,6544.3524
000010,上证180,10057.5194,0.38434929817526525,38.50799999999981,227377185060.0,104565608,0,10022.4395,10089.1787,10006.8979,10019.0114
000011,基金指数,7144.6371,0.06877994652568704,4.910700000000361,308652519528.0,918045560,0,7140.9028,7148.5166,7138.7211,7139.7264
000012,国债指数,224.936,0.07349709125918431,0.16519999999999868,25046886763.0,25112932,0,224.7853,224.9593,224.7843,224.7708
000014,沙河股份,13.67,-0.2917578409919834,-0.040000000000000924,79095064.38,5763681,0,13.67,13.82,13.62,13.71
000016,上证50,3045.4036,0.4142056356788161,12.562200000000303,100917255090.0,34100689,0,3032.4669,3057.9481,3031.2602,3032.8414
000017,新综指,3350.4348,0.10249763056766228,3.4306000000001404,877837396558.0,548336884,0,3345.4906,3362.2941,3335.0767,3347.0042
000019,治理指数,1247.9819,0.45585726110377,5.663199999999961,153832297146.0,76413235,0,1242.2839,1251.0731,1241.6606,1242.3187
000020,中型综指,1689.6191,-0.20618859931201242,-3.491000000000213,223409952364.0,89990915,0,1690.5093,1702.6767,1680.7371,1693.1101
000021,180治理,1092.2853,0.569005601943022,6.180000000000064,113323560465.0,54937048,0,1086.251,1094.526,1085.7294,1086.1053
000025,180基建,1786.6385,0.0059780635294644415,0.1068000000000211,20283069831.0,20101090,0,1785.5992,1788.3358,1779.0753,1786.5317
000026,180资源,5450.4682,2.346137162349911,124.94410000000062,39993293064.0,16849034,0,5362.8369,5468.6873,5361.4423,5325.5241
000027,180运输,771.2051,-0.14496493508494435,-1.1195999999999913,3889582552.0,4545045,0,771.5691,774.4579,767.2303,772.3247
000028,180成长,3922.3086,0.5305632823552915,20.70049999999992,86748649792.0,28406679,0,3905.5508,3938.644,3902.4455,3901.6081
000029,180价值,4456.3237,0.04700924950032548,2.0938999999998487,50026607142.0,45756634,0,4447.5643,4472.1307,4445.1632,4454.2298
000030,180R成长,2585.6432,0.4342730891840273,11.180199999999786,193365515027.0,71763228,0,2576.749,2595.6684,2571.4387,2574.463
000031,180R价值,3267.3257,0.16255863309362723,5.3026999999997315,156643472377.0,89113183,0,3259.2738,3278.2946,3256.8655,3262.023
000032,上证能源,1914.2524,0.2452122857613182,4.682500000000118,9076787332.0,14086535,0,1904.5687,1920.3634,1903.6549,1909.5699
000034,上证工业,2243.2014,0.276748812757028,6.190900000000056,41666395006.0,30040962,0,2241.1362,2253.922,2232.5607,2237.0105
000035,上证可选,2989.6989,0.6260411552817554,18.60030000000006,36228206416.0,17657363,0,2971.7864,2999.8502,2967.6854,2971.0986
000036,上证消费,11008.0612,-0.3367382706282205,-37.193600000000515,9531065754.0,3513585,0,11031.3506,11036.1932,10969.799,11045.2548
000037,上证医药,6481.0629,0.20596369827199992,13.321200000000317,12699027203.0,3260315,0,6460.5013,6494.1091,6439.9224,6467.7417
000039,上证信息,5500.959,-0.5360839460734078,-29.648699999999735,82111405552.0,14256495,0,5507.3456,5545.1497,5460.2129,5530.6077
000040,上证电信,3951.1676,0.2748851735037236,10.83140000000003,37670538262.0,15512975,0,3932.1272,3958.3187,3911.0073,3940.3362
000042,上证央企,1806.762,0.10141104516093874,1.8304000000000542,67466835639.0,42265158,0,1803.0823,1809.6313,1800.2581,1804.9316
000045,上证小盘,5744.1148,0.5920117354067556,33.80569999999989,244862821676.0,136848142,0,5707.7599,5762.7247,5697.5631,5710.3091
000048,责任指数,1490.3045,0.31206158198299827,4.636199999999917,61206776229.0,25441900,0,1484.232,1495.0002,1483.6663,1485.6683
000049,上证民企,2022.7012,0.7869117706705724,15.792599999999993,82526618458.0,29600470,0,2009.0375,2031.9691,2006.5506,2006.9086
000050,50等权,2415.4346,0.34127758945767184,8.215299999999843,100917255090.0,34100689,0,2406.7813,2424.9718,2405.4402,2407.2193
000055,上证地企,1583.0828,0.783235130523373,12.302899999999909,64942541545.0,32086950,0,1573.6892,1588.4232,1573.4926,1570.7799
000056,上证国企,1250.5909,0.5223001817388124,6.497899999999845,95117758788.0,50614343,0,1245.2549,1253.2495,1244.8159,1244.093
000058,全指价值,4735.5287,0.28912020745648936,13.651899999999841,101696514973.0,87342551,0,4717.5691,4749.6771,4717.5691,4721.8768
000059,全R成长,3341.007,0.3816779214492294,12.703399999999874,398291079306.0,172180846,0,3329.7421,3354.4839,3320.012,3328.3036
000060,全R价值,4483.0752,0.3784560323876447,16.902500000000146,360974922983.0,213125081,0,4463.5615,4496.3931,4462.9527,4466.1727
000061,沪企债30,177.8434,0.02283428607424178,0.04060000000001196,102190554.0,102094,0,177.8128,177.856,177.805,177.8028
000062,上证沪企,2082.4519,-0.012498126241346049,-0.2602999999999156,33318049532.0,17013587,0,2079.8008,2092.0921,2073.3982,2082.7122
000063,上证周期,4044.8894,0.6525524455817474,26.223899999999958,72776881339.0,44503595,0,4023.1264,4060.2515,4022.7766,4018.6655
000065,上证龙头,3616.6401,0.2982206927971684,10.753500000000258,144202500918.0,69572762,0,3603.6109,3626.9434,3597.1697,3605.8866
000066,上证商品,3499.6184,1.717161277181354,59.07960000000003,67481159361.0,40322149,0,3457.2716,3510.8352,3457.2716,3440.5388
000068,上证资源,3965.1271,1.9699132820619896,76.60060000000021,63458572117.0,35395788,0,3910.821,3980.6033,3910.6457,3888.5265
000069,消费80,4961.5007,0.2660571525943253,13.165399999999863,53326559654.0,19990334,0,4946.2646,4971.4835,4931.4829,4948.3353
000070,能源等权,2603.4771,0.6729349831182315,17.402599999999893,9076787332.0,14086535,0,2581.5492,2612.5179,2580.2449,2586.0745
000078,电信等权,3409.8699,1.4936294988767767,50.18130000000019,37670538262.0,15512975,0,3354.7669,3416.6689,3345.2648,3359.6886
000088,盐田港,4.53,-0.43956043956043017,-0.019999999999999574,87738329.92,19307844,0,4.56,4.56,4.52,4.55
000089,深圳机场,7.07,0.14164305949009456,0.010000000000000675,62078651.0,8773900,0,7.06,7.12,7.04,7.06
000090,上证流通,1449.6942,0.3182211612850946,4.598599999999806,877837396558.0,548336884,0,1445.0364,1454.6987,1441.336,1445.0956
000096,上证下游,4241.9683,0.17063375566835812,7.225900000000365,76843528309.0,38795857,0,4230.8735,4252.7708,4222.1297,4234.7424
000099,上证F300,9149.3514,0.458363068097316,41.74589999999989,176828312751.0,109874619,0,9106.6681,9167.8012,9077.2453,9107.6055
000100,上证F500,6273.8622,0.45487330759481376,28.40889999999945,369865156754.0,241314946,0,6245.5843,6286.4505,6242.2127,6245.4533
000151,上国红利,1541.0884,0.5384861233859464,8.254100000000108,15758793507.0,16183358,0,1530.6638,1541.6632,1529.1816,1532.8343
000153,上民红利,3101.8131,-0.20486261319565185,-6.367500000000291,4068643589.0,4373084,0,3108.7214,3118.1273,3093.7677,3108.1806
000155,市值百强,3305.1091,0.3467724245241883,11.421600000000126,189321311334.0,74911985,0,3293.6801,3316.5118,3290.2859,3293.6875
000156,华数传媒,7.49,-0.1333333333333305,-0.009999999999999787,42141909.39,5602201,0,7.5,7.56,7.47,7.5
000157,中联重科,8.57,1.660735468564657,0.14000000000000057,409694708.66,47977014,0,8.41,8.58,8.4,8.43
000158,上证环保,1334.2113,0.8290934889835612,10.970900000000029,32914757189.0,17504583,0,1333.0512,1350.3608,1331.1909,1323.2404
000159,沪股通,3678.9195,0.3451906448960221,12.65560000000005,787771476369.0,475565508,0,3666.0319,3690.9315,3657.4597,3666.2639
000166,申万宏源,5.32,0.3773584905660465,0.020000000000000462,483909711.46,90994325,0,5.29,5.36,5.27,5.3
000301,东方盛虹,10.72,3.0769230769230793,0.3200000000000003,314872412.95,29624181,0,10.41,10.77,10.41,10.4
000333,美的集团,78.87,0.35627942486321557,0.28000000000000114,1688269459.89,21410712,0,78.59,79.07,78.55,78.59
000338,潍柴动力,17.55,1.3864818024263548,0.240000000000002,806358191.77,46069346,0,17.22,17.67,17.2,17.31
000400,许继电气,26.42,-0.9745127436281784,-0.259999999999998,654883077.55,24695565,0,26.66,26.73,26.2,26.68
000401,金隅冀东,4.46,-0.4464285714285817,-0.020000000000000462,41069614.06,9181997,0,4.47,4.5,4.43,4.48
000402,金融街,2.77,-0.7168458781362014,-0.020000000000000018,52036299.44,18774919,0,2.77,2.79,2.75,2.79
000403,派林生物,14.14,1.5804597701149472,0.22000000000000064,217470641.09,15467083,0,13.9,14.28,13.78,13.92
000404,长虹华意,6.8,-0.2932551319648162,-0.020000000000000462,40502544.81,5949101,0,6.82,6.84,6.78,6.82
000407,胜利股份,5.21,3.9920159680638756,0.20000000000000018,866906412.64,168381231,0,5.0,5.5,4.92,5.01
000408,藏格矿业,85.33,7.185027006657453,5.719999999999999,1475644916.02,17675285,0,81.03,85.81,80.31,79.61
000409,云鼎科技,11.13,0.2702702702702805,0.030000000000001137,106493960.68,9588160,0,11.11,11.19,11.01,11.1
000410,沈阳机床,7.31,0.5502063273727653,0.040000000000000036,188840044.98,25831006,0,7.3,7.38,7.24,7.27
000411,英特集团,12.86,3.7933817594834447,0.46999999999999886,456832282.08,35674193,0,12.46,13.16,12.43,12.39
000415,渤海租赁,4.09,0.4914004914004809,0.019999999999999574,329773166.68,80610942,0,4.07,4.13,4.06,4.07
000417,合百集团,8.12,-1.3365735115431494,-0.11000000000000121,554500620.49,67020565,0,8.26,8.58,8.08,8.23
000419,通程控股,6.77,1.1958146487294345,0.07999999999999918,217324805.78,32195721,0,6.66,6.84,6.64,6.69
000420,吉林化纤,4.23,3.422982885085588,0.14000000000000057,657882821.43,155539250,0,4.09,4.39,4.08,4.09
000421,南京公用,6.86,-0.5797101449275368,-0.040000000000000036,65221204.0,9472300,0,6.9,6.95,6.83,6.9
000422,湖北宜化,14.63,1.526717557251913,0.22000000000000064,610927153.03,41914846,0,14.48,14.7,14.36,14.41
000423,东阿阿胶,49.35,0.7759852971206914,0.38000000000000256,240862746.62,4892929,0,48.9,49.45,48.82,48.97
000425,徐工机械,11.24,5.144995322731532,0.5500000000000007,999119289.79,89578800,0,10.7,11.29,10.7,10.69
000426,兴业银锡,35.76,2.2590792107520707,0.7899999999999991,2152576739.13,60100904,0,35.93,36.2,35.21,34.97
000428,华天酒店,3.38,0.0,0.0,79347286.84,23391601,0,3.39,3.43,3.35,3.38
000429,粤高速Ａ,12.19,2.5231286795626486,0.29999999999999893,136773875.16,11318264,0,11.86,12.24,11.86,11.89
000430,*ST张股,0.0,-100.0,-7.9,0.0,0,0,0.0,0.0,0.0,7.9
000488,ST晨鸣,2.21,-0.896860986547086,-0.020000000000000018,75024600.15,33726065,0,2.23,2.26,2.19,2.23
000498,山东路桥,6.05,-0.493421052631583,-0.03000000000000025,65186489.0,10748240,0,6.09,6.1,6.02,6.08
000501,武商集团,10.28,-0.3875968992248151,-0.040000000000000924,201606677.0,19451430,0,10.26,10.54,10.25,10.32
000503,国新健康,9.1,-0.7633587786259572,-0.07000000000000028,79894224.67,8747997,0,9.18,9.21,9.06,9.17
000504,*ST生物,9.2,3.254769921436578,0.28999999999999915,24613766.47,2698304,0,9.01,9.27,8.98,8.91
000505,京粮控股,8.92,9.987669543773126,0.8100000000000005,400389051.71,46257546,0,8.1,8.92,8.05,8.11
000506,招金黄金,13.54,0.8190618019359601,0.10999999999999943,303560925.68,22281512,0,13.65,13.77,13.48,13.43
000507,珠海港,5.32,-0.5607476635513899,-0.02999999999999936,40725922.8,7625860,0,5.34,5.39,5.32,5.35
000509,华塑控股,3.39,-1.1661807580174937,-0.040000000000000036,53867458.05,15827110,0,3.44,3.44,3.38,3.43
000510,新金路,11.92,9.963099630996311,1.08,745663639.28,65708625,0,11.01,11.92,10.73,10.84
000513,丽珠集团,35.0,-0.42674253200568585,-0.14999999999999858,163842182.71,4670039,0,35.16,35.32,34.9,35.15
000514,渝开发,5.02,-0.7905138339920956,-0.040000000000000036,80060088.11,15846552,0,5.04,5.1,5.01,5.06
000516,国际医学,4.47,-0.44543429844099025,-0.020000000000000462,40954472.56,9150922,0,4.48,4.5,4.46,4.49
000517,荣安地产,1.82,0.0,0.0,30636073.0,16855400,0,1.82,1.83,1.81,1.82
000518,*ST四环,2.44,-0.8130081300813016,-0.020000000000000018,17796057.0,7308400,0,2.46,2.46,2.42,2.46
000519,中兵红箭,17.82,0.7918552036199128,0.14000000000000057,542741564.34,30445778,0,17.6,17.99,17.58,17.68
000520,凤凰航运,5.07,-0.9765624999999966,-0.04999999999999982,128334256.73,25315949,0,5.12,5.15,5.01,5.12
000521,长虹美菱,6.54,-0.9090909090909032,-0.05999999999999961,48286486.44,7351999,0,6.59,6.61,6.53,6.6
000523,红棉股份,4.05,10.054347826086946,0.36999999999999966,217027208.85,54768261,0,3.75,4.05,3.73,3.68
000524,岭南控股,12.28,0.6557377049180334,0.08000000000000007,112461808.31,9179075,0,12.18,12.35,12.13,12.2
000525,红太阳,5.6,-0.8849557522124019,-0.05000000000000071,61673776.74,10991447,0,5.64,5.65,5.59,5.65
000526,学大教育,39.01,0.25700334104343725,0.10000000000000142,83494653.0,2154500,0,38.73,39.15,38.28,38.91
000528,柳工,12.61,1.6935483870967667,0.20999999999999908,286209405.8,22710946,0,12.4,12.73,12.4,12.4
000529,广弘控股,6.22,1.4681892332789537,0.08999999999999986,99257017.89,15932463,0,6.14,6.39,6.09,6.13
000530,冰山冷热,7.14,0.2808988764044884,0.019999999999999574,365268894.14,50949186,0,7.16,7.3,7.02,7.12
000531,穗恒运Ａ,6.61,-0.1510574018126856,-0.009999999999999787,50018408.2,7572780,0,6.62,6.64,6.55,6.62
000532,华金资本,16.4,-2.147971360381879,-0.360000000000003,545261266.5,32826637,0,16.92,17.05,16.34,16.76
000533,顺钠股份,8.74,-2.45535714285715,-0.22000000000000064,657375173.91,74858839,0,8.86,9.02,8.61,8.96
000534,万泽股份,24.22,0.2898550724637693,0.07000000000000028,284371113.41,11847590,0,24.25,24.5,23.51,24.15
000536,华映科技,5.04,1.0020040080160284,0.04999999999999982,656658539.18,131460878,0,4.96,5.1,4.91,4.99
000537,中绿电,8.36,0.0,0.0,70156718.6,8388416,0,8.36,8.38,8.35,8.36
000538,云南白药,56.7,-0.10570824524312045,-0.05999999999999517,283068987.33,4991239,0,56.76,56.88,56.55,56.76
000539,粤电力Ａ,4.6,0.0,0.0,71790087.6,15590840,0,4.61,4.62,4.58,4.6
000541,佛山照明,6.05,-0.8196721311475381,-0.04999999999999982,40584945.15,6681271,0,6.12,6.12,6.04,6.1
000543,皖能电力,8.82,1.3793103448275978,0.120000000000001,286451542.3,32594605,0,8.69,8.89,8.67,8.7
000544,中原环保,8.3,-0.7177033492822814,-0.05999999999999872,34149090.96,4101616,0,8.33,8.37,8.28,8.36
000545,金浦钛业,2.98,4.195804195804199,0.1200000000000001,306669023.98,102343969,0,2.88,3.11,2.88,2.86
000546,金圆股份,7.01,2.785923753665682,0.1899999999999995,806587283.08,113122528,0,7.32,7.49,6.96,6.82
000547,航天发展,28.16,9.999999999999995,2.5599999999999987,8424016376.21,300790244,0,27.59,28.16,27.23,25.6
000548,湖南投资,5.55,-1.0695187165775488,-0.0600000000000005,38671335.81,6940309,0,5.59,5.65,5.53,5.61
000550,江铃汽车,18.78,0.7510729613733936,0.14000000000000057,59674170.8,3174601,0,18.65,18.87,18.6,18.64
000551,创元科技,16.97,1.7386091127098273,0.28999999999999915,2576817783.09,150010287,0,17.66,18.35,16.21,16.68
000552,甘肃能化,2.35,0.0,0.0,73074599.4,31027004,0,2.35,2.37,2.34,2.35
000553,安道麦A,5.83,-2.1812080536912735,-0.1299999999999999,39658432.6,6747914,0,5.95,6.03,5.81,5.96
000554,泰山石油,6.48,0.0,0.0,66031784.25,10193144,0,6.49,6.51,6.44,6.48
000555,神州信息,16.69,2.267156862745104,0.370000000000001,747224086.34,44831067,0,16.32,16.93,16.28,16.32
000557,西部创业,5.21,3.3730158730158712,0.16999999999999993,144150973.05,27927815,0,5.05,5.27,5.01,5.04
000558,天府文旅,5.22,0.19193857965450647,0.009999999999999787,185758137.52,35654724,0,5.21,5.24,5.17,5.21
000559,万向钱潮,13.63,1.4136904761904858,0.19000000000000128,4258061454.25,309932983,0,13.5,14.11,13.43,13.44
000560,我爱我家,2.91,-0.6825938566552906,-0.020000000000000018,220513540.26,75635354,0,2.91,2.94,2.9,2.93
000561,烽火电子,11.98,1.0970464135021163,0.13000000000000078,676375761.92,56808918,0,11.86,12.15,11.62,11.85
000563,陕国投Ａ,3.49,0.2873563218390871,0.010000000000000231,149721581.72,42879334,0,3.48,3.52,3.47,3.48
000564,供销大集,2.56,-0.7751937984496131,-0.020000000000000018,816968636.72,317465600,0,2.57,2.6,2.56,2.58
000565,渝三峡Ａ,7.64,-2.051282051282053,-0.16000000000000014,80796352.0,10510600,0,7.8,7.86,7.61,7.8
000566,海南海药,8.08,-0.24691358024690832,-0.019999999999999574,2081409355.61,253669504,0,8.02,8.41,8.02,8.1
000567,海德股份,6.84,3.793626707132018,0.25,465282708.39,67977408,0,6.55,7.07,6.52,6.59
000568,泸州老窖,119.39,-1.101722995361165,-1.3299999999999983,879376087.35,7343791,0,120.01,120.75,119.15,120.72
000570,苏常柴Ａ,5.66,-0.5272407732864718,-0.03000000000000025,39574240.0,6969900,0,5.71,5.72,5.63,5.69
000571,新大洲A,5.83,3.7366548042704615,0.20999999999999996,347216218.77,60158290,0,5.58,5.87,5.58,5.62
000572,海马汽车,8.82,1.3793103448275978,0.120000000000001,2131960442.83,238938583,0,8.64,9.1,8.64,8.7
000573,粤宏远Ａ,4.15,0.48426150121066497,0.020000000000000462,53067783.0,12819800,0,4.13,4.17,4.11,4.13
000576,甘化科工,10.52,0.0951474785918153,0.009999999999999787,85158140.82,8080098,0,10.54,10.6,10.45,10.51
000581,威孚高科,20.55,0.29282576866765386,0.060000000000002274,163339089.62,7954897,0,20.43,20.68,20.37,20.49
000582,北部湾港,10.42,2.4582104228121926,0.25,1428447099.2,134413069,0,10.28,11.07,10.23,10.17
000584,工智退,0.29,11.538461538461526,0.02999999999999997,15207447.0,53830663,0,0.26,0.29,0.26,0.26
000586,汇源通信,13.96,-1.5514809590973122,-0.21999999999999886,78730432.0,5608900,0,14.2,14.25,13.91,14.18
000589,贵州轮胎,5.15,1.3779527559055174,0.07000000000000028,186885520.82,36270304,0,5.09,5.2,5.08,5.08
000590,古汉医药,11.09,-2.376760563380278,-0.2699999999999996,35655387.0,3179900,0,11.31,11.5,11.08,11.36
000591,太阳能,4.54,0.8888888888888897,0.040000000000000036,257760369.16,56701678,0,4.5,4.57,4.49,4.5
000592,平潭发展,14.84,6.839452843772492,0.9499999999999993,7405999734.01,521426420,0,13.77,14.98,13.48,13.89
000593,德龙汇能,11.59,2.114537444933923,0.2400000000000002,375250205.54,32606258,0,11.45,11.73,11.27,11.35
000595,*ST宝实,5.75,0.8771929824561372,0.04999999999999982,48269216.56,8474478,0,5.69,5.75,5.63,5.7
000596,古井贡酒,141.8,-1.3771039087494712,-1.9799999999999898,312273025.1,2196433,0,143.0,143.32,141.21,143.78
000597,东北制药,5.34,-0.1869158878504633,-0.009999999999999787,41921700.55,7857087,0,5.36,5.36,5.3,5.35
000598,兴蓉环境,7.2,-0.6896551724137907,-0.04999999999999982,108905795.0,15081210,0,7.24,7.25,7.2,7.25
000599,青岛双星,6.39,-0.6220839813374812,-0.040000000000000036,104113999.0,16291600,0,6.43,6.44,6.34,6.43
000600,建投能源,8.81,0.34168564920274647,0.030000000000001137,204076042.24,23231802,0,8.76,8.85,8.7,8.78
000601,韶能股份,4.82,0.4166666666666763,0.020000000000000462,60478257.6,12593102,0,4.8,4.82,4.78,4.8
000603,盛达资源,29.87,1.3917175831636122,0.41000000000000014,921293945.03,30712107,0,30.42,30.5,29.42,29.46
000605,渤海股份,6.73,-1.1747430249632773,-0.07999999999999918,24729202.4,3648360,0,6.83,6.83,6.73,6.81
000607,华媒控股,4.13,-0.7211538461538521,-0.03000000000000025,36734324.0,8850300,0,4.16,4.18,4.12,4.16
000608,*ST阳光,2.63,2.3346303501945544,0.06000000000000005,32085872.0,12291600,0,2.58,2.65,2.56,2.57
000609,ST中迪,9.16,-4.682622268470336,-0.4499999999999993,209509474.05,22072987,0,9.98,9.98,9.16,9.61
000610,西安旅游,12.57,0.23923444976077465,0.030000000000001137,96217418.0,7683700,0,12.52,12.62,12.39,12.54
000612,焦作万方,10.98,7.226562500000002,0.7400000000000002,1002124538.61,93580869,0,10.34,11.06,10.27,10.24
000615,*ST美谷,0.0,-100.0,-4.18,0.0,0,0,0.0,0.0,0.0,4.18
000617,中油资本,9.54,-0.41753653444677374,-0.040000000000000924,1406856557.26,146378604,0,9.49,9.8,9.48,9.58
000619,海螺新材,6.33,0.15822784810126245,0.009999999999999787,51829042.0,8169400,0,6.32,6.4,6.29,6.32
000620,盈新发展,2.79,-2.7874564459930338,-0.08000000000000007,1058009220.57,376732051,0,2.77,2.87,2.75,2.87
000622,恒立退,0.15,-11.764705882352951,-0.020000000000000018,9677324.0,61160620,0,0.16,0.17,0.15,0.17
000623,吉林敖东,19.82,0.3544303797468369,0.07000000000000028,263521968.71,13258220,0,19.74,20.04,19.7,19.75
000625,长安汽车,11.99,0.7563025210084021,0.08999999999999986,974373864.37,81398035,0,11.88,12.07,11.85,11.9
000626,远大控股,8.13,0.7434944237918277,0.0600000000000005,67441130.0,8363500,0,8.06,8.13,7.99,8.07
000627,*ST天茂,0.0,-100.0,-1.58,0.0,0,0,0.0,0.0,0.0,1.58
000628,高新发展,46.89,4.805543138131423,2.1499999999999986,662233180.75,14288669,0,44.71,47.3,44.65,44.74
000629,钒钛股份,3.13,2.2875816993463998,0.06999999999999984,387959323.56,124443893,0,3.06,3.15,3.06,3.06
000630,铜陵有色,5.93,7.427536231884062,0.41000000000000014,3425294689.22,589746518,0,5.64,5.98,5.62,5.52
000631,顺发恒能,3.26,-0.6097560975609762,-0.020000000000000018,39268348.0,11961100,0,3.28,3.31,3.26,3.28
000632,三木集团,6.39,1.267828843106182,0.08000000000000007,637150061.9,100006480,0,6.27,6.5,6.22,6.31
000633,合金投资,7.51,-1.7015706806282709,-0.1299999999999999,162489799.0,21512900,0,7.67,7.71,7.46,7.64
000635,英力特,9.01,-1.4223194748358947,-0.13000000000000078,52950240.0,5845500,0,9.2,9.22,8.98,9.14
000636,风华高科,16.26,-1.3349514563106726,-0.21999999999999886,356428914.19,21874225,0,16.41,16.46,16.17,16.48
000637,茂化实华,4.37,-0.455580865603635,-0.019999999999999574,30366949.58,6931091,0,4.39,4.41,4.35,4.39
000638,*ST万方,4.85,-3.3864541832669315,-0.16999999999999993,67408266.0,13698600,0,5.02,5.06,4.82,5.02
000639,西王食品,3.52,0.2849002849002915,0.010000000000000231,276276118.28,78034216,0,3.54,3.61,3.51,3.51
000650,仁和药业,5.78,-0.3448275862068892,-0.019999999999999574,62739544.0,10828300,0,5.79,5.82,5.77,5.8
000651,格力电器,40.76,-0.36665851869958105,-0.14999999999999858,1057441482.2,25917299,0,40.88,40.94,40.71,40.91
000652,泰达股份,4.2,-0.9433962264150951,-0.040000000000000036,77535095.24,18433444,0,4.24,4.24,4.17,4.24
000655,金岭矿业,9.59,2.676659528907923,0.25,121697607.58,12783501,0,9.37,9.69,9.35,9.34
000656,*ST金科,1.46,-1.3513513513513526,-0.020000000000000018,123478546.76,84329964,0,1.47,1.48,1.45,1.48
000657,中钨高新,29.5,2.3594725884802212,0.6799999999999997,3251986853.29,110112989,0,28.93,30.15,28.87,28.82
000659,珠海中富,3.53,9.968847352024918,0.31999999999999984,245663477.13,71478481,0,3.22,3.53,3.19,3.21
000661,长春高新,94.37,-0.2114835571534193,-0.19999999999998863,349333658.23,3701234,0,94.35,94.84,94.0,94.57
000663,永安林业,7.83,0.9020618556701068,0.07000000000000028,130832176.4,16747685,0,7.76,7.91,7.7,7.76
000665,湖北广电,5.49,0.36563071297989874,0.020000000000000462,118913238.1,21584304,0,5.49,5.59,5.44,5.47
000668,*ST荣控,9.81,-4.292682926829264,-0.4399999999999995,35156924.0,3518300,0,10.15,10.39,9.8,10.25
000669,ST金鸿,3.06,0.327868852459024,0.010000000000000231,18102240.15,5948503,0,3.07,3.09,3.02,3.05
000670,盈方微,7.49,-0.925925925925918,-0.0699999999999994,111422665.25,14804275,0,7.55,7.59,7.46,7.56
000672,上峰水泥,11.97,0.0,0.0,201006620.27,16826346,0,11.85,12.2,11.79,11.97
000676,智度股份,8.33,-0.5966587112171922,-0.05000000000000071,165877683.79,19859216,0,8.35,8.41,8.3,8.38
000677,恒天海龙,4.54,0.8888888888888897,0.040000000000000036,187987606.49,41284220,0,4.52,4.62,4.47,4.5
000678,襄阳轴承,14.47,-2.0974289580514123,-0.3099999999999987,544801980.78,37537938,0,14.6,14.79,14.22,14.78
000679,大连友谊,7.68,-1.1583011583011564,-0.08999999999999986,66381409.22,8602147,0,7.77,7.83,7.67,7.77
000680,山推股份,11.53,3.8738738738738716,0.4299999999999997,511649486.25,44632225,0,11.06,11.66,11.04,11.1
000681,视觉中国,21.77,-1.671183378500456,-0.370000000000001,700394418.5,32061466,0,21.99,22.13,21.58,22.14
000682,东方电子,11.95,0.08375209380234327,0.009999999999999787,149382430.71,12491477,0,11.93,12.04,11.87,11.94
000683,博源化工,7.41,0.8163265306122517,0.0600000000000005,374223491.57,50477403,0,7.37,7.5,7.28,7.35
000685,中山公用,11.22,-1.0582010582010515,-0.11999999999999922,236439625.27,20979943,0,11.31,11.36,11.18,11.34
000686,东北证券,9.55,0.4206098843322915,0.040000000000000924,685776341.21,71877441,0,9.46,9.68,9.42,9.51
000688,国城矿业,29.13,10.00755287009063,2.6499999999999986,1198396303.5,42040827,0,27.78,29.13,27.38,26.48
000690,宝新能源,4.42,0.6833712984054727,0.03000000000000025,142247289.96,32228648,0,4.39,4.45,4.37,4.39
000691,*ST亚太,9.3,0.323624595469268,0.030000000000001137,133436679.0,14210920,0,9.43,9.62,9.26,9.27
000692,惠天热电,3.53,-1.1204481792717098,-0.040000000000000036,53940891.0,15227400,0,3.57,3.58,3.52,3.57
000695,滨海能源,14.0,3.168754605747971,0.4299999999999997,626012877.24,44904040,0,13.58,14.49,13.37,13.57
000697,ST炼石,8.72,-1.2457531143827794,-0.10999999999999943,65322821.0,7478800,0,8.83,8.83,8.67,8.83
000698,ST沈化,3.74,0.26809651474531454,0.010000000000000231,17144040.0,4594400,0,3.72,3.75,3.71,3.73
000700,模塑科技,11.48,2.0444444444444483,0.23000000000000043,748016856.41,65537676,0,11.1,11.62,11.1,11.25
000701,厦门信达,7.03,1.4430014430014508,0.10000000000000053,415662605.0,59790300,0,6.9,7.19,6.78,6.93
000702,正虹科技,6.67,-1.767304860088367,-0.1200000000000001,42366524.0,6297900,0,6.79,6.8,6.67,6.79
000703,恒逸石化,9.92,2.162718846549939,0.20999999999999908,437135012.17,44731649,0,9.68,9.97,9.59,9.71
000705,浙江震元,9.23,-1.17773019271948,-0.10999999999999943,52226176.0,5628400,0,9.33,9.36,9.21,9.34
000707,双环科技,6.18,0.0,0.0,32664704.6,5281010,0,6.19,6.23,6.13,6.18
000708,中信特钢,16.05,0.8799497171590229,0.14000000000000057,201474823.24,12561352,0,15.95,16.28,15.89,15.91
000709,河钢股份,2.36,0.4255319148936079,0.009999999999999787,182199290.25,77257337,0,2.35,2.37,2.34,2.35
000710,贝瑞基因,11.35,-1.390095569070375,-0.16000000000000014,72627383.02,6364700,0,11.47,11.55,11.26,11.51
000711,ST京蓝,1.78,1.1363636363636374,0.020000000000000018,399857194.95,217719799,0,1.85,1.85,1.78,1.76
000712,锦龙股份,12.12,-0.08244023083265921,-0.010000000000001563,175337315.96,14419921,0,12.1,12.26,12.04,12.13
000713,国投丰乐,6.77,0.14792899408283708,0.009999999999999787,44341005.2,6541020,0,6.75,6.81,6.74,6.76
000715,中兴商业,6.68,1.6742770167427614,0.10999999999999943,284829064.2,42059795,0,6.51,7.05,6.5,6.57
000716,黑芝麻,6.45,1.0971786833855846,0.07000000000000028,247893703.83,38563572,0,6.35,6.53,6.35,6.38
000717,中南股份,2.62,0.3831417624521162,0.010000000000000231,47067257.84,17996732,0,2.61,2.64,2.6,2.61
000718,苏宁环球,2.3,-0.8620689655172422,-0.020000000000000018,72182263.72,31250363,0,2.31,2.33,2.29,2.32
000719,中原传媒,11.89,-0.5020920502091943,-0.05999999999999872,43276461.2,3632840,0,11.95,11.97,11.86,11.95
000720,新能泰山,3.35,-1.7595307917888579,-0.06000000000000005,81322364.28,24166842,0,3.42,3.42,3.34,3.41
000721,西安饮食,9.16,-0.5428881650380099,-0.05000000000000071,184283355.74,20112753,0,9.12,9.23,9.1,9.21
000722,湖南发展,12.04,0.6688963210702198,0.0799999999999983,92713324.44,7732203,0,11.92,12.09,11.89,11.96
000723,美锦能源,4.74,0.0,0.0,269959387.12,56856718,0,4.72,4.78,4.7,4.74
000725,京东方Ａ,4.04,-0.49261083743841316,-0.019999999999999574,1517451545.0,374638452,0,4.06,4.07,4.03,4.06
000726,鲁泰Ａ,7.2,-0.6896551724137907,-0.04999999999999982,58001083.0,8036600,0,7.23,7.3,7.16,7.25
000727,冠捷科技,2.61,0.3846153846153764,0.009999999999999787,230464990.0,88596000,0,2.59,2.64,2.57,2.6
000728,国元证券,8.45,0.4756242568370886,0.03999999999999915,315611562.06,37293654,0,8.41,8.52,8.4,8.41
000729,燕京啤酒,11.7,-1.43218197135636,-0.16999999999999993,482054254.56,41265704,0,11.92,11.92,11.6,11.87
000731,四川美丰,6.6,-0.1512859304084822,-0.010000000000000675,21514849.0,3249400,0,6.64,6.65,6.6,6.61
000733,振华科技,52.06,0.8914728682170558,0.46000000000000085,1088264594.38,20921743,0,52.02,52.52,51.4,51.6
000735,罗牛山,10.0,2.249488752556244,0.22000000000000064,1767894023.37,175766269,0,9.66,10.34,9.66,9.78
000736,*ST中地,5.4,-0.7352941176470594,-0.040000000000000036,46905297.42,8678401,0,5.43,5.45,5.37,5.44
000737,北方铜业,15.53,5.216802168021677,0.7699999999999996,2313117810.84,150592111,0,15.03,15.78,14.86,14.76
000738,航发控制,20.95,-1.318888365520495,-0.28000000000000114,732464941.86,35011108,0,21.05,21.17,20.68,21.23
000739,普洛药业,16.4,-0.5457853244390531,-0.08999999999999986,102205144.45,6228521,0,16.49,16.51,16.31,16.49
000750,国海证券,4.28,0.7058823529411823,0.03000000000000025,294094065.16,68698577,0,4.25,4.31,4.24,4.25
000751,锌业股份,4.13,3.5087719298245528,0.13999999999999968,313171271.87,76712838,0,4.02,4.13,4.02,3.99
000752,ST西发,11.14,-0.4468275245755044,-0.049999999999998934,44758058.0,3998800,0,11.18,11.39,11.03,11.19
000753,漳州发展,8.36,-1.6470588235294186,-0.14000000000000057,515997619.55,61872215,0,8.45,8.49,8.24,8.5
000755,山西高速,5.18,0.0,0.0,31867366.0,6144300,0,5.19,5.21,5.16,5.18
000756,新华制药,15.81,-0.25236593059936374,-0.03999999999999915,183863144.22,11627100,0,15.81,15.9,15.7,15.85
000757,浩物股份,4.94,-1.1999999999999922,-0.05999999999999961,71380154.0,14311900,0,5.0,5.09,4.93,5.0
000758,中色股份,6.5,3.503184713375792,0.21999999999999975,433537806.08,67397977,0,6.32,6.53,6.32,6.28
000759,中百集团,8.35,-1.880141010575795,-0.16000000000000014,1107105697.05,130921104,0,8.51,8.75,8.28,8.51
000761,本钢板材,3.4,1.4925373134328304,0.04999999999999982,43020983.72,12690313,0,3.37,3.42,3.34,3.35
000762,西藏矿业,27.55,2.1884272997032634,0.5899999999999999,825598135.62,29991235,0,27.8,27.97,27.09,26.96
000766,通化金马,28.32,-0.07057163020465622,-0.019999999999999574,254761527.9,8992715,0,28.28,28.55,28.13,28.34
000767,晋控电力,2.87,0.34965034965035774,0.010000000000000231,64788282.48,22530504,0,2.87,2.89,2.86,2.86
000768,中航西飞,25.14,-0.47505938242280676,-0.120000000000001,676266605.02,26874318,0,25.2,25.33,24.9,25.26
000776,广发证券,22.2,0.909090909090906,0.1999999999999993,1410402495.76,63353220,0,22.0,22.56,21.95,22.0
000777,中核科技,25.81,10.017050298380212,2.349999999999998,2018748340.0,80005417,0,23.45,25.81,22.86,23.46
000778,新兴铸管,4.19,0.9638554216867478,0.040000000000000036,200267913.06,47936072,0,4.15,4.2,4.14,4.15
000779,甘咨询,8.34,-0.832342449464926,-0.07000000000000028,28119786.94,3359600,0,8.39,8.44,8.3,8.41
000782,恒申新材,5.09,-0.5859375000000049,-0.03000000000000025,81696859.62,16011408,0,5.12,5.2,5.05,5.12
000783,长江证券,8.23,0.6112469437652899,0.05000000000000071,636838196.32,77212381,0,8.16,8.34,8.16,8.18
000785,居然智家,3.07,0.32679738562090804,0.009999999999999787,298519117.74,96445370,0,3.04,3.16,3.04,3.06
000786,北新建材,24.75,-0.40241448692153486,-0.10000000000000142,232030050.27,9356927,0,24.84,24.96,24.67,24.85
000788,北大医药,6.29,-1.1006289308176145,-0.07000000000000028,127777848.0,20222300,0,6.33,6.37,6.28,6.36
000789,万年青,5.39,-0.7366482504604058,-0.040000000000000036,26416315.36,4890554,0,5.42,5.43,5.36,5.43
000790,华神科技,3.99,0.5037783375314866,0.020000000000000018,68942582.34,17194527,0,3.97,4.08,3.97,3.97
000791,甘肃能源,6.68,-0.2985074626865741,-0.020000000000000462,73076524.0,10921020,0,6.69,6.73,6.66,6.7
000792,盐湖股份,28.99,2.947443181818176,0.8299999999999983,2903738544.85,100469872,0,28.78,29.26,28.51,28.16
000793,ST华闻,2.84,0.0,0.0,54858547.28,19310492,0,2.82,2.89,2.81,2.84
000795,英洛华,9.95,0.0,0.0,101626392.57,10192300,0,9.95,10.01,9.9,9.95
000796,凯撒旅业,7.56,2.8571428571428568,0.20999999999999996,2140781339.41,283242127,0,7.33,7.79,7.28,7.35
000797,中国武夷,4.09,-1.6826923076923146,-0.07000000000000028,457271286.05,110427731,0,4.16,4.23,4.06,4.16
000798,中水渔业,11.29,-3.0901287553648173,-0.3600000000000012,530367441.99,46894500,0,11.46,11.57,11.12,11.65
000799,酒鬼酒,56.46,-0.9821115398105966,-0.5600000000000023,568222744.55,10097839,0,56.23,57.18,55.68,57.02
000800,一汽解放,6.78,0.0,0.0,72914073.66,10744897,0,6.78,6.82,6.76,6.78
000801,四川九洲,17.44,0.751010976314284,0.13000000000000256,768505610.89,44233322,0,17.28,17.8,17.07,17.31
000802,500沪市,7610.5129,0.6622840918029388,50.07159999999931,179962898030.0,106093285,0,7560.7279,7632.7906,7544.0247,7560.4413
000803,山高环能,7.13,-1.655172413793105,-0.1200000000000001,85768293.0,12018192,0,7.29,7.29,7.07,7.25
000807,云铝股份,30.5,2.9709655638082344,0.879999999999999,1559785864.28,51345411,0,29.93,31.0,29.7,29.62
000809,和展能源,3.36,-0.29673590504451725,-0.010000000000000231,65788939.5,19543650,0,3.36,3.43,3.32,3.37
000810,创维数字,11.61,0.17256255392579442,0.019999999999999574,118724117.49,10228403,0,11.55,11.69,11.5,11.59
000811,冰轮环境,18.27,1.1627906976744233,0.21000000000000085,812014696.83,44429920,0,18.0,18.76,17.8,18.06
000812,陕西金叶,5.04,-1.7543859649122777,-0.08999999999999986,195221891.62,38665750,0,5.13,5.15,5.0,5.13
000813,德展健康,3.94,-1.745635910224435,-0.06999999999999984,89279994.0,22502100,0,4.01,4.01,3.94,4.01
000815,美利云,11.3,-0.1766784452296782,-0.019999999999999574,96737523.68,8560289,0,11.37,11.37,11.24,11.32
000816,智慧农业,3.87,1.5748031496063006,0.06000000000000005,407708996.98,105520838,0,3.87,3.91,3.81,3.81
000818,航锦科技,19.18,-0.46704722366372525,-0.08999999999999986,165658705.24,8615357,0,19.2,19.36,19.04,19.27
000819,有色金属,9309.8583,3.8806229450906047,347.78429999999935,95159375331.0,47462009,0,9083.6585,9356.6829,9075.5556,8962.074
000820,*ST节能,3.36,0.900900900900895,0.029999999999999805,12931705.4,3871480,0,3.33,3.38,3.32,3.33
000821,京山轻机,13.29,1.4503816793893094,0.1899999999999995,415323416.28,31032940,0,13.1,13.6,13.08,13.1
000822,山东海化,5.3,-0.3759398496240688,-0.020000000000000462,52109585.8,9818510,0,5.3,5.34,5.27,5.32
000823,800有色,10741.7521,3.6809017369519275,381.35599999999977,86828968092.0,44040787,0,10502.8445,10798.0367,10497.4589,10360.3961
000825,太钢不锈,5.06,-1.9379844961240413,-0.10000000000000053,741630146.32,146323834,0,5.1,5.16,5.01,5.16
000826,启迪环境,2.23,-3.0434782608695583,-0.06999999999999984,131433145.4,58391580,0,2.3,2.3,2.22,2.3
000828,300高贝,0.0,0.0,0.0,0.0,0,0,0.0,0.0,0.0,0.0
000829,天音控股,10.57,-1.3071895424836655,-0.14000000000000057,232658739.56,21916022,0,10.68,10.72,10.5,10.71
000830,鲁西化工,16.81,0.8398320335932633,0.13999999999999702,511846774.69,30640730,0,16.58,16.97,16.42,16.67
000831,中国稀土,47.09,1.3123924268502725,0.6100000000000065,1354982545.03,28814825,0,46.5,47.35,46.44,46.48
000833,粤桂股份,19.05,1.6000000000000039,0.3000000000000007,608878214.82,31985826,0,18.89,19.42,18.6,18.75
000837,秦川机床,12.48,0.0,0.0,217385519.22,17394100,0,12.41,12.59,12.38,12.48
000838,财信发展,3.11,-1.5822784810126667,-0.050000000000000266,124423560.6,39807969,0,3.13,3.16,3.09,3.16
000839,国安股份,2.63,-0.3787878787878875,-0.010000000000000231,64612288.5,24545150,0,2.64,2.65,2.62,2.64
000848,承德露露,8.61,-0.5773672055427334,-0.05000000000000071,69723983.95,8081627,0,8.67,8.67,8.59,8.66
000850,华茂股份,5.67,5.586592178770947,0.2999999999999998,333004120.78,60154474,0,5.31,5.68,5.31,5.37
000851,百发100,20577.1552,-0.159245699644362,-32.82049999999799,49087688127.0,24227400,0,20610.0872,20714.7807,20460.2438,20609.9757
000852,中证1000,7605.5299,0.3450256235368982,26.150800000000345,473665628418.0,266261611,0,7575.9264,7644.8395,7550.0139,7579.3791
000856,500工业,7562.0492,0.9951361849515934,74.51120000000083,130883016023.0,59601059,0,7527.1439,7588.8362,7481.7338,7487.538
000858,500信息,10433.4824,0.04173214791903371,4.352300000000469,92336157752.0,21757479,0,10405.6617,10504.0417,10356.0607,10429.1301
000859,国风新材,11.0,-4.84429065743945,-0.5600000000000005,2282891275.98,204839808,0,11.11,11.42,10.9,11.56
000860,顺鑫农业,14.84,-0.4026845637583926,-0.0600000000000005,78857439.62,5318114,0,14.82,14.87,14.78,14.9
000862,银星能源,5.98,0.0,0.0,98587164.0,16473242,0,5.96,6.02,5.94,5.98
000863,CS精准医,2715.0085,-0.21428318355354528,-5.830300000000079,10608221403.0,2262123,0,2716.537,2726.8334,2699.8001,2720.8388
000868,安凯客车,4.97,-0.40080160320642205,-0.020000000000000462,33116083.0,6647000,0,5.0,5.01,4.95,4.99
000869,HK银行,0.0,0.0,0.0,0.0,0,0,0.0,0.0,0.0,0.0
000875,吉电股份,5.64,0.8944543828264727,0.04999999999999982,262729731.4,46675225,0,5.58,5.68,5.56,5.59
000876,新希望,9.13,0.0,0.0,156465239.73,17155650,0,9.13,9.16,9.09,9.13
000877,天山股份,5.38,-0.5545286506469547,-0.03000000000000025,73638101.85,13615635,0,5.41,5.44,5.38,5.41
000878,云南铜业,19.71,7.646095030038243,1.4000000000000021,3053500096.93,158271342,0,18.57,19.9,18.53,18.31
000880,潍柴重机,27.64,-0.8252601363473284,-0.23000000000000043,305757794.82,11043447,0,27.88,27.96,27.51,27.87
000881,中广核技,8.99,0.11135857461024262,0.009999999999999787,233899611.0,26085322,0,8.92,9.05,8.84,8.98
000882,华联股份,2.12,-0.4694835680751074,-0.009999999999999787,235809391.86,111053426,0,2.12,2.15,2.1,2.13
000883,湖北能源,4.62,-0.21598272138228483,-0.009999999999999787,66965506.0,14490300,0,4.63,4.63,4.61,4.63
000885,城发环境,13.81,0.1450326323422868,0.02000000000000135,41364446.2,2992720,0,13.8,13.89,13.77,13.79
000886,海南高速,7.32,3.682719546742219,0.2600000000000007,673640545.71,92194103,0,7.05,7.49,7.02,7.06
000887,中鼎股份,22.96,0.043572984749462154,0.010000000000001563,1095740015.82,47362979,0,23.25,23.5,22.77,22.95
000888,峨眉山Ａ,13.13,-0.30372057706908995,-0.03999999999999915,178999490.55,13630015,0,13.18,13.22,13.01,13.17
000889,中嘉博创,3.73,4.1899441340782095,0.1499999999999999,118333832.35,31761634,0,3.62,3.85,3.57,3.58
000890,法尔胜,5.37,-1.467889908256882,-0.08000000000000007,237482790.4,43795862,0,5.47,5.48,5.35,5.45
000892,欢瑞世纪,7.01,-0.8486562942008555,-0.0600000000000005,257432357.5,36727500,0,7.07,7.12,6.91,7.07
000893,亚钾国际,46.55,0.21528525296016,0.09999999999999432,352767151.2,7595620,0,46.46,46.68,46.15,46.45
000895,双汇发展,26.62,-0.7457121551081256,-0.1999999999999993,207981040.0,7811300,0,26.88,26.95,26.51,26.82
000897,津滨发展,2.29,-0.8658008658008665,-0.020000000000000018,50044285.09,21738421,0,2.3,2.32,2.29,2.31
000898,鞍钢股份,2.54,0.3952569169960566,0.010000000000000231,57703050.31,22739453,0,2.54,2.56,2.52,2.53
000899,赣能股份,10.28,0.29268292682926206,0.02999999999999936,120604367.95,11706166,0,10.25,10.39,10.19,10.25
000900,现代投资,4.14,-0.4807692307692419,-0.020000000000000462,34866657.43,8403165,0,4.16,4.17,4.13,4.16
000901,小康指数,6375.0493,0.5275614086585607,33.455799999999726,96940715780.0,62470578,0,6345.8855,6382.9593,6344.4719,6341.5935
000902,新洋丰,15.86,-0.12594458438288003,-0.02000000000000135,137870119.69,8680081,0,15.93,15.99,15.77,15.88
000903,中证A100,4527.1525,0.5311360444011611,23.918300000000272,255785491791.0,73883530,0,4502.375,4548.769,4497.6112,4503.2342
000905,中证500,7458.8386,0.6494207391870112,48.1266999999998,386914288411.0,199276884,0,7422.6014,7484.9158,7397.4255,7410.7119
000906,中证800,5129.8888,0.40621162694294294,20.753899999999703,847341222679.0,374673450,0,5109.1303,5149.5721,5100.776,5109.1349
000908,*ST景峰,7.39,-1.070950468540831,-0.08000000000000007,80514343.79,10825027,0,7.47,7.56,7.37,7.47
000909,ST数源,5.44,-0.1834862385321062,-0.009999999999999787,7575605.24,1392560,0,5.44,5.49,5.4,5.45
000910,大亚圣象,7.52,-0.1328021248340063,-0.010000000000000675,38124955.29,5050421,0,7.52,7.64,7.49,7.53
000911,广农糖业,7.57,-0.13192612137202883,-0.009999999999999787,37291398.0,4913000,0,7.58,7.68,7.54,7.58
000912,泸天化,4.22,0.0,0.0,32015226.97,7577697,0,4.22,4.24,4.2,4.22
000913,300医药,8382.7741,-0.08621565491788441,-7.2335000000002765,10867769251.0,2486293,0,8382.1676,8412.9322,8336.2043,8390.0076
000915,华特达因,33.55,0.8719182200841826,0.28999999999999915,81748706.17,2447423,0,33.26,33.59,33.17,33.26
000917,电广传媒,10.45,3.2608695652173925,0.33000000000000007,1187898945.43,113380611,0,10.24,10.75,10.14,10.12
000919,金陵药业,7.72,2.93333333333333,0.21999999999999975,205393286.75,26620601,0,7.51,7.86,7.48,7.5
000920,沃顿科技,12.64,-0.7069913589945,-0.08999999999999986,65747800.0,5171800,0,12.81,12.84,12.62,12.73
000921,海信家电,25.3,0.19801980198020083,0.05000000000000071,144775235.2,5708691,0,25.26,25.5,25.2,25.25
000922,佳电股份,13.89,1.8328445747800584,0.25,411131762.91,29631701,0,13.66,14.22,13.5,13.64
000923,河钢资源,21.18,5.478087649402398,1.1000000000000014,370027331.13,17708562,0,20.38,21.2,20.26,20.08
000925,众合科技,8.9,1.7142857142857182,0.15000000000000036,332422833.8,37601480,0,8.72,8.95,8.69,8.75
000926,福星股份,2.32,-0.42918454935623307,-0.010000000000000231,62738735.22,26905077,0,2.33,2.36,2.31,2.33
000927,中国铁物,2.63,-0.3787878787878875,-0.010000000000000231,110548652.63,42050201,0,2.64,2.65,2.61,2.64
000928,中证能源,2897.2087,0.43795002502448677,12.633000000000266,9262229262.0,8628565,0,2881.8818,2911.84,2880.0103,2884.5757
000929,*ST兰黄,8.99,-0.5530973451327317,-0.049999999999998934,18161362.9,2012930,0,8.98,9.09,8.98,9.04
000930,中粮科技,5.84,0.17152658662092257,0.009999999999999787,48494465.0,8294800,0,5.85,5.87,5.82,5.83
000931,中关村,4.98,-0.39999999999999153,-0.019999999999999574,30489306.35,6109057,0,4.98,5.02,4.96,5.0
000932,中证消费,15415.9737,-0.36538613930341807,-56.53439999999864,15686356892.0,8024968,0,15447.1372,15474.3751,15356.34,15472.5081
000933,中证医药,8275.8987,-0.07261004288358588,-6.013500000000931,21854118354.0,7981495,0,8274.8609,8299.2985,8232.1009,8281.9122
000935,中证信息,6396.739,-0.5750051840041348,-36.994300000000294,207565174126.0,46148945,0,6412.897,6447.0311,6357.2479,6433.7333
000936,华西股份,8.02,-0.12453300124532736,-0.009999999999999787,302322246.81,37631924,0,8.04,8.14,7.93,8.03
000937,冀中能源,5.41,0.37105751391466535,0.020000000000000462,89016357.86,16465964,0,5.38,5.43,5.38,5.39
000938,紫光股份,24.76,0.5278116118554712,0.13000000000000256,1027626940.39,41459625,0,24.58,24.99,24.53,24.63
000948,南天信息,17.5,-0.34168564920272626,-0.05999999999999872,130618215.41,7448082,0,17.42,17.69,17.34,17.56
000949,新乡化纤,5.6,3.512014787430675,0.1899999999999995,386308420.24,70510324,0,5.41,5.61,5.33,5.41
000950,重药控股,6.36,-0.3134796238244447,-0.019999999999999574,551710612.51,86236223,0,6.33,6.51,6.31,6.38
000951,中国重汽,16.82,-0.17804154302671296,-0.030000000000001137,116963291.86,6943594,0,16.87,16.95,16.75,16.85
000952,广济药业,7.19,-1.1004126547455184,-0.07999999999999918,102737423.8,14193960,0,7.27,7.33,7.18,7.27
000953,河化股份,7.38,-3.4031413612565418,-0.2599999999999998,128547337.8,17218220,0,7.61,7.65,7.36,7.64
000955,欣龙控股,6.8,2.1021021021020974,0.13999999999999968,485833855.6,70721040,0,6.7,7.05,6.64,6.66
000957,中通客车,11.25,-0.7060900264783766,-0.08000000000000007,163161625.74,14471091,0,11.33,11.39,11.16,11.33
000958,创业成长,0.0,0.0,0.0,0.0,0,0,0.0,0.0,0.0,0.0
000959,首钢股份,4.93,0.6122448979591706,0.02999999999999936,194250977.34,39480886,0,4.9,4.97,4.88,4.9
000960,锡业股份,27.79,3.155159613956933,0.8499999999999979,1224414345.44,44705372,0,27.24,27.88,26.75,26.94
000962,东方钽业,30.72,2.5709515859766263,0.7699999999999996,865331498.85,28518445,0,30.19,31.11,29.4,29.95
000963,华东医药,39.7,-0.8243817137147096,-0.3299999999999983,188743236.6,4741892,0,40.04,40.04,39.66,40.03
000965,天保基建,3.93,-0.5063291139240511,-0.020000000000000018,94478257.64,24010604,0,3.93,3.96,3.91,3.95
000966,基本400,0.0,0.0,0.0,0.0,0,0,0.0,0.0,0.0,0.0
000967,盈峰环境,7.35,0.6849315068493127,0.04999999999999982,277641423.51,37785573,0,7.3,7.4,7.26,7.3
000968,蓝焰控股,6.65,0.0,0.0,45532523.0,6835400,0,6.66,6.69,6.63,6.65
000969,安泰科技,20.64,1.3254786450662719,0.2699999999999996,1911324352.89,92886546,0,20.3,20.95,20.11,20.37
000970,中科三环,13.61,0.5912786400591283,0.08000000000000007,439815367.93,32429202,0,13.51,13.7,13.38,13.53
000972,*ST中基,3.86,1.578947368421054,0.06000000000000005,31411524.85,8151601,0,3.81,3.92,3.79,3.8
000973,佛塑科技,14.22,9.976798143851516,1.290000000000001,1274816337.59,91169279,0,13.53,14.22,13.53,12.93
000975,山金国际,25.04,3.9867109634551534,0.9600000000000009,835785001.71,33738777,0,24.34,25.14,24.34,24.08
000977,浪潮信息,67.0,1.0101010101010126,0.6700000000000017,3821477875.33,56767217,0,66.36,68.39,66.33,66.33
000978,桂林旅游,6.97,-0.28612303290415536,-0.020000000000000462,67546719.0,9645100,0,7.03,7.07,6.95,6.99
000980,众泰汽车,3.73,-0.7978723404255268,-0.029999999999999805,391385365.27,104712228,0,3.75,3.78,3.72,3.76
000981,山子高科,3.61,1.9774011299434981,0.06999999999999984,4447850150.57,1223910850,0,3.53,3.79,3.51,3.54
000983,山西焦煤,6.49,-0.3072196620583652,-0.019999999999999574,156880199.97,24168217,0,6.47,6.52,6.46,6.51
000985,大庆华科,19.9,-1.970443349753705,-0.40000000000000213,212967029.11,10605550,0,20.01,20.87,19.81,20.3
000987,全指材料,4984.1719,2.5329433320954755,123.12750000000051,178714706485.0,100519799,0,4906.0482,5000.4995,4906.0482,4861.0444
000988,华工科技,80.68,0.6989515726410412,0.5600000000000023,4367563991.35,54480200,0,79.58,82.3,78.51,80.12
000989,全指可选,5542.1793,0.5968438008084189,32.881899999999405,101362900304.0,44985513,0,5508.8034,5563.7076,5505.1648,5509.2974
000990,全指消费,0.0,0.0,0.0,0.0,0,0,0.0,0.0,0.0,0.0
000993,全指信息,8455.562,-0.5218180918279943,-44.35410000000047,231116662872.0,53454336,0,8471.5085,8520.393,8401.3204,8499.9161
000995,皇台酒业,12.96,-1.4448669201520874,-0.1899999999999995,161723586.95,12513900,0,12.91,13.1,12.8,13.15
000997,新大陆,26.51,-1.192694744688769,-0.31999999999999673,277260886.2,10406218,0,26.7,26.92,26.38,26.83
000998,中证TMT,0.0,0.0,0.0,0.0,0,0,0.0,0.0,0.0,0.0
000999,华润三九,28.81,-0.17325017325017572,-0.05000000000000071,210671945.02,7320704,0,28.87,28.91,28.62,28.86
001201,东瑞股份,14.53,0.13783597518952154,0.019999999999999574,34348743.84,2367377,0,14.5,14.6,14.45,14.51
001202,炬申股份,15.61,-0.5732484076433112,-0.08999999999999986,26337575.7,1686770,0,15.71,15.76,15.48,15.7
001203,大中矿业,33.17,8.11603650586702,2.490000000000002,1226797011.45,37382999,0,32.62,33.68,31.5,30.68
001205,盛航股份,17.28,-0.8605851979345874,-0.14999999999999858,60927797.2,3539301,0,17.39,17.39,17.08,17.43
001206,依依股份,30.88,-0.993908303943579,-0.3100000000000023,75296380.7,2438964,0,31.18,31.21,30.61,31.19
001207,联科科技,24.69,-1.4371257485029918,-0.35999999999999943,85399113.0,3439300,0,25.05,25.27,24.64,25.05
001208,华菱线缆,23.86,3.022452504317786,0.6999999999999993,3950151067.36,163651603,0,24.0,25.48,22.71,23.16
001209,洪兴股份,20.75,-0.6226053639846696,-0.129999999999999,46900616.9,2264395,0,20.93,20.93,20.59,20.88
001210,金房能源,17.51,-2.069351230425042,-0.36999999999999744,45264717.58,2545135,0,17.88,18.27,17.46,17.88
001211,双枪科技,26.21,-0.6820765441455086,-0.17999999999999972,54328823.56,2067661,0,26.51,26.52,26.04,26.39
001212,中旗新材,53.0,-2.2681172782592607,-1.2299999999999969,631835892.4,11913138,0,54.2,54.2,52.2,54.23
001213,中铁特货,4.11,-0.48426150121064343,-0.019999999999999574,38749281.0,9416400,0,4.13,4.14,4.1,4.13
001215,千味央厨,37.78,-2.478058853897782,-0.9600000000000009,76498457.14,2001191,0,38.57,38.89,37.76,38.74
001216,华瓷股份,17.12,-1.2117714945181612,-0.2099999999999973,126417352.0,7368700,0,17.33,17.33,17.02,17.33
001217,华尔泰,13.91,2.8085735402808636,0.3800000000000008,401980691.0,28962900,0,13.47,14.8,13.35,13.53
001218,丽臣实业,22.76,-1.4291901255954884,-0.3299999999999983,29245791.18,1276020,0,23.2,23.47,22.62,23.09
001219,青岛食品,14.43,-1.0288065843621423,-0.15000000000000036,35945786.55,2474415,0,14.57,14.68,14.3,14.58
001222,源飞宠物,23.53,-1.0928961748633796,-0.259999999999998,49297551.06,2096463,0,23.82,23.85,23.35,23.79
001223,欧克科技,47.85,-2.7043513623424125,-1.3299999999999983,37797564.6,779340,0,49.17,49.26,47.5,49.18
001225,和泰机电,53.23,-2.882685641306341,-1.5800000000000054,36530174.0,677700,0,55.2,55.2,53.0,54.81
001226,拓山重工,45.52,1.1106175033318524,0.5,119948464.8,2654500,0,44.43,45.85,44.29,45.02
001227,兰州银行,2.33,0.0,0.0,73138129.8,31396015,0,2.33,2.34,2.32,2.33
001228,永泰运,26.46,-1.2318029115341482,-0.3299999999999983,32901889.0,1239400,0,26.85,26.97,26.37,26.79
001229,魅视科技,38.86,0.6475006475006475,0.25,61788295.0,1588200,0,38.47,39.46,38.32,38.61
001230,劲旅环境,21.91,-1.792917974002683,-0.3999999999999986,21619261.0,977700,0,22.28,22.41,21.91,22.31
001231,农心科技,22.41,0.6738544474393466,0.14999999999999858,49771210.32,2233346,0,22.28,22.5,22.02,22.26
001234,泰慕士,27.1,-0.22091310751104093,-0.05999999999999872,47360345.0,1740700,0,27.25,27.51,27.0,27.16
001236,弘业期货,10.62,-0.4686035613870732,-0.05000000000000071,114610232.0,10731100,0,10.63,10.83,10.58,10.67
001238,浙江正特,49.93,-1.847847454295258,-0.9399999999999977,23888460.0,476600,0,51.0,51.0,49.51,50.87
001239,永达股份,16.41,-0.5454545454545446,-0.08999999999999986,37939510.0,2303500,0,16.45,16.57,16.36,16.5
001255,博菲电气,32.73,-0.6676783004552532,-0.22000000000000597,117882823.6,3620412,0,32.63,33.12,32.3,32.95
001256,炜冈科技,21.38,0.1405152224824243,0.029999999999997584,24532059.0,1150300,0,21.39,21.57,21.18,21.35
001258,立新能源,7.28,0.0,0.0,45576982.0,6264200,0,7.28,7.32,7.24,7.28
001259,利仁科技,30.11,-0.033200531208504525,-0.010000000000001563,28181135.0,938500,0,30.12,30.31,29.7,30.12
001260,坤泰股份,20.01,-1.8155053974484665,-0.36999999999999744,27261748.0,1346900,0,20.35,20.54,20.0,20.38
001266,宏英智能,29.58,-1.4000000000000057,-0.4200000000000017,82234704.2,2771920,0,29.88,29.93,29.4,30.0
001267,汇绿生态,21.46,0.46816479400749733,0.10000000000000142,654008856.7,30462670,0,21.25,21.88,20.9,21.36
001268,联合精密,39.19,1.9245773732119502,0.7399999999999949,312244353.0,8256300,0,36.8,39.89,35.96,38.45
001269,欧晶科技,24.24,1.2531328320801887,0.29999999999999716,74072647.35,3017160,0,24.39,25.2,24.12,23.94
001270,*ST铖昌,80.3,4.994769874476978,3.819999999999993,88044372.9,1096443,0,80.3,80.3,80.3,76.48
001277,速达股份,39.4,-1.8679950186799503,-0.75,46481665.88,1172641,0,40.18,40.29,39.38,40.15
001278,一彬科技,19.56,-2.831594634873325,-0.5700000000000003,48875502.0,2469200,0,20.04,20.23,19.45,20.13
001279,强邦新材,34.24,-0.5229517722254494,-0.17999999999999972,20822161.97,606230,0,34.39,34.57,34.2,34.42
001282,三联锻造,20.62,-0.6743737957610817,-0.14000000000000057,47077106.4,2276240,0,20.84,20.91,20.5,20.76
001283,豪鹏科技,70.16,0.02851439977187913,0.01999999999999602,167879793.14,2388719,0,70.22,71.18,69.7,70.14
001286,陕西能源,9.92,-0.1007049345417904,-0.009999999999999787,90872380.0,9149950,0,9.91,9.96,9.9,9.93
001287,中电港,22.81,1.242787394584987,0.2799999999999976,611780487.19,26834285,0,22.47,23.16,22.39,22.53
001288,运机集团,33.26,0.4227053140096636,0.14000000000000057,135346273.8,4123792,0,33.14,33.41,32.2,33.12
001289,龙源电力,15.29,-0.13063357282822566,-0.02000000000000135,55308373.6,3623871,0,15.34,15.37,15.11,15.31
001296,长江材料,27.91,-2.4807826694619175,-0.7100000000000009,228659680.65,8162517,0,28.34,28.39,27.65,28.62
001298,好上好,29.7,-0.9009009009008995,-0.2699999999999996,183051258.65,6136625,0,29.94,30.11,29.61,29.97
001299,美能能源,12.09,-2.105263157894735,-0.2599999999999998,79129035.53,6522577,0,12.36,12.36,12.0,12.35
001300,三柏硕,16.44,-2.836879432624116,-0.4800000000000004,413585042.74,23982467,0,18.61,18.61,15.81,16.92
001301,尚太科技,86.59,1.2156633547633036,1.0400000000000063,290391186.8,3343004,0,85.22,88.66,85.11,85.55
001306,夏厦精密,83.39,-0.9502316189571175,-0.7999999999999972,96944663.1,1156936,0,83.35,85.28,82.4,84.19
001308,康冠科技,20.68,-0.7201152184349429,-0.14999999999999858,37327237.75,1799236,0,20.81,20.91,20.61,20.83
001309,德明利,239.0,10.001380770469916,21.72999999999999,6187180274.93,26312752,0,213.01,239.0,213.01,217.27
001311,多利科技,29.45,-5.669442664958359,-1.7699999999999996,397893070.48,13015738,0,31.35,33.68,29.41,31.22
001313,粤海饲料,7.58,-1.940491591203109,-0.15000000000000036,97156222.0,12784400,0,7.71,7.72,7.54,7.73
001314,亿道信息,43.17,-1.0316368638239242,-0.44999999999999574,58209374.0,1344700,0,43.39,43.68,43.01,43.62
001316,润贝航科,38.46,-1.2072951451322858,-0.46999999999999886,150606235.1,3907703,0,39.2,39.36,38.0,38.93
001317,三羊马,53.61,2.2116301239275433,1.1599999999999966,692322681.0,12950897,0,51.33,55.7,51.02,52.45
001318,阳光乳业,15.88,0.06301197227474206,0.010000000000001563,250994448.38,15678798,0,15.83,16.73,15.68,15.87
001319,铭科精技,25.87,-1.29721480351011,-0.33999999999999986,56213847.0,2159700,0,26.23,26.36,25.74,26.21
001322,箭牌家居,9.07,-2.5778732545649863,-0.2400000000000002,48775310.0,5337800,0,9.27,9.35,9.01,9.31
001323,慕思股份,26.23,-1.6497937757780325,-0.4400000000000013,29614912.22,1124944,0,26.63,26.74,26.17,26.67
001324,长青科技,18.09,-1.147540983606562,-0.21000000000000085,25566161.0,1400700,0,18.36,18.48,18.06,18.3
001326,联域股份,46.35,9.990507831039395,4.210000000000001,95864842.68,2087474,0,44.16,46.35,43.6,42.14
001328,登康口腔,38.17,0.21002887897085398,0.0799999999999983,56365306.28,1482568,0,38.09,38.45,37.49,38.09
001330,博纳影业,8.05,1.385390428211591,0.11000000000000032,1449539061.67,181278685,0,7.9,8.24,7.82,7.94
001331,胜通能源,42.1,10.007839038411284,3.8299999999999983,1097176580.14,26085945,0,42.1,42.1,40.88,38.27
001332,锡装股份,53.28,-0.7081625046589555,-0.37999999999999545,87986579.25,1657335,0,53.4,53.62,52.52,53.66
001333,光华股份,22.02,-1.6964285714285672,-0.379999999999999,23332495.0,1051500,0,22.49,22.49,21.95,22.4
001336,楚环科技,25.63,-3.9715249156987724,-1.0600000000000023,241441249.48,9420351,0,25.79,25.9,25.36,26.69
001337,四川黄金,29.08,1.6783216783216672,0.4799999999999969,369104236.18,12670921,0,29.0,29.46,28.85,28.6
001338,永顺泰,12.35,-0.6436041834271928,-0.08000000000000007,71995511.7,5805602,0,12.4,12.49,12.33,12.43
001339,智微智能,48.91,-0.6298252742787531,-0.3100000000000023,107421512.68,2196581,0,49.03,49.24,48.5,49.22
001356,富岭股份,13.16,-0.07593014426727249,-0.009999999999999787,34451287.68,2620169,0,13.14,13.25,13.09,13.17
001358,兴欣新材,25.92,-1.0309278350515447,-0.2699999999999996,17928232.35,687915,0,26.18,26.38,25.84,26.19
001359,平安电工,73.22,0.26016705463507833,0.18999999999999773,236189659.11,3234298,0,73.57,74.2,72.03,73.03
001360,南矿集团,22.89,-3.6616161616161658,-0.870000000000001,328428471.04,14340613,0,23.65,23.7,22.38,23.76
001366,播恩集团,13.33,-1.4781966001478144,-0.1999999999999993,31010226.0,2306700,0,13.56,13.6,13.3,13.53
001367,海森药业,22.03,-0.721045515998198,-0.16000000000000014,17791083.25,804710,0,22.29,22.35,21.93,22.19
001368,通达创智,25.18,-1.0609037328094286,-0.2699999999999996,47164557.0,1868100,0,25.31,25.45,25.05,25.45
001373,翔腾新材,30.69,-1.4450867052023098,-0.4499999999999993,62697584.6,2032924,0,31.16,31.27,30.45,31.14
001376,百通能源,18.18,9.981851179673312,1.6499999999999986,533432209.45,30394482,0,16.61,18.18,16.61,16.53
001378,德冠新材,23.49,1.6883116883116753,0.389999999999997,73356017.23,3109121,0,23.2,23.91,23.05,23.1
001379,腾达科技,24.29,-2.801120448179269,-0.6999999999999993,304789508.34,12481823,0,24.61,24.77,24.15,24.99
001380,华纬科技,22.54,-1.010101010101012,-0.23000000000000043,37265232.82,1645734,0,22.84,22.89,22.47,22.77
001382,新亚电缆,20.69,-0.9573958831976987,-0.1999999999999993,86420307.2,4158313,0,20.76,21.03,20.62,20.89
001387,雪祺电气,14.04,-2.092050209205026,-0.3000000000000007,75594918.38,5334978,0,14.35,14.38,14.0,14.34
001389,广合科技,80.48,-0.42068794852757885,-0.3399999999999892,318810231.49,3944703,0,80.85,81.76,79.6,80.82
001391,国货航,6.18,-0.4830917874396175,-0.03000000000000025,64964454.68,10495591,0,6.2,6.22,6.17,6.21
001395,亚联机械,45.0,-0.8373732921992123,-0.38000000000000256,57801037.2,1274505,0,45.98,45.99,44.72,45.38
001696,宗申动力,21.78,0.13793103448276386,0.030000000000001137,554519580.09,25353580,0,21.95,22.14,21.52,21.75
001872,招商港口,19.84,-0.501504513540629,-0.10000000000000142,53491338.61,2697893,0,19.93,19.94,19.75,19.94
001896,豫能控股,5.41,-0.18450184501844624,-0.009999999999999787,76513828.44,14194079,0,5.4,5.44,5.35,5.42
001914,招商积余,10.94,-0.3642987249544711,-0.040000000000000924,50599954.0,4611600,0,10.98,11.01,10.93,10.98
001965,招商公路,9.96,0.3021148036253891,0.030000000000001137,110893261.3,11142282,0,9.93,10.05,9.88,9.93
001979,招商蛇口,8.79,0.22805017103762343,0.019999999999999574,306182221.94,34827226,0,8.73,8.84,8.72,8.77
002001,新和成,24.81,0.0,0.0,355985434.56,14336992,0,24.75,24.96,24.68,24.81
002003,伟星股份,10.66,-1.113172541743963,-0.11999999999999922,57933507.92,5420068,0,10.72,10.81,10.6,10.78
002004,华邦健康,4.88,0.20533880903490323,0.009999999999999787,87462887.98,17930346,0,4.86,4.9,4.85,4.87
002005,ST德豪,2.51,0.39999999999999153,0.009999999999999787,28123796.6,11253120,0,2.49,2.52,2.48,2.5
002006,精工科技,21.8,-0.36563071297988253,-0.0799999999999983,424965132.18,19464659,0,21.89,22.18,21.6,21.88
002007,华兰生物,15.32,0.13071895424836322,0.019999999999999574,111752065.46,7299496,0,15.3,15.36,15.25,15.3
002008,大族激光,42.4,1.4839636189564325,0.6199999999999974,1487499966.1,35330385,0,41.76,42.93,41.26,41.78
002009,天奇股份,19.36,9.999999999999988,1.759999999999998,359560676.64,18572349,0,19.36,19.36,19.36,17.6
002010,传化智联,5.86,-1.013513513513507,-0.05999999999999961,105116862.63,17910971,0,5.91,5.92,5.82,5.92
002011,盾安环境,12.84,-0.46511627906977127,-0.0600000000000005,142651346.32,11093048,0,12.88,12.93,12.78,12.9
002012,凯恩股份,6.41,-2.8787878787878713,-0.1899999999999995,105050841.0,16199000,0,6.56,6.6,6.39,6.6
002014,永新股份,12.02,-1.2325390304026325,-0.15000000000000036,26400668.51,2185977,0,12.17,12.17,12.0,12.17
002015,协鑫能科,10.25,0.09765624999999792,0.009999999999999787,188160457.1,18370184,0,10.22,10.29,10.15,10.24
002016,世荣兆业,5.8,0.17271157167529858,0.009999999999999787,43221085.8,7434341,0,5.78,5.86,5.77,5.79
002017,东信和平,21.45,-0.6944444444444543,-0.15000000000000213,372651883.15,17300895,0,21.47,21.77,21.33,21.6
002019,亿帆医药,11.87,-0.5862646566164178,-0.07000000000000028,81205577.36,6828052,0,11.94,11.98,11.83,11.94
002020,京新药业,19.83,0.0,0.0,143957408.0,7272960,0,19.85,19.98,19.69,19.83
002021,中捷资源,2.49,0.40322580645162226,0.010000000000000231,53224420.69,21327734,0,2.48,2.51,2.46,2.48
002022,科华生物,6.02,-0.49586776859504544,-0.03000000000000025,29987945.0,4969200,0,6.09,6.09,6.0,6.05
002023,海特高新,13.38,-1.6899338721528192,-0.22999999999999865,474470959.5,35367200,0,13.59,13.59,13.21,13.61
002024,ST易购,1.72,0.5847953216374274,0.010000000000000009,39339359.34,22852202,0,1.72,1.74,1.71,1.71
002025,航天电器,49.16,2.694798412366825,1.2899999999999991,2064534895.57,42268650,0,48.48,50.23,47.88,47.87
002026,山东威达,15.0,-0.26595744680850497,-0.03999999999999915,279830703.49,18575668,0,15.0,15.25,14.85,15.04
002027,分众传媒,7.18,-0.5540166204986154,-0.040000000000000036,707430218.45,98425691,0,7.21,7.24,7.15,7.22
002028,思源电气,161.0,4.052219996122284,6.27000000000001,1410060267.14,8853020,0,154.33,162.4,153.6,154.73
002029,七匹狼,11.1,-3.141361256544513,-0.3600000000000012,457103018.15,40668944,0,11.4,11.53,11.07,11.46
002030,达安基因,6.06,-0.9803921568627533,-0.0600000000000005,65051543.66,10694058,0,6.12,6.13,6.05,6.12
002031,巨轮智能,7.77,-1.769911504424786,-0.14000000000000057,1562641848.84,202372674,0,7.72,7.81,7.61,7.91
002032,苏泊尔,45.97,-0.6698357821953377,-0.3100000000000023,108389135.69,2348428,0,46.27,46.29,45.93,46.28
002033,丽江股份,9.26,0.43383947939261547,0.03999999999999915,77305219.16,8357502,0,9.25,9.3,9.18,9.22
002034,旺能环境,16.12,-0.06199628022317428,-0.00999999999999801,31800733.63,1972534,0,16.1,16.22,16.08,16.13
002035,华帝股份,6.17,0.0,0.0,25250054.8,4090940,0,6.17,6.2,6.15,6.17
002036,联创电子,10.98,-1.081081081081074,-0.11999999999999922,1006756256.82,91833063,0,10.92,11.28,10.74,11.1
002037,保利联合,9.63,-1.2307692307692228,-0.11999999999999922,82257519.4,8508340,0,9.72,9.75,9.59,9.75
002038,双鹭药业,7.79,0.7761966364812368,0.05999999999999961,148415768.68,19126143,0,7.72,7.82,7.67,7.73
002039,黔源电力,18.29,-0.5437737901033247,-0.10000000000000142,40437027.8,2209200,0,18.39,18.43,18.23,18.39
002040,南京港,10.05,-1.5670910871694428,-0.16000000000000014,134178182.27,13302760,0,10.11,10.3,10.03,10.21
002041,登海种业,9.6,1.2658227848101182,0.11999999999999922,82433191.58,8612194,0,9.48,9.62,9.47,9.48
002042,华孚时尚,4.15,0.7281553398058312,0.03000000000000025,126042772.43,30428615,0,4.11,4.21,4.08,4.12
002043,兔宝宝,14.5,0.6245662734212343,0.08999999999999986,119319779.0,8266800,0,14.33,14.65,14.28,14.41
002044,美年健康,5.29,-1.3059701492537366,-0.07000000000000028,1143340734.05,214661851,0,5.34,5.38,5.29,5.36
002045,国光电器,14.04,-0.5665722379603405,-0.08000000000000007,187288319.87,13330370,0,14.09,14.14,13.92,14.12
002046,国机精工,44.0,-1.2345679012345616,-0.5499999999999972,2258759637.07,52040371,0,44.66,44.88,42.11,44.55
002047,*ST宝鹰,3.79,2.156334231805932,0.08000000000000007,70140953.0,18727800,0,3.75,3.88,3.67,3.71
002048,宁波华翔,28.88,-1.433447098976115,-0.4200000000000017,1031170729.69,35305061,0,29.51,30.03,28.63,29.3
002049,紫光国微,80.22,1.3262599469495986,1.0499999999999972,2388729267.17,29654547,0,79.78,82.0,79.22,79.17
002050,三花智控,47.3,-0.5466778805719199,-0.2600000000000051,8096430504.94,172036311,0,47.09,47.82,46.44,47.56
002051,中工国际,9.1,-1.0869565217391266,-0.09999999999999964,165878826.16,18260654,0,9.19,9.19,8.99,9.2
002052,同洲电子,12.32,-1.518784972022378,-0.1899999999999995,209319284.14,16848582,0,12.55,12.56,12.28,12.51
002053,云南能投,11.9,0.0,0.0,109791960.16,9220068,0,11.89,12.03,11.8,11.9
002054,德美化工,7.54,0.39946737683089545,0.03000000000000025,59990525.92,7947014,0,7.5,7.64,7.49,7.51
002055,得润电子,6.8,-0.2932551319648162,-0.020000000000000462,94387262.05,13856243,0,6.82,6.86,6.74,6.82
002056,横店东磁,19.8,1.4864172219374634,0.28999999999999915,537005469.89,27109693,0,19.51,20.0,19.5,19.51
002057,中钢天源,10.34,0.19379844961239895,0.019999999999999574,111723723.0,10788875,0,10.32,10.43,10.29,10.32
002058,*ST威尔,23.1,0.34752389226760144,0.08000000000000185,39386231.52,1714112,0,23.09,23.28,22.74,23.02
002059,云南旅游,5.37,-0.37105751391464886,-0.019999999999999574,103821462.8,19390089,0,5.36,5.39,5.31,5.39
002060,广东建工,3.7,0.0,0.0,62573474.13,16865743,0,3.7,3.73,3.69,3.7
002061,浙江交科,4.03,0.0,0.0,65935558.4,16318360,0,4.04,4.06,4.02,4.03
002062,宏润建设,9.12,-1.7241379310344844,-0.16000000000000014,166544845.6,18213288,0,9.28,9.35,9.04,9.28
002063,远光软件,6.08,0.3300330033003377,0.020000000000000462,137314062.01,22618175,0,6.06,6.1,6.03,6.06
002064,华峰化学,11.18,3.710575139146571,0.40000000000000036,588982868.57,53613910,0,10.82,11.25,10.65,10.78
002065,东华软件,9.19,0.3275109170305607,0.02999999999999936,390874190.66,42582767,0,9.17,9.21,9.11,9.16
002066,瑞泰科技,19.07,-1.3960703205791085,-0.2699999999999996,74644391.0,3912200,0,19.33,19.4,18.9,19.34
002067,景兴纸业,5.59,-1.5845070422535186,-0.08999999999999986,817078920.84,146457826,0,5.65,5.68,5.5,5.68
002068,黑猫股份,9.02,0.3337041156840863,0.02999999999999936,88854039.19,9811459,0,9.0,9.14,9.0,8.99
002069,獐子岛,3.81,-1.2953367875647623,-0.04999999999999982,49955408.0,13073500,0,3.84,3.86,3.8,3.86
002072,凯瑞德,7.02,-1.1267605633802829,-0.08000000000000007,29127935.05,4117001,0,7.08,7.16,7.02,7.1
002073,软控股份,8.2,-0.36452004860268694,-0.030000000000001137,174878726.18,21295140,0,8.22,8.28,8.12,8.23
002074,国轩高科,40.08,1.7517136329017458,0.6899999999999977,2327236347.75,58036342,0,39.64,40.74,39.35,39.39
002075,沙钢股份,5.77,0.6980802792320968,0.03999999999999915,178856559.12,30981447,0,5.71,5.84,5.7,5.73
002076,*ST星光,2.07,-0.4807692307692419,-0.010000000000000231,30357787.0,14661700,0,2.08,2.09,2.06,2.08
002077,大港股份,14.97,0.2679169457468247,0.040000000000000924,219000607.32,14632619,0,14.92,15.04,14.85,14.93
002078,太阳纸业,15.66,-1.7565872020075244,-0.27999999999999936,566509176.72,36110180,0,15.89,16.0,15.51,15.94
002079,苏州固锝,9.58,-0.31217481789801627,-0.02999999999999936,114720792.0,11894900,0,9.61,9.72,9.55,9.61
002080,中材科技,38.76,-2.0470053070508016,-0.8100000000000023,1912100602.02,49273113,0,39.01,39.55,38.26,39.57
002081,金螳螂,3.62,10.030395136778116,0.33000000000000007,473777954.66,132400883,0,3.31,3.62,3.31,3.29
002082,万邦德,13.7,2.086438152011918,0.27999999999999936,389875316.95,28635311,0,13.71,14.0,13.39,13.42
002083,孚日股份,12.06,3.6082474226804115,0.41999999999999993,2283177387.45,189613732,0,11.99,12.52,11.46,11.64
002084,海鸥住工,3.97,-1.4888337468982642,-0.06000000000000005,102136965.64,25622817,0,4.02,4.05,3.96,4.03
002085,万丰奥威,15.91,0.5689001264222494,0.08999999999999986,613134431.39,38549341,0,15.9,16.03,15.74,15.82
002086,东方海洋,2.39,0.0,0.0,73361394.0,30791700,0,2.39,2.4,2.37,2.39
002088,鲁阳节能,10.64,-0.9310986964618215,-0.09999999999999964,26670295.32,2493600,0,10.82,10.82,10.62,10.74
002090,金智科技,11.96,-0.33333333333332626,-0.03999999999999915,141001396.13,11808709,0,11.99,12.05,11.83,12.0
002091,江苏国泰,9.28,1.5317286652078643,0.1399999999999988,269333543.12,29132103,0,9.17,9.35,9.13,9.14
002092,中泰化学,4.75,0.6355932203389884,0.03000000000000025,154785495.0,32711000,0,4.7,4.77,4.69,4.72
002093,国脉科技,11.55,0.26041666666667657,0.030000000000001137,426785562.4,37010091,0,11.48,11.68,11.37,11.52
002094,青岛金王,7.23,-0.9589041095890328,-0.0699999999999994,158183363.76,21835599,0,7.26,7.32,7.2,7.3
002095,生意宝,17.83,-1.6004415011037676,-0.2900000000000027,58318110.68,3253196,0,18.09,18.11,17.8,18.12
002096,易普力,13.45,0.6736526946107774,0.08999999999999986,66161673.0,4933100,0,13.38,13.47,13.31,13.36
002097,山河智能,12.2,-0.40816326530612823,-0.05000000000000071,294973950.72,24128599,0,12.24,12.3,12.12,12.25
002098,浔兴股份,10.56,-1.9498607242339747,-0.20999999999999908,256775273.0,24331900,0,10.59,10.79,10.42,10.77
002099,海翔药业,5.97,-2.291325695581024,-0.14000000000000057,81025029.0,13469800,0,6.11,6.11,5.95,6.11
002100,天康生物,7.23,0.8368200836820152,0.0600000000000005,135513836.42,18816325,0,7.16,7.26,7.14,7.17
002101,广东鸿图,12.34,1.3968775677896461,0.16999999999999993,115147143.0,9326600,0,12.21,12.43,12.11,12.17
002102,能特科技,3.39,0.8928571428571502,0.03000000000000025,145306312.0,43155500,0,3.35,3.44,3.31,3.36
002103,广博股份,9.23,-0.7526881720430137,-0.07000000000000028,134266865.14,14546228,0,9.28,9.29,9.17,9.3
002104,恒宝股份,20.7,1.0248901903367538,0.21000000000000085,1933642840.22,93871635,0,20.18,20.99,20.1,20.49
002105,信隆健康,7.54,-4.071246819338426,-0.3200000000000003,195842607.89,25657700,0,7.74,7.83,7.53,7.86
002106,莱宝高科,10.97,-0.8137432188065086,-0.08999999999999986,91449433.6,8302796,0,11.02,11.09,10.93,11.06
002107,沃华医药,6.18,-0.9615384615384694,-0.0600000000000005,45568458.04,7363134,0,6.21,6.26,6.13,6.24
002108,沧州明珠,5.08,4.098360655737709,0.20000000000000018,680267091.43,134929926,0,4.9,5.12,4.89,4.88
002109,兴化股份,3.61,0.0,0.0,36636826.23,10158834,0,3.62,3.63,3.58,3.61
002110,三钢闽光,4.55,0.0,0.0,123460490.06,27129937,0,4.54,4.6,4.5,4.55
002111,威海广泰,10.31,-0.09689922480619947,-0.009999999999999787,103711670.24,10059408,0,10.31,10.4,10.19,10.32
002112,三变科技,13.72,-1.5781922525107523,-0.21999999999999886,237528329.57,17235696,0,13.91,13.94,13.61,13.94
002114,罗平锌电,8.62,3.3573141486810476,0.27999999999999936,190043892.38,22302504,0,8.41,8.65,8.38,8.34
002115,三维通信,12.3,-0.8064516129032229,-0.09999999999999964,2126941655.87,172660191,0,12.5,12.5,12.05,12.4
002116,中国海诚,10.5,-0.6622516556291418,-0.07000000000000028,59888036.99,5693200,0,10.55,10.58,10.43,10.57
002117,东港股份,13.43,-1.322556943423951,-0.17999999999999972,271462771.24,20000847,0,13.53,13.84,13.34,13.61
002119,康强电子,16.66,-1.1862396204033172,-0.1999999999999993,190741918.18,11380200,0,16.9,16.98,16.59,16.86
002120,韵达股份,6.9,-0.5763688760806921,-0.040000000000000036,130190819.98,18833582,0,6.93,6.95,6.89,6.94
002121,科陆电子,7.9,-0.2525252525252471,-0.019999999999999574,292986799.75,36825658,0,7.9,8.08,7.87,7.92
002122,ST汇洲,2.94,1.0309278350515396,0.029999999999999805,87157756.51,29608450,0,2.91,2.97,2.9,2.91
002123,梦网科技,12.49,-0.5573248407643334,-0.07000000000000028,447323844.13,35762514,0,12.49,12.71,12.3,12.56
002124,天邦食品,2.79,0.0,0.0,75221510.6,26980910,0,2.79,2.8,2.77,2.79
002125,湘潭电化,14.83,3.201113430758531,0.46000000000000085,487064869.66,33087290,0,14.55,14.98,14.3,14.37
002126,银轮股份,37.46,-3.55303810504635,-1.3800000000000026,1166775043.94,31005794,0,38.6,38.6,37.14,38.84
002127,南极电商,3.46,-1.142857142857144,-0.040000000000000036,124779408.0,35989400,0,3.49,3.5,3.44,3.5
002128,电投能源,28.02,2.1881838074398168,0.5999999999999979,430566947.85,15442622,0,27.5,28.21,27.47,27.42
002129,TCL中环,8.81,3.040935672514617,0.2599999999999998,1550863007.33,174115570,0,8.9,9.07,8.76,8.55
002130,沃尔核材,26.96,0.18580453363062321,0.05000000000000071,1502615994.45,56076159,0,26.77,27.17,26.43,26.91
002131,利欧股份,5.15,-0.5791505791505668,-0.02999999999999936,1420404740.17,275404185,0,5.18,5.22,5.1,5.18
002132,恒星科技,3.62,0.0,0.0,75825317.7,20973420,0,3.63,3.65,3.59,3.62
002133,广宇集团,3.46,2.3668639053254457,0.08000000000000007,146932148.9,42150802,0,3.4,3.56,3.39,3.38
002134,天津普林,25.59,-3.4339622641509435,-0.9100000000000001,495752879.14,19192882,0,26.25,26.77,25.27,26.5
002135,东南网架,4.54,-1.5184381778741924,-0.07000000000000028,33878783.4,7405290,0,4.61,4.64,4.53,4.61
002136,安纳达,13.37,10.041152263374475,1.2199999999999989,351496396.35,27057500,0,12.54,13.37,12.49,12.15
002137,实益达,8.65,-1.7045454545454586,-0.15000000000000036,108710667.0,12543300,0,8.75,8.75,8.59,8.8
002138,顺络电子,36.46,-0.870038064165308,-0.3200000000000003,457892685.71,12498991,0,36.74,37.06,36.26,36.78
002139,拓邦股份,13.64,-0.2923976608187072,-0.03999999999999915,225202565.82,16459394,0,13.67,13.8,13.55,13.68
002140,东华科技,11.59,-0.2581755593803732,-0.02999999999999936,86407321.84,7476386,0,11.7,11.7,11.47,11.62
002141,贤丰控股,3.71,-0.26881720430108147,-0.010000000000000231,57126850.0,15425800,0,3.72,3.74,3.68,3.72
002142,宁波银行,28.0,-1.0950194277640366,-0.3099999999999987,686565608.84,24431956,0,28.4,28.41,27.9,28.31
002144,宏达高科,12.8,-1.3867488443759608,-0.17999999999999972,33921855.0,2631100,0,12.98,13.01,12.8,12.98
002145,钛能化学,5.02,2.2403258655804366,0.10999999999999943,272022195.85,54470640,0,4.93,5.07,4.92,4.91
002146,荣盛发展,1.57,0.6410256410256416,0.010000000000000009,224041502.88,142408262,0,1.57,1.59,1.56,1.56
002148,北纬科技,8.58,-0.6944444444444501,-0.0600000000000005,84739298.22,9860440,0,8.64,8.65,8.51,8.64
002149,西部材料,46.78,1.2554112554112518,0.5799999999999983,7131193263.31,154922066,0,44.7,48.5,43.8,46.2
002150,通润装备,20.77,2.7200791295746822,0.5500000000000007,498041211.83,23812310,0,20.19,21.45,20.14,20.22
002151,北斗星通,42.17,9.989567031820549,3.8299999999999983,4737074486.91,114722384,0,39.0,42.17,38.34,38.34
002152,广电运通,12.56,-0.39651070578904785,-0.049999999999998934,248175697.7,19702658,0,12.58,12.73,12.5,12.61
002153,石基信息,10.47,0.19138755980862537,0.02000000000000135,242688717.22,23226334,0,10.43,10.56,10.29,10.45
002154,报喜鸟,3.91,-0.7614213197969494,-0.029999999999999805,73936076.0,18841600,0,3.93,3.95,3.9,3.94
002155,湖南黄金,21.56,2.32558139534883,0.48999999999999844,948282248.71,44160158,0,21.41,21.64,21.27,21.07
002156,通富微电,37.51,-0.29239766081871194,-0.10999999999999943,1267153571.89,33698341,0,37.51,37.96,37.3,37.62
002157,正邦科技,3.56,0.28169014084507693,0.010000000000000231,823845907.17,232540840,0,3.54,3.62,3.49,3.55
002158,汉钟精机,25.46,0.712025316455695,0.17999999999999972,471123391.67,18455200,0,25.3,25.8,24.96,25.28
002159,三特索道,15.71,0.5761843790012909,0.09000000000000163,69617583.0,4412900,0,15.6,16.03,15.6,15.62
002160,常铝股份,5.43,6.679764243614929,0.33999999999999986,546324748.46,102848630,0,5.11,5.44,5.1,5.09
002161,远望谷,7.22,-0.5509641873278243,-0.040000000000000036,68413669.2,9444101,0,7.26,7.3,7.19,7.26
002162,悦心健康,4.88,-2.0080321285140665,-0.10000000000000053,151501324.3,30816360,0,4.98,5.02,4.86,4.98
002163,海南发展,22.75,10.009671179883947,2.0700000000000003,5062930671.97,227989615,0,20.81,22.75,20.81,20.68
002164,宁波东力,16.01,5.398288347597116,0.8200000000000021,746515279.21,46782557,0,15.18,16.39,15.08,15.19
002165,红宝丽,7.7,-1.1553273427471098,-0.08999999999999986,119115964.0,15386600,0,7.8,7.83,7.68,7.79
002166,莱茵生物,9.16,-2.8632025450689245,-0.2699999999999996,386529006.13,42577157,0,9.1,9.25,8.93,9.43
002167,东方锆业,12.62,1.5285599356395776,0.1899999999999995,377238814.18,29962892,0,12.49,12.74,12.44,12.43
002168,*ST惠程,3.99,5.000000000000011,0.1900000000000004,51465172.0,13056500,0,3.8,3.99,3.77,3.8
002169,智光电气,10.65,2.6011560693641576,0.2699999999999996,711659351.43,67401142,0,10.46,10.82,10.35,10.38
002170,芭田股份,12.26,1.5741507870753895,0.1899999999999995,420509092.5,34596775,0,12.05,12.26,12.0,12.07
002171,楚江新材,12.99,-0.07692307692307529,-0.009999999999999787,1786803877.71,138341786,0,13.08,13.27,12.66,13.0
002172,澳洋健康,4.1,-1.913875598086126,-0.08000000000000007,97597174.0,23744400,0,4.2,4.2,4.07,4.18
002173,创新医疗,21.53,-2.4025385312783207,-0.5299999999999976,720631324.33,33191306,0,21.9,22.19,21.47,22.06
002174,游族网络,12.72,0.3154574132492186,0.040000000000000924,401165957.69,31545006,0,12.68,12.85,12.59,12.68
002175,东方智造,4.67,-0.21367521367520914,-0.009999999999999787,358722152.0,77219200,0,4.61,4.75,4.57,4.68
002176,江特电机,10.1,2.4340770791075075,0.2400000000000002,1040675889.73,103577419,0,10.01,10.15,9.93,9.86
002177,御银股份,7.06,0.14184397163120266,0.009999999999999787,356616495.64,50461041,0,7.0,7.16,6.96,7.05
002178,延华智能,6.38,0.0,0.0,93062717.0,14545700,0,6.37,6.44,6.35,6.38
002179,中航光电,34.79,-0.2866150759529992,-0.10000000000000142,1623486042.26,46733859,0,35.01,35.18,34.46,34.89
002180,纳思达,19.39,0.5705394190871339,0.10999999999999943,302077780.99,15525470,0,19.25,19.65,19.21,19.28
002181,粤传媒,8.49,-0.4689331770222644,-0.03999999999999915,168357174.91,19751522,0,8.54,8.6,8.44,8.53
002182,宝武镁业,15.4,2.1220159151193654,0.3200000000000003,575776318.8,37748374,0,15.08,15.52,14.84,15.08
002183,怡亚通,5.0,2.880658436213985,0.13999999999999968,525946737.66,106391200,0,4.85,5.02,4.82,4.86
002184,海得控制,12.84,-1.002313030069397,-0.13000000000000078,71825966.32,5564829,0,13.0,13.04,12.78,12.97
002185,华天科技,11.09,-0.2697841726618648,-0.02999999999999936,462098844.78,41638164,0,11.07,11.16,11.02,11.12
002186,全聚德,11.77,-1.5062761506276128,-0.17999999999999972,86514355.01,7309800,0,11.93,12.01,11.74,11.95
002187,广百股份,8.15,-1.3317191283292908,-0.10999999999999943,762043099.42,93914801,0,8.02,8.55,7.88,8.26
002188,中天服务,6.32,0.9584664536741293,0.0600000000000005,227324222.46,35890269,0,6.24,6.4,6.22,6.26
002189,中光学,22.83,0.13157894736841044,0.029999999999997584,99564548.2,4370119,0,22.78,23.05,22.61,22.8
002190,成飞集成,37.22,0.0,0.0,376203181.67,10167109,0,37.05,37.58,36.51,37.22
002191,劲嘉股份,4.38,0.0,0.0,96331869.5,21914570,0,4.45,4.47,4.36,4.38
002192,融捷股份,55.46,5.277145026575552,2.780000000000001,1492798517.74,27201777,0,54.65,56.1,53.55,52.68
002193,如意集团,5.39,-1.4625228519195625,-0.08000000000000007,28106520.77,5171291,0,5.47,5.48,5.37,5.47
002194,武汉凡谷,12.96,-0.9174311926605444,-0.11999999999999922,289859015.12,22332086,0,13.03,13.09,12.81,13.08
002195,岩山科技,6.87,0.0,0.0,705487233.14,102748969,0,6.86,6.91,6.81,6.87
002196,方正电机,13.68,0.29325513196480313,0.03999999999999915,2125598574.34,152181318,0,14.31,14.5,13.62,13.64
002197,证通电子,10.5,-5.405405405405403,-0.5999999999999996,606902310.81,56591448,0,10.8,11.17,10.47,11.1
002198,嘉应制药,7.35,-0.40650406504065373,-0.03000000000000025,83943170.8,11426640,0,7.34,7.41,7.3,7.38
002199,*ST东晶,8.15,0.24600246002459497,0.019999999999999574,13571748.0,1665600,0,8.15,8.23,8.09,8.13
002200,*ST交投,7.67,2.1304926764314267,0.16000000000000014,11234602.0,1476800,0,7.53,7.75,7.47,7.51
002201,九鼎新材,12.45,9.982332155477023,1.129999999999999,544014029.7,43695906,0,12.45,12.45,12.45,11.32
002202,金风科技,19.69,2.7125717266562313,0.5199999999999996,6952541636.3,350621881,0,19.95,20.39,19.42,19.17
002203,海亮股份,12.53,1.787164906580007,0.21999999999999886,284260647.15,22737665,0,12.31,12.59,12.3,12.31
002204,大连重工,7.6,-1.1703511053316091,-0.09000000000000075,660582633.52,86853746,0,7.6,7.7,7.48,7.69
002205,国统股份,13.92,-0.42918454935622674,-0.0600000000000005,67348185.0,4838400,0,13.99,14.15,13.8,13.98
002206,海利得,5.84,-0.680272108843538,-0.040000000000000036,83229134.0,14230700,0,5.88,5.89,5.81,5.88
002207,准油股份,7.43,0.13477088948786775,0.009999999999999787,65530936.0,8858500,0,7.38,7.44,7.32,7.42
002208,合肥城建,11.31,-0.3524229074889793,-0.03999999999999915,432986028.75,37870520,0,11.3,11.68,11.22,11.35
002209,达意隆,16.49,-0.9014423076923205,-0.15000000000000213,150302898.0,9079400,0,16.49,16.85,16.31,16.64
002210,飞马国际,3.74,0.5376344086021511,0.020000000000000018,455854411.34,121789479,0,3.72,3.8,3.69,3.72
002211,ST宏达,3.25,-1.8126888217522674,-0.06000000000000005,17380241.0,5315500,0,3.31,3.32,3.22,3.31
002212,天融信,8.99,1.238738738738732,0.10999999999999943,375128204.09,41795799,0,8.85,9.09,8.81,8.88
002213,大为股份,27.55,1.698043558508678,0.46000000000000085,1063919950.36,38411400,0,27.09,28.22,26.88,27.09
002214,*ST大立,18.06,-0.8237232289950692,-0.15000000000000213,63699073.74,3526930,0,18.28,18.28,17.9,18.21
002215,诺普信,11.11,0.6340579710144953,0.07000000000000028,182696049.56,16358001,0,10.99,11.3,10.98,11.04
002216,三全食品,11.48,-1.1197243755383204,-0.129999999999999,60884701.05,5289231,0,11.6,11.65,11.45,11.61
002217,合力泰,3.09,-0.9615384615384694,-0.03000000000000025,462248338.9,149729966,0,3.11,3.11,3.07,3.12
002218,拓日新能,4.35,-0.9111617312072902,-0.040000000000000036,510632807.28,115699002,0,4.39,4.53,4.34,4.39
002219,新里程,2.2,0.4566210045662206,0.010000000000000231,96989558.6,44089888,0,2.19,2.22,2.19,2.19
002221,东华能源,8.02,-0.7425742574257487,-0.0600000000000005,67885870.0,8433600,0,8.08,8.1,8.0,8.08
002222,福晶科技,57.97,-1.8788083953960724,-1.1099999999999994,1291732105.59,22296514,0,59.0,59.26,57.05,59.08
002223,鱼跃医疗,37.41,-0.21339023739665347,-0.0800000000000054,256683086.02,6837300,0,37.47,37.91,37.1,37.49
002224,三力士,4.43,-0.8948545861297548,-0.040000000000000036,45505922.0,10232100,0,4.47,4.48,4.42,4.47
002225,濮耐股份,6.02,-0.33112582781457717,-0.020000000000000462,202731142.93,33846101,0,6.04,6.07,5.91,6.04
002226,江南化工,5.93,0.16891891891891533,0.009999999999999787,103331718.7,17495319,0,5.91,5.94,5.88,5.92
002227,奥特迅,12.32,-0.8849557522123849,-0.10999999999999943,40768193.55,3303015,0,12.45,12.45,12.25,12.43
002228,合兴包装,6.33,-3.3587786259541943,-0.21999999999999975,2406356128.94,387738379,0,6.49,6.7,5.9,6.55
002229,鸿博股份,15.81,-1.2492192379762714,-0.20000000000000107,391520074.42,24706105,0,15.91,15.99,15.72,16.01
002230,科大讯飞,48.84,0.18461538461539162,0.09000000000000341,1447838261.92,29547418,0,48.76,49.35,48.62,48.75
002231,*ST奥维,1.63,-1.8072289156626522,-0.030000000000000027,52289697.0,31591400,0,1.67,1.72,1.59,1.66
002232,启明信息,18.93,-0.9937238493723916,-0.19000000000000128,196130440.78,10298830,0,19.08,19.35,18.8,19.12
002233,塔牌集团,9.12,-0.5452562704471179,-0.05000000000000071,98828133.8,10813498,0,9.19,9.24,9.06,9.17
002234,民和股份,8.77,-1.0158013544018043,-0.08999999999999986,27974594.0,3172700,0,8.86,8.89,8.77,8.86
002235,安妮股份,11.09,-3.8994800693240843,-0.4499999999999993,1311559801.03,117617664,0,11.36,11.46,10.9,11.54
002236,大华股份,19.06,-0.10482180293500826,-0.019999999999999574,488936362.75,25590179,0,19.03,19.23,18.94,19.08
002237,恒邦股份,13.37,2.2953328232593644,0.29999999999999893,740000744.69,55370248,0,13.33,13.53,13.18,13.07
002238,天威视讯,8.29,0.8515815085157968,0.06999999999999851,132957371.44,16033303,0,8.23,8.36,8.19,8.22
002239,奥特佳,2.98,-0.33444816053512477,-0.010000000000000231,145080938.96,48585976,0,2.99,3.01,2.96,2.99
002240,盛新锂能,35.21,2.653061224489807,0.9100000000000037,2957874378.27,83328568,0,36.0,36.55,34.49,34.3
002241,歌尔股份,28.24,-1.7055342847198118,-0.490000000000002,2720508327.03,96360695,0,28.64,28.64,27.96,28.73
002242,九阳股份,10.44,-0.7604562737642593,-0.08000000000000007,84709801.67,8107416,0,10.6,10.6,10.38,10.52
002243,力合科创,10.21,5.3663570691434614,0.5200000000000014,521040688.47,51467802,0,9.67,10.47,9.66,9.69
002244,滨江集团,9.88,0.7135575942915421,0.07000000000000028,330826229.87,33342980,0,9.78,10.0,9.75,9.81
002245,蔚蓝锂芯,18.58,1.0881392818280702,0.1999999999999993,2481673421.44,135248825,0,18.46,18.69,17.88,18.38
002246,北化股份,17.29,-0.5750431282346258,-0.10000000000000142,269306030.3,15601011,0,17.28,17.4,17.13,17.39
002247,聚力文化,2.89,-1.027397260273966,-0.029999999999999805,35145449.0,12087300,0,2.93,2.94,2.88,2.92
002248,华东数控,11.68,3.089143865842892,0.34999999999999964,355043541.0,30375200,0,11.31,12.1,11.2,11.33
002249,大洋电机,10.58,-1.4897579143389212,-0.16000000000000014,1121942481.53,106342799,0,10.64,10.65,10.42,10.74
002250,联化科技,13.02,1.3229571984435793,0.16999999999999993,619525983.47,47631583,0,12.98,13.27,12.71,12.85
002251,步步高,5.5,-1.4336917562724028,-0.08000000000000007,890604960.67,159947088,0,5.56,5.68,5.5,5.58
002252,上海莱士,6.44,-0.15503875968991915,-0.009999999999999787,115430542.26,17893681,0,6.45,6.48,6.43,6.45
002253,*ST智胜,11.79,1.6379310344827542,0.1899999999999995,169586592.56,14150218,0,12.12,12.18,11.63,11.6
002254,泰和新材,9.83,-0.5060728744939342,-0.05000000000000071,85219967.5,8667356,0,9.88,9.9,9.77,9.88
002255,海陆重工,12.96,1.0132501948558128,0.13000000000000078,1226706790.32,94733809,0,12.77,13.1,12.72,12.83
002256,兆新股份,3.68,-0.540540540540541,-0.020000000000000018,217130699.0,58722800,0,3.68,3.73,3.66,3.7
002258,利尔化学,13.11,-0.9070294784580574,-0.120000000000001,98525410.81,7502575,0,13.28,13.29,13.03,13.23
002259,升达林业,3.81,-1.2953367875647623,-0.04999999999999982,31795236.8,8279960,0,3.87,3.9,3.8,3.86
002261,拓维信息,30.7,0.29402156158118214,0.08999999999999986,1036602949.23,33682910,0,30.54,31.08,30.45,30.61
002262,恩华药业,25.15,-0.9452540370224576,-0.240000000000002,125192434.0,4963920,0,25.33,25.39,25.13,25.39
002263,大东南,3.39,0.0,0.0,125849567.0,36934100,0,3.38,3.44,3.38,3.39
002264,新华都,9.74,-5.89371980676328,-0.6099999999999994,1361389322.08,139722900,0,10.02,10.04,9.54,10.35
002265,建设工业,26.15,-0.19083969465649128,-0.05000000000000071,226861291.48,8679189,0,26.2,26.38,25.83,26.2
002266,浙富控股,4.24,-0.23529411764705382,-0.009999999999999787,396352778.07,93597749,0,4.23,4.28,4.19,4.25
002267,陕天然气,7.53,-0.39682539682538837,-0.02999999999999936,31746062.9,4203657,0,7.56,7.58,7.52,7.56
002268,电科网安,20.33,10.0108225108225,1.8499999999999979,1708586544.01,85568786,0,18.48,20.33,18.46,18.48
002269,美邦服饰,1.92,-1.0309278350515474,-0.020000000000000018,137743932.6,71306737,0,1.94,1.95,1.92,1.94
002270,华明装备,25.61,-0.46638165565488143,-0.120000000000001,163357919.43,6374613,0,25.7,25.8,25.3,25.73
002271,东方雨虹,13.95,3.409933283914003,0.4599999999999991,726475034.01,52605295,0,13.46,13.98,13.4,13.49
002272,川润股份,16.25,1.1200995644057232,0.17999999999999972,1403503865.58,85801739,0,15.8,16.9,15.73,16.07
002273,水晶光电,24.76,-0.9996001599360255,-0.25,724874892.63,29286229,0,25.0,25.01,24.52,25.01
002274,华昌化工,5.76,0.0,0.0,26173573.0,4542000,0,5.77,5.8,5.74,5.76
002275,桂林三金,14.38,-1.1683848797250853,-0.16999999999999993,42894998.0,2964800,0,14.56,14.59,14.38,14.55
002276,万马股份,16.48,-0.36275695284158843,-0.05999999999999872,858413979.53,52073199,0,16.52,16.69,16.25,16.54
002277,友阿股份,7.2,0.5586592178770954,0.040000000000000036,380230967.3,51789707,0,7.27,7.55,7.18,7.16
002278,神开股份,12.53,2.369281045751627,0.28999999999999915,1105893946.09,88356338,0,12.34,12.99,12.15,12.24
002279,久其软件,7.78,-0.12836970474967632,-0.009999999999999787,312533254.0,40168200,0,7.79,7.85,7.69,7.79
002281,光迅科技,69.6,-1.5280135823429717,-1.0800000000000125,1933936705.1,27701199,0,70.0,71.05,68.9,70.68
002282,博深股份,7.4,-0.9370816599732181,-0.0699999999999994,41320972.0,5560500,0,7.49,7.5,7.36,7.47
002283,天润工业,6.21,0.16129032258064172,0.009999999999999787,81904690.89,13202186,0,6.2,6.25,6.15,6.2
002284,亚太股份,15.8,1.282051282051289,0.20000000000000107,596190776.81,37907231,0,15.64,15.97,15.47,15.6
002285,世联行,2.93,-2.006688963210704,-0.06000000000000005,284898757.3,96546794,0,2.96,3.0,2.91,2.99
002286,保龄宝,9.11,-0.7625272331154715,-0.07000000000000028,59149511.6,6490104,0,9.15,9.17,9.07,9.18
002287,奇正藏药,24.14,-0.08278145695364061,-0.019999999999999574,41036379.82,1702412,0,24.24,24.24,24.0,24.16
002289,*ST宇顺,32.7,5.009633911368023,1.5600000000000023,280615265.56,8692429,0,31.68,32.7,30.0,31.14
002290,禾盛新材,42.62,-0.6758331391284064,-0.28999999999999915,127152046.0,2971600,0,42.7,43.2,42.5,42.91
002291,遥望科技,6.43,0.46874999999999,0.02999999999999936,224726794.62,35178026,0,6.4,6.45,6.3,6.4
002292,奥飞娱乐,8.82,0.4555808656036552,0.040000000000000924,311988641.87,35320755,0,8.78,8.92,8.74,8.78
002293,罗莱生活,9.85,-0.8056394763343411,-0.08000000000000007,51367102.7,5195865,0,9.94,9.98,9.83,9.93
002294,信立泰,58.09,0.5191209551825648,0.30000000000000426,163569724.52,2821888,0,57.79,58.8,57.1,57.79
002295,精艺股份,13.88,4.204204204204208,0.5600000000000005,476697604.39,34642891,0,13.45,14.38,13.21,13.32
002296,辉煌科技,11.07,0.5449591280653996,0.0600000000000005,131935841.0,11912900,0,11.01,11.25,10.93,11.01
002297,博云新材,12.39,0.0,0.0,2709508717.39,212139608,0,13.63,13.63,12.29,12.39
002298,中电鑫龙,10.48,-0.09532888465204754,-0.009999999999999787,405717334.78,38709656,0,10.48,10.57,10.38,10.49
002299,圣农发展,16.56,1.346389228886162,0.21999999999999886,153713074.29,9329459,0,16.3,16.64,16.28,16.34
002300,太阳电缆,9.89,-2.369200394866734,-0.2400000000000002,881996356.9,88531599,0,10.0,10.16,9.8,10.13
002301,齐心集团,7.68,-1.5384615384615399,-0.1200000000000001,253243536.06,33069730,0,7.72,7.8,7.53,7.8
002302,西部建设,6.26,-1.8808777429467103,-0.1200000000000001,93983407.8,14922153,0,6.34,6.36,6.25,6.38
002303,美盈森,4.24,0.9523809523809532,0.040000000000000036,187853227.22,44420000,0,4.17,4.34,4.14,4.2
002304,洋河股份,62.13,-0.8932844153772456,-0.5599999999999952,287499852.73,4625330,0,62.51,62.51,61.89,62.69
002305,*ST南置,2.21,-1.7777777777777795,-0.040000000000000036,64574655.0,29039200,0,2.24,2.25,2.2,2.25
002306,*ST云网,2.09,-1.8779342723004713,-0.040000000000000036,119467634.68,56487708,0,2.13,2.18,2.07,2.13
002307,北新路桥,5.14,-2.0952380952381016,-0.11000000000000032,250944991.02,48676523,0,5.2,5.22,5.1,5.25
002309,中利集团,3.59,3.45821325648414,0.11999999999999966,276566990.33,77581178,0,3.47,3.62,3.47,3.47
002310,东方园林,2.34,1.7391304347826104,0.040000000000000036,145636675.96,62434074,0,2.29,2.39,2.28,2.3
002311,海大集团,54.21,-0.8051235132662355,-0.4399999999999977,423850706.67,7800137,0,54.57,54.79,53.91,54.65
002312,川发龙蟒,11.24,2.181818181818184,0.2400000000000002,514429864.24,45871007,0,11.08,11.35,11.06,11.0
002313,日海智能,10.25,-0.1947419668938615,-0.019999999999999574,68624373.0,6675200,0,10.34,10.38,10.19,10.27
002314,南山控股,2.89,0.34722222222223026,0.010000000000000231,95066568.0,32789500,0,2.88,2.92,2.86,2.88
002315,焦点科技,43.17,-1.5507411630558714,-0.6799999999999997,157389156.5,3630570,0,43.72,43.78,43.02,43.85
002316,亚联发展,4.76,-2.0576131687242905,-0.10000000000000053,46031558.0,9565600,0,4.87,4.9,4.76,4.86
002317,众生药业,20.06,2.92457670600308,0.5700000000000003,1490493121.36,74719352,0,19.45,20.35,19.4,19.49
002318,久立特材,27.9,-0.7470651013874097,-0.21000000000000085,384437363.53,13815634,0,28.0,28.08,27.51,28.11
002319,乐通股份,12.02,-1.7170891251022145,-0.21000000000000085,75948977.65,6291610,0,12.22,12.24,11.92,12.23
002320,海峡股份,13.13,4.956035171862518,0.620000000000001,1781466555.93,136292054,0,12.41,13.45,12.38,12.51
002321,华英农业,2.43,1.673640167364018,0.040000000000000036,107234918.8,44543702,0,2.4,2.44,2.37,2.39
002322,理工能科,12.12,-1.1419249592169702,-0.14000000000000057,44028864.49,3611559,0,12.26,12.3,12.08,12.26
002323,雅博股份,1.69,0.5952380952380958,0.010000000000000009,92240732.94,54413826,0,1.69,1.71,1.68,1.68
002324,普利特,14.81,1.1612021857923494,0.16999999999999993,653204104.36,44200003,0,14.64,15.0,14.56,14.64
002326,永太科技,27.06,9.999999999999988,2.4599999999999973,3948585721.83,150089617,0,25.03,27.06,25.02,24.6
002327,富安娜,6.77,-0.14749262536874153,-0.010000000000000675,28263134.32,4171676,0,6.78,6.82,6.74,6.78
002328,新朋股份,6.75,-1.603498542274057,-0.11000000000000032,147670948.04,21777491,0,6.86,6.87,6.72,6.86
002329,皇氏集团,4.51,3.2036613272311136,0.13999999999999968,633393237.07,142116231,0,4.36,4.66,4.26,4.37
002330,得利斯,5.2,0.19267822736030416,0.009999999999999787,281112699.65,53563301,0,5.18,5.46,5.11,5.19
002331,皖通科技,9.01,-0.4419889502762533,-0.040000000000000924,74697359.2,8258120,0,9.05,9.15,8.96,9.05
002332,仙琚制药,9.09,0.11013215859030602,0.009999999999999787,74111587.2,8153989,0,9.09,9.13,9.06,9.08
002333,罗普斯金,5.81,-0.3430531732418604,-0.020000000000000462,54056736.0,9285400,0,5.86,5.87,5.76,5.83
002334,英威腾,8.93,-0.777777777777781,-0.07000000000000028,210888836.32,23490943,0,9.01,9.08,8.89,9.0
002335,科华数据,55.92,-1.2014134275618369,-0.6799999999999997,1235089652.67,22035723,0,56.43,56.7,55.5,56.6
002336,人乐退,0.36,0.0,0.0,4577505.0,12554917,0,0.36,0.38,0.35,0.36
002337,赛象科技,6.49,-1.3677811550151953,-0.08999999999999986,151790464.65,23274415,0,6.58,6.64,6.44,6.58
002338,奥普光电,60.95,3.5507985049269513,2.0900000000000034,1151944258.85,19202862,0,59.35,64.0,57.19,58.86
002339,积成电子,9.11,-0.5458515283842873,-0.05000000000000071,328395626.29,35869639,0,9.12,9.3,9.01,9.16
002340,格林美,8.01,0.7547169811320705,0.05999999999999961,1060966161.48,132243361,0,8.0,8.1,7.96,7.95
002342,巨力索具,8.17,6.797385620915026,0.5199999999999996,1909028759.25,233512287,0,7.65,8.42,7.49,7.65
002343,慈文传媒,7.04,0.14224751066856028,0.009999999999999787,89200161.05,12660035,0,7.03,7.08,7.0,7.03
002344,海宁皮城,4.96,1.0183299389002,0.04999999999999982,124586113.14,25216662,0,4.9,4.98,4.89,4.91
002345,潮宏基,12.81,0.3132341425215421,0.040000000000000924,121607277.24,9546899,0,12.65,12.85,12.58,12.77
002346,柘中股份,20.49,4.434250764525981,0.8699999999999974,398067533.02,19503642,0,20.01,21.03,19.62,19.62
002347,泰尔股份,9.3,10.059171597633155,0.8500000000000014,868241145.16,94761134,0,9.29,9.3,8.68,8.45
002348,高乐股份,5.8,0.0,0.0,129123387.0,22226200,0,5.8,5.88,5.73,5.8
002349,精华制药,7.37,-0.6738544474393507,-0.04999999999999982,64998563.4,8798991,0,7.4,7.44,7.34,7.42
002350,北京科锐,8.35,-1.0663507109004722,-0.08999999999999986,93280432.0,11174850,0,8.41,8.5,8.25,8.44
002351,漫步者,12.2,-0.48939641109298937,-0.0600000000000005,74162422.52,6070426,0,12.23,12.28,12.16,12.26
002352,顺丰控股,38.49,0.5485893416927922,0.21000000000000085,708345021.2,18400221,0,38.28,38.62,38.23,38.28
002353,杰瑞股份,75.13,6.130809436361052,4.339999999999989,2176422174.41,29238243,0,72.8,77.7,69.8,70.79
002354,天娱数科,6.23,-0.16025641025640683,-0.009999999999999787,214265641.41,34325197,0,6.26,6.28,6.18,6.24
002355,兴民智通,6.22,-1.112877583465823,-0.07000000000000028,236912063.0,38072000,0,6.23,6.36,6.15,6.29
002356,赫美集团,4.23,0.23696682464456578,0.010000000000000675,608709203.66,144110742,0,4.23,4.33,4.15,4.22
002357,富临运业,10.6,5.158730158730155,0.5199999999999996,186548813.6,18000490,0,10.05,10.67,10.04,10.08
002358,森源电气,5.63,-1.0544815465729436,-0.0600000000000005,166920727.52,29652496,0,5.69,5.69,5.57,5.69
002360,同德化工,4.91,-0.6072874493927175,-0.03000000000000025,48867953.0,9872800,0,4.93,5.02,4.9,4.94
002361,神剑股份,13.17,10.025062656641598,1.1999999999999993,167056129.32,12684596,0,13.17,13.17,13.17,11.97
002362,汉王科技,20.92,-0.23843586075344378,-0.04999999999999716,75657104.58,3612253,0,20.91,21.08,20.78,20.97
002363,隆基机械,11.34,9.990300678952467,1.0299999999999994,1218617029.49,108639143,0,10.8,11.34,10.53,10.31
002364,中恒电气,26.92,-0.3332099222510176,-0.08999999999999986,1088012731.67,40330556,0,27.01,27.3,26.52,27.01
002365,永安药业,15.19,-0.5239030779305833,-0.08000000000000007,64041866.0,4204500,0,15.32,15.32,15.15,15.27
002366,融发核电,7.5,0.671140939597313,0.04999999999999982,679983866.4,90854962,0,7.41,7.6,7.35,7.45
002367,康力电梯,7.47,-1.321003963011896,-0.10000000000000053,56115902.0,7483800,0,7.57,7.61,7.44,7.57
002368,太极股份,24.47,0.49281314168376766,0.11999999999999744,222094201.11,9068759,0,24.2,24.7,24.19,24.35
002369,卓翼科技,8.78,1.2687427912341342,0.10999999999999943,234265093.84,26879036,0,8.67,8.84,8.61,8.67
002370,亚太药业,7.6,0.795755968169756,0.05999999999999961,318298442.46,41875510,0,7.48,7.75,7.43,7.54
002371,北方华创,459.01,-2.9987320371935753,-14.189999999999998,3745765256.05,8113725,0,472.1,473.15,456.39,473.2
002372,伟星新材,10.77,-1.373626373626377,-0.15000000000000036,82580920.79,7635218,0,10.9,10.92,10.76,10.92
002373,千方科技,11.95,1.357082273112809,0.16000000000000014,623090687.15,52458840,0,11.76,12.05,11.65,11.79
002374,中锐股份,3.76,-2.0833333333333353,-0.08000000000000007,473165499.69,123479019,0,3.9,3.95,3.76,3.84
002375,亚厦股份,3.87,2.110817941952509,0.08000000000000007,120232599.64,30782358,0,3.78,4.0,3.78,3.79
002376,新北洋,7.55,-0.527009222661397,-0.040000000000000036,62464043.28,8279239,0,7.58,7.6,7.48,7.59
002377,国创高新,2.89,0.6968641114982584,0.020000000000000018,39805787.24,13806148,0,2.87,2.9,2.86,2.87
002378,章源钨业,15.25,5.976372480889502,0.8599999999999994,1776828727.26,118618283,0,14.59,15.7,14.36,14.39
002379,宏创控股,23.85,5.158730158730166,1.1700000000000017,487043413.84,20723588,0,22.85,24.05,22.63,22.68
002380,科远智慧,27.05,-1.1691633175009144,-0.3200000000000003,103386049.0,3795400,0,27.3,27.58,26.91,27.37
002381,双箭股份,6.63,-0.7485029940119734,-0.04999999999999982,32909895.0,4916000,0,6.68,6.76,6.62,6.68
002382,蓝帆医疗,5.47,-0.3642987249544711,-0.020000000000000462,37563736.11,6861481,0,5.49,5.52,5.45,5.49
002383,合众思壮,11.84,0.8517887563884127,0.09999999999999964,1626031800.61,135489509,0,11.83,12.45,11.69,11.74
002384,东山精密,85.49,-0.4541220307405689,-0.39000000000000057,3696852844.25,43667810,0,84.78,86.6,83.3,85.88
002385,大北农,4.01,0.24999999999999467,0.009999999999999787,289217048.93,72219771,0,4.0,4.02,3.99,4.0
002386,天原股份,5.58,1.8248175182481685,0.09999999999999964,149671104.25,26723549,0,5.53,5.73,5.53,5.48
002387,维信诺,8.58,-0.3484320557491215,-0.02999999999999936,84952653.51,9908173,0,8.59,8.6,8.54,8.61
002388,ST新亚,6.4,0.9463722397476418,0.0600000000000005,123261087.0,19372400,0,6.37,6.45,6.28,6.34
002389,航天彩虹,23.74,-1.0833333333333397,-0.26000000000000156,935885425.3,39342799,0,24.0,24.13,23.48,24.0
002390,信邦制药,3.29,0.0,0.0,89569666.84,27271196,0,3.29,3.3,3.27,3.29
002391,长青股份,5.95,-0.8333333333333304,-0.04999999999999982,33769140.0,5675050,0,6.0,6.01,5.9,6.0
002392,北京利尔,7.64,-0.9079118028534408,-0.07000000000000028,78698128.0,10281900,0,7.71,7.76,7.58,7.71
002393,力生制药,21.32,0.7085498346716985,0.14999999999999858,74258279.8,3489745,0,21.16,21.43,21.02,21.17
002394,联发股份,16.0,0.0,0.0,290417343.0,18090441,0,15.9,16.35,15.74,16.0
002395,双象股份,16.54,-0.6606606606606573,-0.10999999999999943,35452063.84,2133000,0,16.65,16.75,16.5,16.65
002396,星网锐捷,29.73,2.024708304735758,0.5899999999999999,498894515.34,16938695,0,29.0,30.04,28.74,29.14
002397,梦洁股份,4.0,-3.1476997578692467,-0.1299999999999999,129774955.0,32256600,0,4.13,4.13,3.96,4.13
002398,垒知集团,6.1,-1.7713365539452548,-0.11000000000000032,234221021.93,38308664,0,6.18,6.21,6.04,6.21
002399,海普瑞,12.03,0.16652789342214466,0.019999999999999574,35321362.4,2941460,0,12.04,12.09,11.92,12.01
002400,省广集团,8.36,1.9512195121951237,0.16000000000000014,1087779335.47,130885645,0,8.18,8.41,8.15,8.2
002401,中远海科,15.92,-0.25062656641604586,-0.040000000000000924,66717241.6,4196183,0,15.99,16.0,15.79,15.96
002402,和而泰,40.38,2.9051987767584113,1.1400000000000006,3012096599.19,74711241,0,39.34,40.82,39.16,39.24
002403,爱仕达,12.35,-1.357827476038338,-0.16999999999999993,44236445.0,3575400,0,12.51,12.52,12.28,12.52
002404,嘉欣丝绸,7.06,-2.351313969571242,-0.17000000000000082,94578078.8,13315840,0,7.19,7.2,7.05,7.23
002405,四维图新,9.05,1.230425055928425,0.11000000000000121,553064067.47,61194923,0,8.9,9.15,8.87,8.94
002406,远东传动,7.86,-0.8827238335434981,-0.0699999999999994,159208911.8,20292095,0,7.89,7.91,7.79,7.93
002407,多氟多,36.95,8.294255568581493,2.8300000000000054,9592575553.39,266276169,0,35.11,37.53,34.56,34.12
002408,齐翔腾达,4.9,0.0,0.0,73429095.26,15013037,0,4.89,4.93,4.86,4.9
002409,雅克科技,74.02,-0.777479892761392,-0.5799999999999983,724495150.96,9732605,0,74.91,75.48,73.5,74.6
002410,广联达,12.47,0.5645161290322603,0.07000000000000028,230156387.67,18444093,0,12.4,12.56,12.34,12.4
002412,汉森制药,6.65,-1.188707280832096,-0.08000000000000007,34809630.2,5200860,0,6.7,6.75,6.64,6.73
002413,雷科防务,9.43,0.21253985122209962,0.019999999999999574,3344568554.17,351680875,0,9.45,9.71,9.31,9.41
002414,高德红外,15.14,-0.3291639236339627,-0.049999999999998934,1386816390.24,91711963,0,15.22,15.34,14.97,15.19
002415,海康威视,29.82,0.6412419844751983,0.19000000000000128,1197977495.93,40172140,0,29.62,30.03,29.56,29.63
002416,爱施德,12.16,0.3300330033003377,0.040000000000000924,224584389.16,18413806,0,12.11,12.32,12.09,12.12
002418,康盛股份,4.94,-1.984126984126977,-0.09999999999999964,515870088.68,103729800,0,4.99,5.07,4.91,5.04
002419,天虹股份,5.75,-0.6908462867012095,-0.040000000000000036,192050055.3,33123478,0,5.75,5.89,5.73,5.79
002420,毅昌科技,7.86,-6.761565836298926,-0.5699999999999994,471870400.87,60110837,0,8.38,8.38,7.59,8.43
002421,达实智能,2.85,5.16605166051661,0.14000000000000012,448787909.48,157419365,0,2.71,2.97,2.7,2.71
002422,科伦药业,29.28,-3.937007874015746,-1.1999999999999993,933743087.35,31566606,0,30.48,30.57,28.99,30.48
002423,中粮资本,11.84,-0.5877413937867363,-0.07000000000000028,211735652.8,17839687,0,11.86,11.95,11.77,11.91
002424,ST百灵,4.59,-4.968944099378887,-0.2400000000000002,391167338.31,84931432,0,4.61,4.8,4.59,4.83
002425,凯撒文化,3.63,-1.8918918918918997,-0.07000000000000028,74396746.0,20340500,0,3.68,3.7,3.62,3.7
002426,胜利精密,3.87,7.202216066482,0.26000000000000023,1634462851.52,430347983,0,3.6,3.95,3.58,3.61
002427,尤夫股份,6.76,1.046337817638257,0.0699999999999994,403201094.47,59101189,0,6.66,7.05,6.63,6.69
002428,云南锗业,30.87,-0.25848142164781357,-0.0799999999999983,1441055654.1,46900686,0,30.84,31.42,30.18,30.95
002429,兆驰股份,7.81,4.2723631508678155,0.3199999999999994,1284945439.97,163760255,0,7.47,8.08,7.47,7.49
002430,杭氧股份,30.98,0.2588996763754105,0.08000000000000185,781164899.69,25300659,0,30.85,31.33,30.28,30.9
002431,棕榈股份,2.44,0.0,0.0,62552091.59,25690827,0,2.43,2.45,2.41,2.44
002432,九安医疗,40.75,-0.07356547327121415,-0.030000000000001137,203698289.1,4996685,0,40.53,40.97,40.5,40.78
002434,万里扬,9.38,-0.7407407407407249,-0.06999999999999851,137014197.81,14591443,0,9.45,9.47,9.3,9.45
002436,兴森科技,21.55,2.9622551361681846,0.620000000000001,2768412401.88,128972230,0,21.0,22.33,20.55,20.93
002437,誉衡药业,3.11,-0.6389776357827481,-0.020000000000000018,103470196.4,33174195,0,3.14,3.14,3.1,3.13
002438,江苏神通,15.8,-0.5037783375314866,-0.08000000000000007,338369912.66,21396522,0,16.0,16.06,15.53,15.88
002439,启明星辰,14.14,0.7122507122507225,0.10000000000000142,186971931.31,13182116,0,14.03,14.32,13.98,14.04
002440,闰土股份,7.69,-0.7741935483870918,-0.05999999999999961,70185427.74,9151599,0,7.72,7.77,7.59,7.75
002441,众业达,9.32,0.3229278794402706,0.030000000000001137,77483191.03,8316600,0,9.3,9.39,9.26,9.29
002442,龙星科技,6.35,-0.7812500000000111,-0.05000000000000071,36316089.0,5696600,0,6.43,6.43,6.33,6.4
002443,金洲管道,8.47,-1.8539976825028983,-0.16000000000000014,127374203.74,14942292,0,8.64,8.65,8.42,8.63
002444,巨星科技,33.28,-0.6567164179104443,-0.21999999999999886,376176042.22,11266788,0,33.5,33.6,33.12,33.5
002445,中南文化,2.67,1.136363636363629,0.029999999999999805,209691000.6,79134100,0,2.63,2.69,2.61,2.64
002446,盛路通信,10.39,-3.3488372093023204,-0.35999999999999943,1929918107.83,184128506,0,10.75,10.75,10.28,10.75
002448,中原内配,12.93,-1.5981735159817416,-0.21000000000000085,243723837.0,18765050,0,13.05,13.14,12.85,13.14
002449,国星光电,8.43,-0.47225501770957407,-0.040000000000000924,64484245.64,7635982,0,8.45,8.5,8.38,8.47
002451,摩恩电气,10.47,1.947419668938667,0.20000000000000107,587713524.51,56248720,0,10.35,10.65,10.22,10.27
002452,长高电新,8.27,-0.9580838323353302,-0.08000000000000007,107866933.73,13012541,0,8.36,8.36,8.22,8.35
002453,华软科技,6.67,0.9077155824508262,0.05999999999999961,165700533.0,25033900,0,6.61,6.7,6.51,6.61
002454,松芝股份,8.81,-0.5643340857787691,-0.049999999999998934,72938538.8,8261513,0,8.86,8.92,8.76,8.86
002455,百川股份,6.97,2.499999999999999,0.16999999999999993,264371560.66,37866286,0,6.81,7.09,6.81,6.8
002456,欧菲光,10.65,-0.3741814780168302,-0.03999999999999915,561783748.71,52491104,0,10.7,10.79,10.61,10.69
002457,青龙管业,10.7,-0.27958993476235916,-0.030000000000001137,46703606.0,4364500,0,10.75,10.75,10.66,10.73
002458,益生股份,8.46,0.0,0.0,45534901.27,5373680,0,8.42,8.51,8.42,8.46
002459,晶澳科技,11.82,1.633705932932068,0.1899999999999995,788514810.11,66067815,0,11.96,12.1,11.78,11.63
002460,赣锋锂业,68.57,3.6897021019204566,2.4399999999999977,5377061637.93,78619986,0,67.75,69.78,67.27,66.13
002461,珠江啤酒,9.57,-0.8290155440414514,-0.08000000000000007,58415058.83,6094037,0,9.63,9.66,9.55,9.65
002462,嘉事堂,15.11,-0.2640264026402701,-0.040000000000000924,100434447.0,6654500,0,15.15,15.33,14.91,15.15
002463,沪电股份,71.78,-0.9110988404196529,-0.6599999999999966,2974878508.99,41455983,0,72.3,73.33,70.59,72.44
002465,海格通信,13.95,1.899196493791087,0.2599999999999998,2095827108.42,150882678,0,13.69,14.16,13.62,13.69
002466,天齐锂业,57.93,4.321988114532682,2.3999999999999986,5467246806.14,94496798,0,57.5,58.88,57.0,55.53
002467,二六三,5.98,0.33557046979866545,0.020000000000000462,207649171.56,34702538,0,5.97,6.04,5.92,5.96
002468,申通快递,14.0,-1.7543859649122806,-0.25,208949921.69,14822905,0,14.26,14.26,13.94,14.25
002469,三维化学,8.37,-0.9467455621301784,-0.08000000000000007,87211182.0,10401500,0,8.45,8.45,8.33,8.45
002470,金正大,1.79,0.5617977528089892,0.010000000000000009,83519665.0,46551500,0,1.78,1.81,1.78,1.78
002471,中超控股,6.26,10.01757469244287,0.5699999999999994,2607033557.9,427665983,0,5.86,6.26,5.72,5.69
002472,双环传动,44.39,-0.47085201793722165,-0.21000000000000085,1026928184.96,23272769,0,45.12,45.12,43.48,44.6
002474,榕基软件,9.77,0.9297520661157012,0.08999999999999986,973325642.3,99132298,0,9.6,10.05,9.55,9.68
002475,立讯精密,58.4,-1.7331314151102155,-1.0300000000000011,4354917584.27,74266500,0,59.18,59.2,58.37,59.43
002476,宝莫股份,6.71,5.172413793103449,0.33000000000000007,345838602.34,52581693,0,6.41,6.78,6.37,6.38
002478,常宝股份,9.08,2.94784580498866,0.2599999999999998,520633099.4,57737146,0,8.77,9.26,8.71,8.82
002479,富春环保,4.93,0.0,0.0,37026030.0,7491200,0,4.95,4.97,4.91,4.93
002480,新筑股份,6.43,-0.6182380216383313,-0.040000000000000036,49582621.68,7690766,0,6.45,6.52,6.37,6.47
002481,双塔食品,5.25,-0.7561436672967871,-0.040000000000000036,66775062.25,12669905,0,5.31,5.31,5.24,5.29
002482,广田集团,1.73,0.0,0.0,65034264.93,37506221,0,1.73,1.75,1.72,1.73
002483,润邦股份,7.11,0.28208744710861017,0.020000000000000462,82210475.72,11548548,0,7.07,7.17,7.05,7.09
002484,江海股份,29.93,-1.6107823800131558,-0.490000000000002,764339245.06,25315761,0,30.9,31.87,29.61,30.42
002485,ST雪发,3.9,-1.0152284263959401,-0.040000000000000036,17938794.0,4537900,0,3.94,4.0,3.9,3.94
002486,嘉麟杰,3.15,-1.2539184952978069,-0.040000000000000036,65920272.0,20844500,0,3.18,3.19,3.14,3.19
002487,大金重工,52.58,0.84388185654008,0.4399999999999977,714206121.24,13589653,0,52.14,53.3,51.8,52.14
002488,金固股份,8.8,1.7341040462427786,0.15000000000000036,575367003.44,65470027,0,8.71,8.93,8.61,8.65
002489,浙江永强,4.01,-0.4962779156327658,-0.020000000000000462,135515352.44,33877053,0,4.02,4.04,3.96,4.03
002490,山东墨龙,6.62,1.3782542113323102,0.08999999999999986,170769866.0,25939900,0,6.53,6.65,6.49,6.53
002491,通鼎互联,6.34,-1.5527950310559087,-0.10000000000000053,671480752.03,105426165,0,6.45,6.5,6.26,6.44
002492,恒基达鑫,8.17,2.2528160200250276,0.17999999999999972,140392346.0,17213000,0,7.98,8.3,7.88,7.99
002493,荣盛石化,11.01,1.381215469613263,0.15000000000000036,554767558.15,50413209,0,10.99,11.21,10.87,10.86
002494,华斯股份,5.36,-0.9242144177449136,-0.04999999999999982,40428737.0,7504700,0,5.39,5.45,5.33,5.41
002495,佳隆股份,2.79,0.0,0.0,65484316.0,23428300,0,2.78,2.81,2.78,2.79
002496,*ST辉丰,1.78,0.56497175141243,0.010000000000000009,32172107.0,17961500,0,1.76,1.82,1.76,1.77
002497,雅化集团,26.25,6.490872210953352,1.6000000000000014,1601652417.36,61898894,0,25.38,26.5,25.02,24.65
002498,汉缆股份,3.89,0.5167958656330753,0.020000000000000018,151255701.9,38999270,0,3.87,3.92,3.84,3.87
002500,山西证券,6.12,0.1636661211129261,0.009999999999999787,167923985.45,27384057,0,6.11,6.17,6.09,6.11
002501,利源股份,2.53,2.429149797570834,0.05999999999999961,342225913.51,135701333,0,2.49,2.58,2.47,2.47
002506,协鑫集成,2.93,10.150375939849624,0.27,1284197312.62,447574371,0,2.71,2.93,2.71,2.66
002507,涪陵榨菜,13.06,-0.7598784194528849,-0.09999999999999964,147006917.86,11222654,0,13.25,13.25,13.03,13.16
002508,老板电器,19.5,0.0,0.0,96373670.84,4945680,0,19.5,19.57,19.39,19.5
002510,天汽模,7.27,-2.1534320323014824,-0.16000000000000014,535437206.14,73345541,0,7.37,7.46,7.17,7.43
002511,中顺洁柔,8.34,1.4598540145985306,0.11999999999999922,253598456.33,30282924,0,8.24,8.58,8.2,8.22
002512,达华智能,6.56,7.36497545008182,0.4499999999999993,2076600566.07,315482587,0,6.19,6.72,6.06,6.11
002513,蓝丰生化,6.91,0.8759124087591315,0.0600000000000005,148600695.0,21571100,0,6.82,7.02,6.77,6.85
002514,宝馨科技,6.14,-0.967741935483879,-0.0600000000000005,126715225.0,20557100,0,6.21,6.25,6.1,6.2
002515,金字火腿,6.16,-1.123595505617982,-0.07000000000000028,172755150.71,28013823,0,6.22,6.22,6.14,6.23
002516,旷达科技,6.66,1.369863013698628,0.08999999999999986,144232146.1,21698344,0,6.55,6.74,6.53,6.57
002517,恺英网络,22.35,1.268690530131405,0.28000000000000114,933344453.53,41694389,0,22.08,22.6,22.0,22.07
002518,科士达,49.9,-2.424716464606965,-1.240000000000002,674496969.48,13550979,0,50.51,50.55,49.01,51.14
002519,银河电子,6.25,2.2913256955810093,0.13999999999999968,1104417561.51,177163535,0,6.11,6.42,6.04,6.11
002520,日发精机,6.17,-1.2800000000000011,-0.08000000000000007,204825936.9,33094469,0,6.25,6.27,6.11,6.25
002521,齐峰新材,8.44,-1.9744483159117299,-0.16999999999999993,45021489.08,5295348,0,8.62,8.64,8.43,8.61
002522,浙江众成,5.53,-1.776198934280633,-0.09999999999999964,361758677.65,65433496,0,5.61,5.65,5.45,5.63
002523,天桥起重,4.35,-0.6849315068493208,-0.03000000000000025,206833866.1,47617347,0,4.36,4.38,4.29,4.38
002524,光正眼科,4.2,-0.7092198581560342,-0.03000000000000025,46327804.0,10961200,0,4.26,4.27,4.18,4.23
002526,山东矿机,3.57,-1.1080332409972309,-0.040000000000000036,107672818.69,30100017,0,3.6,3.6,3.54,3.61
002527,新时达,15.34,1.054018445322794,0.16000000000000014,457551442.7,29858865,0,15.21,15.7,15.1,15.18
002528,ST英飞拓,2.86,-1.0380622837370328,-0.03000000000000025,18052620.0,6296400,0,2.87,2.89,2.85,2.89
002529,*ST海源,6.9,-1.4285714285714235,-0.09999999999999964,21339918.0,3075400,0,6.99,6.99,6.88,7.0
002530,金财互联,10.32,0.5847953216374318,0.0600000000000005,256346473.96,24916808,0,10.18,10.36,10.17,10.26
002531,天顺风能,6.88,0.14556040756913807,0.009999999999999787,125232074.6,18234500,0,6.86,6.9,6.82,6.87
002532,天山铝业,15.54,3.9464882943143804,0.5899999999999999,843562712.22,54717876,0,14.95,15.76,14.85,14.95
002533,金杯电工,12.71,-0.7031249999999989,-0.08999999999999986,249095775.88,19644741,0,12.81,12.88,12.51,12.8
002534,西子洁能,17.8,1.4245014245014245,0.25,288047828.0,16195050,0,17.48,18.08,17.38,17.55
002535,林州重机,3.99,4.177545691906008,0.16000000000000014,301095056.32,73504104,0,3.83,4.21,3.79,3.83
002536,飞龙股份,30.92,-7.839046199701924,-2.6299999999999955,4372370915.15,137918777,0,32.94,33.4,30.7,33.55
002537,海联金汇,8.96,6.287069988137617,0.5300000000000011,1807823051.89,199619020,0,8.35,9.27,8.32,8.43
002538,司尔特,6.62,1.3782542113323102,0.08999999999999986,99128964.0,15101700,0,6.51,6.64,6.5,6.53
002539,云图控股,11.94,1.7035775127768253,0.1999999999999993,232538521.0,19635000,0,11.71,11.97,11.68,11.74
002540,亚太科技,7.05,0.5706134094151218,0.040000000000000036,224672246.85,31855255,0,7.01,7.12,6.94,7.01
002541,鸿路钢构,16.09,-1.8303843807199554,-0.3000000000000007,124309188.89,7670751,0,16.39,16.49,16.02,16.39
002542,中化岩土,3.38,-0.8797653958944354,-0.03000000000000025,72189097.0,21330100,0,3.43,3.44,3.36,3.41
002543,万和电气,10.08,-0.884955752212388,-0.08999999999999986,95587043.4,9460204,0,10.13,10.19,10.06,10.17
002544,普天科技,33.26,2.3384615384615324,0.759999999999998,1554788461.05,47191954,0,32.35,34.04,32.1,32.5
002545,东方铁塔,17.97,1.468097120271022,0.259999999999998,212276359.42,11911231,0,17.79,18.1,17.47,17.71
002546,新联电子,7.05,-1.2605042016806705,-0.08999999999999986,159495955.0,22555100,0,7.14,7.15,7.0,7.14
002547,春兴精工,4.64,-0.8547008547008554,-0.040000000000000036,122482071.63,26369723,0,4.65,4.68,4.6,4.68
002548,金新农,6.06,5.9440559440559415,0.33999999999999986,386476162.4,65152269,0,5.69,6.12,5.66,5.72
002549,凯美特气,21.64,-3.608017817371932,-0.8099999999999987,1439039026.14,65883804,0,22.13,22.27,21.6,22.45
002550,千红制药,7.94,-0.37641154328731946,-0.02999999999999936,87481230.0,11009000,0,7.98,8.0,7.91,7.97
002551,尚荣医疗,3.7,-1.0695187165775408,-0.040000000000000036,30448178.89,8193301,0,3.74,3.75,3.69,3.74
002552,宝鼎科技,16.97,-0.1764705882353008,-0.030000000000001137,96876563.0,5665900,0,17.05,17.29,16.93,17.0
002553,南方精工,26.75,-1.3279232755440775,-0.35999999999999943,334566149.18,12449913,0,27.06,27.22,26.59,27.11
002554,惠博普,3.39,0.5934718100890213,0.020000000000000018,121331648.0,35973100,0,3.37,3.4,3.32,3.37
002555,三七互娱,22.63,0.5777777777777733,0.129999999999999,943722968.73,41772849,0,22.55,22.91,22.3,22.5
002556,辉隆股份,6.13,0.8223684210526285,0.04999999999999982,128147625.5,20875450,0,6.03,6.21,6.03,6.08
002557,洽洽食品,22.0,0.0,0.0,104693052.01,4790702,0,21.99,22.02,21.75,22.0
002558,巨人网络,46.06,0.1086720278200484,0.05000000000000426,1175218632.87,25524064,0,45.5,46.5,45.31,46.01
002559,亚威股份,9.98,-1.285855588526202,-0.129999999999999,140436915.5,13996700,0,10.08,10.13,9.97,10.11
002560,通达股份,10.21,-4.311152764761004,-0.4599999999999991,1332908991.05,130761067,0,10.59,10.62,9.97,10.67
002561,徐家汇,9.24,-0.645161290322586,-0.0600000000000005,138833726.08,14910678,0,9.28,9.43,9.2,9.3
002562,兄弟科技,6.31,-2.018633540372683,-0.13000000000000078,190558820.0,29963700,0,6.45,6.46,6.3,6.44
002563,森马服饰,5.52,0.9140767824497225,0.04999999999999982,159361733.28,29027166,0,5.46,5.55,5.44,5.47
002564,天沃科技,7.75,4.166666666666661,0.3099999999999996,330535463.64,41911451,0,7.46,8.09,7.46,7.44
002565,顺灏股份,15.69,0.8354755784061632,0.129999999999999,5532704668.06,348892084,0,15.61,16.43,15.22,15.56
002566,益盛药业,7.71,-1.4066496163682904,-0.11000000000000032,47619388.75,6137400,0,7.83,7.84,7.7,7.82
002567,唐人神,4.41,0.4555808656036552,0.020000000000000462,73503218.76,16724202,0,4.4,4.42,4.37,4.39
002568,百润股份,21.47,-0.6018518518518636,-0.13000000000000256,100422989.32,4672448,0,21.55,21.63,21.4,21.6
002569,*ST步森,11.82,0.0,0.0,83064490.25,6900399,0,12.41,12.41,11.65,11.82
002570,贝因美,6.17,-0.4838709677419395,-0.03000000000000025,195128661.83,31602891,0,6.18,6.2,6.16,6.2
002571,德力股份,10.56,10.000000000000009,0.9600000000000009,298378995.37,29331716,0,9.69,10.56,9.6,9.6
002572,索菲亚,13.72,0.6603081438004391,0.08999999999999986,90198697.42,6589600,0,13.63,13.76,13.59,13.63
002573,清新环境,3.78,-0.7874015748031562,-0.03000000000000025,16382782.0,4317800,0,3.8,3.82,3.78,3.81
002574,明牌珠宝,5.68,0.0,0.0,58264272.0,10180700,0,5.67,5.78,5.67,5.68
002575,群兴玩具,6.2,0.16155088852988345,0.009999999999999787,150153949.2,24243549,0,6.18,6.29,6.14,6.19
002576,通达动力,16.99,-0.932944606413995,-0.16000000000000014,55096412.0,3221700,0,17.11,17.3,16.93,17.15
002577,雷柏科技,17.75,-1.2791991101223605,-0.23000000000000043,34325509.0,1927500,0,17.98,17.98,17.65,17.98
002578,闽发铝业,4.8,4.347826086956526,0.20000000000000018,756117577.0,158721000,0,4.6,5.05,4.53,4.6
002579,中京电子,11.79,-1.9134775374376074,-0.23000000000000043,398958709.18,33738966,0,12.0,12.0,11.67,12.02
002580,圣阳股份,12.62,0.0,0.0,97146117.62,7672203,0,12.62,12.75,12.56,12.62
002581,ST未名,7.62,-1.423027166882281,-0.11000000000000032,30703759.0,4021800,0,7.68,7.71,7.5,7.73
002582,好想你,10.68,-0.2801120448179378,-0.030000000000001137,151271906.0,14164500,0,10.69,10.76,10.59,10.71
002583,海能达,11.55,-2.8595458368376776,-0.33999999999999986,1365158875.27,117877562,0,11.68,11.81,11.4,11.89
002584,西陇科学,9.33,-2.7111574556830007,-0.2599999999999998,393421843.0,42028800,0,9.52,9.59,9.26,9.59
002585,双星新材,6.75,0.0,0.0,322966868.92,48161491,0,6.73,6.8,6.61,6.75
002586,ST围海,4.29,0.704225352112682,0.03000000000000025,50368868.26,11740952,0,4.28,4.33,4.24,4.26
002587,奥拓电子,6.73,-0.29629629629629,-0.019999999999999574,103074125.0,15294300,0,6.72,6.82,6.66,6.75
002588,史丹利,9.81,0.20429009193055517,0.02000000000000135,50580323.9,5157000,0,9.79,9.86,9.75,9.79
002589,瑞康医药,3.4,-1.1627906976744196,-0.040000000000000036,299846898.13,88004600,0,3.42,3.46,3.38,3.44
002590,万安科技,14.86,-0.5354752342704155,-0.08000000000000007,385783830.76,25790506,0,14.94,15.28,14.72,14.94
002591,恒大高新,7.45,10.044313146233392,0.6800000000000006,91031390.0,12445200,0,6.77,7.45,6.72,6.77
002592,ST八菱,7.79,1.3003901170351058,0.09999999999999964,98067110.0,12522300,0,7.69,8.02,7.65,7.69
002593,日上集团,6.33,-2.012383900928791,-0.1299999999999999,549942158.0,87188900,0,6.39,6.43,6.2,6.46
002594,比亚迪,100.01,5.451286377056096,5.170000000000002,10178557961.83,102095895,0,95.28,101.45,95.25,94.84
002595,豪迈科技,84.84,0.7242075270093784,0.6099999999999994,264877508.12,3131336,0,84.23,85.5,83.33,84.23
002596,海南瑞泽,5.94,2.5906735751295398,0.15000000000000036,1849831891.22,304605264,0,5.86,6.34,5.86,5.79
002597,金禾实业,21.58,1.6007532956685493,0.33999999999999986,234705873.58,10941639,0,21.17,21.7,21.08,21.24
002598,山东章鼓,10.7,-1.654411764705896,-0.1800000000000015,62435701.0,5800000,0,10.87,10.88,10.68,10.88
002599,盛通股份,8.23,0.9815950920245406,0.08000000000000007,178977544.18,21666468,0,8.15,8.44,8.12,8.15
002600,领益智造,15.4,-2.7777777777777746,-0.4399999999999995,3424978991.8,221466086,0,15.8,15.84,15.21,15.84
002601,龙佰集团,19.23,0.8919202518363154,0.1700000000000017,399703379.71,20737358,0,19.16,19.5,19.12,19.06
002602,世纪华通,17.12,-1.2117714945181612,-0.2099999999999973,2017846022.21,118057214,0,17.33,17.4,16.89,17.33
002603,以岭药业,17.34,-0.1727115716753088,-0.030000000000001137,198212168.95,11411657,0,17.3,17.45,17.27,17.37
002605,姚记科技,23.58,-0.6321112515802871,-0.15000000000000213,100462020.0,4247300,0,23.8,23.86,23.42,23.73
002606,大连电瓷,8.99,-0.22197558268589984,-0.019999999999999574,59878957.65,6653365,0,9.08,9.08,8.92,9.01
002607,中公教育,2.7,0.0,0.0,352885276.66,130611198,0,2.69,2.72,2.68,2.7
002608,江苏国信,7.76,0.0,0.0,145052885.75,18696741,0,7.76,7.79,7.73,7.76
002609,捷顺科技,9.19,-0.43336944745396444,-0.040000000000000924,49468961.0,5379000,0,9.23,9.26,9.13,9.23
002611,东方精工,18.43,-2.4867724867724808,-0.46999999999999886,1485310570.87,80435334,0,18.69,18.7,18.26,18.9
002612,朗姿股份,19.82,0.15159171298636248,0.030000000000001137,175787190.94,8872810,0,19.79,20.05,19.6,19.79
002613,北玻股份,3.78,-0.26385224274406943,-0.010000000000000231,33608433.9,8868150,0,3.79,3.82,3.75,3.79
002614,奥佳华,7.66,-1.4157014157014085,-0.10999999999999943,160541828.1,20929663,0,7.74,7.75,7.61,7.77
002615,哈尔斯,7.74,-1.0230179028133002,-0.08000000000000007,38501222.0,4954925,0,7.83,7.84,7.73,7.82
002616,长青集团,5.53,0.1811594202898673,0.010000000000000675,49477053.2,8939933,0,5.52,5.58,5.49,5.52
002617,露笑科技,7.93,0.12626262626262355,0.009999999999999787,365225332.0,46070400,0,7.88,7.97,7.84,7.92
002620,ST瑞和,5.12,-1.3487475915221634,-0.07000000000000028,16622152.0,3242700,0,5.14,5.2,5.08,5.19
002622,皓宸医疗,3.07,-0.967741935483879,-0.03000000000000025,52941064.0,17156500,0,3.09,3.12,3.06,3.1
002623,亚玛顿,18.65,2.024070021881824,0.36999999999999744,97965504.63,5224051,0,18.45,19.11,18.45,18.28
002624,完美世界,16.34,0.8019740900678531,0.129999999999999,530869737.24,32773081,0,16.22,16.35,15.96,16.21
002625,光启技术,51.35,-0.6961902920131492,-0.35999999999999943,1112699336.21,21523769,0,51.71,52.32,51.2,51.71
002626,金达威,19.85,-0.898652021967048,-0.17999999999999972,171233398.62,8611836,0,19.82,20.05,19.75,20.03
002627,三峡旅游,7.34,-1.2113055181695809,-0.08999999999999986,103876712.18,14150802,0,7.44,7.49,7.27,7.43
002628,成都路桥,4.18,-2.107728337236531,-0.08999999999999986,71883977.4,16992580,0,4.26,4.32,4.17,4.27
002629,仁智股份,7.01,-0.8486562942008555,-0.0600000000000005,57815905.0,8227700,0,7.1,7.12,6.96,7.07
002630,ST华西,2.66,-1.1152416356877253,-0.029999999999999805,40920299.0,15340500,0,2.68,2.69,2.65,2.69
002631,德尔未来,6.4,2.8938906752411677,0.1800000000000006,361153468.39,55857238,0,6.18,6.63,6.17,6.22
002632,道明光学,12.68,1.1164274322169105,0.14000000000000057,568920218.0,44906200,0,12.44,12.82,12.41,12.54
002633,申科股份,16.75,-0.7701421800947809,-0.129999999999999,40875251.47,2432611,0,16.85,16.95,16.65,16.88
002634,棒杰股份,5.15,-2.6465028355387465,-0.13999999999999968,44730335.88,8600504,0,5.33,5.33,5.14,5.29
002635,安洁科技,13.82,-0.7183908045976987,-0.09999999999999964,71798014.03,5183563,0,13.93,13.94,13.76,13.92
002636,金安国纪,17.2,5.134474327628361,0.8399999999999999,779605513.55,45589717,0,16.64,17.83,16.43,16.36
002637,赞宇科技,10.22,-1.5414258188824674,-0.16000000000000014,71496469.52,6955326,0,10.35,10.42,10.13,10.38
002638,勤上股份,3.12,-0.319488817891367,-0.009999999999999787,92854482.06,29883807,0,3.13,3.16,3.05,3.13
002639,雪人集团,20.59,4.147698533131009,0.8200000000000003,6253264902.25,306861046,0,19.34,21.68,19.31,19.77
002640,跨境通,4.6,-3.361344537815129,-0.16000000000000014,866888284.68,187570296,0,4.72,4.72,4.56,4.76
002641,公元股份,4.31,-1.372997711670492,-0.0600000000000005,47885020.2,11048660,0,4.37,4.38,4.29,4.37
002642,荣联科技,8.18,-0.3654080389768713,-0.030000000000001137,96465666.0,11747900,0,8.21,8.28,8.14,8.21
002643,万润股份,15.66,-1.8181818181818128,-0.28999999999999915,789900173.73,50137868,0,16.01,16.13,15.52,15.95
002644,佛慈制药,8.8,-1.785714285714287,-0.16000000000000014,158605214.0,17922700,0,8.96,8.98,8.74,8.96
002645,华宏科技,14.69,-0.40677966101695257,-0.0600000000000005,186124112.94,12648593,0,14.73,14.79,14.56,14.75
002646,天佑德酒,8.87,-1.1148272017837393,-0.10000000000000142,46004295.13,5164470,0,8.93,8.96,8.85,8.97
002647,*ST仁东,7.44,2.7624309392265216,0.20000000000000018,143730655.4,19465666,0,7.29,7.49,7.22,7.24
002648,卫星化学,17.39,-0.22948938611588726,-0.03999999999999915,639203756.42,36678013,0,17.48,17.67,17.25,17.43
002649,博彦科技,12.98,-0.07698229407236172,-0.009999999999999787,101501623.84,7816908,0,12.94,13.06,12.87,12.99
002650,ST加加,6.68,-0.5952380952380958,-0.040000000000000036,28684446.0,4260700,0,6.68,6.86,6.66,6.72
002651,利君股份,11.67,-1.6020236087689672,-0.1899999999999995,306418224.08,26206896,0,11.76,11.83,11.51,11.86
002652,扬子新材,4.42,9.950248756218915,0.40000000000000036,244858244.52,56085497,0,4.2,4.42,4.14,4.02
002653,海思科,52.68,-0.03795066413662832,-0.020000000000003126,115848107.75,2207903,0,53.25,53.25,51.91,52.7
002654,万润科技,14.37,-0.41580041580041927,-0.0600000000000005,553453780.91,38166538,0,14.35,14.74,14.27,14.43
002655,共达电声,12.64,-1.7107309486780626,-0.21999999999999886,162102339.64,12767101,0,12.85,12.85,12.6,12.86
002656,*ST摩登,2.71,-0.7326007326007333,-0.020000000000000018,20116016.0,7407200,0,2.73,2.73,2.7,2.73
002657,中科金财,27.89,0.6132756132756194,0.1700000000000017,604980425.96,21651636,0,27.8,28.3,27.65,27.72
002658,雪迪龙,8.89,-0.224466891133553,-0.019999999999999574,130386013.0,14658400,0,8.96,8.97,8.8,8.91
002659,凯文教育,5.39,-1.2820512820512873,-0.07000000000000028,60637649.0,11182700,0,5.47,5.47,5.38,5.46
002660,茂硕电源,9.4,0.6423982869379069,0.0600000000000005,113654742.0,12057400,0,9.33,9.6,9.3,9.34
002661,克明食品,9.3,-0.4282655246252586,-0.03999999999999915,22393979.8,2400780,0,9.38,9.39,9.29,9.34
002662,峰璟股份,4.02,-0.24813895781639392,-0.010000000000000675,105560556.96,26377152,0,4.03,4.03,3.96,4.03
002663,普邦股份,1.96,0.0,0.0,54108616.26,27650878,0,1.96,1.97,1.94,1.96
002664,信质集团,22.98,-0.3469210754553265,-0.0799999999999983,264974286.74,11417618,0,23.18,23.55,22.87,23.06
002666,德联集团,5.57,1.4571948998178519,0.08000000000000007,263385050.11,47192239,0,5.49,5.75,5.45,5.49
002667,威领股份,13.84,1.839587932303164,0.25,248566918.86,17944181,0,14.01,14.28,13.6,13.59
002668,TCL智家,10.71,-0.9250693802035119,-0.09999999999999964,73501709.2,6859119,0,10.76,10.79,10.66,10.81
002669,康达新材,14.97,-0.5315614617940204,-0.08000000000000007,258044907.0,17253000,0,15.03,15.12,14.75,15.05
002670,国盛证券,17.23,0.760233918128649,0.129999999999999,637666911.16,36786105,0,17.1,17.6,17.03,17.1
002671,龙泉股份,5.34,-0.7434944237918222,-0.040000000000000036,71081250.0,13270000,0,5.38,5.41,5.31,5.38
002672,东江环保,4.8,-0.6211180124223654,-0.03000000000000025,22778948.42,4727819,0,4.83,4.86,4.78,4.83
002673,西部证券,8.04,0.24937655860348598,0.019999999999999574,292108497.38,36245090,0,8.0,8.13,8.0,8.02
002674,兴业科技,13.87,-1.2108262108262104,-0.16999999999999993,62646357.0,4488100,0,14.05,14.17,13.79,14.04
002675,东诚药业,13.53,-1.2408759124087587,-0.16999999999999993,75242389.76,5525132,0,13.7,13.77,13.5,13.7
002676,顺威股份,8.48,0.35502958579883004,0.030000000000001137,232590484.0,27470100,0,8.56,8.62,8.36,8.45
002677,浙江美大,8.46,0.0,0.0,145845315.16,17176889,0,8.48,8.62,8.35,8.46
002678,珠江钢琴,5.29,0.5703422053231987,0.03000000000000025,133795315.0,25378710,0,5.25,5.4,5.17,5.26
002679,福建金森,12.53,-0.3974562798092266,-0.05000000000000071,120427462.0,9639270,0,12.5,12.71,12.3,12.58
002681,奋达科技,6.6,-0.4524886877828092,-0.03000000000000025,208407273.91,31527367,0,6.63,6.66,6.56,6.63
002682,龙洲股份,8.9,-2.0902090209020847,-0.1899999999999995,1348956041.34,152429742,0,8.87,9.12,8.63,9.09
002683,广东宏大,43.93,2.0204366000928875,0.8699999999999974,823031650.96,18681526,0,43.07,44.67,43.07,43.06
002685,华东重机,7.66,-0.7772020725388551,-0.05999999999999961,181464430.4,23653302,0,7.68,7.73,7.61,7.72
002686,亿利达,6.56,-1.204819277108435,-0.08000000000000007,88119670.0,13352600,0,6.63,6.66,6.55,6.64
002687,乔治白,4.94,1.022494887525577,0.05000000000000071,111534063.45,22359399,0,4.87,5.23,4.83,4.89
002688,金河生物,6.05,-0.8196721311475381,-0.04999999999999982,55034084.2,9060405,0,6.11,6.11,6.04,6.1
002689,ST远智,3.26,-1.5105740181268963,-0.050000000000000266,72821630.95,22216018,0,3.3,3.31,3.25,3.31
002690,美亚光电,21.14,-0.6578947368421079,-0.14000000000000057,93507708.04,4416524,0,21.25,21.49,20.98,21.28
002691,冀凯股份,8.95,9.950859950859934,0.8099999999999987,118456514.5,13470090,0,8.13,8.95,8.11,8.14
002692,远程股份,5.19,-1.1428571428571355,-0.05999999999999961,43345483.0,8317100,0,5.25,5.27,5.17,5.25
002693,*ST双成,7.2,2.1276595744680904,0.15000000000000036,84773555.99,11782600,0,7.06,7.38,7.0,7.05
002694,顾地科技,3.82,-0.5208333333333338,-0.020000000000000018,26396407.2,6898240,0,3.83,3.86,3.78,3.84
002695,煌上煌,11.81,-1.1715481171548017,-0.1399999999999988,70131050.4,5914740,0,11.91,11.97,11.77,11.95
002696,百洋股份,7.0,-0.9900990099009941,-0.07000000000000028,43804987.3,6232000,0,7.09,7.1,6.99,7.07
002697,红旗连锁,6.19,-0.16129032258064172,-0.009999999999999787,535145278.56,86037097,0,6.16,6.29,6.13,6.2
002698,博实股份,16.28,-3.8961038961038965,-0.6600000000000001,349309719.93,21369297,0,16.45,16.65,16.15,16.94
002700,万憬能源,6.78,-0.8771929824561345,-0.05999999999999961,22030256.2,3229860,0,6.82,6.87,6.77,6.84
002701,奥瑞金,6.18,0.0,0.0,183516395.68,29822948,0,6.18,6.21,6.11,6.18
002702,海欣食品,8.66,-6.881720430107532,-0.6400000000000006,1232911118.45,139323582,0,9.03,9.26,8.61,9.3
002703,浙江世宝,23.34,9.990574929311975,2.120000000000001,3143564316.56,141275718,0,21.04,23.34,21.04,21.22
002705,新宝股份,14.31,-0.48678720445062784,-0.07000000000000028,53184166.59,3703103,0,14.4,14.46,14.3,14.38
002706,良信股份,10.46,0.19157088122606658,0.02000000000000135,315316597.64,30336401,0,10.36,10.5,10.25,10.44
002707,众信旅游,7.23,-1.09439124487003,-0.07999999999999918,179369388.0,24791500,0,7.26,7.3,7.16,7.31
002708,光洋股份,12.99,-0.9908536585365779,-0.129999999999999,198096225.6,15192210,0,13.12,13.2,12.91,13.12
002709,天赐材料,45.74,6.297931675575182,2.710000000000001,6717399583.66,149721428,0,44.05,46.41,43.34,43.03
002712,思美传媒,5.3,0.18903591682419257,0.009999999999999787,70695975.1,13351660,0,5.29,5.34,5.25,5.29
002713,*ST东易,11.0,1.0101010101010048,0.10999999999999943,378080388.04,34660280,0,10.87,11.2,10.57,10.89
002714,牧原股份,47.95,0.0,0.0,1109880959.15,23195924,0,47.8,48.08,47.59,47.95
002715,登云股份,17.7,-0.673400673400679,-0.120000000000001,51299550.72,2893400,0,17.77,17.92,17.57,17.82
002716,湖南白银,6.79,4.783950617283944,0.3099999999999996,2025294331.35,297309704,0,6.7,6.9,6.68,6.48
002717,ST岭南,1.74,1.1627906976744196,0.020000000000000018,76173729.5,43623050,0,1.72,1.77,1.71,1.72
002718,友邦吊顶,0.0,-100.0,-32.67,0.0,0,0,0.0,0.0,0.0,32.67
002719,麦趣尔,8.74,-1.0192525481313688,-0.08999999999999986,56035273.0,6382500,0,8.79,8.86,8.7,8.83
002721,金一文化,3.09,-1.2779552715654963,-0.040000000000000036,106900769.0,34393200,0,3.13,3.15,3.08,3.13
002722,物产金轮,15.15,-0.9803921568627474,-0.15000000000000036,36434211.54,2396048,0,15.36,15.37,15.08,15.3
002723,小崧股份,8.59,2.3837902264600626,0.1999999999999993,147935071.95,17360527,0,8.39,8.7,8.28,8.39
002724,海洋王,6.81,-0.7288629737609432,-0.05000000000000071,45084771.2,6589420,0,6.85,6.92,6.79,6.86
002725,跃岭股份,17.5,0.8064516129032291,0.14000000000000057,288610471.0,16524180,0,17.38,17.73,17.19,17.36
002726,龙大美食,4.22,0.23752969121139636,0.009999999999999787,58539027.4,13898190,0,4.21,4.25,4.19,4.21
002727,一心堂,13.6,-0.6574141709276835,-0.08999999999999986,148299717.72,10869124,0,13.68,13.76,13.51,13.69
002728,特一药业,11.32,0.8912655971479468,0.09999999999999964,448213360.18,39690970,0,11.19,11.43,11.11,11.22
002729,好利科技,15.96,-0.7462686567164021,-0.11999999999999744,115038380.08,7154106,0,16.11,16.3,15.89,16.08
002730,电光科技,14.91,-0.8643617021276531,-0.129999999999999,55402322.0,3703840,0,15.09,15.1,14.84,15.04
002731,萃华珠宝,13.53,3.757668711656444,0.4900000000000002,295917873.8,21631480,0,13.22,14.19,13.17,13.04
002732,燕塘乳业,17.3,-1.1428571428571388,-0.1999999999999993,70011710.33,4021601,0,17.5,17.59,17.27,17.5
002733,雄韬股份,20.41,-0.2931118710307705,-0.05999999999999872,257723409.46,12561138,0,20.52,20.8,20.3,20.47
002734,利民股份,16.22,0.18529956763432726,0.029999999999997584,212664527.19,13125434,0,16.19,16.36,16.06,16.19
002735,王子新材,17.48,2.9446407538280326,0.5,1226730994.17,71644792,0,16.75,17.78,16.41,16.98
002736,国信证券,13.25,0.6074411541381934,0.08000000000000007,446576023.36,33617495,0,13.14,13.44,13.12,13.17
002737,葵花药业,14.89,-0.46791443850267567,-0.07000000000000028,26843221.25,1801000,0,14.99,15.01,14.81,14.96
002738,中矿资源,80.22,8.04040404040404,5.969999999999999,2403924241.63,30538749,0,76.76,80.55,76.47,74.25
002739,万达电影,11.08,-0.35971223021581966,-0.03999999999999915,423655953.43,38245657,0,11.11,11.13,11.01,11.12
002741,光华科技,20.61,0.2431906614786027,0.05000000000000071,406828644.07,19556370,0,20.9,21.09,20.55,20.56
002742,*ST三圣,4.66,-0.6396588486140777,-0.03000000000000025,16677103.0,3574600,0,4.7,4.71,4.64,4.69
002743,富煌钢构,5.42,-1.0948905109489142,-0.0600000000000005,33590965.0,6165300,0,5.49,5.5,5.41,5.48
002745,木林森,9.73,-1.4184397163120446,-0.1399999999999988,344482005.77,35173928,0,9.87,9.91,9.69,9.87
002746,仙坛股份,6.12,0.0,0.0,56833725.65,9292610,0,6.12,6.15,6.08,6.12
002747,埃斯顿,22.58,0.3109729009329042,0.06999999999999673,432305176.11,19188385,0,22.55,22.76,22.26,22.51
002748,世龙实业,14.59,3.622159090909089,0.5099999999999998,521835123.15,36487305,0,14.12,14.77,13.85,14.08
002749,国光股份,13.93,-1.5547703180212058,-0.22000000000000064,37735978.78,2700515,0,14.22,14.23,13.81,14.15
002750,龙津退,0.59,3.5087719298245648,0.020000000000000018,11866185.0,19729839,0,0.6,0.63,0.57,0.57
002752,昇兴股份,8.81,9.987515605493142,0.8000000000000007,1037778672.5,123087271,0,8.01,8.81,7.84,8.01
002753,永东股份,7.13,-1.1095700416088776,-0.08000000000000007,44101174.4,6144750,0,7.23,7.25,7.11,7.21
002755,奥赛康,16.56,-0.659868026394739,-0.11000000000000298,102312943.5,6161450,0,16.62,16.72,16.46,16.67
002756,永兴材料,55.51,10.00792707094728,5.049999999999997,1217280502.52,22333198,0,52.0,55.51,52.0,50.46
002757,南兴股份,16.01,-0.4353233830845568,-0.06999999999999673,52547045.55,3273900,0,16.05,16.14,15.92,16.08
002758,浙农股份,10.23,1.8924302788844751,0.19000000000000128,91757981.43,9114502,0,10.02,10.37,9.95,10.04
002759,天际股份,49.5,10.0,4.5,6145228858.09,124869402,0,49.5,49.5,47.85,45.0
002760,凤形股份,21.55,-1.8223234624145723,-0.3999999999999986,70345250.0,3238700,0,21.74,21.99,21.49,21.95
002761,浙江建投,8.61,0.0,0.0,51555331.61,5990400,0,8.6,8.64,8.54,8.61
002762,*ST金比,7.06,1.001430615164512,0.0699999999999994,18278913.0,2579100,0,6.99,7.2,6.99,6.99
002763,汇洁股份,8.68,10.012674271229404,0.79,46062277.52,5306714,0,8.68,8.68,8.68,7.89
002765,蓝黛科技,12.1,-0.08257638315441608,-0.009999999999999787,161533837.08,13334525,0,12.11,12.21,11.99,12.11
002766,索菱股份,5.79,-0.1724137931034446,-0.009999999999999787,326951452.76,56305292,0,5.71,5.95,5.69,5.8
002767,先锋电子,21.33,-1.5235457063711997,-0.33000000000000185,136040874.0,6331300,0,21.75,21.75,21.3,21.66
002768,国恩股份,50.28,-0.9846396218983853,-0.5,173347438.38,3461415,0,50.78,50.88,49.65,50.78
002769,普路通,12.32,10.000000000000009,1.120000000000001,750461292.57,62434190,0,11.16,12.32,11.07,11.2
002771,真视通,15.05,-0.39708802117801933,-0.05999999999999872,46667660.4,3098560,0,15.12,15.16,14.93,15.11
002772,众兴菌业,14.95,-0.3333333333333381,-0.05000000000000071,184248603.78,12303926,0,14.96,15.2,14.78,15.0
002773,康弘药业,30.76,-1.3153673403914024,-0.41000000000000014,152825164.07,4948741,0,31.17,31.25,30.7,31.17
002774,快意电梯,9.41,-2.8895768833849265,-0.27999999999999936,65323993.0,6919000,0,9.68,9.69,9.32,9.69
002775,文科股份,4.24,-1.6241299303944177,-0.0699999999999994,25863817.2,6057980,0,4.31,4.31,4.24,4.31
002777,久远银海,17.76,-0.3367003367003295,-0.05999999999999872,90919111.28,5105120,0,17.84,17.94,17.68,17.82
002778,中晟高科,21.06,-1.3583138173302234,-0.2900000000000027,51048761.0,2424800,0,21.35,21.37,20.86,21.35
002779,中坚科技,111.55,-2.6274441340782166,-3.010000000000005,385265570.7,3433761,0,114.56,114.7,111.34,114.56
002780,三夫户外,14.84,1.504787961696311,0.22000000000000064,120607400.4,8147271,0,14.63,14.99,14.52,14.62
002782,可立克,18.71,-1.2664907651714958,-0.23999999999999844,182340300.5,9729150,0,19.1,19.1,18.51,18.95
002783,凯龙股份,9.6,1.0526315789473648,0.09999999999999964,153904685.58,16107977,0,9.47,9.66,9.41,9.5
002785,万里石,36.14,2.379603399433438,0.8400000000000034,278308868.0,7775500,0,35.5,36.45,35.04,35.3
002786,银宝山新,8.56,-0.9259259259259267,-0.08000000000000007,60132509.0,6995500,0,8.67,8.67,8.53,8.64
002787,华源控股,12.64,-0.6289308176100634,-0.08000000000000007,143246440.0,11258600,0,12.72,13.05,12.56,12.72
002788,鹭燕医药,21.0,4.685942173479568,0.9400000000000013,1956987115.58,94513673,0,20.9,21.5,19.92,20.06
002789,*ST建艺,10.5,5.0,0.5,2257500.0,215000,0,10.5,10.5,10.5,10.0
002790,瑞尔特,8.84,-1.3392857142857253,-0.120000000000001,67270090.8,7585640,0,8.92,9.01,8.76,8.96
002791,坚朗五金,21.83,0.5990783410138203,0.129999999999999,94609591.0,4351500,0,21.71,21.9,21.62,21.7
002792,通宇通讯,42.0,10.00523834468308,3.8200000000000003,4554365475.31,113930495,0,39.53,42.0,37.01,38.18
002793,罗欣药业,4.87,-0.8146639511201635,-0.040000000000000036,66262112.4,13611560,0,4.88,4.9,4.83,4.91
002795,永和智控,6.67,-2.4853801169590635,-0.16999999999999993,181600656.92,27244262,0,6.8,6.84,6.55,6.84
002796,世嘉科技,27.45,-3.684210526315792,-1.0500000000000007,883085917.6,31734309,0,27.82,28.46,27.01,28.5
002797,第一创业,6.98,0.43165467625899634,0.03000000000000025,412571817.66,59007787,0,6.95,7.04,6.92,6.95
002798,帝欧水华,5.75,-0.6908462867012095,-0.040000000000000036,23603041.68,4085992,0,5.8,5.81,5.73,5.79
002799,环球印务,8.74,-1.5765765765765827,-0.14000000000000057,69002838.0,7876200,0,8.84,8.86,8.71,8.88
002800,天顺股份,15.58,-4.651162790697673,-0.7599999999999998,317881523.6,20377472,0,16.13,16.13,15.42,16.34
002801,微光股份,34.54,-1.0882016036655284,-0.38000000000000256,77259518.7,2235175,0,34.8,34.97,34.2,34.92
002802,洪汇新材,12.42,-1.5847860538827203,-0.1999999999999993,26528970.65,2106769,0,12.67,12.71,12.41,12.62
002803,吉宏股份,16.72,-2.222222222222237,-0.38000000000000256,248012939.89,14948314,0,16.99,17.0,16.36,17.1
002805,丰元股份,18.88,10.023310023310017,1.7199999999999989,227004586.24,12023548,0,18.88,18.88,18.88,17.16
002806,华锋股份,12.47,0.08025682182985383,0.009999999999999787,121574893.14,9749214,0,12.56,12.64,12.35,12.46
002807,江阴银行,4.65,-0.852878464818764,-0.040000000000000036,123030507.7,26312390,0,4.69,4.7,4.65,4.69
002808,*ST恒久,5.0,-1.1857707509881346,-0.05999999999999961,15892197.0,3157200,0,5.07,5.13,4.99,5.06
002809,红墙股份,10.73,-0.8317929759704239,-0.08999999999999986,34555181.3,3204255,0,10.82,10.9,10.7,10.82
002810,山东赫达,15.46,-0.19367333763718114,-0.02999999999999936,264226332.91,16987698,0,15.57,15.74,15.37,15.49
002811,郑中设计,14.9,1.6371077762619386,0.2400000000000002,148751845.0,10085750,0,14.58,15.08,14.45,14.66
002812,恩捷股份,56.71,9.099653712966534,4.730000000000004,3607517835.37,64513054,0,53.1,57.18,53.08,51.98
002813,路畅科技,29.8,0.8460236886632826,0.25,245416234.3,8146695,0,29.5,31.37,29.1,29.55
002815,崇达技术,13.83,-1.0729613733905603,-0.15000000000000036,298138874.0,21517400,0,13.98,13.99,13.7,13.98
002816,*ST和科,21.15,0.5706134094151091,0.11999999999999744,82686191.0,3862800,0,21.2,21.96,21.08,21.03
002817,黄山胶囊,7.77,-0.5121638924455831,-0.040000000000000036,33154060.18,4246471,0,7.8,7.86,7.75,7.81
002818,富森美,11.16,-1.1514614703277148,-0.129999999999999,35408552.05,3162571,0,11.25,11.3,11.14,11.29
002819,东方中科,26.68,-0.8915304606240787,-0.240000000000002,67195539.0,2501650,0,26.85,27.17,26.58,26.92
002820,桂发祥,12.4,-0.32154340836012174,-0.03999999999999915,114723595.0,9224100,0,12.45,12.53,12.36,12.44
002821,凯莱英,95.2,-0.8539887523432547,-0.8199999999999932,229211347.22,2402527,0,95.7,96.22,94.6,96.02
002822,*ST中装,4.07,2.0050125313283225,0.08000000000000007,121695700.7,30144759,0,4.01,4.09,3.98,3.99
002823,凯中精密,16.07,-0.49535603715169224,-0.0799999999999983,103175638.0,6413500,0,16.08,16.21,15.91,16.15
002824,和胜股份,19.99,4.495556717198116,0.8599999999999994,494882868.57,24352009,0,19.12,21.04,19.0,19.13
002825,纳尔股份,11.92,1.0169491525423662,0.11999999999999922,221177094.19,18232055,0,11.9,12.48,11.82,11.8
002826,易明医药,18.05,-0.16592920353980967,-0.029999999999997584,35870343.0,1987500,0,18.06,18.15,17.96,18.08
002827,高争民爆,38.44,-3.173803526448375,-1.2600000000000051,506163076.21,13092739,0,39.36,39.59,38.3,39.7
002828,贝肯能源,11.04,-0.450856627592432,-0.05000000000000071,79567128.0,7189500,0,11.04,11.13,10.98,11.09
002829,星网宇达,31.1,3.322259136212624,1.0,1130728371.79,36556146,0,30.41,31.48,30.1,30.1
002830,名雕股份,20.28,-2.6871401151631416,-0.5599999999999987,110330621.0,5344900,0,20.72,21.49,20.17,20.84
002831,裕同科技,29.09,0.13769363166953236,0.03999999999999915,84663416.96,2924576,0,28.85,29.19,28.76,29.05
002832,比音勒芬,15.14,-0.197758734344096,-0.02999999999999936,52663204.0,3474000,0,15.17,15.26,15.08,15.17
002833,弘亚数控,15.79,-0.504095778197858,-0.08000000000000007,26017826.66,1642300,0,15.83,15.94,15.77,15.87
002835,同为股份,16.3,-0.7308160779537209,-0.120000000000001,30930256.0,1887500,0,16.5,16.56,16.24,16.42
002836,新宏泽,14.8,-1.2016021361815736,-0.17999999999999972,94696184.7,6337502,0,14.98,15.4,14.7,14.98
002837,英维克,110.59,-0.19853803808320444,-0.21999999999999886,5939787159.27,53606469,0,110.33,113.77,109.5,110.81
002838,道恩股份,24.23,-0.6560065600656012,-0.16000000000000014,65039191.0,2677100,0,24.45,24.51,24.06,24.39
002839,张家港行,4.59,-0.43383947939263473,-0.020000000000000462,89741557.2,19542280,0,4.58,4.61,4.57,4.61
002840,华统股份,9.43,-0.42238648363253345,-0.040000000000000924,80073762.8,8478040,0,9.49,9.49,9.4,9.47
002841,视源股份,38.98,0.0,0.0,119960647.44,3080061,0,39.0,39.15,38.66,38.98
002842,翔鹭钨业,14.59,7.6752767527675205,1.0399999999999991,1136100888.29,79393041,0,13.79,14.91,13.53,13.55
002843,泰嘉股份,20.12,0.600000000000005,0.120000000000001,376355260.9,18793606,0,19.9,20.41,19.65,20.0
002845,同兴达,14.1,-2.015288394718561,-0.2900000000000009,90711632.8,6388000,0,14.33,14.43,14.06,14.39
002846,英联股份,16.63,0.48338368580059393,0.0799999999999983,225608283.0,13619500,0,16.51,16.77,16.38,16.55
002847,盐津铺子,69.9,-0.5831318446878062,-0.4099999999999966,116894926.58,1671193,0,70.4,70.5,69.77,70.31
002848,*ST高斯,8.2,-1.2048192771084507,-0.10000000000000142,33905068.0,4115600,0,8.3,8.36,8.14,8.3
002849,威星智能,15.81,0.7648183556405418,0.120000000000001,160722426.7,10207180,0,15.77,15.91,15.55,15.69
002850,科达利,153.0,-2.29885057471264,-3.5999999999999943,582628454.81,3783600,0,156.0,158.45,152.41,156.6
002851,麦格米特,87.97,-4.8664431707580835,-4.5,2530253440.17,28658137,0,91.06,91.88,86.78,92.47
002852,道道全,10.78,-1.010101010101021,-0.11000000000000121,37683791.42,3477246,0,10.85,10.9,10.77,10.89
002853,皮阿诺,22.37,9.980334316617508,2.030000000000001,426076468.92,19881314,0,20.18,22.37,19.84,20.34
002855,捷荣技术,16.52,-0.12091898428052948,-0.019999999999999574,39717149.6,2399160,0,16.55,16.64,16.47,16.54
002856,美芝股份,13.01,9.974640743871511,1.1799999999999997,116824769.81,9251580,0,12.01,13.01,11.97,11.83
002857,三晖电气,20.87,0.3365384615384629,0.07000000000000028,82679004.0,3895700,0,20.8,21.65,20.72,20.8
002858,力盛体育,15.13,-0.5259697567389879,-0.08000000000000007,98056464.0,6397700,0,15.23,15.56,15.13,15.21
002859,洁美科技,28.03,-0.4969826056088057,-0.14000000000000057,85186900.44,3018500,0,28.15,28.45,27.86,28.17
002860,星帅尔,13.57,-1.093294460641402,-0.15000000000000036,146036546.86,10794349,0,13.72,13.72,13.44,13.72
002861,瀛通通讯,18.07,-1.740076128330616,-0.3200000000000003,69941772.4,3854060,0,18.3,18.32,17.9,18.39
002862,实丰文化,19.91,-1.3868251609707831,-0.28000000000000114,116502289.4,5838170,0,20.17,20.17,19.77,20.19
002863,今飞凯达,5.88,-1.342281879194632,-0.08000000000000007,119169036.41,20133853,0,5.96,6.01,5.87,5.96
002864,盘龙药业,31.66,-0.7212292254625288,-0.23000000000000043,76813297.0,2419300,0,31.89,32.06,31.55,31.89
002865,钧达股份,54.87,10.004009623095419,4.989999999999995,1368647310.86,25421143,0,50.7,54.87,50.68,49.88
002866,传艺科技,17.96,1.5262860373092118,0.2699999999999996,185159877.0,10219400,0,17.79,18.46,17.74,17.69
002867,周大生,12.21,0.08196721311476692,0.010000000000001563,55485197.19,4545146,0,12.19,12.25,12.14,12.2
002868,*ST绿康,34.09,-1.7012687427912236,-0.5899999999999963,33401358.8,976160,0,34.68,34.68,34.05,34.68
002869,金溢科技,23.77,-1.5734989648033086,-0.379999999999999,114330684.66,4791454,0,24.0,24.3,23.53,24.15
002870,香山股份,39.71,0.05039052658101065,0.020000000000003126,574051928.8,14194580,0,39.44,41.45,39.06,39.69
002871,伟隆股份,16.51,-1.667659321024405,-0.2799999999999976,107601697.85,6466561,0,16.71,16.98,16.46,16.79
002872,ST天圣,4.86,-0.40983606557376173,-0.019999999999999574,10070351.41,2060369,0,4.88,4.92,4.86,4.88
002873,新天药业,10.05,-0.6916996047430684,-0.06999999999999851,30160524.18,2994532,0,10.13,10.13,10.01,10.12
002875,安奈儿,16.58,4.8040455120101,0.759999999999998,157591740.55,9753900,0,15.82,16.72,15.51,15.82
002876,三利谱,23.44,0.0,0.0,54016540.24,2306797,0,23.32,23.68,23.23,23.44
002877,智能自控,9.29,-1.6931216931216946,-0.16000000000000014,113061912.6,12130760,0,9.42,9.43,9.23,9.45
002878,元隆雅图,17.46,-0.964265456608044,-0.16999999999999815,121602627.0,6942800,0,17.63,17.66,17.34,17.63
002879,长缆科技,18.7,-1.785714285714285,-0.33999999999999986,235730526.2,12498640,0,18.99,19.25,18.56,19.04
002880,卫光生物,25.94,-0.5368098159509088,-0.13999999999999702,10802349.2,414790,0,26.2,26.2,25.92,26.08
002881,美格智能,43.02,-1.375515818431899,-0.5999999999999943,201107021.65,4668813,0,43.6,43.6,42.56,43.62
002882,金龙羽,31.67,-0.09463722397475578,-0.029999999999997584,361207178.0,11402600,0,32.48,32.49,31.19,31.7
002883,中设股份,10.94,-0.7259528130671513,-0.08000000000000007,22331218.0,2030200,0,11.05,11.08,10.91,11.02
002884,凌霄泵业,17.94,-1.3201320132013115,-0.23999999999999844,60347080.51,3346129,0,18.18,18.27,17.9,18.18
002885,京泉华,28.18,2.36106066109698,0.6499999999999986,1245962598.33,44675942,0,27.48,28.56,26.96,27.53
002886,沃特股份,20.4,0.0490436488474645,0.00999999999999801,171365187.4,8339200,0,20.71,20.84,20.3,20.39
002887,绿茵生态,9.42,-0.9463722397476325,-0.08999999999999986,24479028.4,2585135,0,9.5,9.57,9.4,9.51
002888,惠威科技,20.14,-0.592300098716688,-0.120000000000001,91398048.0,4545500,0,20.26,20.36,19.89,20.26
002889,东方嘉盛,16.16,-2.1791767554479384,-0.35999999999999943,151809652.4,9354300,0,16.4,16.43,16.1,16.52
002890,弘宇股份,14.84,-0.8684034736138997,-0.13000000000000078,19767545.54,1330104,0,15.09,15.1,14.72,14.97
002891,中宠股份,52.96,-0.5819410550028201,-0.3100000000000023,110835416.49,2094077,0,53.25,53.28,52.67,53.27
002892,科力尔,13.08,0.22988505747125945,0.02999999999999936,169712093.6,13007316,0,13.0,13.15,12.9,13.05
002893,京能热力,11.28,-1.1393514460999192,-0.13000000000000078,119932641.99,10590537,0,11.38,11.43,11.25,11.41
002895,川恒股份,37.12,1.061802341410293,0.39000000000000057,377684933.34,10201364,0,37.1,37.45,36.55,36.73
002896,中大力德,84.96,-0.6083294337856928,-0.5200000000000102,663723105.56,7810697,0,85.5,86.29,83.66,85.48
002897,意华股份,49.19,0.12212497455728712,0.05999999999999517,337354082.89,6859876,0,49.09,49.93,48.48,49.13
002898,*ST赛隆,13.67,1.1843079200592164,0.16000000000000014,9726990.0,715800,0,13.59,13.68,13.46,13.51
002899,英派斯,25.72,-1.342539317222867,-0.3500000000000014,151232818.11,5870522,0,25.92,26.03,25.43,26.07
002900,哈三联,12.82,-0.850734725444698,-0.10999999999999943,50279468.5,3913500,0,12.94,12.95,12.75,12.93
002901,大博医疗,49.14,-1.0072522159548751,-0.5,63755420.24,1291900,0,49.79,49.79,49.06,49.64
002902,铭普光磁,23.65,1.93965517241379,0.4499999999999993,355206392.56,15133364,0,23.02,23.9,22.65,23.2
002903,宇环数控,24.61,10.013410818059894,2.2399999999999984,192144024.0,7910800,0,23.99,24.61,23.19,22.37
002905,金逸影视,10.51,0.47801147227532437,0.049999999999998934,54363048.4,5165340,0,10.47,10.65,10.41,10.46
002906,华阳集团,31.09,-0.1926163723916492,-0.05999999999999872,229017251.0,7324800,0,31.18,31.68,31.0,31.15
002907,华森制药,15.23,-2.18368657675016,-0.33999999999999986,67144370.65,4403255,0,15.45,15.45,15.12,15.57
002908,德生科技,9.41,-0.7383966244725768,-0.07000000000000028,39409991.0,4173838,0,9.47,9.52,9.38,9.48
002909,集泰股份,7.21,-7.445442875481387,-0.5800000000000001,657287605.15,90644426,0,7.25,7.42,7.16,7.79
002910,庄园牧场,11.85,-0.670578373847444,-0.08000000000000007,334291883.17,28091240,0,11.72,12.1,11.72,11.93
002911,佛燃能源,12.29,-1.0466988727858357,-0.13000000000000078,52765142.6,4283473,0,12.46,12.46,12.23,12.42
002912,中新赛克,29.24,-0.40871934604904975,-0.120000000000001,66076747.24,2249092,0,29.4,29.63,29.13,29.36
002913,奥士康,42.52,0.8538899430740194,0.36000000000000654,157232022.88,3716337,0,42.16,42.65,41.63,42.16
002915,中欣氟材,23.4,-0.847457627118656,-0.20000000000000284,448382850.06,19030467,0,23.6,24.09,23.28,23.6
002916,深南电路,220.38,-1.8351893095768395,-4.1200000000000045,1296793863.08,5854980,0,223.1,225.29,219.37,224.5
002917,金奥博,13.28,-0.7473841554559149,-0.10000000000000142,46224846.0,3476700,0,13.4,13.44,13.19,13.38
002918,蒙娜丽莎,14.0,-2.3709902370990226,-0.33999999999999986,59136703.0,4213100,0,14.35,14.42,13.91,14.34
002919,名臣健康,23.64,10.004653327128908,2.150000000000002,343564569.62,15050931,0,21.45,23.64,21.3,21.49
002920,德赛西威,122.7,-1.5880654475457203,-1.980000000000004,1521492935.94,12334533,0,124.14,125.49,122.1,124.68
002921,联诚精密,15.27,-1.989730423620029,-0.3100000000000005,53741443.5,3480800,0,15.61,15.73,15.25,15.58
002922,伊戈尔,33.13,-0.030175015087501537,-0.00999999999999801,657761562.57,20012283,0,32.98,33.9,32.16,33.14
002923,润都股份,12.26,-1.1290322580645207,-0.14000000000000057,38272968.4,3109880,0,12.48,12.48,12.21,12.4
002925,盈趣科技,17.27,-0.05787037037037941,-0.010000000000001563,196771112.77,11365179,0,17.51,17.54,17.1,17.28
002926,华西证券,9.46,0.10582010582012237,0.010000000000001563,217182718.49,22879394,0,9.45,9.56,9.42,9.45
002927,泰永长征,21.06,3.2859244727807657,0.6699999999999982,644997363.3,31286434,0,20.38,21.31,20.02,20.39
002928,华夏航空,10.95,-0.09124087591242301,-0.010000000000001563,158971205.58,14520217,0,10.9,11.08,10.84,10.96
002929,润建股份,39.57,-0.25207965717166986,-0.10000000000000142,118668745.56,2992893,0,39.6,39.95,39.4,39.67
002930,宏川智慧,11.22,1.1722272317403135,0.13000000000000078,97377417.76,8700625,0,11.09,11.44,11.0,11.09
002931,锋龙股份,23.82,10.023094688221718,2.1700000000000017,3230373.12,135616,0,23.82,23.82,23.82,21.65
002932,明德生物,17.77,-0.5595970900951395,-0.10000000000000142,19169902.44,1074608,0,17.87,17.91,17.76,17.87
002933,新兴装备,35.65,-0.9997222993612871,-0.35999999999999943,169393512.0,4740100,0,36.02,36.12,35.4,36.01
002935,天奥电子,21.56,-2.3992756903576327,-0.5300000000000011,824153376.96,38099962,0,21.23,22.09,21.23,22.09
002936,郑州银行,1.95,0.5154639175257737,0.010000000000000009,88200275.6,45295740,0,1.95,1.96,1.94,1.94
002937,兴瑞科技,23.05,0.523331879633672,0.120000000000001,166771933.8,7278334,0,22.88,23.25,22.44,22.93
002938,鹏鼎控股,51.04,-1.713845561332564,-0.8900000000000006,1257449530.02,24577379,0,51.6,52.31,50.21,51.93
002939,长城证券,10.28,0.4887585532746719,0.049999999999998934,434984823.12,42157500,0,10.24,10.44,10.21,10.23
002940,昂利康,33.82,-0.2065506048982009,-0.07000000000000028,236232417.2,6999645,0,33.78,34.0,33.49,33.89
002941,新疆交建,16.36,-0.7883565797452943,-0.129999999999999,269401381.92,16444026,0,16.38,16.48,16.26,16.49
002942,新农股份,19.56,-2.638128422100553,-0.5300000000000011,46539149.0,2352920,0,20.15,20.15,19.51,20.09
002943,宇晶股份,36.59,1.9504040122596902,0.7000000000000028,228615272.83,6311023,0,35.87,37.07,35.5,35.89
002945,华林证券,14.4,0.06949270326615557,0.009999999999999787,123318390.5,8523050,0,14.38,14.6,14.36,14.39
002946,新乳业,18.84,1.2903225806451528,0.23999999999999844,120940674.02,6395099,0,18.63,19.13,18.47,18.6
002947,恒铭达,53.76,-4.477611940298512,-2.520000000000003,833812504.73,15386949,0,55.5,55.93,53.13,56.28
002948,青岛银行,4.54,-0.6564551422319529,-0.03000000000000025,124762266.8,27451150,0,4.57,4.57,4.53,4.57
002949,华阳国际,15.45,-0.3225806451612949,-0.05000000000000071,130408928.71,8387817,0,15.49,16.1,15.3,15.5
002950,奥美医疗,11.21,-1.1463844797178042,-0.129999999999999,45549316.0,4044500,0,11.35,11.37,11.18,11.34
002951,金时科技,16.07,-4.4589774078478,-0.75,429103278.27,26315857,0,16.6,17.66,15.65,16.82
002952,亚世光电,19.72,-1.0040160642570424,-0.20000000000000284,58285152.0,2944600,0,20.1,20.1,19.63,19.92
002953,日丰股份,11.59,-1.2776831345826265,-0.15000000000000036,70687842.53,6084435,0,11.74,11.77,11.49,11.74
002955,鸿合科技,30.0,-0.46449900464499194,-0.14000000000000057,230757390.46,7623512,0,30.34,30.67,29.88,30.14
002956,西麦食品,27.08,1.271503365744203,0.33999999999999986,83461297.4,3107860,0,26.61,27.38,26.35,26.74
002957,科瑞技术,22.75,0.5302695536897968,0.120000000000001,497785510.88,22321908,0,22.65,22.75,21.88,22.63
002958,青农商行,3.13,-0.3184713375796252,-0.010000000000000231,96604129.52,30853871,0,3.13,3.14,3.12,3.14
002959,小熊电器,42.78,0.0,0.0,47868289.13,1118600,0,42.75,42.95,42.6,42.78
002960,青鸟消防,11.23,-2.770562770562773,-0.3200000000000003,275698806.38,24390017,0,11.52,11.56,11.15,11.55
002961,瑞达期货,29.02,0.06896551724137784,0.019999999999999574,1015552701.31,34700095,0,28.59,30.19,28.33,29.0
002962,五方光电,14.23,-0.6978367062107441,-0.09999999999999964,33277115.68,2333123,0,14.34,14.35,14.15,14.33
002963,豪尔赛,14.95,-1.515151515151518,-0.23000000000000043,58692832.0,3851000,0,15.21,15.64,14.83,15.18
002965,祥鑫科技,38.14,-1.650335224342446,-0.6400000000000006,255376804.21,6654664,0,38.7,38.9,38.01,38.78
002966,苏州银行,8.35,0.0,0.0,173638534.61,20775046,0,8.36,8.39,8.33,8.35
002967,广电计量,21.98,-0.6778129236330709,-0.14999999999999858,212472246.4,9688708,0,22.0,22.18,21.67,22.13
002968,新大正,12.55,3.037766830870287,0.370000000000001,109293081.2,8666652,0,12.18,12.89,12.01,12.18
002969,嘉美包装,9.79,9.999999999999986,0.8899999999999988,25341346.47,2588493,0,9.79,9.79,9.79,8.9
002970,锐明技术,48.97,-0.8503745697509653,-0.4200000000000017,260209442.0,5298300,0,49.18,50.16,48.59,49.39
002971,和远气体,29.95,-3.5737282678686393,-1.1099999999999994,171194901.56,5662717,0,31.03,31.14,29.7,31.06
002972,科安达,12.2,-1.4539579967689942,-0.1800000000000015,34555223.6,2822980,0,12.34,12.39,12.16,12.38
002973,侨银股份,13.33,-1.2592592592592589,-0.16999999999999993,28499386.0,2125000,0,13.55,13.55,13.31,13.5
002975,博杰股份,80.11,-1.5847665847665924,-1.2900000000000063,336869731.83,4174648,0,80.6,82.45,79.85,81.4
002976,瑞玛精密,27.93,-1.1677282377919385,-0.33000000000000185,139503950.0,5016200,0,28.25,28.25,27.42,28.26
002977,天箭科技,43.55,1.0440835266821247,0.44999999999999574,589700337.0,13598592,0,43.88,44.3,42.32,43.1
002978,安宁股份,32.74,2.152886115444633,0.6900000000000048,221016557.14,6780057,0,32.06,32.96,31.97,32.05
002979,雷赛智能,40.2,-0.8386778490379782,-0.3399999999999963,182060375.56,4511828,0,40.44,40.83,39.9,40.54
002980,华盛昌,20.9,-1.3220018885741318,-0.28000000000000114,52053250.78,2487734,0,21.19,21.2,20.71,21.18
002981,朝阳科技,28.8,-1.6057396651861937,-0.46999999999999886,74635951.53,2583919,0,29.2,29.24,28.62,29.27
002982,湘佳股份,13.9,-0.429799426934101,-0.0600000000000005,22194908.24,1592112,0,13.93,14.02,13.88,13.96
002983,芯瑞达,22.57,-3.423192126658112,-0.8000000000000007,216734701.85,9523707,0,23.18,23.18,22.4,23.37
002984,森麒麟,20.98,0.09541984732824223,0.019999999999999574,201768722.66,9609089,0,20.94,21.22,20.74,20.96
002985,北摩高科,31.38,-1.2586532410321023,-0.40000000000000213,482993397.09,15372943,0,31.77,31.77,31.01,31.78
002986,宇新股份,10.75,-1.4665444546287822,-0.16000000000000014,17856247.12,1645892,0,11.01,11.01,10.75,10.91
002987,京北方,20.41,0.5914243469689552,0.120000000000001,568951656.29,27806751,0,19.92,20.84,19.92,20.29
002988,豪美新材,36.72,-0.21739130434782145,-0.0799999999999983,68378186.11,1866080,0,37.0,37.1,36.37,36.8
002989,中天精装,30.7,2.778707733511879,0.8299999999999983,224722722.68,7516253,0,29.88,31.32,28.7,29.87
002990,盛视科技,27.8,-1.0676156583629919,-0.3000000000000007,68858729.0,2463500,0,28.15,28.3,27.7,28.1
002991,甘源食品,57.57,-0.8097863542384542,-0.46999999999999886,34797801.08,602514,0,57.74,58.1,57.4,58.04
002992,宝明科技,49.97,-1.4203985006904694,-0.7199999999999989,60314275.0,1202600,0,50.7,51.01,49.8,50.69
002993,奥海科技,44.4,-0.3814224814897952,-0.1700000000000017,117704004.56,2645230,0,44.55,45.04,44.03,44.57
002995,天地在线,16.29,-0.7312614259597867,-0.120000000000001,42904686.2,2630540,0,16.44,16.45,16.16,16.41
002996,顺博合金,7.57,2.4357239512855293,0.1800000000000006,97875866.7,12999750,0,7.43,7.63,7.42,7.39
002997,瑞鹄模具,36.8,-0.1898562516951459,-0.07000000000000028,73969277.25,2007303,0,36.84,37.06,36.55,36.87
002998,优彩资源,7.69,-2.287166454891991,-0.17999999999999972,65845736.23,8508207,0,7.87,7.87,7.65,7.87
002999,天禾股份,6.85,-0.5805515239477509,-0.040000000000000036,37459340.0,5451900,0,6.89,6.92,6.82,6.89
003000,劲仔食品,11.6,-1.1925042589437866,-0.14000000000000057,50947077.55,4371934,0,11.73,11.74,11.58,11.74
003001,中岩大地,20.19,-1.4641288433381998,-0.29999999999999716,37691916.19,1862409,0,20.39,20.42,20.14,20.49
003002,壶化股份,30.89,-0.770960488274971,-0.23999999999999844,172728654.0,5607300,0,31.1,31.21,30.49,31.13
003003,天元股份,13.86,-10.000000000000005,-1.540000000000001,445943911.66,31621857,0,14.52,14.8,13.86,15.4
003004,*ST声迅,22.2,-1.4647137150466127,-0.33000000000000185,16207969.0,729300,0,22.5,22.5,22.07,22.53
003005,竞业达,20.28,-0.29498525073745685,-0.05999999999999872,58568438.4,2890680,0,20.25,20.44,20.09,20.34
003006,百亚股份,21.03,-0.5673758865248106,-0.11999999999999744,55256108.0,2621100,0,21.11,21.29,20.92,21.15
003007,直真科技,37.36,-4.2296846962317325,-1.6499999999999986,598721497.7,15371070,0,40.57,41.8,37.2,39.01
003008,开普检测,22.05,-1.694159607668297,-0.379999999999999,28660518.15,1286805,0,22.42,22.52,22.05,22.43
003009,中天火箭,70.83,3.2959019979582984,2.260000000000005,1787071749.34,25191629,0,68.57,73.33,68.57,68.57
003010,若羽臣,36.25,-0.6304824561403424,-0.22999999999999687,255418536.79,6996595,0,36.3,37.16,36.0,36.48
003011,海象新材,21.91,-2.1874999999999933,-0.48999999999999844,57240648.0,2598000,0,22.46,22.5,21.83,22.4
003012,东鹏控股,6.74,-1.3177159590043903,-0.08999999999999986,36716365.14,5414361,0,6.81,6.83,6.73,6.83
003013,地铁设计,14.23,-0.28030833917308445,-0.03999999999999915,29026278.0,2033900,0,14.3,14.34,14.2,14.27
003015,日久光电,15.71,-1.2570710245128804,-0.1999999999999993,55067514.0,3486800,0,15.94,15.94,15.66,15.91
003016,欣贺股份,10.28,-4.63821892393321,-0.5,620326582.1,60010300,0,10.65,11.11,9.92,10.78
003017,大洋生物,29.56,-3.3038927052666063,-1.0100000000000016,68901146.0,2298960,0,30.43,30.63,29.52,30.57
003018,金富科技,17.57,-2.659279778393354,-0.4800000000000004,162959663.94,9201137,0,18.15,18.15,17.55,18.05
003019,宸展光电,33.7,-0.5606373561522506,-0.18999999999999773,117339582.96,3463268,0,33.67,34.36,33.45,33.89
003020,立方制药,27.15,0.29553010712965755,0.0799999999999983,42965162.36,1581170,0,27.06,27.3,27.0,27.07
003021,兆威机电,116.52,-2.272917889792844,-2.710000000000008,1036387193.04,8867489,0,118.06,119.33,115.13,119.23
003022,联泓新科,19.84,2.00514138817481,0.39000000000000057,284935775.73,14367479,0,19.6,20.15,19.55,19.45
003023,彩虹集团,22.4,-0.8849557522124019,-0.20000000000000284,36768316.2,1639360,0,22.57,22.58,22.31,22.6
003025,思进智能,14.23,-0.41987403778865445,-0.05999999999999872,70248368.96,4943502,0,14.26,14.33,14.08,14.29
003026,中晶科技,31.04,-0.9572431397575007,-0.3000000000000007,63560723.5,2035890,0,31.37,31.55,30.97,31.34
003027,同兴科技,22.45,5.250820440693864,1.120000000000001,200755284.5,9028900,0,21.49,22.68,21.35,21.33
003028,振邦智能,29.27,-0.9475465313028804,-0.28000000000000114,23911425.71,813797,0,29.54,29.61,29.11,29.55
003029,吉大正元,27.81,2.6199261992619824,0.7099999999999973,612451664.92,22087876,0,27.12,28.24,27.08,27.1
003030,祖名股份,20.54,-0.194363459669578,-0.03999999999999915,30681854.0,1489800,0,20.66,20.81,20.41,20.58
003031,中瓷电子,76.86,1.9363395225464108,1.4599999999999937,749612432.6,9801386,0,75.05,79.27,73.73,75.4
003032,*ST传智,6.34,0.6349206349206356,0.040000000000000036,23048134.0,3648000,0,6.29,6.35,6.27,6.3
003033,征和工业,66.61,-4.419572392021809,-3.0799999999999983,215403984.62,3200793,0,69.41,69.41,66.1,69.69
003035,南网能源,4.72,0.21231422505307404,0.009999999999999787,69147670.0,14653800,0,4.71,4.74,4.69,4.71
003036,泰坦股份,15.61,-1.2650221378874198,-0.20000000000000107,40062782.0,2562600,0,15.8,15.9,15.52,15.81
003037,三和管桩,8.0,2.1711366538952737,0.16999999999999993,119863259.0,15130100,0,7.79,8.06,7.74,7.83
003038,鑫铂股份,15.76,1.2853470437017949,0.1999999999999993,66262698.08,4209351,0,15.64,15.87,15.6,15.56
003039,顺控发展,15.03,2.1059782608695565,0.3099999999999987,193953464.25,12942016,0,14.72,15.28,14.56,14.72
003040,楚天龙,19.34,-1.0741687979539685,-0.21000000000000085,408182528.83,21015844,0,19.34,19.69,19.24,19.55
003041,真爱美家,44.95,3.380864765409398,1.470000000000006,393986279.6,8721828,0,43.48,46.5,43.2,43.48
003042,中农联合,16.2,-0.7352941176470649,-0.120000000000001,51788246.3,3189610,0,16.33,16.4,16.13,16.32
003043,华亚智能,45.54,-0.24096385542168552,-0.10999999999999943,59992327.6,1310060,0,45.76,46.55,45.2,45.65
003816,中国广核,3.86,0.25974025974025416,0.009999999999999787,322192468.78,83509973,0,3.86,3.87,3.84,3.85
300001,特锐德,26.39,-0.8267568583239342,-0.21999999999999886,480066553.14,18132997,0,26.6,26.72,26.27,26.61
300002,神州泰岳,11.37,0.08802816901408263,0.009999999999999787,437722864.2,38376869,0,11.39,11.5,11.3,11.36
300003,乐普医疗,16.24,-0.3069367710251732,-0.05000000000000071,274663946.76,16923667,0,16.27,16.32,16.07,16.29
300004,南风股份,12.56,3.37448559670782,0.41000000000000014,673657911.65,54325085,0,12.12,12.69,11.98,12.15
300005,探路者,11.09,1.2785388127853934,0.14000000000000057,383214605.17,34443008,0,10.86,11.41,10.86,10.95
300006,莱美药业,5.26,0.1904761904761864,0.009999999999999787,184957508.14,35394712,0,5.24,5.33,5.14,5.25
300007,汉威科技,49.89,0.160610319213006,0.0799999999999983,970038254.95,19488066,0,49.29,50.48,49.02,49.81
300008,天海防务,7.88,0.3821656050955446,0.03000000000000025,931918800.59,117664274,0,7.83,8.03,7.8,7.85
300009,安科生物,9.77,-0.6103763987792522,-0.0600000000000005,127155698.86,12978023,0,9.82,9.85,9.73,9.83
300010,豆神教育,7.2,-0.6896551724137907,-0.04999999999999982,511797518.33,71065953,0,7.25,7.32,7.1,7.25
300011,鼎汉技术,8.49,-0.3521126760563305,-0.02999999999999936,71389942.0,8414300,0,8.52,8.64,8.39,8.52
300012,华测检测,13.51,-0.8076358296622572,-0.10999999999999943,195939790.14,14444763,0,13.6,13.66,13.47,13.62
300013,新宁物流,4.11,-2.606635071090034,-0.10999999999999943,205560914.04,49720816,0,4.18,4.21,4.09,4.22
300014,亿纬锂能,71.8,1.326559412926895,0.9399999999999977,4578468659.88,63668611,0,71.7,73.38,70.72,70.86
300015,爱尔眼科,11.13,-0.0897666068222602,-0.009999999999999787,352831923.93,31654121,0,11.14,11.19,11.09,11.14
300016,北陆药业,8.09,-0.12345679012345416,-0.009999999999999787,75564127.82,9215904,0,8.17,8.37,8.09,8.1
300017,网宿科技,10.21,0.3933136676499599,0.040000000000000924,386501092.7,37844457,0,10.16,10.28,10.13,10.17
300018,中元股份,10.97,-1.4375561545372877,-0.16000000000000014,160210128.48,14640819,0,11.23,11.23,10.83,11.13
300019,硅宝科技,21.33,0.14084507042252387,0.029999999999997584,404530577.14,18755085,0,21.62,21.95,21.24,21.3
300020,ST银江,3.46,-1.4245014245014196,-0.04999999999999982,30505466.2,8770436,0,3.52,3.52,3.45,3.51
300021,大禹节水,4.71,0.856531049250536,0.040000000000000036,133879025.8,28441999,0,4.65,4.78,4.64,4.67
300022,吉峰科技,7.77,-1.1450381679389408,-0.09000000000000075,60241045.0,7739500,0,7.82,7.87,7.73,7.86
300024,机器人,17.67,-1.0084033613445362,-0.17999999999999972,599168972.63,33862762,0,17.85,17.9,17.5,17.85
300025,华星创业,5.78,0.0,0.0,43968924.0,7579900,0,5.75,5.84,5.75,5.78
300026,红日药业,3.6,0.0,0.0,73052582.9,20255279,0,3.61,3.63,3.59,3.6
300027,华谊兄弟,2.17,0.46296296296295303,0.009999999999999787,140496107.81,64793292,0,2.16,2.18,2.14,2.16
300029,*ST天龙,5.6,-2.9462738301559783,-0.16999999999999993,29363894.0,5112700,0,5.82,5.9,5.6,5.77
300030,阳普医疗,7.4,-1.5957446808510536,-0.11999999999999922,28583983.0,3827000,0,7.55,7.55,7.4,7.52
300031,宝通科技,22.32,-0.4904146232724005,-0.10999999999999943,215581713.38,9633392,0,22.21,22.57,22.12,22.43
300032,金龙机电,5.35,0.5639097744360781,0.02999999999999936,126123504.0,23628300,0,5.32,5.39,5.26,5.32
300033,同花顺,326.11,0.5271270036991481,1.7100000000000364,2610291580.57,7944921,0,324.0,333.0,322.68,324.4
300034,钢研高纳,19.58,-0.3562340966921135,-0.07000000000000028,1048604904.8,53307217,0,19.68,20.17,19.38,19.65
300035,中科电气,22.06,-0.4961659900766936,-0.11000000000000298,739611646.83,33345377,0,22.32,22.44,21.97,22.17
300036,超图软件,17.67,1.3188073394495436,0.23000000000000043,345692138.94,19565580,0,17.44,17.92,17.35,17.44
300037,新宙邦,54.61,1.770406261647415,0.9500000000000028,1816030611.4,33302241,0,54.98,55.95,53.26,53.66
300039,上海凯宝,6.1,-0.48939641109298937,-0.03000000000000025,69211926.0,11308800,0,6.13,6.15,6.09,6.13
300040,九洲集团,6.17,0.0,0.0,57662348.19,9338627,0,6.17,6.22,6.13,6.17
300041,回天新材,11.4,-0.5235602094240881,-0.0600000000000005,144354336.86,12586926,0,11.48,11.58,11.38,11.46
300042,朗科科技,26.25,-0.4927975739196323,-0.129999999999999,248625518.26,9353490,0,26.39,27.0,26.19,26.38
300043,星辉娱乐,5.75,-2.0442930153321996,-0.1200000000000001,295012280.2,51050820,0,5.84,5.84,5.73,5.87
300044,ST赛为,3.97,-0.5012531328320806,-0.020000000000000018,56329948.06,14142910,0,4.0,4.02,3.96,3.99
300045,华力创通,27.56,4.3939393939393945,1.1600000000000001,3642763202.4,131498058,0,27.28,29.04,26.79,26.4
300046,台基股份,35.52,-2.148760330578496,-0.779999999999994,328155111.18,9173172,0,36.0,36.2,35.38,36.3
300047,天源迪科,12.21,-1.053484602917334,-0.129999999999999,187909562.33,15277923,0,12.34,12.42,12.18,12.34
300048,合康新能,5.84,-1.0169491525423813,-0.0600000000000005,151200569.99,25866465,0,5.9,5.9,5.79,5.9
300049,福瑞医科,75.08,-1.9843342036553475,-1.519999999999996,438507249.16,5771272,0,77.49,77.96,74.58,76.6
300050,世纪鼎利,5.46,0.36764705882352156,0.019999999999999574,56747557.0,10400600,0,5.44,5.5,5.39,5.44
300051,琏升科技,6.69,0.14970059880240533,0.010000000000000675,84669282.43,12571805,0,6.66,6.83,6.63,6.68
300052,ST中青宝,12.2,-0.9740259740259821,-0.120000000000001,65443154.1,5340801,0,12.33,12.4,12.17,12.32
300053,航宇微,18.21,2.0168067226890725,0.35999999999999943,1704548431.35,93899979,0,17.87,18.52,17.83,17.85
300054,鼎龙股份,38.37,-1.1337284205101903,-0.44000000000000483,646551821.08,16845147,0,38.94,39.01,37.93,38.81
300055,万邦达,7.75,4.306864064602965,0.3200000000000003,141679572.27,18309510,0,7.43,7.9,7.4,7.43
300056,中创环保,8.7,-0.9111617312072902,-0.08000000000000007,127937184.82,14707229,0,8.74,8.78,8.6,8.78
300057,万顺新材,5.84,-0.1709401709401673,-0.009999999999999787,129816893.18,22136323,0,5.83,5.92,5.82,5.85
300058,蓝色光标,8.86,-0.2252252252252404,-0.02000000000000135,3153896136.18,355385664,0,8.79,9.04,8.71,8.88
300059,东方财富,23.61,1.1568123393316179,0.2699999999999996,10237402535.42,431928171,0,23.34,24.05,23.23,23.34
300061,旗天科技,10.42,-2.1596244131455435,-0.23000000000000043,147143408.82,14076780,0,10.52,10.57,10.37,10.65
300062,中能电气,9.91,-1.2948207171314643,-0.129999999999999,866050938.11,87625692,0,9.85,10.16,9.66,10.04
300063,天龙集团,8.2,0.49019607843136215,0.03999999999999915,254361364.12,31199336,0,8.15,8.23,8.05,8.16
300065,海兰信,18.41,0.8214676889375607,0.14999999999999858,991396987.94,53552663,0,18.27,18.89,18.05,18.26
300066,三川智慧,6.29,-0.9448818897637734,-0.05999999999999961,98238057.02,15553253,0,6.36,6.37,6.27,6.35
300067,安诺其,5.04,-0.3952569169960391,-0.019999999999999574,98260882.68,19492914,0,5.1,5.1,4.99,5.06
300068,南都电源,16.19,0.4342431761786618,0.07000000000000028,842062193.54,51761890,0,16.15,16.56,16.11,16.12
300069,金利华电,17.43,-1.525423728813557,-0.2699999999999996,36949273.0,2101600,0,17.79,17.79,17.41,17.7
300070,碧水源,3.97,0.25252525252525837,0.010000000000000231,74862518.7,18866186,0,3.96,3.98,3.95,3.96
300071,福石控股,5.69,-1.386481802426329,-0.07999999999999918,396979170.2,69509256,0,5.7,5.8,5.63,5.77
300072,海新能科,4.73,0.6382978723404308,0.03000000000000025,312791090.17,65886160,0,4.71,4.83,4.67,4.7
300073,当升科技,60.48,2.6476578411405214,1.5599999999999952,1258364175.07,20842904,0,59.79,61.5,59.35,58.92
300074,华平股份,4.71,-0.2118644067796565,-0.009999999999999787,71585783.0,15089800,0,4.75,4.81,4.71,4.72
300075,数字政通,14.9,-0.2009377093101096,-0.02999999999999936,98241933.58,6575080,0,14.9,15.05,14.81,14.93
300076,GQY视讯,7.87,2.207792207792207,0.16999999999999993,227709063.0,29234900,0,7.66,8.01,7.61,7.7
300077,国民技术,20.31,-0.878477306002927,-0.17999999999999972,218959321.88,10720648,0,20.4,20.63,20.28,20.49
300078,思创医惠,4.14,-0.7194244604316606,-0.03000000000000025,218732530.46,52753579,0,4.14,4.18,4.11,4.17
300079,数码视讯,5.3,-0.18832391713747246,-0.009999999999999787,90224002.3,17010341,0,5.31,5.33,5.26,5.31
300080,易成新能,5.1,1.7964071856287396,0.08999999999999986,140977595.94,27660182,0,5.02,5.16,5.01,5.01
300081,恒信东方,5.41,-0.9157509157509125,-0.04999999999999982,154790561.43,28371458,0,5.47,5.52,5.38,5.46
300082,奥克股份,10.42,2.964426877470363,0.3000000000000007,432249228.99,41605538,0,10.4,10.65,10.13,10.12
300083,创世纪,9.8,-0.5076142131979587,-0.049999999999998934,601265816.27,61255877,0,9.79,9.91,9.68,9.85
300084,海默科技,9.74,-1.6161616161616175,-0.16000000000000014,166800851.6,17026220,0,9.9,9.94,9.62,9.9
300085,银之杰,40.94,-0.09760858955587885,-0.03999999999999915,1922209462.55,46369547,0,41.01,42.36,40.74,40.98
300086,康芝药业,13.31,4.147104851330212,0.5300000000000011,1950505648.07,143199063,0,13.02,14.3,12.99,12.78
300087,荃银高科,11.53,-0.34572169403630876,-0.040000000000000924,276615605.2,23968790,0,11.57,11.59,11.51,11.57
300088,长信科技,6.01,-0.9884678747940773,-0.0600000000000005,199149064.99,32999059,0,6.06,6.07,6.0,6.07
300091,金通灵,2.92,0.34364261168384147,0.009999999999999787,52052896.86,17830746,0,2.93,2.96,2.9,2.91
300092,科新机电,15.59,-1.7643352236924976,-0.27999999999999936,126530808.0,8074000,0,15.83,15.9,15.51,15.87
300093,*ST金刚,17.55,-0.2840909090909131,-0.05000000000000071,170922862.0,9455300,0,17.4,19.0,17.4,17.6
300094,国联水产,3.83,-0.26041666666666113,-0.009999999999999787,376640214.87,98880916,0,3.83,3.85,3.78,3.84
300095,华伍股份,11.56,-1.1965811965811863,-0.1399999999999988,844249663.08,72824308,0,11.51,11.93,11.34,11.7
300096,ST易联众,7.49,0.13368983957218966,0.009999999999999787,24338890.0,3258800,0,7.46,7.55,7.41,7.48
300097,ST智云,6.86,-1.8597997138769653,-0.1299999999999999,47277361.0,6858200,0,6.98,6.98,6.81,6.99
300098,高新兴,6.12,-0.8103727714748756,-0.04999999999999982,545711580.47,88620593,0,6.19,6.28,6.06,6.17
300099,尤洛卡,7.46,-1.1920529801324484,-0.08999999999999986,232151092.72,30811180,0,7.55,7.7,7.4,7.55
300100,双林股份,37.86,-2.3723568849922683,-0.9200000000000017,639271987.48,16774442,0,38.68,38.75,37.61,38.78
300101,振芯科技,25.55,-0.11727912431586233,-0.029999999999997584,938019085.41,36561169,0,25.7,26.3,25.26,25.58
300102,乾照光电,24.3,-1.2997562956945585,-0.3200000000000003,3977646328.92,161502697,0,24.5,25.3,24.01,24.62
300103,达刚控股,7.86,0.12738853503185574,0.010000000000000675,91100276.46,11653815,0,7.9,7.99,7.66,7.85
300105,龙源技术,7.35,-1.6064257028112465,-0.1200000000000001,48691614.08,6588916,0,7.45,7.46,7.34,7.47
300106,西部牧业,11.26,-0.7929515418502191,-0.08999999999999986,142699762.7,12676800,0,11.24,11.38,11.12,11.35
300107,建新股份,7.05,3.372434017595301,0.22999999999999954,128306329.7,18073598,0,6.87,7.31,6.82,6.82
300108,*ST吉药,0.0,-100.0,-0.21,0.0,0,0,0.0,0.0,0.0,0.21
300109,新开源,17.17,-1.1514104778353442,-0.1999999999999993,151252636.65,8798467,0,17.3,17.58,16.95,17.37
300110,华仁药业,3.21,0.0,0.0,64304500.14,20024026,0,3.21,3.23,3.19,3.21
300111,向日葵,6.36,-10.799438990182322,-0.7699999999999996,896906259.88,142985042,0,5.95,6.66,5.95,7.13
300112,万讯自控,8.59,-1.2643678160919476,-0.10999999999999943,37577703.0,4347600,0,8.71,8.72,8.58,8.7
300113,顺网科技,19.74,-0.6042296072507604,-0.120000000000001,246296690.79,12465574,0,19.93,19.96,19.57,19.86
300115,长盈精密,40.46,0.5217391304347847,0.21000000000000085,4321079721.8,108168181,0,39.53,40.98,39.05,40.25
300117,*ST嘉寓,0.0,-100.0,-0.43,0.0,0,0,0.0,0.0,0.0,0.43
300118,东方日升,15.7,5.723905723905721,0.8499999999999996,3702539430.29,231054914,0,15.32,16.98,15.16,14.85
300119,瑞普生物,19.37,-0.308800823468856,-0.05999999999999872,57013543.0,2944400,0,19.36,19.47,19.27,19.43
300120,经纬辉开,8.41,-1.291079812206566,-0.10999999999999943,104781520.13,12412093,0,8.5,8.51,8.37,8.52
300121,阳谷华泰,13.22,-2.218934911242596,-0.29999999999999893,140970768.01,10597299,0,13.5,13.5,13.17,13.52
300122,智飞生物,19.24,0.15616866215511496,0.029999999999997584,205023460.57,10638208,0,19.16,19.38,19.14,19.21
300123,亚光科技,8.16,2.6415094339622636,0.20999999999999996,1178941504.17,145225440,0,8.02,8.3,7.91,7.95
300124,汇川技术,73.3,-0.5022397176598405,-0.37000000000000455,1553193296.97,21201965,0,73.68,73.75,72.68,73.67
300125,*ST聆达,0.0,-100.0,-7.86,0.0,0,0,0.0,0.0,0.0,7.86
300126,锐奇股份,8.34,-0.7142857142857202,-0.0600000000000005,38154038.0,4562400,0,8.47,8.5,8.3,8.4
300127,银河磁体,30.97,0.715447154471541,0.21999999999999886,178711402.84,5758709,0,30.67,31.26,30.55,30.75
300128,锦富技术,7.62,-3.2994923857867993,-0.2599999999999998,537841670.49,70003365,0,7.87,7.9,7.58,7.88
300129,泰胜风能,10.23,3.2290615539858756,0.3200000000000003,1234350880.64,120259455,0,9.95,10.55,9.95,9.91
300130,新国都,25.93,-0.6132617861249526,-0.16000000000000014,510229749.88,19626627,0,25.81,26.3,25.78,26.09
300131,英唐智控,15.01,0.5358338914936375,0.08000000000000007,1826512187.31,120846795,0,15.0,15.44,14.91,14.93
300132,青松股份,8.14,-1.5719467956469046,-0.129999999999999,143397000.0,17539400,0,8.26,8.32,8.11,8.27
300133,华策影视,8.26,1.3496932515337352,0.10999999999999943,812190699.02,98631374,0,8.14,8.33,8.11,8.15
300134,大富科技,12.86,5.323505323505311,0.6499999999999986,441172124.31,34547658,0,12.27,13.07,12.12,12.21
300135,宝利国际,3.97,0.0,0.0,57988361.11,14617263,0,3.96,4.0,3.92,3.97
300136,信维通信,51.3,1.1834319526627106,0.5999999999999943,9267835211.08,179698047,0,50.0,53.85,49.85,50.7
300137,先河环保,10.2,-5.116279069767449,-0.5500000000000007,371344597.63,35952961,0,10.71,10.76,10.09,10.75
300138,晨光生物,12.72,-0.7800312012480471,-0.09999999999999964,55448411.0,4346600,0,12.77,12.88,12.65,12.82
300139,晓程科技,34.8,10.828025477707003,3.3999999999999986,1806423718.56,53617827,0,32.0,35.4,31.73,31.4
300140,节能环境,6.89,0.0,0.0,161681896.0,23462600,0,6.84,6.96,6.83,6.89
300141,和顺电气,12.85,0.7843137254901933,0.09999999999999964,254182185.0,20338800,0,12.69,12.96,12.16,12.75
300142,沃森生物,11.3,0.7130124777183606,0.08000000000000007,204458293.4,18126373,0,11.2,11.35,11.18,11.22
300143,盈康生命,10.07,-1.6601562499999993,-0.16999999999999993,59684347.4,5892616,0,10.25,10.26,10.05,10.24
300144,宋城演艺,8.28,0.3636363636363559,0.02999999999999936,234679021.55,28404399,0,8.26,8.3,8.21,8.25
300145,南方泵业,4.84,-1.6260162601626031,-0.08000000000000007,517724925.74,107836960,0,4.88,4.93,4.71,4.92
300146,汤臣倍健,12.24,-1.0509296685529428,-0.129999999999999,174496681.25,14216003,0,12.29,12.36,12.21,12.37
300147,ST香雪,9.5,0.21097046413501658,0.019999999999999574,80409104.36,8548423,0,9.47,9.59,9.28,9.48
300148,天舟文化,4.34,0.0,0.0,87511797.8,20132548,0,4.35,4.37,4.31,4.34
300149,睿智医药,9.68,-1.425661914460291,-0.14000000000000057,65734153.3,6761635,0,9.82,9.84,9.65,9.82
300150,世纪瑞尔,5.33,-0.559701492537318,-0.03000000000000025,49294457.0,9236000,0,5.35,5.39,5.28,5.36
300151,昌红科技,14.63,1.4563106796116565,0.21000000000000085,248192509.46,17136550,0,14.39,14.75,14.1,14.42
300152,ST新动力,2.26,-1.7391304347826104,-0.040000000000000036,34215084.0,15048500,0,2.29,2.3,2.25,2.3
300153,科泰电源,29.92,-1.4817253868949598,-0.4499999999999993,381910587.65,12711828,0,30.3,30.38,29.71,30.37
300154,瑞凌股份,9.61,-1.3347022587269073,-0.13000000000000078,65599786.0,6788300,0,9.73,9.75,9.57,9.74
300155,安居宝,6.15,8.849557522123893,0.5,205469209.12,34399348,0,5.73,6.22,5.65,5.65
300157,新锦动力,4.57,-1.0822510822510785,-0.04999999999999982,89511990.0,19551600,0,4.6,4.62,4.54,4.62
300158,振东制药,5.94,-0.5025125628140596,-0.02999999999999936,97147737.35,16298293,0,5.95,6.0,5.92,5.97
300159,*ST新研,3.29,1.5432098765432043,0.04999999999999982,182871961.56,55268502,0,3.3,3.38,3.25,3.24
300160,秀强股份,5.53,-0.18050541516245103,-0.009999999999999787,34375735.0,6190800,0,5.54,5.59,5.51,5.54
300161,华中数控,28.48,-0.17525411847178657,-0.05000000000000071,97960362.5,3426850,0,28.5,28.93,28.23,28.53
300162,雷曼光电,8.0,1.265822784810122,0.09999999999999964,124625260.0,15577600,0,7.86,8.15,7.84,7.9
300163,先锋新材,4.1,-0.966183574879228,-0.040000000000000036,77228794.2,18741052,0,4.14,4.16,4.09,4.14
300164,通源石油,5.54,1.2797074954296213,0.07000000000000028,253054448.4,46173780,0,5.46,5.54,5.42,5.47
300165,ST天瑞,4.69,-1.2631578947368338,-0.05999999999999961,22386850.4,4755622,0,4.74,4.75,4.67,4.75
300166,东方国信,9.93,0.914634146341462,0.08999999999999986,246845726.8,24919260,0,9.8,10.03,9.78,9.84
300167,ST迪威迅,5.02,-1.7612524461839676,-0.09000000000000075,29211755.0,5795900,0,5.1,5.11,5.0,5.11
300168,万达信息,6.43,0.1557632398753861,0.009999999999999787,91670044.98,14238419,0,6.42,6.52,6.38,6.42
300169,天晟新材,6.25,-1.7295597484276777,-0.11000000000000032,59678307.0,9456400,0,6.35,6.4,6.23,6.36
300170,汉得信息,17.23,0.34944670937681255,0.05999999999999872,761812402.69,44146753,0,17.12,17.44,17.08,17.17
300171,东富龙,15.94,-1.3003095975232142,-0.20999999999999908,130320383.64,8166609,0,16.11,16.16,15.79,16.15
300172,中电环保,5.65,-1.3961605584642245,-0.08000000000000007,127042364.28,22336468,0,5.73,5.74,5.65,5.73
300173,ST福能,4.38,-0.680272108843543,-0.03000000000000025,191286032.13,43540092,0,4.4,4.46,4.35,4.41
300174,元力股份,15.77,-0.7551919446192636,-0.120000000000001,84712795.0,5356100,0,15.89,15.93,15.72,15.89
300175,ST朗源,5.8,-0.514579759862783,-0.03000000000000025,16074842.0,2766400,0,5.83,5.85,5.76,5.83
300176,鸿特科技,6.73,-0.29629629629629,-0.019999999999999574,51774264.77,7635022,0,6.74,6.84,6.68,6.75
300177,中海达,10.31,1.3765978367748335,0.14000000000000057,622814062.01,60677939,0,10.25,10.48,10.08,10.17
300179,四方达,15.17,-1.621271076523995,-0.25,414872837.39,27273672,0,15.52,15.52,15.05,15.42
300180,华峰超纤,6.59,-0.9022556390977519,-0.0600000000000005,345749041.88,52287177,0,6.58,6.72,6.54,6.65
300181,佐力药业,16.77,-1.0035419126328318,-0.1700000000000017,170051801.95,10080808,0,16.93,16.97,16.77,16.94
300182,捷成股份,5.36,1.3232514177693815,0.07000000000000028,302586238.06,56299525,0,5.28,5.42,5.27,5.29
300183,东软载波,14.77,-0.7392473118279651,-0.11000000000000121,46525796.88,3137400,0,14.78,14.95,14.7,14.88
300184,力源信息,10.05,0.29940119760480177,0.030000000000001137,242794072.6,24129235,0,10.02,10.13,9.97,10.02
300185,通裕重工,2.89,0.34722222222223026,0.010000000000000231,175644133.0,60935400,0,2.88,2.9,2.86,2.88
300187,永清环保,4.98,-0.5988023952095681,-0.02999999999999936,44082763.58,8795521,0,5.01,5.05,4.97,5.01
300188,国投智能,14.45,1.474719101123589,0.20999999999999908,288017811.83,19843918,0,14.19,14.74,14.18,14.24
300189,神农种业,8.06,7.323568575233032,0.5500000000000007,3261064006.36,399791614,0,7.53,8.68,7.53,7.51
300190,维尔利,4.43,2.546296296296283,0.10999999999999943,121418472.8,27805947,0,4.34,4.43,4.29,4.32
300191,潜能恒信,18.28,0.0,0.0,46253700.75,2521097,0,18.35,18.5,18.19,18.28
300192,科德教育,21.19,-0.42293233082706694,-0.08999999999999986,481858300.17,22449450,0,21.48,21.9,21.04,21.28
300193,佳士科技,8.9,-1.1111111111111072,-0.09999999999999964,44598388.27,4982123,0,9.04,9.04,8.89,9.0
300194,福安药业,4.47,-1.106194690265483,-0.04999999999999982,126546024.15,28169035,0,4.51,4.53,4.46,4.52
300195,长荣股份,8.15,-1.8072289156626546,-0.15000000000000036,78885145.0,9634900,0,8.28,8.3,8.11,8.3
300196,长海股份,14.73,-0.06784260515603655,-0.009999999999999787,109819571.0,7454900,0,14.69,14.83,14.56,14.74
300197,节能铁汉,1.79,-0.555555555555556,-0.010000000000000009,45680856.88,25436372,0,1.8,1.81,1.78,1.8
300198,ST纳川,2.47,0.40650406504065983,0.010000000000000231,29003301.0,11773780,0,2.47,2.48,2.45,2.46
300199,翰宇药业,18.73,-1.8858040859088498,-0.35999999999999943,581453162.01,30967050,0,19.05,19.05,18.58,19.09
300200,高盟新材,12.69,-2.1588280647648506,-0.28000000000000114,496253815.2,39068200,0,12.81,12.88,12.55,12.97
300201,海伦哲,6.58,2.0155038759689905,0.1299999999999999,565352125.45,86340521,0,6.53,6.67,6.38,6.45
300203,聚光科技,16.44,0.8588957055214758,0.14000000000000057,159857599.13,9677665,0,16.4,16.69,16.29,16.3
300204,舒泰神,28.24,2.0231213872832323,0.5599999999999987,911744331.93,32457939,0,27.55,28.67,27.37,27.68
300205,*ST天喻,4.21,-0.9411764705882361,-0.040000000000000036,10862458.44,2591832,0,4.26,4.27,4.15,4.25
300206,理邦仪器,12.93,-1.4481707317073134,-0.1899999999999995,55778419.75,4295831,0,13.07,13.11,12.85,13.12
300207,欣旺达,29.75,0.7450050795800842,0.21999999999999886,1790098666.98,59855275,0,29.92,30.38,29.53,29.53
300208,中程退,0.28,-12.499999999999993,-0.03999999999999998,11483398.0,39320206,0,0.32,0.32,0.27,0.32
300209,有棵树,5.68,-1.8998272884283303,-0.11000000000000032,83872924.68,14762276,0,5.75,5.77,5.65,5.79
300210,森远股份,9.42,3.9735099337748276,0.35999999999999943,281503695.4,29511716,0,9.42,9.8,9.31,9.06
300211,*ST亿通,8.36,0.7228915662650447,0.05999999999999872,23945916.9,2880013,0,8.3,8.4,8.21,8.3
300212,易华录,17.22,4.237288135593216,0.6999999999999993,432571796.45,25248421,0,16.52,17.85,16.4,16.52
300213,佳讯飞鸿,9.53,-2.055498458376167,-0.20000000000000107,309886127.0,32456700,0,9.63,9.66,9.41,9.73
300214,日科化学,6.83,-0.2919708029197018,-0.019999999999999574,38543680.0,5661515,0,6.84,6.88,6.75,6.85
300215,电科院,6.79,1.041666666666671,0.07000000000000028,244559835.63,36133501,0,6.67,6.97,6.6,6.72
300217,东方电热,5.2,-1.1406844106463805,-0.05999999999999961,121049367.16,23136696,0,5.26,5.28,5.19,5.26
300218,安利股份,15.62,-1.451104100946375,-0.23000000000000043,64521312.0,4109200,0,15.83,15.84,15.6,15.85
300219,鸿利智汇,7.25,-0.6849315068493127,-0.04999999999999982,112972002.49,15616263,0,7.28,7.31,7.14,7.3
300220,金运激光,14.48,-1.6972165648336728,-0.25,34563264.0,2373600,0,14.67,14.75,14.4,14.73
300221,银禧科技,9.97,-2.1589793915603424,-0.21999999999999886,382030044.0,38082000,0,10.13,10.36,9.9,10.19
300222,科大智能,10.89,-0.9099181073703335,-0.09999999999999964,199367642.49,18297300,0,11.0,11.0,10.78,10.99
300223,北京君正,111.38,-2.3496405400666376,-2.680000000000007,4703480821.83,41511323,0,116.0,117.99,110.2,114.06
300224,正海磁材,15.48,-0.578034682080924,-0.08999999999999986,257645118.74,16566538,0,15.55,15.68,15.38,15.57
300225,*ST金泰,6.15,2.500000000000006,0.15000000000000036,227221691.8,38139600,0,6.01,6.28,5.6,6.0
300226,上海钢联,25.16,3.7525773195876293,0.9100000000000001,502357132.11,19661171,0,24.36,26.09,24.35,24.25
300227,光韵达,8.99,-1.2087912087912025,-0.10999999999999943,103977819.0,11520300,0,9.12,9.13,8.93,9.1
300228,富瑞特装,10.63,2.113352545629209,0.22000000000000064,1536683991.07,145761247,0,10.41,10.81,10.35,10.41
300229,拓尔思,18.83,0.1595744680850935,0.029999999999997584,274882806.99,14574979,0,18.8,18.99,18.69,18.8
300230,永利股份,4.82,-0.8230452674897125,-0.040000000000000036,50067794.92,10328356,0,4.87,4.89,4.81,4.86
300231,银信科技,10.19,-0.9718172983479071,-0.09999999999999964,51859507.67,5057829,0,10.28,10.34,10.17,10.29
300232,洲明科技,7.01,-0.7082152974504224,-0.04999999999999982,93422801.36,13295348,0,7.05,7.07,6.96,7.06
300233,金城医药,14.29,0.0,0.0,100361247.1,6991570,0,14.5,14.6,14.2,14.29
300234,开尔新材,5.13,-1.5355086372360858,-0.08000000000000007,42870962.56,8316813,0,5.18,5.23,5.12,5.21
300235,方直科技,16.61,-0.12026458208057472,-0.019999999999999574,248164715.81,14909650,0,16.61,16.93,16.38,16.63
300236,上海新阳,64.25,-2.7693704600484237,-1.8299999999999983,897333021.27,13878330,0,66.18,66.49,63.81,66.08
300237,ST美晨,2.69,-3.5842293906810068,-0.10000000000000009,129780719.3,47866549,0,2.78,2.78,2.65,2.79
300238,冠昊生物,14.09,-1.3305322128851507,-0.1899999999999995,65774584.0,4643900,0,14.28,14.3,14.05,14.28
300239,东宝生物,5.69,-0.1754385964912243,-0.009999999999999787,48697322.0,8537600,0,5.73,5.75,5.64,5.7
300240,飞力达,7.65,-0.7782101167315124,-0.05999999999999961,96094428.5,12480925,0,7.68,7.78,7.64,7.71
300241,瑞丰光电,5.67,-1.0471204188481762,-0.0600000000000005,74142115.0,13019300,0,5.73,5.75,5.65,5.73
300242,佳云科技,5.05,-1.5594541910331399,-0.08000000000000007,89748681.0,17647200,0,5.09,5.14,5.03,5.13
300243,瑞丰高材,10.38,-0.9541984732824393,-0.09999999999999964,43454127.21,4178343,0,10.49,10.52,10.3,10.48
300244,迪安诊断,15.71,-0.6953223767383023,-0.10999999999999943,155837410.68,9883413,0,15.75,15.95,15.6,15.82
300245,天玑科技,11.97,-0.9925558312655023,-0.11999999999999922,108865248.74,9000500,0,12.19,12.24,11.96,12.09
300246,宝莱特,8.17,-0.6082725060827336,-0.05000000000000071,30837805.0,3756100,0,8.26,8.28,8.15,8.22
300247,融捷健康,5.32,0.5671077504725945,0.03000000000000025,298791576.12,56047104,0,5.27,5.52,5.23,5.29
300248,新开普,11.91,-1.3256006628003325,-0.16000000000000014,90850981.0,7570500,0,12.05,12.12,11.87,12.07
300249,依米康,14.63,-1.54777927321668,-0.22999999999999865,157767051.17,10706208,0,14.75,14.88,14.59,14.86
300250,初灵信息,24.95,0.8080808080808052,0.1999999999999993,444701618.36,17784537,0,24.75,25.46,24.43,24.75
300251,光线传媒,16.2,0.49627791563274376,0.0799999999999983,423628091.09,26166165,0,16.16,16.27,16.06,16.12
300252,金信诺,14.6,-1.6835016835016834,-0.25,942577511.91,64387285,0,14.7,14.99,14.29,14.85
300253,卫宁健康,8.72,-0.9090909090909097,-0.08000000000000007,538966541.79,61244362,0,8.8,8.91,8.67,8.8
300254,仟源医药,10.13,-0.5888125613346293,-0.05999999999999872,44690369.0,4376400,0,10.18,10.34,10.1,10.19
300255,常山药业,63.31,-1.4323524832632752,-0.9200000000000017,684504779.41,10817604,0,63.82,63.91,61.72,64.23
300256,星星科技,4.04,-0.7371007371007432,-0.03000000000000025,120802717.0,29868000,0,4.07,4.07,4.03,4.07
300257,开山股份,14.2,-0.4207573632538604,-0.0600000000000005,65699812.46,4617738,0,14.39,14.44,14.09,14.26
300258,精锻科技,13.87,0.0,0.0,330177149.43,23550684,0,13.87,14.27,13.83,13.87
300259,新天科技,4.41,-1.1210762331838524,-0.04999999999999982,79479719.98,17963678,0,4.47,4.47,4.38,4.46
300260,新莱应材,56.75,-4.1547035973653115,-2.460000000000001,1761207806.01,30421424,0,58.62,59.19,56.7,59.21
300261,雅本化学,6.78,-0.7320644216691043,-0.04999999999999982,59846149.96,8818918,0,6.81,6.85,6.74,6.83
300263,隆华科技,8.6,1.2956419316843277,0.10999999999999943,296628598.48,34615058,0,8.57,8.68,8.45,8.49
300264,佳创视讯,6.52,-3.120356612184262,-0.21000000000000085,150232729.18,22669984,0,6.75,6.87,6.49,6.73
300265,通光线缆,14.07,0.7158196134574062,0.09999999999999964,1797464393.46,126548493,0,14.12,14.96,13.69,13.97
300266,兴源环境,2.56,-0.7751937984496131,-0.020000000000000018,64039887.0,24951200,0,2.57,2.59,2.54,2.58
300267,尔康制药,3.56,1.1363636363636374,0.040000000000000036,159978501.73,44876902,0,3.52,3.62,3.52,3.52
300268,*ST佳沃,13.52,2.4242424242424265,0.3200000000000003,14063338.0,1043200,0,13.28,13.67,13.24,13.2
300269,联建光电,6.7,2.760736196319028,0.1800000000000006,651342044.75,96779300,0,6.5,6.89,6.45,6.52
300270,中威电子,11.61,-0.769230769230768,-0.08999999999999986,167672952.5,14358505,0,11.68,11.9,11.53,11.7
300271,华宇软件,7.23,-0.138121546961323,-0.009999999999999787,59331261.95,8186743,0,7.24,7.3,7.2,7.24
300272,开能健康,7.63,0.13123359580052213,0.009999999999999787,232601511.61,30269896,0,7.72,7.84,7.59,7.62
300274,阳光电源,181.08,7.862759113652619,13.200000000000017,20518703472.78,114818561,0,169.88,185.18,168.85,167.88
300275,梅安森,13.09,-0.6074411541381934,-0.08000000000000007,102273697.0,7805208,0,13.07,13.2,12.99,13.17
300276,三丰智能,9.44,-0.21141649048627217,-0.02000000000000135,495154734.41,52512287,0,9.41,9.6,9.3,9.46
300277,海联讯,12.82,-0.1557632398753861,-0.019999999999999574,101298057.43,7851473,0,12.85,13.06,12.7,12.84
300278,华昌达,5.93,-0.6700167504187611,-0.040000000000000036,215640914.86,36268714,0,5.95,6.02,5.87,5.97
300279,和晶科技,7.11,-1.3869625520110906,-0.09999999999999964,49266543.13,6903983,0,7.23,7.23,7.08,7.21
300280,紫天退,0.33,-13.157894736842103,-0.04999999999999999,11123691.0,31717286,0,0.37,0.37,0.33,0.38
300281,金明精机,7.94,-2.5766871165644165,-0.20999999999999996,236516453.0,29472149,0,8.02,8.17,7.9,8.15
300283,温州宏丰,7.74,1.044386422976502,0.08000000000000007,136108231.81,17624000,0,7.66,7.82,7.61,7.66
300284,苏交科,7.93,1.2771392081736863,0.09999999999999964,112883087.68,14267544,0,7.83,7.99,7.79,7.83
300285,国瓷材料,28.2,-0.9483667017913578,-0.2699999999999996,1464281838.33,51340380,0,28.49,29.46,27.9,28.47
300286,安科瑞,23.39,0.9930915371329898,0.23000000000000043,106739794.81,4578780,0,23.23,23.57,23.06,23.16
300287,飞利信,4.92,-0.40485829959515096,-0.020000000000000462,116719286.86,23672145,0,4.92,4.96,4.89,4.94
300288,朗玛信息,13.36,-1.2564671101256464,-0.16999999999999993,47737180.0,3550400,0,13.48,13.57,13.28,13.53
300289,利德曼,7.01,-0.8486562942008555,-0.0600000000000005,46486079.97,6617300,0,7.07,7.09,6.97,7.07
300290,荣科科技,28.78,-9.468386284995276,-3.009999999999998,2227168983.15,74628246,0,32.11,32.8,27.72,31.79
300291,百纳千成,6.4,20.0750469043152,1.0700000000000003,50584800.0,7903875,0,6.4,6.4,6.4,5.33
300292,吴通控股,4.5,-1.098901098901095,-0.04999999999999982,108007069.89,23893554,0,4.55,4.56,4.48,4.55
300293,蓝英装备,21.42,-1.9679633867276873,-0.4299999999999997,122008902.0,5657400,0,21.77,21.82,21.4,21.85
300294,博雅生物,23.32,0.38743004735256076,0.08999999999999986,68055113.64,2920566,0,23.22,23.38,23.21,23.23
300295,三六五网,12.51,-1.028481012658234,-0.13000000000000078,71897725.0,5702700,0,12.62,12.75,12.47,12.64
300296,利亚德,6.23,-1.42405063291139,-0.08999999999999986,314740863.12,50376189,0,6.29,6.3,6.19,6.32
300298,三诺生物,17.44,1.3364323067983754,0.23000000000000043,146777476.56,8397653,0,17.17,17.66,17.16,17.21
300299,富春股份,7.11,-1.3869625520110906,-0.09999999999999964,303065301.88,42521141,0,7.18,7.23,7.03,7.21
300300,海峡创新,17.15,0.9417304296645095,0.16000000000000014,3363211464.28,197058013,0,16.82,17.9,16.39,16.99
300301,ST长方,2.38,-1.244813278008309,-0.03000000000000025,21768252.0,9107200,0,2.4,2.41,2.37,2.41
300302,同有科技,18.54,-0.4830917874396128,-0.08999999999999986,368851950.06,19644856,0,18.49,19.06,18.46,18.63
300303,聚飞光电,6.9,-1.0043041606886571,-0.0699999999999994,260259881.61,37505393,0,6.95,7.0,6.88,6.97
300304,云意电气,11.54,-2.203389830508488,-0.26000000000000156,273037625.51,23482160,0,11.76,11.85,11.48,11.8
300305,裕兴股份,6.03,0.33277870216306926,0.020000000000000462,44460475.34,7384566,0,6.04,6.09,5.97,6.01
300306,远方信息,13.93,-2.3826208829712674,-0.33999999999999986,136539619.46,9755582,0,14.17,14.23,13.81,14.27
300307,慈星股份,7.23,-0.8230452674897066,-0.05999999999999961,108962399.92,14981536,0,7.3,7.38,7.19,7.29
300308,中际旭创,627.0,-2.000625195373547,-12.799999999999955,13392778801.7,21376184,0,628.3,636.95,618.0,639.8
300310,宜通世纪,6.02,-0.49586776859504544,-0.03000000000000025,132012258.46,21893646,0,6.01,6.09,5.96,6.05
300311,ST任子行,4.45,-0.22421524663676654,-0.009999999999999787,30958745.18,6952355,0,4.43,4.49,4.41,4.46
300313,*ST天山,8.45,1.3189448441246934,0.10999999999999943,28731304.0,3385500,0,8.31,8.63,8.29,8.34
300314,戴维医疗,12.79,-1.0061919504644024,-0.13000000000000078,26848452.0,2089300,0,12.93,12.96,12.75,12.92
300315,掌趣科技,4.9,0.20449897750512627,0.010000000000000675,179708025.41,36733809,0,4.89,4.92,4.85,4.89
300316,晶盛机电,38.34,-1.2364760432766535,-0.4799999999999969,795175640.2,20668013,0,39.09,39.2,38.08,38.82
300317,珈伟新能,3.9,0.0,0.0,77390729.44,19689784,0,3.91,3.97,3.89,3.9
300318,博晖创新,6.42,0.31249999999999334,0.019999999999999574,74958455.38,11707988,0,6.37,6.44,6.35,6.4
300319,麦捷科技,11.88,-0.41911148365464324,-0.049999999999998934,200133660.96,16817869,0,11.94,12.0,11.8,11.93
300320,海达股份,9.37,-0.8465608465608473,-0.08000000000000007,56688217.95,6021605,0,9.45,9.5,9.36,9.45
300321,同大股份,46.33,-2.0300274899555952,-0.9600000000000009,155050845.81,3347697,0,47.26,47.35,45.5,47.29
300322,硕贝德,25.2,-2.287708414113997,-0.5899999999999999,1371490433.34,54093525,0,25.5,25.99,24.76,25.79
300323,华灿光电,7.6,-0.5235602094240842,-0.040000000000000036,92452496.73,12141628,0,7.62,7.67,7.55,7.64
300324,旋极信息,6.15,0.9852216748768554,0.0600000000000005,746959760.06,122183825,0,6.03,6.24,5.98,6.09
300326,ST凯利,5.68,0.17636684303350594,0.009999999999999787,25414461.58,4444082,0,5.68,5.75,5.67,5.67
300327,中颖电子,28.73,-1.6769336071184069,-0.48999999999999844,328327247.73,11342158,0,29.03,29.34,28.6,29.22
300328,宜安科技,16.95,-0.11785503830288495,-0.019999999999999574,444389474.03,26154695,0,17.06,17.27,16.71,16.97
300329,海伦钢琴,15.17,-0.06587615283267316,-0.009999999999999787,74102337.2,4924240,0,15.18,15.3,14.65,15.18
300331,苏大维格,31.44,-1.6885553470919297,-0.5399999999999991,373485282.24,11718330,0,31.98,32.8,31.39,31.98
300332,天壕能源,5.32,-1.2987012987012876,-0.0699999999999994,60371410.98,11303254,0,5.37,5.39,5.29,5.39
300333,兆日科技,11.06,-1.073345259391764,-0.11999999999999922,102783611.0,9255432,0,11.19,11.27,11.0,11.18
300334,津膜科技,7.05,-1.2605042016806705,-0.08999999999999986,39143289.0,5532200,0,7.14,7.15,7.02,7.14
300335,迪森股份,5.75,-1.3722126929674112,-0.08000000000000007,50563608.1,8717215,0,5.81,5.85,5.74,5.83
300337,银邦股份,13.68,1.1834319526627228,0.16000000000000014,1190946344.65,87278971,0,13.46,13.96,13.3,13.52
300338,ST开元,3.87,-0.25773195876288113,-0.009999999999999787,15115195.0,3892300,0,3.87,3.93,3.85,3.88
300339,润和软件,49.67,0.0,0.0,1256285659.16,25097024,0,49.68,50.68,49.52,49.67
300340,科恒股份,12.69,1.115537848605568,0.1399999999999988,120454177.49,9456503,0,12.6,13.05,12.58,12.55
300341,麦克奥迪,16.89,-1.5734265734265709,-0.2699999999999996,84245007.12,4947484,0,17.19,17.21,16.89,17.16
300342,天银机电,33.7,4.755983835871934,1.5300000000000011,3921425622.92,115234812,0,33.0,35.43,32.66,32.17
300343,ST联创,5.95,-0.1677852348993253,-0.009999999999999787,76978034.94,12897403,0,5.97,6.03,5.92,5.96
300344,*ST立方,1.17,-2.500000000000002,-0.030000000000000027,76187232.12,64832056,0,1.18,1.23,1.15,1.2
300345,华民股份,6.41,1.263823064770933,0.08000000000000007,119544855.9,18374263,0,6.45,6.74,6.39,6.33
300346,南大光电,45.07,-2.340195016251351,-1.0799999999999983,2263712061.23,50116936,0,46.01,46.1,44.55,46.15
300347,泰格医药,55.11,0.474020054694618,0.259999999999998,485600355.85,8848677,0,55.22,55.49,54.15,54.85
300348,长亮科技,14.33,-1.1042097998619747,-0.16000000000000014,351798050.87,24372581,0,14.3,14.63,14.28,14.49
300349,金卡智能,14.44,-1.0281014393420174,-0.15000000000000036,209421300.83,14479080,0,14.5,14.74,14.22,14.59
300350,华鹏飞,6.46,-1.8237082066869317,-0.1200000000000001,135947100.3,20930105,0,6.5,6.58,6.45,6.58
300351,永贵电器,18.51,-2.0116463737427157,-0.379999999999999,418735702.9,22502863,0,18.63,18.84,18.36,18.89
300352,北信源,6.06,1.3377926421404545,0.07999999999999918,282959995.09,46871463,0,5.97,6.09,5.96,5.98
300353,东土科技,20.48,-0.485908649173945,-0.09999999999999787,407222904.95,19852732,0,20.43,20.88,20.21,20.58
300354,东华测试,44.87,-1.5792937047598286,-0.720000000000006,271714126.91,6038820,0,45.6,45.9,44.53,45.59
300355,蒙草生态,4.08,-0.7299270072992761,-0.03000000000000025,85854989.88,20965536,0,4.11,4.13,4.07,4.11
300357,我武生物,29.23,-1.516172506738542,-0.4499999999999993,130682765.24,4451545,0,29.7,29.72,29.06,29.68
300358,楚天科技,10.0,-1.3806706114398477,-0.14000000000000057,272822837.86,27076281,0,10.06,10.25,9.93,10.14
300359,全通教育,5.26,-1.1278195488721898,-0.0600000000000005,38545440.0,7286835,0,5.3,5.34,5.25,5.32
300360,炬华科技,17.62,-0.7323943661971775,-0.129999999999999,385143269.58,21904899,0,17.66,17.84,17.4,17.75
300363,博腾股份,23.54,-1.341156747694888,-0.3200000000000003,126943597.1,5360735,0,23.8,23.96,23.47,23.86
300364,中文在线,23.97,-0.7864238410596078,-0.19000000000000128,468881216.04,19506939,0,24.16,24.22,23.78,24.16
300365,恒华科技,6.33,-0.6279434850863428,-0.040000000000000036,69803751.0,10978000,0,6.35,6.42,6.31,6.37
300366,ST创意,7.12,2.15208034433286,0.15000000000000036,240391015.0,33866100,0,7.08,7.23,6.91,6.97
300368,汇金股份,14.75,-0.06775067750677363,-0.009999999999999787,579295594.96,38865089,0,14.64,15.15,14.64,14.76
300369,绿盟科技,7.44,0.6765899864682099,0.05000000000000071,125574340.18,16810291,0,7.37,7.57,7.36,7.39
300370,安控科技,2.62,-0.7575757575757582,-0.020000000000000018,43990909.72,16766506,0,2.64,2.66,2.61,2.64
300371,汇中股份,12.42,-1.5067406819984102,-0.1899999999999995,27293535.48,2171788,0,12.65,12.73,12.41,12.61
300373,扬杰科技,65.9,-1.33253481060039,-0.8900000000000006,597768276.21,9016916,0,66.79,67.17,65.68,66.79
300374,中铁装配,15.97,-1.0532837670384134,-0.16999999999999993,72957060.5,4548250,0,16.07,16.15,15.92,16.14
300375,鹏翎股份,5.41,-2.5225225225225167,-0.13999999999999968,162322003.15,29731365,0,5.55,5.57,5.39,5.55
300376,ST易事特,6.25,0.48231511254019693,0.03000000000000025,101633503.24,16339068,0,6.21,6.26,6.18,6.22
300377,赢时胜,23.7,-0.1684919966301565,-0.03999999999999915,4167452605.05,170125927,0,23.5,25.62,23.27,23.74
300378,鼎捷数智,42.94,0.4914579920430632,0.21000000000000085,395816480.98,9176374,0,42.6,43.88,42.49,42.73
300379,*ST东通,0.0,-100.0,-3.02,0.0,0,0,0.0,0.0,0.0,3.02
300380,安硕信息,41.43,-1.2631077216396593,-0.5300000000000011,178384756.0,4251400,0,41.73,42.58,41.33,41.96
300381,溢多利,6.62,-1.4880952380952328,-0.09999999999999964,54566598.83,8190303,0,6.7,6.72,6.61,6.72
300382,斯莱克,15.72,-1.3182674199623294,-0.20999999999999908,168179573.76,10634922,0,15.91,16.08,15.57,15.93
300383,光环新网,12.45,0.16090104585679463,0.019999999999999574,381248970.14,30595090,0,12.43,12.59,12.37,12.43
300384,三联虹普,15.88,-1.1207970112079575,-0.17999999999999794,34068255.29,2137007,0,16.06,16.06,15.83,16.06
300385,雪浪环境,6.27,-0.3179650238473841,-0.020000000000000462,40787509.48,6482448,0,6.33,6.38,6.24,6.29
300386,飞天诚信,16.39,-1.1459589867309876,-0.18999999999999773,89090656.0,5403500,0,16.42,16.65,16.35,16.58
300387,富邦科技,8.54,-1.385681293302552,-0.120000000000001,39544711.0,4588900,0,8.64,8.7,8.52,8.66
300388,节能国祯,8.09,-1.2210012210012167,-0.09999999999999964,53501519.0,6566620,0,8.19,8.23,8.06,8.19
300389,艾比森,16.13,-0.7384615384615446,-0.120000000000001,61944253.0,3823400,0,16.28,16.32,16.04,16.25
300390,天华新能,57.03,8.011363636363644,4.230000000000004,4068608123.09,71346064,0,59.0,60.19,54.3,52.8
300391,*ST长药,1.47,-3.921568627450984,-0.06000000000000005,51481089.5,34958550,0,1.49,1.53,1.43,1.53
300393,中来股份,6.95,3.2689450222882575,0.21999999999999975,549297722.48,78262551,0,6.84,7.17,6.81,6.73
300394,天孚通信,213.31,-0.6936685288640638,-1.490000000000009,4827757414.82,22579993,0,213.87,217.61,210.57,214.8
300395,菲利华,104.21,-0.6672385854542016,-0.7000000000000028,3121412753.06,29801087,0,105.1,106.65,103.01,104.91
300396,迪瑞医疗,12.88,-0.6172839506172845,-0.08000000000000007,23357592.0,1811200,0,13.02,13.02,12.82,12.96
300397,天和防务,15.25,0.9265387160820686,0.14000000000000057,968042200.07,63043609,0,15.39,15.76,14.9,15.11
300398,飞凯材料,23.22,-1.693480101608815,-0.40000000000000213,592119073.97,25430845,0,23.62,23.62,23.0,23.62
300399,天利科技,25.5,-1.582400617522193,-0.41000000000000014,179504132.5,6945480,0,25.7,26.35,25.43,25.91
300400,劲拓股份,20.0,-2.9126213592233077,-0.6000000000000014,194027183.26,9609749,0,20.59,20.59,19.96,20.6
300401,花园生物,15.04,-1.5706806282722525,-0.2400000000000002,287594904.83,18987540,0,15.29,15.46,14.98,15.28
300402,宝色股份,21.87,-0.18256503879506686,-0.03999999999999915,235768530.2,10755790,0,21.85,22.12,21.6,21.91
300403,汉宇集团,13.8,-1.1461318051575942,-0.16000000000000014,299156265.55,21640533,0,13.91,14.04,13.65,13.96
300404,博济医药,9.52,-1.039501039501036,-0.09999999999999964,40005516.6,4187080,0,9.61,9.64,9.48,9.62
300405,科隆股份,6.55,-0.7575757575757549,-0.04999999999999982,48966563.1,7426827,0,6.6,6.68,6.54,6.6
300406,九强生物,13.34,-0.5961251862891213,-0.08000000000000007,36298296.0,2712800,0,13.42,13.45,13.32,13.42
300407,凯发电气,11.47,-1.8819503849443875,-0.21999999999999886,95212415.0,8242900,0,11.76,11.76,11.44,11.69
300408,三环集团,45.68,-1.2964563526361308,-0.6000000000000014,1133822935.39,24768831,0,46.07,46.45,45.23,46.28
300409,道氏技术,22.82,0.9734513274336233,0.21999999999999886,629109108.61,27501134,0,22.9,23.09,22.65,22.6
300410,正业科技,8.42,-0.9411764705882361,-0.08000000000000007,63301240.22,7475862,0,8.54,8.57,8.39,8.5
300411,金盾股份,11.5,0.9657594381035947,0.10999999999999943,110008224.0,9578000,0,11.35,11.6,11.3,11.39
300412,迦南科技,5.39,-1.2820512820512873,-0.07000000000000028,56606524.0,10439000,0,5.45,5.46,5.38,5.46
300413,芒果超媒,23.98,-1.2355848434925893,-0.3000000000000007,435092392.04,18043184,0,24.25,24.49,23.87,24.28
300414,中光防雷,16.28,4.761904761904775,0.740000000000002,1348531532.96,82717518,0,15.54,16.97,15.41,15.54
300415,伊之密,25.73,-0.6563706563706493,-0.16999999999999815,209468192.61,8120185,0,25.8,26.0,25.6,25.9
300416,苏试试验,18.42,0.1631321370310013,0.030000000000001137,629035280.72,34077079,0,18.28,18.87,18.18,18.39
300417,南华仪器,13.82,-0.14450867052022812,-0.019999999999999574,40659784.3,2928600,0,13.87,14.04,13.67,13.84
300418,昆仑万维,39.69,-0.25131942699171,-0.10000000000000142,1372724390.89,34433328,0,39.65,40.33,39.44,39.79
300419,ST浩丰,6.21,-2.050473186119872,-0.1299999999999999,60546774.0,9696400,0,6.31,6.36,6.17,6.34
300420,五洋自控,3.95,-1.496259351620938,-0.05999999999999961,85163662.5,21472498,0,4.01,4.01,3.93,4.01
300421,力星股份,29.64,-4.356243949661175,-1.3499999999999979,1579310784.85,52485752,0,30.81,31.21,28.93,30.99
300422,博世科,4.63,-1.2793176972281555,-0.0600000000000005,31223470.92,6697104,0,4.68,4.72,4.62,4.69
300423,昇辉科技,8.95,-1.9715224534501803,-0.1800000000000015,323442719.0,36118120,0,9.08,9.11,8.81,9.13
300424,航新科技,18.36,-2.288451303885044,-0.4299999999999997,392437181.65,21193111,0,18.81,18.94,18.22,18.79
300425,中建环能,5.0,-1.1857707509881346,-0.05999999999999961,29078698.0,5790927,0,5.05,5.06,4.99,5.06
300426,华智数媒,7.99,1.139240506329112,0.08999999999999986,45246573.35,5640573,0,8.0,8.09,7.94,7.9
300427,红相股份,12.76,-0.6230529595015583,-0.08000000000000007,1394054020.78,107976904,0,12.9,13.29,12.6,12.84
300428,立中集团,23.92,3.147908581285038,0.7300000000000004,536275194.74,22345624,0,23.5,24.5,23.32,23.19
300429,强力新材,14.18,-2.1394064872325775,-0.3100000000000005,345520060.68,24346084,0,14.4,14.42,14.01,14.49
300430,诚益通,19.27,-1.482617586912061,-0.28999999999999915,137821763.5,7126683,0,19.56,19.56,19.16,19.56
300432,富临精工,16.21,1.5664160401002505,0.25,1308959928.52,80075335,0,16.51,16.69,16.08,15.96
300433,蓝思科技,28.71,-1.745379876796708,-0.509999999999998,1725198938.02,59997200,0,29.0,29.04,28.5,29.22
300434,金石亚药,10.79,1.2195121951219419,0.129999999999999,154154136.0,14256520,0,10.66,10.96,10.64,10.66
300435,中泰股份,22.92,-2.2601279317697127,-0.5299999999999976,421755619.0,18456700,0,23.21,23.23,22.45,23.45
300436,广生堂,90.7,-0.2639102705080216,-0.23999999999999488,395393728.96,4358648,0,90.85,92.0,89.66,90.94
300437,清水源,18.26,9.08004778972523,1.5200000000000031,1015749064.9,56404666,0,17.0,19.26,16.88,16.74
300438,鹏辉能源,57.69,0.24326672458731638,0.14000000000000057,1846071854.14,32021091,0,58.71,59.03,56.02,57.55
300439,美康生物,9.95,-0.7976071784646069,-0.08000000000000007,25122755.0,2517200,0,10.01,10.03,9.93,10.03
300440,运达科技,12.04,-1.5535568274734364,-0.19000000000000128,83932810.0,6958800,0,12.23,12.23,11.88,12.23
300441,鲍斯股份,7.59,-1.1718749999999982,-0.08999999999999986,36365652.0,4768600,0,7.68,7.69,7.57,7.68
300442,润泽科技,50.07,-1.145113524185584,-0.5799999999999983,991084913.89,19724999,0,50.5,50.9,50.0,50.65
300443,金雷股份,28.77,-0.1388406803193306,-0.03999999999999915,222157315.23,7721771,0,28.58,29.07,28.54,28.81
300444,双杰电气,10.29,-2.832861189801706,-0.3000000000000007,770259976.96,74882258,0,10.45,10.45,10.15,10.59
300445,康斯特,25.77,-0.731895223420652,-0.19000000000000128,481715006.36,18629645,0,25.5,26.9,25.21,25.96
300446,航天智造,25.55,-3.07283763277693,-0.8099999999999987,2321092620.69,90586413,0,25.81,26.35,25.15,26.36
300447,全信股份,17.96,-1.264431006047281,-0.23000000000000043,412237757.0,22793590,0,18.09,18.41,17.78,18.19
300448,浩云科技,8.04,0.7518796992481042,0.05999999999999872,284844512.15,35277972,0,7.96,8.3,7.9,7.98
300449,汉邦高科,7.66,4.931506849315073,0.3600000000000003,123938464.47,16436080,0,7.29,7.72,7.29,7.3
300450,先导智能,50.83,-0.11790135586559691,-0.060000000000002274,4453752761.32,87423963,0,51.0,52.27,49.91,50.89
300451,创业慧康,4.86,-1.0183299389002,-0.04999999999999982,128124107.15,26253665,0,4.91,4.93,4.83,4.91
300452,山河药辅,13.34,-1.9117647058823513,-0.2599999999999998,69302065.1,5174730,0,13.59,13.63,13.27,13.6
300453,三鑫医疗,8.86,-0.4494382022472014,-0.040000000000000924,33860690.68,3812320,0,8.9,8.94,8.83,8.9
300454,深信服,113.4,2.4112706583581702,2.6700000000000017,548063846.24,4812733,0,110.81,116.15,110.5,110.73
300455,航天智装,30.65,4.216252975178506,1.2399999999999984,3230085531.93,106203860,0,29.52,32.05,29.08,29.41
300456,赛微电子,57.32,-2.9954306989338346,-1.7700000000000031,5365107214.52,92868113,0,58.3,59.88,56.07,59.09
300457,赢合科技,26.93,0.6728971962616812,0.17999999999999972,394188262.8,14596023,0,26.96,27.41,26.7,26.75
300458,全志科技,42.0,-1.1764705882352942,-0.5,604831689.59,14320478,0,42.29,42.76,41.86,42.5
300459,汤姆猫,4.48,0.2237136465324536,0.010000000000000675,305217377.61,68035607,0,4.47,4.52,4.45,4.47
300460,ST惠伦,8.03,-0.9864364981504324,-0.08000000000000007,99259960.4,12242320,0,8.13,8.2,8.03,8.11
300461,田中精机,19.24,-3.0241935483871036,-0.6000000000000014,39602744.0,2034900,0,19.83,19.83,19.23,19.84
300462,ST华铭,11.02,-1.4311270125223625,-0.16000000000000014,26470441.0,2391700,0,11.19,11.19,11.0,11.18
300463,迈克生物,11.47,-0.17406440382941318,-0.019999999999999574,32829776.35,2859583,0,11.54,11.56,11.42,11.49
300464,星徽股份,6.42,-4.321907600596125,-0.29000000000000004,116256774.0,17794400,0,6.71,6.72,6.4,6.71
300465,高伟达,19.65,-1.4049172102358312,-0.28000000000000114,288468587.0,14552900,0,19.81,20.11,19.61,19.93
300466,赛摩智能,9.84,-0.9063444108761315,-0.08999999999999986,63541576.72,6439239,0,9.88,9.97,9.77,9.93
300467,迅游科技,27.05,-3.150733977801643,-0.879999999999999,191963686.18,7014638,0,27.8,28.3,26.86,27.93
300468,四方精创,37.0,1.8442058904486698,0.6700000000000017,2632132529.58,71352823,0,35.76,37.85,35.7,36.33
300469,信息发展,64.27,-0.2018633540372821,-0.13000000000000966,337208310.82,5218427,0,64.73,65.28,64.01,64.4
300470,中密控股,37.22,-0.21447721179624207,-0.0799999999999983,99225856.95,2660305,0,37.41,37.58,36.91,37.3
300471,厚普股份,12.91,-2.492447129909366,-0.33000000000000007,279295291.24,21417502,0,13.11,13.36,12.83,13.24
300472,*ST新元,8.3,0.48426150121066497,0.040000000000000924,75503718.0,9241700,0,8.26,8.42,8.04,8.26
300473,德尔股份,29.09,-1.4900101591601802,-0.4400000000000013,102735309.0,3492200,0,29.53,30.15,29.02,29.53
300474,景嘉微,74.28,-1.3807753584705154,-1.039999999999992,859817988.64,11475313,0,75.16,75.79,74.15,75.32
300475,香农芯创,159.33,4.781007497040648,7.27000000000001,8472298953.28,53167063,0,152.22,164.0,152.0,152.06
300476,胜宏科技,291.99,-2.510767587058857,-7.519999999999982,8796611420.45,30008992,0,295.94,297.15,290.0,299.51
300477,ST合纵,3.06,2.0000000000000018,0.06000000000000005,203886599.96,66428334,0,3.06,3.14,3.02,3.0
300478,杭州高新,32.4,-1.699029126213599,-0.5600000000000023,125329501.03,3839750,0,32.97,33.02,32.33,32.96
300479,神思电子,18.81,-0.31796502384738884,-0.060000000000002274,65475287.75,3483904,0,18.83,18.94,18.62,18.87
300480,光力科技,16.73,-1.9343493552168716,-0.3299999999999983,131799451.5,7789090,0,17.22,17.25,16.7,17.06
300481,濮阳惠成,15.63,-1.4501891551071793,-0.22999999999999865,93310028.24,5938281,0,15.86,15.86,15.61,15.86
300482,万孚生物,19.75,-0.20212228398180468,-0.03999999999999915,62324902.18,3150018,0,19.84,19.86,19.71,19.79
300483,首华燃气,14.91,-1.7139090309822005,-0.2599999999999998,120824327.9,8056415,0,15.26,15.26,14.9,15.17
300484,蓝海华腾,18.95,-1.1476264997391883,-0.22000000000000242,70852231.2,3717038,0,19.2,19.21,18.91,19.17
300485,赛升药业,10.73,-1.1970534069981493,-0.129999999999999,39774071.0,3692500,0,10.86,10.86,10.7,10.86
300486,东杰智能,0.0,-100.0,-21.59,0.0,0,0,0.0,0.0,0.0,21.59
300487,蓝晓科技,62.3,1.764129369487093,1.0799999999999983,233885817.19,3769450,0,61.5,62.62,61.25,61.22
300488,恒锋工具,31.52,-0.7869058860560277,-0.25,53540306.1,1694163,0,31.83,31.95,31.21,31.77
300489,光智科技,52.19,6.185147507629703,3.039999999999999,609214150.43,11927642,0,49.18,53.98,48.66,49.15
300490,华自科技,12.43,0.3228410008070956,0.03999999999999915,404610112.94,32360829,0,12.41,12.72,12.36,12.39
300491,通合科技,26.3,-2.3393984404010357,-0.629999999999999,359761639.4,13615090,0,26.94,26.98,26.1,26.93
300492,华图山鼎,74.51,-0.9307272969019927,-0.6999999999999886,97511402.8,1306420,0,75.23,75.55,73.7,75.21
300493,润欣科技,18.79,-1.3648293963254674,-0.26000000000000156,268243067.93,14203579,0,19.0,19.05,18.72,19.05
300494,盛天网络,11.95,-0.4995836802664488,-0.0600000000000005,83462228.2,6979940,0,11.99,12.05,11.83,12.01
300496,中科创达,65.87,-0.798192771084339,-0.5300000000000011,671709462.68,10118861,0,66.16,67.17,65.75,66.4
300497,富祥药业,16.08,6.702057067020557,1.009999999999998,1399843500.99,88917122,0,15.55,16.69,14.71,15.07
300498,温氏股份,16.73,0.48048048048049163,0.08000000000000185,481974534.81,28925527,0,16.65,16.76,16.57,16.65
300499,高澜股份,30.66,-2.666666666666666,-0.8399999999999999,1143538037.71,36978591,0,31.31,31.82,30.42,31.5
300500,启迪设计,14.1,0.6423982869379006,0.08999999999999986,75529414.5,5352565,0,14.01,14.22,13.9,14.01
300501,海顺新材,15.1,-1.113294040602488,-0.16999999999999993,38079996.75,2498735,0,15.19,15.39,15.1,15.27
300502,新易盛,445.3,-0.6004598316926713,-2.6899999999999977,11032596303.46,24906944,0,441.0,450.0,435.79,447.99
300503,昊志机电,46.72,7.600184246890827,3.299999999999997,3449217494.52,72628469,0,46.0,49.56,45.88,43.42
300504,天邑股份,14.99,-1.056105610561057,-0.16000000000000014,73402072.0,4894500,0,15.09,15.15,14.8,15.15
300505,川金诺,22.98,1.59151193633952,0.35999999999999943,453963152.67,19805041,0,22.62,23.25,22.51,22.62
300506,*ST名家,4.15,-0.9546539379474948,-0.040000000000000036,42504076.93,10216777,0,4.21,4.22,4.13,4.19
300507,苏奥传感,9.33,-1.478352692713839,-0.14000000000000057,262982710.15,28081621,0,9.43,9.49,9.25,9.47
300508,维宏股份,34.93,-0.4559703619264853,-0.1600000000000037,160664404.17,4524603,0,35.23,36.65,34.8,35.09
300509,新美星,12.96,1.0920436817472743,0.14000000000000057,130539738.87,10119326,0,12.75,13.03,12.63,12.82
300510,金冠股份,4.25,-0.468384074941442,-0.019999999999999574,65267509.86,15337311,0,4.27,4.28,4.21,4.27
300511,雪榕生物,6.38,0.7898894154818297,0.04999999999999982,78002427.77,12210536,0,6.32,6.48,6.32,6.33
300512,中亚股份,10.55,-2.2242817423540173,-0.23999999999999844,186140571.5,17326450,0,10.68,11.1,10.52,10.79
300513,恒实科技,9.77,-1.6112789526686822,-0.16000000000000014,67768251.04,6894500,0,9.93,9.97,9.73,9.93
300514,友讯达,13.37,-1.0362694300518176,-0.14000000000000057,32180863.65,2396239,0,13.51,13.55,13.32,13.51
300515,三德科技,19.66,-1.2060301507537612,-0.23999999999999844,40764729.63,2062000,0,19.9,19.93,19.64,19.9
300516,久之洋,76.73,7.269677058576825,5.200000000000003,1936849382.27,25979495,0,71.0,80.0,70.0,71.53
300517,海波重科,11.25,-0.7060900264783766,-0.08000000000000007,27302902.2,2410940,0,11.35,11.45,11.22,11.33
300518,新迅达,17.89,4.3757292882147025,0.75,372468264.85,21054536,0,17.0,18.25,16.61,17.14
300519,新光药业,15.21,-1.2978585334198525,-0.1999999999999993,40442136.67,2648953,0,15.41,15.45,15.18,15.41
300520,科大国创,37.48,1.160593792172739,0.4299999999999997,1556720171.54,41179430,0,37.5,38.49,37.02,37.05
300521,爱司凯,28.72,-0.27777777777778423,-0.08000000000000185,62923768.0,2197700,0,28.79,28.82,28.39,28.8
300522,世名科技,12.71,0.0,0.0,51445358.4,4054420,0,12.71,12.78,12.57,12.71
300523,辰安科技,23.95,3.143841515934541,0.7300000000000004,166860260.93,7113495,0,23.05,23.95,22.95,23.22
300525,博思软件,13.42,-0.7396449704141985,-0.09999999999999964,163189456.59,12102286,0,13.5,13.58,13.38,13.52
300527,ST应急,8.06,-0.3708281829418957,-0.02999999999999936,83737720.72,10401904,0,8.09,8.1,7.99,8.09
300528,幸福蓝海,20.07,3.506962351727693,0.6799999999999997,415320906.54,20940198,0,19.27,20.35,19.27,19.39
300529,健帆生物,20.12,-0.19841269841269418,-0.03999999999999915,68198927.1,3377594,0,20.16,20.29,20.1,20.16
300530,领湃科技,27.7,1.16873630387144,0.3200000000000003,147496211.0,5241700,0,27.59,29.66,27.59,27.38
300531,优博讯,17.69,-0.7851934941110321,-0.13999999999999702,110675195.1,6217973,0,17.71,17.96,17.66,17.83
300532,今天国际,11.8,-0.9235936188077198,-0.10999999999999943,43202882.0,3643278,0,11.88,11.96,11.78,11.91
300533,冰川网络,34.36,-0.8369408369408347,-0.28999999999999915,183370748.0,5307275,0,34.49,35.0,34.11,34.65
300534,陇神戎发,9.54,-1.750772399588071,-0.1700000000000017,69634665.0,7241500,0,9.7,9.7,9.52,9.71
300535,达威股份,17.85,-2.2988505747126338,-0.41999999999999815,44466071.01,2462191,0,18.19,18.28,17.8,18.27
300536,农尚环境,7.11,-1.5235457063711833,-0.10999999999999943,39777450.67,5580454,0,7.2,7.2,7.06,7.22
300537,广信材料,22.75,-2.4442538593482004,-0.5700000000000003,184063077.0,8037200,0,23.2,23.28,22.7,23.32
300538,同益股份,16.03,-1.716738197424878,-0.2799999999999976,120667650.0,7488300,0,16.31,16.31,15.97,16.31
300539,横河精密,38.81,-0.4616568350859187,-0.17999999999999972,361270418.0,9216300,0,38.7,40.43,38.21,38.99
300540,蜀道装备,19.46,1.7782426778242668,0.33999999999999986,155655650.0,8048250,0,19.13,19.99,18.95,19.12
300541,先进数通,14.57,-1.0862186014935515,-0.16000000000000014,130359075.92,8907078,0,14.63,14.75,14.51,14.73
300542,新晨科技,19.8,-0.15128593040845986,-0.029999999999997584,307257211.34,15475558,0,19.54,20.2,19.5,19.83
300543,朗科智能,10.88,0.2764976958525451,0.030000000000001137,83916284.53,7768991,0,10.8,10.9,10.68,10.85
300545,联得装备,31.5,-1.3775829680651261,-0.4400000000000013,216512147.7,6832842,0,31.71,32.08,31.42,31.94
300546,雄帝科技,25.12,-1.219032638615803,-0.3099999999999987,239328677.1,9492680,0,25.14,25.57,24.88,25.43
300547,川环科技,40.01,-1.6711722782010316,-0.6799999999999997,742741176.38,18435966,0,40.47,41.65,39.61,40.69
300548,长芯博创,142.47,-3.6648860639664536,-5.4199999999999875,3141547635.8,21891028,0,145.5,147.39,140.9,147.89
300549,优德精密,18.83,-1.7736045905060165,-0.3400000000000034,69369916.0,3651500,0,18.98,19.22,18.76,19.17
300550,和仁科技,14.06,-1.815642458100557,-0.2599999999999998,51468011.64,3630272,0,14.32,14.38,14.0,14.32
300551,古鳌科技,17.23,8.638083228247169,1.370000000000001,847513704.3,48954305,0,16.0,18.5,15.86,15.86
300552,万集科技,32.3,2.3771790808240776,0.7499999999999964,844281273.65,26443620,0,30.88,33.0,30.73,31.55
300553,集智股份,39.89,-2.659834065397746,-1.0899999999999963,341201419.0,8387770,0,40.86,41.8,39.73,40.98
300554,三超新材,23.64,-2.515463917525771,-0.6099999999999994,84682977.0,3546500,0,24.24,24.39,23.59,24.25
300555,ST路通,14.82,-2.883355176933155,-0.4399999999999995,93719755.58,6213931,0,15.14,15.5,14.77,15.26
300556,丝路视觉,18.74,-1.0036978341257332,-0.19000000000000128,48972914.0,2601500,0,18.93,19.04,18.64,18.93
300557,理工光科,37.7,2.66884531590415,0.980000000000004,562403211.57,14906523,0,36.85,39.3,36.22,36.72
300558,贝达药业,47.48,-0.7939824488090317,-0.38000000000000256,173054381.93,3638673,0,47.87,47.97,47.17,47.86
300559,佳发教育,12.24,0.0,0.0,99948058.75,8163435,0,12.23,12.44,12.05,12.24
300560,中富通,16.82,-1.5222482435597076,-0.259999999999998,276048195.0,16261500,0,17.0,17.25,16.79,17.08
300561,*ST汇科,14.65,0.8258774948382724,0.120000000000001,122263850.06,8256576,0,14.55,15.24,14.52,14.53
300562,乐心医疗,13.56,-0.29411764705881727,-0.03999999999999915,48181274.4,3549540,0,13.57,13.64,13.47,13.6
300563,神宇股份,37.15,-0.8010680907877283,-0.30000000000000426,360738635.61,9752247,0,37.81,38.0,36.4,37.45
300564,筑博设计,15.49,-0.8957133717210528,-0.14000000000000057,24962596.0,1609500,0,15.6,15.74,15.34,15.63
300565,科信技术,12.87,0.0,0.0,174803750.0,13560600,0,12.86,13.08,12.69,12.87
300566,激智科技,18.43,-0.593311758360299,-0.10999999999999943,62003817.0,3346595,0,18.59,18.68,18.4,18.54
300567,精测电子,85.6,1.590315689532387,1.3399999999999892,779894898.59,9153623,0,84.29,86.77,83.0,84.26
300568,星源材质,16.2,8.870967741935473,1.3199999999999985,2647484201.19,167062832,0,15.19,16.5,14.97,14.88
300569,天能重工,5.85,-0.6791171477079803,-0.040000000000000036,92858457.7,15824615,0,5.87,5.91,5.79,5.89
300570,太辰光,117.25,-2.2916666666666665,-2.75,1729440818.63,14738804,0,118.03,120.55,115.11,120.0
300571,平治信息,27.63,-0.036179450072364554,-0.010000000000001563,65610622.0,2366600,0,27.6,28.01,27.42,27.64
300572,安车检测,28.66,-0.1393728222996486,-0.03999999999999915,99947204.0,3486200,0,28.52,28.97,28.42,28.7
300573,兴齐眼药,68.56,-0.3633192849876471,-0.25,295567084.5,4311995,0,68.5,69.06,68.01,68.81
300575,中旗股份,5.9,-1.0067114093959666,-0.05999999999999961,29863188.0,5039400,0,5.96,5.98,5.88,5.96
300576,容大感光,40.11,-2.928363988383351,-1.2100000000000009,811626145.55,20121317,0,41.0,41.18,39.8,41.32
300577,开润股份,21.27,-3.0979498861047823,-0.6799999999999997,76928289.29,3589608,0,21.91,21.93,21.23,21.95
300578,会畅科技,20.72,1.668302257114818,0.33999999999999986,334347759.52,15957519,0,20.39,21.57,20.19,20.38
300579,数字认证,29.42,0.13614703880191525,0.0400000000000027,113866438.17,3882100,0,29.21,29.61,28.91,29.38
300580,贝斯特,24.66,0.12180267965895711,0.030000000000001137,252183982.28,10141549,0,24.66,25.31,24.46,24.63
300581,晨曦航空,16.46,-1.2004801920768264,-0.1999999999999993,412096636.68,24971450,0,16.45,16.77,16.22,16.66
300582,英飞特,14.8,-0.403768506056519,-0.05999999999999872,104061265.75,7031275,0,14.77,15.05,14.61,14.86
300583,赛托生物,13.72,-1.6487455197132521,-0.22999999999999865,27162815.08,1956943,0,13.91,14.03,13.7,13.95
300584,海辰药业,51.96,1.3853658536585383,0.7100000000000009,396436563.0,7583000,0,51.47,53.93,50.62,51.25
300585,奥联电子,0.0,-100.0,-22.68,0.0,0,0,0.0,0.0,0.0,22.68
300586,美联新材,11.22,0.2680965147453185,0.030000000000001137,235584633.23,20914455,0,11.21,11.53,11.08,11.19
300587,天铁科技,6.06,-13.428571428571434,-0.9400000000000004,736697059.9,119370339,0,6.83,6.83,5.95,7.0
300588,熙菱信息,28.16,-1.5728766165676311,-0.4499999999999993,100753620.0,3565300,0,28.59,28.6,28.03,28.61
300589,江龙船艇,19.43,-1.9182231196365422,-0.379999999999999,828423396.54,42609474,0,19.6,19.94,19.14,19.81
300590,移为通信,12.61,-0.23734177215190772,-0.030000000000001137,83097837.66,6596791,0,12.6,12.7,12.46,12.64
300591,万里马,9.98,3.9583333333333415,0.3800000000000008,696315666.15,69521490,0,9.54,10.52,9.44,9.6
300592,华凯易佰,10.68,-1.7479300827966837,-0.1899999999999995,76159943.0,7064360,0,10.82,10.86,10.68,10.87
300593,新雷能,30.0,-0.8919722497522286,-0.2699999999999996,1653516342.47,54947614,0,29.51,30.92,29.05,30.27
300594,朗进科技,19.65,-0.606980273141128,-0.120000000000001,73963336.0,3787400,0,19.67,19.76,19.29,19.77
300595,欧普康视,15.03,-0.3976143141153115,-0.0600000000000005,90332202.2,6007430,0,15.06,15.11,14.95,15.09
300596,利安隆,42.86,-1.561782269177767,-0.6799999999999997,267556272.26,6227923,0,43.42,43.74,42.5,43.54
300597,吉大通信,9.15,0.21905805038334691,0.019999999999999574,84442493.24,9134000,0,9.13,9.49,9.06,9.13
300598,诚迈科技,47.16,3.28515111695138,1.5,641570484.4,13527966,0,46.0,48.42,46.0,45.66
300599,雄塑科技,7.41,-0.9358288770053513,-0.07000000000000028,35670499.0,4784800,0,7.48,7.52,7.4,7.48
300600,国瑞科技,14.89,-0.20107238605897695,-0.02999999999999936,97346010.0,6567200,0,14.93,14.95,14.66,14.92
300601,康泰生物,15.12,-0.329597890573505,-0.05000000000000071,95868766.58,6316143,0,15.19,15.27,15.08,15.17
300602,飞荣达,33.31,-2.9146021568055955,-1.0,1276504633.81,38095585,0,34.8,34.85,32.96,34.31
300603,立昂技术,9.75,-0.10245901639344043,-0.009999999999999787,65143598.52,6678860,0,9.68,9.82,9.68,9.76
300604,长川科技,105.03,-1.148235294117646,-1.2199999999999989,3400652168.06,32270303,0,107.52,108.12,104.09,106.25
300605,恒锋信息,15.91,-1.0572139303482473,-0.16999999999999815,107713478.0,6748200,0,16.1,16.16,15.79,16.08
300606,金太阳,22.61,0.08853474988932968,0.019999999999999574,104648116.0,4632600,0,22.55,22.9,22.28,22.59
300607,拓斯达,31.5,-1.4392991239048838,-0.46000000000000085,1068137580.85,33967855,0,31.2,31.9,31.02,31.96
300608,思特奇,10.91,-0.36529680365296024,-0.03999999999999915,46434258.01,4246231,0,10.93,11.02,10.85,10.95
300609,汇纳科技,37.89,-2.7963057978450396,-1.0899999999999963,193812762.0,5050700,0,39.0,39.15,37.73,38.98
300610,晨化股份,11.91,-0.7499999999999989,-0.08999999999999986,41722005.3,3483210,0,12.06,12.16,11.87,12.0
300611,美力科技,26.61,-1.6266173752310584,-0.4400000000000013,173151038.0,6455600,0,27.08,27.28,26.44,27.05
300612,宣亚国际,16.28,-0.9129640900791149,-0.14999999999999858,224365645.24,13786542,0,16.36,16.44,16.01,16.43
300613,富瀚微,45.4,-1.5397961396660178,-0.7100000000000009,127651006.35,2791715,0,46.07,46.2,45.36,46.11
300614,百川畅银,12.32,0.1626016260162567,0.019999999999999574,26497940.23,2158556,0,12.3,12.36,12.2,12.3
300615,欣天科技,13.38,-0.9622501850481052,-0.129999999999999,53654650.73,3985688,0,13.45,13.6,13.32,13.51
300616,尚品宅配,14.11,-0.8432888264230569,-0.120000000000001,45772944.0,3225950,0,14.23,14.33,14.09,14.23
300617,安靠智电,32.3,1.4765944077913884,0.46999999999999886,97264504.3,2991680,0,31.85,33.2,31.63,31.83
300618,寒锐钴业,45.08,2.0602218700475357,0.9099999999999966,493527518.16,10962672,0,45.0,45.63,44.42,44.17
300619,金银河,46.42,3.1555555555555594,1.4200000000000017,844370939.3,18184468,0,45.5,47.6,45.17,45.0
300620,光库科技,152.68,-2.5405336397293437,-3.9799999999999898,2018171173.14,13164239,0,153.58,156.98,150.12,156.66
300621,维业股份,8.46,-1.0526315789473666,-0.08999999999999986,27691367.5,3247550,0,8.56,8.61,8.44,8.55
300622,博士眼镜,30.36,-0.5893909626719047,-0.17999999999999972,349966321.23,11560024,0,30.22,30.84,29.93,30.54
300623,捷捷微电,27.52,-0.7573025604038978,-0.21000000000000085,269114184.34,9730961,0,27.69,27.86,27.43,27.73
300624,万兴科技,67.45,-0.08887572211524555,-0.060000000000002274,371207358.49,5498161,0,67.35,68.06,66.85,67.51
300625,三雄极光,11.91,-1.4888337468982609,-0.17999999999999972,20079526.0,1672600,0,12.09,12.18,11.89,12.09
300626,华瑞股份,14.37,0.7713884992987338,0.10999999999999943,129379471.6,8943780,0,14.29,14.69,14.14,14.26
300627,华测导航,34.15,1.5462384775497948,0.519999999999996,996658388.55,29297783,0,33.63,34.69,33.33,33.63
300628,亿联网络,36.68,-0.46132971506106296,-0.1700000000000017,166699909.21,4532733,0,36.85,36.99,36.5,36.85
300629,新劲刚,23.33,7.313707451701931,1.5899999999999999,1544787724.11,67413019,0,21.76,24.56,21.74,21.74
300630,普利退,0.89,1.1363636363636374,0.010000000000000009,32787848.0,36818346,0,0.9,0.95,0.86,0.88
300631,久吾高科,29.19,0.5858028945554848,0.1700000000000017,101543286.0,3475000,0,29.39,29.5,28.95,29.02
300632,光莆股份,14.12,-2.1483021483021516,-0.3100000000000005,173224756.12,12224117,0,14.34,14.36,14.04,14.43
300633,开立医疗,26.55,-0.7476635514018665,-0.1999999999999993,64114036.4,2409400,0,26.7,26.8,26.47,26.75
300634,彩讯股份,24.23,-1.0616578195181625,-0.259999999999998,209876120.74,8617680,0,24.43,24.59,24.1,24.49
300635,中达安,15.89,-2.8134556574923595,-0.46000000000000085,54881094.0,3423500,0,16.34,16.35,15.86,16.35
300636,同和药业,7.55,-1.1780104712041866,-0.08999999999999986,49084212.56,6466252,0,7.62,7.64,7.54,7.64
300637,扬帆新材,12.02,-1.636661211129305,-0.20000000000000107,62092642.0,5134200,0,12.22,12.28,11.96,12.22
300638,广和通,28.25,1.1457214464733272,0.3200000000000003,1192482357.37,42386177,0,27.7,28.77,27.54,27.93
300639,凯普生物,5.49,-0.9025270758122712,-0.04999999999999982,27454932.59,4977832,0,5.55,5.56,5.47,5.54
300640,德艺文创,8.9,2.8901734104046244,0.25,554754770.04,63404510,0,8.64,9.07,8.4,8.65
300641,正丹股份,17.8,-0.16825574873806834,-0.029999999999997584,80929386.0,4536100,0,17.83,17.94,17.74,17.83
300642,透景生命,18.77,-2.3920956838273577,-0.46000000000000085,78987910.0,4187100,0,19.21,19.25,18.66,19.23
300643,万通智控,19.07,-2.355350742447521,-0.46000000000000085,72412335.0,3763100,0,19.45,19.52,19.01,19.53
300644,南京聚隆,34.22,-1.012438530517794,-0.3500000000000014,95078681.2,2750700,0,34.58,35.04,34.16,34.57
300645,正元智慧,18.25,-1.1375947995666351,-0.21000000000000085,53124979.0,2893000,0,18.46,18.57,18.21,18.46
300647,超频三,7.22,-0.824175824175831,-0.0600000000000005,221486811.76,30598382,0,7.2,7.31,7.14,7.28
300648,星云股份,56.01,-2.7266411948593268,-1.5700000000000003,425391938.78,7506274,0,57.6,58.49,55.71,57.58
300649,杭州园林,14.31,-0.968858131487881,-0.1399999999999988,29511555.0,2049900,0,14.43,14.53,14.28,14.45
300650,太龙股份,16.96,-1.0501750291715268,-0.17999999999999972,131653865.2,7698400,0,17.1,17.35,16.88,17.14
300651,金陵体育,20.7,-0.48076923076923755,-0.10000000000000142,98776545.0,4770400,0,20.85,20.97,20.54,20.8
300652,雷迪克,52.29,-1.078320090805903,-0.5700000000000003,123536440.12,2334062,0,52.98,53.8,52.27,52.86
300653,正海生物,20.39,-1.3546202225447561,-0.28000000000000114,36222318.84,1764768,0,20.68,20.75,20.34,20.67
300654,世纪天鸿,9.38,-0.7407407407407249,-0.06999999999999851,62676539.0,6664400,0,9.43,9.48,9.32,9.45
300655,晶瑞电材,17.06,-2.9026750142288082,-0.5100000000000016,1380221525.27,80601599,0,17.5,17.5,16.8,17.57
300656,民德电子,22.39,-1.7982456140350884,-0.41000000000000014,91535608.12,4048739,0,22.91,23.0,22.33,22.8
300657,弘信电子,27.72,-1.3874066168623287,-0.39000000000000057,378098737.85,13554437,0,28.22,28.24,27.65,28.11
300658,延江股份,12.97,0.6206361520558578,0.08000000000000007,272190861.49,20665300,0,12.96,13.64,12.77,12.89
300659,中孚信息,15.69,0.3196930946291492,0.049999999999998934,193813327.73,12252740,0,15.55,16.09,15.48,15.64
300660,江苏雷利,53.14,1.9765879869506835,1.0300000000000011,1153213193.57,21708677,0,52.0,54.37,51.88,52.11
300661,圣邦股份,69.28,-0.6880733944954185,-0.480000000000004,1215707153.11,17463627,0,69.87,70.36,69.02,69.76
300662,科锐国际,24.95,-0.9134233518665624,-0.23000000000000043,66281314.05,2647187,0,25.18,25.26,24.81,25.18
300663,科蓝软件,17.1,-0.8120649651971986,-0.13999999999999702,123852072.3,7206667,0,17.2,17.34,17.01,17.24
300664,鹏鹞环保,5.43,-0.1838235294117771,-0.010000000000000675,51943363.5,9567700,0,5.44,5.47,5.4,5.44
300665,飞鹿股份,9.86,0.3051881993896171,0.02999999999999936,71828700.04,7323372,0,9.82,9.92,9.69,9.83
300666,江丰电子,94.66,-1.6519480519480556,-1.5900000000000034,916261241.46,9630381,0,96.5,96.8,94.0,96.25
300667,必创科技,17.61,-1.0674157303370857,-0.19000000000000128,144955256.75,8217955,0,17.73,17.86,17.45,17.8
300668,杰恩设计,26.79,0.7142857142857056,0.18999999999999773,477589914.91,17627092,0,26.61,27.83,25.8,26.6
300669,沪宁股份,27.75,3.506154419992545,0.9400000000000013,88530389.0,3182150,0,27.05,28.5,26.8,26.81
300670,大烨智能,8.0,-1.7199017199017268,-0.14000000000000057,65636071.7,8171030,0,8.21,8.21,7.91,8.14
300671,富满微,32.85,-1.143544989467335,-0.37999999999999545,117408255.8,3549676,0,33.05,33.45,32.75,33.23
300672,国科微,106.78,1.10784963545119,1.1700000000000017,1084635829.74,10210389,0,105.0,109.5,103.5,105.61
300673,佩蒂股份,18.21,-2.776294714361984,-0.5199999999999996,119902909.8,6543720,0,18.73,18.74,18.14,18.73
300674,宇信科技,22.61,-0.5279366476022921,-0.120000000000001,259324745.4,11439209,0,22.62,22.83,22.47,22.73
300675,建科院,15.77,1.4800514800514828,0.23000000000000043,76262934.14,4857713,0,15.51,15.99,15.4,15.54
300676,华大基因,45.88,0.19654946494868622,0.09000000000000341,136296055.8,2966860,0,45.71,46.18,45.63,45.79
300677,英科医疗,40.55,-6.717276282493678,-2.9200000000000017,1072841906.07,26075758,0,43.52,44.2,39.42,43.47
300678,中科信息,29.95,-0.8934480476505611,-0.2699999999999996,157317914.47,5233225,0,30.22,30.34,29.82,30.22
300679,电连技术,48.95,-0.36637492367189034,-0.17999999999999972,249384549.16,5072006,0,49.05,49.93,48.66,49.13
300680,隆盛科技,52.53,-1.849775784753367,-0.990000000000002,1305324447.39,24438826,0,53.45,55.4,52.08,53.52
300681,英搏尔,24.61,-0.6860371267150996,-0.1700000000000017,175294234.3,7066123,0,24.72,25.2,24.52,24.78
300682,朗新集团,15.5,-1.5873015873015872,-0.25,214030723.15,13685682,0,15.78,15.83,15.48,15.75
300683,海特生物,28.42,-0.733496332518328,-0.2099999999999973,72231705.0,2538400,0,28.59,28.77,28.19,28.63
300684,中石科技,51.35,-3.0034000755572277,-1.5899999999999963,1123481128.96,21789640,0,52.78,52.93,50.71,52.94
300685,艾德生物,20.58,-0.43541364296082924,-0.09000000000000341,62930463.4,3048710,0,20.59,20.8,20.52,20.67
300686,智动力,15.44,2.455209024552085,0.3699999999999992,197095765.0,12903200,0,15.1,15.49,14.95,15.07
300687,赛意信息,22.06,-0.7647323436797198,-0.1700000000000017,146082379.45,6590815,0,22.11,22.37,21.89,22.23
300688,创业黑马,28.89,0.6620209059233494,0.19000000000000128,318822236.5,10940130,0,28.65,29.55,28.65,28.7
300689,澄天伟业,44.41,-1.135351736420314,-0.5100000000000051,48701841.6,1090860,0,44.58,45.19,44.21,44.92
300690,双一科技,31.37,-1.3522012578616343,-0.4299999999999997,203090002.44,6428623,0,31.88,31.98,31.2,31.8
300691,联合光电,17.05,-0.8720930232558057,-0.14999999999999858,59371841.92,3467639,0,17.17,17.27,16.99,17.2
300692,中环环保,8.27,-0.7202881152461044,-0.0600000000000005,51656797.94,6233209,0,8.34,8.38,8.23,8.33
300693,盛弘股份,40.1,-0.5209625403125796,-0.21000000000000085,348656303.38,8654547,0,40.3,40.85,39.88,40.31
300694,蠡湖股份,12.1,-1.7059301380991134,-0.21000000000000085,58362359.0,4789800,0,12.32,12.36,12.1,12.31
300695,兆丰股份,88.65,-3.188817298241769,-2.9199999999999875,120243805.95,1345300,0,90.95,91.94,87.71,91.57
300696,爱乐达,28.04,-2.197418904778523,-0.6300000000000026,386726691.66,13748596,0,28.28,28.88,27.63,28.67
300697,电工合金,17.3,4.028863499699349,0.6700000000000017,461842690.34,26924147,0,16.81,17.45,16.73,16.63
300698,万马科技,42.6,-0.9302325581395315,-0.3999999999999986,232042305.0,5432100,0,42.48,43.3,42.12,43.0
300699,光威复材,34.87,8.426616915422889,2.710000000000001,3535415703.8,101640019,0,33.33,36.66,33.13,32.16
300700,岱勒新材,12.72,-0.3134796238244447,-0.03999999999999915,109830701.89,8607512,0,12.77,12.98,12.58,12.76
300701,森霸传感,13.39,-0.9615384615384541,-0.129999999999999,175708580.87,13163050,0,13.42,13.62,13.11,13.52
300702,天宇股份,23.77,-1.4919187733112285,-0.35999999999999943,37358985.84,1556417,0,24.01,24.24,23.77,24.13
300703,创源股份,25.66,-1.117533718689785,-0.28999999999999915,375233853.91,14681506,0,25.6,25.9,25.27,25.95
300705,九典制药,15.28,-0.7147498375568629,-0.11000000000000121,70431380.72,4597536,0,15.39,15.39,15.24,15.39
300706,阿石创,36.11,-1.9815418023887186,-0.730000000000004,216781002.0,5942200,0,36.81,37.0,36.0,36.84
300707,威唐工业,16.63,-0.12012012012011758,-0.019999999999999574,175002929.0,10496700,0,16.56,16.88,16.45,16.65
300708,聚灿光电,8.84,-0.674157303370792,-0.0600000000000005,146294249.12,16520910,0,8.87,8.92,8.78,8.9
300709,精研科技,46.14,-1.5364916773367452,-0.7199999999999989,339569514.34,7344818,0,46.9,47.1,45.73,46.86
300710,万隆光电,29.59,-5.3725615606012145,-1.6799999999999997,366686449.55,12251936,0,30.59,30.61,29.15,31.27
300711,广哈通信,23.22,1.7974572555896544,0.41000000000000014,170074311.48,7408504,0,22.59,23.27,22.53,22.81
300712,永福股份,28.0,-0.638750887154009,-0.17999999999999972,126426363.26,4512938,0,28.1,28.35,27.6,28.18
300713,英可瑞,17.53,-1.0163749294184061,-0.17999999999999972,65691273.0,3737183,0,17.81,17.83,17.39,17.71
300715,凯伦股份,10.39,-1.7029328287606407,-0.17999999999999972,34327680.34,3279806,0,10.57,10.64,10.37,10.57
300716,ST泉为,9.96,-0.7968127490039673,-0.0799999999999983,15985535.0,1582900,0,10.05,10.3,9.96,10.04
300717,华信新材,18.97,-1.5057113187954447,-0.2900000000000027,24449483.0,1277500,0,19.39,19.42,18.91,19.26
300718,长盛轴承,83.78,-0.6757557794902113,-0.5699999999999932,929082037.66,11038486,0,84.32,85.32,82.8,84.35
300719,安达维尔,17.61,-0.620767494356656,-0.10999999999999943,181989500.0,10304200,0,17.6,17.88,17.43,17.72
300720,海川智能,32.42,4.479535932968097,1.3900000000000006,301260734.5,9446890,0,30.98,33.5,30.32,31.03
300721,怡达股份,12.89,-1.5278838808250519,-0.1999999999999993,31161212.2,2399570,0,13.1,13.18,12.87,13.09
300722,新余国科,35.69,2.557471264367818,0.8900000000000006,642774293.01,18138951,0,34.5,36.48,34.44,34.8
300723,一品红,34.79,-2.4670591533501613,-0.8800000000000026,401335118.73,11511636,0,35.45,35.58,34.48,35.67
300724,捷佳伟创,97.6,5.502107880229152,5.089999999999989,3229744327.57,33594642,0,92.88,101.0,92.18,92.51
300725,药石科技,38.93,-0.9918616480162781,-0.39000000000000057,148051478.77,3795287,0,39.26,39.33,38.56,39.32
300726,宏达电子,53.91,-3.4908700322234205,-1.9500000000000028,1186879090.57,21982119,0,55.0,55.5,53.35,55.86
300727,润禾材料,35.39,-2.0210409745293383,-0.7299999999999969,174737919.26,4907070,0,36.08,36.45,35.28,36.12
300729,乐歌股份,13.8,-1.1461318051575942,-0.16000000000000014,33056984.15,2385958,0,13.85,13.93,13.8,13.96
300730,科创信息,13.47,0.29784065524944847,0.040000000000000924,229119061.6,16881795,0,13.47,13.95,13.32,13.43
300731,科创新源,58.38,-1.7502524402558048,-1.0399999999999991,1001503791.91,16875726,0,60.57,62.6,57.57,59.42
300732,设研院,7.58,-0.13175230566534632,-0.009999999999999787,37934450.32,4987797,0,7.59,7.64,7.55,7.59
300733,西菱动力,18.81,-2.639751552795039,-0.5100000000000016,285501279.22,14991053,0,18.92,19.39,18.74,19.32
300735,光弘科技,24.87,-0.9557945041815948,-0.23999999999999844,216684674.31,8662019,0,25.11,25.25,24.8,25.11
300736,百邦科技,15.23,-2.931803696622046,-0.4599999999999991,165008429.01,10757200,0,15.8,15.88,15.13,15.69
300737,科顺股份,5.59,3.1365313653136515,0.16999999999999993,240014894.16,43306112,0,5.41,5.68,5.38,5.42
300738,奥飞数据,18.49,0.21680216802167562,0.03999999999999915,364541787.46,19760186,0,18.43,18.58,18.31,18.45
300739,明阳电路,18.79,2.286336418072935,0.41999999999999815,677570209.4,36370176,0,18.23,19.0,18.21,18.37
300740,水羊股份,21.77,-0.8200455580865591,-0.17999999999999972,217997126.04,10000483,0,21.9,22.13,21.63,21.95
300741,华宝股份,18.95,1.4997321906802226,0.2799999999999976,54765431.0,2897000,0,18.9,19.26,18.66,18.67
300743,天地数码,21.31,1.043148411569459,0.21999999999999886,93561228.61,4399169,0,21.1,21.49,20.92,21.09
300745,欣锐科技,26.96,-3.714285714285711,-1.0399999999999991,199246798.38,7268876,0,27.84,28.2,26.9,28.0
300746,汉嘉设计,12.68,-0.8600469116497219,-0.10999999999999943,54788149.0,4297600,0,12.78,12.89,12.62,12.79
300747,锐科激光,26.89,0.1489757914338888,0.03999999999999915,399147169.09,14870007,0,26.8,27.13,26.46,26.85
300748,金力永磁,34.45,-0.7204610951008645,-0.25,1043415154.9,30125409,0,34.71,34.95,34.25,34.7
300749,顶固集创,12.26,5.326460481099649,0.6199999999999992,249505697.0,20697300,0,11.7,12.5,11.39,11.64
300750,宁德时代,374.43,0.38068684485671056,1.420000000000016,9616116052.74,25723689,0,372.96,378.0,370.1,373.01
300751,迈为股份,171.1,-2.2062185642432635,-3.8600000000000136,1652664090.83,9547471,0,174.9,179.65,168.18,174.96
300752,隆利科技,18.07,-0.5503577325261497,-0.10000000000000142,68464085.0,3772800,0,18.03,18.42,17.95,18.17
300753,爱朋医疗,28.38,-1.2869565217391339,-0.370000000000001,169753510.37,5948980,0,28.7,29.28,28.11,28.75
300755,华致酒行,18.25,-2.2495982860203623,-0.4200000000000017,103159916.81,5621223,0,18.3,18.72,18.15,18.67
300756,金马游乐,57.7,-5.872756933115815,-3.5999999999999943,319429286.07,5384097,0,61.74,61.82,56.91,61.3
300757,罗博特科,232.01,-6.3758524676163235,-15.800000000000011,2160677480.89,9210595,0,247.81,250.0,228.26,247.81
300758,七彩化学,12.88,-0.9230769230769171,-0.11999999999999922,75523691.32,5837172,0,13.0,13.1,12.84,13.0
300759,康龙化成,29.46,-0.30456852791878125,-0.08999999999999986,405292185.25,13747660,0,29.49,29.66,29.18,29.55
300760,迈瑞医疗,199.99,-0.7148885468897372,-1.4399999999999977,825869251.92,4123388,0,201.25,201.88,199.61,201.43
300761,立华股份,20.3,0.1480019733596504,0.030000000000001137,110962503.4,5459180,0,20.29,20.51,20.2,20.27
300762,上海瀚讯,39.09,1.6380655226209115,0.6300000000000026,4889181434.15,125152898,0,38.08,39.99,37.88,38.46
300763,锦浪科技,74.18,1.895604395604409,1.3800000000000097,1220233258.01,16361965,0,73.52,75.69,73.3,72.8
300765,新诺威,36.88,-6.7745197168857425,-2.6799999999999997,711112278.1,18946898,0,39.38,39.56,36.81,39.56
300766,每日互动,31.68,1.7667844522968223,0.5500000000000007,647599964.95,20468193,0,30.96,32.06,30.91,31.13
300767,震安科技,21.2,-1.1655011655011656,-0.25,182336286.5,8563840,0,21.44,21.65,21.01,21.45
300768,迪普科技,18.84,0.37293553542887736,0.07000000000000028,119810886.22,6330462,0,18.75,19.08,18.68,18.77
300769,德方纳米,46.19,3.914510686164218,1.7399999999999949,1675122618.07,35648572,0,47.45,48.6,46.12,44.45
300770,新媒股份,43.97,0.9412304866850243,0.4099999999999966,145328418.18,3304638,0,43.63,44.21,43.08,43.56
300771,智莱科技,15.43,-1.1531069827033935,-0.17999999999999972,308871416.3,19989640,0,15.51,15.72,15.28,15.61
300772,运达股份,19.13,-0.3645833333333348,-0.07000000000000028,192021314.23,10028865,0,19.13,19.5,18.91,19.2
300773,拉卡拉,23.62,-0.5892255892255915,-0.14000000000000057,1149204325.04,48357341,0,23.53,24.16,23.5,23.76
300774,倍杰特,20.17,11.745152354570642,2.120000000000001,647326668.42,33394665,0,18.23,20.58,17.8,18.05
300775,三角防务,30.37,-0.42622950819671807,-0.129999999999999,890973179.91,29262994,0,30.52,30.9,30.0,30.5
300776,帝尔激光,60.96,0.5608709996700816,0.3400000000000034,286843276.52,4696154,0,60.45,61.59,60.45,60.62
300777,中简科技,36.59,2.206703910614543,0.7900000000000063,1520777855.15,40970285,0,35.8,38.45,35.7,35.8
300778,新城市,12.89,1.098039215686279,0.14000000000000057,79248730.9,6126110,0,12.71,13.16,12.65,12.75
300779,惠城环保,144.83,-3.3886998865986153,-5.079999999999984,655234783.25,4516018,0,148.99,149.01,143.51,149.91
300780,德恩精工,19.1,-0.3131524008350664,-0.05999999999999872,219719985.0,11473800,0,19.16,19.58,18.8,19.16
300781,因赛集团,33.06,-0.06045949214025399,-0.01999999999999602,102741740.08,3112679,0,33.04,33.25,32.61,33.08
300782,卓胜微,75.04,-1.4317614606593843,-1.0899999999999892,630481328.26,8354061,0,76.09,76.48,74.62,76.13
300783,三只松鼠,23.38,-0.7218683651804743,-0.1700000000000017,184922064.96,7879091,0,23.56,23.69,23.34,23.55
300784,利安科技,49.76,-0.7380809894274976,-0.37000000000000455,18539127.36,370416,0,50.15,50.42,49.73,50.13
300785,值得买,39.44,-0.9294147199196295,-0.37000000000000455,403871059.56,10230059,0,39.7,39.88,38.87,39.81
300786,国林科技,16.53,-1.9572953736654704,-0.3299999999999983,139099013.36,8371631,0,16.85,17.0,16.4,16.86
300787,海能实业,11.48,-1.5437392795883338,-0.17999999999999972,58046700.06,5018760,0,11.66,11.66,11.48,11.66
300788,中信出版,27.52,-0.036324010170728525,-0.010000000000001563,34039351.0,1238200,0,27.52,27.6,27.31,27.53
300789,唐源电气,21.7,-1.4532243415077215,-0.3200000000000003,29126860.59,1336260,0,22.22,22.22,21.6,22.02
300790,宇瞳光学,29.79,-1.2267904509283853,-0.370000000000001,377148226.3,12601930,0,29.9,30.48,29.4,30.16
300791,仙乐健康,25.21,-1.3307240704500973,-0.33999999999999986,57664573.06,2281378,0,25.48,25.6,25.01,25.55
300792,壹网壹创,26.81,-1.143067846607678,-0.3100000000000023,127914396.6,4749090,0,27.02,27.23,26.76,27.12
300793,佳禾智能,15.97,-0.4364089775561004,-0.06999999999999851,126247821.0,7894300,0,16.04,16.14,15.82,16.04
300795,米奥会展,13.49,-0.44280442804428405,-0.0600000000000005,25339317.05,1876915,0,13.58,13.58,13.45,13.55
300796,贝斯美,8.64,-0.6896551724137784,-0.05999999999999872,27855767.0,3208740,0,8.69,8.75,8.61,8.7
300797,钢研纳克,16.61,-0.5984440454817559,-0.10000000000000142,75163754.0,4518500,0,16.72,16.78,16.5,16.71
300798,锦鸡股份,7.1,-1.1142061281337057,-0.08000000000000007,33519638.0,4705600,0,7.17,7.19,7.07,7.18
300800,力合科技,11.77,-1.341156747694888,-0.16000000000000014,34604259.5,2904700,0,12.0,12.14,11.75,11.93
300801,泰和科技,28.3,1.7985611510791366,0.5,369373553.0,13043000,0,28.04,29.06,27.64,27.8
300802,矩子科技,19.02,-1.0920436817472743,-0.21000000000000085,54550524.6,2847340,0,19.23,19.35,18.96,19.23
300803,指南针,135.15,0.42353990191707025,0.5699999999999932,5158561725.66,37558582,0,133.62,140.27,133.57,134.58
300804,广康生化,34.91,-1.1048158640226646,-0.39000000000000057,19739212.0,562200,0,35.6,35.6,34.9,35.3
300805,电声股份,10.37,-1.7061611374407724,-0.1800000000000015,84508510.0,8094400,0,10.59,10.61,10.31,10.55
300806,斯迪克,29.78,0.7442489851150285,0.22000000000000242,330556892.6,11088766,0,29.78,30.2,29.38,29.56
300807,天迈科技,54.3,0.8356545961002706,0.44999999999999574,181920542.8,3404065,0,53.85,54.8,52.72,53.85
300808,久量股份,30.7,2.7099364335898253,0.8099999999999987,109961184.0,3603700,0,29.7,30.89,29.66,29.89
300809,华辰装备,37.25,3.2141867553338774,1.1599999999999966,305677078.63,8266513,0,36.04,37.74,35.9,36.09
300810,中科海讯,38.76,-0.9202453987730048,-0.35999999999999943,85279800.0,2185000,0,39.11,39.48,38.65,39.12
300811,铂科新材,72.89,-1.39339826839827,-1.0300000000000011,430251198.82,5913059,0,73.8,73.8,72.01,73.92
300812,易天股份,29.16,-1.2529630883846967,-0.370000000000001,264025542.6,9047360,0,29.5,29.58,28.88,29.53
300813,泰林生物,24.71,-2.216066481994455,-0.5599999999999987,49377449.93,1990657,0,25.38,25.38,24.45,25.27
300814,中富电路,79.22,-1.4799154334038027,-1.1899999999999977,606775598.46,7630617,0,81.0,81.6,77.73,80.41
300815,玉禾田,22.32,-1.8901098901098887,-0.4299999999999997,159345341.72,7078540,0,22.6,22.77,22.31,22.75
300816,艾可蓝,48.8,10.232663203072043,4.529999999999994,278068511.79,5961319,0,44.14,48.8,43.41,44.27
300817,双飞集团,20.22,-1.7015070491006388,-0.3500000000000014,137629162.6,6773923,0,20.52,20.67,20.02,20.57
300818,耐普矿机,35.35,2.911208151382824,1.0,127015989.9,3615270,0,34.6,35.82,33.81,34.35
300819,聚杰微纤,34.57,19.99305796598404,5.760000000000002,476330432.5,14391050,0,28.9,34.57,28.81,28.81
300820,英杰电气,49.07,-0.0814498065567077,-0.03999999999999915,133616534.0,2711830,0,49.0,49.66,48.74,49.11
300821,东岳硅材,12.79,1.2668250197941278,0.15999999999999837,1395494265.17,106550666,0,13.01,13.6,12.69,12.63
300822,贝仕达克,16.15,-2.2397094430992794,-0.370000000000001,64243057.0,3950000,0,16.38,16.51,16.14,16.52
300823,建科智能,15.29,-2.112676056338029,-0.33000000000000007,34591119.8,2234060,0,15.69,15.75,15.29,15.62
300824,北鼎股份,11.41,-0.6962576153176682,-0.08000000000000007,37964435.27,3312339,0,11.57,11.57,11.37,11.49
300825,阿尔特,9.57,-1.03412616339193,-0.09999999999999964,50097607.5,5210250,0,9.69,9.7,9.54,9.67
300826,测绘股份,16.75,-2.0467836257310026,-0.3500000000000014,38321934.52,2273528,0,17.09,17.23,16.66,17.1
300827,上能电气,37.53,-0.6354249404289171,-0.240000000000002,1720874002.63,45203601,0,38.2,38.78,37.49,37.77
300828,锐新科技,16.0,-1.1735639283508417,-0.19000000000000128,36953079.0,2297700,0,16.11,16.26,15.92,16.19
300829,金丹科技,16.8,-0.8264462809917389,-0.14000000000000057,43886445.99,2602617,0,16.95,16.99,16.75,16.94
300830,金现代,10.07,-0.4940711462450488,-0.049999999999998934,63119870.04,6262000,0,10.12,10.16,10.01,10.12
300831,派瑞股份,13.02,-0.5347593582887722,-0.07000000000000028,41936934.0,3213600,0,13.08,13.14,12.98,13.09
300832,新产业,58.5,0.30864197530864146,0.17999999999999972,100087077.81,1704090,0,58.55,59.19,58.0,58.32
300833,浩洋股份,41.08,-3.3184278653800985,-1.4100000000000037,46002881.58,1112551,0,42.44,42.59,40.64,42.49
300834,星辉环材,21.92,-0.679655641141815,-0.14999999999999858,17581852.16,800498,0,22.06,22.07,21.8,22.07
300835,龙磁科技,66.97,-1.717053125917232,-1.1700000000000017,179140681.0,2665300,0,67.86,68.14,66.21,68.14
300836,佰奥智能,57.05,-1.0750823651812114,-0.6200000000000045,117669901.84,2054589,0,57.34,58.35,56.5,57.67
300837,浙矿股份,33.33,-1.594331266607615,-0.5399999999999991,121683471.0,3651700,0,34.18,34.18,32.89,33.87
300838,浙江力诺,15.69,0.1276324186343304,0.019999999999999574,72658992.26,4579019,0,15.76,16.18,15.62,15.67
300839,博汇股份,12.21,-1.69082125603864,-0.20999999999999908,33045057.4,2685940,0,12.48,12.54,12.2,12.42
300840,酷特智能,16.73,1.2711864406779712,0.21000000000000085,177805426.7,10698430,0,16.38,17.2,16.17,16.52
300841,康华生物,74.79,0.6594885598923407,0.4900000000000091,123356335.45,1650159,0,74.2,75.97,73.95,74.3
300842,帝科股份,63.39,1.586538461538465,0.990000000000002,604504659.55,9388270,0,62.45,66.31,62.42,62.4
300843,胜蓝股份,51.83,-3.0852655198204912,-1.6499999999999986,406636700.0,7803600,0,52.8,53.25,51.73,53.48
300844,山水比德,34.23,-0.49418604651163284,-0.1700000000000017,52334153.75,1519991,0,34.5,35.19,33.76,34.4
300845,捷安高科,11.28,-0.7042253521126767,-0.08000000000000007,40869436.6,3596197,0,11.35,11.5,11.26,11.36
300846,首都在线,21.7,13.079729025534121,2.509999999999998,1321121168.98,64431917,0,19.19,22.5,19.09,19.19
300847,中船汉光,17.03,-0.5257009345794383,-0.08999999999999986,74557299.41,4365037,0,17.08,17.23,16.93,17.12
300848,美瑞新材,14.81,-0.2693602693602636,-0.03999999999999915,49102831.0,3316800,0,14.85,14.93,14.71,14.85
300849,锦盛新材,15.86,-1.5518311607697084,-0.25,36143344.44,2270589,0,16.25,16.25,15.72,16.11
300850,新强联,43.19,0.18557179308744676,0.0799999999999983,421883782.08,9711444,0,43.16,43.9,42.91,43.11
300851,交大思诺,26.58,-1.2263099219621028,-0.33000000000000185,20436978.76,764171,0,27.05,27.07,26.55,26.91
300852,四会富仕,38.14,-1.0892116182572658,-0.4200000000000017,143106866.86,3732400,0,38.33,38.87,37.89,38.56
300853,申昊科技,20.41,-1.7332691381800647,-0.35999999999999943,53911317.0,2621860,0,20.77,20.95,20.25,20.77
300854,中兰环保,16.55,-0.42117930204572973,-0.07000000000000028,52563175.0,3162100,0,16.63,17.01,16.29,16.62
300855,图南股份,32.71,0.24517315353968214,0.0799999999999983,283732285.62,8670840,0,32.71,33.5,32.18,32.63
300856,科思股份,13.61,-1.09011627906977,-0.15000000000000036,109091912.91,7999662,0,13.79,13.83,13.51,13.76
300857,协创数据,146.0,3.399433427762048,4.800000000000011,1710116014.53,12003916,0,140.93,146.97,138.55,141.2
300858,科拓生物,16.76,-2.2740524781340934,-0.389999999999997,83105750.68,4886409,0,17.25,17.65,16.72,17.15
300859,西域旅游,37.39,-1.0322922181048189,-0.39000000000000057,178148271.48,4754104,0,37.89,37.96,37.0,37.78
300860,锋尚文化,27.51,0.4381161007667068,0.120000000000001,87214192.8,3174320,0,27.32,27.98,27.11,27.39
300861,美畅股份,14.86,-0.3353454057679457,-0.05000000000000071,68091646.15,4549397,0,14.98,15.08,14.85,14.91
300862,蓝盾光电,22.96,-0.8207343412526901,-0.18999999999999773,92540989.72,4005134,0,23.36,23.55,22.77,23.15
300863,卡倍亿,50.01,-1.8256772673733799,-0.9299999999999997,147176852.3,2914908,0,50.66,51.78,49.65,50.94
300864,南大环境,19.72,-1.10330992978938,-0.22000000000000242,17841547.32,899033,0,19.94,19.98,19.69,19.94
300865,大宏立,27.12,-0.9857612267250806,-0.2699999999999996,31729118.68,1166426,0,27.62,27.62,26.93,27.39
300866,安克创新,113.63,-1.2084854807859506,-1.3900000000000006,426782005.33,3747342,0,114.8,114.98,113.28,115.02
300867,圣元环保,19.69,-0.9058882737795657,-0.17999999999999972,126302406.8,6381424,0,19.84,19.97,19.66,19.87
300868,杰美特,29.6,-1.5630196208845988,-0.46999999999999886,48017060.16,1622937,0,30.2,30.2,29.36,30.07
300869,康泰医学,15.34,-0.6476683937823812,-0.09999999999999964,34159563.3,2222218,0,15.43,15.44,15.28,15.44
300870,欧陆通,226.82,-3.192488262910806,-7.480000000000018,1298916143.36,5718385,0,231.5,233.0,222.0,234.3
300871,回盛生物,20.61,-1.29310344827586,-0.2699999999999996,67943272.85,3280845,0,20.84,20.89,20.57,20.88
300872,天阳科技,19.84,-0.7503751875937898,-0.14999999999999858,359762689.46,18075887,0,19.8,20.15,19.7,19.99
300873,海晨股份,22.23,-1.156069364161841,-0.259999999999998,75665769.8,3381082,0,22.39,22.7,22.21,22.49
300875,捷强装备,40.94,-0.1463414634146397,-0.060000000000002274,112513979.55,2742571,0,40.8,41.3,40.7,41.0
300876,蒙泰高新,39.28,0.40899795501023445,0.1600000000000037,141803095.21,3596797,0,39.11,40.0,38.51,39.12
300877,金春股份,28.29,-1.3942140118508264,-0.40000000000000213,168652367.54,5846045,0,28.8,29.98,28.0,28.69
300878,维康药业,25.58,-0.698757763975168,-0.18000000000000327,76353702.0,2949000,0,25.87,26.29,25.4,25.76
300879,大叶股份,29.06,-1.6249153689911997,-0.4800000000000004,114686141.0,3909500,0,29.6,29.69,29.0,29.54
300880,迦南智能,17.78,-1.2770682953914516,-0.23000000000000043,28612007.51,1600575,0,18.0,18.04,17.72,18.01
300881,盛德鑫泰,34.86,-2.4895104895104914,-0.8900000000000006,89457476.47,2538160,0,35.68,35.99,34.7,35.75
300882,万胜智能,19.15,-0.6227296315516399,-0.120000000000001,74236723.51,3860804,0,19.33,19.45,19.08,19.27
300883,龙利得,6.91,-2.124645892351267,-0.14999999999999947,93231975.88,13404495,0,7.05,7.09,6.88,7.06
300884,狄耐克,15.06,-1.245901639344259,-0.1899999999999995,174170190.96,11509627,0,15.06,15.39,14.93,15.25
300885,海昌新材,26.2,4.257859132510944,1.0700000000000003,715966795.7,27845342,0,25.07,26.4,24.55,25.13
300886,华业香料,25.77,-1.2265235722499053,-0.3200000000000003,26457071.25,1021190,0,26.2,26.26,25.71,26.09
300887,谱尼测试,9.26,0.761697497279655,0.07000000000000028,485423879.28,52235010,0,9.2,9.56,9.11,9.19
300888,稳健医疗,38.08,-0.36630036630036783,-0.14000000000000057,91194533.0,2394986,0,38.21,38.28,37.8,38.22
300889,爱克股份,21.27,-2.071823204419886,-0.4499999999999993,145670627.68,6760860,0,21.92,22.1,21.17,21.72
300890,翔丰华,30.27,0.09920634920635298,0.030000000000001137,180727127.97,5930510,0,30.64,30.88,30.22,30.24
300891,惠云钛业,9.22,3.828828828828827,0.33999999999999986,137798623.54,15006666,0,8.87,9.38,8.85,8.88
300892,品渥食品,31.75,-1.336233685518955,-0.4299999999999997,92267201.88,2890595,0,32.06,32.29,31.68,32.18
300893,松原安全,24.66,-2.104009527590318,-0.5300000000000011,93801652.22,3783889,0,25.08,25.17,24.5,25.19
300894,火星人,11.23,-1.9213973799126538,-0.21999999999999886,45006398.0,3987000,0,11.46,11.46,11.2,11.45
300895,铜牛信息,45.13,2.989502510269289,1.3100000000000023,214471769.96,4809486,0,43.85,45.48,43.61,43.82
300896,爱美客,144.33,0.5783972125435627,0.8300000000000125,395224274.87,2740844,0,143.0,145.58,142.7,143.5
300897,山科智能,26.3,-0.7547169811320728,-0.1999999999999993,47507259.14,1790822,0,26.4,26.9,26.27,26.5
300898,熊猫乳品,28.06,-0.3551136363636414,-0.10000000000000142,153330705.26,5460866,0,28.0,28.45,27.78,28.16
300899,*ST凯鑫,33.3,2.461538461538453,0.7999999999999972,29741296.0,893700,0,32.43,33.88,32.2,32.5
300900,广联航空,35.07,12.36783082345402,3.8599999999999994,3995093568.46,111541866,0,34.73,37.45,34.02,31.21
300901,中胤时尚,16.62,0.9107468123861696,0.15000000000000213,43982918.0,2645200,0,16.47,17.17,16.32,16.47
300902,国安达,21.93,1.5277777777777697,0.3299999999999983,182337887.72,8346266,0,21.5,22.2,21.47,21.6
300903,科翔股份,18.88,0.5324813631522783,0.09999999999999787,625707348.63,32816477,0,18.66,19.55,18.56,18.78
300904,威力传动,63.99,0.2978056426332364,0.19000000000000483,70827508.0,1105500,0,64.32,64.78,63.1,63.8
300905,宝丽迪,32.08,-1.7457886676875967,-0.5700000000000003,88705479.44,2745654,0,32.71,32.71,31.97,32.65
300906,日月明,37.1,1.1174707004633517,0.4100000000000037,132849420.72,3647057,0,36.42,37.13,35.38,36.69
300907,康平科技,29.18,-2.3100100435219324,-0.6900000000000013,55755728.17,1896889,0,29.75,29.9,29.12,29.87
300908,仲景食品,28.08,-1.1615628299894467,-0.33000000000000185,36175526.17,1279635,0,28.41,28.55,28.05,28.41
300909,汇创达,47.18,-0.2958579881656817,-0.14000000000000057,164507894.74,3458732,0,47.26,48.75,46.8,47.32
300910,瑞丰新材,58.3,-1.119402985074633,-0.6600000000000037,144151339.37,2456381,0,58.88,60.0,57.8,58.96
300911,亿田智能,34.38,0.9691629955947295,0.3300000000000054,55630082.46,1627399,0,34.05,34.68,33.81,34.05
300912,凯龙高科,16.5,-1.9024970273483963,-0.3200000000000003,48366119.53,2898273,0,16.73,16.87,16.48,16.82
300913,兆龙互连,53.81,-1.9854280510018147,-1.0899999999999963,358974762.43,6638542,0,54.4,54.88,53.59,54.9
300915,海融科技,24.42,-2.1634615384615348,-0.5399999999999991,28755060.01,1168825,0,25.18,25.18,24.3,24.96
300916,朗特智能,32.64,-5.336426914153122,-1.8399999999999963,232383180.14,7009262,0,34.27,34.55,32.48,34.48
300917,特发服务,39.98,-1.11303487509276,-0.45000000000000284,151541457.58,3772811,0,40.12,40.53,39.72,40.43
300918,南山智尚,17.17,-0.9803921568627345,-0.16999999999999815,326322525.64,18881357,0,17.15,17.55,17.08,17.34
300919,中伟股份,45.55,1.1323268206039032,0.509999999999998,754920022.92,16626381,0,45.99,46.29,44.65,45.04
300920,润阳科技,43.86,-1.50460363799686,-0.6700000000000017,132821548.85,3007260,0,44.66,45.15,43.53,44.53
300921,南凌科技,22.68,-1.3913043478260883,-0.3200000000000003,75802106.96,3319584,0,23.05,23.17,22.65,23.0
300922,天秦装备,22.87,-0.21815008726003798,-0.05000000000000071,89165177.8,3909570,0,23.0,23.08,22.66,22.92
300923,研奥股份,25.38,-0.6653620352250555,-0.1700000000000017,24762846.0,972800,0,25.53,25.64,25.3,25.55
300925,法本信息,20.62,-0.24189646831156608,-0.05000000000000071,178183316.49,8602000,0,20.67,20.94,20.45,20.67
300926,博俊科技,32.13,1.101321585903088,0.3500000000000014,328376785.2,10093380,0,32.09,33.15,32.05,31.78
300927,江天化学,23.4,-0.46788600595492547,-0.11000000000000298,44178476.0,1881880,0,23.4,23.7,23.32,23.51
300928,华安鑫创,31.38,-0.8530805687203779,-0.2699999999999996,42356389.0,1347000,0,31.5,32.0,31.06,31.65
300929,华骐环保,10.81,-1.1882998171846344,-0.129999999999999,30505259.8,2795520,0,10.91,11.02,10.8,10.94
300930,屹通新材,29.85,-0.4999999999999952,-0.14999999999999858,21681645.56,721364,0,30.07,30.37,29.84,30.0
300931,通用电梯,11.25,-0.9683098591549246,-0.10999999999999943,68353822.92,6032838,0,11.31,11.48,11.2,11.36
300932,三友联众,12.2,-1.692183722804197,-0.21000000000000085,59098494.12,4809188,0,12.49,12.49,12.15,12.41
300933,中辰股份,8.44,2.8014616321558905,0.22999999999999865,232428663.28,27579966,0,8.28,8.71,8.17,8.21
300935,盈建科,32.18,3.0749519538757237,0.9600000000000009,86124013.4,2700980,0,31.55,32.5,31.11,31.22
300936,中英科技,36.74,-1.1568469195587832,-0.4299999999999997,34915220.24,944674,0,37.37,37.37,36.55,37.17
300937,药易购,35.08,-0.22753128555175856,-0.0799999999999983,371848422.0,10518881,0,34.72,36.0,34.51,35.16
300938,信测标准,32.69,0.7706535141800247,0.25,239352804.6,7409763,0,32.49,32.85,31.77,32.44
300939,秋田微,34.65,-2.9955207166853315,-1.0700000000000003,177000561.14,5072600,0,35.52,35.56,34.45,35.72
300940,南极光,31.03,-0.16087516087515175,-0.04999999999999716,257413631.62,8276137,0,30.91,31.44,30.64,31.08
300941,创识科技,23.16,-1.8228062738448483,-0.4299999999999997,294691480.16,12621858,0,23.46,23.7,23.02,23.59
300942,易瑞生物,9.67,-2.3232323232323275,-0.23000000000000043,86884657.0,8874838,0,9.9,9.91,9.66,9.9
300943,春晖智控,20.81,-1.3276434329065963,-0.28000000000000114,268128780.45,12852839,0,20.9,21.23,20.52,21.09
300945,曼卡龙,17.1,0.4700352526439591,0.08000000000000185,165571553.57,9641799,0,17.05,17.35,17.0,17.02
300946,恒而达,52.07,-2.8182157521463194,-1.509999999999998,187153303.75,3590453,0,52.33,52.93,51.33,53.58
300947,德必集团,20.88,-0.3816793893129859,-0.08000000000000185,187515042.14,9013584,0,20.8,21.24,20.42,20.96
300948,冠中生态,20.58,-3.786816269284723,-0.8100000000000023,174338266.45,8385361,0,21.43,21.55,20.41,21.39
300949,奥雅股份,39.15,-0.9111617312072878,-0.35999999999999943,37393757.0,951400,0,39.56,39.67,39.01,39.51
300950,德固特,22.85,-1.2958963282937244,-0.29999999999999716,66817777.83,2903388,0,23.1,23.33,22.78,23.15
300951,博硕科技,34.23,-1.3260305563563013,-0.46000000000000085,44749810.38,1301538,0,34.68,34.68,34.09,34.69
300952,恒辉安防,35.69,-1.1904761904761898,-0.4299999999999997,350923520.8,9677954,0,35.8,37.15,35.5,36.12
300953,震裕科技,148.17,-1.7440318302387423,-2.630000000000024,631736868.96,4244746,0,149.14,151.98,146.66,150.8
300955,嘉亨家化,0.0,-100.0,-41.51,0.0,0,0,0.0,0.0,0.0,41.51
300956,英力股份,16.53,0.854179377669314,0.14000000000000057,73486418.42,4431763,0,16.41,16.75,16.28,16.39
300957,贝泰妮,40.48,-0.5893909626719106,-0.240000000000002,150960283.19,3709759,0,40.73,40.97,40.46,40.72
300958,建工修复,12.44,-0.7974481658692156,-0.09999999999999964,29034400.75,2317395,0,12.57,12.65,12.43,12.54
300959,线上线下,109.47,2.0794479671764305,2.230000000000004,687185107.0,6273781,0,106.17,113.03,104.99,107.24
300960,通业科技,26.55,-1.9571639586410547,-0.5299999999999976,52583579.56,1970296,0,27.19,27.22,26.44,27.08
300961,深水海纳,14.12,-0.4933051444679372,-0.07000000000000028,54480486.08,3824134,0,14.15,14.46,14.1,14.19
300962,中金辐照,16.36,-1.6826923076923146,-0.28000000000000114,58786666.0,3572300,0,16.63,16.68,16.3,16.64
300963,中洲特材,21.53,-0.8291110087517259,-0.17999999999999972,741183114.25,34317955,0,21.64,21.96,21.16,21.71
300964,本川智能,57.38,-1.578044596912512,-0.9199999999999946,267498508.32,4652655,0,58.0,58.66,56.48,58.3
300965,恒宇信通,67.59,5.29677519862908,3.4000000000000057,271615753.81,4038811,0,65.4,69.53,64.2,64.19
300966,共同药业,19.89,-1.8746916625554957,-0.379999999999999,27334807.7,1362683,0,20.33,20.33,19.88,20.27
300967,晓鸣股份,19.19,-1.6401845207585868,-0.3200000000000003,83180822.59,4317927,0,19.3,19.5,19.11,19.51
300968,格林精密,14.87,-0.8005336891260907,-0.120000000000001,124465923.14,8362769,0,14.9,15.02,14.76,14.99
300969,恒帅股份,117.84,1.612485987755458,1.8700000000000045,409789409.64,3515441,0,114.7,119.71,112.76,115.97
300970,华绿生物,19.25,4.279523293607796,0.7899999999999991,294323100.88,15243585,0,19.51,19.95,18.74,18.46
300971,博亚精工,24.42,1.3698630136986378,0.33000000000000185,152038830.8,6155868,0,24.24,25.33,24.15,24.09
300972,万辰集团,202.4,1.6421433234570433,3.2700000000000102,319349426.11,1588199,0,200.01,205.87,196.67,199.13
300973,立高食品,43.87,-1.015342960288815,-0.45000000000000284,105162258.2,2387744,0,44.04,44.58,43.3,44.32
300975,商络电子,12.59,-1.2549019607843148,-0.16000000000000014,210851368.83,16655369,0,12.65,12.82,12.53,12.75
300976,达瑞电子,59.92,-0.7947019867549617,-0.4799999999999969,80129200.48,1331134,0,60.21,60.8,59.7,60.4
300977,深圳瑞捷,17.19,-1.43348623853211,-0.25,33455744.12,1921162,0,17.48,17.89,17.18,17.44
300978,东箭科技,13.32,-0.8928571428571371,-0.11999999999999922,319347461.72,23766359,0,13.33,13.7,13.15,13.44
300979,华利集团,52.71,0.5340453938584802,0.28000000000000114,113924849.87,2165011,0,52.35,53.14,52.1,52.43
300980,祥源新材,28.82,0.3132613992342494,0.08999999999999986,172620943.61,5974840,0,28.93,29.43,28.5,28.73
300981,中红医疗,12.82,-0.9273570324574901,-0.11999999999999922,45250013.7,3509964,0,12.94,13.02,12.8,12.94
300982,苏文电能,19.65,-1.4049172102358312,-0.28000000000000114,135560775.8,6758920,0,20.58,20.73,19.56,19.93
300983,尤安设计,28.2,2.0999275887038316,0.5799999999999983,60089746.64,2134100,0,27.89,28.8,27.18,27.62
300984,金沃股份,66.91,-2.845941629156393,-1.960000000000008,346955775.61,5078454,0,68.56,70.88,66.5,68.87
300985,致远新能,18.89,1.01604278074867,0.19000000000000128,59825665.0,3132900,0,18.68,19.85,18.68,18.7
300986,志特新材,10.22,-0.8729388942773992,-0.08999999999999986,52387970.61,5092881,0,10.35,10.37,10.2,10.31
300987,川网传媒,16.59,-0.6586826347305355,-0.10999999999999943,26574345.14,1596953,0,16.71,16.78,16.46,16.7
300988,津荣天宇,23.25,-2.5565800502933755,-0.6099999999999994,100528197.26,4287627,0,23.86,23.86,23.13,23.86
300989,蕾奥规划,17.8,1.4245014245014245,0.25,226005667.47,12777438,0,17.6,17.85,17.43,17.55
300990,同飞股份,94.7,-2.7421176953887247,-2.6700000000000017,827730616.53,8730594,0,96.62,97.23,93.01,97.37
300991,创益通,41.33,4.898477157360405,1.9299999999999997,412385702.72,9620143,0,39.33,44.9,39.31,39.4
300992,泰福泵业,26.47,-2.360752489856144,-0.6400000000000006,69437404.18,2609458,0,26.96,27.22,26.25,27.11
300993,玉马科技,15.35,3.0893216924110076,0.4599999999999991,305212746.67,20119859,0,14.87,15.55,14.69,14.89
300994,久祺股份,15.7,-1.6906700062617492,-0.27000000000000135,35668528.2,2254040,0,16.03,16.06,15.67,15.97
300995,奇德新材,38.45,-2.732102200860102,-1.0799999999999983,65728775.44,1694708,0,39.53,39.68,38.34,39.53
300996,普联软件,16.38,-0.6670709520921737,-0.10999999999999943,82374139.13,4999254,0,16.45,16.62,16.35,16.49
300997,欢乐家,27.93,0.10752688172043419,0.030000000000001137,686674264.27,24160244,0,27.9,29.58,27.55,27.9
300998,宁波方正,22.11,-0.5398110661268601,-0.120000000000001,52033007.0,2340100,0,22.4,22.6,22.0,22.23
300999,金龙鱼,29.12,0.20646937370957424,0.060000000000002274,205193247.9,7050662,0,29.08,29.24,28.99,29.06
301000,肇民科技,37.37,-2.070230607966455,-0.7899999999999991,184984389.3,4892339,0,37.88,38.59,37.23,38.16
301001,凯淳股份,28.33,-1.1169284467713798,-0.3200000000000003,53415263.84,1878161,0,28.63,28.73,28.21,28.65
301002,崧盛股份,35.29,-0.16973125884017617,-0.060000000000002274,295932000.07,8453650,0,34.95,36.0,34.19,35.35
301003,江苏博云,41.02,-0.7740686985970011,-0.3200000000000003,42393974.0,1036050,0,41.44,41.44,40.51,41.34
301004,嘉益股份,50.67,-0.8996675141795439,-0.46000000000000085,20488281.0,403320,0,51.12,51.21,50.6,51.13
301005,超捷股份,137.0,1.5341288075298252,2.069999999999993,3781974942.26,27646991,0,133.0,140.4,133.0,134.93
301006,迈拓股份,16.4,-1.796407185628747,-0.3000000000000007,27067347.0,1634100,0,16.82,16.82,16.34,16.7
301007,德迈仕,36.51,-2.9763486579856617,-1.1200000000000045,119198388.0,3228200,0,37.65,37.68,36.41,37.63
301008,宏昌科技,34.78,0.8115942028985541,0.28000000000000114,112390801.34,3234588,0,34.43,35.35,34.2,34.5
301009,可靠股份,12.78,-1.6166281755196372,-0.21000000000000085,46403021.0,3604700,0,12.99,13.02,12.76,12.99
301010,晶雪节能,23.18,5.651777575205098,1.2399999999999984,195389703.12,8627150,0,22.15,23.18,22.01,21.94
301011,华立科技,25.29,-1.2109375000000089,-0.3100000000000023,39031723.6,1538130,0,25.5,25.6,25.18,25.6
301012,扬电科技,25.87,-0.3850596842510507,-0.09999999999999787,133763898.88,5163532,0,25.89,26.19,25.53,25.97
301013,利和兴,27.25,-2.469577666428065,-0.6900000000000013,379723727.97,13865766,0,27.94,27.94,27.06,27.94
301015,百洋医药,23.93,-1.1973575557390552,-0.28999999999999915,108444688.6,4523462,0,24.21,24.25,23.73,24.22
301016,雷尔伟,20.2,-1.9417475728155442,-0.40000000000000213,78901713.94,3875687,0,20.5,20.85,20.01,20.6
301017,漱玉平民,18.98,8.025042686397269,1.4100000000000001,921599115.32,49305267,0,17.7,19.81,17.6,17.57
301018,申菱环境,64.47,-4.5737122557726515,-3.0900000000000034,1055594860.68,16177087,0,66.54,67.36,63.9,67.56
301019,宁波色母,23.39,-2.9460580912863104,-0.7100000000000009,115930190.11,4903881,0,24.05,24.06,23.33,24.1
301020,密封科技,21.79,-1.2239347234814124,-0.2699999999999996,44997947.23,2060699,0,22.11,22.11,21.58,22.06
301021,英诺激光,43.37,-5.676381035232709,-2.6099999999999994,577675388.66,13133600,0,44.48,44.89,42.91,45.98
301022,海泰科,31.98,-1.235330450895621,-0.40000000000000213,85130024.73,2637383,0,32.4,32.69,31.92,32.38
301023,奕帆传动,40.44,-4.374556632773709,-1.8500000000000014,177876201.37,4352006,0,41.8,41.85,40.39,42.29
301024,霍普股份,35.39,0.0,0.0,26885745.0,756900,0,35.48,35.98,35.22,35.39
301025,读客文化,0.0,-100.0,-10.2,0.0,0,0,0.0,0.0,0.0,10.2
301026,浩通科技,30.66,0.7227332457292999,0.21999999999999886,462775906.27,14988079,0,31.6,31.88,30.4,30.44
301027,华蓝集团,18.23,0.9413067552602532,0.1700000000000017,131066479.0,7159200,0,18.1,18.59,17.9,18.06
301028,东亚机械,15.25,-1.9922879177377921,-0.3100000000000005,172405840.94,11288296,0,15.55,15.56,15.01,15.56
301029,怡合达,26.0,0.07698229407236172,0.019999999999999574,233778819.32,8992428,0,26.0,26.35,25.65,25.98
301030,仕净科技,12.15,-2.566158781074581,-0.3200000000000003,89002420.44,7223478,0,12.51,12.59,12.15,12.47
301031,中熔电气,111.55,-0.9676846590909122,-1.0900000000000034,125544396.32,1118617,0,112.18,113.57,111.25,112.64
301032,新柴股份,12.14,-1.7004048582995879,-0.20999999999999908,35016798.73,2861700,0,12.4,12.44,12.13,12.35
301033,迈普医学,69.56,0.014378145219274071,0.010000000000005116,41905645.0,602900,0,69.3,69.99,68.76,69.55
301035,润丰股份,70.01,-4.095890410958898,-2.989999999999995,131031080.48,1853148,0,73.16,73.16,69.3,73.0
301036,双乐股份,34.75,-8.31134564643799,-3.1499999999999986,212796672.15,6082573,0,34.5,35.33,34.5,37.9
301037,保立佳,14.31,-1.6494845360824757,-0.2400000000000002,19914538.8,1375644,0,14.65,14.79,14.25,14.55
301038,深水规院,22.82,-0.8257279443720176,-0.19000000000000128,74376467.5,3235640,0,23.09,23.19,22.76,23.01
301039,中集车辆,10.03,-1.6666666666666659,-0.16999999999999993,172883346.9,17192285,0,10.16,10.24,9.94,10.2
301040,中环海陆,29.94,-0.7952286282306111,-0.23999999999999844,132227969.48,4419875,0,30.17,30.49,29.54,30.18
301041,金百泽,27.22,-1.874549387166545,-0.5199999999999996,83139720.03,3022335,0,27.7,27.86,27.2,27.74
301042,安联锐视,81.6,-4.033870398682826,-3.430000000000007,105451228.16,1290700,0,85.03,85.03,80.35,85.03
301043,绿岛风,66.43,5.444444444444455,3.430000000000007,368806695.84,5738414,0,64.34,68.0,62.2,63.0
301045,天禄科技,26.96,-3.5075161059413045,-0.9800000000000004,62006403.0,2270100,0,27.96,27.98,26.93,27.94
301046,能辉科技,26.07,0.26923076923077033,0.07000000000000028,150945835.32,5727659,0,25.83,27.0,25.83,26.0
301047,义翘神州,67.4,0.07423904974018021,0.05000000000001137,36111397.4,535380,0,67.5,67.73,67.03,67.35
301048,金鹰重工,11.47,-0.7785467128027669,-0.08999999999999986,39474668.64,3425506,0,11.59,11.63,11.4,11.56
301049,超越科技,21.21,0.04716981132076209,0.010000000000001563,30207983.12,1421913,0,21.28,21.8,20.94,21.2
301050,雷电微力,50.75,0.2766251728907342,0.14000000000000057,736912283.0,14553112,0,50.8,51.5,49.7,50.61
301051,信濠光电,19.87,-0.9471585244267086,-0.18999999999999773,30086979.25,1503832,0,20.05,20.19,19.86,20.06
301052,果麦文化,38.7,0.20714655618851735,0.0800000000000054,122992897.23,3182381,0,38.58,39.05,38.25,38.62
301053,远信工业,33.3,-2.972027972027981,-1.0200000000000031,20446518.2,606105,0,34.32,34.35,33.16,34.32
301055,张小泉,19.7,-2.4269440316988704,-0.490000000000002,33188208.0,1666100,0,20.36,20.38,19.65,20.19
301056,森赫股份,15.08,7.8683834048640895,1.0999999999999996,160298645.0,10972000,0,13.92,15.1,13.8,13.98
301057,汇隆新材,32.22,2.123613312202847,0.6699999999999982,100426410.67,3112600,0,31.66,32.88,31.22,31.55
301058,中粮科工,11.04,0.638103919781208,0.06999999999999851,80511166.65,7269455,0,11.01,11.17,10.98,10.97
301059,金三江,12.86,-0.7716049382716158,-0.10000000000000142,31823182.6,2455060,0,12.95,13.14,12.82,12.96
301060,兰卫医学,9.5,-1.5544041450777237,-0.15000000000000036,38214848.0,3992900,0,9.66,9.69,9.47,9.65
301061,匠心家居,93.1,-2.030937598653064,-1.9300000000000068,220458355.91,2381666,0,94.04,95.02,91.01,95.03
301062,上海艾录,8.4,-1.17647058823529,-0.09999999999999964,84968602.54,10053349,0,8.46,8.55,8.35,8.5
301063,海锅股份,24.36,-1.774193548387102,-0.4400000000000013,53562346.5,2182495,0,24.8,24.9,24.26,24.8
301065,本立科技,21.34,-1.3407304669440554,-0.28999999999999915,21700083.0,1008100,0,21.61,21.69,21.33,21.63
301066,万事利,16.58,-1.8934911242603567,-0.3200000000000003,126487036.0,7600822,0,16.68,16.82,16.4,16.9
301067,显盈科技,33.55,2.130898021308967,0.6999999999999957,231926925.12,6958997,0,32.85,34.45,32.16,32.85
301068,大地海洋,25.33,-1.247563352826512,-0.3200000000000003,16536714.2,651836,0,25.75,25.79,25.18,25.65
301069,凯盛新材,30.82,6.717451523545711,1.9400000000000013,1712911020.96,57910773,0,28.86,30.88,28.21,28.88
301070,开勒股份,61.47,-2.505947660586833,-1.5799999999999983,141201638.48,2296666,0,63.06,63.06,60.53,63.05
301071,力量钻石,36.39,0.5804311774461052,0.21000000000000085,267416998.44,7340926,0,36.01,36.89,36.01,36.18
301072,中捷精工,21.84,-1.2658227848101316,-0.28000000000000114,24249528.0,1101800,0,22.15,22.3,21.77,22.12
301073,君亭酒店,26.85,1.0918674698795283,0.2900000000000027,157048504.98,5852214,0,26.51,27.24,26.33,26.56
301075,多瑞医药,51.49,-2.31455131853538,-1.2199999999999989,66843678.0,1289400,0,53.57,53.57,51.42,52.71
301076,新瀚新材,43.87,-1.4157303370786574,-0.6300000000000026,331622450.31,7495554,0,44.03,45.18,43.6,44.5
301077,星华新材,26.94,-2.743682310469307,-0.759999999999998,112081878.19,4128954,0,27.51,27.76,26.85,27.7
301078,孩子王,10.52,-0.47303689687796313,-0.05000000000000071,537224177.02,50673852,0,10.53,10.75,10.48,10.57
301079,邵阳液压,31.87,4.594683295044313,1.4000000000000021,998108565.69,29948991,0,33.65,36.56,31.47,30.47
301080,百普赛斯,54.1,-2.0459894984609734,-1.1299999999999955,46669677.32,856910,0,55.21,55.3,53.88,55.23
301081,严牌股份,10.23,-1.4450867052023153,-0.15000000000000036,23411438.4,2259200,0,10.4,10.52,10.22,10.38
301082,久盛电气,18.28,-1.2958963282937281,-0.23999999999999844,179895634.38,9838192,0,18.41,18.51,18.07,18.52
301083,百胜智能,18.72,-1.1615628299894531,-0.22000000000000242,62033011.0,3299900,0,18.94,18.99,18.67,18.94
301085,亚康股份,50.64,-0.5108055009823144,-0.259999999999998,35142125.32,692790,0,50.87,51.08,50.5,50.9
301086,鸿富瀚,111.76,-2.783576896311751,-3.1999999999999886,348509905.12,3094988,0,114.61,117.5,109.6,114.96
301087,可孚医疗,44.97,-1.4680105170902755,-0.6700000000000017,58595051.88,1299551,0,45.64,45.64,44.61,45.64
301088,戎美股份,17.31,0.8741258741258658,0.14999999999999858,78708192.06,4575000,0,17.17,17.59,16.82,17.16
301089,拓新药业,28.65,-0.967853439336333,-0.28000000000000114,48337089.56,1681398,0,28.9,28.93,28.55,28.93
301090,华润材料,7.04,-1.1235955056179785,-0.08000000000000007,31312189.0,4411600,0,7.13,7.16,7.04,7.12
301091,深城交,26.45,1.147227533460806,0.3000000000000007,213835980.14,8063100,0,26.6,26.8,26.14,26.15
301092,争光股份,36.96,-0.48465266558965997,-0.17999999999999972,148397114.59,3988203,0,37.25,37.99,36.56,37.14
301093,华兰股份,48.57,-1.9580137262817905,-0.9699999999999989,181782940.16,3761800,0,49.8,49.8,47.83,49.54
301095,广立微,71.08,-0.7539793353811872,-0.5400000000000063,308223074.7,4314496,0,71.1,72.35,70.5,71.62
301096,百诚医药,55.93,3.785488958990535,2.039999999999999,284102232.06,5115999,0,55.0,56.98,53.48,53.89
301097,天益医疗,52.11,0.42397379071111746,0.21999999999999886,57204843.35,1095375,0,51.66,52.94,51.39,51.89
301098,金埔园林,8.6,-1.03567318757192,-0.08999999999999986,30597977.43,3532061,0,8.63,8.75,8.6,8.69
301099,雅创电子,43.6,-1.5356820234869009,-0.6799999999999997,165153480.38,3762233,0,44.02,44.59,43.36,44.28
301100,风光股份,21.86,-3.5730039700044207,-0.8100000000000023,36445516.0,1646800,0,22.55,22.64,21.72,22.67
301101,明月镜片,39.02,-1.1651469098277452,-0.45999999999999375,76010776.83,1942683,0,39.28,39.5,38.81,39.48
301102,兆讯传媒,10.46,-1.4137606032045107,-0.14999999999999858,30853199.24,2926396,0,10.64,10.68,10.45,10.61
301103,何氏眼科,19.54,-0.7113821138211411,-0.14000000000000057,24189114.86,1232522,0,19.67,19.81,19.48,19.68
301105,鸿铭股份,47.2,-2.680412371134015,-1.2999999999999972,23755965.0,497100,0,48.5,48.5,47.0,48.5
301106,骏成科技,29.63,0.03376097231599598,0.00999999999999801,29546780.6,991920,0,29.61,30.08,29.4,29.62
301107,瑜欣电子,27.92,-1.2380615493455884,-0.34999999999999787,23625128.2,841660,0,28.26,28.44,27.81,28.27
301108,洁雅股份,33.44,-1.4150943396226532,-0.480000000000004,32258229.8,955460,0,33.87,34.2,33.32,33.92
301109,军信股份,15.12,-0.13210039630119783,-0.02000000000000135,109035881.9,7194750,0,15.19,15.34,15.03,15.14
301110,青木科技,63.83,-1.6486902927581006,-1.0700000000000074,65604180.4,1025470,0,64.6,64.76,63.58,64.9
301111,粤万年青,19.84,-0.6012024048096242,-0.120000000000001,145324945.92,7291500,0,19.85,20.16,19.77,19.96
301112,信邦智能,38.52,-1.0277492291880745,-0.3999999999999986,71369858.9,1844630,0,38.92,39.14,38.2,38.92
301113,雅艺科技,25.75,3.2477947072975084,0.8099999999999987,119530007.7,4596770,0,24.99,26.96,24.82,24.94
301115,联检科技,15.98,-0.249687890137323,-0.03999999999999915,29835231.64,1852384,0,16.09,16.24,15.95,16.02
301116,益客食品,11.42,0.08764241893076062,0.009999999999999787,60609297.7,5313217,0,11.42,11.55,11.28,11.41
301117,佳缘科技,59.21,20.00405350628293,9.869999999999997,981459193.42,16873907,0,54.31,59.21,54.1,49.34
301118,恒光股份,24.57,-1.7199999999999989,-0.4299999999999997,144211045.39,5853919,0,25.01,25.39,24.31,25.0
301119,正强股份,49.71,-1.9526627218934949,-0.990000000000002,83541482.3,1672930,0,50.8,51.16,49.28,50.7
301120,新特电气,18.8,-1.7763845350052239,-0.33999999999999986,422932314.2,22409228,0,18.95,19.29,18.5,19.14
301121,紫建电子,40.15,-1.6172506738544565,-0.6600000000000037,61503468.8,1517740,0,40.56,40.97,40.06,40.81
301122,采纳股份,27.55,2.990654205607479,0.8000000000000007,59439765.9,2172163,0,26.75,27.88,26.68,26.75
301123,奕东电子,76.5,-3.36028297119757,-2.6599999999999966,2131949900.95,28286203,0,76.18,77.26,73.8,79.16
301125,腾亚精工,17.37,-1.6421291053227582,-0.28999999999999915,34429832.0,1973100,0,17.66,17.79,17.2,17.66
301126,达嘉维康,13.36,4.866562009419146,0.6199999999999992,265672769.81,19948683,0,12.79,13.65,12.78,12.74
301127,武汉天源,16.17,4.054054054054071,0.6300000000000026,393235822.42,24582349,0,15.7,16.33,15.51,15.54
301128,强瑞技术,102.7,-4.686774941995357,-5.049999999999997,853983749.9,8218180,0,104.79,108.83,101.88,107.75
301129,瑞纳智能,24.03,-1.1111111111111092,-0.2699999999999996,22474646.0,928900,0,24.3,24.48,24.01,24.3
301130,西点药业,28.96,-0.34411562284927005,-0.09999999999999787,19835696.62,681872,0,29.17,29.3,28.92,29.06
301131,聚赛龙,46.36,-1.6963528413910034,-0.7999999999999972,30287743.11,648660,0,47.25,47.25,46.24,47.16
301132,满坤科技,33.66,-1.2903225806451752,-0.44000000000000483,60612047.0,1793700,0,34.1,34.1,33.5,34.1
301133,金钟股份,36.3,6.140350877192965,2.0999999999999943,418052615.64,11679948,0,34.11,36.89,33.77,34.2
301135,瑞德智能,27.3,-1.5151515151515087,-0.41999999999999815,46652295.0,1692900,0,27.85,27.91,27.26,27.72
301136,招标股份,21.06,2.4319066147859925,0.5,872568727.3,40944354,0,20.57,21.95,20.35,20.56
301137,哈焊华通,48.94,0.8032955715756964,0.39000000000000057,831411404.49,16969174,0,48.0,49.85,47.48,48.55
301138,华研精机,38.8,-1.272264631043257,-0.5,89302415.98,2292500,0,39.48,39.59,38.59,39.3
301139,元道通信,18.41,-1.1808910359634937,-0.21999999999999886,48912106.0,2643400,0,18.58,18.7,18.34,18.63
301141,中科磁业,53.57,-0.3904797322424709,-0.21000000000000085,118084309.45,2185129,0,53.98,54.6,53.47,53.78
301148,嘉戎技术,46.26,-0.7083065035415441,-0.3300000000000054,149193224.0,3211200,0,46.44,47.03,45.6,46.59
301149,隆华新材,10.59,-0.2824858757062087,-0.02999999999999936,39386182.0,3716300,0,10.7,10.7,10.51,10.62
301150,中一科技,42.8,2.6132821865260043,1.0899999999999963,633963359.34,14857869,0,42.15,43.56,41.86,41.71
301151,冠龙节能,18.88,-1.1000523834468352,-0.21000000000000085,27465905.72,1448691,0,19.1,19.1,18.82,19.09
301152,天力锂能,32.29,2.410402790992699,0.759999999999998,304345384.42,9422095,0,31.95,33.1,31.66,31.53
301153,中科江南,20.04,-0.9391992090954091,-0.19000000000000128,60028236.73,2978925,0,20.13,20.35,20.0,20.23
301155,海力风电,81.21,-0.4535425349350387,-0.37000000000000455,110345735.42,1356058,0,81.55,82.49,80.64,81.58
301156,美农生物,17.53,-0.6798866855523935,-0.11999999999999744,25595913.2,1453380,0,17.65,17.74,17.48,17.65
301157,华塑科技,51.58,-1.4520443255636322,-0.7600000000000051,41889406.27,807026,0,52.87,52.87,51.22,52.34
301158,德石股份,22.12,0.2719854941069913,0.060000000000002274,144222908.76,6498907,0,22.15,22.35,21.93,22.06
301159,三维天地,35.77,-0.5836575875486207,-0.20999999999999375,68965084.62,1917407,0,36.29,36.49,35.6,35.98
301160,翔楼新材,64.1,-0.6817477533312859,-0.44000000000001194,132432382.31,2058350,0,64.6,65.12,63.5,64.54
301161,唯万密封,33.3,-1.6248153618907069,-0.5500000000000043,115079743.27,3438006,0,33.75,33.99,33.18,33.85
301162,国能日新,51.3,-2.564102564102567,-1.3500000000000014,80546215.2,1542640,0,52.9,53.14,51.28,52.65
301163,宏德股份,26.4,-0.9380863039399625,-0.25,32984917.0,1233400,0,26.8,27.19,26.29,26.65
301165,锐捷网络,82.8,0.3758031276518393,0.3100000000000023,682343433.34,8248197,0,81.7,84.5,80.52,82.49
301166,优宁维,29.75,-0.8663778740419912,-0.26000000000000156,28491285.4,949080,0,30.04,30.45,29.72,30.01
301167,建研设计,16.27,-1.453664445790442,-0.240000000000002,28364211.88,1736037,0,16.52,16.57,16.19,16.51
301168,通灵股份,45.62,-1.4899589721442557,-0.6900000000000048,101575607.2,2205755,0,46.61,46.99,45.6,46.31
301169,零点有数,48.6,-0.6134969325153317,-0.29999999999999716,46404516.0,957700,0,48.53,48.9,47.9,48.9
301170,锡南科技,27.8,-0.6788138620935967,-0.18999999999999773,30267916.0,1084100,0,28.1,28.16,27.66,27.99
301171,易点天下,34.95,-1.4660276289822274,-0.519999999999996,1415272394.66,40444450,0,35.0,35.4,34.46,35.47
301172,君逸数码,22.36,-2.058694699956193,-0.46999999999999886,75739038.54,3368528,0,22.74,22.95,22.22,22.83
301173,毓恬冠佳,45.6,-1.1703511053315976,-0.5399999999999991,34562953.82,756081,0,46.25,46.26,45.31,46.14
301175,中科环保,6.06,4.482758620689651,0.2599999999999998,398866570.5,66678736,0,5.78,6.09,5.78,5.8
301176,逸豪新材,25.9,-0.5758157389635399,-0.15000000000000213,88439642.34,3392169,0,26.02,26.5,25.68,26.05
301177,迪阿股份,29.16,0.17176228100309415,0.05000000000000071,31460877.85,1075131,0,29.11,29.43,29.11,29.11
301178,天亿马,48.3,-0.576368876080694,-0.28000000000000114,71024258.44,1461487,0,48.35,49.28,48.1,48.58
301179,泽宇智能,15.98,-0.5600497822028616,-0.08999999999999986,41366680.12,2563684,0,16.22,16.33,15.97,16.07
301180,万祥科技,17.14,-2.280501710376275,-0.3999999999999986,90854073.0,5263800,0,17.54,17.63,17.03,17.54
301181,标榜股份,46.37,20.005175983436846,7.729999999999997,396474239.93,8976007,0,38.99,46.37,38.83,38.64
301182,凯旺科技,43.0,-3.9320822162645173,-1.759999999999998,203186967.79,4682709,0,44.91,45.15,42.3,44.76
301183,东田微,164.42,-4.91006882193049,-8.490000000000009,1822595817.36,11054193,0,167.8,169.66,159.0,172.91
301185,鸥玛软件,18.84,-0.3701745108408265,-0.07000000000000028,43690177.0,2317100,0,18.9,18.97,18.64,18.91
301186,超达装备,46.89,-1.2426284751474228,-0.5899999999999963,41426869.0,878100,0,47.47,47.69,46.72,47.48
301187,欧圣电气,26.25,-2.7417562060022176,-0.7399999999999984,116139718.98,4406180,0,26.7,26.94,26.08,26.99
301188,力诺药包,17.53,-1.2950450450450472,-0.23000000000000043,59293408.0,3364300,0,17.76,17.78,17.5,17.76
301189,奥尼电子,39.48,0.3048780487804813,0.11999999999999744,106343142.06,2697001,0,39.53,39.86,38.92,39.36
301190,善水科技,21.32,-1.6151361329026368,-0.3500000000000014,28005880.0,1302700,0,21.74,21.82,21.3,21.67
301191,菲菱科思,116.54,4.548308962052577,5.070000000000007,926938720.61,7982275,0,110.19,124.1,108.16,111.47
301192,泰祥股份,29.79,-0.7992007992008058,-0.240000000000002,59324298.4,1960090,0,30.11,31.46,29.67,30.03
301193,家联科技,22.59,-1.2243113248797601,-0.28000000000000114,70807992.38,3122341,0,22.74,22.99,22.38,22.87
301195,北路智控,33.17,-1.1620977353992865,-0.39000000000000057,21597370.0,647900,0,33.6,33.63,33.11,33.56
301196,唯科科技,76.55,-3.0030410542321397,-2.3700000000000045,278431791.71,3590842,0,78.99,79.1,76.3,78.92
301197,工大科雅,19.84,0.9669211195928819,0.19000000000000128,51771707.34,2586600,0,19.71,20.36,19.5,19.65
301198,喜悦智行,11.66,-2.263202011735118,-0.2699999999999996,34249111.87,2894295,0,11.95,12.06,11.65,11.93
301199,迈赫股份,23.01,-1.3716245177882416,-0.31999999999999673,118873265.76,5105819,0,23.29,23.7,22.97,23.33
301200,大族数控,120.18,-0.9723137771918199,-1.1799999999999926,338387178.74,2816331,0,121.4,122.56,118.67,121.36
301201,诚达药业,41.95,0.8413461538461573,0.3500000000000014,271954828.96,6365424,0,41.5,44.3,41.4,41.6
301202,朗威股份,41.13,-2.466208204884987,-1.0399999999999991,93146028.32,2253700,0,41.93,42.47,40.79,42.17
301203,国泰环保,32.36,-0.6752608962553679,-0.21999999999999886,17406044.0,535400,0,32.69,32.86,32.26,32.58
301205,联特科技,169.4,-5.039520152474904,-8.98999999999998,1960430570.18,11429802,0,175.58,177.48,167.62,178.39
301206,三元生物,26.93,-0.9926470588235278,-0.2699999999999996,22296365.5,824950,0,27.24,27.24,26.87,27.2
301207,华兰疫苗,19.05,-0.8844953173777219,-0.16999999999999815,100517718.99,5250700,0,19.2,19.29,19.02,19.22
301208,中亦科技,39.64,-3.6695018226002385,-1.509999999999998,411488388.97,10348070,0,39.21,40.58,39.21,41.15
301209,联合化学,103.23,-3.024894316580553,-3.219999999999999,166204100.4,1608144,0,106.8,106.8,101.4,106.45
301210,金杨精密,36.25,-0.9021323127391971,-0.3299999999999983,56312126.13,1547910,0,36.78,36.8,36.08,36.58
301211,亨迪药业,12.48,-0.557768924302791,-0.07000000000000028,52333243.75,4180420,0,12.63,12.63,12.44,12.55
301212,联盛化学,28.72,-1.373626373626381,-0.40000000000000213,23629623.76,818012,0,29.51,29.51,28.5,29.12
301213,观想科技,0.0,-100.0,-69.05,0.0,0,0,0.0,0.0,0.0,69.05
301215,中汽股份,6.92,0.7278020378457034,0.04999999999999982,127404072.0,18482700,0,6.87,7.0,6.81,6.87
301216,万凯新材,17.32,-2.7512633352049325,-0.48999999999999844,199371457.47,11432207,0,17.66,17.82,17.22,17.81
301217,铜冠铜箔,37.3,-0.1873160289001881,-0.07000000000000028,1566532608.17,42069621,0,37.48,37.93,36.6,37.37
301218,华是科技,23.84,-0.7493755203996657,-0.17999999999999972,113232485.1,4754540,0,23.99,24.17,23.61,24.02
301219,腾远钴业,67.0,2.196461256863938,1.4399999999999977,412742074.47,6172037,0,67.01,67.64,66.01,65.56
301220,亚香股份,37.47,0.1603849238171673,0.060000000000002274,37003551.9,985870,0,37.27,37.86,37.27,37.41
301221,光庭信息,52.08,0.23094688221708512,0.11999999999999744,195296206.91,3733640,0,51.39,52.88,51.39,51.96
301222,浙江恒威,29.25,-0.7801899592944384,-0.23000000000000043,28802882.0,979400,0,29.45,29.74,29.12,29.48
301223,中荣股份,18.53,-1.067805659369991,-0.1999999999999993,23983566.0,1285600,0,18.78,18.78,18.5,18.73
301225,恒勃股份,115.91,5.593513710485562,6.140000000000001,284736283.06,2492679,0,109.61,118.56,109.02,109.77
301226,祥明智能,32.44,-2.053140096618357,-0.6799999999999997,222778202.82,6760428,0,32.93,33.93,32.07,33.12
301227,森鹰窗业,52.08,5.703267708544743,2.809999999999995,184071375.08,3525618,0,48.72,54.44,48.72,49.27
301228,实朴检测,40.71,0.9172037679722295,0.36999999999999744,96676891.0,2372900,0,40.21,41.38,40.21,40.34
301229,纽泰格,20.54,-1.6754427955959854,-0.3500000000000014,62061617.88,3001215,0,20.75,20.91,20.48,20.89
301230,泓博医药,29.37,-1.3767629281396914,-0.41000000000000014,67283012.22,2276888,0,29.6,29.96,29.2,29.78
301231,荣信文化,29.37,-1.9038076152304617,-0.5700000000000003,103938024.37,3509047,0,29.93,30.06,29.35,29.94
301232,飞沃科技,139.0,10.317460317460316,13.0,1282714705.19,9654445,0,126.0,139.0,123.51,126.0
301233,盛帮股份,50.52,-1.807580174927113,-0.9299999999999997,45624707.0,895700,0,51.6,51.68,50.44,51.45
301234,五洲医疗,40.9,-1.6117392350252626,-0.6700000000000017,40581801.76,987100,0,42.31,42.31,40.72,41.57
301235,华康洁净,42.87,-4.944567627494465,-2.230000000000004,700711075.23,15640434,0,45.36,47.0,42.68,45.1
301236,软通动力,46.67,-0.08563476771569074,-0.03999999999999915,536348795.66,11467704,0,46.76,47.18,46.32,46.71
301237,和顺科技,48.62,1.8219895287958061,0.8699999999999974,74574924.0,1530100,0,48.05,49.77,47.46,47.75
301238,瑞泰新材,21.21,3.061224489795931,0.6300000000000026,493030817.73,23179520,0,20.98,21.8,20.81,20.58
301239,普瑞眼科,31.22,-0.44642857142857323,-0.14000000000000057,22485722.0,718500,0,31.3,31.53,31.07,31.36
301246,宏源药业,26.88,20.000000000000004,4.48,1216033424.21,47678911,0,24.81,26.88,24.01,22.4
301248,杰创智能,31.16,-1.4547754585705275,-0.46000000000000085,268597894.27,8591145,0,31.23,31.9,30.81,31.62
301251,威尔高,54.51,-1.6420064958498803,-0.9100000000000037,184660758.2,3372930,0,55.35,55.48,54.15,55.42
301252,同星科技,30.35,-2.033570045190442,-0.629999999999999,229371161.67,7531852,0,30.38,31.08,30.0,30.98
301255,通力科技,28.35,-0.7005253940455316,-0.1999999999999993,40340516.6,1415805,0,28.49,28.78,28.22,28.55
301256,华融化学,14.79,-3.648208469055378,-0.5600000000000005,399625082.37,26878210,0,15.12,15.24,14.62,15.35
301257,普蕊斯,50.52,-1.5780245470485004,-0.8099999999999952,50978293.8,1007640,0,50.89,51.09,50.01,51.33
301258,富士莱,32.7,-1.8018018018017847,-0.5999999999999943,23530698.36,715448,0,33.43,33.43,32.68,33.3
301259,艾布鲁,33.12,-1.2522361359570713,-0.4200000000000017,123185624.37,3665800,0,33.74,34.32,33.06,33.54
301260,格力博,16.47,-1.3181545835829982,-0.22000000000000242,50047234.0,3009400,0,16.61,16.91,16.46,16.69
301261,恒工精密,81.34,-1.1784716316364947,-0.9699999999999989,147965876.13,1813684,0,82.2,82.99,80.51,82.31
301262,海看股份,23.87,-2.1320213202132003,-0.5199999999999996,107085735.28,4456076,0,24.11,24.31,23.81,24.39
301263,泰恩康,28.3,-1.4966933518969707,-0.4299999999999997,97256147.14,3417780,0,28.62,28.83,28.16,28.73
301265,华新环保,12.13,-0.5737704918032666,-0.06999999999999851,47096123.74,3886675,0,12.29,12.3,11.99,12.2
301266,宇邦新材,36.99,0.13535462912832774,0.05000000000000426,212078100.24,5660568,0,37.2,38.37,36.85,36.94
301267,华厦眼科,18.21,-0.49180327868852375,-0.08999999999999986,60886604.48,3340609,0,18.3,18.32,18.1,18.3
301268,铭利达,18.76,-1.2111637704054603,-0.22999999999999687,91052651.11,4853609,0,18.99,19.07,18.48,18.99
301269,华大九天,109.95,1.749028317601333,1.8900000000000006,555514045.69,5131604,0,108.0,110.06,106.57,108.06
301270,汉仪股份,36.98,-1.1229946524064216,-0.4200000000000017,141634292.44,3828800,0,37.32,37.48,36.5,37.4
301272,英华特,39.95,-1.2849023968371536,-0.519999999999996,27160860.76,674476,0,40.48,40.78,39.9,40.47
301273,瑞晨环保,26.44,-1.453596720089441,-0.389999999999997,18306238.0,685800,0,26.89,27.15,26.31,26.83
301275,汉朔科技,52.9,-0.7318446237568035,-0.39000000000000057,56175357.16,1058977,0,53.3,53.43,52.8,53.29
301276,嘉曼服饰,29.09,-0.8858603066439575,-0.26000000000000156,139316658.93,4711269,0,29.8,30.98,28.87,29.35
301277,新天地,11.83,-0.8382229673093013,-0.09999999999999964,17635803.82,1482598,0,11.94,11.98,11.81,11.93
301278,快可电子,35.17,1.063218390804611,0.37000000000000455,147045214.44,4172942,0,35.05,35.74,34.73,34.8
301279,金道科技,30.8,-2.9615626969124067,-0.9399999999999977,126808148.65,4066379,0,31.46,32.06,30.6,31.74
301280,珠城科技,51.81,-0.9369024856596461,-0.4899999999999949,223071575.17,4302680,0,51.11,53.23,50.7,52.3
301281,科源制药,29.65,4.585537918871243,1.2999999999999972,147960809.96,5025995,0,28.31,30.58,28.17,28.35
301282,金禄电子,28.94,-0.48143053645115896,-0.13999999999999702,166547829.9,5767590,0,29.08,29.25,28.56,29.08
301283,聚胶股份,46.98,-3.1739488870568966,-1.5400000000000063,87526100.0,1832800,0,48.5,48.97,46.82,48.52
301285,鸿日达,67.78,-0.5575117370891952,-0.37999999999999545,106686898.0,1563600,0,68.0,69.19,67.45,68.16
301286,侨源股份,43.43,-1.9417475728155327,-0.8599999999999994,287178404.72,6442963,0,44.5,47.3,42.99,44.29
301287,康力源,41.75,-2.2019208245490693,-0.9399999999999977,34870216.4,825595,0,42.89,42.89,41.62,42.69
301288,*ST清研,16.32,-0.48780487804877015,-0.0799999999999983,8886682.0,542900,0,16.57,16.7,16.19,16.4
301289,国缆检测,59.32,-0.43638804968109773,-0.259999999999998,105101601.53,1787145,0,59.27,59.45,58.0,59.58
301290,东星医疗,25.28,-1.0567514677103702,-0.2699999999999996,15172651.0,596200,0,25.69,25.69,25.26,25.55
301291,明阳电气,43.05,0.209497206703902,0.0899999999999963,249451165.27,5819589,0,42.98,43.48,42.22,42.96
301292,海科新源,72.0,20.0,12.0,2752124366.69,41412676,0,63.92,72.0,60.0,60.0
301293,三博脑科,56.32,-2.001044022968503,-1.1499999999999986,414009840.6,7302704,0,57.5,57.65,56.0,57.47
301295,美硕科技,28.78,-0.380754586362061,-0.10999999999999943,51712529.0,1782516,0,28.89,29.54,28.53,28.89
301296,新巨丰,8.63,-1.3714285714285626,-0.11999999999999922,25792312.33,2969661,0,8.75,8.79,8.61,8.75
301297,富乐德,36.1,-1.3391637059305874,-0.490000000000002,161782731.87,4446706,0,36.59,36.95,36.03,36.59
301298,东利机械,15.61,-1.5762925598991173,-0.25,27487183.79,1745600,0,15.91,15.97,15.57,15.86
301299,卓创资讯,53.19,-0.44918585064570843,-0.240000000000002,30456995.14,570021,0,53.36,54.0,53.0,53.43
301300,远翔新材,43.87,1.2462497115162685,0.5399999999999991,95108397.66,2155412,0,43.59,45.14,43.4,43.33
301301,川宁生物,10.2,0.1964636542239644,0.019999999999999574,103434827.0,10141000,0,10.18,10.27,10.13,10.18
301302,华如科技,22.69,-0.7002188183807445,-0.16000000000000014,53950218.95,2368671,0,22.88,23.0,22.49,22.85
301303,真兰仪表,15.2,-0.7832898172323824,-0.120000000000001,25649412.0,1681884,0,15.32,15.38,15.12,15.32
301305,朗坤科技,22.44,1.2635379061371892,0.28000000000000114,114706140.55,5152924,0,22.26,22.53,22.0,22.16
301306,西测测试,122.6,10.970311368573487,12.11999999999999,2299817497.4,18856059,0,112.5,131.99,112.5,110.48
301307,美利信,36.85,-1.153433476394849,-0.4299999999999997,197130496.93,5360873,0,37.28,37.71,36.0,37.28
301308,江波龙,266.89,4.5725256641329,11.669999999999987,5300520681.47,19889568,0,254.51,273.45,253.68,255.22
301309,万得凯,28.27,-1.2574222843171479,-0.35999999999999943,14192192.0,498800,0,28.65,28.83,28.24,28.63
301310,鑫宏业,43.54,-1.4709210228558467,-0.6499999999999986,66157487.2,1504500,0,44.05,44.82,43.39,44.19
301311,昆船智能,18.63,-1.1671087533156626,-0.22000000000000242,45380598.0,2427100,0,18.84,18.89,18.51,18.85
301312,智立方,50.37,-2.5913749758267324,-1.3400000000000034,126573480.33,2494713,0,51.5,51.7,50.01,51.71
301313,凡拓数创,26.17,-0.19069412662088925,-0.04999999999999716,43098969.0,1641100,0,26.22,26.55,25.91,26.22
301314,科瑞思,42.12,-2.046511627906983,-0.8800000000000026,34077500.8,797620,0,43.01,43.33,42.1,43.0
301315,威士顿,56.89,-0.4026610644257649,-0.22999999999999687,242732517.17,4214142,0,56.88,58.8,56.8,57.12
301316,慧博云通,44.5,-0.934995547640253,-0.4200000000000017,288468716.25,6450237,0,44.62,45.2,44.42,44.92
301317,鑫磊股份,32.34,-1.0101010101010048,-0.3299999999999983,46031172.0,1417300,0,32.89,32.89,32.27,32.67
301318,维海德,27.52,-1.3266403728935137,-0.370000000000001,22755091.9,822570,0,27.99,27.99,27.47,27.89
301319,唯特偶,52.23,9.588753671842216,4.57,506476935.23,10051184,0,48.18,52.29,47.79,47.66
301320,豪江智能,16.81,-1.0594467333725706,-0.17999999999999972,26806910.0,1586900,0,16.98,17.13,16.75,16.99
301321,翰博高新,18.68,-0.5854177754124504,-0.10999999999999943,74865419.7,4004970,0,18.7,18.92,18.4,18.79
301322,绿通科技,27.89,-0.7473309608540956,-0.21000000000000085,38091272.82,1360040,0,28.4,28.4,27.75,28.1
301323,新莱福,55.8,-1.9504480759093297,-1.1099999999999994,98609554.54,1759128,0,56.91,56.97,55.41,56.91
301325,曼恩斯特,51.02,-1.0089251067132248,-0.519999999999996,104840054.14,2039909,0,51.55,51.96,50.55,51.54
301326,捷邦科技,113.77,-3.0176455545136873,-3.5400000000000063,251158843.08,2187995,0,117.0,117.64,112.8,117.31
301327,华宝新能,60.25,5.166695758422065,2.960000000000001,366938682.17,6020423,0,57.27,63.66,57.07,57.29
301328,维峰电子,47.65,2.96024200518582,1.3699999999999974,209282113.71,4423434,0,46.2,48.08,45.71,46.28
301329,信音电子,24.7,3.9999999999999973,0.9499999999999993,335163509.17,13614397,0,23.76,25.17,23.5,23.75
301330,熵基科技,29.28,-0.4758667573079557,-0.14000000000000057,76961704.18,2623393,0,29.41,29.69,29.12,29.42
301331,恩威医药,26.72,-0.8166295471418055,-0.22000000000000242,23184323.52,865384,0,26.94,27.13,26.64,26.94
301332,德尔玛,9.37,-1.3684210526315872,-0.13000000000000078,39249228.0,4163200,0,9.49,9.51,9.36,9.5
301333,诺思格,58.37,-1.1515664690939877,-0.6799999999999997,113635383.36,1932060,0,59.63,60.42,57.8,59.05
301335,天元宠物,29.23,-1.747899159663864,-0.5199999999999996,88020290.13,2999833,0,29.76,29.86,29.0,29.75
301336,趣睡科技,52.99,-1.0826955385476913,-0.5799999999999983,44667553.0,843000,0,53.17,53.72,52.58,53.57
301337,亚华电子,27.57,-1.182795698924725,-0.3299999999999983,41819879.0,1513400,0,27.8,27.92,27.39,27.9
301338,凯格精机,89.37,0.14567458538772934,0.13000000000000966,481708943.52,5395183,0,89.71,90.99,87.66,89.24
301339,通行宝,14.39,-0.6901311249137312,-0.09999999999999964,49709751.17,3439611,0,14.49,14.52,14.35,14.49
301345,涛涛车业,249.46,2.827699917559775,6.860000000000014,247931372.36,1014737,0,242.5,251.0,238.38,242.6
301348,蓝箭电子,20.48,-0.6789524733268698,-0.14000000000000057,76793372.06,3731886,0,20.62,20.73,20.42,20.62
301349,信德新材,48.22,1.196222455403988,0.5700000000000003,189515135.89,3914328,0,48.85,49.39,47.64,47.65
301353,普莱得,26.7,-1.2208657047724818,-0.33000000000000185,20013461.7,744590,0,27.05,27.2,26.62,27.03
301355,南王科技,16.15,5.280312907431544,0.8099999999999987,678855704.23,44007645,0,15.0,16.24,14.52,15.34
301356,天振股份,21.45,-0.6944444444444543,-0.15000000000000213,42608165.2,1970800,0,21.82,21.88,21.4,21.6
301357,北方长龙,141.2,-1.3277428371768034,-1.9000000000000057,438245818.23,3072789,0,143.1,145.81,140.26,143.1
301358,湖南裕能,70.92,6.486486486486498,4.320000000000007,2916709829.82,41281909,0,73.04,73.97,68.06,66.6
301359,东南电子,18.99,-1.5552099533437052,-0.3000000000000007,23998766.0,1253000,0,19.32,19.37,18.98,19.29
301360,荣旗科技,72.5,0.48510048510047715,0.3499999999999943,113000396.0,1559700,0,72.0,73.54,71.03,72.15
301361,众智科技,33.08,-1.8106262986049257,-0.6099999999999994,74622244.0,2239700,0,33.63,33.72,33.02,33.69
301362,民爆光电,41.37,0.21802325581394455,0.0899999999999963,23197275.89,557633,0,41.37,41.99,41.27,41.28
301363,美好医疗,23.12,-2.241014799154324,-0.5299999999999976,198220111.52,8486785,0,23.65,23.99,23.06,23.65
301365,矩阵股份,24.54,-0.8084074373484207,-0.1999999999999993,85900704.0,3472700,0,24.7,25.25,24.4,24.74
301366,一博科技,35.42,-1.0890812622172592,-0.39000000000000057,93760266.68,2631259,0,35.52,36.18,35.26,35.81
301367,瑞迈特,83.48,-0.9727164887307155,-0.8199999999999932,47183755.44,565840,0,84.3,84.3,82.48,84.3
301368,丰立智能,58.83,-0.9929316728374342,-0.5900000000000034,228219285.3,3850727,0,58.97,60.2,58.3,59.42
301369,联动科技,132.15,-1.0482965181579973,-1.4000000000000057,184629292.32,1386154,0,133.55,135.5,131.2,133.55
301370,国科恒泰,11.99,-1.3168724279835402,-0.16000000000000014,132599011.44,10962534,0,12.21,12.32,11.95,12.15
301371,敷尔佳,23.79,-0.7923269391159353,-0.19000000000000128,48761654.84,2045196,0,23.95,24.01,23.71,23.98
301372,科净源,25.3,-1.6712009327633102,-0.4299999999999997,23469678.0,917300,0,25.82,25.96,25.3,25.73
301373,凌玮科技,32.52,-2.925373134328349,-0.9799999999999969,88902101.02,2713756,0,33.1,33.29,32.33,33.5
301376,致欧科技,18.76,-1.6255899318300928,-0.3099999999999987,26127021.0,1381100,0,19.1,19.11,18.75,19.07
301377,鼎泰高科,140.09,-0.12120347925280729,-0.1699999999999875,1402087454.35,9940502,0,139.0,145.9,135.3,140.26
301378,通达海,27.86,-1.135557132718241,-0.3200000000000003,40618265.71,1449827,0,28.2,28.33,27.73,28.18
301379,天山电子,26.55,-0.4872563718140892,-0.129999999999999,135686045.83,5089970,0,26.57,26.97,26.4,26.68
301380,挖金客,31.67,-0.565149136577707,-0.17999999999999972,26983765.67,849875,0,31.84,31.98,31.48,31.85
301381,赛维时代,20.87,-0.2866698518872371,-0.05999999999999872,45872928.0,2203100,0,20.9,20.95,20.69,20.93
301382,蜂助手,35.68,3.1810294968189745,1.1000000000000014,754160832.93,21322822,0,34.35,36.34,34.2,34.58
301383,天键股份,33.59,-2.2978475858056986,-0.7899999999999991,93926617.4,2769540,0,34.21,34.41,33.5,34.38
301386,未来电器,24.05,-0.6608839322593975,-0.16000000000000014,32185070.0,1331100,0,24.29,24.36,24.02,24.21
301387,光大同创,55.83,5.339622641509431,2.8299999999999983,415559485.07,7542061,0,53.54,57.6,53.08,53.0
301388,欣灵电气,30.8,-1.8483110261312885,-0.5799999999999983,46264835.0,1486100,0,31.43,31.84,30.8,31.38
301389,隆扬电子,56.41,-0.6516379006692578,-0.37000000000000455,420070113.48,7420137,0,56.2,57.6,55.88,56.78
301390,经纬股份,33.6,-1.2635909491625028,-0.4299999999999997,20449664.0,604600,0,34.06,34.24,33.5,34.03
301391,卡莱特,79.36,-2.2298878896143925,-1.8100000000000023,80821133.5,1006019,0,81.9,82.28,79.18,81.17
301392,汇成真空,134.63,-2.576163253491571,-3.5600000000000023,379894749.93,2796312,0,139.5,139.91,134.0,138.19
301393,昊帆生物,50.0,-1.3417521704814517,-0.6799999999999997,30506398.0,608500,0,50.67,50.67,49.75,50.68
301395,仁信新材,11.55,5.769230769230776,0.6300000000000008,113917002.51,9982684,0,10.93,11.71,10.88,10.92
301396,宏景科技,64.55,2.917729591836732,1.8299999999999983,753017463.52,11799625,0,62.5,65.0,62.0,62.72
301397,溯联股份,35.62,-2.783842794759834,-1.0200000000000031,293329949.33,8217379,0,36.41,36.5,35.25,36.64
301398,星源卓镁,52.11,0.21153846153846045,0.10999999999999943,195726593.96,3766413,0,50.83,52.99,50.83,52.0
301399,英特科技,19.8,-1.3452914798206257,-0.2699999999999996,105520316.54,5302705,0,20.04,20.19,19.71,20.07
301408,华人健康,19.45,-1.5189873417721556,-0.3000000000000007,800876291.73,40770403,0,19.86,20.19,19.22,19.75
301413,安培龙,123.49,1.0639168508061192,1.2999999999999972,487172700.4,3955340,0,123.0,125.8,120.68,122.19
301418,协昌科技,36.6,-0.5434782608695536,-0.19999999999999574,25469422.68,693346,0,36.92,36.96,36.53,36.8
301419,阿莱德,34.92,0.5470774546501723,0.19000000000000483,205042427.3,5786303,0,34.81,36.57,34.51,34.73
301421,波长光电,107.82,-3.126684636118602,-3.480000000000004,893564987.92,8183688,0,113.3,113.9,106.98,111.3
301428,世纪恒通,33.33,-0.7740398928252608,-0.2600000000000051,50165259.9,1498733,0,33.53,33.76,33.2,33.59
301429,森泰股份,19.18,-1.5905592611595625,-0.3099999999999987,15634705.32,807644,0,19.65,19.65,19.12,19.49
301439,泓淋电力,15.18,-1.5564202334630364,-0.2400000000000002,65073317.57,4263270,0,15.39,15.42,15.12,15.42
301446,福事特,32.21,1.8981335020563157,0.6000000000000014,51479323.42,1608586,0,31.61,32.32,31.4,31.61
301448,开创电气,53.79,-1.1576626240352859,-0.6300000000000026,53529778.6,985090,0,54.5,55.5,53.6,54.42
301456,盘古智能,32.2,2.580439630455566,0.8100000000000023,224043832.18,7004858,0,31.07,32.58,31.06,31.39
301458,钧崴电子,32.67,-1.3586956521739004,-0.44999999999999574,65119366.0,1984400,0,33.09,33.09,32.57,33.12
301459,丰茂股份,44.14,-0.8758140579384698,-0.39000000000000057,58775656.54,1324242,0,44.17,45.0,43.9,44.53
301468,博盈特焊,58.66,4.768708697981772,2.6699999999999946,808131160.74,13956082,0,55.06,60.24,54.52,55.99
301469,恒达新材,33.16,-5.688282138794085,-2.0,364078775.97,11057240,0,33.64,34.0,32.57,35.16
301479,弘景光电,85.81,-1.458429030776293,-1.269999999999996,60071357.64,695129,0,87.08,87.18,85.66,87.08
301486,致尚科技,109.71,0.19178082191780252,0.20999999999999375,729314749.54,6597277,0,109.5,114.75,106.5,109.5
301487,盟固利,22.48,3.833718244803704,0.8300000000000018,623788388.65,27804278,0,21.83,23.17,21.79,21.65
301488,豪恩汽电,161.0,-4.206580591420238,-7.069999999999993,805884163.48,5012409,0,164.96,165.03,157.83,168.07
301489,思泉新材,213.58,-4.04348998113038,-9.0,1172305621.47,5478735,0,218.61,220.93,211.01,222.58
301498,乖宝宠物,67.8,-0.8626992250329045,-0.5900000000000034,130577336.96,1926340,0,68.3,68.36,67.51,68.39
301499,维科精密,29.82,-1.7139090309822005,-0.5199999999999996,64707942.9,2163300,0,30.18,30.27,29.55,30.34
301500,飞南资源,15.59,1.8288700195950316,0.27999999999999936,97264647.31,6245963,0,15.35,15.7,15.35,15.31
301501,恒鑫生活,43.58,-1.7583408476104627,-0.7800000000000011,53403144.34,1216779,0,44.16,44.48,43.45,44.36
301502,华阳智能,43.6,-2.28597041685342,-1.019999999999996,25037209.0,566800,0,44.76,44.78,43.58,44.62
301503,智迪科技,36.04,-1.0705462530881158,-0.39000000000000057,25952734.0,716800,0,36.3,36.58,35.94,36.43
301505,苏州规划,23.33,12.596525096525093,2.6099999999999994,258603231.45,11408448,0,20.71,23.96,20.42,20.72
301507,民生健康,15.73,0.12730744748567518,0.019999999999999574,112844979.44,7134689,0,15.68,16.03,15.64,15.71
301508,中机认检,31.3,-0.6664550936210754,-0.21000000000000085,53366025.9,1699742,0,31.41,31.66,31.12,31.51
301509,金凯生科,34.21,-1.8927444794952584,-0.6599999999999966,59467449.03,1729420,0,34.67,34.81,34.02,34.87
301510,固高科技,35.53,-1.278132814670744,-0.46000000000000085,477046042.66,13456994,0,35.8,36.14,34.91,35.99
301511,德福科技,38.59,-1.2285641156897795,-0.4799999999999969,1853578618.31,47625353,0,38.97,40.18,38.2,39.07
301512,智信精密,43.11,-1.7995444191343943,-0.7899999999999991,30083207.0,691900,0,43.75,44.5,42.86,43.9
301515,港通医疗,20.2,-1.1741682974559784,-0.240000000000002,17416243.0,854500,0,20.5,20.61,20.11,20.44
301516,中远通,15.72,-1.6885553470919297,-0.2699999999999996,38288834.6,2421254,0,15.98,15.99,15.66,15.99
301517,陕西华达,66.66,0.9541117673784575,0.6299999999999955,1377788985.88,20573297,0,65.37,68.99,65.0,66.03
301518,长华化学,34.62,0.7860262008733508,0.269999999999996,87062545.53,2524648,0,34.65,34.96,33.96,34.35
301519,舜禹股份,13.45,-1.0301692420897761,-0.14000000000000057,24780167.52,1828014,0,13.68,13.72,13.45,13.59
301520,万邦医药,39.85,-0.9691848906560651,-0.39000000000000057,13821205.0,345000,0,40.6,40.6,39.78,40.24
301522,上大股份,39.8,3.4303534303534313,1.3200000000000003,1808838336.88,46388027,0,38.88,40.35,37.85,38.48
301525,儒竞科技,83.3,-3.139534883720933,-2.700000000000003,108979377.94,1291500,0,87.0,87.0,83.02,86.0
301526,国际复材,7.08,1.2875536480686673,0.08999999999999986,963649923.69,136242326,0,6.94,7.24,6.9,6.99
301528,多浦乐,68.8,-1.6440314510364626,-1.1500000000000057,104918040.42,1510638,0,70.33,70.7,68.5,69.95
301529,福赛科技,86.71,-3.794519028070567,-3.4200000000000017,225672938.36,2559536,0,90.13,91.51,86.0,90.13
301533,威马农机,44.17,3.7097910307583892,1.5799999999999983,305622498.49,7034580,0,42.26,44.2,41.85,42.59
301536,星宸科技,60.23,-1.825590872045647,-1.1200000000000045,344844491.53,5683734,0,61.36,61.49,59.9,61.35
301538,骏鼎达,76.32,-0.4305283757338714,-0.3300000000000125,98808860.0,1297758,0,76.38,77.27,75.0,76.65
301539,宏鑫科技,20.76,-2.029259084473807,-0.4299999999999997,76883431.46,3687119,0,21.15,21.16,20.6,21.19
301548,崇德科技,55.71,-0.6420545746388433,-0.35999999999999943,132111024.87,2353152,0,55.68,56.88,55.57,56.07
301550,斯菱股份,108.82,-1.6982836495031703,-1.8800000000000097,613543950.96,5636915,0,108.8,111.75,106.8,110.7
301551,无线传媒,31.5,-0.693568726355608,-0.21999999999999886,209157563.24,6584152,0,31.75,32.3,31.46,31.72
301552,科力装备,37.65,-1.6714546879080714,-0.6400000000000006,35858844.0,945100,0,38.36,38.4,37.6,38.29
301555,惠柏新材,32.64,-1.0609275538041874,-0.3500000000000014,68615833.0,2086100,0,33.0,33.5,32.55,32.99
301556,托普云农,98.79,-0.2624936900555183,-0.2599999999999909,115948969.44,1173589,0,99.17,99.78,98.0,99.05
301557,常友科技,141.1,0.0,0.0,68965127.0,491400,0,140.0,142.2,138.1,141.1
301558,三态股份,8.22,-1.0830324909747275,-0.08999999999999986,54586247.0,6606944,0,8.28,8.34,8.21,8.31
301559,中集环科,15.92,-0.37546933667084165,-0.0600000000000005,20495820.85,1284263,0,16.11,16.11,15.9,15.98
301565,中仑新材,25.22,0.7993605115907246,0.1999999999999993,127391935.81,5050761,0,25.18,25.47,24.93,25.02
301566,达利凯普,20.56,3.0576441102756866,0.6099999999999994,740402686.95,36170074,0,20.1,20.86,19.81,19.95
301567,贝隆精密,45.0,-1.960784313725487,-0.8999999999999986,96900348.52,2149260,0,45.87,45.87,44.55,45.9
301568,思泰克,49.92,-0.5181347150259028,-0.259999999999998,351325002.48,7029649,0,49.72,51.0,49.26,50.18
301571,国科天成,53.54,1.8064270773911306,0.9499999999999957,370639149.98,6894721,0,52.73,54.55,52.26,52.59
301577,美信科技,56.51,-1.1717383700594644,-0.6700000000000017,32115953.32,562944,0,57.18,57.6,56.38,57.18
301578,辰奕智能,33.92,-1.1078717201166048,-0.37999999999999545,25067885.27,736170,0,34.45,34.45,33.81,34.3
301580,爱迪特,43.19,-1.0311640696608682,-0.45000000000000284,36480870.96,840492,0,43.62,43.84,43.06,43.64
301581,黄山谷捷,47.12,-1.4432127170048208,-0.6900000000000048,28904326.82,610014,0,47.83,47.88,47.06,47.81
301585,蓝宇股份,30.71,-1.0312600708991309,-0.3200000000000003,64346533.14,2069646,0,31.1,31.52,30.66,31.03
301586,佳力奇,47.33,0.12693039983074922,0.05999999999999517,66086732.98,1397390,0,47.37,47.74,46.7,47.27
301587,中瑞股份,23.86,1.1445527766002526,0.2699999999999996,96726694.27,4015850,0,23.67,24.64,23.6,23.59
301588,美新科技,18.08,-1.3100436681222816,-0.240000000000002,22349813.53,1224027,0,18.3,18.45,18.08,18.32
301589,诺瓦星云,156.0,-1.9238023387400993,-3.0600000000000023,95586722.76,610400,0,158.0,158.0,155.58,159.06
301591,肯特股份,40.13,1.0576680936791782,0.4200000000000017,76865103.7,1910099,0,39.49,40.68,39.49,39.71
301592,六九一二,123.37,-2.6896986906452094,-3.4099999999999966,197263082.28,1594934,0,125.8,126.76,122.27,126.78
301596,瑞迪智驱,74.28,-0.7482629609834343,-0.5600000000000023,62536311.54,838692,0,74.8,75.35,73.78,74.84
301598,博科测试,63.2,-0.29973181889887635,-0.18999999999999773,30191254.83,477828,0,63.9,63.9,62.51,63.39
301600,慧翰股份,134.99,0.14094955489614072,0.18999999999999773,225805857.11,1680824,0,134.8,136.64,132.26,134.8
301601,惠通科技,28.18,-1.0533707865168562,-0.3000000000000007,20149627.42,711360,0,28.29,28.6,28.15,28.48
301602,超研股份,21.96,-1.1701170117011612,-0.259999999999998,24125093.57,1093949,0,22.23,22.28,21.9,22.22
301603,乔锋智能,74.27,-1.5769944341372883,-1.1899999999999977,117775171.04,1578033,0,75.23,75.6,73.58,75.46
301606,绿联科技,59.64,-0.7488766849725459,-0.45000000000000284,80141241.55,1341971,0,60.08,60.25,59.38,60.09
301607,富特科技,41.77,-4.131282992885006,-1.7999999999999972,244960087.81,5761023,0,43.07,43.5,41.62,43.57
301608,博实结,85.96,-1.195402298850582,-1.0400000000000063,94365307.14,1101084,0,86.7,86.95,84.7,87.0
301611,珂玛科技,85.81,4.049957560324971,3.3400000000000034,2811976866.82,32817220,0,82.55,89.66,80.2,82.47
301613,新铝时代,48.32,1.0033444816053445,0.4799999999999969,142123953.24,2976008,0,46.8,48.7,46.5,47.84
301617,博苑股份,74.47,-6.090794451450187,-4.829999999999998,254015455.6,3340702,0,79.02,79.89,74.25,79.3
301618,长联科技,49.1,0.14276973281664346,0.07000000000000028,57198440.8,1156758,0,49.14,50.28,49.03,49.03
301622,英思特,64.77,-1.370488807674746,-0.9000000000000057,104276630.68,1605156,0,65.51,65.51,64.3,65.67
301626,苏州天脉,190.5,-1.7484140492031495,-3.3899999999999864,304338757.66,1602041,0,194.01,194.87,187.0,193.89
301628,强达电路,92.58,-1.5211147750239409,-1.4300000000000068,231655961.39,2492013,0,93.86,94.01,92.11,94.01
301629,矽电股份,227.01,-3.1733845169545734,-7.439999999999998,326152381.11,1415861,0,232.83,237.66,225.6,234.45
301631,壹连科技,104.69,-2.613953488372095,-2.8100000000000023,171500548.51,1623143,0,107.52,107.58,104.42,107.5
301633,港迪技术,68.06,-1.1904761904761807,-0.8199999999999932,37125663.96,546036,0,68.47,68.5,67.55,68.88
302132,中航成飞,77.96,-0.8773045136681652,-0.6900000000000119,862937863.98,11074740,0,78.5,78.9,77.12,78.65
600000,浦发银行,11.72,-0.4248088360237803,-0.049999999999998934,350344914.0,29816927,0,11.77,11.82,11.71,11.77
600004,白云机场,9.59,-0.20811654526534418,-0.019999999999999574,139620041.0,14559119,0,9.6,9.64,9.56,9.61
600006,东风股份,7.2,0.13908205841446156,0.009999999999999787,109972851.0,15275418,0,7.18,7.22,7.17,7.19
600007,中国国贸,19.53,-0.7621951219512123,-0.14999999999999858,50844627.0,2603700,0,19.7,19.7,19.4,19.68
600008,首创环保,3.03,0.0,0.0,129318915.0,42539140,0,3.03,3.05,3.03,3.03
600009,上海机场,33.38,-1.1841326228537554,-0.3999999999999986,419926764.0,12544350,0,33.65,33.91,33.21,33.78
600010,包钢股份,2.4,0.41841004184099523,0.009999999999999787,983394567.0,409424172,0,2.39,2.42,2.38,2.39
600011,华能国际,8.09,1.2515644555694574,0.09999999999999964,470791665.0,58403350,0,7.98,8.13,7.94,7.99
600012,皖通高速,15.16,1.540522438044209,0.23000000000000043,75539502.0,5020900,0,14.9,15.22,14.86,14.93
600015,华夏银行,6.82,-0.43795620437955274,-0.02999999999999936,213950814.0,31306510,0,6.84,6.86,6.82,6.85
600016,民生银行,3.86,0.0,0.0,566065976.0,146563099,0,3.86,3.88,3.85,3.86
600017,日照港,3.02,-0.6578947368421059,-0.020000000000000018,55536177.0,18353301,0,3.03,3.04,3.01,3.04
600018,上港集团,5.52,-0.5405405405405451,-0.03000000000000025,135210233.0,24427640,0,5.55,5.56,5.52,5.55
600019,宝钢股份,7.35,2.3676880222841215,0.16999999999999993,704844493.0,96754666,0,7.19,7.37,7.18,7.18
600020,中原高速,4.31,-0.4618937644341908,-0.020000000000000462,35824417.0,8282381,0,4.35,4.36,4.3,4.33
600021,上海电力,21.86,10.015098137896318,1.9899999999999984,3928584418.0,185882325,0,19.88,21.86,19.83,19.87
600022,山东钢铁,1.53,0.6578947368421059,0.010000000000000009,158147051.0,102844205,0,1.53,1.57,1.52,1.52
600023,浙能电力,5.15,0.0,0.0,178006493.0,34626624,0,5.15,5.16,5.12,5.15
600025,华能水电,9.19,-0.43336944745396444,-0.040000000000000924,159819660.0,17374400,0,9.23,9.24,9.19,9.23
600026,中远海能,11.73,-0.4244482173174783,-0.049999999999998934,351555276.0,29927016,0,11.78,11.9,11.7,11.78
600027,华电国际,5.25,0.9615384615384581,0.04999999999999982,656203811.0,125774025,0,5.2,5.27,5.17,5.2
600028,中国石化,5.79,-1.025641025641019,-0.05999999999999961,564218994.0,97182466,0,5.85,5.86,5.78,5.85
600029,南方航空,7.52,-0.9222661396574479,-0.07000000000000028,411871762.0,54637687,0,7.59,7.66,7.45,7.59
600030,中信证券,29.1,0.48342541436464287,0.14000000000000057,4122805470.0,141352575,0,28.96,29.4,28.9,28.96
600031,三一重工,21.17,2.418964683115626,0.5,1510717076.0,71579945,0,20.63,21.28,20.6,20.67
600032,浙江新能,7.51,0.1333333333333305,0.009999999999999787,54851688.0,7296700,0,7.5,7.55,7.47,7.5
600033,福建高速,4.41,-2.433628318584059,-0.10999999999999943,404374342.0,91145767,0,4.47,4.52,4.38,4.52
600035,楚天高速,3.91,-0.5089058524173032,-0.020000000000000018,41689012.0,10628797,0,3.94,3.95,3.9,3.93
600036,招商银行,41.7,-0.19147917663953637,-0.0799999999999983,2123779708.0,50880959,0,41.79,41.88,41.62,41.78
600037,歌华有线,7.31,0.2743484224965648,0.019999999999999574,83724063.0,11439268,0,7.32,7.36,7.29,7.29
600038,中直股份,35.64,-0.5857740585774083,-0.21000000000000085,294472574.0,8262102,0,35.79,35.85,35.41,35.85
600039,四川路桥,9.95,0.30241935483870325,0.02999999999999936,165454168.0,16616600,0,9.88,10.04,9.85,9.92
600048,保利发展,6.26,-0.3184713375796252,-0.020000000000000462,451612415.0,71982286,0,6.26,6.3,6.25,6.28
600050,中国联通,5.14,0.0,0.0,607953073.0,118407026,0,5.14,5.15,5.11,5.14
600051,宁波联合,7.6,-0.3931847968545249,-0.03000000000000025,30407312.0,3985100,0,7.7,7.7,7.58,7.63
600052,东望时代,4.69,-1.2631578947368338,-0.05999999999999961,57086885.0,12127600,0,4.71,4.75,4.66,4.75
600053,九鼎投资,20.9,0.9661835748792237,0.1999999999999993,281524906.0,13452548,0,20.7,21.65,20.43,20.7
600054,黄山旅游,11.38,0.0879507475813682,0.010000000000001563,44524926.0,3913266,0,11.39,11.41,11.33,11.37
600055,万东医疗,15.87,-0.3766478342749561,-0.0600000000000005,63845525.0,4012520,0,15.91,16.08,15.85,15.93
600056,中国医药,10.47,-0.3805899143672612,-0.03999999999999915,89691049.0,8550650,0,10.5,10.53,10.43,10.51
600057,厦门象屿,8.86,2.3094688221708926,0.1999999999999993,241075665.0,27561655,0,8.62,8.87,8.56,8.66
600058,五矿发展,10.47,0.7699711260827725,0.08000000000000007,260246821.0,25247721,0,10.36,10.58,10.14,10.39
600059,古越龙山,9.24,-0.858369098712447,-0.08000000000000007,60292106.0,6508816,0,9.31,9.31,9.23,9.32
600060,海信视像,23.78,-2.2203947368421018,-0.5399999999999991,272953434.0,11388488,0,24.32,24.35,23.77,24.32
600061,国投资本,7.64,0.3942181340341571,0.02999999999999936,219796024.0,28757708,0,7.59,7.7,7.58,7.61
600062,华润双鹤,18.49,0.05411255411254334,0.00999999999999801,72397162.0,3920334,0,18.48,18.51,18.41,18.48
600063,皖维高新,6.08,-0.32786885245900943,-0.019999999999999574,151351272.0,24868960,0,6.08,6.13,6.05,6.1
600064,南京高科,8.44,1.199040767386087,0.09999999999999964,155077728.0,18396574,0,8.35,8.49,8.33,8.34
600066,宇通客车,32.77,0.4598405885959708,0.15000000000000568,365775363.0,11180476,0,32.6,32.96,32.51,32.62
600067,冠城新材,4.28,-1.1547344110854463,-0.04999999999999982,192212362.0,44896467,0,4.33,4.37,4.23,4.33
600070,*ST富润,0.42,0.0,0.0,0.0,0,0,0.0,0.0,0.0,0.42
600071,凤凰光学,20.83,-1.0921177587844275,-0.23000000000000043,69538191.0,3332982,0,21.07,21.08,20.7,21.06
600072,中船科技,11.66,0.0858369098712428,0.009999999999999787,110893953.0,9519763,0,11.63,11.7,11.57,11.65
600073,光明肉业,6.51,-0.6106870229007639,-0.040000000000000036,52350982.0,8026729,0,6.51,6.56,6.48,6.55
600075,新疆天业,4.77,0.0,0.0,75784037.0,15890860,0,4.77,4.81,4.74,4.77
600076,康欣新材,3.39,1.8018018018018036,0.06000000000000005,220483662.0,65897428,0,3.32,3.45,3.25,3.33
600078,澄星股份,10.29,3.003003003002992,0.29999999999999893,423116630.0,41182901,0,10.0,10.5,9.98,9.99
600079,ST人福,18.82,-0.15915119363395827,-0.030000000000001137,399189874.0,21166989,0,18.81,19.03,18.76,18.85
600080,金花股份,7.76,-2.5125628140703538,-0.20000000000000018,49484865.0,6343900,0,7.95,7.95,7.73,7.96
600081,东风科技,11.78,-0.3384094754653208,-0.040000000000000924,31716526.0,2673808,0,11.85,12.01,11.76,11.82
600082,海泰发展,4.04,-0.24691358024690832,-0.009999999999999787,54221470.0,13394000,0,4.04,4.08,4.02,4.05
600084,中信尼雅,5.33,-0.3738317757009266,-0.019999999999999574,21012700.0,3945200,0,5.34,5.36,5.3,5.35
600085,同仁堂,32.25,1.25588697017268,0.3999999999999986,280135901.0,8735369,0,31.83,32.25,31.7,31.85
600088,中视传媒,16.02,-0.37313432835820104,-0.05999999999999872,46733787.0,2906824,0,16.09,16.15,16.0,16.08
600089,特变电工,23.46,1.4267185473411235,0.33000000000000185,4790561522.0,204451692,0,23.01,23.79,22.99,23.13
600094,大名城,4.23,-2.3094688221708926,-0.09999999999999964,117629470.0,27529216,0,4.31,4.36,4.22,4.33
600095,湘财股份,11.28,-0.2652519893899305,-0.030000000000001137,372482704.0,32808692,0,11.29,11.46,11.24,11.31
600096,云天化,32.8,3.9619651347068032,1.2499999999999964,1961341572.0,60987502,0,31.69,32.8,31.36,31.55
600097,开创国际,11.59,-0.7705479452054783,-0.08999999999999986,71766632.0,6174200,0,11.64,11.71,11.57,11.68
600098,广州发展,6.8,0.5917159763313614,0.040000000000000036,121558022.0,17927716,0,6.76,6.82,6.73,6.76
600099,林海股份,10.31,-1.434034416826007,-0.15000000000000036,28265215.0,2712308,0,10.42,10.54,10.29,10.46
600100,同方股份,8.72,0.22988505747127988,0.02000000000000135,485349198.0,55580707,0,8.67,8.8,8.65,8.7
600101,明星电力,9.36,0.2141327623126293,0.019999999999999574,92542360.0,9880700,0,9.34,9.41,9.31,9.34
600103,青山纸业,4.29,-4.878048780487799,-0.21999999999999975,1746643793.0,401504654,0,4.45,4.51,4.25,4.51
600104,上汽集团,15.49,0.3238341968911963,0.05000000000000071,611192669.0,39319571,0,15.41,15.64,15.4,15.44
600105,永鼎股份,25.88,9.987250318742023,2.349999999999998,5621580058.0,224695609,0,23.49,25.88,23.49,23.53
600106,重庆路桥,6.37,-1.9999999999999982,-0.1299999999999999,187504209.0,29330341,0,6.57,6.57,6.32,6.5
600107,ST尔雅,6.65,-2.2058823529411686,-0.14999999999999947,56899103.0,8639500,0,6.74,6.79,6.5,6.8
600108,亚盛集团,3.32,1.840490797546014,0.06000000000000005,183001982.0,55607412,0,3.26,3.32,3.25,3.26
600109,国金证券,9.36,0.5370569280343602,0.049999999999998934,349211286.0,37257602,0,9.29,9.43,9.29,9.31
600110,诺德股份,7.39,0.6811989100817415,0.04999999999999982,695532137.0,93950840,0,7.4,7.5,7.25,7.34
600111,北方稀土,46.11,0.17379969585052854,0.0799999999999983,2990839651.0,64855511,0,46.0,46.42,45.63,46.03
600113,浙江东日,64.66,-3.908455936989166,-2.6300000000000097,671412944.0,10283830,0,68.5,68.63,64.33,67.29
600114,东睦股份,29.86,-0.7973421926910365,-0.240000000000002,360178922.0,12002334,0,30.1,30.3,29.81,30.1
600115,中国东航,5.55,-1.2455516014234926,-0.07000000000000028,604599811.0,109067904,0,5.59,5.62,5.48,5.62
600116,三峡水利,6.64,1.840490797546014,0.1200000000000001,144432029.0,21770004,0,6.52,6.76,6.5,6.52
600117,西宁特钢,2.88,0.6993006993007,0.020000000000000018,73792647.0,25715101,0,2.84,2.89,2.84,2.86
600118,中国卫星,80.0,9.995875154681693,7.269999999999996,12856866647.0,167812255,0,74.0,80.0,72.87,72.73
600119,长江投资,8.01,-0.12468827930174299,-0.009999999999999787,26599425.0,3324000,0,7.99,8.05,7.96,8.02
600120,浙江东方,6.16,0.3257328990228089,0.020000000000000462,326889732.0,52943101,0,6.13,6.23,6.11,6.14
600121,郑州煤电,4.29,0.9411764705882361,0.040000000000000036,136807196.0,31972135,0,4.24,4.3,4.23,4.25
600123,兰花科创,5.95,0.16835016835016475,0.009999999999999787,60552835.0,10179731,0,5.93,5.96,5.92,5.94
600125,铁龙物流,6.51,0.30816640986131855,0.019999999999999574,85371104.0,13141776,0,6.49,6.53,6.46,6.49
600126,杭钢股份,8.08,0.12391573729863428,0.009999999999999787,246771555.0,30456362,0,8.12,8.16,8.04,8.07
600127,金健米业,6.92,1.6152716593245278,0.11000000000000032,130794334.0,18986322,0,6.81,6.95,6.79,6.81
600128,苏豪弘业,10.97,-0.18198362147406347,-0.019999999999999574,60777275.0,5517102,0,11.04,11.14,10.91,10.99
600129,太极集团,18.15,-0.3294892915980355,-0.060000000000002274,75213533.0,4145500,0,18.18,18.26,18.02,18.21
600130,*ST波导,4.14,0.4854368932038731,0.019999999999999574,74616945.0,17879708,0,4.13,4.24,4.12,4.12
600131,国网信通,16.34,0.7398273736128298,0.120000000000001,116518469.0,7142030,0,16.28,16.39,16.18,16.22
600132,重庆啤酒,52.88,-0.11333585190781105,-0.05999999999999517,72759388.0,1374600,0,52.76,53.14,52.76,52.94
600133,东湖高新,9.22,0.4357298474945635,0.040000000000000924,149969169.0,16266893,0,9.17,9.28,9.14,9.18
600135,乐凯胶片,9.25,-1.0695187165775364,-0.09999999999999964,279527011.0,29946068,0,9.39,9.53,9.2,9.35
600136,ST明诚,1.75,4.790419161676651,0.08000000000000007,55487959.0,31980481,0,1.67,1.75,1.66,1.67
600137,浪莎股份,19.26,-1.4833759590792794,-0.28999999999999915,51382684.0,2650200,0,19.56,19.7,19.2,19.55
600138,中青旅,10.04,-0.7905138339920956,-0.08000000000000007,290154444.0,28888757,0,10.08,10.15,9.95,10.12
600141,兴发集团,34.96,0.1719197707736455,0.060000000000002274,576038965.0,16453824,0,34.9,35.41,34.68,34.9
600143,金发科技,18.68,-0.7438894792773676,-0.14000000000000057,1326935366.0,71104796,0,18.83,18.86,18.49,18.82
600148,长春一东,19.6,-1.3091641490432933,-0.259999999999998,25713219.0,1304700,0,19.98,19.98,19.55,19.86
600149,廊坊发展,5.08,-0.7812500000000007,-0.040000000000000036,28386257.0,5565300,0,5.12,5.14,5.07,5.12
600150,中国船舶,33.68,-0.4728132387706964,-0.1600000000000037,1514365884.0,44913534,0,33.76,33.88,33.51,33.84
600151,航天机电,16.63,1.0942249240121564,0.17999999999999972,4321578534.0,261469353,0,16.46,16.94,16.0,16.45
600152,维科技术,7.32,2.092050209205026,0.15000000000000036,297733282.0,40546910,0,7.2,7.58,7.2,7.17
600153,建发股份,9.59,0.6295907660021038,0.0600000000000005,220013752.0,23044704,0,9.51,9.61,9.47,9.53
600155,华创云信,6.66,0.4524886877828092,0.03000000000000025,245023975.0,36586146,0,6.64,6.78,6.62,6.63
600156,华升股份,8.59,-1.3777267508610904,-0.120000000000001,72979063.0,8407601,0,8.74,8.8,8.57,8.71
600157,永泰能源,1.6,0.0,0.0,700560029.0,438189712,0,1.6,1.61,1.59,1.6
600158,中体产业,8.8,-0.789177001127379,-0.06999999999999851,125048858.0,14180398,0,8.85,8.91,8.76,8.87
600159,大龙地产,2.78,-0.3584229390681086,-0.010000000000000231,49343795.0,17703540,0,2.79,2.81,2.75,2.79
600160,巨化股份,37.87,-0.9157509157509194,-0.3500000000000014,693390403.0,18272721,0,38.12,38.53,37.5,38.22
600161,天坛生物,16.68,0.4819277108433632,0.0799999999999983,131835211.0,7921160,0,16.58,16.75,16.54,16.6
600162,香江控股,1.84,-1.0752688172043021,-0.020000000000000018,68865356.0,37221000,0,1.85,1.87,1.83,1.86
600163,中闽能源,5.88,-1.0101010101010184,-0.0600000000000005,204680580.0,34528300,0,5.93,6.06,5.86,5.94
600165,*ST宁科,4.29,4.889975550122254,0.20000000000000018,62708523.0,15086250,0,4.06,4.29,4.03,4.09
600166,福田汽车,2.89,0.6968641114982584,0.020000000000000018,321788417.0,111053167,0,2.87,2.92,2.86,2.87
600167,联美控股,7.15,-0.41782729805013036,-0.02999999999999936,92448407.0,12889232,0,7.17,7.25,7.13,7.18
600168,武汉控股,5.14,-0.5802707930367553,-0.03000000000000025,31945462.0,6196000,0,5.17,5.18,5.12,5.17
600169,ST太重,2.32,0.4329004329004236,0.009999999999999787,43139169.0,18654131,0,2.31,2.33,2.3,2.31
600170,上海建工,2.68,0.3745318352060012,0.010000000000000231,310385909.0,115838032,0,2.67,2.69,2.66,2.67
600171,上海贝岭,31.75,-0.5325814536340906,-0.1700000000000017,373345781.0,11718112,0,31.83,32.08,31.61,31.92
600172,黄河旋风,5.91,-0.8389261744966413,-0.04999999999999982,281828378.0,47642995,0,5.96,5.97,5.86,5.96
600173,卧龙新能,7.19,0.0,0.0,57619365.0,7998100,0,7.2,7.26,7.15,7.19
600176,中国巨石,16.59,0.0,0.0,709350662.0,42736631,0,16.56,16.8,16.48,16.59
600177,雅戈尔,7.51,-0.26560424966800084,-0.020000000000000462,95099903.0,12650959,0,7.53,7.55,7.49,7.53
600178,东安动力,11.96,-0.8291873963515726,-0.09999999999999964,51954569.0,4327801,0,12.02,12.1,11.91,12.06
600179,安通控股,6.55,10.08403361344537,0.5999999999999996,3743930688.0,595086013,0,6.07,6.55,5.95,5.95
600180,瑞茂通,3.69,-0.8064516129032324,-0.03000000000000025,86519274.0,23245500,0,3.74,3.75,3.68,3.72
600182,S佳通,15.44,-0.5154639175257737,-0.08000000000000007,30650804.0,1980800,0,15.52,15.65,15.36,15.52
600183,生益科技,74.5,5.404640633842661,3.819999999999993,4045242371.0,56182737,0,70.68,74.8,69.18,70.68
600184,光电股份,18.83,-0.5807814149947359,-0.11000000000000298,247027848.0,13108429,0,18.79,19.09,18.64,18.94
600185,珠免集团,7.05,1.8786127167630042,0.1299999999999999,340033126.0,48390522,0,6.92,7.1,6.91,6.92
600186,莲花控股,6.02,1.5177065767284967,0.08999999999999986,517288945.0,86375136,0,5.93,6.09,5.88,5.93
600187,国中水务,2.59,-1.1450381679389408,-0.03000000000000025,53123956.0,20449500,0,2.6,2.62,2.58,2.62
600188,兖矿能源,13.43,0.674662668665666,0.08999999999999986,358484769.0,26687711,0,13.28,13.54,13.27,13.34
600189,泉阳泉,7.09,-0.42134831460674504,-0.03000000000000025,87937454.0,12413850,0,7.14,7.15,7.02,7.12
600190,退市锦港,0.63,0.0,0.0,0.0,0,0,0.0,0.0,0.0,0.63
600191,华资实业,13.33,-1.768607221812824,-0.2400000000000002,263285200.0,19636133,0,13.9,14.17,13.1,13.57
600192,长城电工,9.45,-1.7671517671517665,-0.16999999999999993,134698855.0,14191268,0,9.58,9.61,9.4,9.62
600193,*ST创兴,4.08,2.0000000000000018,0.08000000000000007,27057950.0,6645000,0,4.0,4.13,4.0,4.0
600195,中牧股份,8.0,0.12515644555694352,0.009999999999999787,77608477.0,9700076,0,7.98,8.04,7.95,7.99
600196,复星医药,26.89,-0.5914972273567473,-0.16000000000000014,324380490.0,12034818,0,27.0,27.09,26.8,27.05
600197,伊力特,14.14,-0.9110021023125369,-0.129999999999999,47364818.0,3345990,0,14.22,14.24,14.1,14.27
600198,大唐电信,9.39,1.7334777898158193,0.16000000000000014,581651811.0,62370569,0,9.23,9.55,9.14,9.23
600199,金种子酒,9.83,-1.007049345417922,-0.09999999999999964,68611290.0,6966117,0,9.86,9.9,9.82,9.93
600200,退市苏吴,0.32,3.2258064516129057,0.010000000000000009,10177425.0,32102021,0,0.31,0.33,0.3,0.31
600201,生物股份,15.34,-2.168367346938775,-0.33999999999999986,593802204.0,38257738,0,15.68,15.75,15.26,15.68
600202,哈空调,5.9,-1.3377926421404693,-0.08000000000000007,29299071.0,4933600,0,6.0,6.01,5.89,5.98
600203,福日电子,13.14,-0.303490136570555,-0.03999999999999915,340022447.0,25817700,0,13.18,13.26,13.06,13.18
600206,有研新材,20.59,-0.5314009661835721,-0.10999999999999943,373173370.0,18104470,0,20.69,20.78,20.44,20.7
600207,安彩高科,5.31,2.1153846153846043,0.10999999999999943,115216032.0,21832076,0,5.2,5.33,5.2,5.2
600208,衢州发展,3.88,-0.7672634271099807,-0.03000000000000025,277746305.0,71228063,0,3.91,3.95,3.85,3.91
600210,紫江企业,7.52,1.2113055181695809,0.08999999999999986,175610544.0,23423455,0,7.44,7.54,7.42,7.43
600211,西藏药业,42.11,-0.6605331446095805,-0.28000000000000114,88967160.0,2108462,0,42.42,42.45,42.0,42.39
600212,绿能慧充,8.32,0.6045949214026688,0.05000000000000071,174665641.0,20871100,0,8.27,8.55,8.19,8.27
600215,派斯林,7.13,1.4224751066856278,0.09999999999999964,152833166.0,21049671,0,7.33,7.72,7.04,7.03
600216,浙江医药,13.83,-0.14440433212996084,-0.019999999999999574,87220353.0,6305300,0,13.85,13.88,13.8,13.85
600217,中再资环,4.12,0.48780487804879175,0.020000000000000462,60443666.0,14742362,0,4.09,4.13,4.08,4.1
600218,全柴动力,10.92,-2.1505376344086042,-0.2400000000000002,217276432.0,19727897,0,11.08,11.2,10.86,11.16
600219,南山铝业,5.31,5.988023952095805,0.2999999999999998,2111447032.0,406191557,0,5.01,5.36,5.01,5.01
600221,海航控股,1.8,2.2727272727272747,0.040000000000000036,1833606736.0,1022287856,0,1.75,1.82,1.75,1.76
600222,太龙药业,6.79,-2.1613832853025987,-0.15000000000000036,139798848.0,20455603,0,6.95,6.95,6.79,6.94
600223,福瑞达,7.39,0.40760869565216523,0.02999999999999936,40713839.0,5512999,0,7.35,7.41,7.34,7.36
600226,亨通股份,5.18,-1.1450381679389408,-0.0600000000000005,340001996.0,65811208,0,5.2,5.23,5.1,5.24
600227,赤天化,2.47,-0.40322580645160433,-0.009999999999999787,71026665.0,28764900,0,2.48,2.49,2.45,2.48
600228,*ST返利,5.58,5.084745762711874,0.27000000000000046,75634145.0,13608120,0,5.38,5.58,5.38,5.31
600229,城市传媒,6.44,-0.15503875968991915,-0.009999999999999787,27923478.0,4324994,0,6.45,6.5,6.43,6.45
600230,沧州大化,13.32,-2.2743947175348533,-0.3100000000000005,133373984.0,9952134,0,13.56,13.65,13.29,13.63
600231,凌钢股份,2.13,0.9478672985782,0.020000000000000018,33104335.0,15577750,0,2.11,2.15,2.1,2.11
600232,金鹰股份,7.76,-1.397712833545112,-0.11000000000000032,114753750.0,14815700,0,7.81,7.88,7.65,7.87
600233,圆通速递,16.7,-1.822457378012947,-0.3100000000000023,271731020.0,16210241,0,17.01,17.03,16.66,17.01
600234,科新发展,13.09,-1.0582010582010626,-0.14000000000000057,89241780.0,6826100,0,13.21,13.42,12.67,13.23
600235,民丰特纸,6.85,-2.0028612303290494,-0.14000000000000057,81845952.0,11866401,0,6.99,7.05,6.83,6.99
600236,桂冠电力,7.3,3.546099290780142,0.25,104794526.0,14559475,0,7.06,7.3,7.05,7.05
600237,铜峰电子,9.2,-3.9665970772442667,-0.3800000000000008,658722242.0,70800639,0,9.47,9.53,9.18,9.58
600238,*ST椰岛,6.52,0.1536098310291826,0.009999999999999787,42358837.0,6486200,0,6.49,6.6,6.46,6.51
600239,云南城投,2.38,-0.8333333333333341,-0.020000000000000018,49878817.0,20837333,0,2.39,2.42,2.38,2.4
600241,时代万恒,8.51,-1.0465116279069753,-0.08999999999999986,31091481.0,3620480,0,8.6,8.71,8.49,8.6
600243,*ST海华,4.82,-0.20703933747411568,-0.009999999999999787,15642615.0,3232500,0,4.86,4.89,4.81,4.83
600246,万通发展,12.86,5.843621399176947,0.7099999999999991,1689880223.0,132226520,0,12.15,13.35,12.06,12.15
600248,陕建股份,3.59,-0.5540166204986154,-0.020000000000000018,35085248.0,9735959,0,3.61,3.62,3.59,3.61
600249,两面针,6.07,-0.9787928221859643,-0.05999999999999961,58386981.0,9564100,0,6.13,6.16,6.05,6.13
600250,南京商旅,11.85,-1.822700911350461,-0.22000000000000064,356824176.0,29944273,0,11.99,12.1,11.77,12.07
600251,冠农股份,9.33,1.1930585683297117,0.10999999999999943,140678925.0,15107611,0,9.26,9.51,9.21,9.22
600252,中恒集团,2.78,-0.714285714285715,-0.020000000000000018,100445595.0,35951536,0,2.8,2.81,2.78,2.8
600255,鑫科材料,4.01,0.7537688442211007,0.029999999999999805,368419912.0,92441747,0,3.97,4.03,3.92,3.98
600256,广汇能源,4.96,-0.4016064257028205,-0.020000000000000462,338082688.0,68185041,0,4.97,4.98,4.94,4.98
600257,大湖股份,6.07,-1.6207455429497513,-0.09999999999999964,78758623.0,12919000,0,6.16,6.16,6.06,6.17
600258,首旅酒店,16.51,0.6093845216331593,0.10000000000000142,220708534.0,13345675,0,16.4,16.73,16.35,16.41
600259,广晟有色,54.9,2.1585411239300267,1.1599999999999966,836121529.0,15222785,0,53.64,55.59,53.5,53.74
600261,阳光照明,3.39,-0.8771929824561345,-0.029999999999999805,26694357.0,7850600,0,3.42,3.42,3.38,3.42
600262,北方股份,25.65,-1.9120458891013385,-0.5,92454637.0,3587200,0,26.12,26.17,25.51,26.15
600265,ST景谷,20.58,0.3902439024390161,0.0799999999999983,5157139.0,251900,0,20.5,20.6,20.38,20.5
600266,城建发展,4.48,-0.6651884700665047,-0.02999999999999936,230259974.0,51161296,0,4.48,4.54,4.45,4.51
600267,海正药业,10.11,-0.4921259842519755,-0.05000000000000071,61385082.0,6058752,0,10.16,10.18,10.08,10.16
600268,国电南自,10.75,-1.1039558417663222,-0.11999999999999922,258200721.0,23959210,0,10.84,10.89,10.66,10.87
600269,赣粤高速,5.25,-0.1901140684410606,-0.009999999999999787,53827471.0,10262227,0,5.25,5.27,5.22,5.26
600271,航天信息,10.55,1.3448607108549526,0.14000000000000057,1439789582.0,137787250,0,10.3,10.78,10.19,10.41
600272,开开实业,14.39,0.4187020237264515,0.0600000000000005,120067363.0,8325100,0,14.22,14.63,14.21,14.33
600273,嘉化能源,8.44,0.7159904534606052,0.05999999999999872,117017763.0,13911002,0,8.39,8.45,8.35,8.38
600276,恒瑞医药,61.06,-0.5537459283387562,-0.3399999999999963,1311044160.0,21430781,0,61.3,61.66,60.6,61.4
600278,东方创业,7.77,1.7015706806282709,0.1299999999999999,79932804.0,10289100,0,7.61,7.88,7.59,7.64
600279,重庆港,5.85,0.5154639175257621,0.02999999999999936,591492077.0,98444564,0,5.94,6.33,5.8,5.82
600280,中央商场,4.28,-2.94784580498866,-0.1299999999999999,523085790.0,121479576,0,4.25,4.45,4.24,4.41
600281,华阳新材,6.11,-0.3262642740619832,-0.019999999999999574,111970682.0,18205200,0,6.2,6.26,6.07,6.13
600282,南钢股份,5.18,0.974658869395708,0.04999999999999982,201458239.0,38653480,0,5.15,5.3,5.14,5.13
600283,钱江水利,9.1,0.0,0.0,34203387.0,3763588,0,9.11,9.14,9.05,9.1
600284,浦东建设,8.41,-2.662037037037042,-0.23000000000000043,192394302.0,22740428,0,8.64,8.64,8.36,8.64
600285,羚锐制药,20.99,-0.5213270142180236,-0.11000000000000298,74906937.0,3557700,0,21.13,21.15,20.96,21.1
600287,苏豪时尚,5.61,-0.707964601769912,-0.040000000000000036,23525415.0,4171900,0,5.65,5.7,5.59,5.65
600288,大恒科技,15.15,-1.6233766233766231,-0.25,138652427.0,9099600,0,15.3,15.42,15.1,15.4
600289,ST信通,6.71,0.750750750750748,0.04999999999999982,24608079.0,3651500,0,6.64,6.85,6.64,6.66
600292,远达环保,12.72,0.9523809523809603,0.120000000000001,125602321.0,9887500,0,12.59,12.77,12.59,12.6
600293,三峡新材,3.36,5.660377358490557,0.17999999999999972,253410749.0,76823340,0,3.17,3.38,3.17,3.18
600295,鄂尔多斯,11.75,2.530541012216397,0.28999999999999915,112774882.0,9640515,0,11.55,11.82,11.47,11.46
600298,安琪酵母,43.69,-0.6141947224749844,-0.2700000000000031,352972100.0,8037923,0,44.0,44.49,43.6,43.96
600299,安迪苏,8.96,0.2237136465324536,0.02000000000000135,37196692.0,4153259,0,8.94,8.98,8.91,8.94
600300,维维股份,3.65,0.0,0.0,126662703.0,34729411,0,3.65,3.68,3.62,3.65
600301,华锡有色,38.25,2.3548300776023616,0.8800000000000026,447352080.0,11818200,0,37.88,38.35,37.26,37.37
600302,标准股份,10.38,1.5655577299412928,0.16000000000000014,128801894.0,12406893,0,10.13,10.62,10.13,10.22
600303,曙光股份,3.34,0.30030030030029387,0.009999999999999787,70926616.0,21232900,0,3.33,3.41,3.28,3.33
600305,恒顺醋业,7.92,-0.7518796992481265,-0.0600000000000005,70813557.0,8922873,0,7.96,7.98,7.91,7.98
600307,酒钢宏兴,1.71,1.7857142857142874,0.030000000000000027,159774795.0,94374140,0,1.67,1.72,1.67,1.68
600308,华泰股份,3.98,-2.6894865525672342,-0.10999999999999988,135257305.0,33937635,0,4.06,4.06,3.96,4.09
600309,万华化学,76.98,0.3519749706687658,0.27000000000001023,2080354351.0,27102918,0,76.6,78.0,75.7,76.71
600310,广西能源,3.99,2.3076923076923155,0.0900000000000003,169432263.0,42458599,0,3.9,4.05,3.89,3.9
600312,平高电气,18.0,0.5586592178771029,0.10000000000000142,369993189.0,20647600,0,17.9,18.09,17.71,17.9
600313,农发种业,6.73,0.8995502248875636,0.0600000000000005,197440851.0,29379141,0,6.65,6.76,6.63,6.67
600315,上海家化,23.17,0.8268059181897358,0.19000000000000128,74078925.0,3203110,0,23.01,23.28,22.95,22.98
600316,洪都航空,32.25,-0.24744819053510145,-0.0799999999999983,399267281.0,12282208,0,32.23,33.3,31.95,32.33
600318,新力金融,8.96,-0.3337041156840863,-0.02999999999999936,126022318.0,13981062,0,8.96,9.09,8.94,8.99
600319,亚星化学,9.31,1.8599562363238502,0.16999999999999993,57944366.0,6238901,0,9.12,9.45,9.1,9.14
600320,振华重工,4.89,0.41067761806980646,0.019999999999999574,232371239.0,47745522,0,4.85,4.9,4.81,4.87
600322,津投城开,2.34,0.0,0.0,33804815.0,14442601,0,2.34,2.36,2.32,2.34
600323,瀚蓝环境,29.1,0.0,0.0,66454203.0,2274597,0,29.08,29.37,29.01,29.1
600325,华发股份,4.3,-0.9216589861751161,-0.040000000000000036,101547573.0,23491490,0,4.33,4.35,4.29,4.34
600326,西藏天路,11.16,-1.0638297872340359,-0.11999999999999922,408199374.0,36389221,0,11.23,11.34,11.13,11.28
600327,大东方,5.25,-3.6697247706422047,-0.20000000000000018,340628686.0,63572155,0,5.41,5.54,5.24,5.45
600328,中盐化工,8.07,0.37313432835822313,0.030000000000001137,118814297.0,14754206,0,8.02,8.1,8.01,8.04
600329,达仁堂,47.46,-0.5239991616013414,-0.25,157141225.0,3308600,0,47.79,47.8,47.19,47.71
600330,天通股份,13.75,10.0,1.25,4098597381.0,306864109,0,12.48,13.75,12.38,12.5
600331,宏达股份,12.75,2.657004830917875,0.33000000000000007,816959765.0,64535857,0,12.54,12.87,12.37,12.42
600332,白云山,25.87,0.07736943907156509,0.019999999999999574,196708155.0,7599885,0,25.86,25.95,25.78,25.85
600333,长春燃气,5.7,-0.8695652173913012,-0.04999999999999982,71722675.0,12589800,0,5.75,5.76,5.66,5.75
600335,国机汽车,6.54,2.5078369905956137,0.16000000000000014,147931496.0,22809400,0,6.37,6.56,6.35,6.38
600336,澳柯玛,8.97,4.912280701754384,0.41999999999999993,460723180.0,52104947,0,8.54,9.15,8.45,8.55
600337,美克家居,2.92,0.0,0.0,0.0,0,0,0.0,0.0,0.0,2.92
600338,西藏珠峰,15.05,6.285310734463281,0.8900000000000006,1307592966.0,88321286,0,14.45,15.27,14.35,14.16
600339,中油工程,3.36,0.0,0.0,78928996.0,23498100,0,3.37,3.38,3.34,3.36
600340,华夏幸福,2.27,-0.873362445414848,-0.020000000000000018,378068173.0,166015114,0,2.28,2.3,2.26,2.29
600343,航天动力,45.4,4.92257915414836,2.1299999999999955,6791868387.0,150765514,0,43.15,46.7,42.62,43.27
600345,长江通信,36.0,9.990834097158581,3.270000000000003,1675607249.0,47979393,0,34.0,36.0,32.15,32.73
600346,恒力石化,21.27,2.5554484088717513,0.5300000000000011,745080103.0,35325202,0,20.92,21.52,20.68,20.74
600348,华阳股份,8.17,6.1038961038961,0.46999999999999975,921863733.0,113910801,0,7.69,8.3,7.68,7.7
600350,山东高速,9.71,0.5175983436853075,0.05000000000000071,104737362.0,10810191,0,9.68,9.8,9.54,9.66
600351,亚宝药业,6.57,-1.2030075187969935,-0.08000000000000007,70384915.0,10661856,0,6.63,6.65,6.55,6.65
600352,浙江龙盛,10.79,0.37209302325580607,0.03999999999999915,192170328.0,17863850,0,10.75,10.85,10.66,10.75
600353,旭光电子,16.42,-0.7854984894259759,-0.129999999999999,370436668.0,22474600,0,16.5,16.69,16.27,16.55
600354,敦煌种业,6.8,0.8902077151335253,0.05999999999999961,202571059.0,29846781,0,6.7,6.85,6.7,6.74
600355,*ST精伦,2.21,-1.3392857142857253,-0.03000000000000025,42053004.0,18758100,0,2.23,2.28,2.21,2.24
600356,恒丰纸业,8.95,-3.033586132177694,-0.28000000000000114,100102461.0,11104796,0,9.26,9.26,8.92,9.23
600358,ST联合,5.95,0.0,0.0,34801233.0,5821401,0,5.91,6.06,5.91,5.95
600359,新农开发,7.28,2.10378681626929,0.15000000000000036,62306278.0,8595150,0,7.13,7.34,7.13,7.13
600360,*ST华微,7.96,-0.6242197253433186,-0.04999999999999982,87885050.0,11008586,0,8.0,8.05,7.94,8.01
600361,创新新材,4.37,2.1028037383177534,0.08999999999999986,259915747.0,59846138,0,4.26,4.42,4.26,4.28
600362,江西铜业,48.31,9.99544626593807,4.390000000000001,4737699854.0,100423502,0,44.54,48.31,44.54,43.92
600363,联创光电,57.78,-0.5336546737820662,-0.3100000000000023,544642427.0,9358063,0,58.8,59.18,57.36,58.09
600365,ST通葡,3.3,-1.4925373134328437,-0.050000000000000266,22428719.0,6828283,0,3.35,3.36,3.24,3.35
600366,宁波韵升,13.97,-1.2022630834512018,-0.16999999999999993,517495487.0,36852515,0,14.04,14.18,13.88,14.14
600367,红星发展,17.79,2.772963604852689,0.4800000000000004,460402927.0,25978841,0,17.54,18.12,17.3,17.31
600368,五洲交通,4.09,2.2499999999999964,0.08999999999999986,197126961.0,48594987,0,3.98,4.13,3.97,4.0
600369,西南证券,4.57,0.6607929515418557,0.03000000000000025,210881116.0,46147352,0,4.53,4.61,4.52,4.54
600370,三房巷,2.37,-2.469135802469138,-0.06000000000000005,248651276.0,105014325,0,2.4,2.43,2.31,2.43
600371,万向德农,9.0,0.11123470522802878,0.009999999999999787,51065743.0,5677358,0,9.0,9.07,8.94,8.99
600372,中航机载,13.22,-0.8995502248875504,-0.11999999999999922,1098013507.0,83109905,0,13.35,13.35,13.06,13.34
600373,中文传媒,9.22,-0.3243243243243174,-0.02999999999999936,124940438.0,13533002,0,9.24,9.27,9.19,9.25
600375,汉马科技,5.87,-3.9279869067103146,-0.2400000000000002,492225440.0,83882137,0,6.08,6.08,5.78,6.11
600376,首开股份,6.19,4.5608108108108185,0.27000000000000046,1964743190.0,334204601,0,5.92,6.5,5.63,5.92
600377,宁沪高速,12.11,-0.24711696869852665,-0.030000000000001137,89154126.0,7366700,0,12.16,12.18,12.04,12.14
600378,昊华科技,32.55,1.2441679626749569,0.3999999999999986,363073006.0,11317025,0,32.17,32.62,31.55,32.15
600379,宝光股份,11.91,-1.4888337468982609,-0.17999999999999972,49872899.0,4176200,0,12.1,12.14,11.8,12.09
600380,健康元,11.7,-0.4255319148936231,-0.05000000000000071,119320235.0,10172370,0,11.77,11.81,11.65,11.75
600381,*ST春天,4.31,1.6509433962264008,0.0699999999999994,27676864.0,6475005,0,4.26,4.38,4.17,4.24
600382,广东明珠,7.24,0.2770083102493139,0.020000000000000462,71369288.0,9897201,0,7.2,7.28,7.14,7.22
600383,金地集团,3.12,0.0,0.0,178132692.0,56943701,0,3.11,3.15,3.11,3.12
600386,北巴传媒,4.36,0.0,0.0,36276441.0,8311600,0,4.36,4.39,4.31,4.36
600387,退市海越,0.94,0.0,0.0,0.0,0,0,0.0,0.0,0.0,0.94
600388,龙净环保,16.64,-0.7751937984496065,-0.129999999999999,216593313.0,13002574,0,16.78,16.83,16.48,16.77
600389,江山股份,26.52,5.029702970297028,1.2699999999999996,295905898.0,11413408,0,25.12,26.56,25.0,25.25
600390,五矿资本,5.58,0.0,0.0,185110697.0,33105551,0,5.58,5.64,5.55,5.58
600391,航发科技,36.86,0.9309967141292341,0.3399999999999963,2062914274.0,56225857,0,36.28,38.0,35.37,36.52
600392,盛和资源,21.6,0.5586592178770996,0.120000000000001,836103575.0,38771765,0,21.68,21.75,21.33,21.48
600395,盘江股份,4.74,-0.2105263157894692,-0.009999999999999787,72775283.0,15285377,0,4.75,4.79,4.73,4.75
600396,华电辽能,2.96,0.0,0.0,20908569.0,7055100,0,2.98,2.98,2.94,2.96
600397,江钨装备,7.62,0.2631578947368482,0.020000000000000462,213125774.0,28069805,0,7.53,7.73,7.47,7.6
600398,海澜之家,6.12,-0.8103727714748756,-0.04999999999999982,146320584.0,23846980,0,6.16,6.18,6.1,6.17
600399,抚顺特钢,6.0,3.27022375215147,0.1900000000000004,1151912329.0,190525398,0,5.81,6.3,5.81,5.81
600400,红豆股份,2.42,0.0,0.0,69248560.0,28631711,0,2.42,2.44,2.4,2.42
600403,大有能源,7.21,1.549295774647892,0.11000000000000032,202853557.0,28309705,0,7.13,7.24,7.06,7.1
600405,动力源,5.18,-0.38461538461539346,-0.020000000000000462,39615792.0,7618042,0,5.18,5.24,5.17,5.2
600406,国电南瑞,22.77,-0.7843137254901948,-0.17999999999999972,773219424.0,33808563,0,22.93,23.01,22.71,22.95
600408,安泰集团,4.4,-1.1235955056179736,-0.04999999999999982,394542161.0,89177951,0,4.44,4.5,4.39,4.45
600409,三友化工,6.23,3.316749585406305,0.20000000000000018,334745607.0,54425486,0,6.05,6.25,6.0,6.03
600410,华胜天成,17.32,0.6391632771644359,0.10999999999999943,1320126492.0,76216090,0,17.23,17.59,17.12,17.21
600415,小商品城,15.8,-3.717245581962215,-0.6099999999999994,1486303108.0,92662590,0,16.37,16.53,15.78,16.41
600416,湘电股份,14.23,-1.1118832522585138,-0.16000000000000014,593397153.0,41377488,0,14.4,14.65,14.09,14.39
600418,江淮汽车,48.92,-0.8110300081102972,-0.3999999999999986,1561001584.0,31610890,0,49.32,50.2,48.73,49.32
600419,天润乳业,10.1,0.29791459781528656,0.02999999999999936,56323530.0,5592730,0,10.08,10.15,9.95,10.07
600420,国药现代,10.19,0.0982318271119822,0.009999999999999787,57804131.0,5671002,0,10.18,10.23,10.16,10.18
600421,*ST华嵘,7.42,3.055555555555552,0.21999999999999975,20661886.0,2816900,0,7.2,7.46,7.2,7.2
600422,昆药集团,12.66,0.0790513833992078,0.009999999999999787,42934089.0,3396500,0,12.68,12.69,12.59,12.65
600423,柳化股份,3.83,-1.0335917312661507,-0.040000000000000036,27224988.0,7082400,0,3.86,3.88,3.82,3.87
600425,青松建化,4.23,-1.1682242990654164,-0.04999999999999982,92956986.0,21894300,0,4.28,4.29,4.21,4.28
600426,华鲁恒升,30.85,-2.4351676154332687,-0.7699999999999996,662951869.0,21455118,0,31.67,31.78,30.58,31.62
600428,中远海特,7.19,-0.13888888888888593,-0.009999999999999787,134243916.0,18692443,0,7.22,7.24,7.15,7.2
600429,三元股份,5.42,-1.8115942028985446,-0.09999999999999964,220760825.0,40566600,0,5.49,5.51,5.39,5.52
600433,冠豪高新,3.31,-1.4880952380952328,-0.04999999999999982,96704942.0,29277700,0,3.35,3.35,3.27,3.36
600435,北方导航,14.89,1.0862186014935515,0.16000000000000014,983563232.0,66471847,0,14.66,15.08,14.58,14.73
600436,片仔癀,170.2,-0.02349624060151578,-0.040000000000020464,188925799.0,1109325,0,170.24,170.98,169.9,170.24
600438,通威股份,21.8,1.9644527595884083,0.4200000000000017,2273115883.0,103553893,0,21.98,22.3,21.71,21.38
600439,瑞贝卡,2.81,-1.0563380281690073,-0.029999999999999805,68494283.0,24303761,0,2.84,2.85,2.8,2.84
600444,国机通用,18.6,-1.326259946949602,-0.25,67850766.0,3639100,0,18.86,18.87,18.44,18.85
600446,金证股份,15.75,-0.1901140684410606,-0.02999999999999936,284184787.0,17921300,0,15.75,16.04,15.69,15.78
600448,华纺股份,3.21,-0.9259259259259335,-0.03000000000000025,74431296.0,23061259,0,3.23,3.25,3.2,3.24
600449,宁夏建材,12.49,-0.951625693893729,-0.11999999999999922,40621290.0,3240093,0,12.64,12.69,12.46,12.61
600452,涪陵电力,9.56,1.8104366347177838,0.16999999999999993,234723334.0,24716485,0,9.39,9.58,9.37,9.39
600455,博通股份,25.68,-0.8876881512929388,-0.23000000000000043,35278399.0,1356900,0,25.91,26.29,25.66,25.91
600456,宝钛股份,37.89,2.9899429192715448,1.1000000000000014,1527984967.0,39765575,0,36.52,39.75,36.52,36.79
600458,时代新材,13.44,-0.7385524372230403,-0.09999999999999964,110854028.0,8206855,0,13.63,13.64,13.4,13.54
600459,贵研铂业,19.75,1.386036960985624,0.2699999999999996,1143428649.0,57883582,0,19.95,20.1,19.44,19.48
600460,士兰微,28.2,-0.3885552808194964,-0.10999999999999943,599327929.0,21194829,0,28.25,28.45,28.05,28.31
600461,洪城环境,9.56,-0.5202913631633604,-0.049999999999998934,71041681.0,7420952,0,9.6,9.61,9.54,9.61
600462,退市九有,0.21,0.0,0.0,0.0,0,0,0.0,0.0,0.0,0.21
600463,空港股份,11.52,-2.1240441801189465,-0.25,37538671.0,3225548,0,11.76,11.8,11.48,11.77
600467,好当家,2.72,-2.508960573476697,-0.06999999999999984,313371145.0,114636615,0,2.78,2.79,2.71,2.79
600468,百利电气,7.09,-2.6098901098901153,-0.1900000000000004,571660333.0,80688601,0,7.2,7.24,6.95,7.28
600469,风神股份,6.9,0.14513788098694738,0.010000000000000675,37909930.0,5526400,0,6.83,6.92,6.79,6.89
600470,六国化工,6.27,2.2838499184339263,0.13999999999999968,127972848.0,20514304,0,6.13,6.32,6.13,6.13
600475,华光环能,19.12,-1.797637390857719,-0.34999999999999787,415537164.0,21737191,0,19.38,19.99,18.76,19.47
600476,湘邮科技,15.73,-0.8196721311475348,-0.129999999999999,36723102.0,2320100,0,15.81,15.96,15.69,15.86
600477,杭萧钢构,2.69,-1.1029411764705974,-0.03000000000000025,79083598.0,29273316,0,2.7,2.73,2.68,2.72
600478,科力远,7.0,2.1897810218978155,0.15000000000000036,355356400.0,50866901,0,6.92,7.07,6.91,6.85
600479,千金药业,10.28,-0.6763285024154617,-0.07000000000000028,43490078.0,4221683,0,10.34,10.36,10.25,10.35
600480,凌云股份,12.06,-0.49504950495048455,-0.05999999999999872,167091394.0,13803649,0,12.16,12.23,11.98,12.12
600481,双良节能,5.83,0.8650519031141838,0.04999999999999982,310375375.0,52668851,0,5.94,6.0,5.81,5.78
600482,中国动力,20.93,0.0,0.0,468074526.0,22450243,0,20.89,20.98,20.66,20.93
600483,福能股份,9.94,0.20161290322580216,0.019999999999999574,120002743.0,12080676,0,9.95,9.96,9.9,9.92
600486,扬农化工,67.78,-0.2942041776993275,-0.20000000000000284,193630145.0,2870746,0,67.8,68.27,66.8,67.98
600487,亨通光电,25.45,-0.1960784313725518,-0.05000000000000071,2988035484.0,117262760,0,25.4,25.92,25.01,25.5
600488,津药药业,4.18,-0.7125890736342102,-0.03000000000000025,20737727.0,4924300,0,4.22,4.25,4.18,4.21
600489,中金黄金,23.44,1.0344827586206984,0.240000000000002,1484846970.0,63268877,0,23.5,23.62,23.2,23.2
600490,鹏欣资源,7.88,3.4120734908136456,0.2599999999999998,493037206.0,63204427,0,7.69,7.93,7.66,7.62
600491,龙元建设,2.7,-1.0989010989010917,-0.029999999999999805,47144849.0,17398829,0,2.72,2.74,2.69,2.73
600493,凤竹纺织,8.01,0.25031289111388705,0.019999999999999574,162299229.0,20228200,0,7.99,8.17,7.91,7.99
600495,晋西车轴,4.82,-0.8230452674897125,-0.040000000000000036,52419733.0,10856718,0,4.84,4.86,4.79,4.86
600496,精工钢构,4.11,-3.521126760563368,-0.14999999999999947,141215736.0,33842646,0,4.25,4.26,4.1,4.26
600497,驰宏锌锗,7.32,3.3898305084745792,0.2400000000000002,1156481804.0,158637189,0,7.19,7.37,7.17,7.08
600498,烽火通信,29.45,5.669178327951196,1.5799999999999983,5192989113.0,178725051,0,27.7,30.36,27.6,27.87
600499,科达制造,14.04,2.781844802342599,0.379999999999999,389856146.0,27922013,0,13.95,14.15,13.7,13.66
600500,中化国际,3.95,-0.2525252525252471,-0.009999999999999787,59118774.0,14925782,0,3.96,3.99,3.94,3.96
600501,航天晨光,26.23,0.2675840978593283,0.07000000000000028,1480036272.0,56733465,0,26.16,26.54,25.6,26.16
600502,安徽建工,4.67,-0.21367521367520914,-0.009999999999999787,47742293.0,10197156,0,4.69,4.7,4.66,4.68
600503,华丽家族,2.71,-0.3676470588235379,-0.010000000000000231,60567311.0,22224701,0,2.72,2.75,2.7,2.72
600505,西昌电力,13.1,0.4601226993865069,0.0600000000000005,76971813.0,5887399,0,12.98,13.15,12.94,13.04
600506,统一股份,24.06,1.0924369747899076,0.259999999999998,225543873.0,9414763,0,23.88,24.14,23.7,23.8
600507,方大特钢,5.9,0.6825938566552906,0.040000000000000036,89925087.0,15232107,0,5.86,5.94,5.86,5.86
600508,上海能源,12.09,0.3319502074688726,0.03999999999999915,35764469.0,2959532,0,12.03,12.15,12.01,12.05
600509,天富能源,8.5,0.7109004739336553,0.0600000000000005,329101302.0,39001067,0,8.44,8.55,8.33,8.44
600510,黑牡丹,8.84,-1.7777777777777795,-0.16000000000000014,68872505.0,7762800,0,8.94,9.03,8.76,9.0
600511,国药股份,28.91,-0.1726519337016599,-0.05000000000000071,84431236.0,2918494,0,28.96,29.02,28.83,28.96
600512,腾达建设,2.43,-0.8163265306122455,-0.020000000000000018,37499990.0,15371000,0,2.44,2.46,2.42,2.45
600513,联环药业,18.3,0.8264462809917473,0.15000000000000213,141780035.0,7762927,0,18.13,18.48,18.06,18.15
600515,海南机场,5.54,4.92424242424242,0.2599999999999998,2943130281.0,535377189,0,5.23,5.68,5.21,5.28
600516,方大炭素,5.86,1.913043478260875,0.11000000000000032,448134314.0,76714993,0,5.72,5.9,5.72,5.75
600517,国网英大,6.06,0.33112582781456246,0.019999999999999574,160995751.0,26551002,0,6.02,6.11,6.02,6.04
600518,康美药业,1.94,0.5181347150259072,0.010000000000000009,175730912.0,90952913,0,1.93,1.94,1.92,1.93
600519,贵州茅台,1414.13,-0.002828514252173615,-0.03999999999996362,2520605635.0,1780299,0,1414.17,1419.14,1410.0,1414.17
600520,三佳科技,25.25,-1.0192081536652353,-0.26000000000000156,54896007.0,2166500,0,25.4,25.58,25.16,25.51
600521,华海药业,17.32,0.1735106998264959,0.030000000000001137,219245348.0,12661445,0,17.31,17.45,17.18,17.29
600522,中天科技,18.4,-0.5405405405405482,-0.10000000000000142,1647357828.0,89323572,0,18.45,18.64,18.2,18.5
600523,贵航股份,15.28,-1.6731016731016717,-0.2599999999999998,144846958.0,9450946,0,15.55,15.55,15.15,15.54
600525,ST长园,3.8,0.5291005291005296,0.020000000000000018,58275886.0,15337880,0,3.78,3.83,3.77,3.78
600526,菲达环保,5.33,-0.3738317757009266,-0.019999999999999574,33551236.0,6275200,0,5.36,5.4,5.3,5.35
600527,江南高纤,2.16,0.0,0.0,55480509.0,25647321,0,2.16,2.18,2.15,2.16
600528,中铁工业,8.15,0.24600246002459497,0.019999999999999574,109092392.0,13352850,0,8.14,8.21,8.12,8.13
600529,山东药玻,20.17,-0.4442250740375116,-0.08999999999999986,79228599.0,3918330,0,20.21,20.28,20.13,20.26
600530,交大昂立,6.57,0.9216589861751229,0.0600000000000005,50141592.0,7584638,0,6.5,6.69,6.48,6.51
600531,豫光金铅,11.8,3.599648814749781,0.41000000000000014,992278726.0,84509173,0,11.64,11.87,11.58,11.39
600533,栖霞建设,2.59,-0.38461538461539346,-0.010000000000000231,25659774.0,9848801,0,2.6,2.63,2.58,2.6
600535,天士力,15.29,-0.06535947712419321,-0.010000000000001563,73818227.0,4819460,0,15.3,15.37,15.24,15.3
600536,中国软件,45.97,0.7009857612267257,0.3200000000000003,656507557.0,14254435,0,45.45,46.46,45.43,45.65
600537,亿晶光电,4.33,9.898477157360409,0.3900000000000001,512873545.0,119886977,0,4.03,4.33,4.02,3.94
600538,国发股份,6.19,-2.519685039370067,-0.15999999999999925,68621430.0,10898000,0,6.39,6.45,6.16,6.35
600539,狮头股份,10.08,-1.0794896957801712,-0.10999999999999943,25590387.0,2520700,0,10.17,10.24,10.08,10.19
600540,新赛股份,4.78,3.239740820734349,0.15000000000000036,191039770.0,39372969,0,4.65,5.09,4.65,4.63
600543,莫高股份,5.43,-1.4519056261343026,-0.08000000000000007,42421133.0,7764200,0,5.51,5.55,5.42,5.51
600545,卓郎智能,2.56,-0.3891050583657505,-0.009999999999999787,45619827.0,17767000,0,2.57,2.59,2.55,2.57
600546,山煤国际,10.14,0.5952380952381001,0.0600000000000005,173850805.0,17179130,0,10.06,10.17,10.05,10.08
600547,山东黄金,39.7,1.8732358224275187,0.730000000000004,1422695895.0,35770640,0,39.54,40.1,39.35,38.97
600548,深高速,8.92,0.0,0.0,36867735.0,4141900,0,8.91,8.93,8.88,8.92
600549,厦门钨业,41.08,2.1382396817503717,0.8599999999999994,2270284160.0,55346843,0,40.22,41.94,40.2,40.22
600550,保变电气,11.6,3.111111111111108,0.34999999999999964,2223285768.0,193967754,0,11.08,11.98,11.06,11.25
600551,时代出版,8.28,-0.3610108303249234,-0.030000000000001137,35730722.0,4307392,0,8.29,8.37,8.24,8.31
600552,凯盛科技,11.4,-0.610287707061903,-0.07000000000000028,195685384.0,17122808,0,11.56,11.56,11.33,11.47
600556,天下秀,5.77,-1.5358361774744154,-0.09000000000000075,298508669.0,51476569,0,5.84,5.86,5.73,5.86
600557,康缘药业,14.27,-0.7649513212795633,-0.11000000000000121,84863754.0,5932700,0,14.36,14.39,14.25,14.38
600558,大西洋,6.05,-0.8196721311475381,-0.04999999999999982,217105699.0,35859450,0,6.09,6.12,5.97,6.1
600559,老白干酒,16.18,-0.614250614250623,-0.10000000000000142,128225999.0,7912020,0,16.21,16.27,16.16,16.28
600560,金自天正,16.01,-0.9282178217821695,-0.14999999999999858,32309254.0,2014300,0,16.15,16.16,15.93,16.16
600561,江西长运,6.56,-2.380952380952383,-0.16000000000000014,57920126.0,8773501,0,6.66,6.69,6.5,6.72
600562,国睿科技,27.52,-1.3620071684587778,-0.379999999999999,329195597.0,11889708,0,27.89,28.08,27.31,27.9
600563,法拉电子,105.97,0.48359567608572457,0.5100000000000051,238309831.0,2245607,0,105.01,106.94,105.01,105.46
600566,济川药业,26.7,0.18761726078799515,0.05000000000000071,94665322.0,3543360,0,26.56,26.89,26.48,26.65
600567,山鹰国际,1.73,-2.25988700564972,-0.040000000000000036,258571572.0,148381037,0,1.76,1.77,1.73,1.77
600568,ST中珠,2.5,-1.9607843137254832,-0.04999999999999982,43820273.0,17407503,0,2.54,2.56,2.49,2.55
600569,安阳钢铁,2.31,1.3157894736842215,0.03000000000000025,63474800.0,27560738,0,2.28,2.34,2.26,2.28
600570,恒生电子,29.98,-0.36556995679627596,-0.10999999999999943,1140682500.0,37778555,0,29.99,30.5,29.88,30.09
600571,信雅达,15.41,-0.3878474466709793,-0.0600000000000005,135565788.0,8781845,0,15.36,15.55,15.31,15.47
600572,康恩贝,4.51,-0.4415011037527695,-0.020000000000000462,108556904.0,24026250,0,4.54,4.54,4.5,4.53
600573,惠泉啤酒,12.61,-2.850539291217265,-0.370000000000001,222462725.0,17577241,0,12.9,12.9,12.54,12.98
600575,淮河能源,3.56,-0.28011204481792124,-0.009999999999999787,88524475.0,24862901,0,3.56,3.58,3.55,3.57
600576,祥源文旅,6.6,9.999999999999993,0.5999999999999996,428596669.0,67623778,0,5.99,6.6,5.95,6.0
600577,精达股份,12.38,1.3923013923013916,0.16999999999999993,2490295952.0,205668459,0,11.99,12.42,11.83,12.21
600578,京能电力,5.38,3.2629558541266785,0.16999999999999993,389468471.0,73276355,0,5.24,5.43,5.18,5.21
600579,中化装备,8.28,-1.6627078384798168,-0.14000000000000057,51013281.0,6138500,0,8.38,8.39,8.23,8.42
600580,卧龙电驱,46.49,1.5730828053310002,0.7199999999999989,5727606566.0,125899489,0,45.71,46.5,44.65,45.77
600581,八一钢铁,3.4,0.5917159763313614,0.020000000000000018,62258606.0,18367893,0,3.37,3.41,3.36,3.38
600582,天地科技,5.79,0.17301038062283366,0.009999999999999787,116435930.0,20113008,0,5.78,5.8,5.77,5.78
600583,海油工程,5.52,-0.3610108303249181,-0.020000000000000462,139974971.0,25258386,0,5.53,5.57,5.51,5.54
600584,长电科技,36.8,-0.8887691893347841,-0.3300000000000054,1126125501.0,30489723,0,36.96,37.26,36.66,37.13
600585,海螺水泥,22.2,-0.9370816599732301,-0.21000000000000085,506350605.0,22719546,0,22.41,22.46,22.19,22.41
600586,金晶科技,6.33,2.0967741935483852,0.1299999999999999,491885727.0,77473994,0,6.13,6.55,6.12,6.2
600587,新华医疗,14.66,-0.27210884353740916,-0.03999999999999915,70882761.0,4830245,0,14.7,14.74,14.58,14.7
600588,用友网络,12.88,-1.2269938650306624,-0.15999999999999837,428193446.0,33110341,0,12.96,13.03,12.8,13.04
600589,大位科技,7.21,-0.8253094910591419,-0.05999999999999961,301601625.0,41581886,0,7.34,7.34,7.18,7.27
600590,泰豪科技,9.28,-0.7486631016042812,-0.07000000000000028,189904839.0,20460700,0,9.39,9.39,9.16,9.35
600592,龙溪股份,26.74,-0.18663680477790487,-0.05000000000000071,2010967757.0,74209395,0,27.51,27.8,26.39,26.79
600593,大连圣亚,41.8,0.8687258687258673,0.35999999999999943,236784333.0,5674300,0,41.45,42.15,41.12,41.44
600594,益佰制药,4.14,-0.24096385542170298,-0.010000000000000675,80903655.0,19406800,0,4.15,4.21,4.13,4.15
600595,中孚实业,8.05,1.1306532663316677,0.09000000000000075,555941476.0,68495579,0,7.97,8.33,7.95,7.96
600596,新安股份,11.55,0.9615384615384722,0.11000000000000121,331802860.0,28762128,0,11.5,11.66,11.38,11.44
600597,光明乳业,8.17,-0.12224938875305363,-0.009999999999999787,76077891.0,9309601,0,8.18,8.2,8.14,8.18
600598,北大荒,15.13,1.3395847287340996,0.20000000000000107,388301024.0,25831933,0,14.93,15.14,14.89,14.93
600599,*ST熊猫,10.48,5.0100200400801596,0.5,117537562.0,11507801,0,9.83,10.48,9.73,9.98
600600,青岛啤酒,61.89,-0.22569724326938667,-0.14000000000000057,132223730.0,2135430,0,62.0,62.08,61.8,62.03
600601,方正科技,12.22,-0.48859934853419157,-0.05999999999999872,1695733296.0,138204503,0,12.22,12.44,12.1,12.28
600602,云赛智联,17.98,0.5030743432084955,0.08999999999999986,184429974.0,10236306,0,17.86,18.15,17.85,17.89
600603,广汇物流,6.61,-1.6369047619047536,-0.10999999999999943,54812018.0,8276103,0,6.7,6.7,6.58,6.72
600604,市北高新,5.59,-0.7104795737122565,-0.040000000000000036,123993549.0,21899500,0,5.63,5.75,5.59,5.63
600605,汇通能源,30.73,1.553205551883671,0.46999999999999886,89728717.0,2912000,0,30.21,31.3,30.06,30.26
600606,绿地控股,1.66,-0.5988023952095813,-0.010000000000000009,96101829.0,57433893,0,1.67,1.69,1.66,1.67
600608,*ST沪科,3.54,-1.939058171745148,-0.06999999999999984,8442735.0,2356500,0,3.61,3.65,3.52,3.61
600609,金杯汽车,4.7,-0.21231422505307404,-0.009999999999999787,56293525.0,11954775,0,4.74,4.76,4.68,4.71
600610,中毅达,9.98,0.0,0.0,131659689.0,13197013,0,9.96,10.05,9.88,9.98
600611,大众交通,5.54,-0.18018018018017634,-0.009999999999999787,109669118.0,19782600,0,5.56,5.57,5.51,5.55
600612,老凤祥,44.73,0.02236135957065745,0.00999999999999801,36220653.0,809674,0,44.6,44.85,44.59,44.72
600613,神奇制药,6.19,-0.8012820512820484,-0.04999999999999982,37694359.0,6049500,0,6.21,6.28,6.18,6.24
600615,鑫源智造,11.2,-0.7971656333038075,-0.08999999999999986,19429670.0,1726264,0,11.26,11.39,11.17,11.29
600616,金枫酒业,5.42,0.5565862708719899,0.03000000000000025,41750917.0,7712766,0,5.37,5.44,5.36,5.39
600617,国新能源,3.22,0.0,0.0,85977994.0,26676409,0,3.22,3.25,3.2,3.22
600618,氯碱化工,12.25,1.6597510373443924,0.1999999999999993,167851701.0,13770001,0,12.0,12.33,12.0,12.05
600619,海立股份,21.0,-1.7773620205799767,-0.379999999999999,608714213.0,28860799,0,21.18,21.3,20.87,21.38
600620,天宸股份,6.57,-1.2030075187969935,-0.08000000000000007,71896703.0,10857107,0,6.63,6.75,6.56,6.65
600621,华鑫股份,15.22,0.06574621959237203,0.009999999999999787,175545409.0,11498984,0,15.2,15.39,15.17,15.21
600622,光大嘉宝,2.92,0.6896551724137937,0.020000000000000018,112442480.0,38704239,0,2.9,2.92,2.89,2.9
600623,华谊集团,7.47,0.0,0.0,73868948.0,9882275,0,7.48,7.53,7.43,7.47
600624,ST复华,5.29,-0.7504690431519707,-0.040000000000000036,37762228.0,7136468,0,5.34,5.34,5.24,5.33
600626,申达股份,4.53,-1.091703056768555,-0.04999999999999982,45169800.0,9937200,0,4.58,4.59,4.51,4.58
600628,新世界,8.45,-1.1695906432748704,-0.10000000000000142,427475575.0,49848386,0,8.58,8.78,8.32,8.55
600629,华建集团,19.24,1.8528321863419688,0.34999999999999787,1056842376.0,54365542,0,18.87,19.89,18.82,18.89
600630,龙头股份,9.21,-0.10845986984815387,-0.009999999999999787,116532384.0,12722293,0,9.2,9.25,9.08,9.22
600633,浙数文化,12.73,-0.7020280811232438,-0.08999999999999986,140599803.0,11032400,0,12.82,12.83,12.66,12.82
600635,大众公用,6.63,1.687116564417183,0.11000000000000032,733121852.0,110445812,0,6.57,6.75,6.52,6.52
600636,*ST国化,8.7,-0.11481056257177454,-0.010000000000001563,25482644.0,2926911,0,8.71,8.75,8.62,8.71
600637,东方明珠,9.43,-0.3171247357293989,-0.030000000000001137,478998170.0,50355351,0,9.47,9.68,9.4,9.46
600638,新黄浦,6.19,1.8092105263157947,0.11000000000000032,155546170.0,25013287,0,6.06,6.36,6.06,6.08
600639,浦东金桥,10.24,0.09775171065493438,0.009999999999999787,44195236.0,4306002,0,10.25,10.31,10.19,10.23
600640,国脉文化,12.32,-0.24291497975707987,-0.02999999999999936,67922189.0,5487601,0,12.35,12.47,12.29,12.35
600641,先导基电,17.41,0.17261219792866017,0.030000000000001137,439716344.0,25114266,0,17.36,17.85,17.28,17.38
600642,申能股份,8.02,-0.37267080745343023,-0.030000000000001137,135689868.0,16882125,0,8.05,8.07,8.01,8.05
600643,爱建集团,5.55,0.18050541516245103,0.009999999999999787,88955548.0,16000812,0,5.54,5.59,5.51,5.54
600644,乐山电力,10.05,-0.09940357852882492,-0.009999999999999787,121510184.0,12105200,0,10.04,10.13,9.96,10.06
600645,中源协和,25.5,-0.8553654743390313,-0.21999999999999886,162973230.0,6358637,0,25.6,25.86,25.49,25.72
600648,外高桥,10.16,0.3952569169960566,0.040000000000000924,21775876.0,2146480,0,10.07,10.18,10.07,10.12
600649,城投控股,4.34,0.0,0.0,75928517.0,17439825,0,4.34,4.38,4.32,4.34
600650,锦江在线,15.75,0.510529674537333,0.08000000000000007,220544505.0,14090611,0,15.61,15.87,15.42,15.67
600651,飞乐音响,7.21,-0.6887052341597772,-0.04999999999999982,161353801.0,22267900,0,7.26,7.37,7.18,7.26
600653,申华控股,1.93,-0.5154639175257737,-0.010000000000000009,33289390.0,17161445,0,1.95,1.95,1.93,1.94
600654,中安科,3.74,-0.266666666666661,-0.009999999999999787,218221501.0,58187353,0,3.77,3.78,3.72,3.75
600655,豫园股份,5.3,0.3787878787878707,0.019999999999999574,50187440.0,9451523,0,5.26,5.34,5.26,5.28
600657,信达地产,3.55,0.28248587570620864,0.009999999999999787,44967523.0,12659506,0,3.53,3.58,3.53,3.54
600658,电子城,5.46,-1.4440433212996402,-0.08000000000000007,91364148.0,16521643,0,5.54,5.61,5.45,5.54
600660,福耀玻璃,63.71,0.2991183879093163,0.18999999999999773,403742254.0,6357572,0,63.76,63.83,63.21,63.52
600661,昂立教育,10.16,-0.09832841691248562,-0.009999999999999787,48973069.0,4799100,0,10.18,10.28,10.12,10.17
600662,外服控股,5.09,0.0,0.0,30851857.0,6042346,0,5.12,5.13,5.08,5.09
600663,陆家嘴,7.96,0.0,0.0,47377277.0,5941327,0,7.95,8.0,7.93,7.96
600664,哈药股份,3.54,-0.5617977528089892,-0.020000000000000018,68601496.0,19320068,0,3.56,3.57,3.53,3.56
600665,天地源,3.29,0.0,0.0,36975930.0,11277260,0,3.29,3.31,3.25,3.29
600666,奥瑞德,3.28,-0.9063444108761405,-0.03000000000000025,127175735.0,38779311,0,3.3,3.31,3.26,3.31
600667,太极实业,8.09,-1.1002444987775044,-0.08999999999999986,529440250.0,64966066,0,8.18,8.26,8.06,8.18
600668,尖峰集团,11.11,-0.9803921568627558,-0.11000000000000121,63067838.0,5657380,0,11.21,11.23,11.08,11.22
600671,天目药业,17.08,-0.8130081300813042,-0.14000000000000057,27032374.0,1575000,0,17.27,17.37,17.01,17.22
600673,东阳光,22.34,-1.5859030837004382,-0.35999999999999943,682542862.0,30332275,0,22.83,22.91,22.27,22.7
600674,川投能源,14.24,0.0,0.0,115141412.0,8092290,0,14.25,14.26,14.2,14.24
600675,中华企业,2.75,0.0,0.0,42648412.0,15462751,0,2.76,2.77,2.74,2.75
600676,交运股份,5.85,0.34305317324184514,0.019999999999999574,55074471.0,9385782,0,5.79,5.98,5.79,5.83
600678,四川金顶,13.2,-2.3668639053254457,-0.3200000000000003,1025479251.0,76171134,0,13.63,13.9,13.1,13.52
600679,上海凤凰,13.7,-1.2968299711815667,-0.1800000000000015,104030453.0,7573652,0,13.85,13.92,13.61,13.88
600681,百川能源,4.11,-1.9093078758949895,-0.08000000000000007,152991027.0,37002748,0,4.18,4.18,4.09,4.19
600682,南京新百,8.29,-1.660735468564657,-0.14000000000000057,279257340.0,33420000,0,8.48,8.52,8.27,8.43
600683,京投发展,4.32,-0.6896551724137784,-0.02999999999999936,110478956.0,25580462,0,4.3,4.41,4.27,4.35
600684,珠江股份,4.48,1.5873015873015939,0.07000000000000028,122393525.0,27449988,0,4.4,4.5,4.37,4.41
600685,中船防务,28.5,0.0702247191011221,0.019999999999999574,598339052.0,21056272,0,28.36,28.7,28.1,28.48
600686,金龙汽车,17.04,2.158273381294961,0.35999999999999943,291043869.0,17006310,0,16.68,17.45,16.6,16.68
600688,上海石化,2.69,0.373134328358201,0.009999999999999787,91822350.0,34142025,0,2.69,2.7,2.67,2.68
600689,上海三毛,13.54,0.0739098300073894,0.009999999999999787,32675772.0,2408400,0,13.53,13.72,13.5,13.53
600690,海尔智家,26.74,-0.5208333333333355,-0.14000000000000057,672070973.0,25058495,0,26.88,26.94,26.68,26.88
600691,潞化科技,2.88,0.6993006993007,0.020000000000000018,49080075.0,17097590,0,2.87,2.9,2.85,2.86
600692,亚通股份,7.52,1.7591339648173192,0.1299999999999999,53299992.0,7081374,0,7.41,7.64,7.39,7.39
600693,东百集团,21.88,4.638928742228593,0.9699999999999989,4121797154.0,189183727,0,21.16,22.48,21.0,20.91
600694,大商股份,18.39,-0.21703743895821564,-0.03999999999999915,128887017.0,7013033,0,18.43,18.54,18.24,18.43
600696,*ST岩石,3.34,-3.4682080924855523,-0.1200000000000001,22434257.0,6649901,0,3.41,3.47,3.29,3.46
600697,欧亚集团,13.96,-0.35688793718771544,-0.049999999999998934,236506777.0,16718413,0,14.01,14.65,13.94,14.01
600698,湖南天雁,8.98,-0.7734806629834284,-0.07000000000000028,81435868.0,9047200,0,9.06,9.07,8.93,9.05
600699,均胜电子,30.18,-1.4691478942213494,-0.4499999999999993,2273120371.0,75529005,0,30.56,30.56,29.63,30.63
600702,舍得酒业,58.0,-1.5280135823429517,-0.8999999999999986,378786869.0,6510985,0,58.35,58.8,57.78,58.9
600703,三安光电,13.96,1.3062409288824492,0.1800000000000015,1467276830.0,105520700,0,13.76,14.18,13.65,13.78
600704,物产中大,5.58,-0.17889087656529135,-0.009999999999999787,230929720.0,41351220,0,5.58,5.61,5.55,5.59
600705,中航产融,3.47,0.0,0.0,0.0,0,0,0.0,0.0,0.0,3.47
600706,曲江文旅,10.96,0.5504587155963349,0.0600000000000005,262337226.0,23905800,0,10.85,11.24,10.76,10.9
600707,彩虹股份,6.37,1.5948963317384455,0.10000000000000053,297821167.0,47156861,0,6.27,6.4,6.24,6.27
600708,光明地产,3.58,10.153846153846157,0.33000000000000007,215952099.0,61861572,0,3.24,3.58,3.23,3.25
600710,苏美达,10.79,-0.3693444136657518,-0.040000000000000924,101610663.0,9391600,0,10.84,10.89,10.73,10.83
600711,盛屯矿业,14.85,4.137447405329593,0.5899999999999999,2192019377.0,148829955,0,14.55,15.06,14.31,14.26
600712,南宁百货,7.24,-0.8219178082191728,-0.05999999999999961,256719580.0,35252702,0,7.21,7.48,7.15,7.3
600713,南京医药,5.53,2.9795158286778425,0.16000000000000014,265041209.0,48043394,0,5.35,5.63,5.34,5.37
600714,金瑞矿业,12.6,1.9417475728155358,0.2400000000000002,84534770.0,6723700,0,12.45,12.76,12.3,12.36
600715,文投控股,2.2,-1.345291479820619,-0.029999999999999805,64352332.0,29053800,0,2.22,2.24,2.2,2.23
600716,凤凰股份,3.87,1.5748031496063006,0.06000000000000005,47417332.0,12252600,0,3.82,3.93,3.8,3.81
600717,天津港,4.54,-0.4385964912280609,-0.019999999999999574,57011820.0,12524592,0,4.55,4.57,4.53,4.56
600718,东软集团,9.93,0.20181634712411275,0.019999999999999574,152231348.0,15325117,0,9.89,9.99,9.88,9.91
600719,大连热电,6.22,3.494176372712146,0.20999999999999996,125946417.0,20228860,0,6.05,6.34,6.01,6.01
600720,中交设计,7.35,-0.40650406504065373,-0.03000000000000025,50101223.0,6797637,0,7.39,7.4,7.33,7.38
600721,百花医药,12.24,5.8823529411764675,0.6799999999999997,594435398.0,48947007,0,11.35,12.6,11.35,11.56
600722,金牛化工,5.99,-0.16666666666666313,-0.009999999999999787,44346798.0,7394990,0,6.02,6.04,5.95,6.0
600724,宁波富达,5.74,-0.6920415224913501,-0.040000000000000036,68946598.0,12005700,0,5.73,5.81,5.68,5.78
600725,云维股份,4.1,0.24449877750610727,0.009999999999999787,110345264.0,26925632,0,4.09,4.14,4.06,4.09
600726,华电能源,2.47,-0.8032128514056232,-0.020000000000000018,39517540.0,15955100,0,2.49,2.49,2.46,2.49
600727,鲁北化工,6.94,0.4341534008683104,0.03000000000000025,46515788.0,6678018,0,6.91,7.05,6.9,6.91
600728,佳都科技,6.43,-0.4643962848297252,-0.03000000000000025,239599584.0,37222671,0,6.44,6.51,6.38,6.46
600729,重庆百货,26.69,-0.6329113924050564,-0.16999999999999815,222875979.0,8284400,0,26.83,27.29,26.59,26.86
600730,中国高科,11.77,-2.566225165562918,-0.3100000000000005,818916026.0,69311689,0,11.84,12.37,11.47,12.08
600731,湖南海利,6.87,-0.7225433526011535,-0.04999999999999982,38140385.0,5534548,0,6.92,6.95,6.86,6.92
600732,爱旭股份,13.77,2.6845637583892574,0.35999999999999943,470613008.0,34236362,0,13.4,13.91,13.4,13.41
600733,北汽蓝谷,8.09,0.9987515605493142,0.08000000000000007,1204136684.0,149718140,0,7.98,8.14,7.92,8.01
600734,实达集团,5.08,2.626262626262624,0.1299999999999999,1777183150.0,349618826,0,4.97,5.21,4.93,4.95
600735,ST新华锦,5.12,1.5873015873015885,0.08000000000000007,131348973.0,25473458,0,5.1,5.27,5.05,5.04
600736,苏州高新,6.61,9.983361064891856,0.6000000000000005,552817308.0,84425236,0,6.02,6.61,6.02,6.01
600737,中粮糖业,17.27,-0.8041355542791532,-0.14000000000000057,514915191.0,29906346,0,17.41,17.5,17.04,17.41
600738,丽尚国潮,5.33,-0.3738317757009266,-0.019999999999999574,113955909.0,21254000,0,5.33,5.44,5.3,5.35
600739,辽宁成大,11.53,0.0868055555555537,0.009999999999999787,141387187.0,12234768,0,11.52,11.68,11.48,11.52
600740,山西焦化,3.83,0.0,0.0,56723012.0,14776058,0,3.83,3.86,3.82,3.83
600741,华域汽车,19.88,-0.7488766849725518,-0.15000000000000213,152477116.0,7637240,0,20.06,20.2,19.85,20.03
600742,富维股份,9.92,-1.0967098703888278,-0.10999999999999943,56062121.0,5625000,0,10.05,10.06,9.9,10.03
600743,华远控股,2.01,0.49999999999998934,0.009999999999999787,28194505.0,14073370,0,2.0,2.02,1.99,2.0
600744,华银电力,6.07,0.16501650165017617,0.010000000000000675,161809960.0,26685089,0,6.04,6.1,6.01,6.06
600745,闻泰科技,37.89,-0.36813042334998836,-0.14000000000000057,1031009485.0,27165004,0,37.95,38.29,37.74,38.03
600746,江苏索普,7.03,1.8840579710144911,0.1299999999999999,87960429.0,12434401,0,6.92,7.25,6.9,6.9
600748,上实发展,5.42,1.1194029850746194,0.05999999999999961,95073970.0,17548815,0,5.37,5.47,5.34,5.36
600749,西藏旅游,16.96,-0.8187134502924008,-0.14000000000000057,64684180.0,3814850,0,17.1,17.12,16.8,17.1
600750,江中药业,23.62,-0.5473684210526274,-0.129999999999999,129365067.0,5446570,0,23.81,24.14,23.59,23.75
600751,海航科技,4.03,1.5113350125944598,0.06000000000000005,318544857.0,79311864,0,3.95,4.06,3.93,3.97
600753,*ST海钦,8.07,-0.37037037037036247,-0.02999999999999936,16964148.0,2103200,0,8.15,8.15,8.01,8.1
600754,锦江酒店,25.27,1.7310789049919475,0.4299999999999997,169649878.0,6739382,0,24.85,25.36,24.76,24.84
600755,厦门国贸,8.72,9.962168978562433,0.7900000000000009,3248830237.0,401111575,0,7.8,8.72,7.46,7.93
600756,浪潮软件,17.92,1.702610669693534,0.3000000000000007,523869886.0,29340820,0,17.65,18.11,17.51,17.62
600757,长江传媒,8.87,-0.1126126126126302,-0.010000000000001563,59152475.0,6647913,0,8.86,8.94,8.85,8.88
600758,辽宁能源,3.79,0.2645502645502707,0.010000000000000231,49174820.0,12965486,0,3.77,3.82,3.76,3.78
600759,洲际油气,3.05,10.108303249097466,0.2799999999999998,1584527367.0,534333865,0,2.76,3.05,2.75,2.77
600760,中航沈飞,56.63,-1.0829694323144061,-0.6199999999999974,1312276685.0,23125882,0,57.48,57.48,56.0,57.25
600761,安徽合力,22.31,0.044843049327345334,0.00999999999999801,1252725198.0,55206993,0,22.3,23.27,22.01,22.3
600763,通策医疗,40.93,0.17131669114048037,0.07000000000000028,158664054.0,3873221,0,40.86,41.15,40.74,40.86
600764,中国海防,27.07,-0.6240822320117406,-0.16999999999999815,247944742.0,9171404,0,27.34,27.34,26.81,27.24
600765,中航重机,18.27,-1.136363636363641,-0.21000000000000085,1114428548.0,60906430,0,18.48,18.65,18.05,18.48
600768,宁波富邦,13.44,-0.29673590504451725,-0.040000000000000924,26146698.0,1942929,0,13.48,13.58,13.34,13.48
600769,祥龙电业,12.17,-0.32760032760033514,-0.040000000000000924,73691926.0,6016679,0,12.16,12.49,12.14,12.21
600770,综艺股份,5.15,-0.7707129094412337,-0.040000000000000036,55649015.0,10785368,0,5.2,5.21,5.12,5.19
600771,广誉远,18.32,-0.7046070460704553,-0.129999999999999,64200569.0,3488998,0,18.36,18.5,18.3,18.45
600773,西藏城投,12.66,1.5236567762630273,0.1899999999999995,230601526.0,18242234,0,12.75,12.8,12.49,12.47
600774,汉商集团,9.37,-1.3684210526315872,-0.13000000000000078,27598495.0,2928600,0,9.51,9.51,9.35,9.5
600775,南京熊猫,12.31,1.819685690653438,0.22000000000000064,1063312833.0,86250442,0,12.08,12.69,12.02,12.09
600776,东方通信,15.85,0.12634238787112806,0.019999999999999574,963776764.0,60947637,0,15.67,16.08,15.46,15.83
600777,*ST新潮,3.88,0.0,0.0,33040106.0,8535488,0,3.88,3.89,3.86,3.88
600778,友好集团,7.21,-0.13850415512465078,-0.009999999999999787,144819202.0,19885250,0,7.18,7.48,7.16,7.22
600779,水井坊,39.07,-1.834170854271349,-0.7299999999999969,489629078.0,12608137,0,38.95,39.7,38.5,39.8
600780,通宝能源,5.76,0.0,0.0,47477186.0,8252100,0,5.77,5.78,5.73,5.76
600782,新钢股份,3.89,0.5167958656330753,0.020000000000000018,201326211.0,51888843,0,3.86,3.9,3.85,3.87
600783,鲁信创投,21.1,10.010427528675713,1.9200000000000017,614681434.0,29197507,0,21.1,21.1,20.58,19.18
600784,鲁银投资,6.82,-0.5830903790087468,-0.040000000000000036,82349369.0,12070596,0,6.84,6.94,6.75,6.86
600785,新华百货,13.98,-0.7102272727272702,-0.09999999999999964,135203754.0,9573003,0,14.0,14.41,13.96,14.08
600787,中储股份,5.7,-0.6968641114982584,-0.040000000000000036,102468220.0,17910129,0,5.73,5.75,5.7,5.74
600789,鲁抗医药,9.18,-0.5417118093174509,-0.05000000000000071,129687344.0,14091380,0,9.19,9.24,9.16,9.23
600790,轻纺城,3.86,-0.7712082262210861,-0.03000000000000025,45301284.0,11685874,0,3.9,3.92,3.84,3.89
600791,京能置业,4.76,-1.6528925619834725,-0.08000000000000007,49754025.0,10321300,0,4.85,4.88,4.74,4.84
600792,云煤能源,4.0,0.0,0.0,59742605.0,14921900,0,4.0,4.03,3.97,4.0
600793,宜宾纸业,22.52,-3.8017941050833004,-0.8900000000000006,297362138.0,12986210,0,23.41,23.76,22.47,23.41
600794,保税科技,3.86,-0.5154639175257737,-0.020000000000000018,64578823.0,16738725,0,3.85,3.88,3.84,3.88
600795,国电电力,5.78,-2.3648648648648596,-0.13999999999999968,831739486.0,142892532,0,5.93,5.94,5.76,5.92
600796,钱江生化,6.2,-1.2738853503184724,-0.08000000000000007,38977796.0,6257042,0,6.28,6.29,6.16,6.28
600797,浙大网新,9.87,1.2307692307692228,0.11999999999999922,373576528.0,38055816,0,9.75,9.98,9.66,9.75
600798,宁波海运,3.58,-0.555555555555556,-0.020000000000000018,51603309.0,14408240,0,3.59,3.61,3.56,3.6
600800,渤海化学,3.62,-1.362397820163483,-0.04999999999999982,238693841.0,65630309,0,3.68,3.69,3.62,3.67
600801,华新建材,24.44,0.36960985626283305,0.08999999999999986,162407418.0,6634660,0,24.48,24.67,24.3,24.35
600802,福建水泥,7.03,-0.8462623413258055,-0.05999999999999961,166480968.0,23778572,0,7.03,7.09,6.91,7.09
600803,新奥股份,20.93,-0.4281636536631773,-0.08999999999999986,111567195.0,5333127,0,20.99,21.1,20.75,21.02
600804,退市鹏博,0.14,0.0,0.0,0.0,0,0,0.0,0.0,0.0,0.14
600805,悦达投资,5.45,-1.97841726618704,-0.10999999999999943,74405618.0,13531870,0,5.56,5.59,5.44,5.56
600807,济高发展,3.3,0.30395136778114856,0.009999999999999787,161187438.0,48121536,0,3.31,3.48,3.29,3.29
600808,马钢股份,4.22,-0.7058823529411823,-0.03000000000000025,333813624.0,79245275,0,4.26,4.31,4.15,4.25
600809,山西汾酒,177.7,-0.5429003190238982,-0.9699999999999989,512804801.0,2887360,0,178.0,178.48,176.68,178.67
600810,神马股份,8.68,1.283547257876306,0.10999999999999943,222684159.0,25719040,0,8.55,8.74,8.55,8.57
600811,*ST东方,0.36,0.0,0.0,0.0,0,0,0.0,0.0,0.0,0.36
600812,华北制药,5.62,-0.17761989342806014,-0.009999999999999787,39622259.0,7037601,0,5.61,5.65,5.6,5.63
600814,杭州解百,8.39,-2.4418604651162683,-0.20999999999999908,253671689.0,29699847,0,8.48,8.84,8.39,8.6
600815,厦工股份,3.71,-1.0666666666666678,-0.040000000000000036,274486556.0,73937001,0,3.73,3.8,3.66,3.75
600816,建元信托,2.87,-0.3472222222222148,-0.009999999999999787,130534303.0,45326370,0,2.87,2.9,2.86,2.88
600817,宇通重工,11.26,-1.487314085739282,-0.16999999999999993,24068821.0,2128400,0,11.39,11.46,11.25,11.43
600818,中路股份,9.81,-0.6079027355622971,-0.05999999999999872,33252965.0,3384701,0,9.87,9.88,9.78,9.87
600819,耀皮玻璃,8.35,-1.416765053128701,-0.120000000000001,89623123.0,10634500,0,8.49,8.57,8.33,8.47
600820,隧道股份,6.63,0.9132420091324142,0.05999999999999961,212400065.0,32153127,0,6.57,6.64,6.54,6.57
600821,金开新能,5.19,0.0,0.0,72599547.0,13951862,0,5.2,5.23,5.18,5.19
600822,上海物贸,10.9,-1.3574660633484195,-0.15000000000000036,55336621.0,5056800,0,11.02,11.05,10.86,11.05
600824,益民集团,4.95,-4.069767441860464,-0.20999999999999996,898593844.0,175541413,0,5.3,5.4,4.94,5.16
600825,新华传媒,6.15,-0.8064516129032229,-0.04999999999999982,51361708.0,8309316,0,6.2,6.23,6.13,6.2
600826,兰生股份,10.81,0.6517690875232801,0.07000000000000028,71176405.0,6591294,0,10.71,10.92,10.68,10.74
600827,百联股份,9.35,-0.31982942430704836,-0.030000000000001137,140225033.0,14987461,0,9.36,9.43,9.3,9.38
600828,茂业商业,5.73,-2.3850085178875586,-0.13999999999999968,303037618.0,52185728,0,5.92,5.98,5.72,5.87
600829,人民同泰,11.99,1.6101694915254194,0.1899999999999995,403132629.0,33750014,0,11.8,12.25,11.77,11.8
600830,香溢融通,9.62,-0.10384215991694248,-0.010000000000001563,63242992.0,6556200,0,9.6,9.72,9.54,9.63
600831,广电网络,4.2,-2.0979020979020944,-0.08999999999999986,63690310.0,15076288,0,4.27,4.31,4.18,4.29
600833,第一医药,13.27,-0.22556390977444465,-0.030000000000001137,45640204.0,3416201,0,13.38,13.52,13.24,13.3
600834,申通地铁,8.33,-0.5966587112171922,-0.05000000000000071,21843114.0,2610400,0,8.41,8.44,8.32,8.38
600835,上海机电,29.02,5.527272727272726,1.5199999999999996,758881759.0,26319041,0,27.5,29.5,27.31,27.5
600838,上海九百,11.07,0.9115770282588845,0.09999999999999964,728986987.0,65805112,0,10.7,11.45,10.59,10.97
600839,四川长虹,9.05,-0.4400440044004307,-0.03999999999999915,545730193.0,60218790,0,9.1,9.11,9.02,9.09
600841,动力新科,6.08,-1.1382113821138258,-0.07000000000000028,50613452.0,8289800,0,6.15,6.18,6.06,6.15
600843,上工申贝,11.99,0.5872483221476533,0.07000000000000028,396885502.0,33207128,0,11.92,12.08,11.8,11.92
600844,金煤科技,2.94,-0.33898305084746544,-0.010000000000000231,51420878.0,17373800,0,2.98,2.99,2.93,2.95
600845,宝信软件,20.7,1.769911504424776,0.35999999999999943,373345171.0,18000152,0,20.35,21.05,20.26,20.34
600846,同济科技,14.15,3.8913362701909047,0.5300000000000011,140319520.0,10041999,0,13.69,14.28,13.65,13.62
600847,万里股份,11.6,-1.360544217687076,-0.16000000000000014,21987515.0,1873610,0,11.77,11.93,11.6,11.76
600848,上海临港,11.94,-0.1672240802675698,-0.02000000000000135,234318460.0,19468298,0,11.99,12.24,11.88,11.96
600850,电科数字,30.55,6.297842727905367,1.8100000000000023,1039614612.0,34629075,0,28.61,31.1,28.61,28.74
600851,海欣股份,7.01,-1.5449438202247237,-0.11000000000000032,41412940.0,5868890,0,7.07,7.13,7.0,7.12
600853,龙建股份,4.29,0.0,0.0,78101276.0,18150264,0,4.31,4.33,4.27,4.29
600854,春兰股份,5.01,-0.9881422924901151,-0.04999999999999982,29213831.0,5799000,0,5.05,5.07,5.0,5.06
600855,航天长峰,19.93,2.2575679835813305,0.4400000000000013,1078301646.0,54304754,0,19.3,20.2,19.3,19.49
600857,宁波中百,14.07,-0.7757404795486561,-0.10999999999999943,77193782.0,5455960,0,14.11,14.29,14.05,14.18
600858,银座股份,7.46,10.029498525073741,0.6799999999999997,478373381.0,64763410,0,6.7,7.46,6.7,6.78
600859,王府井,15.46,2.2486772486772595,0.34000000000000163,1268250216.0,82045971,0,15.13,15.85,15.11,15.12
600860,京城股份,12.6,-0.07930214115780956,-0.009999999999999787,185344015.0,14648767,0,12.61,12.85,12.45,12.61
600861,北京人力,17.97,-0.7182320441989091,-0.13000000000000256,47132758.0,2611981,0,18.04,18.17,17.94,18.1
600862,中航高科,23.18,2.204585537918871,0.5,1259059205.0,54746426,0,22.78,23.35,22.64,22.68
600863,内蒙华电,4.79,1.0548523206751017,0.04999999999999982,250328824.0,52565335,0,4.75,4.82,4.71,4.74
600864,哈投股份,6.83,0.14662756598240156,0.009999999999999787,197996572.0,28901310,0,6.81,6.92,6.8,6.82
600865,百大集团,21.33,-1.7050691244239677,-0.370000000000001,1690815372.0,77200026,0,21.83,23.1,20.73,21.7
600866,星湖科技,6.87,-0.14534883720929923,-0.009999999999999787,91317431.0,13285467,0,6.89,6.9,6.85,6.88
600867,通化东宝,8.33,-0.23952095808382726,-0.019999999999999574,109179601.0,13091143,0,8.36,8.38,8.29,8.35
600868,梅雁吉祥,3.48,0.5780346820809253,0.020000000000000018,347959441.0,99740715,0,3.48,3.55,3.45,3.46
600869,远东股份,7.89,-1.1278195488721898,-0.09000000000000075,387210696.0,49150331,0,7.97,7.99,7.76,7.98
600871,石化油服,2.18,1.395348837209314,0.03000000000000025,246026307.0,113645850,0,2.15,2.18,2.14,2.15
600872,中炬高新,17.27,0.23215322112593817,0.03999999999999915,72068044.0,4167840,0,17.2,17.37,17.2,17.23
600873,梅花生物,10.26,0.29325513196480313,0.02999999999999936,206305315.0,20119646,0,10.23,10.31,10.17,10.23
600874,创业环保,5.99,-0.827814569536421,-0.04999999999999982,88802635.0,14788030,0,6.02,6.04,5.97,6.04
600875,东方电气,24.9,-0.7968127490039953,-0.20000000000000284,1532837235.0,61519045,0,24.85,25.22,24.7,25.1
600876,凯盛新能,10.12,0.0,0.0,46341853.0,4538530,0,10.18,10.3,10.1,10.12
600877,电科芯片,16.85,3.3108522378908813,0.5400000000000027,998039372.0,59351487,0,16.2,17.15,16.11,16.31
600879,航天电子,19.47,4.621171413218696,0.8599999999999994,15697839800.0,830717760,0,18.4,20.03,17.9,18.61
600880,博瑞传播,4.86,-1.0183299389002,-0.04999999999999982,80461803.0,16478777,0,4.91,4.92,4.85,4.91
600881,亚泰集团,1.88,-0.5291005291005296,-0.010000000000000009,92477461.0,48936550,0,1.9,1.91,1.87,1.89
600882,妙可蓝多,26.93,-1.6435354273192087,-0.4499999999999993,211060844.0,7793360,0,27.24,27.5,26.82,27.38
600883,博闻科技,8.08,-0.980392156862746,-0.08000000000000007,21917087.0,2692900,0,8.13,8.24,8.02,8.16
600884,杉杉股份,13.75,1.3264554163596147,0.17999999999999972,983822758.0,71760521,0,13.55,13.88,13.46,13.57
600885,宏发股份,30.95,-0.8965738072366349,-0.28000000000000114,372367409.0,11962809,0,31.12,31.48,30.82,31.23
600886,国投电力,13.42,0.07457121551081124,0.009999999999999787,193051442.0,14402533,0,13.4,13.44,13.36,13.41
600887,伊利股份,29.1,-0.34246575342465024,-0.09999999999999787,847358126.0,29127982,0,29.26,29.35,28.93,29.2
600888,新疆众和,8.22,3.396226415094345,0.27000000000000046,315137631.0,38684606,0,7.95,8.28,7.95,7.95
600889,南京化纤,16.35,1.301115241635693,0.21000000000000085,133213304.0,8237400,0,16.06,16.4,15.9,16.14
600892,*ST大晟,3.77,4.4321329639889235,0.16000000000000014,56077187.0,15040000,0,3.69,3.79,3.65,3.61
600893,航发动力,40.25,-2.6366715045960407,-1.0900000000000034,1738026260.0,42839642,0,41.18,41.34,40.18,41.34
600894,广日股份,9.21,0.0,0.0,27523792.0,2987404,0,9.21,9.26,9.18,9.21
600895,张江高科,41.14,-3.154425612052722,-1.3399999999999963,3084518109.0,74075157,0,42.49,42.5,41.03,42.48
600897,厦门空港,18.15,-0.05506607929516279,-0.010000000000001563,243910501.0,13524454,0,18.15,18.26,17.81,18.16
600900,长江电力,27.64,0.0,0.0,1332687115.0,48259339,0,27.61,27.67,27.52,27.64
600901,江苏金租,6.15,-0.32414910858994445,-0.019999999999999574,126031475.0,20429500,0,6.17,6.21,6.13,6.17
600903,贵州燃气,6.7,-0.149031296572277,-0.009999999999999787,28446805.0,4239860,0,6.71,6.73,6.68,6.71
600905,三峡能源,4.13,0.0,0.0,271213681.0,65622873,0,4.14,4.14,4.12,4.13
600906,财达证券,6.89,0.29112081513827615,0.019999999999999574,129390068.0,18746300,0,6.87,6.95,6.85,6.87
600908,无锡银行,5.93,-0.6700167504187611,-0.040000000000000036,65558147.0,11036220,0,5.96,5.99,5.91,5.97
600909,华安证券,6.77,1.4992503748125883,0.09999999999999964,536200775.0,79283391,0,6.65,6.85,6.64,6.67
600916,中国黄金,8.08,0.12391573729863428,0.009999999999999787,123822324.0,15335700,0,8.06,8.09,8.05,8.07
600917,重庆燃气,5.52,-0.7194244604316554,-0.040000000000000036,25820461.0,4662473,0,5.55,5.56,5.51,5.56
600918,中泰证券,6.66,0.15037593984962083,0.009999999999999787,181986686.0,27273535,0,6.65,6.72,6.63,6.65
600919,江苏银行,10.24,-0.7751937984496131,-0.08000000000000007,981027056.0,95586453,0,10.32,10.34,10.23,10.32
600925,苏能股份,4.59,0.0,0.0,25681955.0,5599841,0,4.58,4.6,4.57,4.59
600926,杭州银行,15.25,-0.7161458333333297,-0.10999999999999943,537617909.0,35231159,0,15.33,15.38,15.21,15.36
600927,永安期货,15.49,0.6497725795971387,0.09999999999999964,114822156.0,7399977,0,15.38,15.66,15.36,15.39
600928,西安银行,3.74,-0.5319148936170099,-0.019999999999999574,65167579.0,17375835,0,3.76,3.78,3.73,3.76
600929,雪天盐业,5.76,0.34843205574912145,0.019999999999999574,41120159.0,7128600,0,5.74,5.79,5.74,5.74
600933,爱柯迪,19.39,0.6749740394600156,0.129999999999999,275378870.0,14115323,0,19.24,19.75,19.15,19.26
600935,华塑股份,2.48,0.0,0.0,33292853.0,13399196,0,2.49,2.51,2.47,2.48
600936,广西广电,4.5,5.88235294117647,0.25,759866997.0,166178440,0,4.22,4.68,4.22,4.25
600938,中国海油,28.31,0.6398862424457865,0.17999999999999972,774022999.0,27351498,0,28.11,28.4,28.05,28.13
600939,重庆建工,3.3,-2.3668639053254457,-0.08000000000000007,137976153.0,41610814,0,3.35,3.36,3.29,3.38
600941,中国移动,100.84,0.3283255397472871,0.3299999999999983,1482522711.0,14736262,0,100.3,101.11,100.12,100.51
600955,维远股份,15.57,3.112582781456958,0.47000000000000064,114068151.0,7381512,0,15.13,15.67,15.02,15.1
600956,新天绿能,7.43,-0.1344086021505467,-0.010000000000000675,37821996.0,5070339,0,7.45,7.53,7.42,7.44
600958,东方证券,10.96,1.200369344413673,0.13000000000000078,1141817500.0,103703724,0,10.83,11.14,10.83,10.83
600959,江苏有线,3.4,0.0,0.0,72356890.0,21241020,0,3.4,3.42,3.39,3.4
600960,渤海汽车,5.5,-1.7857142857142794,-0.09999999999999964,203800760.0,36873674,0,5.46,5.63,5.46,5.6
600961,株冶集团,16.52,2.736318407960207,0.4400000000000013,389140570.0,23717810,0,16.25,16.6,16.1,16.08
600962,国投中鲁,24.58,6.453009961022081,1.4899999999999984,451109448.0,18845349,0,22.76,25.0,22.6,23.09
600963,岳阳林纸,4.53,-1.3071895424836517,-0.05999999999999961,138996759.0,30620480,0,4.6,4.61,4.5,4.59
600965,福成股份,6.13,6.980802792321107,0.39999999999999947,380316569.0,61800803,0,5.73,6.3,5.71,5.73
600966,博汇纸业,6.88,1.0279001468428823,0.07000000000000028,398281278.0,58630321,0,6.92,6.92,6.65,6.81
600967,内蒙一机,16.34,-0.5477784540474733,-0.08999999999999986,340939598.0,20829400,0,16.42,16.49,16.24,16.43
600968,海油发展,3.8,-0.2624671916010559,-0.010000000000000231,104127927.0,27373500,0,3.81,3.82,3.79,3.81
600969,郴电国际,9.72,0.2061855670103232,0.02000000000000135,81502897.0,8399790,0,9.75,9.81,9.61,9.7
600970,中材国际,10.23,-0.6796116504854396,-0.07000000000000028,178814388.0,17478240,0,10.28,10.33,10.15,10.3
600971,恒源煤电,6.27,-0.3179650238473841,-0.020000000000000462,42427032.0,6754420,0,6.28,6.3,6.25,6.29
600973,宝胜股份,6.75,-1.8895348837209287,-0.1299999999999999,722026194.0,107098162,0,6.87,6.87,6.6,6.88
600975,新五丰,5.91,1.0256410256410342,0.0600000000000005,76329835.0,12988100,0,5.85,5.91,5.81,5.85
600976,健民集团,35.36,-0.39436619718310023,-0.14000000000000057,31342174.0,885702,0,35.37,35.57,35.25,35.5
600977,中国电影,15.47,0.8474576271186491,0.13000000000000078,666828625.0,43298866,0,15.34,15.63,15.23,15.34
600979,广安爱众,4.49,0.6726457399103195,0.03000000000000025,50673105.0,11301507,0,4.47,4.51,4.46,4.46
600980,北矿科技,22.79,0.043898156277427616,0.00999999999999801,55457083.0,2428585,0,22.8,22.95,22.65,22.78
600981,苏豪汇鸿,3.33,0.6042296072507558,0.020000000000000018,181685455.0,54571940,0,3.28,3.39,3.27,3.31
600982,宁波能源,4.45,0.2252252252252204,0.009999999999999787,43689681.0,9834300,0,4.45,4.47,4.42,4.44
600983,惠而浦,9.65,-0.20682523267838235,-0.019999999999999574,15846422.0,1643100,0,9.63,9.69,9.61,9.67
600984,建设机械,4.15,0.0,0.0,105751571.0,25405614,0,4.13,4.22,4.1,4.15
600985,淮北矿业,11.25,0.35682426404994777,0.03999999999999915,151935595.0,13488960,0,11.19,11.32,11.15,11.21
600986,浙文互联,7.52,-0.39735099337748675,-0.03000000000000025,237430169.0,31413980,0,7.53,7.62,7.49,7.55
600987,航民股份,7.05,0.0,0.0,29611829.0,4196330,0,7.06,7.08,7.04,7.05
600988,赤峰黄金,32.27,1.509908776344775,0.480000000000004,1323864663.0,40967658,0,32.23,32.74,31.89,31.79
600989,宝丰能源,18.88,1.1789924973204655,0.21999999999999886,544368850.0,28972330,0,18.66,18.94,18.59,18.66
600990,四创电子,33.03,-1.3735443415945081,-0.46000000000000085,1134202374.0,33866592,0,33.49,34.56,32.76,33.49
600992,贵绳股份,13.21,0.8396946564885589,0.11000000000000121,73893244.0,5598900,0,13.09,13.4,13.0,13.1
600993,马应龙,28.37,-1.7319016279875303,-0.5,166224921.0,5834850,0,28.8,28.85,28.3,28.87
600995,南网储能,13.0,1.0101010101010162,0.13000000000000078,185073810.0,14289721,0,12.88,13.06,12.8,12.87
600996,贵广网络,10.74,-1.828153564899445,-0.1999999999999993,253978648.0,23497956,0,10.99,11.15,10.62,10.94
600997,开滦股份,5.84,0.5163511187607616,0.03000000000000025,47003118.0,8045978,0,5.79,5.86,5.79,5.81
600998,九州通,5.13,0.39138943248531455,0.019999999999999574,113905730.0,22257711,0,5.1,5.14,5.09,5.11
600999,招商证券,16.74,-0.11933174224345539,-0.020000000000003126,975630046.0,57996100,0,16.75,16.95,16.73,16.76
601000,唐山港,3.88,0.0,0.0,93984376.0,24217195,0,3.88,3.89,3.86,3.88
601001,晋控煤业,13.35,0.6028636021100231,0.08000000000000007,238274628.0,17872399,0,13.21,13.44,13.19,13.27
601002,晋亿实业,5.22,-1.8796992481203108,-0.10000000000000053,78246667.0,14896451,0,5.33,5.33,5.2,5.32
601003,柳钢股份,5.04,0.0,0.0,53822413.0,10647560,0,5.04,5.1,5.01,5.04
601005,重庆钢铁,1.48,0.680272108843538,0.010000000000000009,132159624.0,89356720,0,1.47,1.49,1.47,1.47
601006,大秦铁路,5.28,-0.7518796992481209,-0.040000000000000036,554033795.0,104660541,0,5.31,5.33,5.27,5.32
601007,金陵饭店,7.9,-0.5037783375314866,-0.040000000000000036,89731268.0,11316030,0,7.91,8.0,7.85,7.94
601008,连云港,5.25,-0.37950664136621587,-0.019999999999999574,81548929.0,15522157,0,5.25,5.29,5.23,5.27
601009,南京银行,11.22,-0.8833922261484068,-0.09999999999999964,474573251.0,42187007,0,11.32,11.39,11.18,11.32
601010,文峰股份,2.96,0.680272108843538,0.020000000000000018,182125891.0,61252800,0,2.94,3.03,2.93,2.94
601011,宝泰隆,3.52,1.1494252873563229,0.040000000000000036,192228192.0,54619837,0,3.47,3.57,3.47,3.48
601012,隆基绿能,19.02,4.105090311986864,0.75,5236282801.0,275273234,0,18.84,19.33,18.7,18.27
601015,陕西黑猫,3.74,0.8086253369272304,0.03000000000000025,100199561.0,26829853,0,3.71,3.76,3.69,3.71
601016,节能风电,3.0,0.0,0.0,140000015.0,46693274,0,3.0,3.01,2.99,3.0
601018,宁波港,3.67,-0.542005420054201,-0.020000000000000018,152531471.0,41515800,0,3.68,3.7,3.66,3.69
601019,山东出版,8.6,-1.2629161882893365,-0.11000000000000121,72567180.0,8377967,0,8.72,8.75,8.59,8.71
601020,华钰矿业,27.28,1.0370370370370412,0.28000000000000114,821180694.0,30002066,0,27.15,27.68,27.08,27.0
601021,春秋航空,56.45,0.15968772178850854,0.09000000000000341,231559373.0,4115133,0,56.29,56.58,55.58,56.36
601022,宁波远洋,9.29,-0.9594882729211262,-0.09000000000000163,71199662.0,7642900,0,9.35,9.42,9.27,9.38
601028,玉龙股份,12.83,0.0,0.0,0.0,0,0,0.0,0.0,0.0,12.83
601033,永兴股份,15.1,-0.3300330033003347,-0.05000000000000071,54372473.0,3600200,0,15.16,15.19,15.07,15.15
601038,一拖股份,14.15,0.35460992907801925,0.05000000000000071,150635383.0,10673196,0,14.0,14.33,13.96,14.1
601058,赛轮轮胎,16.38,0.9864364981504324,0.16000000000000014,495843787.0,30417384,0,16.25,16.4,16.15,16.22
601059,信达证券,17.8,-0.16825574873806834,-0.029999999999997584,446601792.0,25049196,0,17.83,17.93,17.78,17.83
601061,中信金属,14.62,4.50321658327376,0.629999999999999,550865703.0,37960377,0,14.12,14.81,14.12,13.99
601065,江盐集团,8.36,-0.11947431302269758,-0.009999999999999787,36049316.0,4311416,0,8.35,8.39,8.33,8.37
601066,中信建投,26.82,-0.44543429844098364,-0.120000000000001,529935715.0,19703786,0,26.9,27.1,26.67,26.94
601068,中铝国际,6.0,2.214650766609879,0.1299999999999999,201966542.0,33868600,0,5.84,6.05,5.82,5.87
601069,西部黄金,27.33,2.0156774916013407,0.5399999999999991,723014956.0,26387574,0,27.12,27.99,26.88,26.79
601077,渝农商行,6.34,-1.2461059190031165,-0.08000000000000007,234546852.0,36886278,0,6.4,6.42,6.33,6.42
601083,锦江航运,11.45,-0.6938421509106685,-0.08000000000000007,62862432.0,5478604,0,11.56,11.56,11.43,11.53
601086,国芳集团,10.47,-1.41242937853106,-0.14999999999999858,173307343.0,16350200,0,10.59,10.8,10.46,10.62
601088,中国神华,40.07,-0.14951407924246765,-0.060000000000002274,665622386.0,16596912,0,40.05,40.25,40.01,40.13
601089,福元医药,24.29,-1.1798209926769698,-0.28999999999999915,52851540.0,2171300,0,24.6,24.68,24.11,24.58
601096,宏盛华源,4.24,0.23640661938533772,0.009999999999999787,66085168.0,15593900,0,4.25,4.26,4.21,4.23
601098,中南传媒,11.12,0.0,0.0,78501786.0,7056968,0,11.12,11.16,11.09,11.12
601099,太平洋,4.17,0.7246376811594264,0.03000000000000025,652995856.0,156177184,0,4.14,4.22,4.13,4.14
601100,恒立液压,108.61,1.296399925387055,1.3900000000000006,959430381.0,8895945,0,106.97,109.65,105.67,107.22
601101,昊华能源,7.27,0.0,0.0,51205305.0,7038419,0,7.25,7.3,7.24,7.27
601106,中国一重,4.16,0.48309178743962466,0.020000000000000462,1113011210.0,270633814,0,4.13,4.21,4.01,4.14
601107,四川成渝,6.3,-0.6309148264984233,-0.040000000000000036,56809826.0,9002600,0,6.34,6.37,6.25,6.34
601108,财通证券,8.67,0.0,0.0,543359662.0,62566920,0,8.65,8.76,8.62,8.67
601111,中国国航,8.72,0.0,0.0,559049249.0,64523355,0,8.7,8.76,8.54,8.72
601113,华鼎股份,4.37,-2.237136465324377,-0.09999999999999964,99189096.0,22601999,0,4.45,4.46,4.35,4.47
601116,三江购物,14.27,-1.0402219140083242,-0.15000000000000036,272323754.0,18946920,0,14.38,14.59,14.26,14.42
601117,中国化学,7.67,-0.2600780234070281,-0.020000000000000462,234687834.0,30534820,0,7.69,7.71,7.64,7.69
601118,海南橡胶,6.06,5.025996533795495,0.29000000000000004,862889235.0,143766044,0,5.8,6.14,5.79,5.77
601121,宝地矿业,7.47,2.892561983471074,0.20999999999999996,138203951.0,18676800,0,7.27,7.52,7.26,7.26
601126,四方股份,32.2,-2.571860816944007,-0.8499999999999943,961547337.0,29766441,0,33.1,33.1,31.79,33.05
601127,赛力斯,120.67,1.3097137100159535,1.5600000000000023,2692402073.0,22208028,0,119.0,122.95,118.87,119.11
601128,常熟银行,7.06,-0.2824858757062212,-0.020000000000000462,181799029.0,25739620,0,7.08,7.09,7.04,7.08
601133,柏诚股份,16.7,-6.442577030812337,-1.1500000000000021,865724013.0,49964801,0,17.31,18.2,16.58,17.85
601136,首创证券,19.03,0.0,0.0,250792624.0,13139772,0,19.04,19.21,18.98,19.03
601137,博威合金,21.8,0.5071461502996746,0.10999999999999943,442553104.0,20274482,0,21.86,22.04,21.61,21.69
601138,工业富联,63.84,-4.316546762589922,-2.8799999999999955,12420981635.0,192929740,0,66.5,66.5,63.8,66.72
601139,深圳燃气,6.65,0.30165912518854393,0.020000000000000462,57360181.0,8642217,0,6.63,6.65,6.61,6.63
601155,新城控股,14.09,-0.07092198581560133,-0.009999999999999787,98394929.0,6970790,0,14.02,14.22,13.98,14.1
601156,东航物流,18.44,0.16295491580663302,0.030000000000001137,115779072.0,6269260,0,18.5,18.6,18.36,18.41
601158,重庆水务,4.47,-0.22321428571430074,-0.010000000000000675,39472961.0,8819950,0,4.48,4.49,4.46,4.48
601162,天风证券,4.25,0.23584905660376854,0.009999999999999787,785703430.0,183885649,0,4.23,4.31,4.22,4.24
601163,三角轮胎,14.49,-0.5490734385724095,-0.08000000000000007,40140966.0,2759290,0,14.6,14.68,14.48,14.57
601166,兴业银行,21.14,0.4752851711026683,0.10000000000000142,1061270981.0,50287933,0,21.03,21.18,21.0,21.04
601168,西部矿业,27.47,6.061776061776063,1.5700000000000003,1771093294.0,65207862,0,26.36,27.66,26.31,25.9
601169,北京银行,5.49,-0.3629764065335676,-0.019999999999999574,412823562.0,74976578,0,5.52,5.53,5.49,5.51
601177,杭齿前进,16.89,0.059241706161146705,0.010000000000001563,118317981.0,7001917,0,16.9,17.05,16.72,16.88
601179,中国西电,9.51,-0.31446540880502477,-0.02999999999999936,2111620902.0,223474474,0,9.47,9.7,9.25,9.54
601186,中国铁建,7.81,0.0,0.0,173688920.0,22274588,0,7.8,7.82,7.77,7.81
601187,厦门银行,7.56,-2.4516129032258114,-0.1900000000000004,106307245.0,13917125,0,7.77,7.8,7.53,7.75
601188,龙江交通,3.51,0.0,0.0,70096540.0,19921762,0,3.52,3.54,3.5,3.51
601198,东兴证券,14.4,0.0,0.0,858266844.0,59483764,0,14.33,14.57,14.26,14.4
601199,江南水务,5.67,-0.5263157894736885,-0.03000000000000025,21387894.0,3768700,0,5.7,5.7,5.65,5.7
601200,上海环境,8.06,-0.12391573729863428,-0.009999999999999787,45220577.0,5603770,0,8.06,8.1,8.04,8.07
601208,东材科技,28.26,-4.073319755600812,-1.1999999999999993,3782438514.0,133538698,0,29.66,29.99,27.46,29.46
601211,国泰海通,20.76,0.09643201542913755,0.020000000000003126,1377024028.0,66206556,0,20.69,20.92,20.66,20.74
601212,白银有色,5.87,4.634581105169336,0.2599999999999998,2069931286.0,351336685,0,5.82,6.0,5.74,5.61
601216,君正集团,4.86,0.6211180124223654,0.03000000000000025,249864658.0,51472999,0,4.83,4.88,4.82,4.83
601218,吉鑫科技,5.14,-0.5802707930367553,-0.03000000000000025,140775755.0,27414250,0,5.17,5.18,5.09,5.17
601222,林洋能源,5.56,-0.17953321364453634,-0.010000000000000675,73098344.0,13108400,0,5.57,5.6,5.55,5.57
601225,陕西煤业,21.58,-0.2311604253351859,-0.05000000000000071,443440528.0,20507362,0,21.55,21.78,21.47,21.63
601226,华电科工,8.05,0.4993757802746682,0.040000000000000924,195874695.0,24183500,0,8.2,8.25,7.95,8.01
601228,广州港,3.28,-0.6060606060606066,-0.020000000000000018,52610729.0,15998800,0,3.29,3.31,3.27,3.3
601229,上海银行,9.92,-0.4016064257028205,-0.040000000000000924,247243501.0,24855823,0,9.95,10.0,9.91,9.96
601231,环旭电子,29.86,-2.4183006535947777,-0.740000000000002,1560873908.0,52157966,0,30.29,30.54,29.53,30.6
601233,桐昆股份,16.85,-0.059311981020154274,-0.00999999999999801,705003751.0,41995884,0,16.8,17.32,16.52,16.86
601236,红塔证券,8.37,0.7220216606498041,0.05999999999999872,125456181.0,15003073,0,8.33,8.4,8.29,8.31
601238,广汽集团,8.15,0.36945812807883177,0.030000000000001137,269110793.0,33035032,0,8.13,8.2,8.09,8.12
601279,英利汽车,5.42,1.1194029850746194,0.05999999999999961,394798224.0,72927000,0,5.34,5.6,5.29,5.36
601288,农业银行,7.51,-0.9234828496042254,-0.07000000000000028,1424620266.0,189086683,0,7.55,7.6,7.5,7.58
601298,青岛港,8.41,-0.3554502369668171,-0.02999999999999936,89554853.0,10632687,0,8.43,8.46,8.41,8.44
601311,骆驼股份,9.33,1.3029315960911967,0.11999999999999922,202155656.0,21737321,0,9.25,9.36,9.23,9.21
601318,中国平安,71.16,0.5084745762711856,0.35999999999999943,4689142906.0,65701677,0,70.44,71.96,70.43,70.8
601319,中国人保,9.23,-0.5387931034482645,-0.049999999999998934,581055683.0,62884876,0,9.24,9.31,9.16,9.28
601326,秦港股份,3.57,0.0,0.0,52417290.0,14681466,0,3.56,3.59,3.55,3.57
601328,交通银行,7.22,0.27777777777777185,0.019999999999999574,649541092.0,90193104,0,7.19,7.23,7.16,7.2
601330,绿色动力,6.8,-1.0189228529839924,-0.07000000000000028,45058755.0,6610700,0,6.87,6.87,6.78,6.87
601333,广深铁路,3.07,0.32679738562090804,0.009999999999999787,84244201.0,27470400,0,3.06,3.08,3.05,3.06
601336,新华保险,71.3,-0.7654836464857303,-0.5499999999999972,1348157956.0,18883363,0,71.68,72.26,70.8,71.85
601339,百隆东方,5.76,0.0,0.0,101770767.0,17531800,0,5.75,5.92,5.74,5.76
601360,三六零,10.89,3.5171102661597056,0.370000000000001,2512805015.0,233643404,0,10.48,11.14,10.44,10.52
601366,利群股份,5.25,-0.5681818181818229,-0.03000000000000025,391849745.0,74527683,0,5.22,5.36,5.21,5.28
601368,绿城水务,4.92,-0.8064516129032264,-0.040000000000000036,23028211.0,4660267,0,4.96,4.98,4.91,4.96
601369,陕鼓动力,10.63,4.113614103819783,0.41999999999999993,202798162.0,19458877,0,10.17,10.64,10.16,10.21
601375,中原证券,4.38,0.0,0.0,121170575.0,27545400,0,4.37,4.43,4.37,4.38
601377,兴业证券,7.65,3.09973045822103,0.23000000000000043,2748782025.0,357350732,0,7.42,7.92,7.42,7.42
601388,怡球资源,3.05,4.452054794520544,0.1299999999999999,264196086.0,87907440,0,2.93,3.06,2.92,2.92
601390,中国中铁,5.43,0.3696857670979588,0.019999999999999574,294845611.0,54418355,0,5.4,5.44,5.39,5.41
601398,工商银行,7.81,-0.6361323155216375,-0.05000000000000071,1173341228.0,150069730,0,7.84,7.86,7.79,7.86
601399,国机重装,5.08,-1.1673151750972686,-0.05999999999999961,2723179176.0,543378091,0,4.97,5.25,4.83,5.14
601456,国联民生,10.37,0.0,0.0,343170517.0,33021619,0,10.36,10.47,10.33,10.37
601500,通用股份,4.95,4.430379746835443,0.20999999999999996,514773136.0,102488732,0,4.75,5.21,4.74,4.74
601512,中新集团,8.9,1.3667425968109455,0.120000000000001,72513415.0,8146457,0,8.76,9.0,8.72,8.78
601515,衢州东峰,4.23,-0.23584905660376854,-0.009999999999999787,62124085.0,14699159,0,4.24,4.26,4.2,4.24
601518,吉林高速,2.85,0.0,0.0,43363566.0,15193359,0,2.85,2.87,2.84,2.85
601519,大智慧,13.19,1.9319938176197835,0.25,762851396.0,57440830,0,12.92,13.49,12.92,12.94
601528,瑞丰银行,5.69,1.2455516014234926,0.07000000000000028,108729543.0,19160283,0,5.61,5.7,5.59,5.62
601555,东吴证券,9.16,0.9922822491730965,0.08999999999999986,480799985.0,52516576,0,9.07,9.25,9.05,9.07
601566,九牧王,14.8,-0.7377598926894663,-0.10999999999999943,852196253.0,58344313,0,14.8,15.14,14.25,14.91
601567,三星医疗,22.88,-1.3793103448275874,-0.3200000000000003,384296100.0,16695015,0,23.19,23.27,22.84,23.2
601568,北元集团,3.76,-0.5291005291005296,-0.020000000000000018,92580627.0,24668840,0,3.78,3.79,3.72,3.78
601577,长沙银行,9.71,-0.5122950819672022,-0.049999999999998934,164607894.0,16830300,0,9.76,9.84,9.7,9.76
601579,会稽山,20.76,-1.6113744075829377,-0.33999999999999986,154610432.0,7435191,0,20.9,20.91,20.7,21.1
601588,北辰实业,1.76,-1.1235955056179785,-0.020000000000000018,81614879.0,46230600,0,1.77,1.79,1.75,1.78
601595,上海电影,29.03,-0.5821917808219115,-0.16999999999999815,210374651.0,7300322,0,28.86,29.23,28.52,29.2
601598,中国外运,6.19,-1.433121019108278,-0.08999999999999986,99304425.0,16000773,0,6.26,6.29,6.16,6.28
601599,浙文影业,3.84,-0.7751937984496188,-0.03000000000000025,57345520.0,14888500,0,3.87,3.88,3.82,3.87
601600,中国铝业,11.84,8.029197080291961,0.879999999999999,5435929758.0,473629142,0,10.99,11.94,10.97,10.96
601601,中国太保,42.33,-0.7270168855534762,-0.3100000000000023,1014814381.0,23829410,0,42.51,43.09,42.13,42.64
601606,长城军工,47.94,-0.12500000000000472,-0.060000000000002274,1228619274.0,25572005,0,48.05,48.75,47.47,48.0
601607,上海医药,17.86,-0.3904071388733982,-0.07000000000000028,117792568.0,6585272,0,17.94,17.94,17.84,17.93
601608,中信重工,6.58,1.5432098765432043,0.09999999999999964,399268735.0,60665031,0,6.47,6.67,6.45,6.48
601609,金田股份,10.79,0.5591798695246851,0.05999999999999872,346810777.0,32090400,0,10.72,10.88,10.71,10.73
601611,中国核建,13.69,3.790750568612585,0.5,2014651270.0,149887956,0,13.11,13.84,12.98,13.19
601615,明阳智能,14.73,0.06793478260869419,0.009999999999999787,733016845.0,49613496,0,14.71,14.94,14.6,14.72
601616,广电电气,3.89,-0.5115089514066501,-0.020000000000000018,46933256.0,12019700,0,3.89,3.93,3.88,3.91
601618,中国中冶,3.0,0.671140939597316,0.020000000000000018,468694284.0,156522517,0,2.98,3.01,2.97,2.98
601619,嘉泽新能,4.54,-1.304347826086948,-0.05999999999999961,211456112.0,46461202,0,4.57,4.59,4.5,4.6
601628,中国人寿,46.68,-0.5538985939497189,-0.259999999999998,640410131.0,13683943,0,46.85,47.51,46.43,46.94
601633,长城汽车,22.78,2.751465944970678,0.6099999999999994,834862581.0,36311003,0,22.28,23.29,22.28,22.17
601636,旗滨集团,6.1,0.49423393739702404,0.02999999999999936,221761745.0,36163902,0,6.06,6.2,6.05,6.07
601658,邮储银行,5.4,-0.1848428835489794,-0.009999999999999787,429923937.0,79642258,0,5.41,5.42,5.38,5.41
601665,齐鲁银行,5.59,0.3590664272890408,0.019999999999999574,359713888.0,64500672,0,5.57,5.61,5.53,5.57
601666,平煤股份,7.98,0.251256281407041,0.020000000000000462,113281887.0,14251213,0,7.95,7.99,7.89,7.96
601668,中国建筑,5.19,-0.38387715930901295,-0.019999999999999574,515088107.0,98959808,0,5.21,5.22,5.19,5.21
601669,中国电建,5.27,-0.18939393939395216,-0.010000000000000675,427516638.0,81056095,0,5.29,5.3,5.25,5.28
601677,明泰铝业,14.69,3.015427769985973,0.4299999999999997,533046127.0,36653049,0,14.26,14.73,14.21,14.26
601678,滨化股份,4.31,0.46620046620045624,0.019999999999999574,98777927.0,22967825,0,4.29,4.33,4.26,4.29
601686,友发集团,6.38,-0.3125000000000072,-0.020000000000000462,45628284.0,7143715,0,6.37,6.43,6.35,6.4
601688,华泰证券,23.89,0.8868243243243279,0.21000000000000085,2193519729.0,91881051,0,23.61,24.1,23.6,23.68
601689,拓普集团,71.29,-0.7517750243630684,-0.539999999999992,1838303217.0,25784247,0,71.49,72.22,70.56,71.83
601696,中银证券,15.68,5.58922558922559,0.8300000000000001,3617213638.0,230768177,0,14.86,16.28,14.85,14.85
601698,中国卫通,28.31,9.984459984459987,2.5700000000000003,8131640117.0,301766569,0,25.75,28.31,25.29,25.74
601699,潞安环能,11.95,-0.41666666666667257,-0.05000000000000071,226253201.0,18871487,0,11.93,12.08,11.91,12.0
601700,风范股份,5.6,1.818181818181812,0.09999999999999964,238701625.0,43028035,0,5.5,5.64,5.44,5.5
601702,华峰铝业,21.14,0.3322259136212638,0.07000000000000028,168787860.0,8011618,0,20.89,21.3,20.83,21.07
601717,中创智领,24.56,0.4909983633387784,0.11999999999999744,348440433.0,14183336,0,24.43,24.8,24.34,24.44
601718,际华集团,3.4,0.0,0.0,145761796.0,42932766,0,3.4,3.42,3.36,3.4
601727,上海电气,8.57,-0.464576074332162,-0.03999999999999915,1067082622.0,124419116,0,8.63,8.63,8.51,8.61
601728,中国电信,6.42,-0.7727975270479107,-0.04999999999999982,955071117.0,148632800,0,6.46,6.47,6.4,6.47
601766,中国中车,6.9,-0.28901734104045623,-0.019999999999999574,376996984.0,54604520,0,6.92,6.93,6.88,6.92
601777,千里科技,10.71,-0.6493506493506355,-0.06999999999999851,205673249.0,19149045,0,10.8,10.85,10.6,10.78
601778,晶科科技,3.83,1.0554089709762544,0.040000000000000036,615154293.0,159961120,0,3.8,3.92,3.77,3.79
601788,光大证券,17.81,1.5972618368510987,0.2799999999999976,1062834933.0,59763401,0,17.55,18.11,17.5,17.53
601789,宁波建工,5.08,-0.974658869395708,-0.04999999999999982,88114705.0,17333500,0,5.08,5.11,5.06,5.13
601798,蓝科高新,8.99,-1.317233809001089,-0.11999999999999922,46257177.0,5122300,0,9.14,9.14,8.98,9.11
601799,星宇股份,124.72,0.734997173087793,0.9099999999999966,153246780.0,1230706,0,123.81,125.0,123.55,123.81
601800,中国交建,8.36,-0.11947431302269758,-0.009999999999999787,141344870.0,16914859,0,8.38,8.38,8.33,8.37
601801,皖新传媒,6.56,-0.15220700152208028,-0.010000000000000675,42176455.0,6415602,0,6.57,6.61,6.54,6.57
601808,中海油服,13.87,0.5072463768115834,0.06999999999999851,88539726.0,6394516,0,13.8,13.91,13.77,13.8
601811,新华文轩,13.47,-0.3698224852070927,-0.049999999999998934,19610014.0,1451605,0,13.53,13.56,13.46,13.52
601816,京沪高铁,5.22,0.5780346820809125,0.02999999999999936,393601770.0,75459178,0,5.19,5.23,5.18,5.19
601818,光大银行,3.51,-0.28409090909091567,-0.010000000000000231,444383138.0,126614517,0,3.51,3.53,3.5,3.52
601825,沪农商行,9.05,-0.876232201533407,-0.08000000000000007,172641768.0,18952224,0,9.13,9.2,9.03,9.13
601827,三峰环境,8.36,0.11976047904191363,0.009999999999999787,31142656.0,3728400,0,8.36,8.38,8.32,8.35
601828,美凯龙,2.76,-1.42857142857143,-0.040000000000000036,115883293.0,41654667,0,2.78,2.81,2.76,2.8
601838,成都银行,16.37,-0.3651856360316416,-0.05999999999999872,292671289.0,17870585,0,16.42,16.43,16.35,16.43
601857,中国石油,9.85,0.20345879959307805,0.019999999999999574,690631257.0,70109445,0,9.77,9.9,9.77,9.83
601858,中国科传,17.73,0.16949152542373525,0.030000000000001137,42686540.0,2409900,0,17.68,17.78,17.6,17.7
601860,紫金银行,2.76,-0.3610108303249181,-0.010000000000000231,64995469.0,23487400,0,2.77,2.78,2.75,2.77
601865,福莱特,16.05,1.7755231452124358,0.28000000000000114,342541660.0,21267806,0,15.9,16.29,15.9,15.77
601866,中远海发,2.53,-0.39370078740158393,-0.010000000000000231,133134524.0,52683501,0,2.53,2.54,2.51,2.54
601868,中国能建,2.37,-0.4201680672268818,-0.009999999999999787,482938851.0,203458119,0,2.38,2.39,2.36,2.38
601869,长飞光纤,121.86,-2.5120000000000005,-3.1400000000000006,1953629347.0,16049420,0,124.0,124.5,119.47,125.0
601872,招商轮船,8.91,0.0,0.0,474479629.0,53298205,0,8.95,9.06,8.78,8.91
601877,正泰电器,28.71,1.3413342746205528,0.38000000000000256,755593218.0,26305805,0,28.4,28.97,28.32,28.33
601878,浙商证券,10.99,0.27372262773722045,0.02999999999999936,379411314.0,34449109,0,10.95,11.09,10.94,10.96
601880,辽港股份,1.61,-0.6172839506172845,-0.010000000000000009,95833718.0,59230468,0,1.62,1.63,1.61,1.62
601881,中国银河,16.0,0.3134796238244559,0.05000000000000071,606514684.0,37850410,0,15.98,16.14,15.9,15.95
601882,海天精工,19.36,-0.8196721311475417,-0.16000000000000014,38846880.0,1996908,0,19.45,19.58,19.28,19.52
601886,江河集团,7.91,-0.2522068095838534,-0.019999999999999574,23426371.0,2949302,0,7.97,8.0,7.89,7.93
601888,中国中免,92.3,8.320619645581509,7.090000000000003,9084441270.0,100830349,0,84.84,92.88,84.53,85.21
601890,亚星锚链,10.32,0.09699321047526466,0.009999999999999787,319128539.0,30808785,0,10.32,10.5,10.26,10.31
601898,中煤能源,12.55,-1.1811023622047132,-0.14999999999999858,322822560.0,25618301,0,12.61,12.73,12.51,12.7
601899,紫金矿业,33.53,4.683109584764283,1.5,9525910109.0,286198912,0,32.6,33.77,32.55,32.03
601900,南方传媒,13.52,-0.29498525073746995,-0.040000000000000924,62014388.0,4581000,0,13.58,13.62,13.47,13.56
601901,方正证券,7.87,0.5108556832694768,0.040000000000000036,533067352.0,67701001,0,7.83,7.92,7.81,7.83
601908,京运通,4.1,1.2345679012345634,0.04999999999999982,464582647.0,111368363,0,4.3,4.42,4.1,4.05
601916,浙商银行,3.05,0.3289473684210456,0.009999999999999787,157731904.0,51776033,0,3.05,3.06,3.04,3.04
601918,新集能源,6.74,0.7473841554559016,0.04999999999999982,175827524.0,26187263,0,6.68,6.74,6.66,6.69
601919,中远海控,15.24,0.4614370468029023,0.07000000000000028,685743927.0,45150768,0,15.15,15.27,15.11,15.17
601921,浙版传媒,7.95,0.0,0.0,56228867.0,7075500,0,7.95,8.01,7.9,7.95
601928,凤凰传媒,10.08,-0.2967359050445041,-0.02999999999999936,96873208.0,9570266,0,10.14,10.17,10.08,10.11
601929,吉视传媒,3.4,1.1904761904761916,0.040000000000000036,670188137.0,197304514,0,3.35,3.49,3.32,3.36
601933,永辉超市,5.29,0.18939393939393534,0.009999999999999787,3741137611.0,707135681,0,5.24,5.38,5.21,5.28
601939,建设银行,9.09,-1.1956521739130375,-0.10999999999999943,638583013.0,70103183,0,9.19,9.2,9.08,9.2
601949,中国出版,6.51,0.46296296296295303,0.02999999999999936,32135320.0,4937960,0,6.48,6.55,6.46,6.48
601952,苏垦农发,9.18,0.6578947368421107,0.0600000000000005,60613744.0,6625380,0,9.12,9.18,9.11,9.12
601956,东贝集团,7.13,-0.14005602240896062,-0.009999999999999787,54584001.0,7638740,0,7.17,7.19,7.1,7.14
601958,金钼股份,15.46,2.5879230258792343,0.39000000000000057,552757105.0,35898429,0,15.06,15.56,15.06,15.07
601963,重庆银行,10.85,-0.9132420091324169,-0.09999999999999964,105528662.0,9650920,0,10.94,11.06,10.8,10.95
601965,中国汽研,17.68,1.667625071880386,0.28999999999999915,134635332.0,7631478,0,17.38,17.85,17.25,17.39
601966,玲珑轮胎,14.78,-0.06761325219742927,-0.009999999999999787,125398321.0,8475647,0,14.79,14.85,14.74,14.79
601968,宝钢包装,5.66,-0.17636684303350594,-0.009999999999999787,104928196.0,18635910,0,5.69,5.71,5.57,5.67
601969,海南矿业,11.97,10.018382352941174,1.0899999999999999,1055735733.0,90335325,0,10.98,11.97,10.98,10.88
601975,招商南油,3.03,-0.3289473684210602,-0.010000000000000231,180129449.0,59183226,0,3.04,3.06,3.03,3.04
601985,中国核电,8.77,-0.11389521640090874,-0.009999999999999787,470208614.0,53649172,0,8.78,8.79,8.74,8.78
601988,中国银行,5.61,-0.707964601769912,-0.040000000000000036,868355134.0,154495518,0,5.65,5.65,5.6,5.65
601989,中国重工,5.1,0.0,0.0,0.0,0,0,0.0,0.0,0.0,5.1
601990,南京证券,8.04,0.49999999999998934,0.03999999999999915,171935460.0,21348136,0,8.0,8.1,7.99,8.0
601991,大唐发电,3.74,2.1857923497267775,0.08000000000000007,522664633.0,140706825,0,3.66,3.76,3.64,3.66
601992,金隅集团,1.68,0.5988023952095813,0.010000000000000009,103371707.0,61350400,0,1.68,1.7,1.67,1.67
601995,中金公司,35.69,0.08412787436904413,0.030000000000001137,952843484.0,26649349,0,35.66,36.0,35.57,35.66
601996,丰林集团,2.35,-1.2605042016806642,-0.029999999999999805,51790875.0,21903920,0,2.4,2.4,2.34,2.38
601997,贵阳银行,5.9,-1.1725293132328207,-0.0699999999999994,315968418.0,53383371,0,5.95,5.97,5.89,5.97
601998,中信银行,7.42,-0.8021390374331617,-0.0600000000000005,214174261.0,28812460,0,7.47,7.5,7.4,7.48
601999,出版传媒,6.93,1.1678832116788334,0.08000000000000007,65593314.0,9402000,0,6.86,7.11,6.81,6.85
603000,人民网,18.88,0.15915119363393943,0.029999999999997584,122257517.0,6471681,0,18.86,18.97,18.8,18.85
603001,奥康国际,8.58,-0.8092485549132981,-0.07000000000000028,33940329.0,3956200,0,8.62,8.68,8.5,8.65
603002,宏昌电子,7.58,-0.13175230566534632,-0.009999999999999787,161743592.0,21274291,0,7.54,7.68,7.52,7.59
603003,退市龙宇,2.44,0.0,0.0,0.0,0,0,0.0,0.0,0.0,2.44
603004,鼎龙科技,23.32,-1.975620008406889,-0.46999999999999886,90214612.0,3838900,0,23.76,23.78,23.22,23.79
603005,晶方科技,27.85,-0.7837548984681114,-0.21999999999999886,380833743.0,13617108,0,28.1,28.18,27.73,28.07
603006,联明股份,13.07,-0.9848484848484773,-0.129999999999999,26070399.0,1985700,0,13.2,13.27,13.03,13.2
603007,*ST花王,5.3,4.9504950495049505,0.25,117933343.0,22253501,0,5.3,5.3,5.26,5.05
603008,喜临门,21.75,-0.6849315068493086,-0.14999999999999858,185597445.0,8575685,0,21.95,21.99,21.31,21.9
603009,北特科技,43.14,-1.0096374483708073,-0.4399999999999977,437478671.0,10072350,0,43.79,44.47,42.6,43.58
603010,万盛股份,10.91,1.5828677839851018,0.16999999999999993,98973732.0,9138024,0,10.79,10.97,10.7,10.74
603011,合锻智能,23.16,1.003052769297865,0.23000000000000043,1249078091.0,54129799,0,22.82,23.38,22.53,22.93
603012,创力集团,6.01,2.037351443123941,0.1200000000000001,114151647.0,19131684,0,5.88,6.05,5.86,5.89
603013,亚普股份,23.74,2.415875754961168,0.5599999999999987,240169644.0,9953531,0,23.32,25.3,23.18,23.18
603015,弘讯科技,12.69,-1.5515903801396513,-0.20000000000000107,125801320.0,9893379,0,12.84,12.84,12.57,12.89
603016,新宏泰,28.8,0.3484320557491339,0.10000000000000142,139789518.0,4837000,0,28.7,29.27,28.51,28.7
603017,中衡设计,10.56,-1.675977653631282,-0.17999999999999972,167519809.0,15752703,0,10.63,10.82,10.45,10.74
603018,华设集团,7.63,-0.13089005235601817,-0.009999999999999787,42950118.0,5615127,0,7.67,7.69,7.6,7.64
603019,中科曙光,85.81,-1.003691739732354,-0.8700000000000045,3734365995.0,43440716,0,86.77,86.78,85.21,86.68
603020,爱普股份,10.17,-1.3579049466537396,-0.14000000000000057,40464726.0,3951000,0,10.42,10.42,10.16,10.31
603021,ST华鹏,4.66,2.4175824175824245,0.11000000000000032,42789226.0,9098120,0,4.6,4.78,4.6,4.55
603022,新通联,10.46,-1.5065913370997963,-0.15999999999999837,98507741.0,9381300,0,10.62,10.64,10.39,10.62
603023,威帝股份,5.58,1.270417422867519,0.07000000000000028,373131399.0,68568194,0,5.41,5.6,5.26,5.51
603025,大豪科技,17.65,-0.33879164313948207,-0.060000000000002274,122859085.0,6947875,0,17.7,17.83,17.51,17.71
603026,石大胜华,82.47,4.91031675359369,3.8599999999999994,1613709050.0,19840258,0,81.0,85.11,77.83,78.61
603027,千禾味业,9.76,-0.5096839959225352,-0.05000000000000071,74156006.0,7563437,0,9.81,9.88,9.75,9.81
603028,赛福天,8.51,-2.5200458190148987,-0.22000000000000064,413192555.0,47343479,0,9.4,9.4,8.46,8.73
603029,天鹅股份,18.36,-0.7030827474310385,-0.129999999999999,35054249.0,1899100,0,18.48,18.67,18.31,18.49
603030,全筑股份,3.08,4.761904761904766,0.14000000000000012,285877522.0,92184724,0,2.95,3.23,2.93,2.94
603031,安孚科技,47.67,-1.7113402061855636,-0.8299999999999983,686981928.0,14253006,0,49.0,49.99,47.2,48.5
603032,德新科技,19.75,-0.2525252525252561,-0.05000000000000071,143496089.0,7232372,0,20.0,20.33,19.62,19.8
603033,三维股份,10.38,-0.8595988538681935,-0.08999999999999986,43614222.0,4200747,0,10.5,10.5,10.3,10.47
603035,常熟汽饰,15.21,-1.2337662337662305,-0.1899999999999995,86656864.0,5653700,0,15.43,15.49,15.19,15.4
603036,如通股份,20.46,-2.105263157894726,-0.4399999999999977,101771375.0,4949846,0,20.74,20.79,20.38,20.9
603037,凯众股份,13.42,-1.684981684981688,-0.23000000000000043,81681459.0,6047802,0,13.77,13.77,13.37,13.65
603038,华立股份,15.82,-1.310043668122276,-0.21000000000000085,64109285.0,4037200,0,16.03,16.06,15.76,16.03
603039,泛微网络,49.78,0.7692307692307744,0.38000000000000256,53715306.0,1076585,0,49.34,50.3,49.32,49.4
603040,新坐标,85.2,-0.8149010477299218,-0.7000000000000028,189464297.0,2199179,0,86.0,88.48,84.51,85.9
603041,美思德,12.1,-0.8196721311475381,-0.09999999999999964,29282044.0,2392000,0,12.15,12.54,12.1,12.2
603042,华脉科技,17.45,-2.6770775237032933,-0.4800000000000004,239007747.0,13613948,0,17.68,17.88,17.31,17.93
603043,广州酒家,17.97,-0.5534034311012807,-0.10000000000000142,42049825.0,2332816,0,18.0,18.18,17.89,18.07
603045,福达合金,19.81,-0.1512096774193606,-0.030000000000001137,45793903.0,2301320,0,19.91,20.06,19.72,19.84
603048,浙江黎明,21.03,-2.0493712156497335,-0.4399999999999977,43421129.0,2052600,0,21.56,21.58,20.95,21.47
603050,科林电气,17.69,-1.2283640424343878,-0.21999999999999886,44464566.0,2504246,0,17.91,17.92,17.56,17.91
603051,鹿山新材,20.39,0.542406311637078,0.10999999999999943,69343890.0,3391596,0,20.35,20.64,20.28,20.28
603052,可川科技,32.33,-2.148910411622279,-0.7100000000000009,225743266.0,6980644,0,32.84,32.97,32.0,33.04
603053,成都燃气,9.82,-1.0080645161290287,-0.09999999999999964,26949961.0,2732600,0,9.86,9.93,9.82,9.92
603055,台华新材,9.07,-1.1982570806100157,-0.10999999999999943,38320577.0,4188500,0,9.15,9.22,9.07,9.18
603056,德邦股份,13.97,-0.3566333808844432,-0.049999999999998934,37901973.0,2707800,0,14.04,14.06,13.93,14.02
603057,紫燕食品,19.53,-1.4134275618374437,-0.2799999999999976,65883019.0,3352117,0,19.73,19.9,19.48,19.81
603058,永吉股份,9.54,-2.851323828920582,-0.28000000000000114,132922648.0,13841500,0,9.83,9.84,9.48,9.82
603059,倍加洁,30.7,-2.6941362916006386,-0.8500000000000014,48976717.0,1578400,0,31.46,31.58,30.63,31.55
603060,国检集团,6.13,-0.6482982171799033,-0.040000000000000036,18408159.0,2996926,0,6.16,6.18,6.11,6.17
603061,金海通,142.0,-3.084903084903092,-4.52000000000001,194214313.0,1361000,0,145.5,146.63,140.43,146.52
603062,麦加芯彩,46.8,-0.763358778625953,-0.35999999999999943,25692210.0,548900,0,47.01,47.36,46.5,47.16
603063,禾望电气,34.71,-0.7434944237918159,-0.259999999999998,806058341.0,23314136,0,34.78,34.99,33.98,34.97
603065,宿迁联盛,8.45,0.7151370679380061,0.05999999999999872,47689238.0,5675300,0,8.39,8.47,8.32,8.39
603066,音飞储存,10.79,-1.280878316559932,-0.14000000000000057,22057933.0,2031800,0,10.9,10.94,10.78,10.93
603067,振华股份,30.89,-0.8028259473346178,-0.25,677423388.0,21930462,0,30.85,31.49,30.24,31.14
603068,博通集成,37.31,-0.16055659620014762,-0.05999999999999517,153803240.0,4122521,0,37.37,37.68,36.95,37.37
603069,海汽集团,30.38,9.992758870383772,2.759999999999998,1749390086.0,59254195,0,27.12,30.38,27.12,27.62
603070,万控智造,13.03,-1.1380880121396082,-0.15000000000000036,27511909.0,2106280,0,13.12,13.24,12.95,13.18
603071,物产环能,13.26,-0.30075187969925504,-0.040000000000000924,13089081.0,983300,0,13.33,13.38,13.25,13.3
603072,天和磁材,41.12,0.1705237515225342,0.07000000000000028,79417886.0,1930936,0,41.16,41.44,40.86,41.05
603073,彩蝶实业,18.7,-2.094240837696346,-0.40000000000000213,18758681.0,987487,0,19.26,19.29,18.7,19.1
603075,热威股份,21.67,-1.5447523852794176,-0.33999999999999986,20997668.0,962400,0,22.0,22.03,21.63,22.01
603076,乐惠国际,23.96,-1.1958762886597902,-0.28999999999999915,31238474.0,1292101,0,24.35,24.42,23.93,24.25
603077,和邦生物,2.31,2.6666666666666687,0.06000000000000005,471248713.0,205517257,0,2.25,2.32,2.25,2.25
603078,江化微,17.99,-1.4786418400876402,-0.2700000000000031,163745513.0,9037960,0,18.26,18.28,17.97,18.26
603079,圣达生物,16.98,-2.1325648414985645,-0.370000000000001,81005651.0,4733260,0,17.34,17.4,16.89,17.35
603080,新疆火炬,22.85,-2.433817250213494,-0.5700000000000003,107212474.0,4652300,0,23.43,23.43,22.79,23.42
603081,大丰实业,13.77,-1.2195121951219507,-0.16999999999999993,107173936.0,7748699,0,13.89,14.0,13.69,13.94
603082,北自科技,36.32,-0.8463008463008524,-0.3100000000000023,27210604.0,748061,0,36.71,36.74,36.21,36.63
603083,剑桥科技,126.77,0.7710651828298878,0.9699999999999989,2922430270.0,23265692,0,123.97,128.0,121.6,125.8
603085,天成自控,11.33,-0.08818342151675297,-0.009999999999999787,220022237.0,19329800,0,11.34,11.57,11.23,11.34
603086,先达股份,8.26,-0.840336134453785,-0.07000000000000028,51485560.0,6226100,0,8.33,8.34,8.21,8.33
603087,甘李药业,68.29,1.9405881474847164,1.3000000000000114,607041553.0,8950450,0,67.0,68.5,66.66,66.99
603088,宁波精达,10.46,-3.5944700460829386,-0.3899999999999988,222844534.0,21009734,0,10.78,10.91,10.45,10.85
603089,正裕工业,12.83,-1.3835511145272845,-0.17999999999999972,53685459.0,4154747,0,12.96,13.07,12.82,13.01
603090,宏盛股份,59.46,-0.8999999999999986,-0.5399999999999991,368512246.0,6155860,0,59.96,61.35,58.57,60.0
603091,众鑫股份,82.71,-0.22919179734621462,-0.19000000000001194,52885336.0,632800,0,82.3,84.79,82.22,82.9
603093,南华期货,19.02,-1.9082001031459566,-0.370000000000001,145316406.0,7552307,0,19.26,19.57,18.9,19.39
603095,越剑智能,16.25,1.8170426065162855,0.28999999999999915,264247546.0,16530457,0,15.96,16.39,15.75,15.96
603096,新经典,17.45,-0.5698005698005779,-0.10000000000000142,18083112.0,1033200,0,17.51,17.64,17.35,17.55
603097,江苏华辰,29.31,-2.3976023976024057,-0.7200000000000024,196297723.0,6697650,0,30.0,30.01,28.89,30.03
603098,森特股份,13.79,-3.4989503149055285,-0.5,184214382.0,13193164,0,14.15,14.3,13.73,14.29
603099,长白山,45.92,2.0444444444444483,0.9200000000000017,395410985.0,8654736,0,45.23,46.2,45.03,45.0
603100,川仪股份,23.14,0.8718395815169977,0.1999999999999993,151898824.0,6538699,0,23.0,23.56,22.93,22.94
603101,汇嘉时代,10.05,0.09960159362551357,0.010000000000001563,89091399.0,8842254,0,10.05,10.2,10.0,10.04
603102,百合股份,42.61,-0.953045095304518,-0.4100000000000037,27942282.0,653800,0,43.18,43.18,42.44,43.02
603103,横店影视,15.65,0.4492939666238786,0.07000000000000028,57242037.0,3665000,0,15.59,15.71,15.47,15.58
603105,芯能科技,9.55,0.6322444678609114,0.0600000000000005,129583269.0,13521903,0,9.49,9.68,9.49,9.49
603106,恒银科技,10.5,-0.37950664136621587,-0.03999999999999915,131694396.0,12502220,0,10.57,10.62,10.45,10.54
603107,上海汽配,15.01,-0.661813368630044,-0.09999999999999964,29389046.0,1949181,0,15.17,15.18,14.98,15.11
603108,润达医疗,14.94,-0.46635576282478536,-0.07000000000000028,119313754.0,7970581,0,15.06,15.08,14.87,15.01
603109,神驰机电,25.7,-1.5325670498084372,-0.40000000000000213,103963982.0,4019020,0,26.06,26.25,25.58,26.1
603110,东方材料,15.88,-0.5635566687539127,-0.08999999999999986,96052164.0,6011600,0,15.9,16.2,15.82,15.97
603111,康尼机电,6.97,-1.414427157001422,-0.10000000000000053,54280489.0,7766800,0,7.06,7.07,6.94,7.07
603112,华翔股份,17.61,0.0,0.0,107593683.0,6137900,0,17.55,17.82,17.24,17.61
603113,金能科技,6.17,-0.16181229773462438,-0.009999999999999787,54627599.0,8850109,0,6.17,6.23,6.12,6.18
603115,海星股份,18.89,-0.6834910620399527,-0.129999999999999,45457893.0,2405800,0,19.13,19.15,18.7,19.02
603116,红蜻蜓,5.73,-1.3769363166953388,-0.07999999999999918,26349894.0,4564540,0,5.84,5.85,5.72,5.81
603117,万林物流,4.77,-1.446280991735543,-0.07000000000000028,29862608.0,6236780,0,4.83,4.85,4.75,4.84
603118,共进股份,11.54,-0.43140638481450144,-0.05000000000000071,178015746.0,15422694,0,11.6,11.63,11.45,11.59
603119,浙江荣泰,103.6,4.382871536523924,4.349999999999994,2334370932.0,22418409,0,102.15,108.2,101.0,99.25
603121,华培动力,21.65,-1.096391046139799,-0.240000000000002,159025406.0,7352044,0,21.8,22.0,21.32,21.89
603122,合富中国,25.48,-2.1505376344085976,-0.5599999999999987,1816172961.0,71146150,0,25.5,26.49,24.8,26.04
603123,翠微股份,14.57,3.8488952245188948,0.5400000000000009,1682645325.0,117581578,0,13.88,14.74,13.78,14.03
603124,江南新材,82.05,-2.8764204545454626,-2.430000000000007,236470314.0,2876352,0,84.0,84.0,81.23,84.48
603125,常青科技,17.5,-2.6696329254727496,-0.4800000000000004,88363786.0,4999420,0,17.94,17.96,17.45,17.98
603126,中材节能,6.82,-0.43795620437955274,-0.02999999999999936,45521091.0,6670900,0,6.84,6.89,6.78,6.85
603127,昭衍新药,36.94,-1.1771000535045606,-0.44000000000000483,661144926.0,17967060,0,36.93,37.31,36.28,37.38
603128,华贸物流,6.25,1.2965964343598066,0.08000000000000007,252029880.0,40587528,0,6.15,6.29,6.11,6.17
603129,春风动力,278.34,-0.8760683760683889,-2.4600000000000364,274322306.0,984700,0,280.0,282.72,276.2,280.8
603130,云中马,51.63,-1.5446224256292815,-0.8099999999999952,441689699.0,8429754,0,52.39,55.65,49.99,52.44
603131,上海沪工,31.23,4.518072289156631,1.3500000000000014,1793123508.0,58206451,0,29.86,31.87,29.68,29.88
603132,金徽股份,15.1,3.5665294924554156,0.5199999999999996,163546298.0,10873301,0,14.58,15.32,14.58,14.58
603135,中重科技,9.15,-0.7592190889370962,-0.07000000000000028,28038190.0,3057020,0,9.23,9.26,9.1,9.22
603136,天目湖,11.92,-0.6666666666666672,-0.08000000000000007,72379393.0,6054845,0,12.0,12.04,11.88,12.0
603137,恒尚节能,13.99,-0.7801418439716272,-0.10999999999999943,15112927.0,1078820,0,14.15,14.15,13.91,14.1
603138,海量数据,14.12,0.8571428571428517,0.11999999999999922,73717214.0,5207600,0,13.98,14.46,13.88,14.0
603139,康惠股份,20.34,-2.2115384615384657,-0.46000000000000085,40794773.0,1981240,0,20.9,21.0,20.27,20.8
603150,万朗磁塑,38.9,-4.422604422604433,-1.8000000000000043,142219350.0,3635700,0,39.97,39.97,38.71,40.7
603151,邦基科技,18.45,-0.9661835748792256,-0.17999999999999972,28612496.0,1540300,0,18.63,18.69,18.45,18.63
603153,上海建科,17.08,-0.46620046620047695,-0.08000000000000185,26382720.0,1542724,0,17.18,17.18,17.0,17.16
603155,新亚强,17.46,-0.39931545921277967,-0.07000000000000028,94285242.0,5349418,0,17.71,17.96,17.4,17.53
603156,养元饮品,26.6,-2.277736958119021,-0.6199999999999974,150725868.0,5664660,0,27.07,27.07,26.36,27.22
603158,腾龙股份,10.42,-3.249767873723302,-0.34999999999999964,252022109.0,23955399,0,10.62,10.7,10.38,10.77
603159,上海亚虹,25.75,-2.2770398481973486,-0.6000000000000014,121601236.0,4722383,0,26.03,26.35,25.35,26.35
603160,汇顶科技,78.65,-0.24099441907660799,-0.18999999999999773,314335501.0,3987108,0,78.84,79.3,78.4,78.84
603161,科华控股,13.7,-1.2256669069935107,-0.16999999999999993,32813789.0,2383541,0,13.94,13.94,13.66,13.87
603162,海通发展,12.68,-0.7824726134585261,-0.09999999999999964,310462935.0,24536583,0,12.6,12.86,12.43,12.78
603163,圣晖集成,83.0,-3.398510242085663,-2.9200000000000017,827382038.0,9682166,0,85.06,92.99,79.25,85.92
603165,荣晟环保,12.77,-1.237432327919568,-0.16000000000000014,37078353.0,2894000,0,12.86,12.92,12.72,12.93
603166,福达股份,15.77,-1.80572851805728,-0.28999999999999915,349014376.0,21831766,0,15.92,16.37,15.7,16.06
603167,渤海轮渡,9.46,-0.10559662090812867,-0.009999999999999787,46003832.0,4865300,0,9.46,9.52,9.41,9.47
603168,莎普爱思,7.53,-1.8252933507170752,-0.13999999999999968,39713040.0,5235100,0,7.65,7.67,7.51,7.67
603169,兰石重装,10.62,0.6635071090047251,0.06999999999999851,662690773.0,62454223,0,10.5,10.8,10.44,10.55
603170,宝立食品,14.25,-1.5203870076019395,-0.22000000000000064,24822048.0,1725386,0,14.48,14.54,14.23,14.47
603171,税友股份,50.5,-0.6492228998622827,-0.3299999999999983,212332024.0,4149899,0,50.52,52.2,50.3,50.83
603172,万丰股份,17.61,-2.7609055770292654,-0.5,33092987.0,1854491,0,18.08,18.18,17.5,18.11
603173,福斯达,43.37,2.553795223457078,1.0799999999999983,171104687.0,3996942,0,42.01,43.56,41.81,42.29
603176,汇通集团,5.33,-0.3738317757009266,-0.019999999999999574,17817267.0,3341154,0,5.35,5.37,5.28,5.35
603177,德创环保,11.39,-0.08771929824561216,-0.009999999999999787,47120759.0,4108852,0,11.41,11.6,11.37,11.4
603178,圣龙股份,18.59,-1.7960908610670887,-0.33999999999999986,92165063.0,4919747,0,18.97,19.01,18.55,18.93
603179,新泉股份,64.78,-2.4250640156650087,-1.6099999999999994,627723175.0,9573704,0,67.4,67.42,64.46,66.39
603180,金牌家居,20.6,-1.340996168582364,-0.2799999999999976,53503881.0,2586440,0,20.87,20.87,20.57,20.88
603181,皇马科技,14.54,0.20675396278428232,0.02999999999999936,143618344.0,9885179,0,14.59,14.63,14.41,14.51
603182,嘉华股份,16.26,-1.454545454545445,-0.23999999999999844,34781177.0,2138846,0,16.41,16.54,16.1,16.5
603183,建研院,4.33,-1.5909090909090973,-0.07000000000000028,39422734.0,9001517,0,4.4,4.46,4.32,4.4
603185,弘元绿能,31.78,1.5335463258785955,0.4800000000000004,1131499270.0,35014843,0,32.88,33.48,31.71,31.3
603186,华正新材,47.01,2.7316433566433567,1.25,403984748.0,8616000,0,45.8,47.96,45.1,45.76
603187,海容冷链,15.63,-0.8877615726062067,-0.1399999999999988,143583308.0,9128141,0,15.75,16.04,15.5,15.77
603188,亚邦股份,4.6,-1.0752688172043163,-0.05000000000000071,45578648.0,9859700,0,4.65,4.68,4.58,4.65
603189,网达软件,19.4,-1.070882202957679,-0.21000000000000085,91054638.0,4662900,0,19.58,19.8,19.35,19.61
603190,亚通精工,27.2,-1.6274864376130176,-0.4499999999999993,126542574.0,4648500,0,27.5,27.66,26.8,27.65
603191,望变电气,15.3,-0.5847953216374259,-0.08999999999999986,95432912.0,6226300,0,15.39,15.45,15.21,15.39
603192,汇得科技,23.74,-1.7384105960264973,-0.4200000000000017,64796058.0,2716500,0,24.28,24.28,23.67,24.16
603193,润本股份,24.47,-1.011326860841424,-0.25,38650411.0,1576076,0,24.61,24.67,24.36,24.72
603194,中力股份,37.9,-1.7116182572614203,-0.6600000000000037,122587081.0,3230451,0,38.08,38.26,37.61,38.56
603195,公牛集团,41.74,-0.2628434886499389,-0.10999999999999943,92676457.0,2220030,0,41.85,41.91,41.59,41.85
603196,日播时尚,25.56,0.5903187721369484,0.14999999999999858,50829563.0,1990300,0,25.5,25.7,25.3,25.41
603197,保隆科技,36.18,-1.0664479081214124,-0.39000000000000057,118664223.0,3265400,0,36.44,36.64,36.05,36.57
603198,迎驾贡酒,39.87,-1.2140733399405401,-0.490000000000002,142637995.0,3575130,0,40.16,40.22,39.68,40.36
603199,九华旅游,36.43,-0.708639956391382,-0.259999999999998,48754485.0,1337600,0,36.63,36.74,36.14,36.69
603200,上海洗霸,71.69,0.30782146355113876,0.21999999999999886,478138421.0,6637390,0,71.99,73.34,71.31,71.47
603201,常润股份,16.9,-0.5882352941176554,-0.10000000000000142,18167376.0,1076431,0,17.07,17.07,16.76,17.0
603203,快克智能,37.48,-2.446642373763677,-0.9400000000000048,364910396.0,9695134,0,38.14,38.54,36.98,38.42
603205,健尔康,27.35,0.0,0.0,20116290.0,736756,0,27.46,27.46,27.18,27.35
603206,嘉环科技,17.1,-0.11682242990653956,-0.019999999999999574,74057479.0,4310900,0,17.15,17.48,16.95,17.12
603207,小方制药,28.86,-0.5856011023079631,-0.1700000000000017,23145080.0,800985,0,29.05,29.12,28.78,29.03
603208,江山欧派,15.2,0.39630118890355825,0.05999999999999872,97893381.0,6450290,0,15.19,15.28,14.98,15.14
603209,兴通股份,16.03,-1.3538461538461468,-0.21999999999999886,146409186.0,9127000,0,16.2,16.25,15.91,16.25
603211,晋拓股份,21.47,-2.7626811594202874,-0.6099999999999994,284555453.0,13247800,0,22.08,22.08,21.05,22.08
603212,赛伍技术,15.32,2.1333333333333355,0.3200000000000003,1122547258.0,72743451,0,14.85,16.2,14.8,15.0
603213,镇洋发展,13.11,-0.5311077389984847,-0.07000000000000028,19385116.0,1471730,0,13.22,13.25,13.1,13.18
603214,爱婴室,17.16,-1.6055045871559697,-0.28000000000000114,97337778.0,5627300,0,17.43,17.5,17.14,17.44
603215,比依股份,20.94,-1.6439643024894215,-0.34999999999999787,74611043.0,3564800,0,21.28,21.28,20.75,21.29
603216,梦天家居,38.52,-1.2307692307692228,-0.4799999999999969,243646526.0,6294696,0,39.8,39.9,37.39,39.0
603217,元利科技,24.73,-1.6308671439936362,-0.41000000000000014,70343617.0,2832440,0,25.15,25.18,24.55,25.14
603218,日月股份,13.28,-0.4497751124437818,-0.0600000000000005,123458561.0,9255262,0,13.3,13.43,13.21,13.34
603219,富佳股份,16.12,-1.1649294911097348,-0.18999999999999773,47099194.0,2894500,0,16.36,16.45,16.1,16.31
603220,中贝通信,21.18,-0.8890968647636933,-0.19000000000000128,127004162.0,5965750,0,21.31,21.45,21.13,21.37
603221,爱丽家居,12.5,-1.0292953285827455,-0.13000000000000078,107735495.0,8553900,0,12.53,12.89,12.38,12.63
603222,济民健康,9.48,-1.1470281543274186,-0.10999999999999943,123396097.0,12963119,0,9.51,9.63,9.45,9.59
603223,恒通股份,9.57,-1.1363636363636305,-0.10999999999999943,65015281.0,6755466,0,9.73,9.73,9.52,9.68
603225,新凤鸣,19.5,1.0886469673405956,0.21000000000000085,346081864.0,17964276,0,19.3,19.75,18.8,19.29
603226,菲林格尔,31.36,-2.6086956521739233,-0.8400000000000034,84850037.0,2670540,0,32.16,32.43,31.32,32.2
603227,雪峰科技,8.3,0.1206272617611769,0.010000000000001563,48864639.0,5878800,0,8.27,8.35,8.27,8.29
603228,景旺电子,73.57,-4.268054651919325,-3.280000000000001,2420943865.0,32764853,0,75.52,75.73,72.13,76.85
603229,奥翔药业,9.62,0.10405827263267209,0.009999999999999787,41572319.0,4317756,0,9.65,9.69,9.56,9.61
603230,内蒙新华,12.69,-0.9367681498829118,-0.120000000000001,45353328.0,3565300,0,12.79,12.88,12.66,12.81
603231,索宝蛋白,18.5,-0.9635974304068506,-0.17999999999999972,28200872.0,1517000,0,18.67,18.69,18.47,18.68
603232,格尔软件,23.1,4.952294411631076,1.0899999999999999,862751757.0,37417510,0,22.05,23.5,22.05,22.01
603233,大参林,18.12,0.38781163434903204,0.07000000000000028,70385910.0,3892188,0,18.05,18.18,17.96,18.05
603235,天新药业,26.95,-1.2820512820512873,-0.3500000000000014,33420173.0,1237500,0,27.24,27.31,26.86,27.3
603236,移远通信,94.44,-0.9232060428031846,-0.8799999999999955,585861368.0,6189398,0,95.33,95.78,93.77,95.32
603237,五芳斋,16.72,-0.5353955978584168,-0.08999999999999986,22255456.0,1326938,0,16.79,16.92,16.7,16.81
603238,诺邦股份,17.11,-1.4400921658986174,-0.25,32162893.0,1869440,0,17.39,17.44,17.0,17.36
603239,浙江仙通,20.62,-2.964705882352937,-0.629999999999999,149475790.0,7206000,0,21.13,21.37,20.4,21.25
603255,鼎际得,29.24,-1.0825439783491213,-0.3200000000000003,25146598.0,859853,0,29.44,29.55,29.05,29.56
603256,宏和科技,37.6,-1.4675052410901341,-0.5599999999999952,861658298.0,22839029,0,38.0,38.46,37.06,38.16
603258,电魂网络,18.61,0.0,0.0,31358410.0,1683000,0,18.64,18.8,18.5,18.61
603259,药明康德,92.7,0.8266260604742279,0.7600000000000051,2383614853.0,25704034,0,91.8,93.6,91.57,91.94
603260,合盛硅业,54.96,3.36656009027647,1.7899999999999991,919023165.0,16766416,0,54.4,55.5,54.0,53.17
603261,*ST立航,24.54,-1.8007202881152433,-0.4499999999999993,25405683.0,1036500,0,24.62,25.17,24.2,24.99
603266,天龙股份,21.97,-0.8574007220216664,-0.19000000000000128,107432565.0,4896256,0,22.04,22.17,21.71,22.16
603267,鸿远电子,52.35,1.1008111239860956,0.5700000000000003,587081993.0,11226819,0,52.2,52.99,51.65,51.78
603268,*ST松发,86.29,-3.327358279184404,-2.969999999999999,308258200.0,3536700,0,89.26,89.5,86.1,89.26
603269,海鸥股份,13.72,6.356589147286824,0.8200000000000003,499264806.0,36634493,0,13.0,14.1,12.75,12.9
603270,金帝股份,25.76,2.1006738010305237,0.5300000000000011,195183184.0,7712690,0,25.52,25.8,24.75,25.23
603271,永杰新材,41.92,-0.8983451536642919,-0.37999999999999545,78084996.0,1852689,0,42.3,42.6,41.81,42.3
603272,联翔股份,18.35,-1.6613076098606576,-0.3099999999999987,26402037.0,1427500,0,18.7,18.8,18.2,18.66
603273,天元智能,20.59,0.9808729769494815,0.1999999999999993,115914208.0,5658253,0,20.35,20.79,20.19,20.39
603275,众辰科技,42.1,-1.196902135648904,-0.509999999999998,79356494.0,1871298,0,42.8,42.85,42.07,42.61
603276,恒兴新材,16.64,0.06013229104029804,0.010000000000001563,20064222.0,1208120,0,16.7,16.76,16.48,16.63
603277,银都股份,17.49,-0.45532157085943,-0.08000000000000185,20696100.0,1188155,0,17.56,17.59,17.33,17.57
603278,大业股份,12.8,9.965635738831615,1.1600000000000001,564654733.0,44188976,0,12.8,12.8,12.27,11.64
603279,景津装备,15.77,-0.6301197227473198,-0.09999999999999964,76290409.0,4814738,0,15.94,16.06,15.7,15.87
603280,南方路机,37.97,-1.0166840458811277,-0.39000000000000057,79456595.0,2093800,0,38.3,38.35,37.55,38.36
603281,江瀚新材,28.01,0.07145409074670642,0.020000000000003126,33797573.0,1204232,0,27.99,28.33,27.9,27.99
603282,亚光股份,19.79,-0.9013520280420618,-0.17999999999999972,24293651.0,1225820,0,20.0,20.05,19.61,19.97
603283,赛腾股份,44.58,-1.5894039735099312,-0.7199999999999989,432142956.0,9624911,0,45.1,45.63,44.41,45.3
603285,键邦股份,24.61,-0.2836304700162086,-0.07000000000000028,40423292.0,1638800,0,24.78,24.83,24.53,24.68
603286,日盈电子,59.5,1.3974096796182691,0.8200000000000003,323671913.0,5473500,0,58.68,59.99,58.0,58.68
603288,海天味业,37.42,0.053475935828885365,0.020000000000003126,287215751.0,7676637,0,37.37,37.52,37.27,37.4
603289,泰瑞机器,9.94,-1.5841584158415856,-0.16000000000000014,25132172.0,2507240,0,10.14,10.14,9.93,10.1
603290,斯达半导,96.8,-0.3397508493771217,-0.3299999999999983,282979038.0,2917488,0,97.09,97.6,96.46,97.13
603291,联合水务,9.65,-0.6179196704428476,-0.0600000000000005,23721524.0,2451000,0,9.71,9.75,9.63,9.71
603296,华勤技术,91.97,-1.8672641912078531,-1.75,682168037.0,7380920,0,93.55,93.6,91.66,93.72
603297,永新光学,103.96,-1.084681255946718,-1.1400000000000006,194200631.0,1862969,0,105.99,105.99,103.0,105.1
603298,杭叉集团,27.31,0.10997067448679466,0.029999999999997584,163018795.0,5946101,0,27.16,27.75,27.08,27.28
603299,苏盐井神,10.28,0.19493177387913815,0.019999999999999574,39257766.0,3815700,0,10.28,10.32,10.23,10.26
603300,海南华铁,7.81,3.856382978723405,0.29000000000000004,1754354537.0,226519074,0,7.49,7.87,7.47,7.52
603301,振德医疗,72.25,0.6267409470752129,0.45000000000000284,347220638.0,4794680,0,72.0,73.3,71.37,71.8
603303,得邦照明,12.92,-1.147666411629689,-0.15000000000000036,10710316.0,825400,0,13.1,13.1,12.91,13.07
603305,旭升集团,16.31,6.04681404421325,0.9299999999999979,2924998390.0,182114680,0,15.49,16.57,15.22,15.38
603306,华懋科技,59.44,-3.475154270867166,-2.1400000000000006,769908613.0,12877343,0,61.03,61.34,58.95,61.58
603307,扬州金泉,39.01,-2.304032056098176,-0.9200000000000017,33475874.0,851100,0,40.05,40.05,38.87,39.93
603308,应流股份,43.06,1.50872230080151,0.6400000000000006,738538682.0,17204568,0,42.91,43.99,41.88,42.42
603309,维力医疗,13.69,-0.8689355539464227,-0.120000000000001,41171025.0,2991999,0,13.82,13.85,13.68,13.81
603310,巍华新材,17.05,-0.583090379008734,-0.09999999999999787,20895911.0,1222308,0,17.15,17.19,17.0,17.15
603311,金海高科,15.91,7.864406779661018,1.1600000000000001,371867260.0,23984100,0,14.8,16.15,14.79,14.75
603312,西典新能,49.08,1.9526381387619398,0.9399999999999977,190802209.0,3860000,0,48.14,50.59,48.05,48.14
603313,梦百合,9.27,-1.9047619047619018,-0.17999999999999972,105544165.0,11305470,0,9.48,9.51,9.24,9.45
603315,福鞍股份,16.12,3.665594855305468,0.5700000000000003,350618615.0,22232300,0,15.13,16.38,14.89,15.55
603316,诚邦股份,14.88,3.765690376569044,0.5400000000000009,191800089.0,12915080,0,14.34,15.13,14.31,14.34
603317,天味食品,12.55,-0.47581284694685744,-0.05999999999999872,34505285.0,2744719,0,12.64,12.69,12.5,12.61
603318,水发燃气,6.79,-0.29368575624081605,-0.019999999999999574,47529249.0,6970945,0,6.84,6.88,6.76,6.81
603319,美湖股份,37.15,-0.4021447721179587,-0.14999999999999858,452166111.0,12126415,0,37.02,38.08,36.6,37.3
603320,迪贝电气,18.45,-1.231263383297647,-0.23000000000000043,51612513.0,2786000,0,18.76,18.77,18.4,18.68
603321,梅轮电梯,8.13,-0.4895960832313237,-0.03999999999999915,43702751.0,5390000,0,8.21,8.23,8.03,8.17
603322,超讯通信,38.11,-0.8326827998959153,-0.3200000000000003,282448550.0,7379400,0,38.3,38.68,38.0,38.43
603323,苏农银行,5.1,-0.5847953216374318,-0.03000000000000025,79413405.0,15528440,0,5.12,5.14,5.09,5.13
603324,盛剑科技,26.08,0.0,0.0,190510603.0,7275829,0,25.96,26.69,25.48,26.08
603325,博隆技术,78.16,-0.6861499364676064,-0.5400000000000063,33436994.0,426920,0,78.97,78.97,77.8,78.7
603326,我乐家居,8.95,-2.292576419213983,-0.21000000000000085,37061505.0,4101600,0,9.14,9.19,8.91,9.16
603327,福蓉科技,10.9,-1.6245487364620912,-0.17999999999999972,374741741.0,34276070,0,11.05,11.15,10.77,11.08
603328,依顿电子,11.15,-0.8007117437722406,-0.08999999999999986,127087584.0,11381603,0,11.25,11.26,11.07,11.24
603329,上海雅仕,11.17,-0.5342831700801469,-0.0600000000000005,20443867.0,1823510,0,11.25,11.31,11.13,11.23
603330,天洋新材,7.39,-1.070950468540831,-0.08000000000000007,35576006.0,4783500,0,7.51,7.54,7.37,7.47
603331,百达精工,12.67,-2.538461538461539,-0.33000000000000007,114876772.0,8994760,0,13.01,13.09,12.63,13.0
603332,苏州龙杰,12.54,-1.6470588235294186,-0.21000000000000085,42514091.0,3370500,0,12.83,12.83,12.54,12.75
603333,尚纬股份,8.17,1.4906832298136548,0.11999999999999922,188807560.0,22718400,0,8.53,8.59,8.11,8.05
603335,迪生力,5.62,-1.4035087719298258,-0.08000000000000007,36287406.0,6412912,0,5.7,5.74,5.61,5.7
603336,宏辉果蔬,8.46,-0.47058823529410765,-0.03999999999999915,46317382.0,5444241,0,8.52,8.6,8.45,8.5
603337,杰克科技,40.26,-0.6416584402764193,-0.2600000000000051,119327463.0,2975300,0,40.59,40.59,39.67,40.52
603338,浙江鼎力,56.07,0.07139032661074272,0.03999999999999915,328617856.0,5846231,0,56.09,56.42,55.8,56.03
603339,四方科技,13.02,-1.6616314199395819,-0.22000000000000064,56623586.0,4322992,0,13.18,13.23,12.98,13.24
603341,龙旗科技,41.88,-1.6208597603946389,-0.6899999999999977,255378456.0,6067816,0,42.57,42.58,41.63,42.57
603344,星德胜,32.46,-1.4571948998178412,-0.4799999999999969,200859319.0,6194400,0,32.93,32.96,31.88,32.94
603345,安井食品,81.27,-0.3066732090284593,-0.25,273648847.0,3360737,0,81.2,82.11,80.5,81.52
603348,文灿股份,19.23,-0.41429311237699795,-0.0799999999999983,49429904.0,2552514,0,19.36,19.53,19.2,19.31
603350,安乃达,37.69,-0.946123521681996,-0.35999999999999943,36805420.0,973599,0,37.95,38.3,37.54,38.05
603351,威尔药业,26.34,-1.4590347923681277,-0.39000000000000057,17461003.0,661192,0,26.61,26.87,26.26,26.73
603353,和顺石油,24.82,-0.7199999999999989,-0.17999999999999972,89945681.0,3623100,0,24.96,25.03,24.66,25.0
603355,莱克电气,31.3,2.0208604954367697,0.620000000000001,149086300.0,4747180,0,30.48,32.2,30.48,30.68
603356,华菱精工,14.41,-0.4146510020732584,-0.0600000000000005,51334247.0,3559100,0,14.47,14.73,14.2,14.47
603357,设计总院,8.07,-0.4932182490752053,-0.03999999999999915,24053076.0,2972720,0,8.11,8.12,8.06,8.11
603358,华达科技,48.07,2.911582102333546,1.3599999999999994,282979827.0,5908712,0,47.0,48.48,47.0,46.71
603359,东珠生态,8.68,0.46296296296295303,0.03999999999999915,202282043.0,23399992,0,8.65,8.75,8.52,8.64
603360,百傲化学,31.25,3.9933444259567366,1.1999999999999993,409669875.0,13265738,0,30.0,31.4,29.95,30.05
603363,傲农生物,4.62,-0.4310344827586115,-0.019999999999999574,134613646.0,29084336,0,4.63,4.67,4.61,4.64
603365,水星家纺,20.6,1.6781836130306014,0.33999999999999986,53799880.0,2625500,0,21.05,21.07,20.05,20.26
603366,日出东方,9.87,-1.3986013986014043,-0.14000000000000057,321577547.0,32502140,0,9.99,10.0,9.85,10.01
603367,辰欣药业,17.85,-0.8333333333333255,-0.14999999999999858,179084231.0,10003200,0,18.02,18.15,17.81,18.0
603368,柳药集团,17.97,-0.9371554575523797,-0.1700000000000017,98202158.0,5445863,0,18.15,18.16,17.94,18.14
603369,今世缘,35.23,-0.8443568815085962,-0.30000000000000426,146709054.0,4158900,0,35.39,35.43,35.12,35.53
603373,安邦护卫,37.91,-0.367936925098556,-0.14000000000000057,33723506.0,887687,0,38.01,38.24,37.64,38.05
603375,盛景微,36.97,-0.8581389112362571,-0.3200000000000003,53230072.0,1436000,0,37.17,37.38,36.74,37.29
603377,ST东时,3.8,0.26385224274405766,0.009999999999999787,21602875.0,5706388,0,3.8,3.82,3.76,3.79
603378,亚士创能,6.65,-0.15015015015014693,-0.009999999999999787,42042165.0,6311153,0,6.7,6.72,6.61,6.66
603379,三美股份,60.0,-0.11653071416680588,-0.07000000000000028,261565382.0,4347413,0,60.07,61.18,59.33,60.07
603380,易德龙,39.41,-2.3780034679217263,-0.9600000000000009,225602102.0,5732185,0,39.95,39.99,39.05,40.37
603381,永臻股份,20.24,0.6464445549477823,0.129999999999999,72198852.0,3557276,0,20.14,20.45,20.11,20.11
603383,顶点软件,36.7,0.05452562704471954,0.020000000000003126,157470151.0,4282998,0,36.71,37.1,36.4,36.68
603385,惠达卫浴,6.94,-1.5602836879432544,-0.10999999999999943,26330652.0,3775314,0,7.09,7.09,6.89,7.05
603386,骏亚科技,15.11,-1.883116883116889,-0.2900000000000009,342741420.0,22515620,0,15.41,15.54,14.95,15.4
603387,基蛋生物,8.34,0.6031363088057987,0.05000000000000071,48456727.0,5809401,0,8.32,8.39,8.25,8.29
603388,*ST元成,0.58,0.0,0.0,0.0,0,0,0.0,0.0,0.0,0.58
603389,*ST亚振,43.5,1.1627906976744187,0.5,206131328.0,4675450,0,44.0,45.15,40.97,43.0
603390,通达电气,12.97,-0.9167303284950283,-0.11999999999999922,111436976.0,8549500,0,13.08,13.25,12.87,13.09
603391,力聚热能,68.38,-1.1706894059835269,-0.8100000000000023,65395975.0,954400,0,69.22,69.95,67.9,69.19
603392,万泰生物,46.76,-0.14947683109118148,-0.07000000000000028,115662666.0,2456501,0,46.9,47.45,46.75,46.83
603393,新天然气,27.0,-0.9174311926605505,-0.25,79822140.0,2946652,0,27.25,27.25,26.92,27.25
603395,红四方,29.75,-0.03360215053763966,-0.010000000000001563,53378787.0,1794188,0,29.7,29.87,29.55,29.76
603396,金辰股份,33.84,0.0,0.0,180279155.0,5278190,0,34.1,34.69,33.8,33.84
603398,*ST沐邦,8.43,4.074074074074075,0.33000000000000007,156003787.0,18718720,0,8.3,8.48,8.03,8.1
603399,永杉锂业,11.07,3.072625698324023,0.33000000000000007,310548252.0,28212100,0,10.95,11.18,10.79,10.74
603408,建霖家居,14.22,3.118201595358967,0.4300000000000015,246755825.0,16858267,0,14.47,15.17,14.15,13.79
603409,汇通控股,37.4,-0.2666666666666705,-0.10000000000000142,75024319.0,2007646,0,37.74,37.74,36.88,37.5
603416,信捷电气,54.08,-0.5516734093416775,-0.30000000000000426,108388082.0,2004060,0,54.23,54.54,53.7,54.38
603421,鼎信通讯,8.01,-3.026634382566586,-0.25,177751345.0,22109540,0,8.28,8.34,7.94,8.26
603429,集友股份,9.91,0.6091370558375686,0.0600000000000005,67860422.0,6887448,0,10.03,10.03,9.74,9.85
603439,三力制药,11.92,0.4212299915754062,0.05000000000000071,28720297.0,2410300,0,11.87,12.0,11.83,11.87
603444,吉比特,433.51,-0.7486606529602963,-3.269999999999982,471791485.0,1085377,0,437.01,438.0,431.2,436.78
603456,九洲药业,18.14,-1.3057671381936804,-0.23999999999999844,185185787.0,10154457,0,18.4,18.41,18.13,18.38
603458,勘设股份,8.63,-0.4613610149942231,-0.03999999999999915,108031875.0,12541274,0,8.6,8.8,8.46,8.67
603466,风语筑,9.17,-0.10893246187363603,-0.009999999999999787,64267904.0,6997351,0,9.18,9.24,9.1,9.18
603477,巨星农牧,17.15,0.7638072855464102,0.129999999999999,78584581.0,4600963,0,16.92,17.16,16.9,17.02
603486,科沃斯,80.4,-0.7162262286984419,-0.5799999999999983,345271449.0,4282522,0,81.1,81.5,80.09,80.98
603488,展鹏科技,7.81,-1.1392405063291233,-0.09000000000000075,25387435.0,3224700,0,7.95,8.0,7.8,7.9
603489,八方股份,29.82,-0.8973080757726806,-0.2699999999999996,90529061.0,2998404,0,30.0,30.7,29.71,30.09
603496,恒为科技,26.82,0.03729951510630945,0.010000000000001563,131089287.0,4881876,0,26.81,27.11,26.6,26.81
603499,翔港科技,20.48,-1.3962445835339392,-0.28999999999999915,128333102.0,6295488,0,20.77,20.77,19.96,20.77
603500,祥和实业,11.9,-1.2448132780083017,-0.15000000000000036,58446387.0,4893400,0,12.02,12.1,11.83,12.05
603501,豪威集团,128.84,1.3450798395343413,1.710000000000008,1783803336.0,13877540,0,127.18,129.57,126.6,127.13
603505,金石资源,19.18,-0.2600104004160203,-0.05000000000000071,235178698.0,12286597,0,19.2,19.29,18.89,19.23
603506,南都物业,13.11,-0.5311077389984847,-0.07000000000000028,76839930.0,5868580,0,13.1,13.28,12.91,13.18
603507,振江股份,24.6,-1.2444801284624596,-0.3099999999999987,105601510.0,4258500,0,24.82,25.33,24.53,24.91
603508,思维列控,27.82,-0.42949176807444883,-0.120000000000001,158468696.0,5664561,0,27.95,28.38,27.63,27.94
603511,爱慕股份,15.68,-1.938711694809259,-0.3100000000000005,26285076.0,1659300,0,15.93,16.03,15.63,15.99
603515,欧普照明,18.23,-1.0851871947910976,-0.1999999999999993,25322556.0,1385782,0,18.4,18.55,18.15,18.43
603516,淳中科技,223.04,-0.8755166437047237,-1.9699999999999989,1197128069.0,5310609,0,228.9,230.98,220.8,225.01
603517,ST绝味,13.15,0.15232292460014907,0.019999999999999574,59132277.0,4500761,0,13.18,13.22,13.03,13.13
603518,锦泓集团,9.87,-1.003009027081258,-0.10000000000000142,130593432.0,13156538,0,9.95,10.01,9.86,9.97
603519,立霸股份,11.93,-0.831255195344968,-0.09999999999999964,22374469.0,1869312,0,12.08,12.09,11.9,12.03
603520,司太立,9.48,-1.3527575442247557,-0.129999999999999,65000208.0,6808064,0,9.62,9.64,9.48,9.61
603527,众源新材,11.08,1.3723696248856392,0.15000000000000036,132994227.0,11972412,0,10.91,11.28,10.91,10.93
603528,多伦科技,10.62,-1.1173184357541992,-0.120000000000001,440073039.0,41532022,0,10.58,10.78,10.44,10.74
603529,爱玛科技,30.07,-0.0996677740863825,-0.030000000000001137,110978052.0,3686462,0,30.1,30.24,29.96,30.1
603530,神马电力,42.48,-1.2093023255814026,-0.5200000000000031,385444624.0,8991255,0,42.98,44.0,41.81,43.0
603533,掌阅科技,19.25,0.0,0.0,209920293.0,10888978,0,19.18,19.4,19.17,19.25
603535,嘉诚国际,11.07,-0.6283662477558374,-0.07000000000000028,111232226.0,9995611,0,11.08,11.24,11.05,11.14
603536,惠发食品,11.4,-2.8132992327365733,-0.33000000000000007,136505606.0,11876200,0,11.68,11.75,11.37,11.73
603538,美诺华,19.69,-0.7060010085728544,-0.13999999999999702,56317267.0,2854763,0,19.75,19.87,19.61,19.83
603551,奥普科技,11.73,-2.5747508305647737,-0.3099999999999987,62134452.0,5244800,0,12.28,12.28,11.7,12.04
603556,海兴电力,34.57,0.028935185185179426,0.00999999999999801,98689288.0,2846050,0,34.6,35.0,34.36,34.56
603557,ST起步,2.7,-0.3690036900368925,-0.009999999999999787,20169146.0,7436355,0,2.71,2.74,2.69,2.71
603558,健盛集团,11.4,-0.08764241893076062,-0.009999999999999787,30486620.0,2679500,0,11.41,11.45,11.3,11.41
603559,ST通脉,7.67,-4.956629491945481,-0.40000000000000036,46252097.0,5949500,0,8.07,8.07,7.67,8.07
603565,中谷物流,10.51,-0.2846299810246619,-0.02999999999999936,148282148.0,14027539,0,10.53,10.65,10.5,10.54
603566,普莱柯,12.69,-0.7042253521126749,-0.08999999999999986,44230468.0,3480896,0,12.79,12.79,12.63,12.78
603567,珍宝岛,9.73,-0.10266940451745162,-0.009999999999999787,36446643.0,3740461,0,9.76,9.79,9.68,9.74
603568,伟明环保,25.33,0.03949447077408377,0.00999999999999801,96770157.0,3817044,0,25.46,25.56,25.11,25.32
603569,长久物流,7.73,-0.6426735218508974,-0.04999999999999982,32010552.0,4131000,0,7.77,7.81,7.7,7.78
603577,汇金通,10.17,-2.7724665391969494,-0.2900000000000009,90383550.0,8819500,0,10.46,10.46,10.15,10.46
603578,三星新材,12.0,-1.880621422730993,-0.23000000000000043,27561527.0,2278362,0,12.23,12.32,11.95,12.23
603579,荣泰健康,23.37,-1.8479630407391756,-0.4399999999999977,111798917.0,4762900,0,23.79,23.79,23.26,23.81
603580,*ST艾艾,15.57,-0.06418485237483816,-0.009999999999999787,11095418.0,714100,0,15.58,15.8,15.43,15.58
603583,捷昌驱动,35.63,-0.6136680613668029,-0.21999999999999886,192332988.0,5378408,0,35.86,36.2,35.5,35.85
603585,苏利股份,19.33,-1.3272077590607532,-0.26000000000000156,103462885.0,5334420,0,19.6,19.69,19.26,19.59
603586,金麒麟,18.97,0.3172924378635575,0.05999999999999872,57355581.0,3016100,0,18.86,19.2,18.82,18.91
603587,地素时尚,13.56,-1.5250544662309302,-0.20999999999999908,121460229.0,8997202,0,13.64,13.71,13.36,13.77
603588,高能环境,7.56,-0.5263157894736847,-0.040000000000000036,248630334.0,32680549,0,7.62,7.71,7.52,7.6
603589,口子窖,30.74,-1.1257639112254791,-0.3500000000000014,90177315.0,2924800,0,30.96,30.98,30.71,31.09
603590,康辰药业,40.0,-1.1369253583786476,-0.46000000000000085,85533745.0,2136700,0,40.6,40.6,39.69,40.46
603595,ST东尼,16.96,2.045728038507821,0.33999999999999986,109161406.0,6363152,0,16.62,17.45,16.52,16.62
603596,伯特利,51.84,1.507734482083421,0.7700000000000031,856402460.0,16581268,0,50.7,52.48,50.52,51.07
603598,引力传媒,16.2,-0.12330456226880132,-0.019999999999999574,129949033.0,8023600,0,16.25,16.28,16.1,16.22
603599,广信股份,11.54,-0.6029285099052565,-0.07000000000000028,59455995.0,5146308,0,11.6,11.64,11.48,11.61
603600,永艺股份,12.23,-1.1317704122877834,-0.1399999999999988,49482325.0,4024500,0,12.38,12.4,12.2,12.37
603601,再升科技,13.34,9.975267930750197,1.209999999999999,5795106898.0,443055056,0,13.0,13.34,12.52,12.13
603602,纵横通信,14.38,-0.8959338387319021,-0.129999999999999,51723879.0,3584485,0,14.46,14.56,14.31,14.51
603605,珀莱雅,67.92,0.05892751915145294,0.04000000000000625,189604833.0,2789004,0,67.63,68.3,67.62,67.88
603606,东方电缆,61.81,-1.8888888888888855,-1.1899999999999977,459873778.0,7412667,0,62.89,63.0,61.33,63.0
603607,京华激光,25.5,-1.1244668476153514,-0.28999999999999915,147788738.0,5746548,0,25.8,26.24,25.37,25.79
603608,天创时尚,8.33,0.0,0.0,0.0,0,0,0.0,0.0,0.0,8.33
603609,禾丰股份,7.08,-0.28169014084506444,-0.019999999999999574,15845633.0,2235700,0,7.09,7.12,7.06,7.1
603610,麒盛科技,19.91,-0.797209765819632,-0.16000000000000014,106621666.0,5342245,0,20.13,20.2,19.8,20.07
603611,诺力股份,24.1,-1.3104013104013115,-0.3200000000000003,104235222.0,4309800,0,24.41,24.41,24.0,24.42
603612,索通发展,24.16,0.1243265644426073,0.030000000000001137,393403666.0,16243878,0,24.01,24.47,24.0,24.13
603613,国联股份,27.83,-0.2508960573476713,-0.07000000000000028,269996001.0,9685191,0,27.75,28.09,27.67,27.9
603615,茶花股份,23.09,-1.9532908704883265,-0.46000000000000085,50255812.0,2172900,0,23.55,23.55,22.9,23.55
603616,韩建河山,5.2,0.38610038610039504,0.020000000000000462,48547872.0,9326900,0,5.17,5.24,5.16,5.18
603617,君禾股份,7.41,-0.6702412868632683,-0.04999999999999982,45189093.0,6081900,0,7.52,7.52,7.37,7.46
603618,杭电股份,8.4,-2.3255813953488293,-0.1999999999999993,317307077.0,37439305,0,8.57,8.8,8.39,8.6
603619,中曼石油,22.88,2.923976608187128,0.6499999999999986,202161530.0,8888079,0,22.18,23.06,22.17,22.23
603626,科森科技,17.19,9.98080614203455,1.5600000000000005,1648798868.0,96417710,0,16.55,17.19,16.55,15.63
603628,清源股份,14.17,-0.6311360448807845,-0.08999999999999986,168654235.0,11770477,0,14.22,14.55,14.12,14.26
603629,利通电子,26.81,-1.6507703595011107,-0.45000000000000284,265938683.0,9895575,0,27.1,27.15,26.63,27.26
603630,拉芳家化,20.06,-0.84033613445379,-0.1700000000000017,37878883.0,1883240,0,20.29,20.29,19.97,20.23
603633,徕木股份,10.09,-0.29644268774702925,-0.02999999999999936,74714061.0,7414899,0,10.12,10.17,9.94,10.12
603636,南威软件,11.8,-0.5059021922428223,-0.05999999999999872,183941229.0,15519592,0,11.88,11.97,11.74,11.86
603637,镇海股份,10.88,-1.449275362318826,-0.15999999999999837,49329612.0,4476700,0,11.04,11.25,10.86,11.04
603638,艾迪精密,19.0,-0.41928721174003303,-0.0799999999999983,72065831.0,3785140,0,19.07,19.24,18.86,19.08
603639,海利尔,12.69,-0.7818608287724759,-0.09999999999999964,21252353.0,1669294,0,12.83,12.85,12.64,12.79
603648,畅联股份,10.45,-1.508011310084827,-0.16000000000000014,37242792.0,3545000,0,10.56,10.62,10.42,10.61
603650,彤程新材,46.08,-3.2136105860113444,-1.5300000000000011,925783077.0,19942055,0,47.31,47.31,45.88,47.61
603655,朗博科技,36.88,-2.071163037705773,-0.779999999999994,39457155.0,1061500,0,37.66,37.66,36.88,37.66
603656,泰禾智能,22.72,0.08810572687224483,0.019999999999999574,72308413.0,3190540,0,22.66,22.94,22.5,22.7
603657,春光科技,30.87,-3.3802816901408397,-1.0799999999999983,149708174.0,4830600,0,31.53,31.54,30.8,31.95
603658,安图生物,36.16,-0.055279159756780334,-0.020000000000003126,56909187.0,1572772,0,36.18,36.25,36.1,36.18
603659,璞泰来,28.1,3.157121879588851,0.860000000000003,984990662.0,35183050,0,27.43,28.48,27.43,27.24
603660,苏州科达,11.06,10.049751243781092,1.0099999999999998,764661384.0,70442975,0,10.15,11.06,10.15,10.05
603661,恒林股份,32.05,-0.804704425874358,-0.2600000000000051,15722254.0,487900,0,32.44,32.64,31.92,32.31
603662,柯力传感,65.5,-0.9826152683295626,-0.6500000000000057,428460415.0,6517774,0,66.3,66.66,64.82,66.15
603663,三祥新材,35.77,1.302747097139623,0.46000000000000085,280979744.0,7852265,0,35.3,36.35,35.1,35.31
603665,康隆达,31.55,-1.1901033510804855,-0.379999999999999,85224349.0,2682296,0,31.93,32.2,31.48,31.93
603666,亿嘉和,29.86,-1.7763157894736814,-0.5399999999999991,100312404.0,3340022,0,30.3,30.4,29.7,30.4
603667,五洲新春,52.58,-0.6987724268177612,-0.37000000000000455,1828784969.0,34821378,0,52.3,53.88,51.81,52.95
603668,天马科技,16.42,0.1219512195122142,0.020000000000003126,255547276.0,15610280,0,16.35,16.57,16.2,16.4
603669,灵康药业,4.66,-0.4273504273504183,-0.019999999999999574,24628664.0,5289789,0,4.68,4.7,4.62,4.68
603676,卫信康,10.79,-1.7304189435337094,-0.19000000000000128,17741964.0,1636600,0,11.0,11.0,10.75,10.98
603677,奇精机械,18.0,-1.0445299615173242,-0.19000000000000128,44076866.0,2439200,0,18.09,18.27,17.91,18.19
603678,火炬电子,36.57,0.3292181069958777,0.11999999999999744,1101854276.0,30408952,0,36.26,36.8,35.86,36.45
603679,华体科技,15.55,-2.016383112791421,-0.3199999999999985,286686047.0,18291474,0,15.75,15.94,15.49,15.87
603680,今创集团,16.29,9.99324780553679,1.4799999999999986,364095152.0,23052786,0,14.81,16.29,14.54,14.81
603681,永冠新材,19.35,-3.5393818544366766,-0.7099999999999973,160329964.0,8219132,0,19.79,19.9,19.27,20.06
603682,锦和商管,6.63,1.2213740458015279,0.08000000000000007,121311396.0,18064700,0,6.57,6.92,6.56,6.55
603683,晶华新材,26.22,-0.5688282138794165,-0.15000000000000213,222804976.0,8458060,0,26.3,27.03,26.02,26.37
603685,晨丰科技,18.78,-2.593360995850622,-0.5,72162782.0,3821942,0,19.43,19.43,18.51,19.28
603686,福龙马,28.57,10.011551790527538,2.6000000000000014,3206729085.0,115480976,0,25.61,28.57,25.59,25.97
603687,大胜达,9.7,-1.622718052738338,-0.16000000000000014,125853895.0,12950900,0,9.86,9.89,9.63,9.86
603688,石英股份,37.62,0.29325513196480785,0.10999999999999943,307187671.0,8126546,0,37.51,38.19,37.51,37.51
603689,皖天然气,8.23,-0.4836759371221179,-0.03999999999999915,17998829.0,2183568,0,8.28,8.28,8.21,8.27
603690,至纯科技,30.5,-2.337495997438362,-0.7300000000000004,688894071.0,22441776,0,31.08,31.08,30.35,31.23
603693,江苏新能,11.92,0.0,0.0,24570836.0,2062510,0,11.93,11.97,11.85,11.92
603696,安记食品,26.19,-1.169811320754712,-0.3099999999999987,1583272726.0,57910941,0,26.99,28.28,26.08,26.5
603697,有友食品,12.73,0.23622047244095384,0.030000000000001137,96999297.0,7586820,0,12.62,12.99,12.6,12.7
603698,航天工程,39.39,5.264564404061995,1.9699999999999989,3135203110.0,80355244,0,39.8,40.52,37.0,37.42
603699,纽威股份,51.96,-0.7449856733524366,-0.39000000000000057,177119857.0,3421075,0,52.2,52.3,51.3,52.35
603700,宁水集团,13.13,-0.755857898715039,-0.09999999999999964,39361135.0,2978520,0,13.27,13.32,13.05,13.23
603701,德宏股份,20.42,-0.777453838678312,-0.1599999999999966,68234329.0,3322807,0,20.58,20.76,20.39,20.58
603703,盛洋科技,14.3,-0.20935101186321955,-0.02999999999999936,747627890.0,52242519,0,14.04,14.64,14.03,14.33
603706,东方环宇,19.46,-1.1681056373793823,-0.23000000000000043,17988042.0,918400,0,19.74,19.75,19.45,19.69
603707,健友股份,9.21,-0.32467532467531773,-0.02999999999999936,59952636.0,6509612,0,9.23,9.25,9.16,9.24
603708,家家悦,12.14,-0.7358953393295165,-0.08999999999999986,168037852.0,13760253,0,12.18,12.44,12.08,12.23
603709,中源家居,16.61,0.6666666666666632,0.10999999999999943,96795606.0,5826100,0,16.49,16.77,16.44,16.5
603711,香飘飘,14.14,-1.0496850944716485,-0.14999999999999858,114809534.0,8099500,0,14.21,14.37,14.06,14.29
603712,七一二,19.67,-0.5058168942842584,-0.09999999999999787,323842673.0,16471649,0,19.8,19.85,19.34,19.77
603713,密尔克卫,55.5,-0.3590664272890536,-0.20000000000000284,42805544.0,770100,0,55.61,55.81,55.39,55.7
603716,塞力医疗,21.48,-2.452316076294274,-0.5399999999999991,279127872.0,12876048,0,21.9,22.05,21.47,22.02
603717,天域生物,7.89,1.5444015444015458,0.1200000000000001,68058006.0,8582600,0,7.76,8.1,7.76,7.77
603718,海利生物,6.21,-0.9569377990430561,-0.05999999999999961,53908968.0,8663256,0,6.27,6.27,6.19,6.27
603719,良品铺子,11.97,-0.9925558312655023,-0.11999999999999922,56073413.0,4660685,0,12.11,12.13,11.96,12.09
603721,*ST天择,19.56,1.3471502590673472,0.259999999999998,32125130.0,1647330,0,19.14,19.63,19.14,19.3
603722,阿科力,37.06,-1.9576719576719444,-0.7399999999999949,37884467.0,1015300,0,37.85,37.85,37.01,37.8
603725,天安新材,9.34,-1.4767932489451536,-0.14000000000000057,28003359.0,2972940,0,9.49,9.52,9.33,9.48
603726,朗迪集团,22.32,-1.0638297872340359,-0.23999999999999844,60531524.0,2697400,0,22.51,22.74,22.15,22.56
603727,博迈科,13.93,-0.4288777698356004,-0.0600000000000005,27565619.0,1976119,0,13.91,14.08,13.88,13.99
603728,鸣志电器,66.28,-0.5998800239952095,-0.4000000000000057,515047200.0,7735469,0,67.24,67.55,65.67,66.68
603729,龙韵股份,16.02,-0.9888751545117438,-0.16000000000000014,37533796.0,2335480,0,16.25,16.26,15.9,16.18
603730,岱美股份,8.11,0.12345679012345416,0.009999999999999787,174617476.0,21541934,0,8.08,8.26,7.99,8.1
603733,仙鹤股份,24.49,0.6990131578947292,0.16999999999999815,183467381.0,7468385,0,24.39,24.89,24.2,24.32
603737,三棵树,46.2,2.6894865525672387,1.2100000000000009,166001129.0,3615509,0,45.0,46.38,44.86,44.99
603738,泰晶科技,15.61,-1.3897662665824424,-0.22000000000000064,190386374.0,12154536,0,15.83,15.83,15.52,15.83
603739,蔚蓝生物,14.15,-1.7361111111111112,-0.25,41701272.0,2928420,0,14.4,14.5,14.12,14.4
603755,日辰股份,36.68,-1.6094420600858406,-0.6000000000000014,105797577.0,2898200,0,36.88,36.97,35.73,37.28
603757,大元泵业,47.1,-4.520575714575303,-2.229999999999997,1001286171.0,21177422,0,48.55,48.58,46.38,49.33
603758,秦安股份,18.07,-2.8494623655914038,-0.5300000000000011,154941605.0,8587070,0,18.69,18.69,17.65,18.6
603759,海天股份,10.59,1.1461318051575857,0.11999999999999922,106645680.0,10069544,0,10.43,10.72,10.43,10.47
603766,隆鑫通用,15.88,0.8894536213468905,0.14000000000000057,268892145.0,17032004,0,15.74,16.08,15.58,15.74
603767,中马传动,23.55,-1.2578616352201286,-0.3000000000000007,162861886.0,6885900,0,23.9,23.95,23.43,23.85
603768,常青股份,11.66,-1.2701100762066075,-0.15000000000000036,20912598.0,1782000,0,11.84,11.86,11.6,11.81
603773,沃格光电,32.3,-3.0030030030030033,-1.0,321042132.0,9893390,0,32.3,33.15,31.85,33.3
603776,永安行,18.03,-0.44174489232467307,-0.0799999999999983,74390265.0,4056552,0,18.28,18.69,18.03,18.11
603777,来伊份,14.39,1.266713581984516,0.17999999999999972,320962033.0,22224768,0,14.25,14.76,14.17,14.21
603778,国晟科技,15.25,-4.02769037130271,-0.6400000000000006,1990114697.0,129398293,0,15.51,16.58,14.58,15.89
603779,威龙股份,6.53,-1.8045112781954902,-0.1200000000000001,42405219.0,6469720,0,6.6,6.64,6.5,6.65
603786,科博达,76.15,0.4484896451655499,0.3400000000000034,286583388.0,3803875,0,75.81,76.57,74.0,75.81
603787,新日股份,13.0,-1.2908124525436593,-0.16999999999999993,43529948.0,3326200,0,13.21,13.23,12.96,13.17
603788,宁波高发,16.11,-0.9834050399508307,-0.16000000000000014,31170455.0,1926200,0,16.28,16.35,16.08,16.27
603789,*ST星农,5.46,0.0,0.0,14154435.0,2590520,0,5.47,5.5,5.43,5.46
603790,雅运股份,20.04,-0.6445215666832055,-0.13000000000000256,25912004.0,1289000,0,20.17,20.3,19.9,20.17
603797,联泰环保,4.81,-0.8247422680412378,-0.040000000000000036,30172530.0,6268752,0,4.83,4.88,4.78,4.85
603798,康普顿,14.98,-2.346805736636241,-0.35999999999999943,81844803.0,5422800,0,15.34,15.75,14.82,15.34
603799,华友钴业,66.0,0.9637448370812229,0.6299999999999955,3885992274.0,58793581,0,66.55,66.94,65.5,65.37
603800,洪田股份,49.72,-4.402999423187847,-2.289999999999999,504949264.0,10037206,0,51.69,52.6,49.3,52.01
603801,志邦家居,9.23,-0.4314994606256651,-0.03999999999999915,22530388.0,2439200,0,9.28,9.28,9.21,9.27
603803,瑞斯康达,12.05,0.5843071786310541,0.07000000000000028,465512444.0,39038078,0,11.9,12.23,11.6,11.98
603806,福斯特,14.05,3.157121879588851,0.4300000000000015,406395451.0,28980144,0,13.7,14.24,13.7,13.62
603808,歌力思,8.33,-1.0688836104513049,-0.08999999999999986,31104671.0,3708500,0,8.41,8.45,8.3,8.42
603809,豪能股份,13.96,-0.6405693950177925,-0.08999999999999986,1752893803.0,123370676,0,14.58,14.78,13.82,14.05
603810,丰山集团,16.08,-1.0461538461538566,-0.1700000000000017,27530597.0,1705200,0,16.35,16.38,16.0,16.25
603811,诚意药业,10.62,-1.3927576601671343,-0.15000000000000036,48100290.0,4504076,0,10.77,10.79,10.61,10.77
603813,*ST原尚,39.0,-1.7632241813602085,-0.7000000000000028,19011331.0,484700,0,40.0,40.25,38.89,39.7
603815,交建股份,7.99,1.783439490445867,0.14000000000000057,271303553.0,34325700,0,7.8,8.09,7.75,7.85
603816,顾家家居,30.9,-0.25823111684958633,-0.08000000000000185,164640753.0,5323190,0,30.94,31.23,30.7,30.98
603817,海峡环保,7.66,-1.0335917312661507,-0.08000000000000007,193198054.0,25303200,0,7.74,7.75,7.55,7.74
603818,曲美家居,3.62,-0.8219178082191728,-0.029999999999999805,35028071.0,9695600,0,3.64,3.66,3.59,3.65
603819,神力股份,12.43,5.697278911564625,0.6699999999999999,223250583.0,18323534,0,11.79,12.53,11.78,11.76
603822,ST嘉澳,94.26,-0.4646251319957737,-0.4399999999999977,149259625.0,1600700,0,95.5,95.5,91.58,94.7
603823,百合花,15.71,-3.3825338253382577,-0.5500000000000007,150873479.0,9539927,0,16.26,16.26,15.65,16.26
603825,ST华扬,9.13,2.9312288613303448,0.26000000000000156,41711512.0,4588800,0,8.87,9.29,8.87,8.87
603826,坤彩科技,17.43,-0.3430531732418452,-0.05999999999999872,39354127.0,2252719,0,17.46,17.56,17.37,17.49
603828,ST柯利达,7.82,-0.8871989860582941,-0.0699999999999994,26819405.0,3395880,0,7.89,8.03,7.81,7.89
603829,洛凯股份,23.57,-0.1271186440678014,-0.030000000000001137,356225558.0,15193414,0,23.15,23.77,23.1,23.6
603833,欧派家居,52.87,0.22748815165876293,0.11999999999999744,105975050.0,1995932,0,52.7,53.4,52.58,52.75
603836,海程邦达,13.85,-1.4234875444839934,-0.20000000000000107,65190029.0,4647600,0,14.02,14.34,13.83,14.05
603838,*ST四通,7.35,-0.9433962264150981,-0.07000000000000028,6031447.0,814800,0,7.42,7.54,7.35,7.42
603839,安正时尚,7.94,0.5063291139240511,0.040000000000000036,51313521.0,6475000,0,7.92,8.01,7.81,7.9
603843,*ST正平,4.97,5.073995771670176,0.23999999999999932,188431912.0,37919100,0,4.97,4.97,4.92,4.73
603848,好太太,18.28,-1.7732401934443758,-0.3299999999999983,46199296.0,2507900,0,18.75,18.75,18.22,18.61
603855,华荣股份,19.39,-0.15447991761071644,-0.030000000000001137,30092211.0,1551200,0,19.43,19.49,19.33,19.42
603856,东宏股份,12.69,-0.9367681498829118,-0.120000000000001,32095565.0,2522000,0,12.77,12.82,12.62,12.81
603858,步长制药,16.45,-0.5441354292623933,-0.08999999999999986,62461261.0,3787793,0,16.54,16.58,16.41,16.54
603859,能科科技,38.99,-0.9400406504064975,-0.36999999999999744,230915263.0,5925900,0,39.36,39.46,38.5,39.36
603860,中公高科,29.99,-0.6295559973492422,-0.19000000000000128,21311003.0,710100,0,30.15,30.26,29.84,30.18
603861,白云电器,12.38,-2.211690363349126,-0.27999999999999936,224479237.0,17987800,0,12.55,12.79,12.29,12.66
603863,松炀资源,20.35,-3.0952380952380882,-0.6499999999999986,138993688.0,6767920,0,21.0,21.0,20.25,21.0
603866,桃李面包,5.32,-0.37453183520598454,-0.019999999999999574,63006191.0,11827503,0,5.34,5.35,5.3,5.34
603867,新化股份,25.3,0.7968127490039812,0.1999999999999993,137015819.0,5422482,0,25.2,25.52,25.01,25.1
603868,飞科电器,41.32,4.054394359103499,1.6099999999999994,254688397.0,6178621,0,39.99,42.0,39.39,39.71
603869,ST智知,11.18,-0.08936550491510087,-0.009999999999999787,22127353.0,1973190,0,11.36,11.42,11.11,11.19
603871,嘉友国际,13.93,2.728613569321528,0.3699999999999992,118670493.0,8618499,0,13.55,14.0,13.54,13.56
603876,鼎胜新材,14.33,4.522246535375632,0.6199999999999992,625250861.0,44266000,0,13.79,14.37,13.7,13.71
603877,太平鸟,14.64,-2.3999999999999964,-0.35999999999999943,46700228.0,3163737,0,15.0,15.0,14.61,15.0
603878,武进不锈,9.94,0.811359026369169,0.08000000000000007,101323933.0,10155470,0,9.86,10.13,9.86,9.86
603879,永悦科技,6.3,3.6184210526315748,0.21999999999999975,249912164.0,39525312,0,6.08,6.45,6.08,6.08
603880,南卫股份,6.26,-2.492211838006233,-0.16000000000000014,28330921.0,4484996,0,6.44,6.45,6.23,6.42
603881,数据港,30.07,-0.46342270771267985,-0.14000000000000057,628559858.0,20877042,0,30.2,30.36,29.9,30.21
603882,金域医学,27.9,-0.9232954545454601,-0.26000000000000156,78428947.0,2801209,0,28.2,28.22,27.8,28.16
603883,老百姓,15.3,0.3937007874015781,0.0600000000000005,105692510.0,6895713,0,15.24,15.43,15.21,15.24
603885,吉祥航空,14.02,-0.42613636363636714,-0.0600000000000005,199309401.0,14224466,0,14.15,14.17,13.88,14.08
603886,元祖股份,13.74,-1.0799136069114497,-0.15000000000000036,111018479.0,8070595,0,13.84,13.94,13.62,13.89
603887,城地香江,13.81,-0.5043227665706072,-0.07000000000000028,104563474.0,7569864,0,13.89,13.95,13.67,13.88
603888,新华网,19.18,0.15665796344648114,0.030000000000001137,98048262.0,5111897,0,19.09,19.28,19.06,19.15
603889,新澳股份,7.84,-1.5075376884422125,-0.1200000000000001,74196316.0,9439180,0,7.94,7.96,7.75,7.96
603890,春秋电子,17.01,-2.5773195876288617,-0.4499999999999993,520717401.0,30437641,0,17.46,17.58,16.91,17.46
603893,瑞芯微,176.56,-1.2362253174470035,-2.210000000000008,861279064.0,4861415,0,178.0,178.54,175.8,178.77
603895,天永智能,29.89,2.0136518771331056,0.5899999999999999,191983024.0,6317647,0,29.5,31.1,29.5,29.3
603896,寿仙谷,19.5,-0.6116207951070387,-0.120000000000001,16659205.0,853513,0,19.64,19.65,19.43,19.62
603897,长城科技,26.77,-0.7783543365455925,-0.21000000000000085,93663823.0,3486680,0,26.97,27.18,26.6,26.98
603898,好莱客,12.91,-1.8996960486322187,-0.25,53230293.0,4129200,0,13.28,13.28,12.76,13.16
603899,晨光股份,27.54,-0.7925072046109597,-0.22000000000000242,92423587.0,3346888,0,27.7,27.76,27.46,27.76
603900,莱绅通灵,8.92,0.3374578177727712,0.02999999999999936,59138024.0,6583200,0,8.9,9.13,8.88,8.89
603901,永创智能,13.89,-3.070481507327282,-0.4399999999999995,206778495.0,14682359,0,14.33,14.52,13.86,14.33
603903,中持股份,14.36,-0.06958942240779253,-0.009999999999999787,78733466.0,5444119,0,14.4,14.84,14.3,14.37
603906,龙蟠科技,21.5,2.1377672209026097,0.4499999999999993,1664528312.0,75338094,0,22.6,23.16,21.49,21.05
603908,牧高笛,23.31,-0.9770603228547172,-0.23000000000000043,22144738.0,943672,0,23.54,23.7,23.29,23.54
603909,建发合诚,11.72,-1.013513513513507,-0.11999999999999922,59062806.0,5019255,0,11.81,11.89,11.6,11.84
603912,佳力图,8.5,-2.0737327188940062,-0.17999999999999972,104311794.0,12173670,0,8.71,8.71,8.49,8.68
603915,国茂股份,18.13,2.0258863252673014,0.35999999999999943,320280431.0,17689900,0,17.9,18.36,17.85,17.77
603916,苏博特,9.73,-0.10266940451745162,-0.009999999999999787,43828079.0,4511027,0,9.73,9.78,9.62,9.74
603917,合力科技,14.51,-1.3596193065941609,-0.20000000000000107,87403832.0,5997300,0,14.68,14.76,14.41,14.71
603918,金桥信息,15.54,1.1060507482107997,0.16999999999999993,145409986.0,9369184,0,15.4,15.63,15.35,15.37
603919,金徽酒,20.57,0.6852667645619215,0.14000000000000057,104463139.0,5096581,0,20.3,20.8,20.23,20.43
603920,世运电路,46.25,5.5695046792969585,2.4399999999999977,2134280366.0,47023623,0,43.65,46.55,43.34,43.81
603922,金鸿顺,19.1,-0.7792207792207718,-0.14999999999999858,59640894.0,3089040,0,19.24,19.63,19.05,19.25
603926,铁流股份,15.89,-1.670792079207918,-0.2699999999999996,54861650.0,3419260,0,16.22,16.22,15.86,16.16
603927,中科软,19.09,0.10487676979548807,0.019999999999999574,137520748.0,7180324,0,19.0,19.3,19.0,19.07
603928,兴业股份,16.76,-1.0625737898465155,-0.17999999999999972,138526142.0,8266030,0,16.95,17.01,16.57,16.94
603929,亚翔集成,100.6,-5.094339622641515,-5.400000000000006,1758098984.0,16067955,0,107.0,116.6,100.0,106.0
603931,格林达,32.74,-1.3558300692979686,-0.44999999999999574,170890674.0,5187578,0,33.15,33.4,32.7,33.19
603933,睿能科技,24.99,-2.000000000000006,-0.5100000000000016,518066545.0,20320581,0,25.93,26.5,24.9,25.5
603936,博敏电子,11.77,-0.8424599831507973,-0.09999999999999964,355521142.0,30094488,0,11.88,12.0,11.68,11.87
603937,丽岛新材,12.03,-0.08305647840531385,-0.009999999999999787,32875661.0,2719400,0,12.07,12.28,11.95,12.04
603938,三孚股份,20.88,5.295007564296524,1.0500000000000007,642746413.0,31629554,0,19.85,21.05,19.76,19.83
603939,益丰药房,22.49,-0.04444444444445139,-0.010000000000001563,142211794.0,6341169,0,22.56,22.75,22.3,22.5
603948,建业股份,26.39,-0.864012021036816,-0.23000000000000043,63428471.0,2397000,0,26.7,26.71,26.3,26.62
603949,雪龙集团,18.17,-1.624255549539779,-0.29999999999999716,45602127.0,2500600,0,18.41,18.48,18.02,18.47
603950,长源东谷,28.86,-3.2841823056300283,-0.9800000000000004,80202334.0,2754380,0,29.79,29.9,28.75,29.84
603955,大千生态,30.02,-1.7991494929669634,-0.5500000000000007,33625324.0,1112460,0,30.84,30.84,30.0,30.57
603956,威派格,6.37,-0.9331259720062148,-0.05999999999999961,42818467.0,6695500,0,6.42,6.46,6.34,6.43
603958,哈森股份,12.88,-0.6172839506172845,-0.08000000000000007,53562160.0,4116100,0,12.95,13.18,12.87,12.96
603959,百利科技,6.26,1.6233766233766176,0.09999999999999964,135582929.0,21769820,0,6.16,6.38,6.13,6.16
603960,克来机电,19.94,2.30887634684455,0.45000000000000284,223691833.0,11274254,0,19.52,20.36,19.36,19.49
603966,法兰泰克,11.42,-1.1255411255411323,-0.13000000000000078,126938973.0,11080060,0,11.5,11.58,11.37,11.55
603967,中创物流,12.73,-1.1645962732919282,-0.15000000000000036,45167798.0,3542849,0,12.88,12.91,12.65,12.88
603968,醋化股份,11.11,-1.594331266607615,-0.17999999999999972,18788463.0,1670900,0,11.31,11.37,11.11,11.29
603969,银龙股份,9.76,-0.9137055837563437,-0.08999999999999986,99278412.0,10102034,0,9.87,9.92,9.73,9.85
603970,中农立华,13.06,-0.6844106463878316,-0.08999999999999986,20915365.0,1596400,0,13.15,13.18,13.04,13.15
603976,正川股份,19.52,-1.3144590495450028,-0.26000000000000156,19984422.0,1018800,0,19.69,19.84,19.4,19.78
603977,国泰集团,14.4,-0.6211180124223592,-0.08999999999999986,600632282.0,41668700,0,14.49,14.67,14.1,14.49
603978,深圳新星,31.71,9.989594172736743,2.8800000000000026,911930558.0,29781694,0,30.08,31.71,29.0,28.83
603979,金诚信,81.5,8.550879062333513,6.420000000000002,914606460.0,11428517,0,76.8,82.59,75.5,75.08
603980,吉华集团,5.12,-0.9671179883945807,-0.04999999999999982,44577430.0,8650140,0,5.18,5.2,5.11,5.17
603982,泉峰汽车,8.47,-0.8196721311475237,-0.06999999999999851,45460122.0,5332195,0,8.55,8.63,8.43,8.54
603983,丸美生物,33.09,0.9149130832571036,0.30000000000000426,78255526.0,2368400,0,32.7,33.35,32.56,32.79
603985,恒润股份,15.14,-1.174934725848562,-0.17999999999999972,131637658.0,8642625,0,15.32,15.39,15.1,15.32
603986,兆易创新,226.97,2.2387387387387383,4.969999999999999,6722806560.0,29663127,0,221.0,230.0,220.0,222.0
603987,康德莱,8.69,-0.5720823798627084,-0.05000000000000071,35593426.0,4071550,0,8.78,8.81,8.67,8.74
603988,中电电机,24.67,-1.28051220488194,-0.31999999999999673,102174298.0,4119200,0,25.28,25.28,24.52,24.99
603989,艾华集团,16.72,-1.1235955056179852,-0.19000000000000128,115615691.0,6821550,0,17.08,17.89,16.65,16.91
603990,麦迪科技,16.37,0.5528255528255519,0.08999999999999986,387445632.0,23905724,0,16.28,16.5,16.0,16.28
603991,至正股份,72.93,-1.1788617886178732,-0.8699999999999903,138826424.0,1902296,0,73.28,74.01,72.46,73.8
603992,松霖科技,42.03,-5.508093525179847,-2.4499999999999957,372305723.0,8723988,0,43.6,43.94,41.6,44.48
603993,洛阳钼业,19.75,5.614973262032089,1.0500000000000007,5061761233.0,258406453,0,19.04,19.99,18.98,18.7
603995,甬金股份,18.28,-0.43572984749454413,-0.0799999999999983,95851511.0,5218734,0,18.23,18.52,18.23,18.36
603997,继峰股份,14.22,-0.9059233449477283,-0.129999999999999,144770023.0,10185937,0,14.38,14.45,14.02,14.35
603998,方盛制药,11.32,-1.3937282229965169,-0.16000000000000014,68679566.0,6042100,0,11.45,11.48,11.29,11.48
603999,读者传媒,6.92,-0.43165467625899634,-0.03000000000000025,113996777.0,16274846,0,7.12,7.15,6.91,6.95
605001,威奥股份,7.54,-0.6587615283267434,-0.04999999999999982,45330227.0,5987100,0,7.59,7.66,7.51,7.59
605003,众望布艺,29.6,3.388054488298996,0.9700000000000024,157385085.0,5373686,0,28.63,30.37,28.28,28.63
605005,合兴股份,20.11,-2.1411192214111985,-0.4400000000000013,114270174.0,5661890,0,20.37,20.54,20.0,20.55
605006,山东玻纤,7.43,0.13477088948786775,0.009999999999999787,50257428.0,6743360,0,7.42,7.5,7.39,7.42
605007,五洲特纸,15.61,10.007047216349543,1.42,744598812.0,48178375,0,15.61,15.61,14.7,14.19
605008,长鸿高科,14.76,-0.6060606060606051,-0.08999999999999986,44055443.0,2950840,0,14.86,15.2,14.7,14.85
605009,豪悦护理,31.48,-1.594248202563295,-0.509999999999998,71280442.0,2253284,0,31.8,31.89,31.4,31.99
605011,杭州热电,20.22,0.14858841010399992,0.029999999999997584,30846056.0,1526609,0,20.18,20.27,20.12,20.19
605016,百龙创园,21.51,-1.375515818431899,-0.29999999999999716,76864796.0,3540275,0,21.85,22.0,21.43,21.81
605018,长华集团,11.16,-1.2389380530973502,-0.14000000000000057,17842408.0,1592300,0,11.35,11.35,11.13,11.3
605020,永和股份,26.95,-0.9191176470588236,-0.25,161144491.0,5959121,0,27.21,27.35,26.7,27.2
605028,世茂能源,27.51,-0.9719222462203008,-0.2699999999999996,33431408.0,1207700,0,27.7,28.01,27.4,27.78
605033,美邦股份,19.76,0.3045685279187933,0.060000000000002274,46314361.0,2356900,0,19.7,19.84,19.46,19.7
605050,福然德,13.26,0.30257186081693754,0.03999999999999915,54151748.0,4091781,0,13.12,13.41,13.06,13.22
605055,迎丰股份,9.58,-2.24489795918368,-0.22000000000000064,113438655.0,11737400,0,9.6,9.9,9.53,9.8
605056,咸亨国际,17.13,-2.11428571428572,-0.370000000000001,111280058.0,6456494,0,17.65,17.65,16.97,17.5
605058,澳弘电子,30.39,-0.19704433497536528,-0.05999999999999872,73802743.0,2422002,0,30.47,30.73,30.2,30.45
605060,联德股份,38.59,0.5471599791558125,0.21000000000000085,157834794.0,4107400,0,38.38,39.21,37.34,38.38
605066,天正电气,7.43,-0.4021447721179658,-0.03000000000000025,70713418.0,9500650,0,7.47,7.49,7.38,7.46
605068,明新旭腾,28.52,-1.0065949323151655,-0.28999999999999915,56343805.0,1963800,0,28.8,29.15,28.28,28.81
605069,正和生态,12.27,0.8216926869350833,0.09999999999999964,230998567.0,18947590,0,11.78,12.48,11.78,12.17
605077,华康股份,15.27,-1.2289780077619745,-0.19000000000000128,45869917.0,2979977,0,15.37,15.64,15.24,15.46
605080,浙江自然,22.78,-1.1713665943600848,-0.2699999999999996,26155997.0,1143780,0,23.08,23.08,22.71,23.05
605081,*ST太和,9.9,-1.5904572564612338,-0.16000000000000014,30296798.0,3052750,0,10.05,10.06,9.8,10.06
605086,龙高股份,38.4,-1.437371663244359,-0.5600000000000023,103891927.0,2697820,0,38.76,39.15,37.91,38.96
605088,冠盛股份,35.0,-1.1299435028248548,-0.3999999999999986,184696333.0,5207332,0,35.05,36.07,34.85,35.4
605089,味知香,25.55,-1.0073614877954205,-0.259999999999998,39586917.0,1548338,0,25.8,25.81,25.43,25.81
605090,九丰能源,41.76,2.5036818851251743,1.019999999999996,2196466281.0,51768151,0,40.75,43.95,40.75,40.74
605098,行动教育,42.0,0.11918951132299678,0.04999999999999716,29565823.0,701640,0,42.39,42.59,41.88,41.95
605099,共创草坪,35.18,-4.1416893732970115,-1.5200000000000031,124895937.0,3488385,0,36.54,36.87,35.16,36.7
605100,华丰股份,42.56,3.8555392874573093,1.5800000000000054,228878796.0,5368144,0,40.5,43.66,40.5,40.98
605108,同庆楼,19.48,-2.1105527638190864,-0.41999999999999815,126990311.0,6478400,0,19.8,19.85,19.41,19.9
605111,新洁能,34.5,0.14513788098692934,0.04999999999999716,303249824.0,8770244,0,34.37,34.8,34.33,34.45
605116,奥锐特,24.45,2.301255230125526,0.5500000000000007,144417961.0,5926100,0,23.86,24.69,23.82,23.9
605117,德业股份,88.5,-1.425707284473158,-1.2800000000000011,784900140.0,8736043,0,89.8,91.11,88.5,89.78
605118,力鼎光电,29.6,-1.464713715046597,-0.4399999999999977,47753508.0,1602764,0,29.93,30.06,29.55,30.04
605122,四方新材,13.87,-0.21582733812950458,-0.030000000000001137,47834720.0,3462240,0,13.85,13.9,13.72,13.9
605123,派克新材,100.5,2.655771195097032,2.5999999999999943,1456000429.0,14428267,0,100.0,105.5,98.44,97.9
605128,上海沿浦,37.25,-2.282266526757601,-0.8699999999999974,108778705.0,2901815,0,38.19,38.39,37.0,38.12
605133,嵘泰股份,32.53,-1.9590114526823343,-0.6499999999999986,237101891.0,7220780,0,33.4,33.44,32.43,33.18
605136,丽人丽妆,11.12,-2.5416301489921205,-0.2900000000000009,286892999.0,25624503,0,11.31,11.45,11.03,11.41
605138,盛泰集团,7.05,-0.8438818565400914,-0.0600000000000005,25195527.0,3555700,0,7.13,7.19,7.03,7.11
605151,西上海,18.81,-1.7241379310344924,-0.33000000000000185,16246957.0,857800,0,19.25,19.25,18.8,19.14
605155,西大门,16.54,-0.7202881152461044,-0.120000000000001,35765394.0,2162140,0,16.76,16.76,16.36,16.66
605158,华达新材,7.93,-0.9987515605493142,-0.08000000000000007,15727670.0,1973250,0,8.03,8.06,7.9,8.01
605162,新中港,8.68,-0.8000000000000033,-0.07000000000000028,27519226.0,3156100,0,8.75,8.77,8.67,8.75
605166,聚合顺,10.37,-0.5752636625119895,-0.0600000000000005,28131553.0,2701800,0,10.43,10.46,10.36,10.43
605167,利柏特,13.73,-1.4357501794687673,-0.1999999999999993,367562309.0,26507100,0,13.73,14.45,13.52,13.93
605168,三人行,33.98,2.226233453670261,0.7399999999999949,270939877.0,8046509,0,33.1,34.36,32.78,33.24
605169,洪通燃气,13.25,-1.9245003700962235,-0.2599999999999998,55218360.0,4137208,0,13.5,13.51,13.24,13.51
605177,东亚药业,18.06,-0.5506607929515497,-0.10000000000000142,24537932.0,1349100,0,18.26,18.4,18.03,18.16
605178,时空科技,54.71,0.07316627034936737,0.03999999999999915,544221610.0,9864158,0,54.0,56.8,53.51,54.67
605179,一鸣食品,21.46,-0.6021306160259333,-0.129999999999999,133881598.0,6243100,0,21.36,21.66,21.26,21.59
605180,华生科技,14.42,-0.9615384615384654,-0.14000000000000057,20371371.0,1398069,0,14.6,14.73,14.42,14.56
605183,确成股份,19.68,-0.5055611729019283,-0.10000000000000142,29883712.0,1517700,0,19.71,19.88,19.57,19.78
605186,健麾信息,19.82,-1.588877855014897,-0.3200000000000003,31384174.0,1576300,0,20.06,20.14,19.73,20.14
605188,国光连锁,20.95,0.7211538461538393,0.14999999999999858,237796856.0,11304000,0,20.79,21.53,20.59,20.8
605189,富春染织,15.15,-2.509652509652502,-0.3899999999999988,51086056.0,3341294,0,15.53,15.58,15.05,15.54
605196,华通线缆,33.64,2.5609756097561083,0.8400000000000034,552590676.0,16796500,0,32.9,34.25,31.6,32.8
605198,安德利,36.58,-0.21822149481723488,-0.0799999999999983,31128726.0,852107,0,36.7,36.78,36.31,36.66
605199,ST葫芦娃,8.85,0.11312217194569894,0.009999999999999787,32138357.0,3620600,0,8.82,8.96,8.81,8.84
605208,永茂泰,13.3,0.30165912518854393,0.040000000000000924,66352560.0,5002288,0,13.36,13.43,13.15,13.26
605218,伟时电子,18.33,-1.5574650912996921,-0.2900000000000027,37107155.0,2015300,0,18.59,18.6,18.27,18.62
605222,起帆电缆,18.25,-0.16411378555799308,-0.030000000000001137,139919674.0,7758400,0,18.27,18.27,17.81,18.28
605228,神通科技,14.65,-2.072192513368987,-0.3100000000000005,79355525.0,5377100,0,15.05,15.05,14.55,14.96
605255,天普股份,180.18,5.2699228791773844,9.02000000000001,768319588.0,4253728,0,178.0,185.88,172.01,171.16
605258,协和电子,31.71,-1.460534493474204,-0.46999999999999886,51849444.0,1629300,0,32.11,32.31,31.43,32.18
605259,绿田机械,22.15,-1.2042818911686133,-0.2700000000000031,44770477.0,2014826,0,22.47,22.47,22.06,22.42
605266,健之佳,19.5,-0.4594180704441034,-0.08999999999999986,39359040.0,2009292,0,19.59,19.83,19.4,19.59
605268,王力安防,10.95,-2.144772117962469,-0.2400000000000002,62462153.0,5663300,0,11.13,11.22,10.91,11.19
605277,新亚电子,22.76,-1.12945264986967,-0.259999999999998,143439110.0,6285670,0,23.1,23.1,22.62,23.02
605286,同力天启,37.97,-0.15777018143571464,-0.060000000000002274,46447817.0,1229000,0,38.26,38.26,37.32,38.03
605287,德才股份,25.86,-1.3353681800839428,-0.3500000000000014,70595537.0,2685860,0,26.26,26.8,25.75,26.21
605288,凯迪股份,85.35,-0.2337814143775603,-0.20000000000000284,67218439.0,790400,0,87.86,87.86,83.4,85.55
605289,罗曼股份,65.29,-2.813337302768682,-1.8900000000000006,131706371.0,1983309,0,68.08,68.3,65.11,67.18
605296,神农集团,28.15,1.295430010795248,0.35999999999999943,49331783.0,1766054,0,27.79,28.15,27.64,27.79
605298,必得科技,39.42,-1.4253563390847719,-0.5700000000000003,58058074.0,1465957,0,39.99,40.3,39.17,39.99
605299,舒华体育,11.89,-0.33528918692371457,-0.03999999999999915,221328338.0,18732600,0,11.94,12.04,11.66,11.93
605300,佳禾食品,12.0,-1.6393442622950762,-0.1999999999999993,49214554.0,4078401,0,12.12,12.23,11.98,12.2
605303,园林股份,17.97,0.7851934941110521,0.14000000000000057,93008046.0,5142900,0,17.82,18.29,17.8,17.83
605305,中际联合,42.41,-0.7953216374269085,-0.3400000000000034,161588419.0,3790797,0,42.69,43.07,42.15,42.75
605318,法狮龙,69.26,6.570241575627035,4.27000000000001,370186049.0,5494900,0,66.5,71.47,63.31,64.99
605319,无锡振华,21.4,-2.0594965675057337,-0.45000000000000284,81703538.0,3789180,0,21.78,21.95,21.28,21.85
605333,沪光股份,29.83,0.4377104377104344,0.129999999999999,112764572.0,3760342,0,29.7,30.4,29.68,29.7
605336,帅丰电器,15.54,-2.386934673366839,-0.3800000000000008,46420069.0,2978600,0,15.92,15.92,15.45,15.92
605337,李子园,12.12,-1.3029315960912065,-0.16000000000000014,58923075.0,4828991,0,12.29,12.35,12.1,12.28
605338,巴比食品,28.49,-2.163461538461547,-0.6300000000000026,57748085.0,2013000,0,29.02,29.21,28.43,29.12
605339,南侨食品,20.9,-0.476190476190483,-0.10000000000000142,166257564.0,7905963,0,20.97,21.34,20.71,21.0
605358,立昂微,36.84,-1.2597158938622322,-0.46999999999999886,1314112059.0,35421928,0,37.8,37.99,36.54,37.31
605365,立达信,27.32,-1.7972681524083391,-0.5,543173977.0,20264033,0,27.27,28.01,25.07,27.82
605366,宏柏新材,6.39,0.3139717425431644,0.019999999999999574,95933962.0,15030011,0,6.41,6.47,6.31,6.37
605368,蓝天燃气,7.78,0.0,0.0,58642664.0,7532635,0,7.8,7.85,7.73,7.78
605369,拱东医疗,18.81,-1.363398007341382,-0.26000000000000156,18316034.0,970296,0,19.15,19.15,18.73,19.07
605376,博迁新材,65.15,0.2307692307692395,0.15000000000000568,337970634.0,5180343,0,64.56,66.45,63.8,65.0
605377,华旺科技,8.7,-1.5837104072398256,-0.14000000000000057,133689353.0,15285005,0,8.75,8.88,8.66,8.84
605378,野马电池,23.7,3.358046227649366,0.7699999999999996,262406569.0,11158952,0,23.03,23.87,23.03,22.93
605388,均瑶健康,7.76,-1.1464968152866224,-0.08999999999999986,101042525.0,13008320,0,7.78,7.86,7.72,7.85
605389,长龄液压,76.1,2.83783783783783,2.0999999999999943,146781895.0,1918840,0,74.0,78.5,73.58,74.0
605398,新炬网络,28.19,0.07099751508697044,0.019999999999999574,71504234.0,2525200,0,28.2,28.73,28.07,28.17
605399,晨光新材,14.01,1.3748191027496346,0.1899999999999995,139720680.0,9926094,0,14.07,14.26,13.87,13.82
605488,福莱新材,32.2,-2.2465088038858374,-0.7399999999999949,253158208.0,7787040,0,32.9,33.1,32.05,32.94
605499,东鹏饮料,268.33,-1.3891440961376023,-3.7800000000000296,319826562.0,1188178,0,272.15,272.82,267.84,272.11
605500,森林包装,9.36,-4.294478527607361,-0.41999999999999993,185829264.0,19704875,0,9.7,9.88,9.3,9.78
605507,国邦医药,23.76,-0.12610340479191923,-0.029999999999997584,58205233.0,2451263,0,23.7,23.89,23.57,23.79
605555,德昌股份,17.92,-2.6615969581748966,-0.48999999999999844,136916915.0,7563200,0,18.43,18.43,17.85,18.41
605566,福莱蒽特,32.05,9.986273164035678,2.9099999999999966,187139634.0,5981712,0,29.14,32.05,29.14,29.14
605567,春雪食品,10.99,-1.3464991023339348,-0.15000000000000036,32655816.0,2935800,0,11.17,11.27,10.98,11.14
605577,龙版传媒,12.77,-0.39001560062403046,-0.05000000000000071,28067527.0,2197400,0,12.81,12.88,12.65,12.82
605580,恒盛能源,25.9,-4.884318766066845,-1.3300000000000018,582612387.0,22003148,0,26.58,28.4,25.46,27.23
605588,冠石科技,51.13,-1.673076923076918,-0.8699999999999974,59347057.0,1156200,0,52.23,52.23,50.88,52.0
605589,圣泉集团,28.9,-1.264092927912542,-0.370000000000001,521938854.0,18059056,0,29.26,29.4,28.6,29.27
605598,上海港湾,68.09,10.000000000000007,6.190000000000005,1120544436.0,16919094,0,63.2,68.09,62.85,61.9
605599,菜百股份,16.18,-0.5531653349723409,-0.08999999999999986,39456822.0,2428550,0,16.26,16.4,16.12,16.27
688001,华兴源创,31.63,-1.1253516723976227,-0.35999999999999943,203653067.0,6414849,0,32.01,32.1,31.45,31.99
688002,睿创微纳,95.3,0.0,0.0,660942355.0,6974372,0,95.2,95.97,93.43,95.3
688003,天准科技,57.6,-1.0309278350515487,-0.6000000000000014,110952879.0,1917925,0,58.1,58.55,57.1,58.2
688004,博汇科技,23.27,-0.7675906183368858,-0.17999999999999972,27059370.0,1155242,0,23.5,23.7,23.21,23.45
688005,容百科技,34.05,6.539424280350427,2.0899999999999963,2222092786.0,65688053,0,32.55,35.0,32.4,31.96
688006,杭可科技,29.56,0.44172612979952086,0.129999999999999,262902731.0,8863836,0,29.44,30.2,29.2,29.43
688007,光峰科技,18.95,3.2697547683923585,0.5999999999999979,257437109.0,13788025,0,18.44,19.1,18.06,18.35
688008,澜起科技,120.88,-0.34624896949711603,-0.4200000000000017,2291736955.0,18911598,0,120.44,122.74,119.7,121.3
688009,中国通号,5.48,-0.3636363636363559,-0.019999999999999574,128926233.0,23444034,0,5.5,5.53,5.46,5.5
688010,福光股份,32.4,3.7796284433055725,1.1799999999999997,507511353.0,15279331,0,31.98,34.88,31.76,31.22
688011,新光光电,56.62,8.197974393273455,4.289999999999999,249062140.0,4506286,0,52.1,58.0,51.57,52.33
688012,中微公司,272.72,0.0,0.0,0.0,0,0,0.0,0.0,0.0,272.72
688013,天臣医疗,54.6,3.1356252361163657,1.6600000000000037,246919249.0,4543496,0,53.47,56.99,51.56,52.94
688015,交控科技,22.61,-1.1368605159597793,-0.26000000000000156,34093960.0,1495862,0,22.87,23.0,22.56,22.87
688016,心脉医疗,93.43,-0.4793353216872483,-0.44999999999998863,92775056.0,989456,0,93.31,94.28,93.21,93.88
688017,绿的谐波,169.48,1.339392489834956,2.2399999999999807,1032276575.0,6136979,0,167.2,172.0,165.2,167.24
688018,乐鑫科技,163.8,-1.1108427915962178,-1.839999999999975,440211938.0,2658359,0,164.73,167.99,163.35,165.64
688019,安集科技,217.8,-1.456881730160166,-3.219999999999999,399548807.0,1819890,0,220.0,222.9,217.6,221.02
688020,方邦股份,72.09,1.7501764290755246,1.240000000000009,145902278.0,2023471,0,71.28,73.5,70.16,70.85
688021,奥福科技,18.3,-1.6129032258064553,-0.3000000000000007,17489506.0,944597,0,18.6,18.78,18.28,18.6
688022,瀚川智能,15.3,-1.2265978050355035,-0.1899999999999995,94396991.0,6141559,0,15.28,15.57,15.17,15.49
688023,安恒信息,51.3,1.4034394149041187,0.7099999999999937,159056461.0,3075933,0,50.27,52.5,50.27,50.59
688025,杰普特,138.81,-2.4525650035137097,-3.490000000000009,258432974.0,1853092,0,141.04,142.95,137.69,142.3
688026,洁特生物,16.13,-1.5262515262515264,-0.25,24349007.0,1492683,0,16.43,16.54,16.13,16.38
688027,国盾量子,517.01,0.04837835745800759,0.25,1663188068.0,3171838,0,520.0,536.78,515.2,516.76
688028,沃尔德,57.21,-2.2051282051282035,-1.2899999999999991,375214735.0,6602414,0,57.78,58.47,55.77,58.5
688029,南微医学,83.4,-0.23923444976075198,-0.19999999999998863,81633001.0,980858,0,83.96,84.09,82.62,83.6
688030,山石网科,18.11,1.5703869882221042,0.28000000000000114,50026862.0,2740127,0,17.86,18.69,17.76,17.83
688031,星环科技,104.82,2.2733925261001056,2.3299999999999983,998496666.0,9509242,0,102.1,108.59,100.78,102.49
688032,禾迈股份,97.57,0.9414442375336195,0.9099999999999966,97136644.0,992235,0,96.38,98.8,96.38,96.66
688033,天宜新材,8.24,4.435994930291516,0.35000000000000053,605197816.0,74328124,0,7.89,8.5,7.81,7.89
688035,德邦科技,50.3,-2.292152292152292,-1.1799999999999997,148963546.0,2940609,0,51.01,51.46,49.95,51.48
688036,传音控股,67.11,-0.7688895460594353,-0.519999999999996,565400916.0,8426923,0,67.5,67.58,66.73,67.63
688037,芯源微,145.27,-2.5948772964999174,-3.869999999999976,600106913.0,4114063,0,149.0,149.85,144.0,149.14
688038,中科通达,16.37,-1.7406962785113993,-0.28999999999999915,29311683.0,1770947,0,16.72,16.84,16.35,16.66
688039,当虹科技,44.01,-1.5656452695146563,-0.7000000000000028,94708564.0,2138741,0,44.67,44.88,43.81,44.71
688041,海光信息,217.6,-1.2928101610342457,-2.8499999999999943,3145610189.0,14391107,0,219.62,221.28,216.04,220.45
688045,必易微,38.0,-2.263374485596714,-0.8800000000000026,41423520.0,1065055,0,38.88,39.39,38.0,38.88
688046,药康生物,15.38,-2.781289506953221,-0.4399999999999995,38232668.0,2462428,0,15.7,15.7,15.34,15.82
688047,龙芯中科,133.97,-1.7455078841217422,-2.3799999999999955,401296827.0,2971891,0,135.9,136.28,133.85,136.35
688048,长光华芯,141.14,-11.031265758951085,-17.5,3355840395.0,23349579,0,149.67,150.0,141.0,158.64
688049,炬芯科技,55.0,-0.03635041802981302,-0.020000000000003126,384204035.0,7014653,0,54.51,55.25,54.0,55.02
688050,爱博医疗,62.75,-0.5546751188589563,-0.3500000000000014,97198161.0,1544278,0,63.16,63.36,62.61,63.1
688051,佳华科技,43.31,7.978060334081285,3.200000000000003,176490332.0,4062288,0,42.76,44.88,41.6,40.11
688052,纳芯微,159.43,-2.166175748649976,-3.530000000000001,337249999.0,2106055,0,162.96,162.96,158.57,162.96
688053,ST思科瑞,38.1,3.927986906710325,1.4400000000000048,211089250.0,5502058,0,38.06,39.5,36.66,36.66
688055,龙腾光电,3.65,0.0,0.0,33882332.0,9240218,0,3.65,3.72,3.63,3.65
688056,莱伯泰科,33.67,-0.8247422680412404,-0.28000000000000114,10230245.0,300837,0,34.0,34.4,33.63,33.95
688057,金达莱,12.35,-1.4365522745410992,-0.17999999999999972,27121632.0,2189495,0,12.59,12.59,12.26,12.53
688058,宝兰德,26.89,-0.8115086683880446,-0.21999999999999886,30660877.0,1132096,0,27.11,27.42,26.78,27.11
688059,华锐精密,79.55,-2.3207269155206296,-1.8900000000000006,127338999.0,1585450,0,82.0,82.0,79.11,81.44
688060,云涌科技,42.18,-0.16568047337278174,-0.07000000000000028,13565707.0,318879,0,42.0,43.0,42.0,42.25
688061,灿瑞科技,32.42,-0.795593635250912,-0.259999999999998,26224080.0,807151,0,32.67,32.9,32.15,32.68
688062,迈威生物,39.94,-0.6467661691542416,-0.2600000000000051,134051566.0,3347727,0,40.0,40.38,39.68,40.2
688063,派能科技,59.4,1.7297482445624217,1.009999999999998,399395206.0,6694876,0,58.39,60.6,58.39,58.39
688065,凯赛生物,50.21,1.8251875887243938,0.8999999999999986,157043115.0,3140319,0,49.48,50.28,49.32,49.31
688066,航天宏图,29.73,2.024708304735758,0.5899999999999999,816657984.0,27274192,0,29.15,30.43,29.15,29.14
688067,爱威科技,24.25,-2.059773828756064,-0.5100000000000016,20461816.0,834345,0,24.78,24.88,24.23,24.76
688068,热景生物,165.0,-1.1976047904191618,-2.0,304824403.0,1879311,0,166.17,166.97,160.1,167.0
688069,德林海,21.27,-1.345083487940627,-0.28999999999999915,11829683.0,550289,0,21.79,21.79,21.2,21.56
688070,纵横股份,54.82,3.727530747398295,1.9699999999999989,143846823.0,2617352,0,53.97,56.0,53.57,52.85
688071,华依科技,33.81,-0.324292452830187,-0.10999999999999943,68392971.0,2016399,0,34.0,34.34,33.45,33.92
688072,拓荆科技,347.57,-1.0054115636570862,-3.5300000000000296,1291233792.0,3687602,0,350.0,359.19,345.17,351.1
688073,毕得医药,65.38,-2.1550434001795837,-1.4399999999999977,42530725.0,648386,0,66.7,67.0,65.03,66.82
688075,安旭生物,38.68,-0.8205128205128212,-0.3200000000000003,12853803.0,331234,0,38.99,39.01,38.54,39.0
688076,ST诺泰,38.55,-1.2298232129131539,-0.480000000000004,110532896.0,2860981,0,38.96,39.19,38.38,39.03
688077,大地熊,31.1,0.03216468317787573,0.010000000000001563,55669964.0,1783339,0,31.14,31.4,30.81,31.09
688078,龙软科技,27.05,-0.5880191106210957,-0.16000000000000014,18584144.0,683494,0,27.33,27.46,26.9,27.21
688079,美迪凯,11.52,-0.6039689387402958,-0.07000000000000028,69242842.0,5974492,0,11.51,11.8,11.44,11.59
688080,映翰通,51.07,0.05877742946708687,0.030000000000001137,81608648.0,1596358,0,50.95,51.73,50.52,51.04
688081,兴图新科,30.02,-3.6585365853658556,-1.1400000000000006,120190386.0,3961115,0,31.12,31.16,29.72,31.16
688082,盛美上海,178.57,-3.003802281368822,-5.530000000000001,610868150.0,3380104,0,184.37,184.57,178.0,184.1
688083,中望软件,67.05,-0.7401924500370096,-0.5,88308185.0,1308343,0,67.22,68.15,66.91,67.55
688084,晶品特装,78.12,0.02560819462229223,0.020000000000010232,91015113.0,1169168,0,77.9,79.07,76.58,78.1
688085,三友医疗,17.74,-1.3896609227348529,-0.25,51901367.0,2894551,0,17.91,18.19,17.69,17.99
688087,英科再生,30.9,-1.9047619047619095,-0.6000000000000014,47771702.0,1537104,0,31.43,31.59,30.78,31.5
688088,虹软科技,48.09,-1.2119967132292446,-0.5899999999999963,234677601.0,4837061,0,48.6,49.1,48.04,48.68
688089,嘉必优,23.73,0.5082592121982252,0.120000000000001,54667103.0,2311413,0,23.61,23.88,23.43,23.61
688090,瑞松科技,40.58,0.8198757763975113,0.3299999999999983,182086710.0,4516204,0,40.25,41.18,39.8,40.25
688091,上海谊众,47.81,-2.0688242523555878,-1.009999999999998,138279035.0,2862285,0,49.29,49.29,47.5,48.82
688092,爱科科技,24.58,0.0,0.0,24377140.0,985168,0,24.86,24.95,24.51,24.58
688093,世华科技,37.21,-0.5877638258081722,-0.21999999999999886,102943310.0,2759118,0,37.3,37.71,36.91,37.43
688095,福昕软件,84.7,-1.8539976825028903,-1.5999999999999943,157293065.0,1840557,0,86.3,86.86,84.46,86.3
688096,京源环保,7.64,-0.6501950585175644,-0.05000000000000071,23032810.0,2990533,0,7.69,7.78,7.63,7.69
688097,博众精工,34.6,-0.9730967372638705,-0.3399999999999963,111956967.0,3223363,0,35.05,35.16,34.4,34.94
688098,申联生物,8.91,-0.6688963210702397,-0.0600000000000005,25113862.0,2807565,0,9.0,9.03,8.86,8.97
688099,晶晨股份,87.9,-1.3357279155909727,-1.1899999999999977,639058481.0,7270773,0,88.8,89.68,86.65,89.09
688100,威胜信息,39.01,3.888149134487353,1.4600000000000009,276802084.0,7091358,0,38.0,39.5,38.0,37.55
688101,三达膜,16.64,-0.1799640071985671,-0.030000000000001137,43985626.0,2637077,0,16.67,16.84,16.58,16.67
688102,斯瑞新材,37.88,-1.8144116122343075,-0.6999999999999957,2506085327.0,64870981,0,38.0,40.77,37.1,38.58
688103,国力电子,62.18,0.7453013609850954,0.46000000000000085,108681060.0,1740404,0,61.71,63.65,61.1,61.72
688105,诺唯赞,19.9,-0.2506265664160437,-0.05000000000000071,29151977.0,1458874,0,19.95,20.17,19.88,19.95
688106,金宏气体,20.0,-0.8428358948934145,-0.1700000000000017,134501612.0,6711071,0,20.23,20.23,19.86,20.17
688107,安路科技,27.17,-0.11029411764704995,-0.029999999999997584,108783662.0,3994581,0,26.81,27.56,26.81,27.2
688108,赛诺医疗,20.89,2.251590797846309,0.46000000000000085,1164173180.0,57203362,0,20.01,21.27,19.52,20.43
688109,品茗科技,145.0,1.6117729502452778,2.3000000000000114,389827535.0,2692023,0,144.44,148.49,140.29,142.7
688110,东芯股份,123.04,4.03314449987318,4.77000000000001,3469914755.0,28164604,0,116.47,127.33,116.05,118.27
688111,金山办公,301.74,-0.26772434308378856,-0.8100000000000023,891421955.0,2943379,0,303.0,305.35,301.03,302.55
688112,鼎阳科技,37.58,-0.8443271767810034,-0.3200000000000003,44310977.0,1177631,0,37.89,38.0,37.37,37.9
688113,联测科技,39.18,-0.8854034910194825,-0.3500000000000014,23208028.0,591317,0,39.53,39.61,39.0,39.53
688114,华大智造,62.18,-0.6867912474045675,-0.4299999999999997,136054721.0,2185868,0,62.11,62.88,61.89,62.61
688115,思林杰,69.65,3.568773234200752,2.4000000000000057,93392919.0,1366522,0,67.26,70.0,66.33,67.25
688116,天奈科技,48.0,1.1164946281862254,0.5300000000000011,395700387.0,8229989,0,47.8,48.8,47.43,47.47
688117,圣诺生物,40.89,2.3017262947210453,0.9200000000000017,264014645.0,6506022,0,40.19,41.16,39.67,39.97
688118,普元信息,24.44,0.08190008190008015,0.019999999999999574,34411208.0,1403032,0,24.66,24.76,24.2,24.42
688119,中钢洛耐,5.66,3.4734917733089654,0.1900000000000004,342653478.0,61200765,0,5.41,5.75,5.41,5.47
688120,华海清科,157.88,0.5605095541401245,0.8799999999999955,731514074.0,4646533,0,156.4,158.87,155.79,157.0
688121,卓然股份,11.22,-2.0087336244541367,-0.22999999999999865,49639484.0,4398971,0,11.48,11.48,11.18,11.45
688122,西部超导,73.58,-1.7623497997329869,-1.3200000000000074,2000846931.0,26929892,0,76.0,76.0,72.72,74.9
688123,聚辰股份,129.83,-0.22287119581923764,-0.28999999999999204,906360231.0,6894350,0,129.0,134.88,128.5,130.12
688125,安达智能,116.77,-0.45183290707587487,-0.5300000000000011,195049993.0,1674602,0,117.5,122.0,114.01,117.3
688126,沪硅产业,21.71,-0.4585052728106276,-0.09999999999999787,658200193.0,30101770,0,22.0,22.45,21.52,21.81
688127,蓝特光学,37.6,1.3477088948787062,0.5,276819001.0,7278422,0,37.17,39.29,36.93,37.1
688128,中国电研,29.55,-0.3372681281618815,-0.09999999999999787,62203084.0,2100615,0,29.79,29.84,29.42,29.65
688129,东来技术,19.95,-0.7956240676280466,-0.16000000000000014,14300498.0,712513,0,20.12,20.34,19.91,20.11
688130,晶华微,21.08,-1.4953271028037398,-0.3200000000000003,17685221.0,833356,0,21.39,21.43,21.02,21.4
688131,皓元医药,71.05,-3.0034129692832803,-2.200000000000003,178297598.0,2482648,0,72.81,73.25,70.73,73.25
688132,邦彦技术,18.74,-0.26609898882384625,-0.05000000000000071,24376834.0,1291873,0,18.9,19.03,18.63,18.79
688133,泰坦科技,22.18,-0.7162041181736801,-0.16000000000000014,34611976.0,1554214,0,22.28,22.48,22.11,22.34
688135,利扬芯片,27.71,-1.2121212121212115,-0.33999999999999986,124641997.0,4465951,0,28.07,28.32,27.66,28.05
688136,科兴制药,32.12,-0.7416563658838133,-0.240000000000002,62651330.0,1944922,0,32.57,32.57,31.93,32.36
688137,近岸蛋白,40.74,-1.020408163265293,-0.4199999999999946,10757330.0,263108,0,41.16,41.36,40.56,41.16
688138,清溢光电,28.63,-0.8313127814340213,-0.240000000000002,95071830.0,3306437,0,28.88,29.12,28.4,28.87
688139,海尔生物,31.66,0.18987341772151492,0.05999999999999872,50409021.0,1586801,0,31.68,31.95,31.52,31.6
688141,杰华特,43.93,0.6414662084765205,0.28000000000000114,1061071791.0,24462050,0,43.25,45.29,41.88,43.65
688143,长盈通,47.0,-1.8993946983928127,-0.9099999999999966,348617436.0,7393813,0,47.91,48.03,46.02,47.91
688146,中船特气,41.52,-0.5985156811108451,-0.25,163621234.0,3922475,0,41.82,41.95,41.45,41.77
688147,微导纳米,66.48,-2.878013148283417,-1.9699999999999989,446823951.0,6645904,0,68.02,68.75,66.03,68.45
688148,芳源股份,9.32,-0.2141327623126293,-0.019999999999999574,332462755.0,35147054,0,9.54,9.74,9.21,9.34
688150,莱特光电,29.09,-1.3563919972872114,-0.3999999999999986,848516040.0,29163623,0,29.38,30.13,28.3,29.49
688151,华强科技,20.11,-0.24801587301587655,-0.05000000000000071,30119199.0,1495206,0,20.01,20.28,20.01,20.16
688152,麒麟信安,41.47,0.704225352112674,0.28999999999999915,87960202.0,2105979,0,41.01,42.8,41.01,41.18
688153,唯捷创芯,38.28,0.18319811567652522,0.07000000000000028,149306421.0,3866334,0,38.08,39.2,37.99,38.21
688155,先惠技术,60.12,0.3672787979966592,0.21999999999999886,122874156.0,2036949,0,59.5,61.43,59.5,59.9
688156,路德科技,16.06,-1.9536019536019553,-0.3200000000000003,18393161.0,1132709,0,16.46,16.57,15.98,16.38
688157,松井股份,37.4,-3.0837004405286463,-1.1900000000000048,112978219.0,2992076,0,38.1,38.87,37.05,38.59
688158,优刻得,29.71,19.9919224555735,4.949999999999999,2854141510.0,99865393,0,24.85,29.71,24.74,24.76
688159,有方科技,49.18,-1.5218261914297118,-0.759999999999998,162172218.0,3275939,0,50.0,50.08,49.0,49.94
688160,步科股份,101.38,-1.5536997475237992,-1.6000000000000085,218411463.0,2136854,0,102.96,106.25,99.5,102.98
688161,威高骨科,28.31,-0.9100455022751192,-0.26000000000000156,22837767.0,803360,0,28.55,28.68,28.25,28.57
688162,巨一科技,30.48,-1.3272903852379414,-0.41000000000000014,34142608.0,1112986,0,30.9,30.98,30.38,30.89
688163,赛伦生物,21.69,-2.0767494356659024,-0.4599999999999973,16612582.0,760674,0,22.15,22.29,21.57,22.15
688165,埃夫特,23.2,1.3986013986014,0.3200000000000003,524407883.0,22934487,0,22.8,23.39,22.4,22.88
688166,博瑞医药,50.21,-0.8295476989926954,-0.4200000000000017,236503327.0,4686298,0,50.63,50.97,49.92,50.63
688167,炬光科技,170.8,-3.660668960460252,-6.489999999999981,654975824.0,3800244,0,177.28,177.28,169.77,177.29
688168,安博通,74.17,-1.8915343915343819,-1.4299999999999926,65430466.0,872309,0,75.53,76.14,74.09,75.6
688169,石头科技,154.0,0.07798284377437259,0.12000000000000455,362132426.0,2353439,0,154.0,154.67,153.06,153.88
688170,德龙激光,34.07,1.127931136835864,0.38000000000000256,202256928.0,5894098,0,33.33,35.2,33.15,33.69
688171,纬德信息,41.5,-1.2375059495478418,-0.5200000000000031,22792331.0,546983,0,42.28,42.55,41.0,42.02
688172,燕东微,27.99,-4.7311095983662375,-1.3900000000000006,626466594.0,21623683,0,28.96,29.98,27.94,29.38
688173,希荻微,14.88,-1.1295681063122918,-0.16999999999999993,118773658.0,7900650,0,15.07,15.24,14.86,15.05
688175,高凌信息,27.73,-1.4920071047957306,-0.41999999999999815,36537137.0,1306669,0,27.7,28.4,27.3,28.15
688176,亚虹医药,11.06,-0.8960573476702477,-0.09999999999999964,67935283.0,6150510,0,11.2,11.2,10.93,11.16
688177,百奥泰,23.59,-0.337980566117456,-0.08000000000000185,30982352.0,1312778,0,23.67,23.78,23.38,23.67
688178,万德斯,24.65,0.1625355546525768,0.03999999999999915,9965296.0,403333,0,24.94,24.96,24.4,24.61
688179,阿拉丁,12.65,-1.4797507788161957,-0.1899999999999995,51265163.0,4035193,0,12.88,12.88,12.56,12.84
688180,君实生物,34.99,-0.028571428571422888,-0.00999999999999801,163321347.0,4669579,0,34.88,35.15,34.82,35.0
688181,八亿时空,33.32,-2.3160363529756642,-0.7899999999999991,140183246.0,4170752,0,34.38,34.38,33.23,34.11
688182,灿勤科技,28.06,0.971572508096436,0.2699999999999996,232529317.0,8273166,0,27.69,29.12,27.35,27.79
688183,生益电子,100.38,0.25968837395124944,0.2599999999999909,1444654171.0,14489883,0,100.0,101.25,97.23,100.12
688184,ST帕瓦,9.49,0.21119324181625734,0.019999999999999574,5187053.0,544799,0,9.46,9.6,9.46,9.47
688185,康希诺,64.07,0.06247071685146344,0.03999999999999204,53381039.0,833577,0,64.03,64.39,63.73,64.03
688186,广大特材,23.15,-0.5156854318865536,-0.120000000000001,217613141.0,9373010,0,23.35,23.48,22.9,23.27
688187,时代电气,50.53,-0.5706414797323872,-0.28999999999999915,159842805.0,3157005,0,50.83,51.05,50.31,50.82
688188,柏楚电子,136.0,2.363390034622901,3.1399999999999864,264938125.0,1952000,0,133.0,136.9,132.6,132.86
688189,南新制药,8.04,-1.711491442542794,-0.14000000000000057,42819882.0,5292470,0,8.2,8.22,8.01,8.18
688190,云路股份,101.56,-0.11801730920535458,-0.12000000000000455,43928072.0,430414,0,102.0,103.56,101.0,101.68
688191,智洋创新,31.16,0.06422607578676806,0.019999999999999574,183312757.0,5947750,0,31.0,31.98,30.03,31.14
688192,迪哲医药,58.14,-0.3769705277587369,-0.21999999999999886,92255130.0,1586350,0,58.08,58.65,57.66,58.36
688193,仁度生物,48.55,0.16505054672993252,0.0799999999999983,17590230.0,362666,0,48.29,48.85,48.03,48.47
688195,腾景科技,176.5,-5.71581196581196,-10.699999999999989,1548131769.0,8708073,0,185.63,187.0,175.01,187.2
688196,卓越新能,55.76,-2.2268981237945,-1.2700000000000031,65198214.0,1169924,0,57.33,57.33,55.3,57.03
688197,首药控股,35.3,-4.1281912004345545,-1.5200000000000031,53158726.0,1489902,0,36.77,36.84,35.2,36.82
688198,佰仁医疗,111.02,1.6666666666666603,1.8199999999999932,54489855.0,497911,0,109.5,111.37,107.65,109.2
688199,久日新材,24.95,1.6293279022403202,0.3999999999999986,233478621.0,9359882,0,24.45,25.88,23.9,24.55
688200,华峰测控,190.0,-1.7884834074227272,-3.460000000000008,370673558.0,1937925,0,191.8,194.76,189.11,193.46
688201,信安世纪,13.32,0.07513148009015617,0.009999999999999787,88414973.0,6604930,0,13.2,13.51,13.18,13.31
688202,美迪西,57.59,-1.3024850042844867,-0.759999999999998,125694088.0,2172843,0,57.91,58.8,57.17,58.35
688203,海正生材,12.81,-0.6206361520558578,-0.08000000000000007,20973915.0,1626857,0,12.86,13.02,12.74,12.89
688205,德科立,145.51,-4.7709424083769765,-7.2900000000000205,1782871032.0,12221099,0,148.99,150.5,142.0,152.8
688206,概伦电子,35.49,0.45287291253892925,0.1600000000000037,147884333.0,4160018,0,35.66,35.86,35.06,35.33
688207,格灵深瞳,15.15,-0.13183915622939732,-0.019999999999999574,64123820.0,4215731,0,15.14,15.35,15.06,15.17
688208,道通科技,35.77,-1.5143171806167322,-0.5499999999999972,375620154.0,10478778,0,36.3,36.3,35.45,36.32
688209,英集芯,20.54,0.04870920603993186,0.00999999999999801,187081555.0,9037507,0,20.5,21.12,20.43,20.53
688210,统联精密,54.96,1.9666048237476852,1.0600000000000023,245246450.0,4478958,0,53.96,56.3,52.78,53.9
688211,中科微至,30.41,-1.1699707507312298,-0.35999999999999943,8278914.0,270238,0,30.72,30.9,30.37,30.77
688212,澳华内镜,44.25,-1.1835640911121061,-0.5300000000000011,53783237.0,1208185,0,44.78,44.93,44.21,44.78
688213,思特威,95.68,1.8088955096829142,1.7000000000000028,574808725.0,6058109,0,94.15,95.83,93.86,93.98
688215,瑞晟智能,69.88,-3.0117973629424037,-2.1700000000000017,92877822.0,1310169,0,72.49,73.8,69.73,72.05
688216,气派科技,22.04,-0.8992805755395652,-0.1999999999999993,23253272.0,1045934,0,22.35,22.52,22.0,22.24
688217,睿昂基因,26.12,-1.3595166163141972,-0.35999999999999943,16779026.0,635423,0,26.76,26.76,26.03,26.48
688218,江苏北人,22.25,-2.197802197802198,-0.5,65192006.0,2904133,0,22.69,22.98,22.12,22.75
688219,会通股份,12.08,-1.8683996750609295,-0.23000000000000043,101334150.0,8318845,0,12.31,12.34,12.05,12.31
688220,翱捷科技,82.3,-1.4961101137043686,-1.25,437208605.0,5271263,0,82.99,84.47,82.02,83.55
688221,前沿生物,19.08,-2.702702702702709,-0.5300000000000011,174887739.0,9116476,0,19.31,19.9,19.02,19.61
688222,成都先导,23.97,-1.1546391752577367,-0.28000000000000114,198002362.0,8228972,0,24.11,24.3,23.83,24.25
688223,晶科能源,5.72,1.7793594306049758,0.09999999999999964,656313829.0,114000366,0,5.75,5.83,5.69,5.62
688225,亚信安全,18.98,4.000000000000002,0.7300000000000004,232293929.0,11941841,0,18.6,20.05,18.5,18.25
688226,威腾电气,37.28,-7.836835599505567,-3.1700000000000017,386055382.0,10143688,0,40.44,40.49,36.93,40.45
688227,品高股份,65.82,0.5192425167990061,0.3399999999999892,209143568.0,3174095,0,65.48,66.97,64.6,65.48
688228,开普云,211.08,-0.8082706766917287,-1.7199999999999989,376819234.0,1770264,0,206.66,220.0,206.66,212.8
688229,博睿数据,61.79,0.6515719172503642,0.3999999999999986,70714553.0,1137010,0,61.39,63.18,61.39,61.39
688230,芯导科技,70.77,6.822641509433956,4.519999999999996,250206482.0,3518686,0,74.0,74.0,69.93,66.25
688231,隆达股份,26.82,-2.5790047221213253,-0.7100000000000009,201404312.0,7405755,0,27.53,28.03,26.5,27.53
688232,新点软件,24.9,-0.7177033492822955,-0.17999999999999972,28311057.0,1130520,0,25.08,25.22,24.89,25.08
688233,神工股份,70.43,-2.1669676343936493,-1.559999999999988,592398836.0,8283230,0,70.6,74.3,69.8,71.99
688234,天岳先进,89.7,-3.0898876404494375,-2.8599999999999994,644271332.0,7141793,0,92.81,92.81,89.14,92.56
688235,百济神州,275.06,0.73612891411829,2.009999999999991,493195256.0,1804022,0,271.93,276.39,271.16,273.05
688236,春立医疗,23.71,-1.8219461697722472,-0.4399999999999977,20042978.0,840379,0,24.2,24.2,23.61,24.15
688237,超卓航科,47.63,-0.8740894901144529,-0.4199999999999946,39024450.0,816961,0,48.2,48.53,47.31,48.05
688238,和元生物,6.68,-1.4749262536873233,-0.10000000000000053,36586573.0,5434729,0,6.79,6.81,6.68,6.78
688239,航宇科技,65.2,3.328050713153726,2.1000000000000014,770081729.0,12013551,0,63.07,66.2,61.7,63.1
688244,永信至诚,24.5,1.7441860465116352,0.4200000000000017,154625438.0,6305881,0,24.3,24.93,23.95,24.08
688246,嘉和美康,24.28,-1.180301180301177,-0.28999999999999915,89763323.0,3677108,0,24.36,24.78,24.02,24.57
688247,宣泰医药,9.89,-1.2974051896207486,-0.129999999999999,30726825.0,3075354,0,10.15,10.18,9.85,10.02
688248,南网科技,45.08,0.7599463567277521,0.3399999999999963,144201435.0,3195291,0,45.0,45.49,44.55,44.74
688249,晶合集成,34.04,-0.40959625511995484,-0.14000000000000057,1333098384.0,38579556,0,34.02,35.4,33.74,34.18
688251,井松智能,28.2,-3.0594706084565164,-0.8900000000000006,53721967.0,1890008,0,29.02,29.04,28.12,29.09
688252,天德钰,21.68,-1.1399908800729595,-0.25,72651484.0,3332514,0,21.93,22.01,21.65,21.93
688253,英诺特,30.86,-0.8036001285760206,-0.25,35346303.0,1143497,0,31.15,31.15,30.69,31.11
688255,凯尔达,35.69,-3.0163043478260856,-1.1099999999999994,90247051.0,2513244,0,36.63,36.98,35.35,36.8
688256,寒武纪,1303.89,-1.1762833387650526,-15.519999999999982,6276085535.0,4784797,0,1302.0,1334.15,1290.1,1319.41
688257,新锐股份,34.9,4.054859868813356,1.3599999999999994,300260871.0,8678606,0,33.52,35.0,33.22,33.54
688258,卓易信息,72.74,6.970588235294111,4.739999999999995,474344414.0,6656952,0,68.01,73.38,67.2,68.0
688259,创耀科技,41.22,-1.2221423436376662,-0.509999999999998,87375899.0,2107081,0,41.6,41.97,41.13,41.73
688260,昀冢科技,30.18,1.173315454240702,0.3500000000000014,188557257.0,6254569,0,29.78,30.66,29.36,29.83
688261,东微半导,71.29,-2.9275599128540186,-2.1499999999999915,265301570.0,3677252,0,72.5,73.18,71.12,73.44
688262,国芯科技,29.45,0.033967391304341066,0.00999999999999801,309708290.0,10436163,0,29.48,30.21,29.3,29.44
688265,南模生物,41.25,-2.3206251479990456,-0.9799999999999969,22475160.0,540523,0,42.14,42.39,41.25,42.23
688266,泽璟制药,99.53,-0.14046352964783843,-0.14000000000000057,153623245.0,1530228,0,99.44,101.77,98.95,99.67
688267,中触媒,27.77,-0.3230437903804733,-0.08999999999999986,38515181.0,1385912,0,27.86,28.17,27.59,27.86
688268,华特气体,59.43,-2.365697387875797,-1.4399999999999977,198071110.0,3298210,0,61.2,61.2,59.3,60.87
688269,凯立新材,40.83,0.6160670280926565,0.25,89077627.0,2192567,0,40.88,41.59,39.91,40.58
688270,臻镭科技,138.0,3.3707865168539324,4.5,5069890277.0,37636063,0,133.98,140.0,129.6,133.5
688271,联影医疗,130.32,0.5400401172658452,0.6999999999999886,470712004.0,3628887,0,128.83,130.98,128.28,129.62
688272,富吉瑞,29.58,0.6122448979591828,0.17999999999999972,122335800.0,4149795,0,29.25,30.29,28.5,29.4
688273,麦澜德,38.56,-4.507181773155028,-1.8200000000000003,126727731.0,3226060,0,40.4,40.65,38.43,40.38
688275,万润新能,82.0,7.555089192025191,5.760000000000005,960339128.0,11658359,0,84.0,86.66,79.25,76.24
688276,百克生物,19.19,-0.3116883116883051,-0.05999999999999872,35037613.0,1819836,0,19.2,19.36,19.16,19.25
688277,天智航,14.82,-1.7892644135188838,-0.2699999999999996,59478682.0,3968743,0,15.09,15.25,14.79,15.09
688278,特宝生物,82.61,2.1137206427688424,1.7099999999999937,117797498.0,1426797,0,80.8,83.2,80.8,80.9
688279,峰岹科技,186.5,-2.4938568515710826,-4.77000000000001,157928067.0,841204,0,189.91,191.24,184.21,191.27
688280,精进电动,8.51,-1.5046296296296386,-0.13000000000000078,81806538.0,9555054,0,8.69,8.7,8.46,8.64
688281,华秦科技,74.29,5.585559977259816,3.930000000000007,412152953.0,5659707,0,70.01,74.6,69.6,70.36
688282,理工导航,60.08,-0.6942148760330608,-0.4200000000000017,83596960.0,1394749,0,60.5,61.3,58.2,60.5
688283,坤恒顺维,37.31,0.18796992481203081,0.07000000000000028,123186548.0,3333438,0,37.45,37.6,36.31,37.24
688285,高铁电气,8.81,-1.122334455667785,-0.09999999999999964,14242904.0,1605953,0,8.96,8.97,8.79,8.91
688286,敏芯股份,77.8,-1.5189873417721556,-1.2000000000000028,122730256.0,1565355,0,78.51,79.7,77.46,79.0
688287,*ST观典,6.1,-3.937007874015748,-0.25,39227197.0,6337918,0,6.37,6.4,5.96,6.35
688288,鸿泉技术,27.25,-1.3753166847629352,-0.379999999999999,36996018.0,1350688,0,27.5,27.86,26.89,27.63
688289,圣湘生物,19.13,-0.05224660397075007,-0.010000000000001563,49174343.0,2563613,0,19.16,19.28,19.11,19.14
688290,景业智能,61.36,3.683676917877661,2.1799999999999997,250949919.0,4210399,0,58.8,62.68,56.75,59.18
688291,金橙子,40.68,7.335092348284963,2.780000000000001,433931010.0,10500855,0,37.53,43.39,37.37,37.9
688292,浩瀚深度,27.99,3.475046210720879,0.9399999999999977,219381112.0,7937677,0,26.78,28.58,26.4,27.05
688293,奥浦迈,52.32,-0.7022205352059165,-0.36999999999999744,32674141.0,628706,0,52.88,52.88,51.39,52.69
688295,中复神鹰,31.28,12.558474271320627,3.490000000000002,457607138.0,14861130,0,27.92,32.68,27.62,27.79
688296,和达科技,13.28,-1.263940520446096,-0.16999999999999993,24534947.0,1831968,0,13.54,13.55,13.21,13.45
688297,中无人机,46.24,-0.9850107066381173,-0.46000000000000085,300875051.0,6479180,0,46.65,46.97,45.95,46.7
688298,东方生物,24.13,-0.5768438401318523,-0.14000000000000057,27533032.0,1138225,0,24.36,24.36,24.09,24.27
688299,长阳科技,17.35,0.0,0.0,115545657.0,6637931,0,17.35,17.58,17.26,17.35
688300,联瑞新材,63.69,-1.5001546551190827,-0.9699999999999989,283493513.0,4437881,0,64.65,65.04,63.14,64.66
688301,奕瑞科技,103.0,-2.4344037131760854,-2.569999999999993,363473427.0,3544891,0,105.57,106.78,101.26,105.57
688302,海创药业,50.29,-1.9114491905597892,-0.980000000000004,81725129.0,1617619,0,51.27,51.27,50.23,51.27
688303,大全能源,28.23,1.619870410367168,0.4499999999999993,449734005.0,15706049,0,28.78,29.28,28.13,27.78
688305,科德数控,59.32,1.0734367013119825,0.6300000000000026,150784852.0,2534102,0,59.18,60.3,58.7,58.69
688306,均普智能,11.37,-3.151618398637147,-0.370000000000001,270545039.0,23531231,0,11.65,11.7,11.32,11.74
688307,中润光学,45.51,-1.4294996751137181,-0.6600000000000037,189167893.0,4177278,0,46.45,46.8,44.09,46.17
688308,欧科亿,31.43,-0.41191381495563695,-0.129999999999999,179372048.0,5657337,0,31.6,32.3,31.14,31.56
688309,恒誉环保,23.28,-1.4811680067710447,-0.34999999999999787,17486437.0,740292,0,23.68,23.89,23.21,23.63
688310,迈得医疗,15.47,-1.5903307888040712,-0.25,38001211.0,2434413,0,15.72,15.98,15.43,15.72
688311,盟升电子,48.33,13.02619270346118,5.57,965913510.0,20780864,0,42.34,49.44,41.91,42.76
688312,燕麦科技,33.39,-0.32835820895522216,-0.10999999999999943,93967488.0,2801724,0,33.59,33.92,33.11,33.5
688313,仕佳光子,91.19,-5.46340452000829,-5.269999999999996,2549816292.0,27580340,0,95.5,95.5,90.55,96.46
688314,康拓医疗,32.36,-0.3080714725816433,-0.10000000000000142,25658700.0,784208,0,32.34,33.21,32.34,32.46
688315,诺禾致源,13.4,-0.6671608598962183,-0.08999999999999986,29945192.0,2225797,0,13.53,13.57,13.36,13.49
688316,青云科技,61.1,5.617977528089887,3.25,234650004.0,3849289,0,57.88,63.63,57.72,57.85
688317,之江生物,20.15,-1.659346022449975,-0.33999999999999986,21077365.0,1040226,0,20.56,20.56,20.13,20.49
688318,财富趋势,134.49,0.34320674475864205,0.46000000000000796,573229395.0,4220003,0,133.52,137.88,133.01,134.03
688319,欧林生物,25.65,1.3833992094861576,0.34999999999999787,109020343.0,4300428,0,25.25,25.93,24.93,25.3
688320,禾川科技,34.65,-0.9433962264150896,-0.3299999999999983,209476333.0,5969129,0,34.48,35.78,34.4,34.98
688321,微芯生物,29.01,-0.2063983488132051,-0.05999999999999872,157193430.0,5406975,0,29.07,29.27,28.85,29.07
688322,奥比中光,86.5,1.4186891780982456,1.2099999999999937,671852929.0,7744436,0,85.28,88.27,84.78,85.29
688323,瑞华泰,25.27,7.8531796841656,1.8399999999999999,556096357.0,22880128,0,23.43,25.48,22.63,23.43
688325,赛微微电,91.43,-2.858053548661281,-2.6899999999999977,95530769.0,1027046,0,94.5,95.87,91.08,94.12
688326,经纬恒润,117.85,3.196147110332742,3.6499999999999915,429974002.0,3680485,0,113.3,119.82,112.05,114.2
688327,云从科技,14.19,1.2125534950071322,0.16999999999999993,388058959.0,27216691,0,14.01,14.53,13.94,14.02
688328,深科达,28.09,1.7753623188405738,0.48999999999999844,107600855.0,3843976,0,27.59,28.36,27.3,27.6
688329,艾隆科技,21.28,-1.9806540764624583,-0.4299999999999997,24847003.0,1153698,0,21.82,21.89,21.22,21.71
688330,宏力达,36.69,3.7319762510602215,1.3200000000000003,113114971.0,3097103,0,35.37,37.35,35.21,35.37
688331,荣昌生物,79.13,-0.8023066315657523,-0.6400000000000006,302441173.0,3824076,0,79.6,79.94,78.5,79.77
688332,中科蓝讯,124.69,-1.5941914608160337,-2.019999999999996,291180245.0,2319296,0,126.5,127.0,124.51,126.71
688333,铂力特,106.22,4.784452993982435,4.849999999999994,2640747116.0,25208176,0,100.0,107.99,100.0,101.37
688334,西高院,19.57,-0.10209290454313207,-0.019999999999999574,41770077.0,2140102,0,19.65,19.65,19.34,19.59
688335,复洁科技,23.83,0.08399832003359754,0.019999999999999574,92274851.0,3879586,0,23.85,24.23,23.42,23.81
688336,三生国健,60.33,-1.14697689660823,-0.7000000000000028,158147627.0,2598771,0,60.5,61.5,60.3,61.03
688337,普源精电,37.64,-1.4917560847945572,-0.5700000000000003,70624907.0,1863547,0,38.16,38.39,37.48,38.21
688338,赛科希德,26.18,-0.5696923661222886,-0.14999999999999858,9909057.0,377584,0,26.33,26.57,26.09,26.33
688339,亿华通,27.83,-2.5218914185639316,-0.7200000000000024,198969928.0,7064604,0,28.52,28.86,27.7,28.55
688343,云天励飞,73.58,0.7531151581541793,0.5499999999999972,752709969.0,10239421,0,72.63,74.77,72.27,73.03
688345,博力威,32.9,-0.24257125530624105,-0.0799999999999983,33487452.0,1008276,0,32.9,33.77,32.81,32.98
688347,华虹公司,107.4,-2.114473204520592,-2.319999999999993,1521173800.0,14023604,0,109.81,110.68,107.15,109.72
688348,昱能科技,53.13,0.930851063829791,0.490000000000002,148982781.0,2776832,0,52.64,54.44,52.64,52.64
688349,三一重能,25.74,-2.2779043280182285,-0.6000000000000014,95320194.0,3659962,0,26.17,26.5,25.69,26.34
688350,富淼科技,25.29,-1.9767441860465176,-0.5100000000000016,99871243.0,3906032,0,25.9,26.38,24.94,25.8
688351,微电生理,23.83,-1.5695993391160783,-0.38000000000000256,86343262.0,3614563,0,24.11,24.24,23.63,24.21
688352,颀中科技,12.75,-0.9324009324009264,-0.11999999999999922,98364380.0,7663109,0,12.86,12.93,12.74,12.87
688353,华盛锂电,122.82,11.868111849895243,13.029999999999987,2637388445.0,22415395,0,118.0,129.5,108.9,109.79
688355,明志科技,17.52,-1.2957746478873262,-0.23000000000000043,19890021.0,1124485,0,17.7,17.84,17.52,17.75
688356,键凯科技,81.96,-0.5942995755003142,-0.4900000000000091,20480778.0,248419,0,82.6,83.25,81.8,82.45
688357,建龙微纳,34.01,0.740521327014218,0.25,48611944.0,1430475,0,33.99,34.35,33.57,33.76
688358,祥生医疗,30.1,-0.8890352321369758,-0.2699999999999996,27261103.0,904668,0,30.34,30.45,30.0,30.37
688359,三孚新科,68.17,-3.029871977240392,-2.1299999999999955,108208815.0,1569831,0,70.32,70.88,67.48,70.3
688360,德马科技,21.71,-1.7647058823529436,-0.39000000000000057,166203757.0,7600071,0,22.16,22.22,21.51,22.1
688361,中科飞测,149.6,-2.8571428571428608,-4.400000000000006,962432582.0,6402655,0,152.0,153.77,148.02,154.0
688362,甬矽电子,32.51,-1.4848484848484909,-0.490000000000002,196757900.0,6007186,0,32.77,33.16,32.38,33.0
688363,华熙生物,43.84,-0.2048713862963722,-0.0899999999999963,90380538.0,2058087,0,43.82,44.18,43.68,43.93
688365,光云科技,15.68,0.2557544757033194,0.03999999999999915,303453948.0,19248875,0,15.6,16.18,15.35,15.64
688366,昊海生科,44.63,-0.33497096918266767,-0.14999999999999858,22543414.0,504583,0,44.79,44.9,44.48,44.78
688367,工大高科,30.36,1.9476158495634597,0.5799999999999983,88688247.0,2940602,0,29.21,30.58,29.21,29.78
688368,晶丰明源,118.0,-1.5107253150822155,-1.8100000000000023,309810683.0,2606950,0,119.88,121.88,116.81,119.81
688369,致远互联,23.21,-0.2578427159432691,-0.05999999999999872,47125660.0,2023950,0,23.16,23.53,23.0,23.27
688370,丛麟科技,24.79,-0.36173633440514413,-0.08999999999999986,12574972.0,504891,0,25.03,25.21,24.66,24.88
688371,菲沃泰,18.97,-1.6588906168999495,-0.3200000000000003,47121254.0,2469129,0,19.26,19.57,18.89,19.29
688372,伟测科技,103.37,-2.342938119981096,-2.4799999999999898,352668135.0,3385816,0,106.5,106.5,102.81,105.85
688373,盟科药业,6.08,-1.1382113821138258,-0.07000000000000028,39762554.0,6514254,0,6.15,6.15,6.07,6.15
688375,国博电子,81.66,1.4535967200894542,1.1700000000000017,620185118.0,7699194,0,80.4,82.5,78.4,80.49
688376,美埃科技,63.5,-6.203840472673564,-4.200000000000003,591598513.0,9102410,0,66.79,67.6,62.55,67.7
688377,迪威尔,36.0,-1.098901098901095,-0.3999999999999986,49430874.0,1369357,0,36.4,36.8,35.6,36.4
688378,奥来德,28.81,-0.13864818024264366,-0.0400000000000027,156085720.0,5433001,0,28.95,29.11,28.33,28.85
688379,华光新材,56.91,-3.591394206335769,-2.1200000000000045,350992200.0,6118250,0,59.03,59.6,56.28,59.03
688380,中微半导,32.6,-0.061312078479448265,-0.01999999999999602,156901403.0,4784059,0,32.5,33.15,32.46,32.62
688381,帝奥微,23.3,-1.6047297297297254,-0.379999999999999,65093387.0,2762661,0,23.61,23.87,23.3,23.68
688382,益方生物,28.96,-1.0928961748633887,-0.3200000000000003,200201775.0,6932837,0,29.1,29.37,28.42,29.28
688383,新益昌,78.66,4.476026032673649,3.3699999999999903,255783327.0,3200118,0,76.0,82.38,75.44,75.29
688385,复旦微电,77.58,3.1648936170212707,2.3799999999999955,2497303396.0,32221777,0,75.2,80.19,75.2,75.2
688386,泛亚微透,84.0,10.891089108910892,8.25,498164416.0,5982144,0,77.0,88.0,76.21,75.75
688387,信科移动,12.15,9.36093609360937,1.040000000000001,2898933744.0,246925515,0,11.0,12.36,10.94,11.11
688388,嘉元科技,40.9,-1.6826923076923146,-0.7000000000000028,572166775.0,13904157,0,41.56,42.0,40.8,41.6
688389,普门科技,13.25,0.0,0.0,23740104.0,1791288,0,13.23,13.35,13.2,13.25
688390,固德威,62.5,1.3130166963851553,0.8100000000000023,720759318.0,11370383,0,61.69,65.69,61.69,61.69
688391,钜泉科技,28.49,-0.384615384615395,-0.11000000000000298,27344495.0,958192,0,28.6,28.79,28.33,28.6
688392,XD骄成超,118.96,-1.9533503667683214,-2.3700000000000045,212582651.0,1786864,0,122.56,122.92,117.8,121.33
688393,安必平,23.99,0.20885547201335486,0.04999999999999716,61721137.0,2537209,0,23.81,24.76,23.81,23.94
688395,正弦电气,23.63,-0.505263157894741,-0.120000000000001,14788666.0,621717,0,23.82,24.1,23.51,23.75
688396,华润微,54.4,-0.9468317552804134,-0.5200000000000031,557113080.0,10190122,0,54.8,55.56,54.04,54.92
688398,赛特新材,17.61,-1.2338754907459275,-0.21999999999999886,22857390.0,1294993,0,17.91,17.91,17.41,17.83
688399,硕世生物,70.91,-1.5138888888888935,-1.0900000000000034,112418854.0,1575578,0,72.92,73.2,70.38,72.0
688400,凌云光,41.99,-2.2806609262275934,-0.9799999999999969,661417975.0,15600974,0,43.0,43.56,41.7,42.97
688401,路维光电,50.08,-0.15948963317384032,-0.0799999999999983,265643257.0,5234785,0,50.15,52.17,49.86,50.16
688403,汇成股份,16.63,-0.8348240906380475,-0.14000000000000057,498735155.0,29539450,0,16.56,17.24,16.53,16.77
688408,中信博,43.97,0.15945330296127627,0.07000000000000028,185173426.0,4180882,0,44.07,44.63,43.88,43.9
688409,富创精密,68.76,-1.249461439034885,-0.8699999999999903,399387053.0,5735422,0,69.63,71.4,68.42,69.63
688410,山外山,14.72,-1.2080536912751658,-0.17999999999999972,42222921.0,2856992,0,14.86,14.94,14.66,14.9
688411,海博思创,273.54,3.3084069793791255,8.760000000000048,1097852504.0,4010557,0,264.8,281.28,264.8,264.78
688416,恒烁股份,60.6,2.088948787061998,1.240000000000002,767595626.0,12379557,0,59.11,67.1,58.5,59.36
688418,震有科技,43.65,4.95311372926183,2.059999999999995,921320198.0,21579695,0,41.33,44.69,40.87,41.59
688419,耐科装备,28.06,-1.2667135819845283,-0.360000000000003,30924868.0,1094044,0,28.38,28.81,27.91,28.42
688420,美腾科技,23.57,-1.2154233025984875,-0.28999999999999915,11522490.0,485421,0,23.98,23.98,23.48,23.86
688425,铁建重工,5.23,0.7707129094412337,0.040000000000000036,166481943.0,31899969,0,5.21,5.26,5.16,5.19
688426,康为世纪,24.11,-1.952013013420091,-0.4800000000000004,20000519.0,823331,0,24.67,24.89,24.0,24.59
688428,诺诚健华,21.44,-1.1981566820276406,-0.259999999999998,101604543.0,4733413,0,21.78,21.78,21.27,21.7
688429,时创能源,13.39,0.2996254681648009,0.040000000000000924,25712334.0,1905662,0,13.43,13.7,13.33,13.35
688432,有研硅,12.62,0.23828435266083683,0.02999999999999936,138064255.0,10781937,0,12.75,13.05,12.61,12.59
688433,华曙高科,63.1,2.021018593371059,1.25,309068936.0,4905127,0,62.5,65.0,61.0,61.85
688435,英方软件,48.4,1.2552301255230156,0.6000000000000014,222976797.0,4614659,0,47.8,49.5,47.01,47.8
688439,振华风光,62.23,-1.175162775925047,-0.740000000000002,367174786.0,5909655,0,62.3,62.8,61.23,62.97
688443,智翔金泰,26.91,-0.5910602142593282,-0.16000000000000014,43766772.0,1623918,0,26.95,27.19,26.7,27.07
688448,磁谷科技,44.99,-0.6623978803267766,-0.29999999999999716,89262111.0,1991345,0,45.2,45.66,44.32,45.29
688449,联芸科技,46.95,1.4915693904020857,0.6900000000000048,505689319.0,10703016,0,46.3,48.06,46.0,46.26
688450,光格科技,27.65,-1.0733452593917736,-0.3000000000000007,23129319.0,826961,0,28.13,28.25,27.65,27.95
688455,科捷智能,21.3,2.256361017762854,0.4700000000000024,97965817.0,4677105,0,20.99,21.4,20.33,20.83
688456,有研粉材,75.49,5.359385903698519,3.839999999999989,934020040.0,12640403,0,72.27,75.99,71.71,71.65
688458,美芯晟,39.75,-0.9222333000996946,-0.36999999999999744,102845042.0,2561768,0,39.98,41.09,39.5,40.12
688459,哈铁科技,9.6,-0.7238883143743566,-0.07000000000000028,14318660.0,1486180,0,9.68,9.68,9.58,9.67
688466,金科环境,16.18,-2.997601918465228,-0.5,22947367.0,1394500,0,16.68,16.74,16.18,16.68
688468,科美诊断,7.49,-1.187335092348283,-0.08999999999999986,19310855.0,2566133,0,7.55,7.61,7.46,7.58
688469,芯联集成,6.69,-1.0355029585798727,-0.0699999999999994,509143754.0,75802324,0,6.7,6.79,6.66,6.76
688472,阿特斯,16.54,5.283259070655622,0.8299999999999983,2258549446.0,136112135,0,15.89,17.18,15.89,15.71
688475,萤石网络,29.95,0.6722689075630228,0.1999999999999993,106770112.0,3560771,0,29.78,30.22,29.62,29.75
688478,晶升股份,38.27,-2.5960804275897074,-1.019999999999996,145901750.0,3785261,0,39.0,39.21,38.0,39.29
688479,友车科技,18.69,-0.16025641025639736,-0.029999999999997584,15806044.0,845981,0,18.83,18.83,18.58,18.72
688480,赛恩斯,54.4,10.54663686242633,5.189999999999998,206690617.0,3947049,0,48.81,54.88,48.81,49.21
688484,南芯科技,40.74,-3.0461684911946714,-1.2800000000000011,231529055.0,5618311,0,41.68,42.13,40.6,42.02
688485,九州一轨,17.04,-2.2375215146299516,-0.39000000000000057,60766851.0,3499262,0,17.55,17.8,16.95,17.43
688486,龙迅股份,73.95,-1.2419871794871697,-0.9299999999999926,136851778.0,1840843,0,74.88,75.6,73.7,74.88
688488,艾迪药业,15.11,-0.1321877065433004,-0.02000000000000135,51101413.0,3362440,0,15.09,15.43,15.01,15.13
688489,三未信安,43.8,-0.18231540565178986,-0.0800000000000054,50896954.0,1151064,0,44.5,44.9,43.43,43.88
688496,清越科技,6.04,-0.6578947368421059,-0.040000000000000036,27060914.0,4448126,0,6.03,6.14,6.03,6.08
688498,源杰科技,642.0,-5.3097345132743365,-36.0,2222935221.0,3437542,0,660.11,676.0,635.0,678.0
688499,利元亨,57.93,-0.18952446588559518,-0.10999999999999943,483259810.0,8259060,0,58.4,59.6,57.6,58.04
688500,慧辰股份,64.66,0.5129799471475179,0.3299999999999983,134823827.0,2091260,0,64.35,65.56,63.01,64.33
688501,青达环保,26.88,-2.467343976777938,-0.6799999999999997,128289811.0,4817227,0,27.56,27.56,26.26,27.56
688502,茂莱光学,417.01,0.25001803014639606,1.0399999999999636,688341920.0,1645543,0,430.0,431.0,408.88,415.97
688503,聚和材料,62.31,-2.746995473700626,-1.759999999999991,771263195.0,12301354,0,64.93,64.93,61.31,64.07
688505,复旦张江,8.32,-0.597371565113488,-0.049999999999998934,20030370.0,2391879,0,8.4,8.44,8.31,8.37
688506,百利天恒,338.55,2.2809667673716048,7.550000000000011,336760178.0,1013805,0,333.47,341.56,325.0,331.0
688507,索辰科技,97.28,2.4107800821139134,2.2900000000000063,250150781.0,2550083,0,94.9,99.92,94.41,94.99
688508,芯朋微,61.16,-1.3548387096774248,-0.8400000000000034,179292448.0,2910070,0,61.51,62.15,61.01,62.0
688509,正元地信,5.16,1.176470588235304,0.0600000000000005,116622800.0,22561163,0,5.11,5.29,5.06,5.1
688510,航亚科技,26.51,-2.1771217712177116,-0.5899999999999999,187697300.0,7031456,0,27.29,27.29,26.35,27.1
688511,*ST天微,27.47,13.278350515463913,3.219999999999999,111001205.0,4125126,0,25.7,27.89,25.6,24.25
688512,慧智微,11.09,-1.070472792149875,-0.120000000000001,64260465.0,5750669,0,11.18,11.32,11.03,11.21
688513,苑东生物,59.95,2.883130255706195,1.6799999999999997,105938038.0,1783510,0,57.73,60.39,57.7,58.27
688515,裕太微,105.89,-0.6194274988268387,-0.6599999999999966,126213039.0,1180509,0,106.0,108.58,105.52,106.55
688516,奥特维,47.01,-2.0625000000000044,-0.990000000000002,297680871.0,6240367,0,48.04,48.99,46.83,48.0
688517,金冠电气,15.99,-0.3738317757009377,-0.0600000000000005,47520181.0,2960686,0,16.15,16.18,15.88,16.05
688518,联赢激光,23.63,-1.828001661819698,-0.4400000000000013,176279078.0,7395224,0,24.1,24.17,23.61,24.07
688519,南亚新材,81.39,13.593859036985338,9.739999999999995,1069476846.0,13362820,0,71.0,84.88,71.0,71.65
688520,神州细胞,44.22,-0.7407407407407369,-0.3299999999999983,106475017.0,2403744,0,44.72,44.87,43.79,44.55
688521,芯原股份,127.9,0.19584802193497844,0.25,2018154185.0,15996935,0,126.1,128.7,124.0,127.65
688522,纳睿雷达,38.98,0.9583009583009517,0.36999999999999744,205720748.0,5245416,0,38.56,39.73,38.51,38.61
688523,航天环宇,44.06,4.037780401416767,1.7100000000000009,1030018967.0,23935404,0,42.18,45.1,41.4,42.35
688525,佰维存储,113.1,2.315903745250577,2.559999999999988,2350623354.0,20689985,0,108.99,115.58,108.98,110.54
688526,科前生物,15.62,-0.382653061224493,-0.0600000000000005,29652566.0,1898646,0,15.68,15.73,15.53,15.68
688528,秦川物联,10.6,-1.578458681522748,-0.16999999999999993,14808006.0,1382416,0,10.82,10.85,10.58,10.77
688529,豪森智能,18.02,-0.9890109890109874,-0.17999999999999972,19277404.0,1060877,0,18.18,18.38,17.95,18.2
688530,欧莱新材,16.61,-1.5411973918198076,-0.26000000000000156,26978072.0,1612626,0,16.99,16.99,16.54,16.87
688531,日联科技,67.03,-1.1356932153392274,-0.769999999999996,189726157.0,2806824,0,67.75,68.78,66.68,67.8
688533,上声电子,29.36,-0.4745762711864426,-0.14000000000000057,45718303.0,1554590,0,29.57,29.6,29.21,29.5
688535,华海诚科,114.8,-2.7118644067796636,-3.200000000000003,728987029.0,6235322,0,117.4,119.78,114.0,118.0
688536,思瑞浦,155.99,-3.0274773094616463,-4.8700000000000045,449873162.0,2859784,0,159.1,159.7,155.61,160.86
688538,和辉光电,2.72,1.1152416356877417,0.03000000000000025,150583720.0,55525522,0,2.7,2.73,2.69,2.69
688539,高华科技,50.85,-2.0231213872832314,-1.0499999999999972,643652069.0,12648165,0,51.65,52.25,49.68,51.9
688543,国科军工,60.09,2.3679727427597963,1.3900000000000006,931675278.0,15474466,0,58.9,61.61,58.51,58.7
688545,兴福电子,37.25,-2.2309711286089278,-0.8500000000000014,226373430.0,6021416,0,38.1,38.35,37.13,38.1
688548,广钢气体,14.33,-1.2405237767057182,-0.17999999999999972,226145168.0,15629818,0,14.43,14.98,14.3,14.51
688549,中巨芯,9.29,-0.747863247863251,-0.07000000000000028,124410549.0,13326835,0,9.29,9.42,9.25,9.36
688550,瑞联新材,44.45,-0.9801737580752901,-0.4399999999999977,102282854.0,2290773,0,45.0,45.13,44.3,44.89
688551,科威尔,37.76,-2.4289405684754644,-0.9400000000000048,42480494.0,1113455,0,38.25,38.6,37.52,38.7
688552,航天南湖,35.95,-1.9367157665029837,-0.7099999999999937,213760827.0,5954372,0,36.53,36.65,35.31,36.66
688553,汇宇制药,17.88,-1.433296582138928,-0.26000000000000156,82587429.0,4587907,0,18.16,18.18,17.76,18.14
688556,高测股份,11.15,-6.616415410385253,-0.7899999999999991,590789675.0,52368097,0,11.68,11.68,11.08,11.94
688557,兰剑智能,36.4,-2.5695931477516085,-0.9600000000000009,49030815.0,1330854,0,37.42,37.57,36.3,37.36
688558,国盛智科,28.87,-0.3451846738004759,-0.09999999999999787,36078946.0,1247298,0,28.97,29.18,28.61,28.97
688559,海目星,49.84,-2.1209740769835004,-1.0799999999999983,753113058.0,15147472,0,50.02,50.87,48.62,50.92
688560,明冠新材,14.34,3.6127167630057806,0.5,107455407.0,7557129,0,13.84,14.43,13.84,13.84
688561,奇安信,35.9,2.279202279202271,0.7999999999999972,334283310.0,9271784,0,35.0,36.6,35.0,35.1
688562,航天软件,24.32,6.619903551074098,1.5100000000000016,929542385.0,38416743,0,22.82,25.58,22.75,22.81
688563,航材股份,57.0,-0.8695652173913043,-0.5,362248203.0,6339398,0,57.3,57.74,56.51,57.5
688565,力源科技,10.95,-1.1732851985559638,-0.13000000000000078,20693748.0,1868638,0,11.14,11.19,10.91,11.08
688566,吉贝尔,29.62,-0.8037508372404502,-0.23999999999999844,33806934.0,1140443,0,29.77,29.95,29.36,29.86
688567,孚能科技,16.12,0.49875311720699406,0.08000000000000185,224418619.0,13856383,0,16.05,16.46,16.02,16.04
688568,中科星图,53.31,2.598152424942266,1.3500000000000014,2145802693.0,40761508,0,51.3,54.34,51.01,51.96
688569,铁科轨道,21.48,-0.5094951366373295,-0.10999999999999943,15593150.0,722936,0,21.73,21.76,21.47,21.59
688570,天玛智控,18.31,-0.27233115468409974,-0.05000000000000071,13448915.0,734799,0,18.42,18.48,18.2,18.36
688571,杭华股份,7.51,-0.26560424966800084,-0.020000000000000462,26888018.0,3581591,0,7.54,7.59,7.45,7.53
688573,信宇人,23.3,-0.2141327623126369,-0.05000000000000071,45935516.0,1950307,0,23.35,23.9,23.26,23.35
688575,亚辉龙,14.32,-0.9681881051175696,-0.14000000000000057,39150719.0,2722257,0,14.47,14.49,14.28,14.46
688576,西山科技,62.4,-0.47846889952153787,-0.30000000000000426,11286455.0,180400,0,62.7,62.95,62.22,62.7
688577,浙海德曼,91.37,-2.6736259054111535,-2.509999999999991,103786431.0,1129302,0,92.23,94.44,91.08,93.88
688578,艾力斯,109.01,3.4250474383301697,3.6099999999999994,373035077.0,3440730,0,106.27,109.74,105.75,105.4
688579,山大地纬,10.7,0.0,0.0,44027740.0,4099733,0,10.68,10.89,10.6,10.7
688580,伟思医疗,48.07,-2.4553571428571446,-1.2100000000000009,101329866.0,2091846,0,49.45,49.45,47.91,49.28
688581,安杰思,60.41,0.4990850108135038,0.29999999999999716,39306821.0,652922,0,60.2,60.59,59.68,60.11
688582,芯动联科,68.25,2.910132689987948,1.9300000000000068,1079644334.0,15725016,0,66.34,70.18,66.16,66.32
688583,思看科技,96.2,-0.5992973754908021,-0.5799999999999983,63540063.0,653480,0,96.76,99.28,95.62,96.78
688584,上海合晶,22.23,-0.5813953488372049,-0.129999999999999,98286415.0,4386250,0,22.38,22.72,22.15,22.36
688585,上纬新材,110.11,-0.13604208235081233,-0.15000000000000568,739557531.0,6744121,0,108.2,113.3,106.67,110.26
688586,江航装备,12.8,-1.689708141321036,-0.21999999999999886,285049758.0,22115124,0,13.01,13.1,12.7,13.02
688588,凌志软件,14.37,-0.8965517241379364,-0.13000000000000078,75043303.0,5170022,0,14.51,14.66,14.37,14.5
688589,力合微,22.66,-0.744634253175638,-0.16999999999999815,58366602.0,2570081,0,22.7,22.95,22.44,22.83
688590,新致软件,18.03,-0.8796041781198468,-0.16000000000000014,70737933.0,3895329,0,18.24,18.36,17.96,18.19
688591,泰凌微,43.98,-2.179715302491112,-0.980000000000004,239194694.0,5388284,0,45.01,45.13,43.92,44.96
688592,司南导航,42.47,0.07068803016022888,0.030000000000001137,100849427.0,2384850,0,42.24,42.89,41.8,42.44
688593,新相微,18.81,-1.6727652901202317,-0.3200000000000003,108791648.0,5740941,0,19.07,19.2,18.76,19.13
688595,芯海科技,32.65,-0.5482790130977756,-0.17999999999999972,56934122.0,1740639,0,32.81,33.03,32.41,32.83
688596,正帆科技,31.13,2.2667542706964445,0.6899999999999977,377634466.0,12256846,0,30.3,31.86,30.02,30.44
688597,煜邦电力,8.4,-1.8691588785046744,-0.16000000000000014,31122831.0,3663301,0,8.56,8.65,8.4,8.56
688598,金博股份,29.99,0.36813922356090845,0.10999999999999943,106169776.0,3530683,0,29.88,30.3,29.75,29.88
688599,天合光能,17.16,1.0600706713780903,0.17999999999999972,980970334.0,56530429,0,17.3,17.58,17.13,16.98
688600,皖仪科技,24.09,0.37499999999999944,0.08999999999999986,36551841.0,1514003,0,24.39,24.39,23.96,24.0
688601,力芯微,44.51,-1.9819423034573853,-0.8999999999999986,181620304.0,4049901,0,45.41,45.46,44.34,45.41
688602,康鹏科技,8.94,0.9029345372460504,0.08000000000000007,126362776.0,14058943,0,8.86,9.1,8.86,8.86
688603,天承科技,77.0,-3.6657074940573082,-2.930000000000007,151162214.0,1936377,0,79.6,79.9,76.93,79.93
688605,先锋精科,68.39,4.412213740458016,2.8900000000000006,964203963.0,13804266,0,66.0,73.83,65.5,65.5
688606,奥泰生物,64.08,0.21895527056615666,0.14000000000000057,14462023.0,226310,0,63.99,64.31,63.52,63.94
688607,康众医疗,42.71,-3.2177656922728337,-1.4200000000000017,102201849.0,2388692,0,44.04,44.5,41.67,44.13
688608,恒玄科技,223.26,-1.0196843411952525,-2.3000000000000114,522915881.0,2328858,0,224.25,227.16,222.5,225.56
688609,九联科技,9.82,-0.2032520325203209,-0.019999999999999574,65759552.0,6710691,0,9.85,9.86,9.75,9.84
688610,埃科光电,61.44,-2.134437719018801,-1.3400000000000034,44076123.0,712117,0,62.7,63.2,61.1,62.78
688611,杭州柯林,48.06,-2.9090909090909047,-1.4399999999999977,126086880.0,2566783,0,49.45,50.24,47.8,49.5
688612,威迈斯,33.2,1.8404907975460165,0.6000000000000014,117556897.0,3546727,0,32.12,33.49,32.12,32.6
688613,奥精医疗,20.79,-2.5773195876288693,-0.5500000000000007,75523001.0,3609709,0,21.21,21.48,20.55,21.34
688615,合合信息,215.08,0.07444630560209614,0.160000000000025,283020203.0,1313878,0,214.52,218.5,212.77,214.92
688616,西力科技,12.23,-0.8110300081102972,-0.09999999999999964,18012544.0,1459747,0,12.38,12.43,12.22,12.33
688617,惠泰医疗,250.54,1.1138913552344785,2.759999999999991,187702642.0,757515,0,247.64,250.57,243.49,247.78
688618,三旺通信,27.59,-0.5765765765765771,-0.16000000000000014,33877794.0,1225178,0,28.03,28.03,27.4,27.75
688619,罗普特,13.88,-1.4904187366926833,-0.20999999999999908,17893356.0,1279411,0,14.09,14.17,13.82,14.09
688620,安凯微,11.8,-1.6666666666666607,-0.1999999999999993,70407988.0,5940259,0,11.95,11.98,11.76,12.0
688621,阳光诺和,66.17,-2.705484487575361,-1.8400000000000034,150868466.0,2261896,0,67.88,68.5,65.82,68.01
688622,禾信仪器,104.31,-2.1022993899577616,-2.239999999999995,122309826.0,1162201,0,106.0,107.66,103.86,106.55
688623,双元科技,86.9,-2.4581883488607,-2.1899999999999977,86372720.0,995314,0,88.1,88.87,85.65,89.09
688625,呈和科技,40.49,2.4803847127309644,0.980000000000004,100419937.0,2495199,0,39.28,40.97,39.25,39.51
688626,翔宇医疗,55.29,-3.793283452235949,-2.1799999999999997,254468722.0,4577935,0,57.3,57.3,54.5,57.47
688627,精智达,244.6,-3.696995944722239,-9.390000000000015,1097749150.0,4443734,0,253.1,260.0,239.86,253.99
688628,优利德,31.57,-0.5042546485975422,-0.16000000000000014,23500657.0,741151,0,31.73,31.98,31.45,31.73
688629,华丰科技,97.15,5.586349309857624,5.140000000000001,2373002311.0,24744412,0,91.54,99.99,90.22,92.01
688630,芯碁微装,134.57,-1.2837441314553992,-1.75,446886149.0,3305765,0,135.0,137.49,134.02,136.32
688631,莱斯信息,66.07,0.10606060606059572,0.06999999999999318,171438963.0,2628353,0,66.0,66.48,64.46,66.0
688633,星球石墨,23.55,0.04248088360238557,0.010000000000001563,12236046.0,519078,0,23.63,23.74,23.47,23.54
688636,智明达,43.17,3.574856046065264,1.490000000000002,516556089.0,11818919,0,41.51,45.21,41.47,41.68
688638,誉辰智能,35.72,-0.5567928730512328,-0.20000000000000284,16980265.0,470204,0,37.0,37.04,35.72,35.92
688639,华恒生物,33.14,-1.7491847020456457,-0.5899999999999963,205560841.0,6164168,0,33.74,34.04,33.0,33.73
688646,ST逸飞,36.45,-0.2735978112174947,-0.09999999999999432,18303396.0,500965,0,36.78,36.78,36.39,36.55
688648,中邮科技,58.51,-0.7968802984062375,-0.46999999999999886,178610329.0,3027070,0,58.42,60.0,58.28,58.98
688651,盛邦安全,45.39,-0.9384548232213001,-0.4299999999999997,246878157.0,5327531,0,46.07,48.24,45.11,45.82
688652,京仪装备,102.86,-3.1632460930144974,-3.3599999999999994,408675814.0,3918541,0,104.33,106.88,102.56,106.22
688653,康希通信,12.25,-1.1299435028248632,-0.14000000000000057,97872775.0,7916237,0,12.4,12.56,12.21,12.39
688655,迅捷兴,17.49,-3.423522915516295,-0.620000000000001,41970020.0,2365744,0,18.11,18.12,17.45,18.11
688656,浩欧博,180.43,-0.23223666021564143,-0.4199999999999875,59511234.0,329955,0,180.03,184.17,178.98,180.85
688657,浩辰软件,52.61,-1.0904305320548944,-0.5799999999999983,25313626.0,478423,0,53.19,53.47,52.44,53.19
688658,悦康药业,23.13,0.1298701298701194,0.029999999999997584,86921313.0,3781013,0,23.12,23.55,22.6,23.1
688659,元琛科技,9.49,-0.9394572025052178,-0.08999999999999986,23994829.0,2506010,0,9.58,9.67,9.46,9.58
688660,电气风电,17.3,-0.7458405048766438,-0.129999999999999,521543020.0,29658379,0,17.56,17.98,17.17,17.43
688661,和林微纳,52.36,0.6342494714587704,0.3299999999999983,249972229.0,4777721,0,51.99,53.15,51.31,52.03
688662,富信科技,52.72,-1.2734082397003739,-0.6799999999999997,261000044.0,4982318,0,53.5,53.5,51.56,53.4
688663,新风光,39.18,0.025529742149599213,0.00999999999999801,46557393.0,1180916,0,39.67,39.86,39.13,39.17
688665,四方光电,49.67,-0.5605605605605628,-0.28000000000000114,54555135.0,1088993,0,50.18,50.66,49.64,49.95
688667,菱电电控,66.26,-2.9299736302373276,-2.0,71467613.0,1072779,0,68.26,68.49,65.6,68.26
688668,鼎通科技,121.5,-3.9525691699604746,-5.0,914734815.0,7508634,0,125.07,126.0,119.9,126.5
688669,聚石化学,22.22,0.770975056689334,0.16999999999999815,32897146.0,1490813,0,22.0,22.33,21.74,22.05
688670,金迪克,21.88,-2.538975501113587,-0.5700000000000003,85441437.0,3888195,0,22.32,22.35,21.75,22.45
688671,碧兴物联,23.72,-4.122877930476959,-1.0199999999999996,67411862.0,2784240,0,24.79,24.98,23.68,24.74
688676,金盘科技,93.46,3.4879858265972667,3.1499999999999915,2106126945.0,22835380,0,89.5,96.2,87.19,90.31
688677,海泰新光,42.78,-1.132424312456672,-0.490000000000002,50813155.0,1180434,0,43.37,43.9,42.6,43.27
688678,福立旺,23.49,-1.715481171548118,-0.41000000000000014,112535424.0,4755196,0,24.0,24.12,23.35,23.9
688679,通源环境,26.26,-1.721556886227535,-0.4599999999999973,82648656.0,3111830,0,26.95,27.73,26.03,26.72
688680,海优新材,39.1,0.0511770726714512,0.020000000000003126,64123208.0,1625451,0,39.48,39.88,39.01,39.08
688681,科汇股份,17.43,-1.0783200908059096,-0.19000000000000128,21888791.0,1246217,0,17.62,17.73,17.41,17.62
688682,霍莱沃,55.95,1.9125683060109366,1.0500000000000043,405451527.0,7303385,0,55.1,58.0,53.6,54.9
688683,莱尔科技,31.44,2.7450980392156854,0.8399999999999999,53619925.0,1698838,0,30.56,32.3,30.55,30.6
688685,迈信林,52.15,-0.4770992366412214,-0.25,104193766.0,1991416,0,52.15,52.93,51.6,52.4
688686,奥普特,123.97,-2.424242424242423,-3.0799999999999983,169569195.0,1368280,0,127.5,127.51,121.61,127.05
688687,凯因科技,25.42,-1.0509926041261175,-0.2699999999999996,62792851.0,2457881,0,25.73,25.73,25.39,25.69
688689,银河微电,28.51,0.38732394366198236,0.11000000000000298,81208343.0,2843803,0,28.37,29.11,28.03,28.4
688690,纳微科技,26.01,-0.11520737327188012,-0.029999999999997584,55796411.0,2137526,0,26.0,26.28,25.94,26.04
688691,灿芯股份,102.7,-1.6566120846500085,-1.730000000000004,447915863.0,4308074,0,105.4,107.52,102.0,104.43
688692,达梦数据,258.82,0.20907542202261908,0.5400000000000205,140725990.0,543532,0,258.0,260.0,257.01,258.28
688693,锴威特,37.41,-1.162483487450475,-0.44000000000000483,27230285.0,725286,0,37.66,38.01,37.14,37.85
688695,中创股份,27.08,-0.7695126419934074,-0.21000000000000085,20686011.0,759036,0,27.34,27.55,27.03,27.29
688696,极米科技,104.35,-1.249171950411666,-1.3200000000000074,71016765.0,676654,0,105.23,107.0,104.15,105.67
688697,纽威数控,15.38,-0.3240440699935122,-0.049999999999998934,42449223.0,2758113,0,15.5,15.54,15.23,15.43
688698,伟创电气,90.5,8.150095602294446,6.819999999999993,951717317.0,10516932,0,84.7,95.3,84.55,83.68
688699,明微电子,44.69,-0.9090909090909172,-0.4100000000000037,136110108.0,2993212,0,45.0,46.8,44.45,45.1
688700,东威科技,36.2,-1.7105620418137266,-0.6299999999999955,265192516.0,7288516,0,36.87,36.89,36.01,36.83
688701,卓锦股份,8.51,-3.18543799772468,-0.27999999999999936,37967095.0,4410421,0,8.83,8.83,8.47,8.79
688702,盛科通信,137.7,5.65487608378729,7.369999999999976,609386205.0,4439946,0,130.34,140.98,129.19,130.33
688707,振华新材,14.12,1.2186379928315407,0.16999999999999993,166779129.0,11777074,0,14.1,14.46,13.89,13.95
688708,佳驰科技,62.21,-0.3843074459567686,-0.240000000000002,367435427.0,5824178,0,63.7,64.45,62.12,62.45
688709,成都华微,47.18,-2.721649484536083,-1.3200000000000003,779894000.0,16433223,0,48.48,49.28,46.68,48.5
688710,益诺思,44.25,-0.7847533632287027,-0.3500000000000014,44983211.0,1007681,0,44.55,45.36,44.01,44.6
688711,宏微科技,28.54,-4.803202134756508,-1.4400000000000013,587936544.0,20487626,0,29.57,29.58,28.22,29.98
688716,中研股份,40.39,-1.0534051935325814,-0.4299999999999997,162497150.0,4009425,0,40.41,41.55,39.7,40.82
688717,艾罗能源,64.83,0.6677018633540257,0.4299999999999926,272519353.0,4168323,0,64.28,66.59,63.78,64.4
688718,唯赛勃,13.38,-1.6176470588235212,-0.21999999999999886,18772985.0,1389623,0,13.72,13.81,13.37,13.6
688719,爱科赛博,45.67,-0.6958034355294634,-0.3200000000000003,293576873.0,6537771,0,45.46,45.95,43.93,45.99
688720,艾森股份,71.27,-1.6965517241379364,-1.230000000000004,398237016.0,5562574,0,72.01,73.16,70.18,72.5
688721,龙图光罩,48.35,-0.20639834881321242,-0.10000000000000142,72505987.0,1499199,0,48.46,48.87,47.78,48.45
688722,同益中,19.47,-0.7645259938838028,-0.15000000000000213,190921771.0,9765698,0,19.78,19.91,19.32,19.62
688726,拉普拉斯,36.85,0.6555585905490358,0.240000000000002,217788909.0,5853140,0,36.62,38.02,36.61,36.61
688728,格科微,15.24,0.4614370468029023,0.07000000000000028,153420788.0,10073611,0,15.21,15.29,15.11,15.17
688733,壹石通,30.75,-1.5685019206145918,-0.48999999999999844,234122863.0,7517529,0,31.5,31.89,30.59,31.24
688737,中自科技,22.23,-0.891662951404366,-0.1999999999999993,43975669.0,1967230,0,22.43,22.64,22.04,22.43
688739,成大生物,26.17,0.1530807500956858,0.0400000000000027,28691815.0,1094755,0,26.2,26.29,26.11,26.13
688750,金天钛业,20.12,2.915601023017904,0.5700000000000003,284666654.0,14229037,0,19.5,20.35,19.48,19.55
688757,胜科纳米,26.95,-0.14820303816227917,-0.03999999999999915,37492714.0,1395832,0,27.1,27.15,26.58,26.99
688758,赛分科技,18.16,-1.2506797172376314,-0.23000000000000043,37414195.0,2056660,0,18.43,18.43,18.04,18.39
688766,普冉股份,132.29,2.2570920615289385,2.9199999999999875,1178253538.0,8846945,0,128.08,136.5,128.08,129.37
688767,博拓生物,38.82,-3.7679722359940584,-1.5200000000000031,95465702.0,2434860,0,40.34,41.0,38.6,40.34
688768,容知日新,43.18,0.41860465116279005,0.17999999999999972,37185510.0,860653,0,43.12,43.7,42.73,43.0
688772,珠海冠宇,21.53,-0.6918819188191817,-0.14999999999999858,406363357.0,18548944,0,21.9,22.27,21.48,21.68
688776,国光电气,98.27,2.130534192475574,2.049999999999997,674488728.0,6906354,0,95.8,100.85,94.85,96.22
688777,中控技术,49.22,0.9020090200901961,0.4399999999999977,443183950.0,9007515,0,48.92,49.66,48.72,48.78
688778,厦钨新能,77.96,2.242622950819664,1.7099999999999937,534343717.0,6843993,0,77.57,79.68,76.51,76.25
688779,五矿新能,7.82,2.8947368421052717,0.22000000000000064,501347061.0,64565138,0,7.68,7.94,7.6,7.6
688786,悦安新材,28.53,-0.24475524475524574,-0.07000000000000028,67417961.0,2355329,0,28.44,29.03,28.16,28.6
688787,海天瑞声,114.09,4.862132352941182,5.290000000000006,359343641.0,3191319,0,108.14,116.99,107.5,108.8
688788,科思科技,70.49,-7.091076841966534,-5.38000000000001,620457037.0,8685537,0,75.87,75.87,69.01,75.87
688789,宏华数科,80.0,-0.1497753369945139,-0.12000000000000455,59788862.0,746826,0,80.01,80.99,79.44,80.12
688793,倍轻松,22.61,-14.679245283018872,-3.8900000000000006,160749091.0,6965771,0,23.99,24.08,22.01,26.5
688798,艾为电子,75.6,-0.6178519784409082,-0.46999999999999886,170493926.0,2246149,0,75.7,76.66,75.25,76.07
688799,华纳药厂,47.92,-2.204081632653058,-1.0799999999999983,90856198.0,1879402,0,49.0,49.15,47.74,49.0
688800,瑞可达,86.48,-1.7607633761217736,-1.5499999999999972,1178283952.0,13485955,0,89.25,90.98,85.0,88.03
688819,天能股份,34.01,1.3106940720881672,0.4399999999999977,105802245.0,3114926,0,33.53,34.44,33.51,33.57
688981,中芯国际,122.1,-0.796230094247647,-0.980000000000004,4938389580.0,40239799,0,122.58,124.79,121.16,123.08
689009,九号公司,56.87,-3.7243947858473048,-2.200000000000003,567346083.0,9845504,0,59.0,59.05,56.79,59.07
430017,星昊医药,0.0,0.0,0.0,0.0,0,0,0.0,0.0,0.0,0.0
430047,诺思兰德,0.0,0.0,0.0,0.0,0,0,0.0,0.0,0.0,0.0
430090,同辉信息,0.0,0.0,0.0,0.0,0,0,0.0,0.0,0.0,0.0
430139,华岭股份,0.0,0.0,0.0,0.0,0,0,0.0,0.0,0.0,0.0
430198,微创光电,0.0,0.0,0.0,0.0,0,0,0.0,0.0,0.0,0.0
430300,辰光医疗,0.0,0.0,0.0,0.0,0,0,0.0,0.0,0.0,0.0
430418,苏轴股份,0.0,0.0,0.0,0.0,0,0,0.0,0.0,0.0,0.0
430425,乐创技术,0.0,0.0,0.0,0.0,0,0,0.0,0.0,0.0,0.0
430476,海能技术,0.0,0.0,0.0,0.0,0,0,0.0,0.0,0.0,0.0
430478,峆一药业,0.0,0.0,0.0,0.0,0,0,0.0,0.0,0.0,0.0
430489,佳先股份,0.0,0.0,0.0,0.0,0,0,0.0,0.0,0.0,0.0
430510,丰光精密,0.0,0.0,0.0,0.0,0,0,0.0,0.0,0.0,0.0
430556,雅达股份,0.0,0.0,0.0,0.0,0,0,0.0,0.0,0.0,0.0
430564,天润科技,0.0,0.0,0.0,0.0,0,0,0.0,0.0,0.0,0.0
430685,新芝生物,0.0,0.0,0.0,0.0,0,0,0.0,0.0,0.0,0.0
430718,合肥高科,0.0,0.0,0.0,0.0,0,0,0.0,0.0,0.0,0.0
830779,武汉蓝电,0.0,0.0,0.0,0.0,0,0,0.0,0.0,0.0,0.0
830799,艾融软件,0.0,0.0,0.0,0.0,0,0,0.0,0.0,0.0,0.0
830809,安达科技,0.0,0.0,0.0,0.0,0,0,0.0,0.0,0.0,0.0
830832,齐鲁华信,0.0,0.0,0.0,0.0,0,0,0.0,0.0,0.0,0.0
830839,万通液压,0.0,0.0,0.0,0.0,0,0,0.0,0.0,0.0,0.0
830879,基康技术,0.0,0.0,0.0,0.0,0,0,0.0,0.0,0.0,0.0
830896,旺成科技,0.0,0.0,0.0,0.0,0,0,0.0,0.0,0.0,0.0
830946,森萱医药,0.0,0.0,0.0,0.0,0,0,0.0,0.0,0.0,0.0
830964,润农节水,0.0,0.0,0.0,0.0,0,0,0.0,0.0,0.0,0.0
830974,凯大催化,0.0,0.0,0.0,0.0,0,0,0.0,0.0,0.0,0.0
831010,凯添燃气,0.0,0.0,0.0,0.0,0,0,0.0,0.0,0.0,0.0
831039,国义招标,0.0,0.0,0.0,0.0,0,0,0.0,0.0,0.0,0.0
831087,秋乐种业,0.0,0.0,0.0,0.0,0,0,0.0,0.0,0.0,0.0
831152,昆工科技,0.0,0.0,0.0,0.0,0,0,0.0,0.0,0.0,0.0
831167,鑫汇科,0.0,0.0,0.0,0.0,0,0,0.0,0.0,0.0,0.0
831175,派诺科技,0.0,0.0,0.0,0.0,0,0,0.0,0.0,0.0,0.0
831195,三祥科技,0.0,0.0,0.0,0.0,0,0,0.0,0.0,0.0,0.0
831278,泰德股份,0.0,0.0,0.0,0.0,0,0,0.0,0.0,0.0,0.0
831304,迪尔化工,0.0,0.0,0.0,0.0,0,0,0.0,0.0,0.0,0.0
831305,海希通讯,0.0,0.0,0.0,0.0,0,0,0.0,0.0,0.0,0.0
831370,新安洁,0.0,0.0,0.0,0.0,0,0,0.0,0.0,0.0,0.0
831396,许昌智能,0.0,0.0,0.0,0.0,0,0,0.0,0.0,0.0,0.0
831445,龙竹科技,0.0,0.0,0.0,0.0,0,0,0.0,0.0,0.0,0.0
831526,凯华材料,0.0,0.0,0.0,0.0,0,0,0.0,0.0,0.0,0.0
831627,力王股份,0.0,0.0,0.0,0.0,0,0,0.0,0.0,0.0,0.0
831641,格利尔,0.0,0.0,0.0,0.0,0,0,0.0,0.0,0.0,0.0
831689,克莱特,0.0,0.0,0.0,0.0,0,0,0.0,0.0,0.0,0.0
831726,朱老六,0.0,0.0,0.0,0.0,0,0,0.0,0.0,0.0,0.0
831768,拾比佰,0.0,0.0,0.0,0.0,0,0,0.0,0.0,0.0,0.0
831832,科达自控,0.0,0.0,0.0,0.0,0,0,0.0,0.0,0.0,0.0
831834,三维装备,0.0,0.0,0.0,0.0,0,0,0.0,0.0,0.0,0.0
831855,浙江大农,0.0,0.0,0.0,0.0,0,0,0.0,0.0,0.0,0.0
831856,浩淼科技,0.0,0.0,0.0,0.0,0,0,0.0,0.0,0.0,0.0
831906,舜宇精工,0.0,0.0,0.0,0.0,0,0,0.0,0.0,0.0,0.0
831961,创远信科,0.0,0.0,0.0,0.0,0,0,0.0,0.0,0.0,0.0
832000,安徽凤凰,0.0,0.0,0.0,0.0,0,0,0.0,0.0,0.0,0.0
832023,田野股份,0.0,0.0,0.0,0.0,0,0,0.0,0.0,0.0,0.0
832089,禾昌聚合,0.0,0.0,0.0,0.0,0,0,0.0,0.0,0.0,0.0
832110,雷特科技,0.0,0.0,0.0,0.0,0,0,0.0,0.0,0.0,0.0
832145,恒合股份,0.0,0.0,0.0,0.0,0,0,0.0,0.0,0.0,0.0
832149,利尔达,0.0,0.0,0.0,0.0,0,0,0.0,0.0,0.0,0.0
832171,志晟信息,0.0,0.0,0.0,0.0,0,0,0.0,0.0,0.0,0.0
832175,东方碳素,0.0,0.0,0.0,0.0,0,0,0.0,0.0,0.0,0.0
832225,利通科技,0.0,0.0,0.0,0.0,0,0,0.0,0.0,0.0,0.0
832278,鹿得医疗,0.0,0.0,0.0,0.0,0,0,0.0,0.0,0.0,0.0
832419,路斯股份,0.0,0.0,0.0,0.0,0,0,0.0,0.0,0.0,0.0
832469,富恒新材,0.0,0.0,0.0,0.0,0,0,0.0,0.0,0.0,0.0
832471,美邦科技,0.0,0.0,0.0,0.0,0,0,0.0,0.0,0.0,0.0
832491,奥迪威,0.0,0.0,0.0,0.0,0,0,0.0,0.0,0.0,0.0
832522,纳科诺尔,0.0,0.0,0.0,0.0,0,0,0.0,0.0,0.0,0.0
832566,梓橦宫,0.0,0.0,0.0,0.0,0,0,0.0,0.0,0.0,0.0
832651,天罡股份,0.0,0.0,0.0,0.0,0,0,0.0,0.0,0.0,0.0
832662,方盛股份,0.0,0.0,0.0,0.0,0,0,0.0,0.0,0.0,0.0
832735,德源药业,0.0,0.0,0.0,0.0,0,0,0.0,0.0,0.0,0.0
832786,骑士乳业,0.0,0.0,0.0,0.0,0,0,0.0,0.0,0.0,0.0
832802,保丽洁,0.0,0.0,0.0,0.0,0,0,0.0,0.0,0.0,0.0
832876,慧为智能,0.0,0.0,0.0,0.0,0,0,0.0,0.0,0.0,0.0
832885,星辰科技,0.0,0.0,0.0,0.0,0,0,0.0,0.0,0.0,0.0
832978,开特股份,0.0,0.0,0.0,0.0,0,0,0.0,0.0,0.0,0.0
832982,锦波生物,0.0,0.0,0.0,0.0,0,0,0.0,0.0,0.0,0.0
833030,立方控股,0.0,0.0,0.0,0.0,0,0,0.0,0.0,0.0,0.0
833075,柏星龙,0.0,0.0,0.0,0.0,0,0,0.0,0.0,0.0,0.0
833171,国航远洋,0.0,0.0,0.0,0.0,0,0,0.0,0.0,0.0,0.0
833230,欧康医药,0.0,0.0,0.0,0.0,0,0,0.0,0.0,0.0,0.0
833266,生物谷,0.0,0.0,0.0,0.0,0,0,0.0,0.0,0.0,0.0
833284,灵鸽科技,0.0,0.0,0.0,0.0,0,0,0.0,0.0,0.0,0.0
833346,威贸电子,0.0,0.0,0.0,0.0,0,0,0.0,0.0,0.0,0.0
833394,民士达,0.0,0.0,0.0,0.0,0,0,0.0,0.0,0.0,0.0
833427,华维设计,0.0,0.0,0.0,0.0,0,0,0.0,0.0,0.0,0.0
833429,康比特,0.0,0.0,0.0,0.0,0,0,0.0,0.0,0.0,0.0
833454,同心传动,0.0,0.0,0.0,0.0,0,0,0.0,0.0,0.0,0.0
833455,汇隆活塞,0.0,0.0,0.0,0.0,0,0,0.0,0.0,0.0,0.0
833509,同惠电子,0.0,0.0,0.0,0.0,0,0,0.0,0.0,0.0,0.0
833523,德瑞锂电,0.0,0.0,0.0,0.0,0,0,0.0,0.0,0.0,0.0
833533,骏创科技,0.0,0.0,0.0,0.0,0,0,0.0,0.0,0.0,0.0
833575,康乐卫士,0.0,0.0,0.0,0.0,0,0,0.0,0.0,0.0,0.0
833580,科创新材,0.0,0.0,0.0,0.0,0,0,0.0,0.0,0.0,0.0
833751,惠同新材,0.0,0.0,0.0,0.0,0,0,0.0,0.0,0.0,0.0
833781,瑞奇智造,0.0,0.0,0.0,0.0,0,0,0.0,0.0,0.0,0.0
833819,颖泰生物,0.0,0.0,0.0,0.0,0,0,0.0,0.0,0.0,0.0
833873,中设咨询,0.0,0.0,0.0,0.0,0,0,0.0,0.0,0.0,0.0
833914,远航精密,0.0,0.0,0.0,0.0,0,0,0.0,0.0,0.0,0.0
833943,优机股份,0.0,0.0,0.0,0.0,0,0,0.0,0.0,0.0,0.0
834014,特瑞斯,0.0,0.0,0.0,0.0,0,0,0.0,0.0,0.0,0.0
834021,流金科技,0.0,0.0,0.0,0.0,0,0,0.0,0.0,0.0,0.0
834033,康普化学,0.0,0.0,0.0,0.0,0,0,0.0,0.0,0.0,0.0
834058,华洋赛车,0.0,0.0,0.0,0.0,0,0,0.0,0.0,0.0,0.0
834062,科润智控,0.0,0.0,0.0,0.0,0,0,0.0,0.0,0.0,0.0
834261,一诺威,0.0,0.0,0.0,0.0,0,0,0.0,0.0,0.0,0.0
834407,驰诚股份,0.0,0.0,0.0,0.0,0,0,0.0,0.0,0.0,0.0
834415,恒拓开源,0.0,0.0,0.0,0.0,0,0,0.0,0.0,0.0,0.0
834475,三友科技,0.0,0.0,0.0,0.0,0,0,0.0,0.0,0.0,0.0
834599,同力股份,0.0,0.0,0.0,0.0,0,0,0.0,0.0,0.0,0.0
834639,晨光电缆,0.0,0.0,0.0,0.0,0,0,0.0,0.0,0.0,0.0
834682,球冠电缆,0.0,0.0,0.0,0.0,0,0,0.0,0.0,0.0,0.0
834765,美之高,0.0,0.0,0.0,0.0,0,0,0.0,0.0,0.0,0.0
834770,艾能聚,0.0,0.0,0.0,0.0,0,0,0.0,0.0,0.0,0.0
834950,迅安科技,0.0,0.0,0.0,0.0,0,0,0.0,0.0,0.0,0.0
835174,五新隧装,0.0,0.0,0.0,0.0,0,0,0.0,0.0,0.0,0.0
835179,凯德石英,0.0,0.0,0.0,0.0,0,0,0.0,0.0,0.0,0.0
835184,国源科技,0.0,0.0,0.0,0.0,0,0,0.0,0.0,0.0,0.0
835185,贝特瑞,0.0,0.0,0.0,0.0,0,0,0.0,0.0,0.0,0.0
835207,众诚科技,0.0,0.0,0.0,0.0,0,0,0.0,0.0,0.0,0.0
835237,力佳科技,0.0,0.0,0.0,0.0,0,0,0.0,0.0,0.0,0.0
835305,*ST云创,0.0,0.0,0.0,0.0,0,0,0.0,0.0,0.0,0.0
835368,连城数控,0.0,0.0,0.0,0.0,0,0,0.0,0.0,0.0,0.0
835438,戈碧迦,0.0,0.0,0.0,0.0,0,0,0.0,0.0,0.0,0.0
835508,殷图网联,0.0,0.0,0.0,0.0,0,0,0.0,0.0,0.0,0.0
835579,机科股份,0.0,0.0,0.0,0.0,0,0,0.0,0.0,0.0,0.0
835640,富士达,0.0,0.0,0.0,0.0,0,0,0.0,0.0,0.0,0.0
835670,数字人,0.0,0.0,0.0,0.0,0,0,0.0,0.0,0.0,0.0
835857,百甲科技,0.0,0.0,0.0,0.0,0,0,0.0,0.0,0.0,0.0
835892,中科美菱,0.0,0.0,0.0,0.0,0,0,0.0,0.0,0.0,0.0
835985,海泰新能,0.0,0.0,0.0,0.0,0,0,0.0,0.0,0.0,0.0
836077,吉林碳谷,0.0,0.0,0.0,0.0,0,0,0.0,0.0,0.0,0.0
836149,旭杰科技,0.0,0.0,0.0,0.0,0,0,0.0,0.0,0.0,0.0
836208,青矩技术,0.0,0.0,0.0,0.0,0,0,0.0,0.0,0.0,0.0
836221,易实精密,0.0,0.0,0.0,0.0,0,0,0.0,0.0,0.0,0.0
836239,长虹能源,0.0,0.0,0.0,0.0,0,0,0.0,0.0,0.0,0.0
836247,华密新材,0.0,0.0,0.0,0.0,0,0,0.0,0.0,0.0,0.0
836260,中寰股份,0.0,0.0,0.0,0.0,0,0,0.0,0.0,0.0,0.0
836263,中航泰达,0.0,0.0,0.0,0.0,0,0,0.0,0.0,0.0,0.0
836270,天铭科技,0.0,0.0,0.0,0.0,0,0,0.0,0.0,0.0,0.0
836395,朗鸿科技,0.0,0.0,0.0,0.0,0,0,0.0,0.0,0.0,0.0
836414,欧普泰,0.0,0.0,0.0,0.0,0,0,0.0,0.0,0.0,0.0
836419,万德股份,0.0,0.0,0.0,0.0,0,0,0.0,0.0,0.0,0.0
836422,润普食品,0.0,0.0,0.0,0.0,0,0,0.0,0.0,0.0,0.0
836433,大唐药业,0.0,0.0,0.0,0.0,0,0,0.0,0.0,0.0,0.0
836504,博迅生物,0.0,0.0,0.0,0.0,0,0,0.0,0.0,0.0,0.0
836547,无锡晶海,0.0,0.0,0.0,0.0,0,0,0.0,0.0,0.0,0.0
836675,秉扬科技,0.0,0.0,0.0,0.0,0,0,0.0,0.0,0.0,0.0
836699,海达尔,0.0,0.0,0.0,0.0,0,0,0.0,0.0,0.0,0.0
836717,瑞星股份,0.0,0.0,0.0,0.0,0,0,0.0,0.0,0.0,0.0
836720,吉冈精密,0.0,0.0,0.0,0.0,0,0,0.0,0.0,0.0,0.0
836807,奔朗新材,0.0,0.0,0.0,0.0,0,0,0.0,0.0,0.0,0.0
836826,盖世食品,0.0,0.0,0.0,0.0,0,0,0.0,0.0,0.0,0.0
836871,派特尔,0.0,0.0,0.0,0.0,0,0,0.0,0.0,0.0,0.0
836892,广咨国际,0.0,0.0,0.0,0.0,0,0,0.0,0.0,0.0,0.0
836942,恒立钻具,0.0,0.0,0.0,0.0,0,0,0.0,0.0,0.0,0.0
836957,汉维科技,0.0,0.0,0.0,0.0,0,0,0.0,0.0,0.0,0.0
836961,西磁科技,0.0,0.0,0.0,0.0,0,0,0.0,0.0,0.0,0.0
837006,晟楠科技,0.0,0.0,0.0,0.0,0,0,0.0,0.0,0.0,0.0
837023,芭薇股份,0.0,0.0,0.0,0.0,0,0,0.0,0.0,0.0,0.0
837046,亿能电力,0.0,0.0,0.0,0.0,0,0,0.0,0.0,0.0,0.0
837092,汉鑫科技,0.0,0.0,0.0,0.0,0,0,0.0,0.0,0.0,0.0
837174,宏裕包材,0.0,0.0,0.0,0.0,0,0,0.0,0.0,0.0,0.0
837212,智新电子,0.0,0.0,0.0,0.0,0,0,0.0,0.0,0.0,0.0
837242,建邦科技,0.0,0.0,0.0,0.0,0,0,0.0,0.0,0.0,0.0
837344,三元基因,0.0,0.0,0.0,0.0,0,0,0.0,0.0,0.0,0.0
837403,康农种业,0.0,0.0,0.0,0.0,0,0,0.0,0.0,0.0,0.0
837592,华信永道,0.0,0.0,0.0,0.0,0,0,0.0,0.0,0.0,0.0
837663,明阳科技,0.0,0.0,0.0,0.0,0,0,0.0,0.0,0.0,0.0
837748,路桥信息,0.0,0.0,0.0,0.0,0,0,0.0,0.0,0.0,0.0
837821,则成电子,0.0,0.0,0.0,0.0,0,0,0.0,0.0,0.0,0.0
838030,德众汽车,0.0,0.0,0.0,0.0,0,0,0.0,0.0,0.0,0.0
838163,方大新材,0.0,0.0,0.0,0.0,0,0,0.0,0.0,0.0,0.0
838171,邦德股份,0.0,0.0,0.0,0.0,0,0,0.0,0.0,0.0,0.0
838227,美登科技,0.0,0.0,0.0,0.0,0,0,0.0,0.0,0.0,0.0
838262,太湖雪,0.0,0.0,0.0,0.0,0,0,0.0,0.0,0.0,0.0
838275,驱动力,0.0,0.0,0.0,0.0,0,0,0.0,0.0,0.0,0.0
838402,硅烷科技,0.0,0.0,0.0,0.0,0,0,0.0,0.0,0.0,0.0
838670,恒进感应,0.0,0.0,0.0,0.0,0,0,0.0,0.0,0.0,0.0
838701,豪声电子,0.0,0.0,0.0,0.0,0,0,0.0,0.0,0.0,0.0
838810,春光智能,0.0,0.0,0.0,0.0,0,0,0.0,0.0,0.0,0.0
838837,华原股份,0.0,0.0,0.0,0.0,0,0,0.0,0.0,0.0,0.0
838924,广脉科技,0.0,0.0,0.0,0.0,0,0,0.0,0.0,0.0,0.0
838971,天马新材,0.0,0.0,0.0,0.0,0,0,0.0,0.0,0.0,0.0
839167,同享科技,0.0,0.0,0.0,0.0,0,0,0.0,0.0,0.0,0.0
839273,一致魔芋,0.0,0.0,0.0,0.0,0,0,0.0,0.0,0.0,0.0
839371,欧福蛋业,0.0,0.0,0.0,0.0,0,0,0.0,0.0,0.0,0.0
839493,并行科技,0.0,0.0,0.0,0.0,0,0,0.0,0.0,0.0,0.0
839680,*ST广道,0.0,0.0,0.0,0.0,0,0,0.0,0.0,0.0,0.0
839719,宁新新材,0.0,0.0,0.0,0.0,0,0,0.0,0.0,0.0,0.0
839725,惠丰钻石,0.0,0.0,0.0,0.0,0,0,0.0,0.0,0.0,0.0
839729,永顺生物,0.0,0.0,0.0,0.0,0,0,0.0,0.0,0.0,0.0
839790,联迪信息,0.0,0.0,0.0,0.0,0,0,0.0,0.0,0.0,0.0
839792,东和新材,0.0,0.0,0.0,0.0,0,0,0.0,0.0,0.0,0.0
839946,华阳变速,0.0,0.0,0.0,0.0,0,0,0.0,0.0,0.0,0.0
870199,倍益康,0.0,0.0,0.0,0.0,0,0,0.0,0.0,0.0,0.0
870204,沪江材料,0.0,0.0,0.0,0.0,0,0,0.0,0.0,0.0,0.0
870299,灿能电力,0.0,0.0,0.0,0.0,0,0,0.0,0.0,0.0,0.0
870357,雅葆轩,0.0,0.0,0.0,0.0,0,0,0.0,0.0,0.0,0.0
870436,大地电气,0.0,0.0,0.0,0.0,0,0,0.0,0.0,0.0,0.0
870508,丰安股份,0.0,0.0,0.0,0.0,0,0,0.0,0.0,0.0,0.0
870656,海昇药业,0.0,0.0,0.0,0.0,0,0,0.0,0.0,0.0,0.0
870726,鸿智科技,0.0,0.0,0.0,0.0,0,0,0.0,0.0,0.0,0.0
870866,绿亨科技,0.0,0.0,0.0,0.0,0,0,0.0,0.0,0.0,0.0
870976,视声智能,0.0,0.0,0.0,0.0,0,0,0.0,0.0,0.0,0.0
871245,威博液压,0.0,0.0,0.0,0.0,0,0,0.0,0.0,0.0,0.0
871263,莱赛激光,0.0,0.0,0.0,0.0,0,0,0.0,0.0,0.0,0.0
871396,常辅股份,0.0,0.0,0.0,0.0,0,0,0.0,0.0,0.0,0.0
871478,巨能股份,0.0,0.0,0.0,0.0,0,0,0.0,0.0,0.0,0.0
871553,凯腾精工,0.0,0.0,0.0,0.0,0,0,0.0,0.0,0.0,0.0
871634,新威凌,0.0,0.0,0.0,0.0,0,0,0.0,0.0,0.0,0.0
871642,通易航天,0.0,0.0,0.0,0.0,0,0,0.0,0.0,0.0,0.0
871694,中裕科技,0.0,0.0,0.0,0.0,0,0,0.0,0.0,0.0,0.0
871753,天纺标,0.0,0.0,0.0,0.0,0,0,0.0,0.0,0.0,0.0
871857,泓禧科技,0.0,0.0,0.0,0.0,0,0,0.0,0.0,0.0,0.0
871970,大禹生物,0.0,0.0,0.0,0.0,0,0,0.0,0.0,0.0,0.0
871981,晶赛科技,0.0,0.0,0.0,0.0,0,0,0.0,0.0,0.0,0.0
872190,雷神科技,0.0,0.0,0.0,0.0,0,0,0.0,0.0,0.0,0.0
872351,华光源海,0.0,0.0,0.0,0.0,0,0,0.0,0.0,0.0,0.0
872374,云里物里,0.0,0.0,0.0,0.0,0,0,0.0,0.0,0.0,0.0
872392,佳合科技,0.0,0.0,0.0,0.0,0,0,0.0,0.0,0.0,0.0
872541,铁大科技,0.0,0.0,0.0,0.0,0,0,0.0,0.0,0.0,0.0
872808,曙光数创,0.0,0.0,0.0,0.0,0,0,0.0,0.0,0.0,0.0
872895,花溪科技,0.0,0.0,0.0,0.0,0,0,0.0,0.0,0.0,0.0
872925,锦好医疗,0.0,0.0,0.0,0.0,0,0,0.0,0.0,0.0,0.0
872931,无锡鼎邦,0.0,0.0,0.0,0.0,0,0,0.0,0.0,0.0,0.0
872953,国子软件,0.0,0.0,0.0,0.0,0,0,0.0,0.0,0.0,0.0
873001,纬达光电,0.0,0.0,0.0,0.0,0,0,0.0,0.0,0.0,0.0
873122,中纺标,0.0,0.0,0.0,0.0,0,0,0.0,0.0,0.0,0.0
873132,泰鹏智能,0.0,0.0,0.0,0.0,0,0,0.0,0.0,0.0,0.0
873152,天宏锂电,0.0,0.0,0.0,0.0,0,0,0.0,0.0,0.0,0.0
873167,新赣江,0.0,0.0,0.0,0.0,0,0,0.0,0.0,0.0,0.0
873169,七丰精工,0.0,0.0,0.0,0.0,0,0,0.0,0.0,0.0,0.0
873223,荣亿精密,0.0,0.0,0.0,0.0,0,0,0.0,0.0,0.0,0.0
873305,九菱科技,0.0,0.0,0.0,0.0,0,0,0.0,0.0,0.0,0.0
873339,恒太照明,0.0,0.0,0.0,0.0,0,0,0.0,0.0,0.0,0.0
873527,夜光明,0.0,0.0,0.0,0.0,0,0,0.0,0.0,0.0,0.0
873570,坤博精工,0.0,0.0,0.0,0.0,0,0,0.0,0.0,0.0,0.0
873576,天力复合,0.0,0.0,0.0,0.0,0,0,0.0,0.0,0.0,0.0
873593,鼎智科技,0.0,0.0,0.0,0.0,0,0,0.0,0.0,0.0,0.0
873665,科强股份,0.0,0.0,0.0,0.0,0,0,0.0,0.0,0.0,0.0
873679,前进科技,0.0,0.0,0.0,0.0,0,0,0.0,0.0,0.0,0.0
873690,捷众科技,0.0,0.0,0.0,0.0,0,0,0.0,0.0,0.0,0.0
873693,阿为特,0.0,0.0,0.0,0.0,0,0,0.0,0.0,0.0,0.0
873703,广厦环能,0.0,0.0,0.0,0.0,0,0,0.0,0.0,0.0,0.0
873706,铁拓机械,0.0,0.0,0.0,0.0,0,0,0.0,0.0,0.0,0.0
873726,卓兆点胶,0.0,0.0,0.0,0.0,0,0,0.0,0.0,0.0,0.0
873806,云星宇,0.0,0.0,0.0,0.0,0,0,0.0,0.0,0.0,0.0
873833,美心翼申,0.0,0.0,0.0,0.0,0,0,0.0,0.0,0.0,0.0
920002,万达轴承,106.72,-1.0844378533691739,-1.1700000000000017,97959842.22,915199,0,107.12,108.79,106.0,107.89
920008,成电光信,31.1,1.1382113821138258,0.3500000000000014,30588602.89,986814,0,30.66,31.23,30.66,30.75
920016,中草香料,19.6,-0.7092198581560133,-0.13999999999999702,7044642.09,357720,0,19.74,19.89,19.59,19.74
920019,铜冠矿建,20.78,3.537618335824618,0.7100000000000009,122049231.44,5889931,0,20.07,21.3,20.04,20.07
920060,万源通,33.3,1.0315533980582412,0.3399999999999963,98745430.99,2937686,0,32.91,34.28,32.88,32.96
920066,科拜尔,24.92,-0.7566706491437584,-0.18999999999999773,12461280.68,493759,0,25.71,25.78,24.8,25.11
920082,方正阀门,17.11,-0.4653868528214185,-0.08000000000000185,8102292.17,471818,0,17.1,17.27,17.06,17.19
920088,科力股份,30.05,0.5016722408026827,0.15000000000000213,39136366.36,1304816,0,29.98,30.17,29.85,29.9
920098,科隆新材,33.22,0.0602409638554097,0.01999999999999602,157253380.82,4779827,0,32.8,34.2,32.07,33.2
920099,瑞华技术,32.69,3.514882837238757,1.1099999999999994,54385378.43,1677164,0,31.71,32.96,31.47,31.58
920106,林泰新材,81.87,-0.546647230320686,-0.44999999999998863,38094484.05,464559,0,82.34,82.68,81.63,82.32
920108,宏海科技,13.77,-0.7209805335255922,-0.09999999999999964,9445328.11,683866,0,13.95,13.95,13.71,13.87
920111,聚星科技,23.61,-0.6313131313131403,-0.15000000000000213,43650346.02,1830602,0,23.71,24.11,23.59,23.76
920116,星图测控,88.79,5.064489409537334,4.280000000000001,697848428.09,7926387,0,84.36,90.87,83.88,84.51
920118,太湖远大,23.1,-0.602409638554204,-0.13999999999999702,10799209.0,464840,0,23.22,23.47,23.08,23.24
920128,胜业电气,26.4,0.18975332068310116,0.04999999999999716,16316936.01,616646,0,26.3,26.7,26.2,26.35
000003,Ｂ股指数,252.8701,0.13451845797576129,0.3397000000000219,125990596.0,237090,0,252.5352,253.5633,252.0695,252.5304
000005,商业指数,2859.5754,-0.19516139215754452,-5.591699999999946,51520291655.0,46172930,0,2863.4846,2878.8397,2853.1589,2865.1671
000013,企债指数,0.0,0.0,0.0,0.0,0,0,0.0,0.0,0.0,0.0
000015,红利指数,3040.8094,0.38385945563647317,11.627800000000207,25149887937.0,26200018,0,3025.9591,3042.6982,3023.9718,3029.1816
000018,180金融,5957.8179,-0.034821093773969386,-2.075300000000425,39827339848.0,29457544,0,5950.2625,5992.8313,5945.929,5959.8932
000022,沪公司债,253.6362,0.002365648885661182,0.006000000000000227,48008656.0,51059,0,253.6477,253.6505,253.6358,253.6302
000033,上证材料,3608.4948,2.344348373006141,82.65790000000015,68146214971.0,39797919,0,3553.3019,3619.0313,3553.3019,3525.8369
000038,上证金融,5948.319,-0.08073574396291108,-4.806299999999283,31757468460.0,21340841,0,5942.6122,5981.1236,5935.5449,5953.1253
000041,上证公用,2617.8492,0.5111042180121648,13.31190000000015,14667604932.0,18137605,0,2605.222,2621.4755,2599.554,2604.5373
000043,超大盘,2610.5498,0.1431284807033174,3.7310999999999694,54280236759.0,13895065,0,2602.7112,2622.9146,2602.1131,2606.8187
000044,上证中盘,4576.2062,0.12926289169076705,5.90769999999975,126459929970.0,70464919,0,4571.7672,4586.7089,4551.6013,4570.2985
000046,上证中小,5129.0121,0.3532037034138377,18.052099999999882,371322751646.0,207313062,0,5110.7034,5142.3836,5094.9819,5110.96
000047,上证全指,3949.4724,0.38004641685080964,14.952999999999975,472240006736.0,241413750,0,3934.195,3962.2099,3928.3635,3934.5194
000051,180等权,9323.6277,0.2608067942807679,24.2533999999996,227377185060.0,104565608,0,9303.0928,9349.0067,9276.414,9299.3743
000052,50基本,3038.5358,0.21920652324522008,6.646099999999933,100917255090.0,34100689,0,3029.7277,3050.1216,3028.9632,3031.8897
000053,180基本,12631.2523,0.18516157713183173,23.344999999999345,227377185060.0,104565608,0,12605.1647,12669.3886,12592.1924,12607.9073
000054,上证海外,1614.6306,0.7557851108161558,12.111599999999953,91428844617.0,48962853,0,1603.0674,1620.7404,1603.0568,1602.519
000057,全指成长,3853.4855,0.5147150079533034,19.732899999999972,139012671296.0,46398316,0,3837.4128,3869.2326,3832.2455,3833.7526
000064,非周期,3578.7277,0.01623466091441326,0.5808999999999287,159464860433.0,56104885,0,3574.0554,3593.9396,3557.5479,3578.1468
000067,上证新兴,8880.4364,0.5829754214584824,51.47069999999985,111471275496.0,31724084,0,8826.3644,8887.7849,8787.6538,8828.9657
000071,材料等权,4832.3756,2.2063022334973224,104.3153000000002,68146214971.0,39797919,0,4761.8009,4850.4477,4761.298,4728.0603
000072,工业等权,3023.5803,0.24047460639875823,7.253500000000258,41666395006.0,30040962,0,3023.0966,3038.4432,3009.9481,3016.3268
000073,可选等权,3492.4803,0.2735639036332452,9.528099999999995,36228206416.0,17657363,0,3484.7531,3510.7411,3468.2438,3482.9522
000074,消费等权,7146.7924,-0.6229427451243454,-44.79950000000008,9531065754.0,3513585,0,7172.088,7172.088,7123.0895,7191.5919
000075,医药等权,7036.0598,0.05399542312319722,3.797099999999773,12699027203.0,3260315,0,7025.7417,7054.5556,7000.5649,7032.2627
000076,金融等权,5735.9631,-0.32665473023182,-18.79820000000018,31843473954.0,20973330,0,5746.4324,5769.7017,5725.7207,5754.7613
000077,信息等权,6100.7375,-0.3354596942507905,-20.53439999999955,82111405552.0,14256495,0,6099.7831,6139.3213,6051.0593,6121.2719
000079,公用等权,2600.2533,0.8442634957492942,21.769199999999728,14667604932.0,18137605,0,2579.538,2603.6332,2578.2006,2578.4841
000091,沪财中小,14624.0939,-0.2910910089132252,-42.69369999999981,51245578444.0,30381356,0,14673.9095,14745.9722,14561.3112,14666.7876
000092,资源50,4801.188,1.5599513834352048,73.74579999999969,68484260408.0,32303069,0,4749.6391,4814.6255,4748.385,4727.4422
000093,180分层,12053.0427,0.40660239756088196,48.80949999999939,227377185060.0,104565608,0,12000.9368,12068.6642,11978.7368,12004.2332
000094,上证上游,4473.1066,2.5221333547616998,110.04230000000007,63070271093.0,35137469,0,4398.5064,4491.4037,4397.356,4363.0643
000095,上证中游,3878.8577,0.12572835169555147,4.8706999999999425,253115799234.0,92751150,0,3870.1848,3894.3957,3847.9802,3873.987
000097,高端装备,11510.8781,0.5095936641629767,58.36130000000048,144283110558.0,38358447,0,11446.5205,11551.9303,11393.5322,11452.5168
000098,上证F200,5562.8242,0.45287566594569195,25.079099999999926,193036844003.0,131440327,0,5538.006,5574.1627,5536.4823,5537.7451
000101,5年信用,251.5174,0.0003578294068188191,0.0009000000000014552,80702687.0,80261,0,251.5327,251.5402,251.5099,251.5165
000102,沪投资品,7550.0955,1.7522239082330058,130.01640000000043,85554336641.0,41513036,0,7462.7645,7581.4236,7456.1686,7420.0791
000103,沪消费品,8165.9172,0.5955338160563513,48.342899999999645,25796856096.0,4887520,0,8106.3416,8181.1507,8098.0772,8117.5743
000104,380能源,1268.4742,0.6925741982830882,8.724700000000212,3239928223.0,4941070,0,1257.3947,1272.38,1256.8589,1259.7495
000105,380材料,5349.2218,1.396353188452309,73.66539999999986,28418448578.0,20937445,0,5296.6211,5367.3072,5285.8331,5275.5564
000106,380工业,6089.4901,1.3441877553454986,80.76850000000013,85718897718.0,41922163,0,6013.4964,6112.5906,6006.4756,6008.7216
000107,380可选,5573.4447,-0.36148393515671184,-20.22019999999975,13885999252.0,5815756,0,5596.6374,5619.2047,5540.9193,5593.6649
000108,380消费,12360.1623,-0.3598710744602141,-44.64129999999932,2927404873.0,1622012,0,12383.0233,12409.0986,12317.2464,12404.8036
000109,380医药,10093.2382,0.05249732643692028,5.295899999999165,6436612485.0,2303413,0,10084.5412,10126.9424,10044.7787,10087.9423
000110,380金融,4299.2201,0.5075382522182502,21.709999999999127,10106482417.0,11659703,0,4273.152,4342.6566,4272.596,4277.5101
000111,380信息,9724.1887,-0.1699746698032537,-16.556800000000294,35986327448.0,7679295,0,9695.5479,9783.6529,9634.442,9740.7455
000112,380电信,6107.8312,0.24902263118577853,15.172099999999773,18953154464.0,5584838,0,6077.6245,6148.2679,6040.0391,6092.6591
000113,380公用,3077.2153,1.9689837157283716,59.41989999999987,9339918540.0,11642977,0,3019.9457,3084.6295,3017.025,3017.7954
000114,持续产业,1268.0332,0.8121285581754724,10.21510000000012,28896185563.0,16834365,0,1265.0455,1276.1674,1263.3067,1257.8181
000115,380等权,8678.2374,0.4848079880249701,41.869800000000396,222785066681.0,122336915,0,8633.7056,8704.0948,8615.0834,8636.3676
000116,信用100,198.9672,0.015482335057837216,0.030799999999999272,91439568.0,91700,0,198.947,198.9719,198.9424,198.9364
000117,380成长,4377.6776,0.31955897209015727,13.944700000000012,56949266511.0,21590563,0,4361.3803,4393.1737,4342.7157,4363.7329
000118,380价值,10173.949,0.9528292117634276,96.02540000000045,43646819184.0,45624561,0,10080.5733,10194.1272,10080.5733,10077.9236
000119,380R成长,4369.7419,0.3461227159976879,15.072500000000218,189093303245.0,84304901,0,4351.4142,4382.0409,4329.0672,4354.6694
000120,380R价值,9703.6946,0.9707933516797989,93.29710000000159,175790855918.0,108338899,0,9612.3239,9728.2956,9612.3239,9610.3975
000121,医药主题,8133.2827,-0.05809528016706995,-4.72780000000057,13338567486.0,3414068,0,8128.7945,8155.2752,8089.732,8138.0105
000122,农业主题,1643.7545,0.38709156535767253,6.3383000000001175,5203409259.0,6797846,0,1637.4851,1649.866,1632.5574,1637.4162
000123,180动态,7175.8044,0.6894524951585409,49.13500000000022,172476541300.0,61321835,0,7129.1812,7211.4971,7126.5063,7126.6694
000125,180稳定,11825.1974,-0.1805170394077898,-21.38510000000133,56630766082.0,40297497,0,11832.7457,11862.3096,11798.9686,11846.5825
000126,消费50,8334.279,0.28915014938359124,24.029099999999744,42760306325.0,17489076,0,8310.0946,8356.3168,8286.556,8310.2499
000128,380基本,9159.1794,0.8730618825115336,79.27320000000145,222785066681.0,122336915,0,9073.5902,9178.1614,9067.5494,9079.9062
000129,180波动,15277.1147,-0.08768569010883596,-13.407600000000457,64378512154.0,52945275,0,15280.5514,15314.8106,15236.0493,15290.5223
000130,380波动,13386.2016,0.3474288112769654,46.34649999999965,23211065939.0,28278205,0,13337.7845,13415.5493,13328.1814,13339.8551
000131,上证高新,3611.6136,-0.3482582932736098,-12.621699999999691,33283327541.0,4576352,0,3613.0599,3635.7536,3585.4421,3624.2353
000132,上证100,6065.0927,0.3879650026916542,23.439500000000407,41206247874.0,12700151,0,6047.813,6089.1704,6021.3106,6041.6532
000133,上证150,6706.6966,-0.10471233510294584,-7.030099999999948,48637481868.0,20203783,0,6710.7825,6748.1415,6660.9985,6713.7267
000134,上证银行,1028.2243,-0.33655246479947637,-3.47219999999993,14691300783.0,17566490,0,1030.8192,1033.0526,1027.4127,1031.6965
000135,180高贝,6356.3889,0.6220646602847778,39.296400000000176,118395907025.0,31914116,0,6320.3084,6391.0708,6308.7121,6317.0925
000136,180低贝,12882.2318,-0.29994224976911105,-38.75550000000112,30947860428.0,30699693,0,12912.1576,12926.1668,12868.8307,12920.9873
000137,380高贝,5920.9358,0.42429512735731156,25.016099999999824,83768680993.0,22629893,0,5889.1672,5955.3113,5865.6748,5895.9197
000138,380低贝,8201.9397,0.16845204017232393,13.793100000000777,20039480845.0,20045879,0,8187.0131,8220.3738,8172.0519,8188.1466
000139,上证转债,429.457,-0.13819281560130905,-0.5943000000000325,43742057364.0,21828822,0,430.5033,431.8162,429.2401,430.0513
000141,380动态,3916.5686,0.7079569514902191,27.532700000000204,166217435370.0,76328183,0,3886.1482,3926.9126,3872.9422,3889.0359
000142,380稳定,9902.9987,0.4628270194539965,45.6226000000006,53491549707.0,44595106,0,9859.8702,9930.3242,9849.7272,9857.3761
000145,优势资源,8061.9628,2.263335773863797,178.4308000000001,61070914518.0,32448979,0,7936.4441,8095.5574,7935.6241,7883.532
000146,优势制造,7896.4862,0.9077999226830162,71.03940000000057,88544296477.0,36092429,0,7844.7798,7926.0879,7811.4727,7825.4468
000147,优势消费,6840.2628,0.02024747304679288,1.384700000000521,14752766547.0,4742009,0,6835.2676,6850.8273,6805.9603,6838.8781
000148,消费领先,9475.8403,0.16869555210831466,15.958399999999529,97704980923.0,45191375,0,9440.5917,9502.4075,9421.7295,9459.8819
000149,180红利,4000.1551,-0.20073594113668636,-8.045900000000074,22046857885.0,19528798,0,4002.3516,4014.2153,3996.0021,4008.201
000150,380红利,11591.9072,0.7123947229062826,81.99599999999919,9259502124.0,7647515,0,11513.3726,11611.3951,11512.2797,11509.9112
000152,上央红利,2853.352,-0.12948664033533072,-3.699500000000171,17854287903.0,19443763,0,2853.6916,2861.4227,2846.38,2857.0515
000160,沪新丝路,2136.8398,0.956827822442706,20.252100000000155,66797218913.0,48404494,0,2119.5255,2142.6902,2119.5157,2116.5877
000161,沪中国造,1755.8285,0.6819632950874633,11.893000000000029,134904138602.0,53163911,0,1747.8108,1761.8461,1739.3067,1743.9355
000162,沪互联+,3619.0523,0.3102616136414444,11.19380000000001,58243946462.0,21147537,0,3601.6081,3634.8693,3588.4182,3607.8585
000170,50AH优选,6212.5017,0.25019213740822194,15.504399999999805,57006206631.0,15398119,0,6200.1445,6225.5085,6197.0619,6196.9973
000171,新兴成指,0.0,0.0,0.0,0.0,0,0,0.0,0.0,0.0,0.0
000300,沪深300,4657.24,0.31672992843112485,14.70429999999942,460426934268.0,175396565,0,4639.7895,4676.131,4635.1052,4642.5357
000805,A股资源,0.0,0.0,0.0,0.0,0,0,0.0,0.0,0.0,0.0
000808,医药生物,0.0,0.0,0.0,0.0,0,0,0.0,0.0,0.0,0.0
000814,细分医药,8521.0278,0.05720773618059406,4.871900000000096,14519384540.0,3823409,0,8510.9597,8546.5652,8472.8128,8516.1559
000827,中证环保,1909.4391,1.7591708081758517,33.00960000000009,132540210164.0,46679407,0,1894.0048,1929.0432,1888.5072,1876.4295
000841,800医药,0.0,0.0,0.0,0.0,0,0,0.0,0.0,0.0,0.0
000842,800等权,0.0,0.0,0.0,0.0,0,0,0.0,0.0,0.0,0.0
000847,腾讯济安,3523.4823,-0.06311640817860395,-2.225300000000061,59127479400.0,25881960,0,3524.8367,3536.3524,3504.0365,3525.7076
000849,300非银,11390.3774,0.4498637873545176,51.01169999999911,40450718482.0,21581078,0,11313.3324,11515.276,11308.1687,11339.3657
000853,CSSW丝路,1649.7601,0.5859035854272862,9.609699999999975,108281831149.0,19768859,0,1640.6255,1657.3051,1637.4301,1640.1504
000854,500原料,5884.6261,1.863851290584492,107.67380000000048,60291656420.0,35073480,0,5812.3652,5903.1419,5808.6669,5776.9523
000855,央视500,1645.4642,0.44192355809596656,7.239699999999857,661930827627.0,241597601,0,1638.6975,1650.9692,1636.9341,1638.2245
000857,500医药,10525.9433,-0.06533764559197751,-6.881899999998495,10986349095.0,5495202,0,10524.2003,10559.3245,10471.4983,10532.8252
000865,上海国企,1514.1988,-0.2331957008920142,-3.5393000000001393,25352661140.0,16960306,0,1516.8111,1523.3362,1509.5323,1517.7381
000867,港中小企,0.0,0.0,0.0,0.0,0,0,0.0,0.0,0.0,0.0
000891,新兴综指,1883.5898,0.3379739631242578,6.3445999999999,1179801345842.0,475734863,0,1876.5619,1893.1271,1869.7081,1877.2452
000904,中证200,0.0,0.0,0.0,0.0,0,0,0.0,0.0,0.0,0.0
000914,300金融,6748.7103,0.04757392971778042,3.209100000000035,59605394409.0,45887347,0,6735.2725,6791.6598,6732.8239,6745.5012
000918,300成长,0.0,0.0,0.0,0.0,0,0,0.0,0.0,0.0,0.0
000934,中证金融,6301.2735,0.08586107859507869,5.405700000000252,75672182054.0,66285819,0,6286.6785,6342.9512,6284.7936,6295.8678
000944,内地资源,0.0,0.0,0.0,0.0,0,0,0.0,0.0,0.0,0.0
000971,等权90,0.0,0.0,0.0,0.0,0,0,0.0,0.0,0.0,0.0
000974,800金融,7073.3937,0.07088183599545375,5.010199999999713,70241752906.0,56652268,0,7058.6079,7120.0286,7056.3102,7068.3835
000982,500等权,9035.2856,0.5227596805197253,46.987199999999575,386914288411.0,199276884,0,8996.1344,9066.057,8969.568,8988.2984
000984,300等权,0.0,0.0,0.0,0.0,0,0,0.0,0.0,0.0,0.0
000986,全指能源,2302.5229,0.505644214256427,11.583999999999833,14283351115.0,19217552,0,2288.7884,2313.3077,2287.6231,2290.9389
000991,全指医药,8920.4442,-0.1019256780331016,-9.10150000000067,29240129880.0,11221565,0,8921.6528,8946.465,8872.9717,8929.5457
000992,全指金融,6014.4433,0.07423316865563506,4.46140000000014,88955811009.0,81908657,0,6001.0503,6055.7894,5999.1797,6009.9819
