代码,名称,最新价,涨跌幅,涨跌额,成交量,成交额,换手率,开盘,最高,最低,昨收
000001,上证指数,3870.2775,1.1887015934038478,45.465599999999995,766820526343.0,512313692,0,3822.5086,3881.7519,3817.9955,3824.8119
000002,Ａ股指数,4057.8763,1.190367151438495,47.73540000000003,766423079881.0,512051741,0,4007.7206,4069.9242,4002.9818,4010.1409
000004,工业指数,3489.8685,1.3928473860737938,47.940799999999854,564105539541.0,301295140,0,3440.6575,3497.8754,3432.7063,3441.9277
000006,地产指数,4207.0992,0.2679333383398467,11.242099999999482,3702552800.0,7018431,0,4191.6474,4223.646,4157.5652,4195.8571
000007,公用指数,4668.1932,0.7244958999404313,33.57759999999962,28221652988.0,46648007,0,4632.7747,4680.9154,4619.2084,4634.6156
000008,综合指数,3583.1807,1.0046282479997195,35.63959999999997,117565453477.0,107952485,0,3543.6085,3601.1764,3534.9745,3547.5411
000009,上证380,6325.7362,1.6253096580506416,101.16850000000068,170495792674.0,95925858,0,6222.6551,6342.7973,6207.307,6224.5677
000010,上证180,9850.6013,1.3419342726872607,130.4382000000005,219376690776.0,109498974,0,9720.6492,9887.3574,9706.8564,9720.1631
000011,基金指数,7116.7778,0.2436431826757275,17.29739999999947,337281721763.0,1154694627,0,7099.2424,7120.1908,7097.9341,7099.4804
000012,国债指数,224.5383,0.041257194947376785,0.09260000000000446,29305102971.0,29466219,0,224.4605,224.5618,224.4541,224.4457
000014,沙河股份,13.48,0.8982035928143787,0.120000000000001,98809216.06,7377371,0,13.33,13.5,13.25,13.36
000016,上证50,2991.6777,1.248499384321144,36.890499999999975,107470290057.0,38500743,0,2955.4744,3005.873,2948.7363,2954.7872
000017,新综指,3271.4857,1.1901141512371882,38.476500000000215,741998325774.0,505771660,0,3231.059,3281.1941,3227.2424,3233.0092
000019,治理指数,1222.6669,1.0402209970684455,12.587499999999864,138981561435.0,77421330,0,1209.7226,1228.0129,1206.7013,1210.0794
000020,中型综指,1625.0716,1.4385031357785378,23.045200000000023,180063902529.0,79899856,0,1599.5695,1626.0409,1589.0799,1602.0264
000021,180治理,1070.4285,1.0015341369774124,10.614399999999932,98890169049.0,54604228,0,1059.9337,1075.7862,1056.7688,1059.8141
000025,180基建,1786.3487,0.23382016737240013,4.167100000000119,16272356058.0,19543866,0,1781.0491,1790.5714,1772.8806,1782.1816
000026,180资源,5153.6832,1.418601669129294,72.08760000000075,26009601514.0,11739410,0,5094.6308,5187.5818,5089.4307,5081.5956
000027,180运输,760.273,1.201711505111789,9.02780000000007,5314709017.0,6271865,0,753.0971,763.1403,750.9748,751.2452
000028,180成长,3830.8708,2.0336843435310623,76.35500000000002,95111547385.0,27388957,0,3761.0875,3851.6149,3759.2839,3754.5158
000029,180价值,4403.9886,0.8605298860440089,37.57429999999931,62205817398.0,56681764,0,4365.7763,4428.4797,4349.4837,4366.4143
000030,180R成长,2524.7478,1.8425007530038746,45.67689999999993,175796245154.0,65579421,0,2481.3059,2535.4874,2479.1958,2479.0709
000031,180R价值,3221.1523,0.7358592664305662,23.5300000000002,142890515167.0,94872228,0,3194.7587,3235.2341,3184.6336,3197.6223
000032,上证能源,1893.4372,-0.06940748930612352,-1.3151000000000295,7774357267.0,9837538,0,1890.7525,1902.3896,1880.6007,1894.7523
000034,上证工业,2204.868,1.232288798438064,26.83959999999979,34136869961.0,29698268,0,2178.5316,2209.7972,2177.2396,2178.0284
000035,上证可选,2951.586,0.7320788724042049,21.45089999999982,37275634700.0,30469061,0,2930.2531,2961.5051,2918.9622,2930.1351
000036,上证消费,10950.7448,0.4691065206529408,51.13080000000082,13361402127.0,3441724,0,10882.8909,10987.2421,10823.4368,10899.614
000037,上证医药,6417.3907,1.3318268438147136,84.34519999999975,16682923070.0,5134981,0,6333.8127,6438.663,6312.1189,6333.0455
000039,上证信息,5351.9163,2.806557255369288,146.10409999999956,83855615281.0,14742439,0,5205.1751,5357.945,5185.8517,5205.8122
000040,上证电信,3850.8873,2.230470806997134,84.01890000000003,33740322715.0,13861358,0,3767.1443,3860.2872,3757.6581,3766.8684
000042,上证央企,1783.7422,0.6622433588305905,11.7349999999999,57122983231.0,45994443,0,1770.7789,1790.6462,1765.2427,1772.0072
000045,上证小盘,5534.6245,1.8087538401381567,98.32920000000013,198777801582.0,126670075,0,5436.3313,5549.7384,5420.165,5436.2953
000048,责任指数,1466.2304,1.000025556017304,14.517499999999927,64453959692.0,28515823,0,1450.8907,1473.3418,1446.2438,1451.7129
000049,上证民企,1964.6747,1.875160745694094,36.162700000000086,69930528901.0,24673530,0,1926.1434,1971.4318,1924.062,1928.512
000050,50等权,2378.9984,1.188202953302393,27.935399999999845,107470290057.0,38500743,0,2350.1758,2388.978,2344.0448,2351.063
000055,上证地企,1549.633,1.548609529271675,23.631800000000112,69597773375.0,35133556,0,1528.2183,1558.806,1525.9342,1526.0012
000056,上证国企,1230.7972,1.2388378334049706,15.060999999999922,100573663045.0,55360631,0,1216.4665,1236.9586,1214.131,1215.7362
000058,全指价值,4662.2521,0.9744503838987266,44.99289999999928,101350905871.0,92477906,0,4615.6551,4686.2957,4602.0189,4617.2592
000059,全R成长,3248.3191,1.8716927881675904,59.68150000000014,339742030324.0,157592949,0,3190.9648,3258.8319,3185.5108,3188.6376
000060,全R价值,4395.3642,1.0180743937504382,44.29709999999977,303460456611.0,207989720,0,4348.2891,4414.2488,4338.2585,4351.0671
000061,沪企债30,178.1244,-0.07685342985076997,-0.13700000000000045,406441405.0,407098,0,178.2717,178.2717,178.1188,178.2614
000062,上证沪企,2054.9129,1.449135197094641,29.353099999999813,35543756219.0,18392323,0,2025.9456,2063.0574,2022.7551,2025.5598
000063,上证周期,3946.5134,1.1890136667394675,46.3732,75533805609.0,51671541,0,3902.6875,3972.2063,3893.5678,3900.1402
000065,上证龙头,3539.8883,1.1834955135851817,41.404399999999896,143007416843.0,81341342,0,3500.0048,3552.9175,3488.7096,3498.4839
000066,上证商品,3337.6111,1.6389809775922428,53.820700000000215,47009418910.0,29007590,0,3288.3232,3354.9945,3285.5046,3283.7904
000068,上证资源,3775.8326,1.6246617385133226,60.36380000000008,42802684590.0,23789206,0,3724.3331,3798.4007,3720.1616,3715.4688
000069,消费80,4916.5992,0.9322967040485929,45.41389999999956,57362147228.0,30591114,0,4869.578,4933.3684,4852.2132,4871.1853
000070,能源等权,2562.1064,0.13474638098469985,3.447700000000168,7774357267.0,9837538,0,2553.3125,2569.8995,2540.8964,2558.6587
000078,电信等权,3248.2192,1.5054574720053022,48.17529999999988,33740322715.0,13861358,0,3197.0503,3256.3577,3186.443,3200.0439
000088,盐田港,4.5,0.44642857142856185,0.019999999999999574,104447045.4,23399262,0,4.47,4.51,4.43,4.48
000089,深圳机场,7.0,0.8645533141210318,0.05999999999999961,120607624.99,17231599,0,6.93,7.05,6.9,6.94
000090,上证流通,1409.0415,1.3303149438971014,18.498600000000124,741998325774.0,505771660,0,1390.0697,1413.2089,1386.9009,1390.5429
000096,上证下游,4226.5673,0.795495480133887,33.356799999999566,82146206996.0,52550926,0,4191.0648,4240.379,4172.1425,4193.2105
000099,上证F300,8864.3767,1.2740439372203578,111.51530000000093,162040763230.0,111326927,0,8751.3065,8889.6,8746.653,8752.8614
000100,上证F500,6133.4033,1.0116658579237954,61.428100000000086,332612422457.0,235187193,0,6070.4316,6158.4042,6058.6809,6071.9752
000151,上国红利,1514.8024,0.043027415563398716,0.6514999999999418,15771993193.0,17174437,0,1513.4004,1521.5715,1507.0826,1514.1509
000153,上民红利,3054.6321,0.591238169103262,17.953999999999724,5211568662.0,4697824,0,3029.7443,3058.3079,3018.4846,3036.6781
000155,市值百强,3237.3338,1.332175692689102,42.559999999999945,180158359106.0,78859834,0,3194.7713,3251.7224,3189.716,3194.7738
000156,华数传媒,7.39,1.0943912448700421,0.08000000000000007,61677503.67,8421699,0,7.3,7.42,7.25,7.31
000157,中联重科,8.45,0.955794504181602,0.08000000000000007,362099472.47,43089444,0,8.38,8.49,8.32,8.37
000158,上证环保,1278.9289,1.4729470302398402,18.56450000000018,21663504060.0,13070489,0,1260.2003,1280.4603,1251.6421,1260.3644
000159,沪股通,3578.5851,1.3720753074204648,48.43629999999985,641529044423.0,422954219,0,3529.1037,3590.395,3522.4351,3530.1488
000166,申万宏源,5.3,1.7274472168905923,0.08999999999999986,585159908.34,111548464,0,5.22,5.34,5.17,5.21
000301,东方盛虹,10.08,0.19880715705764984,0.019999999999999574,203748991.03,20345926,0,10.02,10.14,9.87,10.06
000333,美的集团,80.47,0.6378189094547339,0.5100000000000051,1850597015.67,23028180,0,79.71,80.92,79.38,79.96
000338,潍柴动力,17.57,0.5724098454493499,0.10000000000000142,985405406.48,56378239,0,17.53,17.65,17.29,17.47
000400,许继电气,25.91,0.5432673651532812,0.14000000000000057,688492788.5,26989923,0,25.62,26.07,25.07,25.77
000401,金隅冀东,4.45,-0.8908685968819607,-0.040000000000000036,65424475.0,14760100,0,4.5,4.5,4.38,4.49
000402,金融街,2.74,-0.3636363636363559,-0.009999999999999787,47469506.02,17370566,0,2.74,2.76,2.71,2.75
000403,派林生物,13.5,1.0479041916167708,0.14000000000000057,177835806.68,13342521,0,13.36,13.52,13.19,13.36
000404,长虹华意,6.77,0.29629629629629,0.019999999999999574,51709646.31,7696388,0,6.74,6.79,6.64,6.75
000407,胜利股份,4.53,0.6666666666666722,0.03000000000000025,202377477.0,45179536,0,4.47,4.54,4.41,4.5
000408,藏格矿业,75.19,3.439262622093823,2.5,1220106910.47,16325242,0,72.78,75.68,72.3,72.69
000409,云鼎科技,10.86,1.023255813953483,0.10999999999999943,85686116.35,7995623,0,10.78,10.87,10.55,10.75
000410,沈阳机床,7.16,0.7032348804500678,0.04999999999999982,118975878.47,16773193,0,7.1,7.18,7.02,7.11
000411,英特集团,11.98,2.131287297527707,0.25,161925309.82,13462460,0,11.73,12.31,11.62,11.73
000415,渤海租赁,3.88,2.917771883289121,0.10999999999999988,391032696.1,100929552,0,3.84,3.93,3.82,3.77
000417,合百集团,7.52,0.6693440428380164,0.04999999999999982,369224725.33,49196824,0,7.47,7.69,7.29,7.47
000419,通程控股,6.26,0.6430868167202578,0.040000000000000036,99798208.0,15878400,0,6.28,6.37,6.15,6.22
000420,吉林化纤,4.0,-0.7444168734491377,-0.03000000000000025,173944108.8,43757014,0,4.03,4.04,3.94,4.03
000421,南京公用,6.75,-0.14792899408283708,-0.009999999999999787,76816926.21,11471167,0,6.76,6.77,6.62,6.76
000422,湖北宜化,13.96,2.8739867354458406,0.39000000000000057,357226064.87,25923062,0,13.62,13.99,13.56,13.57
000423,东阿阿胶,48.69,0.7448789571694588,0.35999999999999943,230540016.28,4752512,0,48.33,48.84,48.06,48.33
000425,徐工机械,11.09,0.9099181073703335,0.09999999999999964,529286841.99,47894561,0,11.0,11.17,10.93,10.99
000426,兴业银锡,34.95,6.457508376484937,2.1200000000000045,2217325208.49,64410722,0,33.33,35.37,33.08,32.83
000428,华天酒店,3.43,4.573170731707328,0.15000000000000036,257009347.25,74820543,0,3.33,3.59,3.29,3.28
000429,粤高速Ａ,11.97,-1.237623762376226,-0.14999999999999858,98571511.32,8159002,0,12.09,12.2,11.96,12.12
000430,*ST张股,7.69,-0.6459948320413413,-0.04999999999999982,43655254.0,5681500,0,7.77,7.79,7.6,7.74
000488,ST晨鸣,2.11,-1.8604651162790715,-0.040000000000000036,50116687.84,23783920,0,2.13,2.13,2.09,2.15
000498,山东路桥,5.9,-0.5059021922428223,-0.02999999999999936,87475780.0,14874100,0,5.94,5.95,5.83,5.93
000501,武商集团,9.79,-0.5081300813008202,-0.05000000000000071,181069384.35,18433657,0,9.86,9.97,9.69,9.84
000503,国新健康,9.13,1.3318534961154382,0.120000000000001,97309004.6,10678960,0,9.0,9.23,8.99,9.01
000504,*ST生物,8.43,-2.7681660899654004,-0.2400000000000002,30189343.0,3606100,0,8.66,8.7,8.24,8.67
000505,京粮控股,7.8,-10.03460207612457,-0.8700000000000001,677649874.03,85839583,0,8.37,8.47,7.8,8.67
000506,招金黄金,13.46,3.458877786318225,0.45000000000000107,439824459.0,33254080,0,13.2,13.66,12.81,13.01
000507,珠海港,5.15,-0.3868471953578254,-0.019999999999999574,37885812.3,7385710,0,5.16,5.17,5.08,5.17
000509,华塑控股,3.39,0.2958579881656873,0.010000000000000231,70269110.0,20866500,0,3.37,3.42,3.31,3.38
000510,新金路,9.56,0.6315789473684263,0.0600000000000005,513632013.0,53985900,0,9.6,9.76,9.27,9.5
000513,丽珠集团,34.66,0.9024745269286613,0.30999999999999517,129314024.66,3749067,0,34.35,34.77,34.29,34.35
000514,渝开发,4.96,-1.1952191235059684,-0.05999999999999961,81142684.97,16407712,0,5.0,5.0,4.9,5.02
000516,国际医学,4.57,1.555555555555562,0.07000000000000028,135014724.03,29861127,0,4.48,4.6,4.48,4.5
000517,荣安地产,1.8,0.0,0.0,62041821.66,34743444,0,1.79,1.81,1.76,1.8
000518,*ST四环,2.38,0.0,0.0,13245817.37,5600501,0,2.37,2.39,2.34,2.38
000519,中兵红箭,17.09,0.8854781582054225,0.14999999999999858,358447754.18,21267970,0,16.85,17.11,16.61,16.94
000520,凤凰航运,4.89,2.301255230125511,0.10999999999999943,127667143.0,26675900,0,4.76,4.92,4.66,4.78
000521,长虹美菱,6.51,0.30816640986131855,0.019999999999999574,41116166.51,6348999,0,6.48,6.52,6.41,6.49
000523,红棉股份,3.33,0.3012048192771154,0.010000000000000231,134930937.35,40741470,0,3.3,3.39,3.24,3.32
000524,岭南控股,12.26,2.766135792120705,0.33000000000000007,213984224.16,17500848,0,11.85,12.38,11.85,11.93
000525,红太阳,5.67,-0.7005253940455347,-0.040000000000000036,74685302.68,13250616,0,5.74,5.74,5.57,5.71
000526,学大教育,37.45,-0.7158006362672218,-0.269999999999996,79792416.0,2147700,0,37.43,37.57,36.75,37.72
000528,柳工,12.58,1.7799352750809114,0.22000000000000064,309573573.46,24863633,0,12.33,12.64,12.23,12.36
000529,广弘控股,5.89,-1.1744966442953066,-0.07000000000000028,69356888.8,11721657,0,6.05,6.1,5.81,5.96
000530,冰山冷热,7.84,4.255319148936175,0.3200000000000003,823537654.55,103581133,0,7.49,8.27,7.49,7.52
000531,穗恒运Ａ,6.4,-0.15600624024960666,-0.009999999999999787,59974686.48,9434344,0,6.41,6.43,6.29,6.41
000532,华金资本,15.78,2.2683084899546313,0.34999999999999964,516259064.5,32951500,0,15.16,16.15,15.11,15.43
000533,顺钠股份,8.58,-0.23255813953487878,-0.019999999999999574,627929416.25,73340501,0,8.54,8.76,8.38,8.6
000534,万泽股份,23.31,2.236842105263149,0.509999999999998,518856242.88,22676903,0,22.81,23.68,22.32,22.8
000536,华映科技,5.15,-4.8059149722735635,-0.2599999999999998,1342756263.89,258723067,0,5.42,5.5,5.05,5.41
000537,中绿电,8.41,0.9603841536614653,0.08000000000000007,75248461.01,9016565,0,8.32,8.44,8.27,8.33
000538,云南白药,56.2,0.5546609411343751,0.3100000000000023,366821521.22,6545926,0,55.89,56.21,55.68,55.89
000539,粤电力Ａ,4.53,-0.22026431718061204,-0.009999999999999787,92429771.4,20573085,0,4.53,4.54,4.45,4.54
000541,佛山照明,5.95,0.0,0.0,43323747.01,7328042,0,5.94,5.98,5.87,5.95
000543,皖能电力,8.15,0.8663366336633699,0.07000000000000028,171268941.59,21142746,0,8.1,8.17,8.01,8.08
000544,中原环保,8.19,0.0,0.0,42412338.0,5200150,0,8.19,8.22,8.08,8.19
000545,金浦钛业,2.81,0.3571428571428654,0.010000000000000231,70797693.82,25444058,0,2.79,2.83,2.72,2.8
000546,金圆股份,6.75,9.934853420195445,0.6100000000000003,416543511.0,62965440,0,6.45,6.75,6.35,6.14
000547,航天发展,21.05,-8.198866114260788,-1.879999999999999,9505863315.14,437083865,0,22.02,22.5,21.05,22.93
000548,湖南投资,5.37,-1.1049723756906005,-0.05999999999999961,57000191.99,10634712,0,5.42,5.45,5.29,5.43
000550,江铃汽车,18.56,0.5962059620596175,0.10999999999999943,47055610.21,2544911,0,18.42,18.6,18.38,18.45
000551,创元科技,11.17,-1.5859030837004382,-0.17999999999999972,123372639.9,11112354,0,11.31,11.38,10.92,11.35
000552,甘肃能化,2.34,0.429184549356214,0.009999999999999787,82221291.98,35413824,0,2.32,2.35,2.3,2.33
000553,安道麦A,5.86,1.3840830449827002,0.08000000000000007,31798351.15,5462448,0,5.79,5.9,5.72,5.78
000554,泰山石油,6.3,0.6389776357827481,0.040000000000000036,54800362.77,8756285,0,6.26,6.32,6.19,6.26
000555,神州信息,16.17,1.6341923318667604,0.26000000000000156,440630246.01,27638740,0,15.8,16.27,15.63,15.91
000557,西部创业,4.83,-0.4123711340206098,-0.019999999999999574,37177684.72,7725712,0,4.85,4.86,4.77,4.85
000558,天府文旅,5.29,1.5355086372360858,0.08000000000000007,287883142.01,54352254,0,5.19,5.36,5.19,5.21
000559,万向钱潮,11.35,1.8850987432674962,0.20999999999999908,554392346.42,49346187,0,11.1,11.41,11.1,11.14
000560,我爱我家,2.91,-0.34246575342465024,-0.009999999999999787,192292080.46,66197506,0,2.9,2.93,2.88,2.92
000561,烽火电子,11.22,-3.525365434221841,-0.41000000000000014,335147955.0,30008700,0,11.51,11.65,10.96,11.63
000563,陕国投Ａ,3.42,0.8849557522123837,0.029999999999999805,194091610.38,57252770,0,3.39,3.45,3.35,3.39
000564,供销大集,2.6,-2.2556390977443628,-0.06000000000000005,1328538479.01,509360098,0,2.66,2.67,2.56,2.66
000565,渝三峡Ａ,7.48,-0.5319148936170099,-0.03999999999999915,76162868.11,10224926,0,7.62,7.64,7.33,7.52
000566,海南海药,6.73,-5.344585091420533,-0.3799999999999999,603326889.58,89544876,0,7.08,7.08,6.58,7.11
000567,海德股份,6.12,-3.924646781789639,-0.25,262960249.95,43340221,0,6.37,6.38,5.94,6.37
000568,泸州老窖,122.11,-0.6104509197460524,-0.75,957540700.77,7840578,0,122.58,123.21,120.75,122.86
000570,苏常柴Ａ,5.43,-0.549450549450554,-0.03000000000000025,56938912.0,10563000,0,5.47,5.5,5.33,5.46
000571,新大洲A,5.59,-0.7104795737122565,-0.040000000000000036,218480102.04,39485176,0,5.62,5.66,5.37,5.63
000572,海马汽车,9.1,-6.762295081967215,-0.6600000000000001,1896731149.61,205802313,0,9.75,9.75,9.02,9.76
000573,粤宏远Ａ,3.89,0.25773195876289257,0.010000000000000231,61805135.0,16040900,0,3.88,3.91,3.8,3.88
000576,甘化科工,9.92,-0.501504513540629,-0.05000000000000071,81642128.0,8336400,0,9.97,10.07,9.63,9.97
000581,威孚高科,20.06,0.7028112449799047,0.13999999999999702,172460401.7,8649095,0,19.84,20.09,19.77,19.92
000582,北部湾港,8.88,0.3389830508474705,0.030000000000001137,126387413.3,14323398,0,8.85,8.92,8.77,8.85
000584,工智退,0.29,11.538461538461526,0.02999999999999997,15207447.0,53830663,0,0.26,0.29,0.26,0.26
000586,汇源通信,13.08,0.07651109410864412,0.009999999999999787,57220013.0,4423850,0,13.1,13.19,12.7,13.07
000589,贵州轮胎,5.02,0.8032128514056053,0.03999999999999915,103287600.72,20665956,0,5.06,5.08,4.93,4.98
000590,启迪药业,10.72,0.8466603951081829,0.08999999999999986,25219148.8,2369160,0,10.6,10.75,10.54,10.63
000591,太阳能,4.46,0.4504504504504408,0.019999999999999574,151411988.6,34136202,0,4.44,4.47,4.4,4.44
000592,平潭发展,13.82,-10.02604166666666,-1.5399999999999991,8198770409.34,563511594,0,14.72,15.8,13.82,15.36
000593,德龙汇能,10.2,1.1904761904761827,0.11999999999999922,226800007.88,22450492,0,10.0,10.29,9.89,10.08
000595,*ST宝实,5.55,1.0928961748633808,0.05999999999999961,32845329.0,5977100,0,5.5,5.57,5.41,5.49
000596,古井贡酒,145.6,-0.6685768863419417,-0.9800000000000182,289795939.0,1997100,0,146.15,146.25,143.66,146.58
000597,东北制药,5.27,1.3461538461538345,0.0699999999999994,57770135.05,11067190,0,5.18,5.28,5.17,5.2
000598,兴蓉环境,7.17,-0.5547850208044388,-0.040000000000000036,116237175.44,16237785,0,7.19,7.21,7.11,7.21
000599,青岛双星,5.89,-1.505016722408039,-0.09000000000000075,141784962.99,24062000,0,5.96,6.05,5.74,5.98
000600,建投能源,8.22,0.8588957055214758,0.07000000000000028,164621304.15,20171066,0,8.14,8.25,8.04,8.15
000601,韶能股份,4.82,0.4166666666666763,0.020000000000000462,60201043.77,12623471,0,4.8,4.83,4.72,4.8
000603,盛达资源,30.71,6.0062133241284155,1.740000000000002,795632548.6,26197082,0,29.51,31.07,29.28,28.97
000605,渤海股份,6.57,-0.6051437216338886,-0.040000000000000036,42424343.77,6494449,0,6.63,6.64,6.47,6.61
000607,华媒控股,4.08,0.24570024570024046,0.009999999999999787,45688256.5,11306925,0,4.07,4.08,3.99,4.07
000608,*ST阳光,2.34,1.7391304347826104,0.040000000000000036,27232459.89,11833053,0,2.3,2.35,2.26,2.3
000609,ST中迪,9.79,4.148936170212753,0.3899999999999988,264720778.08,28277521,0,8.93,9.87,8.93,9.4
000610,西安旅游,12.64,3.0154849225753955,0.370000000000001,254378384.2,20221740,0,12.23,12.7,12.23,12.27
000612,焦作万方,9.93,2.1604938271604843,0.20999999999999908,320703875.58,32633590,0,9.76,9.98,9.65,9.72
000615,*ST美谷,4.11,0.4889975550122362,0.020000000000000462,22358907.0,5475700,0,4.12,4.12,4.05,4.09
000617,中油资本,9.06,-0.22026431718061204,-0.019999999999999574,1130509302.89,126568636,0,9.0,9.15,8.78,9.08
000619,海螺新材,5.99,-1.1551155115511451,-0.0699999999999994,52003533.6,8734010,0,6.06,6.08,5.87,6.06
000620,盈新发展,2.89,-2.3648648648648596,-0.06999999999999984,563055695.22,195622587,0,2.93,2.94,2.83,2.96
000622,恒立退,0.15,-11.764705882352951,-0.020000000000000018,9677324.0,61160620,0,0.16,0.17,0.15,0.17
000623,吉林敖东,19.43,2.1019442984760826,0.3999999999999986,241781332.1,12540099,0,19.03,19.62,18.98,19.03
000625,长安汽车,11.79,-2.2388059701492646,-0.27000000000000135,1568658600.61,133139212,0,11.98,11.98,11.7,12.06
000626,远大控股,7.66,-0.6485084306095956,-0.04999999999999982,72490077.0,9483400,0,7.72,7.78,7.55,7.71
000627,*ST天茂,0.0,-100.0,-1.58,0.0,0,0,0.0,0.0,0.0,1.58
000628,高新发展,44.57,1.8742857142857148,0.8200000000000003,326769651.68,7369664,0,43.77,44.9,43.38,43.75
000629,钒钛股份,2.94,1.3793103448275874,0.040000000000000036,226876513.82,77743767,0,2.89,2.96,2.88,2.9
000630,铜陵有色,5.43,3.6259541984732726,0.1899999999999995,1368278007.39,255038916,0,5.26,5.47,5.24,5.24
000631,顺发恒能,3.19,-0.3125000000000072,-0.010000000000000231,45298236.1,14244990,0,3.2,3.22,3.14,3.2
000632,三木集团,5.57,-4.7863247863247755,-0.27999999999999936,433219042.57,77482101,0,5.93,5.95,5.44,5.85
000633,合金投资,7.19,0.9831460674157343,0.07000000000000028,133589052.2,18834140,0,7.2,7.23,6.95,7.12
000635,英力特,9.5,0.7423117709437994,0.07000000000000028,73262209.0,7758300,0,9.41,9.59,9.25,9.43
000636,风华高科,15.94,1.2063492063492032,0.1899999999999995,330506053.12,20960717,0,15.74,16.03,15.49,15.75
000637,茂化实华,4.27,0.7075471698113057,0.02999999999999936,40330896.0,9540500,0,4.26,4.3,4.15,4.24
000638,*ST万方,4.33,-3.348214285714293,-0.15000000000000036,56228341.0,13068900,0,4.27,4.42,4.26,4.48
000639,西王食品,3.22,-1.2269938650306624,-0.03999999999999959,304644224.98,94801789,0,3.28,3.3,3.14,3.26
000650,仁和药业,5.78,0.8726003490401365,0.04999999999999982,60909646.18,10606894,0,5.72,5.79,5.7,5.73
000651,格力电器,41.1,0.6119951040391677,0.25,1740260247.18,42424973,0,40.84,41.2,40.64,40.85
000652,泰达股份,4.22,0.0,0.0,70739232.0,16871000,0,4.2,4.24,4.14,4.22
000655,金岭矿业,8.76,0.45871559633026543,0.03999999999999915,69280836.2,7968960,0,8.71,8.8,8.6,8.72
000656,*ST金科,1.48,-4.5161290322580685,-0.07000000000000006,333151567.14,222372830,0,1.53,1.54,1.47,1.55
000657,中钨高新,28.51,9.443378119001924,2.460000000000001,4630031526.8,168382869,0,26.17,28.66,25.46,26.05
000659,珠海中富,3.22,0.311526479750786,0.010000000000000231,115013475.07,36011871,0,3.21,3.24,3.15,3.21
000661,长春高新,95.31,-0.2302941484350454,-0.21999999999999886,735157695.46,7805776,0,95.0,95.42,92.81,95.53
000663,永安林业,7.5,-3.1007751937984525,-0.2400000000000002,172364924.0,23009000,0,7.7,7.7,7.35,7.74
000665,湖北广电,5.34,0.3759398496240521,0.019999999999999574,114191346.0,21598600,0,5.29,5.36,5.23,5.32
000668,*ST荣控,9.44,0.7470651013874097,0.07000000000000028,54139057.0,5937700,0,9.37,9.51,8.9,9.37
000669,ST金鸿,2.97,-0.6688963210702347,-0.020000000000000018,18187979.4,6117720,0,2.98,3.0,2.95,2.99
000670,盈方微,7.27,1.1126564673157047,0.07999999999999918,113888999.0,15833050,0,7.21,7.3,7.08,7.19
000672,上峰水泥,11.0,0.640439158279966,0.07000000000000028,106518897.5,9731266,0,10.96,11.08,10.81,10.93
000676,智度股份,8.32,0.2409638554216816,0.019999999999999574,185957304.03,22625751,0,8.26,8.33,8.1,8.3
000677,恒天海龙,4.05,-0.7352941176470649,-0.03000000000000025,75233512.4,18706028,0,4.05,4.08,3.97,4.08
000678,襄阳轴承,14.54,-2.546916890080434,-0.3800000000000008,714256732.55,49310156,0,14.39,15.09,14.0,14.92
000679,大连友谊,8.19,1.9925280199252822,0.16000000000000014,89264221.45,10995657,0,7.96,8.24,7.9,8.03
000680,山推股份,11.26,4.939422180801485,0.5299999999999994,493784945.45,44313492,0,10.74,11.3,10.74,10.73
000681,视觉中国,21.44,2.2900763358778646,0.4800000000000004,595791344.32,28099086,0,20.91,21.55,20.82,20.96
000682,东方电子,11.84,0.3389830508474504,0.03999999999999915,166915722.16,14215906,0,11.79,11.92,11.57,11.8
000683,博源化工,6.88,0.0,0.0,355480122.85,51817485,0,6.87,7.0,6.73,6.88
000685,中山公用,11.65,-4.586404586404591,-0.5600000000000005,564924239.31,48389059,0,12.02,12.1,11.47,12.21
000686,东北证券,9.44,1.2875536480686611,0.11999999999999922,642417643.34,68457921,0,9.32,9.58,9.22,9.32
000688,国城矿业,25.34,9.982638888888893,2.3000000000000007,1394122190.28,55971492,0,24.4,25.34,23.88,23.04
000690,宝新能源,4.32,0.6993006993007052,0.03000000000000025,106797769.56,24851731,0,4.29,4.34,4.26,4.29
000691,*ST亚太,8.69,1.5186915887850352,0.129999999999999,104439336.12,12258620,0,8.55,8.81,8.28,8.56
000692,惠天热电,3.48,0.28818443804033966,0.009999999999999787,57840236.0,16729600,0,3.46,3.5,3.41,3.47
000695,滨海能源,12.67,3.68248772504091,0.4499999999999993,246076586.8,19812840,0,12.18,12.73,11.99,12.22
000697,*ST炼石,9.02,-0.9879253567508218,-0.08999999999999986,41012857.0,4544100,0,9.18,9.18,8.95,9.11
000698,ST沈化,3.61,0.837988826815637,0.029999999999999805,22304081.0,6270000,0,3.57,3.61,3.51,3.58
000700,模塑科技,10.56,1.0526315789473801,0.11000000000000121,420431220.54,40295468,0,10.65,10.68,10.18,10.45
000701,厦门信达,6.33,-1.5552099533436958,-0.09999999999999964,259892284.52,41303502,0,6.43,6.44,6.2,6.43
000702,正虹科技,6.56,-0.6060606060606066,-0.040000000000000036,77989148.9,11810210,0,6.92,6.96,6.44,6.6
000703,恒逸石化,7.71,1.8494055482166403,0.13999999999999968,308596359.23,40572163,0,7.45,7.79,7.33,7.57
000705,浙江震元,9.18,1.1013215859030798,0.09999999999999964,58273472.0,6378700,0,9.12,9.28,9.04,9.08
000707,双环科技,6.1,1.1608623548921955,0.0699999999999994,30931287.96,5121900,0,6.06,6.1,5.98,6.03
000708,中信特钢,15.24,1.6677785190126753,0.25,184096295.37,12162500,0,15.05,15.29,14.9,14.99
000709,河钢股份,2.26,0.8928571428571237,0.019999999999999574,158287915.92,70570143,0,2.24,2.27,2.22,2.24
000710,贝瑞基因,11.31,2.352941176470586,0.2599999999999998,131416757.85,11667123,0,11.18,11.63,11.04,11.05
000711,ST京蓝,1.68,0.0,0.0,36493384.0,21720400,0,1.67,1.7,1.67,1.68
000712,锦龙股份,12.27,-1.996805111821086,-0.25,335842857.77,27266765,0,12.52,12.58,12.15,12.52
000713,国投丰乐,6.63,-0.4504504504504542,-0.03000000000000025,57008908.1,8653442,0,6.66,6.67,6.54,6.66
000715,中兴商业,6.44,1.417322834645681,0.09000000000000075,235451305.02,36709051,0,6.41,6.58,6.22,6.35
000716,黑芝麻,6.55,-1.946107784431136,-0.1299999999999999,845275804.71,126334879,0,6.85,6.99,6.49,6.68
000717,中南股份,2.52,1.2048192771084258,0.029999999999999805,55087304.75,22197425,0,2.49,2.52,2.45,2.49
000718,苏宁环球,2.29,0.8810572687224677,0.020000000000000018,79658428.85,35198164,0,2.27,2.29,2.24,2.27
000719,中原传媒,11.74,0.0,0.0,95869094.1,8150681,0,11.78,11.86,11.69,11.74
000720,新能泰山,3.55,-1.6620498614958463,-0.06000000000000005,131919107.87,37521584,0,3.6,3.61,3.45,3.61
000721,西安饮食,10.19,4.192229038854808,0.41000000000000014,747979160.99,74042669,0,9.85,10.28,9.65,9.78
000722,湖南发展,11.61,-0.17196904557180867,-0.02000000000000135,79579631.0,6926500,0,11.62,11.63,11.38,11.63
000723,美锦能源,4.64,0.6507592190889232,0.02999999999999936,247472873.95,54145617,0,4.6,4.64,4.5,4.61
000725,京东方Ａ,4.17,0.7246376811594264,0.03000000000000025,2949819938.14,709016991,0,4.14,4.19,4.13,4.14
000726,鲁泰Ａ,6.92,0.2898550724637619,0.019999999999999574,56517798.0,8206300,0,6.89,6.95,6.82,6.9
000727,冠捷科技,2.59,1.5686274509803935,0.040000000000000036,187956636.26,73714287,0,2.55,2.59,2.52,2.55
000728,国元证券,8.32,0.9708737864077678,0.08000000000000007,310586479.45,37571511,0,8.24,8.39,8.15,8.24
000729,燕京啤酒,12.18,-0.49019607843137664,-0.0600000000000005,240562711.12,19770661,0,12.15,12.31,12.01,12.24
000731,四川美丰,6.54,1.7107309486780766,0.11000000000000032,43684524.69,6747577,0,6.41,6.55,6.4,6.43
000733,振华科技,48.75,0.10266940451744795,0.04999999999999716,586141710.13,12129562,0,48.56,48.89,47.77,48.7
000735,罗牛山,9.98,-9.190172884440399,-1.0099999999999998,2043765728.2,202224060,0,11.0,11.05,9.89,10.99
000736,*ST中地,5.33,0.3766478342749617,0.020000000000000462,38089955.0,7226700,0,5.28,5.33,5.22,5.31
000737,北方铜业,14.16,2.460202604920404,0.33999999999999986,488916777.11,34919724,0,13.83,14.2,13.77,13.82
000738,航发控制,19.41,-1.4720812182741074,-0.28999999999999915,427474946.7,22124490,0,19.59,19.86,19.0,19.7
000739,普洛药业,16.35,1.8057285180573022,0.2900000000000027,101090581.38,6232167,0,16.04,16.35,16.04,16.06
000750,国海证券,4.2,0.9615384615384623,0.040000000000000036,299556712.47,71933493,0,4.16,4.24,4.1,4.16
000751,锌业股份,3.76,1.8970189701896976,0.06999999999999984,129267631.4,34782147,0,3.69,3.77,3.66,3.69
000752,ST西发,10.51,-2.865064695009247,-0.3100000000000005,90116484.92,8644382,0,10.28,10.82,10.28,10.82
000753,漳州发展,7.52,-2.2106631989596988,-0.17000000000000082,397583733.41,53268736,0,7.63,7.69,7.34,7.69
000755,山西高速,5.12,1.7892644135188838,0.08999999999999986,45975685.96,9069548,0,5.02,5.14,5.0,5.03
000756,新华制药,15.72,0.7692307692307756,0.120000000000001,258224360.44,16604572,0,15.59,15.72,15.36,15.6
000757,浩物股份,4.86,1.0395010395010542,0.05000000000000071,50795916.0,10585300,0,4.79,4.87,4.72,4.81
000758,中色股份,5.98,1.8739352640545197,0.11000000000000032,173489343.61,29312963,0,5.87,5.99,5.82,5.87
000759,中百集团,7.67,-1.9181585677749406,-0.15000000000000036,958045756.28,122825133,0,7.84,8.11,7.52,7.82
000761,本钢板材,3.19,0.0,0.0,27655662.45,8741163,0,3.18,3.2,3.12,3.19
000762,西藏矿业,25.98,6.301145662847786,1.5399999999999991,866486928.97,33976573,0,25.01,26.08,24.73,24.44
000766,通化金马,27.88,1.4186977082575503,0.39000000000000057,286846294.09,10377431,0,27.37,27.94,27.15,27.49
000767,晋控电力,2.8,-0.7092198581560291,-0.020000000000000018,94928675.39,34082005,0,2.81,2.83,2.76,2.82
000768,中航西飞,24.22,0.7487520798668873,0.17999999999999972,477430337.18,19781196,0,24.03,24.49,23.87,24.04
000776,广发证券,21.83,3.0689329556185014,0.6499999999999986,2155008999.01,99093601,0,21.21,22.35,21.17,21.18
000777,中核科技,20.61,0.6839276990718153,0.14000000000000057,260124301.8,12820994,0,20.43,20.66,19.9,20.47
000778,新兴铸管,4.04,1.0000000000000009,0.040000000000000036,166543910.37,41552071,0,4.0,4.06,3.97,4.0
000779,甘咨询,8.24,-0.4830917874396033,-0.03999999999999915,27572779.28,3361722,0,8.31,8.31,8.12,8.28
000782,恒申新材,4.99,0.6048387096774244,0.03000000000000025,47262518.0,9582000,0,4.99,5.0,4.87,4.96
000783,长江证券,8.2,2.11706102117061,0.16999999999999993,626764873.7,77019688,0,8.03,8.28,7.99,8.03
000785,居然智家,3.07,0.0,0.0,334792881.75,109271801,0,3.04,3.11,3.0,3.07
000786,北新建材,24.86,0.6477732793522273,0.16000000000000014,212925607.6,8592846,0,24.78,25.01,24.51,24.7
000788,北大医药,6.39,2.4038461538461453,0.14999999999999947,211614109.0,33333100,0,6.25,6.45,6.23,6.24
000789,万年青,5.28,-0.3773584905660297,-0.019999999999999574,27765959.96,5263046,0,5.29,5.33,5.24,5.3
000790,华神科技,3.88,-0.5128205128205132,-0.020000000000000018,53202649.08,13723215,0,3.92,3.93,3.81,3.9
000791,甘肃能源,6.55,0.4601226993865069,0.03000000000000025,88950679.81,13676843,0,6.54,6.57,6.47,6.52
000792,盐湖股份,26.98,7.833733013589132,1.9600000000000009,4447597264.09,167261715,0,25.67,27.12,25.67,25.02
000793,ST华闻,2.81,2.9304029304029333,0.08000000000000007,53799182.96,19329892,0,2.72,2.82,2.71,2.73
000795,英洛华,9.68,0.10341261633919117,0.009999999999999787,96140317.86,10008917,0,9.67,9.7,9.5,9.67
000796,凯撒旅业,6.37,-5.629629629629628,-0.3799999999999999,695726760.27,108788234,0,6.76,6.78,6.12,6.75
000797,中国武夷,3.58,2.5787965616045803,0.08999999999999986,446542845.91,128295466,0,3.5,3.58,3.36,3.49
000798,中水渔业,10.94,-0.6357856494096302,-0.07000000000000028,286456752.0,26128000,0,11.11,11.19,10.75,11.01
000799,酒鬼酒,55.85,-1.6205742469614264,-0.9200000000000017,522860240.43,9416945,0,56.23,56.5,55.0,56.77
000800,一汽解放,6.67,0.6033182503770744,0.040000000000000036,128873209.99,19472206,0,6.63,6.68,6.56,6.63
000801,四川九洲,16.86,-0.17761989342807066,-0.030000000000001137,784315373.77,47054458,0,16.8,17.08,16.21,16.89
000802,500沪市,7325.7607,1.6354265333261426,117.87960000000021,144685853028.0,95321030,0,7202.1988,7348.974,7186.0996,7207.8811
000803,山高环能,6.87,-2.2759601706970147,-0.16000000000000014,123255199.68,18070532,0,7.03,7.03,6.69,7.03
000807,云铝股份,27.49,3.5015060240963845,0.9299999999999997,1103865239.48,40371401,0,26.8,27.77,26.78,26.56
000809,和展能源,3.25,0.30864197530863535,0.009999999999999787,45127331.0,14003400,0,3.22,3.27,3.19,3.24
000810,创维数字,11.25,0.2673796791443793,0.02999999999999936,144696732.32,13004039,0,11.2,11.3,10.97,11.22
000811,冰轮环境,16.86,1.9963702359346538,0.3299999999999983,736528558.41,43817684,0,16.5,17.14,16.5,16.53
000812,陕西金叶,4.89,-1.0121457489878685,-0.05000000000000071,183179210.0,37614300,0,4.94,4.95,4.78,4.94
000813,德展健康,3.85,0.7853403141361323,0.03000000000000025,74628471.2,19539085,0,3.84,3.86,3.77,3.82
000815,美利云,10.94,1.109057301293893,0.11999999999999922,102492350.13,9456697,0,10.82,10.95,10.71,10.82
000816,智慧农业,3.45,-9.685863874345541,-0.36999999999999966,703018094.49,198392583,0,3.9,3.94,3.44,3.82
000818,航锦科技,18.53,0.9259259259259353,0.1700000000000017,189673169.33,10327287,0,18.33,18.63,18.15,18.36
000819,有色金属,8596.1922,3.3484684077793037,278.514799999999,68084618080.0,30312515,0,8385.8475,8651.6698,8373.3825,8317.6774
000820,*ST节能,3.23,0.9374999999999939,0.029999999999999805,15735337.0,4917600,0,3.23,3.28,3.14,3.2
000821,京山轻机,12.91,0.6235385814497277,0.08000000000000007,266123822.74,20769304,0,12.77,13.04,12.61,12.83
000822,山东海化,5.1,0.7905138339920956,0.040000000000000036,45113479.28,8929383,0,5.06,5.12,4.99,5.06
000823,800有色,9944.8124,3.196200722586274,308.0115000000005,62573467322.0,28018347,0,9716.8403,10010.8575,9705.1018,9636.8009
000825,太钢不锈,4.8,-2.4390243902439046,-0.1200000000000001,966478635.61,200768623,0,4.9,4.98,4.72,4.92
000826,启迪环境,2.13,-0.46728971962617905,-0.010000000000000231,83374425.2,39563780,0,2.14,2.15,2.07,2.14
000828,300高贝,0.0,0.0,0.0,0.0,0,0,0.0,0.0,0.0,0.0
000829,天音控股,10.95,0.3666361136571874,0.03999999999999915,300420800.66,27462792,0,10.83,11.09,10.79,10.91
000830,鲁西化工,15.09,2.583276682528885,0.379999999999999,437522597.84,29178854,0,14.72,15.17,14.65,14.71
000831,中国稀土,44.01,2.0640074211502797,0.8900000000000006,1029842592.98,23710200,0,43.1,44.19,42.72,43.12
000833,粤桂股份,18.65,3.7840845854201435,0.6799999999999997,539363699.64,29409557,0,17.96,18.72,17.83,17.97
000837,秦川机床,11.85,0.25380710659897937,0.02999999999999936,146925968.04,12507532,0,11.83,11.91,11.6,11.82
000838,财信发展,3.37,-9.893048128342247,-0.3700000000000001,147864424.47,43659500,0,3.56,3.56,3.37,3.74
000839,国安股份,2.59,0.0,0.0,66121685.5,25690150,0,2.59,2.6,2.55,2.59
000848,承德露露,8.7,1.045296167247385,0.08999999999999986,127606010.32,14743746,0,8.61,8.71,8.52,8.61
000850,华茂股份,4.96,5.084745762711869,0.2400000000000002,335773795.8,68889237,0,4.74,5.0,4.64,4.72
000851,百发100,19699.2961,1.7752810978715106,343.6176999999989,50881628720.0,24253532,0,19346.5379,19734.7343,19256.4126,19355.6784
000852,中证1000,7288.7384,1.4915631849081445,107.11840000000029,366263786190.0,220498775,0,7178.3067,7303.3754,7149.0188,7181.62
000856,500工业,7116.2249,1.85456472297343,129.57200000000012,87236384232.0,50998159,0,6990.9528,7133.918,6971.1938,6986.6529
000858,500信息,9964.6143,2.0976777243055857,204.73089999999866,72764627086.0,19637625,0,9759.0096,9982.1606,9683.3966,9759.8834
000859,国风新材,10.17,1.1940298507462608,0.11999999999999922,1610250347.54,163086087,0,9.8,10.29,9.45,10.05
000860,顺鑫农业,15.05,0.06648936170213805,0.010000000000001563,77289428.02,5140200,0,15.11,15.17,14.92,15.04
000862,银星能源,5.93,-1.3311148086522475,-0.08000000000000007,169087221.0,28490700,0,6.02,6.08,5.86,6.01
000863,CS精准医,2672.0827,1.6540140756017663,43.477499999999964,13004032497.0,3040599,0,2630.7068,2679.7438,2626.3399,2628.6052
000868,安凯客车,4.93,-2.182539682539689,-0.11000000000000032,82543754.56,16756812,0,5.03,5.03,4.86,5.04
000869,HK银行,4245.8859,0.10653167875690868,4.518399999999929,5966311733.0,7135921,0,4233.6145,4255.8437,4223.6208,4241.3675
000875,吉电股份,5.61,1.4466546112115743,0.08000000000000007,172636140.5,31045110,0,5.54,5.62,5.5,5.53
000876,新希望,9.16,1.552106430155217,0.14000000000000057,310807365.45,33911528,0,9.25,9.3,9.08,9.02
000877,天山股份,5.34,0.564971751412434,0.03000000000000025,73707548.3,13895638,0,5.31,5.36,5.25,5.31
000878,云南铜业,17.26,2.983293556085919,0.5,797548796.0,46705652,0,16.82,17.4,16.73,16.76
000880,潍柴重机,26.4,0.8788689338937595,0.22999999999999687,265805380.2,10150050,0,26.0,26.56,25.82,26.17
000881,中广核技,8.48,0.35502958579883004,0.030000000000001137,197643793.31,23641564,0,8.43,8.52,8.21,8.45
000882,华联股份,2.13,-0.46728971962617905,-0.010000000000000231,481237707.67,225544286,0,2.12,2.18,2.1,2.14
000883,湖北能源,4.6,0.4366812227074143,0.019999999999999574,100861960.82,22053529,0,4.58,4.61,4.54,4.58
000885,城发环境,13.5,1.0479041916167708,0.14000000000000057,44157914.06,3293950,0,13.35,13.54,13.27,13.36
000886,海南高速,6.58,-4.7756874095513755,-0.33000000000000007,405843258.4,62410041,0,6.8,6.83,6.36,6.91
000887,中鼎股份,21.5,1.8957345971563913,0.3999999999999986,482665111.67,22642802,0,21.1,21.58,21.0,21.1
000888,峨眉山Ａ,12.92,2.4583663758921532,0.3100000000000005,304801690.74,23698300,0,12.65,12.98,12.59,12.61
000889,中嘉博创,3.58,-0.27855153203342026,-0.009999999999999787,48806164.52,13769401,0,3.57,3.61,3.5,3.59
000890,法尔胜,7.2,1.2658227848101244,0.08999999999999986,1270081695.27,183355970,0,6.43,7.82,6.4,7.11
000892,欢瑞世纪,6.87,-0.8658008658008602,-0.05999999999999961,299099320.0,43991500,0,6.88,6.95,6.68,6.93
000893,亚钾国际,48.08,2.647309991460279,1.2399999999999949,676435340.44,14128012,0,46.8,48.78,46.66,46.84
000895,双汇发展,27.2,1.303538175046547,0.34999999999999787,244568536.58,8995910,0,27.03,27.34,26.78,26.85
000897,津滨发展,2.27,0.0,0.0,55290175.0,24486360,0,2.26,2.28,2.24,2.27
000898,鞍钢股份,2.44,0.8264462809917362,0.020000000000000018,65308026.77,26988963,0,2.43,2.46,2.38,2.42
000899,赣能股份,9.83,0.8205128205128212,0.08000000000000007,65369879.01,6699063,0,9.76,9.86,9.67,9.75
000900,现代投资,4.08,-0.24449877750610727,-0.009999999999999787,48786498.18,11963402,0,4.09,4.11,4.05,4.09
000901,小康指数,6279.2086,0.9827616943086818,61.10909999999967,90648311346.0,67195625,0,6216.5228,6302.4584,6199.8081,6218.0995
000902,新洋丰,15.41,1.7833553500660473,0.2699999999999996,123774062.9,8047984,0,15.21,15.5,15.16,15.14
000903,中证A100,4441.2899,1.744528719224233,76.15110000000004,234626155338.0,75011603,0,4368.2562,4455.7044,4364.5427,4365.1388
000905,中证500,7137.8339,1.9498483628541472,136.51509999999962,302410118523.0,174413136,0,7002.5064,7160.7763,6988.871,7001.3188
000906,中证800,5008.1234,1.861888973642905,91.54130000000077,754914859637.0,352837966,0,4918.5871,5024.1451,4917.4571,4916.5821
000908,*ST景峰,7.59,-2.6923076923076916,-0.20999999999999996,110021956.72,14520642,0,7.73,7.78,7.49,7.8
000909,ST数源,5.28,-1.492537313432837,-0.08000000000000007,10158733.0,1918800,0,5.36,5.37,5.21,5.36
000910,大亚圣象,7.55,0.9358288770053396,0.0699999999999994,68770821.0,9145800,0,7.46,7.7,7.38,7.48
000911,广农糖业,7.37,-0.80753701211305,-0.05999999999999961,44823560.0,6095000,0,7.43,7.5,7.27,7.43
000912,泸天化,4.13,0.48661800486616963,0.019999999999999574,28893144.44,7053232,0,4.11,4.14,4.06,4.11
000913,300医药,8300.7878,1.259735763765756,103.26710000000094,12407317851.0,2992075,0,8203.101,8333.7038,8174.9319,8197.5207
000915,华特达因,33.37,1.4285714285714253,0.46999999999999886,80601311.01,2430819,0,32.82,33.44,32.72,32.9
000917,电广传媒,8.73,0.4602991944764203,0.040000000000000924,391566978.72,45263059,0,8.7,8.77,8.53,8.69
000919,金陵药业,6.93,0.8733624454148414,0.05999999999999961,49948251.0,7251800,0,6.87,6.94,6.82,6.87
000920,沃顿科技,11.75,0.1705029838022129,0.019999999999999574,55782204.0,4785400,0,11.73,11.79,11.52,11.73
000921,海信家电,25.95,0.5813953488372038,0.14999999999999858,160805816.46,6232063,0,25.8,26.13,25.32,25.8
000922,佳电股份,12.7,0.07880220646177925,0.009999999999999787,132299304.8,10534880,0,12.64,12.73,12.41,12.69
000923,河钢资源,19.23,3.88978930307941,0.7199999999999989,201144511.0,10600100,0,18.82,19.35,18.51,18.51
000925,众合科技,8.79,0.11389521640090874,0.009999999999999787,459117434.75,52090498,0,8.9,9.09,8.66,8.78
000926,福星股份,2.3,-1.28755364806868,-0.03000000000000025,78924457.38,34518282,0,2.32,2.33,2.25,2.33
000927,中国铁物,2.57,0.0,0.0,118576254.62,46483903,0,2.57,2.58,2.53,2.57
000928,中证能源,2867.1535,-0.04260948103835063,-1.2222000000001572,8881669130.0,8355072,0,2862.8328,2879.2686,2845.7382,2868.3757
000929,*ST兰黄,8.52,0.4716981132075371,0.03999999999999915,16055322.0,1902000,0,8.48,8.55,8.36,8.48
000930,中粮科技,5.7,0.0,0.0,64389690.5,11357391,0,5.7,5.75,5.61,5.7
000931,中关村,4.83,0.6250000000000052,0.03000000000000025,39523070.92,8247835,0,4.83,4.84,4.74,4.8
000932,中证消费,15537.4477,0.39018071340065,60.38850000000093,21492324779.0,10001584,0,15504.4353,15588.5835,15358.6272,15477.0592
000933,中证医药,8199.2673,1.386229409290694,112.10659999999916,25910112899.0,10361042,0,8086.0823,8224.9884,8061.2474,8087.1607
000935,中证信息,6235.287,2.6519685033147824,161.08590000000004,199342965090.0,50685037,0,6071.2395,6244.8905,6051.5332,6074.2011
000936,华西股份,7.74,-2.763819095477384,-0.21999999999999975,507794347.3,66141235,0,7.95,7.99,7.46,7.96
000937,冀中能源,5.29,-0.3766478342749449,-0.019999999999999574,110503593.18,21003891,0,5.29,5.31,5.22,5.31
000938,紫光股份,24.5,2.168473728106754,0.5199999999999996,925267543.34,38208542,0,24.0,24.53,23.9,23.98
000948,南天信息,16.88,-0.7058823529411823,-0.120000000000001,72792938.29,4342731,0,16.98,16.98,16.57,17.0
000949,新乡化纤,4.94,-1.593625498007952,-0.07999999999999918,297188618.98,60336261,0,4.97,5.01,4.85,5.02
000950,重药控股,6.24,-5.167173252279634,-0.33999999999999986,947731661.66,149221596,0,6.4,6.78,6.03,6.58
000951,中国重汽,17.11,0.5878894767783531,0.09999999999999787,129627138.88,7613006,0,16.95,17.16,16.88,17.01
000952,广济药业,7.28,1.5341701534170198,0.11000000000000032,134477357.8,18648180,0,7.17,7.3,7.12,7.17
000953,河化股份,7.6,-0.13140604467806405,-0.010000000000000675,136121902.0,18194500,0,7.6,7.69,7.33,7.61
000955,欣龙控股,5.93,-4.50885668276973,-0.28000000000000025,227767896.17,38671746,0,6.12,6.12,5.73,6.21
000957,中通客车,11.48,0.7017543859649129,0.08000000000000007,148576686.4,13094040,0,11.3,11.48,11.2,11.4
000958,创业成长,0.0,0.0,0.0,0.0,0,0,0.0,0.0,0.0,0.0
000959,首钢股份,4.4,1.1494252873563382,0.05000000000000071,142648335.66,32854483,0,4.34,4.42,4.26,4.35
000960,锡业股份,26.42,4.550850811238631,1.1500000000000021,1060112815.63,40651656,0,25.59,26.67,25.36,25.27
000962,东方钽业,29.07,4.418103448275864,1.2300000000000004,626734406.24,21803751,0,27.71,29.39,27.65,27.84
000963,华东医药,40.04,1.7018034036068115,0.6700000000000017,219276167.51,5510450,0,39.37,40.15,39.29,39.37
000965,天保基建,3.87,0.0,0.0,101216287.4,26433220,0,3.83,3.88,3.78,3.87
000966,基本400,0.0,0.0,0.0,0.0,0,0,0.0,0.0,0.0,0.0
000967,盈峰环境,6.77,0.14792899408283708,0.009999999999999787,128948001.09,19216597,0,6.77,6.78,6.63,6.76
000968,蓝焰控股,6.51,0.7739938080495329,0.04999999999999982,44589786.3,6881952,0,6.46,6.53,6.43,6.46
000969,安泰科技,19.74,1.9628099173553668,0.379999999999999,1777250797.83,91006056,0,19.44,20.05,18.98,19.36
000970,中科三环,12.86,1.5797788309636593,0.1999999999999993,182188872.42,14291012,0,12.67,12.96,12.58,12.66
000972,*ST中基,3.67,0.8241758241758188,0.029999999999999805,24738405.0,6863290,0,3.64,3.67,3.54,3.64
000973,佛塑科技,11.82,6.104129263913821,0.6799999999999997,1022734929.46,88239151,0,11.1,12.1,10.9,11.14
000975,山金国际,24.77,4.60304054054054,1.0899999999999999,1477318403.28,59935379,0,23.85,25.15,23.85,23.68
000977,浪潮信息,62.85,3.798513625103227,2.3000000000000043,2746523465.23,44429025,0,60.56,63.12,60.4,60.55
000978,桂林旅游,6.74,2.587519025875189,0.16999999999999993,97524620.0,14604400,0,6.58,6.75,6.52,6.57
000980,众泰汽车,3.69,0.0,0.0,476549530.94,128340614,0,3.79,3.84,3.65,3.69
000981,山子高科,3.05,-0.6514657980456032,-0.020000000000000018,1100757481.72,364381979,0,3.04,3.07,2.98,3.07
000983,山西焦煤,6.41,-0.1557632398753861,-0.009999999999999787,145457404.47,22834381,0,6.4,6.43,6.31,6.42
000985,大庆华科,18.22,0.9418282548476351,0.16999999999999815,37813120.0,2107200,0,18.09,18.32,17.59,18.05
000987,全指材料,4641.6549,2.8262097222254408,127.57730000000083,133748883967.0,73778961,0,4537.1574,4667.6123,4536.9228,4514.0776
000988,华工科技,77.29,6.4453931965294124,4.680000000000007,4823879385.08,64051825,0,73.0,77.69,72.7,72.61
000989,全指可选,5437.0308,1.0583464502123368,56.94000000000051,78947300369.0,55344505,0,5380.0361,5454.5593,5375.7241,5380.0908
000990,全指消费,0.0,0.0,0.0,0.0,0,0,0.0,0.0,0.0,0.0
000993,全指信息,8240.0015,2.615082638563554,209.99139999999989,222118826857.0,58844631,0,8025.6743,8253.2329,7998.1246,8030.0101
000995,皇台酒业,12.93,-2.854996243426001,-0.3800000000000008,217171468.75,16701637,0,13.25,13.26,12.82,13.31
000997,新大陆,25.9,0.3875968992247979,0.09999999999999787,275156349.1,10734001,0,25.62,26.09,25.21,25.8
000998,中证TMT,0.0,0.0,0.0,0.0,0,0,0.0,0.0,0.0,0.0
000999,华润三九,28.23,0.4983980064079764,0.14000000000000057,148302604.61,5272728,0,28.09,28.28,27.96,28.09
001201,东瑞股份,14.57,1.180555555555555,0.16999999999999993,70103835.29,4788192,0,15.16,15.18,14.43,14.4
001202,炬申股份,15.06,1.756756756756755,0.2599999999999998,30200932.72,2036340,0,14.8,15.15,14.57,14.8
001203,大中矿业,28.3,9.98834045860863,2.5700000000000003,1087680793.78,39079648,0,27.77,28.3,27.09,25.73
001205,盛航股份,16.91,-0.7046388725778097,-0.120000000000001,51218456.0,3040700,0,17.05,17.12,16.67,17.03
001206,依依股份,29.77,-2.3293963254593204,-0.7100000000000009,114685913.8,3843732,0,30.44,30.6,29.35,30.48
001207,联科科技,23.79,1.6232379325074713,0.379999999999999,84401664.0,3600256,0,23.35,23.87,23.0,23.41
001208,华菱线缆,20.8,5.209914011127977,1.0300000000000011,3217377253.67,154787697,0,19.8,21.7,19.58,19.77
001209,洪兴股份,20.09,-0.0994530084535036,-0.019999999999999574,57402005.75,2883485,0,20.11,20.19,19.61,20.11
001210,金房能源,16.47,2.937499999999993,0.46999999999999886,23234406.82,1432320,0,16.0,16.49,15.91,16.0
001211,双枪科技,25.15,2.0698051948051868,0.509999999999998,73372823.0,2928000,0,24.64,25.28,24.62,24.64
001212,中旗新材,43.54,0.43829296424451614,0.18999999999999773,178502429.25,4151470,0,43.04,43.8,42.26,43.35
001213,中铁特货,4.07,0.4938271604938386,0.020000000000000462,44102031.56,10887226,0,4.05,4.08,4.02,4.05
001215,千味央厨,39.29,2.6384535005224605,1.009999999999998,137532253.01,3556463,0,38.28,39.5,37.55,38.28
001216,华瓷股份,16.92,0.7742703990470671,0.13000000000000256,179117882.41,10678020,0,16.68,17.03,16.53,16.79
001217,华尔泰,12.84,1.5019762845849762,0.1899999999999995,59401539.0,4663500,0,12.79,12.92,12.6,12.65
001218,丽臣实业,22.01,1.195402298850582,0.26000000000000156,29204009.0,1337340,0,21.78,22.13,21.56,21.75
001219,青岛食品,14.21,0.9950248756218946,0.14000000000000057,52037641.7,3677258,0,14.25,14.34,13.91,14.07
001222,源飞宠物,23.76,1.0204081632653146,0.240000000000002,50044315.59,2116483,0,23.75,24.07,22.97,23.52
001223,欧克科技,48.6,2.380450811038556,1.1300000000000026,51336396.2,1066740,0,47.47,48.99,47.04,47.47
001225,和泰机电,53.5,0.22480329711501956,0.11999999999999744,54315831.0,1019000,0,53.38,54.33,52.43,53.38
001226,拓山重工,43.81,-3.8199780461031723,-1.7399999999999949,143370451.0,3263900,0,45.0,45.7,43.11,45.55
001227,兰州银行,2.3,0.0,0.0,106290400.0,46308600,0,2.3,2.31,2.28,2.3
001228,永泰运,25.51,0.7503949447077459,0.19000000000000128,19549189.0,773000,0,25.32,25.51,25.02,25.32
001229,魅视科技,37.17,0.18867924528301963,0.07000000000000028,67306461.0,1837500,0,37.0,37.45,35.95,37.1
001230,劲旅环境,21.07,0.5727923627685012,0.120000000000001,27042830.6,1297240,0,20.95,21.14,20.57,20.95
001231,农心科技,20.71,0.1450676982591931,0.030000000000001137,37542518.0,1822600,0,20.85,20.89,20.23,20.68
001234,泰慕士,28.07,-1.370344342937458,-0.39000000000000057,84034818.51,3018875,0,28.28,28.45,27.22,28.46
001236,弘业期货,10.37,-0.7655502392344504,-0.08000000000000007,157560339.21,15400000,0,10.34,10.45,10.06,10.45
001238,浙江正特,49.77,1.7167381974248996,0.8400000000000034,12058441.0,244900,0,47.89,49.88,47.89,48.93
001239,永达股份,15.68,-0.5076142131979701,-0.08000000000000007,43944215.18,2830014,0,15.69,15.84,15.34,15.76
001255,博菲电气,37.46,10.014684287812054,3.4100000000000037,356061173.4,9617320,0,35.64,37.46,35.64,34.05
001256,炜冈科技,20.25,0.0,0.0,32230947.4,1591302,0,20.47,20.51,20.01,20.25
001258,立新能源,7.14,0.1402524544179493,0.009999999999999787,73347455.0,10350100,0,7.11,7.16,7.03,7.13
001259,利仁科技,28.56,2.145922746781108,0.5999999999999979,36740998.0,1309100,0,28.26,28.79,27.32,27.96
001260,坤泰股份,19.26,0.10395010395012019,0.020000000000003126,31739327.0,1657300,0,19.1,19.36,18.92,19.24
001266,宏英智能,28.13,-0.7410021171489092,-0.21000000000000085,78605115.4,2835040,0,28.2,28.37,27.23,28.34
001267,汇绿生态,22.17,3.69504209541629,0.7900000000000027,754765654.6,34489557,0,21.7,22.36,21.1,21.38
001268,联合精密,34.5,-6.122448979591836,-2.25,174564099.6,5028300,0,36.0,36.0,33.09,36.75
001269,欧晶科技,23.4,1.2987012987012863,0.29999999999999716,31012941.4,1338920,0,23.08,23.42,22.89,23.1
001270,*ST铖昌,70.86,4.993332345532679,3.3700000000000045,49751372.88,702108,0,70.86,70.86,70.86,67.49
001277,速达股份,38.95,1.3003901170351104,0.5,43770187.0,1129300,0,38.45,38.97,38.42,38.45
001278,一彬科技,19.3,-0.46415678184631176,-0.08999999999999986,56695202.69,2948375,0,19.4,19.58,19.0,19.39
001279,强邦新材,34.21,-0.058428279287163376,-0.01999999999999602,23982700.0,701800,0,34.25,34.37,33.9,34.23
001282,三联锻造,19.86,-0.30120481927711984,-0.060000000000002274,56821143.38,2890888,0,19.8,20.07,19.37,19.92
001283,豪鹏科技,68.17,1.77664974619289,1.1899999999999977,106039086.61,1571000,0,66.98,68.26,66.6,66.98
001286,陕西能源,9.94,-0.3009027081243845,-0.030000000000001137,116966014.84,11787313,0,9.99,10.0,9.85,9.97
001287,中电港,21.42,1.0854176498348296,0.23000000000000043,274405559.57,12978455,0,21.18,21.49,20.84,21.19
001288,运机集团,34.26,6.562986003110419,2.1099999999999994,256694028.06,7675156,0,32.15,34.32,31.93,32.15
001289,龙源电力,15.1,0.1326259946949574,0.019999999999999574,55785720.8,3700581,0,15.04,15.15,14.98,15.08
001296,长江材料,29.58,6.173725771715718,1.7199999999999989,613326327.58,21174495,0,28.05,29.59,28.05,27.86
001298,好上好,29.14,1.9237495627841927,0.5500000000000007,171199053.69,5924854,0,28.68,29.19,28.58,28.59
001299,美能能源,11.75,2.4411508282475967,0.27999999999999936,55603281.6,4803750,0,11.53,11.76,11.3,11.47
001300,三柏硕,15.03,1.5540540540540448,0.22999999999999865,45862793.32,3125466,0,14.8,15.09,14.36,14.8
001301,尚太科技,81.4,1.3320054774057108,1.0700000000000074,307758832.01,3785400,0,80.66,82.45,79.51,80.33
001306,夏厦精密,79.08,0.8930849706557833,0.7000000000000028,51287390.0,656400,0,78.37,79.61,77.3,78.38
001308,康冠科技,20.4,0.3937007874015664,0.0799999999999983,38883621.2,1919277,0,20.29,20.46,20.07,20.32
001309,德明利,204.38,2.4461152882205495,4.8799999999999955,1619339380.84,8025375,0,199.58,204.48,198.0,199.5
001311,多利科技,29.98,1.3180128421764128,0.39000000000000057,169148032.36,5684015,0,29.4,30.14,29.34,29.59
001313,粤海饲料,8.31,0.24125452352233234,0.02000000000000135,66195292.0,8022100,0,8.29,8.35,8.16,8.29
001314,亿道信息,42.77,0.07019185774450429,0.030000000000001137,76627931.0,1809800,0,42.74,42.99,41.91,42.74
001316,润贝航科,33.77,-2.2009846510280857,-0.759999999999998,77927794.04,2334864,0,34.35,34.83,32.6,34.53
001317,三羊马,57.2,10.000000000000005,5.200000000000003,1071476465.93,19277516,0,53.22,57.2,50.0,52.0
001318,阳光乳业,16.81,0.8398320335932633,0.13999999999999702,619345590.8,36946980,0,16.72,17.41,16.25,16.67
001319,铭科精技,25.04,0.8051529790660197,0.1999999999999993,51444848.0,2072100,0,24.84,25.2,24.43,24.84
001322,箭牌家居,8.26,-0.3618817852834664,-0.02999999999999936,22316090.0,2706400,0,8.22,8.32,8.17,8.29
001323,慕思股份,25.84,1.016419077404228,0.26000000000000156,24205774.34,944732,0,25.61,25.89,25.2,25.58
001324,长青科技,17.75,0.0,0.0,28974958.0,1652500,0,17.69,17.87,17.27,17.75
001326,联域股份,40.25,-1.8292682926829267,-0.75,27618363.74,686404,0,41.8,41.8,39.7,41.0
001328,登康口腔,38.96,2.096436058700221,0.8000000000000043,92205468.23,2377366,0,38.48,39.38,37.65,38.16
001330,博纳影业,9.83,-9.149722735674679,-0.9900000000000002,2586811099.61,258622255,0,9.74,10.63,9.74,10.82
001331,胜通能源,21.6,9.979633401222001,1.9600000000000009,7820604.0,362065,0,21.6,21.6,21.6,19.64
001332,锡装股份,51.4,2.329285287676691,1.1700000000000017,63717345.05,1258785,0,50.23,51.48,49.55,50.23
001333,光华股份,21.25,-0.23474178403756202,-0.05000000000000071,33090741.27,1567303,0,21.32,21.45,20.92,21.3
001336,楚环科技,23.05,1.2296881862099305,0.28000000000000114,48126890.0,2116500,0,22.76,23.18,22.11,22.77
001337,四川黄金,28.5,2.33393177737881,0.6499999999999986,399300832.43,14131530,0,28.17,28.72,27.67,27.85
001338,永顺泰,12.14,0.0,0.0,89801791.0,7392800,0,12.14,12.26,12.01,12.14
001339,智微智能,47.95,1.4385445314152732,0.6799999999999997,115862624.2,2447716,0,47.27,48.1,46.69,47.27
001356,富岭股份,13.44,1.204819277108435,0.16000000000000014,60099966.8,4518127,0,13.18,13.45,13.07,13.28
001358,兴欣新材,24.93,0.8495145631067995,0.21000000000000085,15829982.69,639893,0,24.78,25.14,24.37,24.72
001359,平安电工,69.22,9.995232798347368,6.289999999999999,210598097.63,3140131,0,63.0,69.22,63.0,62.93
001360,南矿集团,20.13,-10.01341081805991,-2.240000000000002,306091540.3,15167000,0,20.13,20.77,20.13,22.37
001366,播恩集团,12.86,0.6259780907668238,0.08000000000000007,36850141.0,2894500,0,12.8,13.0,12.5,12.78
001367,海森药业,21.52,0.8907641819034284,0.19000000000000128,29998251.74,1406999,0,21.33,21.52,21.05,21.33
001368,通达创智,24.01,-0.12479201331113804,-0.029999999999997584,54715759.0,2295000,0,24.14,24.21,23.53,24.04
001373,翔腾新材,28.31,0.5326704545454495,0.14999999999999858,37364500.48,1328538,0,28.14,28.58,27.71,28.16
001376,百通能源,15.18,6.005586592178767,0.8599999999999994,556378620.92,36977206,0,14.26,15.55,14.05,14.32
001378,德冠新材,22.03,-1.0332434860736766,-0.23000000000000043,33706049.7,1534542,0,22.14,22.49,21.71,22.26
001379,腾达科技,22.96,-0.5630142919012516,-0.129999999999999,115041418.0,5085100,0,23.11,23.18,22.28,23.09
001380,华纬科技,21.78,1.0204081632653172,0.22000000000000242,47578043.0,2201972,0,21.51,21.8,21.38,21.56
001382,新亚电缆,20.73,-0.7659167065581625,-0.16000000000000014,98990642.79,4816855,0,20.65,20.83,20.26,20.89
001387,雪祺电气,13.9,-2.3190442726633878,-0.33000000000000007,94954878.7,6855638,0,14.2,14.23,13.61,14.23
001389,广合科技,81.1,5.324675324675318,4.099999999999994,1027520167.77,12855142,0,77.01,81.78,77.01,77.0
001391,国货航,6.19,0.0,0.0,84417688.75,13709420,0,6.19,6.19,6.12,6.19
001395,亚联机械,44.68,1.2692656391659163,0.5600000000000023,59743721.18,1352116,0,43.51,44.88,43.38,44.12
001696,宗申动力,20.57,0.2925402242808324,0.05999999999999872,412725454.63,20312948,0,20.43,20.62,20.05,20.51
001872,招商港口,19.88,-0.25087807325640094,-0.05000000000000071,38492529.49,1936445,0,19.93,19.95,19.78,19.93
001896,豫能控股,5.43,0.9293680297397737,0.04999999999999982,99245480.59,18450896,0,5.39,5.46,5.3,5.38
001914,招商积余,10.93,0.09157509157508963,0.009999999999999787,56324530.54,5165665,0,10.91,11.06,10.79,10.92
001965,招商公路,9.91,-0.10080645161290108,-0.009999999999999787,131857687.33,13328666,0,9.91,9.96,9.78,9.92
001979,招商蛇口,8.76,0.34364261168384147,0.02999999999999936,359366998.46,41311734,0,8.7,8.78,8.6,8.73
002001,新和成,24.25,1.2526096033402954,0.3000000000000007,329990321.79,13659336,0,24.03,24.37,23.9,23.95
002003,伟星股份,10.71,1.037735849056615,0.11000000000000121,87241084.19,8133943,0,10.66,10.8,10.55,10.6
002004,华邦健康,4.7,0.6423982869379069,0.03000000000000025,84777540.92,18130987,0,4.66,4.73,4.63,4.67
002005,ST德豪,2.55,-1.1627906976744282,-0.03000000000000025,37907412.0,14955100,0,2.58,2.6,2.48,2.58
002006,精工科技,21.02,0.960614793467816,0.1999999999999993,340776470.47,16462276,0,20.93,21.18,20.28,20.82
002007,华兰生物,15.29,0.6583278472679371,0.09999999999999964,115794481.75,7616910,0,15.17,15.31,15.11,15.19
002008,大族激光,37.73,4.515235457063699,1.6299999999999955,650257595.55,17568862,0,36.18,37.84,36.18,36.1
002009,天奇股份,15.43,0.0,0.0,160352320.0,10506000,0,15.44,15.55,15.04,15.43
002010,传化智联,5.69,0.8865248226950482,0.05000000000000071,111087946.66,19719408,0,5.62,5.71,5.55,5.64
002011,盾安环境,12.38,1.6420361247947541,0.20000000000000107,97941872.2,7965981,0,12.19,12.44,12.12,12.18
002012,凯恩股份,5.8,1.04529616724738,0.05999999999999961,77174511.32,13381521,0,5.71,5.87,5.69,5.74
002014,永新股份,12.01,-0.08319467554076362,-0.009999999999999787,46564921.33,3892868,0,11.9,12.04,11.85,12.02
002015,协鑫能科,10.01,0.8056394763343411,0.08000000000000007,193545572.2,19601298,0,9.88,10.01,9.77,9.93
002016,世荣兆业,5.92,-0.33670033670034444,-0.020000000000000462,54491539.0,9277100,0,5.92,5.96,5.78,5.94
002017,东信和平,20.9,-4.1723979825768005,-0.9100000000000001,822942439.27,39865118,0,21.32,21.39,20.16,21.81
002019,亿帆医药,11.92,0.6756756756756763,0.08000000000000007,89617047.68,7551819,0,11.83,12.02,11.74,11.84
002020,京新药业,19.69,4.069767441860463,0.7699999999999996,262967254.25,13536150,0,18.92,19.76,18.8,18.92
002021,中捷资源,2.42,0.0,0.0,61740496.73,25731331,0,2.43,2.45,2.36,2.42
002022,科华生物,5.97,-0.1672240802675698,-0.010000000000000675,33415662.97,5627201,0,5.97,6.0,5.89,5.98
002023,海特高新,12.4,-2.6687598116169533,-0.33999999999999986,386723915.55,31408739,0,12.67,12.78,12.08,12.74
002024,ST易购,1.71,0.0,0.0,27562437.15,16156115,0,1.71,1.72,1.7,1.71
002025,航天电器,45.91,-3.3473684210526384,-1.5900000000000034,1036422752.65,22452369,0,46.5,47.4,45.52,47.5
002026,山东威达,13.79,1.6212232866617455,0.21999999999999886,184697360.0,13587900,0,13.57,13.82,13.32,13.57
002027,分众传媒,7.22,2.121640735502114,0.14999999999999947,967080533.54,134558739,0,7.08,7.26,7.04,7.07
002028,思源电气,150.1,0.6099604531134771,0.9099999999999966,1131470150.5,7590851,0,149.28,151.4,146.7,149.19
002029,七匹狼,10.98,-4.188481675392674,-0.4800000000000004,619623319.68,57188858,0,11.11,11.13,10.56,11.46
002030,达安基因,6.07,0.4966887417218584,0.03000000000000025,57079549.95,9438505,0,6.04,6.09,6.0,6.04
002031,巨轮智能,7.29,-2.670226969292392,-0.20000000000000018,753989646.22,103783764,0,7.38,7.47,7.15,7.49
002032,苏泊尔,47.65,0.4426644182124807,0.21000000000000085,74849043.6,1575500,0,47.31,47.89,47.02,47.44
002033,丽江股份,9.19,2.5669642857142705,0.22999999999999865,170973034.27,18730914,0,8.94,9.23,8.92,8.96
002034,旺能环境,15.84,0.635324015247774,0.09999999999999964,47309286.73,3004751,0,15.74,15.86,15.64,15.74
002035,华帝股份,6.12,0.327868852459024,0.020000000000000462,39324878.3,6461780,0,6.09,6.14,6.04,6.1
002036,联创电子,11.59,2.6572187776793688,0.3000000000000007,1004724951.01,87754564,0,11.29,11.75,11.15,11.29
002037,保利联合,9.39,0.8592910848549953,0.08000000000000007,88190215.0,9413100,0,9.47,9.59,9.25,9.31
002038,双鹭药业,7.29,0.0,0.0,125113873.3,17286910,0,7.28,7.33,7.14,7.29
002039,黔源电力,18.48,0.10834236186348632,0.019999999999999574,56243012.32,3054272,0,18.51,18.54,18.3,18.46
002040,南京港,9.83,0.3061224489795853,0.02999999999999936,64546538.7,6625380,0,9.8,9.87,9.66,9.8
002041,登海种业,9.18,-1.077586206896548,-0.09999999999999964,105837131.36,11580500,0,9.34,9.34,9.05,9.28
002042,华孚时尚,4.08,0.4926108374384351,0.020000000000000462,94001161.8,23286616,0,4.05,4.08,3.99,4.06
002043,兔宝宝,14.31,4.912023460410556,0.6699999999999999,220572157.85,15721926,0,13.64,14.42,13.48,13.64
002044,美年健康,5.47,10.06036217303823,0.5,1344908307.69,249112532,0,5.01,5.47,4.99,4.97
002045,国光电器,13.92,0.8695652173912987,0.11999999999999922,150119343.24,10896774,0,13.8,13.97,13.58,13.8
002046,国机精工,35.33,-1.3404077073443283,-0.480000000000004,800918285.85,22839827,0,35.73,36.05,34.4,35.81
002047,*ST宝鹰,3.82,-0.26109660574413135,-0.010000000000000231,58363142.0,15343900,0,3.85,3.9,3.74,3.83
002048,宁波华翔,27.84,5.096262740656857,1.3500000000000014,736998560.43,26696739,0,26.5,28.0,26.5,26.49
002049,紫光国微,75.06,1.8176885512750995,1.3400000000000034,906929497.48,12214212,0,73.66,75.42,73.0,73.72
002050,三花智控,44.02,2.6825285747609184,1.1500000000000057,4781633616.06,109404954,0,43.13,44.16,43.07,42.87
002051,中工国际,8.9,0.0,0.0,115378170.0,13086700,0,8.87,8.93,8.7,8.9
002052,同洲电子,12.16,0.16474464579900802,0.019999999999999574,170813953.44,14105103,0,12.05,12.29,11.92,12.14
002053,云南能投,11.7,-0.6791171477079803,-0.08000000000000007,116801244.6,10049632,0,11.67,11.71,11.49,11.78
002054,德美化工,7.26,0.9735744089012432,0.0699999999999994,93863433.39,13045553,0,7.2,7.29,7.1,7.19
002055,得润电子,6.7,1.3615733736762459,0.08999999999999986,131990395.0,19997600,0,6.6,6.74,6.47,6.61
002056,横店东磁,19.46,3.952991452991464,0.740000000000002,494383719.73,25875117,0,18.72,19.57,18.6,18.72
002057,中钢天源,9.83,1.7598343685300202,0.16999999999999993,89353320.12,9200812,0,9.66,9.83,9.6,9.66
002058,*ST威尔,20.5,1.2345679012345678,0.25,24355454.0,1192000,0,20.44,20.84,20.05,20.25
002059,云南旅游,5.46,3.0188679245283048,0.16000000000000014,273411599.93,50358302,0,5.31,5.49,5.3,5.3
002060,广东建工,3.6,0.27855153203343264,0.010000000000000231,59245325.0,16545685,0,3.57,3.62,3.55,3.59
002061,浙江交科,3.97,-0.5012531328320806,-0.020000000000000018,107426321.82,27189309,0,3.99,4.0,3.9,3.99
002062,宏润建设,8.87,0.9101251422070543,0.08000000000000007,256825524.46,29278579,0,8.7,8.91,8.62,8.79
002063,远光软件,5.99,0.335008375209388,0.020000000000000462,145713884.22,24510677,0,5.97,6.01,5.86,5.97
002064,华峰化学,9.9,1.0204081632653024,0.09999999999999964,322432102.68,32674135,0,9.81,9.99,9.71,9.8
002065,东华软件,9.15,0.9933774834437069,0.08999999999999986,462737047.47,51058908,0,9.01,9.22,8.94,9.06
002066,瑞泰科技,19.33,-7.732696897374707,-1.620000000000001,448781708.64,22880435,0,20.8,21.41,19.0,20.95
002067,景兴纸业,5.04,1.6129032258064528,0.08000000000000007,211369608.83,42202447,0,4.98,5.06,4.95,4.96
002068,黑猫股份,8.85,1.6073478760045785,0.1399999999999988,58750510.67,6693980,0,8.71,8.91,8.67,8.71
002069,獐子岛,3.76,-1.0526315789473695,-0.040000000000000036,78391907.72,20959151,0,3.8,3.83,3.7,3.8
002072,凯瑞德,6.87,-1.4347202295552317,-0.09999999999999964,38255693.0,5543700,0,7.01,7.06,6.74,6.97
002073,软控股份,8.05,2.0278833967047025,0.16000000000000103,193607281.08,24386312,0,7.91,8.06,7.81,7.89
002074,国轩高科,38.27,3.153638814016177,1.1700000000000017,1204476513.47,31822719,0,37.26,38.38,37.26,37.1
002075,沙钢股份,5.62,0.7168458781362014,0.040000000000000036,120341430.06,21551013,0,5.56,5.65,5.51,5.58
002076,*ST星光,1.99,1.5306122448979604,0.030000000000000027,41605439.0,21051600,0,1.96,2.02,1.93,1.96
002077,大港股份,14.55,1.7482517482517481,0.25,211944261.45,14776554,0,14.29,14.55,14.13,14.3
002078,太阳纸业,15.19,0.6626905235255112,0.09999999999999964,383505555.24,25348319,0,15.07,15.29,14.92,15.09
002079,苏州固锝,9.29,0.978260869565216,0.08999999999999986,100567577.65,10953198,0,9.27,9.32,9.07,9.2
002080,中材科技,35.1,5.5004508566275865,1.8299999999999983,2642959125.02,77723504,0,33.26,35.2,32.6,33.27
002081,金螳螂,3.23,0.9374999999999939,0.029999999999999805,48402199.0,15115400,0,3.2,3.24,3.17,3.2
002082,万邦德,11.88,-0.1680672268907527,-0.019999999999999574,79267718.0,6696200,0,11.91,11.99,11.54,11.9
002083,孚日股份,11.34,5.88235294117646,0.629999999999999,2168912401.61,192333251,0,11.0,11.78,10.8,10.71
002084,海鸥住工,3.86,0.7832898172323709,0.029999999999999805,121522997.0,31861900,0,3.82,3.9,3.75,3.83
002085,万丰奥威,15.0,0.6036217303822927,0.08999999999999986,413881828.53,27830238,0,14.91,15.07,14.7,14.91
002086,东方海洋,2.38,0.0,0.0,95654908.88,40573124,0,2.37,2.38,2.33,2.38
002088,鲁阳节能,10.74,1.129943502824868,0.120000000000001,19760066.0,1855810,0,10.61,10.78,10.52,10.62
002090,金智科技,11.55,-1.4505119453924908,-0.16999999999999993,173585782.92,15207192,0,11.68,11.75,11.24,11.72
002091,江苏国泰,8.8,2.6837806301050224,0.23000000000000043,231430045.98,26616612,0,8.61,8.85,8.55,8.57
002092,中泰化学,4.56,1.7857142857142672,0.07999999999999918,148951026.17,32998812,0,4.48,4.58,4.45,4.48
002093,国脉科技,11.54,0.6980802792320968,0.0799999999999983,472994878.14,41701120,0,11.42,11.57,11.13,11.46
002094,青岛金王,7.14,-0.9708737864077709,-0.07000000000000028,146215864.89,20635773,0,7.15,7.17,7.03,7.21
002095,生意宝,18.03,4.400694846554728,0.7600000000000016,129912450.81,7314400,0,17.27,18.92,16.94,17.27
002096,易普力,12.95,0.6998444790046645,0.08999999999999986,54582008.0,4238600,0,12.86,12.98,12.78,12.86
002097,山河智能,11.81,0.254668930390502,0.030000000000001137,263897797.8,22575854,0,11.75,11.82,11.57,11.78
002098,浔兴股份,9.57,-1.9467213114754047,-0.1899999999999995,162051742.0,16904400,0,9.86,9.9,9.42,9.76
002099,海翔药业,5.83,1.3913043478260883,0.08000000000000007,69064191.0,11865400,0,5.74,5.9,5.73,5.75
002100,天康生物,7.25,0.0,0.0,259936761.29,36026667,0,7.4,7.4,7.12,7.25
002101,广东鸿图,11.91,0.2525252525252471,0.02999999999999936,61821065.25,5217075,0,11.88,11.99,11.74,11.88
002102,能特科技,3.33,-2.05882352941176,-0.06999999999999984,147987382.4,44394806,0,3.4,3.41,3.28,3.4
002103,广博股份,8.96,0.5611672278339025,0.05000000000000071,55440501.4,6236160,0,8.91,8.97,8.78,8.91
002104,恒宝股份,19.91,-2.3061825318940086,-0.46999999999999886,2597124463.92,131031280,0,20.0,20.42,19.2,20.38
002105,信隆健康,6.93,-1.4224751066856405,-0.10000000000000053,203708273.82,29535274,0,6.98,7.06,6.8,7.03
002106,莱宝高科,10.62,0.8547008547008534,0.08999999999999986,77265684.9,7360795,0,10.5,10.69,10.36,10.53
002107,沃华医药,5.88,-0.6756756756756763,-0.040000000000000036,64794958.5,11111751,0,5.89,5.91,5.74,5.92
002108,沧州明珠,4.85,0.8316008316008323,0.040000000000000036,412933934.99,86923220,0,4.78,4.89,4.63,4.81
002109,兴化股份,3.57,1.7094017094017109,0.06000000000000005,58428339.0,16446200,0,3.51,3.63,3.46,3.51
002110,三钢闽光,4.22,0.23752969121139636,0.009999999999999787,171951522.2,41250027,0,4.2,4.25,4.09,4.21
002111,威海广泰,9.59,-1.7418032786885238,-0.16999999999999993,86225414.53,9028480,0,9.75,9.83,9.41,9.76
002112,三变科技,13.31,0.6046863189720338,0.08000000000000007,259389769.34,19913417,0,13.13,13.44,12.81,13.23
002114,罗平锌电,8.04,3.076923076923068,0.23999999999999932,159261523.0,20310000,0,7.9,8.08,7.62,7.8
002115,三维通信,12.2,1.0770505385252611,0.129999999999999,2075123652.85,173432175,0,11.83,12.41,11.58,12.07
002116,中国海诚,10.2,0.09813542688910488,0.009999999999999787,52235217.0,5158300,0,10.18,10.25,10.03,10.19
002117,东港股份,13.05,0.0,0.0,201943724.69,15648535,0,13.0,13.09,12.73,13.05
002119,康强电子,15.85,0.8911521323997376,0.1399999999999988,166195247.34,10646349,0,15.72,15.9,15.37,15.71
002120,韵达股份,6.94,0.2890173410404691,0.020000000000000462,150546544.93,21814055,0,6.92,6.95,6.84,6.92
002121,科陆电子,7.7,2.1220159151193654,0.16000000000000014,190381634.44,25123395,0,7.55,7.71,7.44,7.54
002122,ST汇洲,2.78,-2.456140350877203,-0.07000000000000028,151637973.0,54834600,0,2.8,2.86,2.72,2.85
002123,梦网科技,12.8,1.026045777426999,0.13000000000000078,757928789.14,59764754,0,12.48,12.89,12.36,12.67
002124,天邦食品,2.87,0.34965034965035774,0.010000000000000231,234341819.84,81454144,0,2.94,2.97,2.82,2.86
002125,湘潭电化,13.21,2.086553323029377,0.27000000000000135,191552028.95,14643762,0,12.97,13.24,12.91,12.94
002126,银轮股份,34.08,3.3353547604608904,1.1000000000000014,553577828.52,16317472,0,32.9,34.36,32.89,32.98
002127,南极电商,3.45,0.5830903790087468,0.020000000000000018,113705203.62,33222718,0,3.41,3.46,3.38,3.43
002128,电投能源,26.93,0.8614232209737844,0.23000000000000043,294050862.16,10964338,0,26.7,27.18,26.41,26.7
002129,TCL中环,8.37,1.0869565217391288,0.08999999999999986,516695028.4,62278393,0,8.26,8.39,8.21,8.28
002130,沃尔核材,26.57,2.7455529775715424,0.7100000000000009,1340478080.42,51133113,0,25.87,26.59,25.7,25.86
002131,利欧股份,5.04,1.4084507042253578,0.07000000000000028,935873344.25,186814095,0,4.95,5.07,4.94,4.97
002132,恒星科技,3.4,1.1904761904761916,0.040000000000000036,60566843.94,18019904,0,3.36,3.4,3.31,3.36
002133,广宇集团,3.15,0.0,0.0,133053553.55,42574097,0,3.16,3.18,3.07,3.15
002134,天津普林,23.26,1.218450826805923,0.28000000000000114,219787157.0,9530900,0,22.92,23.57,22.7,22.98
002135,东南网架,4.43,-0.4494382022472014,-0.020000000000000462,56914773.55,12951131,0,4.45,4.45,4.33,4.45
002136,安纳达,11.43,1.0610079575596747,0.11999999999999922,111745799.0,9861600,0,11.35,11.51,11.12,11.31
002137,实益达,8.41,-0.8254716981132109,-0.07000000000000028,131088358.32,15696400,0,8.5,8.55,8.21,8.48
002138,顺络电子,34.46,2.8656716417910473,0.9600000000000009,433495250.35,12763644,0,33.52,34.54,33.42,33.5
002139,拓邦股份,13.5,1.427498121712994,0.1899999999999995,166475802.39,12423918,0,13.3,13.54,13.28,13.31
002140,东华科技,11.24,0.6266786034019721,0.07000000000000028,80791379.7,7280930,0,11.17,11.25,10.92,11.17
002141,贤丰控股,3.71,0.8152173913043425,0.029999999999999805,50728617.12,13824371,0,3.69,3.73,3.64,3.68
002142,宁波银行,28.02,0.25044722719141427,0.07000000000000028,481153375.19,17219403,0,27.94,28.2,27.7,27.95
002144,宏达高科,12.27,0.3270645952575564,0.03999999999999915,42254537.0,3469400,0,12.23,12.37,12.01,12.23
002145,钛能化学,4.75,1.2793176972281364,0.05999999999999961,203455915.7,43282095,0,4.71,4.77,4.63,4.69
002146,荣盛发展,1.52,0.0,0.0,206218052.6,137552570,0,1.51,1.53,1.47,1.52
002148,北纬科技,8.33,-0.3588516746411407,-0.02999999999999936,103765800.7,12567600,0,8.36,8.4,8.13,8.36
002149,西部材料,31.17,4.562227440456233,1.360000000000003,4306651821.18,140288285,0,28.3,32.68,27.7,29.81
002150,通润装备,20.0,2.8277634961439624,0.5500000000000007,293666652.88,14917157,0,19.29,20.16,19.25,19.45
002151,北斗星通,32.12,-0.24844720496896086,-0.0800000000000054,784854046.83,24341417,0,32.16,33.0,31.66,32.2
002152,广电运通,12.19,0.41186161449752007,0.049999999999998934,295789847.02,24532253,0,12.09,12.24,11.9,12.14
002153,石基信息,10.21,1.2896825396825473,0.13000000000000078,269669517.03,26694507,0,10.15,10.26,9.96,10.08
002154,报喜鸟,3.88,0.25839793281653195,0.009999999999999787,90779938.02,23536115,0,3.87,3.89,3.82,3.87
002155,湖南黄金,21.02,2.8375733855185823,0.5799999999999983,769482725.01,36833822,0,20.58,21.2,20.55,20.44
002156,通富微电,36.29,2.8336639274582036,1.0,1160367578.33,32443395,0,35.36,36.38,35.02,35.29
002157,正邦科技,3.59,-2.1798365122615824,-0.08000000000000007,1527428655.99,427548995,0,3.71,3.75,3.48,3.67
002158,汉钟精机,24.36,6.09756097560975,1.3999999999999986,282720366.54,11814400,0,22.91,24.49,22.86,22.96
002159,三特索道,15.15,1.5415549597855258,0.23000000000000043,62113502.1,4129071,0,14.82,15.19,14.8,14.92
002160,常铝股份,4.88,2.521008403361347,0.1200000000000001,177264661.25,36959752,0,4.76,4.88,4.71,4.76
002161,远望谷,7.01,0.86330935251798,0.05999999999999961,71213812.0,10266600,0,6.93,7.03,6.84,6.95
002162,悦心健康,4.51,2.2675736961451167,0.09999999999999964,241027848.65,53116270,0,4.41,4.65,4.4,4.41
002163,海南发展,14.01,-8.131147540983608,-1.2400000000000002,1516490177.58,107929626,0,15.1,15.1,13.73,15.25
002164,宁波东力,17.12,1.6627078384798168,0.28000000000000114,431611153.4,25620194,0,16.96,17.2,16.48,16.84
002165,红宝丽,7.39,-0.5383580080753706,-0.040000000000000036,150771924.18,20572209,0,7.41,7.46,7.22,7.43
002166,莱茵生物,0.0,-100.0,-8.7,0.0,0,0,0.0,0.0,0.0,8.7
002167,东方锆业,11.99,2.2165387894288133,0.2599999999999998,225947079.89,19087229,0,11.74,12.01,11.58,11.73
002168,*ST惠程,3.49,-0.8522727272727216,-0.029999999999999805,23682019.54,6851919,0,3.54,3.54,3.4,3.52
002169,智光电气,8.68,1.9976498237367795,0.16999999999999993,242913244.87,28544961,0,8.5,8.71,8.35,8.51
002170,芭田股份,11.68,2.1872265966754156,0.25,249341118.52,21537623,0,11.44,11.71,11.44,11.43
002171,楚江新材,11.97,1.4406779661016942,0.16999999999999993,863503378.93,73605604,0,11.72,12.02,11.45,11.8
002172,澳洋健康,3.96,1.7994858611825153,0.06999999999999984,121460665.6,30750910,0,3.89,4.06,3.88,3.89
002173,创新医疗,20.58,4.57317073170731,0.8999999999999986,731330531.74,35576096,0,19.87,21.33,19.73,19.68
002174,游族网络,11.36,0.7092198581560291,0.08000000000000007,243503383.66,21659279,0,11.28,11.4,11.08,11.28
002175,东方智造,0.0,-100.0,-4.3,0.0,0,0,0.0,0.0,0.0,4.3
002176,江特电机,9.43,3.6263736263736273,0.33000000000000007,722805923.82,77592634,0,9.26,9.44,9.16,9.1
002177,御银股份,6.92,-2.25988700564972,-0.16000000000000014,480851567.61,70521570,0,6.83,7.02,6.7,7.08
002178,延华智能,6.29,1.6155088852988633,0.09999999999999964,81490031.48,13033307,0,6.2,6.34,6.15,6.19
002179,中航光电,32.88,-0.030404378230459137,-0.00999999999999801,752138712.97,23058892,0,32.8,33.1,32.26,32.89
002180,纳思达,19.12,1.9733333333333387,0.370000000000001,452814574.86,23857670,0,18.69,19.23,18.64,18.75
002181,粤传媒,8.29,0.8515815085157968,0.06999999999999851,188141579.93,22942839,0,8.16,8.31,8.1,8.22
002182,宝武镁业,13.61,1.4914243102162512,0.1999999999999993,165727265.41,12261781,0,13.4,13.68,13.33,13.41
002183,怡亚通,4.56,0.8849557522123902,0.040000000000000036,122167663.08,27017537,0,4.51,4.57,4.47,4.52
002184,海得控制,12.56,0.8025682182985525,0.09999999999999964,95831344.18,7736389,0,12.45,12.57,12.2,12.46
002185,华天科技,10.73,1.8026565464895759,0.19000000000000128,437425763.34,41175863,0,10.53,10.77,10.47,10.54
002186,全聚德,12.21,4.716981132075477,0.5500000000000007,227177697.05,18949301,0,11.88,12.21,11.65,11.66
002187,广百股份,7.96,-3.6319612590799006,-0.2999999999999998,1251771910.59,152015343,0,8.18,8.84,7.9,8.26
002188,中天服务,6.17,9.982174688057032,0.5599999999999996,126243677.88,21259664,0,5.63,6.17,5.54,5.61
002189,中光学,22.36,1.1307100859339665,0.25,62161048.84,2812744,0,21.95,22.4,21.85,22.11
002190,成飞集成,35.82,1.9931662870159534,0.7000000000000028,380529528.35,10543967,0,36.0,36.9,35.43,35.12
002191,劲嘉股份,4.09,0.9876543209876552,0.040000000000000036,47485313.36,11688868,0,4.06,4.12,4.01,4.05
002192,融捷股份,50.8,6.521283287901027,3.1099999999999994,1353161446.27,27079963,0,49.15,51.2,47.84,47.69
002193,如意集团,5.34,0.3759398496240521,0.019999999999999574,43678762.0,8261000,0,5.37,5.39,5.18,5.32
002194,武汉凡谷,12.21,0.16406890894176662,0.02000000000000135,215472363.04,17872002,0,12.2,12.41,11.85,12.19
002195,岩山科技,6.65,1.9938650306748587,0.13000000000000078,794780985.24,120742231,0,6.52,6.7,6.48,6.52
002196,方正电机,11.92,1.0169491525423662,0.11999999999999922,377151252.0,31985420,0,11.7,12.01,11.6,11.8
002197,ST证通,9.8,4.255319148936174,0.40000000000000036,176398449.48,18571572,0,9.2,9.87,9.02,9.4
002198,嘉应制药,7.4,9.955423476968795,0.6699999999999999,185877000.18,26138391,0,6.74,7.4,6.65,6.73
002199,*ST东晶,8.01,1.2642225031605516,0.09999999999999964,24775621.0,3136700,0,7.91,8.08,7.71,7.91
002200,*ST交投,7.53,0.8032128514056291,0.0600000000000005,20206180.5,2709850,0,7.34,7.59,7.31,7.47
002201,九鼎新材,8.35,1.5815085158150728,0.129999999999999,179834939.17,21833060,0,8.16,8.36,8.12,8.22
002202,金风科技,16.52,0.7931665649786394,0.129999999999999,1801866298.2,110185719,0,16.31,16.58,16.12,16.39
002203,海亮股份,11.56,2.75555555555556,0.3100000000000005,139191229.85,12200010,0,11.25,11.6,11.17,11.25
002204,大连重工,7.13,0.2812939521800221,0.019999999999999574,299943898.07,42422100,0,7.1,7.21,6.98,7.11
002205,国统股份,13.27,0.6065200909780143,0.08000000000000007,47265352.0,3594900,0,13.17,13.33,12.97,13.19
002206,海利得,5.6,0.5385996409335612,0.02999999999999936,75399728.91,13594449,0,5.54,5.62,5.5,5.57
002207,准油股份,7.12,0.423131170662909,0.03000000000000025,68955683.0,9769900,0,7.06,7.13,6.95,7.09
002208,合肥城建,10.24,0.986193293885598,0.09999999999999964,418475850.0,41349360,0,10.1,10.29,9.94,10.14
002209,达意隆,15.14,0.664893617021286,0.10000000000000142,62949146.0,4203000,0,15.03,15.22,14.8,15.04
002210,飞马国际,3.61,-1.902173913043486,-0.07000000000000028,228766651.57,63176203,0,3.65,3.67,3.6,3.68
002211,ST宏达,3.11,0.9740259740259676,0.029999999999999805,18307031.0,5969100,0,3.09,3.13,3.02,3.08
002212,天融信,8.57,0.11682242990653956,0.009999999999999787,204033383.94,24033937,0,8.59,8.63,8.38,8.56
002213,大为股份,25.21,3.150572831423893,0.7699999999999996,442593864.0,17863300,0,24.8,25.25,24.25,24.44
002214,*ST大立,17.15,-0.4065040650406521,-0.07000000000000028,54035727.96,3163499,0,17.14,17.32,16.96,17.22
002215,诺普信,10.59,0.9532888465204923,0.09999999999999964,141617475.8,13589140,0,10.47,10.73,10.22,10.49
002216,三全食品,11.37,0.4416961130741955,0.049999999999998934,80717652.3,7107820,0,11.31,11.48,11.17,11.32
002217,合力泰,3.11,0.647249190938512,0.020000000000000018,569035462.0,184832800,0,3.07,3.11,3.05,3.09
002218,拓日新能,4.21,3.4398034398034314,0.13999999999999968,414557794.0,99583495,0,4.08,4.37,3.99,4.07
002219,新里程,2.2,0.4566210045662206,0.010000000000000231,82217312.29,37380101,0,2.18,2.22,2.18,2.19
002221,东华能源,7.97,-0.7471980074719753,-0.05999999999999961,85759440.91,10799003,0,8.02,8.03,7.87,8.03
002222,福晶科技,62.79,4.19847328244275,2.530000000000001,1469496477.7,23918769,0,60.32,62.95,60.01,60.26
002223,鱼跃医疗,36.68,2.4581005586592255,0.8800000000000026,355920866.89,9751722,0,35.85,36.78,35.78,35.8
002224,三力士,4.33,-0.6880733944954185,-0.03000000000000025,81835385.0,19002400,0,4.36,4.37,4.26,4.36
002225,濮耐股份,5.51,-0.7207207207207215,-0.040000000000000036,134011261.32,24669504,0,5.55,5.56,5.33,5.55
002226,江南化工,5.88,0.34129692832763775,0.019999999999999574,78151473.4,13317220,0,5.87,5.92,5.82,5.86
002227,奥特迅,12.04,-0.41356492969396785,-0.05000000000000071,70891445.96,5982230,0,12.09,12.15,11.68,12.09
002228,合兴包装,3.99,1.785714285714293,0.07000000000000028,241659306.12,60937422,0,3.96,4.1,3.85,3.92
002229,鸿博股份,15.64,1.0989010989010985,0.16999999999999993,352775493.65,22788907,0,15.38,15.69,15.26,15.47
002230,科大讯飞,49.33,1.1897435897435864,0.5799999999999983,1063011608.13,21704079,0,48.74,49.42,48.51,48.75
002231,*ST奥维,1.88,-5.0505050505050555,-0.10000000000000009,561556.0,298700,0,1.88,1.88,1.88,1.98
002232,启明信息,18.91,1.1229946524064216,0.21000000000000085,305647996.43,16230697,0,18.51,19.18,18.4,18.7
002233,塔牌集团,9.46,0.10582010582012237,0.010000000000001563,136745460.54,14456569,0,9.43,9.51,9.37,9.45
002234,民和股份,8.45,-0.11820330969268987,-0.010000000000001563,45293717.8,5372780,0,8.53,8.56,8.35,8.46
002235,安妮股份,10.71,-8.461538461538447,-0.9899999999999984,1622122538.33,147524507,0,11.2,11.54,10.68,11.7
002236,大华股份,18.53,1.9812878370941078,0.35999999999999943,440795113.88,24035525,0,18.13,18.59,18.1,18.17
002237,恒邦股份,12.95,2.696272799365582,0.33999999999999986,348708881.08,27195141,0,12.68,13.0,12.64,12.61
002238,天威视讯,9.23,-0.5387931034482645,-0.049999999999998934,118827643.76,13038473,0,9.23,9.41,8.95,9.28
002239,奥特佳,2.89,0.6968641114982584,0.020000000000000018,144414740.25,50193585,0,2.87,2.9,2.85,2.87
002240,盛新锂能,32.32,10.0068073519401,2.9400000000000013,2421348370.37,76521366,0,30.99,32.32,30.33,29.38
002241,歌尔股份,28.43,0.45936395759716964,0.129999999999999,2354360847.79,83385970,0,28.31,28.63,27.87,28.3
002242,九阳股份,10.6,0.8563273073263546,0.08999999999999986,109274624.84,10367863,0,10.47,10.68,10.34,10.51
002243,力合科创,8.95,0.0,0.0,157408470.51,17763764,0,8.94,8.98,8.74,8.95
002244,滨江集团,10.04,-0.7905138339920956,-0.08000000000000007,249750396.98,24969338,0,10.0,10.11,9.83,10.12
002245,蔚蓝锂芯,15.93,2.906976744186042,0.4499999999999993,394613019.89,25114555,0,15.49,15.93,15.49,15.48
002246,北化股份,16.46,0.0,0.0,313853262.44,19285684,0,16.53,16.66,15.98,16.46
002247,聚力文化,2.74,0.0,0.0,48761881.0,17928900,0,2.74,2.76,2.68,2.74
002248,华东数控,10.87,-2.8596961572832913,-0.3200000000000003,250859348.0,23265000,0,11.19,11.28,10.51,11.19
002249,大洋电机,10.06,1.4112903225806508,0.14000000000000057,573507307.38,57517323,0,9.91,10.1,9.85,9.92
002250,联化科技,12.02,2.910958904109588,0.33999999999999986,383676984.44,32378725,0,11.72,12.05,11.55,11.68
002251,步步高,5.82,5.244122965641954,0.29000000000000004,2908409332.24,497532654,0,5.6,6.08,5.4,5.53
002252,上海莱士,6.36,-0.4694835680751074,-0.02999999999999936,167767096.04,26496018,0,6.35,6.38,6.28,6.39
002253,*ST智胜,9.89,1.8537590113285243,0.17999999999999972,37393261.82,3819701,0,9.66,9.91,9.61,9.71
002254,泰和新材,9.48,-0.5246589716684044,-0.049999999999998934,68841046.64,7295612,0,9.5,9.53,9.35,9.53
002255,海陆重工,12.47,2.213114754098372,0.27000000000000135,1221146055.97,98732937,0,12.12,12.93,12.03,12.2
002256,兆新股份,3.77,0.0,0.0,553059488.61,149293875,0,3.66,3.83,3.6,3.77
002258,利尔化学,12.99,1.484374999999996,0.1899999999999995,102122264.0,7938460,0,12.78,13.03,12.68,12.8
002259,升达林业,3.73,0.0,0.0,36414693.12,9856544,0,3.73,3.76,3.66,3.73
002261,拓维信息,30.03,1.247471341874582,0.370000000000001,945361117.15,31889576,0,29.63,30.15,29.13,29.66
002262,恩华药业,24.89,0.7284500202347216,0.17999999999999972,164090114.35,6597322,0,24.72,25.05,24.62,24.71
002263,大东南,3.24,0.6211180124223608,0.020000000000000018,110430807.0,34395300,0,3.22,3.25,3.17,3.22
002264,新华都,8.68,-3.6625971143174256,-0.33000000000000007,761526904.51,87846701,0,8.79,9.0,8.48,9.01
002265,建设工业,25.61,1.3454689354966358,0.33999999999999986,229364304.37,9015113,0,25.18,25.67,25.14,25.27
002266,浙富控股,4.06,1.4999999999999902,0.05999999999999961,196338723.27,48802549,0,4.0,4.07,3.98,4.0
002267,陕天然气,7.47,0.26845637583892046,0.019999999999999574,46669194.73,6264775,0,7.44,7.51,7.39,7.45
002268,电科网安,18.06,0.556792873051213,0.09999999999999787,281073517.36,15725111,0,18.04,18.19,17.61,17.96
002269,美邦服饰,1.9,-0.5235602094240842,-0.010000000000000009,187883907.9,99587080,0,1.9,1.92,1.86,1.91
002270,华明装备,25.25,0.4375497215592658,0.10999999999999943,210741975.99,8428584,0,24.99,25.45,24.41,25.14
002271,东方雨虹,13.41,1.2839879154078544,0.16999999999999993,476999054.69,35918738,0,13.2,13.48,13.03,13.24
002272,川润股份,14.33,4.066811909949169,0.5600000000000005,455762780.33,32225801,0,13.7,14.51,13.68,13.77
002273,水晶光电,24.37,2.0946795140343526,0.5,511392443.21,21259451,0,23.8,24.44,23.6,23.87
002274,华昌化工,5.59,0.5395683453237455,0.03000000000000025,40585799.05,7320711,0,5.56,5.6,5.48,5.56
002275,桂林三金,14.46,0.6263048016701576,0.09000000000000163,30042577.49,2087167,0,14.39,14.5,14.3,14.37
002276,万马股份,15.8,-0.441083805923116,-0.06999999999999851,545865576.32,34921877,0,15.8,15.93,15.36,15.87
002277,友阿股份,7.29,2.531645569620249,0.17999999999999972,499503153.41,69413222,0,7.0,7.42,6.92,7.11
002278,神开股份,11.25,-2.7657735522904088,-0.3200000000000003,366355929.56,32722102,0,11.39,11.43,11.02,11.57
002279,久其软件,7.63,0.7926023778071282,0.05999999999999961,337753344.22,44772436,0,7.59,7.68,7.4,7.57
002281,光迅科技,68.59,10.00801924619086,6.240000000000002,3273237223.84,49529538,0,62.92,68.59,62.35,62.35
002282,博深股份,7.13,-0.4189944134078247,-0.03000000000000025,42072809.07,5945837,0,7.13,7.19,7.0,7.16
002283,天润工业,5.95,1.018675721561978,0.0600000000000005,57202955.85,9660635,0,5.89,5.97,5.86,5.89
002284,亚太股份,12.86,1.419558359621449,0.17999999999999972,240518866.64,18766917,0,12.6,13.03,12.53,12.68
002285,世联行,3.34,-1.1834319526627228,-0.040000000000000036,789782377.01,237233699,0,3.28,3.53,3.2,3.38
002286,保龄宝,8.97,0.5605381165919362,0.05000000000000071,72444972.32,8152099,0,8.92,9.0,8.79,8.92
002287,奇正藏药,24.01,0.25052192066806794,0.060000000000002274,35079128.48,1467864,0,24.15,24.15,23.7,23.95
002289,*ST宇顺,25.54,-4.9851190476190474,-1.3399999999999999,11372962.0,445300,0,25.54,25.54,25.54,26.88
002290,禾盛新材,41.66,2.032819005633109,0.8299999999999983,143795216.0,3495300,0,40.77,42.0,40.14,40.83
002291,遥望科技,6.24,1.1345218800648345,0.07000000000000028,208180792.79,33748546,0,6.18,6.24,6.09,6.17
002292,奥飞娱乐,8.93,2.1739130434782554,0.1899999999999995,535480501.28,61394450,0,8.73,8.95,8.46,8.74
002293,罗莱生活,9.68,0.8333333333333341,0.08000000000000007,59347024.72,6148706,0,9.54,9.75,9.5,9.6
002294,信立泰,56.7,0.9076348104645046,0.5100000000000051,230702339.84,4111632,0,56.39,56.9,55.5,56.19
002295,精艺股份,12.84,6.556016597510365,0.7899999999999991,381707860.01,30097023,0,12.23,13.17,12.02,12.05
002296,辉煌科技,10.2,-0.5847953216374318,-0.0600000000000005,76525796.0,7556300,0,10.26,10.28,10.0,10.26
002297,博云新材,9.78,-2.3952095808383254,-0.2400000000000002,386659219.78,39715371,0,10.07,10.15,9.54,10.02
002298,中电鑫龙,10.16,1.397205588822361,0.14000000000000057,355114167.0,35411251,0,10.05,10.19,9.88,10.02
002299,圣农发展,15.88,-0.8739076154806416,-0.1399999999999988,210239048.82,13268599,0,16.1,16.15,15.71,16.02
002300,太阳电缆,11.65,-9.969088098918078,-1.2899999999999991,1997676155.87,169204492,0,12.18,12.49,11.65,12.94
002301,齐心集团,7.36,0.9602194787380012,0.07000000000000028,240227450.63,33298991,0,7.27,7.36,7.07,7.29
002302,西部建设,6.04,0.33222591362127013,0.020000000000000462,48701544.31,8135512,0,6.02,6.06,5.92,6.02
002303,美盈森,3.9,0.2570694087403544,0.009999999999999787,75798545.32,19542114,0,3.91,3.91,3.84,3.89
002304,洋河股份,62.38,0.0,0.0,220622413.86,3539018,0,62.39,62.58,62.0,62.38
002305,*ST南置,2.19,3.3018867924528226,0.06999999999999984,77542457.5,35803550,0,2.11,2.2,2.11,2.12
002306,*ST云网,1.81,1.1173184357541908,0.020000000000000018,25105439.0,14128000,0,1.77,1.83,1.74,1.79
002307,北新路桥,5.36,-0.3717472118959029,-0.019999999999999574,395802511.32,74188380,0,5.42,5.49,5.26,5.38
002309,中利集团,3.27,-4.105571847507335,-0.14000000000000012,354367777.1,108182881,0,3.37,3.41,3.21,3.41
002310,东方园林,2.43,-3.571428571428566,-0.08999999999999986,289925376.78,118688112,0,2.49,2.53,2.41,2.52
002311,海大集团,53.83,0.5604334018307437,0.29999999999999716,222137473.0,4132100,0,53.85,54.05,53.03,53.53
002312,川发龙蟒,10.72,1.6113744075829377,0.16999999999999993,303391806.96,28564549,0,10.56,10.75,10.49,10.55
002313,日海智能,9.85,-0.5050505050505122,-0.05000000000000071,106959195.0,11002300,0,9.79,9.9,9.53,9.9
002314,南山控股,2.86,0.0,0.0,102036900.74,36017016,0,2.85,2.87,2.79,2.86
002315,焦点科技,43.05,3.138476281744119,1.3099999999999952,291243196.91,6889890,0,41.53,43.17,41.06,41.74
002316,亚联发展,4.72,1.5053763440860084,0.0699999999999994,56148673.0,12116500,0,4.64,4.73,4.54,4.65
002317,众生药业,19.76,0.8677896886166498,0.1700000000000017,712181814.67,36262371,0,19.53,19.88,19.44,19.59
002318,久立特材,26.55,2.9868114817688114,0.7699999999999996,389203386.47,14826700,0,25.78,26.67,25.54,25.78
002319,乐通股份,10.31,-2.27488151658768,-0.2400000000000002,116371403.38,11278201,0,10.62,10.62,10.15,10.55
002320,海峡股份,11.39,-7.773279352226714,-0.9599999999999991,868957343.72,76205055,0,12.36,12.36,11.12,12.35
002321,华英农业,2.37,0.42372881355933184,0.010000000000000231,97648827.33,41548541,0,2.36,2.39,2.32,2.36
002322,理工能科,11.65,-0.5123825789923184,-0.0600000000000005,49450103.0,4288700,0,11.64,11.72,11.35,11.71
002323,雅博股份,1.63,0.6172839506172707,0.009999999999999787,86070941.71,53778110,0,1.62,1.64,1.57,1.62
002324,普利特,12.34,2.2369511184755555,0.2699999999999996,125003720.9,10261955,0,12.13,12.39,11.97,12.07
002326,永太科技,23.3,7.970342910101957,1.7200000000000024,1721298992.98,76066514,0,22.0,23.42,21.55,21.58
002327,富安娜,6.66,-0.5970149253731348,-0.040000000000000036,37931836.8,5707630,0,6.69,6.7,6.6,6.7
002328,新朋股份,6.55,1.5503875968992191,0.09999999999999964,90779880.03,14069510,0,6.44,6.56,6.35,6.45
002329,皇氏集团,4.12,-10.043668122270741,-0.45999999999999996,764740814.09,178651367,0,4.4,4.45,4.12,4.58
002330,得利斯,4.86,0.8298755186721999,0.040000000000000036,148264931.0,30501300,0,5.06,5.09,4.78,4.82
002331,皖通科技,8.5,-1.8475750577367223,-0.16000000000000014,116274853.71,13731497,0,8.6,8.71,8.3,8.66
002332,仙琚制药,9.09,0.8879023307436191,0.08000000000000007,82467674.32,9123600,0,9.01,9.14,8.97,9.01
002333,罗普斯金,5.51,0.5474452554744409,0.02999999999999936,74598618.0,13687100,0,5.47,5.55,5.34,5.48
002334,英威腾,8.46,0.8343265792610284,0.07000000000000028,135317924.5,16181735,0,8.39,8.49,8.23,8.39
002335,科华数据,55.8,3.525046382189237,1.8999999999999986,1432118326.03,26089350,0,53.67,55.96,53.52,53.9
002336,人乐退,0.36,0.0,0.0,4577505.0,12554917,0,0.36,0.38,0.35,0.36
002337,赛象科技,5.94,-2.3026315789473633,-0.13999999999999968,138908781.0,23590000,0,6.09,6.09,5.76,6.08
002338,奥普光电,52.0,-0.4212945231711966,-0.21999999999999886,227113921.69,4425899,0,51.92,52.23,50.54,52.22
002339,积成电子,8.8,-1.455767077267626,-0.129999999999999,320725672.27,36626278,0,8.9,9.0,8.63,8.93
002340,格林美,7.4,2.493074792243776,0.1800000000000006,771736932.55,105462771,0,7.25,7.42,7.21,7.22
002342,巨力索具,6.94,-0.9985734664764536,-0.0699999999999994,200943197.68,29308118,0,7.0,7.01,6.75,7.01
002343,慈文传媒,7.17,-0.6925207756232663,-0.04999999999999982,180323915.45,25416100,0,7.15,7.21,7.0,7.22
002344,海宁皮城,4.74,-0.4201680672268818,-0.019999999999999574,169011526.81,35569311,0,4.73,4.85,4.67,4.76
002345,潮宏基,12.68,1.9292604501607735,0.2400000000000002,214005918.75,16844447,0,12.5,12.9,12.38,12.44
002346,柘中股份,17.71,-0.7843137254901992,-0.14000000000000057,105719299.0,6019700,0,17.79,17.85,17.19,17.85
002347,泰尔股份,7.85,-0.2541296060991164,-0.020000000000000462,400488512.97,51130900,0,7.81,8.07,7.69,7.87
002348,高乐股份,6.21,-4.754601226993859,-0.3099999999999996,455821428.73,73206787,0,6.45,6.47,6.0,6.52
002349,精华制药,7.29,-0.1369863013698601,-0.009999999999999787,83660258.0,11525500,0,7.26,7.31,7.2,7.3
002350,北京科锐,8.42,-1.289566236811248,-0.10999999999999943,134520431.0,16112800,0,8.53,8.58,8.18,8.53
002351,漫步者,12.23,1.2417218543046387,0.15000000000000036,98366711.65,8140105,0,12.1,12.28,11.93,12.08
002352,顺丰控股,37.93,0.7972362476747199,0.29999999999999716,1057142884.43,27945640,0,37.51,38.08,37.46,37.63
002353,杰瑞股份,71.8,1.1410057754613359,0.8100000000000023,1722760809.87,24282644,0,71.07,72.18,69.93,70.99
002354,天娱数科,6.15,0.8196721311475527,0.05000000000000071,219915601.05,36138512,0,6.12,6.15,6.01,6.1
002355,兴民智通,5.68,-4.215851602023609,-0.25,207715515.95,36519275,0,5.76,5.92,5.56,5.93
002356,赫美集团,4.05,-2.1739130434782576,-0.08999999999999986,309560729.0,76409000,0,4.11,4.14,3.98,4.14
002357,富临运业,10.18,-2.303262955854129,-0.2400000000000002,97317033.0,9594200,0,10.43,10.48,9.92,10.42
002358,森源电气,5.51,-1.7825311942959097,-0.10000000000000053,205375801.0,37514400,0,5.6,5.65,5.35,5.61
002360,同德化工,4.72,0.6396588486140588,0.02999999999999936,44773110.5,9624280,0,4.7,4.74,4.54,4.69
002361,神剑股份,6.75,-3.295128939828086,-0.23000000000000043,405470691.99,59801802,0,6.92,7.06,6.64,6.98
002362,汉王科技,20.61,-0.6268081002892913,-0.129999999999999,116966964.98,5725846,0,20.96,20.96,20.15,20.74
002363,隆基机械,8.04,-0.4950495049505065,-0.040000000000000924,98825495.4,12370930,0,8.1,8.17,7.86,8.08
002364,中恒电气,24.4,3.040540540540536,0.7199999999999989,545654253.93,22658551,0,23.65,24.68,23.41,23.68
002365,永安药业,14.95,0.1339584728734064,0.019999999999999574,94361420.5,6369750,0,14.86,14.97,14.61,14.93
002366,融发核电,7.25,0.8344923504867816,0.05999999999999961,410596047.76,57146323,0,7.13,7.3,7.1,7.19
002367,康力电梯,7.2,0.8403361344537886,0.0600000000000005,50260193.67,7033063,0,7.15,7.26,7.07,7.14
002368,太极股份,23.23,1.000000000000002,0.23000000000000043,131421201.71,5720564,0,23.01,23.3,22.68,23.0
002369,卓翼科技,8.62,-1.4857142857142946,-0.13000000000000078,274147044.28,32082369,0,8.7,8.74,8.42,8.75
002370,亚太药业,7.04,0.8595988538681891,0.05999999999999961,199484395.42,28613943,0,6.99,7.08,6.89,6.98
002371,北方华创,444.74,0.419978323699425,1.8600000000000136,2698003801.34,6097013,0,441.71,448.63,436.88,442.88
002372,伟星新材,10.73,0.37418147801684687,0.040000000000000924,174273417.3,16318918,0,10.66,10.76,10.59,10.69
002373,千方科技,10.75,0.7497656982193072,0.08000000000000007,390448500.15,36761965,0,10.53,10.83,10.44,10.67
002374,中锐股份,3.68,-4.415584415584414,-0.16999999999999993,595262276.29,161366492,0,3.84,3.91,3.51,3.85
002375,亚厦股份,3.7,0.2710027100271065,0.010000000000000231,46136668.0,12534100,0,3.68,3.72,3.65,3.69
002376,新北洋,7.3,0.9681881051175573,0.0699999999999994,90475830.84,12520644,0,7.25,7.36,7.12,7.23
002377,国创高新,2.83,0.35460992907802236,0.010000000000000231,36475838.0,12990500,0,2.82,2.85,2.77,2.82
002378,章源钨业,14.27,4.084609773887664,0.5599999999999987,1528765117.26,108434587,0,13.74,14.64,13.52,13.71
002379,宏创控股,22.49,0.8520179372197206,0.18999999999999773,345492249.61,15375470,0,22.49,22.97,22.0,22.3
002380,科远智慧,26.44,1.4971209213051844,0.39000000000000057,88848767.0,3409500,0,26.1,26.48,25.7,26.05
002381,双箭股份,6.39,-0.15625000000001055,-0.010000000000000675,35787280.0,5624775,0,6.4,6.42,6.3,6.4
002382,蓝帆医疗,5.55,-0.35906642728905674,-0.020000000000000462,75896732.56,13747201,0,5.5,5.58,5.46,5.57
002383,合众思壮,10.5,-1.1299435028248515,-0.11999999999999922,947933342.7,90866484,0,10.32,10.82,10.2,10.62
002384,东山精密,81.41,4.131491430033243,3.2299999999999898,3723356955.07,46552502,0,77.56,82.2,77.43,78.18
002385,大北农,3.99,0.5037783375314866,0.020000000000000018,242312027.05,60711054,0,4.02,4.03,3.97,3.97
002386,天原股份,5.3,2.11946050096338,0.10999999999999943,100832643.76,19241867,0,5.21,5.31,5.17,5.19
002387,维信诺,8.51,0.8293838862559275,0.07000000000000028,119969627.0,14277389,0,8.48,8.52,8.31,8.44
002388,ST新亚,5.59,2.9465930018416233,0.16000000000000014,94257741.0,17107850,0,5.42,5.62,5.36,5.43
002389,航天彩虹,23.54,-4.42549736094194,-1.0899999999999999,1352654600.62,57411528,0,24.15,24.16,23.11,24.63
002390,信邦制药,3.26,1.8749999999999878,0.05999999999999961,147971817.51,45764356,0,3.2,3.27,3.18,3.2
002391,长青股份,5.72,1.060070671378085,0.05999999999999961,43477511.0,7713300,0,5.65,5.72,5.57,5.66
002392,北京利尔,7.38,0.6821282401091381,0.04999999999999982,89180826.76,12258830,0,7.3,7.41,7.18,7.33
002393,力生制药,19.96,0.20080321285140132,0.03999999999999915,37743342.0,1902140,0,19.92,19.98,19.68,19.92
002394,联发股份,13.39,1.670463173880035,0.22000000000000064,147274516.0,11143600,0,13.19,13.45,12.83,13.17
002395,双象股份,16.13,1.1285266457680232,0.17999999999999972,35502001.01,2225880,0,15.97,16.17,15.76,15.95
002396,星网锐捷,29.03,2.47087892693259,0.7000000000000028,560039437.85,19565957,0,28.28,29.2,27.96,28.33
002397,梦洁股份,4.22,2.926829268292686,0.1200000000000001,130098233.88,30977608,0,4.09,4.3,4.07,4.1
002398,垒知集团,5.45,-3.0249110320284682,-0.16999999999999993,216684758.0,39716000,0,5.59,5.63,5.36,5.62
002399,海普瑞,11.64,-0.2570694087403544,-0.02999999999999936,31262070.21,2690059,0,11.7,11.71,11.53,11.67
002400,省广集团,8.25,2.867830423940155,0.23000000000000043,884030318.6,108904446,0,7.98,8.25,7.97,8.02
002401,中远海科,15.29,-0.3908794788273648,-0.0600000000000005,72009586.68,4735646,0,15.4,15.4,15.04,15.35
002402,和而泰,38.67,1.496062992125985,0.5700000000000003,1912936142.6,49883730,0,38.02,38.84,37.81,38.1
002403,爱仕达,12.19,0.3292181069958777,0.03999999999999915,43724478.88,3618592,0,12.12,12.26,11.91,12.15
002404,嘉欣丝绸,6.98,1.1594202898550736,0.08000000000000007,127259881.0,18325500,0,6.88,7.14,6.78,6.9
002405,四维图新,8.64,0.5820721769499501,0.05000000000000071,734477182.05,85466082,0,8.49,8.77,8.42,8.59
002406,远东传动,7.26,0.5540166204986154,0.040000000000000036,89638206.48,12484898,0,7.25,7.29,7.09,7.22
002407,多氟多,30.01,6.607460035523989,1.860000000000003,4503241654.48,152294683,0,28.71,30.37,28.45,28.15
002408,齐翔腾达,4.67,0.6465517241379364,0.03000000000000025,53433075.64,11500545,0,4.63,4.7,4.6,4.64
002409,雅克科技,72.21,1.5611814345991555,1.1099999999999994,702409796.52,9851596,0,71.0,72.68,69.85,71.1
002410,广联达,12.32,0.5714285714285737,0.07000000000000028,300885161.91,24683437,0,12.2,12.35,11.99,12.25
002412,汉森制药,6.46,-0.15455950540957938,-0.009999999999999787,37184891.54,5774757,0,6.47,6.5,6.38,6.47
002413,雷科防务,9.15,-5.475206611570242,-0.5299999999999994,3198535809.53,351998561,0,9.26,9.59,8.8,9.68
002414,高德红外,12.86,-0.7716049382716158,-0.10000000000000142,709189066.5,55593634,0,12.85,12.99,12.52,12.96
002415,海康威视,29.07,1.3245033112582747,0.379999999999999,779553415.09,26961175,0,28.69,29.19,28.65,28.69
002416,爱施德,11.89,1.1914893617021325,0.14000000000000057,209173094.34,17594228,0,11.79,12.03,11.73,11.75
002418,康盛股份,4.65,5.681818181818182,0.25,537193061.0,118072500,0,4.42,4.74,4.38,4.4
002419,天虹股份,5.71,0.5281690140845114,0.03000000000000025,343735044.33,60121987,0,5.74,5.85,5.56,5.68
002420,毅昌科技,7.26,-0.8196721311475478,-0.0600000000000005,103045369.0,14326200,0,7.32,7.38,7.05,7.32
002421,达实智能,2.74,0.36630036630037477,0.010000000000000231,89175664.36,32821139,0,2.73,2.75,2.68,2.73
002422,科伦药业,31.15,1.8639633747547426,0.5700000000000003,274886392.71,8868674,0,30.76,31.28,30.52,30.58
002423,中粮资本,11.57,0.43402777777778395,0.05000000000000071,221590221.55,19422719,0,11.5,11.63,11.2,11.52
002424,贵州百灵,5.46,4.798464491362764,0.25,128755928.0,24112300,0,5.21,5.48,5.17,5.21
002425,凯撒文化,3.74,3.8888888888888924,0.14000000000000012,124916866.23,34019701,0,3.66,3.76,3.59,3.6
002426,胜利精密,3.28,0.9230769230769171,0.029999999999999805,367871209.45,113052535,0,3.26,3.31,3.2,3.25
002427,尤夫股份,6.13,0.4918032786885287,0.03000000000000025,64973676.07,10697362,0,6.06,6.14,6.0,6.1
002428,云南锗业,27.42,3.354692800603093,0.8900000000000006,979491778.41,36199248,0,26.76,27.56,26.58,26.53
002429,兆驰股份,6.86,2.694610778443123,0.1800000000000006,465896411.68,68861390,0,6.68,6.89,6.64,6.68
002430,杭氧股份,28.97,-0.37826685006877386,-0.10999999999999943,460200192.44,15925553,0,29.03,29.3,28.46,29.08
002431,棕榈股份,2.35,-0.423728813559313,-0.009999999999999787,70817650.81,30341243,0,2.36,2.37,2.31,2.36
002432,九安医疗,41.18,-1.2470023980815421,-0.5200000000000031,424396629.26,10341810,0,41.4,41.58,40.65,41.7
002434,万里扬,8.92,1.0192525481313688,0.08999999999999986,125160353.73,14265831,0,8.82,8.92,8.65,8.83
002436,兴森科技,19.62,2.400835073068898,0.46000000000000085,1251776692.8,64975962,0,19.16,19.64,18.97,19.16
002437,誉衡药业,3.08,0.9836065573770574,0.03000000000000025,72451005.0,23742700,0,3.04,3.08,3.02,3.05
002438,江苏神通,15.26,0.3287310979618602,0.049999999999998934,325639086.41,21400995,0,15.28,15.48,14.99,15.21
002439,启明星辰,13.77,1.1756061719324038,0.16000000000000014,190127736.84,13989768,0,13.61,13.77,13.44,13.61
002440,闰土股份,7.58,-1.5584415584415598,-0.1200000000000001,125481354.27,16604269,0,7.68,7.69,7.46,7.7
002441,众业达,8.82,-0.2262443438913979,-0.019999999999999574,71203456.08,8121194,0,8.86,8.9,8.65,8.84
002442,龙星科技,6.07,-0.8169934640522847,-0.04999999999999982,53369151.0,8847200,0,6.12,6.15,5.94,6.12
002443,金洲管道,8.13,0.8684863523573236,0.07000000000000028,105779762.8,12976818,0,8.04,8.25,8.04,8.06
002444,巨星科技,36.53,2.3822869955156993,0.8500000000000014,347197973.66,9572558,0,35.7,36.56,35.68,35.68
002445,中南文化,2.54,-2.3076923076923097,-0.06000000000000005,322928892.29,128325821,0,2.59,2.6,2.47,2.6
002446,盛路通信,9.2,-0.8620689655172422,-0.08000000000000007,842567907.37,91012466,0,9.14,9.6,9.05,9.28
002448,中原内配,12.15,0.5794701986754991,0.07000000000000028,304001998.0,25104380,0,11.91,12.43,11.91,12.08
002449,国星光电,8.28,0.4854368932038731,0.03999999999999915,77779000.8,9483410,0,8.24,8.3,8.12,8.24
002451,摩恩电气,10.07,-2.516940948693125,-0.2599999999999998,636592745.74,62919033,0,10.35,10.65,9.8,10.33
002452,长高电新,7.98,0.0,0.0,152027221.49,19288770,0,7.98,8.0,7.79,7.98
002453,华软科技,6.23,-0.9538950715421243,-0.05999999999999961,155062895.65,25212948,0,6.29,6.31,6.05,6.29
002454,松芝股份,8.41,0.4778972520908116,0.040000000000000924,43765509.0,5240900,0,8.38,8.49,8.24,8.37
002455,百川股份,6.67,1.060606060606065,0.07000000000000028,88266656.96,13400614,0,6.6,6.67,6.51,6.6
002456,欧菲光,10.47,-0.7582938388625599,-0.08000000000000007,743266586.96,71534592,0,10.45,10.55,10.27,10.55
002457,青龙管业,10.56,1.0526315789473801,0.11000000000000121,40803997.0,3880300,0,10.45,10.56,10.44,10.45
002458,益生股份,8.38,0.9638554216867478,0.08000000000000007,66612456.48,8019489,0,8.39,8.42,8.2,8.3
002459,晶澳科技,11.16,2.5735294117647,0.27999999999999936,395501949.16,35856110,0,10.9,11.17,10.9,10.88
002460,赣锋锂业,62.99,4.983333333333337,2.990000000000002,4713645717.92,75524216,0,61.5,63.15,60.91,60.0
002461,珠江啤酒,9.57,0.5252100840336209,0.05000000000000071,64392269.44,6752124,0,9.5,9.6,9.42,9.52
002462,嘉事堂,15.78,2.2020725388601026,0.33999999999999986,239064967.0,15110500,0,15.44,16.08,15.4,15.44
002463,沪电股份,72.0,5.2785494955402825,3.6099999999999994,4873938025.78,69237632,0,68.45,72.0,68.22,68.39
002465,海格通信,12.82,-1.9877675840978575,-0.2599999999999998,1188221231.57,92878453,0,13.0,13.16,12.58,13.08
002466,天齐锂业,53.14,6.004388589666862,3.009999999999998,4354183400.83,82846098,0,51.99,53.36,51.23,50.13
002467,二六三,5.86,0.34246575342466545,0.020000000000000462,176701177.24,30516752,0,5.84,5.86,5.71,5.84
002468,申通快递,14.37,2.204836415362722,0.3099999999999987,164857044.98,11549356,0,14.07,14.45,13.97,14.06
002469,三维化学,8.18,-0.24390243902438508,-0.019999999999999574,63943333.5,7859950,0,8.16,8.22,8.08,8.2
002470,金正大,1.75,1.1560693641618507,0.020000000000000018,101931492.44,58770306,0,1.73,1.76,1.71,1.73
002471,中超控股,5.55,-10.048622366288495,-0.6200000000000001,2100161815.76,374154891,0,5.86,5.9,5.55,6.17
002472,双环传动,40.41,0.8485150985774802,0.3399999999999963,532560036.63,13270364,0,39.96,40.66,39.43,40.07
002474,榕基软件,9.53,-0.4179728317659449,-0.040000000000000924,793322116.33,84359865,0,9.51,9.66,9.21,9.57
002475,立讯精密,58.66,2.319902319902317,1.3299999999999983,4427953756.65,76178566,0,57.15,58.79,57.08,57.33
002476,宝莫股份,5.82,1.7482517482517577,0.10000000000000053,81474444.16,14129799,0,5.75,5.85,5.68,5.72
002478,常宝股份,8.21,-1.7942583732057247,-0.14999999999999858,378577153.96,46539207,0,8.31,8.35,8.0,8.36
002479,富春环保,4.76,0.0,0.0,31811188.0,6717000,0,4.76,4.78,4.7,4.76
002480,新筑股份,5.81,-0.5136986301369906,-0.03000000000000025,49835875.6,8633240,0,5.85,5.88,5.72,5.84
002481,双塔食品,5.3,0.3787878787878707,0.019999999999999574,93195593.16,17741404,0,5.28,5.31,5.18,5.28
002482,广田集团,1.71,0.5882352941176475,0.010000000000000009,112505996.99,66643143,0,1.69,1.71,1.67,1.7
002483,润邦股份,6.98,-0.5698005698005577,-0.03999999999999915,89739293.52,12953697,0,7.0,7.02,6.84,7.02
002484,江海股份,27.82,5.6589441701481284,1.490000000000002,681515872.22,25049751,0,26.28,28.1,26.16,26.33
002485,ST雪发,3.78,-1.3054830287206336,-0.050000000000000266,25542485.0,6833700,0,3.83,3.83,3.67,3.83
002486,嘉麟杰,2.92,-0.680272108843538,-0.020000000000000018,70513441.0,24275000,0,2.92,2.95,2.86,2.94
002487,大金重工,55.6,2.8867505551443418,1.5600000000000023,688908316.06,12531132,0,54.01,55.72,54.01,54.04
002488,金固股份,7.85,-2.7261462205700204,-0.22000000000000064,512159479.03,65292064,0,8.01,8.11,7.69,8.07
002489,浙江永强,3.74,0.8086253369272304,0.03000000000000025,94014446.0,25362000,0,3.7,3.75,3.66,3.71
002490,山东墨龙,6.27,1.1290322580645062,0.0699999999999994,141735565.89,22836329,0,6.21,6.31,6.12,6.2
002491,通鼎互联,6.22,10.088495575221227,0.5699999999999994,557257300.47,90772440,0,5.64,6.22,5.61,5.65
002492,恒基达鑫,7.86,-1.0075566750629732,-0.08000000000000007,66478811.0,8479700,0,7.93,8.02,7.65,7.94
002493,荣盛石化,9.46,2.3809523809523876,0.22000000000000064,254218648.13,27146230,0,9.23,9.48,9.21,9.24
002494,华斯股份,5.04,0.5988023952095858,0.03000000000000025,49605596.0,9921200,0,5.01,5.06,4.9,5.01
002495,佳隆股份,2.66,-1.1152416356877253,-0.029999999999999805,102230326.0,38399700,0,2.69,2.73,2.61,2.69
002496,*ST辉丰,1.64,1.2345679012345552,0.019999999999999796,17521505.2,10795960,0,1.62,1.64,1.61,1.62
002497,雅化集团,23.0,5.8444546709618015,1.2699999999999996,1503490795.45,65776747,0,22.61,23.38,21.86,21.73
002498,汉缆股份,3.86,-1.0256410256410264,-0.040000000000000036,211998835.7,55415370,0,3.9,3.91,3.75,3.9
002500,山西证券,6.08,0.6622516556291397,0.040000000000000036,179403362.74,29683877,0,6.02,6.13,5.95,6.04
002501,利源股份,2.15,0.0,0.0,122553044.12,57753224,0,2.15,2.17,2.1,2.15
002506,协鑫集成,2.61,0.7722007722007729,0.020000000000000018,446701753.27,172531913,0,2.59,2.62,2.55,2.59
002507,涪陵榨菜,13.16,0.6116207951070342,0.08000000000000007,200024792.77,15224223,0,13.05,13.21,12.99,13.08
002508,老板电器,19.81,-0.3019627579265338,-0.060000000000002274,107409435.95,5430785,0,19.86,19.95,19.63,19.87
002510,天汽模,6.96,-0.8547008547008492,-0.05999999999999961,314752827.16,44905700,0,7.14,7.15,6.9,7.02
002511,中顺洁柔,8.09,0.7471980074719864,0.0600000000000005,71107223.08,8833112,0,7.98,8.12,7.94,8.03
002512,达华智能,5.8,-7.051282051282056,-0.4400000000000004,1124776185.85,193301618,0,6.1,6.15,5.66,6.24
002513,蓝丰生化,6.68,0.6024096385542175,0.040000000000000036,91469074.0,13840400,0,6.67,6.69,6.51,6.64
002514,宝馨科技,6.11,-10.014727540500733,-0.6799999999999997,418281243.89,66637878,0,6.73,6.8,6.11,6.79
002515,金字火腿,6.26,0.6430868167202578,0.040000000000000036,223512881.72,36011756,0,6.22,6.32,6.13,6.22
002516,旷达科技,6.38,0.1569858712715822,0.009999999999999787,111475119.4,17630124,0,6.35,6.4,6.25,6.37
002517,恺英网络,22.1,3.319308087891542,0.7100000000000009,1082054552.94,49394837,0,21.35,22.27,21.32,21.39
002518,科士达,48.48,8.33519553072625,3.729999999999997,599222345.87,12841079,0,44.86,48.94,44.65,44.75
002519,银河电子,5.99,-9.92481203007519,-0.6600000000000001,1200945576.64,198114217,0,6.44,6.45,5.99,6.65
002520,日发精机,5.89,-1.8333333333333386,-0.11000000000000032,222466669.83,37987164,0,6.01,6.05,5.74,6.0
002521,齐峰新材,8.42,0.11890606420927215,0.009999999999999787,29004524.03,3443622,0,8.39,8.55,8.33,8.41
002522,浙江众成,4.88,1.4553014553014614,0.07000000000000028,83725927.4,17416990,0,4.82,4.9,4.73,4.81
002523,天桥起重,3.81,-0.781249999999995,-0.029999999999999805,148674204.5,39224975,0,3.87,3.89,3.72,3.84
002524,光正眼科,4.07,0.24630541871922848,0.010000000000000675,54124482.98,13386500,0,4.09,4.12,3.99,4.06
002526,山东矿机,3.46,0.8746355685131139,0.029999999999999805,80528012.13,23464324,0,3.43,3.46,3.4,3.43
002527,新时达,14.95,2.1174863387978053,0.3099999999999987,133630758.4,9064670,0,14.6,14.97,14.54,14.64
002528,ST英飞拓,2.83,0.35460992907802236,0.010000000000000231,21654065.4,7738630,0,2.83,2.85,2.74,2.82
002529,*ST海源,6.7,0.6006006006006012,0.040000000000000036,23956939.6,3619801,0,6.57,6.73,6.52,6.66
002530,金财互联,9.8,0.5128205128205201,0.05000000000000071,281961486.58,29316101,0,9.65,9.81,9.42,9.75
002531,天顺风能,6.65,0.7575757575757683,0.05000000000000071,83740227.0,12695800,0,6.58,6.66,6.53,6.6
002532,天山铝业,13.64,3.568716780561888,0.47000000000000064,568574881.58,42049833,0,13.22,13.73,13.22,13.17
002533,金杯电工,12.37,0.8149959250203721,0.09999999999999964,210373685.22,17254955,0,12.34,12.41,11.96,12.27
002534,西子洁能,16.99,4.233128834355814,0.6899999999999977,277740009.59,16631425,0,16.17,17.07,16.01,16.3
002535,林州重机,3.69,-0.2702702702702765,-0.010000000000000231,48753923.36,13344154,0,3.69,3.71,3.6,3.7
002536,飞龙股份,27.59,10.0079744816587,2.5100000000000016,584460147.5,21184850,0,27.58,27.59,27.58,25.08
002537,海联金汇,8.21,-3.638497652582145,-0.3099999999999987,657039410.71,80859162,0,8.3,8.36,7.91,8.52
002538,司尔特,6.49,2.8526148969889165,0.1800000000000006,153636319.09,23733745,0,6.47,6.58,6.36,6.31
002539,云图控股,11.08,2.878365831012075,0.3100000000000005,221364922.58,20136054,0,10.8,11.11,10.8,10.77
002540,亚太科技,6.69,-1.327433628318582,-0.08999999999999986,174729944.0,26376000,0,6.79,6.82,6.5,6.78
002541,鸿路钢构,16.12,-0.3708281829418957,-0.05999999999999872,69021209.95,4286496,0,16.15,16.3,15.88,16.18
002542,中化岩土,3.31,0.0,0.0,83618499.33,25531769,0,3.3,3.32,3.23,3.31
002543,万和电气,9.85,0.10162601626016045,0.009999999999999787,53905929.52,5513048,0,9.84,9.9,9.71,9.84
002544,普天科技,31.21,0.2247912652536939,0.07000000000000028,1594561160.79,52100184,0,31.03,31.83,29.47,31.14
002545,东方铁塔,18.43,10.029850746268655,1.6799999999999997,334258701.13,18693590,0,17.08,18.43,17.04,16.75
002546,新联电子,6.74,0.7473841554559016,0.04999999999999982,184711754.8,27882680,0,6.69,6.76,6.53,6.69
002547,春兴精工,4.5,0.896860986547086,0.040000000000000036,116863073.0,26272600,0,4.45,4.51,4.38,4.46
002548,金新农,5.42,3.041825095057037,0.16000000000000014,194777221.54,36756333,0,5.38,5.43,5.17,5.26
002549,凯美特气,20.21,-1.318359374999998,-0.2699999999999996,804013452.26,40147376,0,20.1,20.38,19.8,20.48
002550,千红制药,7.85,-0.2541296060991164,-0.020000000000000462,91726215.0,11736400,0,7.86,7.89,7.73,7.87
002551,尚荣医疗,3.58,-0.27855153203342026,-0.009999999999999787,34027774.0,9542000,0,3.59,3.61,3.52,3.59
002552,宝鼎科技,16.38,2.503128911138915,0.3999999999999986,113896699.36,7094888,0,16.05,16.49,15.65,15.98
002553,南方精工,25.5,1.1904761904761934,0.3000000000000007,211640783.37,8381087,0,25.17,25.58,24.88,25.2
002554,惠博普,3.0,0.0,0.0,89433052.4,30144692,0,2.99,3.02,2.92,3.0
002555,三七互娱,21.9,5.797101449275359,1.1999999999999993,2235161396.07,103210099,0,20.89,22.14,20.89,20.7
002556,辉隆股份,5.74,0.7017543859649129,0.040000000000000036,72125197.5,12695850,0,5.74,5.76,5.6,5.7
002557,洽洽食品,21.97,1.011494252873558,0.21999999999999886,156632904.9,7099557,0,21.74,22.48,21.59,21.75
002558,巨人网络,42.67,5.671124318969785,2.289999999999999,1601877330.17,38024030,0,40.2,43.13,40.06,40.38
002559,亚威股份,9.66,0.520291363163379,0.05000000000000071,140157383.72,14685098,0,9.61,9.67,9.42,9.61
002560,通达股份,9.26,-1.0683760683760646,-0.09999999999999964,321439741.5,34961275,0,9.35,9.52,9.02,9.36
002561,徐家汇,9.07,1.795735129068464,0.16000000000000014,243882859.53,27066197,0,8.93,9.19,8.77,8.91
002562,兄弟科技,6.27,0.9661835748792208,0.05999999999999961,107447735.0,17327060,0,6.23,6.29,6.13,6.21
002563,森马服饰,5.55,0.0,0.0,178109821.76,32234368,0,5.55,5.59,5.46,5.55
002564,天沃科技,7.33,1.3831258644536604,0.09999999999999964,91056509.75,12490591,0,7.21,7.39,7.17,7.23
002565,顺灏股份,15.17,-9.970326409495557,-1.6800000000000015,4742655678.63,301654198,0,16.08,16.7,15.17,16.85
002566,益盛药业,7.55,0.3989361702127693,0.03000000000000025,63441592.0,8479400,0,7.52,7.56,7.39,7.52
002567,唐人神,4.42,1.8433179723502322,0.08000000000000007,131154331.56,29617211,0,4.48,4.52,4.39,4.34
002568,百润股份,21.53,-1.1932078935291328,-0.259999999999998,162417532.9,7568362,0,21.8,21.83,21.2,21.79
002569,*ST步森,9.93,0.5060728744939162,0.049999999999998934,102022144.0,10655100,0,9.39,10.37,9.39,9.88
002570,贝因美,6.17,-2.2187004754358113,-0.13999999999999968,497735058.56,80541370,0,6.2,6.36,6.07,6.31
002571,德力股份,9.32,2.0810514786418346,0.1899999999999995,93367135.6,10199130,0,9.22,9.38,8.94,9.13
002572,索菲亚,13.93,-0.14336917562723708,-0.019999999999999574,123751863.56,8928260,0,13.98,14.0,13.71,13.95
002573,清新环境,3.73,0.26881720430106953,0.009999999999999787,32129106.69,8656001,0,3.72,3.75,3.68,3.72
002574,明牌珠宝,5.41,0.7448789571694606,0.040000000000000036,66170367.88,12359538,0,5.39,5.43,5.24,5.37
002575,群兴玩具,6.26,-2.0344287949921736,-0.1299999999999999,290637976.45,45290479,0,6.49,6.89,6.15,6.39
002576,通达动力,16.28,-0.12269938650306486,-0.019999999999999574,68587905.0,4264150,0,16.26,16.45,15.86,16.3
002577,雷柏科技,17.73,0.05643340857788692,0.010000000000001563,36736490.85,2097308,0,17.71,17.81,17.31,17.72
002578,闽发铝业,4.27,1.4251781472683993,0.05999999999999961,298628133.0,70913800,0,4.2,4.3,4.1,4.21
002579,中京电子,11.83,0.8525149190110796,0.09999999999999964,383858351.74,33040547,0,11.73,11.9,11.31,11.73
002580,圣阳股份,12.24,0.24570024570024046,0.02999999999999936,99277553.52,8189772,0,12.18,12.28,11.93,12.21
002581,ST未名,7.49,5.049088359046288,0.3600000000000003,43464072.0,5837700,0,7.14,7.49,7.14,7.13
002582,好想你,10.23,0.39254170755643697,0.040000000000000924,354102190.89,34540673,0,10.16,10.55,10.02,10.19
002583,海能达,10.85,0.3700277520813982,0.03999999999999915,234099785.66,21749687,0,10.8,10.88,10.64,10.81
002584,西陇科学,9.48,-1.0438413361169065,-0.09999999999999964,522040033.0,55558300,0,9.48,9.53,9.27,9.58
002585,双星新材,6.4,2.4000000000000057,0.15000000000000036,363930827.64,57870845,0,6.25,6.42,6.14,6.25
002586,*ST围海,4.05,0.0,0.0,18937811.74,4686973,0,4.06,4.06,4.02,4.05
002587,奥拓电子,6.33,-2.012383900928791,-0.1299999999999999,133873816.75,21249863,0,6.48,6.54,6.17,6.46
002588,史丹利,9.6,1.3727560718056915,0.129999999999999,73236365.8,7701600,0,9.45,9.63,9.31,9.47
002589,瑞康医药,3.38,-0.5882352941176475,-0.020000000000000018,450339503.72,132815418,0,3.39,3.47,3.32,3.4
002590,万安科技,13.94,2.8782287822878136,0.3899999999999988,353024604.42,25548331,0,13.6,14.03,13.45,13.55
002591,恒大高新,6.23,-0.9538950715421243,-0.05999999999999961,108846784.6,17654340,0,6.29,6.37,6.05,6.29
002592,ST八菱,6.87,3.463855421686753,0.23000000000000043,25291963.0,3755500,0,6.66,6.87,6.65,6.64
002593,日上集团,5.72,-1.3793103448275874,-0.08000000000000007,184035109.0,32357100,0,5.81,5.86,5.58,5.8
002594,比亚迪,95.21,1.0185676392572878,0.9599999999999937,2584139144.72,27282500,0,94.5,95.7,93.68,94.25
002595,豪迈科技,83.42,0.5423647101361972,0.45000000000000284,422007649.29,5081002,0,82.99,84.29,81.8,82.97
002596,海南瑞泽,5.22,-10.000000000000002,-0.5800000000000001,685739065.9,129383994,0,5.75,5.75,5.22,5.8
002597,金禾实业,20.15,-0.1486620416253773,-0.030000000000001137,73423890.0,3659300,0,20.18,20.23,19.95,20.18
002598,山东章鼓,10.43,-0.7611798287345393,-0.08000000000000007,65728853.75,6360900,0,10.51,10.56,10.16,10.51
002599,盛通股份,7.69,0.3916449086161912,0.03000000000000025,70002004.6,9242170,0,7.65,7.69,7.48,7.66
002600,领益智造,15.72,4.800000000000004,0.7200000000000006,3555454199.51,229329571,0,15.16,15.79,15.12,15.0
002601,龙佰集团,18.01,2.213393870601592,0.39000000000000057,250708946.92,14036932,0,17.66,18.15,17.59,17.62
002602,世纪华通,16.73,2.012195121951231,0.33000000000000185,2205247224.46,133235168,0,16.24,16.88,16.04,16.4
002603,以岭药业,17.42,1.9906323185011912,0.3400000000000034,272652677.54,15767361,0,17.08,17.48,17.06,17.08
002605,姚记科技,22.82,1.062887511071754,0.240000000000002,77116659.0,3404360,0,22.59,22.93,22.4,22.58
002606,大连电瓷,8.69,-1.2500000000000135,-0.11000000000000121,98515598.46,11451683,0,8.8,8.82,8.47,8.8
002607,中公教育,2.75,-0.7220216606498201,-0.020000000000000018,1050423769.06,386581518,0,2.74,2.76,2.67,2.77
002608,江苏国信,7.75,0.5188067444876788,0.040000000000000036,96886763.81,12577472,0,7.68,7.78,7.63,7.71
002609,捷顺科技,8.97,0.0,0.0,65746941.0,7397800,0,8.96,9.01,8.77,8.97
002611,东方精工,17.55,1.8572257690075467,0.3200000000000003,598389272.98,34389511,0,17.25,17.66,17.21,17.23
002612,朗姿股份,19.23,1.3171759747102214,0.25,161371249.03,8433863,0,18.86,19.39,18.68,18.98
002613,北玻股份,3.66,0.27397260273973234,0.010000000000000231,29617037.4,8167270,0,3.65,3.66,3.59,3.65
002614,奥佳华,7.0,-1.2693935119887145,-0.08999999999999986,168679933.0,24254500,0,7.09,7.15,6.85,7.09
002615,哈尔斯,7.62,0.6605019815059421,0.04999999999999982,52041651.36,6906334,0,7.59,7.64,7.45,7.57
002616,长青集团,5.45,-0.5474452554744571,-0.03000000000000025,69048897.63,12783425,0,5.48,5.5,5.32,5.48
002617,露笑科技,7.77,0.6476683937823812,0.04999999999999982,323048000.45,42011640,0,7.72,7.78,7.59,7.72
002620,ST瑞和,5.0,1.4198782961460505,0.07000000000000028,24456392.0,4965200,0,4.95,5.01,4.82,4.93
002622,皓宸医疗,3.05,0.3289473684210456,0.009999999999999787,62804064.0,20772400,0,3.05,3.08,2.98,3.04
002623,亚玛顿,17.83,0.28121484814396597,0.04999999999999716,36158851.61,2056071,0,17.78,17.83,17.28,17.78
002624,完美世界,15.59,4.9831649831649845,0.7400000000000002,979008893.05,63914679,0,14.77,15.62,14.73,14.85
002625,光启技术,52.57,2.117327117327124,1.0900000000000034,1606910871.94,31067222,0,51.58,52.68,50.92,51.48
002626,金达威,18.53,0.9259259259259353,0.1700000000000017,94894168.28,5149624,0,18.32,18.62,18.19,18.36
002627,三峡旅游,7.77,6.877579092159561,0.5,476539877.83,61683648,0,7.19,8.0,7.19,7.27
002628,成都路桥,4.04,0.24813895781637188,0.009999999999999787,49083857.24,12287504,0,4.05,4.06,3.95,4.03
002629,仁智股份,7.22,2.4113475177304955,0.16999999999999993,82635808.0,11712700,0,7.03,7.23,6.82,7.05
002630,ST华西,2.55,1.5936254980079698,0.040000000000000036,46143768.4,18210900,0,2.5,2.56,2.5,2.51
002631,德尔未来,5.09,-2.303262955854129,-0.1200000000000001,111697753.53,21995336,0,5.21,5.22,4.96,5.21
002632,道明光学,12.45,1.632653061224484,0.1999999999999993,497249116.0,40338900,0,12.27,12.53,12.12,12.25
002633,申科股份,16.8,0.9009009009009137,0.15000000000000213,59178186.78,3599130,0,16.63,16.86,16.12,16.65
002634,棒杰股份,5.22,0.5780346820809125,0.02999999999999936,47271104.0,9181200,0,5.19,5.24,5.08,5.19
002635,安洁科技,13.38,0.9811320754717041,0.13000000000000078,76874802.19,5809067,0,13.25,13.4,13.09,13.25
002636,金安国纪,15.94,3.9791258969341126,0.6099999999999994,296606730.46,18962754,0,15.38,16.04,15.2,15.33
002637,赞宇科技,10.27,0.48923679060664316,0.049999999999998934,48251284.08,4768351,0,10.24,10.3,9.98,10.22
002638,勤上股份,3.0,0.3344481605351099,0.009999999999999787,84192310.0,28276500,0,3.0,3.03,2.93,2.99
002639,雪人集团,19.62,2.722513089005233,0.5199999999999996,5938673854.84,303681993,0,19.3,20.37,18.71,19.1
002640,跨境通,4.34,-0.686498855835246,-0.03000000000000025,308991785.0,72001500,0,4.34,4.36,4.21,4.37
002641,公元股份,4.21,1.2019230769230727,0.04999999999999982,60114226.5,14433825,0,4.17,4.22,4.12,4.16
002642,荣联科技,8.02,1.3906447534766047,0.10999999999999943,139622351.0,17674300,0,7.92,8.03,7.77,7.91
002643,万润股份,14.37,0.20920502092049764,0.02999999999999936,294743876.28,20750081,0,14.34,14.41,14.01,14.34
002644,佛慈制药,8.46,0.7142857142857202,0.0600000000000005,25740264.0,3076300,0,8.37,8.47,8.3,8.4
002645,华宏科技,14.39,1.8400566171266792,0.2599999999999998,156162934.8,10983043,0,14.11,14.45,13.96,14.13
002646,天佑德酒,8.88,0.45248868778281587,0.040000000000000924,47643816.81,5386134,0,8.85,8.92,8.76,8.84
002647,*ST仁东,6.99,-2.2377622377622397,-0.16000000000000014,104020202.9,14958762,0,7.08,7.14,6.84,7.15
002648,卫星化学,16.65,2.335586969883215,0.379999999999999,667742015.11,40451920,0,16.27,16.66,16.27,16.27
002649,博彦科技,12.8,0.8668242710795998,0.11000000000000121,109450780.36,8643174,0,12.69,12.83,12.48,12.69
002650,ST加加,7.05,0.7142857142857117,0.04999999999999982,21068174.0,3011900,0,6.97,7.05,6.89,7.0
002651,利君股份,11.21,-4.1060735671514,-0.47999999999999865,386315522.56,34608347,0,11.54,11.76,10.9,11.69
002652,扬子新材,3.45,-0.5763688760806921,-0.020000000000000018,58671271.2,17090180,0,3.47,3.5,3.37,3.47
002653,海思科,52.4,0.44086639831320085,0.22999999999999687,129460535.64,2485606,0,52.61,52.66,51.4,52.17
002654,万润科技,12.95,1.5686274509803866,0.1999999999999993,264011479.12,20591172,0,12.75,13.02,12.62,12.75
002655,共达电声,11.92,-0.5838198498748981,-0.07000000000000028,150104176.4,12705300,0,12.0,12.08,11.64,11.99
002656,*ST摩登,2.64,-2.222222222222224,-0.06000000000000005,47770571.16,18060732,0,2.68,2.71,2.61,2.7
002657,中科金财,26.74,-0.07473841554560211,-0.020000000000003126,592449875.94,22552161,0,26.54,27.05,25.7,26.76
002658,雪迪龙,8.5,-0.3516998827666983,-0.02999999999999936,121870302.4,14460700,0,8.5,8.57,8.3,8.53
002659,凯文教育,5.38,-0.9208103130755032,-0.04999999999999982,101906315.78,19079281,0,5.4,5.45,5.24,5.43
002660,茂硕电源,9.05,-0.6586169045005349,-0.05999999999999872,95736043.0,10669900,0,9.1,9.17,8.81,9.11
002661,克明食品,9.24,0.873362445414848,0.08000000000000007,27114319.0,2943900,0,9.21,9.3,9.13,9.16
002662,峰璟股份,3.77,-0.26455026455025893,-0.009999999999999787,84192216.0,22447200,0,3.77,3.82,3.7,3.78
002663,普邦股份,1.95,0.5154639175257737,0.010000000000000009,59908210.55,30958449,0,1.96,1.96,1.9,1.94
002664,信质集团,21.59,-0.2771362586605022,-0.05999999999999872,198529878.81,9289413,0,21.95,21.98,21.04,21.65
002666,德联集团,4.9,0.20449897750512627,0.010000000000000675,42264989.0,8682000,0,4.89,4.93,4.8,4.89
002667,威领股份,13.86,5.479452054794512,0.7199999999999989,285523924.43,21134267,0,13.37,13.97,13.06,13.14
002668,TCL智家,10.71,0.6578947368421079,0.07000000000000028,86599173.95,8157605,0,10.64,10.73,10.51,10.64
002669,康达新材,13.68,-1.8651362984218063,-0.2599999999999998,178562912.28,13204400,0,13.9,14.02,13.26,13.94
002670,国盛证券,16.68,0.9074410163339297,0.14999999999999858,442731494.42,26711482,0,16.5,16.87,16.35,16.53
002671,龙泉股份,5.0,-0.19960079840318934,-0.009999999999999787,102165768.72,20542628,0,5.04,5.06,4.89,5.01
002672,东江环保,4.76,0.42194092827003316,0.019999999999999574,26263497.0,5571450,0,4.75,4.77,4.65,4.74
002673,西部证券,7.96,0.8871989860583053,0.07000000000000028,297474161.02,37664765,0,7.89,8.02,7.78,7.89
002674,兴业科技,12.92,0.0,0.0,92551405.0,7142100,0,12.81,13.24,12.7,12.92
002675,东诚药业,13.3,0.0,0.0,113384271.16,8564747,0,13.3,13.41,13.05,13.3
002676,顺威股份,8.38,-0.5931198102016481,-0.049999999999998934,179027212.0,21521100,0,8.4,8.46,8.18,8.43
002677,浙江美大,7.3,0.1371742112482824,0.009999999999999787,39863255.12,5502828,0,7.29,7.35,7.16,7.29
002678,珠江钢琴,4.71,0.42643923240937254,0.019999999999999574,35019733.0,7489350,0,4.69,4.73,4.62,4.69
002679,福建金森,11.91,-3.7186742118027416,-0.4599999999999991,151998360.94,12757670,0,12.42,12.42,11.72,12.37
002681,奋达科技,6.57,1.0769230769230813,0.07000000000000028,272227992.01,41971564,0,6.52,6.57,6.38,6.5
002682,龙洲股份,9.67,-9.962756052141529,-1.0700000000000003,119589857.0,12367100,0,9.67,9.67,9.67,10.74
002683,广东宏大,41.04,2.038786673296868,0.8200000000000003,461714181.05,11352614,0,40.13,41.38,39.85,40.22
002685,华东重机,7.94,-0.8739076154806416,-0.0699999999999994,178016974.52,22551666,0,7.98,7.99,7.83,8.01
002686,亿利达,6.35,0.0,0.0,125841822.0,20067600,0,6.33,6.39,6.16,6.35
002687,乔治白,4.64,0.4329004329004236,0.019999999999999574,38095824.58,8248634,0,4.62,4.67,4.56,4.62
002688,金河生物,5.85,0.17123287671232512,0.009999999999999787,49394931.2,8495505,0,5.84,5.86,5.76,5.84
002689,ST远智,3.19,1.269841269841271,0.040000000000000036,72328844.31,22913560,0,3.13,3.19,3.11,3.15
002690,美亚光电,20.34,0.44444444444444375,0.08999999999999986,77990557.08,3864142,0,20.2,20.46,19.91,20.25
002691,冀凯股份,7.79,-0.3836317135549904,-0.03000000000000025,58321373.54,7542164,0,7.88,7.9,7.62,7.82
002692,远程股份,5.07,-3.428571428571423,-0.17999999999999972,100557768.0,19834300,0,5.24,5.24,4.98,5.25
002693,*ST双成,6.6,1.2269938650306762,0.08000000000000007,40627700.0,6281700,0,6.5,6.61,6.36,6.52
002694,顾地科技,3.88,-1.020408163265307,-0.040000000000000036,29724324.8,7670600,0,3.92,3.95,3.81,3.92
002695,煌上煌,11.9,1.276595744680854,0.15000000000000036,59492560.0,5028700,0,11.81,11.95,11.61,11.75
002696,百洋股份,6.69,0.6015037593984968,0.040000000000000036,66716661.0,10046700,0,6.65,6.72,6.55,6.65
002697,红旗连锁,7.03,2.6277372262773815,0.1800000000000006,2891037156.83,402324296,0,7.3,7.54,6.8,6.85
002698,博实股份,16.16,-0.24691358024690832,-0.03999999999999915,136307834.23,8483903,0,16.18,16.25,15.9,16.2
002700,万憬能源,6.63,0.1510574018126856,0.009999999999999787,32282638.0,4921600,0,6.62,6.64,6.48,6.62
002701,奥瑞金,5.99,1.1824324324324371,0.07000000000000028,283150608.16,47010327,0,6.04,6.09,5.94,5.92
002702,海欣食品,8.16,-4.112808460634543,-0.34999999999999964,957852372.17,114977918,0,8.4,8.87,7.77,8.51
002703,浙江世宝,14.47,10.038022813688215,1.3200000000000003,2141665160.08,150420093,0,13.98,14.47,13.6,13.15
002705,新宝股份,14.29,0.7047216349541906,0.09999999999999964,71657104.76,5039217,0,14.21,14.35,14.11,14.19
002706,良信股份,9.61,1.0515247108307006,0.09999999999999964,170465871.47,17972518,0,9.51,9.64,9.34,9.51
002707,众信旅游,6.96,2.0527859237536608,0.13999999999999968,138502240.4,19976840,0,6.84,6.99,6.81,6.82
002708,光洋股份,12.32,0.9009009009008963,0.10999999999999943,96256460.0,7880300,0,12.13,12.34,12.05,12.21
002709,天赐材料,39.98,7.300053676865269,2.719999999999999,4571165000.61,116397071,0,37.77,40.37,37.65,37.26
002712,思美传媒,5.23,-0.5703422053231818,-0.02999999999999936,100853479.0,19468600,0,5.22,5.28,5.09,5.26
002713,*ST东易,9.75,0.8273009307135478,0.08000000000000007,381924393.68,40311952,0,9.51,9.87,9.2,9.67
002714,牧原股份,49.59,1.0803098247044458,0.5300000000000011,1342167426.83,27264277,0,49.75,49.88,48.3,49.06
002715,登云股份,17.33,0.0,0.0,62523066.67,3642571,0,17.35,17.44,16.9,17.33
002716,湖南白银,6.31,4.643449419568812,0.27999999999999936,980139085.92,156861461,0,6.1,6.35,6.1,6.03
002717,ST岭南,1.64,5.128205128205118,0.07999999999999985,69123223.0,42479500,0,1.56,1.64,1.56,1.56
002718,友邦吊顶,29.8,2.0547945205479503,0.6000000000000014,57718547.0,1955950,0,29.16,30.04,28.83,29.2
002719,麦趣尔,8.75,1.7441860465116321,0.15000000000000036,113130642.0,13095200,0,8.6,8.84,8.42,8.6
002721,金一文化,3.0,-1.3157894736842117,-0.040000000000000036,157493271.0,52444700,0,3.03,3.04,2.97,3.04
002722,物产金轮,14.76,1.0266940451745405,0.15000000000000036,35002226.36,2390695,0,14.68,14.78,14.47,14.61
002723,小崧股份,9.61,3.1115879828326087,0.28999999999999915,183616031.0,19325391,0,9.44,9.75,9.31,9.32
002724,海洋王,6.64,-0.8955223880597089,-0.0600000000000005,44011100.0,6688180,0,6.7,6.71,6.5,6.7
002725,跃岭股份,16.82,3.955500618046975,0.6400000000000006,675059967.11,40712122,0,16.38,16.95,16.07,16.18
002726,龙大美食,4.21,0.9592326139088737,0.040000000000000036,114681354.25,27199841,0,4.27,4.31,4.16,4.17
002727,一心堂,12.66,1.361088871096877,0.16999999999999993,91933897.16,7291745,0,12.44,12.7,12.43,12.49
002728,特一药业,11.29,1.4375561545372717,0.15999999999999837,279703861.96,24921440,0,11.12,11.33,11.09,11.13
002729,好利科技,15.59,-0.1281229980781523,-0.019999999999999574,122174554.08,7881226,0,15.68,15.87,15.27,15.61
002730,电光科技,14.7,-0.4739336492891015,-0.07000000000000028,87611009.0,5988220,0,14.83,15.1,14.37,14.77
002731,萃华珠宝,12.79,2.7309236947791153,0.33999999999999986,86826301.4,6894100,0,12.56,12.81,12.39,12.45
002732,燕塘乳业,17.3,0.0,0.0,89358534.0,5189200,0,17.45,17.49,16.95,17.3
002733,雄韬股份,19.85,3.170478170478186,0.610000000000003,164280269.09,8435833,0,19.26,19.88,19.13,19.24
002734,利民股份,15.58,1.1031797534068781,0.16999999999999993,193657857.0,12526171,0,15.42,15.68,15.31,15.41
002735,王子新材,16.64,9.980171844018503,1.5099999999999998,887700150.64,53841651,0,15.05,16.64,15.03,15.13
002736,国信证券,13.0,1.8808777429467103,0.2400000000000002,525308596.56,40737235,0,12.72,13.11,12.63,12.76
002737,葵花药业,15.16,-0.06591957811469866,-0.009999999999999787,46865455.12,3093139,0,15.1,15.26,15.03,15.17
002738,中矿资源,67.44,8.58154886491708,5.329999999999998,2486173833.3,37737073,0,65.0,67.88,63.8,62.11
002739,万达电影,11.31,2.5385312783318326,0.28000000000000114,451776590.62,40503551,0,10.96,11.33,10.95,11.03
002741,光华科技,20.45,3.074596774193546,0.6099999999999994,292004973.7,14528475,0,19.83,20.5,19.69,19.84
002742,*ST三圣,4.61,-0.6465517241379173,-0.02999999999999936,17863607.0,3895200,0,4.65,4.65,4.54,4.64
002743,富煌钢构,5.18,-0.9560229445506827,-0.05000000000000071,41525579.0,8082300,0,5.21,5.22,5.09,5.23
002745,木林森,9.11,-0.10964912280701522,-0.009999999999999787,200020085.0,22078200,0,9.09,9.21,8.93,9.12
002746,仙坛股份,5.98,-0.16694490818029692,-0.009999999999999787,63537500.61,10633567,0,6.0,6.02,5.94,5.99
002747,埃斯顿,21.18,1.291248206599711,0.2699999999999996,213215785.66,10176274,0,20.91,21.23,20.69,20.91
002748,世龙实业,11.6,2.8368794326241162,0.3200000000000003,216526199.0,18806300,0,11.41,11.99,11.13,11.28
002749,国光股份,13.71,1.031687546057484,0.14000000000000057,27709505.98,2029360,0,13.53,13.8,13.48,13.57
002750,龙津退,0.59,3.5087719298245648,0.020000000000000018,11866185.0,19729839,0,0.6,0.63,0.57,0.57
002752,昇兴股份,6.65,-9.646739130434781,-0.71,789922622.45,116263063,0,7.04,7.19,6.62,7.36
002753,永东股份,6.97,-0.14326647564470882,-0.010000000000000675,53705400.1,7733788,0,6.97,7.06,6.86,6.98
002755,奥赛康,16.53,1.4732965009208228,0.240000000000002,84336609.4,5166150,0,16.3,16.53,16.14,16.29
002756,永兴材料,48.17,3.5023635582294856,1.6300000000000026,1211181625.69,25128333,0,47.36,48.99,46.8,46.54
002757,南兴股份,15.72,1.0282776349614406,0.16000000000000014,55414059.0,3558600,0,15.55,15.75,15.38,15.56
002758,浙农股份,9.59,-0.20811654526534418,-0.019999999999999574,80595676.63,8447400,0,9.61,9.7,9.41,9.61
002759,天际股份,34.73,10.00950269242951,3.1599999999999966,2354272319.15,70693504,0,32.37,34.73,31.85,31.57
002760,凤形股份,21.78,1.3494648673801894,0.2900000000000027,65175068.32,3041176,0,21.55,21.95,21.08,21.49
002761,浙江建投,8.41,0.4778972520908116,0.040000000000000924,65554362.41,7863919,0,8.35,8.42,8.26,8.37
002762,*ST金比,6.82,-2.011494252873559,-0.13999999999999968,17881361.0,2620500,0,6.93,7.02,6.7,6.96
002763,汇洁股份,6.94,-0.14388489208632785,-0.009999999999999787,27039178.8,3909680,0,6.93,7.04,6.82,6.95
002765,蓝黛科技,11.48,0.08718395815169823,0.009999999999999787,152528032.48,13432282,0,11.48,11.57,11.17,11.47
002766,索菱股份,5.46,3.4090909090909034,0.17999999999999972,769654595.68,136663050,0,5.5,5.81,5.35,5.28
002767,先锋电子,22.18,4.573314474304568,0.9699999999999989,399348877.96,18317112,0,21.2,22.18,21.03,21.21
002768,国恩股份,53.51,2.529220157118223,1.3200000000000003,76250557.67,1442067,0,52.2,53.59,52.01,52.19
002769,普路通,0.0,-100.0,-12.94,0.0,0,0,0.0,0.0,0.0,12.94
002771,真视通,14.66,0.6868131868131844,0.09999999999999964,71209044.4,4912210,0,14.54,14.68,14.3,14.56
002772,众兴菌业,12.99,7.001647446457987,0.8499999999999996,250534139.1,19701819,0,12.24,13.09,12.11,12.14
002773,康弘药业,30.31,1.4051522248243498,0.41999999999999815,112916014.86,3749978,0,30.0,30.49,29.7,29.89
002774,快意电梯,9.15,2.006688963210699,0.17999999999999972,41630284.0,4586800,0,8.92,9.22,8.83,8.97
002775,文科股份,4.01,-0.7425742574257487,-0.03000000000000025,41771423.52,10461040,0,4.03,4.07,3.95,4.04
002777,久远银海,17.39,1.517805020432,0.26000000000000156,95733933.72,5524074,0,17.11,17.59,17.1,17.13
002778,中晟高科,20.51,1.989060169070125,0.40000000000000213,47883393.8,2366440,0,20.16,20.51,19.93,20.11
002779,中坚科技,117.79,2.0710571923743504,2.3900000000000006,583921098.8,4960700,0,116.8,119.97,115.56,115.4
002780,三夫户外,14.2,0.4953998584571727,0.06999999999999851,105358379.17,7477201,0,14.13,14.25,13.85,14.13
002782,可立克,17.62,1.7908723281340397,0.3100000000000023,151134620.68,8728766,0,17.35,17.65,17.02,17.31
002783,凯龙股份,8.88,0.3389830508474705,0.030000000000001137,75574569.8,8577120,0,8.86,8.94,8.7,8.85
002785,万里石,35.16,0.08539709649870204,0.02999999999999403,144018201.0,4124000,0,35.57,35.6,34.47,35.13
002786,银宝山新,8.48,0.23640661938533772,0.019999999999999574,66493493.0,7947250,0,8.45,8.48,8.25,8.46
002787,华源控股,11.66,0.7778738115816755,0.08999999999999986,111912909.0,9687500,0,11.61,11.76,11.32,11.57
002788,鹭燕医药,12.64,10.008703220191475,1.1500000000000004,862289306.89,70082298,0,11.88,12.64,11.51,11.49
002789,*ST建艺,8.28,-5.045871559633042,-0.4400000000000013,4101084.0,495300,0,8.28,8.28,8.28,8.72
002790,瑞尔特,8.35,-2.110199296600231,-0.17999999999999972,96142464.0,11604551,0,8.53,8.53,8.14,8.53
002791,坚朗五金,21.88,0.27497708524289055,0.05999999999999872,120385362.0,5581600,0,21.8,21.88,21.35,21.82
002792,通宇通讯,31.69,-9.997159897756317,-3.5199999999999996,4879197513.42,147593526,0,35.21,35.6,31.69,35.21
002793,罗欣药业,4.91,0.40899795501023445,0.020000000000000462,54166048.0,11155400,0,4.87,4.93,4.8,4.89
002795,永和智控,6.2,0.16155088852988345,0.009999999999999787,136725352.04,22409076,0,6.18,6.28,5.95,6.19
002796,世嘉科技,22.89,9.995194617972137,2.080000000000002,664591994.5,30075944,0,21.12,22.89,21.12,20.81
002797,第一创业,6.93,1.0204081632652973,0.0699999999999994,359109087.63,52273069,0,6.85,6.96,6.77,6.86
002798,帝欧水华,5.65,0.7130124777183606,0.040000000000000036,35156496.0,6271400,0,5.64,5.69,5.49,5.61
002799,环球印务,8.51,-1.5046296296296386,-0.13000000000000078,84165434.92,9926752,0,8.59,8.61,8.34,8.64
002800,天顺股份,13.47,0.8988764044943895,0.120000000000001,43907087.6,3305120,0,13.43,13.49,13.03,13.35
002801,微光股份,32.3,1.1271133375078144,0.3599999999999959,53050489.7,1661299,0,31.92,32.4,31.48,31.94
002802,洪汇新材,12.03,0.6694560669456073,0.08000000000000007,25825063.81,2162511,0,12.0,12.15,11.76,11.95
002803,吉宏股份,15.67,0.3201024327784937,0.05000000000000071,107140363.67,6896331,0,15.6,15.74,15.35,15.62
002805,丰元股份,16.85,3.756157635467999,0.610000000000003,269871427.2,16273700,0,16.38,16.89,16.21,16.24
002806,华锋股份,11.66,0.0858369098712428,0.009999999999999787,84714679.0,7362200,0,11.6,11.68,11.38,11.65
002807,江阴银行,4.58,-0.21786492374727207,-0.009999999999999787,109258455.85,23881323,0,4.58,4.61,4.54,4.59
002808,*ST恒久,4.55,1.1111111111111072,0.04999999999999982,14724277.2,3300936,0,4.53,4.56,4.37,4.5
002809,红墙股份,10.21,0.09803921568628984,0.010000000000001563,38018770.23,3748802,0,10.2,10.27,10.01,10.2
002810,山东赫达,12.67,1.7670682730923748,0.22000000000000064,42169546.56,3361930,0,12.49,12.73,12.37,12.45
002811,郑中设计,12.79,-1.159196290571873,-0.15000000000000036,90115381.0,7092250,0,12.98,12.98,12.56,12.94
002812,恩捷股份,46.91,1.7570498915401196,0.8099999999999952,1830003358.58,39191569,0,46.63,47.48,45.7,46.1
002813,路畅科技,28.04,-1.4757554462403433,-0.4200000000000017,476416648.42,16622213,0,28.47,30.46,26.83,28.46
002815,崇达技术,13.71,3.160270880361187,0.4200000000000017,350650134.3,26074857,0,13.27,13.76,13.11,13.29
002816,*ST和科,19.79,0.20253164556961592,0.03999999999999915,34182996.0,1754200,0,19.73,19.87,19.02,19.75
002817,黄山胶囊,7.48,0.0,0.0,28302063.0,3813700,0,7.45,7.51,7.32,7.48
002818,富森美,11.16,-1.2389380530973502,-0.14000000000000057,48002079.93,4294421,0,11.25,11.3,11.1,11.3
002819,东方中科,26.7,-0.4102946661693377,-0.10999999999999943,80244339.63,3043135,0,26.8,26.9,25.95,26.81
002820,桂发祥,12.62,3.7828947368420978,0.4599999999999991,406970002.72,31999568,0,12.49,13.36,12.16,12.16
002821,凯莱英,91.79,1.470263099712594,1.3300000000000125,211175710.62,2320263,0,90.45,92.15,90.01,90.46
002822,*ST中装,3.95,-5.048076923076922,-0.20999999999999996,109821261.79,27562764,0,4.09,4.13,3.95,4.16
002823,凯中精密,15.17,0.7304116865869816,0.10999999999999943,95354244.0,6368100,0,15.05,15.18,14.76,15.06
002824,和胜股份,17.6,1.7929438982070693,0.3100000000000023,54634576.56,3153147,0,17.28,17.64,17.06,17.29
002825,纳尔股份,12.46,-0.8750994431185316,-0.10999999999999943,232857269.29,18710268,0,12.51,12.69,12.27,12.57
002826,易明医药,17.7,0.28328611898017403,0.05000000000000071,43494516.0,2468300,0,17.6,17.91,17.42,17.65
002827,高争民爆,36.71,2.7715565509518534,0.990000000000002,269543807.0,7382950,0,35.68,36.88,35.61,35.72
002828,贝肯能源,10.49,0.5752636625119895,0.0600000000000005,113283712.0,10921800,0,10.35,10.55,10.18,10.43
002829,星网宇达,26.34,-1.753077209996266,-0.46999999999999886,241553977.34,9233781,0,26.54,27.13,25.65,26.81
002830,名雕股份,18.69,-0.6379585326953613,-0.11999999999999744,67469706.91,3612000,0,18.81,18.98,18.4,18.81
002831,裕同科技,28.82,-0.3802281368821273,-0.10999999999999943,134001429.77,4646405,0,28.84,29.17,28.56,28.93
002832,比音勒芬,15.08,0.39946737683089545,0.0600000000000005,51898144.72,3455029,0,15.02,15.13,14.9,15.02
002833,弘亚数控,15.57,0.5813953488372083,0.08999999999999986,35812577.08,2317112,0,15.43,15.59,15.31,15.48
002835,同为股份,15.86,-0.12594458438288003,-0.02000000000000135,46748049.0,2982200,0,15.88,15.97,15.41,15.88
002836,新宏泽,16.3,2.002503128911141,0.3200000000000003,283614366.61,17945495,0,15.73,16.41,15.03,15.98
002837,英维克,92.95,10.000000000000004,8.450000000000003,6601309277.42,71676856,0,88.0,92.95,87.96,84.5
002838,道恩股份,24.54,0.0815660685154958,0.019999999999999574,113103409.2,4612017,0,24.4,24.85,24.13,24.52
002839,张家港行,4.57,-0.6521739130434644,-0.02999999999999936,150726088.4,32899480,0,4.61,4.61,4.55,4.6
002840,华统股份,9.72,1.4613778705636802,0.14000000000000057,175327508.37,18006257,0,9.87,9.88,9.64,9.58
002841,视源股份,37.36,-0.6911217437533175,-0.259999999999998,197431987.63,5305173,0,37.6,37.76,36.82,37.62
002842,翔鹭钨业,12.21,1.9198664440734592,0.23000000000000043,536441130.9,44193820,0,12.06,12.46,11.74,11.98
002843,泰嘉股份,17.67,1.6101207590569357,0.28000000000000114,75497832.0,4328000,0,17.31,17.68,17.18,17.39
002845,同兴达,13.72,-0.0728332119446452,-0.009999999999999787,93414042.8,6877700,0,13.8,13.82,13.4,13.73
002846,英联股份,15.59,1.8954248366013016,0.28999999999999915,91492173.0,5940220,0,15.3,15.65,15.21,15.3
002847,盐津铺子,70.7,1.7266187050359754,1.2000000000000028,284121898.61,4038268,0,69.6,71.74,67.77,69.5
002848,*ST高斯,7.48,-0.9271523178807868,-0.0699999999999994,21748920.59,2914897,0,7.6,7.6,7.36,7.55
002849,威星智能,13.17,0.22831050228310015,0.02999999999999936,58391710.0,4485100,0,13.16,13.29,12.85,13.14
002850,科达利,148.43,0.9796584801687174,1.4399999999999977,438373764.56,2976188,0,147.14,148.99,145.8,146.99
002851,麦格米特,82.79,8.22222222222223,6.290000000000006,2219972012.41,27579273,0,76.5,83.66,76.5,76.5
002852,道道全,10.35,-0.48076923076923755,-0.05000000000000071,50493633.7,4904490,0,10.4,10.43,10.19,10.4
002853,皮阿诺,19.65,10.022396416573343,1.7899999999999991,490725448.59,26941461,0,18.11,19.65,16.34,17.86
002855,捷荣技术,16.48,-1.199040767386087,-0.1999999999999993,63776155.94,3888719,0,16.68,16.68,16.24,16.68
002856,美芝股份,11.74,-0.5927180355630844,-0.07000000000000028,80881121.0,6955900,0,11.81,11.9,11.3,11.81
002857,三晖电气,20.68,2.9367844698855143,0.5899999999999999,100721071.0,4860600,0,20.2,21.43,20.17,20.09
002858,力盛体育,14.73,3.659394792399715,0.5199999999999996,128429609.0,8816600,0,14.29,14.85,14.22,14.21
002859,洁美科技,28.75,2.1314387211367727,0.6000000000000014,56912643.0,2007460,0,28.19,28.86,27.84,28.15
002860,星帅尔,13.4,-0.8875739644970357,-0.11999999999999922,179893946.69,13482932,0,13.5,13.64,13.15,13.52
002861,瀛通通讯,18.37,2.055555555555561,0.370000000000001,90865594.6,5052770,0,17.96,18.38,17.68,18.0
002862,实丰文化,20.71,-0.9564801530368211,-0.1999999999999993,181726544.8,8843260,0,20.91,21.23,20.05,20.91
002863,今飞凯达,5.5,-0.5424954792043445,-0.03000000000000025,116809894.1,21478260,0,5.52,5.58,5.35,5.53
002864,盘龙药业,31.55,0.7987220447284344,0.25,96959862.0,3099962,0,31.3,31.61,30.83,31.3
002865,钧达股份,43.31,10.007620015240043,3.940000000000005,1022320099.43,24196641,0,40.35,43.31,40.35,39.37
002866,传艺科技,17.04,1.2477718360071353,0.21000000000000085,142323971.0,8523900,0,16.88,17.06,16.42,16.83
002867,周大生,12.02,0.5857740585774083,0.07000000000000028,91054677.24,7596637,0,11.95,12.08,11.87,11.95
002868,*ST绿康,34.53,2.7372805712585593,0.9200000000000017,53641919.34,1572762,0,33.33,34.63,33.12,33.61
002869,金溢科技,22.87,-1.8033490768570124,-0.41999999999999815,205938701.23,9010231,0,23.1,23.8,22.28,23.29
002870,香山股份,35.26,0.3414911781445573,0.11999999999999744,86364253.4,2480140,0,34.9,35.49,34.28,35.14
002871,伟隆股份,15.74,3.894389438943893,0.5899999999999999,88233703.1,5637630,0,15.3,16.16,15.05,15.15
002872,ST天圣,4.75,0.8492569002123149,0.040000000000000036,11872981.0,2520300,0,4.72,4.76,4.67,4.71
002873,新天药业,9.76,0.30832476875641684,0.02999999999999936,40272233.59,4163818,0,9.74,9.78,9.57,9.73
002875,安奈儿,15.78,2.2020725388601026,0.33999999999999986,47265324.1,3050830,0,15.48,15.88,15.26,15.44
002876,三利谱,22.93,0.7469244288224874,0.16999999999999815,43421296.22,1915046,0,22.9,22.96,22.44,22.76
002877,智能自控,9.34,-1.0593220338983014,-0.09999999999999964,250420626.3,26741313,0,9.37,9.9,9.06,9.44
002878,元隆雅图,17.02,0.8891523414344906,0.14999999999999858,159199168.5,9413865,0,16.88,17.13,16.67,16.87
002879,长缆科技,17.71,-2.9589041095890365,-0.5399999999999991,222587858.0,12610400,0,17.76,18.15,17.32,18.25
002880,卫光生物,25.31,-1.0168165819319575,-0.26000000000000156,17903064.17,708318,0,25.58,25.65,25.03,25.57
002881,美格智能,42.36,1.1461318051575857,0.4799999999999969,195302028.9,4648387,0,41.8,42.59,41.37,41.88
002882,金龙羽,29.97,-0.06668889629876484,-0.019999999999999574,164708530.31,5578530,0,29.99,30.14,29.12,29.99
002883,中设股份,10.66,0.3766478342749617,0.040000000000000924,37523998.32,3555476,0,10.62,10.69,10.35,10.62
002884,凌霄泵业,17.46,0.3448275862069096,0.060000000000002274,36533419.84,2101702,0,17.38,17.49,17.26,17.4
002885,京泉华,26.23,4.046013486711621,1.0199999999999996,712063362.76,27780146,0,25.03,27.03,24.65,25.21
002886,沃特股份,19.23,1.15728563913729,0.21999999999999886,75101992.8,3950670,0,19.0,19.29,18.75,19.01
002887,绿茵生态,8.93,0.563063063063051,0.049999999999998934,19860437.0,2242800,0,8.85,8.97,8.72,8.88
002888,惠威科技,18.19,-0.3833515881708668,-0.07000000000000028,69613491.5,3869662,0,18.21,18.3,17.72,18.26
002889,东方嘉盛,16.39,-0.8469449485783457,-0.14000000000000057,188120810.11,11615295,0,16.5,16.5,15.89,16.53
002890,弘宇股份,14.25,0.9206798866855581,0.13000000000000078,20767786.9,1475765,0,14.26,14.33,13.85,14.12
002891,中宠股份,53.37,0.16891891891891198,0.0899999999999963,193488171.72,3612818,0,53.2,54.6,52.35,53.28
002892,科力尔,12.43,1.2214983713355079,0.15000000000000036,85818883.59,7005757,0,12.35,12.44,12.08,12.28
002893,京能热力,11.48,0.7901668129938529,0.08999999999999986,104377945.21,9207869,0,11.4,11.49,11.2,11.39
002895,川恒股份,35.13,2.8094820017559288,0.9600000000000009,319722392.36,9210108,0,34.0,35.19,33.97,34.17
002896,中大力德,80.11,1.5078560567663428,1.1899999999999977,372388509.54,4686261,0,78.91,80.5,78.26,78.92
002897,意华股份,47.1,4.66666666666667,2.1000000000000014,282043307.24,6109712,0,44.9,47.31,44.7,45.0
002898,*ST赛隆,13.97,1.1585807385952218,0.16000000000000014,15676123.6,1129180,0,13.82,14.15,13.73,13.81
002899,英派斯,24.15,2.5913338997451123,0.6099999999999994,120640321.0,5034300,0,23.55,24.19,23.55,23.54
002900,哈三联,12.88,0.6250000000000006,0.08000000000000007,62807230.0,4931850,0,12.75,12.89,12.52,12.8
002901,大博医疗,48.51,-1.1009174311926588,-0.5399999999999991,130072028.08,2662700,0,48.82,49.56,48.32,49.05
002902,铭普光磁,22.49,4.995331465919685,1.0699999999999967,291755725.14,13391201,0,21.35,22.64,20.95,21.42
002903,宇环数控,20.97,-0.7572172266919079,-0.16000000000000014,99245844.0,4782050,0,21.09,21.19,20.37,21.13
002905,金逸影视,10.02,-0.29850746268657846,-0.030000000000001137,70144449.6,7070160,0,10.0,10.07,9.76,10.05
002906,华阳集团,30.01,1.0437710437710515,0.3100000000000023,268673500.54,8962764,0,29.47,30.38,29.38,29.7
002907,华森制药,14.91,0.539447066756575,0.08000000000000007,31825430.0,2156100,0,14.82,14.94,14.62,14.83
002908,德生科技,9.21,0.10869565217393004,0.010000000000001563,65539472.0,7213000,0,9.16,9.24,8.95,9.2
002909,集泰股份,6.71,3.7094281298299876,0.2400000000000002,100473284.92,15351108,0,6.52,6.74,6.33,6.47
002910,庄园牧场,11.28,10.048780487804871,1.0299999999999994,191410013.5,17402113,0,10.2,11.28,9.95,10.25
002911,佛燃能源,12.08,1.5126050420168042,0.17999999999999972,58625966.35,4906630,0,11.87,12.1,11.78,11.9
002912,中新赛克,28.37,-0.17593244194229665,-0.05000000000000071,127908594.0,4540498,0,28.41,28.79,27.7,28.42
002913,奥士康,43.42,3.3809523809523854,1.4200000000000017,266122880.0,6206700,0,42.3,43.54,41.6,42.0
002915,中欣氟材,22.21,2.021129995406529,0.4400000000000013,177001609.5,8087525,0,21.77,22.3,21.46,21.77
002916,深南电路,222.53,9.999999999999995,20.22999999999999,3662762470.29,17283123,0,203.64,222.53,199.8,202.3
002917,金奥博,12.74,0.3149606299212671,0.040000000000000924,48616197.2,3848090,0,12.66,12.77,12.52,12.7
002918,蒙娜丽莎,13.9,0.7246376811594177,0.09999999999999964,37687197.0,2729700,0,13.72,13.97,13.62,13.8
002919,名臣健康,21.4,0.0,0.0,87354904.14,4082712,0,21.4,22.0,20.89,21.4
002920,德赛西威,119.3,3.928913668438009,4.509999999999991,2195928860.01,18495054,0,114.92,120.71,114.92,114.79
002921,联诚精密,14.08,-0.07097232079488848,-0.009999999999999787,59337824.28,4251891,0,14.09,14.22,13.7,14.09
002922,伊戈尔,31.69,4.038082731451085,1.2300000000000004,885038261.86,28493098,0,30.68,32.27,29.95,30.46
002923,润都股份,12.34,-0.32310177705978127,-0.040000000000000924,45344296.22,3682348,0,12.39,12.47,12.14,12.38
002925,盈趣科技,17.15,0.9417304296645095,0.16000000000000014,262060892.8,15523297,0,16.93,17.18,16.63,16.99
002926,华西证券,9.49,1.1727078891257934,0.10999999999999943,164530250.46,17452421,0,9.37,9.56,9.29,9.38
002927,泰永长征,19.8,3.991596638655471,0.7600000000000016,679777082.54,35033582,0,19.31,20.68,18.42,19.04
002928,华夏航空,11.41,6.0408921933085535,0.6500000000000004,358920089.44,31795854,0,10.87,11.59,10.76,10.76
002929,润建股份,38.74,0.8854166666666756,0.3400000000000034,104779696.33,2726707,0,38.4,38.95,38.01,38.4
002930,宏川智慧,11.7,0.0,0.0,87879299.45,7658982,0,11.59,11.7,11.28,11.7
002931,锋龙股份,19.68,10.005589714924534,1.7899999999999991,233436835.49,12389042,0,18.03,19.68,17.61,17.89
002932,明德生物,17.69,0.5113636363636355,0.08999999999999986,46004160.26,2615325,0,17.59,17.72,17.39,17.6
002933,新兴装备,34.23,-2.0600858369098884,-0.720000000000006,144684257.0,4249900,0,34.65,34.89,33.5,34.95
002935,天奥电子,18.85,-1.6692749087115297,-0.3200000000000003,240837027.95,12837520,0,19.05,19.37,18.47,19.17
002936,郑州银行,1.93,0.5208333333333338,0.010000000000000009,152295854.72,79135756,0,1.92,1.94,1.91,1.92
002937,兴瑞科技,21.36,2.7417027417027433,0.5700000000000003,204631339.08,9793780,0,20.79,21.43,20.28,20.79
002938,鹏鼎控股,51.25,5.3659539473684195,2.6099999999999994,1799534192.7,35976534,0,48.63,51.5,48.22,48.64
002939,长城证券,10.17,0.9930486593843062,0.09999999999999964,342883263.52,33965999,0,10.03,10.27,9.95,10.07
002940,昂利康,32.22,-3.5618078419634775,-1.1899999999999977,354686344.15,11077363,0,32.9,32.9,31.45,33.41
002941,新疆交建,16.07,0.06226650062267474,0.010000000000001563,282756607.61,17721814,0,16.15,16.34,15.75,16.06
002942,新农股份,20.33,2.8325746079919005,0.5599999999999987,95609742.6,4739220,0,19.95,20.99,19.11,19.77
002943,宇晶股份,36.88,3.016759776536328,1.0800000000000054,280697187.42,7614497,0,35.51,37.79,35.51,35.8
002945,华林证券,14.34,0.5610098176718098,0.08000000000000007,132085334.64,9276386,0,14.24,14.48,14.01,14.26
002946,新乳业,18.1,1.6282987085906946,0.2900000000000027,152396677.0,8420900,0,17.77,18.4,17.65,17.81
002947,恒铭达,44.76,3.6591014358499265,1.5799999999999983,222468103.57,5030546,0,43.16,44.86,43.16,43.18
002948,青岛银行,4.55,0.4415011037527499,0.019999999999999574,108241584.99,23893711,0,4.52,4.56,4.5,4.53
002949,华阳国际,12.91,0.310800310800318,0.040000000000000924,36186084.0,2831300,0,12.87,13.0,12.55,12.87
002950,奥美医疗,11.31,1.3440860215053796,0.15000000000000036,51336253.5,4582700,0,11.1,11.32,11.09,11.16
002951,金时科技,13.0,0.0,0.0,35988080.0,2798100,0,12.86,13.09,12.7,13.0
002952,亚世光电,20.21,-0.5902606984751474,-0.11999999999999744,93159387.5,4683700,0,20.3,20.51,19.52,20.33
002953,日丰股份,11.31,0.5333333333333378,0.0600000000000005,62152328.74,5558802,0,11.19,11.32,11.05,11.25
002955,鸿合科技,28.3,-0.3521126760563305,-0.09999999999999787,88620534.0,3163700,0,28.57,28.59,27.5,28.4
002956,西麦食品,24.86,2.0944558521560492,0.509999999999998,88295163.2,3559730,0,24.29,25.3,24.0,24.35
002957,科瑞技术,18.95,0.5305039787798295,0.09999999999999787,114675328.51,6116522,0,18.85,19.01,18.53,18.85
002958,青农商行,3.12,0.6451612903225812,0.020000000000000018,124141666.13,39957263,0,3.11,3.13,3.09,3.1
002959,小熊电器,42.93,0.5857544517338332,0.25,102901468.32,2398019,0,43.06,43.35,42.33,42.68
002960,青鸟消防,10.11,0.2976190476190413,0.02999999999999936,109850612.86,10974545,0,10.05,10.14,9.9,10.08
002961,瑞达期货,29.47,-0.7075471698113236,-0.21000000000000085,884109805.25,30365083,0,29.0,30.18,28.28,29.68
002962,五方光电,14.37,-0.5536332179930801,-0.08000000000000007,61640864.55,4322939,0,14.52,14.53,14.08,14.45
002963,豪尔赛,14.5,2.9098651525904904,0.41000000000000014,49799748.0,3485800,0,14.22,14.56,13.98,14.09
002965,祥鑫科技,36.33,0.6650041562759625,0.23999999999999488,217448238.73,6049318,0,36.09,36.5,35.43,36.09
002966,苏州银行,8.07,-0.37037037037036247,-0.02999999999999936,274692341.82,34105918,0,8.1,8.12,8.0,8.1
002967,广电计量,21.1,-3.6969420356001765,-0.8099999999999987,364044791.2,17250522,0,21.9,22.02,20.68,21.91
002968,新大正,11.17,0.0,0.0,24938060.0,2242330,0,11.17,11.28,10.95,11.17
002969,嘉美包装,5.02,10.087719298245613,0.45999999999999996,24608501.84,4902092,0,5.02,5.02,5.02,4.56
002970,锐明技术,49.13,6.158167675021611,2.8500000000000014,437592585.1,8934130,0,46.29,50.08,46.2,46.28
002971,和远气体,30.1,-1.9543973941368011,-0.5999999999999979,247339277.6,8303790,0,30.5,30.7,28.86,30.7
002972,科安达,11.75,3.61552028218695,0.41000000000000014,93182417.63,7988069,0,11.34,12.1,11.09,11.34
002973,侨银股份,13.14,0.1524390243902542,0.02000000000000135,25657495.0,1966700,0,13.32,13.32,12.9,13.12
002975,博杰股份,74.75,8.176555716353121,5.650000000000006,556255132.44,7709664,0,69.78,74.75,69.25,69.1
002976,瑞玛精密,26.56,-2.532110091743124,-0.6900000000000013,201783081.11,7594309,0,26.9,27.41,26.0,27.25
002977,天箭科技,40.06,-6.55470025658968,-2.809999999999995,383146497.38,9515288,0,42.5,42.5,39.65,42.87
002978,安宁股份,30.94,1.4758937356510424,0.45000000000000284,114686623.57,3745999,0,30.62,30.94,30.27,30.49
002979,雷赛智能,37.84,1.3661934101259179,0.5100000000000051,152507341.43,4073164,0,37.4,37.93,36.93,37.33
002980,华盛昌,20.54,-0.5808325266214955,-0.120000000000001,46019357.79,2259809,0,20.68,20.75,20.16,20.66
002981,朝阳科技,28.39,0.888415067519545,0.25,90842263.08,3241303,0,28.17,28.4,27.67,28.14
002982,湘佳股份,13.62,0.7396449704141985,0.09999999999999964,36613612.6,2692348,0,13.77,13.85,13.46,13.52
002983,芯瑞达,22.41,1.3110307414104845,0.28999999999999915,143449774.23,6520944,0,21.99,22.41,21.66,22.12
002984,森麒麟,22.39,0.9467989179440975,0.21000000000000085,238097957.47,10676119,0,22.15,22.5,22.09,22.18
002985,北摩高科,27.86,-4.162366701066395,-1.2100000000000009,323155646.44,11563683,0,28.9,28.9,27.27,29.07
002986,宇新股份,10.32,-1.9011406844106398,-0.1999999999999993,29702282.59,2880669,0,10.52,10.52,10.21,10.52
002987,京北方,19.28,-0.6697578567748532,-0.129999999999999,458287065.43,24168121,0,19.2,19.42,18.59,19.41
002988,豪美新材,36.65,-0.5427408412483116,-0.20000000000000284,96722267.0,2670600,0,36.85,37.2,35.56,36.85
002989,中天精装,26.45,0.9927453226422223,0.259999999999998,99972963.62,3806270,0,26.19,26.61,25.72,26.19
002990,盛视科技,27.17,0.07366482504605204,0.020000000000003126,64795579.0,2402900,0,27.0,27.37,26.58,27.15
002991,甘源食品,57.43,0.20938754144127977,0.11999999999999744,68327625.46,1190536,0,57.39,58.0,56.68,57.31
002992,宝明科技,49.54,1.9341563786008185,0.9399999999999977,65342882.0,1344800,0,48.59,49.75,47.82,48.6
002993,奥海科技,42.76,2.8131762442894797,1.1699999999999946,86191621.5,2049200,0,41.48,42.88,41.32,41.59
002995,天地在线,16.29,0.12292562999385111,0.019999999999999574,80420091.6,5002400,0,16.27,16.34,15.83,16.27
002996,顺博合金,7.1,1.4285714285714235,0.09999999999999964,55596595.38,7945188,0,6.99,7.1,6.91,7.0
002997,瑞鹄模具,35.16,0.056915196357416105,0.01999999999999602,76678920.52,2198225,0,34.98,35.19,34.58,35.14
002998,优彩资源,7.31,-0.5442176870748304,-0.040000000000000036,28908696.42,3971975,0,7.33,7.36,7.16,7.35
002999,天禾股份,6.55,0.0,0.0,49109367.2,7549140,0,6.55,6.61,6.4,6.55
003000,劲仔食品,11.67,0.8643042350907489,0.09999999999999964,67199207.06,5783141,0,11.58,11.72,11.4,11.57
003001,中岩大地,19.89,-0.10045203415368947,-0.019999999999999574,51915454.06,2658891,0,19.82,19.95,19.23,19.91
003002,壶化股份,29.91,1.2868269556383305,0.379999999999999,179765574.0,6068000,0,29.45,30.38,29.1,29.53
003003,天元股份,12.36,-1.9047619047619067,-0.2400000000000002,81186024.0,6602800,0,12.6,12.72,12.07,12.6
003004,*ST声迅,21.66,1.1676786548341895,0.25,9354968.59,435835,0,21.64,21.7,21.18,21.41
003005,竞业达,20.92,9.989484752891704,1.9000000000000021,164693560.2,8150120,0,19.16,20.92,18.73,19.02
003006,百亚股份,21.79,3.0260047281323907,0.6400000000000006,193477035.17,8958735,0,20.99,21.98,20.63,21.15
003007,直真科技,31.68,0.3484320557491271,0.10999999999999943,55034798.0,1754900,0,31.66,31.85,30.88,31.57
003008,开普检测,21.46,0.7511737089201884,0.16000000000000014,27999944.2,1322330,0,21.29,21.49,20.92,21.3
003009,中天火箭,58.13,-5.587136592496342,-3.4399999999999977,515196399.65,8754091,0,60.96,61.49,57.01,61.57
003010,若羽臣,34.31,1.6592592592592659,0.5600000000000023,163628209.04,4787470,0,33.9,34.65,33.5,33.75
003011,海象新材,21.29,0.7572172266919079,0.16000000000000014,46833112.0,2226760,0,21.06,21.37,20.75,21.13
003012,东鹏控股,6.78,0.0,0.0,36993507.0,5486000,0,6.75,6.82,6.68,6.78
003013,地铁设计,13.97,-0.498575498575488,-0.06999999999999851,32651510.0,2340200,0,14.01,14.03,13.85,14.04
003015,日久光电,15.48,1.044386422976502,0.16000000000000014,66884706.0,4395000,0,15.28,15.5,14.98,15.32
003016,欣贺股份,9.1,-2.3605150214592343,-0.22000000000000064,227198759.3,25078240,0,9.32,9.34,8.88,9.32
003017,大洋生物,28.93,0.5910987482614678,0.16999999999999815,60473667.6,2107360,0,28.76,29.14,28.3,28.76
003018,金富科技,17.73,1.1409013120365046,0.1999999999999993,186215785.0,10535800,0,17.62,18.5,17.25,17.53
003019,宸展光电,32.05,-0.40397762585457603,-0.13000000000000256,134432702.25,4253784,0,31.85,32.15,31.0,32.18
003020,立方制药,26.13,0.15331544653123474,0.03999999999999915,35841013.3,1376014,0,26.0,26.25,25.69,26.09
003021,兆威机电,102.58,1.4438291139240444,1.4599999999999937,331402708.13,3265207,0,101.0,103.3,100.04,101.12
003022,联泓新科,18.49,1.4818880351262327,0.2699999999999996,156974523.78,8558747,0,18.22,18.59,18.07,18.22
003023,彩虹集团,22.3,0.26978417266188076,0.060000000000002274,60992713.5,2743890,0,22.27,22.51,21.96,22.24
003025,思进智能,13.42,0.1492537313432804,0.019999999999999574,48497295.28,3647340,0,13.4,13.53,13.14,13.4
003026,中晶科技,29.88,0.6399461098012722,0.18999999999999773,63122250.9,2151660,0,29.66,29.95,28.87,29.69
003027,同兴科技,19.16,-0.31217481789801627,-0.05999999999999872,58211620.5,3069300,0,19.23,19.37,18.77,19.22
003028,振邦智能,29.1,0.34482758620690146,0.10000000000000142,47619815.47,1635087,0,29.01,29.61,28.73,29.0
003029,吉大正元,26.91,-1.0661764705882322,-0.28999999999999915,395205979.12,14801899,0,26.46,27.06,26.0,27.2
003030,祖名股份,20.28,0.9457441513190705,0.19000000000000128,38321483.98,1894283,0,20.06,20.69,19.87,20.09
003031,中瓷电子,74.88,10.004407227853685,6.810000000000002,974803532.27,13559652,0,68.77,74.88,67.9,68.07
003032,*ST传智,6.14,0.9868421052631514,0.05999999999999961,32542894.0,5366800,0,6.06,6.14,6.0,6.08
003033,征和工业,63.79,5.490325781379197,3.3200000000000003,232815638.0,3737900,0,60.96,64.35,59.81,60.47
003035,南网能源,4.66,0.43103448275863065,0.020000000000000462,64471069.13,13975009,0,4.65,4.66,4.57,4.64
003036,泰坦股份,15.19,0.7962840079628349,0.11999999999999922,31307481.36,2078796,0,15.07,15.21,14.88,15.07
003037,三和管桩,7.32,0.0,0.0,30662802.52,4207388,0,7.33,7.36,7.2,7.32
003038,鑫铂股份,14.94,0.40322580645160433,0.05999999999999872,43405357.88,2930872,0,14.9,14.98,14.66,14.88
003039,顺控发展,13.41,-4.62304409672831,-0.6500000000000004,156172802.3,11607971,0,14.06,14.14,13.15,14.06
003040,楚天龙,18.34,-3.0655391120507494,-0.5800000000000018,504755278.05,27882745,0,18.51,18.66,17.66,18.92
003041,真爱美家,41.4,0.4610531424411496,0.18999999999999773,118352395.2,2874520,0,41.2,41.68,40.8,41.21
003042,中农联合,15.33,0.32722513089005706,0.05000000000000071,49770480.12,3277126,0,15.39,15.39,14.98,15.28
003043,华亚智能,46.49,0.6712862711130408,0.3100000000000023,42490436.96,917660,0,46.18,47.08,45.61,46.18
003816,中国广核,3.83,0.0,0.0,414709258.68,108757274,0,3.83,3.85,3.79,3.83
300001,特锐德,25.47,1.2723658051689872,0.3200000000000003,424420811.96,16870146,0,25.1,25.58,24.78,25.15
300002,神州泰岳,11.27,2.4545454545454506,0.2699999999999996,427479285.38,38401750,0,10.98,11.32,10.93,11.0
300003,乐普医疗,15.76,1.808785529715758,0.27999999999999936,384167862.41,24723350,0,15.44,15.84,15.24,15.48
300004,南风股份,11.8,5.5456171735241595,0.620000000000001,854548541.34,73253722,0,11.33,12.64,10.48,11.18
300005,探路者,10.05,1.5151515151515187,0.15000000000000036,200663956.15,20005905,0,9.9,10.15,9.83,9.9
300006,莱美药业,4.61,1.766004415011039,0.08000000000000007,91764241.48,20130390,0,4.52,4.64,4.45,4.53
300007,汉威科技,46.4,0.15109000647528661,0.07000000000000028,598625185.51,13019231,0,46.5,46.88,45.07,46.33
300008,天海防务,7.56,0.3984063745019835,0.02999999999999936,902350864.27,120819970,0,7.51,7.61,7.36,7.53
300009,安科生物,9.67,1.575630252100844,0.15000000000000036,132899275.63,13871789,0,9.54,9.7,9.47,9.52
300010,豆神教育,7.02,3.999999999999994,0.2699999999999996,744419740.59,107879291,0,6.68,7.03,6.66,6.75
300011,鼎汉技术,7.91,0.5082592121982216,0.040000000000000036,71617614.0,9185200,0,7.85,7.94,7.67,7.87
300012,华测检测,13.42,0.750750750750748,0.09999999999999964,242520552.54,18273175,0,13.31,13.47,13.09,13.32
300013,新宁物流,3.95,0.765306122448986,0.03000000000000025,54859704.0,14126400,0,3.94,3.96,3.83,3.92
300014,亿纬锂能,69.96,3.292484866381204,2.2299999999999898,2344747008.39,33891019,0,68.35,70.25,67.99,67.73
300015,爱尔眼科,11.24,2.461257976298993,0.2699999999999996,775996363.65,69595007,0,10.93,11.27,10.92,10.97
300016,北陆药业,7.75,0.7802340702210612,0.05999999999999961,42027414.0,5455400,0,7.68,7.78,7.63,7.69
300017,网宿科技,9.91,1.5368852459016429,0.15000000000000036,384932891.31,39292550,0,9.75,9.93,9.66,9.76
300018,中元股份,10.56,2.028985507246385,0.21000000000000085,172643338.53,16552559,0,10.46,10.61,10.23,10.35
300019,硅宝科技,20.27,1.1477045908183654,0.23000000000000043,220190941.85,10963328,0,19.99,20.27,19.82,20.04
300020,ST银江,3.45,1.7699115044247802,0.06000000000000005,41242856.0,11980800,0,3.41,3.51,3.37,3.39
300021,大禹节水,4.44,-0.8928571428571435,-0.040000000000000036,82401712.41,18639325,0,4.46,4.49,4.37,4.48
300022,吉峰科技,7.64,0.26246719160104426,0.019999999999999574,45550226.8,5987910,0,7.58,7.69,7.52,7.62
300024,机器人,17.0,0.9501187648456066,0.16000000000000014,328803263.07,19513597,0,16.79,17.13,16.6,16.84
300025,华星创业,5.69,-1.0434782608695583,-0.05999999999999961,85558503.41,15203423,0,5.74,5.81,5.52,5.75
300026,红日药业,3.58,0.5617977528089892,0.020000000000000018,90147693.58,25412327,0,3.55,3.58,3.51,3.56
300027,华谊兄弟,2.17,0.9302325581395358,0.020000000000000018,160214028.88,74701130,0,2.15,2.18,2.11,2.15
300029,*ST天龙,5.48,-0.18214936247722746,-0.009999999999999787,29029321.76,5271406,0,5.43,5.7,5.32,5.49
300030,阳普医疗,7.23,-0.41322314049585895,-0.02999999999999936,31648820.0,4400400,0,7.25,7.29,7.1,7.26
300031,宝通科技,21.01,1.05820105820107,0.22000000000000242,121166924.05,5815667,0,20.88,21.08,20.6,20.79
300032,金龙机电,5.07,-1.5533980582524285,-0.08000000000000007,143025556.0,28404200,0,5.13,5.22,4.94,5.15
300033,同花顺,316.64,3.1199114179639107,9.579999999999984,2535255400.35,8094973,0,306.0,319.5,305.85,307.06
300034,钢研高纳,18.3,-2.2957821676454873,-0.4299999999999997,799474750.5,44079195,0,18.49,18.59,17.8,18.73
300035,中科电气,20.95,4.540918163672655,0.9100000000000001,655441127.63,31680719,0,20.37,20.95,20.16,20.04
300036,超图软件,16.64,0.12033694344163401,0.019999999999999574,205687197.73,12504435,0,16.64,16.75,16.18,16.62
300037,新宙邦,49.01,4.744603547766615,2.219999999999999,943587275.47,19601375,0,47.25,49.11,46.8,46.79
300039,上海凯宝,6.06,0.33112582781456246,0.019999999999999574,95862866.64,15920618,0,6.03,6.07,5.97,6.04
300040,九洲集团,5.99,-0.4983388704318831,-0.02999999999999936,86155836.17,14571498,0,6.02,6.05,5.84,6.02
300041,回天新材,10.99,1.3837638376383796,0.15000000000000036,135386221.38,12463422,0,10.9,11.0,10.74,10.84
300042,朗科科技,25.56,1.7111022682053314,0.4299999999999997,219536922.15,8743553,0,25.31,25.64,24.68,25.13
300043,星辉娱乐,5.68,2.3423423423423406,0.1299999999999999,269770461.0,48206100,0,5.55,5.68,5.49,5.55
300044,ST赛为,4.07,1.750000000000007,0.07000000000000028,52657327.52,13051501,0,4.0,4.08,3.97,4.0
300045,华力创通,24.46,-2.7048528241845653,-0.6799999999999997,1339682704.68,54829965,0,24.55,25.33,23.99,25.14
300046,台基股份,34.94,0.7497116493656228,0.259999999999998,244521259.21,7122237,0,34.46,34.97,33.65,34.68
300047,天源迪科,12.16,-0.24610336341262806,-0.02999999999999936,335616663.01,27918996,0,12.13,12.26,11.8,12.19
300048,合康新能,5.6,-0.5328596802841963,-0.03000000000000025,157922145.39,28434779,0,5.63,5.68,5.46,5.63
300049,福瑞股份,70.98,2.7801911381407494,1.9200000000000017,521419129.52,7485041,0,68.68,71.36,67.4,69.06
300050,世纪鼎利,5.4,0.7462686567164185,0.040000000000000036,71659487.0,13486500,0,5.42,5.42,5.22,5.36
300051,琏升科技,6.68,-5.516265912305524,-0.39000000000000057,260775841.45,38906705,0,7.15,7.19,6.45,7.07
300052,ST中青宝,11.47,2.0462633451957335,0.23000000000000043,99511956.0,8908200,0,11.18,11.48,10.95,11.24
300053,航宇微,16.8,-3.6144578313252955,-0.629999999999999,1325089976.27,78825476,0,17.29,17.77,16.44,17.43
300054,鼎龙股份,38.16,1.7599999999999907,0.6599999999999966,734538306.32,19563961,0,37.27,38.4,36.64,37.5
300055,万邦达,7.51,1.3495276653171342,0.09999999999999964,91485025.14,12337305,0,7.41,7.6,7.29,7.41
300056,中创环保,8.67,-1.8120045300113266,-0.16000000000000014,220431732.06,25583641,0,8.86,8.95,8.45,8.83
300057,万顺新材,5.68,1.610017889087654,0.08999999999999986,98304286.0,17573800,0,5.6,5.71,5.49,5.59
300058,蓝色光标,8.53,2.6474127557159908,0.21999999999999886,2118000572.26,251517149,0,8.36,8.56,8.27,8.31
300059,东方财富,23.09,2.122954444935871,0.4800000000000004,7847250690.89,341817761,0,22.61,23.42,22.46,22.61
300061,旗天科技,10.52,-0.47303689687796313,-0.05000000000000071,97500096.8,9371380,0,10.51,10.64,10.27,10.57
300062,中能电气,10.34,-4.259259259259267,-0.46000000000000085,1048391719.97,100892555,0,10.8,10.84,10.13,10.8
300063,天龙集团,8.05,1.6414141414141512,0.13000000000000078,214952284.0,26937350,0,7.92,8.13,7.84,7.92
300065,海兰信,17.14,0.11682242990653956,0.019999999999999574,373416762.12,22084037,0,17.02,17.2,16.71,17.12
300066,三川智慧,6.24,0.9708737864077751,0.0600000000000005,97938243.0,15889000,0,6.16,6.25,6.09,6.18
300067,安诺其,4.89,-0.6097560975609807,-0.03000000000000025,116238639.3,23982530,0,4.91,4.93,4.78,4.92
300068,南都电源,0.0,-100.0,-18.38,0.0,0,0,0.0,0.0,0.0,18.38
300069,金利华电,17.15,-1.4367816091954024,-0.25,72288474.0,4249500,0,17.57,17.58,16.72,17.4
300070,碧水源,3.91,0.5141388174807203,0.020000000000000018,111498417.03,28766558,0,3.88,3.92,3.84,3.89
300071,福石控股,5.51,-0.18115942028985121,-0.009999999999999787,335536906.88,61083604,0,5.55,5.67,5.35,5.52
300072,海新能科,4.61,0.4357298474945635,0.020000000000000462,510955801.64,112513087,0,4.52,4.64,4.43,4.59
300073,当升科技,57.02,2.278026905829602,1.2700000000000031,638568873.39,11297427,0,55.81,57.42,55.77,55.75
300074,华平股份,4.48,-1.9693654266958391,-0.08999999999999986,100939870.7,22657266,0,4.57,4.58,4.36,4.57
300075,数字政通,14.77,0.5445881552076247,0.08000000000000007,105918690.57,7229217,0,14.68,14.85,14.45,14.69
300076,GQY视讯,6.25,-0.9508716323296293,-0.05999999999999961,55579449.0,8992700,0,6.28,6.34,6.07,6.31
300077,国民技术,19.91,0.5555555555555526,0.10999999999999943,247604293.72,12554287,0,19.8,20.05,19.39,19.8
300078,思创医惠,4.16,3.740648379052378,0.15000000000000036,320723338.26,77494738,0,4.03,4.29,4.03,4.01
300079,数码视讯,5.23,-0.19083969465648445,-0.009999999999999787,123456437.26,23783988,0,5.21,5.26,5.12,5.24
300080,易成新能,4.88,1.0351966873705967,0.04999999999999982,107378248.0,22302000,0,4.83,4.9,4.74,4.83
300081,恒信东方,5.46,-3.5335689045936425,-0.20000000000000018,323854690.33,59194270,0,5.67,5.78,5.28,5.66
300082,奥克股份,9.57,2.79269602577873,0.2599999999999998,161818704.0,17185500,0,9.35,9.6,9.16,9.31
300083,创世纪,8.78,1.6203703703703565,0.1399999999999988,268581143.2,30990140,0,8.66,8.81,8.54,8.64
300084,海默科技,9.19,0.21810250817883942,0.019999999999999574,87368222.15,9644245,0,9.13,9.21,8.92,9.17
300085,银之杰,40.43,1.5829145728643281,0.6300000000000026,2110367168.52,53022510,0,39.39,41.49,38.24,39.8
300086,康芝药业,10.37,-8.067375886524825,-0.9100000000000001,622932526.07,59616175,0,11.03,11.04,10.2,11.28
300087,荃银高科,11.31,0.0,0.0,247053444.51,21882431,0,11.32,11.34,11.26,11.31
300088,长信科技,5.89,0.5119453924914567,0.02999999999999936,204511753.21,35127436,0,5.82,5.9,5.75,5.86
300091,金通灵,2.86,0.7042253521126767,0.020000000000000018,73637500.5,26218250,0,2.84,2.86,2.77,2.84
300092,科新机电,15.12,-0.13210039630119783,-0.02000000000000135,107337478.0,7164600,0,15.08,15.22,14.76,15.14
300093,*ST金刚,15.02,2.1768707482993217,0.3200000000000003,64693447.84,4374560,0,14.81,15.08,14.43,14.7
300094,国联水产,3.73,-1.0610079575596827,-0.040000000000000036,305987448.31,82699073,0,3.77,3.8,3.65,3.77
300095,华伍股份,10.73,-2.8959276018099573,-0.3200000000000003,382614116.0,36081500,0,10.83,10.96,10.39,11.05
300096,ST易联众,7.63,0.659630606860156,0.04999999999999982,50460836.4,6704640,0,7.57,7.69,7.4,7.58
300097,ST智云,6.64,1.6845329249617063,0.10999999999999943,36202479.0,5512600,0,6.48,6.68,6.45,6.53
300098,高新兴,5.84,-1.1844331641286003,-0.07000000000000028,583921682.04,100210172,0,5.83,5.99,5.72,5.91
300099,尤洛卡,6.87,-2.828854314002831,-0.20000000000000018,189682606.52,27604576,0,7.06,7.16,6.72,7.07
300100,双林股份,36.77,1.2668686312310682,0.46000000000000085,288886427.71,7927031,0,36.31,37.08,35.86,36.31
300101,振芯科技,22.05,-0.9433962264150981,-0.21000000000000085,405801453.02,18632064,0,22.28,22.61,21.31,22.26
300102,乾照光电,24.26,0.8731808731808767,0.21000000000000085,3931676090.66,161357485,0,23.55,25.38,23.55,24.05
300103,达刚控股,6.92,-2.39774330042313,-0.16999999999999993,55962388.0,8074970,0,7.06,7.19,6.81,7.09
300105,龙源技术,7.16,-0.13947001394699843,-0.009999999999999787,76134605.0,10767500,0,7.16,7.18,6.97,7.17
300106,西部牧业,10.85,0.0,0.0,214759639.02,19820972,0,10.75,11.25,10.48,10.85
300107,建新股份,6.58,0.3048780487804949,0.020000000000000462,27180883.0,4166000,0,6.57,6.6,6.42,6.56
300108,*ST吉药,0.0,-100.0,-0.21,0.0,0,0,0.0,0.0,0.0,0.21
300109,新开源,16.36,1.9314641744548204,0.3099999999999987,115241587.09,7025789,0,16.18,16.74,16.05,16.05
300110,华仁药业,3.18,0.3154574132492186,0.010000000000000231,69045684.2,21915180,0,3.16,3.2,3.11,3.17
300111,向日葵,6.83,1.3353115727002947,0.08999999999999986,248624584.0,36821100,0,6.69,6.94,6.58,6.74
300112,万讯自控,8.18,-0.6075334143377972,-0.05000000000000071,56121636.0,6905700,0,8.2,8.33,7.99,8.23
300113,顺网科技,19.0,1.822079314040728,0.33999999999999986,221312331.38,11790038,0,18.67,19.04,18.51,18.66
300115,长盈精密,36.19,1.5432098765432019,0.5499999999999972,2982614167.36,82730087,0,35.66,36.55,35.53,35.64
300117,*ST嘉寓,0.0,-100.0,-0.43,0.0,0,0,0.0,0.0,0.0,0.43
300118,东方日升,12.36,4.3918918918918886,0.5199999999999996,1779685704.25,144553067,0,12.01,12.9,11.88,11.84
300119,瑞普生物,19.14,0.5780346820809218,0.10999999999999943,80703265.0,4224000,0,19.04,19.35,18.94,19.03
300120,经纬辉开,8.36,0.8443908323281096,0.07000000000000028,82079488.15,9944789,0,8.34,8.37,8.15,8.29
300121,阳谷华泰,13.43,-3.0324909747292415,-0.41999999999999993,158659864.0,11738150,0,13.86,13.88,13.34,13.85
300122,智飞生物,19.11,1.0576414595452104,0.1999999999999993,230465721.98,12151328,0,18.95,19.13,18.8,18.91
300123,亚光科技,7.12,-3.260869565217394,-0.2400000000000002,824741490.26,117321462,0,7.24,7.35,6.87,7.36
300124,汇川技术,71.85,1.8426647767540711,1.2999999999999972,1616805729.27,22818097,0,70.56,71.89,69.98,70.55
300125,*ST聆达,7.31,0.8275862068965464,0.05999999999999961,50165732.0,6877100,0,7.35,7.46,7.15,7.25
300126,锐奇股份,8.34,-0.11976047904191363,-0.009999999999999787,47250443.0,5708000,0,8.43,8.45,8.16,8.35
300127,银河磁体,29.9,1.7006802721088436,0.5,134924028.53,4573546,0,29.49,29.94,29.06,29.4
300128,锦富技术,8.1,9.905020352781541,0.7299999999999995,1116603686.99,143115461,0,7.39,8.17,7.22,7.37
300129,泰胜风能,8.56,-1.1547344110854463,-0.09999999999999964,326218866.69,38322248,0,8.6,8.7,8.4,8.66
300130,新国都,24.86,0.60704168352893,0.14999999999999858,373694571.07,15257963,0,24.5,25.05,23.98,24.71
300131,英唐智控,12.92,-0.23166023166022676,-0.02999999999999936,1029534714.54,81128140,0,12.93,13.02,12.31,12.95
300132,青松股份,7.78,-1.2690355329949194,-0.09999999999999964,158816192.17,20372199,0,7.83,7.97,7.61,7.88
300133,华策影视,8.0,4.031209362808838,0.3099999999999996,837857915.59,105861793,0,7.68,8.05,7.68,7.69
300134,大富科技,11.18,-0.4452359750667917,-0.05000000000000071,153911428.67,13921183,0,11.16,11.3,10.87,11.23
300135,宝利国际,3.77,0.5333333333333339,0.020000000000000018,42199136.0,11305500,0,3.75,3.78,3.69,3.75
300136,信维通信,35.76,-1.5147342329936773,-0.5500000000000043,2060753381.64,57817524,0,35.98,36.49,35.08,36.31
300137,先河环保,9.65,7.5808249721293155,0.6799999999999997,371201459.59,38949981,0,8.97,9.85,8.92,8.97
300138,晨光生物,12.82,1.263823064770933,0.16000000000000014,103059155.99,8048635,0,12.86,12.96,12.68,12.66
300139,晓程科技,30.13,2.274270196877115,0.6699999999999982,1032102638.02,34495274,0,30.3,30.68,29.13,29.46
300140,节能环境,6.29,-3.9694656488549587,-0.2599999999999998,224340301.6,35494810,0,6.52,6.57,6.18,6.55
300141,和顺电气,12.2,-2.321857485988798,-0.2900000000000009,179359748.0,14798700,0,12.4,12.56,11.88,12.49
300142,沃森生物,11.17,0.9945750452079514,0.10999999999999943,215011863.43,19386359,0,11.07,11.23,10.95,11.06
300143,盈康生命,9.83,0.8205128205128212,0.08000000000000007,36145855.18,3693343,0,9.75,9.88,9.69,9.75
300144,宋城演艺,8.22,1.7326732673267398,0.14000000000000057,453093006.25,55335395,0,8.1,8.26,8.05,8.08
300145,南方泵业,4.4,7.0559610705596105,0.29000000000000004,377847118.98,88307154,0,4.09,4.44,4.09,4.11
300146,汤臣倍健,11.85,0.5089058524173071,0.0600000000000005,182771320.45,15496598,0,11.8,11.88,11.68,11.79
300147,ST香雪,9.05,1.68539325842697,0.15000000000000036,79542908.88,8918996,0,8.85,9.18,8.68,8.9
300148,天舟文化,4.28,0.4694835680751282,0.020000000000000462,88419395.0,20868400,0,4.26,4.29,4.18,4.26
300149,睿智医药,9.45,-0.3164556962025436,-0.030000000000001137,74187063.01,7907274,0,9.49,9.52,9.27,9.48
300150,世纪瑞尔,5.11,0.19607843137256228,0.010000000000000675,63563489.7,12601807,0,5.1,5.14,4.96,5.1
300151,昌红科技,13.38,1.5945330296127627,0.21000000000000085,71794035.94,5398607,0,13.12,13.46,13.08,13.17
300152,ST新动力,2.12,-1.8518518518518534,-0.040000000000000036,42172106.0,19998500,0,2.13,2.15,2.08,2.16
300153,科泰电源,29.88,3.5701906412478253,1.0299999999999976,377383123.1,12840651,0,28.85,29.91,28.81,28.85
300154,瑞凌股份,8.68,0.23094688221708512,0.019999999999999574,41325519.0,4810800,0,8.65,8.73,8.46,8.66
300155,安居宝,5.98,-1.644736842105257,-0.09999999999999964,139811003.0,23182700,0,6.1,6.39,5.82,6.08
300157,新锦动力,4.44,0.0,0.0,95215938.0,21775100,0,4.42,4.46,4.3,4.44
300158,振东制药,6.07,0.998336106489193,0.0600000000000005,119074025.36,19754767,0,6.0,6.12,5.95,6.01
300159,*ST新研,3.22,2.8753993610223736,0.0900000000000003,104242819.36,32131084,0,3.23,3.33,3.19,3.13
300160,秀强股份,5.4,0.7462686567164185,0.040000000000000036,44071841.83,8243497,0,5.36,5.42,5.28,5.36
300161,华中数控,27.82,0.687658342381474,0.19000000000000128,43328030.34,1565002,0,27.53,27.85,27.43,27.63
300162,雷曼光电,7.34,-1.4765100671140983,-0.11000000000000032,105676599.0,14564000,0,7.43,7.48,7.12,7.45
300163,先锋新材,4.02,0.0,0.0,81610119.0,20479700,0,4.02,4.04,3.92,4.02
300164,通源石油,5.29,0.9541984732824393,0.04999999999999982,162019188.0,30991400,0,5.23,5.3,5.16,5.24
300165,ST天瑞,4.41,0.2272727272727224,0.009999999999999787,20454524.0,4670100,0,4.37,4.46,4.32,4.4
300166,东方国信,9.66,1.5772870662460605,0.15000000000000036,209078966.9,21939362,0,9.58,9.66,9.39,9.51
300167,ST迪威迅,4.99,-0.5976095617529754,-0.02999999999999936,34975479.0,6989500,0,5.0,5.15,4.92,5.02
300168,万达信息,6.4,2.5641025641025665,0.16000000000000014,136557277.16,21357032,0,6.24,6.59,6.22,6.24
300169,天晟新材,6.2,-1.2738853503184724,-0.08000000000000007,88386793.1,14431274,0,6.29,6.34,6.01,6.28
300170,汉得信息,17.95,5.899705014749262,1.0,1462579751.34,84012280,0,16.87,18.2,16.65,16.95
300171,东富龙,15.12,0.5319148936170218,0.08000000000000007,73303289.0,4877490,0,15.04,15.17,14.9,15.04
300172,中电环保,5.44,-4.393673110720562,-0.25,269119224.5,49551880,0,5.66,5.68,5.31,5.69
300173,福能东方,5.33,1.3307984790874579,0.07000000000000028,87879533.0,16730300,0,5.26,5.33,5.18,5.26
300174,元力股份,15.32,1.1889035667106982,0.17999999999999972,71445593.84,4695500,0,15.1,15.38,15.02,15.14
300175,ST朗源,5.57,0.17985611510792582,0.010000000000000675,21803941.0,3941300,0,5.53,5.58,5.46,5.56
300176,鸿特科技,6.41,-0.31104199066873367,-0.019999999999999574,53358928.0,8398800,0,6.41,6.49,6.27,6.43
300177,中海达,9.52,-1.9567456230690141,-0.19000000000000128,348021666.35,36670075,0,9.43,9.85,9.28,9.71
300179,四方达,14.32,1.4164305949008575,0.20000000000000107,496658162.13,35122097,0,14.24,14.38,13.81,14.12
300180,华峰超纤,6.35,-1.397515527950322,-0.09000000000000075,310946465.03,49601680,0,6.37,6.39,6.16,6.44
300181,佐力药业,17.03,0.2944640753828075,0.05000000000000071,209474826.44,12389321,0,16.89,17.11,16.7,16.98
300182,捷成股份,5.14,0.7843137254901967,0.040000000000000036,239569569.53,46998905,0,5.11,5.15,5.03,5.1
300183,东软载波,14.53,0.0688705234159765,0.009999999999999787,68715392.0,4771000,0,14.45,14.62,14.16,14.52
300184,力源信息,9.72,1.0395010395010542,0.10000000000000142,211473140.5,22034219,0,9.63,9.75,9.45,9.62
300185,通裕重工,2.82,0.0,0.0,205369026.92,73440210,0,2.81,2.83,2.76,2.82
300187,永清环保,4.79,-1.8442622950819645,-0.08999999999999986,51490989.0,10763200,0,4.89,4.92,4.72,4.88
300188,国投智能,14.11,0.0,0.0,277313255.57,19764701,0,14.11,14.3,13.7,14.11
300189,神农种业,5.64,-9.032258064516137,-0.5600000000000005,1161671365.51,205578565,0,6.04,6.04,5.45,6.2
300190,维尔利,4.35,6.097560975609757,0.25,126722501.43,29787632,0,4.11,4.39,4.05,4.1
300191,潜能恒信,17.48,0.7492795389048934,0.129999999999999,46525124.1,2684170,0,17.34,17.5,17.08,17.35
300192,科德教育,20.17,3.915507470376103,0.7600000000000016,576101451.2,29313680,0,19.2,20.17,19.03,19.41
300193,佳士科技,8.64,-0.8036739380022994,-0.07000000000000028,52006515.99,6031407,0,8.69,8.75,8.52,8.71
300194,福安药业,4.72,3.056768558951958,0.13999999999999968,289516169.43,62112912,0,4.57,4.79,4.5,4.58
300195,长荣股份,7.91,-2.944785276073622,-0.2400000000000002,127027898.95,16080100,0,8.15,8.18,7.69,8.15
300196,长海股份,13.67,2.014925373134325,0.2699999999999996,47311897.12,3514008,0,13.37,13.68,13.26,13.4
300197,节能铁汉,1.76,0.0,0.0,74381310.32,42588026,0,1.76,1.77,1.72,1.76
300198,ST纳川,2.52,-0.3952569169960391,-0.009999999999999787,41460149.6,16608980,0,2.49,2.54,2.47,2.53
300199,翰宇药业,18.01,0.2783964365256164,0.05000000000000071,299130997.44,16725567,0,17.9,18.07,17.69,17.96
300200,高盟新材,12.66,-5.94353640416048,-0.8000000000000007,653157525.72,51041017,0,13.3,13.35,12.44,13.46
300201,海伦哲,5.3,0.7604562737642593,0.040000000000000036,110910472.0,21046200,0,5.25,5.32,5.22,5.26
300203,聚光科技,15.35,-2.1045918367346945,-0.33000000000000007,161954609.33,10560600,0,15.68,15.7,15.16,15.68
300204,舒泰神,26.67,-0.1497566454511387,-0.03999999999999915,511020168.0,19480700,0,26.54,26.74,25.8,26.71
300205,*ST天喻,3.77,1.8918918918918874,0.06999999999999984,13738679.0,3716100,0,3.69,3.79,3.56,3.7
300206,理邦仪器,12.54,-0.633914421553091,-0.08000000000000007,83396740.0,6642100,0,12.62,12.67,12.46,12.62
300207,欣旺达,29.07,4.230907135173896,1.1799999999999997,1395378940.71,48529856,0,27.94,29.25,27.94,27.89
300208,中程退,0.28,-12.499999999999993,-0.03999999999999998,11483398.0,39320206,0,0.32,0.32,0.27,0.32
300209,有棵树,5.74,-3.852596314907865,-0.22999999999999954,127445240.0,22253000,0,5.9,5.95,5.6,5.97
300210,森远股份,9.44,0.3188097768331494,0.02999999999999936,92274226.0,9773900,0,9.36,9.66,9.3,9.41
300211,*ST亿通,8.1,0.12360939431396523,0.009999999999999787,14623979.0,1818800,0,8.05,8.12,7.96,8.09
300212,易华录,16.14,1.0644959298685028,0.16999999999999993,202112333.69,12667744,0,15.89,16.23,15.67,15.97
300213,佳讯飞鸿,9.17,-2.4468085106383026,-0.23000000000000043,323784304.0,35440200,0,9.32,9.36,8.98,9.4
300214,日科化学,6.68,1.059001512859295,0.0699999999999994,39173294.62,5926703,0,6.6,6.7,6.53,6.61
300215,电科院,6.94,-4.670329670329668,-0.33999999999999986,283779410.98,41194000,0,7.3,7.32,6.7,7.28
300217,东方电热,5.09,0.7920792079207928,0.040000000000000036,140931427.28,28048224,0,5.05,5.09,4.95,5.05
300218,安利股份,15.31,0.4593175853018392,0.07000000000000028,61501554.0,4052900,0,15.17,15.38,15.0,15.24
300219,鸿利智汇,6.91,0.0,0.0,116267351.46,17035534,0,6.89,6.94,6.74,6.91
300220,金运激光,13.86,-0.2877697841726685,-0.040000000000000924,44293301.5,3238962,0,13.95,13.97,13.45,13.9
300221,银禧科技,9.12,-1.084598698481577,-0.10000000000000142,216669170.0,24008800,0,9.2,9.26,8.88,9.22
300222,科大智能,10.48,0.5758157389635364,0.0600000000000005,140003777.02,13522616,0,10.38,10.49,10.23,10.42
300223,北京君正,93.37,2.5480505216913865,2.3200000000000074,1770048549.45,19281431,0,91.04,93.7,89.33,91.05
300224,正海磁材,14.69,0.9621993127147683,0.1399999999999988,187952532.14,12916254,0,14.61,14.76,14.33,14.55
300225,*ST金泰,5.1,-1.5444015444015458,-0.08000000000000007,28278593.0,5564700,0,5.18,5.2,5.03,5.18
300226,上海钢联,23.94,0.8424599831508124,0.20000000000000284,138966386.19,5877020,0,23.73,24.08,23.31,23.74
300227,光韵达,8.55,0.234466588511153,0.02000000000000135,104822209.7,12421300,0,8.53,8.62,8.29,8.53
300228,富瑞特装,8.9,-2.6258205689277925,-0.2400000000000002,589308666.96,66783023,0,9.18,9.23,8.61,9.14
300229,拓尔思,18.6,1.086956521739146,0.20000000000000284,334129164.21,18236502,0,18.43,18.67,17.95,18.4
300230,永利股份,4.68,0.8620689655172422,0.040000000000000036,54275523.24,11753844,0,4.63,4.69,4.56,4.64
300231,银信科技,10.16,0.7936507936507943,0.08000000000000007,75454834.8,7546933,0,10.02,10.19,9.83,10.08
300232,洲明科技,6.87,0.4385964912280738,0.03000000000000025,101101693.02,14876755,0,6.84,6.89,6.7,6.84
300233,金城医药,14.46,0.3469812630118023,0.05000000000000071,102386771.0,7155700,0,14.3,14.55,14.09,14.41
300234,开尔新材,4.93,-2.182539682539689,-0.11000000000000032,65875036.52,13390781,0,5.04,5.05,4.84,5.04
300235,方直科技,16.4,-1.8551765409934307,-0.3100000000000023,158177724.0,9602850,0,16.6,16.96,16.17,16.71
300236,上海新阳,61.39,0.47463175122749457,0.28999999999999915,859912564.28,14301347,0,60.51,61.83,58.5,61.1
300237,ST美晨,2.6,-1.5151515151515165,-0.040000000000000036,121607880.92,47610840,0,2.61,2.62,2.49,2.64
300238,冠昊生物,13.98,1.0115606936416226,0.14000000000000057,47495472.0,3432100,0,13.8,13.99,13.69,13.84
300239,东宝生物,5.27,-0.18939393939395216,-0.010000000000000675,49082527.0,9380600,0,5.29,5.3,5.17,5.28
300240,飞力达,7.42,0.6784260515603775,0.04999999999999982,92654863.6,12614740,0,7.31,7.51,7.18,7.37
300241,瑞丰光电,5.51,-2.3049645390070905,-0.1299999999999999,154793765.48,28176401,0,5.64,5.72,5.39,5.64
300242,佳云科技,4.93,-5.374280230326301,-0.28000000000000025,226975142.0,45866600,0,5.2,5.2,4.77,5.21
300243,瑞丰高材,10.0,0.20040080160320214,0.019999999999999574,44543552.49,4499979,0,10.01,10.08,9.75,9.98
300244,迪安诊断,15.14,4.126547455295746,0.6000000000000014,390047998.14,25702458,0,14.55,15.58,14.55,14.54
300245,天玑科技,12.92,0.5447470817120645,0.07000000000000028,112091629.78,8844332,0,12.82,12.94,12.39,12.85
300246,宝莱特,7.83,-0.5082592121982216,-0.040000000000000036,31561248.0,4056300,0,7.84,7.91,7.67,7.87
300247,融捷健康,4.74,0.636942675159241,0.03000000000000025,86184089.0,18267700,0,4.7,4.78,4.65,4.71
300248,新开普,11.6,0.9573542210617878,0.10999999999999943,83087036.58,7242251,0,11.49,11.65,11.28,11.49
300249,依米康,14.1,3.296703296703291,0.4499999999999993,182492319.57,13126609,0,13.59,14.13,13.58,13.65
300250,初灵信息,25.5,3.5322777101096263,0.870000000000001,472743935.2,18934130,0,24.5,25.64,24.4,24.63
300251,光线传媒,15.93,0.4413619167717546,0.07000000000000028,519420830.81,32998022,0,15.8,15.94,15.55,15.86
300252,金信诺,13.48,0.37230081906180723,0.05000000000000071,478775829.25,35980325,0,13.43,13.74,13.01,13.43
300253,卫宁健康,8.55,7.008760951188993,0.5600000000000005,1370467034.64,158595435,0,8.24,8.98,8.24,7.99
300254,仟源医药,9.84,0.10172939979653903,0.009999999999999787,44413301.0,4555900,0,9.77,9.89,9.64,9.83
300255,常山药业,63.9,3.064516129032256,1.8999999999999986,1027949842.08,16459304,0,62.0,64.15,61.5,62.0
300256,星星科技,4.06,0.4950495049504845,0.019999999999999574,155956411.5,38789350,0,4.03,4.07,3.96,4.04
300257,开山股份,13.91,1.2372634643376996,0.16999999999999993,68379114.75,4937585,0,13.79,13.99,13.7,13.74
300258,精锻科技,12.73,0.3943217665615198,0.05000000000000071,148503168.43,11762849,0,12.69,12.84,12.44,12.68
300259,新天科技,4.23,0.0,0.0,99991162.98,23905726,0,4.22,4.25,4.13,4.23
300260,新莱应材,49.8,0.8709742758760375,0.4299999999999997,841553035.13,17261007,0,49.2,50.1,47.66,49.37
300261,雅本化学,6.58,0.3048780487804949,0.020000000000000462,66333363.59,10160414,0,6.54,6.62,6.45,6.56
300263,隆华科技,8.17,1.3647642679900673,0.10999999999999943,170596371.16,21130172,0,8.07,8.22,7.94,8.06
300264,佳创视讯,6.7,1.9786910197869083,0.1299999999999999,147039834.0,22230600,0,6.7,6.77,6.44,6.57
300265,通光线缆,12.85,-11.501377410468319,-1.67,1559369140.72,120308905,0,13.11,13.7,12.45,14.52
300266,兴源环境,2.54,-3.422053231939158,-0.08999999999999986,132964646.18,52204617,0,2.64,2.66,2.49,2.63
300267,尔康制药,3.47,2.058823529411773,0.07000000000000028,108141900.28,31412300,0,3.41,3.47,3.39,3.4
300268,*ST佳沃,12.5,0.5631536604987954,0.07000000000000028,15661954.0,1239400,0,12.53,13.08,12.3,12.43
300269,联建光电,6.45,-1.526717557251903,-0.09999999999999964,361658935.02,56636831,0,6.58,6.66,6.28,6.55
300270,中威电子,11.01,10.431293881644924,1.0399999999999991,484571036.7,43467284,0,10.39,11.9,10.28,9.97
300271,华宇软件,7.14,1.7094017094017109,0.1200000000000001,82219284.11,11687161,0,7.01,7.17,6.93,7.02
300272,开能健康,7.2,1.6949152542372896,0.1200000000000001,153902886.76,21556126,0,7.08,7.27,6.95,7.08
300274,阳光电源,169.5,3.372568152710863,5.530000000000001,9547178026.32,57104002,0,162.51,170.65,162.51,163.97
300275,梅安森,12.53,-1.4937106918239094,-0.19000000000000128,119206254.9,9602710,0,12.7,12.82,12.21,12.72
300276,三丰智能,8.55,0.0,0.0,187375582.56,22192918,0,8.55,8.63,8.25,8.55
300277,海联讯,12.78,-1.2364760432766626,-0.16000000000000014,118937529.86,9380768,0,12.79,12.94,12.47,12.94
300278,华昌达,5.65,5.607476635514033,0.3000000000000007,448212507.99,77384491,0,5.75,6.05,5.61,5.35
300279,和晶科技,6.7,0.14947683109117765,0.009999999999999787,55447618.11,8363097,0,6.7,6.74,6.53,6.69
300280,紫天退,0.33,-13.157894736842103,-0.04999999999999999,11123691.0,31717286,0,0.37,0.37,0.33,0.38
300281,金明精机,7.18,0.13947001394699843,0.009999999999999787,82871119.97,11705950,0,7.18,7.23,6.98,7.17
300283,温州宏丰,7.31,0.1369863013698601,0.009999999999999787,133713904.91,18683868,0,7.29,7.34,7.04,7.3
300284,苏交科,7.8,-0.5102040816326535,-0.040000000000000036,95407210.96,12367092,0,7.81,7.88,7.55,7.84
300285,国瓷材料,26.38,-0.9015777610819007,-0.240000000000002,1201325180.87,45928801,0,26.55,26.68,25.63,26.62
300286,安科瑞,22.6,0.4891062694531036,0.11000000000000298,102380383.3,4599225,0,22.37,22.6,21.92,22.49
300287,飞利信,4.88,-0.40816326530613184,-0.020000000000000462,154435083.32,31900217,0,4.88,4.95,4.76,4.9
300288,朗玛信息,13.26,2.235929067077865,0.28999999999999915,75285095.75,5691419,0,12.96,13.63,12.96,12.97
300289,利德曼,6.91,0.0,0.0,53163619.0,7732500,0,6.89,6.96,6.8,6.91
300290,荣科科技,29.0,1.3986013986013937,0.3999999999999986,530140234.77,18368553,0,28.61,29.13,28.5,28.6
300291,百纳千成,0.0,-100.0,-5.33,0.0,0,0,0.0,0.0,0.0,5.33
300292,吴通控股,4.49,0.8988764044943828,0.040000000000000036,137291661.0,31084700,0,4.45,4.5,4.35,4.45
300293,蓝英装备,20.97,-1.224682053697605,-0.26000000000000156,113176475.0,5440580,0,21.18,21.29,20.5,21.23
300294,博雅生物,22.9,0.5709266578831753,0.129999999999999,61173269.94,2690278,0,22.72,22.94,22.58,22.77
300295,三六五网,12.53,-0.7917656373713493,-0.10000000000000142,106555530.6,8575400,0,12.51,12.69,12.13,12.63
300296,利亚德,6.11,0.9917355371900909,0.0600000000000005,299712654.86,49594319,0,6.04,6.15,5.96,6.05
300298,三诺生物,16.7,0.9063444108761244,0.14999999999999858,115758168.25,6950017,0,16.54,16.9,16.46,16.55
300299,富春股份,7.17,0.5610098176718098,0.040000000000000036,432560618.05,61306153,0,7.09,7.2,6.88,7.13
300300,海峡创新,14.09,-12.53879577901924,-2.0199999999999996,2585456723.0,176691735,0,15.6,16.16,13.77,16.11
300301,ST长方,2.36,1.2875536480686611,0.029999999999999805,14376434.0,6076200,0,2.33,2.4,2.33,2.33
300302,同有科技,18.08,2.6689381033503627,0.46999999999999886,213355623.28,11997293,0,17.66,18.1,17.4,17.61
300303,聚飞光电,6.8,1.0401188707280742,0.0699999999999994,288189342.12,42993289,0,6.74,6.82,6.57,6.73
300304,云意电气,10.83,-1.9909502262443497,-0.22000000000000064,621471491.55,58605791,0,10.88,10.95,10.32,11.05
300305,裕兴股份,5.71,-0.8680555555555525,-0.04999999999999982,59851751.6,10520880,0,5.78,5.81,5.6,5.76
300306,远方信息,14.15,-2.279005524861879,-0.33000000000000007,223729575.64,15870538,0,14.22,14.45,13.81,14.48
300307,慈星股份,6.99,0.5755395683453243,0.040000000000000036,57857927.0,8335600,0,6.94,7.01,6.88,6.95
300308,中际旭创,589.98,6.9211112923394875,38.190000000000055,18602336343.02,32357008,0,557.0,592.07,556.66,551.79
300310,宜通世纪,6.02,-1.7944535073409515,-0.11000000000000032,252257497.25,41777126,0,6.1,6.25,5.9,6.13
300311,ST任子行,4.29,-0.46403712296982774,-0.019999999999999574,51315048.33,12078621,0,4.31,4.32,4.19,4.31
300313,*ST天山,8.18,-0.24390243902438508,-0.019999999999999574,19017951.0,2324700,0,8.21,8.35,8.06,8.2
300314,戴维医疗,12.55,0.40000000000000563,0.05000000000000071,29891661.02,2399102,0,12.56,12.6,12.3,12.5
300315,掌趣科技,4.79,1.2684989429175393,0.05999999999999961,181279993.34,38204504,0,4.74,4.8,4.7,4.73
300316,晶盛机电,34.17,1.847988077496288,0.6200000000000045,425948118.64,12607876,0,33.76,34.28,33.25,33.55
300317,珈伟新能,3.77,0.5333333333333339,0.020000000000000018,82829242.56,22341581,0,3.73,3.78,3.64,3.75
300318,博晖创新,6.24,-0.1599999999999966,-0.009999999999999787,64176483.0,10334300,0,6.25,6.3,6.12,6.25
300319,麦捷科技,11.61,1.1324041811846601,0.129999999999999,206200512.03,17969017,0,11.54,11.65,11.3,11.48
300320,海达股份,9.22,1.3186813186813295,0.120000000000001,69767940.0,7627700,0,9.06,9.24,9.06,9.1
300321,同大股份,45.3,4.885390136605695,2.1099999999999994,140382241.0,3183000,0,43.3,45.6,42.5,43.19
300322,硕贝德,22.93,-1.2489233419465942,-0.28999999999999915,701093382.67,30665454,0,22.62,23.51,22.44,23.22
300323,华灿光电,7.46,0.26881720430106953,0.019999999999999574,109129506.45,14772835,0,7.43,7.52,7.29,7.44
300324,旋极信息,5.82,-1.5228426395939063,-0.08999999999999986,394265689.83,68185406,0,5.8,5.87,5.71,5.91
300326,ST凯利,5.47,-0.18248175182482984,-0.010000000000000675,21235391.04,3910417,0,5.46,5.49,5.37,5.48
300327,中颖电子,28.57,1.5641663704230406,0.4400000000000013,413563378.6,14736233,0,28.13,28.58,27.51,28.13
300328,宜安科技,15.76,1.8745959922430455,0.28999999999999915,399223624.53,25600239,0,15.75,15.97,15.26,15.47
300329,海伦钢琴,16.76,-0.6520450503852959,-0.10999999999999943,66911114.1,4021034,0,16.88,16.91,16.48,16.87
300331,苏大维格,29.98,1.8342391304347796,0.5399999999999991,219625355.0,7426700,0,29.35,30.1,29.03,29.44
300332,天壕能源,5.23,-1.1342155009451722,-0.05999999999999961,82073111.16,15827624,0,5.26,5.27,5.12,5.29
300333,兆日科技,10.98,-0.09099181073703173,-0.009999999999999787,136996348.8,12670819,0,10.86,11.08,10.52,10.99
300334,津膜科技,6.81,-0.8733624454148544,-0.0600000000000005,57675251.0,8531400,0,6.87,6.89,6.67,6.87
300335,迪森股份,5.59,0.17921146953404637,0.009999999999999787,55428367.0,10025700,0,5.58,5.6,5.46,5.58
300337,银邦股份,13.81,8.911671924290228,1.1300000000000008,2264414673.72,174118242,0,12.47,14.29,11.83,12.68
300338,ST开元,3.86,0.5208333333333338,0.020000000000000018,12180176.95,3173900,0,3.81,3.87,3.8,3.84
300339,润和软件,48.54,2.5348542458808527,1.1999999999999957,1123105973.77,23467227,0,47.16,48.8,46.91,47.34
300340,科恒股份,12.31,1.6515276630883657,0.20000000000000107,80173354.14,6605962,0,12.11,12.34,11.92,12.11
300341,麦克奥迪,17.01,-1.9031141868512014,-0.3299999999999983,141593153.4,8376267,0,17.4,17.47,16.58,17.34
300342,天银机电,25.17,-6.500742942050519,-1.75,2625516815.28,101010427,0,25.8,28.18,25.09,26.92
300343,ST联创,5.73,1.415929203539824,0.08000000000000007,68455400.0,12052100,0,5.65,5.75,5.61,5.65
300344,*ST立方,1.28,-7.246376811594193,-0.09999999999999987,105100884.73,81981947,0,1.35,1.37,1.22,1.38
300345,华民股份,6.08,0.8291873963515726,0.04999999999999982,52315872.68,8707246,0,6.01,6.11,5.92,6.03
300346,南大光电,47.22,-1.0270383567386334,-0.490000000000002,4474222119.26,96971440,0,47.04,47.59,44.8,47.71
300347,泰格医药,50.1,2.0574455082501486,1.009999999999998,363528822.04,7351644,0,48.9,50.31,48.63,49.09
300348,长亮科技,13.93,-0.9246088193456671,-0.13000000000000078,435319065.96,31652307,0,13.89,14.1,13.46,14.06
300349,金卡智能,13.57,1.26865671641791,0.16999999999999993,85920559.33,6389463,0,13.41,13.64,13.31,13.4
300350,华鹏飞,6.5,-0.9146341463414575,-0.05999999999999961,191657003.0,29854000,0,6.55,6.59,6.28,6.56
300351,永贵电器,16.77,1.2070006035002974,0.1999999999999993,126585361.28,7646592,0,16.4,16.83,16.29,16.57
300352,北信源,5.87,0.3418803418803498,0.020000000000000462,182104832.23,31347899,0,5.83,5.9,5.75,5.85
300353,东土科技,19.41,1.35770234986946,0.26000000000000156,244822856.23,12714435,0,19.61,19.61,18.95,19.15
300354,东华测试,42.2,0.071140621294762,0.030000000000001137,109251747.8,2603109,0,42.13,42.66,41.32,42.17
300355,蒙草生态,4.0,-0.24937655860348598,-0.009999999999999787,126502055.6,31833619,0,4.01,4.03,3.92,4.01
300357,我武生物,29.02,0.48476454293629007,0.14000000000000057,118675287.72,4120904,0,28.88,29.18,28.42,28.88
300358,楚天科技,8.8,0.5714285714285796,0.05000000000000071,158854589.15,18238200,0,8.71,8.83,8.61,8.75
300359,全通教育,5.23,0.19157088122606658,0.010000000000000675,48999953.87,9464197,0,5.21,5.26,5.09,5.22
300360,炬华科技,16.73,1.5786278081360146,0.26000000000000156,247435913.07,15077054,0,16.49,16.73,16.17,16.47
300363,博腾股份,23.04,1.6321129245699049,0.36999999999999744,137047240.44,6006485,0,22.75,23.07,22.61,22.67
300364,中文在线,23.55,2.7935399388913162,0.6400000000000006,503794056.88,21671863,0,22.91,23.62,22.91,22.91
300365,恒华科技,6.2,-1.8987341772151913,-0.1200000000000001,103227616.0,16660400,0,6.34,6.41,6.06,6.32
300366,ST创意,6.52,-0.45801526717557633,-0.03000000000000025,146958828.57,22782231,0,6.5,6.64,6.34,6.55
300368,汇金股份,14.8,-0.134952766531711,-0.019999999999999574,725560932.0,49896800,0,14.6,15.14,14.1,14.82
300369,绿盟科技,7.26,-0.41152263374485937,-0.03000000000000025,146465949.8,20362451,0,7.31,7.36,7.04,7.29
300370,安控科技,2.58,0.0,0.0,65505428.5,25856597,0,2.57,2.59,2.48,2.58
300371,汇中股份,11.88,-0.41911148365464324,-0.049999999999998934,30175284.0,2558880,0,11.93,12.06,11.63,11.93
300373,扬杰科技,65.03,2.879291251384275,1.8200000000000003,466156861.48,7265255,0,63.28,65.1,63.13,63.21
300374,中铁装配,15.68,0.5128205128205132,0.08000000000000007,67136058.0,4323500,0,15.6,15.72,15.36,15.6
300375,鹏翎股份,5.25,-2.2346368715083815,-0.1200000000000001,207560938.65,39737659,0,5.36,5.42,5.11,5.37
300376,ST易事特,5.99,-0.827814569536421,-0.04999999999999982,125609486.0,21100300,0,6.05,6.06,5.88,6.04
300377,赢时胜,22.53,-2.9715762273901714,-0.6899999999999977,3592848261.66,161794275,0,22.3,24.0,21.13,23.22
300378,鼎捷数智,42.2,4.766633565044692,1.9200000000000017,517433969.94,12413746,0,40.11,42.27,40.11,40.28
300379,*ST东通,0.0,-100.0,-3.02,0.0,0,0,0.0,0.0,0.0,3.02
300380,安硕信息,42.09,-0.28429282160624836,-0.11999999999999744,248654000.12,5979514,0,41.79,42.8,40.61,42.21
300381,溢多利,6.33,0.0,0.0,37643041.0,5990900,0,6.36,6.36,6.2,6.33
300382,斯莱克,16.16,1.5075376884422125,0.2400000000000002,226870443.76,14049292,0,15.86,16.32,15.8,15.92
300383,光环新网,12.62,0.6379585326953754,0.08000000000000007,556789446.93,44872723,0,12.5,12.65,12.13,12.54
300384,三联虹普,15.71,0.8991650610147756,0.14000000000000057,32596441.0,2092000,0,15.56,15.72,15.45,15.57
300385,雪浪环境,5.82,-0.34246575342465024,-0.019999999999999574,34523806.92,5966228,0,5.86,5.86,5.68,5.84
300386,飞天诚信,16.23,-0.7946210268948595,-0.129999999999999,141811131.0,8881100,0,16.18,16.37,15.6,16.36
300387,富邦科技,8.37,0.480192076830722,0.03999999999999915,41691062.0,5036900,0,8.33,8.37,8.17,8.33
300388,节能国祯,8.17,-0.7290400972053522,-0.0600000000000005,69024339.36,8566392,0,8.23,8.24,7.96,8.23
300389,艾比森,15.68,1.2919896640826827,0.1999999999999993,67236113.4,4346330,0,15.41,15.73,15.28,15.48
300390,天华新能,53.69,14.45320827115754,6.780000000000001,4023626612.94,77115382,0,48.95,54.38,47.77,46.91
300391,*ST长药,1.61,-4.166666666666657,-0.06999999999999984,55490384.91,35047354,0,1.6,1.67,1.53,1.68
300393,中来股份,6.5,0.7751937984496096,0.04999999999999982,206470119.19,32226882,0,6.42,6.52,6.29,6.45
300394,天孚通信,217.78,9.272453587556443,18.47999999999999,10906252650.44,51481514,0,201.29,219.58,199.55,199.3
300395,菲利华,96.8,4.648648648648646,4.299999999999997,4507056464.38,47671837,0,90.86,97.49,90.86,92.5
300396,迪瑞医疗,12.83,0.4698512137823062,0.0600000000000005,25671747.4,2021040,0,12.74,12.84,12.61,12.77
300397,天和防务,14.02,-2.2996515679442515,-0.33000000000000007,527333576.69,38114826,0,14.25,14.3,13.52,14.35
300398,飞凯材料,22.98,-1.2037833190025844,-0.28000000000000114,646821460.5,28389539,0,23.07,23.1,22.45,23.26
300399,天利科技,25.4,2.254428341384858,0.5599999999999987,249452832.2,10033330,0,24.61,25.99,23.75,24.84
300400,劲拓股份,18.45,2.785515320334262,0.5,93037954.0,5123700,0,17.95,18.5,17.76,17.95
300401,花园生物,15.1,0.33222591362125536,0.049999999999998934,295990919.11,19665514,0,14.95,15.18,14.85,15.05
300402,宝色股份,20.59,-1.2470023980815421,-0.26000000000000156,237166001.0,11675700,0,20.8,20.88,19.96,20.85
300403,汉宇集团,13.15,1.2317167051578148,0.16000000000000014,147545917.45,11339225,0,12.97,13.18,12.85,12.99
300404,博济医药,9.31,0.21528525296018677,0.02000000000000135,40232796.94,4342494,0,9.34,9.36,9.17,9.29
300405,科隆股份,6.31,-0.9419152276295211,-0.0600000000000005,52876719.3,8400990,0,6.36,6.44,6.2,6.37
300406,九强生物,13.23,1.224177505738333,0.16000000000000014,45307032.0,3456100,0,13.07,13.24,13.01,13.07
300407,凯发电气,11.81,-0.3375527426160266,-0.03999999999999915,210436370.0,17901200,0,11.85,12.05,11.56,11.85
300408,三环集团,44.46,2.4423963133640605,1.0600000000000023,803856778.98,18404668,0,43.37,44.46,42.97,43.4
300409,道氏技术,21.84,2.7281279397930303,0.5799999999999983,383307552.33,17782809,0,21.34,21.89,21.25,21.26
300410,正业科技,8.2,1.4851485148514756,0.11999999999999922,76981187.2,9528508,0,8.08,8.22,7.95,8.08
300411,金盾股份,11.26,-1.4010507880910694,-0.16000000000000014,103109540.2,9206960,0,11.42,11.51,11.03,11.42
300412,迦南科技,5.15,-0.5791505791505668,-0.02999999999999936,72493635.1,14190400,0,5.22,5.23,5.02,5.18
300413,芒果超媒,23.6,1.0273972602739811,0.240000000000002,280638328.47,11984407,0,23.28,23.66,23.17,23.36
300414,中光防雷,12.36,-3.058823529411769,-0.39000000000000057,267948831.77,21819424,0,12.62,12.96,11.85,12.75
300415,伊之密,24.58,1.6542597187758419,0.3999999999999986,133963808.58,5502402,0,24.23,24.65,24.02,24.18
300416,苏试试验,16.96,-1.5098722415795471,-0.259999999999998,410772868.38,24311840,0,17.15,17.33,16.68,17.22
300417,南华仪器,12.94,-0.9946442234124008,-0.13000000000000078,49122093.0,3813500,0,13.06,13.15,12.64,13.07
300418,昆仑万维,40.1,5.860612460401264,2.219999999999999,2362199402.18,59329128,0,38.34,40.68,38.26,37.88
300419,ST浩丰,6.0,-1.1532125205930852,-0.07000000000000028,56852603.6,9531480,0,6.04,6.07,5.89,6.07
300420,五洋自控,3.95,1.5424164524421609,0.06000000000000005,92894215.69,23782179,0,3.89,3.95,3.85,3.89
300421,力星股份,28.3,3.853211009174314,1.0500000000000007,829923933.76,29886436,0,27.45,28.34,27.0,27.25
300422,博世科,4.53,-0.8752735229759306,-0.040000000000000036,34505319.42,7639555,0,4.56,4.6,4.47,4.57
300423,昇辉科技,9.16,-4.384133611691022,-0.41999999999999993,624659787.11,68732977,0,9.31,9.57,8.79,9.58
300424,航新科技,16.73,-1.9343493552168716,-0.3299999999999983,241283529.08,14537821,0,17.02,17.25,16.28,17.06
300425,中建环能,4.9,0.20449897750512627,0.010000000000000675,27040552.29,5554167,0,4.88,4.92,4.81,4.89
300426,华智数媒,8.07,0.8750000000000036,0.07000000000000028,37504804.0,4718700,0,7.96,8.08,7.82,8.0
300427,红相股份,12.7,-9.479686386315041,-1.33,1798857815.4,141543257,0,13.57,13.58,12.1,14.03
300428,立中集团,22.1,1.2368300503893868,0.2700000000000031,159786020.2,7287075,0,21.87,22.19,21.64,21.83
300429,强力新材,14.24,-2.4657534246575303,-0.35999999999999943,527216000.26,37420886,0,14.46,14.52,13.8,14.6
300430,诚益通,18.45,1.6528925619834753,0.3000000000000007,137725824.74,7520117,0,18.16,18.55,18.06,18.15
300432,富临精工,15.31,2.202937249666222,0.33000000000000007,531493821.26,34987196,0,15.0,15.39,14.98,14.98
300433,蓝思科技,29.65,2.987148315387285,0.8599999999999994,2432375901.96,82469268,0,28.8,29.87,28.8,28.79
300434,金石亚药,10.6,0.47393364928908943,0.049999999999998934,112484619.0,10691840,0,10.54,10.64,10.37,10.55
300435,中泰股份,21.55,4.206963249516446,0.870000000000001,527594842.74,24889571,0,20.69,22.39,20.17,20.68
300436,广生堂,88.12,3.8171536286522256,3.240000000000009,492212055.9,5672700,0,85.04,88.49,84.3,84.88
300437,清水源,17.53,2.3948598130841128,0.41000000000000014,552357052.32,31650602,0,17.39,17.97,16.8,17.12
300438,鹏辉能源,52.31,3.8308852719333064,1.9299999999999997,1596625561.57,30704913,0,50.58,53.15,50.23,50.38
300439,美康生物,9.84,0.7164790174002077,0.07000000000000028,29110956.0,2989300,0,9.75,9.85,9.66,9.77
300440,运达科技,11.91,0.5912162162162186,0.07000000000000028,66481346.0,5670300,0,11.8,12.0,11.5,11.84
300441,鲍斯股份,7.41,0.2706359945872864,0.020000000000000462,37424414.0,5097200,0,7.41,7.43,7.26,7.39
300442,润泽科技,53.0,2.8527071608771566,1.4699999999999989,1428598362.74,27403411,0,51.31,53.08,51.05,51.53
300443,金雷股份,28.38,1.8299246501614568,0.509999999999998,149358144.72,5330312,0,27.83,28.49,27.56,27.87
300444,双杰电气,9.89,-2.9440628066731986,-0.29999999999999893,869095760.98,88168018,0,10.1,10.32,9.59,10.19
300445,康斯特,24.48,-5.737389295340773,-1.4899999999999984,435837319.62,17640919,0,25.76,25.98,24.12,25.97
300446,航天智造,21.95,1.292108906322093,0.2799999999999976,925991640.8,41874639,0,21.72,22.94,21.52,21.67
300447,全信股份,17.1,0.17574692442882914,0.030000000000001137,470040528.4,27934270,0,17.03,17.75,16.29,17.07
300448,浩云科技,8.0,-1.3563501849568365,-0.10999999999999943,268730086.62,33705189,0,8.07,8.13,7.82,8.11
300449,汉邦高科,6.73,1.6616314199395819,0.11000000000000032,38622531.0,5836500,0,6.65,6.76,6.5,6.62
300450,先导智能,47.49,3.464052287581707,1.5900000000000034,2102856481.73,44700612,0,46.25,47.78,46.16,45.9
300451,创业慧康,4.79,2.350427350427357,0.11000000000000032,231553064.87,48215108,0,4.68,4.93,4.68,4.68
300452,山河药辅,13.14,0.38197097020626974,0.05000000000000071,58290500.38,4458536,0,13.12,13.2,12.97,13.09
300453,三鑫医疗,8.83,0.6841505131128905,0.0600000000000005,28237283.15,3225565,0,8.74,8.84,8.67,8.77
300454,深信服,112.5,2.216972560421586,2.4399999999999977,422496026.83,3790460,0,110.0,112.96,109.8,110.06
300455,航天智装,24.58,-7.24528301886793,-1.9200000000000017,1218302272.8,48945481,0,25.83,26.3,24.3,26.5
300456,赛微电子,60.84,-5.527950310559009,-3.5600000000000023,7477230407.6,120994552,0,62.32,65.0,59.59,64.4
300457,赢合科技,25.81,1.894986182392422,0.4800000000000004,224732932.85,8765341,0,25.47,26.04,25.28,25.33
300458,全志科技,41.69,1.9315403422982866,0.7899999999999991,614126692.79,14942798,0,40.83,41.76,40.41,40.9
300459,汤姆猫,4.44,1.3698630136986416,0.0600000000000005,300847803.48,68429250,0,4.39,4.45,4.35,4.38
300460,ST惠伦,8.25,2.484472049689432,0.1999999999999993,154078465.8,19246880,0,7.96,8.28,7.76,8.05
300461,田中精机,19.1,-0.9336099585062225,-0.17999999999999972,55219802.0,2926100,0,19.41,19.45,18.58,19.28
300462,ST华铭,10.82,1.0270774976657275,0.10999999999999943,18013083.2,1678657,0,10.78,10.85,10.59,10.71
300463,迈克生物,11.31,0.44404973357016614,0.05000000000000071,48823636.2,4351840,0,11.25,11.33,11.11,11.26
300464,星徽股份,6.56,0.1526717557251876,0.009999999999999787,104929300.0,16191300,0,6.56,6.65,6.35,6.55
300465,高伟达,20.46,0.5899705014749312,0.120000000000001,268241589.1,13370200,0,20.18,20.6,19.67,20.34
300466,赛摩智能,9.42,-0.7376185458377269,-0.07000000000000028,73482547.6,7860960,0,9.48,9.55,9.22,9.49
300467,迅游科技,27.48,0.10928961748634294,0.030000000000001137,109180802.95,4012200,0,27.39,27.64,26.6,27.45
300468,四方精创,32.5,-3.9598108747045018,-1.3400000000000034,1902710784.4,59070853,0,32.81,33.22,31.2,33.84
300469,信息发展,65.0,1.6419077404222004,1.0499999999999972,616355149.83,9703826,0,63.55,65.5,61.3,63.95
300470,中密控股,36.35,-0.2195992314026854,-0.0799999999999983,91625661.08,2540360,0,36.39,36.44,35.7,36.43
300471,厚普股份,12.68,-1.705426356589152,-0.22000000000000064,262900172.8,20955567,0,12.91,12.98,12.21,12.9
300472,*ST新元,8.13,1.4981273408239826,0.120000000000001,61003203.4,7670380,0,8.0,8.18,7.75,8.01
300473,德尔股份,27.09,1.5748031496062922,0.41999999999999815,55690638.0,2080750,0,26.62,27.17,26.42,26.67
300474,景嘉微,78.82,3.384050367261278,2.5799999999999983,1718981829.53,21916731,0,76.25,80.25,76.25,76.24
300475,香农芯创,137.56,6.718386346004652,8.659999999999997,4415731846.79,32973389,0,130.1,137.92,128.95,128.9
300476,胜宏科技,304.16,5.945870632902592,17.07000000000005,13530827332.41,45661854,0,287.01,306.0,285.65,287.09
300477,ST合纵,3.04,4.109589041095894,0.1200000000000001,275755171.7,92793144,0,2.86,3.08,2.82,2.92
300478,杭州高新,31.1,3.253652058432936,0.9800000000000004,138894655.3,4544170,0,30.12,31.12,29.75,30.12
300479,神思电子,18.47,0.3259098316132467,0.05999999999999872,55372982.16,3024832,0,18.35,18.5,18.08,18.41
300480,光力科技,15.79,0.9590792838874589,0.14999999999999858,85303081.79,5505983,0,15.62,15.8,15.23,15.64
300481,濮阳惠成,15.5,0.8458035133376759,0.13000000000000078,106477444.0,7003200,0,15.35,15.5,14.93,15.37
300482,万孚生物,19.9,0.912778904665313,0.17999999999999972,47718107.8,2414535,0,19.72,19.95,19.63,19.72
300483,首华燃气,14.28,0.49261083743841316,0.06999999999999851,125566924.87,8912725,0,14.22,14.3,13.91,14.21
300484,蓝海华腾,18.28,0.9387078961899599,0.1700000000000017,54944701.91,3042133,0,18.14,18.29,17.85,18.11
300485,赛升药业,10.64,0.0,0.0,55158291.0,5238000,0,10.61,10.65,10.39,10.64
300486,东杰智能,0.0,-100.0,-21.59,0.0,0,0,0.0,0.0,0.0,21.59
300487,蓝晓科技,60.2,1.5005901197099993,0.8900000000000006,315056860.87,5241900,0,59.68,60.68,59.37,59.31
300488,恒锋工具,29.69,-0.3356831151393013,-0.09999999999999787,47573460.0,1619300,0,29.7,29.95,29.0,29.79
300489,光智科技,42.67,0.636792452830196,0.2700000000000031,234762560.0,5539600,0,42.05,43.82,40.91,42.4
300490,华自科技,11.45,2.4150268336314813,0.2699999999999996,202351234.12,18010368,0,11.18,11.47,10.96,11.18
300491,通合科技,25.36,2.79691933522496,0.6899999999999977,151159001.0,6084300,0,24.58,25.42,24.3,24.67
300492,华图山鼎,76.77,1.668653158522038,1.259999999999991,125213201.66,1654365,0,75.1,76.77,74.76,75.51
300493,润欣科技,18.91,3.6164383561643842,0.6600000000000001,419613240.3,22776437,0,18.17,19.13,17.87,18.25
300494,盛天网络,11.66,0.9523809523809474,0.10999999999999943,92802368.0,8055300,0,11.55,11.66,11.36,11.55
300496,中科创达,64.71,2.1790620558976714,1.3799999999999955,960753854.74,15016330,0,63.01,64.78,62.84,63.33
300497,富祥药业,14.51,3.6428571428571415,0.5099999999999998,526822522.39,36647660,0,14.14,14.85,13.87,14.0
300498,温氏股份,17.04,0.23529411764705382,0.03999999999999915,639107893.54,37659209,0,17.21,17.25,16.77,17.0
300499,高澜股份,29.96,7.692307692307694,2.1400000000000006,1842674544.88,63122944,0,28.03,29.98,28.03,27.82
300500,启迪设计,13.99,0.28673835125448693,0.040000000000000924,58245739.8,4212200,0,13.94,14.07,13.6,13.95
300501,海顺新材,14.71,0.9608785175017197,0.14000000000000057,43840914.66,3012000,0,14.57,14.76,14.37,14.57
300502,新易盛,446.1,9.55304518664048,38.900000000000034,21298227463.1,49263895,0,408.51,446.33,408.5,407.2
300503,昊志机电,36.0,0.25062656641604963,0.09000000000000341,692151688.74,19167597,0,35.76,36.75,35.52,35.91
300504,天邑股份,14.77,0.13559322033898016,0.019999999999999574,91399718.02,6228800,0,14.77,14.85,14.39,14.75
300505,川金诺,21.76,4.615384615384619,0.9600000000000009,326981327.6,15336090,0,20.84,21.77,20.76,20.8
300506,*ST名家,4.13,-1.4319809069212528,-0.0600000000000005,45035392.0,10904780,0,4.22,4.23,4.07,4.19
300507,苏奥传感,8.95,-6.28272251308902,-0.6000000000000014,473413510.63,52237665,0,9.25,9.41,8.77,9.55
300508,维宏股份,32.97,-1.8165574746873123,-0.6099999999999994,135651076.0,4143020,0,33.98,34.2,31.96,33.58
300509,新美星,12.13,-0.3286770747740275,-0.03999999999999915,123552548.3,10333969,0,12.12,12.2,11.69,12.17
300510,金冠股份,4.12,-1.9047619047619064,-0.08000000000000007,113287449.6,27673016,0,4.2,4.21,4.0,4.2
300511,雪榕生物,6.23,-1.42405063291139,-0.08999999999999986,90677501.96,14642520,0,6.3,6.32,6.09,6.32
300512,中亚股份,10.44,3.7773359840954175,0.379999999999999,277760431.63,26985529,0,10.02,10.65,9.79,10.06
300513,恒实科技,9.8,-1.6064257028112463,-0.16000000000000014,134522242.53,13909752,0,10.0,10.01,9.49,9.96
300514,友讯达,12.93,-0.46189376443418395,-0.0600000000000005,46705464.0,3657200,0,12.91,13.02,12.56,12.99
300515,三德科技,19.07,1.490154337413524,0.28000000000000114,39539962.0,2099000,0,18.77,19.13,18.54,18.79
300516,久之洋,65.91,-1.9342359767891644,-1.2999999999999972,2185011852.85,31485525,0,67.88,73.8,65.88,67.21
300517,海波重科,10.63,-0.6542056074766216,-0.06999999999999851,32587094.0,3088000,0,10.66,10.73,10.37,10.7
300518,新迅达,16.38,-1.798561151079141,-0.3000000000000007,193695065.61,11946277,0,16.89,17.11,15.75,16.68
300519,新光药业,15.18,1.2675116744496298,0.1899999999999995,36905567.04,2449742,0,15.0,15.26,14.87,14.99
300520,科大国创,37.6,1.6216216216216255,0.6000000000000014,1473888527.81,39581087,0,37.0,38.28,36.02,37.0
300521,爱司凯,27.11,1.5355805243445697,0.41000000000000014,93347594.0,3527220,0,26.69,27.28,25.91,26.7
300522,世名科技,11.91,-2.216748768472903,-0.2699999999999996,65035406.0,5491260,0,12.17,12.21,11.59,12.18
300523,辰安科技,22.56,-0.5291005291005335,-0.120000000000001,113043684.0,5042600,0,22.69,22.89,22.07,22.68
300525,博思软件,13.72,0.8082292432035356,0.11000000000000121,251999751.57,18656149,0,13.52,13.73,13.36,13.61
300527,ST应急,7.9,0.0,0.0,93405703.7,11939555,0,7.88,7.92,7.74,7.9
300528,幸福蓝海,19.34,2.2739291380222086,0.4299999999999997,233714586.6,12340308,0,18.94,19.34,18.52,18.91
300529,健帆生物,19.66,0.4085801838610922,0.08000000000000185,59021709.6,3019766,0,19.7,19.74,19.34,19.58
300530,领湃科技,26.6,0.7194244604316595,0.19000000000000128,45248227.0,1719300,0,26.76,26.76,25.9,26.41
300531,优博讯,17.07,0.23487962419259625,0.03999999999999915,115884724.0,6915100,0,16.96,17.08,16.4,17.03
300532,今天国际,11.49,0.7011393514461005,0.08000000000000007,46010910.9,4046535,0,11.41,11.5,11.23,11.41
300533,冰川网络,33.88,2.947432391370423,0.970000000000006,218074601.16,6505419,0,32.98,33.88,32.95,32.91
300534,陇神戎发,9.55,0.6322444678609114,0.0600000000000005,52932319.8,5592660,0,9.49,9.56,9.34,9.49
300535,达威股份,17.23,1.055718475073312,0.17999999999999972,34029895.0,1993700,0,17.09,17.34,16.73,17.05
300536,农尚环境,7.15,-0.694444444444442,-0.04999999999999982,45413130.5,6429350,0,7.16,7.2,6.96,7.2
300537,广信材料,23.41,-1.8860016764459315,-0.4499999999999993,207315341.0,8940700,0,23.91,23.91,22.74,23.86
300538,同益股份,15.61,-1.638311279143036,-0.2599999999999998,116057762.28,7509201,0,15.82,15.92,15.2,15.87
300539,横河精密,39.77,2.7648578811369515,1.0700000000000003,133380357.0,3382420,0,38.8,40.08,38.58,38.7
300540,蜀道装备,19.32,3.0400000000000014,0.5700000000000003,161201495.82,8520967,0,18.74,19.35,18.15,18.75
300541,先进数通,14.23,0.7077140835102593,0.09999999999999964,143741627.14,10272572,0,14.02,14.23,13.76,14.13
300542,新晨科技,19.87,-1.9249753208292228,-0.39000000000000057,472847772.2,23930853,0,20.1,20.19,19.33,20.26
300543,朗科智能,10.25,-0.4854368932038904,-0.05000000000000071,67485128.0,6638100,0,10.25,10.39,10.03,10.3
300545,联得装备,29.74,2.6224982746721808,0.759999999999998,214750532.28,7338400,0,28.9,29.88,28.64,28.98
300546,雄帝科技,24.69,-0.9626955475330865,-0.23999999999999844,337092425.25,13788780,0,24.6,24.94,24.11,24.93
300547,川环科技,35.76,8.65998176845944,2.8500000000000014,808480019.0,23159100,0,32.73,35.8,32.73,32.91
300548,长芯博创,134.33,6.908077994428973,8.680000000000007,3925219280.97,29821800,0,127.36,135.15,127.36,125.65
300549,优德精密,17.74,-0.6162464985994565,-0.11000000000000298,61373339.0,3501300,0,17.89,17.99,17.24,17.85
300550,和仁科技,12.57,0.4796163069544404,0.0600000000000005,38490885.0,3097300,0,12.44,12.63,12.24,12.51
300551,古鳌科技,16.8,20.000000000000004,2.8000000000000007,768928059.49,50628379,0,13.81,16.8,13.51,14.0
300552,万集科技,29.26,4.2765502494654415,1.2000000000000028,1166205944.69,40091929,0,28.07,30.12,27.01,28.06
300553,集智股份,36.12,0.1941747572815542,0.07000000000000028,94192340.8,2651405,0,36.1,36.32,34.89,36.05
300554,三超新材,22.92,1.058201058201067,0.240000000000002,66137224.6,2953765,0,22.6,22.93,21.91,22.68
300555,ST路通,13.19,-0.975975975975982,-0.13000000000000078,35092224.5,2678650,0,13.23,13.35,12.95,13.32
300556,丝路视觉,18.27,0.16447368421053257,0.030000000000001137,69879011.1,3884120,0,18.22,18.3,17.68,18.24
300557,理工光科,32.95,5.744544287548147,1.7900000000000027,461987917.3,14442906,0,30.6,33.22,30.2,31.16
300558,贝达药业,46.44,1.9538968166849628,0.8900000000000006,181158677.32,3950554,0,45.56,46.53,45.25,45.55
300559,佳发教育,11.38,5.762081784386627,0.620000000000001,143952533.0,13038400,0,10.73,11.38,10.61,10.76
300560,中富通,17.25,-0.28901734104046656,-0.05000000000000071,376600601.8,22076480,0,17.42,17.64,16.6,17.3
300561,*ST汇科,13.0,1.167315175097279,0.15000000000000036,74565945.7,5797780,0,12.88,13.08,12.61,12.85
300562,乐心医疗,13.31,0.6807866868381229,0.08999999999999986,51582105.2,3895280,0,13.23,13.41,13.09,13.22
300563,神宇股份,35.7,1.6514806378132272,0.5800000000000054,135358397.62,3838382,0,35.0,35.72,34.82,35.12
300564,筑博设计,14.85,-0.5358338914936375,-0.08000000000000007,17727741.0,1197900,0,14.81,15.07,14.6,14.93
300565,科信技术,12.62,5.079100749375516,0.6099999999999994,359946903.4,28449530,0,12.13,13.18,12.13,12.01
300566,激智科技,17.79,1.1945392491467626,0.21000000000000085,94896729.99,5432001,0,17.5,17.79,17.21,17.58
300567,精测电子,77.62,2.862443678770224,2.160000000000011,678520977.78,8860826,0,75.05,77.92,74.39,75.46
300568,星源材质,14.3,2.8776978417266212,0.40000000000000036,911786252.71,64613526,0,13.99,14.35,13.83,13.9
300569,天能重工,5.65,1.07334525939178,0.0600000000000005,93075412.11,16690915,0,5.62,5.66,5.51,5.59
300570,太辰光,120.8,8.652635366073024,9.61999999999999,3152928836.91,27017101,0,111.75,120.99,110.5,111.18
300571,平治信息,27.17,2.450980392156871,0.6500000000000021,74549832.0,2810400,0,26.53,27.17,26.02,26.52
300572,安车检测,28.12,-0.1420454545454515,-0.03999999999999915,133397093.4,4781244,0,28.16,28.41,27.53,28.16
300573,兴齐眼药,68.14,1.8839712918660365,1.2600000000000051,344379702.65,5109089,0,66.99,68.37,66.44,66.88
300575,中旗股份,5.71,-0.1748251748251711,-0.009999999999999787,37487100.1,6600598,0,5.72,5.75,5.63,5.72
300576,容大感光,41.39,-3.3169820135482397,-1.4200000000000017,1214551769.48,29659735,0,42.02,42.04,39.78,42.81
300577,开润股份,21.99,1.336405529953913,0.28999999999999915,38574128.03,1767322,0,21.54,22.05,21.54,21.7
300578,会畅通讯,19.39,0.9370119729307637,0.17999999999999972,130185832.0,6788100,0,19.22,19.59,18.76,19.21
300579,数字认证,28.66,0.7381370826010575,0.21000000000000085,88707472.28,3140478,0,28.35,28.71,27.8,28.45
300580,贝斯特,22.91,0.5706760316066681,0.129999999999999,108987787.08,4789067,0,22.88,23.04,22.36,22.78
300581,晨曦航空,15.58,-0.12820512820512547,-0.019999999999999574,280900585.28,18164783,0,15.51,15.89,15.21,15.6
300582,英飞特,14.93,1.4266304347826024,0.20999999999999908,89265948.61,6072195,0,14.76,14.99,14.43,14.72
300583,赛托生物,13.52,-2.3121387283237014,-0.3200000000000003,46749993.8,3463000,0,13.8,13.8,13.29,13.84
300584,海辰药业,50.55,6.04153555695405,2.8799999999999955,342313154.0,6859800,0,47.8,52.44,47.39,47.67
300585,奥联电子,20.74,-1.0496183206106986,-0.22000000000000242,162169014.73,7887941,0,21.0,21.27,20.17,20.96
300586,美联新材,9.63,1.3684210526315872,0.13000000000000078,65610723.7,6867570,0,9.5,9.7,9.4,9.5
300587,天铁科技,7.12,0.0,0.0,122006789.09,17357722,0,7.19,7.19,6.91,7.12
300588,熙菱信息,26.36,-0.7530120481927685,-0.1999999999999993,106606403.0,4017980,0,26.6,27.34,26.25,26.56
300589,江龙船艇,18.56,-0.2686727565824864,-0.05000000000000071,639998353.8,34889458,0,18.41,18.71,18.0,18.61
300590,移为通信,12.11,-0.8190008190008307,-0.10000000000000142,107334209.43,8937883,0,12.15,12.35,11.81,12.21
300591,万里马,9.41,-4.949494949494952,-0.4900000000000002,396361990.1,41963030,0,9.62,9.84,9.2,9.9
300592,华凯易佰,10.58,1.9267822736030757,0.1999999999999993,75245319.8,7186580,0,10.31,10.58,10.31,10.38
300593,新雷能,27.86,7.984496124031002,2.0599999999999987,1360737395.78,50253173,0,26.01,27.86,25.88,25.8
300594,朗进科技,16.68,3.2178217821782154,0.5199999999999996,54359139.0,3293300,0,16.45,16.84,16.21,16.16
300595,欧普康视,14.83,0.7472826086956483,0.10999999999999943,115623009.37,7836747,0,14.72,14.85,14.61,14.72
300596,利安隆,43.98,5.924855491329464,2.4599999999999937,454193176.22,10426598,0,41.52,44.19,41.52,41.52
300597,吉大通信,8.78,-0.7909604519774044,-0.07000000000000028,68372717.0,7858100,0,8.85,8.9,8.58,8.85
300598,诚迈科技,44.42,1.1845102505694833,0.5200000000000031,221198110.97,5034203,0,43.68,44.53,43.33,43.9
300599,雄塑科技,7.26,-0.9549795361528005,-0.07000000000000028,57241797.0,7890000,0,7.33,7.48,7.13,7.33
300600,国瑞科技,14.35,-1.0344827586206922,-0.15000000000000036,115768352.0,8177300,0,14.5,14.55,13.89,14.5
300601,康泰生物,15.0,1.1463250168577204,0.16999999999999993,123136552.8,8277511,0,14.85,15.03,14.7,14.83
300602,飞荣达,29.55,8.360836083608365,2.280000000000001,1052938399.84,36381948,0,27.2,29.67,27.2,27.27
300603,立昂技术,9.48,0.7438894792773676,0.07000000000000028,78061184.46,8383451,0,9.41,9.49,9.18,9.41
300604,长川科技,89.98,2.763819095477389,2.4200000000000017,2410676887.31,27205350,0,87.38,90.39,86.18,87.56
300605,恒锋信息,15.6,0.9708737864077693,0.15000000000000036,157796700.31,10306565,0,15.44,15.65,15.01,15.45
300606,金太阳,20.81,1.1175898931000994,0.23000000000000043,69063080.0,3379000,0,20.58,20.87,20.07,20.58
300607,拓斯达,27.62,1.0611050128064496,0.2900000000000027,215030150.25,7865360,0,27.3,27.8,26.92,27.33
300608,思特奇,11.17,2.00913242009133,0.22000000000000064,59812081.4,5411210,0,10.95,11.17,10.91,10.95
300609,汇纳科技,36.71,0.2731494127287665,0.10000000000000142,155042987.0,4305200,0,36.11,36.89,35.44,36.61
300610,晨化股份,11.16,0.8130081300812995,0.08999999999999986,29690292.8,2690626,0,11.08,11.2,10.86,11.07
300611,美力科技,26.14,0.8487654320987611,0.21999999999999886,132514050.0,5124300,0,25.9,26.24,25.49,25.92
300612,宣亚国际,16.14,2.34622701331643,0.370000000000001,212419652.34,13394749,0,15.7,16.14,15.58,15.77
300613,富瀚微,44.92,1.034637876743142,0.46000000000000085,130717551.18,2960197,0,44.32,45.01,43.51,44.46
300614,百川畅银,11.27,-11.746280344557556,-1.5,157544074.0,13735000,0,12.73,12.92,10.9,12.77
300615,欣天科技,12.96,1.8867924528301903,0.2400000000000002,80788733.08,6372326,0,12.71,13.0,12.42,12.72
300616,尚品宅配,13.14,-0.303490136570555,-0.03999999999999915,72634944.92,5552796,0,13.32,13.55,12.87,13.18
300617,安靠智电,31.18,0.7431340872374812,0.23000000000000043,65487584.25,2135225,0,30.95,31.24,30.0,30.95
300618,寒锐钴业,42.68,3.1166948538294252,1.2899999999999991,306781888.23,7278594,0,41.69,42.85,41.52,41.39
300619,金银河,44.01,4.141031708471369,1.75,476460838.36,10920462,0,42.87,44.3,42.87,42.26
300620,光库科技,166.92,7.130479430075082,11.109999999999985,3614007072.93,21969214,0,159.0,167.88,158.61,155.81
300621,维业股份,8.22,-1.0830324909747275,-0.08999999999999986,42219337.0,5161800,0,8.27,8.33,8.04,8.31
300622,博士眼镜,29.18,1.143847487001727,0.3299999999999983,239409647.9,8335571,0,28.71,29.24,28.15,28.85
300623,捷捷微电,27.22,0.3317360855141904,0.08999999999999986,414976841.63,15369340,0,27.02,27.38,26.51,27.13
300624,万兴科技,66.52,3.4686576450458695,2.2299999999999898,422593445.64,6444813,0,64.28,66.55,64.28,64.29
300625,三雄极光,11.78,-0.674536256323778,-0.08000000000000007,37858047.0,3243718,0,11.82,11.89,11.48,11.86
300626,华瑞股份,12.04,-1.633986928104584,-0.20000000000000107,102616855.0,8611600,0,12.2,12.26,11.69,12.24
300627,华测导航,31.8,0.7923930269413629,0.25,614987165.05,19562016,0,31.28,32.07,30.82,31.55
300628,亿联网络,36.13,0.6406685236768913,0.23000000000000398,296474742.41,8263719,0,35.66,36.3,35.57,35.9
300629,新劲刚,18.48,-2.014846235418871,-0.379999999999999,125354085.13,6818500,0,18.76,18.98,18.1,18.86
300630,普利退,0.89,1.1363636363636374,0.010000000000000009,32787848.0,36818346,0,0.9,0.95,0.86,0.88
300631,久吾高科,28.35,3.01598837209303,0.8300000000000018,89367090.0,3208700,0,27.7,28.4,27.31,27.52
300632,光莆股份,13.81,-1.8479033404406524,-0.2599999999999998,216759591.14,15787607,0,13.98,14.32,13.48,14.07
300633,开立医疗,26.62,0.41493775933609744,0.10999999999999943,54510878.72,2061800,0,26.55,26.71,26.04,26.51
300634,彩讯股份,23.72,1.7589017589017597,0.41000000000000014,208608699.89,8939409,0,23.41,23.72,22.94,23.31
300635,中达安,15.8,0.317460317460322,0.05000000000000071,44950553.0,2898400,0,15.6,15.85,15.2,15.75
300636,同和药业,7.65,0.7905138339921014,0.0600000000000005,36727186.74,4828384,0,7.59,7.66,7.54,7.59
300637,扬帆新材,11.72,-2.5768911055693993,-0.3099999999999987,103323948.0,8942800,0,11.98,12.09,11.27,12.03
300638,广和通,28.0,2.1897810218978155,0.6000000000000014,1038739473.1,37936556,0,27.28,28.14,26.7,27.4
300639,凯普生物,5.44,0.18416206261511373,0.010000000000000675,30085812.15,5568660,0,5.41,5.47,5.35,5.43
300640,德艺文创,7.38,1.6528925619834725,0.1200000000000001,270493841.95,36796625,0,7.3,7.48,7.21,7.26
300641,正丹股份,17.76,-0.1124859392575904,-0.019999999999999574,64059765.25,3626593,0,17.76,17.86,17.42,17.78
300642,透景生命,18.3,0.5494505494505573,0.10000000000000142,55642782.0,3075600,0,18.18,18.34,17.81,18.2
300643,万通智控,18.37,-0.16304347826085644,-0.029999999999997584,59252883.0,3246400,0,18.36,18.58,18.04,18.4
300644,南京聚隆,32.05,1.552598225602023,0.48999999999999844,55307439.0,1756700,0,31.53,32.05,30.95,31.56
300645,正元智慧,17.21,0.058139534883730026,0.010000000000001563,51033254.28,2993846,0,17.13,17.33,16.81,17.2
300647,超频三,6.57,-1.4992503748125883,-0.09999999999999964,133672492.5,20518450,0,6.64,6.76,6.37,6.67
300648,星云股份,53.99,5.038910505836583,2.5900000000000034,453137717.0,8585300,0,51.4,54.2,51.0,51.4
300649,杭州园林,13.68,0.5882352941176475,0.08000000000000007,36918733.0,2730400,0,13.67,13.77,13.29,13.6
300650,太龙股份,16.72,0.60168471720817,0.09999999999999787,133871871.0,8175200,0,16.62,16.79,15.99,16.62
300651,金陵体育,20.32,-1.930501930501924,-0.3999999999999986,111699650.95,5533313,0,20.5,20.58,19.88,20.72
300652,雷迪克,49.96,1.8344883815735804,0.8999999999999986,80339126.65,1627377,0,48.93,50.0,48.06,49.06
300653,正海生物,20.43,0.6403940886699458,0.129999999999999,43121031.46,2137582,0,20.3,20.44,19.91,20.3
300654,世纪天鸿,9.24,0.6535947712418355,0.0600000000000005,97702609.06,10742881,0,9.14,9.29,8.95,9.18
300655,晶瑞电材,17.38,-3.44444444444445,-0.620000000000001,1923046874.83,111951964,0,17.7,17.74,16.77,18.0
300656,民德电子,20.09,-0.4952947003467133,-0.10000000000000142,41093512.0,2071510,0,20.19,20.23,19.53,20.19
300657,弘信电子,27.98,3.2853451458102647,0.8900000000000006,449580942.74,16375306,0,27.0,28.08,26.81,27.09
300658,延江股份,11.96,-2.207686017988549,-0.2699999999999996,165317677.83,13678220,0,12.33,12.38,11.93,12.23
300659,中孚信息,15.36,-3.9399624765478474,-0.6300000000000008,339812211.0,22269500,0,15.88,16.13,14.73,15.99
300660,江苏雷利,46.86,1.7368649587494511,0.7999999999999972,261514039.65,5655403,0,46.02,47.25,45.5,46.06
300661,圣邦股份,66.03,2.594779366065882,1.6700000000000017,667465522.28,10221958,0,64.23,66.09,64.05,64.36
300662,科锐国际,25.05,0.4008016032064185,0.10000000000000142,128862506.0,5088100,0,24.92,25.98,24.73,24.95
300663,科蓝软件,17.01,-0.7005253940455193,-0.11999999999999744,160864317.13,9542929,0,17.01,17.19,16.6,17.13
300664,鹏鹞环保,5.33,-0.3738317757009266,-0.019999999999999574,54071338.0,10215100,0,5.32,5.35,5.24,5.35
300665,飞鹿股份,9.41,-0.10615711252653702,-0.009999999999999787,73918843.6,7934900,0,9.44,9.47,9.18,9.42
300666,江丰电子,91.87,2.066437062548605,1.8599999999999994,1084129642.51,11994666,0,89.0,92.15,87.51,90.01
300667,必创科技,16.5,-1.844140392623431,-0.3099999999999987,160970132.0,9826400,0,16.71,16.89,16.1,16.81
300668,杰恩设计,19.15,-0.1564129301355638,-0.030000000000001137,42630052.5,2240950,0,19.2,19.28,18.77,19.18
300669,沪宁股份,25.09,-0.03984063745020543,-0.010000000000001563,32017141.0,1293850,0,25.1,25.42,24.27,25.1
300670,大烨智能,7.61,1.3315579227696475,0.10000000000000053,68435785.2,9106900,0,7.51,7.85,7.3,7.51
300671,富满微,32.23,1.0661649419880725,0.3399999999999963,121109473.98,3813658,0,31.8,32.28,31.26,31.89
300672,国科微,99.2,3.011422637590868,2.9000000000000057,678788928.86,6924314,0,96.8,100.39,95.05,96.3
300673,佩蒂股份,17.88,0.562429696287952,0.09999999999999787,80993620.5,4522350,0,17.78,18.24,17.56,17.78
300674,宇信科技,21.8,0.5999077065066866,0.129999999999999,296307953.16,13772790,0,21.56,21.95,21.11,21.67
300675,建科院,15.21,-0.45811518324606354,-0.06999999999999851,44853445.0,2979300,0,15.28,15.34,14.88,15.28
300676,华大基因,45.68,1.7371937639198243,0.7800000000000011,196933998.86,4352364,0,44.7,45.84,44.7,44.9
300677,英科医疗,44.75,4.556074766355147,1.9500000000000028,593320141.78,13522718,0,42.73,45.0,41.97,42.8
300678,中科信息,29.4,0.7194244604316454,0.2099999999999973,138865090.44,4767692,0,29.29,29.49,28.7,29.19
300679,电连技术,48.78,3.194415062407442,1.509999999999998,564439156.18,11586047,0,47.17,49.5,47.02,47.27
300680,隆盛科技,45.89,1.0570358951772825,0.480000000000004,306020555.6,6729004,0,45.25,46.45,44.69,45.41
300681,英搏尔,24.02,1.3074652045550346,0.3099999999999987,234284292.6,9864103,0,23.66,24.2,23.3,23.71
300682,朗新集团,15.18,1.1999999999999982,0.17999999999999972,208660722.88,13919666,0,14.95,15.22,14.74,15.0
300683,海特生物,27.95,0.61195104391648,0.16999999999999815,79440753.0,2890000,0,27.78,27.95,27.1,27.78
300684,中石科技,46.8,11.508220157255177,4.829999999999998,1641889503.6,36264640,0,42.3,46.8,42.3,41.97
300685,艾德生物,20.49,0.7374631268436509,0.14999999999999858,101898463.96,5001384,0,20.34,20.56,20.16,20.34
300686,智动力,14.9,3.2571032571032617,0.47000000000000064,106293642.0,7230400,0,14.48,15.01,14.24,14.43
300687,赛意信息,22.22,1.4611872146118734,0.3200000000000003,207575115.72,9453126,0,21.71,22.28,21.61,21.9
300688,创业黑马,29.01,0.13807386952020262,0.0400000000000027,261530756.5,9147700,0,28.49,29.31,28.0,28.97
300689,澄天伟业,43.18,1.7196702002355637,0.7299999999999969,57539523.6,1361830,0,42.46,43.45,41.3,42.45
300690,双一科技,31.27,-2.3422860712055074,-0.7500000000000036,244911579.31,7878705,0,31.96,32.11,30.41,32.02
300691,联合光电,16.79,-1.4092777451556193,-0.240000000000002,105043102.82,6334484,0,16.82,17.01,16.35,17.03
300692,中环环保,8.5,1.0701545778834702,0.08999999999999986,74492807.39,8825221,0,8.38,8.6,8.32,8.41
300693,盛弘股份,39.02,3.6663124335813038,1.3800000000000026,343995640.4,8992954,0,37.72,39.15,37.4,37.64
300694,蠡湖股份,11.7,-0.5947323704333074,-0.07000000000000028,54635568.0,4710500,0,11.75,11.86,11.43,11.77
300695,兆丰股份,87.12,2.0259983604637593,1.730000000000004,53057179.95,614005,0,85.06,87.79,84.9,85.39
300696,爱乐达,26.12,-0.7975693125712012,-0.2099999999999973,162395517.37,6287749,0,26.33,26.54,25.4,26.33
300697,电工合金,16.33,1.3027295285359632,0.2099999999999973,148782561.4,9237845,0,16.12,16.37,15.79,16.12
300698,万马科技,40.01,-1.912233390536899,-0.7800000000000011,407548332.55,10173221,0,40.29,41.66,38.63,40.79
300699,光威复材,29.94,-0.8609271523178742,-0.259999999999998,515138739.19,17275183,0,30.02,30.29,29.52,30.2
300700,岱勒新材,12.5,4.953820319059613,0.5899999999999999,140774573.59,11497673,0,11.88,12.56,11.79,11.91
300701,森霸传感,13.86,5.399239543726229,0.7099999999999991,445638530.46,32936339,0,12.89,13.88,12.87,13.15
300702,天宇股份,23.61,1.548387096774191,0.35999999999999943,39632141.0,1683700,0,23.25,23.78,23.25,23.25
300703,创源股份,22.93,0.39404553415061233,0.08999999999999986,75911221.0,3341500,0,22.85,23.05,22.4,22.84
300705,九典制药,15.35,0.9868421052631603,0.15000000000000036,60564233.1,3968766,0,15.2,15.38,15.17,15.2
300706,阿石创,35.18,0.7445589919816666,0.259999999999998,166874115.2,4812690,0,34.84,35.35,33.96,34.92
300707,威唐工业,15.61,-1.3274336283185895,-0.21000000000000085,137454488.0,8795500,0,15.98,16.16,15.26,15.82
300708,聚灿光电,8.7,0.2304147465437739,0.019999999999999574,202177287.34,23590361,0,8.62,8.72,8.45,8.68
300709,精研科技,43.07,3.8331726133076267,1.5900000000000034,193941137.08,4585232,0,41.47,43.1,41.45,41.48
300710,万隆光电,0.0,-100.0,-25.73,0.0,0,0,0.0,0.0,0.0,25.73
300711,广哈通信,21.69,0.743149094287042,0.16000000000000014,120838182.44,5684336,0,21.55,21.88,20.76,21.53
300712,永福股份,27.8,-0.07189072609633204,-0.019999999999999574,123939785.22,4524486,0,27.89,28.0,27.01,27.82
300713,英可瑞,16.95,1.3755980861244046,0.23000000000000043,66554931.2,3971720,0,16.82,17.15,16.41,16.72
300715,凯伦股份,10.48,0.19120458891012976,0.019999999999999574,32947995.94,3160858,0,10.39,10.65,10.28,10.46
300716,ST泉为,9.95,2.577319587628866,0.25,28650969.0,2969450,0,9.69,10.0,9.22,9.7
300717,华信新材,18.28,0.32930845225028693,0.060000000000002274,29887962.5,1651450,0,18.2,18.41,17.84,18.22
300718,长盛轴承,78.8,1.3765598867875892,1.0699999999999932,317515128.07,4057968,0,77.76,79.38,77.0,77.73
300719,安达维尔,16.3,-2.5702331141661667,-0.4299999999999997,118165081.0,7302050,0,16.79,16.86,15.92,16.73
300720,海川智能,28.64,0.9517095523440239,0.2699999999999996,221281896.0,7656920,0,28.69,29.8,28.22,28.37
300721,怡达股份,12.53,-0.5555555555555578,-0.07000000000000028,52006851.26,4196022,0,12.66,12.7,12.24,12.6
300722,新余国科,31.61,-1.8322981366459732,-0.5900000000000034,221429203.08,7054873,0,32.08,32.5,30.75,32.2
300723,一品红,33.34,-0.23937761819269385,-0.0799999999999983,829041279.9,25581324,0,32.91,33.45,31.7,33.42
300724,捷佳伟创,88.32,2.5664847288352033,2.2099999999999937,858923753.2,9863624,0,86.21,88.7,85.32,86.11
300725,药石科技,37.93,1.0658140154542994,0.3999999999999986,128665541.9,3430073,0,37.53,37.96,37.04,37.53
300726,宏达电子,40.35,0.3232222774738999,0.13000000000000256,268745675.26,6759964,0,40.2,40.56,39.06,40.22
300727,润禾材料,34.2,7.412060301507547,2.360000000000003,255727352.54,7653756,0,31.84,34.7,31.84,31.84
300729,乐歌股份,13.58,0.9665427509293738,0.13000000000000078,33843800.28,2498709,0,13.46,13.68,13.41,13.45
300730,科创信息,12.61,0.8799999999999953,0.10999999999999943,92755967.6,7455885,0,12.41,12.65,12.23,12.5
300731,科创新源,53.18,11.022964509394575,5.280000000000001,1205307743.72,23248378,0,48.35,53.67,48.35,47.9
300732,设研院,7.38,-0.2702702702702765,-0.020000000000000462,52716211.85,7193401,0,7.38,7.45,7.24,7.4
300733,西菱动力,17.47,-1.853932584269673,-0.33000000000000185,119088676.0,6903800,0,17.71,17.94,16.81,17.8
300735,光弘科技,24.3,1.7587939698492534,0.4200000000000017,209535469.92,8729012,0,23.89,24.39,23.63,23.88
300736,百邦科技,19.38,-0.30864197530865367,-0.060000000000002274,199178535.6,10402340,0,19.5,19.68,18.66,19.44
300737,科顺股份,5.21,-1.6981132075471674,-0.08999999999999986,118514475.75,22816005,0,5.3,5.33,5.11,5.3
300738,奥飞数据,18.27,1.0508849557522195,0.19000000000000128,382769111.86,21164379,0,17.96,18.4,17.82,18.08
300739,明阳电路,17.68,2.0196191575303026,0.3500000000000014,310942926.21,18018346,0,17.26,17.72,16.78,17.33
300740,水羊股份,22.44,2.512562814070355,0.5500000000000007,807504400.05,36216586,0,21.89,23.09,21.29,21.89
300741,华宝股份,19.35,2.0569620253164587,0.39000000000000057,85373237.0,4457100,0,18.92,19.46,18.75,18.96
300743,天地数码,19.99,1.2664640324214793,0.25,154390045.77,7764341,0,19.7,20.12,19.53,19.74
300745,欣锐科技,25.09,0.400160064025616,0.10000000000000142,128445220.58,5190439,0,25.0,25.27,24.38,24.99
300746,汉嘉设计,11.89,-0.916666666666662,-0.10999999999999943,39263657.0,3327100,0,12.0,12.04,11.61,12.0
300747,锐科激光,25.03,-0.1993620414672933,-0.04999999999999716,272355819.73,11012552,0,24.91,25.25,24.34,25.08
300748,金力永磁,33.05,1.3803680981594961,0.44999999999999574,1066230933.48,32810556,0,32.6,33.1,31.86,32.6
300749,顶固集创,10.58,0.9541984732824393,0.09999999999999964,59158949.0,5658400,0,10.57,10.64,10.27,10.48
300750,宁德时代,383.42,1.3239607832773952,5.009999999999991,8453303233.62,22257408,0,376.45,384.5,375.06,378.41
300751,迈为股份,157.73,0.08248730964466716,0.12999999999999545,1493933229.4,9507418,0,157.78,159.99,154.63,157.6
300752,隆利科技,17.57,0.22818026240729689,0.03999999999999915,67892982.08,3922048,0,17.56,17.64,17.02,17.53
300753,爱朋医疗,25.82,1.1359185272228716,0.28999999999999915,135631724.88,5220097,0,25.55,26.78,25.32,25.53
300755,华致酒行,18.21,2.3033707865168545,0.41000000000000014,131309914.48,7258665,0,17.95,18.4,17.68,17.8
300756,金马游乐,56.04,0.7008086253369282,0.39000000000000057,141231874.99,2534893,0,56.34,56.5,54.91,55.65
300757,罗博特科,212.78,4.437027584175906,9.039999999999992,1245669124.49,5973490,0,205.0,213.8,202.12,203.74
300758,七彩化学,12.3,1.1513157894736887,0.14000000000000057,54914844.56,4489390,0,12.27,12.42,12.1,12.16
300759,康龙化成,29.19,2.9266572637517694,0.8300000000000018,461669638.73,16014621,0,28.38,29.4,28.31,28.36
300760,迈瑞医疗,196.36,0.7956470407063351,1.5500000000000114,1128723674.96,5777455,0,194.8,197.84,193.47,194.81
300761,立华股份,20.29,-0.6366307541625982,-0.13000000000000256,214089874.68,10610092,0,21.0,21.0,19.8,20.42
300762,上海瀚讯,34.4,3.739445114595905,1.240000000000002,3291434313.11,96222843,0,33.04,35.2,32.93,33.16
300763,锦浪科技,71.35,2.396670493685401,1.6699999999999875,491354474.26,6973975,0,69.75,71.48,69.35,69.68
300765,新诺威,29.03,1.149825783972132,0.33000000000000185,281339611.85,9766256,0,28.57,29.2,28.41,28.7
300766,每日互动,30.37,1.4700968927497537,0.4400000000000013,308999715.98,10252290,0,29.83,30.5,29.7,29.93
300767,震安科技,20.66,0.4863813229572054,0.10000000000000142,126534967.19,6228582,0,20.6,20.74,19.92,20.56
300768,迪普科技,18.52,0.0,0.0,105228328.64,5740939,0,18.51,18.66,18.05,18.52
300769,德方纳米,43.75,3.993344425956738,1.6799999999999997,805641876.12,18696825,0,42.61,43.76,42.29,42.07
300770,新媒股份,42.71,1.4730339748158647,0.6199999999999974,84447320.31,1994314,0,42.08,42.98,41.95,42.09
300771,智莱科技,15.58,-6.81818181818181,-1.1399999999999988,939232262.8,59047100,0,16.1,16.7,15.48,16.72
300772,运达股份,19.05,2.6954177897574123,0.5,212924046.72,11345860,0,18.48,19.15,18.21,18.55
300773,拉卡拉,22.12,-1.819795827785176,-0.41000000000000014,965960108.01,44336140,0,22.19,22.35,21.33,22.53
300774,倍杰特,17.9,4.9237983587338805,0.8399999999999999,264534571.52,15149961,0,17.0,18.15,16.7,17.06
300775,三角防务,28.64,-0.27855153203342026,-0.0799999999999983,883341526.66,31373200,0,28.5,28.81,27.6,28.72
300776,帝尔激光,58.46,0.5331040412725749,0.3100000000000023,246757911.97,4275104,0,57.89,58.8,57.0,58.15
300777,中简科技,32.83,-0.6355932203389856,-0.21000000000000085,367797729.06,11254152,0,32.75,33.2,32.32,33.04
300778,新城市,12.42,-1.8181818181818215,-0.23000000000000043,62091595.6,5028980,0,12.6,12.66,12.16,12.65
300779,惠城环保,142.72,3.773722096997017,5.189999999999998,703369663.92,5047691,0,137.0,142.9,135.2,137.53
300780,德恩精工,17.4,-4.132231404958678,-0.75,121693331.06,7002556,0,18.16,18.2,17.04,18.15
300781,因赛集团,32.3,1.063829787234031,0.3399999999999963,109921414.22,3441613,0,32.1,32.33,31.34,31.96
300782,卓胜微,78.78,7.300463089076545,5.359999999999999,2472019658.91,31674089,0,74.0,80.7,73.6,73.42
300783,三只松鼠,23.64,-0.08453085376162119,-0.019999999999999574,363446346.36,15385924,0,23.49,24.11,23.08,23.66
300784,利安科技,48.89,-1.0724403075677886,-0.5300000000000011,21349886.0,438900,0,49.14,49.56,48.0,49.42
300785,值得买,39.49,2.0413436692506437,0.7899999999999991,417917951.0,10699108,0,38.7,39.53,38.33,38.7
300786,国林科技,15.31,-1.098191214470284,-0.16999999999999993,99300446.0,6580500,0,15.4,15.42,14.87,15.48
300787,海能实业,11.15,0.45045045045045684,0.05000000000000071,52189657.36,4731424,0,11.03,11.2,10.9,11.1
300788,中信出版,27.45,1.366322008862633,0.370000000000001,31588200.0,1160300,0,27.25,27.45,27.05,27.08
300789,唐源电气,21.05,0.04752851711027359,0.010000000000001563,28113414.57,1348156,0,20.97,21.14,20.55,21.04
300790,宇瞳光学,30.16,0.8695652173913095,0.26000000000000156,524051993.33,17691079,0,29.6,30.28,28.82,29.9
300791,仙乐健康,23.79,0.12626262626261608,0.029999999999997584,85439194.42,3606283,0,23.7,24.2,23.25,23.76
300792,壹网壹创,27.99,1.3029315960912031,0.35999999999999943,160813277.33,5864606,0,27.32,27.99,26.77,27.63
300793,佳禾智能,15.6,0.6451612903225784,0.09999999999999964,152286464.1,9907590,0,15.43,15.64,15.04,15.5
300795,米奥会展,13.83,-1.143674052894926,-0.16000000000000014,34439646.0,2491950,0,14.04,14.04,13.67,13.99
300796,贝斯美,8.32,-1.0701545778834702,-0.08999999999999986,47751768.0,5774900,0,8.41,8.42,8.16,8.41
300797,钢研纳克,16.01,-3.0284675953967293,-0.5,117939829.75,7351874,0,16.5,16.68,15.7,16.51
300798,锦鸡股份,7.03,0.28530670470756725,0.020000000000000462,46406140.0,6657900,0,7.01,7.06,6.86,7.01
300800,力合科技,11.02,-0.8992805755395652,-0.09999999999999964,24266067.5,2206050,0,11.12,11.17,10.85,11.12
300801,泰和科技,26.44,1.6141429669485077,0.4200000000000017,126541370.8,4841500,0,26.1,26.5,25.7,26.02
300802,矩子科技,18.16,0.6094182825484733,0.10999999999999943,55500509.4,3092160,0,18.05,18.2,17.69,18.05
300803,指南针,134.65,5.187094758222026,6.640000000000015,5931938795.3,44929793,0,126.5,138.0,126.0,128.01
300804,广康生化,33.93,1.1627906976744202,0.39000000000000057,33896200.91,1014831,0,33.49,33.97,32.77,33.54
300805,电声股份,10.29,0.7835455435847041,0.0799999999999983,66297543.0,6520100,0,10.18,10.33,10.02,10.21
300806,斯迪克,26.8,3.434967194133541,0.8900000000000006,237281773.71,8970379,0,25.86,27.0,25.83,25.91
300807,天迈科技,47.05,-4.467005076142138,-2.200000000000003,252054279.5,5340050,0,48.38,49.8,45.0,49.25
300808,久量股份,29.05,2.722772277227721,0.7699999999999996,47199267.5,1659975,0,28.16,29.19,27.85,28.28
300809,华辰装备,33.15,-0.15060240963856705,-0.05000000000000426,125185348.04,3800864,0,33.23,33.54,32.51,33.2
300810,中科海讯,37.15,0.9785267735797756,0.35999999999999943,86539186.0,2360400,0,36.55,37.23,36.15,36.79
300811,铂科新材,71.16,4.524089306698,3.0799999999999983,385677264.35,5523779,0,68.08,71.58,68.08,68.08
300812,易天股份,28.83,9.080590238365488,2.3999999999999986,335744589.4,12159660,0,26.43,29.13,25.93,26.43
300813,泰林生物,24.72,0.6514657980456032,0.16000000000000014,40991877.2,1676800,0,24.56,24.88,23.99,24.56
300814,中富电路,78.64,9.986013986013987,7.140000000000001,1348696378.5,17565753,0,72.8,79.2,72.69,71.5
300815,玉禾田,21.83,0.27560863573724725,0.05999999999999872,150476216.0,6942628,0,21.92,22.18,21.3,21.77
300816,艾可蓝,40.37,0.5729945191828522,0.22999999999999687,56698940.0,1421000,0,40.46,40.8,39.12,40.14
300817,双飞集团,18.49,-1.386666666666675,-0.26000000000000156,51964668.94,2831911,0,18.75,18.99,18.05,18.75
300818,耐普矿机,34.08,2.5888019265502695,0.8599999999999994,64260454.0,1909120,0,33.4,34.11,33.12,33.22
300819,聚杰微纤,25.3,0.5564387917329116,0.14000000000000057,80709665.0,3243500,0,25.13,25.33,24.45,25.16
300820,英杰电气,47.46,0.23231256599788686,0.10999999999999943,135794765.8,2890524,0,47.16,47.79,46.3,47.35
300821,东岳硅材,11.77,3.245614035087712,0.3699999999999992,451714950.77,38939365,0,11.4,11.85,11.32,11.4
300822,贝仕达克,15.72,0.12738853503185574,0.02000000000000135,57207565.63,3691022,0,15.65,15.85,15.13,15.7
300823,建科智能,14.51,-0.34340659340659824,-0.05000000000000071,33305964.99,2303109,0,14.56,14.71,14.25,14.56
300824,北鼎股份,11.2,0.0,0.0,32436027.5,2920250,0,11.23,11.27,10.94,11.2
300825,阿尔特,9.21,-0.5399568034557121,-0.049999999999998934,67815146.0,7428000,0,9.24,9.37,9.0,9.26
300826,测绘股份,16.58,-0.7779772591262869,-0.13000000000000256,39662951.02,2405803,0,16.61,16.71,16.38,16.71
300827,上能电气,36.26,3.422703936109514,1.1999999999999957,913336210.29,25582091,0,35.0,36.6,34.81,35.06
300828,锐新科技,15.36,1.4531043593130704,0.21999999999999886,48820563.0,3232200,0,15.08,15.37,14.85,15.14
300829,金丹科技,16.7,1.3349514563106726,0.21999999999999886,52365820.96,3178080,0,16.45,16.71,16.19,16.48
300830,金现代,10.07,1.5120967741935518,0.15000000000000036,78588092.56,7874869,0,9.9,10.12,9.85,9.92
300831,派瑞股份,12.88,-0.3095975232198076,-0.03999999999999915,50947375.11,3985433,0,12.9,13.01,12.61,12.92
300832,新产业,60.27,1.8074324324324327,1.0700000000000003,189616305.95,3169805,0,58.93,60.5,58.93,59.2
300833,浩洋股份,43.0,1.4390186364708644,0.6099999999999994,51307395.65,1199545,0,42.02,43.5,41.72,42.39
300834,星辉环材,21.39,0.51691729323308,0.10999999999999943,20203876.0,954600,0,21.28,21.43,21.0,21.28
300835,龙磁科技,60.6,1.7119838872104787,1.0200000000000031,132204254.31,2195783,0,59.7,60.86,59.6,59.58
300836,佰奥智能,52.95,0.43626707132018966,0.23000000000000398,71999306.78,1366354,0,52.72,53.97,51.84,52.72
300837,浙矿股份,30.14,-0.26472534745201287,-0.0799999999999983,162110997.6,5443820,0,30.01,30.68,28.8,30.22
300838,浙江力诺,13.78,-0.21723388848661213,-0.030000000000001137,29465526.0,2157000,0,13.81,13.88,13.44,13.81
300839,博汇股份,11.75,-1.0109519797809539,-0.11999999999999922,37259284.39,3180915,0,11.92,11.92,11.5,11.87
300840,酷特智能,16.3,0.5552128315854401,0.08999999999999986,78882372.0,4917400,0,16.2,16.35,15.77,16.21
300841,康华生物,75.75,2.9771615008156576,2.1899999999999977,102201910.4,1369112,0,73.6,75.93,73.5,73.56
300842,帝科股份,60.46,-3.680101959534813,-2.3100000000000023,526279798.95,8688808,0,65.0,65.0,58.68,62.77
300843,胜蓝股份,46.65,5.590765052059753,2.469999999999999,313511017.56,6814601,0,44.3,46.8,44.28,44.18
300844,山水比德,33.94,-0.46920821114370587,-0.1600000000000037,39367596.53,1168229,0,34.09,34.23,33.0,34.1
300845,捷安高科,10.88,-0.1834862385321062,-0.019999999999999574,47572453.79,4409228,0,10.87,11.02,10.6,10.9
300846,首都在线,18.42,1.4317180616740173,0.26000000000000156,191041053.81,10489916,0,18.18,18.45,17.94,18.16
300847,中船汉光,16.52,-0.3017501508750797,-0.05000000000000071,86563488.1,5285360,0,16.54,16.66,16.18,16.57
300848,美瑞新材,14.4,1.337086558761432,0.1899999999999995,48557594.7,3419075,0,14.16,14.42,14.0,14.21
300849,锦盛新材,16.41,1.609907120743044,0.26000000000000156,33043752.0,2034800,0,16.15,16.45,16.01,16.15
300850,新强联,45.83,1.080723423026014,0.4899999999999949,390965920.34,8702874,0,45.44,45.87,44.05,45.34
300851,交大思诺,25.89,0.8963367108339846,0.23000000000000043,22506151.46,875718,0,25.81,26.13,25.32,25.66
300852,四会富仕,36.68,3.32394366197183,1.1799999999999997,124533518.69,3473431,0,35.48,36.73,35.08,35.5
300853,申昊科技,19.26,-0.4136504653567647,-0.0799999999999983,50445711.0,2643100,0,19.22,19.5,18.81,19.34
300854,中兰环保,15.51,-0.6406149903907729,-0.09999999999999964,35813894.0,2322400,0,15.69,15.71,15.11,15.61
300855,图南股份,29.9,-0.3333333333333381,-0.10000000000000142,247442271.96,8369002,0,29.96,30.28,28.77,30.0
300856,科思股份,15.6,0.5154639175257737,0.08000000000000007,154663740.66,9963556,0,15.52,15.88,15.25,15.52
300857,协创数据,142.22,1.9498207885304653,2.719999999999999,2006337965.65,14214138,0,143.02,146.3,136.46,139.5
300858,科拓生物,16.36,-1.0882708585247867,-0.17999999999999972,68699628.05,4193600,0,16.48,16.69,16.11,16.54
300859,西域旅游,38.02,4.479252541907124,1.6300000000000026,492017768.93,13039103,0,36.3,38.39,36.09,36.39
300860,锋尚文化,26.05,-1.698113207547167,-0.4499999999999993,187371838.96,7269266,0,26.49,26.56,25.31,26.5
300861,美畅股份,14.21,0.14094432699084813,0.02000000000000135,99890000.79,7099612,0,14.19,14.27,13.9,14.19
300862,蓝盾光电,21.95,-0.4083484573502716,-0.08999999999999986,103822406.6,4774180,0,22.04,22.2,21.35,22.04
300863,卡倍亿,49.37,1.7938144329896857,0.8699999999999974,115761390.7,2373032,0,48.5,49.39,47.64,48.5
300864,南大环境,19.23,0.3129890453834049,0.05999999999999872,17297270.71,902566,0,19.17,19.46,19.01,19.17
300865,大宏立,26.21,-0.38008361839603905,-0.09999999999999787,34663655.0,1332100,0,26.58,26.58,25.62,26.31
300866,安克创新,110.26,1.4351425942962301,1.5600000000000023,389239634.19,3578618,0,108.4,110.89,106.81,108.7
300867,圣元环保,20.09,-2.238442822384432,-0.46000000000000085,194940088.03,9744292,0,20.32,20.57,19.68,20.55
300868,杰美特,27.85,1.679445052939032,0.46000000000000085,43711399.28,1572734,0,27.4,28.19,26.96,27.39
300869,康泰医学,15.35,-0.518470511989631,-0.08000000000000007,45606945.65,2985159,0,15.4,15.44,15.11,15.43
300870,欧陆通,219.16,9.51976412972864,19.049999999999983,1944635089.02,9066912,0,205.01,220.98,205.01,200.11
300871,回盛生物,20.43,-1.3043478260869545,-0.2699999999999996,167245185.02,8232500,0,20.99,21.08,19.9,20.7
300872,天阳科技,19.23,-2.4847870182555702,-0.48999999999999844,593000945.08,31331051,0,19.5,19.5,18.48,19.72
300873,海晨股份,21.88,3.7458511142721624,0.7899999999999991,76004584.8,3531540,0,21.1,22.02,20.96,21.09
300875,捷强装备,39.64,1.4589198873816234,0.5700000000000003,121596823.02,3119173,0,39.26,39.64,38.12,39.07
300876,蒙泰高新,35.01,-2.1520402459474655,-0.7700000000000031,118361953.89,3415124,0,35.61,35.99,33.8,35.78
300877,金春股份,25.6,-0.15600624024960666,-0.03999999999999915,29527984.0,1164300,0,25.55,25.72,25.01,25.64
300878,维康药业,20.87,0.9187620889748612,0.19000000000000128,39908617.0,1934300,0,20.53,20.95,20.3,20.68
300879,大叶股份,28.54,-3.089983022071308,-0.9100000000000001,140390655.1,4923860,0,29.09,29.4,28.0,29.45
300880,迦南智能,17.59,0.45688178183893935,0.0799999999999983,27956455.3,1610817,0,17.51,17.64,17.0,17.51
300881,盛德鑫泰,32.68,-0.5477784540474733,-0.17999999999999972,44246346.5,1366790,0,32.84,32.89,31.91,32.86
300882,万胜智能,18.68,-0.26695141484250245,-0.05000000000000071,109759403.73,5965547,0,18.65,18.84,18.1,18.73
300883,龙利得,6.47,-1.2213740458015279,-0.08000000000000007,39141259.0,6085900,0,6.5,6.57,6.33,6.55
300884,狄耐克,14.09,-2.9614325068870504,-0.4299999999999997,196967928.9,14008838,0,14.53,14.67,13.75,14.52
300885,海昌新材,22.79,-0.0876808417360788,-0.019999999999999574,221141146.78,9830729,0,22.73,23.05,22.03,22.81
300886,华业香料,25.19,0.07945967421533401,0.019999999999999574,32209543.5,1289950,0,25.2,25.35,24.62,25.17
300887,谱尼测试,7.74,-8.941176470588234,-0.7599999999999998,255636187.91,32689889,0,8.45,8.49,7.47,8.5
300888,稳健医疗,38.19,1.785714285714271,0.6699999999999946,141225464.4,3734939,0,37.4,38.3,37.28,37.52
300889,爱克股份,20.62,-2.8275212064090383,-0.5999999999999979,144327451.4,6959400,0,21.22,21.43,20.38,21.22
300890,翔丰华,29.35,2.158022972502614,0.620000000000001,127444645.68,4414300,0,28.85,29.35,28.37,28.73
300891,惠云钛业,8.43,-0.7067137809187337,-0.0600000000000005,41787517.0,4997100,0,8.48,8.53,8.27,8.49
300892,品渥食品,31.86,-0.5928237129485109,-0.18999999999999773,149576377.67,4701864,0,31.55,32.58,31.03,32.05
300893,松原安全,24.14,1.8565400843881912,0.4400000000000013,71273330.03,2982886,0,23.6,24.15,23.49,23.7
300894,火星人,11.28,0.5347593582887586,0.05999999999999872,48309281.16,4349556,0,11.22,11.28,10.91,11.22
300895,铜牛信息,45.36,1.4538134645493146,0.6499999999999986,136139044.0,3061398,0,44.44,45.4,43.81,44.71
300896,爱美客,142.01,1.031587933978364,1.4499999999999886,482656485.36,3430181,0,139.31,142.4,138.0,140.56
300897,山科智能,24.95,0.12038523274477361,0.029999999999997584,45255929.97,1848665,0,24.92,24.99,24.04,24.92
300898,熊猫乳品,28.29,1.5069967707211989,0.41999999999999815,326641914.18,11572064,0,27.61,29.15,27.27,27.87
300899,*ST凯鑫,31.15,1.1035378123985715,0.33999999999999986,13332120.0,432600,0,30.82,31.29,30.31,30.81
300900,广联航空,22.47,-2.979274611398969,-0.6900000000000013,631228138.47,28295037,0,22.9,23.37,21.88,23.16
300901,中胤时尚,16.12,2.1546261089987433,0.34000000000000163,43107102.02,2699759,0,15.83,16.25,15.68,15.78
300902,国安达,21.27,0.4723665564477934,0.09999999999999787,166305258.11,7934180,0,21.17,21.36,20.55,21.17
300903,科翔股份,18.64,-0.9037745879851046,-0.16999999999999815,490956799.1,26607431,0,18.92,19.14,18.04,18.81
300904,威力传动,63.13,1.446247790454774,0.9000000000000057,51171827.0,825300,0,62.23,63.2,61.06,62.23
300905,宝丽迪,31.3,0.4815409309791401,0.15000000000000213,68107613.09,2197399,0,31.18,31.33,30.62,31.15
300906,日月明,36.57,6.092254134029595,2.1000000000000014,294125495.0,8167293,0,33.62,36.57,33.62,34.47
300907,康平科技,28.4,1.320014270424536,0.36999999999999744,48012212.45,1718300,0,28.07,28.43,27.55,28.03
300908,仲景食品,28.04,0.9359251259899136,0.259999999999998,38914907.36,1391611,0,27.68,28.25,27.52,27.78
300909,汇创达,42.26,-1.2155212716222605,-0.5200000000000031,155984359.0,3677600,0,42.89,43.77,41.7,42.78
300910,瑞丰新材,57.92,1.2587412587412568,0.7199999999999989,88529388.27,1535080,0,57.27,58.2,56.91,57.2
300911,亿田智能,33.26,1.5572519083969405,0.509999999999998,123797778.88,3740283,0,32.56,33.85,32.35,32.75
300912,凯龙高科,15.52,0.12903225806451338,0.019999999999999574,45341670.0,2952200,0,15.51,15.78,15.08,15.5
300913,兆龙互连,53.94,5.4339327599687275,2.780000000000001,422749746.65,7993022,0,51.29,54.03,51.29,51.16
300915,海融科技,23.5,-0.2123142250530816,-0.05000000000000071,21105450.38,900707,0,23.43,23.72,23.12,23.55
300916,朗特智能,32.75,0.4601226993864987,0.14999999999999858,39313701.24,1215904,0,32.5,32.96,31.92,32.6
300917,特发服务,39.84,-0.6979062811565155,-0.27999999999999403,249032486.4,6305018,0,39.72,40.21,39.0,40.12
300918,南山智尚,15.8,1.7385705086928611,0.27000000000000135,233881121.12,14940096,0,15.48,15.98,15.35,15.53
300919,中伟股份,40.87,3.783646521076675,1.4899999999999949,571217547.35,14183658,0,39.38,41.2,39.29,39.38
300920,润阳科技,38.38,0.5238344683080222,0.20000000000000284,39210433.48,1030814,0,38.01,38.46,37.45,38.18
300921,南凌科技,23.06,0.6986899563318784,0.16000000000000014,100844805.68,4478589,0,22.9,23.07,22.11,22.9
300922,天秦装备,22.06,-0.27124773960218024,-0.060000000000002274,60234622.6,2766720,0,22.13,22.48,21.43,22.12
300923,研奥股份,24.33,1.2063227953410947,0.28999999999999915,25384806.0,1054800,0,24.14,24.49,23.75,24.04
300925,法本信息,20.11,0.9538152610441651,0.18999999999999773,204552287.43,10340811,0,19.81,20.19,19.4,19.92
300926,博俊科技,30.08,1.1092436974789859,0.3299999999999983,94103038.83,3154600,0,29.75,30.08,29.5,29.75
300927,江天化学,22.82,0.9287925696594466,0.21000000000000085,46593099.05,2066415,0,22.61,22.88,22.22,22.61
300928,华安鑫创,29.8,-0.864936793080499,-0.259999999999998,61489448.03,2067015,0,29.75,30.87,29.01,30.06
300929,华骐环保,10.35,-0.6717850287907897,-0.07000000000000028,30754811.13,2978637,0,10.39,10.48,10.16,10.42
300930,屹通新材,28.67,1.4508138711960372,0.41000000000000014,28674287.25,1010585,0,28.51,28.78,27.88,28.26
300931,通用电梯,10.88,5.019305019305033,0.5200000000000014,51591341.85,4890769,0,10.34,10.9,10.15,10.36
300932,三友联众,12.79,0.8675078864353267,0.10999999999999943,125769595.76,9937119,0,12.72,12.85,12.34,12.68
300933,中辰股份,7.86,-0.25380710659897937,-0.019999999999999574,101566330.68,13076227,0,7.88,7.95,7.62,7.88
300935,盈建科,30.76,3.6039070394072086,1.0700000000000003,72233161.45,2368501,0,29.3,31.52,29.3,29.69
300936,中英科技,35.84,1.3861386138613918,0.490000000000002,32304570.75,918413,0,35.32,35.97,34.54,35.35
300937,药易购,32.9,5.011171401212896,1.5700000000000003,317569079.53,9672233,0,31.38,33.88,31.14,31.33
300938,信测标准,32.0,-1.780233271945974,-0.5799999999999983,266425031.76,8275148,0,32.99,33.34,31.82,32.58
300939,秋田微,35.71,1.2188208616780039,0.4299999999999997,183104467.45,5201450,0,35.08,35.95,34.21,35.28
300940,南极光,31.86,1.6267942583731994,0.509999999999998,306217074.16,9618531,0,31.3,32.95,31.3,31.35
300941,创识科技,29.72,-0.1344086021505467,-0.0400000000000027,890432156.06,30533937,0,29.92,30.1,28.32,29.76
300942,易瑞生物,9.37,0.10683760683760457,0.009999999999999787,26181267.47,2812100,0,9.32,9.42,9.21,9.36
300943,春晖智控,20.45,-0.8725157537566638,-0.17999999999999972,320935735.26,15665421,0,20.98,21.3,20.05,20.63
300945,曼卡龙,17.0,1.9796040791841527,0.3299999999999983,156657158.18,9246704,0,16.59,17.22,16.59,16.67
300946,恒而达,50.44,1.5502315280853554,0.769999999999996,103484783.88,2069492,0,49.63,50.63,49.23,49.67
300947,德必集团,18.51,-1.3326226012793176,-0.25,73083096.29,3977767,0,18.68,18.77,18.09,18.76
300948,冠中生态,20.3,-1.3125911521633427,-0.2699999999999996,330088635.56,15947972,0,20.75,22.22,19.8,20.57
300949,奥雅股份,39.59,-1.3456267131821558,-0.5399999999999991,49981601.81,1272289,0,39.97,40.19,38.56,40.13
300950,德固特,22.33,0.49504950495049255,0.10999999999999943,66671600.5,3034700,0,22.38,22.38,21.63,22.22
300951,博硕科技,33.33,0.2104630186410111,0.07000000000000028,47583750.82,1440533,0,33.48,33.6,32.52,33.26
300952,恒辉安防,33.45,2.387511478420573,0.7800000000000011,178434731.45,5393700,0,32.58,33.67,32.4,32.67
300953,震裕科技,144.02,1.5870776610002115,2.25,377818504.49,2636224,0,141.7,144.9,141.5,141.77
300955,嘉亨家化,39.3,0.07639419404123766,0.02999999999999403,156189857.66,3990694,0,39.39,39.99,38.38,39.27
300956,英力股份,16.02,-0.31113876789048356,-0.05000000000000071,62781752.6,3953220,0,16.11,16.25,15.64,16.07
300957,贝泰妮,40.96,0.34296913277805136,0.14000000000000057,157052080.4,3859561,0,40.66,41.25,40.12,40.82
300958,建工修复,12.15,0.5794701986754991,0.07000000000000028,32804315.0,2731400,0,12.08,12.23,11.87,12.08
300959,线上线下,116.12,8.300690169744456,8.900000000000006,822133851.02,7346547,0,107.19,117.02,106.02,107.22
300960,通业科技,23.76,0.33783783783784566,0.08000000000000185,25252685.0,1072900,0,23.69,23.88,23.2,23.68
300961,深水海纳,13.7,-0.5805515239477509,-0.08000000000000007,40431498.0,2968300,0,13.78,13.83,13.46,13.78
300962,中金辐照,16.11,0.0,0.0,50936111.0,3190200,0,16.0,16.2,15.77,16.11
300963,中洲特材,21.81,0.6460544531610383,0.13999999999999702,1225196598.63,56763163,0,21.62,22.65,20.77,21.67
300964,本川智能,60.49,2.6646300067888666,1.5700000000000003,476402815.04,8063902,0,57.75,60.77,57.05,58.92
300965,恒宇信通,67.62,2.114164904862588,1.4000000000000057,173660786.31,2618455,0,65.52,68.47,63.81,66.22
300966,共同药业,19.45,0.5167958656330639,0.09999999999999787,20061824.0,1037400,0,19.46,19.55,19.14,19.35
300967,晓鸣股份,19.7,4.287983059820004,0.8099999999999987,230556617.03,11851402,0,19.3,19.88,18.76,18.89
300968,格林精密,13.91,0.5057803468208113,0.07000000000000028,117523341.16,8579758,0,13.84,13.97,13.5,13.84
300969,恒帅股份,104.18,6.3061224489795995,6.180000000000007,442970147.94,4334813,0,96.2,106.0,96.05,98.0
300970,华绿生物,16.58,1.5931372549019485,0.259999999999998,47216621.0,2883300,0,16.39,16.68,16.08,16.32
300971,博亚精工,22.55,-6.818181818181812,-1.6499999999999986,243823752.87,10840868,0,24.07,24.15,21.7,24.2
300972,万辰集团,188.0,5.322128851540616,9.5,545364745.11,2937993,0,177.42,189.85,177.0,178.5
300973,立高食品,39.42,0.4331210191082846,0.1700000000000017,134832235.81,3420681,0,39.12,40.09,38.55,39.25
300975,商络电子,12.22,0.6589785831960466,0.08000000000000007,283725660.89,23685955,0,12.09,12.23,11.67,12.14
300976,达瑞电子,57.91,1.775043936731104,1.009999999999998,70086563.6,1221656,0,56.78,57.99,56.45,56.9
300977,深圳瑞捷,17.01,-0.7005253940455193,-0.11999999999999744,20672533.0,1220225,0,17.31,17.31,16.69,17.13
300978,东箭科技,13.16,2.412451361867708,0.3100000000000005,562008186.02,42565998,0,12.62,13.58,12.62,12.85
300979,华利集团,56.25,0.9330701596985522,0.5200000000000031,80085864.5,1418150,0,55.88,57.0,55.8,55.73
300980,祥源新材,26.74,3.5230352303523045,0.9100000000000001,149009878.49,5643110,0,26.02,26.78,25.8,25.83
300981,中红医疗,13.02,-0.1533742331288311,-0.019999999999999574,67401013.4,5217142,0,13.04,13.14,12.71,13.04
300982,苏文电能,20.48,-2.1500238891543204,-0.4499999999999993,130286979.52,6367422,0,21.05,21.1,20.12,20.93
300983,尤安设计,26.26,2.418096723868959,0.620000000000001,15215877.34,586096,0,25.62,26.33,25.46,25.64
300984,金沃股份,63.6,1.5325670498084305,0.9600000000000009,120339283.44,1901940,0,62.83,63.83,62.32,62.64
300985,致远新能,17.85,0.5067567567567559,0.08999999999999986,44202219.8,2514000,0,17.76,17.97,17.33,17.76
300986,志特新材,9.85,0.4077471967380137,0.03999999999999915,52143912.42,5337818,0,9.8,9.87,9.68,9.81
300987,川网传媒,16.2,0.24752475247524225,0.03999999999999915,34989291.14,2183773,0,16.07,16.24,15.81,16.16
300988,津荣天宇,22.53,0.0,0.0,102876355.55,4627209,0,22.61,22.87,21.86,22.53
300989,蕾奥规划,17.04,-2.795208214489458,-0.490000000000002,186629006.75,11100185,0,17.25,17.25,16.41,17.53
300990,同飞股份,81.36,14.462577377602702,10.280000000000001,699199415.84,8848800,0,70.86,81.8,70.86,71.08
300991,创益通,38.94,1.1165930927031933,0.4299999999999997,57298380.01,1488700,0,39.0,39.27,37.85,38.51
300992,泰福泵业,24.94,-0.35956851777866505,-0.08999999999999986,46828612.17,1893713,0,25.26,25.26,24.22,25.03
300993,玉马科技,14.9,-1.4550264550264476,-0.21999999999999886,147889031.0,9931100,0,15.0,15.3,14.48,15.12
300994,久祺股份,15.16,-1.366297983083924,-0.20999999999999908,62030350.59,4127690,0,15.29,15.39,14.83,15.37
300995,奇德新材,37.52,-0.5038451339167269,-0.18999999999999773,94094659.25,2537305,0,37.5,38.25,36.18,37.71
300996,普联软件,16.15,1.1271133375078144,0.17999999999999794,86971591.61,5435403,0,15.97,16.22,15.81,15.97
300997,欢乐家,30.56,-0.5208333333333338,-0.16000000000000014,1080735596.24,34472127,0,31.49,33.54,29.3,30.72
300998,宁波方正,20.8,0.38610038610039504,0.08000000000000185,39333503.0,1923200,0,20.72,20.96,19.98,20.72
300999,金龙鱼,29.04,0.6585788561525051,0.18999999999999773,315656551.28,10945248,0,28.75,29.06,28.53,28.85
301000,肇民科技,36.32,1.8508132361189114,0.6600000000000037,141480695.47,3959481,0,35.56,36.45,35.16,35.66
301001,凯淳股份,28.12,-0.6711409395973075,-0.18999999999999773,92586490.14,3333053,0,28.3,28.5,27.15,28.31
301002,崧盛股份,27.72,-0.359453630481673,-0.10000000000000142,64716061.56,2346324,0,27.64,28.29,27.02,27.82
301003,江苏博云,39.45,2.228556620886238,0.8599999999999994,38356231.26,983906,0,38.78,39.49,38.3,38.59
301004,嘉益股份,51.8,1.3897044431395453,0.7099999999999937,25470727.06,494810,0,50.9,51.95,50.9,51.09
301005,超捷股份,92.77,-4.851282051282055,-4.730000000000004,2090755745.13,22679852,0,95.19,97.0,89.36,97.5
301006,迈拓股份,15.83,-0.06313131313131178,-0.009999999999999787,19237901.0,1220000,0,15.82,16.07,15.56,15.84
301007,德迈仕,35.5,0.9957325746799472,0.3500000000000014,94770373.0,2703400,0,35.15,35.77,34.31,35.15
301008,宏昌科技,32.91,0.9509202453987582,0.30999999999999517,69687077.6,2150104,0,32.43,32.98,31.82,32.6
301009,可靠股份,12.46,0.9724473257698621,0.120000000000001,57290276.62,4604421,0,12.25,12.7,12.2,12.34
301010,晶雪节能,25.12,1.331181928196861,0.33000000000000185,215594490.56,8406998,0,25.52,27.33,24.88,24.79
301011,华立科技,24.37,0.4948453608247464,0.120000000000001,29583109.6,1223779,0,24.21,24.4,23.94,24.25
301012,扬电科技,25.7,0.1949317738791451,0.05000000000000071,135274117.41,5340529,0,25.47,25.88,24.85,25.65
301013,利和兴,26.78,-2.2270901788974053,-0.6099999999999994,431319323.36,16302257,0,27.29,27.31,25.71,27.39
301015,百洋医药,22.47,1.4446952595936808,0.3200000000000003,76907630.0,3433100,0,22.14,22.65,22.08,22.15
301016,雷尔伟,18.35,0.824175824175836,0.15000000000000213,43458018.37,2383925,0,18.29,18.66,17.97,18.2
301017,漱玉平民,15.03,6.069160197600561,0.8599999999999994,480861253.07,31683252,0,14.25,15.76,14.25,14.17
301018,申菱环境,59.31,5.571377714489147,3.1300000000000026,1046134049.84,17854130,0,56.66,59.8,56.59,56.18
301019,宁波色母,23.75,-4.465004022526144,-1.1099999999999994,173181254.09,7347429,0,24.12,24.4,23.06,24.86
301020,密封科技,21.77,-1.8042399639152102,-0.40000000000000213,53435064.27,2462215,0,22.01,22.38,21.31,22.17
301021,英诺激光,38.12,6.7787114845938214,2.4199999999999946,237720916.9,6460855,0,35.7,38.18,35.13,35.7
301022,海泰科,30.83,0.7845701209545553,0.23999999999999844,57471673.12,1883421,0,30.55,31.12,30.02,30.59
301023,奕帆传动,35.29,0.512674451723155,0.17999999999999972,29373864.33,838759,0,35.55,35.55,34.63,35.11
301024,霍普股份,34.3,-0.14556040756915362,-0.05000000000000426,27273368.5,803500,0,34.36,34.56,33.34,34.35
301025,读客文化,9.48,0.5302226935312907,0.05000000000000071,89735999.19,9518283,0,9.64,9.78,9.25,9.43
301026,浩通科技,27.0,3.886110042323977,1.0100000000000016,265151782.4,9897528,0,26.55,27.13,26.36,25.99
301027,华蓝集团,16.51,3.7060301507537794,0.5900000000000016,77366601.98,4793098,0,16.28,16.55,15.76,15.92
301028,东亚机械,14.62,1.8815331010452931,0.2699999999999996,128819079.0,8837700,0,14.35,15.16,14.35,14.35
301029,怡合达,25.07,1.6214025131738894,0.3999999999999986,151709468.12,6114326,0,24.67,25.19,24.41,24.67
301030,仕净科技,11.51,-1.28644939965695,-0.15000000000000036,118121621.88,10399849,0,11.62,11.75,11.1,11.66
301031,中熔电气,106.85,1.2028793332070429,1.269999999999996,175518910.5,1667944,0,104.38,106.92,103.78,105.58
301032,新柴股份,12.0,0.41841004184101016,0.05000000000000071,37619325.73,3175400,0,11.91,12.05,11.7,11.95
301033,迈普医学,67.92,2.089283030211935,1.3900000000000006,32122558.32,477635,0,66.41,67.98,66.33,66.53
301035,润丰股份,73.38,3.5709244883556828,2.530000000000001,76511558.0,1056500,0,71.48,73.69,71.17,70.85
301036,双乐股份,35.93,0.5879059350503943,0.21000000000000085,73078452.92,2057934,0,35.72,35.96,35.13,35.72
301037,保立佳,13.76,0.5847953216374274,0.08000000000000007,24961113.0,1838800,0,13.67,13.85,13.21,13.68
301038,深水规院,23.12,1.1373578302712228,0.26000000000000156,50063465.26,2190899,0,22.8,23.15,22.55,22.86
301039,中集车辆,10.41,-1.1396011396011323,-0.11999999999999922,140236682.59,13380511,0,10.51,10.68,10.37,10.53
301040,中环海陆,29.4,-0.8431703204047217,-0.25,177987234.4,6089178,0,30.29,30.97,28.52,29.65
301041,金百泽,27.04,0.5204460966542772,0.14000000000000057,80098327.6,3013252,0,26.83,27.13,26.1,26.9
301042,安联锐视,79.88,3.6729396495781943,2.8299999999999983,92818162.0,1183700,0,77.1,80.5,75.89,77.05
301043,绿岛风,56.16,0.8620689655172358,0.4799999999999969,99374030.0,1763800,0,54.93,58.88,54.93,55.68
301045,天禄科技,26.56,-0.037636432066246006,-0.010000000000001563,41758748.0,1591600,0,26.5,26.76,25.88,26.57
301046,能辉科技,26.26,-6.147248034310217,-1.7199999999999989,306904090.59,11631699,0,28.03,28.38,24.91,27.98
301047,义翘神州,66.65,0.7558578987150415,0.5,34788247.2,525790,0,66.28,66.93,65.34,66.15
301048,金鹰重工,11.11,-0.3587443946188424,-0.040000000000000924,43619520.25,3959299,0,11.15,11.23,10.87,11.15
301049,超越科技,20.32,0.6438831104507132,0.129999999999999,27706845.0,1376000,0,20.18,20.7,19.74,20.19
301050,雷电微力,48.5,-2.4537409493161686,-1.2199999999999989,561187915.11,11610830,0,49.09,49.5,47.51,49.72
301051,信濠光电,19.95,-0.20010005002500825,-0.03999999999999915,36713853.68,1860621,0,19.99,20.16,19.44,19.99
301052,果麦文化,37.44,1.4634146341463392,0.5399999999999991,113154813.49,3057104,0,36.9,37.46,36.54,36.9
301053,远信工业,31.71,1.0194329404268885,0.3200000000000003,24117924.0,770800,0,31.48,31.79,30.61,31.39
301055,张小泉,18.71,0.6455083378160354,0.120000000000001,24091265.0,1305700,0,18.5,18.77,18.18,18.59
301056,森赫股份,10.63,0.0,0.0,17004437.0,1609400,0,10.63,10.75,10.4,10.63
301057,汇隆新材,27.58,-0.8983111749910169,-0.25,42531657.0,1556500,0,28.23,28.23,26.82,27.83
301058,中粮科工,10.59,-1.3047530288909652,-0.14000000000000057,90282208.38,8586782,0,10.7,10.75,10.38,10.73
301059,金三江,12.28,-0.5668016194332006,-0.07000000000000028,29442868.9,2412090,0,12.3,12.37,12.08,12.35
301060,兰卫医学,9.18,-0.6493506493506547,-0.0600000000000005,63626258.0,6901000,0,9.24,9.45,9.03,9.24
301061,匠心家居,109.11,0.766531215367564,0.8299999999999983,63887726.92,590101,0,107.68,109.88,106.59,108.28
301062,上海艾录,7.78,-1.5189873417721533,-0.1200000000000001,46308033.76,5950676,0,7.9,7.93,7.66,7.9
301063,海锅股份,23.17,1.622807017543864,0.370000000000001,59700210.31,2617809,0,22.96,23.2,22.31,22.8
301065,本立科技,20.64,-0.28985507246376196,-0.05999999999999872,20484545.5,998650,0,20.65,20.83,20.29,20.7
301066,万事利,18.32,4.9255441008018295,0.8599999999999994,435089283.62,23760953,0,17.49,19.08,17.06,17.46
301067,显盈科技,32.67,-1.0899182561307885,-0.35999999999999943,190525754.04,5902557,0,32.58,33.2,31.4,33.03
301068,大地海洋,25.3,-0.7843137254901933,-0.1999999999999993,26761050.0,1055600,0,25.5,25.73,25.07,25.5
301069,凯盛新材,25.73,2.2655007949125605,0.5700000000000003,590006930.88,22996101,0,25.25,26.18,25.2,25.16
301070,开勒股份,60.28,1.704066138012482,1.009999999999998,118829417.0,1994095,0,59.56,60.77,58.17,59.27
301071,力量钻石,34.88,2.0181339572974695,0.6900000000000048,213689448.52,6187103,0,34.31,35.03,33.9,34.19
301072,中捷精工,20.89,-1.322626358053855,-0.28000000000000114,21186930.0,1016700,0,21.09,21.4,20.46,21.17
301073,君亭酒店,26.23,1.8245341614906787,0.46999999999999886,437427144.59,16488702,0,26.59,27.28,26.02,25.76
301075,多瑞医药,48.95,1.261894911046751,0.6099999999999994,29405417.0,607600,0,48.2,49.08,47.69,48.34
301076,新瀚新材,42.4,4.6655146877314255,1.8900000000000006,206159523.31,4995669,0,40.41,42.49,39.94,40.51
301077,星华新材,27.72,-2.291152626013402,-0.6500000000000021,156720613.36,5674111,0,27.52,29.0,27.11,28.37
301078,孩子王,10.6,-1.4869888475836444,-0.16000000000000014,1193669262.18,111578003,0,10.52,11.1,10.3,10.76
301079,邵阳液压,27.58,-4.666436225371592,-1.3500000000000014,349151113.37,12653521,0,28.28,28.87,26.9,28.93
301080,百普赛斯,52.13,-0.2869166029074189,-0.14999999999999858,124056683.2,2405170,0,52.27,52.62,50.81,52.28
301081,严牌股份,9.85,-0.6054490413723561,-0.0600000000000005,24235012.14,2476327,0,9.82,9.93,9.62,9.91
301082,久盛电气,18.35,0.9906439185470539,0.17999999999999972,216099546.32,11918143,0,18.03,18.6,17.83,18.17
301083,百胜智能,18.9,-0.5263157894736916,-0.10000000000000142,66523823.84,3540380,0,18.98,19.11,18.54,19.0
301085,亚康股份,50.46,0.39793076004775735,0.20000000000000284,46630951.22,936935,0,50.23,50.57,49.1,50.26
301086,鸿富瀚,100.02,2.0924772889660073,2.049999999999997,191340948.64,1943083,0,99.0,100.86,96.0,97.97
301087,可孚医疗,46.04,1.7683465959327964,0.7999999999999972,84235694.59,1841474,0,45.04,46.15,44.89,45.24
301088,戎美股份,14.27,1.565836298932376,0.21999999999999886,35105100.0,2497200,0,14.0,14.28,13.8,14.05
301089,拓新药业,28.42,0.42402826855124026,0.120000000000001,69855269.73,2462957,0,28.3,28.6,27.96,28.3
301090,华润材料,6.81,0.2945508100147212,0.019999999999999574,34612116.84,5113172,0,6.77,6.84,6.69,6.79
301091,深城交,25.47,-0.663026521060849,-0.1700000000000017,151092058.35,5990040,0,25.48,25.58,24.88,25.64
301092,争光股份,37.17,4.556962025316469,1.6200000000000045,270368133.44,7432391,0,35.67,37.28,34.7,35.55
301093,华兰股份,49.65,0.0,0.0,101639393.14,2057202,0,49.3,50.35,48.51,49.65
301095,广立微,67.81,2.7424242424242458,1.8100000000000023,230896613.25,3453416,0,65.45,68.12,65.45,66.0
301096,百诚医药,53.4,0.3005259203606247,0.1599999999999966,85047750.0,1612600,0,53.19,53.7,51.92,53.24
301097,天益医疗,55.0,3.3834586466165355,1.7999999999999972,44195499.06,809826,0,53.89,55.18,53.81,53.2
301098,金埔园林,8.31,-0.4790419161676545,-0.03999999999999915,38497279.72,4641976,0,8.33,8.42,8.16,8.35
301099,雅创电子,41.43,1.8186286556893634,0.740000000000002,85785254.58,2098918,0,40.65,41.5,40.21,40.69
301100,风光股份,22.96,-1.9641332194705416,-0.46000000000000085,63322127.0,2764300,0,23.26,23.55,22.47,23.42
301101,明月镜片,38.86,0.7257646448937303,0.28000000000000114,71569742.0,1858450,0,38.53,39.18,37.97,38.58
301102,兆讯传媒,10.72,-0.3717472118959029,-0.03999999999999915,39931529.03,3747476,0,10.77,10.81,10.56,10.76
301103,何氏眼科,19.3,0.7832898172323872,0.15000000000000213,25145398.9,1314230,0,19.1,19.39,18.94,19.15
301105,鸿铭股份,44.29,-1.1383928571428528,-0.509999999999998,37571578.0,856500,0,44.52,44.96,42.85,44.8
301106,骏成科技,28.14,-0.3893805309734493,-0.10999999999999943,36879206.9,1323038,0,28.25,28.45,27.45,28.25
301107,瑜欣电子,27.33,0.6259204712812892,0.16999999999999815,18665992.4,690580,0,27.01,27.46,26.68,27.16
301108,洁雅股份,33.01,3.447195236602939,1.0999999999999979,45152814.92,1387680,0,31.82,33.01,31.8,31.91
301109,军信股份,15.5,-1.4621741894469193,-0.23000000000000043,153230398.27,9867092,0,15.69,15.77,15.39,15.73
301110,青木科技,63.39,1.0843565619518414,0.6799999999999997,119390169.8,1894980,0,62.06,63.77,62.06,62.71
301111,粤万年青,20.03,-0.5461767626613676,-0.10999999999999943,161730301.97,8069302,0,20.23,20.34,19.78,20.14
301112,信邦智能,38.4,-0.4665629860031097,-0.17999999999999972,106972160.42,2836200,0,38.4,38.68,36.77,38.58
301113,雅艺科技,22.4,0.7647323436797038,0.16999999999999815,29316826.6,1322010,0,22.23,22.5,21.76,22.23
301115,联检科技,15.15,-0.06596306068601442,-0.009999999999999787,25698719.9,1700026,0,15.15,15.23,15.06,15.16
301116,益客食品,11.17,0.2692998204667806,0.02999999999999936,102503266.63,9153246,0,11.17,11.45,10.92,11.14
301117,佳缘科技,51.13,3.817258883248736,1.8800000000000026,703503747.36,14061834,0,49.5,52.2,48.1,49.25
301118,恒光股份,22.54,1.4401440144014415,0.3200000000000003,60685147.47,2728103,0,22.2,22.57,21.86,22.22
301119,正强股份,44.9,2.6285714285714255,1.1499999999999986,60012260.5,1349730,0,44.13,45.31,43.42,43.75
301120,新特电气,19.59,6.006493506493503,1.1099999999999994,709610162.94,37516800,0,18.49,20.65,17.71,18.48
301121,紫建电子,39.42,3.791469194312809,1.4400000000000048,98986092.56,2555711,0,38.17,39.48,38.03,37.98
301122,采纳股份,28.0,0.10725777618877776,0.030000000000001137,57185307.6,2066020,0,28.12,28.23,27.26,27.97
301123,奕东电子,52.78,20.009095043201466,8.800000000000004,1534355035.9,29925540,0,45.8,52.78,45.8,43.98
301125,腾亚精工,17.17,-7.588805166846053,-1.4099999999999966,92254333.77,5322336,0,18.35,18.39,16.81,18.58
301126,达嘉维康,12.38,3.9462636439966468,0.47000000000000064,177586252.39,14249244,0,11.96,12.94,11.96,11.91
301127,武汉天源,14.53,0.4840940525587725,0.06999999999999851,85864882.14,5951749,0,14.46,14.63,14.24,14.46
301128,强瑞技术,87.26,7.225362496928005,5.88000000000001,436767978.34,5106186,0,81.26,87.37,81.26,81.38
301129,瑞纳智能,23.25,0.6057983556901799,0.14000000000000057,28598857.0,1244300,0,23.2,23.4,22.62,23.11
301130,西点药业,28.32,0.7112375533428139,0.1999999999999993,18977421.0,673200,0,28.38,28.45,27.92,28.12
301131,聚赛龙,43.29,-0.023094688221704414,-0.00999999999999801,27122080.25,631200,0,43.22,43.65,42.37,43.3
301132,满坤科技,33.18,1.93548387096775,0.6300000000000026,72516995.0,2227500,0,32.43,33.29,31.8,32.55
301133,金钟股份,33.88,11.191335740072214,3.4100000000000037,260022849.82,7895512,0,30.48,33.94,30.47,30.47
301135,瑞德智能,25.59,0.5106048703849136,0.129999999999999,39254625.36,1550709,0,25.46,25.79,24.91,25.46
301136,招标股份,21.26,-4.234234234234224,-0.9399999999999977,713414404.97,33865957,0,22.0,22.3,20.5,22.2
301137,哈焊华通,47.51,1.4737291755659927,0.6899999999999977,746298492.81,15754843,0,46.83,48.98,46.14,46.82
301138,华研精机,36.6,-7.599091138601359,-3.009999999999998,173193296.28,4655800,0,39.5,39.75,36.16,39.61
301139,元道通信,17.93,0.6737787759685626,0.120000000000001,57433303.23,3256424,0,17.79,17.93,17.39,17.81
301141,中科磁业,52.07,0.44367283950616676,0.22999999999999687,90974223.23,1768049,0,51.84,52.25,50.8,51.84
301148,嘉戎技术,44.49,-0.22426553038798255,-0.10000000000000142,123353856.48,2761427,0,44.15,45.67,43.8,44.59
301149,隆华新材,10.4,0.8729388942773992,0.08999999999999986,44760858.95,4345088,0,10.29,10.43,10.18,10.31
301150,中一科技,39.9,2.307692307692304,0.8999999999999986,328059195.25,8298217,0,39.01,39.97,38.96,39.0
301151,冠龙节能,18.43,0.6553795740032824,0.120000000000001,31286155.0,1716100,0,18.48,18.5,18.02,18.31
301152,天力锂能,30.48,3.14720812182741,0.9299999999999997,156157749.8,5196115,0,29.89,30.55,29.42,29.55
301153,中科江南,19.62,1.3429752066115785,0.26000000000000156,75865724.64,3936703,0,19.25,19.65,18.88,19.36
301155,海力风电,80.38,-1.3863329652803453,-1.1300000000000097,229657702.7,2869358,0,81.5,81.84,78.8,81.51
301156,美农生物,16.89,-0.29515938606848113,-0.05000000000000071,36833214.0,2194800,0,16.87,17.06,16.55,16.94
301157,华塑科技,49.98,0.3816027314721786,0.18999999999999773,38855820.0,786800,0,49.77,50.25,48.66,49.79
301158,德石股份,20.99,0.4786979415988409,0.09999999999999787,114625530.33,5549534,0,20.85,21.05,20.34,20.89
301159,三维天地,35.75,0.1400560224089556,0.04999999999999716,96830161.13,2746073,0,35.7,35.96,34.59,35.7
301160,翔楼新材,64.2,2.3923444976076556,1.5,112200826.17,1765359,0,62.1,64.5,62.1,62.7
301161,唯万密封,30.73,1.419141914191418,0.4299999999999997,76073368.27,2503181,0,30.48,30.87,29.96,30.3
301162,国能日新,52.47,-0.3608051652107819,-0.18999999999999773,50580335.2,964400,0,52.22,52.79,51.96,52.66
301163,宏德股份,25.56,-0.2731174404994159,-0.07000000000000028,33343919.0,1315400,0,25.52,25.75,24.86,25.63
301165,锐捷网络,83.52,7.837314396384755,6.069999999999993,1048207941.87,12969273,0,77.59,85.1,77.36,77.45
301166,优宁维,29.03,0.31098825155494075,0.08999999999999986,27953981.0,968600,0,29.01,29.17,28.58,28.94
301167,建研设计,15.86,0.3162555344718465,0.049999999999998934,41049139.4,2613860,0,15.7,15.89,15.38,15.81
301168,通灵股份,46.9,1.2958963282937397,0.6000000000000014,82960763.69,1780231,0,46.3,47.12,45.88,46.3
301169,零点有数,47.15,3.399122807017538,1.5499999999999972,101184928.06,2195738,0,45.57,47.29,44.73,45.6
301170,锡南科技,26.6,0.0,0.0,29281553.0,1106500,0,26.79,26.94,26.18,26.6
301171,易点天下,34.12,2.0029895366218073,0.6699999999999946,829744793.03,24538212,0,33.54,34.26,33.33,33.45
301172,君逸数码,21.07,-1.126231816048796,-0.23999999999999844,105464218.75,5057795,0,21.34,21.5,20.49,21.31
301173,毓恬冠佳,45.5,-0.4376367614879712,-0.20000000000000284,29573187.2,654287,0,45.92,46.14,44.55,45.7
301175,中科环保,5.53,-1.6014234875444813,-0.08999999999999986,246117905.61,44726506,0,5.57,5.6,5.43,5.62
301176,逸豪新材,25.14,2.9062627916496147,0.7100000000000009,65867515.99,2688500,0,24.42,25.15,23.97,24.43
301177,迪阿股份,28.48,1.0645848119233523,0.3000000000000007,30725293.25,1082375,0,28.13,28.66,28.11,28.18
301178,天亿马,47.91,-0.9919404835709941,-0.480000000000004,72013374.72,1511229,0,48.42,49.42,47.0,48.39
301179,泽宇智能,15.65,-1.1370814908401752,-0.17999999999999972,43595882.75,2812129,0,15.83,15.85,15.31,15.83
301180,万祥科技,15.39,-1.4724711907810413,-0.22999999999999865,53652091.0,3516600,0,15.54,15.77,14.98,15.62
301181,标榜股份,34.38,0.5851375073142272,0.20000000000000284,65089569.02,1908082,0,34.52,34.65,33.64,34.18
301182,凯旺科技,38.87,15.650104135673901,5.259999999999998,316451730.88,8587969,0,33.61,39.4,33.37,33.61
301183,东田微,169.47,2.7090909090909085,4.469999999999999,1828702955.91,10772981,0,166.1,173.0,165.63,165.0
301185,鸥玛软件,18.21,-0.1644736842105131,-0.029999999999997584,69925221.12,3875848,0,18.27,18.38,17.7,18.24
301186,超达装备,44.44,0.1351960342496511,0.05999999999999517,36130037.0,820800,0,44.3,44.71,43.63,44.38
301187,欧圣电气,25.85,-0.5769230769230715,-0.14999999999999858,140408001.68,5417799,0,25.99,26.46,25.6,26.0
301188,力诺药包,17.4,0.057504312823450324,0.00999999999999801,60896872.0,3532900,0,17.39,17.46,17.08,17.39
301189,奥尼电子,38.89,1.408083441981745,0.5399999999999991,62243412.81,1625100,0,38.2,38.9,37.81,38.35
301190,善水科技,20.62,2.3325062034739577,0.4700000000000024,43505785.2,2138852,0,20.38,20.65,19.96,20.15
301191,菲菱科思,101.33,1.7267342636281486,1.7199999999999989,268633995.27,2693567,0,99.61,101.4,97.5,99.61
301192,泰祥股份,29.12,2.2113022113022205,0.6300000000000026,33876519.0,1174200,0,28.46,29.35,28.29,28.49
301193,家联科技,21.3,2.1582733812949604,0.4499999999999993,70893006.36,3396306,0,20.85,21.33,20.33,20.85
301195,北路智控,32.28,0.5920847616079704,0.18999999999999773,28694631.84,894650,0,32.24,32.48,31.65,32.09
301196,唯科科技,73.32,1.833333333333324,1.3199999999999932,272861283.63,3802048,0,72.5,73.38,70.46,72.0
301197,工大科雅,19.56,-0.2549719530851643,-0.05000000000000071,38498684.86,1991211,0,19.65,19.72,19.05,19.61
301198,喜悦智行,11.27,0.44563279857396554,0.049999999999998934,27718808.57,2479024,0,11.25,11.34,10.98,11.22
301199,迈赫股份,20.93,0.6249999999999952,0.129999999999999,42901206.12,2069682,0,20.99,21.04,20.46,20.8
301200,大族数控,119.3,5.249228054697841,5.950000000000003,566406903.23,4829666,0,113.64,119.99,113.45,113.35
301201,诚达药业,41.13,0.9572901325478658,0.39000000000000057,190099640.0,4630180,0,40.75,41.7,40.5,40.74
301202,朗威股份,38.45,3.2214765100671214,1.2000000000000028,61883326.84,1632005,0,37.21,38.58,37.01,37.25
301203,国泰环保,31.0,-0.12886597938144057,-0.03999999999999915,16857477.44,545400,0,30.98,31.24,30.6,31.04
301205,联特科技,174.0,20.0,29.0,3273504604.51,20485645,0,145.86,174.0,142.01,145.0
301206,三元生物,26.56,0.5299015897047578,0.13999999999999702,19798748.64,751477,0,26.44,26.58,26.15,26.42
301207,华兰疫苗,19.43,0.5693581780538273,0.10999999999999943,107084896.44,5520109,0,19.36,19.63,19.15,19.32
301208,中亦科技,36.63,0.5214050493962811,0.19000000000000483,53515310.82,1483622,0,36.39,36.7,35.39,36.44
301209,联合化学,103.62,0.8467153284671578,0.8700000000000045,86260967.12,845330,0,102.75,103.99,100.59,102.75
301210,金杨精密,34.9,1.3650885855358665,0.46999999999999886,58525727.36,1697203,0,34.48,35.0,33.94,34.43
301211,亨迪药业,12.47,0.4834810636583441,0.0600000000000005,58068581.14,4679979,0,12.4,12.51,12.26,12.41
301212,联盛化学,28.53,-0.9030913511635916,-0.259999999999998,38151164.0,1342600,0,28.6,29.06,27.81,28.79
301213,观想科技,66.36,3.2840466926070033,2.1099999999999994,124992687.61,1911483,0,66.0,67.3,63.31,64.25
301215,中汽股份,6.52,1.5576323987538885,0.09999999999999964,230714391.86,36005581,0,6.39,6.52,6.25,6.42
301216,万凯新材,16.81,1.1432009626955337,0.18999999999999773,82483774.65,4952091,0,16.5,16.85,16.45,16.62
301217,铜冠铜箔,33.29,8.648825065274146,2.6499999999999986,1827402677.39,56261753,0,30.79,33.3,30.7,30.64
301218,华是科技,23.75,1.1068539804172055,0.26000000000000156,195643518.03,8294487,0,23.3,24.15,22.96,23.49
301219,腾远钴业,61.59,3.321590337191753,1.980000000000004,254345628.21,4170461,0,59.82,61.87,59.82,59.61
301220,亚香股份,35.25,0.05676979846722432,0.020000000000003126,32773100.8,939460,0,35.23,35.4,34.41,35.23
301221,光庭信息,49.7,2.962502589600165,1.4299999999999997,371088696.84,7647105,0,47.16,49.99,47.02,48.27
301222,浙江恒威,28.25,0.8928571428571428,0.25,23524761.55,841600,0,28.0,28.35,27.66,28.0
301223,中荣股份,17.55,-0.1706484641638088,-0.029999999999997584,17411257.0,994600,0,17.61,17.66,17.33,17.58
301225,恒勃股份,100.88,3.3077316948284583,3.2299999999999898,143613520.0,1439500,0,97.65,101.66,97.65,97.65
301226,祥明智能,31.6,0.0,0.0,215534572.2,6741289,0,31.27,33.5,30.37,31.6
301227,森鹰窗业,44.51,0.38340099233196795,0.1699999999999946,40502247.04,911638,0,45.0,45.0,43.89,44.34
301228,实朴检测,40.15,-0.7661888284725711,-0.3100000000000023,103959667.59,2596123,0,40.65,41.35,39.43,40.46
301229,纽泰格,19.2,0.8933263268523287,0.16999999999999815,31569233.06,1661856,0,19.03,19.24,18.76,19.03
301230,泓博医药,29.7,1.1235955056179716,0.3299999999999983,48477075.73,1651276,0,29.3,29.8,28.9,29.37
301231,荣信文化,29.16,-0.6811989100817415,-0.1999999999999993,96366620.4,3317918,0,29.53,29.53,28.62,29.36
301232,飞沃科技,103.91,-2.969464936035117,-3.180000000000007,656987497.54,6360094,0,106.0,106.82,100.51,107.09
301233,盛帮股份,48.37,0.4986494909619673,0.23999999999999488,24094973.0,503700,0,47.8,48.49,47.29,48.13
301234,五洲医疗,44.0,0.8942903003898202,0.39000000000000057,107636629.0,2455876,0,43.99,44.99,42.37,43.61
301235,华康洁净,33.88,2.418379685610654,0.8000000000000043,132986515.6,3974228,0,33.25,34.13,32.74,33.08
301236,软通动力,45.69,1.4431616341030165,0.6499999999999986,601582319.98,13333631,0,45.25,45.94,44.33,45.04
301237,和顺科技,47.32,-3.092361253327868,-1.509999999999998,48529179.22,1021400,0,48.62,49.0,46.6,48.83
301238,瑞泰新材,20.09,2.343352012226189,0.46000000000000085,166496016.22,8378398,0,19.66,20.15,19.51,19.63
301239,普瑞眼科,31.24,1.1658031088082883,0.35999999999999943,41575409.2,1337393,0,30.82,31.4,30.63,30.88
301246,宏源药业,16.92,1.9277108433734955,0.3200000000000003,127419855.88,7592401,0,16.63,16.96,16.44,16.6
301248,杰创智能,29.1,0.48342541436464287,0.14000000000000057,151196179.63,5258097,0,28.63,29.49,28.13,28.96
301251,威尔高,52.01,4.312073806658642,2.1499999999999986,188430153.42,3704087,0,50.21,52.25,49.45,49.86
301252,同星科技,27.69,3.7467216185837393,1.0,116958184.97,4307288,0,26.65,27.85,26.45,26.69
301255,通力科技,26.8,0.41213937804420914,0.10999999999999943,24385496.7,919038,0,26.95,26.95,26.22,26.69
301256,华融化学,14.95,-9.448818897637807,-1.5600000000000023,601840070.74,39562219,0,15.91,16.24,14.68,16.51
301257,普蕊斯,45.2,1.1185682326621922,0.5,36473377.8,818880,0,44.7,45.24,43.8,44.7
301258,富士莱,30.99,0.19398642095052931,0.05999999999999872,21413149.78,694830,0,30.93,31.17,30.5,30.93
301259,艾布鲁,32.64,0.9588617383235456,0.3100000000000023,99006580.17,3067696,0,32.3,32.9,31.69,32.33
301260,格力博,16.0,0.25062656641603476,0.03999999999999915,35251336.0,2233800,0,15.97,16.05,15.6,15.96
301261,恒工精密,78.51,0.7442576671371721,0.5799999999999983,96076155.65,1235989,0,77.21,78.7,76.8,77.93
301262,海看股份,23.87,1.2298558100084933,0.2900000000000027,62498123.3,2645830,0,23.6,23.89,23.4,23.58
301263,泰恩康,27.04,-0.36845983787767655,-0.10000000000000142,71892516.7,2653277,0,27.14,27.45,26.7,27.14
301265,华新环保,11.94,2.226027397260272,0.2599999999999998,71733430.0,6132174,0,11.81,11.99,11.38,11.68
301266,宇邦新材,37.9,2.6543878656554627,0.9799999999999969,99416389.99,2674274,0,36.76,37.9,36.24,36.92
301267,华厦眼科,18.43,0.3812636165577358,0.07000000000000028,74686504.0,4067800,0,18.3,18.5,18.15,18.36
301268,铭利达,18.08,-0.11049723756907805,-0.020000000000003126,31755595.0,1763800,0,18.03,18.34,17.79,18.1
301269,华大九天,103.89,1.0996496691319535,1.1299999999999955,402733024.47,3925893,0,102.74,103.93,101.25,102.76
301270,汉仪股份,36.75,0.13623978201634102,0.04999999999999716,69973870.4,1919274,0,36.34,36.9,36.08,36.7
301272,英华特,38.92,1.751633986928109,0.6700000000000017,29665213.0,772300,0,38.35,39.12,37.7,38.25
301273,瑞晨环保,25.14,1.0450160771704244,0.26000000000000156,18861509.0,759000,0,24.83,25.27,24.45,24.88
301275,汉朔科技,52.51,-0.2848461830611443,-0.14999999999999858,58542756.61,1120463,0,52.66,52.78,51.65,52.66
301276,嘉曼服饰,24.56,0.9453349773941654,0.23000000000000043,75779705.68,3091507,0,24.2,24.77,24.18,24.33
301277,新天地,11.7,0.0,0.0,22135105.4,1906360,0,11.7,11.72,11.52,11.7
301278,快可电子,33.46,0.9351432880844714,0.3100000000000023,53176975.0,1619061,0,33.44,33.5,32.44,33.15
301279,金道科技,28.72,-2.146507666098816,-0.6300000000000026,110768911.77,3867953,0,29.43,29.85,28.1,29.35
301280,珠城科技,47.98,2.041684389621424,0.9599999999999937,69499615.81,1473097,0,47.01,48.2,46.01,47.02
301281,科源制药,26.54,1.0662604722010571,0.2799999999999976,24728231.38,943554,0,26.13,26.66,25.87,26.26
301282,金禄电子,28.44,0.24673951357067425,0.07000000000000028,192250370.64,6814079,0,28.09,28.89,27.73,28.37
301283,聚胶股份,47.76,2.6214009454232894,1.2199999999999989,78798347.2,1676588,0,46.53,47.82,46.12,46.54
301285,鸿日达,72.18,6.4601769911504565,4.38000000000001,493747256.62,6968585,0,68.5,72.8,67.97,67.8
301286,侨源股份,46.39,0.19438444924406786,0.09000000000000341,229979235.0,5016300,0,46.72,46.86,45.01,46.3
301287,康力源,39.91,0.5036514731805484,0.19999999999999574,25330728.0,640900,0,39.85,40.16,38.85,39.71
301288,*ST清研,15.61,-1.2025316455696282,-0.19000000000000128,7810994.11,504993,0,15.75,15.76,15.22,15.8
301289,国缆检测,58.35,1.231783483691882,0.7100000000000009,67429950.22,1174527,0,57.35,58.36,56.7,57.64
301290,东星医疗,25.03,0.03996802557954262,0.010000000000001563,16052958.0,647100,0,25.2,25.2,24.49,25.02
301291,明阳电气,43.3,0.9559337840988495,0.4099999999999966,155679710.38,3624667,0,42.89,43.73,42.24,42.89
301292,海科新源,60.86,5.239495071762064,3.030000000000001,1361632625.98,22483195,0,58.66,62.9,58.58,57.83
301293,三博脑科,53.65,3.1730769230769202,1.6499999999999986,338834942.42,6353970,0,52.01,54.3,52.01,52.0
301295,美硕科技,25.48,-0.15673981191222236,-0.03999999999999915,29073174.4,1153520,0,25.41,25.68,24.71,25.52
301296,新巨丰,8.27,-0.600961538461547,-0.05000000000000071,24095306.77,2929659,0,8.29,8.32,8.12,8.32
301297,富乐德,37.07,-0.8558438085049487,-0.3200000000000003,122558747.56,3331897,0,37.11,37.32,36.3,37.39
301298,东利机械,15.17,-0.5897771952817815,-0.08999999999999986,31973200.0,2119800,0,15.31,15.32,14.9,15.26
301299,卓创资讯,52.23,-0.038277511961728475,-0.020000000000003126,45272992.0,876400,0,52.0,52.33,50.82,52.25
301300,远翔新材,43.17,0.16241299303944381,0.07000000000000028,66179105.0,1552900,0,42.99,43.43,42.0,43.1
301301,川宁生物,10.04,2.2403258655804366,0.21999999999999886,114687653.71,11468045,0,9.93,10.08,9.93,9.82
301302,华如科技,21.52,-1.8248175182481847,-0.40000000000000213,92906795.35,4336607,0,21.88,22.39,20.95,21.92
301303,真兰仪表,14.88,0.2020202020202097,0.030000000000001137,28747084.34,1941825,0,14.91,15.02,14.67,14.85
301305,朗坤科技,22.0,-0.22675736961451567,-0.05000000000000071,94817243.34,4342466,0,22.17,22.17,21.5,22.05
301306,西测测试,104.58,8.37305699481865,8.079999999999998,1650970753.14,15869753,0,96.98,108.62,96.98,96.5
301307,美利信,37.61,5.143975398378519,1.8399999999999963,400138354.34,11105764,0,35.88,38.0,34.01,35.77
301308,江波龙,251.28,4.517095083603699,10.860000000000014,3164922003.38,12796874,0,240.67,252.5,237.0,240.42
301309,万得凯,27.12,-0.5135730007336777,-0.14000000000000057,16933262.0,628700,0,27.2,27.44,26.66,27.26
301310,鑫宏业,44.55,0.15737410071942512,0.07000000000000028,45982542.4,1039760,0,44.99,44.99,43.66,44.48
301311,昆船智能,18.08,-0.4953219592735465,-0.09000000000000341,72564470.86,4061600,0,18.13,18.33,17.56,18.17
301312,智立方,46.64,0.756102829984881,0.3500000000000014,79241791.8,1732830,0,46.29,46.8,44.9,46.29
301313,凡拓数创,25.41,0.8733624454148426,0.21999999999999886,49088313.0,1959200,0,25.01,25.48,24.72,25.19
301314,科瑞思,41.24,-0.7221954742416878,-0.29999999999999716,36503040.8,888280,0,41.3,41.93,40.45,41.54
301315,威士顿,58.75,-1.3102637325718143,-0.7800000000000011,379572693.23,6505484,0,58.55,59.98,56.66,59.53
301316,慧博云通,46.96,-0.5084745762711906,-0.240000000000002,317318545.15,6796614,0,47.03,47.75,45.82,47.2
301317,鑫磊股份,31.98,1.170515659601395,0.370000000000001,26940267.0,848100,0,31.39,31.99,31.3,31.61
301318,维海德,27.21,1.1524163568773318,0.3100000000000023,29365254.25,1095850,0,26.74,27.21,26.43,26.9
301319,唯特偶,48.21,-2.684699232943073,-1.3299999999999983,218374063.68,4541584,0,49.2,49.46,47.19,49.54
301320,豪江智能,16.18,-0.24660912453760264,-0.03999999999999915,33798590.22,2106494,0,16.3,16.35,15.84,16.22
301321,翰博高新,17.25,2.617489589530049,0.4400000000000013,103329993.34,6122250,0,16.82,17.28,16.49,16.81
301322,绿通科技,26.67,1.3297872340425585,0.3500000000000014,36160257.8,1373200,0,26.32,26.74,25.98,26.32
301323,新莱福,53.69,1.2254901960784288,0.6499999999999986,79311605.63,1495218,0,53.75,54.33,51.95,53.04
301325,曼恩斯特,49.35,2.534801579056719,1.2199999999999989,82145105.92,1686717,0,48.27,49.49,47.95,48.13
301326,捷邦科技,107.16,4.8327137546468375,4.939999999999998,330281643.0,3134910,0,103.01,110.0,100.25,102.22
301327,华宝新能,55.33,2.3113905325443787,1.25,68271593.61,1238037,0,55.5,55.87,54.5,54.08
301328,维峰电子,41.79,1.0396518375241772,0.4299999999999997,65859525.98,1597891,0,41.21,42.0,40.45,41.36
301329,信音电子,22.09,-1.822222222222223,-0.41000000000000014,200605035.14,9091738,0,22.62,22.76,21.61,22.5
301330,熵基科技,28.18,0.7147962830593255,0.1999999999999993,56658126.52,2030140,0,27.96,28.25,27.58,27.98
301331,恩威医药,26.36,0.38080731150037267,0.09999999999999787,19198418.67,735185,0,26.3,26.48,25.77,26.26
301332,德尔玛,9.4,0.0,0.0,27667800.24,2960492,0,9.41,9.44,9.22,9.4
301333,诺思格,57.23,3.2473389861086006,1.7999999999999972,102568434.2,1805920,0,55.0,57.64,54.95,55.43
301335,天元宠物,28.2,3.296703296703291,0.8999999999999986,122830333.38,4336160,0,27.19,29.12,27.13,27.3
301336,趣睡科技,50.92,0.672202451561889,0.3400000000000034,44904719.0,895300,0,50.58,51.5,49.51,50.58
301337,亚华电子,26.72,0.30030030030029387,0.0799999999999983,52450953.35,1981000,0,26.64,26.85,26.2,26.64
301338,凯格精机,64.25,4.846605744125324,2.969999999999999,135388779.0,2159400,0,61.23,64.28,61.17,61.28
301339,通行宝,14.05,-0.56617126680821,-0.08000000000000007,77086694.24,5502420,0,14.03,14.28,13.8,14.13
301345,涛涛车业,234.0,0.49388018037363357,1.1500000000000057,226566350.45,978565,0,233.98,236.18,227.53,232.85
301348,蓝箭电子,19.94,1.166920345002539,0.23000000000000043,98145104.4,5015280,0,19.71,19.94,19.22,19.71
301349,信德新材,46.68,3.825622775800709,1.7199999999999989,103260303.4,2257036,0,45.02,46.75,44.76,44.96
301353,普莱得,25.65,0.156188988676295,0.03999999999999915,28510961.1,1121420,0,25.79,25.94,25.05,25.61
301355,南王科技,13.03,0.6177606177606184,0.08000000000000007,109858883.62,8550111,0,12.96,13.05,12.64,12.95
301356,天振股份,21.51,4.215116279069772,0.870000000000001,45662234.8,2174320,0,20.75,21.85,20.33,20.64
301357,北方长龙,140.48,1.7528610748949642,2.4199999999999875,402797112.57,2911021,0,134.67,140.8,134.67,138.06
301358,湖南裕能,65.47,5.921371946287002,3.6599999999999966,1423665120.62,22170653,0,62.6,66.0,62.12,61.81
301359,东南电子,18.61,-0.21447721179624207,-0.03999999999999915,32100949.92,1737246,0,18.82,18.85,18.21,18.65
301360,荣旗科技,69.45,3.1180400890868727,2.1000000000000085,88723519.0,1298200,0,67.21,69.8,66.34,67.35
301361,众智科技,34.2,-3.905591458274797,-1.3900000000000006,200878392.6,5889133,0,35.0,35.35,33.2,35.59
301362,民爆光电,39.83,-0.10032605969400338,-0.03999999999999915,15775444.0,398100,0,39.74,40.1,39.23,39.87
301363,美好医疗,21.24,2.9568589432864734,0.6099999999999994,92156352.24,4401196,0,20.6,21.3,20.5,20.63
301365,矩阵股份,23.2,1.221640488656185,0.2799999999999976,96656776.44,4237994,0,23.87,23.87,22.35,22.92
301366,一博科技,35.17,0.7736389684813844,0.2700000000000031,104883214.68,3031007,0,34.9,35.27,34.05,34.9
301367,瑞迈特,85.29,2.3398128149748056,1.9500000000000028,74793598.5,881600,0,83.55,85.99,83.0,83.34
301368,丰立智能,55.22,1.8631248847076147,1.009999999999998,109617094.34,2014986,0,54.59,55.4,53.35,54.21
301369,联动科技,122.21,5.4989640883977815,6.36999999999999,172792522.0,1443100,0,117.69,125.0,114.8,115.84
301370,国科恒泰,11.75,2.530541012216397,0.28999999999999915,123158144.6,10492058,0,11.46,11.93,11.46,11.46
301371,敷尔佳,24.18,1.1715481171548165,0.28000000000000114,67217248.89,2785137,0,23.9,24.42,23.75,23.9
301372,科净源,24.98,0.6852075775896885,0.1700000000000017,26648440.77,1079367,0,24.7,25.18,24.24,24.81
301373,凌玮科技,29.6,0.5434782608695656,0.16000000000000014,22106383.0,754400,0,29.5,29.73,28.94,29.44
301376,致欧科技,19.35,-1.0736196319018267,-0.2099999999999973,46298286.02,2398389,0,19.46,19.53,19.1,19.56
301377,鼎泰高科,127.98,6.828046744574297,8.180000000000007,1912242680.98,15472104,0,122.2,129.41,117.01,119.8
301378,通达海,27.94,1.1952191235059828,0.33000000000000185,51807090.3,1899350,0,27.59,27.94,26.79,27.61
301379,天山电子,26.4,2.206736353077818,0.5700000000000003,107874009.69,4177836,0,25.83,26.44,25.31,25.83
301380,挖金客,30.84,0.554287577437229,0.16999999999999815,32900478.2,1080140,0,30.67,30.85,30.08,30.67
301381,赛维时代,21.01,1.7926356589147336,0.370000000000001,60975355.96,2915927,0,20.64,21.09,20.53,20.64
301382,蜂助手,33.28,2.4315173899661406,0.7899999999999991,215887364.67,6568794,0,32.49,33.31,32.36,32.49
301383,天键股份,34.0,0.8602788490062271,0.28999999999999915,82982240.92,2486950,0,33.65,34.1,32.73,33.71
301386,未来电器,23.28,0.6920415224913501,0.16000000000000014,46451716.24,2022231,0,23.19,23.36,22.62,23.12
301387,光大同创,43.02,0.514018691588799,0.22000000000000597,72067611.72,1697594,0,42.8,43.2,41.72,42.8
301388,欣灵电气,30.34,-0.3612479474548421,-0.10999999999999943,50490544.25,1690265,0,30.45,30.56,29.35,30.45
301389,隆扬电子,53.47,7.455787781350484,3.710000000000001,667115956.95,12626004,0,50.06,53.68,50.06,49.76
301390,经纬股份,32.32,-0.4619648906683049,-0.14999999999999858,20250737.0,627800,0,32.38,32.76,31.8,32.47
301391,卡莱特,81.75,0.24524831391784532,0.20000000000000284,98537084.0,1207300,0,81.51,84.97,79.18,81.55
301392,汇成真空,140.91,-1.0602443477039678,-1.509999999999991,558303392.31,3974910,0,138.51,142.5,138.0,142.42
301393,昊帆生物,49.17,-0.4454342984409777,-0.21999999999999886,49224248.0,1010300,0,49.38,49.96,47.8,49.39
301395,仁信新材,10.41,0.0,0.0,19373488.0,1870664,0,10.37,10.49,10.2,10.41
301396,宏景科技,63.88,2.1589636974252384,1.3500000000000014,425430851.15,6757373,0,62.53,64.18,61.23,62.53
301397,溯联股份,32.2,1.1624253848570676,0.37000000000000455,158471160.11,4948807,0,31.79,32.89,31.31,31.83
301398,星源卓镁,46.32,1.6681299385425767,0.759999999999998,62930754.0,1380362,0,45.37,46.32,44.8,45.56
301399,英特科技,17.58,0.45714285714284736,0.0799999999999983,26014367.07,1489407,0,17.57,17.78,17.21,17.5
301408,华人健康,18.2,13.11373523927905,2.1099999999999994,1314080325.98,71592349,0,15.88,19.31,15.78,16.09
301413,安培龙,116.62,1.1272979535206482,1.3000000000000114,263404156.9,2272253,0,114.61,117.45,114.1,115.32
301418,协昌科技,35.82,0.08382229673093361,0.030000000000001137,36918141.67,1044621,0,35.67,36.0,34.89,35.79
301419,阿莱德,32.85,2.6562500000000044,0.8500000000000014,64174025.88,1994292,0,32.0,32.87,31.55,32.0
301421,波长光电,112.29,1.1621621621621678,1.2900000000000063,1420603777.05,12771142,0,108.78,114.3,107.1,111.0
301428,世纪恒通,32.42,-0.9773976786805139,-0.3200000000000003,55625275.64,1728252,0,32.75,32.91,31.6,32.74
301429,森泰股份,18.18,0.4419889502762337,0.0799999999999983,17854422.0,987000,0,18.02,18.5,17.86,18.1
301439,泓淋电力,14.95,-1.4502307185234056,-0.22000000000000064,83384592.0,5599650,0,15.08,15.24,14.7,15.17
301446,福事特,30.35,2.7072758037225064,0.8000000000000007,123647534.83,4141972,0,29.25,31.0,28.21,29.55
301448,开创电气,58.29,0.1546391752577256,0.0899999999999963,28022024.8,481600,0,58.91,58.91,57.03,58.2
301456,盘古智能,27.99,0.4666188083273475,0.129999999999999,37371841.62,1350200,0,28.09,28.22,27.27,27.86
301458,钧崴电子,31.89,1.399046104928462,0.4400000000000013,55579769.43,1770345,0,31.45,31.95,30.92,31.45
301459,丰茂股份,39.9,-1.0662038184973959,-0.4299999999999997,39004745.1,981480,0,40.35,40.36,39.28,40.33
301468,博盈特焊,53.77,1.2427038222557025,0.6600000000000037,782893135.66,14958045,0,53.11,54.49,50.49,53.11
301469,恒达新材,26.76,0.11223344556678316,0.030000000000001137,21583239.0,811800,0,26.68,26.96,26.26,26.73
301479,弘景光电,85.0,0.0,0.0,86469174.06,1023365,0,84.95,85.45,83.6,85.0
301486,致尚科技,110.48,1.2648945921173325,1.3800000000000097,1558146930.37,14104001,0,109.16,113.67,107.0,109.1
301487,盟固利,21.21,1.4347202295552401,0.3000000000000007,194980010.64,9271422,0,20.97,21.27,20.7,20.91
301488,豪恩汽电,135.8,-1.6369694335795963,-2.259999999999991,714155255.35,5213476,0,132.0,143.25,132.0,138.06
301489,思泉新材,199.99,8.897359106997007,16.340000000000003,1711419205.49,8705852,0,186.0,200.0,186.0,183.65
301498,乖宝宠物,69.52,3.5294117647058676,2.3699999999999903,390567506.34,5662269,0,67.45,70.51,65.15,67.15
301499,维科精密,28.8,1.4799154334038116,0.4200000000000017,74504229.0,2607200,0,28.42,29.22,28.01,28.38
301500,飞南资源,14.85,1.573187414500687,0.23000000000000043,45594586.58,3105792,0,14.6,14.87,14.51,14.62
301501,恒鑫生活,42.92,1.682065861170341,0.7100000000000009,38978831.27,911722,0,42.18,43.47,42.0,42.21
301502,华阳智能,42.38,-0.539779394508324,-0.22999999999999687,22814830.0,542900,0,42.6,42.76,41.46,42.61
301503,智迪科技,34.58,0.6402793946449327,0.21999999999999886,28510087.04,832178,0,34.16,34.76,33.75,34.36
301505,苏州规划,20.08,-0.2483854942871372,-0.05000000000000071,37514302.23,1891914,0,19.98,20.3,19.58,20.13
301507,民生健康,14.66,1.805555555555554,0.2599999999999998,101805518.0,6963400,0,14.37,14.81,14.34,14.4
301508,中机认检,30.39,-0.7511430437622483,-0.23000000000000043,55755015.66,1845955,0,30.59,30.75,29.85,30.62
301509,金凯生科,32.67,0.9891808346213301,0.3200000000000003,45176835.38,1399039,0,32.41,32.77,31.87,32.35
301510,固高科技,34.18,0.8259587020649002,0.28000000000000114,323613023.39,9541091,0,33.9,34.37,33.32,33.9
301511,德福科技,38.9,12.525310963262939,4.329999999999998,3227649632.88,84488160,0,36.0,39.41,35.45,34.57
301512,智信精密,41.08,1.7083436494181672,0.6899999999999977,29672563.61,733123,0,40.42,41.23,39.94,40.39
301515,港通医疗,19.6,-0.7092198581560133,-0.13999999999999702,16319520.74,838100,0,19.78,19.78,19.2,19.74
301516,中远通,15.65,-0.25493945188017303,-0.03999999999999915,32993552.0,2140800,0,15.68,15.73,15.2,15.69
301517,陕西华达,62.52,2.4918032786885296,1.5200000000000031,963291374.35,15507974,0,61.74,64.5,60.5,61.0
301518,长华化学,32.88,0.9517961314092793,0.3100000000000023,61397056.25,1886200,0,32.8,32.95,32.13,32.57
301519,舜禹股份,12.89,-0.3093580819798851,-0.03999999999999915,28713143.81,2239453,0,12.9,12.99,12.6,12.93
301520,万邦医药,39.09,-0.12774655084311998,-0.04999999999999716,21812988.0,562300,0,39.1,39.28,38.34,39.14
301522,上大股份,33.87,-1.253644314868804,-0.4299999999999997,374208808.74,11013588,0,34.4,34.9,33.2,34.3
301525,儒竞科技,82.6,2.8002489110143127,2.25,59034445.74,728083,0,80.11,82.85,79.68,80.35
301526,国际复材,6.8,4.2944785276073665,0.28000000000000025,1141856343.85,170606101,0,6.53,6.91,6.36,6.52
301528,多浦乐,59.78,-1.010101010101009,-0.6099999999999994,35181134.27,592792,0,60.1,60.78,58.27,60.39
301529,福赛科技,86.58,6.38977635782748,5.200000000000003,249201233.96,2936924,0,80.96,88.86,80.96,81.38
301533,威马农机,41.28,-1.8078020932445242,-0.759999999999998,194591632.42,4758363,0,41.5,41.72,39.94,42.04
301536,星宸科技,58.1,2.3247622402254318,1.3200000000000003,353980670.5,6215537,0,56.47,58.29,55.66,56.78
301538,骏鼎达,72.71,2.813914027149314,1.9899999999999949,108178099.35,1513057,0,70.69,73.0,69.88,70.72
301539,宏鑫科技,20.06,-1.618440411966659,-0.33000000000000185,68827046.04,3437011,0,20.31,20.63,19.6,20.39
301548,崇德科技,52.35,-0.5131128848346561,-0.269999999999996,107830199.02,2070299,0,52.62,53.0,51.35,52.62
301550,斯菱股份,110.47,4.463356973995271,4.719999999999999,680376762.57,6232349,0,106.25,111.76,106.25,105.75
301551,无线传媒,32.52,-1.9004524886877692,-0.6299999999999955,216146058.53,6682180,0,33.47,33.54,31.88,33.15
301552,科力装备,37.24,0.6214536611726668,0.23000000000000398,29431598.36,797608,0,37.19,37.45,36.35,37.01
301555,惠柏新材,30.46,1.8729096989966634,0.5600000000000023,48496500.31,1619284,0,30.01,30.53,29.32,29.9
301556,托普云农,95.9,-1.7619340299119022,-1.7199999999999989,156960838.76,1641329,0,96.96,97.64,93.0,97.62
301557,常友科技,146.8,-2.633149830868209,-3.969999999999999,169261804.3,1156738,0,150.77,150.77,142.0,150.77
301558,三态股份,8.08,0.4975124378109568,0.040000000000000924,73584925.16,9201176,0,8.0,8.1,7.87,8.04
301559,中集环科,15.64,-0.0638977635782734,-0.009999999999999787,26084820.86,1678156,0,15.72,15.74,15.41,15.65
301565,中仑新材,25.72,0.7442224833529092,0.18999999999999773,106034591.73,4148603,0,25.42,25.95,25.18,25.53
301566,达利凯普,19.31,-1.075819672131152,-0.21000000000000085,587290101.47,30409216,0,19.58,20.35,18.6,19.52
301567,贝隆精密,44.92,0.9211413165580851,0.4100000000000037,107575829.31,2427889,0,44.48,45.08,43.48,44.51
301568,思泰克,44.91,-0.33288948069242275,-0.15000000000000568,152333089.08,3438736,0,45.0,45.36,43.59,45.06
301571,国科天成,47.7,-0.4175365344467552,-0.19999999999999574,198816760.68,4241679,0,47.67,48.0,46.17,47.9
301577,美信科技,54.31,0.3881700554528666,0.21000000000000085,33877027.0,631900,0,54.1,54.49,52.85,54.1
301578,辰奕智能,33.71,0.6268656716417936,0.21000000000000085,53003936.5,1574455,0,33.95,34.3,33.31,33.5
301580,爱迪特,42.25,0.42785833135250706,0.17999999999999972,28684052.8,681840,0,42.01,42.48,41.68,42.07
301581,黄山谷捷,45.8,-0.39147455415397936,-0.17999999999999972,22330700.6,490900,0,45.88,46.08,44.98,45.98
301585,蓝宇股份,30.42,-0.8151287903488751,-0.25,23474164.06,771291,0,30.7,30.82,30.07,30.67
301586,佳力奇,45.02,-1.0984182776801406,-0.5,43930757.55,985770,0,45.52,45.61,43.91,45.52
301587,中瑞股份,21.42,0.0,0.0,35540460.0,1674800,0,21.36,21.57,20.96,21.42
301588,美新科技,17.56,-0.6225240520656647,-0.11000000000000298,24564312.14,1414881,0,17.67,17.67,17.16,17.67
301589,诺瓦星云,153.67,2.9200991226307584,4.359999999999985,104783139.49,684424,0,150.76,154.87,150.72,149.31
301591,肯特股份,37.56,0.5622489959839381,0.21000000000000085,33066240.0,888100,0,37.49,37.88,36.74,37.35
301592,六九一二,113.07,-0.5190920288580005,-0.5900000000000034,68974876.8,616472,0,113.22,113.98,110.88,113.66
301596,瑞迪智驱,69.88,0.8078476630121212,0.5600000000000023,33232951.73,480531,0,69.1,70.17,68.44,69.32
301598,博科测试,61.66,0.341741253051251,0.20999999999999375,35357363.46,576076,0,61.0,62.2,60.88,61.45
301600,慧翰股份,130.99,1.0101789019124015,1.3100000000000023,218595739.79,1684411,0,129.0,132.85,127.6,129.68
301601,惠通科技,28.08,-0.5313496280552679,-0.15000000000000213,22804056.23,815683,0,28.15,28.43,27.58,28.23
301602,超研股份,21.57,0.3255813953488385,0.07000000000000028,20772406.0,970300,0,21.58,21.65,21.15,21.5
301603,乔锋智能,70.51,0.5705320211096929,0.4000000000000057,94183180.0,1343100,0,70.19,70.89,69.13,70.11
301606,绿联科技,61.14,1.696606786427151,1.0200000000000031,74446883.0,1228400,0,60.65,61.45,59.85,60.12
301607,富特科技,39.98,0.9341075485988322,0.36999999999999744,63404606.12,1604688,0,39.53,40.06,38.9,39.61
301608,博实结,85.15,1.9638366662675135,1.6400000000000006,68949228.06,821706,0,83.01,85.2,82.7,83.51
301611,珂玛科技,66.3,1.8433179723502349,1.2000000000000028,643415830.43,9788930,0,64.6,67.6,64.23,65.1
301613,新铝时代,47.66,-1.1203319502074818,-0.5400000000000063,70642879.4,1493223,0,48.0,48.16,46.62,48.2
301617,博苑股份,74.01,0.5570652173913191,0.4100000000000108,87904008.3,1195499,0,74.29,74.33,72.4,73.6
301618,长联科技,48.96,-0.729927007299269,-0.35999999999999943,28492204.56,585458,0,49.33,49.33,48.3,49.32
301622,英思特,61.74,1.064003928629888,0.6499999999999986,84840271.72,1393031,0,61.15,61.89,60.01,61.09
301626,苏州天脉,171.8,2.3106241067174986,3.880000000000024,198121521.18,1157564,0,168.0,172.59,167.87,167.92
301628,强达电路,91.97,1.5457657060836987,1.4000000000000057,218520056.38,2424387,0,90.57,92.0,88.19,90.57
301629,矽电股份,236.8,0.4240882103477523,1.0,433663600.66,1844537,0,232.26,242.88,228.01,235.8
301631,壹连科技,103.42,0.10647565579324307,0.10999999999999943,165340385.49,1609872,0,103.36,104.98,100.98,103.31
301633,港迪技术,65.14,0.5091806819935168,0.3299999999999983,19341265.0,299500,0,65.18,65.47,64.0,64.81
302132,中航成飞,77.81,6.10936860766399,4.480000000000004,1855547870.11,23550416,0,76.81,81.4,76.81,73.33
600000,浦发银行,11.54,-0.08658008658010011,-0.010000000000001563,704546774.0,60894791,0,11.54,11.67,11.45,11.55
600004,白云机场,9.62,0.8385744234800846,0.08000000000000007,148925566.0,15518583,0,9.55,9.66,9.47,9.54
600006,东风股份,7.13,0.0,0.0,107494012.0,15147866,0,7.06,7.15,7.05,7.13
600007,中国国贸,18.92,-1.0977522216413869,-0.2099999999999973,79662141.0,4196700,0,19.07,19.2,18.83,19.13
600008,首创环保,3.01,0.6688963210702198,0.019999999999999574,190558019.0,63805370,0,2.99,3.01,2.97,2.99
600009,上海机场,30.91,0.5857468272046851,0.17999999999999972,276613670.0,8959622,0,30.85,31.09,30.61,30.73
600010,包钢股份,2.35,1.2931034482758728,0.03000000000000025,926375811.0,398470031,0,2.31,2.36,2.3,2.32
600011,华能国际,7.81,0.7741935483870918,0.05999999999999961,349573745.0,45001401,0,7.74,7.84,7.67,7.75
600012,皖通高速,14.36,-1.033769813921436,-0.15000000000000036,109905952.0,7613810,0,14.54,14.63,14.27,14.51
600015,华夏银行,6.78,-0.29411764705881727,-0.019999999999999574,335233208.0,49422145,0,6.79,6.82,6.75,6.8
600016,民生银行,3.91,0.5141388174807203,0.020000000000000018,919598474.0,236187658,0,3.88,3.92,3.87,3.89
600017,日照港,2.97,0.33783783783784566,0.010000000000000231,67468757.0,22791431,0,2.97,2.99,2.93,2.96
600018,上港集团,5.51,0.0,0.0,180208356.0,32747196,0,5.5,5.53,5.47,5.51
600019,宝钢股份,7.11,0.708215297450435,0.05000000000000071,588498585.0,83189996,0,7.07,7.15,7.0,7.06
600020,中原高速,4.3,0.46728971962615823,0.019999999999999574,48073099.0,11224510,0,4.28,4.32,4.25,4.28
600021,上海电力,19.34,0.9394572025052178,0.17999999999999972,940335932.0,48951502,0,19.12,19.44,18.98,19.16
600022,山东钢铁,1.47,0.0,0.0,112958137.0,76773864,0,1.47,1.49,1.46,1.47
600023,浙能电力,5.13,0.39138943248531455,0.019999999999999574,185650953.0,36259426,0,5.12,5.15,5.09,5.11
600025,华能水电,9.37,-0.5307855626327039,-0.05000000000000071,137343610.0,14637015,0,9.38,9.42,9.35,9.42
600026,中远海能,11.94,5.477031802120134,0.6199999999999992,770211839.0,65551313,0,11.41,12.0,11.36,11.32
600027,华电国际,5.26,0.9596928982725494,0.04999999999999982,294696509.0,56309137,0,5.21,5.28,5.17,5.21
600028,中国石化,5.84,0.34364261168384147,0.019999999999999574,691531291.0,118090855,0,5.81,5.9,5.78,5.82
600029,南方航空,7.49,6.241134751773055,0.4400000000000004,903445164.0,121679133,0,7.15,7.53,7.12,7.05
600030,中信证券,28.97,1.7205056179775227,0.48999999999999844,4662507508.0,161703772,0,28.48,29.15,28.4,28.48
600031,三一重工,21.07,1.4932562620423828,0.3099999999999987,1009487661.0,48258808,0,20.79,21.19,20.63,20.76
600032,浙江新能,7.32,0.13679890560876437,0.010000000000000675,58849596.0,8089600,0,7.31,7.34,7.22,7.31
600033,福建高速,4.06,1.7543859649122653,0.0699999999999994,368918089.0,92553245,0,3.99,4.09,3.9,3.99
600035,楚天高速,3.87,0.25906735751295934,0.010000000000000231,29479975.0,7650292,0,3.85,3.88,3.83,3.86
600036,招商银行,41.52,-0.4316546762589921,-0.17999999999999972,2619154132.0,63126744,0,41.6,41.85,41.23,41.7
600037,歌华有线,7.24,0.555555555555556,0.040000000000000036,77232580.0,10729167,0,7.19,7.26,7.12,7.2
600038,中直股份,35.01,-0.3699487763232856,-0.13000000000000256,197290025.0,5659470,0,34.94,35.21,34.59,35.14
600039,四川路桥,9.89,-1.3958125623130488,-0.1399999999999988,257209090.0,26050499,0,10.0,10.03,9.77,10.03
600048,保利发展,6.28,0.0,0.0,752046921.0,120152970,0,6.27,6.31,6.19,6.28
600050,中国联通,5.14,0.5870841487279719,0.02999999999999936,701658725.0,137300849,0,5.11,5.15,5.08,5.11
600051,宁波联合,7.21,-0.5517241379310349,-0.040000000000000036,38091383.0,5300400,0,7.22,7.26,7.11,7.25
600052,东望时代,4.84,0.623700623700629,0.03000000000000025,79146108.0,16568000,0,4.81,4.89,4.7,4.81
600053,九鼎投资,19.0,1.0638297872340388,0.1999999999999993,112078114.0,6047401,0,18.79,19.12,18.08,18.8
600054,黄山旅游,11.39,1.2444444444444496,0.14000000000000057,91391629.0,8046850,0,11.26,11.42,11.22,11.25
600055,万东医疗,16.02,0.9451795841209852,0.15000000000000036,70102196.0,4395478,0,15.87,16.15,15.75,15.87
600056,中国医药,10.46,0.7707129094412337,0.08000000000000007,118280613.0,11377574,0,10.38,10.47,10.31,10.38
600057,厦门象屿,8.51,-0.5841121495327186,-0.05000000000000071,159057048.0,18671581,0,8.57,8.63,8.43,8.56
600058,五矿发展,9.41,1.510248112189866,0.14000000000000057,181224733.0,19335797,0,9.25,9.46,9.17,9.27
600059,古越龙山,9.12,0.33003300330032304,0.02999999999999936,62971335.0,6946800,0,9.11,9.12,9.01,9.09
600060,海信视像,25.44,2.1686746987951917,0.5400000000000027,276784743.0,10955348,0,24.91,25.59,24.71,24.9
600061,国投资本,7.59,1.33511348464619,0.09999999999999964,313186713.0,41484504,0,7.49,7.65,7.45,7.49
600062,华润双鹤,18.42,1.2087912087912223,0.22000000000000242,101098481.0,5522767,0,18.18,18.45,18.17,18.2
600063,皖维高新,5.93,0.8503401360544187,0.04999999999999982,150407113.0,25700714,0,5.87,5.95,5.74,5.88
600064,南京高科,8.22,0.7352941176470649,0.0600000000000005,129838543.0,15865481,0,8.14,8.26,8.11,8.16
600066,宇通客车,34.47,3.3583208395802018,1.1199999999999974,605357762.0,17634841,0,33.43,34.77,33.12,33.35
600067,冠城新材,4.06,0.7444168734491157,0.02999999999999936,165459418.0,41186673,0,4.06,4.08,3.96,4.03
600070,*ST富润,0.42,0.0,0.0,0.0,0,0,0.0,0.0,0.0,0.42
600071,凤凰光学,20.45,-0.2439024390243937,-0.05000000000000071,78103462.0,3860700,0,20.45,20.61,19.97,20.5
600072,中船科技,11.5,0.7887817703768611,0.08999999999999986,136110711.0,11937064,0,11.38,11.57,11.25,11.41
600073,光明肉业,6.46,0.4665629860031143,0.03000000000000025,78760230.0,12219254,0,6.53,6.55,6.39,6.43
600075,新疆天业,4.67,1.3015184381778657,0.05999999999999961,52060053.0,11256206,0,4.61,4.68,4.58,4.61
600076,康欣新材,2.82,0.35587188612098886,0.009999999999999787,36951747.0,13260543,0,2.81,2.82,2.75,2.81
600078,澄星股份,10.05,3.9296794208893564,0.3800000000000008,388126369.0,38987400,0,9.73,10.2,9.57,9.67
600079,ST人福,18.1,4.988399071925772,0.860000000000003,2172706467.0,124663015,0,16.73,18.1,16.73,17.24
600080,金花股份,7.68,1.587301587301589,0.1200000000000001,51490225.0,6730100,0,7.62,7.78,7.49,7.56
600081,东风科技,11.55,-0.17286084701814672,-0.019999999999999574,33709313.0,2927730,0,11.57,11.68,11.38,11.57
600082,海泰发展,3.9,0.0,0.0,74890087.0,19294500,0,3.89,3.92,3.83,3.9
600084,中信尼雅,5.35,-0.3724394785847386,-0.020000000000000462,25647572.0,4802900,0,5.34,5.39,5.29,5.37
600085,同仁堂,32.57,-0.8221680876979389,-0.2700000000000031,218592188.0,6734764,0,32.79,32.79,32.3,32.84
600088,中视传媒,16.08,0.12453300124532736,0.019999999999999574,42020528.0,2628295,0,16.06,16.12,15.86,16.06
600089,特变电工,22.27,1.1353315168029063,0.25,3553475523.0,161674886,0,21.78,22.45,21.6,22.02
600094,大名城,4.06,-0.9756097560975618,-0.040000000000000036,161087186.0,39961535,0,4.05,4.1,3.98,4.1
600095,湘财股份,11.25,1.3513513513513546,0.15000000000000036,406188341.0,36426198,0,11.1,11.35,10.96,11.1
600096,云天化,29.63,2.989224887035104,0.8599999999999994,1042742019.0,35605880,0,28.71,29.76,28.71,28.77
600097,开创国际,11.5,-0.7765314926660902,-0.08999999999999986,86235757.0,7555700,0,11.53,11.59,11.29,11.59
600098,广州发展,6.82,0.44182621502209496,0.03000000000000025,94800572.0,13981222,0,6.78,6.83,6.72,6.79
600099,林海股份,9.84,-0.6060606060606111,-0.0600000000000005,33220918.0,3394600,0,9.85,9.95,9.66,9.9
600100,同方股份,8.19,-0.8474576271186476,-0.07000000000000028,460414642.0,56603601,0,8.25,8.32,8.02,8.26
600101,明星电力,9.13,0.10964912280703469,0.010000000000001563,99168505.0,10944922,0,9.08,9.14,8.98,9.12
600103,青山纸业,3.83,5.219780219780218,0.18999999999999995,732699592.0,195842877,0,3.69,3.84,3.62,3.64
600104,上汽集团,15.65,-0.06385696040868319,-0.009999999999999787,712943256.0,45657021,0,15.61,15.72,15.53,15.66
600105,永鼎股份,20.33,7.50925436277101,1.4199999999999982,5706448254.0,283718537,0,19.19,20.8,19.11,18.91
600106,重庆路桥,6.17,0.16233766233765887,0.009999999999999787,75265490.0,12254974,0,6.15,6.2,6.09,6.16
600107,ST尔雅,6.13,-0.9693053311793295,-0.0600000000000005,66779212.0,10816000,0,6.19,6.49,5.97,6.19
600108,亚盛集团,3.0,-1.3157894736842117,-0.040000000000000036,167541132.0,55892215,0,3.05,3.05,2.97,3.04
600109,国金证券,9.33,0.9740259740259725,0.08999999999999986,322211127.0,34661212,0,9.21,9.43,9.15,9.24
600110,诺德股份,6.67,2.1439509954058145,0.13999999999999968,351750644.0,53157140,0,6.5,6.69,6.5,6.53
600111,北方稀土,44.75,0.8337088778729099,0.36999999999999744,2369968998.0,53449153,0,44.09,44.94,43.75,44.38
600113,浙江东日,62.48,1.5934959349593447,0.9799999999999969,622269448.0,9965001,0,61.7,64.56,61.32,61.5
600114,东睦股份,29.78,2.371949123410111,0.6900000000000013,417080976.0,14185388,0,29.21,29.92,28.9,29.09
600115,中国东航,5.68,5.185185185185174,0.27999999999999936,1189017266.0,211397908,0,5.47,5.72,5.42,5.4
600116,三峡水利,6.49,0.30911901081917253,0.020000000000000462,99271988.0,15433906,0,6.42,6.51,6.36,6.47
600117,西宁特钢,2.75,-0.36231884057970243,-0.009999999999999787,53854041.0,19693700,0,2.75,2.76,2.71,2.76
600118,中国卫星,52.82,-2.7255985267034935,-1.4799999999999969,3879790482.0,73238119,0,53.0,54.8,51.8,54.3
600119,长江投资,7.95,0.3787878787878819,0.03000000000000025,28242638.0,3594499,0,7.85,7.96,7.75,7.92
600120,浙江东方,6.01,1.1784511784511682,0.0699999999999994,294528633.0,49523822,0,5.95,6.04,5.88,5.94
600121,郑州煤电,4.2,-0.23752969121139636,-0.009999999999999787,121193643.0,29183769,0,4.24,4.24,4.1,4.21
600123,兰花科创,5.87,0.17064846416381887,0.009999999999999787,69001511.0,11798746,0,5.85,5.89,5.81,5.86
600125,铁龙物流,6.33,-0.6279434850863428,-0.040000000000000036,75754351.0,12021034,0,6.36,6.36,6.25,6.37
600126,杭钢股份,7.8,1.4304291287386142,0.10999999999999943,281530662.0,36357605,0,7.67,7.84,7.65,7.69
600127,金健米业,6.69,-3.87931034482758,-0.2699999999999996,281392801.0,42007200,0,6.91,6.98,6.56,6.96
600128,苏豪弘业,10.31,0.38948393378774027,0.040000000000000924,57333540.0,5623501,0,10.25,10.33,10.08,10.27
600129,太极集团,17.63,0.5704506560182422,0.09999999999999787,112875112.0,6421285,0,17.53,17.74,17.37,17.53
600130,*ST波导,3.84,1.587301587301589,0.06000000000000005,45693315.0,11996300,0,3.78,3.86,3.77,3.78
600131,国网信通,16.08,0.4372267332916722,0.06999999999999673,109018053.0,6838878,0,16.01,16.16,15.78,16.01
600132,重庆啤酒,54.48,-0.2563163676309055,-0.14000000000000057,162628189.0,2984303,0,54.48,54.89,54.15,54.62
600133,东湖高新,9.02,0.6696428571428428,0.05999999999999872,117994352.0,13204180,0,8.95,9.05,8.85,8.96
600135,乐凯胶片,8.79,-3.8293216630197087,-0.3500000000000014,417061980.0,47504944,0,8.88,9.17,8.52,9.14
600136,ST明诚,1.64,0.0,0.0,17806322.0,10890200,0,1.63,1.65,1.62,1.64
600137,浪莎股份,17.93,-0.3335186214563576,-0.05999999999999872,44814724.0,2525600,0,17.97,18.15,17.46,17.99
600138,中青旅,9.5,1.495726495726502,0.14000000000000057,132588675.0,14009901,0,9.39,9.52,9.37,9.36
600141,兴发集团,32.15,5.168465816159628,1.5799999999999983,741853634.0,23388235,0,30.58,32.58,30.58,30.57
600143,金发科技,17.56,2.0337013364322942,0.34999999999999787,842097365.0,48303702,0,17.21,17.68,17.18,17.21
600148,长春一东,19.12,-1.3924703455389353,-0.2699999999999996,39165603.0,2061500,0,19.39,19.52,18.71,19.39
600149,廊坊发展,4.98,-0.20040080160320214,-0.009999999999999787,37677319.0,7622500,0,5.0,5.02,4.88,4.99
600150,中国船舶,32.95,0.4266991770801602,0.14000000000000057,1530604539.0,46791229,0,32.68,33.02,32.48,32.81
600151,航天机电,18.12,5.47147846332946,0.9400000000000013,5588735931.0,313253775,0,16.8,18.6,16.52,17.18
600152,维科技术,6.58,1.2307692307692317,0.08000000000000007,101229108.0,15562440,0,6.49,6.59,6.41,6.5
600153,建发股份,9.48,0.5302226935312907,0.05000000000000071,188849214.0,19962491,0,9.4,9.54,9.34,9.43
600155,华创云信,6.83,0.7374631268436552,0.04999999999999982,206026583.0,30423378,0,6.77,6.89,6.68,6.78
600156,华升股份,7.91,0.2534854245880921,0.020000000000000462,66883923.0,8462300,0,7.84,7.99,7.78,7.89
600157,永泰能源,1.57,0.0,0.0,652567557.0,416497102,0,1.56,1.59,1.55,1.57
600158,中体产业,8.61,2.014218009478672,0.16999999999999993,163720104.0,19222561,0,8.48,8.61,8.41,8.44
600159,大龙地产,2.73,-0.3649635036496434,-0.010000000000000231,42008427.0,15508100,0,2.72,2.74,2.67,2.74
600160,巨化股份,36.25,3.276353276353272,1.1499999999999986,677335914.0,18845558,0,35.3,36.48,35.27,35.1
600161,天坛生物,16.31,0.803461063040785,0.129999999999999,122883671.0,7576066,0,16.16,16.33,16.1,16.18
600162,香江控股,1.83,0.0,0.0,83416123.0,45990537,0,1.82,1.84,1.79,1.83
600163,中闽能源,5.76,-4.318936877076409,-0.2599999999999998,399017648.0,69650566,0,5.99,5.99,5.6,6.02
600165,*ST宁科,3.62,4.927536231884055,0.16999999999999993,186792.0,51600,0,3.62,3.62,3.62,3.45
600166,福田汽车,2.76,-0.7194244604316554,-0.020000000000000018,281482469.0,102559761,0,2.76,2.78,2.72,2.78
600167,联美控股,7.09,0.28288543140027683,0.019999999999999574,94311258.0,13375207,0,7.04,7.12,6.98,7.07
600168,武汉控股,5.05,-0.39447731755424975,-0.020000000000000462,46517996.0,9255640,0,5.07,5.09,4.99,5.07
600169,ST太重,2.22,0.45248868778281587,0.010000000000000231,42379416.0,19235094,0,2.2,2.23,2.19,2.21
600170,上海建工,2.62,0.3831417624521162,0.010000000000000231,327822931.0,125893753,0,2.61,2.63,2.58,2.61
600171,上海贝岭,30.76,0.9517558254020437,0.2900000000000027,218565120.0,7141758,0,30.3,30.87,30.3,30.47
600172,黄河旋风,5.83,3.0035335689045923,0.16999999999999993,348445869.0,60849327,0,5.67,5.85,5.57,5.66
600173,卧龙新能,7.01,0.28612303290414265,0.019999999999999574,61221525.0,8819968,0,6.98,7.01,6.86,6.99
600176,中国巨石,15.3,1.8641810918775044,0.28000000000000114,394313787.0,26017868,0,15.06,15.37,14.95,15.02
600177,雅戈尔,7.58,-0.39421813403416883,-0.03000000000000025,129426191.0,17104066,0,7.58,7.61,7.52,7.61
600178,东安动力,11.6,-1.276595744680854,-0.15000000000000036,51595777.0,4459903,0,11.65,11.74,11.47,11.75
600179,安通控股,4.01,2.557544757033239,0.09999999999999964,218737243.0,55314729,0,3.86,4.04,3.86,3.91
600180,瑞茂通,3.94,-0.5050505050505055,-0.020000000000000018,55278875.0,14086043,0,3.96,3.96,3.88,3.96
600182,S佳通,15.18,0.4632693580410343,0.07000000000000028,27122489.0,1796000,0,15.12,15.18,15.02,15.11
600183,生益科技,64.99,5.657616647699556,3.479999999999997,3080999220.0,48670132,0,61.51,65.0,60.9,61.51
600184,光电股份,19.52,2.7368421052631557,0.5199999999999996,493968440.0,25979371,0,19.09,19.59,18.41,19.0
600185,珠免集团,7.0,0.43041606886657463,0.03000000000000025,249425295.0,35686073,0,6.97,7.09,6.83,6.97
600186,莲花控股,5.98,2.5728987993139,0.15000000000000036,1080632856.0,179149654,0,5.85,6.29,5.75,5.83
600187,国中水务,2.61,-0.7604562737642593,-0.020000000000000018,112541874.0,43279858,0,2.61,2.65,2.56,2.63
600188,兖矿能源,13.23,0.7616146230007589,0.09999999999999964,313978124.0,23865603,0,13.17,13.28,13.02,13.13
600189,泉阳泉,7.17,0.7022471910112335,0.04999999999999982,99847405.0,13986667,0,7.12,7.21,7.07,7.12
600190,退市锦港,0.63,0.0,0.0,0.0,0,0,0.0,0.0,0.0,0.63
600191,华资实业,11.97,2.3076923076923195,0.27000000000000135,141756420.0,12126430,0,11.7,12.04,11.38,11.7
600192,长城电工,9.82,-3.4414945919370665,-0.34999999999999964,358867547.0,36976015,0,9.7,9.97,9.54,10.17
600193,*ST创兴,3.87,0.5194805194805199,0.020000000000000018,22297266.0,5805200,0,3.82,3.91,3.75,3.85
600195,中牧股份,8.09,0.6218905472636904,0.05000000000000071,163576545.0,20215637,0,8.0,8.21,7.97,8.04
600196,复星医药,26.87,0.4485981308411252,0.120000000000001,389483990.0,14574020,0,26.69,26.96,26.5,26.75
600197,伊力特,14.07,-0.07102272727272575,-0.009999999999999787,32204697.0,2301057,0,14.03,14.12,13.9,14.08
600198,大唐电信,9.12,-3.594080338266402,-0.34000000000000163,1265225962.0,133105056,0,10.03,10.09,9.02,9.46
600199,金种子酒,9.92,-0.8000000000000007,-0.08000000000000007,93744776.0,9497517,0,9.99,10.0,9.79,10.0
600200,退市苏吴,0.34,-2.857142857142844,-0.009999999999999953,7757599.0,22767175,0,0.34,0.35,0.33,0.35
600201,生物股份,15.28,-10.011778563015318,-1.700000000000001,1484615878.0,93786678,0,16.76,17.16,15.28,16.98
600202,哈空调,5.69,0.35273368606702754,0.020000000000000462,40782518.0,7240100,0,5.65,5.72,5.54,5.67
600203,福日电子,13.15,1.1538461538461564,0.15000000000000036,362830858.0,27871800,0,13.0,13.19,12.81,13.0
600206,有研新材,19.76,1.0741687979539685,0.21000000000000085,243539538.0,12436488,0,19.5,19.84,19.35,19.55
600207,安彩高科,4.99,1.2170385395537628,0.0600000000000005,66485048.0,13550049,0,4.92,5.01,4.81,4.93
600208,衢州发展,3.88,0.25839793281653195,0.009999999999999787,188246433.0,48703906,0,3.83,3.9,3.83,3.87
600210,紫江企业,7.21,1.1220196353436196,0.08000000000000007,129849260.0,18129800,0,7.11,7.25,7.09,7.13
600211,西藏药业,41.35,1.348039215686285,0.5500000000000043,94999484.0,2311645,0,40.7,41.45,40.6,40.8
600212,绿能慧充,8.11,-0.12315270935960329,-0.009999999999999787,121751459.0,15141400,0,8.12,8.22,7.9,8.12
600215,派斯林,6.49,0.30911901081917253,0.020000000000000462,40613475.0,6331128,0,6.47,6.51,6.3,6.47
600216,浙江医药,13.68,0.8849557522123837,0.11999999999999922,83822262.0,6151961,0,13.54,13.74,13.48,13.56
600217,中再资环,4.06,-2.6378896882494085,-0.11000000000000032,229368544.0,56551285,0,4.17,4.19,3.99,4.17
600218,全柴动力,10.99,-4.351610095735422,-0.5,398611969.0,36608299,0,11.3,11.39,10.58,11.49
600219,南山铝业,4.68,1.7391304347826104,0.08000000000000007,732941808.0,156813082,0,4.62,4.72,4.6,4.6
600221,海航控股,1.75,1.7441860465116297,0.030000000000000027,796482625.0,460480318,0,1.72,1.75,1.69,1.72
600222,太龙药业,7.07,5.208333333333341,0.35000000000000053,259104486.0,37505174,0,6.76,7.15,6.68,6.72
600223,福瑞达,7.33,0.41095890410959246,0.03000000000000025,52437155.0,7200602,0,7.26,7.38,7.16,7.3
600226,亨通股份,4.53,6.839622641509433,0.29000000000000004,644095550.0,145536278,0,4.24,4.6,4.23,4.24
600227,赤天化,2.54,2.0080321285140488,0.04999999999999982,115822789.0,46373300,0,2.5,2.54,2.45,2.49
600228,*ST返利,5.1,4.938271604938257,0.23999999999999932,147641860.0,31108093,0,4.62,5.1,4.62,4.86
600229,城市传媒,6.37,0.0,0.0,22481395.0,3560773,0,6.38,6.38,6.25,6.37
600230,沧州大化,12.89,4.541768045417684,0.5600000000000005,132970269.0,10520322,0,12.33,12.91,12.33,12.33
600231,凌钢股份,2.05,0.49019607843136215,0.009999999999999787,26277993.0,12873610,0,2.04,2.06,2.02,2.04
600232,金鹰股份,7.37,0.27210884353742126,0.020000000000000462,236057751.0,32030940,0,7.45,7.78,7.22,7.35
600233,圆通速递,17.34,0.23121387283236502,0.03999999999999915,136668976.0,7893462,0,17.32,17.45,17.15,17.3
600234,科新发展,13.81,10.039840637450197,1.2599999999999998,119670639.0,8948124,0,12.57,13.81,12.45,12.55
600235,民丰特纸,6.32,-0.6289308176100634,-0.040000000000000036,30668342.0,4858400,0,6.32,6.39,6.22,6.36
600236,桂冠电力,6.83,0.0,0.0,41485250.0,6085883,0,6.84,6.86,6.76,6.83
600237,铜峰电子,9.01,0.3340757238307278,0.02999999999999936,549242662.0,61391529,0,8.98,9.1,8.84,8.98
600238,*ST椰岛,6.46,0.0,0.0,20535601.0,3194700,0,6.47,6.5,6.37,6.46
600239,云南城投,2.39,0.4201680672269005,0.010000000000000231,53391636.0,22450395,0,2.37,2.41,2.35,2.38
600241,时代万恒,8.27,0.4860267314702205,0.03999999999999915,32642933.0,3981200,0,8.27,8.32,8.07,8.23
600243,*ST海华,4.96,1.4314928425357931,0.07000000000000028,15345630.0,3102619,0,4.92,5.01,4.89,4.89
600246,万通发展,12.11,0.16542597187758123,0.019999999999999574,736781515.0,60993658,0,12.03,12.27,11.94,12.09
600248,陕建股份,3.56,0.28169014084507693,0.010000000000000231,46662351.0,13186133,0,3.55,3.57,3.51,3.55
600249,两面针,5.96,-1.4876033057851217,-0.08999999999999986,94412340.0,15830625,0,6.05,6.08,5.87,6.05
600250,南京商旅,13.29,10.016556291390721,1.209999999999999,632225299.0,48252965,0,12.38,13.29,12.31,12.08
600251,冠农股份,8.55,1.7857142857142898,0.15000000000000036,83330129.0,9787747,0,8.4,8.63,8.35,8.4
600252,中恒集团,2.77,1.0948905109488978,0.029999999999999805,139669459.0,50986300,0,2.73,2.77,2.71,2.74
600255,鑫科材料,3.96,-1.0000000000000009,-0.040000000000000036,452960774.0,116050515,0,3.95,3.99,3.82,4.0
600256,广汇能源,5.01,0.0,0.0,182150671.0,36447850,0,5.01,5.02,4.98,5.01
600257,大湖股份,6.17,0.3252032520325134,0.019999999999999574,93612717.0,15386800,0,6.15,6.19,5.97,6.15
600258,首旅酒店,16.63,4.2633228840125375,0.6799999999999997,615646852.0,37126227,0,16.2,16.96,15.95,15.95
600259,广晟有色,50.02,1.894479527398655,0.9299999999999997,396058896.0,8004524,0,49.1,50.29,48.9,49.09
600261,阳光照明,3.33,0.3012048192771154,0.010000000000000231,41807330.0,12661050,0,3.31,3.34,3.27,3.32
600262,北方股份,24.78,0.2832861189801711,0.07000000000000028,57047444.0,2321848,0,24.7,24.91,24.3,24.71
600265,ST景谷,20.33,-1.4541929229277786,-0.3000000000000007,7650187.0,378800,0,20.45,20.53,19.86,20.63
600266,城建发展,4.48,0.0,0.0,106780447.0,23909611,0,4.44,4.5,4.42,4.48
600267,海正药业,10.09,0.5982053838484597,0.0600000000000005,89717722.0,8913000,0,10.08,10.13,10.0,10.03
600268,国电南自,10.55,0.476190476190483,0.05000000000000071,311458068.0,29985630,0,10.46,10.6,10.19,10.5
600269,赣粤高速,5.21,0.0,0.0,57938353.0,11110800,0,5.22,5.25,5.18,5.21
600271,航天信息,10.67,0.18779342723004294,0.019999999999999574,3056919753.0,279038692,0,11.0,11.5,10.48,10.65
600272,开开实业,14.14,-0.3523608174770891,-0.049999999999998934,142432702.0,10053001,0,14.14,14.49,13.88,14.19
600273,嘉化能源,8.26,0.24271844660193656,0.019999999999999574,84884735.0,10287580,0,8.22,8.31,8.2,8.24
600276,恒瑞医药,60.3,1.9442096365173265,1.1499999999999986,1980882810.0,33041782,0,59.35,60.8,59.01,59.15
600278,东方创业,7.53,1.0738255033557056,0.08000000000000007,55725153.0,7453317,0,7.4,7.56,7.37,7.45
600279,重庆港,5.2,0.9708737864077635,0.04999999999999982,51223398.0,9969750,0,5.17,5.21,5.08,5.15
600280,中央商场,4.25,-8.008658008658012,-0.3700000000000001,1045929000.0,242150289,0,4.6,4.64,4.16,4.62
600281,华阳新材,5.84,-0.3412969283276529,-0.020000000000000462,68275584.0,11853000,0,5.91,5.91,5.67,5.86
600282,南钢股份,5.1,0.1964636542239644,0.009999999999999787,245069132.0,48331917,0,5.04,5.12,5.0,5.09
600283,钱江水利,9.0,0.3344481605351099,0.02999999999999936,24819177.0,2772260,0,8.98,9.02,8.9,8.97
600284,浦东建设,7.81,-1.1392405063291233,-0.09000000000000075,128444930.0,16556542,0,7.91,7.96,7.64,7.9
600285,羚锐制药,20.96,-0.2379819133745869,-0.05000000000000071,119345363.0,5699094,0,21.01,21.11,20.8,21.01
600287,苏豪时尚,5.51,-2.3049645390070905,-0.1299999999999999,41502221.0,7526500,0,5.59,5.63,5.43,5.64
600288,大恒科技,14.81,1.6472203157172287,0.2400000000000002,115426413.0,7952830,0,14.57,14.83,14.29,14.57
600289,ST信通,6.72,0.7496251874062941,0.04999999999999982,14636503.0,2199610,0,6.68,6.74,6.6,6.67
600292,远达环保,12.48,-0.9523809523809462,-0.11999999999999922,112230484.0,8981594,0,12.56,12.62,12.41,12.6
600293,三峡新材,2.96,-0.671140939597316,-0.020000000000000018,94230725.0,32006615,0,2.98,3.0,2.9,2.98
600295,鄂尔多斯,11.5,0.9657594381035947,0.10999999999999943,120483252.0,10545695,0,11.39,11.55,11.27,11.39
600298,安琪酵母,41.68,2.6600985221674835,1.0799999999999983,413489641.0,9929269,0,40.6,42.15,40.24,40.6
600299,安迪苏,8.82,0.5701254275940789,0.05000000000000071,39203610.0,4475589,0,8.75,8.87,8.66,8.77
600300,维维股份,3.58,0.8450704225352182,0.03000000000000025,195001388.0,54923833,0,3.55,3.62,3.46,3.55
600301,华锡有色,39.24,3.5083091532577306,1.3300000000000054,277068065.0,7115100,0,38.21,39.78,37.99,37.91
600302,标准股份,9.4,-2.892561983471068,-0.27999999999999936,136871742.0,14533900,0,9.64,9.78,9.26,9.68
600303,曙光股份,3.21,0.0,0.0,46564920.0,14616400,0,3.2,3.23,3.14,3.21
600305,恒顺醋业,7.96,0.2518891687657377,0.019999999999999574,70144629.0,8823543,0,7.94,8.01,7.87,7.94
600307,酒钢宏兴,1.61,-0.6172839506172845,-0.010000000000000009,94963258.0,59302200,0,1.61,1.62,1.58,1.62
600308,华泰股份,3.75,0.2673796791443793,0.009999999999999787,49100943.0,13185632,0,3.72,3.76,3.68,3.74
600309,万华化学,74.22,5.922648779791646,4.150000000000006,5120844678.0,70113383,0,69.75,74.88,69.75,70.07
600310,广西能源,3.74,-1.0582010582010475,-0.03999999999999959,67148030.0,18052380,0,3.77,3.78,3.69,3.78
600312,平高电气,17.91,0.16778523489933522,0.030000000000001137,381966299.0,21548398,0,17.81,18.09,17.4,17.88
600313,农发种业,6.36,-2.752293577981647,-0.17999999999999972,329514511.0,51957201,0,6.54,6.56,6.24,6.54
600315,上海家化,22.9,1.6422547714158784,0.36999999999999744,113040116.0,4956896,0,22.53,23.02,22.31,22.53
600316,洪都航空,30.51,1.026490066225173,0.3100000000000023,204102878.0,6778452,0,30.1,30.65,29.5,30.2
600318,新力金融,8.83,-0.11312217194569894,-0.009999999999999787,146584379.0,16823537,0,8.76,8.91,8.56,8.84
600319,亚星化学,8.89,1.022727272727271,0.08999999999999986,35821591.0,4077232,0,8.74,8.89,8.7,8.8
600320,振华重工,4.58,-1.2931034482758537,-0.05999999999999961,283913967.0,62104015,0,4.64,4.67,4.5,4.64
600322,津投城开,2.3,0.4366812227074143,0.009999999999999787,40902850.0,17949794,0,2.28,2.31,2.25,2.29
600323,瀚蓝环境,29.41,0.3754266211604076,0.10999999999999943,81703713.0,2779900,0,29.3,29.6,29.03,29.3
600325,华发股份,4.31,0.0,0.0,124611254.0,29034182,0,4.29,4.34,4.23,4.31
600326,西藏天路,10.76,0.5607476635514066,0.0600000000000005,298354302.0,28007277,0,10.7,10.78,10.53,10.7
600327,大东方,5.48,1.1070110701107103,0.0600000000000005,517191807.0,93961893,0,5.5,5.65,5.34,5.42
600328,中盐化工,7.83,0.0,0.0,72957172.0,9332365,0,7.81,7.88,7.76,7.83
600329,达仁堂,46.52,2.4895351398986616,1.1300000000000026,216986279.0,4707854,0,45.39,46.7,44.99,45.39
600330,天通股份,11.15,5.387523629489606,0.5700000000000003,1954419025.0,179490486,0,10.35,11.32,10.32,10.58
600331,宏达股份,11.04,1.1915673693858753,0.129999999999999,524254610.0,47791629,0,10.87,11.09,10.8,10.91
600332,白云山,25.66,0.11705033164261076,0.030000000000001137,269802592.0,10553627,0,25.54,25.7,25.46,25.63
600333,长春燃气,5.57,0.0,0.0,86447482.0,15603000,0,5.53,5.6,5.47,5.57
600335,国机汽车,6.26,0.1599999999999966,0.009999999999999787,70609956.0,11356400,0,6.23,6.27,6.15,6.25
600336,澳柯玛,9.55,8.646188850967027,0.7600000000000016,729642215.0,79656474,0,8.77,9.63,8.67,8.79
600337,美克家居,2.92,-4.26229508196721,-0.1299999999999999,264329321.0,89586150,0,3.06,3.11,2.86,3.05
600338,西藏珠峰,13.6,4.615384615384613,0.5999999999999996,710335432.0,53025382,0,13.22,13.65,13.15,13.0
600339,中油工程,3.27,0.6153846153846159,0.020000000000000018,75278414.0,23178578,0,3.24,3.28,3.22,3.25
600340,华夏幸福,2.3,-3.361344537815129,-0.08000000000000007,529107901.0,231134740,0,2.3,2.33,2.26,2.38
600343,航天动力,36.2,-8.005082592121978,-3.1499999999999986,4364859382.0,117997189,0,37.75,38.15,36.0,39.35
600345,长江通信,29.64,5.330490405117271,1.5,633151480.0,21541142,0,28.0,30.95,27.75,28.14
600346,恒力石化,18.78,1.7334777898158193,0.3200000000000003,434840390.0,23371539,0,18.42,18.88,18.37,18.46
600348,华阳股份,7.76,0.9102730819245696,0.0699999999999994,245339656.0,31843558,0,7.68,7.78,7.63,7.69
600350,山东高速,9.21,-0.7543103448275702,-0.06999999999999851,63258160.0,6823282,0,9.3,9.35,9.2,9.28
600351,亚宝药业,6.52,0.1536098310291826,0.009999999999999787,47582228.0,7329700,0,6.5,6.53,6.45,6.51
600352,浙江龙盛,10.65,0.9478672985781956,0.09999999999999964,187054555.0,17651902,0,10.48,10.7,10.47,10.55
600353,旭光电子,16.02,1.6497461928933996,0.2599999999999998,507275446.0,32168269,0,15.75,16.08,15.46,15.76
600354,敦煌种业,6.35,-3.495440729483289,-0.23000000000000043,275630084.0,43558126,0,6.53,6.56,6.22,6.58
600355,*ST精伦,2.11,-4.954954954954969,-0.11000000000000032,6536569.0,3097900,0,2.11,2.11,2.11,2.22
600356,恒丰纸业,8.38,0.23923444976078173,0.02000000000000135,26078040.0,3127200,0,8.36,8.41,8.27,8.36
600358,ST联合,5.75,0.8771929824561372,0.04999999999999982,25445753.0,4454508,0,5.67,5.75,5.66,5.7
600359,新农开发,6.89,0.43731778425655043,0.02999999999999936,65110357.0,9583600,0,6.83,6.93,6.66,6.86
600360,*ST华微,7.88,0.6385696040868432,0.04999999999999982,51410993.0,6577641,0,7.81,7.88,7.77,7.83
600361,创新新材,4.18,-0.23866348448688962,-0.010000000000000675,153661618.0,36839600,0,4.18,4.21,4.13,4.19
600362,江西铜业,41.37,1.997041420118331,0.8099999999999952,1603153275.0,38954187,0,40.71,41.72,40.38,40.56
600363,联创光电,56.84,0.9591474245115564,0.5400000000000063,441630079.0,7846581,0,56.03,57.13,55.26,56.3
600365,ST通葡,3.22,1.8987341772151913,0.06000000000000005,14646675.0,4616600,0,3.15,3.22,3.13,3.16
600366,宁波韵升,13.32,2.068965517241376,0.2699999999999996,387118493.0,29470446,0,13.05,13.36,12.92,13.05
600367,红星发展,15.59,3.2450331125827825,0.4900000000000002,157065854.0,10189100,0,15.15,15.6,15.15,15.1
600368,五洲交通,3.87,-0.5141388174807203,-0.020000000000000018,45677999.0,11859192,0,3.89,3.89,3.83,3.89
600369,西南证券,4.47,0.9029345372460504,0.040000000000000036,206970076.0,46764648,0,4.43,4.5,4.35,4.43
600370,三房巷,2.11,0.956937799043063,0.020000000000000018,43546257.0,20813606,0,2.09,2.13,2.06,2.09
600371,万向德农,8.67,-0.23014959723819994,-0.019999999999999574,68727362.0,8005831,0,8.75,8.75,8.5,8.69
600372,中航机载,12.7,-1.0132501948558128,-0.13000000000000078,842526404.0,66479535,0,12.84,12.95,12.51,12.83
600373,中文传媒,9.6,-1.0309278350515427,-0.09999999999999964,176001107.0,18347826,0,9.7,9.71,9.52,9.7
600375,汉马科技,5.82,0.17211703958693073,0.010000000000000675,112720788.0,19568547,0,5.77,5.83,5.7,5.81
600376,首开股份,5.04,-0.1980198019801938,-0.009999999999999787,375369800.0,75084692,0,5.0,5.08,4.93,5.05
600377,宁沪高速,12.09,-0.9828009828009909,-0.120000000000001,118293832.0,9766859,0,12.21,12.22,12.06,12.21
600378,昊华科技,30.22,1.5798319327731056,0.46999999999999886,204645895.0,6841054,0,29.71,30.34,29.51,29.75
600379,宝光股份,11.51,-1.1168384879725153,-0.13000000000000078,57613716.0,5067020,0,11.7,11.71,11.2,11.64
600380,健康元,11.67,0.2577319587628811,0.02999999999999936,171207780.0,14746381,0,11.62,11.71,11.51,11.64
600381,*ST春天,4.34,0.9302325581395358,0.040000000000000036,10852444.0,2520611,0,4.33,4.35,4.26,4.3
600382,广东明珠,7.08,1.2875536480686673,0.08999999999999986,78953646.0,11234055,0,6.98,7.11,6.92,6.99
600383,金地集团,3.14,-0.31746031746031067,-0.009999999999999787,220912280.0,70852080,0,3.13,3.15,3.08,3.15
600386,北巴传媒,4.25,-1.1627906976744147,-0.04999999999999982,51366612.0,12109300,0,4.3,4.32,4.18,4.3
600387,退市海越,0.94,0.0,0.0,0.0,0,0,0.0,0.0,0.0,0.94
600388,龙净环保,16.14,1.6372795969773284,0.2599999999999998,198408080.0,12343430,0,15.85,16.22,15.84,15.88
600389,江山股份,23.35,7.060981201283828,1.5400000000000027,239504863.0,10542087,0,21.78,23.55,21.71,21.81
600390,五矿资本,5.46,1.298701298701304,0.07000000000000028,214550151.0,39719888,0,5.38,5.52,5.31,5.39
600391,航发科技,28.38,-1.3212795549374219,-0.38000000000000256,383255877.0,13563074,0,28.5,28.97,27.72,28.76
600392,盛和资源,20.78,3.33167578319245,0.6700000000000017,867237674.0,42393253,0,20.17,20.85,19.93,20.11
600395,盘江股份,4.61,0.0,0.0,62014727.0,13536300,0,4.6,4.62,4.55,4.61
600396,华电辽能,2.91,-0.6825938566552906,-0.020000000000000018,33358819.0,11528139,0,2.91,2.93,2.87,2.93
600397,江钨装备,6.8,1.9490254872563704,0.1299999999999999,135636194.0,20045000,0,6.66,6.94,6.6,6.67
600398,海澜之家,6.24,0.6451612903225812,0.040000000000000036,179299227.0,28868115,0,6.2,6.26,6.14,6.2
600399,抚顺特钢,5.49,-0.18181818181817794,-0.009999999999999787,343013463.0,62623623,0,5.52,5.57,5.41,5.5
600400,红豆股份,2.41,0.4166666666666763,0.010000000000000231,74286901.0,31176141,0,2.4,2.42,2.36,2.4
600403,大有能源,6.88,0.5847953216374274,0.040000000000000036,334654177.0,49332173,0,6.76,6.94,6.63,6.84
600405,动力源,5.04,-0.5917159763313657,-0.03000000000000025,57124337.0,11432667,0,5.07,5.09,4.93,5.07
600406,国电南瑞,23.06,0.9632224168126045,0.21999999999999886,766950525.0,33492337,0,22.73,23.1,22.68,22.84
600408,安泰集团,4.58,-0.8658008658008665,-0.040000000000000036,462077272.0,102213120,0,4.66,4.67,4.35,4.62
600409,三友化工,5.93,2.417962003454226,0.13999999999999968,129047529.0,21971221,0,5.8,5.95,5.8,5.79
600410,华胜天成,16.94,1.134328358208963,0.19000000000000128,932285696.0,55756674,0,16.7,17.0,16.44,16.75
600415,小商品城,16.36,1.5518311607697084,0.25,833621381.0,51342992,0,16.16,16.48,15.95,16.11
600416,湘电股份,13.39,0.2996254681648009,0.040000000000000924,229655322.0,17270408,0,13.32,13.49,13.14,13.35
600418,江淮汽车,47.64,0.6124604012671576,0.28999999999999915,1254839874.0,26411886,0,47.3,48.2,47.0,47.35
600419,天润乳业,9.98,4.284221525600837,0.41000000000000014,141663668.0,14289335,0,9.59,10.18,9.52,9.57
600420,国药现代,10.22,0.3929273084479462,0.040000000000000924,68075284.0,6693220,0,10.18,10.23,10.1,10.18
600421,*ST华嵘,7.58,-0.13175230566534632,-0.009999999999999787,35651357.0,4762000,0,7.5,7.68,7.25,7.59
600422,昆药集团,12.42,1.057770545158672,0.13000000000000078,58274580.0,4718677,0,12.27,12.44,12.25,12.29
600423,柳化股份,3.73,-1.0610079575596827,-0.040000000000000036,46245473.0,12385600,0,3.8,3.81,3.69,3.77
600425,青松建化,4.19,0.7211538461538521,0.03000000000000025,76035902.0,18278300,0,4.18,4.21,4.12,4.16
600426,华鲁恒升,29.33,4.154829545454539,1.1699999999999982,709409076.0,24360810,0,28.21,29.68,28.02,28.16
600428,中远海特,7.18,1.4124293785310684,0.09999999999999964,100245791.0,14070367,0,7.07,7.2,7.04,7.08
600429,三元股份,5.79,2.1164021164021185,0.1200000000000001,598763233.0,104765190,0,5.55,5.87,5.47,5.67
600433,冠豪高新,3.12,0.9708737864077751,0.03000000000000025,52861060.0,17026186,0,3.09,3.14,3.07,3.09
600435,北方导航,13.58,-0.6583760058522301,-0.08999999999999986,348839357.0,25903722,0,13.53,13.7,13.3,13.67
600436,片仔癀,171.28,0.2458152873697691,0.4199999999999875,248638021.0,1459769,0,170.86,171.7,169.43,170.86
600438,通威股份,21.18,1.8269230769230722,0.379999999999999,1381040044.0,65552496,0,20.8,21.25,20.8,20.8
600439,瑞贝卡,2.71,-0.3676470588235379,-0.010000000000000231,50954132.0,18932069,0,2.71,2.72,2.66,2.72
600444,国机通用,17.91,-2.610114192495924,-0.4800000000000004,129011120.0,7258955,0,18.29,18.46,17.46,18.39
600446,金证股份,15.59,0.515796260477112,0.08000000000000007,360681287.0,23441332,0,15.41,15.85,15.05,15.51
600448,华纺股份,3.07,0.0,0.0,57711299.0,18943501,0,3.06,3.09,3.0,3.07
600449,宁夏建材,12.32,0.7358953393295165,0.08999999999999986,45960055.0,3747379,0,12.21,12.36,12.13,12.23
600452,涪陵电力,9.39,-0.8447729672650481,-0.08000000000000007,136875292.0,14604184,0,9.45,9.45,9.31,9.47
600455,博通股份,25.18,1.2872083668543857,0.3200000000000003,33606493.0,1351500,0,24.87,25.2,24.51,24.86
600456,宝钛股份,32.27,-0.8602150537634227,-0.27999999999999403,330891553.0,10321183,0,32.41,32.57,31.6,32.55
600458,时代新材,13.23,0.15140045420135936,0.019999999999999574,103706356.0,7922274,0,13.18,13.25,12.95,13.21
600459,贵研铂业,19.0,5.614230127848814,1.0100000000000016,1254306376.0,66842346,0,18.37,19.15,18.2,17.99
600460,士兰微,27.67,2.103321033210333,0.5700000000000003,520977953.0,18954572,0,27.23,27.73,27.23,27.1
600461,洪城环境,9.61,-0.20768431983386654,-0.02000000000000135,118209803.0,12274603,0,9.58,9.68,9.56,9.63
600462,退市九有,0.21,0.0,0.0,0.0,0,0,0.0,0.0,0.0,0.21
600463,空港股份,11.49,-3.8493723849372308,-0.4599999999999991,84037023.0,7293420,0,11.9,11.96,11.17,11.95
600467,好当家,2.58,-3.0075187969924837,-0.08000000000000007,220862973.0,85671700,0,2.66,2.67,2.54,2.66
600468,百利电气,6.71,1.8209408194233705,0.1200000000000001,493505121.0,73815749,0,6.62,6.95,6.45,6.59
600469,风神股份,6.67,-0.14970059880239203,-0.009999999999999787,47442333.0,7145750,0,6.65,6.74,6.55,6.68
600470,六国化工,5.83,1.5679442508710777,0.08999999999999986,194238649.0,33383970,0,5.74,6.1,5.61,5.74
600475,华光环能,17.14,0.4689331770222852,0.08000000000000185,168161606.0,9910921,0,17.14,17.25,16.69,17.06
600476,湘邮科技,15.22,-0.13123359580052213,-0.019999999999999574,41514739.0,2756600,0,15.15,15.28,14.86,15.24
600477,杭萧钢构,2.62,0.7692307692307698,0.020000000000000018,58105680.0,22379284,0,2.6,2.62,2.57,2.6
600478,科力远,6.59,2.488335925349925,0.16000000000000014,205047349.0,31524746,0,6.47,6.6,6.38,6.43
600479,千金药业,10.26,0.588235294117652,0.0600000000000005,49868480.0,4881321,0,10.19,10.29,10.15,10.2
600480,凌云股份,11.47,1.5943312666076306,0.1800000000000015,133147105.0,11711821,0,11.29,11.5,11.24,11.29
600481,双良节能,5.48,1.1070110701107103,0.0600000000000005,131538862.0,24248804,0,5.41,5.49,5.36,5.42
600482,中国动力,20.09,2.395514780835876,0.46999999999999886,449393642.0,22779777,0,19.56,20.09,19.45,19.62
600483,福能股份,10.0,-0.7936507936507943,-0.08000000000000007,159837225.0,16018069,0,10.05,10.09,9.9,10.08
600486,扬农化工,65.0,2.3622047244094486,1.5,176074229.0,2725953,0,63.5,65.47,63.04,63.5
600487,亨通光电,21.67,8.83977900552487,1.7600000000000016,3726459953.0,174406990,0,19.88,21.9,19.88,19.91
600488,津药药业,4.09,0.4914004914004809,0.019999999999999574,21840092.0,5367900,0,4.05,4.1,4.04,4.07
600489,中金黄金,22.62,3.3820840950639948,0.740000000000002,1626810332.0,72464068,0,22.1,22.78,22.02,21.88
600490,鹏欣资源,7.65,1.3245033112582854,0.10000000000000053,508891173.0,66961929,0,7.61,7.73,7.45,7.55
600491,龙元建设,2.81,2.181818181818184,0.06000000000000005,46364738.0,16581840,0,2.76,2.85,2.75,2.75
600493,凤竹纺织,7.38,-7.052896725440812,-0.5600000000000005,368030724.0,48290404,0,7.94,8.08,7.28,7.94
600495,晋西车轴,4.8,-0.8264462809917362,-0.040000000000000036,83614605.0,17556440,0,4.81,4.85,4.7,4.84
600496,精工钢构,4.27,1.666666666666652,0.0699999999999994,87835152.0,20770494,0,4.22,4.29,4.17,4.2
600497,驰宏锌锗,6.74,2.7439024390244,0.1800000000000006,661201879.0,99199611,0,6.57,6.78,6.51,6.56
600498,烽火通信,26.7,5.491900434610828,1.3900000000000006,2970648711.0,113491448,0,25.6,26.8,25.48,25.31
600499,科达制造,13.47,4.095826893353951,0.5300000000000011,527425401.0,39447875,0,13.01,13.56,13.01,12.94
600500,中化国际,3.84,1.319261213720312,0.04999999999999982,69459864.0,18284920,0,3.77,3.84,3.76,3.79
600501,航天晨光,27.04,10.008136696501225,2.460000000000001,1693087476.0,65129239,0,24.4,27.04,24.05,24.58
600502,安徽建工,4.62,-0.4310344827586115,-0.019999999999999574,70795685.0,15347596,0,4.63,4.66,4.57,4.64
600503,华丽家族,2.69,-0.3703703703703789,-0.010000000000000231,61441446.0,23023584,0,2.69,2.7,2.63,2.7
600505,西昌电力,12.85,-0.8487654320987748,-0.11000000000000121,83062265.0,6511300,0,13.02,13.02,12.59,12.96
600506,统一股份,22.89,-0.043668122270733675,-0.00999999999999801,187292613.0,8253370,0,22.86,23.03,22.4,22.9
600507,方大特钢,5.77,0.8741258741258711,0.04999999999999982,62680773.0,10935155,0,5.74,5.79,5.67,5.72
600508,上海能源,11.92,0.0,0.0,29850179.0,2512622,0,11.92,11.97,11.8,11.92
600509,天富能源,8.4,0.840336134453785,0.07000000000000028,231816308.0,27933580,0,8.29,8.42,8.15,8.33
600510,黑牡丹,8.5,1.553166069295111,0.13000000000000078,80407181.0,9596731,0,8.37,8.53,8.2,8.37
600511,国药股份,28.81,0.4182642035552368,0.11999999999999744,78869302.0,2743618,0,28.66,28.94,28.51,28.69
600512,腾达建设,2.38,0.8474576271186449,0.020000000000000018,44134413.0,18749700,0,2.36,2.38,2.33,2.36
600513,联环药业,17.64,1.5544041450777177,0.2699999999999996,131275265.0,7506400,0,17.31,17.7,17.25,17.37
600515,海南机场,4.69,0.8602150537634415,0.040000000000000036,692159398.0,152398076,0,4.65,4.69,4.45,4.65
600516,方大炭素,5.67,1.250000000000005,0.07000000000000028,279329737.0,49751822,0,5.58,5.71,5.52,5.6
600517,国网英大,5.94,0.5076142131979737,0.03000000000000025,182338887.0,31063300,0,5.9,5.98,5.79,5.91
600518,康美药业,1.92,0.5235602094240842,0.010000000000000009,238628257.0,124643480,0,1.91,1.93,1.9,1.91
600519,贵州茅台,1433.1,0.7805907172995716,11.099999999999909,4489482138.0,3138249,0,1425.0,1439.94,1417.68,1422.0
600520,三佳科技,25.17,0.07952286282307407,0.020000000000003126,38639192.0,1542900,0,25.15,25.3,24.88,25.15
600521,华海药业,17.09,1.1242603550295933,0.19000000000000128,196838876.0,11609088,0,16.86,17.18,16.69,16.9
600522,中天科技,17.78,5.581947743467941,0.9400000000000013,2598177064.0,149667220,0,16.78,17.96,16.64,16.84
600523,贵航股份,14.83,-0.935203740814967,-0.14000000000000057,94950659.0,6455638,0,14.97,15.04,14.47,14.97
600525,ST长园,3.51,0.8620689655172358,0.029999999999999805,21516737.0,6144548,0,3.48,3.55,3.47,3.48
600526,菲达环保,5.09,-0.39138943248533187,-0.020000000000000462,54587285.0,10808390,0,5.1,5.11,5.0,5.11
600527,江南高纤,2.09,0.0,0.0,70982750.0,34157740,0,2.09,2.1,2.05,2.09
600528,中铁工业,7.92,0.7633587786259493,0.05999999999999961,87631128.0,11155186,0,7.83,7.94,7.78,7.86
600529,山东药玻,20.29,-0.14763779527559615,-0.030000000000001137,106070159.0,5244951,0,20.3,20.37,20.14,20.32
600530,交大昂立,6.28,-3.235747303543913,-0.20999999999999996,92090855.0,14718750,0,6.45,6.5,6.07,6.49
600531,豫光金铅,10.86,4.725168756027003,0.4900000000000002,708496370.0,66133862,0,10.5,10.93,10.45,10.37
600533,栖霞建设,2.49,0.40322580645162226,0.010000000000000231,36673453.0,14861900,0,2.48,2.5,2.43,2.48
600535,天士力,15.06,0.1996007984032012,0.030000000000001137,113035087.0,7572775,0,15.02,15.1,14.82,15.03
600536,中国软件,44.41,2.280055274067238,0.9899999999999949,588098502.0,13429046,0,43.45,44.43,43.22,43.42
600537,亿晶光电,3.9,-0.2557544757033307,-0.010000000000000231,271842521.0,70737935,0,3.88,3.91,3.76,3.91
600538,国发股份,6.21,0.9756097560975545,0.05999999999999961,56285205.0,9191200,0,6.15,6.21,6.02,6.15
600539,狮头股份,9.86,-0.2024291497975845,-0.02000000000000135,35947856.0,3683400,0,9.78,9.9,9.62,9.88
600540,新赛股份,4.46,0.0,0.0,47498762.0,10754100,0,4.47,4.49,4.36,4.46
600543,莫高股份,5.4,-0.7352941176470594,-0.040000000000000036,37926109.0,7060703,0,5.44,5.46,5.28,5.44
600545,卓郎智能,2.54,1.1952191235059861,0.03000000000000025,46729978.0,18548546,0,2.51,2.55,2.48,2.51
600546,山煤国际,10.27,0.0,0.0,120762299.0,11795418,0,10.22,10.34,10.17,10.27
600547,山东黄金,36.18,3.047564796354316,1.0700000000000003,1186564053.0,32949840,0,35.35,36.5,35.31,35.11
600548,深高速,8.88,-0.8928571428571435,-0.08000000000000007,78623788.0,8864070,0,8.92,8.92,8.8,8.96
600549,厦门钨业,41.59,5.934793683138069,2.3300000000000054,3108432158.0,75964126,0,39.6,42.22,39.2,39.26
600550,保变电气,10.11,0.49701789264412455,0.049999999999998934,1012529484.0,100862846,0,10.0,10.28,9.83,10.06
600551,时代出版,8.17,0.49200492004918994,0.03999999999999915,33657885.0,4149826,0,8.12,8.18,8.04,8.13
600552,凯盛科技,10.86,1.023255813953483,0.10999999999999943,171353061.0,16013512,0,10.76,10.88,10.56,10.75
600556,天下秀,5.81,5.444646098003627,0.2999999999999998,454943829.0,80161170,0,5.5,5.83,5.5,5.51
600557,康缘药业,14.29,0.8468595624558872,0.11999999999999922,68475560.0,4812430,0,14.18,14.34,14.14,14.17
600558,大西洋,5.64,0.8944543828264727,0.04999999999999982,122110098.0,21817350,0,5.58,5.71,5.51,5.59
600559,老白干酒,16.18,-0.3694581280788099,-0.05999999999999872,116667671.0,7237589,0,16.25,16.29,16.02,16.24
600560,金自天正,15.55,0.06435006435007441,0.010000000000001563,42158176.0,2745000,0,15.47,15.69,15.12,15.54
600561,江西长运,6.45,1.0971786833855846,0.07000000000000028,38585863.0,6052100,0,6.37,6.48,6.28,6.38
600562,国睿科技,27.15,-0.9485589201021583,-0.26000000000000156,342137061.0,12647674,0,27.17,28.2,26.57,27.41
600563,法拉电子,101.98,1.6952532907858024,1.7000000000000028,252029875.0,2500455,0,100.28,102.1,99.65,100.28
600566,济川药业,26.81,-0.14897579143390205,-0.0400000000000027,131663171.0,4902099,0,26.83,27.01,26.63,26.85
600567,山鹰国际,1.63,-0.6097560975609762,-0.010000000000000009,160928621.0,99156100,0,1.63,1.64,1.6,1.64
600568,ST中珠,2.55,0.0,0.0,49601308.0,19526440,0,2.57,2.59,2.5,2.55
600569,安阳钢铁,2.2,1.3824884792626844,0.03000000000000025,49732203.0,22887972,0,2.17,2.21,2.14,2.17
600570,恒生电子,29.53,1.8627112797516479,0.5400000000000027,1082123779.0,37132541,0,28.98,29.68,28.48,28.99
600571,信雅达,15.26,1.8012008005336861,0.2699999999999996,206121531.0,13780786,0,14.99,15.28,14.65,14.99
600572,康恩贝,4.59,0.4376367614879556,0.019999999999999574,103239094.0,22576152,0,4.56,4.61,4.53,4.57
600573,惠泉啤酒,11.95,-4.246794871794881,-0.5300000000000011,295070786.0,24627449,0,12.37,12.48,11.8,12.48
600575,淮河能源,3.54,0.0,0.0,114499370.0,32534562,0,3.53,3.55,3.49,3.54
600576,祥源文旅,5.71,-1.551724137931032,-0.08999999999999986,196770761.0,34531795,0,5.7,5.85,5.58,5.8
600577,精达股份,10.81,2.6590693257360036,0.28000000000000114,1305788045.0,122105628,0,10.4,10.89,10.39,10.53
600578,京能电力,4.6,0.4366812227074143,0.019999999999999574,136138793.0,29697157,0,4.59,4.63,4.52,4.58
600579,中化装备,8.16,-1.3301088270858457,-0.10999999999999943,47341094.0,5830610,0,8.23,8.32,8.01,8.27
600580,卧龙电驱,40.0,1.807075591753629,0.7100000000000009,1800604468.0,45303246,0,39.3,40.32,39.22,39.29
600581,八一钢铁,3.3,0.6097560975609762,0.020000000000000018,72075825.0,22086600,0,3.28,3.31,3.22,3.28
600582,天地科技,5.77,0.8741258741258711,0.04999999999999982,134851048.0,23621521,0,5.71,5.77,5.66,5.72
600583,海油工程,5.37,0.5617977528089935,0.03000000000000025,188216771.0,35317777,0,5.33,5.39,5.28,5.34
600584,长电科技,35.93,1.554550593555673,0.5499999999999972,991389545.0,27849810,0,35.3,36.05,35.13,35.38
600585,海螺水泥,22.06,0.6386861313868476,0.13999999999999702,419279836.0,19103436,0,21.92,22.13,21.73,21.92
600586,金晶科技,5.58,-1.0638297872340359,-0.05999999999999961,265198632.0,48109660,0,5.58,5.7,5.37,5.64
600587,新华医疗,14.52,0.8333333333333279,0.11999999999999922,61653613.0,4268525,0,14.4,14.54,14.33,14.4
600588,用友网络,12.73,3.6644951140065234,0.45000000000000107,533163287.0,42749585,0,12.29,12.74,12.28,12.28
600589,大位科技,7.03,1.0057471264367857,0.07000000000000028,243268296.0,34865642,0,6.91,7.03,6.9,6.96
600590,泰豪科技,8.97,0.33557046979867045,0.030000000000001137,141315910.0,15972885,0,8.93,9.02,8.73,8.94
600592,龙溪股份,23.97,1.0113780025284382,0.23999999999999844,557058697.0,23508549,0,23.67,24.12,23.36,23.73
600593,大连圣亚,44.91,2.7688787185354546,1.2099999999999937,457941004.0,10140600,0,44.2,46.1,43.8,43.7
600594,益佰制药,4.06,2.010050251256272,0.07999999999999963,103312658.0,25536959,0,3.99,4.15,3.93,3.98
600595,中孚实业,7.65,5.51724137931035,0.40000000000000036,528190595.0,69877130,0,7.25,7.7,7.25,7.25
600596,新安股份,10.82,2.268431001890361,0.2400000000000002,178393623.0,16677163,0,10.58,10.91,10.5,10.58
600597,光明乳业,8.18,0.7389162561576417,0.0600000000000005,107636481.0,13211365,0,8.12,8.24,8.05,8.12
600598,北大荒,14.55,-1.8218623481781346,-0.2699999999999996,601949179.0,41449120,0,14.81,14.82,14.37,14.82
600599,*ST熊猫,8.4,0.5988023952095893,0.05000000000000071,27831049.0,3332600,0,8.68,8.7,8.11,8.35
600600,青岛啤酒,62.24,0.06430868167202435,0.03999999999999915,198218138.0,3191743,0,62.3,62.4,61.8,62.2
600601,方正科技,12.09,3.1569965870307097,0.3699999999999992,2303242964.0,193481965,0,11.7,12.19,11.51,11.72
600602,云赛智联,17.4,0.9866511897852476,0.16999999999999815,207042675.0,11995647,0,17.16,17.5,17.04,17.23
600603,广汇物流,6.39,1.1075949367088511,0.0699999999999994,63694720.0,10097491,0,6.27,6.41,6.19,6.32
600604,市北高新,5.36,-1.4705882352941189,-0.08000000000000007,65050278.0,12161089,0,5.42,5.43,5.28,5.44
600605,汇通能源,27.78,-0.14378145219266408,-0.03999999999999915,49441780.0,1797101,0,27.6,28.06,27.12,27.82
600606,绿地控股,1.65,0.6097560975609762,0.010000000000000009,114012106.0,69918131,0,1.64,1.65,1.61,1.64
600608,*ST沪科,3.31,-3.7790697674418574,-0.1299999999999999,42259742.0,12890838,0,3.27,3.43,3.27,3.44
600609,金杯汽车,4.68,-0.636942675159241,-0.03000000000000025,95948464.0,20612304,0,4.65,4.73,4.6,4.71
600610,中毅达,9.66,-1.9289340101522792,-0.1899999999999995,149326794.0,15540513,0,9.74,9.75,9.52,9.85
600611,大众交通,5.48,-3.350970017636676,-0.1899999999999995,328808057.0,60116715,0,5.52,5.58,5.41,5.67
600612,老凤祥,44.52,-0.15698587127158617,-0.07000000000000028,72305539.0,1628903,0,44.43,44.64,44.22,44.59
600613,神奇制药,6.11,-0.16339869281045402,-0.009999999999999787,47624314.0,7860501,0,6.14,6.15,5.98,6.12
600615,鑫源智造,10.97,0.18264840182649636,0.02000000000000135,29707852.0,2730820,0,10.94,11.02,10.71,10.95
600616,金枫酒业,5.26,-0.18975332068310793,-0.009999999999999787,52826008.0,10094517,0,5.25,5.28,5.17,5.27
600617,国新能源,3.16,0.31746031746032477,0.010000000000000231,82118587.0,26246307,0,3.14,3.17,3.09,3.15
600618,氯碱化工,11.61,1.0443864229764945,0.11999999999999922,93844725.0,8135933,0,11.41,11.66,11.37,11.49
600619,海立股份,20.16,-0.44444444444444375,-0.08999999999999986,494339609.0,24792366,0,20.25,20.36,19.61,20.25
600620,天宸股份,5.96,0.6756756756756763,0.040000000000000036,43463286.0,7336867,0,5.87,6.0,5.84,5.92
600621,华鑫股份,15.28,1.5282392026577984,0.22999999999999865,183828364.0,12128340,0,15.08,15.36,14.95,15.05
600622,光大嘉宝,2.88,-1.030927835051555,-0.03000000000000025,85862506.0,29939277,0,2.88,2.91,2.83,2.91
600623,华谊集团,7.27,0.5532503457814543,0.03999999999999915,66027223.0,9113920,0,7.26,7.32,7.15,7.23
600624,ST复华,5.51,-2.650176678445236,-0.15000000000000036,70829464.0,12861669,0,5.51,5.62,5.39,5.66
600626,申达股份,4.51,2.2675736961451167,0.09999999999999964,60681324.0,13624529,0,4.44,4.52,4.38,4.41
600628,新世界,8.08,-0.24691358024690832,-0.019999999999999574,390795061.0,47891061,0,8.22,8.31,7.99,8.1
600629,华建集团,18.55,0.5420054200542083,0.10000000000000142,361937114.0,19668039,0,18.45,18.6,18.21,18.45
600630,龙头股份,9.02,0.6696428571428428,0.05999999999999872,122313500.0,13712680,0,8.9,9.07,8.77,8.96
600633,浙数文化,12.48,1.0526315789473748,0.13000000000000078,111097651.0,8990042,0,12.3,12.52,12.23,12.35
600635,大众公用,6.48,-1.2195121951219388,-0.07999999999999918,758702660.0,118280826,0,6.47,6.53,6.33,6.56
600636,*ST国化,8.37,1.8248175182481576,0.14999999999999858,23833084.0,2862951,0,8.2,8.42,8.17,8.22
600637,东方明珠,9.16,0.8810572687224677,0.08000000000000007,336887536.0,37065736,0,9.07,9.18,9.0,9.08
600638,新黄浦,5.58,-0.17889087656529135,-0.009999999999999787,64255435.0,11645600,0,5.57,5.65,5.44,5.59
600639,浦东金桥,10.15,-0.39254170755641954,-0.03999999999999915,35255197.0,3483600,0,10.16,10.2,10.06,10.19
600640,国脉文化,12.36,0.4878048780487701,0.05999999999999872,90614678.0,7428657,0,12.27,12.37,12.02,12.3
600641,先导基电,16.19,1.187500000000008,0.19000000000000128,284462112.0,17866695,0,15.97,16.24,15.66,16.0
600642,申能股份,8.03,0.0,0.0,159816903.0,19951063,0,8.01,8.08,7.95,8.03
600643,爱建集团,5.27,0.3809523809523728,0.019999999999999574,107630489.0,20744874,0,5.21,5.31,5.09,5.25
600644,乐山电力,9.96,-1.4836795252225379,-0.14999999999999858,197262768.0,19917719,0,10.03,10.07,9.77,10.11
600645,中源协和,25.81,0.42801556420233244,0.10999999999999943,174574445.0,6781241,0,25.68,26.01,25.38,25.7
600648,外高桥,9.92,-0.1007049345417904,-0.009999999999999787,24945516.0,2523973,0,9.91,9.96,9.82,9.93
600649,城投控股,4.31,0.46620046620045624,0.019999999999999574,69211004.0,16137849,0,4.27,4.34,4.25,4.29
600650,锦江在线,15.46,-3.254067584480598,-0.5199999999999996,637344626.0,39727752,0,16.52,16.98,15.36,15.98
600651,飞乐音响,7.42,-0.6693440428380164,-0.04999999999999982,257856127.0,34974762,0,7.46,7.5,7.26,7.47
600653,申华控股,1.89,-0.5263157894736847,-0.010000000000000009,40521555.0,21483225,0,1.9,1.91,1.87,1.9
600654,中安科,3.69,0.8196721311475357,0.029999999999999805,231581708.0,63605160,0,3.65,3.7,3.59,3.66
600655,豫园股份,5.26,2.3346303501945544,0.1200000000000001,117953039.0,22672234,0,5.15,5.28,5.1,5.14
600657,信达地产,3.51,0.0,0.0,50400093.0,14447766,0,3.49,3.54,3.44,3.51
600658,电子城,5.42,-1.0948905109489142,-0.0600000000000005,99779717.0,18565025,0,5.41,5.45,5.29,5.48
600660,福耀玻璃,62.08,1.1734028683181206,0.7199999999999989,616732751.0,9973283,0,61.36,62.35,61.08,61.36
600661,昂立教育,10.19,-1.2596899224806277,-0.13000000000000078,52312212.0,5138100,0,10.29,10.37,10.0,10.32
600662,外服控股,5.08,0.594059405940599,0.03000000000000025,48540709.0,9585410,0,5.05,5.11,5.01,5.05
600663,陆家嘴,7.87,-0.631313131313129,-0.04999999999999982,84156137.0,10755703,0,7.91,7.92,7.73,7.92
600664,哈药股份,3.55,0.8522727272727216,0.029999999999999805,72184197.0,20527535,0,3.51,3.55,3.48,3.52
600665,天地源,3.24,0.6211180124223608,0.020000000000000018,39660405.0,12362049,0,3.19,3.26,3.15,3.22
600666,奥瑞德,3.25,-0.3067484662576622,-0.009999999999999787,138361302.0,43015714,0,3.26,3.26,3.18,3.26
600667,太极实业,7.55,1.4784946236559062,0.10999999999999943,272942631.0,36578574,0,7.47,7.56,7.35,7.44
600668,尖峰集团,10.99,0.825688073394494,0.08999999999999986,40015297.0,3667654,0,10.9,11.03,10.83,10.9
600671,天目药业,17.11,3.1966224366706952,0.5300000000000011,55115051.0,3272120,0,16.58,17.23,16.48,16.58
600673,东阳光,22.01,2.229447282861126,0.4800000000000004,834748080.0,38073407,0,21.7,22.22,21.47,21.53
600674,川投能源,14.27,-0.4881450488145068,-0.07000000000000028,211478265.0,14810127,0,14.34,14.35,14.23,14.34
600675,中华企业,2.72,0.0,0.0,72505485.0,26864722,0,2.71,2.73,2.67,2.72
600676,交运股份,5.56,-0.17953321364453634,-0.010000000000000675,44657375.0,8083809,0,5.56,5.58,5.47,5.57
600678,四川金顶,13.66,-10.013175230566532,-1.5199999999999996,539908851.0,38712081,0,14.04,14.45,13.66,15.18
600679,上海凤凰,13.38,-1.9780219780219748,-0.2699999999999996,125394039.0,9404300,0,13.65,13.67,13.17,13.65
600681,百川能源,4.02,1.7721518987341618,0.0699999999999994,144705893.0,36555287,0,3.93,4.02,3.89,3.95
600682,南京新百,8.27,6.16174582798459,0.47999999999999954,675812865.0,82521381,0,7.93,8.35,7.93,7.79
600683,京投发展,4.25,-0.468384074941442,-0.019999999999999574,53413294.0,12602589,0,4.2,4.29,4.2,4.27
600684,珠江股份,4.31,1.1737089201877893,0.04999999999999982,100951783.0,23477418,0,4.26,4.4,4.19,4.26
600685,中船防务,27.41,0.0,0.0,553641399.0,20388551,0,27.2,27.5,26.8,27.41
600686,金龙汽车,16.5,2.484472049689432,0.3999999999999986,466823817.0,28673750,0,16.13,16.63,16.04,16.1
600688,上海石化,2.64,0.3802281368821381,0.010000000000000231,72299814.0,27459167,0,2.63,2.65,2.61,2.63
600689,上海三毛,13.37,1.2878787878787874,0.16999999999999993,53294313.0,4013958,0,13.2,13.54,12.96,13.2
600690,海尔智家,27.49,1.1033468186833288,0.29999999999999716,921149033.0,33674199,0,27.1,27.73,26.81,27.19
600691,潞化科技,2.82,1.4388489208633108,0.040000000000000036,42537296.0,15284400,0,2.78,2.82,2.74,2.78
600692,亚通股份,7.16,-0.27855153203342026,-0.019999999999999574,29453029.0,4140900,0,7.22,7.22,7.03,7.18
600693,东百集团,16.72,-4.945992040932354,-0.870000000000001,2857989068.0,170953196,0,17.59,17.6,16.11,17.59
600694,大商股份,18.58,-1.9007391763463726,-0.360000000000003,332785192.0,17831059,0,18.66,19.22,18.27,18.94
600696,*ST岩石,3.39,-5.042016806722682,-0.17999999999999972,1025814.0,302600,0,3.39,3.39,3.39,3.57
600697,欧亚集团,14.44,0.4172461752433847,0.05999999999999872,820567819.0,55021086,0,14.92,15.82,14.05,14.38
600698,湖南天雁,8.81,-0.3393665158370968,-0.02999999999999936,106005618.0,12147570,0,8.76,8.87,8.62,8.84
600699,均胜电子,28.5,5.011053795136328,1.3599999999999994,2996942173.0,105600115,0,27.04,29.03,26.95,27.14
600702,舍得酒业,57.9,-0.9070682868389546,-0.5300000000000011,334624394.0,5821678,0,58.0,58.16,57.02,58.43
600703,三安光电,13.17,1.307692307692307,0.16999999999999993,481667613.0,36915094,0,12.95,13.19,12.91,13.0
600704,物产中大,5.45,0.9259259259259226,0.04999999999999982,244442325.0,45204176,0,5.39,5.47,5.36,5.4
600705,中航产融,3.47,0.0,0.0,0.0,0,0,0.0,0.0,0.0,3.47
600706,曲江文旅,12.28,10.035842293906803,1.1199999999999992,552747999.0,45980438,0,11.1,12.28,11.1,11.16
600707,彩虹股份,6.55,0.7692307692307665,0.04999999999999982,415775386.0,64128131,0,6.47,6.64,6.33,6.5
600708,光明地产,3.12,0.32154340836013606,0.010000000000000231,43272564.0,13981728,0,3.11,3.14,3.06,3.11
600710,苏美达,10.63,0.47258979206049817,0.05000000000000071,100764695.0,9521756,0,10.58,10.66,10.49,10.58
600711,盛屯矿业,13.34,3.0115830115830162,0.39000000000000057,1476106781.0,111275577,0,13.09,13.5,13.04,12.95
600712,南宁百货,6.67,-0.5961251862891213,-0.040000000000000036,117144637.0,17583477,0,6.75,6.85,6.52,6.71
600713,南京医药,5.27,2.52918287937743,0.1299999999999999,159208039.0,30322910,0,5.13,5.33,5.11,5.14
600714,金瑞矿业,11.55,1.3157894736842135,0.15000000000000036,44675930.0,3918500,0,11.46,11.56,11.24,11.4
600715,文投控股,2.2,0.4566210045662206,0.010000000000000231,82516403.0,37873300,0,2.19,2.21,2.13,2.19
600716,凤凰股份,3.66,1.3850415512465448,0.050000000000000266,39718549.0,10954602,0,3.6,3.67,3.57,3.61
600717,天津港,4.49,0.6726457399103195,0.03000000000000025,66857376.0,14974921,0,4.45,4.5,4.43,4.46
600718,东软集团,9.79,1.7671517671517665,0.16999999999999993,156240428.0,16097801,0,9.64,9.81,9.61,9.62
600719,大连热电,5.59,0.0,0.0,28850647.0,5177100,0,5.55,5.61,5.51,5.59
600720,中交设计,7.34,-0.13605442176870458,-0.009999999999999787,54724127.0,7473530,0,7.33,7.39,7.28,7.35
600721,百花医药,10.51,0.5741626794258421,0.0600000000000005,307587419.0,29213610,0,10.59,10.7,10.32,10.45
600722,金牛化工,5.8,0.17271157167529858,0.009999999999999787,38148272.0,6622500,0,5.78,5.81,5.7,5.79
600724,宁波富达,5.38,2.087286527514238,0.11000000000000032,93300634.0,17262135,0,5.27,5.52,5.27,5.27
600725,云维股份,4.08,9.97304582210243,0.3700000000000001,371830412.0,93446124,0,3.7,4.08,3.68,3.71
600726,华电能源,2.39,-0.8298755186721999,-0.020000000000000018,60693421.0,25520311,0,2.41,2.42,2.35,2.41
600727,鲁北化工,6.71,0.2989536621823553,0.019999999999999574,28207873.0,4238700,0,6.69,6.72,6.58,6.69
600728,佳都科技,6.18,0.0,0.0,161096314.0,26182702,0,6.16,6.22,6.08,6.18
600729,重庆百货,26.55,0.15088645794039662,0.03999999999999915,329043408.0,12333323,0,26.3,27.18,25.9,26.51
600730,中国高科,15.91,0.0,0.0,0.0,0,0,0.0,0.0,0.0,15.91
600731,湖南海利,6.7,0.0,0.0,35431393.0,5307350,0,6.7,6.74,6.61,6.7
600732,爱旭股份,12.81,1.025236593059943,0.13000000000000078,256904818.0,20287049,0,12.66,12.84,12.47,12.68
600733,北汽蓝谷,8.17,-0.8495145631067995,-0.07000000000000028,3684654575.0,446869912,0,8.28,8.44,7.98,8.24
600734,实达集团,4.85,-7.9696394686907,-0.41999999999999993,1683473773.0,341933684,0,5.18,5.22,4.8,5.27
600735,ST新华锦,4.8,0.2087682672233776,0.009999999999999787,63913279.0,13469600,0,4.72,4.84,4.64,4.79
600736,苏州高新,5.61,0.3577817531305986,0.020000000000000462,85856038.0,15398467,0,5.58,5.63,5.51,5.59
600737,中粮糖业,17.11,0.41079812206572935,0.07000000000000028,866873374.0,50338726,0,17.23,17.78,17.0,17.04
600738,丽尚国潮,5.33,6.175298804780887,0.3100000000000005,417214220.0,78575801,0,5.11,5.52,5.05,5.02
600739,辽宁成大,11.46,1.415929203539824,0.16000000000000014,131038427.0,11529686,0,11.27,11.54,11.22,11.3
600740,山西焦化,3.75,0.0,0.0,54973077.0,14749458,0,3.75,3.77,3.7,3.75
600741,华域汽车,19.89,1.324503311258286,0.26000000000000156,181948535.0,9198715,0,19.61,19.94,19.6,19.63
600742,富维股份,10.02,-0.29850746268657846,-0.030000000000001137,84881552.0,8515700,0,10.1,10.1,9.86,10.05
600743,华远控股,1.99,-0.9950248756218805,-0.019999999999999796,51986269.0,26376150,0,2.0,2.01,1.95,2.01
600744,华银电力,5.93,-0.5033557046979908,-0.03000000000000025,183472770.0,31173031,0,5.96,5.96,5.81,5.96
600745,闻泰科技,37.28,1.1394465545306611,0.4200000000000017,1006209500.0,27200663,0,36.61,37.36,36.61,36.86
600746,江苏索普,6.78,0.0,0.0,26533288.0,3947301,0,6.75,6.79,6.64,6.78
600748,上实发展,5.3,1.5325670498084305,0.08000000000000007,104950223.0,19954943,0,5.21,5.32,5.16,5.22
600749,西藏旅游,16.86,1.5662650602409518,0.259999999999998,108487300.0,6471000,0,16.5,16.99,16.5,16.6
600750,江中药业,24.41,-0.1635991820040865,-0.03999999999999915,167986443.0,6877244,0,24.36,24.55,24.2,24.45
600751,海航科技,3.75,1.078167115902966,0.040000000000000036,105870088.0,28547192,0,3.7,3.77,3.66,3.71
600753,*ST海钦,7.84,-0.7594936708860822,-0.0600000000000005,18858540.0,2422800,0,7.99,7.99,7.69,7.9
600754,锦江酒店,25.17,1.5328761597418419,0.38000000000000256,330314337.0,13108372,0,24.79,25.69,24.65,24.79
600755,厦门国贸,6.29,-0.15873015873015534,-0.009999999999999787,260495567.0,41687164,0,6.27,6.31,6.2,6.3
600756,浪潮软件,17.4,1.045296167247385,0.17999999999999972,286391974.0,16624415,0,17.2,17.44,17.0,17.22
600757,长江传媒,8.93,0.11210762331838327,0.009999999999999787,91064257.0,10209995,0,8.9,8.99,8.87,8.92
600758,辽宁能源,3.8,0.26385224274405766,0.009999999999999787,52192820.0,13888810,0,3.76,3.82,3.7,3.79
600759,洲际油气,2.48,0.40485829959513303,0.009999999999999787,378387699.0,155160476,0,2.45,2.49,2.41,2.47
600760,中航沈飞,54.51,1.1317254174397022,0.6099999999999994,930073279.0,17101652,0,53.96,55.33,53.78,53.9
600761,安徽合力,19.57,0.15353121801433542,0.030000000000001137,125539944.0,6418769,0,19.54,19.69,19.42,19.54
600763,通策医疗,40.81,1.140024783147462,0.46000000000000085,164661509.0,4055791,0,40.3,40.93,40.21,40.35
600764,中国海防,26.19,-0.03816793893129011,-0.00999999999999801,198177263.0,7620134,0,26.03,26.28,25.76,26.2
600765,中航重机,16.77,-1.3529411764705908,-0.23000000000000043,663049261.0,39723825,0,16.88,16.99,16.5,17.0
600768,宁波富邦,12.66,0.23752969121139636,0.02999999999999936,34392711.0,2743500,0,12.63,12.8,12.3,12.63
600769,祥龙电业,11.94,0.8445945945945915,0.09999999999999964,62765224.0,5322000,0,12.07,12.07,11.63,11.84
600770,综艺股份,5.0,-0.5964214711729672,-0.03000000000000025,92854030.0,18776600,0,5.02,5.05,4.87,5.03
600771,广誉远,17.99,-0.7174392935982481,-0.13000000000000256,132895814.0,7429151,0,18.1,18.15,17.74,18.12
600773,西藏城投,12.15,5.5603822762815,0.6400000000000006,321063347.0,26787300,0,11.68,12.25,11.68,11.51
600774,汉商集团,9.24,0.5440696409140447,0.05000000000000071,36421902.0,3973622,0,9.21,9.27,9.05,9.19
600775,南京熊猫,10.9,0.9259259259259226,0.09999999999999964,347136006.0,32105771,0,10.75,11.06,10.58,10.8
600776,东方通信,15.41,-5.402087170042965,-0.879999999999999,1252623974.0,80138356,0,15.68,16.24,15.27,16.29
600777,*ST新潮,3.87,1.3089005235602165,0.050000000000000266,38921382.0,10153164,0,3.82,3.88,3.81,3.82
600778,友好集团,6.79,0.14749262536872842,0.009999999999999787,197919704.0,29292880,0,6.82,6.94,6.6,6.78
600779,水井坊,37.14,-1.6419491525423662,-0.6199999999999974,126892910.0,3406720,0,37.76,37.9,36.95,37.76
600780,通宝能源,5.7,0.35211267605634616,0.020000000000000462,56460608.0,9965332,0,5.68,5.73,5.61,5.68
600782,新钢股份,3.74,0.8086253369272304,0.03000000000000025,208089234.0,56227221,0,3.71,3.76,3.66,3.71
600783,鲁信创投,14.7,-0.5412719891745607,-0.08000000000000007,200925809.0,13896602,0,14.75,14.83,14.2,14.78
600784,鲁银投资,6.27,-0.947867298578207,-0.0600000000000005,34178219.0,5457872,0,6.3,6.35,6.19,6.33
600785,新华百货,13.77,0.14545454545454234,0.019999999999999574,215745691.0,15652950,0,13.95,14.07,13.5,13.75
600787,中储股份,5.59,0.17921146953404637,0.009999999999999787,78396486.0,14102007,0,5.56,5.61,5.53,5.58
600789,鲁抗医药,9.14,0.32930845225028693,0.030000000000001137,154729180.0,17028460,0,9.1,9.15,9.01,9.11
600790,轻纺城,3.81,0.5277044854881272,0.020000000000000018,48180270.0,12730417,0,3.77,3.82,3.75,3.79
600791,京能置业,4.72,0.0,0.0,36803600.0,7852800,0,4.7,4.75,4.61,4.72
600792,云煤能源,3.96,0.2531645569620199,0.009999999999999787,70744636.0,18023900,0,3.94,3.97,3.86,3.95
600793,宜宾纸业,20.74,1.0228933268387592,0.2099999999999973,50764746.0,2462200,0,20.55,20.86,20.38,20.53
600794,保税科技,3.72,-0.7999999999999948,-0.029999999999999805,68532490.0,18539900,0,3.74,3.74,3.65,3.75
600795,国电电力,5.93,1.5410958904109566,0.08999999999999986,712137373.0,120618599,0,5.84,5.96,5.81,5.84
600796,钱江生化,5.94,0.16863406408095574,0.010000000000000675,35840750.0,6079300,0,5.96,5.97,5.81,5.93
600797,浙大网新,9.62,0.9443861490031464,0.08999999999999986,268586920.0,28138346,0,9.53,9.64,9.45,9.53
600798,宁波海运,3.51,0.5730659025787843,0.019999999999999574,71708616.0,20680366,0,3.47,3.51,3.43,3.49
600800,渤海化学,5.05,0.0,0.0,0.0,0,0,0.0,0.0,0.0,5.05
600801,华新建材,23.8,0.7620660457239614,0.17999999999999972,161969752.0,6830040,0,23.62,23.97,23.46,23.62
600802,福建水泥,6.57,-2.6666666666666625,-0.17999999999999972,219537867.0,33479868,0,6.79,6.82,6.43,6.75
600803,新奥股份,22.72,0.932918702798744,0.2099999999999973,146005426.0,6457990,0,22.52,22.8,22.38,22.51
600804,退市鹏博,0.14,0.0,0.0,0.0,0,0,0.0,0.0,0.0,0.14
600805,悦达投资,5.42,0.9310986964618215,0.04999999999999982,92854220.0,17304236,0,5.33,5.45,5.26,5.37
600807,济高发展,3.13,-2.492211838006233,-0.08000000000000007,65658016.0,20994300,0,3.22,3.23,3.08,3.21
600808,马钢股份,3.71,0.8152173913043425,0.029999999999999805,127253858.0,34637186,0,3.69,3.72,3.63,3.68
600809,山西汾酒,177.67,-0.05625246104518351,-0.10000000000002274,693628201.0,3909080,0,177.78,178.99,175.53,177.77
600810,神马股份,8.28,-0.24096385542170298,-0.02000000000000135,124849084.0,15185138,0,8.3,8.35,8.13,8.3
600811,*ST东方,0.36,0.0,0.0,0.0,0,0,0.0,0.0,0.0,0.36
600812,华北制药,5.54,0.1808318264014428,0.009999999999999787,46498071.0,8423627,0,5.54,5.56,5.47,5.53
600814,杭州解百,8.34,1.58343483556637,0.129999999999999,417885308.0,49628233,0,8.29,8.66,8.22,8.21
600815,厦工股份,3.57,-2.4590163934426315,-0.0900000000000003,260939759.0,73546901,0,3.65,3.7,3.5,3.66
600816,建元信托,2.85,0.0,0.0,148264640.0,52520467,0,2.84,2.87,2.79,2.85
600817,宇通重工,10.74,0.3738317757009432,0.040000000000000924,18232031.0,1711200,0,10.67,10.75,10.57,10.7
600818,中路股份,9.68,-0.5138746145940464,-0.05000000000000071,31829593.0,3314100,0,9.71,9.71,9.51,9.73
600819,耀皮玻璃,7.97,-1.8472906403940823,-0.14999999999999947,80373498.0,10148711,0,8.1,8.14,7.8,8.12
600820,隧道股份,6.4,1.9108280254777086,0.1200000000000001,195851925.0,30975483,0,6.26,6.41,6.24,6.28
600821,金开新能,5.21,-0.3824091778202765,-0.020000000000000462,90541439.0,17416325,0,5.22,5.25,5.15,5.23
600822,上海物贸,10.42,0.4821600771456192,0.05000000000000071,42581867.0,4119700,0,10.35,10.45,10.2,10.37
600824,益民集团,4.45,1.1363636363636322,0.04999999999999982,167633609.0,37633751,0,4.4,4.54,4.36,4.4
600825,新华传媒,6.15,-0.16233766233765887,-0.009999999999999787,40974682.0,6694361,0,6.15,6.19,6.06,6.16
600826,兰生股份,10.5,0.7677543186180429,0.08000000000000007,62967361.0,6063097,0,10.41,10.52,10.2,10.42
600827,百联股份,9.23,0.3260869565217515,0.030000000000001137,154322534.0,16765047,0,9.2,9.3,9.11,9.2
600828,茂业商业,6.46,-9.902370990237099,-0.71,845191439.0,126463156,0,6.91,7.12,6.45,7.17
600829,人民同泰,11.44,1.060070671378085,0.11999999999999922,262624360.0,22960960,0,11.32,11.62,11.22,11.32
600830,香溢融通,9.18,-0.9708737864077656,-0.08999999999999986,66033109.0,7235000,0,9.24,9.28,9.0,9.27
600831,广电网络,4.24,0.23640661938533772,0.009999999999999787,39593790.0,9397843,0,4.23,4.29,4.14,4.23
600833,第一医药,12.85,0.0,0.0,69989699.0,5455601,0,12.76,13.1,12.61,12.85
600834,申通地铁,8.2,-0.8464328899637278,-0.07000000000000028,30531105.0,3745626,0,8.22,8.25,8.08,8.27
600835,上海机电,26.49,1.1841100076394144,0.3099999999999987,203647403.0,7752599,0,26.1,26.56,26.0,26.18
600838,上海九百,9.16,3.8548752834467104,0.33999999999999986,259605382.0,28634069,0,8.99,9.32,8.71,8.82
600839,四川长虹,8.77,0.5733944954128317,0.049999999999998934,615300222.0,70691844,0,8.74,8.8,8.63,8.72
600841,动力新科,6.23,-0.7961783439490419,-0.04999999999999982,56908270.0,9076280,0,6.26,6.48,6.14,6.28
600843,上工申贝,11.29,-1.7406440382941781,-0.20000000000000107,219462660.0,19502000,0,11.38,11.55,11.04,11.49
600844,金煤科技,2.89,-2.3648648648648596,-0.06999999999999984,67447340.0,23372100,0,2.97,2.98,2.85,2.96
600845,宝信软件,20.03,0.0,0.0,276070465.0,13916189,0,19.88,20.1,19.61,20.03
600846,同济科技,14.2,0.7806955287437859,0.10999999999999943,124860556.0,8794364,0,13.97,14.55,13.96,14.09
600847,万里股份,11.11,0.1803426510369664,0.019999999999999574,24393409.0,2214200,0,11.0,11.22,10.81,11.09
600848,上海临港,11.37,1.8817204301075185,0.20999999999999908,188616674.0,16895555,0,11.2,11.37,10.98,11.16
600850,电科数字,28.85,-1.7370572207084403,-0.509999999999998,1109328526.0,37621851,0,29.65,30.33,28.8,29.36
600851,海欣股份,6.69,0.14970059880240533,0.010000000000000675,56083213.0,8441200,0,6.68,6.74,6.55,6.68
600853,龙建股份,4.14,-0.4807692307692419,-0.020000000000000462,112088770.0,27095999,0,4.17,4.2,4.09,4.16
600854,春兰股份,4.88,0.20533880903490323,0.009999999999999787,40939034.0,8415503,0,4.87,4.93,4.8,4.87
600855,航天长峰,19.92,-9.986443741527326,-2.2099999999999973,1373434716.0,67910247,0,21.03,21.26,19.92,22.13
600857,宁波中百,14.09,0.0,0.0,99892261.0,7088375,0,14.09,14.35,13.83,14.09
600858,银座股份,6.39,0.3139717425431644,0.019999999999999574,414090238.0,64232132,0,6.37,6.72,6.25,6.37
600859,王府井,14.85,0.40567951318458756,0.0600000000000005,725736052.0,48957937,0,15.02,15.14,14.58,14.79
600860,京城股份,11.77,-2.727272727272728,-0.33000000000000007,161169236.0,13787900,0,12.07,12.15,11.48,12.1
600861,北京人力,18.24,0.8849557522123902,0.16000000000000014,78878508.0,4325300,0,18.06,18.42,18.0,18.08
600862,中航高科,21.16,-0.7038948850304955,-0.14999999999999858,347912151.0,16556131,0,21.15,21.29,20.8,21.31
600863,内蒙华电,4.68,0.8620689655172422,0.040000000000000036,229482153.0,49225495,0,4.63,4.71,4.6,4.64
600864,哈投股份,6.85,1.1816838995568697,0.08000000000000007,230885993.0,34101169,0,6.75,6.92,6.63,6.77
600865,百大集团,15.82,10.013908205841442,1.4399999999999995,1414820236.0,89942487,0,15.82,15.82,15.11,14.38
600866,星湖科技,6.73,1.5082956259426927,0.10000000000000053,120325195.0,18036150,0,6.64,6.76,6.59,6.63
600867,通化东宝,8.47,0.5938242280285121,0.05000000000000071,128432203.0,15233857,0,8.42,8.49,8.37,8.42
600868,梅雁吉祥,3.65,-1.8817204301075345,-0.07000000000000028,523409874.0,143795500,0,3.75,3.77,3.56,3.72
600869,远东股份,7.78,3.0463576158940455,0.23000000000000043,332502517.0,43369800,0,7.54,7.78,7.51,7.55
600871,石化油服,2.11,0.476190476190466,0.009999999999999787,216357279.0,103264324,0,2.09,2.13,2.07,2.1
600872,中炬高新,17.17,1.00000000000001,0.1700000000000017,135664509.0,7933945,0,17.03,17.23,16.92,17.0
600873,梅花生物,10.07,0.7000000000000028,0.07000000000000028,246710597.0,24538658,0,9.99,10.11,9.98,10.0
600874,创业环保,5.99,-2.442996742671001,-0.14999999999999947,290652491.0,48464194,0,6.14,6.17,5.92,6.14
600875,东方电气,23.17,1.890941072999135,0.43000000000000327,1417462945.0,61979549,0,22.63,23.28,22.31,22.74
600876,凯盛新能,9.64,0.6263048016701513,0.0600000000000005,29886355.0,3140110,0,9.61,9.65,9.36,9.58
600877,电科芯片,15.36,-0.7110536522301306,-0.11000000000000121,576475388.0,37889701,0,15.39,15.81,14.8,15.47
600879,航天电子,17.0,-2.2988505747126355,-0.3999999999999986,12002894445.0,694622836,0,17.76,17.82,16.69,17.4
600880,博瑞传播,4.96,1.8480492813141656,0.08999999999999986,102507987.0,21008000,0,4.87,4.98,4.81,4.87
600881,亚泰集团,1.87,0.5376344086021511,0.010000000000000009,104621330.0,56484910,0,1.86,1.88,1.83,1.86
600882,妙可蓝多,28.07,4.310665180230398,1.1600000000000001,403181730.0,14417289,0,26.9,28.59,26.55,26.91
600883,博闻科技,7.7,0.39113428943937745,0.03000000000000025,27852220.0,3641000,0,7.67,7.75,7.56,7.67
600884,杉杉股份,13.26,2.393822393822398,0.3100000000000005,550131636.0,41843226,0,12.96,13.33,12.95,12.95
600885,宏发股份,31.06,2.5759577278731753,0.7799999999999976,462120606.0,15098001,0,30.15,31.15,30.05,30.28
600886,国投电力,13.51,-0.6617647058823519,-0.08999999999999986,288514704.0,21369385,0,13.64,13.64,13.43,13.6
600887,XD伊利股,28.85,1.3347383210397,0.38000000000000256,1320877994.0,45788558,0,28.58,29.09,28.38,28.47
600888,新疆众和,7.75,2.3778071334213964,0.17999999999999972,161263481.0,21089049,0,7.56,7.77,7.5,7.57
600889,南京化纤,14.71,0.89163237311386,0.13000000000000078,45339185.0,3118878,0,14.46,14.78,14.37,14.58
600892,*ST大晟,3.35,-0.5934718100890213,-0.020000000000000018,49059020.0,15149000,0,3.3,3.36,3.2,3.37
600893,航发动力,36.76,-0.5411255411255488,-0.20000000000000284,728366644.0,19860962,0,36.8,37.48,36.27,36.96
600894,广日股份,9.07,-0.7658643326039418,-0.07000000000000028,37598448.0,4158811,0,9.1,9.12,8.97,9.14
600895,张江高科,38.44,0.6282722513088871,0.23999999999999488,1337694578.0,35192189,0,37.98,38.7,37.03,38.2
600897,厦门空港,17.03,-0.5257009345794383,-0.08999999999999986,203667426.0,11987044,0,17.02,17.27,16.8,17.12
600900,长江电力,27.92,-0.17876296031461267,-0.04999999999999716,1653641726.0,59243613,0,27.93,28.0,27.84,27.97
600901,江苏金租,6.12,-0.4878048780487845,-0.03000000000000025,145990626.0,23795786,0,6.13,6.2,6.09,6.15
600903,贵州燃气,6.68,0.6024096385542175,0.040000000000000036,34234043.0,5155180,0,6.64,6.69,6.58,6.64
600905,三峡能源,4.12,0.0,0.0,371248959.0,90463593,0,4.11,4.13,4.08,4.12
600906,财达证券,6.9,0.2906976744186114,0.020000000000000462,152887850.0,22309388,0,6.87,6.96,6.75,6.88
600908,无锡银行,5.88,-0.33898305084746544,-0.020000000000000462,69841185.0,11889503,0,5.88,5.91,5.83,5.9
600909,华安证券,6.6,1.8518518518518396,0.11999999999999922,382603707.0,58422242,0,6.46,6.67,6.44,6.48
600916,中国黄金,8.05,0.37406483790525114,0.030000000000001137,73110206.0,9123500,0,8.02,8.05,7.98,8.02
600917,重庆燃气,5.48,0.5504587155963349,0.03000000000000025,23440457.0,4297199,0,5.44,5.49,5.41,5.45
600918,中泰证券,6.72,0.44843049327353307,0.02999999999999936,201554810.0,30112758,0,6.7,6.78,6.61,6.69
600919,江苏银行,10.33,-0.1932367149758413,-0.019999999999999574,1135294654.0,109815556,0,10.35,10.4,10.27,10.35
600925,苏能股份,4.56,0.4405286343612241,0.019999999999999574,30931729.0,6791471,0,4.53,4.59,4.53,4.54
600926,杭州银行,15.23,-0.3272251308900454,-0.049999999999998934,495317638.0,32499812,0,15.28,15.32,15.18,15.28
600927,永安期货,15.23,0.660938532716455,0.09999999999999964,127020584.0,8438388,0,15.05,15.32,14.82,15.13
600928,西安银行,3.73,0.0,0.0,109052636.0,29428160,0,3.73,3.74,3.67,3.73
600929,雪天盐业,5.66,0.0,0.0,49111468.0,8718500,0,5.65,5.69,5.59,5.66
600933,爱柯迪,18.68,-0.6382978723404308,-0.120000000000001,219212783.0,11765909,0,18.8,18.99,18.34,18.8
600935,华塑股份,2.41,-0.41322314049585895,-0.009999999999999787,57081807.0,23832600,0,2.4,2.42,2.36,2.42
600936,广西广电,3.85,-5.40540540540541,-0.2200000000000002,521987460.0,136682489,0,3.76,3.98,3.73,4.07
600938,中国海油,28.25,0.9649749821300914,0.2699999999999996,894986218.0,31840593,0,27.78,28.3,27.7,27.98
600939,重庆建工,3.46,-4.419889502762435,-0.16000000000000014,99565376.0,28396302,0,3.6,3.63,3.44,3.62
600941,中国移动,102.31,-0.6602582775026631,-0.6799999999999926,1222268013.0,11959506,0,102.9,102.9,101.8,102.99
600955,维远股份,14.81,0.7482993197278994,0.11000000000000121,33924469.0,2299900,0,14.65,14.87,14.64,14.7
600956,新天绿能,7.34,1.1019283746556485,0.08000000000000007,39966995.0,5470686,0,7.26,7.37,7.26,7.26
600958,东方证券,11.04,2.9850746268656576,0.3199999999999985,1146667916.0,104810008,0,10.74,11.14,10.71,10.72
600959,江苏有线,3.36,1.204819277108435,0.040000000000000036,87050397.0,26159714,0,3.32,3.36,3.29,3.32
600960,渤海汽车,5.14,-1.5325670498084305,-0.08000000000000007,139697171.0,27130786,0,5.2,5.27,5.06,5.22
600961,株冶集团,16.0,6.453759148369931,0.9700000000000006,380464220.0,24305856,0,15.14,16.16,15.1,15.03
600962,国投中鲁,19.9,-1.679841897233201,-0.33999999999999986,52091314.0,2622000,0,20.19,20.19,19.63,20.24
600963,岳阳林纸,4.15,0.48426150121066497,0.020000000000000462,54537316.0,13228012,0,4.13,4.16,4.09,4.13
600965,福成股份,5.43,0.9293680297397737,0.04999999999999982,78832770.0,14584460,0,5.51,5.51,5.31,5.38
600966,博汇纸业,5.87,1.9097222222222279,0.11000000000000032,76133141.0,13089524,0,5.76,5.89,5.73,5.76
600967,内蒙一机,15.87,0.570342205323193,0.08999999999999986,323123677.0,20543887,0,15.7,15.91,15.55,15.78
600968,海油发展,3.78,0.0,0.0,123736021.0,32894558,0,3.75,3.8,3.74,3.78
600969,郴电国际,9.64,0.10384215991692405,0.009999999999999787,106793260.0,11125094,0,9.56,9.69,9.43,9.63
600970,中材国际,9.8,4.589114194236943,0.4300000000000015,439130345.0,45522247,0,9.35,9.84,9.32,9.37
600971,恒源煤电,6.27,-0.3179650238473841,-0.020000000000000462,55708515.0,8901344,0,6.28,6.29,6.23,6.29
600973,宝胜股份,6.47,-1.6717325227963573,-0.11000000000000032,784962092.0,121799884,0,6.46,6.67,6.31,6.58
600975,新五丰,5.87,1.381692573402419,0.08000000000000007,97965011.0,16674077,0,5.89,5.95,5.83,5.79
600976,健民集团,35.1,-0.05694760820044426,-0.01999999999999602,44854574.0,1280100,0,35.12,35.26,34.81,35.12
600977,中国电影,16.44,3.6569987389659637,0.5800000000000018,1014482226.0,63376178,0,15.88,16.45,15.49,15.86
600979,广安爱众,4.44,0.22573363431152765,0.010000000000000675,57380340.0,13069881,0,4.42,4.44,4.36,4.43
600980,北矿科技,21.88,1.4842300556586285,0.3200000000000003,53154364.0,2456100,0,21.45,21.9,21.33,21.56
600981,苏豪汇鸿,3.25,-0.9146341463414575,-0.029999999999999805,244133304.0,75477001,0,3.25,3.28,3.17,3.28
600982,宁波能源,4.35,-0.45766590389017076,-0.020000000000000462,63674393.0,14740625,0,4.36,4.37,4.28,4.37
600983,惠而浦,9.57,0.41972717733474213,0.040000000000000924,19635673.0,2068500,0,9.53,9.61,9.4,9.53
600984,建设机械,4.59,2.45535714285713,0.10999999999999943,479818718.0,103357479,0,4.48,4.93,4.45,4.48
600985,淮北矿业,11.28,-0.35335689045937213,-0.040000000000000924,173314362.0,15378537,0,11.34,11.36,11.2,11.32
600986,浙文互联,7.26,0.8333333333333279,0.05999999999999961,402863956.0,56210016,0,7.2,7.3,7.05,7.2
600987,航民股份,7.0,0.43041606886657463,0.03000000000000025,75416301.0,10794643,0,6.97,7.03,6.92,6.97
600988,赤峰黄金,32.0,3.459424506951181,1.0700000000000003,1489294242.0,46822491,0,31.27,32.5,31.1,30.93
600989,宝丰能源,17.86,1.4772727272727157,0.259999999999998,385473023.0,21661303,0,17.59,17.96,17.53,17.6
600990,四创电子,28.39,-4.731543624161074,-1.4100000000000001,670499296.0,23547174,0,29.3,30.2,27.66,29.8
600992,贵绳股份,12.61,-0.473559589581693,-0.0600000000000005,42998349.0,3424720,0,12.65,12.7,12.42,12.67
600993,马应龙,29.31,0.20512820512820074,0.05999999999999872,139974605.0,4803460,0,29.24,29.37,28.81,29.25
600995,南网储能,12.59,0.6394884092725825,0.08000000000000007,123325333.0,9842924,0,12.5,12.71,12.36,12.51
600996,贵广网络,10.34,-1.052631578947363,-0.10999999999999943,212739097.0,20623118,0,10.46,10.49,10.18,10.45
600997,开滦股份,5.73,0.17482517482518664,0.010000000000000675,56616883.0,9909700,0,5.71,5.76,5.68,5.72
600998,九州通,5.1,0.5917159763313483,0.02999999999999936,152431101.0,29956681,0,5.07,5.13,5.04,5.07
600999,招商证券,16.9,1.6235718580877907,0.2699999999999996,820105232.0,48809093,0,16.6,17.0,16.6,16.63
601000,唐山港,3.91,-0.5089058524173032,-0.020000000000000018,136603220.0,34865667,0,3.93,3.94,3.9,3.93
601001,晋控煤业,13.86,-2.118644067796615,-0.3000000000000007,274274410.0,19761200,0,14.15,14.17,13.71,14.16
601002,晋亿实业,4.93,-0.4040404040404133,-0.020000000000000462,68781630.0,14037101,0,4.95,5.0,4.81,4.95
601003,柳钢股份,4.91,0.8213552361396311,0.040000000000000036,49751229.0,10226298,0,4.86,4.93,4.8,4.87
601005,重庆钢铁,1.46,-0.680272108843538,-0.010000000000000009,192533128.0,132318905,0,1.46,1.47,1.44,1.47
601006,大秦铁路,5.4,-0.5524861878452921,-0.02999999999999936,658380337.0,122313475,0,5.44,5.44,5.36,5.43
601007,金陵饭店,7.91,1.4102564102564144,0.11000000000000032,201079159.0,25278746,0,8.02,8.05,7.85,7.8
601008,连云港,5.1,-0.19569471624267468,-0.010000000000000675,55322420.0,10919280,0,5.1,5.11,5.03,5.11
601009,南京银行,11.35,0.2650176678445173,0.02999999999999936,392672428.0,34571654,0,11.29,11.44,11.26,11.32
601010,文峰股份,3.01,1.689189189189183,0.04999999999999982,382137544.0,127312061,0,2.97,3.1,2.88,2.96
601011,宝泰隆,3.36,1.204819277108435,0.040000000000000036,140572485.0,42367750,0,3.34,3.37,3.26,3.32
601012,隆基绿能,17.78,1.832760595647195,0.3200000000000003,1607351227.0,91202372,0,17.49,17.82,17.44,17.46
601015,陕西黑猫,3.64,0.5524861878453043,0.020000000000000018,102939670.0,28561615,0,3.63,3.65,3.56,3.62
601016,节能风电,2.99,-0.33333333333332626,-0.009999999999999787,138053748.0,46390050,0,2.99,3.0,2.96,3.0
601018,宁波港,3.72,0.8130081300813075,0.03000000000000025,215282940.0,58009922,0,3.69,3.73,3.67,3.69
601019,山东出版,8.73,0.11467889908256636,0.009999999999999787,92332695.0,10647195,0,8.69,8.76,8.58,8.72
601020,华钰矿业,26.29,1.8202943454686247,0.46999999999999886,664564201.0,25518775,0,26.01,26.44,25.67,25.82
601021,春秋航空,54.5,1.4519731943410297,0.7800000000000011,455719049.0,8347299,0,54.0,55.08,53.61,53.72
601022,宁波远洋,9.16,0.6593406593406648,0.0600000000000005,63255180.0,6953974,0,9.11,9.18,9.0,9.1
601028,玉龙股份,12.83,0.0,0.0,0.0,0,0,0.0,0.0,0.0,12.83
601033,永兴股份,15.08,0.0,0.0,53682859.0,3562692,0,15.01,15.12,14.98,15.08
601038,一拖股份,14.06,-1.1251758087201134,-0.16000000000000014,187477705.0,13382728,0,14.15,14.22,13.86,14.22
601058,赛轮轮胎,17.48,0.5753739930955203,0.10000000000000142,331711459.0,19026811,0,17.47,17.64,17.26,17.38
601059,信达证券,17.79,0.0,0.0,0.0,0,0,0.0,0.0,0.0,17.79
601061,中信金属,13.62,-0.2197802197802281,-0.030000000000001137,301521953.0,22199938,0,13.7,13.82,13.42,13.65
601065,江盐集团,8.22,0.12180267965894989,0.009999999999999787,36353712.0,4438653,0,8.22,8.24,8.15,8.21
601066,中信建投,27.48,2.422661200149095,0.6500000000000021,1209475218.0,44471277,0,26.81,27.64,26.7,26.83
601068,中铝国际,4.97,1.4285714285714162,0.0699999999999994,77122705.0,15685407,0,4.88,4.99,4.82,4.9
601069,西部黄金,26.7,2.2988505747126355,0.5999999999999979,608372177.0,22947898,0,26.34,27.0,25.92,26.1
601077,渝农商行,6.25,-1.1075949367088653,-0.07000000000000028,384393745.0,61322214,0,6.33,6.33,6.23,6.32
601083,锦江航运,11.32,0.1769911504424741,0.019999999999999574,59566839.0,5284585,0,11.26,11.34,11.22,11.3
601086,国芳集团,10.37,-1.6129032258064513,-0.16999999999999993,240572591.0,23057600,0,10.54,10.79,10.18,10.54
601088,中国神华,40.0,-0.4232013940751847,-0.1700000000000017,814797178.0,20312905,0,40.16,40.25,39.94,40.17
601089,福元医药,23.21,-0.9389671361502299,-0.21999999999999886,89156357.0,3863600,0,23.33,23.5,22.74,23.43
601096,宏盛华源,4.17,-0.477326968973758,-0.020000000000000462,78479797.0,18884200,0,4.2,4.21,4.12,4.19
601098,中南传媒,11.1,-1.0695187165775488,-0.120000000000001,143114921.0,12859928,0,11.18,11.22,11.06,11.22
601099,太平洋,4.12,0.7334963325183435,0.03000000000000025,695213498.0,169960542,0,4.08,4.16,4.02,4.09
601100,恒立液压,107.63,-0.5268022181146095,-0.5700000000000074,1283640205.0,11955556,0,107.2,108.75,106.21,108.2
601101,昊华能源,7.26,0.13793103448275568,0.009999999999999787,45521722.0,6294670,0,7.22,7.3,7.18,7.25
601106,中国一重,3.66,0.8264462809917426,0.03000000000000025,939117539.0,258514125,0,3.61,3.77,3.52,3.63
601107,四川成渝,6.09,-0.3273322422258668,-0.020000000000000462,58170693.0,9514381,0,6.1,6.18,6.06,6.11
601108,财通证券,8.6,1.17647058823529,0.09999999999999964,420096420.0,49067256,0,8.47,8.67,8.44,8.5
601111,中国国航,8.75,3.3057851239669347,0.27999999999999936,692912697.0,79305665,0,8.53,8.82,8.53,8.47
601113,华鼎股份,4.33,2.122641509433959,0.08999999999999986,99851556.0,23167700,0,4.24,4.39,4.22,4.24
601116,三江购物,14.51,-6.38709677419355,-0.9900000000000002,667107274.0,45584085,0,15.57,15.57,14.28,15.5
601117,中国化学,7.58,1.7449664429530185,0.1299999999999999,329051883.0,43779766,0,7.45,7.61,7.43,7.45
601118,海南橡胶,5.42,-1.2750455373406244,-0.07000000000000028,277339607.0,51761514,0,5.49,5.51,5.28,5.49
601121,宝地矿业,6.89,-0.28943560057887785,-0.020000000000000462,74325539.0,10849250,0,6.89,7.01,6.78,6.91
601126,四方股份,29.78,2.7605244996549367,0.8000000000000007,860770602.0,29316171,0,28.85,30.31,28.52,28.98
601127,赛力斯,121.55,-1.4272970561998257,-1.7600000000000051,2392794067.0,19814053,0,122.01,122.01,119.95,123.31
601128,常熟银行,7.11,0.0,0.0,241761619.0,34084718,0,7.09,7.14,7.03,7.11
601133,柏诚股份,15.21,-2.2493573264781466,-0.34999999999999964,399887905.0,26145857,0,15.4,15.66,15.06,15.56
601136,首创证券,19.37,0.36269430051813617,0.07000000000000028,331786694.0,17322619,0,19.2,19.45,18.86,19.3
601137,博威合金,20.13,0.8012018027040568,0.16000000000000014,273293797.0,13741765,0,19.91,20.24,19.6,19.97
601138,工业富联,61.5,4.325699745547069,2.549999999999997,9798305828.0,162252639,0,59.1,61.56,58.68,58.95
601139,深圳燃气,6.53,0.4615384615384654,0.03000000000000025,50730827.0,7816243,0,6.5,6.54,6.45,6.5
601155,新城控股,14.15,0.6401137980085337,0.08999999999999986,180980843.0,12846277,0,14.0,14.28,13.9,14.06
601156,东航物流,17.58,2.867173785839663,0.48999999999999844,229468573.0,13238917,0,17.09,17.58,16.98,17.09
601158,重庆水务,4.43,0.0,0.0,59746546.0,13526275,0,4.42,4.44,4.4,4.43
601162,天风证券,4.15,0.7281553398058312,0.03000000000000025,761211656.0,184869168,0,4.11,4.19,4.05,4.12
601163,三角轮胎,14.24,-0.5586592178770954,-0.08000000000000007,46077746.0,3238465,0,14.23,14.34,14.12,14.32
601166,兴业银行,20.48,0.293829578844264,0.05999999999999872,1419135975.0,69532603,0,20.41,20.62,20.23,20.42
601168,西部矿业,25.02,2.540983606557381,0.620000000000001,796697753.0,31968209,0,24.55,25.27,24.45,24.4
601169,北京银行,5.51,0.0,0.0,790645853.0,143845567,0,5.5,5.53,5.47,5.51
601177,杭齿前进,16.18,0.24783147459726856,0.03999999999999915,92255232.0,5780051,0,16.15,16.27,15.79,16.14
601179,中国西电,9.51,2.9220779220779174,0.2699999999999996,2963126313.0,311961315,0,9.18,9.74,9.18,9.24
601186,中国铁建,7.76,0.3880983182406127,0.02999999999999936,167757108.0,21694595,0,7.73,7.79,7.69,7.73
601187,厦门银行,7.51,-0.7926023778071399,-0.0600000000000005,116586168.0,15493160,0,7.53,7.59,7.47,7.57
601188,龙江交通,3.44,0.2915451895043669,0.009999999999999787,64380926.0,18843830,0,3.44,3.44,3.38,3.43
601198,东兴证券,13.13,0.0,0.0,0.0,0,0,0.0,0.0,0.0,13.13
601199,江南水务,5.58,0.3597122302158357,0.020000000000000462,28365762.0,5112654,0,5.56,5.61,5.5,5.56
601200,上海环境,7.93,0.6345177664974597,0.04999999999999982,48757550.0,6197341,0,7.87,7.94,7.81,7.88
601208,东材科技,22.95,8.922638822971043,1.879999999999999,2647636800.0,119816173,0,21.07,23.1,20.8,21.07
601211,国泰海通,20.77,2.416173570019716,0.48999999999999844,2703223837.0,131078704,0,20.26,20.98,20.14,20.28
601212,白银有色,5.18,4.646464646464636,0.22999999999999954,991920059.0,193889656,0,5.0,5.22,4.97,4.95
601216,君正集团,4.75,0.0,0.0,264387306.0,56038328,0,4.73,4.76,4.67,4.75
601218,吉鑫科技,4.96,0.0,0.0,138833116.0,28407089,0,4.95,4.98,4.8,4.96
601222,林洋能源,5.52,0.1814882032667838,0.009999999999999787,67589077.0,12321400,0,5.49,5.53,5.45,5.51
601225,陕西煤业,21.37,-1.1563367252543941,-0.25,606349641.0,28286601,0,21.58,21.6,21.3,21.62
601226,华电科工,7.91,0.12658227848100995,0.009999999999999787,119485544.0,15292700,0,7.86,7.94,7.69,7.9
601228,广州港,3.24,0.30959752321982137,0.010000000000000231,69624949.0,21605428,0,3.22,3.25,3.2,3.23
601229,上海银行,9.81,-0.20345879959307805,-0.019999999999999574,362588664.0,36864096,0,9.85,9.9,9.76,9.83
601231,环旭电子,28.19,9.988294966835749,2.5600000000000023,1154625064.0,41225079,0,26.24,28.19,26.24,25.63
601233,桐昆股份,14.92,4.117236566643404,0.5899999999999999,429134293.0,29103932,0,14.21,15.06,14.2,14.33
601236,红塔证券,8.41,0.718562874251503,0.0600000000000005,156077955.0,18751918,0,8.36,8.45,8.21,8.35
601238,广汽集团,8.25,0.12135922330096828,0.009999999999999787,348638232.0,42439973,0,8.21,8.29,8.15,8.24
601279,英利汽车,5.18,4.225352112676055,0.20999999999999996,486698616.0,95430600,0,5.0,5.29,4.91,4.97
601288,农业银行,7.45,1.085481682496609,0.08000000000000007,2127547355.0,285450114,0,7.35,7.52,7.32,7.37
601298,青岛港,8.67,-0.23014959723819994,-0.019999999999999574,112471907.0,12982006,0,8.68,8.71,8.62,8.69
601311,骆驼股份,8.96,1.2429378531073585,0.11000000000000121,128479944.0,14499615,0,8.85,8.98,8.77,8.85
601318,中国平安,68.05,1.5671641791044733,1.0499999999999972,6513277291.0,96211778,0,67.05,68.63,66.65,67.0
601319,中国人保,9.06,3.6613272311212848,0.3200000000000003,1255314970.0,140727251,0,8.75,9.07,8.68,8.74
601326,秦港股份,3.54,1.4326647564469863,0.04999999999999982,79117469.0,22542338,0,3.49,3.56,3.46,3.49
601328,交通银行,7.31,0.5502063273727653,0.040000000000000036,923294412.0,126320955,0,7.26,7.37,7.23,7.27
601330,绿色动力,6.76,-0.29498525073746995,-0.020000000000000462,46379216.0,6887100,0,6.78,6.79,6.68,6.78
601333,广深铁路,3.01,0.0,0.0,120032846.0,40014747,0,3.0,3.03,2.98,3.01
601336,新华保险,69.12,2.44553134726546,1.6500000000000057,1578432063.0,22986809,0,67.59,69.68,67.4,67.47
601339,百隆东方,5.37,1.129943502824868,0.0600000000000005,53651594.0,9991470,0,5.31,5.41,5.29,5.31
601360,三六零,10.51,-3.222836095764269,-0.34999999999999964,3076532635.0,298576513,0,10.25,10.6,10.0,10.86
601366,利群股份,5.49,10.020040080160319,0.5,696806537.0,127832905,0,5.49,5.49,5.23,4.99
601368,绿城水务,4.84,0.41493775933609073,0.019999999999999574,30651001.0,6379400,0,4.8,4.85,4.76,4.82
601369,陕鼓动力,10.27,0.0,0.0,184150209.0,17937322,0,10.25,10.39,10.18,10.27
601375,中原证券,4.38,0.9216589861751161,0.040000000000000036,175597847.0,40331313,0,4.33,4.42,4.29,4.34
601377,兴业证券,7.4,3.3519553072625725,0.2400000000000002,2277481705.0,312180643,0,7.14,7.47,7.09,7.16
601388,怡球资源,2.82,1.4388489208633108,0.040000000000000036,99430727.0,35663280,0,2.8,2.82,2.75,2.78
601390,中国中铁,5.44,0.9276437847866551,0.05000000000000071,394755815.0,73229502,0,5.4,5.44,5.35,5.39
601398,工商银行,7.81,0.25673940949935264,0.019999999999999574,1727882118.0,220686117,0,7.78,7.87,7.75,7.79
601399,国机重装,5.32,9.917355371900834,0.4800000000000004,3340123958.0,642251622,0,4.84,5.32,4.79,4.84
601456,国联民生,10.69,0.18744142455482263,0.019999999999999574,420122500.0,39509703,0,10.68,10.79,10.49,10.67
601500,通用股份,4.78,-0.2087682672233776,-0.009999999999999787,161972664.0,34088403,0,4.77,4.8,4.71,4.79
601512,中新集团,8.69,-0.2296211251435287,-0.02000000000000135,38941309.0,4496800,0,8.82,8.82,8.56,8.71
601515,衢州东峰,4.16,0.9708737864077678,0.040000000000000036,84620935.0,20536504,0,4.12,4.17,4.07,4.12
601518,吉林高速,2.81,0.3571428571428654,0.010000000000000231,32879287.0,11744417,0,2.8,2.82,2.78,2.8
601519,大智慧,13.25,2.952602952602959,0.3800000000000008,751810856.0,57206436,0,12.81,13.58,12.6,12.87
601528,瑞丰银行,5.38,0.18621973929236102,0.009999999999999787,49390783.0,9229448,0,5.36,5.39,5.32,5.37
601555,东吴证券,8.94,1.5909090909090773,0.1399999999999988,529603093.0,59784809,0,8.8,9.03,8.69,8.8
601566,九牧王,14.04,-6.586826347305391,-0.9900000000000002,1206376979.0,84416783,0,15.02,15.09,13.86,15.03
601567,三星医疗,24.09,0.3331945022907051,0.0799999999999983,377646989.0,15752874,0,23.81,24.2,23.67,24.01
601568,北元集团,3.7,0.0,0.0,86093028.0,23433413,0,3.69,3.72,3.64,3.7
601577,长沙银行,9.56,0.31479538300106125,0.030000000000001137,136927460.0,14322520,0,9.53,9.62,9.49,9.53
601579,会稽山,20.92,-3.63887609396591,-0.7899999999999991,264345573.0,12685794,0,21.41,21.6,20.55,21.71
601588,北辰实业,1.7,0.5917159763313614,0.010000000000000009,46126101.0,27217910,0,1.69,1.72,1.67,1.69
601595,上海电影,28.15,1.8451519536902965,0.509999999999998,139348893.0,4998510,0,27.56,28.17,27.54,27.64
601598,中国外运,6.27,0.8038585209003187,0.04999999999999982,61183101.0,9823885,0,6.22,6.28,6.16,6.22
601599,浙文影业,3.71,-0.8021390374331617,-0.03000000000000025,88631551.0,24007000,0,3.74,3.75,3.63,3.74
601600,中国铝业,10.59,3.015564202334635,0.3100000000000005,1896950100.0,180582240,0,10.38,10.66,10.32,10.28
601601,中国太保,40.79,4.189016602809708,1.6400000000000006,2453222630.0,60738078,0,39.58,41.35,39.3,39.15
601606,长城军工,47.1,2.1470396877033227,0.990000000000002,1075012012.0,23124226,0,46.0,47.1,45.8,46.11
601607,上海医药,17.91,0.3361344537815054,0.05999999999999872,132783764.0,7428707,0,17.83,17.95,17.78,17.85
601608,中信重工,6.28,2.2801302931596186,0.14000000000000057,369707510.0,59596312,0,6.14,6.31,6.12,6.14
601609,金田股份,10.22,2.404809619238479,0.2400000000000002,218926448.0,21667838,0,9.97,10.24,9.95,9.98
601611,中国核建,12.39,0.6498781478472793,0.08000000000000007,1087874652.0,88474013,0,12.27,12.49,12.02,12.31
601615,明阳智能,13.94,-0.6414825374198136,-0.08999999999999986,1069318233.0,78535404,0,14.01,14.18,13.21,14.03
601616,广电电气,3.75,-2.088772845953004,-0.08000000000000007,106616217.0,28622900,0,3.83,3.85,3.66,3.83
601618,中国中冶,2.96,1.7182130584192379,0.04999999999999982,501749710.0,170919483,0,2.91,2.97,2.9,2.91
601619,嘉泽新能,4.48,-0.444444444444435,-0.019999999999999574,287369614.0,64649965,0,4.49,4.5,4.36,4.5
601628,中国人寿,46.85,3.673379066165089,1.6600000000000037,1110200920.0,23922359,0,45.2,47.44,45.05,45.19
601633,长城汽车,22.35,-0.8869179600886887,-0.1999999999999993,304803592.0,13643380,0,22.46,22.55,22.15,22.55
601636,旗滨集团,5.94,0.0,0.0,192656442.0,32449901,0,5.97,6.05,5.85,5.94
601658,邮储银行,5.38,0.5607476635514066,0.03000000000000025,746644389.0,139150600,0,5.34,5.41,5.31,5.35
601665,齐鲁银行,5.61,-0.17793594306049443,-0.009999999999999787,266711770.0,47623438,0,5.62,5.64,5.56,5.62
601666,平煤股份,8.04,-1.228501228501246,-0.10000000000000142,118417592.0,14703047,0,8.14,8.19,7.96,8.14
601668,中国建筑,5.18,0.5825242718446477,0.02999999999999936,796389223.0,154428099,0,5.16,5.2,5.11,5.15
601669,中国电建,5.21,0.968992248062012,0.04999999999999982,438996211.0,84691492,0,5.16,5.23,5.14,5.16
601677,明泰铝业,14.24,4.093567251461992,0.5600000000000005,472414828.0,33570466,0,13.71,14.3,13.69,13.68
601678,滨化股份,4.21,0.9592326139088737,0.040000000000000036,96175603.0,22987591,0,4.17,4.23,4.14,4.17
601686,友发集团,6.39,-2.4427480916030557,-0.16000000000000014,123588599.0,19446730,0,6.54,6.54,6.27,6.55
601688,华泰证券,23.68,6.093189964157704,1.3599999999999994,4629425358.0,197542532,0,22.4,24.53,22.28,22.32
601689,拓普集团,69.15,3.208955223880605,2.1500000000000057,2187169985.0,31543028,0,67.4,70.48,67.3,67.0
601696,中银证券,14.96,1.0128291694800835,0.15000000000000036,2292897951.0,154546428,0,14.66,15.29,14.52,14.81
601698,中国卫通,24.17,-0.8613617719442055,-0.2099999999999973,3688282251.0,151920248,0,23.9,25.14,23.62,24.38
601699,潞安环能,12.05,0.5004170141784862,0.0600000000000005,249554417.0,20797233,0,11.96,12.1,11.9,11.99
601700,风范股份,5.42,-4.070796460176998,-0.23000000000000043,520418819.0,96232216,0,5.59,5.64,5.25,5.65
601702,华峰铝业,20.55,4.900459418070448,0.9600000000000009,417075296.0,20530154,0,19.45,20.88,19.27,19.59
601717,中创智领,24.53,1.489449731071574,0.35999999999999943,365878251.0,15036262,0,24.17,24.69,24.02,24.17
601718,际华集团,3.33,0.0,0.0,125003114.0,37753290,0,3.34,3.35,3.27,3.33
601727,上海电气,8.38,0.1194743130227188,0.010000000000001563,966378531.0,116210892,0,8.34,8.41,8.21,8.37
601728,中国电信,6.68,-0.2985074626865741,-0.020000000000000462,626697510.0,94289200,0,6.67,6.7,6.59,6.7
601766,中国中车,6.84,1.0339734121122643,0.07000000000000028,615949952.0,90405976,0,6.78,6.88,6.73,6.77
601777,千里科技,10.42,0.8712487899322349,0.08999999999999986,227300396.0,22024025,0,10.3,10.55,10.13,10.33
601778,晶科科技,3.87,-0.25773195876288113,-0.009999999999999787,1122424115.0,290455074,0,3.8,3.96,3.76,3.88
601788,光大证券,17.75,1.3127853881278564,0.23000000000000043,506810390.0,28749156,0,17.51,17.88,17.39,17.52
601789,宁波建工,4.93,-0.2024291497975845,-0.010000000000000675,100814450.0,20678370,0,4.94,4.98,4.81,4.94
601798,蓝科高新,8.83,1.4942528735632277,0.13000000000000078,53997494.0,6226000,0,8.72,8.84,8.52,8.7
601799,星宇股份,126.55,0.9573195053849246,1.2000000000000028,164353521.0,1306680,0,124.89,127.47,124.22,125.35
601800,中国交建,8.35,0.7237635705669542,0.0600000000000005,160089350.0,19311307,0,8.3,8.36,8.22,8.29
601801,皖新传媒,6.55,0.4601226993865069,0.03000000000000025,55960247.0,8594875,0,6.51,6.58,6.44,6.52
601808,中海油服,13.63,0.36818851251841467,0.05000000000000071,100945219.0,7448768,0,13.52,13.65,13.44,13.58
601811,新华文轩,13.41,-0.0745156482861385,-0.009999999999999787,37392832.0,2800816,0,13.5,13.51,13.22,13.42
601816,京沪高铁,5.12,0.986193293885598,0.04999999999999982,641290736.0,125714967,0,5.07,5.15,5.05,5.07
601818,光大银行,3.52,0.571428571428572,0.020000000000000018,719294172.0,205500124,0,3.5,3.53,3.47,3.5
601825,沪农商行,9.2,-0.8620689655172422,-0.08000000000000007,174008269.0,18812201,0,9.24,9.35,9.17,9.28
601827,三峰环境,8.25,0.7326007326007388,0.0600000000000005,50437768.0,6129218,0,8.17,8.27,8.16,8.19
601828,美凯龙,2.93,-1.346801346801348,-0.040000000000000036,351578650.0,118410515,0,3.0,3.08,2.89,2.97
601838,成都银行,16.42,-0.18237082066867835,-0.029999999999997584,374444509.0,22863427,0,16.46,16.47,16.3,16.45
601857,中国石油,9.51,-0.5230125523012626,-0.05000000000000071,980483167.0,102626105,0,9.53,9.64,9.43,9.56
601858,中国科传,17.64,0.7424328954882866,0.129999999999999,43794752.0,2504997,0,17.45,17.68,17.33,17.51
601860,紫金银行,2.76,0.7299270072992544,0.019999999999999574,92046088.0,33552902,0,2.74,2.76,2.72,2.74
601865,福莱特,15.41,1.582069874752803,0.2400000000000002,214899523.0,14088821,0,15.19,15.43,15.07,15.17
601866,中远海发,2.47,0.8163265306122455,0.020000000000000018,152695874.0,62397960,0,2.45,2.47,2.42,2.45
601868,中国能建,2.33,0.43103448275863065,0.010000000000000231,474465084.0,204104783,0,2.33,2.34,2.31,2.32
601869,长飞光纤,98.23,10.000000000000007,8.930000000000007,2300456884.0,23778984,0,93.0,98.23,93.0,89.3
601872,招商轮船,8.76,4.7846889952153155,0.40000000000000036,733611726.0,85162575,0,8.4,8.82,8.36,8.36
601877,正泰电器,28.67,1.738821859474812,0.490000000000002,457166461.0,16137548,0,28.1,28.67,27.95,28.18
601878,浙商证券,10.97,0.9199632014719542,0.10000000000000142,344049076.0,31558408,0,10.86,11.06,10.76,10.87
601880,辽港股份,1.6,1.2658227848101276,0.020000000000000018,173420417.0,109519115,0,1.59,1.61,1.56,1.58
601881,中国银河,16.16,1.8273471959672396,0.2900000000000009,740015333.0,46099145,0,15.86,16.29,15.8,15.87
601882,海天精工,18.87,0.6400000000000053,0.120000000000001,35616633.0,1903062,0,18.71,18.92,18.55,18.75
601886,江河集团,7.76,0.0,0.0,33881451.0,4374700,0,7.76,7.81,7.61,7.76
601888,中国中免,79.72,-0.4744069912609182,-0.37999999999999545,2623197704.0,33410395,0,80.5,80.88,76.92,80.1
601890,亚星锚链,9.77,-0.6103763987792522,-0.0600000000000005,319923320.0,33003873,0,9.8,9.89,9.58,9.83
601898,中煤能源,12.91,0.23291925465838012,0.02999999999999936,195830490.0,15169300,0,12.9,13.02,12.82,12.88
601899,紫金矿业,30.87,1.8139841688654377,0.5500000000000007,5445493456.0,176971055,0,30.55,31.19,30.4,30.32
601900,南方传媒,13.87,0.0721500721500706,0.009999999999999787,82905124.0,6017554,0,13.87,13.93,13.63,13.86
601901,方正证券,7.87,0.8974358974359011,0.07000000000000028,489958134.0,62661288,0,7.79,7.93,7.71,7.8
601908,京运通,4.16,1.711491442542794,0.07000000000000028,502939297.0,121345074,0,4.07,4.24,4.07,4.09
601916,浙商银行,3.06,0.0,0.0,462817542.0,151429140,0,3.06,3.08,3.04,3.06
601918,新集能源,6.84,0.14641288433381827,0.009999999999999787,199022086.0,29206543,0,6.82,6.87,6.76,6.83
601919,中远海控,15.16,1.2692050768203038,0.1899999999999995,1166665607.0,77053627,0,14.99,15.22,14.94,14.97
601921,浙版传媒,7.78,0.0,0.0,68606956.0,8862406,0,7.78,7.8,7.67,7.78
601928,凤凰传媒,10.0,0.40160642570280264,0.03999999999999915,101345660.0,10162680,0,9.97,10.03,9.93,9.96
601929,吉视传媒,3.29,0.3048780487804949,0.010000000000000231,446324271.0,137609446,0,3.26,3.3,3.19,3.28
601933,永辉超市,5.38,-3.237410071942441,-0.17999999999999972,9632556330.0,1720937305,0,5.81,5.88,5.37,5.56
601939,建设银行,8.93,1.0180995475113106,0.08999999999999986,875368797.0,98108213,0,8.85,8.99,8.81,8.84
601949,中国出版,6.45,0.7812499999999972,0.04999999999999982,51198505.0,7962808,0,6.43,6.48,6.36,6.4
601952,苏垦农发,9.04,-1.7391304347826104,-0.16000000000000014,110375100.0,12198100,0,9.2,9.23,8.99,9.2
601956,东贝集团,6.79,0.295420974889224,0.020000000000000462,64946392.0,9667000,0,6.76,6.81,6.64,6.77
601958,金钼股份,14.37,2.350427350427351,0.33000000000000007,277786347.0,19509334,0,14.0,14.46,14.0,14.04
601963,重庆银行,10.96,-0.5444646098003514,-0.05999999999999872,80818572.0,7361322,0,11.0,11.08,10.89,11.02
601965,XD中国汽,17.24,1.5312131919905654,0.259999999999998,162948973.0,9436459,0,16.8,17.54,16.75,16.98
601966,玲珑轮胎,14.75,0.3401360544217735,0.05000000000000071,173910980.0,11834127,0,14.66,14.8,14.59,14.7
601968,宝钢包装,5.21,2.1568627450980458,0.11000000000000032,71784039.0,13843238,0,5.1,5.25,5.09,5.1
601969,海南矿业,10.57,2.125603864734306,0.22000000000000064,361435133.0,34808068,0,10.36,10.68,10.08,10.35
601975,招商南油,3.02,1.342281879194632,0.040000000000000036,245955405.0,82125522,0,2.97,3.04,2.95,2.98
601985,中国核电,8.68,0.579374275782143,0.049999999999998934,501612766.0,58060225,0,8.63,8.69,8.6,8.63
601988,中国银行,5.61,0.3577817531305986,0.020000000000000462,1412535014.0,251701089,0,5.58,5.66,5.56,5.59
601989,中国重工,5.1,0.0,0.0,0.0,0,0,0.0,0.0,0.0,5.1
601990,南京证券,7.95,0.8883248730964504,0.07000000000000028,198709371.0,25154891,0,7.86,8.0,7.8,7.88
601991,大唐发电,3.51,0.8620689655172358,0.029999999999999805,238687070.0,68395817,0,3.49,3.52,3.45,3.48
601992,金隅集团,1.64,0.6134969325153381,0.010000000000000009,83319354.0,51197200,0,1.63,1.65,1.61,1.63
601995,中金公司,34.89,0.0,0.0,0.0,0,0,0.0,0.0,0.0,34.89
601996,丰林集团,2.24,-0.8849557522123707,-0.019999999999999574,66312777.0,29846600,0,2.24,2.26,2.19,2.26
601997,贵阳银行,5.92,-0.16863406408094075,-0.009999999999999787,130490347.0,22038368,0,5.92,5.96,5.89,5.93
601998,中信银行,7.38,0.27173913043477677,0.019999999999999574,386268324.0,52416387,0,7.37,7.42,7.29,7.36
601999,出版传媒,6.71,-0.14880952380952064,-0.009999999999999787,34626843.0,5187200,0,6.7,6.74,6.6,6.72
603000,人民网,18.6,0.7583965330444234,0.14000000000000057,117444014.0,6347334,0,18.42,18.67,18.36,18.46
603001,奥康国际,8.5,3.0303030303030303,0.25,30616096.0,3676500,0,8.25,8.52,8.15,8.25
603002,宏昌电子,7.12,1.1363636363636374,0.08000000000000007,105752909.0,15086057,0,7.0,7.15,6.88,7.04
603003,退市龙宇,2.44,0.0,0.0,0.0,0,0,0.0,0.0,0.0,2.44
603004,鼎龙科技,22.53,0.0,0.0,43957198.0,1956018,0,22.58,22.8,22.21,22.53
603005,晶方科技,27.16,1.5706806282722579,0.4200000000000017,315429546.0,11753595,0,26.73,27.21,26.45,26.74
603006,联明股份,12.68,-0.47095761381476053,-0.0600000000000005,29561370.0,2344100,0,12.78,12.95,12.4,12.74
603007,*ST花王,5.04,-0.1980198019801938,-0.009999999999999787,48388317.0,9741173,0,5.03,5.06,4.88,5.05
603008,喜临门,21.82,2.5858015984955367,0.5500000000000007,299074377.0,14028744,0,21.22,21.91,20.62,21.27
603009,北特科技,41.3,3.3016508254127075,1.3200000000000003,274601408.0,6729556,0,40.25,41.46,39.95,39.98
603010,万盛股份,10.35,-0.09652509652509447,-0.009999999999999787,58927979.0,5730085,0,10.35,10.42,10.17,10.36
603011,合锻智能,22.31,2.574712643678155,0.5599999999999987,1311541706.0,59370834,0,21.67,22.65,21.51,21.75
603012,创力集团,5.49,0.733944954128441,0.040000000000000036,57417548.0,10443900,0,5.46,5.67,5.39,5.45
603013,亚普股份,21.38,0.6117647058823483,0.129999999999999,40240534.0,1891800,0,21.07,21.49,21.0,21.25
603015,弘讯科技,12.15,-1.6990291262135848,-0.20999999999999908,144325205.0,12003422,0,12.29,12.48,11.72,12.36
603016,新宏泰,26.6,-1.115241635687722,-0.29999999999999716,57633909.0,2178500,0,26.66,26.91,26.06,26.9
603017,中衡设计,9.89,-1.88492063492063,-0.1899999999999995,118625041.0,12039200,0,9.95,10.12,9.7,10.08
603018,华设集团,7.47,1.0825439783491213,0.08000000000000007,45495316.0,6120766,0,7.35,7.5,7.35,7.39
603019,中科曙光,85.98,3.941005802707936,3.260000000000005,4630773860.0,54774034,0,83.49,86.2,82.95,82.72
603020,爱普股份,9.95,1.2207527975584864,0.11999999999999922,39692230.0,4037000,0,9.84,9.95,9.66,9.83
603021,ST华鹏,4.73,5.1111111111111205,0.23000000000000043,30108795.0,6580900,0,4.43,4.73,4.41,4.5
603022,新通联,9.57,1.0559662090813056,0.09999999999999964,39054002.0,4127100,0,9.47,9.59,9.34,9.47
603023,威帝股份,4.79,-7.350096711798837,-0.3799999999999999,399336298.0,80719548,0,5.17,5.25,4.74,5.17
603025,大豪科技,17.0,0.29498525073746734,0.05000000000000071,120949512.0,7208545,0,16.91,17.06,16.59,16.95
603026,石大胜华,74.08,5.4519572953736635,3.8299999999999983,980353994.0,13420928,0,70.6,75.1,70.27,70.25
603027,千禾味业,9.4,0.858369098712447,0.08000000000000007,137891431.0,14763534,0,9.32,9.42,9.21,9.32
603028,赛福天,7.39,-0.6720430107526977,-0.05000000000000071,197364978.0,26431976,0,7.75,7.89,7.12,7.44
603029,天鹅股份,17.7,-0.5617977528089967,-0.10000000000000142,34837209.0,1983500,0,17.7,17.86,17.31,17.8
603030,全筑股份,2.86,-0.6944444444444451,-0.020000000000000018,108664295.0,38473522,0,2.86,2.88,2.78,2.88
603031,安孚科技,40.77,5.7587548638132455,2.220000000000006,695093104.0,17393455,0,39.3,41.05,38.59,38.55
603032,德新科技,18.82,4.613674263479721,0.8300000000000018,216784801.0,11736617,0,17.96,18.95,17.88,17.99
603033,三维股份,10.1,-1.1741682974559784,-0.120000000000001,52655783.0,5242554,0,10.2,10.28,9.91,10.22
603035,常熟汽饰,15.08,0.734802939211753,0.10999999999999943,75028562.0,4996000,0,14.92,15.22,14.81,14.97
603036,如通股份,19.82,1.2774655084312723,0.25,85144661.0,4336600,0,19.54,19.96,19.12,19.57
603037,凯众股份,13.2,-0.6024096385542175,-0.08000000000000007,78749501.0,5982288,0,13.17,13.53,12.94,13.28
603038,华立股份,15.95,0.6944444444444409,0.10999999999999943,66715221.0,4228530,0,15.82,16.05,15.58,15.84
603039,泛微网络,49.88,0.8287851222963487,0.4100000000000037,67957097.0,1372400,0,49.25,50.25,48.77,49.47
603040,新坐标,79.75,1.8258426966292225,1.4300000000000068,58563497.0,739900,0,78.62,79.87,78.32,78.32
603041,美思德,11.6,1.221640488656185,0.1399999999999988,22877489.0,1992800,0,11.46,11.62,11.31,11.46
603042,华脉科技,17.44,0.692840646651276,0.120000000000001,251806361.0,14593445,0,17.31,17.73,16.9,17.32
603043,广州酒家,17.86,3.0582804385458813,0.5300000000000011,99147045.0,5624856,0,17.32,17.87,17.21,17.33
603045,福达合金,18.8,1.5118790496760321,0.28000000000000114,52349723.0,2802200,0,18.5,19.0,18.31,18.52
603048,浙江黎明,20.64,-2.2264329701563184,-0.46999999999999886,47893287.0,2312100,0,20.96,21.4,20.36,21.11
603050,科林电气,17.74,0.05640157924420761,0.00999999999999801,47592682.0,2706468,0,17.65,17.82,17.45,17.73
603051,鹿山新材,19.59,1.3450594930160455,0.26000000000000156,50778624.0,2631835,0,19.32,19.59,19.0,19.33
603052,可川科技,31.68,4.831237590999341,1.4600000000000009,183854610.0,5930000,0,30.36,31.86,30.13,30.22
603053,成都燃气,9.76,0.20533880903490323,0.019999999999999574,22669005.0,2334900,0,9.67,9.77,9.67,9.74
603055,台华新材,8.95,1.1299435028248548,0.09999999999999964,34940943.0,3951180,0,8.84,9.05,8.75,8.85
603056,德邦股份,14.0,1.0830324909747318,0.15000000000000036,64274174.0,4608275,0,13.8,14.03,13.76,13.85
603057,紫燕食品,18.97,6.334080717488784,1.129999999999999,152933494.0,8181464,0,18.19,19.38,17.68,17.84
603058,永吉股份,9.49,7.840909090909085,0.6899999999999995,408654065.0,43698481,0,8.86,9.68,8.68,8.8
603059,倍加洁,30.06,-2.3391812865497155,-0.7200000000000024,43823361.0,1450900,0,31.06,31.08,29.7,30.78
603060,国检集团,6.02,0.33333333333332626,0.019999999999999574,26930092.0,4505782,0,6.0,6.04,5.93,6.0
603061,金海通,131.55,0.0,0.0,212931163.0,1620881,0,132.01,134.79,127.7,131.55
603062,麦加芯彩,47.1,4.088397790055252,1.8500000000000014,100703153.0,2170826,0,45.38,47.21,44.58,45.25
603063,禾望电气,30.65,5.362667583361976,1.5599999999999987,708417981.0,23806133,0,29.1,30.89,28.87,29.09
603065,宿迁联盛,8.11,-0.855745721271397,-0.07000000000000028,53855729.0,6675600,0,8.16,8.2,7.97,8.18
603066,音飞储存,10.46,-0.5703422053231818,-0.05999999999999872,23640563.0,2278200,0,10.52,10.52,10.26,10.52
603067,振华股份,28.99,4.168163851958319,1.1600000000000001,702907996.0,24867146,0,27.5,29.4,27.13,27.83
603068,博通集成,37.18,5.325779036827203,1.8800000000000026,297211728.0,8195882,0,35.24,37.95,35.01,35.3
603069,海汽集团,23.29,-5.440519691433211,-1.3399999999999999,321835734.0,13835131,0,24.64,24.7,22.75,24.63
603070,万控智造,12.51,-0.47732696897375093,-0.0600000000000005,36622191.0,2955547,0,12.49,12.58,12.25,12.57
603071,物产环能,13.05,0.46189376443418395,0.0600000000000005,18043200.0,1386580,0,12.97,13.08,12.91,12.99
603072,天和磁材,40.31,0.6491885143570665,0.2600000000000051,86702938.0,2171363,0,39.9,40.45,39.49,40.05
603073,彩蝶实业,17.85,-0.6124721603563443,-0.10999999999999943,20122126.0,1131300,0,17.86,18.01,17.52,17.96
603075,热威股份,21.52,0.04649000464899121,0.00999999999999801,22396416.0,1047700,0,21.37,21.65,21.14,21.51
603076,乐惠国际,23.05,1.0078878177037704,0.23000000000000043,31417949.0,1372998,0,22.85,23.08,22.57,22.82
603077,和邦生物,2.18,1.395348837209314,0.03000000000000025,297249818.0,137883642,0,2.14,2.19,2.12,2.15
603078,江化微,17.88,-2.081051478641854,-0.38000000000000256,220592267.0,12420803,0,18.06,18.24,17.45,18.26
603079,圣达生物,16.36,0.8009858287122551,0.129999999999999,53091950.0,3280517,0,16.08,16.4,15.99,16.23
603080,新疆火炬,22.51,0.8964589870013575,0.20000000000000284,73818321.0,3330200,0,22.2,22.58,21.84,22.31
603081,大丰实业,13.43,1.7424242424242458,0.23000000000000043,184594272.0,13861542,0,13.19,13.54,13.06,13.2
603082,北自科技,34.75,0.28860028860029274,0.10000000000000142,27141557.0,787967,0,34.55,34.97,34.07,34.65
603083,剑桥科技,113.0,6.003752345215766,6.400000000000006,3230370718.0,29161331,0,107.0,113.83,106.97,106.6
603085,天成自控,10.59,-1.5799256505576205,-0.16999999999999993,136097170.0,12904584,0,10.72,10.91,10.32,10.76
603086,先达股份,7.9,0.765306122448986,0.0600000000000005,58293412.0,7466585,0,7.84,7.92,7.72,7.84
603087,甘李药业,66.8,1.70523751522532,1.1199999999999903,539656646.0,8164339,0,65.41,67.16,64.62,65.68
603088,宁波精达,10.3,7.740585774058579,0.7400000000000002,317751902.0,31596360,0,9.54,10.48,9.54,9.56
603089,正裕工业,12.48,0.24096385542169588,0.030000000000001137,45984754.0,3720849,0,12.46,12.64,12.19,12.45
603090,宏盛股份,53.16,9.993792675356918,4.829999999999998,451488464.0,8724500,0,48.34,53.16,48.21,48.33
603091,众鑫股份,72.86,0.19251925192519329,0.14000000000000057,26427549.0,362200,0,73.98,73.98,72.18,72.72
603093,南华期货,19.43,-2.263581488933598,-0.4499999999999993,197794771.0,10189213,0,19.68,19.99,19.07,19.88
603095,越剑智能,14.14,0.0,0.0,78031265.0,5624834,0,14.01,14.2,13.62,14.14
603096,新经典,16.99,0.41371158392433055,0.06999999999999673,20287998.0,1203139,0,16.85,17.05,16.68,16.92
603097,江苏华辰,26.38,1.3056835637480793,0.33999999999999986,81744295.0,3146600,0,26.44,26.65,25.5,26.04
603098,森特股份,12.64,0.31746031746032477,0.040000000000000924,39500960.0,3161460,0,12.6,12.67,12.33,12.6
603099,长白山,49.09,3.8282571912013585,1.8100000000000023,637137629.0,13071180,0,47.65,49.44,47.56,47.28
603100,川仪股份,22.62,-1.265822784810123,-0.28999999999999915,112353259.0,4985014,0,22.9,22.9,22.31,22.91
603101,汇嘉时代,10.38,-3.8888888888888884,-0.41999999999999993,307037480.0,29446262,0,10.51,10.78,10.13,10.8
603102,百合股份,41.52,0.6545454545454622,0.2700000000000031,41553593.0,1003851,0,41.22,41.83,41.01,41.25
603103,横店影视,15.53,-0.6397952655150443,-0.10000000000000142,70505487.0,4551400,0,15.65,15.68,15.32,15.63
603105,芯能科技,9.4,0.10649627263045566,0.009999999999999787,82312504.0,8833279,0,9.39,9.45,9.2,9.39
603106,恒银科技,10.73,-2.098540145985405,-0.23000000000000043,274704758.0,25900565,0,10.9,10.9,10.38,10.96
603107,上海汽配,14.75,0.40844111640572156,0.0600000000000005,35532467.0,2425800,0,14.69,14.78,14.53,14.69
603108,润达医疗,15.15,3.625170998632019,0.5300000000000011,240296609.0,15998081,0,14.61,15.18,14.61,14.62
603109,神驰机电,25.35,0.9960159362549801,0.25,95459873.0,3796600,0,25.0,25.43,24.73,25.1
603110,东方材料,16.22,0.49566294919453713,0.0799999999999983,124645297.0,7775446,0,16.0,16.27,15.7,16.14
603111,康尼机电,6.83,0.14662756598240156,0.009999999999999787,49534165.0,7308400,0,6.82,6.85,6.71,6.82
603112,华翔股份,17.64,0.6274957216200766,0.10999999999999943,109690092.0,6288500,0,17.47,17.79,17.1,17.53
603113,金能科技,6.07,0.0,0.0,77307936.0,12879368,0,6.05,6.09,5.94,6.07
603115,海星股份,18.05,1.007274762171235,0.17999999999999972,35908856.0,2013200,0,17.97,18.15,17.56,17.87
603116,红蜻蜓,5.57,-0.3577817531305827,-0.019999999999999574,29341680.0,5283480,0,5.58,5.62,5.48,5.59
603117,万林物流,4.75,1.9313304721030013,0.08999999999999986,36234456.0,7731660,0,4.65,4.77,4.58,4.66
603118,共进股份,11.29,1.5287769784172658,0.16999999999999993,150358627.0,13496668,0,11.08,11.33,10.96,11.12
603119,浙江荣泰,92.06,0.8876712328767149,0.8100000000000023,595354879.0,6506650,0,90.5,92.7,90.03,91.25
603121,华培动力,21.81,0.3219871205151807,0.07000000000000028,677626276.0,32325819,0,21.4,22.0,19.67,21.74
603122,合富中国,27.45,4.770992366412214,1.25,2094627169.0,77234460,0,25.42,27.98,25.12,26.2
603123,翠微股份,14.12,9.968847352024918,1.2799999999999994,1743731164.0,128939706,0,13.02,14.12,13.02,12.84
603124,江南新材,75.33,10.002920560747656,6.849999999999994,339088132.0,4611990,0,68.37,75.33,68.24,68.48
603125,常青科技,17.53,-2.5027808676306966,-0.4499999999999993,109500196.0,6262477,0,17.85,17.98,17.1,17.98
603126,中材节能,6.62,-1.1940298507462697,-0.08000000000000007,57961809.0,8818600,0,6.7,6.7,6.49,6.7
603127,昭衍新药,36.85,7.1844095404304795,2.469999999999999,1494278607.0,41485912,0,34.44,36.86,34.33,34.38
603128,华贸物流,5.78,-0.3448275862068892,-0.019999999999999574,64395326.0,11214520,0,5.8,5.82,5.69,5.8
603129,春风动力,288.3,1.6106862157685098,4.569999999999993,246052470.0,861745,0,283.82,289.6,281.45,283.73
603130,云中马,50.56,8.172871202396234,3.8200000000000003,240055771.0,4878633,0,47.0,51.33,46.74,46.74
603131,上海沪工,27.11,-1.0944910616563324,-0.3000000000000007,668106148.0,24774783,0,27.0,27.94,26.45,27.41
603132,金徽股份,14.32,3.021582733812949,0.41999999999999993,76954656.0,5446900,0,13.8,14.32,13.8,13.9
603135,中重科技,9.11,-1.7259978425026985,-0.16000000000000014,52739613.0,5808660,0,9.28,9.28,8.92,9.27
603136,天目湖,12.68,2.9220779220779174,0.35999999999999943,312306839.0,24749045,0,12.29,12.8,12.21,12.32
603137,恒尚节能,13.69,0.0,0.0,21783295.0,1604200,0,13.65,13.75,13.4,13.69
603138,海量数据,13.73,-0.8664259927797778,-0.11999999999999922,59068493.0,4340423,0,13.94,13.94,13.43,13.85
603139,康惠股份,20.97,-2.916666666666678,-0.6300000000000026,43484528.0,2066100,0,21.55,21.66,20.7,21.6
603150,万朗磁塑,36.26,-0.1926782273603091,-0.07000000000000028,31308688.0,869400,0,36.1,36.71,35.56,36.33
603151,邦基科技,17.93,-0.1114206128133681,-0.019999999999999574,36606656.0,2061954,0,18.07,18.15,17.53,17.95
603153,上海建科,16.87,0.17814726840855782,0.030000000000001137,23463070.0,1396900,0,16.84,16.93,16.67,16.84
603155,新亚强,17.33,-1.4781125639568027,-0.26000000000000156,90712851.0,5291573,0,17.54,17.76,16.86,17.59
603156,养元饮品,25.78,0.9001956947162443,0.23000000000000043,112231272.0,4371916,0,25.55,25.94,25.28,25.55
603158,腾龙股份,10.23,4.708290685772782,0.46000000000000085,385542570.0,38261312,0,9.72,10.36,9.72,9.77
603159,上海亚虹,22.71,-0.5691768826619922,-0.129999999999999,44697268.0,1986866,0,22.61,22.89,22.23,22.84
603160,汇顶科技,77.75,1.3425443169968732,1.0300000000000011,348245436.0,4527431,0,76.5,77.88,76.03,76.72
603161,科华控股,12.95,1.014040561622457,0.129999999999999,29755678.0,2321112,0,12.82,13.04,12.66,12.82
603162,海通发展,11.92,1.1884550084889693,0.14000000000000057,181547984.0,15478692,0,11.75,12.07,11.42,11.78
603163,圣晖集成,60.63,-3.2705807275047816,-2.049999999999997,222434261.0,3615975,0,62.61,64.0,60.3,62.68
603165,荣晟环保,12.39,0.977995110024458,0.120000000000001,25437039.0,2062000,0,12.21,12.44,12.18,12.27
603166,福达股份,14.83,2.487906012439526,0.35999999999999943,180243676.0,12364790,0,14.47,14.92,14.31,14.47
603167,渤海轮渡,9.39,0.21344717182498774,0.02000000000000135,50255157.0,5382900,0,9.37,9.43,9.25,9.37
603168,莎普爱思,7.4,-0.2695417789757355,-0.019999999999999574,44232676.0,6014782,0,7.4,7.46,7.25,7.42
603169,兰石重装,9.76,0.20533880903490323,0.019999999999999574,412449252.0,42579963,0,9.62,9.92,9.5,9.74
603170,宝立食品,14.8,2.2099447513812174,0.3200000000000003,59112608.0,4017700,0,14.32,14.95,14.32,14.48
603171,税友股份,51.97,3.773961661341854,1.8900000000000006,407694732.0,7881312,0,49.7,52.59,49.51,50.08
603172,万丰股份,17.26,0.7001166861143582,0.120000000000001,22647349.0,1325000,0,17.05,17.39,16.78,17.14
603173,福斯达,41.02,1.2839506172839583,0.5200000000000031,110718987.0,2729836,0,40.21,41.19,39.99,40.5
603176,汇通集团,5.12,0.5893909626719106,0.03000000000000025,32046589.0,6312200,0,5.13,5.14,5.02,5.09
603177,德创环保,10.95,-2.0572450805008984,-0.23000000000000043,64662825.0,5933000,0,11.18,11.2,10.7,11.18
603178,圣龙股份,18.54,0.9254218835057058,0.16999999999999815,68637712.0,3722492,0,18.37,18.54,18.21,18.37
603179,新泉股份,65.54,1.5336948102246462,0.9900000000000091,502585093.0,7676134,0,64.31,66.38,64.31,64.55
603180,金牌家居,20.54,0.24402147388970577,0.05000000000000071,51613738.0,2523046,0,20.48,20.68,20.25,20.49
603181,皇马科技,14.19,0.9246088193456544,0.129999999999999,92714845.0,6607125,0,14.07,14.25,13.84,14.06
603182,嘉华股份,15.49,0.3238341968911963,0.05000000000000071,26844658.0,1745100,0,15.3,15.74,15.21,15.44
603183,建研院,4.2,-1.17647058823529,-0.04999999999999982,53427601.0,12767427,0,4.21,4.26,4.11,4.25
603185,弘元绿能,29.48,3.040894792030762,0.870000000000001,487987907.0,16692923,0,28.63,29.6,28.58,28.61
603186,华正新材,43.9,2.498248890964278,1.0700000000000003,280004247.0,6471477,0,43.23,44.24,42.17,42.83
603187,海容冷链,14.54,0.5532503457814543,0.0799999999999983,39480608.0,2731060,0,14.35,14.58,14.3,14.46
603188,亚邦股份,4.55,0.0,0.0,50355489.0,11163700,0,4.59,4.59,4.44,4.55
603189,网达软件,19.21,1.1052631578947414,0.21000000000000085,73998424.0,3898469,0,18.96,19.28,18.7,19.0
603190,亚通精工,25.84,-0.30864197530864906,-0.08000000000000185,110473702.0,4265516,0,25.95,26.92,25.24,25.92
603191,望变电气,15.11,1.7508417508417493,0.2599999999999998,114491473.0,7696700,0,14.84,15.2,14.61,14.85
603192,汇得科技,23.31,0.5608283002588396,0.129999999999999,76864149.0,3336761,0,23.0,23.45,22.71,23.18
603193,润本股份,24.37,-0.8946726311508698,-0.21999999999999886,53832287.0,2209378,0,24.45,24.72,24.13,24.59
603194,中力股份,36.94,1.0670314637482918,0.39000000000000057,31314680.0,856249,0,36.55,37.06,36.23,36.55
603195,公牛集团,42.63,0.07042253521127027,0.030000000000001137,99768217.0,2349358,0,42.6,42.74,42.17,42.6
603196,日播时尚,24.62,0.0,0.0,71516004.0,2898260,0,24.71,24.99,24.37,24.62
603197,保隆科技,35.48,0.7954545454545283,0.27999999999999403,153524165.0,4327885,0,34.93,35.93,34.92,35.2
603198,迎驾贡酒,39.27,-0.5319148936170055,-0.20999999999999375,146624419.0,3750084,0,39.5,39.53,38.85,39.48
603199,九华旅游,37.03,2.718446601941759,0.980000000000004,186936168.0,5056464,0,36.14,37.65,35.94,36.05
603200,上海洗霸,69.95,2.9433406916850626,2.0,308218103.0,4466654,0,68.38,70.1,67.7,67.95
603201,常润股份,16.19,-0.18495684340319105,-0.029999999999997584,18502657.0,1148038,0,16.09,16.3,15.96,16.22
603203,快克智能,31.0,2.2427440633245372,0.6799999999999997,93524777.0,3077659,0,30.0,31.2,29.53,30.32
603205,健尔康,27.26,1.1127596439169167,0.3000000000000007,17123208.0,633525,0,26.99,27.29,26.79,26.96
603206,嘉环科技,16.09,-1.227747084100671,-0.1999999999999993,63716114.0,3984536,0,16.27,16.36,15.8,16.29
603207,小方制药,28.09,0.4649499284692382,0.129999999999999,19720360.0,704400,0,27.96,28.18,27.73,27.96
603208,江山欧派,14.72,0.9602194787380012,0.14000000000000057,38838408.0,2666014,0,14.65,14.74,14.36,14.58
603209,兴通股份,15.13,0.7994670219853497,0.120000000000001,94001465.0,6297401,0,14.98,15.23,14.69,15.01
603211,晋拓股份,19.63,-0.15259409969481758,-0.030000000000001137,137536028.0,7075200,0,19.31,19.79,19.12,19.66
603212,赛伍技术,13.93,1.1619462599854766,0.16000000000000014,1045759711.0,75784616,0,13.66,14.3,13.4,13.77
603213,镇洋发展,13.04,-0.45801526717557633,-0.0600000000000005,25511029.0,1962700,0,13.1,13.11,12.89,13.1
603214,爱婴室,17.26,-2.4858757062146766,-0.4399999999999977,178189323.0,10269892,0,17.4,17.74,17.12,17.7
603215,比依股份,20.7,-1.0516252390057477,-0.22000000000000242,58416079.0,2832100,0,20.89,20.97,20.32,20.92
603216,梦天家居,32.38,-8.011363636363637,-2.8200000000000003,319375144.0,9731418,0,31.68,34.4,31.68,35.2
603217,元利科技,25.81,1.6541945647892797,0.41999999999999815,63642447.0,2484624,0,25.39,25.93,25.05,25.39
603218,日月股份,12.74,0.8709422011084673,0.10999999999999943,111395900.0,8854309,0,12.61,12.77,12.4,12.63
603219,富佳股份,15.66,0.7073954983922792,0.10999999999999943,38544366.0,2479500,0,15.39,15.74,15.38,15.55
603220,中贝通信,21.05,0.5733397037744912,0.120000000000001,139816264.0,6689535,0,21.04,21.22,20.62,20.93
603221,爱丽家居,12.69,-1.3219284603421457,-0.16999999999999993,103772590.0,8168005,0,13.11,13.22,12.47,12.86
603222,济民健康,9.27,2.3178807947019764,0.20999999999999908,148326347.0,16149107,0,9.03,9.28,9.02,9.06
603223,恒通股份,9.3,0.5405405405405482,0.05000000000000071,68733712.0,7483142,0,9.23,9.33,9.08,9.25
603225,新凤鸣,16.5,3.254067584480598,0.5199999999999996,162995971.0,9947839,0,15.96,16.68,15.89,15.98
603226,菲林格尔,31.27,3.7147595356550616,1.120000000000001,162048280.0,5292855,0,30.15,31.37,29.61,30.15
603227,雪峰科技,8.13,-0.12285012285012023,-0.009999999999999787,48957297.0,6039381,0,8.12,8.18,8.04,8.14
603228,景旺电子,71.9,4.764680169022309,3.2700000000000102,3117158222.0,43914530,0,67.92,72.82,67.69,68.63
603229,奥翔药业,9.38,0.7518796992481233,0.07000000000000028,38454349.0,4135664,0,9.34,9.42,9.19,9.31
603230,内蒙新华,12.94,-1.2213740458015279,-0.16000000000000014,81639457.0,6329947,0,13.08,13.2,12.57,13.1
603231,索宝蛋白,18.49,0.5437737901033054,0.09999999999999787,34307991.0,1869914,0,18.29,18.52,18.18,18.39
603232,格尔软件,22.85,0.8830022075055314,0.20000000000000284,353180004.0,15676300,0,22.53,23.1,21.93,22.65
603233,大参林,17.69,1.900921658986186,0.33000000000000185,106853532.0,6074146,0,17.34,17.74,17.25,17.36
603235,天新药业,27.31,-1.6564638098667657,-0.46000000000000085,64876377.0,2356000,0,27.64,27.98,27.08,27.77
603236,移远通信,94.8,6.528823463310488,5.810000000000002,1365906638.0,14614581,0,90.66,95.0,90.66,88.99
603237,五芳斋,16.63,0.0,0.0,50414850.0,3030316,0,16.75,17.05,16.4,16.63
603238,诺邦股份,16.88,1.320528211284507,0.21999999999999886,44974154.0,2694525,0,16.5,17.06,16.4,16.66
603239,浙江仙通,20.3,4.531410916580839,0.879999999999999,310393355.0,15129200,0,19.43,21.36,19.43,19.42
603255,鼎际得,29.74,1.6752136752136697,0.48999999999999844,23182457.0,789453,0,29.27,29.97,28.8,29.25
603256,宏和科技,35.35,5.3023532916294345,1.7800000000000011,888434345.0,25927908,0,33.36,35.35,32.78,33.57
603258,电魂网络,18.13,-0.32985156679495475,-0.060000000000002274,41569410.0,2320810,0,18.29,18.29,17.68,18.19
603259,药明康德,90.59,1.649461400359065,1.4699999999999989,2706502932.0,30157676,0,89.37,91.1,88.73,89.12
603260,合盛硅业,51.65,2.5004961301845565,1.259999999999998,440542354.0,8601417,0,50.4,51.85,50.4,50.39
603261,*ST立航,22.23,1.925722145804685,0.4200000000000017,14411330.0,668100,0,21.81,22.23,21.11,21.81
603266,天龙股份,20.45,1.6401590457256376,0.3299999999999983,90485864.0,4461520,0,20.08,20.58,19.88,20.12
603267,鸿远电子,47.7,-0.25094102885821296,-0.11999999999999744,272964335.0,5801900,0,47.68,48.16,46.4,47.82
603268,*ST松发,76.01,-3.6017755231451987,-2.839999999999989,225972821.0,2969600,0,78.85,78.85,75.01,78.85
603269,海鸥股份,12.64,1.6894609814963866,0.21000000000000085,124519680.0,10027826,0,12.58,12.68,12.24,12.43
603270,金帝股份,23.42,-0.25553662691651924,-0.05999999999999872,31432467.0,1350900,0,23.42,23.57,23.02,23.48
603271,永杰新材,40.35,6.296101159114858,2.3900000000000006,248770346.0,6336032,0,37.9,40.39,37.76,37.96
603272,联翔股份,18.31,0.0,0.0,28105969.0,1556000,0,18.29,18.5,17.66,18.31
603273,天元智能,19.58,0.7201646090534826,0.13999999999999702,69369806.0,3552600,0,19.68,20.13,19.03,19.44
603275,众辰科技,40.46,-0.7116564417177893,-0.28999999999999915,87174581.0,2177191,0,40.55,40.82,39.47,40.75
603276,恒兴新材,16.34,-0.061162079510712924,-0.010000000000001563,19337548.0,1193647,0,16.24,16.42,16.06,16.35
603277,银都股份,17.4,1.754385964912264,0.29999999999999716,54233952.0,3124560,0,17.16,17.69,16.84,17.1
603278,大业股份,9.34,-0.7438894792773676,-0.07000000000000028,151064276.0,16293430,0,9.41,9.5,9.13,9.41
603279,景津装备,14.76,0.47651463580667314,0.07000000000000028,93439380.0,6380565,0,14.7,14.82,14.5,14.69
603280,南方路机,38.09,0.660676532769556,0.25,113329418.0,3005900,0,37.4,38.5,37.02,37.84
603281,江瀚新材,26.86,0.750187546886719,0.1999999999999993,21876159.0,817460,0,26.65,26.97,26.49,26.66
603282,亚光股份,18.78,0.26695141484250245,0.05000000000000071,23659942.0,1275100,0,18.71,18.9,18.23,18.73
603283,赛腾股份,41.39,1.520726024037276,0.6199999999999974,262283099.0,6428881,0,40.51,41.48,40.15,40.77
603285,键邦股份,24.3,1.7161992465466729,0.41000000000000014,48843079.0,2029268,0,23.95,24.34,23.74,23.89
603286,日盈电子,56.4,8.524148547238791,4.43,441935845.0,7972910,0,52.04,56.88,52.04,51.97
603288,海天味业,37.03,0.7893304300489906,0.28999999999999915,476374959.0,12917177,0,36.79,37.09,36.47,36.74
603289,泰瑞机器,9.5,-1.041666666666663,-0.09999999999999964,34824284.0,3680400,0,9.51,9.68,9.33,9.6
603290,斯达半导,94.65,1.0138740661686263,0.9500000000000028,275397828.0,2944803,0,93.51,94.89,92.3,93.7
603291,联合水务,9.64,-1.330603889457513,-0.129999999999999,44644021.0,4677900,0,9.73,9.78,9.38,9.77
603296,华勤技术,93.55,2.9379401408450723,2.6700000000000017,725668958.0,7861309,0,90.79,93.77,90.6,90.88
603297,永新光学,102.43,-0.4664269750267125,-0.47999999999998977,231897923.0,2276267,0,101.0,103.76,100.0,102.91
603298,杭叉集团,26.72,-0.14947683109119095,-0.0400000000000027,192521384.0,7243542,0,26.89,27.02,26.25,26.76
603299,苏盐井神,10.02,0.09990009990009778,0.009999999999999787,32204738.0,3227900,0,10.01,10.05,9.91,10.01
603300,海南华铁,6.87,-0.290275761973869,-0.019999999999999574,497614472.0,73593433,0,6.84,6.89,6.66,6.89
603301,振德医疗,68.13,4.686539643515668,3.049999999999997,379305696.0,5653597,0,65.28,68.34,65.28,65.08
603303,得邦照明,12.83,-0.07788161993769305,-0.009999999999999787,14218277.0,1117900,0,12.83,12.88,12.61,12.84
603305,旭升集团,14.09,1.5861571737563134,0.22000000000000064,426403408.0,30536017,0,13.83,14.15,13.75,13.87
603306,华懋科技,63.13,5.568561872909708,3.3300000000000054,1292053429.0,21175762,0,60.42,63.8,57.77,59.8
603307,扬州金泉,38.33,-0.052151238591924706,-0.020000000000003126,36092560.0,951200,0,38.49,38.55,37.5,38.35
603308,应流股份,42.51,1.942446043165456,0.8099999999999952,593092333.0,14101437,0,41.79,42.97,41.0,41.7
603309,维力医疗,13.33,1.1380880121396082,0.15000000000000036,30294071.0,2289890,0,13.21,13.35,13.13,13.18
603310,巍华新材,16.92,0.0,0.0,25998107.0,1543200,0,16.83,16.98,16.74,16.92
603311,金海高科,12.56,0.15948963317385448,0.02000000000000135,81156827.0,6424100,0,12.73,13.1,12.37,12.54
603312,西典新能,47.06,-0.2543450614667178,-0.11999999999999744,91441951.0,1965313,0,47.18,47.28,45.6,47.18
603313,梦百合,9.58,1.0548523206751017,0.09999999999999964,93369511.0,9836900,0,9.4,9.59,9.36,9.48
603315,福鞍股份,14.6,2.2408963585434196,0.3200000000000003,189133698.0,13155304,0,14.18,14.66,14.1,14.28
603316,诚邦股份,14.3,0.775193798449621,0.11000000000000121,136829814.0,9814444,0,14.1,14.47,13.35,14.19
603317,天味食品,12.73,0.8716323296355087,0.11000000000000121,66656050.0,5249707,0,12.66,12.83,12.53,12.62
603318,水发燃气,6.4,-2.4390243902438913,-0.15999999999999925,93871349.0,14654831,0,6.56,6.56,6.28,6.56
603319,美湖股份,35.27,1.5841013824884915,0.5500000000000043,279970088.0,8025333,0,34.72,35.55,34.37,34.72
603320,迪贝电气,17.77,1.0233086981239325,0.17999999999999972,33290534.0,1890400,0,17.69,17.86,17.39,17.59
603321,梅轮电梯,7.38,0.1356852103120731,0.009999999999999787,20240382.0,2765600,0,7.37,7.41,7.22,7.37
603322,超讯通信,42.08,-10.008554319931564,-4.68,938185164.0,21985752,0,45.3,45.8,42.08,46.76
603323,苏农银行,5.08,0.3952569169960566,0.020000000000000462,93540801.0,18472207,0,5.06,5.1,5.03,5.06
603324,盛剑科技,23.49,0.9888220120378197,0.22999999999999687,34786915.0,1509845,0,23.12,23.62,22.61,23.26
603325,博隆技术,76.37,0.6457564575645877,0.4900000000000091,30306841.0,399063,0,75.88,76.54,75.28,75.88
603326,我乐家居,8.67,0.6968641114982637,0.0600000000000005,27282567.0,3163400,0,8.68,8.72,8.51,8.61
603327,福蓉科技,11.0,0.18214936247722746,0.019999999999999574,557031733.0,51343929,0,10.92,11.14,10.66,10.98
603328,依顿电子,11.05,2.314814814814815,0.25,141188659.0,12958495,0,10.76,11.09,10.67,10.8
603329,上海雅仕,10.82,0.18518518518518123,0.019999999999999574,19791326.0,1846089,0,10.74,10.85,10.6,10.8
603330,天洋新材,7.31,2.0949720670390986,0.14999999999999947,55285891.0,7686790,0,7.15,7.35,7.02,7.16
603331,百达精工,11.22,-0.3552397868561203,-0.03999999999999915,42031134.0,3761100,0,11.25,11.37,11.02,11.26
603332,苏州龙杰,12.09,0.0,0.0,34481618.0,2880200,0,12.09,12.15,11.82,12.09
603333,尚纬股份,8.08,-1.222493887530558,-0.09999999999999964,85732188.0,10653500,0,8.17,8.21,7.91,8.18
603335,迪生力,5.54,0.3623188405797185,0.020000000000000462,41491587.0,7558700,0,5.53,5.61,5.4,5.52
603336,宏辉果蔬,8.44,0.3567181926278164,0.02999999999999936,106978455.0,12895045,0,8.48,8.48,8.18,8.41
603337,杰克科技,40.63,3.7008677896886244,1.4500000000000028,201097793.0,5030213,0,39.04,40.74,38.66,39.18
603338,浙江鼎力,60.01,0.11678345011678391,0.07000000000000028,304195851.0,5073440,0,59.86,60.35,59.4,59.94
603339,四方科技,12.47,1.0534846029173484,0.13000000000000078,35534694.0,2870936,0,12.21,12.53,12.21,12.34
603341,龙旗科技,42.94,2.0437262357414436,0.8599999999999994,303224522.0,7181566,0,42.49,43.08,41.51,42.08
603344,星德胜,28.65,0.596910112359544,0.16999999999999815,127521678.0,4506155,0,28.35,28.74,27.93,28.48
603345,安井食品,82.2,2.7628453556694685,2.210000000000008,681662055.0,8303717,0,79.93,83.3,79.5,79.99
603348,文灿股份,19.21,0.6286013619696228,0.120000000000001,43732436.0,2289606,0,19.15,19.27,18.91,19.09
603350,安乃达,36.2,-0.41265474552956966,-0.14999999999999858,39299617.0,1094000,0,36.35,36.76,35.3,36.35
603351,威尔药业,25.61,-0.3114052160373758,-0.08000000000000185,11615331.0,455400,0,25.69,25.79,25.2,25.69
603353,和顺石油,26.68,-0.965107646622129,-0.26000000000000156,148095471.0,5584800,0,26.39,27.1,26.0,26.94
603355,莱克电气,30.96,-6.010928961748625,-1.9799999999999969,226452106.0,7113250,0,32.8,33.09,30.83,32.94
603356,华菱精工,13.28,-0.4497751124437818,-0.0600000000000005,40131814.0,3053900,0,13.33,13.39,12.89,13.34
603357,设计总院,7.94,0.25252525252525837,0.020000000000000462,28742466.0,3643598,0,7.91,7.95,7.84,7.92
603358,华达科技,44.23,-0.6067415730337149,-0.2700000000000031,380329079.0,8640635,0,43.84,45.0,43.2,44.5
603359,东珠生态,8.03,-4.74495848161329,-0.40000000000000036,205741986.0,25567277,0,8.44,8.53,7.81,8.43
603360,百傲化学,30.92,0.8480104370515381,0.26000000000000156,279522999.0,9060408,0,31.19,31.24,30.52,30.66
603363,傲农生物,5.0,2.880658436213985,0.13999999999999968,522644909.0,102836980,0,5.3,5.3,4.93,4.86
603365,水星家纺,20.17,0.7492507492507599,0.15000000000000213,25949814.0,1284900,0,19.9,20.37,19.9,20.02
603366,日出东方,9.91,-1.8811881188118762,-0.1899999999999995,345247454.0,34882018,0,10.05,10.05,9.78,10.1
603367,辰欣药业,17.69,0.45428733674049887,0.08000000000000185,225922938.0,12850550,0,17.78,17.88,17.37,17.61
603368,柳药集团,17.73,1.1986301369863064,0.21000000000000085,74760724.0,4235019,0,17.49,17.75,17.46,17.52
603369,今世缘,35.04,-0.1424907381020355,-0.05000000000000426,187432748.0,5383600,0,34.99,35.06,34.56,35.09
603373,安邦护卫,37.94,0.39693040486900916,0.14999999999999858,50712932.0,1341600,0,37.46,38.16,37.23,37.79
603375,盛景微,36.23,-0.27525461051473005,-0.10000000000000142,57084759.0,1589657,0,36.45,36.45,35.39,36.33
603377,ST东时,3.73,0.539083557951483,0.020000000000000018,29061755.0,7851170,0,3.73,3.78,3.62,3.71
603378,亚士创能,6.64,-0.8955223880597089,-0.0600000000000005,80378002.0,12204731,0,6.6,6.75,6.44,6.7
603379,三美股份,57.3,2.486138436773387,1.3900000000000006,226281848.0,3982502,0,55.99,57.49,55.81,55.91
603380,易德龙,35.3,0.8859674192626326,0.30999999999999517,56662195.0,1620956,0,34.8,35.39,34.48,34.99
603381,永臻股份,19.78,0.9183673469387741,0.17999999999999972,39103671.0,1982413,0,19.55,19.81,19.55,19.6
603383,顶点软件,36.68,0.38314176245210885,0.14000000000000057,236672600.0,6498080,0,36.21,37.18,35.63,36.54
603385,惠达卫浴,6.54,-1.2084592145015116,-0.08000000000000007,33333058.0,5100600,0,6.55,6.66,6.43,6.62
603386,骏亚科技,15.07,-0.462351387054163,-0.07000000000000028,444302775.0,30180082,0,14.84,15.1,14.4,15.14
603387,基蛋生物,8.08,0.24813895781637188,0.019999999999999574,34511511.0,4295712,0,8.04,8.1,7.96,8.06
603388,*ST元成,0.58,0.0,0.0,0.0,0,0,0.0,0.0,0.0,0.58
603389,*ST亚振,33.2,4.996837444655287,1.5800000000000018,112674245.0,3668000,0,30.04,33.2,30.04,31.62
603390,通达电气,13.06,1.7926734216679692,0.23000000000000043,385661357.0,30119000,0,12.48,13.42,12.19,12.83
603391,力聚热能,65.02,-2.5771651183697917,-1.7199999999999989,206334325.0,3125717,0,66.29,70.95,64.88,66.74
603392,万泰生物,46.36,0.7169237453834418,0.3299999999999983,119368590.0,2598244,0,46.0,46.49,45.48,46.03
603393,新天然气,26.76,1.2869038607115815,0.33999999999999986,67960752.0,2561091,0,26.39,26.79,26.28,26.42
603395,红四方,29.29,0.549261929282527,0.16000000000000014,67375465.0,2318390,0,29.1,29.36,28.82,29.13
603396,金辰股份,31.89,0.18850141376061036,0.060000000000002274,169049787.0,5380698,0,31.65,32.18,30.8,31.83
603398,*ST沐邦,7.35,-0.40650406504065373,-0.03000000000000025,163018373.0,22539426,0,7.2,7.58,7.01,7.38
603399,永杉锂业,10.68,6.799999999999998,0.6799999999999997,300926871.0,28965679,0,10.2,10.71,10.11,10.0
603408,建霖家居,12.69,-3.571428571428576,-0.47000000000000064,156884105.0,12266200,0,13.16,13.23,12.58,13.16
603409,汇通控股,35.7,0.6768189509306317,0.240000000000002,57611003.0,1611701,0,35.32,36.24,35.32,35.46
603416,信捷电气,53.15,1.3152878383530264,0.6899999999999977,88844441.0,1681100,0,52.47,53.88,52.0,52.46
603421,鼎信通讯,8.45,3.174603174603172,0.2599999999999998,314230876.0,37671864,0,8.11,8.78,8.06,8.19
603429,集友股份,10.14,5.51508844953175,0.5300000000000011,176854437.0,17446068,0,9.74,10.39,9.74,9.61
603439,三力制药,11.7,0.688468158347677,0.08000000000000007,32682767.0,2814598,0,11.6,11.71,11.53,11.62
603444,吉比特,466.25,5.367231638418079,23.75,1267111695.0,2754234,0,441.5,469.99,440.28,442.5
603456,九洲药业,17.88,2.113078241005125,0.36999999999999744,190421497.0,10732484,0,17.5,17.89,17.5,17.51
603458,勘设股份,7.99,4.58115183246074,0.35000000000000053,70461201.0,8951052,0,7.64,8.0,7.64,7.64
603466,风语筑,8.94,0.11198208286673894,0.009999999999999787,96708668.0,10933150,0,8.95,8.98,8.72,8.93
603477,巨星农牧,17.58,1.7950202663578385,0.3099999999999987,143175902.0,8112425,0,17.78,17.85,17.5,17.27
603486,科沃斯,80.5,-1.517005138243204,-1.2399999999999949,719848390.0,9095931,0,81.81,81.94,77.71,81.74
603488,展鹏科技,7.41,-1.0680907877169568,-0.08000000000000007,31024014.0,4217680,0,7.48,7.52,7.24,7.49
603489,八方股份,29.37,0.3073770491803274,0.08999999999999986,74848618.0,2576003,0,29.1,29.52,28.61,29.28
603496,恒为科技,26.06,0.6177606177606184,0.16000000000000014,161606661.0,6270100,0,25.89,26.1,25.4,25.9
603499,翔港科技,19.12,0.6315789473684263,0.120000000000001,86206035.0,4550780,0,19.4,19.72,18.58,19.0
603500,祥和实业,11.16,0.9954751131221666,0.10999999999999943,55035135.0,4980880,0,11.07,11.22,10.92,11.05
603501,豪威集团,125.74,0.7532051282051264,0.9399999999999977,1662331528.0,13316777,0,124.5,126.2,123.06,124.8
603505,金石资源,18.1,2.2598870056497296,0.40000000000000213,148449138.0,8276208,0,17.62,18.15,17.62,17.7
603506,南都物业,12.31,-1.9123505976095634,-0.2400000000000002,156862082.0,12839965,0,12.32,12.56,12.02,12.55
603507,振江股份,24.69,-0.3631961259079897,-0.08999999999999986,107806952.0,4392571,0,24.52,24.87,24.2,24.78
603508,思维列控,27.85,0.9423704240666966,0.26000000000000156,157889297.0,5726888,0,27.63,27.94,27.18,27.59
603511,爱慕股份,15.42,1.1811023622047225,0.17999999999999972,33959498.0,2217920,0,15.24,15.46,15.08,15.24
603515,欧普照明,18.36,1.436464088397779,0.259999999999998,31270517.0,1715632,0,18.01,18.4,17.8,18.1
603516,淳中科技,209.3,6.5248371335505,12.820000000000022,1903871444.0,9340273,0,192.99,213.99,192.66,196.48
603517,ST绝味,12.63,1.5273311897106214,0.19000000000000128,82717925.0,6611416,0,12.41,12.68,12.29,12.44
603518,锦泓集团,10.21,1.0891089108911012,0.11000000000000121,157263394.0,15484100,0,10.03,10.51,9.86,10.1
603519,立霸股份,11.58,0.5208333333333376,0.0600000000000005,28229627.0,2458272,0,11.4,11.61,11.38,11.52
603520,司太立,9.29,0.43243243243242324,0.03999999999999915,59300706.0,6431920,0,9.2,9.31,9.11,9.25
603527,众源新材,10.77,2.6692087702573817,0.27999999999999936,66965260.0,6334500,0,10.57,10.77,10.36,10.49
603528,多伦科技,10.11,-2.8818443804034652,-0.3000000000000007,835459200.0,82927398,0,9.37,10.28,9.37,10.41
603529,爱玛科技,29.96,1.3874788494077839,0.41000000000000014,159963140.0,5360424,0,29.55,30.05,29.33,29.55
603530,神马电力,42.36,2.591426495519497,1.0700000000000003,289955275.0,6977985,0,41.3,43.0,40.32,41.29
603533,掌阅科技,18.89,1.2325830653804952,0.23000000000000043,178179109.0,9519651,0,18.75,18.89,18.51,18.66
603535,嘉诚国际,10.36,-2.996254681647943,-0.3200000000000003,88480504.0,8488052,0,10.7,10.78,10.31,10.68
603536,惠发食品,11.64,-7.2509960159362565,-0.9100000000000001,256707129.0,21730080,0,12.32,12.41,11.6,12.55
603538,美诺华,19.4,0.05157297576069113,0.00999999999999801,71733531.0,3726807,0,19.39,19.46,18.97,19.39
603551,奥普科技,11.97,-0.3330557868442893,-0.03999999999999915,42091567.0,3538800,0,12.03,12.1,11.72,12.01
603556,海兴电力,34.22,0.5583308845136578,0.18999999999999773,176426261.0,5233007,0,33.96,34.43,33.15,34.03
603557,ST起步,2.59,1.5686274509803935,0.040000000000000036,28609134.0,11177394,0,2.52,2.63,2.49,2.55
603558,健盛集团,11.61,1.7528483786152436,0.1999999999999993,47120049.0,4089450,0,11.37,11.66,11.32,11.41
603559,ST通脉,8.28,0.0,0.0,5768508.0,700400,0,8.34,8.34,8.14,8.28
603565,中谷物流,10.47,0.09560229445506488,0.009999999999999787,123690590.0,11816686,0,10.46,10.54,10.4,10.46
603566,普莱柯,12.72,0.3946329913180798,0.05000000000000071,53694836.0,4244300,0,12.74,12.77,12.52,12.67
603567,珍宝岛,9.75,1.0362694300518096,0.09999999999999964,35115047.0,3639900,0,9.69,9.77,9.55,9.65
603568,伟明环保,22.61,2.1228545618789467,0.46999999999999886,109444642.0,4889313,0,22.08,22.69,21.91,22.14
603569,长久物流,7.59,0.930851063829791,0.07000000000000028,38785732.0,5161820,0,7.52,7.62,7.44,7.52
603577,汇金通,10.18,-0.48875855327468926,-0.05000000000000071,71573282.0,7120240,0,10.28,10.28,9.91,10.23
603578,三星新材,11.68,-0.42625745950554733,-0.05000000000000071,36931953.0,3187790,0,11.7,11.86,11.4,11.73
603579,荣泰健康,22.66,1.251117068811444,0.28000000000000114,84011105.0,3746379,0,22.37,22.68,22.17,22.38
603580,*ST艾艾,14.47,-0.5498281786941586,-0.08000000000000007,19012054.0,1330100,0,14.5,14.69,14.0,14.55
603583,捷昌驱动,34.24,0.7355104442483082,0.25,124668674.0,3657754,0,34.16,34.43,33.62,33.99
603585,苏利股份,18.51,9.982174688057063,1.6800000000000033,104364626.0,5844891,0,17.01,18.51,16.93,16.83
603586,金麒麟,18.3,3.800340328984695,0.6700000000000017,89415990.0,4951618,0,17.67,18.73,17.31,17.63
603587,地素时尚,12.87,1.5785319652722913,0.1999999999999993,29748194.0,2334742,0,12.67,12.88,12.55,12.67
603588,高能环境,6.78,1.3452914798206257,0.08999999999999986,132617005.0,19786177,0,6.68,6.81,6.61,6.69
603589,口子窖,31.0,-0.4815409309791287,-0.14999999999999858,109609101.0,3548360,0,31.12,31.16,30.64,31.15
603590,康辰药业,41.72,0.4091456077015685,0.1700000000000017,81991071.0,1968000,0,41.58,41.98,41.27,41.55
603595,ST东尼,16.14,1.4456316781898204,0.23000000000000043,53850468.0,3380344,0,15.81,16.14,15.72,15.91
603596,伯特利,47.98,2.2155943757988905,1.0399999999999991,664261077.0,13822771,0,46.74,48.67,46.66,46.94
603598,引力传媒,16.52,1.9753086419753103,0.3200000000000003,182724457.0,11173500,0,16.1,16.53,16.1,16.2
603599,广信股份,11.23,0.8984725965858009,0.09999999999999964,45306754.0,4056771,0,11.12,11.28,11.07,11.13
603600,永艺股份,11.93,2.1404109589041096,0.25,74351616.0,6330500,0,11.69,11.96,11.47,11.68
603601,再升科技,9.05,-3.0010718113611934,-0.27999999999999936,2439412288.0,276843829,0,9.06,9.23,8.4,9.33
603602,纵横通信,14.11,-0.563777307963355,-0.08000000000000007,56505085.0,4042630,0,14.1,14.25,13.8,14.19
603605,珀莱雅,67.78,1.558285885525931,1.0400000000000063,395811953.0,5891008,0,66.7,67.98,65.77,66.74
603606,东方电缆,60.77,0.3964976044936428,0.240000000000002,321444378.0,5330757,0,60.21,61.45,59.26,60.53
603607,京华激光,24.81,-1.194743130227004,-0.3000000000000007,116404564.0,4739800,0,25.12,25.13,24.12,25.11
603608,天创时尚,7.38,-1.8617021276595702,-0.13999999999999968,69853905.0,9499680,0,7.51,7.51,7.21,7.52
603609,禾丰股份,7.06,0.42674253200568074,0.02999999999999936,42058037.0,5975764,0,7.04,7.13,6.95,7.03
603610,麒盛科技,19.48,-0.40899795501021624,-0.0799999999999983,183260152.0,9534593,0,19.54,19.83,18.73,19.56
603611,诺力股份,22.66,0.3542958370239232,0.08000000000000185,62056075.0,2764700,0,22.59,22.72,22.15,22.58
603612,索通发展,23.35,1.6986062717770058,0.39000000000000057,267899864.0,11577692,0,22.92,23.46,22.8,22.96
603613,国联股份,27.64,0.10865628395509284,0.030000000000001137,282393085.0,10255909,0,27.6,27.9,27.15,27.61
603615,茶花股份,23.13,1.894273127753303,0.4299999999999997,75030985.0,3306800,0,22.69,23.22,22.1,22.7
603616,韩建河山,5.06,-0.7843137254901967,-0.040000000000000036,63444506.0,12619800,0,5.08,5.1,4.97,5.1
603617,君禾股份,7.05,1.4388489208633042,0.09999999999999964,55904214.0,8054500,0,6.97,7.09,6.83,6.95
603618,杭电股份,7.79,-0.8905852417302835,-0.07000000000000028,146230954.0,19028411,0,7.88,7.89,7.58,7.86
603619,中曼石油,21.72,2.9871977240398246,0.629999999999999,167593621.0,7779703,0,21.01,21.8,21.01,21.09
603626,科森科技,14.11,6.974981046247157,0.9199999999999999,1460537328.0,105897039,0,13.38,14.22,13.19,13.19
603628,清源股份,13.78,-1.8518518518518503,-0.2599999999999998,159195185.0,11627845,0,13.9,14.11,13.46,14.04
603629,利通电子,26.39,1.1111111111111078,0.28999999999999915,227000364.0,8724060,0,26.0,26.43,25.5,26.1
603630,拉芳家化,20.11,0.6506506506506458,0.129999999999999,67250742.0,3366830,0,19.82,20.3,19.62,19.98
603633,徕木股份,9.9,0.20242914979756652,0.019999999999999574,83964611.0,8521130,0,9.88,9.99,9.72,9.88
603636,南威软件,12.15,-0.16433853738701376,-0.019999999999999574,277490415.0,23114770,0,12.1,12.28,11.79,12.17
603637,镇海股份,10.43,2.054794520547936,0.20999999999999908,46850212.0,4566700,0,10.25,10.47,10.1,10.22
603638,艾迪精密,19.03,0.5813953488372062,0.10999999999999943,82507190.0,4377452,0,18.89,19.09,18.61,18.92
603639,海利尔,12.36,0.8156606851549727,0.09999999999999964,17461213.0,1422604,0,12.26,12.4,12.18,12.26
603648,畅联股份,10.17,-0.9737098344693248,-0.09999999999999964,25141549.0,2474704,0,10.27,10.31,10.08,10.27
603650,彤程新材,46.68,-0.6808510638297879,-0.3200000000000003,1318194651.0,28741775,0,47.44,47.49,44.7,47.0
603655,朗博科技,35.6,1.9473081328751423,0.6799999999999997,54608522.0,1572400,0,34.73,36.0,33.74,34.92
603656,泰禾智能,21.67,-0.0922083909635757,-0.019999999999999574,48242106.0,2236000,0,21.85,22.07,21.3,21.69
603657,春光科技,31.22,2.092871157619361,0.6400000000000006,108180342.0,3478000,0,30.73,31.83,30.43,30.58
603658,安图生物,35.99,0.05560189046428448,0.020000000000003126,74446661.0,2074610,0,35.97,36.06,35.65,35.97
603659,璞泰来,26.23,2.3809523809523787,0.6099999999999994,544230210.0,20944557,0,25.6,26.35,25.59,25.62
603660,苏州科达,10.01,0.9072580645161276,0.08999999999999986,186892918.0,18724523,0,9.9,10.12,9.83,9.92
603661,恒林股份,32.59,1.0542635658914834,0.3400000000000034,28475134.0,886526,0,32.25,32.59,31.7,32.25
603662,柯力传感,63.46,2.206474472539857,1.3699999999999974,221396946.0,3534683,0,62.0,63.6,61.73,62.09
603663,三祥新材,36.27,0.443090556632522,0.1600000000000037,477682953.0,13430338,0,35.88,36.51,34.84,36.11
603665,康隆达,30.5,4.309165526675792,1.2600000000000016,81070699.0,2718900,0,29.35,30.57,29.01,29.24
603666,亿嘉和,29.33,-0.33978933061502353,-0.10000000000000142,69507571.0,2384260,0,29.45,29.54,28.9,29.43
603667,五洲新春,51.09,7.062028499580898,3.3700000000000045,1748036426.0,34719302,0,47.8,51.8,47.75,47.72
603668,天马科技,16.5,-1.6686531585220568,-0.28000000000000114,353721734.0,21534645,0,16.55,16.77,16.1,16.78
603669,灵康药业,4.57,0.6607929515418557,0.03000000000000025,35844931.0,7923493,0,4.54,4.58,4.47,4.54
603676,卫信康,10.72,1.9011406844106566,0.20000000000000107,18809609.0,1773347,0,10.52,10.72,10.48,10.52
603677,奇精机械,17.47,0.9826589595375615,0.16999999999999815,58290347.0,3369567,0,17.36,17.53,17.01,17.3
603678,火炬电子,31.49,0.4786215698787447,0.14999999999999858,253314069.0,8151497,0,31.32,31.5,30.61,31.34
603679,华体科技,15.95,-0.2501563477173291,-0.040000000000000924,189607021.0,12016004,0,15.73,16.46,15.05,15.99
603680,今创集团,13.63,-2.712348322626688,-0.379999999999999,253499721.0,18709640,0,13.95,14.11,13.04,14.01
603681,永冠新材,18.37,0.7127192982456282,0.13000000000000256,125110051.0,6842752,0,18.32,18.67,17.85,18.24
603682,锦和商管,6.24,-3.105590062111804,-0.20000000000000018,123266963.0,19480200,0,6.44,6.51,6.16,6.44
603683,晶华新材,27.62,-0.10849909584085926,-0.029999999999997584,214456802.0,7809000,0,27.7,28.18,27.01,27.65
603685,晨丰科技,19.49,2.687038988408841,0.509999999999998,45024500.0,2351596,0,19.02,19.66,18.83,18.98
603686,福龙马,25.68,-7.325875135330209,-2.030000000000001,1918693023.0,73623477,0,27.0,27.76,25.02,27.71
603687,大胜达,9.18,1.999999999999997,0.17999999999999972,160866027.0,17461200,0,9.01,9.4,9.01,9.0
603688,石英股份,35.64,1.3651877133105916,0.480000000000004,180105422.0,5115777,0,35.17,35.79,34.74,35.16
603689,皖天然气,8.13,0.37037037037038445,0.030000000000001137,19406182.0,2398460,0,8.08,8.14,8.05,8.1
603690,至纯科技,29.3,0.652696667811753,0.19000000000000128,446517595.0,15516377,0,29.01,29.38,28.23,29.11
603693,江苏新能,11.81,-0.6728343145500426,-0.08000000000000007,38582684.0,3289203,0,11.86,11.92,11.62,11.89
603696,安记食品,20.38,-9.982332155477039,-2.2600000000000016,1165202302.0,53257719,0,23.3,23.8,20.38,22.64
603697,有友食品,12.56,-1.3354281225451683,-0.16999999999999993,101086616.0,8001240,0,12.74,12.89,12.47,12.73
603698,航天工程,24.99,-9.783393501805056,-2.710000000000001,1023731732.0,40011606,0,25.9,26.6,24.96,27.7
603699,纽威股份,49.97,2.9460238978162336,1.4299999999999997,252034306.0,5091968,0,48.53,50.16,48.35,48.54
603700,宁水集团,12.64,-0.4724409448818797,-0.05999999999999872,31379032.0,2495200,0,12.82,12.82,12.41,12.7
603701,德宏股份,18.56,-0.2150537634408747,-0.0400000000000027,35418161.0,1920600,0,18.63,18.64,18.22,18.6
603703,盛洋科技,14.08,9.999999999999995,1.2799999999999994,206606541.0,14673760,0,14.08,14.08,14.08,12.8
603706,东方环宇,19.34,0.992167101827683,0.19000000000000128,18869734.0,984300,0,19.24,19.38,18.96,19.15
603707,健友股份,9.21,1.320132013201331,0.120000000000001,80535476.0,8813109,0,9.05,9.22,9.05,9.09
603708,家家悦,13.14,3.6277602523659374,0.46000000000000085,819368769.0,60509833,0,13.23,13.95,12.78,12.68
603709,中源家居,17.87,-10.02014098690835,-1.9899999999999984,300174785.0,16623761,0,18.18,18.84,17.87,19.86
603711,香飘飘,14.5,0.0,0.0,149935072.0,10383500,0,14.59,14.69,14.16,14.5
603712,七一二,19.46,-2.9910269192422625,-0.5999999999999979,487759590.0,25267789,0,19.94,20.23,18.89,20.06
603713,密尔克卫,54.88,2.178365295103336,1.1700000000000017,105158339.0,1928000,0,53.71,54.89,53.41,53.71
603716,塞力医疗,19.91,2.050230650948224,0.3999999999999986,196758710.0,9925129,0,19.47,20.26,19.34,19.51
603717,天域生物,7.7,0.2604166666666727,0.020000000000000462,66579694.0,8667880,0,7.95,7.98,7.51,7.68
603718,海利生物,6.18,0.0,0.0,60020874.0,9750600,0,6.18,6.22,6.1,6.18
603719,良品铺子,11.83,1.371036846615254,0.16000000000000014,91047317.0,7718474,0,11.77,12.03,11.55,11.67
603721,*ST天择,17.51,0.8640552995391829,0.15000000000000213,18155966.0,1052890,0,17.28,17.56,17.03,17.36
603722,阿科力,37.21,-0.2412868632707676,-0.0899999999999963,45599162.0,1235800,0,37.3,37.46,36.41,37.3
603725,天安新材,8.97,0.11160714285714046,0.009999999999999787,30399037.0,3424611,0,8.95,9.01,8.75,8.96
603726,朗迪集团,20.93,0.4318618042226481,0.08999999999999986,47890901.0,2314072,0,21.0,21.0,20.42,20.84
603727,博迈科,13.58,-0.8759124087591185,-0.11999999999999922,45377769.0,3346900,0,13.7,13.77,13.4,13.7
603728,鸣志电器,62.61,1.2779035910708494,0.7899999999999991,355424213.0,5748999,0,61.82,62.87,60.75,61.82
603729,龙韵股份,15.46,0.0,0.0,46645996.0,3040120,0,15.43,15.58,15.08,15.46
603730,岱美股份,8.06,3.0690537084399003,0.2400000000000002,129727424.0,16250409,0,7.77,8.14,7.75,7.82
603733,仙鹤股份,22.51,0.6258381761287464,0.14000000000000057,35630496.0,1589501,0,22.58,22.62,22.2,22.37
603737,三棵树,45.25,0.5779062013780796,0.259999999999998,113818182.0,2527488,0,45.0,45.49,44.5,44.99
603738,泰晶科技,15.18,-0.4590163934426248,-0.07000000000000028,268791657.0,17931091,0,15.2,15.33,14.77,15.25
603739,蔚蓝生物,14.09,-0.14174344436569508,-0.019999999999999574,40987516.0,2924700,0,14.1,14.18,13.8,14.11
603755,日辰股份,35.88,1.1273957158962957,0.4000000000000057,46693067.0,1323500,0,35.33,36.0,34.59,35.48
603757,大元泵业,41.8,9.999999999999993,3.799999999999997,789722693.0,19596786,0,38.2,41.8,38.2,38.0
603758,秦安股份,18.4,2.9658645775041834,0.5299999999999976,162429850.0,8866100,0,18.26,18.88,17.85,17.87
603759,海天股份,10.07,-1.851851851851847,-0.1899999999999995,167082006.0,16617028,0,10.21,10.3,9.87,10.26
603766,隆鑫通用,16.29,3.3629441624365444,0.5299999999999994,496130233.0,30605016,0,15.76,16.5,15.75,15.76
603767,中马传动,23.07,-2.3698688108336805,-0.5599999999999987,250985883.0,10863700,0,23.3,23.8,22.58,23.63
603768,常青股份,11.2,0.0,0.0,25213999.0,2263500,0,11.27,11.43,10.98,11.2
603773,沃格光电,34.06,-0.9019493744544521,-0.30999999999999517,461779315.0,13664223,0,34.34,34.4,33.27,34.37
603776,永安行,17.98,-0.22197558268589984,-0.03999999999999915,54927283.0,3084303,0,17.81,18.18,17.56,18.02
603777,来伊份,13.49,-0.5895357406042747,-0.08000000000000007,134458889.0,9942000,0,13.55,13.75,13.31,13.57
603778,国晟科技,12.73,6.0833333333333375,0.7300000000000004,1225298015.0,98231175,0,11.81,12.97,11.8,12.0
603779,威龙股份,6.43,0.1557632398753861,0.009999999999999787,41847895.0,6565690,0,6.38,6.45,6.28,6.42
603786,科博达,70.9,0.5816427862108254,0.4100000000000108,226058331.0,3173190,0,69.0,72.91,67.0,70.49
603787,新日股份,12.74,-2.1505376344085976,-0.27999999999999936,59469548.0,4682100,0,12.98,13.11,12.49,13.02
603788,宁波高发,15.63,0.44987146529563166,0.07000000000000028,24260951.0,1558500,0,15.48,15.87,15.39,15.56
603789,*ST星农,5.28,-1.492537313432837,-0.08000000000000007,16522594.0,3153230,0,5.37,5.37,5.11,5.36
603790,雅运股份,19.63,-0.10178117048345839,-0.019999999999999574,27726120.0,1418400,0,19.57,19.78,19.33,19.65
603797,联泰环保,4.5,0.0,0.0,24812778.0,5553900,0,4.5,4.51,4.42,4.5
603798,康普顿,14.95,1.6315431679129737,0.23999999999999844,43203585.0,2928290,0,14.6,15.08,14.42,14.71
603799,华友钴业,59.47,3.480076561684357,2.0,3127944870.0,53066696,0,57.91,59.83,57.62,57.47
603800,洪田股份,49.27,0.8804258804258798,0.4299999999999997,187564413.0,3845645,0,49.3,49.6,47.52,48.84
603801,志邦家居,9.18,0.0,0.0,26366823.0,2879916,0,9.15,9.2,9.11,9.18
603803,瑞斯康达,10.7,-5.309734513274349,-0.6000000000000014,445755975.0,41507190,0,11.16,11.74,10.31,11.3
603806,福斯特,13.27,0.30234315948601015,0.03999999999999915,319428912.0,24320747,0,13.25,13.3,12.97,13.23
603808,歌力思,8.21,0.24420024420026068,0.02000000000000135,29042841.0,3562945,0,8.16,8.22,8.07,8.19
603809,豪能股份,12.38,0.3241491085899589,0.040000000000000924,229481562.0,18698846,0,12.32,12.47,12.1,12.34
603810,丰山集团,15.4,0.1300390117035083,0.019999999999999574,26939370.0,1767164,0,15.26,15.68,15.0,15.38
603811,诚意药业,10.52,0.5736137667303892,0.05999999999999872,37056936.0,3549330,0,10.47,10.53,10.36,10.46
603813,*ST原尚,36.67,-0.4614549402823065,-0.1700000000000017,9193298.0,251700,0,36.7,37.11,36.11,36.84
603815,交建股份,7.64,-6.942752740560305,-0.5700000000000012,442835168.0,57826475,0,7.88,8.15,7.4,8.21
603816,顾家家居,30.81,1.7167381974248914,0.5199999999999996,165863770.0,5430797,0,30.24,31.0,29.76,30.29
603817,海峡环保,6.85,-2.421652421652421,-0.16999999999999993,184646291.0,27152100,0,6.99,7.01,6.71,7.02
603818,曲美家居,3.55,-1.6620498614958463,-0.06000000000000005,57848748.0,16346211,0,3.57,3.61,3.5,3.61
603819,神力股份,10.73,-0.7400555041628128,-0.08000000000000007,31868755.0,2988200,0,10.84,10.92,10.5,10.81
603822,ST嘉澳,95.88,2.897617514488075,2.6999999999999886,517276103.0,5496302,0,95.0,97.84,89.72,93.18
603823,百合花,16.11,-1.4075887392900883,-0.23000000000000043,286404526.0,17523178,0,16.4,16.95,15.71,16.34
603825,ST华扬,8.54,0.8264462809917179,0.06999999999999851,27576590.0,3281400,0,8.42,8.55,8.29,8.47
603826,坤彩科技,17.2,0.17472335468839592,0.029999999999997584,65353770.0,3832438,0,17.08,17.29,16.87,17.17
603828,ST柯利达,7.6,0.9296148738379733,0.0699999999999994,14279214.0,1885034,0,7.68,7.68,7.5,7.53
603829,洛凯股份,29.71,1.0888057162300113,0.3200000000000003,260341565.0,8926119,0,28.97,30.77,28.01,29.39
603833,欧派家居,52.21,1.12337788107689,0.5799999999999983,150846670.0,2900787,0,51.69,52.57,50.92,51.63
603836,海程邦达,13.86,2.061855670103088,0.27999999999999936,98561061.0,7042101,0,13.7,14.85,13.65,13.58
603838,*ST四通,7.32,1.5256588072122097,0.11000000000000032,9497070.0,1292900,0,7.15,7.5,7.15,7.21
603839,安正时尚,7.64,-0.13071895424837482,-0.010000000000000675,32968243.0,4340600,0,7.6,7.72,7.49,7.65
603843,*ST正平,4.95,-4.624277456647403,-0.2400000000000002,257372349.0,52030830,0,4.93,4.95,4.93,5.19
603848,好太太,18.87,1.451612903225804,0.2699999999999996,60972900.0,3232600,0,18.5,19.1,18.5,18.6
603855,华荣股份,19.03,0.15789473684211125,0.030000000000001137,31613868.0,1665470,0,18.9,19.08,18.9,19.0
603856,东宏股份,12.21,-0.326530612244891,-0.03999999999999915,31165650.0,2568574,0,12.25,12.34,11.94,12.25
603858,步长制药,16.24,-0.06153846153847116,-0.010000000000001563,84697831.0,5247325,0,16.23,16.29,16.0,16.25
603859,能科科技,39.26,2.909567496723459,1.1099999999999994,207750693.0,5340112,0,38.0,39.37,37.9,38.15
603860,中公高科,28.89,0.2081165452653565,0.060000000000002274,32717431.0,1142700,0,28.89,29.01,28.27,28.83
603861,白云电器,11.39,0.17590149516272077,0.02000000000000135,167344206.0,14866300,0,11.37,11.61,11.04,11.37
603863,松炀资源,20.57,0.24366471734893133,0.05000000000000071,261853363.0,12736700,0,20.41,20.99,19.96,20.52
603866,桃李面包,5.31,0.37807183364838515,0.019999999999999574,84813700.0,16057203,0,5.28,5.32,5.23,5.29
603867,新化股份,24.14,0.5833333333333357,0.14000000000000057,151698858.0,6392841,0,23.8,24.14,23.4,24.0
603868,飞科电器,33.11,1.3778322106552447,0.45000000000000284,32367837.0,979466,0,32.77,33.45,32.66,32.66
603869,ST智知,10.27,-2.003816793893138,-0.21000000000000085,20983890.0,2047940,0,10.42,10.54,10.09,10.48
603871,嘉友国际,13.91,-0.571837026447463,-0.08000000000000007,175598509.0,12629867,0,13.98,14.1,13.73,13.99
603876,鼎胜新材,12.57,3.970223325062038,0.4800000000000004,229819255.0,18573035,0,12.15,12.63,12.15,12.09
603877,太平鸟,15.1,0.265604249667989,0.03999999999999915,42844233.0,2855189,0,15.03,15.16,14.81,15.06
603878,武进不锈,9.9,5.995717344753753,0.5600000000000005,178314603.0,18476786,0,9.3,9.98,9.26,9.34
603879,永悦科技,5.27,-6.227758007117447,-0.35000000000000053,146398012.0,27693877,0,5.5,5.59,5.15,5.62
603880,南卫股份,6.1,0.993377483443702,0.05999999999999961,25074038.0,4147073,0,6.02,6.15,5.94,6.04
603881,数据港,29.6,1.6134569172674302,0.4700000000000024,541796266.0,18455909,0,29.12,29.74,28.97,29.13
603882,金域医学,27.65,0.949251551661183,0.259999999999998,130479933.0,4714123,0,27.4,28.1,27.3,27.39
603883,老百姓,15.12,0.8672448298865845,0.129999999999999,129420719.0,8581811,0,14.91,15.2,14.88,14.99
603885,吉祥航空,14.12,2.318840579710134,0.3199999999999985,409643511.0,28824504,0,13.8,14.45,13.8,13.8
603886,元祖股份,13.37,0.677710843373493,0.08999999999999986,187615965.0,14051819,0,13.3,13.61,13.15,13.28
603887,城地香江,13.49,-0.8817046289492962,-0.11999999999999922,154362877.0,11522509,0,13.61,13.71,13.2,13.61
603888,新华网,18.9,1.0695187165775364,0.1999999999999993,98587646.0,5255806,0,18.68,18.95,18.6,18.7
603889,新澳股份,7.41,-0.13477088948786775,-0.009999999999999787,76714185.0,10495251,0,7.39,7.5,7.2,7.42
603890,春秋电子,16.45,5.179028132992319,0.8099999999999987,430602363.0,26898547,0,15.6,16.48,15.46,15.64
603893,瑞芯微,176.99,1.92340915634898,3.3400000000000034,983464992.0,5614398,0,173.5,177.17,173.3,173.65
603895,天永智能,28.88,4.486251808972498,1.2399999999999984,66555836.0,2344600,0,27.46,29.0,27.0,27.64
603896,寿仙谷,19.36,0.991131977047458,0.18999999999999773,19417133.0,1009639,0,19.17,19.39,19.1,19.17
603897,长城科技,26.88,1.2810851544837976,0.33999999999999986,149799234.0,5606756,0,26.36,26.95,26.36,26.54
603898,好莱客,13.5,-0.2217294900221682,-0.02999999999999936,84042371.0,6330997,0,13.77,13.8,12.9,13.53
603899,晨光股份,27.9,1.5653440116490707,0.4299999999999997,141796869.0,5105768,0,27.46,27.95,27.33,27.47
603900,莱绅通灵,8.8,2.803738317757012,0.2400000000000002,72301373.0,8334100,0,8.48,8.8,8.48,8.56
603901,永创智能,13.42,-0.14880952380952064,-0.019999999999999574,139127384.0,10361256,0,13.5,13.63,13.23,13.44
603903,中持股份,14.85,-1.785714285714283,-0.2699999999999996,103303409.0,7011196,0,15.0,15.2,14.45,15.12
603906,龙蟠科技,19.42,4.184549356223182,0.7800000000000011,815030186.0,42599190,0,18.75,19.5,18.7,18.64
603908,牧高笛,22.6,-0.5281690140844958,-0.11999999999999744,27399119.0,1215240,0,22.82,23.19,22.15,22.72
603909,建发合诚,11.29,-2.4200518582541153,-0.28000000000000114,87439990.0,7778000,0,11.38,11.54,11.1,11.57
603912,佳力图,8.27,3.634085213032571,0.28999999999999915,122931711.0,15021225,0,8.0,8.35,7.97,7.98
603915,国茂股份,16.51,0.8552229688454525,0.14000000000000057,108097667.0,6558190,0,16.47,16.88,16.26,16.37
603916,苏博特,9.32,0.10741138560687202,0.009999999999999787,26613664.0,2870620,0,9.29,9.38,9.18,9.31
603917,合力科技,13.92,0.2159827213822848,0.02999999999999936,90086926.0,6494600,0,13.88,14.14,13.63,13.89
603918,金桥信息,15.18,1.879194630872479,0.27999999999999936,117957109.0,7876496,0,14.88,15.18,14.71,14.9
603919,金徽酒,19.99,-1.2839506172839583,-0.26000000000000156,76075538.0,3804960,0,20.2,20.24,19.8,20.25
603920,世运电路,43.19,3.797164143234795,1.5799999999999983,1515537495.0,35378251,0,42.65,43.44,42.23,41.61
603922,金鸿顺,18.69,-0.6379585326953613,-0.11999999999999744,56189681.0,3022340,0,18.79,18.94,18.27,18.81
603926,铁流股份,15.56,0.25773195876289257,0.040000000000000924,56686182.0,3667210,0,15.5,15.65,15.15,15.52
603927,中科软,18.82,1.0741138560687395,0.1999999999999993,166994486.0,8979865,0,18.62,18.84,18.3,18.62
603928,兴业股份,15.68,-6.1077844311377225,-1.0199999999999996,223132171.0,14263890,0,16.3,16.57,15.25,16.7
603929,亚翔集成,90.02,-2.6810810810810852,-2.480000000000004,478154304.0,5319931,0,88.4,92.49,86.86,92.5
603931,格林达,33.5,-6.555090655509069,-2.3500000000000014,408821203.0,12171378,0,35.7,35.71,32.75,35.85
603933,睿能科技,23.97,0.33486814566763623,0.0799999999999983,244637385.0,10328936,0,23.89,24.17,23.34,23.89
603936,博敏电子,11.73,5.390835579514821,0.5999999999999996,540206547.0,46743153,0,11.11,12.0,10.92,11.13
603937,丽岛新材,11.43,1.1504424778760973,0.129999999999999,29659261.0,2626700,0,11.2,11.52,11.05,11.3
603938,三孚股份,17.26,0.9356725146198838,0.16000000000000014,109386194.0,6417116,0,17.1,17.34,16.75,17.1
603939,益丰药房,21.63,2.4147727272727177,0.509999999999998,307053645.0,14296268,0,21.04,21.75,20.81,21.12
603948,建业股份,25.43,0.7527733755942999,0.19000000000000128,40286966.0,1597700,0,25.16,25.48,24.95,25.24
603949,雪龙集团,18.47,0.8187772925764114,0.14999999999999858,72160519.0,3960540,0,18.14,18.49,17.91,18.32
603950,长源东谷,28.47,1.280683030949838,0.35999999999999943,69588638.0,2483900,0,28.27,28.58,27.55,28.11
603955,大千生态,29.33,1.1379310344827527,0.3299999999999983,55351790.0,1909200,0,28.84,29.39,28.6,29.0
603956,威派格,6.15,0.6546644844517191,0.040000000000000036,52865893.0,8728495,0,6.1,6.15,5.98,6.11
603958,哈森股份,12.85,-0.618716163959784,-0.08000000000000007,141408899.0,11135553,0,12.81,13.38,12.33,12.93
603959,百利科技,5.61,-0.3552397868561203,-0.019999999999999574,63303465.0,11343000,0,5.63,5.68,5.52,5.63
603960,克来机电,19.47,-0.5109862033725162,-0.10000000000000142,102019341.0,5252042,0,19.73,19.79,19.16,19.57
603966,法兰泰克,10.53,1.0556621880998027,0.10999999999999943,60521656.0,5805802,0,10.41,10.54,10.3,10.42
603967,中创物流,12.33,-0.9638554216867409,-0.11999999999999922,61212932.0,4999310,0,12.38,12.46,12.1,12.45
603968,醋化股份,10.69,-0.4655493482309191,-0.05000000000000071,28081062.0,2634800,0,10.73,10.8,10.52,10.74
603969,银龙股份,9.69,-0.10309278350515245,-0.009999999999999787,84021417.0,8725034,0,9.65,9.78,9.54,9.7
603970,中农立华,12.72,-0.5473025801407233,-0.06999999999999851,26733840.0,2109000,0,12.75,12.79,12.58,12.79
603976,正川股份,19.28,0.9424083769633492,0.17999999999999972,19203330.0,1006000,0,19.15,19.32,18.85,19.1
603977,国泰集团,12.27,-0.4058441558441616,-0.05000000000000071,119856049.0,9837336,0,12.26,12.38,12.02,12.32
603978,深圳新星,25.97,6.652977412730995,1.6199999999999974,427493038.0,16834606,0,24.32,26.25,24.12,24.35
603979,金诚信,70.67,2.643427741466968,1.8200000000000074,523508319.0,7451382,0,69.19,71.8,68.54,68.85
603980,吉华集团,4.98,1.014198782961475,0.05000000000000071,47879695.0,9702260,0,4.94,5.0,4.88,4.93
603982,泉峰汽车,8.2,0.24449877750610727,0.019999999999999574,69151266.0,8445791,0,8.24,8.35,8.05,8.18
603983,丸美生物,33.4,0.7237635705669542,0.240000000000002,70815375.0,2121800,0,33.02,33.99,32.8,33.16
603985,恒润股份,14.51,0.06896551724137784,0.009999999999999787,120337577.0,8387726,0,14.59,14.59,14.1,14.5
603986,兆易创新,202.18,2.183361973112298,4.319999999999993,3802859059.0,19050158,0,197.01,202.87,195.95,197.86
603987,康德莱,8.49,1.0714285714285696,0.08999999999999986,32396034.0,3850695,0,8.37,8.5,8.31,8.4
603988,中电电机,24.45,0.5345394736842065,0.129999999999999,92373658.0,3830800,0,24.31,24.48,23.72,24.32
603989,艾华集团,16.13,1.5743073047858829,0.24999999999999822,69251919.0,4368140,0,15.86,16.14,15.6,15.88
603990,麦迪科技,15.12,0.33178500331784294,0.049999999999998934,150642697.0,10105623,0,14.95,15.19,14.67,15.07
603991,至正股份,76.59,3.0682276947920886,2.280000000000001,173759452.0,2284500,0,75.32,77.2,74.68,74.31
603992,松霖科技,36.39,-0.573770491803281,-0.21000000000000085,225399913.0,6234979,0,35.44,37.11,35.44,36.6
603993,洛阳钼业,18.0,2.857142857142857,0.5,3419904180.0,190692537,0,17.61,18.23,17.57,17.5
603995,甬金股份,17.13,0.5871990604814907,0.09999999999999787,45232863.0,2656101,0,17.02,17.13,16.9,17.03
603997,继峰股份,13.61,2.2539444027047253,0.29999999999999893,101079905.0,7494081,0,13.3,13.68,13.27,13.31
603998,方盛制药,11.11,0.7252946509519499,0.08000000000000007,52736269.0,4779800,0,11.0,11.13,10.94,11.03
603999,读者传媒,6.92,-0.5747126436781614,-0.040000000000000036,123668455.0,17838500,0,7.04,7.14,6.81,6.96
605001,威奥股份,7.0,-0.28490028490027886,-0.019999999999999574,27175631.0,3913400,0,7.0,7.05,6.87,7.02
605003,众望布艺,23.13,1.0484927916120508,0.23999999999999844,22568407.0,986250,0,22.89,23.21,22.37,22.89
605005,合兴股份,19.67,0.05086469989827855,0.010000000000001563,166388944.0,8452617,0,19.57,20.08,19.25,19.66
605006,山东玻纤,7.07,1.7266187050359725,0.1200000000000001,72696325.0,10387180,0,6.95,7.25,6.83,6.95
605007,五洲特纸,11.48,0.2620087336244641,0.030000000000001137,11418746.0,999700,0,11.4,11.5,11.34,11.45
605008,长鸿高科,15.25,-0.8452535760728269,-0.13000000000000078,35797583.0,2363604,0,15.26,15.42,14.98,15.38
605009,豪悦护理,32.27,1.509908776344775,0.480000000000004,121763636.0,3777446,0,31.66,32.98,31.25,31.79
605011,杭州热电,19.95,0.25125628140703876,0.05000000000000071,31074438.0,1569570,0,19.98,20.0,19.63,19.9
605016,百龙创园,21.1,2.6763990267639937,0.5500000000000007,100347670.0,4805119,0,20.55,21.15,20.36,20.55
605018,长华集团,10.81,0.8395522388059687,0.08999999999999986,21477415.0,1997700,0,10.76,10.89,10.6,10.72
605020,永和股份,25.6,2.728731942215087,0.6799999999999997,125752364.0,4972406,0,24.98,25.65,24.9,24.92
605028,世茂能源,27.05,4.038461538461542,1.0500000000000007,67717645.0,2527900,0,26.0,27.36,25.81,26.0
605033,美邦股份,18.94,-9.980988593155885,-2.099999999999998,67040607.0,3530000,0,18.94,19.59,18.94,21.04
605050,福然德,12.63,0.3974562798092266,0.05000000000000071,38177916.0,3048500,0,12.58,12.67,12.4,12.58
605055,迎丰股份,9.89,-1.3958125623130488,-0.1399999999999988,194849291.0,19473950,0,9.75,10.58,9.59,10.03
605056,咸亨国际,17.91,1.761363636363629,0.3099999999999987,67890044.0,3830606,0,17.56,18.03,17.37,17.6
605058,澳弘电子,28.71,0.13951866062085508,0.03999999999999915,82663967.0,2912250,0,28.6,28.8,28.01,28.67
605060,联德股份,37.08,1.980198019801977,0.7199999999999989,233146029.0,6373400,0,36.6,37.6,35.45,36.36
605066,天正电气,7.08,-2.0746887966805025,-0.15000000000000036,102105780.0,14505300,0,7.21,7.25,6.91,7.23
605068,明新旭腾,28.88,5.594149908592313,1.5299999999999976,172116271.0,6243901,0,26.45,29.03,26.17,27.35
605069,正和生态,9.19,0.21810250817883942,0.019999999999999574,27647714.0,3031898,0,9.16,9.27,8.99,9.17
605077,华康股份,14.66,0.8253094910591541,0.120000000000001,38019303.0,2614064,0,14.5,14.68,14.39,14.54
605080,浙江自然,22.19,0.5437245129134617,0.120000000000001,19279680.0,875100,0,22.01,22.26,21.78,22.07
605081,*ST太和,10.94,2.5304592314901555,0.2699999999999996,30555419.0,2798450,0,10.92,11.12,10.75,10.67
605086,龙高股份,38.14,-0.6512112529304506,-0.25,127458355.0,3341749,0,38.1,38.6,37.84,38.39
605088,冠盛股份,34.39,0.8504398826979447,0.28999999999999915,96531488.0,2817800,0,33.71,34.49,33.71,34.1
605089,味知香,25.88,0.8573655494933705,0.21999999999999886,39727231.0,1548379,0,25.71,25.94,25.25,25.66
605090,九丰能源,35.95,-2.8115706947823713,-1.0399999999999991,797429655.0,22140022,0,36.8,37.28,35.28,36.99
605098,行动教育,41.92,3.429558351838146,1.3900000000000006,60582938.0,1457200,0,40.99,42.0,40.92,40.53
605099,共创草坪,37.53,3.019489431786993,1.1000000000000014,87251688.0,2343923,0,36.5,37.68,36.31,36.43
605100,华丰股份,40.89,-2.2238163558106163,-0.9299999999999997,244165140.0,6025656,0,41.82,42.0,39.5,41.82
605108,同庆楼,20.31,0.39545229856647696,0.0799999999999983,217094099.0,10699503,0,20.23,20.6,19.71,20.23
605111,新洁能,33.49,2.541334966319674,0.8300000000000054,262245765.0,7981137,0,32.6,33.5,32.32,32.66
605116,奥锐特,21.95,1.6203703703703605,0.34999999999999787,19585656.0,901425,0,21.57,21.95,21.52,21.6
605117,德业股份,89.44,0.1567749160134385,0.14000000000000057,748648335.0,8403975,0,89.8,90.01,88.0,89.3
605118,力鼎光电,28.87,1.2627148368993315,0.35999999999999943,52239275.0,1823454,0,28.52,29.1,28.2,28.51
605122,四方新材,12.7,-1.0132501948558128,-0.13000000000000078,100032160.0,7944808,0,12.7,12.79,12.42,12.83
605123,派克新材,84.44,-3.0316949931097845,-2.6400000000000006,697633380.0,8281373,0,85.4,86.77,83.07,87.08
605128,上海沿浦,38.05,2.3675006725854058,0.8799999999999955,74192918.0,1974439,0,36.99,38.1,36.99,37.17
605133,嵘泰股份,32.34,1.0309278350515634,0.3300000000000054,132843466.0,4132066,0,31.69,32.48,31.69,32.01
605136,丽人丽妆,12.21,3.914893617021284,0.46000000000000085,901262791.0,73243875,0,11.75,12.93,11.47,11.75
605138,盛泰集团,6.9,0.14513788098694738,0.010000000000000675,20871551.0,3047800,0,6.89,6.92,6.78,6.89
605151,西上海,18.37,-0.2714440825190049,-0.05000000000000071,18449774.0,1015500,0,18.42,18.46,17.99,18.42
605155,西大门,16.11,0.3738317757009266,0.05999999999999872,25706430.0,1606140,0,16.06,16.2,15.78,16.05
605158,华达新材,7.71,-0.516129032258065,-0.040000000000000036,23943517.0,3124029,0,7.77,7.81,7.59,7.75
605162,新中港,8.5,0.7109004739336553,0.0600000000000005,26020361.0,3091900,0,8.4,8.52,8.32,8.44
605166,聚合顺,9.95,-0.6986027944111804,-0.07000000000000028,31604867.0,3167400,0,10.07,10.07,9.9,10.02
605167,利柏特,11.04,1.8450184501844953,0.1999999999999993,110009473.0,10171800,0,10.8,11.16,10.57,10.84
605168,三人行,32.58,-2.220888355342143,-0.740000000000002,167178340.0,5139556,0,33.1,33.25,32.11,33.32
605169,洪通燃气,13.04,-0.5339435545385224,-0.07000000000000028,33879294.0,2616472,0,13.19,13.19,12.85,13.11
605177,东亚药业,17.66,-0.3948110547095335,-0.07000000000000028,27590417.0,1566250,0,17.66,17.94,17.4,17.73
605178,时空科技,51.82,1.6477049823460248,0.8400000000000034,237892547.0,4599700,0,50.88,52.9,50.5,50.98
605179,一鸣食品,21.35,-1.7939282428702716,-0.389999999999997,240476191.0,11121700,0,21.52,22.18,21.09,21.74
605180,华生科技,13.79,0.656934306569342,0.08999999999999986,24074437.0,1767103,0,13.7,13.85,13.38,13.7
605183,确成股份,18.76,1.6251354279523331,0.3000000000000007,25708450.0,1381868,0,18.45,18.84,18.36,18.46
605186,健麾信息,19.31,0.20757654385054045,0.03999999999999915,24785005.0,1292500,0,19.48,19.48,18.93,19.27
605188,国光连锁,21.2,-2.259105578607662,-0.490000000000002,388963134.0,18246700,0,21.74,22.5,20.68,21.69
605189,富春染织,14.88,-1.3916500994035723,-0.20999999999999908,42097910.0,2846416,0,15.09,15.24,14.59,15.09
605196,华通线缆,34.1,-2.3202520767688206,-0.8099999999999952,430176988.0,12667700,0,34.75,34.8,33.06,34.91
605198,安德利,36.34,1.2256267409470887,0.44000000000000483,50093483.0,1389200,0,35.61,36.58,35.61,35.9
605199,ST葫芦娃,8.55,0.0,0.0,21279452.0,2518800,0,8.5,8.55,8.33,8.55
605208,永茂泰,12.58,0.6400000000000006,0.08000000000000007,56263733.0,4541815,0,12.51,12.59,12.25,12.5
605218,伟时电子,17.98,0.2788622420524301,0.05000000000000071,34209692.0,1924064,0,17.93,18.09,17.5,17.93
605222,起帆电缆,18.45,-3.6050156739811974,-0.6900000000000013,319283885.0,17252527,0,18.9,19.13,18.21,19.14
605228,神通科技,14.23,-0.4895104895104915,-0.07000000000000028,114988748.0,8052600,0,14.22,14.75,13.97,14.3
605255,天普股份,146.96,-5.873310702619603,-9.169999999999987,546217904.0,3672466,0,150.21,155.0,145.54,156.13
605258,协和电子,31.34,0.7717041800643036,0.23999999999999844,49446095.0,1612500,0,30.81,31.37,30.14,31.1
605259,绿田机械,20.92,0.38387715930903,0.08000000000000185,32369790.0,1562300,0,20.84,20.93,20.59,20.84
605266,健之佳,19.3,1.0471204188481638,0.1999999999999993,28373699.0,1477270,0,19.07,19.35,19.02,19.1
605268,王力安防,10.9,-1.2681159420289747,-0.1399999999999988,83359441.0,7694900,0,11.09,11.13,10.68,11.04
605277,新亚电子,22.52,3.397612488521572,0.7399999999999984,165239002.0,7447320,0,21.83,22.64,21.78,21.78
605286,同力天启,37.68,2.252374491180457,0.8299999999999983,94683069.0,2580386,0,36.69,37.68,35.76,36.85
605287,德才股份,26.01,-0.382995021064718,-0.09999999999999787,69064149.0,2673560,0,26.02,26.3,25.46,26.11
605288,凯迪股份,83.49,0.7117008443908193,0.5899999999999892,86469248.0,1047900,0,82.9,83.9,80.7,82.9
605289,罗曼股份,72.73,-7.585768742058447,-5.969999999999999,412876991.0,5616825,0,78.35,78.35,71.41,78.7
605296,神农集团,28.35,1.5401146131805146,0.4299999999999997,76836138.0,2705022,0,28.53,28.83,28.13,27.92
605298,必得科技,40.09,1.6480730223123876,0.6500000000000057,73513875.0,1851820,0,39.12,40.18,39.12,39.44
605299,舒华体育,11.46,-3.8590604026845563,-0.4599999999999991,368010041.0,32116444,0,11.81,11.95,11.22,11.92
605300,佳禾食品,11.99,-0.8271298593879209,-0.09999999999999964,50597372.0,4215007,0,11.98,12.2,11.87,12.09
605303,园林股份,19.2,-3.517587939698489,-0.6999999999999993,156887023.0,8120800,0,19.77,20.68,18.55,19.9
605305,中际联合,41.68,2.710694923607692,1.1000000000000014,177104760.0,4296737,0,40.72,41.76,40.6,40.58
605318,法狮龙,54.79,1.7266988488674335,0.9299999999999997,328935183.0,6126800,0,54.04,55.1,51.56,53.86
605319,无锡振华,20.64,1.3254786450662719,0.2699999999999996,56190794.0,2725820,0,20.26,20.97,20.26,20.37
605333,沪光股份,29.95,0.8417508417508417,0.25,82987618.0,2793131,0,29.58,30.0,29.31,29.7
605336,帅丰电器,14.16,-1.1863224005582689,-0.16999999999999993,27743447.0,1959400,0,14.45,14.45,13.96,14.33
605337,李子园,12.36,2.233250620347391,0.2699999999999996,154035955.0,12466549,0,12.19,12.6,11.91,12.09
605338,巴比食品,27.9,0.8312251535959411,0.22999999999999687,89466896.0,3223900,0,27.45,28.09,27.08,27.67
605339,南侨食品,21.25,-1.9381633594831642,-0.4200000000000017,248284433.0,11566393,0,21.78,22.26,21.04,21.67
605358,立昂微,34.83,-0.7126567844925884,-0.25,1135927461.0,32709679,0,35.22,35.44,33.95,35.08
605365,立达信,22.0,10.0,2.0,372875020.0,17319132,0,20.14,22.0,20.01,20.0
605366,宏柏新材,5.98,1.7006802721088528,0.10000000000000053,88818706.0,15017680,0,5.87,6.0,5.8,5.88
605368,蓝天燃气,7.72,-1.404853128991064,-0.11000000000000032,115222642.0,14993930,0,7.79,7.8,7.59,7.83
605369,拱东医疗,18.39,0.4369197160021947,0.08000000000000185,14248080.0,780850,0,18.38,18.41,18.05,18.31
605376,博迁新材,57.21,3.2671480144404375,1.8100000000000023,284792777.0,5062282,0,56.17,57.53,54.7,55.4
605377,华旺科技,7.77,-0.7662835249042209,-0.0600000000000005,48699485.0,6291765,0,7.82,7.83,7.68,7.83
605378,野马电池,22.55,0.6247211066488201,0.14000000000000057,114556639.0,5139504,0,22.2,22.68,21.89,22.41
605388,均瑶健康,8.12,1.8820577164366308,0.14999999999999947,359057352.0,44434160,0,8.09,8.25,7.81,7.97
605389,长龄液压,68.31,3.078315980081494,2.0400000000000063,94720315.0,1401920,0,66.3,68.99,66.04,66.27
605398,新炬网络,27.37,0.36670333700037194,0.10000000000000142,71531179.0,2643800,0,27.0,27.41,26.63,27.27
605399,晨光新材,13.37,2.2953328232593644,0.29999999999999893,80474613.0,6099390,0,13.12,13.41,12.95,13.07
605488,福莱新材,31.81,0.18897637795275188,0.05999999999999872,159774441.0,5086889,0,31.77,31.89,31.0,31.75
605499,东鹏饮料,269.76,2.1237932992617883,5.610000000000014,602982723.0,2239852,0,264.03,272.0,261.55,264.15
605500,森林包装,8.62,1.1737089201877893,0.09999999999999964,22349796.0,2628851,0,8.53,8.62,8.43,8.52
605507,国邦医药,23.26,0.04301075268817876,0.010000000000001563,43205880.0,1860000,0,23.2,23.37,23.08,23.25
605555,德昌股份,17.94,1.1844331641286003,0.21000000000000085,77207138.0,4349415,0,17.71,18.05,17.49,17.73
605566,福莱蒽特,28.24,1.4732303269852682,0.41000000000000014,43994915.0,1573100,0,27.78,28.35,27.6,27.83
605567,春雪食品,10.66,-0.4668534080298852,-0.05000000000000071,44878980.0,4214300,0,10.71,10.8,10.5,10.71
605577,龙版传媒,12.57,1.2892828364222413,0.16000000000000014,38534343.0,3084000,0,12.44,12.61,12.37,12.41
605580,恒盛能源,33.99,-0.6140350877193007,-0.21000000000000085,113358143.0,3316379,0,34.4,34.66,33.5,34.2
605588,冠石科技,49.18,0.3878342518881358,0.18999999999999773,68359621.0,1413400,0,48.8,49.3,47.58,48.99
605589,圣泉集团,26.7,2.7713625866050764,0.7199999999999989,398770614.0,15168642,0,25.88,26.84,25.67,25.98
605598,上海港湾,48.31,0.8348987685243283,0.4000000000000057,432639172.0,9026600,0,47.91,49.3,46.5,47.91
605599,菜百股份,15.48,0.389105058365762,0.0600000000000005,69619125.0,4505865,0,15.48,15.58,15.29,15.42
688001,华兴源创,27.9,2.4605214836577236,0.6699999999999982,73219759.0,2663665,0,27.27,27.94,27.09,27.23
688002,睿创微纳,86.62,0.011546010853256109,0.010000000000005116,535258685.0,6243366,0,86.5,88.09,84.0,86.61
688003,天准科技,56.74,0.9608540925266887,0.5399999999999991,182748483.0,3227611,0,56.7,57.47,55.71,56.2
688004,博汇科技,22.75,1.789709172259501,0.3999999999999986,34763780.0,1552329,0,22.3,22.78,22.03,22.35
688005,容百科技,27.6,3.332085361287909,0.8900000000000006,492290191.0,18115500,0,26.9,27.63,26.75,26.71
688006,杭可科技,28.09,2.7056672760511824,0.7399999999999984,140946064.0,5074403,0,27.5,28.1,27.35,27.35
688007,光峰科技,16.72,1.3333333333333264,0.21999999999999886,65029845.0,3937884,0,16.54,16.8,16.24,16.5
688008,澜起科技,117.3,3.2843180417363773,3.730000000000004,2600876285.0,22516836,0,114.1,117.59,112.81,113.57
688009,中国通号,5.42,0.0,0.0,172964298.0,32090999,0,5.41,5.43,5.33,5.42
688010,福光股份,30.51,-1.9601542416452424,-0.6099999999999994,222444807.0,7255696,0,30.8,31.5,29.94,31.12
688011,新光光电,47.98,-0.9496284062758068,-0.46000000000000085,126553301.0,2672908,0,48.44,49.33,46.11,48.44
688012,中微公司,279.17,2.4439470111188673,6.660000000000025,2704800610.0,9774821,0,272.01,280.3,270.95,272.51
688013,天臣医疗,50.5,0.19841269841270123,0.10000000000000142,53695899.0,1071562,0,50.5,51.88,49.1,50.4
688015,交控科技,21.5,-1.376146788990829,-0.3000000000000007,44466214.0,2067774,0,21.65,21.94,21.21,21.8
688016,心脉医疗,92.54,2.0174181457391827,1.8300000000000125,93121259.0,1017136,0,90.6,92.73,90.41,90.71
688017,绿的谐波,154.66,2.641359171754705,3.9799999999999898,447009752.0,2926669,0,151.0,155.0,150.03,150.68
688018,乐鑫科技,163.9,4.189180598817623,6.590000000000003,618035526.0,3851033,0,157.5,164.9,156.6,157.31
688019,安集科技,202.94,1.4699999999999989,2.9399999999999977,439539357.0,2191221,0,199.7,203.93,196.1,200.0
688020,方邦股份,70.55,4.518518518518514,3.049999999999997,206083271.0,2974395,0,68.24,70.8,67.03,67.5
688021,奥福科技,17.39,-0.45792787635946364,-0.0799999999999983,24179595.0,1391174,0,17.7,17.7,17.02,17.47
688022,瀚川智能,13.93,-0.6419400855920104,-0.08999999999999986,53380795.0,3863308,0,13.96,14.1,13.6,14.02
688023,安恒信息,50.74,0.934951263178832,0.46999999999999886,138496976.0,2753022,0,50.2,51.85,49.36,50.27
688025,杰普特,147.73,2.4622000277430867,3.549999999999983,169575215.0,1159558,0,142.11,149.18,142.11,144.18
688026,洁特生物,15.71,0.6406149903907843,0.10000000000000142,20400224.0,1310836,0,15.57,15.83,15.33,15.61
688027,国盾量子,500.06,4.860761617178327,23.180000000000007,1902991296.0,3874029,0,475.2,505.0,475.2,476.88
688028,沃尔德,60.16,3.652653342522394,2.1199999999999974,329303708.0,5549964,0,58.14,60.62,57.48,58.04
688029,南微医学,81.85,5.776686482295165,4.469999999999999,216945519.0,2697987,0,77.38,82.58,77.0,77.38
688030,山石网科,17.68,0.740740740740735,0.129999999999999,25341473.0,1459279,0,17.44,17.71,17.08,17.55
688031,星环科技,97.99,5.706580366774533,5.289999999999992,1561230292.0,16058158,0,89.0,101.88,89.0,92.7
688032,禾迈股份,96.1,1.6071050962148403,1.519999999999996,67722684.0,712360,0,94.58,96.47,93.55,94.58
688033,天宜新材,7.06,1.582733812949632,0.10999999999999943,312193253.0,43995950,0,7.08,7.46,6.87,6.95
688035,德邦科技,47.87,2.1553563807084894,1.009999999999998,123067319.0,2607201,0,46.36,48.08,46.32,46.86
688036,传音控股,69.46,1.6686182669789238,1.1400000000000006,745087077.0,10819077,0,68.2,69.88,67.7,68.32
688037,芯源微,133.6,2.3127584622453528,3.019999999999982,587193033.0,4466475,0,132.03,134.54,128.08,130.58
688038,中科通达,15.33,-0.13029315960911775,-0.019999999999999574,30248471.0,1991969,0,15.33,15.43,14.92,15.35
688039,当虹科技,43.35,2.0000000000000036,0.8500000000000014,86768436.0,2037437,0,42.5,43.36,41.71,42.5
688041,海光信息,207.1,4.728192161820478,9.349999999999994,4273910572.0,21042703,0,199.0,208.69,197.41,197.75
688045,必易微,36.99,1.0379677683693052,0.38000000000000256,48224978.0,1333336,0,36.79,37.37,35.5,36.61
688046,药康生物,15.1,-1.0484927916120586,-0.16000000000000014,58151650.0,3870855,0,15.23,15.55,14.77,15.26
688047,龙芯中科,142.19,-0.6706252183024854,-0.960000000000008,595044287.0,4229656,0,141.5,143.08,138.0,143.15
688048,长光华芯,149.5,5.459932279909713,7.740000000000009,2847501148.0,19292509,0,143.0,150.67,142.34,141.76
688049,炬芯科技,51.48,2.0416253716550923,1.029999999999994,205580588.0,4069457,0,50.41,51.56,49.78,50.45
688050,爱博医疗,62.16,0.12886597938144057,0.0799999999999983,121512100.0,1963513,0,62.0,62.29,61.52,62.08
688051,佳华科技,36.46,2.1574670776127856,0.7700000000000031,41367923.0,1144590,0,36.8,36.8,35.51,35.69
688052,纳芯微,149.77,1.0866630669546529,1.6100000000000136,262250563.0,1774754,0,149.1,150.06,145.1,148.16
688053,ST思科瑞,35.23,-0.6486181613085279,-0.23000000000000398,110188116.0,3140078,0,35.07,36.34,34.38,35.46
688055,龙腾光电,3.55,-0.5602240896358549,-0.020000000000000018,28839990.0,8164032,0,3.62,3.62,3.49,3.57
688056,莱伯泰科,32.33,-0.7673419275629221,-0.25,15482719.0,481167,0,32.58,32.8,31.81,32.58
688057,金达莱,11.64,-0.0858369098712428,-0.009999999999999787,14498798.0,1256245,0,11.65,11.67,11.44,11.65
688058,宝兰德,26.11,0.3073376872838966,0.0799999999999983,26579263.0,1030221,0,26.02,26.38,25.3,26.03
688059,华锐精密,80.91,2.48258391386953,1.9599999999999937,81046849.0,1016910,0,79.2,80.91,78.08,78.95
688060,云涌科技,39.88,0.7579585649317946,0.30000000000000426,13923238.0,351970,0,39.88,40.17,39.1,39.58
688061,灿瑞科技,30.78,0.9511315185306747,0.2900000000000027,22792789.0,754051,0,30.49,30.81,29.88,30.49
688062,迈威生物,38.62,2.712765957446798,1.019999999999996,185873152.0,4865448,0,37.71,38.95,37.39,37.6
688063,派能科技,56.42,1.6393442622950887,0.9100000000000037,240074149.0,4279049,0,55.51,56.66,55.51,55.51
688065,凯赛生物,47.24,0.7249466950959561,0.3400000000000034,128089971.0,2727415,0,46.89,47.5,46.48,46.9
688066,航天宏图,26.57,-5.411178355286577,-1.5199999999999996,502334891.0,18757556,0,27.72,28.38,26.15,28.09
688067,爱威科技,23.78,0.21070375052676238,0.05000000000000071,29231119.0,1244826,0,23.7,23.81,23.15,23.73
688068,热景生物,170.4,-1.1486251305255772,-1.9799999999999898,297323402.0,1760179,0,172.14,174.42,165.58,172.38
688069,德林海,21.33,1.0421601136901888,0.21999999999999886,11686941.0,557312,0,21.21,21.33,20.63,21.11
688070,纵横股份,50.82,0.21691973969631123,0.10999999999999943,51875885.0,1034506,0,50.76,51.25,49.16,50.71
688071,华依科技,31.46,0.9303817773500133,0.28999999999999915,70704152.0,2255555,0,31.08,32.2,30.53,31.17
688072,拓荆科技,337.0,0.0,0.0,1636417293.0,4898626,0,336.21,339.0,328.3,337.0
688073,毕得医药,65.72,1.2946979038224469,0.8400000000000034,19320590.0,294532,0,65.7,66.2,64.68,64.88
688075,安旭生物,38.5,2.666666666666667,1.0,23437981.0,615239,0,37.58,38.73,37.35,37.5
688076,ST诺泰,38.55,0.4429390307451657,0.1699999999999946,48887544.0,1274332,0,38.18,38.6,38.12,38.38
688077,大地熊,29.57,1.5802129852284468,0.46000000000000085,45068996.0,1544621,0,29.29,29.59,28.72,29.11
688078,龙软科技,26.35,-0.18939393939392865,-0.04999999999999716,19211742.0,736896,0,26.34,26.55,25.75,26.4
688079,美迪凯,11.0,0.7326007326007333,0.08000000000000007,44902044.0,4140569,0,11.1,11.1,10.65,10.92
688080,映翰通,48.7,1.0163866417755694,0.490000000000002,56030262.0,1162189,0,48.22,48.84,47.5,48.21
688081,兴图新科,30.18,-2.6137463697967043,-0.8099999999999987,99819662.0,3319697,0,31.02,31.16,29.37,30.99
688082,盛美上海,173.5,2.359882005899705,4.0,585643822.0,3439359,0,169.19,173.5,166.59,169.5
688083,中望软件,67.35,1.921912832929776,1.269999999999996,75045807.0,1127257,0,66.1,67.46,65.56,66.08
688084,晶品特装,75.28,0.37333333333333485,0.28000000000000114,58749844.0,796592,0,76.13,76.13,72.13,75.0
688085,三友医疗,18.14,2.1971830985915526,0.39000000000000057,56259118.0,3130624,0,17.66,18.25,17.61,17.75
688087,英科再生,32.12,3.84739734885224,1.1899999999999977,108177470.0,3412358,0,31.0,32.22,30.92,30.93
688088,虹软科技,47.97,3.272335844994609,1.519999999999996,203203843.0,4298052,0,46.19,48.08,46.12,46.45
688089,嘉必优,22.92,0.17482517482518664,0.0400000000000027,38214437.0,1682680,0,22.66,22.95,22.43,22.88
688090,瑞松科技,34.99,2.6099706744868048,0.8900000000000006,60850108.0,1769621,0,33.89,35.0,33.89,34.1
688091,上海谊众,43.59,0.8560851457658596,0.37000000000000455,74696219.0,1731885,0,43.43,43.82,42.42,43.22
688092,爱科科技,23.49,0.04258943781941231,0.00999999999999801,19067019.0,816998,0,23.38,23.72,23.08,23.48
688093,世华科技,34.65,1.0204081632653104,0.3500000000000014,72789259.0,2123008,0,34.23,34.73,33.91,34.3
688095,福昕软件,90.0,0.9874326750448782,0.8799999999999955,160505638.0,1794647,0,89.12,91.2,87.6,89.12
688096,京源环保,7.16,-0.9681881051175696,-0.07000000000000028,32841237.0,4630820,0,7.27,7.27,6.98,7.23
688097,博众精工,33.05,3.9308176100628818,1.2499999999999964,113504355.0,3472323,0,31.99,33.17,31.93,31.8
688098,申联生物,8.87,0.3393665158370968,0.02999999999999936,21791708.0,2483972,0,8.89,8.89,8.65,8.84
688099,晶晨股份,85.4,1.8728378861982673,1.5700000000000074,596794497.0,7091803,0,83.99,85.54,82.86,83.83
688100,威胜信息,36.3,1.424979044425812,0.509999999999998,76371843.0,2126706,0,35.65,36.37,35.4,35.79
688101,三达膜,16.32,1.4925373134328483,0.240000000000002,34603721.0,2141736,0,16.05,16.38,15.97,16.08
688102,斯瑞新材,36.15,-6.17700493122243,-2.3800000000000026,1892445108.0,52770655,0,37.02,37.64,34.37,38.53
688103,国力电子,62.72,1.7356042173560424,1.0700000000000003,78644090.0,1264762,0,61.65,63.16,61.4,61.65
688105,诺唯赞,19.95,-0.10015022533800487,-0.019999999999999574,31343404.0,1580495,0,19.96,20.03,19.59,19.97
688106,金宏气体,19.15,-0.05219206680585367,-0.010000000000001563,102762885.0,5445679,0,19.07,19.2,18.57,19.16
688107,安路科技,25.71,1.420118343195264,0.35999999999999943,105480913.0,4195283,0,25.35,25.72,24.66,25.35
688108,赛诺医疗,17.59,1.6763005780346771,0.28999999999999915,138553789.0,7970248,0,17.5,17.64,17.12,17.3
688109,品茗科技,126.8,13.194072487055886,14.780000000000001,533330429.0,4424082,0,112.02,127.2,112.0,112.02
688110,东芯股份,112.09,0.0803571428571459,0.09000000000000341,1658763704.0,14862581,0,111.11,113.1,109.31,112.0
688111,金山办公,312.42,1.6628160489408135,5.110000000000014,1287796221.0,4150674,0,307.31,312.7,305.33,307.31
688112,鼎阳科技,35.9,1.326559412926895,0.46999999999999886,23951653.0,674946,0,35.37,36.04,35.06,35.43
688113,联测科技,37.6,1.0752688172042972,0.3999999999999986,19782130.0,533008,0,37.01,37.68,36.61,37.2
688114,华大智造,64.35,2.1266465640374483,1.3399999999999963,151921606.0,2373047,0,63.3,64.98,62.9,63.01
688115,思林杰,61.7,-0.0971502590673497,-0.05999999999999517,22429405.0,366843,0,62.0,62.4,60.18,61.76
688116,天奈科技,45.97,2.887197851387644,1.2899999999999991,295057007.0,6510629,0,45.01,46.08,44.58,44.68
688117,圣诺生物,41.33,2.555831265508688,1.0300000000000011,130101330.0,3175534,0,40.04,42.0,39.89,40.3
688118,普元信息,23.93,1.5273652948663532,0.35999999999999943,34957295.0,1487154,0,23.57,23.94,23.18,23.57
688119,中钢洛耐,4.88,-2.7888446215139377,-0.13999999999999968,259643155.0,52515519,0,5.03,5.14,4.82,5.02
688120,华海清科,158.96,2.5548387096774245,3.960000000000008,919631255.0,5905888,0,157.02,159.21,152.14,155.0
688121,卓然股份,12.45,-0.7968127490039953,-0.10000000000000142,30357540.0,2461508,0,12.45,12.5,12.2,12.55
688122,西部超导,69.53,2.054895053574058,1.4000000000000057,1275776587.0,18600791,0,67.71,69.73,67.41,68.13
688123,聚辰股份,126.0,2.7732463295269216,3.4000000000000057,381794944.0,3078931,0,123.2,126.37,121.68,122.6
688125,安达智能,77.97,-0.3578274760383401,-0.28000000000000114,86867790.0,1134836,0,80.17,80.17,75.01,78.25
688126,沪硅产业,20.7,1.769911504424776,0.35999999999999943,609885648.0,29975582,0,20.44,20.75,20.0,20.34
688127,蓝特光学,35.87,2.5150042869391123,0.8799999999999955,216465748.0,6076439,0,34.67,36.25,34.66,34.99
688128,中国电研,28.17,0.9315657470440759,0.26000000000000156,56934003.0,2040389,0,27.81,28.23,27.53,27.91
688129,东来技术,19.14,0.8429926238145424,0.16000000000000014,11569973.0,609193,0,18.98,19.26,18.7,18.98
688130,晶华微,20.84,0.048007681229004145,0.010000000000001563,16908498.0,823115,0,20.65,20.98,20.2,20.83
688131,皓元医药,72.62,-0.28834271591376326,-0.20999999999999375,140104934.0,1940327,0,73.21,73.3,71.3,72.83
688132,邦彦技术,17.73,-0.6722689075630307,-0.120000000000001,33952197.0,1935781,0,17.78,17.93,17.31,17.85
688133,泰坦科技,21.18,0.37914691943127155,0.0799999999999983,31270469.0,1485021,0,21.08,21.27,20.85,21.1
688135,利扬芯片,27.07,1.3857677902621761,0.370000000000001,113947364.0,4299535,0,26.77,27.18,25.88,26.7
688136,科兴制药,32.08,0.912236552374958,0.28999999999999915,44954424.0,1409306,0,31.93,32.26,31.56,31.79
688137,近岸蛋白,39.63,1.277791975466394,0.5,8340950.0,211427,0,38.9,39.82,38.9,39.13
688138,清溢光电,27.97,0.17908309455586374,0.04999999999999716,101107486.0,3659316,0,27.72,28.24,27.05,27.92
688139,海尔生物,31.22,0.774693350548736,0.23999999999999844,61916611.0,2005264,0,30.91,31.22,30.45,30.98
688141,杰华特,36.7,2.974186307519647,1.0600000000000023,244334531.0,6789156,0,35.1,36.85,35.0,35.64
688143,长盈通,45.2,5.954055321143944,2.5400000000000063,410520390.0,9354112,0,42.85,45.63,42.02,42.66
688146,中船特气,41.6,0.3134796238244576,0.13000000000000256,346902315.0,8477232,0,41.4,41.97,39.91,41.47
688147,微导纳米,66.7,3.539273517541138,2.280000000000001,570626079.0,8719528,0,64.19,67.5,63.34,64.42
688148,芳源股份,8.77,3.664302600472798,0.3099999999999987,165716619.0,19237785,0,8.51,8.79,8.39,8.46
688150,莱特光电,21.7,2.021626704278325,0.4299999999999997,53134911.0,2481461,0,21.3,21.74,21.1,21.27
688151,华强科技,19.19,-0.3634475597092434,-0.07000000000000028,25977474.0,1367968,0,19.26,19.33,18.78,19.26
688152,麒麟信安,40.91,0.937577103380201,0.37999999999999545,41654739.0,1034562,0,40.9,40.96,39.7,40.53
688153,唯捷创芯,36.73,1.4640883977900385,0.529999999999994,184914848.0,5109940,0,36.19,36.81,35.53,36.2
688155,先惠技术,57.92,2.877442273534644,1.6200000000000045,92243212.0,1619408,0,56.0,57.96,56.0,56.3
688156,路德科技,15.16,0.7308970099667735,0.10999999999999943,26252427.0,1759875,0,15.24,15.43,14.65,15.05
688157,松井股份,34.5,5.730922463990185,1.8699999999999974,139828219.0,4098421,0,32.67,34.98,32.59,32.63
688158,优刻得,24.35,1.8828451882845307,0.45000000000000284,326124863.0,13592641,0,23.91,24.47,23.44,23.9
688159,有方科技,49.81,2.8070175438596476,1.3599999999999994,153259511.0,3141724,0,48.56,49.98,47.74,48.45
688160,步科股份,97.92,1.0422041069033177,1.0100000000000051,127025279.0,1306614,0,95.72,98.98,95.72,96.91
688161,威高骨科,27.74,0.9094216078574028,0.25,23735427.0,863856,0,27.31,27.77,27.21,27.49
688162,巨一科技,28.68,0.34989503149055784,0.10000000000000142,26946826.0,951355,0,28.62,28.79,27.96,28.58
688163,赛伦生物,21.61,0.09263547938860386,0.019999999999999574,9676640.0,451926,0,21.39,21.68,21.2,21.59
688165,埃夫特,19.59,0.0,0.0,123919171.0,6390272,0,19.54,19.73,19.02,19.59
688166,博瑞医药,49.1,1.0080230405266448,0.490000000000002,318410786.0,6563472,0,48.54,49.35,47.72,48.61
688167,炬光科技,186.02,17.340566454298877,27.49000000000001,2025453057.0,11594315,0,161.5,189.44,158.0,158.53
688168,安博通,72.88,0.5380052421023598,0.39000000000000057,84538456.0,1159235,0,72.05,75.36,71.19,72.49
688169,石头科技,155.64,2.226600985221666,3.3899999999999864,478342297.0,3107310,0,153.0,156.07,150.68,152.25
688170,德龙激光,30.51,1.632245169886749,0.490000000000002,55436912.0,1849826,0,30.29,30.58,29.5,30.02
688171,纬德信息,44.39,2.469990766389659,1.0700000000000003,41528653.0,954449,0,42.95,44.41,42.65,43.32
688172,燕东微,27.09,0.8187569780424222,0.21999999999999886,585162391.0,21535027,0,26.8,27.63,26.8,26.87
688173,希荻微,14.4,1.1235955056179785,0.16000000000000014,119430404.0,8431852,0,14.39,14.45,13.92,14.24
688175,高凌信息,28.8,2.6372059871703564,0.740000000000002,42620192.0,1511951,0,27.84,28.8,27.71,28.06
688176,亚虹医药,10.35,5.504587155963294,0.5399999999999991,141856940.0,13863080,0,10.07,10.42,9.99,9.81
688177,百奥泰,22.81,-0.08760402978536827,-0.019999999999999574,30902076.0,1358918,0,22.76,22.99,22.5,22.83
688178,万德斯,24.27,0.0,0.0,10544802.0,440353,0,24.42,24.42,23.6,24.27
688179,阿拉丁,12.59,0.5591054313099064,0.07000000000000028,46015862.0,3702204,0,12.56,12.66,12.28,12.52
688180,君实生物,36.04,0.7266629401900447,0.259999999999998,173393671.0,4845264,0,35.65,36.26,35.34,35.78
688181,八亿时空,33.13,-1.6913946587537099,-0.5700000000000003,118632849.0,3615246,0,33.7,33.71,32.27,33.7
688182,灿勤科技,26.08,0.539707016191199,0.13999999999999702,111356392.0,4310891,0,25.8,26.23,25.41,25.94
688183,生益电子,106.29,13.55769230769232,12.690000000000012,3160683206.0,31340445,0,93.28,108.46,93.28,93.6
688184,ST帕瓦,9.15,1.1049723756906038,0.09999999999999964,6867083.0,757626,0,9.05,9.17,9.0,9.05
688185,康希诺,63.66,1.3049013367281876,0.8199999999999932,68483795.0,1082597,0,63.0,63.78,62.3,62.84
688186,广大特材,22.6,0.39982230119946627,0.08999999999999986,150114445.0,6718097,0,22.41,22.67,22.03,22.51
688187,时代电气,49.46,1.7067653711700561,0.8299999999999983,144816736.0,2945749,0,48.76,49.6,48.57,48.63
688188,柏楚电子,133.7,1.0964083175803316,1.4499999999999886,159042357.0,1195699,0,132.25,134.2,131.6,132.25
688189,南新制药,8.03,-0.49566294919455917,-0.040000000000000924,43372105.0,5443354,0,8.11,8.12,7.85,8.07
688190,云路股份,98.07,1.5743138270326216,1.519999999999996,38086030.0,394189,0,96.79,98.2,95.08,96.55
688191,智洋创新,31.14,1.8312622629169466,0.5600000000000023,77094964.0,2501938,0,30.56,31.31,30.28,30.58
688192,迪哲医药,57.5,0.8594983336256832,0.490000000000002,91853389.0,1602417,0,57.0,57.87,56.43,57.01
688193,仁度生物,44.18,-0.6744604316546698,-0.29999999999999716,16076043.0,367119,0,44.48,44.48,43.28,44.48
688195,腾景科技,172.96,3.9610506701929458,6.590000000000003,1489850950.0,8777110,0,167.0,173.8,163.91,166.37
688196,卓越新能,58.08,1.432064268250088,0.8200000000000003,70096734.0,1233039,0,57.16,58.2,55.61,57.26
688197,首药控股,37.21,1.805745554035578,0.6600000000000037,24227449.0,654199,0,36.66,37.46,36.21,36.55
688198,佰仁医疗,114.59,1.7673179396092444,1.990000000000009,32800977.0,287478,0,111.91,115.7,111.91,112.6
688199,久日新材,23.88,-1.2815212897891786,-0.3100000000000023,73425194.0,3123173,0,24.02,24.19,23.0,24.19
688200,华峰测控,176.94,4.38938053097345,7.439999999999998,374997870.0,2154596,0,169.5,177.88,169.1,169.5
688201,信安世纪,12.96,0.0,0.0,87168817.0,6825944,0,13.04,13.04,12.54,12.96
688202,美迪西,58.15,1.9996491843536233,1.1400000000000006,126973523.0,2197410,0,56.9,58.99,56.9,57.01
688203,海正生材,12.17,0.49545829892651116,0.0600000000000005,15627710.0,1298744,0,12.15,12.2,11.86,12.11
688205,德科立,160.0,4.275286757038583,6.560000000000002,2315913186.0,14448170,0,153.53,164.36,153.53,153.44
688206,概伦电子,34.06,1.8845348489380873,0.6300000000000026,127189995.0,3803976,0,33.15,34.18,32.72,33.43
688207,格灵深瞳,14.8,1.508916323731143,0.22000000000000064,60578331.0,4148013,0,14.69,14.8,14.36,14.58
688208,道通科技,36.49,3.4297052154195034,1.2100000000000009,476324303.0,13294107,0,35.19,36.6,35.04,35.28
688209,英集芯,20.83,1.5602145294977898,0.31999999999999673,144150024.0,7017866,0,20.41,20.9,20.22,20.51
688210,统联精密,49.49,1.2893982808022975,0.6300000000000026,208038765.0,4283912,0,49.1,49.72,47.5,48.86
688211,中科微至,29.39,-0.0340136054421701,-0.00999999999999801,9525596.0,325694,0,29.3,29.53,29.04,29.4
688212,澳华内镜,47.1,1.2903225806451644,0.6000000000000014,78959992.0,1707872,0,46.9,47.16,45.45,46.5
688213,思特威,90.88,1.7009847806624845,1.519999999999996,526839507.0,5892797,0,89.4,90.97,87.91,89.36
688215,瑞晟智能,71.8,1.1695082429195411,0.8299999999999983,60172537.0,853199,0,70.06,72.0,69.15,70.97
688216,气派科技,20.92,0.23957834211787593,0.05000000000000071,48574404.0,2373540,0,20.74,21.19,20.03,20.87
688217,睿昂基因,25.1,1.0060362173038229,0.25,14645030.0,591276,0,25.04,25.15,24.41,24.85
688218,江苏北人,20.43,0.4918839153959736,0.10000000000000142,38577640.0,1910403,0,20.35,20.54,19.94,20.33
688219,会通股份,11.58,1.9366197183098648,0.22000000000000064,59883550.0,5256466,0,11.41,11.59,11.22,11.36
688220,翱捷科技,82.98,1.219809709685289,1.0,537867587.0,6615853,0,82.16,83.2,79.82,81.98
688221,前沿生物,18.28,0.16438356164384185,0.030000000000001137,234755544.0,13051522,0,18.42,18.44,17.49,18.25
688222,成都先导,22.69,1.2946428571428692,0.2900000000000027,118023910.0,5253424,0,22.37,22.74,22.2,22.4
688223,晶科能源,5.37,1.5122873345935741,0.08000000000000007,224626808.0,42217814,0,5.31,5.37,5.27,5.29
688225,亚信安全,17.77,0.16910935738444838,0.030000000000001137,38311771.0,2174197,0,17.81,17.88,17.38,17.74
688226,威腾电气,40.31,-0.1486252167450958,-0.05999999999999517,302026782.0,7520259,0,39.83,40.99,39.2,40.37
688227,品高股份,68.0,2.378801565793433,1.5799999999999983,359255827.0,5402989,0,66.0,68.6,64.68,66.42
688228,开普云,223.2,19.999999999999993,37.19999999999999,740566846.0,3575241,0,186.69,223.2,185.01,186.0
688229,博睿数据,60.13,2.4361158432708683,1.4299999999999997,57066166.0,963818,0,58.7,60.29,58.08,58.7
688230,芯导科技,64.67,0.857766687461006,0.5499999999999972,49461342.0,771679,0,63.89,65.5,63.1,64.12
688231,隆达股份,26.28,-2.4860853432281935,-0.6699999999999982,160113206.0,6168542,0,26.8,27.17,25.49,26.95
688232,新点软件,25.22,1.2444801284624596,0.3099999999999987,33799046.0,1353850,0,24.83,25.26,24.6,24.91
688233,神工股份,62.86,2.095176222186128,1.2899999999999991,498570211.0,8082814,0,61.22,63.97,59.82,61.57
688234,天岳先进,86.4,1.826753093694769,1.5500000000000114,590813802.0,6916061,0,84.85,86.55,83.84,84.85
688235,百济神州,271.4,2.0262396150520603,5.389999999999986,403876068.0,1501422,0,266.34,271.69,265.47,266.01
688236,春立医疗,24.02,1.051745898190997,0.25,21930465.0,926763,0,23.56,24.08,23.37,23.77
688237,超卓航科,48.62,0.02057189878625388,0.00999999999999801,67876245.0,1412945,0,48.61,48.72,47.47,48.61
688238,和元生物,6.67,2.1439509954058145,0.13999999999999968,39209922.0,5981991,0,6.51,6.68,6.46,6.53
688239,航宇科技,62.28,0.1286173633440487,0.0799999999999983,553174412.0,9212248,0,60.06,62.3,58.15,62.2
688244,永信至诚,22.61,-1.9088937093275544,-0.4400000000000013,105060160.0,4694911,0,23.08,23.49,21.66,23.05
688246,嘉和美康,21.39,4.341463414634148,0.8900000000000006,84799471.0,3991053,0,20.6,22.08,20.54,20.5
688247,宣泰医药,9.73,-0.7142857142857171,-0.07000000000000028,27265759.0,2809395,0,9.77,9.84,9.58,9.8
688248,南网科技,43.02,1.9431279620853088,0.8200000000000003,118460992.0,2772387,0,42.35,43.41,42.05,42.2
688249,晶合集成,36.13,7.561774337600473,2.539999999999999,2487186960.0,69590510,0,34.0,36.65,33.5,33.59
688251,井松智能,28.65,-0.10460251046025501,-0.030000000000001137,57696202.0,2052164,0,28.37,28.65,27.51,28.68
688252,天德钰,20.97,0.8173076923076833,0.16999999999999815,71799804.0,3468514,0,20.83,21.07,20.4,20.8
688253,英诺特,31.46,0.6720000000000027,0.21000000000000085,49810820.0,1597728,0,31.01,31.46,30.8,31.25
688255,凯尔达,31.6,1.9354838709677464,0.6000000000000014,49298579.0,1570803,0,30.82,31.85,30.81,31.0
688256,寒武纪,1315.6,3.2717910072845884,41.679999999999836,8165521986.0,6313657,0,1270.11,1320.0,1263.5,1273.92
688257,新锐股份,31.55,0.2860775588048311,0.08999999999999986,212907014.0,6885931,0,31.45,31.76,30.08,31.46
688258,卓易信息,64.48,1.3836477987421425,0.8800000000000026,107053508.0,1678515,0,63.8,64.5,62.91,63.6
688259,创耀科技,40.25,0.1991535972118454,0.0799999999999983,89769219.0,2267204,0,39.99,40.4,38.96,40.17
688260,昀冢科技,30.25,2.7513586956521694,0.8099999999999987,164869243.0,5580701,0,29.4,30.25,28.91,29.44
688261,东微半导,65.6,2.244389027431418,1.4399999999999977,177484855.0,2753528,0,63.8,65.88,63.17,64.16
688262,国芯科技,29.6,0.680272108843547,0.20000000000000284,271550732.0,9363228,0,29.3,29.65,28.38,29.4
688265,南模生物,40.17,1.158398388315288,0.46000000000000085,22505541.0,561941,0,39.71,40.9,39.46,39.71
688266,泽璟制药,99.19,2.2155812036273614,2.1499999999999915,219087478.0,2242585,0,97.38,99.97,95.11,97.04
688267,中触媒,27.11,0.5563798219584517,0.14999999999999858,34647642.0,1284908,0,26.96,27.23,26.73,26.96
688268,华特气体,59.14,-0.30343897505057266,-0.17999999999999972,208952762.0,3610347,0,59.03,59.32,56.66,59.32
688269,凯立新材,37.17,1.9473395501919935,0.7100000000000009,26596848.0,722987,0,36.26,37.25,36.26,36.46
688270,臻镭科技,110.99,-1.499822506212293,-1.690000000000012,3705518780.0,33272745,0,109.6,117.8,108.12,112.68
688271,联影医疗,127.46,0.21228083968865166,0.269999999999996,445476492.0,3510539,0,127.19,127.75,126.01,127.19
688272,富吉瑞,27.16,-2.267002518891684,-0.629999999999999,109374059.0,3953164,0,28.4,30.3,26.02,27.79
688273,麦澜德,34.43,1.563421828908558,0.5300000000000011,22478407.0,658337,0,33.96,34.5,33.7,33.9
688275,万润新能,75.34,4.406873614190697,3.180000000000007,396084824.0,5343125,0,73.07,75.45,72.22,72.16
688276,百克生物,19.15,0.31430068098480207,0.05999999999999872,47119243.0,2475231,0,19.06,19.25,18.87,19.09
688277,天智航,14.28,-0.20964360587002892,-0.030000000000001137,53028845.0,3718888,0,14.22,14.4,14.14,14.31
688278,特宝生物,83.54,0.2881152460984503,0.2400000000000091,105796112.0,1265491,0,83.12,84.48,82.51,83.3
688279,峰岹科技,186.3,1.2500000000000062,2.3000000000000114,92144812.0,497904,0,185.76,187.22,183.07,184.0
688280,精进电动,8.05,1.1306532663316677,0.09000000000000075,87919592.0,11072463,0,8.01,8.1,7.82,7.96
688281,华秦科技,68.99,2.010941889693922,1.3599999999999994,98432451.0,1448451,0,67.2,69.25,66.76,67.63
688282,理工导航,56.21,1.4987360057782562,0.8299999999999983,38667552.0,694954,0,56.2,56.48,54.56,55.38
688283,坤恒顺维,34.87,-3.246392896781359,-1.1700000000000017,99733227.0,2849501,0,35.94,36.62,34.2,36.04
688285,高铁电气,8.48,0.23640661938533772,0.019999999999999574,15212647.0,1813874,0,8.46,8.5,8.3,8.46
688286,敏芯股份,74.85,1.726012503397657,1.269999999999996,113112327.0,1540282,0,73.74,74.98,72.2,73.58
688287,*ST观典,5.8,4.316546762589932,0.2400000000000002,31845018.0,5523567,0,5.72,5.87,5.61,5.56
688288,鸿泉技术,25.97,-0.11538461538461975,-0.030000000000001137,38319370.0,1495078,0,25.75,26.15,25.19,26.0
688289,圣湘生物,18.67,0.8643976229065378,0.16000000000000014,63349957.0,3404058,0,18.55,18.76,18.47,18.51
688290,景业智能,61.57,2.2417801394885446,1.3500000000000014,68454576.0,1127577,0,59.66,61.88,59.41,60.22
688291,金橙子,36.4,-4.48701128312779,-1.7100000000000009,211946023.0,5798370,0,37.1,38.0,35.67,38.11
688292,浩瀚深度,26.27,4.661354581673299,1.1699999999999982,184258132.0,7004913,0,24.92,27.19,24.88,25.1
688293,奥浦迈,52.72,0.8030592734225653,0.4200000000000017,20712918.0,396105,0,52.52,52.9,51.53,52.3
688295,中复神鹰,24.63,1.2746710526315737,0.3099999999999987,48153022.0,1979271,0,24.28,24.76,23.92,24.32
688296,和达科技,12.85,-0.618716163959784,-0.08000000000000007,22368979.0,1750928,0,13.03,13.03,12.55,12.93
688297,中无人机,46.22,-0.6235218232638123,-0.28999999999999915,248441728.0,5437168,0,46.18,46.76,45.03,46.51
688298,东方生物,23.98,-0.12494793835902182,-0.030000000000001137,37104253.0,1560072,0,24.11,24.11,23.5,24.01
688299,长阳科技,16.72,1.0271903323262728,0.16999999999999815,98001640.0,5930198,0,16.49,16.85,16.21,16.55
688300,联瑞新材,59.02,4.257198374845441,2.4100000000000037,239589036.0,4131484,0,56.39,59.24,56.09,56.61
688301,奕瑞科技,97.42,0.4329896907216513,0.4200000000000017,179405833.0,1855422,0,97.0,98.88,95.6,97.0
688302,海创药业,51.29,1.263573543928925,0.6400000000000006,109752130.0,2155222,0,50.68,51.55,50.1,50.65
688303,大全能源,27.64,3.3271028037383203,0.8900000000000006,284348896.0,10393699,0,26.95,27.75,26.81,26.75
688305,科德数控,55.89,0.9209100758396496,0.509999999999998,52887924.0,954450,0,55.38,55.96,54.9,55.38
688306,均普智能,10.38,1.1695906432748635,0.120000000000001,92031214.0,8944148,0,10.27,10.44,10.12,10.26
688307,中润光学,46.27,1.2472647702407007,0.5700000000000003,253447160.0,5617287,0,44.78,46.38,44.0,45.7
688308,欧科亿,29.16,1.7091035926055054,0.48999999999999844,110761447.0,3879566,0,28.67,29.2,27.8,28.67
688309,恒誉环保,22.64,1.890189018901898,0.4200000000000017,23664834.0,1066667,0,22.21,22.64,21.79,22.22
688310,迈得医疗,14.71,1.0302197802197826,0.15000000000000036,36630822.0,2534093,0,14.5,14.76,14.18,14.56
688311,盟升电子,38.48,1.076963488310997,0.4099999999999966,322638535.0,8485825,0,38.4,39.39,36.8,38.07
688312,燕麦科技,32.09,2.099904549793203,0.6600000000000037,88364130.0,2814249,0,31.57,32.09,30.72,31.43
688313,仕佳光子,101.9,6.634575136040187,6.340000000000003,2878737485.0,29069743,0,96.84,102.58,95.0,95.56
688314,康拓医疗,30.76,-0.6780755569906274,-0.2099999999999973,20946927.0,685541,0,30.86,31.05,30.16,30.97
688315,诺禾致源,13.17,1.1520737327188968,0.15000000000000036,28107350.0,2150238,0,13.0,13.23,12.9,13.02
688316,青云科技,57.28,1.9943019943020026,1.1200000000000045,51765484.0,913436,0,56.5,57.28,56.0,56.16
688317,之江生物,20.12,0.04972650422676063,0.010000000000001563,19466025.0,972280,0,20.25,20.25,19.82,20.11
688318,财富趋势,131.92,3.596670331396249,4.579999999999984,599064705.0,4599758,0,126.79,134.35,125.98,127.34
688319,欧林生物,25.25,0.7581803671189198,0.19000000000000128,62664523.0,2498249,0,24.99,25.4,24.78,25.06
688320,禾川科技,31.99,0.9466708740927648,0.29999999999999716,100083340.0,3193946,0,31.61,32.0,30.75,31.69
688321,微芯生物,27.79,2.094048493754593,0.5700000000000003,123762312.0,4510458,0,27.2,27.95,27.07,27.22
688322,奥比中光,79.61,1.9725887024465305,1.5400000000000063,335234432.0,4261345,0,78.48,79.86,77.55,78.07
688323,瑞华泰,21.05,-7.837127845884409,-1.7899999999999991,402370504.0,18951649,0,21.91,22.6,20.52,22.84
688325,赛微微电,93.69,-0.2023860247123964,-0.18999999999999773,153569750.0,1690599,0,94.01,94.05,87.6,93.88
688326,经纬恒润,98.1,4.250797024442083,4.0,444391465.0,4539304,0,94.37,99.68,93.05,94.1
688327,云从科技,14.4,1.1946591707659868,0.16999999999999993,259399836.0,18210110,0,14.24,14.55,13.94,14.23
688328,深科达,24.83,2.349546578730407,0.5699999999999967,38550695.0,1579548,0,24.26,24.87,23.96,24.26
688329,艾隆科技,20.9,0.5291005291005264,0.10999999999999943,27011166.0,1297384,0,20.65,21.14,20.47,20.79
688330,宏力达,35.2,0.37068719703450975,0.13000000000000256,52693859.0,1513652,0,34.94,35.35,34.4,35.07
688331,荣昌生物,81.9,1.2360939431396787,1.0,251971362.0,3087521,0,81.87,82.38,80.21,80.9
688332,中科蓝讯,130.77,-2.7008928571428537,-3.6299999999999955,471609042.0,3655924,0,132.05,133.99,126.85,134.4
688333,铂力特,85.2,1.3079667063020317,1.1000000000000085,919592139.0,10776242,0,84.2,87.4,83.6,84.1
688334,西高院,19.0,0.9564293304994672,0.17999999999999972,48240215.0,2576441,0,18.82,19.0,18.52,18.82
688335,复洁科技,21.23,3.0082484230955897,0.620000000000001,72600534.0,3509928,0,20.37,21.39,19.82,20.61
688336,三生国健,59.65,0.5902192242833076,0.3500000000000014,159272687.0,2690592,0,59.33,59.8,58.69,59.3
688337,普源精电,36.73,1.0453920220082407,0.37999999999999545,48657226.0,1341200,0,36.35,36.76,35.9,36.35
688338,赛科希德,25.51,0.7106198183971705,0.18000000000000327,15593295.0,616774,0,25.33,25.6,25.04,25.33
688339,亿华通,27.78,0.9081002542680713,0.25,114612069.0,4189132,0,27.41,27.88,26.84,27.53
688343,云天励飞,70.61,3.1555880204528806,2.1599999999999966,508230807.0,7331591,0,68.27,71.15,67.61,68.45
688345,博力威,31.89,3.037156704361878,0.9400000000000013,37573367.0,1203175,0,31.1,32.27,30.24,30.95
688347,华虹公司,101.6,4.205128205128199,4.099999999999994,1406158843.0,14078066,0,98.2,101.93,97.66,97.5
688348,昱能科技,50.8,1.1952191235059646,0.5999999999999943,82233340.0,1639065,0,50.18,50.99,49.31,50.2
688349,三一重能,26.28,0.1524390243902542,0.0400000000000027,74160822.0,2847390,0,26.13,26.49,25.61,26.24
688350,富淼科技,22.17,0.4531037607612208,0.10000000000000142,27789944.0,1256198,0,21.88,22.48,21.7,22.07
688351,微电生理,24.0,-0.08326394671107233,-0.019999999999999574,108854821.0,4565892,0,23.73,24.22,23.55,24.02
688352,颀中科技,12.52,1.458670988654779,0.17999999999999972,98808088.0,7984978,0,12.38,12.56,12.19,12.34
688353,华盛锂电,102.9,9.468085106382986,8.900000000000006,1370923140.0,13595815,0,96.0,106.0,96.0,94.0
688355,明志科技,16.76,0.23923444976078173,0.0400000000000027,13090177.0,787251,0,16.93,16.93,16.41,16.72
688356,键凯科技,81.0,0.6211180124223602,0.5,35571356.0,445152,0,79.84,81.3,78.7,80.5
688357,建龙微纳,30.96,0.389105058365762,0.120000000000001,28258476.0,920475,0,30.99,31.29,30.32,30.84
688358,祥生医疗,29.83,1.4280856851411021,0.41999999999999815,19707044.0,669083,0,29.29,29.86,29.1,29.41
688359,三孚新科,66.5,1.1099285388475049,0.730000000000004,88491826.0,1349959,0,65.55,66.69,64.39,65.77
688360,德马科技,21.24,-0.04705882352941912,-0.010000000000001563,74124314.0,3526264,0,21.29,21.3,20.66,21.25
688361,中科飞测,151.9,1.1318242343542058,1.700000000000017,1207784237.0,8143493,0,150.2,152.9,143.38,150.2
688362,甬矽电子,31.95,0.5665722379603391,0.17999999999999972,226464305.0,7192494,0,31.75,32.17,30.81,31.77
688363,华熙生物,43.75,1.0626010626010647,0.46000000000000085,163282362.0,3760805,0,43.09,43.86,42.85,43.29
688365,光云科技,15.74,1.6795865633074922,0.2599999999999998,213371657.0,13736551,0,15.49,15.81,15.22,15.48
688366,昊海生科,44.59,0.3149606299212611,0.14000000000000057,34288926.0,771221,0,44.3,44.76,44.13,44.45
688367,工大高科,27.9,1.233671988388969,0.33999999999999986,81503998.0,2964651,0,27.83,28.33,26.7,27.56
688368,晶丰明源,115.0,0.43668122270742354,0.5,195130167.0,1712824,0,114.45,116.4,112.12,114.5
688369,致远互联,22.54,2.407996365288494,0.5299999999999976,65460699.0,2951495,0,22.01,22.59,21.79,22.01
688370,丛麟科技,23.06,0.5231037489101894,0.11999999999999744,10441812.0,457029,0,22.82,23.11,22.66,22.94
688371,菲沃泰,18.28,0.9944751381215453,0.17999999999999972,41367315.0,2287098,0,18.33,18.39,17.85,18.1
688372,伟测科技,98.22,2.2911893355550954,2.200000000000003,315979480.0,3256759,0,96.09,99.15,94.8,96.02
688373,盟科药业,5.94,-0.3355704697986506,-0.019999999999999574,53440721.0,9086215,0,5.92,5.97,5.79,5.96
688375,国博电子,77.94,-2.453066332916155,-1.960000000000008,366369857.0,4722919,0,79.72,79.72,75.65,79.9
688376,美埃科技,51.6,-1.6955610592493817,-0.8900000000000006,104312378.0,2048411,0,51.88,52.43,49.68,52.49
688377,迪威尔,35.49,1.1399259048161827,0.3999999999999986,37170828.0,1060402,0,34.08,35.67,34.08,35.09
688378,奥来德,27.89,3.9508013417815966,1.0600000000000023,186575476.0,6836290,0,26.58,28.15,26.41,26.83
688379,华光新材,55.3,18.33939653327627,8.57,569639406.0,10633801,0,47.57,56.0,47.57,46.73
688380,中微半导,31.2,1.1673151750972743,0.35999999999999943,105639393.0,3431638,0,30.75,31.4,30.23,30.84
688381,帝奥微,22.89,0.6596306068601677,0.15000000000000213,69865020.0,3098474,0,22.7,23.08,22.21,22.74
688382,益方生物,29.0,-0.8547008547008548,-0.25,215774014.0,7441678,0,29.03,29.62,28.45,29.25
688383,新益昌,75.66,1.2038523274478214,0.8999999999999915,138993804.0,1876585,0,76.0,76.32,72.3,74.76
688385,复旦微电,62.7,1.2106537530266344,0.75,452934725.0,7275604,0,61.83,63.13,61.41,61.95
688386,泛亚微透,70.62,-0.18374558303886282,-0.12999999999999545,62857304.0,893937,0,70.5,71.2,69.73,70.75
688387,信科移动,8.33,-2.9137529137529135,-0.25,1356345554.0,157263266,0,8.61,9.26,8.32,8.58
688388,嘉元科技,36.27,6.114686951433597,2.0900000000000034,427345831.0,12080333,0,34.46,36.38,34.22,34.18
688389,普门科技,13.17,0.7651109410864548,0.09999999999999964,23440095.0,1787618,0,13.05,13.19,13.04,13.07
688390,固德威,60.05,6.622869318181812,3.729999999999997,810291597.0,13959490,0,56.38,60.68,55.01,56.32
688391,钜泉科技,27.76,0.5432814197754514,0.15000000000000213,26899369.0,981297,0,27.63,27.86,27.14,27.61
688392,骄成超声,122.11,13.537889353788938,14.560000000000002,557908507.0,4745912,0,107.08,124.99,106.4,107.55
688393,安必平,22.13,1.7003676470588116,0.36999999999999744,44544776.0,2015520,0,21.68,22.62,21.58,21.76
688395,正弦电气,22.8,0.04387889425187171,0.010000000000001563,14047154.0,624521,0,22.67,22.89,22.22,22.79
688396,华润微,57.91,6.648250460405156,3.6099999999999994,1886016935.0,33175806,0,54.35,58.58,54.0,54.3
688398,赛特新材,17.37,-0.5154639175257724,-0.08999999999999986,23856443.0,1387357,0,17.54,17.54,16.9,17.46
688399,硕世生物,66.41,-0.6730481603350327,-0.45000000000000284,59628501.0,897201,0,67.15,68.0,65.52,66.86
688400,凌云光,40.95,5.704697986577183,2.210000000000001,627345260.0,15713719,0,38.8,40.98,38.76,38.74
688401,路维光电,51.83,0.9937646141854989,0.509999999999998,241744124.0,4738039,0,51.43,52.15,49.85,51.32
688403,汇成股份,17.21,3.9879154078549854,0.6600000000000001,929242234.0,53946442,0,16.88,17.75,16.7,16.55
688408,中信博,42.74,1.5925837889232273,0.6700000000000017,93082004.0,2193450,0,42.2,42.86,41.9,42.07
688409,富创精密,71.46,-1.8136850783182292,-1.3200000000000074,347126248.0,4875803,0,72.49,72.5,69.7,72.78
688410,山外山,14.75,0.9582477754962394,0.14000000000000057,40460901.0,2765784,0,14.68,14.78,14.42,14.61
688411,海博思创,259.34,1.1466458658346326,2.9399999999999977,542447241.0,2107085,0,256.04,262.96,251.56,256.4
688416,恒烁股份,51.28,2.51899240303878,1.259999999999998,121413289.0,2421831,0,50.4,51.33,49.02,50.02
688418,震有科技,43.25,0.39461467038069103,0.1700000000000017,1012671156.0,23274788,0,42.51,45.23,42.1,43.08
688419,耐科装备,26.59,0.15065913370997797,0.03999999999999915,22508480.0,858698,0,26.7,26.76,25.81,26.55
688420,美腾科技,22.59,-0.7469244288225031,-0.1700000000000017,18331588.0,816372,0,22.67,22.85,22.19,22.76
688425,铁建重工,4.97,0.811359026369169,0.040000000000000036,101487971.0,20579620,0,4.92,4.98,4.89,4.93
688426,康为世纪,24.42,-0.20433183489986578,-0.04999999999999716,15238594.0,626538,0,24.47,24.6,24.08,24.47
688428,诺诚健华,22.45,-0.22222222222222537,-0.05000000000000071,146302855.0,6561278,0,22.53,22.68,22.0,22.5
688429,时创能源,13.13,0.3822629969419014,0.05000000000000071,23373951.0,1805563,0,13.11,13.14,12.76,13.08
688432,有研硅,12.19,-0.5709624796084851,-0.07000000000000028,104127551.0,8596319,0,12.18,12.38,11.88,12.26
688433,华曙高科,53.92,2.063221654363058,1.0900000000000034,243471336.0,4504965,0,53.53,55.5,52.4,52.83
688435,英方软件,48.69,5.847826086956517,2.6899999999999977,144887013.0,3007037,0,46.44,49.5,46.0,46.0
688439,振华风光,57.58,-2.621342803991213,-1.5500000000000043,351496508.0,6114744,0,59.13,59.83,56.51,59.13
688443,智翔金泰,25.9,0.19342359767890582,0.04999999999999716,41448456.0,1609577,0,25.85,26.1,25.5,25.85
688448,磁谷科技,40.57,1.806775407779169,0.7199999999999989,64103781.0,1603810,0,39.85,40.66,39.27,39.85
688449,联芸科技,44.83,1.9095248920209054,0.8399999999999963,164482970.0,3735790,0,44.39,44.97,43.28,43.99
688450,光格科技,26.66,-0.8553365563406486,-0.23000000000000043,22159949.0,839156,0,26.75,27.18,26.02,26.89
688455,科捷智能,17.6,-1.2345679012345616,-0.21999999999999886,41910422.0,2409353,0,17.9,17.9,17.1,17.82
688456,有研粉材,51.4,0.3906249999999917,0.19999999999999574,69225416.0,1354951,0,51.38,51.69,50.45,51.2
688458,美芯晟,36.91,1.2620027434842078,0.45999999999999375,65731192.0,1817710,0,36.47,36.93,35.62,36.45
688459,哈铁科技,9.48,0.21141649048625338,0.019999999999999574,14816378.0,1569090,0,9.49,9.51,9.38,9.46
688466,金科环境,16.4,2.499999999999991,0.3999999999999986,43511407.0,2673782,0,16.09,16.68,16.0,16.0
688468,科美诊断,7.32,0.8264462809917426,0.0600000000000005,15201975.0,2096597,0,7.29,7.33,7.18,7.26
688469,芯联集成,6.46,1.4128728414442677,0.08999999999999986,575030536.0,89607942,0,6.38,6.5,6.33,6.37
688472,阿特斯,15.25,2.9014844804318467,0.4299999999999997,902350264.0,59850810,0,14.96,15.31,14.85,14.82
688475,萤石网络,29.44,1.4822475008617708,0.4299999999999997,95615396.0,3294425,0,28.95,29.49,28.57,29.01
688478,晶升股份,37.2,3.419516263552972,1.230000000000004,127218544.0,3452136,0,36.0,37.51,35.5,35.97
688479,友车科技,18.02,-0.22148394241417027,-0.03999999999999915,15144513.0,844110,0,18.05,18.13,17.77,18.06
688480,赛恩斯,46.96,-3.9672801635991775,-1.9399999999999977,125546144.0,2681484,0,48.76,49.49,45.55,48.9
688484,南芯科技,37.97,0.10545742156604046,0.03999999999999915,284026871.0,7580376,0,38.08,38.45,36.8,37.93
688485,九州一轨,16.16,-0.43130006161429624,-0.07000000000000028,27628379.0,1709393,0,16.31,16.35,15.95,16.23
688486,龙迅股份,70.4,1.5433434299726057,1.0700000000000074,114594868.0,1650641,0,68.8,70.58,68.02,69.33
688488,艾迪药业,14.59,4.363376251788265,0.6099999999999994,80522868.0,5635234,0,14.09,14.62,13.94,13.98
688489,三未信安,41.78,0.02394062724442904,0.00999999999999801,27493921.0,666932,0,42.6,42.6,40.65,41.77
688496,清越科技,5.85,-1.1824324324324371,-0.07000000000000028,42077838.0,7261669,0,5.91,5.97,5.69,5.92
688498,源杰科技,664.0,10.668511141852363,64.00999999999999,2991436766.0,4659134,0,610.0,688.0,596.08,599.99
688499,利元亨,55.53,3.9887640449438253,2.1300000000000026,373931697.0,6888225,0,54.22,55.53,53.26,53.4
688500,慧辰股份,65.68,0.7207483514798545,0.4700000000000131,70873639.0,1093354,0,64.52,65.96,63.8,65.21
688501,青达环保,23.4,-0.9314140558848536,-0.22000000000000242,64127966.0,2744715,0,23.61,23.84,23.09,23.62
688502,茂莱光学,395.85,-0.359947643979045,-1.42999999999995,620431683.0,1571735,0,390.39,402.13,386.0,397.28
688503,聚和材料,58.05,3.4022087638047678,1.9099999999999966,499580592.0,8780159,0,56.35,58.5,54.28,56.14
688505,复旦张江,8.28,0.8526187576126492,0.06999999999999851,23536482.0,2870854,0,8.18,8.3,8.09,8.21
688506,百利天恒,351.57,1.2907315105592263,4.480000000000018,167846582.0,476998,0,348.23,354.5,346.23,347.09
688507,索辰科技,87.0,-0.9111617312072862,-0.7999999999999972,98751603.0,1141371,0,88.36,88.7,85.13,87.8
688508,芯朋微,57.8,1.7068449762449391,0.9699999999999989,128955872.0,2256792,0,56.74,58.14,56.2,56.83
688509,正元地信,4.64,-2.521008403361347,-0.1200000000000001,95235550.0,20584780,0,4.75,4.78,4.54,4.76
688510,航亚科技,24.42,0.41118421052632165,0.10000000000000142,126841207.0,5281917,0,24.3,24.52,23.46,24.32
688511,*ST天微,22.85,0.4395604395604458,0.10000000000000142,7865550.0,346253,0,22.67,23.0,22.48,22.75
688512,慧智微,10.53,1.0556621880998027,0.10999999999999943,64156212.0,6195897,0,10.48,10.55,10.18,10.42
688513,苑东生物,57.89,2.824156305506223,1.5900000000000034,36483022.0,638319,0,56.6,58.11,55.64,56.3
688515,裕太微,99.91,0.9599838318512559,0.9500000000000028,139859621.0,1410603,0,98.42,102.88,96.79,98.96
688516,奥特维,41.19,1.753952569169963,0.7100000000000009,111503514.0,2745672,0,40.47,41.43,39.88,40.48
688517,金冠电气,15.5,-1.3367281985996233,-0.21000000000000085,73144831.0,4758039,0,15.66,15.73,15.11,15.71
688518,联赢激光,22.33,2.2435897435897365,0.48999999999999844,165641348.0,7567466,0,21.78,22.36,21.46,21.84
688519,南亚新材,63.67,3.3939590776226103,2.0900000000000034,273630770.0,4384555,0,61.32,63.85,60.78,61.58
688520,神州细胞,44.5,1.5518028297581006,0.6799999999999997,94134436.0,2136731,0,44.0,44.63,43.52,43.82
688521,芯原股份,131.41,1.963066418373682,2.530000000000001,1336016872.0,10292371,0,128.88,132.37,126.88,128.88
688522,纳睿雷达,37.37,-1.7096265123619294,-0.6500000000000057,155767896.0,4201725,0,37.68,38.12,36.56,38.02
688523,航天环宇,38.88,-0.9679062659194995,-0.37999999999999545,508641591.0,13063008,0,39.79,40.77,37.77,39.26
688525,佰维存储,111.07,4.056586097058271,4.329999999999998,1443072693.0,13195006,0,106.74,111.85,105.88,106.74
688526,科前生物,15.41,1.0491803278688534,0.16000000000000014,41013018.0,2680923,0,15.33,15.43,15.15,15.25
688528,秦川物联,10.13,-0.2952755905511748,-0.02999999999999936,20538521.0,2028158,0,10.22,10.33,9.95,10.16
688529,豪森智能,17.52,0.8635578583765031,0.14999999999999858,22166991.0,1279982,0,17.37,17.59,17.07,17.37
688530,欧莱新材,15.85,0.12634238787112806,0.019999999999999574,31867086.0,2037712,0,15.72,15.96,15.42,15.83
688531,日联科技,61.23,4.026503567787968,2.3699999999999974,208721287.0,3424851,0,59.0,62.48,59.0,58.86
688533,上声电子,28.19,0.6785714285714332,0.19000000000000128,50989499.0,1814671,0,28.08,28.66,27.64,28.0
688535,华海诚科,105.73,3.1411569602965552,3.219999999999999,484736997.0,4623967,0,102.5,107.0,102.02,102.51
688536,思瑞浦,140.5,0.27835272286059975,0.38999999999998636,466335124.0,3365256,0,139.7,140.73,136.58,140.11
688538,和辉光电,2.62,-0.7575757575757582,-0.020000000000000018,166797130.0,63778212,0,2.63,2.65,2.59,2.64
688539,高华科技,44.73,-0.46728971962617016,-0.21000000000000085,368180612.0,8290056,0,44.92,46.0,42.93,44.94
688543,国科军工,54.74,-0.6894049346879453,-0.37999999999999545,399167246.0,7352341,0,54.54,55.4,53.37,55.12
688545,兴福电子,38.34,0.5243838489774589,0.20000000000000284,269169613.0,7049596,0,38.2,38.92,37.6,38.14
688548,广钢气体,12.97,-0.5368098159509088,-0.06999999999999851,91214290.0,7085241,0,12.85,13.16,12.65,13.04
688549,中巨芯,8.86,0.3397508493771162,0.02999999999999936,152296839.0,17398587,0,8.86,8.92,8.61,8.83
688550,瑞联新材,44.55,0.22497187851517278,0.09999999999999432,109033160.0,2471078,0,44.3,44.74,43.71,44.45
688551,科威尔,36.75,0.24549918166940377,0.09000000000000341,23583264.0,649735,0,36.65,37.01,35.72,36.66
688552,航天南湖,34.42,-0.7497116493656228,-0.259999999999998,108780894.0,3174918,0,34.54,35.31,33.69,34.68
688553,汇宇制药,18.14,0.0551571980143495,0.010000000000001563,41328508.0,2287753,0,18.11,18.24,17.92,18.13
688556,高测股份,10.91,5.614714424007746,0.5800000000000001,337188595.0,31644905,0,10.31,11.0,10.2,10.33
688557,兰剑智能,34.97,0.7490636704119793,0.259999999999998,61359776.0,1781011,0,34.85,35.3,33.86,34.71
688558,国盛智科,27.39,0.32967032967032917,0.08999999999999986,28282126.0,1043845,0,27.38,27.59,26.77,27.3
688559,海目星,44.64,7.127429805615549,2.969999999999999,557840658.0,12921661,0,41.7,44.89,41.18,41.67
688560,明冠新材,13.57,0.5185185185185206,0.07000000000000028,82659726.0,6170641,0,13.42,13.64,13.18,13.5
688561,奇安信,34.79,1.163128816516425,0.3999999999999986,142782839.0,4143592,0,34.18,34.95,34.0,34.39
688562,航天软件,20.99,-4.155251141552512,-0.9100000000000001,364068228.0,17326874,0,21.6,22.41,20.42,21.9
688563,航材股份,52.2,-1.6949152542372854,-0.8999999999999986,217415664.0,4171187,0,53.0,53.15,51.54,53.1
688565,力源科技,10.34,0.0,0.0,39419893.0,3829600,0,10.26,10.49,10.13,10.34
688566,吉贝尔,28.63,1.3810198300283307,0.39000000000000057,20960565.0,739284,0,28.26,28.68,28.03,28.24
688567,孚能科技,15.54,1.2377850162866417,0.1899999999999995,221077254.0,14498447,0,15.01,15.56,14.92,15.35
688568,中科星图,44.95,-0.8820286659316396,-0.3999999999999986,768878290.0,17103070,0,45.22,46.06,44.23,45.35
688569,铁科轨道,21.32,-0.6986492780624061,-0.14999999999999858,17722319.0,837334,0,21.47,21.6,20.91,21.47
688570,天玛智控,17.76,-0.44843049327353307,-0.0799999999999983,11535927.0,650309,0,17.8,17.88,17.61,17.84
688571,杭华股份,7.12,0.28169014084507693,0.020000000000000462,19948193.0,2827692,0,7.13,7.13,6.98,7.1
688573,信宇人,22.19,1.3242009132420216,0.2900000000000027,45920357.0,2112586,0,21.9,22.24,21.39,21.9
688575,亚辉龙,14.22,1.498929336188443,0.21000000000000085,60239447.0,4251501,0,14.02,14.27,14.0,14.01
688576,西山科技,61.25,0.2454991816693921,0.14999999999999858,12776079.0,209960,0,60.7,61.34,60.57,61.1
688577,浙海德曼,112.35,1.9140058055152391,2.1099999999999994,64551427.0,575793,0,111.5,113.97,110.0,110.24
688578,艾力斯,100.6,0.009941346058247246,0.009999999999990905,209387754.0,2093441,0,100.28,101.29,98.85,100.59
688579,山大地纬,10.46,1.0628019323671614,0.11000000000000121,34289616.0,3316073,0,10.41,10.49,10.17,10.35
688580,伟思医疗,44.72,1.8678815489749436,0.8200000000000003,46037110.0,1040145,0,44.1,44.96,43.55,43.9
688581,安杰思,58.1,0.06889424733034645,0.03999999999999915,32397721.0,560179,0,58.29,58.3,57.2,58.06
688582,芯动联科,62.82,-0.5383153894870113,-0.3399999999999963,528607340.0,8502741,0,62.85,63.76,61.0,63.16
688583,思看科技,88.7,-0.2025202520251942,-0.1799999999999926,46455333.0,531356,0,88.56,89.5,85.81,88.88
688584,上海合晶,21.94,1.7625231910946317,0.38000000000000256,96959533.0,4476949,0,21.62,22.04,21.22,21.56
688585,上纬新材,97.01,0.6327800829875513,0.6099999999999994,443317501.0,4635923,0,95.01,97.38,93.01,96.4
688586,江航装备,11.77,-2.646815550041359,-0.3200000000000003,204069902.0,17424410,0,12.03,12.14,11.46,12.09
688588,凌志软件,14.67,0.8247422680412317,0.11999999999999922,82780325.0,5698768,0,14.55,14.77,14.22,14.55
688589,力合微,21.93,1.4338575393154427,0.3099999999999987,48581016.0,2257237,0,21.7,21.94,21.1,21.62
688590,新致软件,17.83,1.5954415954415817,0.2799999999999976,69863822.0,3974398,0,17.44,17.85,17.27,17.55
688591,泰凌微,43.76,2.0046620046620034,0.8599999999999994,175333924.0,4069589,0,42.9,44.05,42.31,42.9
688592,司南导航,41.96,-4.179036309659736,-1.8299999999999983,104107036.0,2445616,0,43.02,43.86,41.87,43.79
688593,新相微,18.97,2.3193096008629976,0.4299999999999997,86187225.0,4630174,0,18.49,19.03,18.21,18.54
688595,芯海科技,31.72,0.6664550936210641,0.2099999999999973,104340678.0,3354542,0,31.72,31.84,30.62,31.51
688596,正帆科技,29.32,2.0891364902507013,0.6000000000000014,177183332.0,6104759,0,28.71,29.33,28.63,28.72
688597,煜邦电力,8.34,-0.5959475566150263,-0.05000000000000071,47401874.0,5735442,0,8.42,8.51,8.14,8.39
688598,金博股份,28.44,2.302158273381297,0.6400000000000006,74022825.0,2649031,0,27.72,28.51,27.35,27.8
688599,天合光能,16.67,2.2072348252605947,0.360000000000003,540257294.0,32792434,0,16.36,16.77,16.2,16.31
688600,皖仪科技,23.62,-0.08460236886632645,-0.019999999999999574,65056872.0,2823372,0,23.25,23.62,22.53,23.64
688601,力芯微,44.05,5.940355940355938,2.469999999999999,325146196.0,7655555,0,41.58,44.5,40.72,41.58
688602,康鹏科技,8.39,0.35885167464116197,0.030000000000001137,97937795.0,11822053,0,8.38,8.43,8.16,8.36
688603,天承科技,79.15,4.447083663235688,3.3700000000000045,221580470.0,2851632,0,75.28,79.66,73.8,75.78
688605,先锋精科,59.29,-0.06741951795044522,-0.03999999999999915,150621817.0,2579573,0,59.33,59.47,57.33,59.33
688606,奥泰生物,63.33,1.392891450528334,0.8699999999999974,28665364.0,458482,0,62.0,63.58,61.9,62.46
688607,康众医疗,40.93,1.8159203980099423,0.7299999999999969,132686096.0,3325749,0,40.56,41.47,38.64,40.2
688608,恒玄科技,218.73,2.20550441568151,4.719999999999999,648184756.0,3020814,0,213.61,218.79,211.18,214.01
688609,九联科技,9.68,-0.6160164271047278,-0.0600000000000005,107321174.0,11260529,0,9.7,9.79,9.38,9.74
688610,埃科光电,59.08,2.8014616321559065,1.6099999999999994,28473982.0,489569,0,57.66,59.17,57.24,57.47
688611,杭州柯林,49.93,1.6904276985743345,0.8299999999999983,67921290.0,1383815,0,48.61,50.0,48.2,49.1
688612,威迈斯,30.93,0.2268308489954643,0.07000000000000028,66954946.0,2183776,0,30.4,31.12,30.18,30.86
688613,奥精医疗,19.65,-1.1569416498993985,-0.23000000000000043,87051972.0,4491984,0,19.7,19.99,18.96,19.88
688615,合合信息,227.04,4.868360277136255,10.539999999999992,724573327.0,3238231,0,215.5,228.0,213.5,216.5
688616,西力科技,11.76,-0.42337002540220753,-0.05000000000000071,21406349.0,1834097,0,11.75,11.88,11.52,11.81
688617,惠泰医疗,259.57,6.094171503310716,14.909999999999997,358725344.0,1414624,0,245.0,259.67,242.84,244.66
688618,三旺通信,26.28,-0.07604562737642423,-0.019999999999999574,37982456.0,1460457,0,26.35,26.82,25.56,26.3
688619,罗普特,13.69,1.1825572801182567,0.16000000000000014,30269572.0,2256999,0,13.41,13.7,13.16,13.53
688620,安凯微,11.34,0.9795191451469228,0.10999999999999943,63263910.0,5665116,0,11.22,11.38,11.04,11.23
688621,阳光诺和,67.28,0.9906934854398027,0.6599999999999966,110603067.0,1658702,0,66.6,68.39,65.15,66.62
688622,禾信仪器,120.45,2.0676213880179626,2.4399999999999977,142620621.0,1201548,0,118.9,121.33,115.01,118.01
688623,双元科技,84.12,1.4961389961390072,1.240000000000009,71994225.0,873978,0,82.74,84.5,80.71,82.88
688625,呈和科技,38.36,1.374207188160666,0.519999999999996,63983522.0,1683410,0,37.84,38.5,37.25,37.84
688626,翔宇医疗,50.53,3.2910874897792297,1.6099999999999994,195667722.0,3826497,0,49.5,52.5,48.57,48.92
688627,精智达,206.0,4.648209296418596,9.150000000000006,475980682.0,2340399,0,198.0,208.86,195.77,196.85
688628,优利德,31.09,1.6013071895424784,0.48999999999999844,20146232.0,656356,0,30.6,31.12,30.41,30.6
688629,华丰科技,80.1,3.3548387096774124,2.5999999999999943,781857883.0,9913966,0,77.3,80.62,76.9,77.5
688630,芯碁微装,131.18,8.413223140495873,10.180000000000007,1230262270.0,9576117,0,120.98,132.51,120.98,121.0
688631,莱斯信息,63.73,-2.2546012269938744,-1.470000000000006,144668878.0,2290142,0,64.83,64.97,62.05,65.2
688633,星球石墨,22.93,0.8798944126704764,0.1999999999999993,6183082.0,271851,0,22.8,22.94,22.46,22.73
688636,智明达,38.6,0.12970168612193067,0.05000000000000426,298461841.0,7912241,0,38.07,38.6,36.59,38.55
688638,誉辰智能,34.99,-0.31339031339031176,-0.10999999999999943,14964249.0,431276,0,34.99,35.49,34.24,35.1
688639,华恒生物,36.03,4.283646888567306,1.480000000000004,304923702.0,8547208,0,34.76,36.28,34.55,34.55
688646,ST逸飞,36.15,0.13850415512464587,0.04999999999999716,17732840.0,495489,0,35.83,36.4,35.36,36.1
688648,中邮科技,54.78,-1.6693591814754976,-0.9299999999999997,205086052.0,3780889,0,54.12,55.68,53.27,55.71
688651,盛邦安全,39.35,-2.5024777006937513,-1.009999999999998,142940978.0,3623177,0,40.5,42.35,38.05,40.36
688652,京仪装备,105.4,2.35991065358843,2.430000000000007,500264057.0,4887351,0,101.45,105.8,99.01,102.97
688653,康希通信,11.99,-0.08333333333333157,-0.009999999999999787,80115543.0,6736585,0,12.0,12.17,11.68,12.0
688655,迅捷兴,17.55,0.630733944954125,0.10999999999999943,53086581.0,3061190,0,17.59,17.91,17.08,17.44
688656,浩欧博,196.5,-0.09659870862778877,-0.18999999999999773,92014580.0,473205,0,196.69,197.66,192.04,196.69
688657,浩辰软件,51.74,1.1139339456712922,0.5700000000000003,21711918.0,423222,0,51.71,51.9,50.75,51.17
688658,悦康药业,22.14,-0.2702702702702645,-0.05999999999999872,81012518.0,3689993,0,21.95,22.2,21.7,22.2
688659,元琛科技,9.24,0.7633587786259572,0.07000000000000028,28114805.0,3059889,0,9.21,9.31,9.08,9.17
688660,电气风电,15.97,-0.622277535780956,-0.09999999999999964,279718719.0,17788236,0,16.04,16.09,15.4,16.07
688661,和林微纳,54.65,2.054154995331469,1.1000000000000014,331783552.0,6223478,0,53.82,55.0,51.81,53.55
688662,富信科技,50.65,3.2198899531281806,1.5799999999999983,503257658.0,10130370,0,49.51,50.85,47.94,49.07
688663,新风光,40.8,0.31964593066141,0.12999999999999545,67169018.0,1654403,0,40.28,41.1,39.93,40.67
688665,四方光电,47.49,2.2609819121447123,1.0500000000000043,27239094.0,579111,0,46.79,47.57,46.37,46.44
688667,菱电电控,58.49,0.42925824175824173,0.25,29652763.0,510943,0,58.31,59.33,57.05,58.24
688668,鼎通科技,100.5,11.493232749057022,10.36,1027028106.0,10485339,0,90.3,100.58,90.3,90.14
688669,聚石化学,20.44,0.8884501480750232,0.17999999999999972,30612886.0,1514284,0,20.08,20.99,19.88,20.26
688670,金迪克,22.19,-0.3144654088050327,-0.07000000000000028,96117459.0,4313869,0,22.62,22.87,21.8,22.26
688671,碧兴物联,25.28,-1.0180109631949805,-0.259999999999998,52240267.0,2082988,0,25.54,26.04,24.66,25.54
688676,金盘科技,88.72,9.639149777558078,7.799999999999997,2674701139.0,32138172,0,80.0,96.0,75.5,80.92
688677,海泰新光,42.33,-4.0353661301292245,-1.7800000000000011,135236715.0,3170582,0,44.88,44.88,41.81,44.11
688678,福立旺,23.06,3.130590339892662,0.6999999999999993,138681068.0,6137759,0,22.36,23.13,22.14,22.36
688679,通源环境,24.9,-4.341144832885142,-1.1300000000000026,110794861.0,4438587,0,26.03,26.42,24.24,26.03
688680,海优新材,38.06,2.6429341963322655,0.980000000000004,47418155.0,1273856,0,37.19,38.1,36.41,37.08
688681,科汇股份,16.79,0.35863717872085304,0.05999999999999872,21648142.0,1299217,0,16.74,16.89,16.39,16.73
688682,霍莱沃,49.03,-3.5412158174306456,-1.7999999999999972,291092340.0,5929976,0,49.9,51.99,48.0,50.83
688683,莱尔科技,29.42,-0.10186757215618875,-0.029999999999997584,21049281.0,716316,0,29.98,30.03,28.77,29.45
688685,迈信林,52.4,2.5641025641025545,1.3099999999999952,133453711.0,2570777,0,51.37,53.48,50.11,51.09
688686,奥普特,112.67,3.3669724770642215,3.6700000000000017,97157922.0,874714,0,108.31,113.48,108.0,109.0
688687,凯因科技,24.57,0.7793273174733442,0.19000000000000128,49438645.0,2027849,0,24.02,24.67,24.02,24.38
688689,银河微电,25.51,0.3540519276160498,0.08999999999999986,35504071.0,1409216,0,25.44,25.73,24.77,25.42
688690,纳微科技,25.68,1.4618727775582814,0.370000000000001,65950498.0,2578550,0,25.37,25.79,25.2,25.31
688691,灿芯股份,108.98,-0.29277218664226273,-0.3199999999999932,397335893.0,3695811,0,108.99,109.79,105.0,109.3
688692,达梦数据,265.3,-0.5473084420452765,-1.4599999999999795,197710982.0,749671,0,266.76,266.76,260.22,266.76
688693,锴威特,36.8,-0.621118012422371,-0.23000000000000398,33696228.0,928136,0,37.01,37.48,35.6,37.03
688695,中创股份,26.35,-0.07584376185058617,-0.019999999999999574,17059087.0,652277,0,26.37,26.64,25.8,26.37
688696,极米科技,104.32,0.14399539214744309,0.14999999999999147,57922908.0,557687,0,103.6,104.99,102.2,104.17
688697,纽威数控,14.8,0.8861622358554927,0.13000000000000078,37058030.0,2527204,0,14.7,14.88,14.51,14.67
688698,伟创电气,82.69,1.1003790194400187,0.8999999999999915,265956808.0,3246600,0,81.69,83.2,80.69,81.79
688699,明微电子,44.03,-2.910694597574422,-1.3200000000000003,128517754.0,2927864,0,45.5,46.05,42.82,45.35
688700,东威科技,34.2,3.825136612021874,1.2600000000000051,210891953.0,6358607,0,32.92,34.34,32.29,32.94
688701,卓锦股份,9.21,0.6557377049180382,0.0600000000000005,61343013.0,6812483,0,9.15,9.32,8.75,9.15
688702,盛科通信,132.14,0.40270496162903474,0.5299999999999727,488187792.0,3724560,0,131.5,132.96,128.5,131.61
688707,振华新材,13.24,1.7678708685626474,0.23000000000000043,78434691.0,5990653,0,13.08,13.27,12.9,13.01
688708,佳驰科技,58.18,1.6244541484716153,0.9299999999999997,64431890.0,1119635,0,57.67,58.35,56.9,57.25
688709,成都华微,38.3,-0.1564129301355638,-0.060000000000002274,232708744.0,6143892,0,38.38,38.68,37.3,38.36
688710,益诺思,50.34,8.655298942369965,4.010000000000005,157686337.0,3207483,0,46.36,50.79,45.97,46.33
688711,宏微科技,24.7,2.6600166251039092,0.6400000000000006,195895239.0,8113494,0,24.0,24.76,23.63,24.06
688716,中研股份,38.33,6.265594677016906,2.259999999999998,244054458.0,6573695,0,35.83,38.99,34.76,36.07
688717,艾罗能源,67.47,3.2440703902065873,2.1200000000000045,266795358.0,4015243,0,65.06,67.87,64.0,65.35
688718,唯赛勃,13.28,1.2195121951219523,0.16000000000000014,21974605.0,1673235,0,13.15,13.34,12.84,13.12
688719,爱科赛博,48.99,2.7044025157232685,1.2899999999999991,364554824.0,7517845,0,47.25,49.49,47.01,47.7
688720,艾森股份,62.17,-1.6764194211608339,-1.0599999999999952,431664202.0,7014609,0,63.2,63.73,60.0,63.23
688721,龙图光罩,45.85,0.5923650724001823,0.2700000000000031,51275712.0,1132003,0,45.58,45.95,44.45,45.58
688722,同益中,17.78,-1.1123470522803074,-0.1999999999999993,168916933.0,9494043,0,17.85,18.45,17.24,17.98
688726,拉普拉斯,39.55,0.1012401923563633,0.03999999999999915,43450395.0,1106371,0,39.53,39.8,38.81,39.51
688728,格科微,15.37,3.921568627450981,0.5800000000000001,269214375.0,17775711,0,14.85,15.43,14.82,14.79
688733,壹石通,30.04,3.80096751900483,1.0999999999999979,174457279.0,5918048,0,28.94,30.28,28.7,28.94
688737,中自科技,21.8,-0.909090909090906,-0.1999999999999993,57356346.0,2678155,0,21.83,22.23,20.93,22.0
688739,成大生物,26.05,0.5403319181783117,0.14000000000000057,33659543.0,1299512,0,25.83,26.17,25.72,25.91
688750,金天钛业,18.31,0.7705008255365823,0.13999999999999702,105480217.0,5841785,0,18.19,18.31,17.81,18.17
688757,胜科纳米,25.69,-0.15546055188495586,-0.03999999999999915,29965793.0,1176605,0,25.96,26.0,25.1,25.73
688758,赛分科技,18.41,1.098297638660073,0.1999999999999993,36169491.0,1995472,0,18.32,18.48,17.89,18.21
688766,普冉股份,127.0,5.333001575848061,6.430000000000007,840847275.0,6682618,0,121.88,129.63,121.2,120.57
688767,博拓生物,37.49,0.9967672413793227,0.37000000000000455,42166344.0,1132174,0,37.12,37.61,36.88,37.12
688768,容知日新,41.33,0.5107003891050604,0.21000000000000085,34560902.0,842906,0,41.32,41.51,40.5,41.12
688772,珠海冠宇,22.52,3.1135531135531123,0.6799999999999997,267498313.0,12031406,0,21.9,22.62,21.83,21.84
688776,国光电气,89.88,-0.5422153369481123,-0.4900000000000091,337563244.0,3799789,0,89.0,91.73,87.0,90.37
688777,中控技术,47.88,0.7575757575757563,0.35999999999999943,409936633.0,8557362,0,47.64,48.27,47.46,47.52
688778,厦钨新能,73.3,5.65004324012684,3.9200000000000017,481419126.0,6661718,0,69.28,73.67,69.28,69.38
688779,五矿新能,6.92,2.6706231454005893,0.17999999999999972,184833296.0,27008797,0,6.77,6.96,6.73,6.74
688786,悦安新材,26.75,0.6395786305492916,0.1700000000000017,37310997.0,1415491,0,26.58,26.78,25.98,26.58
688787,海天瑞声,104.53,2.440219521756169,2.489999999999995,129545185.0,1262438,0,101.22,105.29,100.84,102.04
688788,科思科技,68.38,8.798727128082726,5.529999999999994,422445771.0,6367159,0,63.39,70.76,61.34,62.85
688789,宏华数科,76.14,2.187625822037304,1.6299999999999955,92062988.0,1221428,0,74.64,76.29,73.92,74.51
688793,倍轻松,25.38,0.6743355811185964,0.16999999999999815,14977241.0,593532,0,25.3,25.5,24.95,25.21
688798,艾为电子,72.0,1.6088060965283666,1.1400000000000006,142367912.0,2000323,0,71.2,72.22,70.01,70.86
688799,华纳药厂,47.66,1.924721984602221,0.8999999999999986,53270313.0,1132511,0,46.67,47.68,46.31,46.76
688800,瑞可达,79.09,3.9426994348797475,3.0,768963822.0,9826032,0,76.32,79.48,76.32,76.09
688819,天能股份,33.5,-0.416171224732463,-0.14000000000000057,87440563.0,2630594,0,33.43,33.64,32.83,33.64
688981,中芯国际,113.29,2.3396567299006357,2.5900000000000034,3848931232.0,34389272,0,110.82,113.9,110.13,110.7
689009,九号公司,57.38,0.719677022994565,0.4100000000000037,287106840.0,5026041,0,56.97,57.47,56.38,56.97
430017,星昊医药,0.0,0.0,0.0,0.0,0,0,0.0,0.0,0.0,0.0
430047,诺思兰德,0.0,0.0,0.0,0.0,0,0,0.0,0.0,0.0,0.0
430090,同辉信息,0.0,0.0,0.0,0.0,0,0,0.0,0.0,0.0,0.0
430139,华岭股份,0.0,0.0,0.0,0.0,0,0,0.0,0.0,0.0,0.0
430198,微创光电,0.0,0.0,0.0,0.0,0,0,0.0,0.0,0.0,0.0
430300,辰光医疗,0.0,0.0,0.0,0.0,0,0,0.0,0.0,0.0,0.0
430418,苏轴股份,0.0,0.0,0.0,0.0,0,0,0.0,0.0,0.0,0.0
430425,乐创技术,0.0,0.0,0.0,0.0,0,0,0.0,0.0,0.0,0.0
430476,海能技术,0.0,0.0,0.0,0.0,0,0,0.0,0.0,0.0,0.0
430478,峆一药业,0.0,0.0,0.0,0.0,0,0,0.0,0.0,0.0,0.0
430489,佳先股份,0.0,0.0,0.0,0.0,0,0,0.0,0.0,0.0,0.0
430510,丰光精密,0.0,0.0,0.0,0.0,0,0,0.0,0.0,0.0,0.0
430556,雅达股份,0.0,0.0,0.0,0.0,0,0,0.0,0.0,0.0,0.0
430564,天润科技,0.0,0.0,0.0,0.0,0,0,0.0,0.0,0.0,0.0
430685,新芝生物,0.0,0.0,0.0,0.0,0,0,0.0,0.0,0.0,0.0
430718,合肥高科,0.0,0.0,0.0,0.0,0,0,0.0,0.0,0.0,0.0
830779,武汉蓝电,0.0,0.0,0.0,0.0,0,0,0.0,0.0,0.0,0.0
830799,艾融软件,0.0,0.0,0.0,0.0,0,0,0.0,0.0,0.0,0.0
830809,安达科技,0.0,0.0,0.0,0.0,0,0,0.0,0.0,0.0,0.0
830832,齐鲁华信,0.0,0.0,0.0,0.0,0,0,0.0,0.0,0.0,0.0
830839,万通液压,0.0,0.0,0.0,0.0,0,0,0.0,0.0,0.0,0.0
830879,基康技术,0.0,0.0,0.0,0.0,0,0,0.0,0.0,0.0,0.0
830896,旺成科技,0.0,0.0,0.0,0.0,0,0,0.0,0.0,0.0,0.0
830946,森萱医药,0.0,0.0,0.0,0.0,0,0,0.0,0.0,0.0,0.0
830964,润农节水,0.0,0.0,0.0,0.0,0,0,0.0,0.0,0.0,0.0
830974,凯大催化,0.0,0.0,0.0,0.0,0,0,0.0,0.0,0.0,0.0
831010,凯添燃气,0.0,0.0,0.0,0.0,0,0,0.0,0.0,0.0,0.0
831039,国义招标,0.0,0.0,0.0,0.0,0,0,0.0,0.0,0.0,0.0
831087,秋乐种业,0.0,0.0,0.0,0.0,0,0,0.0,0.0,0.0,0.0
831152,昆工科技,0.0,0.0,0.0,0.0,0,0,0.0,0.0,0.0,0.0
831167,鑫汇科,0.0,0.0,0.0,0.0,0,0,0.0,0.0,0.0,0.0
831175,派诺科技,0.0,0.0,0.0,0.0,0,0,0.0,0.0,0.0,0.0
831195,三祥科技,0.0,0.0,0.0,0.0,0,0,0.0,0.0,0.0,0.0
831278,泰德股份,0.0,0.0,0.0,0.0,0,0,0.0,0.0,0.0,0.0
831304,迪尔化工,0.0,0.0,0.0,0.0,0,0,0.0,0.0,0.0,0.0
831305,海希通讯,0.0,0.0,0.0,0.0,0,0,0.0,0.0,0.0,0.0
831370,新安洁,0.0,0.0,0.0,0.0,0,0,0.0,0.0,0.0,0.0
831396,许昌智能,0.0,0.0,0.0,0.0,0,0,0.0,0.0,0.0,0.0
831445,龙竹科技,0.0,0.0,0.0,0.0,0,0,0.0,0.0,0.0,0.0
831526,凯华材料,0.0,0.0,0.0,0.0,0,0,0.0,0.0,0.0,0.0
831627,力王股份,0.0,0.0,0.0,0.0,0,0,0.0,0.0,0.0,0.0
831641,格利尔,0.0,0.0,0.0,0.0,0,0,0.0,0.0,0.0,0.0
831689,克莱特,0.0,0.0,0.0,0.0,0,0,0.0,0.0,0.0,0.0
831726,朱老六,0.0,0.0,0.0,0.0,0,0,0.0,0.0,0.0,0.0
831768,拾比佰,0.0,0.0,0.0,0.0,0,0,0.0,0.0,0.0,0.0
831832,科达自控,0.0,0.0,0.0,0.0,0,0,0.0,0.0,0.0,0.0
831834,三维装备,0.0,0.0,0.0,0.0,0,0,0.0,0.0,0.0,0.0
831855,浙江大农,0.0,0.0,0.0,0.0,0,0,0.0,0.0,0.0,0.0
831856,浩淼科技,0.0,0.0,0.0,0.0,0,0,0.0,0.0,0.0,0.0
831906,舜宇精工,0.0,0.0,0.0,0.0,0,0,0.0,0.0,0.0,0.0
831961,创远信科,0.0,0.0,0.0,0.0,0,0,0.0,0.0,0.0,0.0
832000,安徽凤凰,0.0,0.0,0.0,0.0,0,0,0.0,0.0,0.0,0.0
832023,田野股份,0.0,0.0,0.0,0.0,0,0,0.0,0.0,0.0,0.0
832089,禾昌聚合,0.0,0.0,0.0,0.0,0,0,0.0,0.0,0.0,0.0
832110,雷特科技,0.0,0.0,0.0,0.0,0,0,0.0,0.0,0.0,0.0
832145,恒合股份,0.0,0.0,0.0,0.0,0,0,0.0,0.0,0.0,0.0
832149,利尔达,0.0,0.0,0.0,0.0,0,0,0.0,0.0,0.0,0.0
832171,志晟信息,0.0,0.0,0.0,0.0,0,0,0.0,0.0,0.0,0.0
832175,东方碳素,0.0,0.0,0.0,0.0,0,0,0.0,0.0,0.0,0.0
832225,利通科技,0.0,0.0,0.0,0.0,0,0,0.0,0.0,0.0,0.0
832278,鹿得医疗,0.0,0.0,0.0,0.0,0,0,0.0,0.0,0.0,0.0
832419,路斯股份,0.0,0.0,0.0,0.0,0,0,0.0,0.0,0.0,0.0
832469,富恒新材,0.0,0.0,0.0,0.0,0,0,0.0,0.0,0.0,0.0
832471,美邦科技,0.0,0.0,0.0,0.0,0,0,0.0,0.0,0.0,0.0
832491,奥迪威,0.0,0.0,0.0,0.0,0,0,0.0,0.0,0.0,0.0
832522,纳科诺尔,0.0,0.0,0.0,0.0,0,0,0.0,0.0,0.0,0.0
832566,梓橦宫,0.0,0.0,0.0,0.0,0,0,0.0,0.0,0.0,0.0
832651,天罡股份,0.0,0.0,0.0,0.0,0,0,0.0,0.0,0.0,0.0
832662,方盛股份,0.0,0.0,0.0,0.0,0,0,0.0,0.0,0.0,0.0
832735,德源药业,0.0,0.0,0.0,0.0,0,0,0.0,0.0,0.0,0.0
832786,骑士乳业,0.0,0.0,0.0,0.0,0,0,0.0,0.0,0.0,0.0
832802,保丽洁,0.0,0.0,0.0,0.0,0,0,0.0,0.0,0.0,0.0
832876,慧为智能,0.0,0.0,0.0,0.0,0,0,0.0,0.0,0.0,0.0
832885,星辰科技,0.0,0.0,0.0,0.0,0,0,0.0,0.0,0.0,0.0
832978,开特股份,0.0,0.0,0.0,0.0,0,0,0.0,0.0,0.0,0.0
832982,锦波生物,0.0,0.0,0.0,0.0,0,0,0.0,0.0,0.0,0.0
833030,立方控股,0.0,0.0,0.0,0.0,0,0,0.0,0.0,0.0,0.0
833075,柏星龙,0.0,0.0,0.0,0.0,0,0,0.0,0.0,0.0,0.0
833171,国航远洋,0.0,0.0,0.0,0.0,0,0,0.0,0.0,0.0,0.0
833230,欧康医药,0.0,0.0,0.0,0.0,0,0,0.0,0.0,0.0,0.0
833266,生物谷,0.0,0.0,0.0,0.0,0,0,0.0,0.0,0.0,0.0
833284,灵鸽科技,0.0,0.0,0.0,0.0,0,0,0.0,0.0,0.0,0.0
833346,威贸电子,0.0,0.0,0.0,0.0,0,0,0.0,0.0,0.0,0.0
833394,民士达,0.0,0.0,0.0,0.0,0,0,0.0,0.0,0.0,0.0
833427,华维设计,0.0,0.0,0.0,0.0,0,0,0.0,0.0,0.0,0.0
833429,康比特,0.0,0.0,0.0,0.0,0,0,0.0,0.0,0.0,0.0
833454,同心传动,0.0,0.0,0.0,0.0,0,0,0.0,0.0,0.0,0.0
833455,汇隆活塞,0.0,0.0,0.0,0.0,0,0,0.0,0.0,0.0,0.0
833509,同惠电子,0.0,0.0,0.0,0.0,0,0,0.0,0.0,0.0,0.0
833523,德瑞锂电,0.0,0.0,0.0,0.0,0,0,0.0,0.0,0.0,0.0
833533,骏创科技,0.0,0.0,0.0,0.0,0,0,0.0,0.0,0.0,0.0
833575,康乐卫士,0.0,0.0,0.0,0.0,0,0,0.0,0.0,0.0,0.0
833580,科创新材,0.0,0.0,0.0,0.0,0,0,0.0,0.0,0.0,0.0
833751,惠同新材,0.0,0.0,0.0,0.0,0,0,0.0,0.0,0.0,0.0
833781,瑞奇智造,0.0,0.0,0.0,0.0,0,0,0.0,0.0,0.0,0.0
833819,颖泰生物,0.0,0.0,0.0,0.0,0,0,0.0,0.0,0.0,0.0
833873,中设咨询,0.0,0.0,0.0,0.0,0,0,0.0,0.0,0.0,0.0
833914,远航精密,0.0,0.0,0.0,0.0,0,0,0.0,0.0,0.0,0.0
833943,优机股份,0.0,0.0,0.0,0.0,0,0,0.0,0.0,0.0,0.0
834014,特瑞斯,0.0,0.0,0.0,0.0,0,0,0.0,0.0,0.0,0.0
834021,流金科技,0.0,0.0,0.0,0.0,0,0,0.0,0.0,0.0,0.0
834033,康普化学,0.0,0.0,0.0,0.0,0,0,0.0,0.0,0.0,0.0
834058,华洋赛车,0.0,0.0,0.0,0.0,0,0,0.0,0.0,0.0,0.0
834062,科润智控,0.0,0.0,0.0,0.0,0,0,0.0,0.0,0.0,0.0
834261,一诺威,0.0,0.0,0.0,0.0,0,0,0.0,0.0,0.0,0.0
834407,驰诚股份,0.0,0.0,0.0,0.0,0,0,0.0,0.0,0.0,0.0
834415,恒拓开源,0.0,0.0,0.0,0.0,0,0,0.0,0.0,0.0,0.0
834475,三友科技,0.0,0.0,0.0,0.0,0,0,0.0,0.0,0.0,0.0
834599,同力股份,0.0,0.0,0.0,0.0,0,0,0.0,0.0,0.0,0.0
834639,晨光电缆,0.0,0.0,0.0,0.0,0,0,0.0,0.0,0.0,0.0
834682,球冠电缆,0.0,0.0,0.0,0.0,0,0,0.0,0.0,0.0,0.0
834765,美之高,0.0,0.0,0.0,0.0,0,0,0.0,0.0,0.0,0.0
834770,艾能聚,0.0,0.0,0.0,0.0,0,0,0.0,0.0,0.0,0.0
834950,迅安科技,0.0,0.0,0.0,0.0,0,0,0.0,0.0,0.0,0.0
835174,五新隧装,0.0,0.0,0.0,0.0,0,0,0.0,0.0,0.0,0.0
835179,凯德石英,0.0,0.0,0.0,0.0,0,0,0.0,0.0,0.0,0.0
835184,国源科技,0.0,0.0,0.0,0.0,0,0,0.0,0.0,0.0,0.0
835185,贝特瑞,0.0,0.0,0.0,0.0,0,0,0.0,0.0,0.0,0.0
835207,众诚科技,0.0,0.0,0.0,0.0,0,0,0.0,0.0,0.0,0.0
835237,力佳科技,0.0,0.0,0.0,0.0,0,0,0.0,0.0,0.0,0.0
835305,*ST云创,0.0,0.0,0.0,0.0,0,0,0.0,0.0,0.0,0.0
835368,连城数控,0.0,0.0,0.0,0.0,0,0,0.0,0.0,0.0,0.0
835438,戈碧迦,0.0,0.0,0.0,0.0,0,0,0.0,0.0,0.0,0.0
835508,殷图网联,0.0,0.0,0.0,0.0,0,0,0.0,0.0,0.0,0.0
835579,机科股份,0.0,0.0,0.0,0.0,0,0,0.0,0.0,0.0,0.0
835640,富士达,0.0,0.0,0.0,0.0,0,0,0.0,0.0,0.0,0.0
835670,数字人,0.0,0.0,0.0,0.0,0,0,0.0,0.0,0.0,0.0
835857,百甲科技,0.0,0.0,0.0,0.0,0,0,0.0,0.0,0.0,0.0
835892,中科美菱,0.0,0.0,0.0,0.0,0,0,0.0,0.0,0.0,0.0
835985,海泰新能,0.0,0.0,0.0,0.0,0,0,0.0,0.0,0.0,0.0
836077,吉林碳谷,0.0,0.0,0.0,0.0,0,0,0.0,0.0,0.0,0.0
836149,旭杰科技,0.0,0.0,0.0,0.0,0,0,0.0,0.0,0.0,0.0
836208,青矩技术,0.0,0.0,0.0,0.0,0,0,0.0,0.0,0.0,0.0
836221,易实精密,0.0,0.0,0.0,0.0,0,0,0.0,0.0,0.0,0.0
836239,长虹能源,0.0,0.0,0.0,0.0,0,0,0.0,0.0,0.0,0.0
836247,华密新材,0.0,0.0,0.0,0.0,0,0,0.0,0.0,0.0,0.0
836260,中寰股份,0.0,0.0,0.0,0.0,0,0,0.0,0.0,0.0,0.0
836263,中航泰达,0.0,0.0,0.0,0.0,0,0,0.0,0.0,0.0,0.0
836270,天铭科技,0.0,0.0,0.0,0.0,0,0,0.0,0.0,0.0,0.0
836395,朗鸿科技,0.0,0.0,0.0,0.0,0,0,0.0,0.0,0.0,0.0
836414,欧普泰,0.0,0.0,0.0,0.0,0,0,0.0,0.0,0.0,0.0
836419,万德股份,0.0,0.0,0.0,0.0,0,0,0.0,0.0,0.0,0.0
836422,润普食品,0.0,0.0,0.0,0.0,0,0,0.0,0.0,0.0,0.0
836433,大唐药业,0.0,0.0,0.0,0.0,0,0,0.0,0.0,0.0,0.0
836504,博迅生物,0.0,0.0,0.0,0.0,0,0,0.0,0.0,0.0,0.0
836547,无锡晶海,0.0,0.0,0.0,0.0,0,0,0.0,0.0,0.0,0.0
836675,秉扬科技,0.0,0.0,0.0,0.0,0,0,0.0,0.0,0.0,0.0
836699,海达尔,0.0,0.0,0.0,0.0,0,0,0.0,0.0,0.0,0.0
836717,瑞星股份,0.0,0.0,0.0,0.0,0,0,0.0,0.0,0.0,0.0
836720,吉冈精密,0.0,0.0,0.0,0.0,0,0,0.0,0.0,0.0,0.0
836807,奔朗新材,0.0,0.0,0.0,0.0,0,0,0.0,0.0,0.0,0.0
836826,盖世食品,0.0,0.0,0.0,0.0,0,0,0.0,0.0,0.0,0.0
836871,派特尔,0.0,0.0,0.0,0.0,0,0,0.0,0.0,0.0,0.0
836892,广咨国际,0.0,0.0,0.0,0.0,0,0,0.0,0.0,0.0,0.0
836942,恒立钻具,0.0,0.0,0.0,0.0,0,0,0.0,0.0,0.0,0.0
836957,汉维科技,0.0,0.0,0.0,0.0,0,0,0.0,0.0,0.0,0.0
836961,西磁科技,0.0,0.0,0.0,0.0,0,0,0.0,0.0,0.0,0.0
837006,晟楠科技,0.0,0.0,0.0,0.0,0,0,0.0,0.0,0.0,0.0
837023,芭薇股份,0.0,0.0,0.0,0.0,0,0,0.0,0.0,0.0,0.0
837046,亿能电力,0.0,0.0,0.0,0.0,0,0,0.0,0.0,0.0,0.0
837092,汉鑫科技,0.0,0.0,0.0,0.0,0,0,0.0,0.0,0.0,0.0
837174,宏裕包材,0.0,0.0,0.0,0.0,0,0,0.0,0.0,0.0,0.0
837212,智新电子,0.0,0.0,0.0,0.0,0,0,0.0,0.0,0.0,0.0
837242,建邦科技,0.0,0.0,0.0,0.0,0,0,0.0,0.0,0.0,0.0
837344,三元基因,0.0,0.0,0.0,0.0,0,0,0.0,0.0,0.0,0.0
837403,康农种业,0.0,0.0,0.0,0.0,0,0,0.0,0.0,0.0,0.0
837592,华信永道,0.0,0.0,0.0,0.0,0,0,0.0,0.0,0.0,0.0
837663,明阳科技,0.0,0.0,0.0,0.0,0,0,0.0,0.0,0.0,0.0
837748,路桥信息,0.0,0.0,0.0,0.0,0,0,0.0,0.0,0.0,0.0
837821,则成电子,0.0,0.0,0.0,0.0,0,0,0.0,0.0,0.0,0.0
838030,德众汽车,0.0,0.0,0.0,0.0,0,0,0.0,0.0,0.0,0.0
838163,方大新材,0.0,0.0,0.0,0.0,0,0,0.0,0.0,0.0,0.0
838171,邦德股份,0.0,0.0,0.0,0.0,0,0,0.0,0.0,0.0,0.0
838227,美登科技,0.0,0.0,0.0,0.0,0,0,0.0,0.0,0.0,0.0
838262,太湖雪,0.0,0.0,0.0,0.0,0,0,0.0,0.0,0.0,0.0
838275,驱动力,0.0,0.0,0.0,0.0,0,0,0.0,0.0,0.0,0.0
838402,硅烷科技,0.0,0.0,0.0,0.0,0,0,0.0,0.0,0.0,0.0
838670,恒进感应,0.0,0.0,0.0,0.0,0,0,0.0,0.0,0.0,0.0
838701,豪声电子,0.0,0.0,0.0,0.0,0,0,0.0,0.0,0.0,0.0
838810,春光智能,0.0,0.0,0.0,0.0,0,0,0.0,0.0,0.0,0.0
838837,华原股份,0.0,0.0,0.0,0.0,0,0,0.0,0.0,0.0,0.0
838924,广脉科技,0.0,0.0,0.0,0.0,0,0,0.0,0.0,0.0,0.0
838971,天马新材,0.0,0.0,0.0,0.0,0,0,0.0,0.0,0.0,0.0
839167,同享科技,0.0,0.0,0.0,0.0,0,0,0.0,0.0,0.0,0.0
839273,一致魔芋,0.0,0.0,0.0,0.0,0,0,0.0,0.0,0.0,0.0
839371,欧福蛋业,0.0,0.0,0.0,0.0,0,0,0.0,0.0,0.0,0.0
839493,并行科技,0.0,0.0,0.0,0.0,0,0,0.0,0.0,0.0,0.0
839680,*ST广道,0.0,0.0,0.0,0.0,0,0,0.0,0.0,0.0,0.0
839719,宁新新材,0.0,0.0,0.0,0.0,0,0,0.0,0.0,0.0,0.0
839725,惠丰钻石,0.0,0.0,0.0,0.0,0,0,0.0,0.0,0.0,0.0
839729,永顺生物,0.0,0.0,0.0,0.0,0,0,0.0,0.0,0.0,0.0
839790,联迪信息,0.0,0.0,0.0,0.0,0,0,0.0,0.0,0.0,0.0
839792,东和新材,0.0,0.0,0.0,0.0,0,0,0.0,0.0,0.0,0.0
839946,华阳变速,0.0,0.0,0.0,0.0,0,0,0.0,0.0,0.0,0.0
870199,倍益康,0.0,0.0,0.0,0.0,0,0,0.0,0.0,0.0,0.0
870204,沪江材料,0.0,0.0,0.0,0.0,0,0,0.0,0.0,0.0,0.0
870299,灿能电力,0.0,0.0,0.0,0.0,0,0,0.0,0.0,0.0,0.0
870357,雅葆轩,0.0,0.0,0.0,0.0,0,0,0.0,0.0,0.0,0.0
870436,大地电气,0.0,0.0,0.0,0.0,0,0,0.0,0.0,0.0,0.0
870508,丰安股份,0.0,0.0,0.0,0.0,0,0,0.0,0.0,0.0,0.0
870656,海昇药业,0.0,0.0,0.0,0.0,0,0,0.0,0.0,0.0,0.0
870726,鸿智科技,0.0,0.0,0.0,0.0,0,0,0.0,0.0,0.0,0.0
870866,绿亨科技,0.0,0.0,0.0,0.0,0,0,0.0,0.0,0.0,0.0
870976,视声智能,0.0,0.0,0.0,0.0,0,0,0.0,0.0,0.0,0.0
871245,威博液压,0.0,0.0,0.0,0.0,0,0,0.0,0.0,0.0,0.0
871263,莱赛激光,0.0,0.0,0.0,0.0,0,0,0.0,0.0,0.0,0.0
871396,常辅股份,0.0,0.0,0.0,0.0,0,0,0.0,0.0,0.0,0.0
871478,巨能股份,0.0,0.0,0.0,0.0,0,0,0.0,0.0,0.0,0.0
871553,凯腾精工,0.0,0.0,0.0,0.0,0,0,0.0,0.0,0.0,0.0
871634,新威凌,0.0,0.0,0.0,0.0,0,0,0.0,0.0,0.0,0.0
871642,通易航天,0.0,0.0,0.0,0.0,0,0,0.0,0.0,0.0,0.0
871694,中裕科技,0.0,0.0,0.0,0.0,0,0,0.0,0.0,0.0,0.0
871753,天纺标,0.0,0.0,0.0,0.0,0,0,0.0,0.0,0.0,0.0
871857,泓禧科技,0.0,0.0,0.0,0.0,0,0,0.0,0.0,0.0,0.0
871970,大禹生物,0.0,0.0,0.0,0.0,0,0,0.0,0.0,0.0,0.0
871981,晶赛科技,0.0,0.0,0.0,0.0,0,0,0.0,0.0,0.0,0.0
872190,雷神科技,0.0,0.0,0.0,0.0,0,0,0.0,0.0,0.0,0.0
872351,华光源海,0.0,0.0,0.0,0.0,0,0,0.0,0.0,0.0,0.0
872374,云里物里,0.0,0.0,0.0,0.0,0,0,0.0,0.0,0.0,0.0
872392,佳合科技,0.0,0.0,0.0,0.0,0,0,0.0,0.0,0.0,0.0
872541,铁大科技,0.0,0.0,0.0,0.0,0,0,0.0,0.0,0.0,0.0
872808,曙光数创,0.0,0.0,0.0,0.0,0,0,0.0,0.0,0.0,0.0
872895,花溪科技,0.0,0.0,0.0,0.0,0,0,0.0,0.0,0.0,0.0
872925,锦好医疗,0.0,0.0,0.0,0.0,0,0,0.0,0.0,0.0,0.0
872931,无锡鼎邦,0.0,0.0,0.0,0.0,0,0,0.0,0.0,0.0,0.0
872953,国子软件,0.0,0.0,0.0,0.0,0,0,0.0,0.0,0.0,0.0
873001,纬达光电,0.0,0.0,0.0,0.0,0,0,0.0,0.0,0.0,0.0
873122,中纺标,0.0,0.0,0.0,0.0,0,0,0.0,0.0,0.0,0.0
873132,泰鹏智能,0.0,0.0,0.0,0.0,0,0,0.0,0.0,0.0,0.0
873152,天宏锂电,0.0,0.0,0.0,0.0,0,0,0.0,0.0,0.0,0.0
873167,新赣江,0.0,0.0,0.0,0.0,0,0,0.0,0.0,0.0,0.0
873169,七丰精工,0.0,0.0,0.0,0.0,0,0,0.0,0.0,0.0,0.0
873223,荣亿精密,0.0,0.0,0.0,0.0,0,0,0.0,0.0,0.0,0.0
873305,九菱科技,0.0,0.0,0.0,0.0,0,0,0.0,0.0,0.0,0.0
873339,恒太照明,0.0,0.0,0.0,0.0,0,0,0.0,0.0,0.0,0.0
873527,夜光明,0.0,0.0,0.0,0.0,0,0,0.0,0.0,0.0,0.0
873570,坤博精工,0.0,0.0,0.0,0.0,0,0,0.0,0.0,0.0,0.0
873576,天力复合,0.0,0.0,0.0,0.0,0,0,0.0,0.0,0.0,0.0
873593,鼎智科技,0.0,0.0,0.0,0.0,0,0,0.0,0.0,0.0,0.0
873665,科强股份,0.0,0.0,0.0,0.0,0,0,0.0,0.0,0.0,0.0
873679,前进科技,0.0,0.0,0.0,0.0,0,0,0.0,0.0,0.0,0.0
873690,捷众科技,0.0,0.0,0.0,0.0,0,0,0.0,0.0,0.0,0.0
873693,阿为特,0.0,0.0,0.0,0.0,0,0,0.0,0.0,0.0,0.0
873703,广厦环能,0.0,0.0,0.0,0.0,0,0,0.0,0.0,0.0,0.0
873706,铁拓机械,0.0,0.0,0.0,0.0,0,0,0.0,0.0,0.0,0.0
873726,卓兆点胶,0.0,0.0,0.0,0.0,0,0,0.0,0.0,0.0,0.0
873806,云星宇,0.0,0.0,0.0,0.0,0,0,0.0,0.0,0.0,0.0
873833,美心翼申,0.0,0.0,0.0,0.0,0,0,0.0,0.0,0.0,0.0
920002,万达轴承,106.55,-1.1870536956320143,-1.2800000000000011,104810543.9,989760,0,107.83,108.0,104.81,107.83
920008,成电光信,30.94,-2.7044025157232685,-0.8599999999999994,47833409.81,1550083,0,31.7,31.93,30.38,31.8
920016,中草香料,20.22,0.0,0.0,22850910.64,1131117,0,20.3,20.43,19.81,20.22
920019,铜冠矿建,19.76,1.437371663244359,0.28000000000000114,34764233.51,1771860,0,19.54,19.84,19.33,19.48
920060,万源通,34.87,3.533254156769589,1.1899999999999977,165816530.65,4810347,0,33.5,34.9,33.41,33.68
920066,科拜尔,25.22,0.39808917197451377,0.09999999999999787,17742758.28,703645,0,25.1,25.5,25.03,25.12
920082,方正阀门,17.74,0.7954545454545283,0.13999999999999702,16502867.21,936639,0,17.7,17.78,17.5,17.6
920088,科力股份,29.76,0.6765899864682099,0.20000000000000284,31110426.52,1049823,0,29.78,29.88,29.31,29.56
920098,科隆新材,30.6,-2.5477707006369337,-0.7999999999999972,107831830.66,3369836,0,31.59,33.54,30.5,31.4
920099,瑞华技术,31.0,-0.9268136784915282,-0.28999999999999915,24625410.1,793564,0,31.11,31.43,30.78,31.29
920106,林泰新材,80.48,1.718907987866531,1.3599999999999994,60013019.69,752159,0,78.75,81.01,78.37,79.12
920108,宏海科技,14.24,-0.07017543859648974,-0.009999999999999787,9747800.75,687408,0,14.25,14.31,14.06,14.25
920111,聚星科技,23.9,-0.04182350480970959,-0.010000000000001563,43126949.92,1807050,0,23.94,24.29,23.55,23.91
920116,星图测控,83.12,-4.569460390355902,-3.9799999999999898,449260441.82,5358461,0,86.9,87.66,81.48,87.1
920118,太湖远大,23.51,0.4700854700854829,0.11000000000000298,19861217.73,841784,0,23.53,23.97,23.33,23.4
920128,胜业电气,27.68,-0.03611412062116852,-0.010000000000001563,14057638.25,508971,0,27.98,28.0,27.27,27.69
000003,Ｂ股指数,246.6569,-0.05777969566388401,-0.1425999999999874,110339622.0,211690,0,246.8625,247.062,244.907,246.7995
000005,商业指数,2836.6686,0.6222351813167699,17.541600000000017,53225327536.0,49399629,0,2817.0981,2845.0137,2805.4902,2819.127
000013,企债指数,0.0,0.0,0.0,0.0,0,0,0.0,0.0,0.0,0.0
000015,红利指数,2998.6109,0.14092347522674326,4.219800000000305,26406614522.0,30253364,0,2992.2718,3010.5744,2982.0684,2994.3911
000018,180金融,5889.8057,1.043733856916113,60.83889999999974,52993949934.0,40830883,0,5827.3563,5926.6679,5808.8667,5828.9668
000022,沪公司债,253.5706,0.0013408674308030303,0.0033999999999991815,290044167.0,291138,0,253.5848,253.5848,253.5699,253.5672
000033,上证材料,3378.2063,2.5316517550598574,83.41269999999986,49795315269.0,27798220,0,3303.8451,3400.8274,3303.8451,3294.7936
000038,上证金融,5874.5532,1.07465064008348,62.45970000000034,46024952024.0,32780382,0,5810.6145,5912.6504,5792.0779,5812.0935
000041,上证公用,2589.7562,0.21916783403318532,5.663499999999658,9979543146.0,15143006,0,2581.1671,2597.6512,2567.8406,2584.0927
000043,超大盘,2558.7117,1.250739878474327,31.607499999999618,63175053585.0,16579677,0,2525.806,2570.7752,2521.8058,2527.1042
000044,上证中盘,4481.9948,1.3798441616723172,61.00280000000021,111906400719.0,70998231,0,4419.8695,4496.3532,4416.785,4420.992
000046,上证中小,4983.9021,1.5856581224873174,77.79410000000007,310684202301.0,197668307,0,4905.4756,4998.5437,4896.9508,4906.108
000047,上证全指,3856.2499,1.4360450881357911,54.59349999999995,418154492358.0,236169050,0,3801.7762,3870.644,3796.204,3801.6564
000051,180等权,9180.4722,1.1598392778449378,105.25790000000052,219376690776.0,109498974,0,9071.3848,9208.6835,9058.0836,9075.2143
000052,50基本,2995.8569,0.8016401169852946,23.825000000000273,107470290057.0,38500743,0,2970.9872,3012.9018,2961.3721,2972.0319
000053,180基本,12468.6218,0.8393894403439843,103.78909999999996,219376690776.0,109498974,0,12361.7967,12523.9297,12324.7034,12364.8327
000054,上证海外,1576.4555,1.3086308521604075,20.36349999999993,84962511888.0,53674217,0,1557.5964,1586.0659,1553.6457,1556.092
000057,全指成长,3761.4403,1.9829553586827173,73.13740000000007,137632479584.0,42081135,0,3693.8055,3776.3224,3690.8989,3688.3029
000064,非周期,3517.3323,1.5292081345818103,52.97719999999981,143574801876.0,51227666,0,3462.4022,3526.5679,3457.0666,3464.3551
000067,上证新兴,8602.9548,1.7197154382217144,145.445099999999,96254398320.0,24362251,0,8446.7178,8621.8229,8420.4419,8457.5097
000071,材料等权,4523.7682,2.5697022233552937,113.33500000000004,49795315269.0,27798220,0,4420.13,4552.0848,4420.0218,4410.4332
000072,工业等权,2969.9791,1.2924254116721954,37.89499999999998,34136869961.0,29698268,0,2934.6071,2975.8178,2932.8004,2932.0841
000073,可选等权,3448.8345,0.8546061520518906,29.22420000000011,37275634700.0,30469061,0,3421.4487,3460.7645,3413.8835,3419.6103
000074,消费等权,7094.1808,0.3557715235434204,25.149599999999737,13361402127.0,3441724,0,7066.7373,7112.3501,7024.4558,7069.0312
000075,医药等权,6995.8886,1.2099278219657255,83.63330000000042,16682923070.0,5134981,0,6906.2427,7013.2272,6888.3338,6912.2553
000076,金融等权,5693.2926,1.2483657134207051,70.19679999999971,45768222741.0,31903850,0,5623.672,5725.0205,5605.2882,5623.0958
000077,信息等权,5979.852,2.657892346973713,154.8229999999994,83855615281.0,14742439,0,5824.4483,5981.6859,5803.0371,5825.029
000079,公用等权,2545.7742,0.155108623246318,3.9425999999998567,9979543146.0,15143006,0,2538.8721,2555.1978,2522.0206,2541.8316
000091,沪财中小,14174.4076,0.875156129954435,122.97199999999975,45043046676.0,29031463,0,14023.5786,14181.9281,13926.7802,14051.4356
000092,资源50,4555.8763,2.017317350007187,90.08910000000014,52285236551.0,23419189,0,4473.0382,4583.8429,4472.0938,4465.7872
000093,180分层,11886.049,0.8631451532883185,101.71590000000106,219376690776.0,109498974,0,11771.6609,11923.8759,11735.3659,11784.3331
000094,上证上游,4230.1686,1.640205705810467,68.26379999999972,42200735411.0,23374715,0,4175.5763,4259.6446,4168.7283,4161.9048
000095,上证中游,3738.3098,2.28344882041908,83.45670000000018,212135624190.0,81827409,0,3654.7671,3745.1462,3645.6535,3654.8531
000097,高端装备,11092.2732,2.1280044304710946,231.1257000000005,122379167061.0,32865442,0,10853.5529,11112.7276,10821.5935,10861.1475
000098,上证F200,5448.4369,0.9579713314582627,51.69920000000002,170571659227.0,123860266,0,5395.2426,5472.126,5382.8443,5396.7377
000101,5年信用,251.4001,0.005847594967728762,0.01470000000000482,413870927.0,412300,0,251.4016,251.4019,251.3992,251.3854
000102,沪投资品,7231.7897,1.6407546415842054,116.74049999999988,59474369701.0,28538460,0,7123.5406,7264.0735,7106.0318,7115.0492
000103,沪消费品,8057.9086,1.011854924872677,80.71759999999995,25558338365.0,5896041,0,7976.7017,8077.8235,7931.9262,7977.191
000104,380能源,1258.3273,0.14714139557501246,1.848799999999983,2445544114.0,3868690,0,1254.0939,1262.305,1247.0548,1256.4785
000105,380材料,5070.6307,2.3454518554819765,116.20370000000003,21756745141.0,14322793,0,4960.8496,5101.3624,4959.4906,4954.427
000106,380工业,5695.65,1.4353629678619533,80.59639999999945,53025774169.0,30402522,0,5610.3694,5712.2748,5580.1855,5615.0536
000107,380可选,5565.1286,1.310940558685698,72.01149999999961,12365123706.0,4994450,0,5492.7821,5577.7376,5485.3926,5493.1171
000108,380消费,12182.1307,0.8254730118132707,99.73689999999988,4479136019.0,2390045,0,12090.5949,12218.1957,12032.7539,12082.3938
000109,380医药,9974.1763,1.5981863974737849,156.89840000000004,9839399849.0,4091187,0,9795.5957,9992.7735,9789.2226,9817.2779
000110,380金融,4224.6463,0.6502287071862173,27.29240000000027,7557328546.0,9920045,0,4189.3595,4256.447,4157.9649,4197.3539
000111,380信息,9393.3727,2.1591384814573122,198.52939999999944,30872051054.0,7256644,0,9204.8091,9405.5791,9125.1945,9194.8433
000112,380电信,5751.8586,3.9621337176411773,219.21089999999913,20131229709.0,5963570,0,5541.7759,5768.7896,5541.7759,5532.6477
000113,380公用,2938.5445,0.10734847329152006,3.151100000000042,4279262709.0,8681769,0,2928.0067,2951.8632,2906.0109,2935.3934
000114,持续产业,1238.599,0.7351656044029348,9.039299999999912,19934152788.0,12564065,0,1228.3779,1240.4486,1221.9906,1229.5597
000115,380等权,8373.7439,1.2919521965748046,106.80489999999918,170495792674.0,95925858,0,8261.0385,8394.6469,8243.8732,8266.939
000116,信用100,198.8211,0.009959693422529729,0.019800000000003593,413335597.0,414300,0,198.8118,198.8254,198.8082,198.8013
000117,380成长,4243.0689,2.044583836573554,85.01490000000013,51576446636.0,17857746,0,4157.2994,4250.1513,4155.654,4158.054
000118,380价值,9867.6175,1.023430154005065,99.96509999999944,29649938441.0,34189155,0,9760.9887,9911.3405,9743.5856,9767.6524
000119,380R成长,4194.7684,1.9547592885367016,80.42550000000028,147158108311.0,66662702,0,4113.7021,4202.8473,4101.8156,4114.3429
000120,380R价值,9326.7401,1.2444765973335328,114.64240000000063,125231600116.0,82994111,0,9207.6539,9360.2678,9189.0608,9212.0977
000121,医药主题,8084.3936,1.2317985253709436,98.3717000000006,17393297006.0,5345713,0,7977.7863,8103.8163,7960.2477,7986.0219
000122,农业主题,1594.9852,-0.8169402009523307,-13.137399999999843,6275849713.0,7114331,0,1607.4787,1608.875,1575.4784,1608.1226
000123,180动态,6933.2988,2.0193696901964255,137.23759999999947,152184971587.0,56165286,0,6801.2668,6966.2722,6782.2607,6796.0612
000125,180稳定,11798.8541,0.6658412346700898,78.04200000000128,74684891921.0,52179957,0,11710.9973,11845.7573,11674.3093,11720.8121
000126,消费50,8260.788,0.6235972812879587,51.19480000000112,42979647025.0,26352040,0,8201.3115,8287.0937,8168.1906,8209.5932
000128,380基本,8811.4782,1.094451248403968,95.39329999999973,170495792674.0,95925858,0,8707.7835,8840.701,8695.237,8716.0849
000129,180波动,15209.4475,0.4884882555313301,73.9351999999999,82656523051.0,66831157,0,15127.446,15265.7438,15065.2697,15135.5123
000130,380波动,13136.3335,0.45974230803121524,60.116900000000896,17823550621.0,21442649,0,13060.1346,13179.0611,13012.6399,13076.2166
000131,上证高新,3508.49,2.0645430839416803,70.9690999999998,34407913173.0,4207286,0,3434.2517,3519.8695,3416.5539,3437.5209
000132,上证100,5915.1786,1.8779404095596868,109.03589999999986,37742083004.0,10964861,0,5805.9777,5927.0631,5792.5434,5806.1427
000133,上证150,6483.8536,1.6823029999685417,107.27340000000004,39162914734.0,18698073,0,6360.9528,6493.5013,6334.192,6376.5802
000134,上证银行,1023.262,0.14007212740818656,1.4312999999999647,20264577642.0,25885903,0,1020.6261,1029.6768,1016.1852,1021.8307
000135,180高贝,6186.2734,2.1108850113556548,127.88559999999961,110748969389.0,29903744,0,6060.0397,6204.8212,6041.3181,6058.3878
000136,180低贝,12887.621,0.26037189352133655,33.46859999999833,37843257557.0,39625899,0,12848.557,12946.025,12789.9017,12854.1524
000137,380高贝,5598.9219,2.466450736823481,134.77059999999983,62069670959.0,14887647,0,5467.5387,5604.7908,5446.7573,5464.1513
000138,380低贝,8095.58,0.37117564710251894,29.937699999999495,19384721946.0,18302497,0,8056.2286,8120.4663,8021.4834,8065.6423
000139,上证转债,421.7304,0.7995984559675857,3.3453999999999837,34536778378.0,20677984,0,418.3217,422.1555,418.3217,418.385
000141,380动态,3724.3632,1.8769155280100123,68.61529999999993,118169653073.0,53113202,0,3656.8895,3734.1158,3639.2366,3655.7479
000142,380稳定,9662.0186,1.115862994025304,106.62509999999929,47967475694.0,40911476,0,9544.2008,9689.4044,9537.2688,9555.3935
000145,优势资源,7627.2241,1.8702382789326601,140.02840000000015,40044836025.0,20597013,0,7512.3462,7676.2813,7499.0266,7487.1957
000146,优势制造,7530.718,1.142580586196324,85.07250000000022,57362963038.0,27374495,0,7432.3022,7550.1286,7386.7538,7445.6455
000147,优势消费,6789.9202,0.7903331582717726,53.242199999999684,20919483532.0,5914225,0,6728.0889,6811.267,6699.7736,6736.678
000148,消费领先,9373.6985,1.0122139483797814,93.93109999999979,109044047214.0,61550728,0,9269.6553,9407.6507,9233.3092,9279.7674
000149,180红利,3977.3267,0.10488378329638834,4.167199999999866,30503093749.0,28914513,0,3970.5976,3997.0721,3950.9853,3973.1595
000150,380红利,11464.6659,0.12016691395861048,13.760200000000623,7100211578.0,6523432,0,11438.5854,11517.1262,11386.2614,11450.9057
000152,上央红利,2837.4537,0.5268080409012433,14.869599999999991,22489621503.0,25445279,0,2820.8489,2846.652,2810.0186,2822.5841
000160,沪新丝路,2068.2925,1.6956582045849897,34.4864,58415710058.0,48273657,0,2033.301,2075.8875,2033.2858,2033.8061
000161,沪中国造,1676.2706,1.4711240489450135,24.30250000000001,97596775180.0,44797811,0,1648.908,1679.8846,1644.0129,1651.9681
000162,沪互联+,3546.1492,1.3317564420825343,46.60539999999992,50915083902.0,20601158,0,3495.3211,3551.3016,3478.8035,3499.5438
000170,50AH优选,6127.4793,1.273627390629691,77.0598,76688993666.0,25416616,0,6050.7779,6155.0792,6037.4608,6050.4195
000171,新兴成指,0.0,0.0,0.0,0.0,0,0,0.0,0.0,0.0,0.0
000300,沪深300,4579.875,1.8303391320772169,82.32049999999981,452504741114.0,178424830,0,4499.7729,4594.6556,4498.9304,4497.5545
000805,A股资源,0.0,0.0,0.0,0.0,0,0,0.0,0.0,0.0,0.0
000808,医药生物,0.0,0.0,0.0,0.0,0,0,0.0,0.0,0.0,0.0
000814,细分医药,8425.4766,1.2538519653637024,104.33480000000054,17240978311.0,5241444,0,8324.8664,8454.8149,8292.1249,8321.1418
000827,中证环保,1835.6623,1.9290285753630603,34.740299999999934,82508238169.0,31326828,0,1801.1908,1838.8596,1799.7033,1800.922
000841,800医药,0.0,0.0,0.0,0.0,0,0,0.0,0.0,0.0,0.0
000842,800等权,0.0,0.0,0.0,0.0,0,0,0.0,0.0,0.0,0.0
000847,腾讯济安,3445.8503,1.5926055059687847,54.01850000000013,58200989377.0,27153581,0,3391.7648,3455.5743,3384.8291,3391.8318
000849,300非银,11167.3261,2.217164408775545,242.22739999999976,46106133748.0,23811975,0,10933.4831,11270.9489,10898.1991,10925.0987
000853,CSSW丝路,1635.2223,1.3760784235441252,22.196500000000015,96893341664.0,18425060,0,1612.0032,1640.266,1609.9927,1613.0258
000854,500原料,5507.8352,2.8246504048636485,151.3033000000005,50122866487.0,27577012,0,5371.3207,5538.9734,5370.5479,5356.5319
000855,央视500,1612.7346,1.611849299131443,25.582499999999982,616225002700.0,248182157,0,1588.0567,1618.442,1587.0549,1587.1521
000857,500医药,10428.6692,1.6688165589819497,171.1787000000004,13502795036.0,7368967,0,10246.8797,10455.3093,10221.8115,10257.4905
000865,上海国企,1477.0524,1.0968170621828186,16.02480000000014,25132218197.0,16084546,0,1461.7955,1482.1799,1457.9496,1461.0276
000867,港中小企,2696.4179,0.7692969456088505,20.585099999999784,17916596594.0,21594839,0,2683.2121,2698.2179,2671.9105,2675.8328
000891,新兴综指,1816.9655,2.1480334696607275,38.20830000000001,980189937999.0,416918953,0,1777.8722,1819.7234,1772.0084,1778.7572
000904,中证200,0.0,0.0,0.0,0.0,0,0,0.0,0.0,0.0,0.0
000914,300金融,6667.7571,1.0608287553570592,69.99099999999999,69662307293.0,54518077,0,6594.1935,6710.2979,6570.664,6597.7661
000918,300成长,0.0,0.0,0.0,0.0,0,0,0.0,0.0,0.0,0.0
000934,中证金融,6222.7152,1.0188451382792485,62.76039999999921,82875925966.0,73232276,0,6155.594,6262.2246,6132.848,6159.9548
000944,内地资源,0.0,0.0,0.0,0.0,0,0,0.0,0.0,0.0,0.0
000971,等权90,0.0,0.0,0.0,0.0,0,0,0.0,0.0,0.0,0.0
000974,800金融,6986.7876,1.0461406439297767,72.33489999999983,79011302667.0,66222220,0,6910.3696,7033.8697,6886.9074,6914.4527
000982,500等权,8702.0346,1.5165357553419851,129.9980000000014,302410118523.0,174413136,0,8566.9544,8728.6122,8547.6077,8572.0366
000984,300等权,0.0,0.0,0.0,0.0,0,0,0.0,0.0,0.0,0.0
000986,全指能源,2269.4123,-0.0012822538621265406,-0.029100000000198634,11677009073.0,14242750,0,2265.3104,2277.1316,2251.6214,2269.4414
000991,全指医药,8837.737,1.3579525570569408,118.40439999999944,33754974319.0,13596793,0,8719.2996,8864.4674,8693.9018,8719.3326
000992,全指金融,5936.6263,0.9788128284197265,57.54519999999957,92450945426.0,86361121,0,5874.2968,5974.0904,5852.2238,5879.0811
