代码,名称,最新价,涨跌幅,涨跌额,成交量,成交额,换手率,开盘,最高,最低,昨收
000001,上证指数,3968.8401,0.09392411455110582,3.72420000000011,829511897495.0,490751490,0,3968.7256,3977.5358,3955.4871,3965.1159
000002,Ａ股指数,4161.3559,0.09445019532743897,3.9266999999999825,829167066667.0,490480013,0,4161.2204,4170.4839,4147.3353,4157.4292
000004,工业指数,3603.7345,-0.11796039928596981,-4.255999999999858,628525675591.0,304170849,0,3614.3449,3617.4094,3592.3861,3607.9905
000006,地产指数,4218.6128,-0.15441156474718118,-6.524100000000544,5487868813.0,9224189,0,4230.9803,4238.8793,4204.1771,4225.1369
000007,公用指数,4753.9581,0.6947895811957894,32.80209999999988,35344237986.0,48973530,0,4721.0488,4763.1988,4720.8198,4721.156
000008,综合指数,3643.8437,0.4591211848398848,16.653199999999742,115094627053.0,90408453,0,3625.2024,3646.468,3622.447,3627.1905
000009,上证380,6588.1012,0.16093614433997452,10.58560000000034,196931890281.0,96601270,0,6589.6327,6603.8754,6561.0904,6577.5156
000010,上证180,10015.8598,-0.15917836233300606,-15.96849999999904,226409298442.0,101344429,0,10045.2031,10078.8928,9998.1613,10031.8283
000011,基金指数,7137.8179,-0.05068447353911578,-3.6195999999999913,289515290788.0,956173938,0,7142.6603,7144.0925,7135.4848,7141.4375
000012,国债指数,224.6516,-0.034797343298489825,-0.0782000000000096,15979918548.0,16079632,0,224.7443,224.7479,224.5823,224.7298
000014,沙河股份,13.45,-0.7380073800738112,-0.10000000000000142,81686100.8,6060680,0,13.66,13.74,13.36,13.55
000016,上证50,3031.1258,-0.17870596202146866,-5.426500000000033,107667577641.0,37358980,0,3038.6015,3051.4304,3026.4869,3036.5523
000017,新综指,3354.7941,0.09413304672332412,3.1550000000002,812834216209.0,484247341,0,3354.6927,3362.159,3343.5043,3351.6391
000019,治理指数,1243.0555,0.1815841104111262,2.253099999999904,151728312030.0,75321286,0,1241.5849,1246.1325,1239.0191,1240.8024
000020,中型综指,1696.0623,-0.4890466872283768,-8.335299999999961,208360665316.0,77829540,0,1710.0621,1712.3288,1692.246,1704.3976
000021,180治理,1088.2003,0.2425552282714523,2.633100000000013,115415701886.0,54678547,0,1086.1224,1091.1864,1084.4067,1085.5672
000025,180基建,1761.8271,0.15616685994952167,2.747100000000046,21894705660.0,20319528,0,1758.4451,1764.1464,1758.1859,1759.08
000026,180资源,5584.3547,1.4398309550104258,79.26400000000012,47249047613.0,19070795,0,5503.3876,5635.2795,5503.3876,5505.0907
000027,180运输,773.789,0.5346680632756317,4.115199999999959,4245500910.0,4769818,0,768.9541,775.7476,767.9562,769.6738
000028,180成长,3913.1607,-0.11727888882496601,-4.594700000000103,97792158130.0,29003632,0,3922.9329,3955.8691,3906.8476,3917.7554
000029,180价值,4453.1811,-0.004362982738893111,-0.19430000000011205,50615140138.0,50672526,0,4450.5522,4471.1894,4442.3266,4453.3754
000030,180R成长,2572.8351,-0.2770792699194356,-7.148600000000442,191637863041.0,64528731,0,2585.0537,2598.5495,2568.7163,2579.9837
000031,180R价值,3258.9888,-0.0260933099955709,-0.8505999999997584,144460845049.0,86197625,0,3259.6741,3269.5853,3251.1284,3259.8394
000032,上证能源,1954.5976,-0.03454249099741336,-0.6753999999998541,10422578275.0,14280352,0,1953.5307,1963.1978,1945.8643,1955.273
000034,上证工业,2219.9547,-0.03461034519700555,-0.7686000000003332,30951383508.0,25489045,0,2220.3881,2224.5278,2214.1754,2220.7233
000035,上证可选,3012.8957,0.027409720643623875,0.8256000000001222,37409901863.0,16699212,0,3020.1135,3022.6437,2995.6073,3012.0701
000036,上证消费,10851.1618,-0.18793565256036793,-20.43159999999989,11910521862.0,3080345,0,10889.3203,10913.402,10832.0246,10871.5934
000037,上证医药,6334.6339,-0.5914358911643921,-37.688200000000506,13860054489.0,3442519,0,6371.2793,6402.7061,6326.0641,6372.3221
000039,上证信息,5494.1508,-1.276499003520168,-71.03960000000006,83000762368.0,13179887,0,5601.4735,5605.7305,5483.9312,5565.1904
000040,上证电信,3989.7811,1.195093386890373,47.11850000000004,36927586804.0,14254559,0,3941.2701,4000.193,3941.2701,3942.6626
000042,上证央企,1811.3773,0.1125437383003099,2.0363000000002103,66956763960.0,45570502,0,1809.164,1815.1755,1806.45,1809.341
000045,上证小盘,5760.3104,0.03399235857892412,1.9574000000002343,226759867147.0,118279817,0,5769.9715,5775.6966,5737.5027,5758.353
000048,责任指数,1475.5809,-0.18533866262316231,-2.739900000000034,53998903165.0,23359099,0,1478.7234,1480.1648,1471.6082,1478.3208
000049,上证民企,2014.6673,-0.8935320899476502,-18.163999999999987,82906611787.0,24978283,0,2040.5881,2044.4337,2011.0404,2032.8313
000050,50等权,2408.8519,-0.09268849602130537,-2.234799999999723,107667577641.0,37358980,0,2412.4163,2420.6426,2404.4085,2411.0867
000055,上证地企,1581.2974,0.28282555649195124,4.459699999999884,66008964537.0,28275470,0,1577.5583,1590.8726,1576.9409,1576.8377
000056,上证国企,1247.3399,0.2564644382252781,3.1907999999998538,98460628403.0,55604510,0,1243.9121,1253.3937,1243.9121,1244.1491
000058,全指价值,4725.1457,0.01022083523082266,0.48289999999997235,93013734179.0,82826035,0,4722.9911,4744.7496,4714.5856,4724.6628
000059,全R成长,3334.4968,-0.22517205975389099,-7.525300000000243,383847125014.0,151444870,0,3349.775,3360.957,3327.041,3342.0221
000060,全R价值,4472.9628,0.007053987914508958,0.3155000000006112,331011635738.0,190330891,0,4473.7291,4486.8832,4461.9203,4472.6473
000061,沪企债30,177.8567,-0.00944491450385678,-0.01680000000001769,352986761.0,351700,0,177.8838,177.8838,177.853,177.8735
000062,上证沪企,2084.6431,-0.08746359877074897,-1.8249000000000706,32529352628.0,16351267,0,2089.0405,2094.4946,2079.4982,2086.468
000063,上证周期,4057.4825,0.39364126820714906,15.909300000000258,76616088650.0,48736627,0,4040.5765,4076.2396,4038.7532,4041.5732
000065,上证龙头,3603.7792,0.35506259376142846,12.7503999999999,141462891785.0,70095218,0,3593.6322,3612.2327,3591.0067,3591.0288
000066,上证商品,3527.1499,0.12275089632594262,4.324299999999766,69065316391.0,37295314,0,3519.2497,3556.5248,3506.7766,3522.8256
000068,上证资源,4026.582,0.8074117437379331,32.25070000000005,66766339573.0,33610544,0,3991.9536,4062.4087,3991.9536,3994.3313
000069,消费80,4908.7785,-0.45664457038380013,-22.51849999999922,56506051929.0,18014560,0,4935.6088,4948.0678,4901.5575,4931.297
000070,能源等权,2607.1568,-0.6764869249049686,-17.75720000000001,10422578275.0,14280352,0,2623.4988,2626.8203,2600.613,2624.914
000078,电信等权,3538.3168,2.4886286331761114,85.91740000000027,36927586804.0,14254559,0,3451.14,3548.5992,3451.0602,3452.3994
000088,盐田港,4.45,0.45146726862303527,0.020000000000000462,68253339.72,15364012,0,4.43,4.46,4.43,4.43
000089,深圳机场,6.99,0.5755395683453243,0.040000000000000036,67524442.75,9679825,0,6.95,7.02,6.93,6.95
000090,上证流通,1446.0669,-0.032380820571746446,-0.46839999999997417,812834216209.0,484247341,0,1448.5373,1450.6227,1442.4172,1446.5353
000096,上证下游,4194.1251,-0.06816796462585083,-2.8609999999998763,82940901711.0,40338392,0,4200.3268,4214.054,4189.402,4196.9861
000099,上证F300,9107.1217,-0.016886128516949976,-1.5380999999997584,167627920676.0,97974278,0,9118.6081,9131.9223,9083.517,9108.6598
000100,上证F500,6240.5198,-0.017000500626370103,-1.0610999999998967,346422210440.0,220115311,0,6241.8903,6261.185,6224.4819,6241.5809
000151,上国红利,1527.6842,-0.26463408193191207,-4.0534999999999854,15330424742.0,15828313,0,1530.98,1534.4664,1523.9935,1531.7377
000153,上民红利,3102.4841,0.522264848057028,16.119000000000142,3668350859.0,3877257,0,3093.2833,3110.5758,3087.8822,3086.3651
000155,市值百强,3293.7347,-0.20731222405584696,-6.8425000000002,190365873068.0,73840993,0,3303.8956,3315.2588,3287.6802,3300.5772
000156,华数传媒,7.57,0.933333333333337,0.07000000000000028,63481626.9,8377533,0,7.52,7.62,7.48,7.5
000157,中联重科,8.63,0.9356725146198838,0.08000000000000007,445348305.81,51776001,0,8.6,8.65,8.53,8.55
000158,上证环保,1306.8183,-0.5091336482868976,-6.6875,21039561090.0,12384986,0,1315.0911,1317.7763,1303.2067,1313.5058
000159,沪股通,3669.9095,-0.04978841625283141,-1.828099999999722,734221789338.0,421010219,0,3676.7248,3682.9892,3660.9752,3671.7376
000166,申万宏源,5.27,-0.18939393939395216,-0.010000000000000675,367033713.04,69436706,0,5.29,5.32,5.26,5.28
000301,东方盛虹,10.89,-4.221635883905002,-0.47999999999999865,358860953.95,32684463,0,11.27,11.35,10.82,11.37
000333,美的集团,78.15,-0.8877615726062,-0.6999999999999886,2256598465.55,28775822,0,78.87,80.28,77.85,78.85
000338,潍柴动力,17.2,-0.9216589861751161,-0.16000000000000014,763967045.4,44239638,0,17.46,17.52,17.15,17.36
000400,许继电气,25.71,-0.31019775106629816,-0.0799999999999983,398228594.05,15533491,0,25.86,25.92,25.51,25.79
000401,金隅冀东,4.41,0.4555808656036552,0.020000000000000462,40670500.68,9262469,0,4.4,4.43,4.35,4.39
000402,金融街,2.75,0.7326007326007333,0.020000000000000018,36017514.61,13120357,0,2.75,2.76,2.73,2.73
000403,派林生物,13.69,-0.6531204644412181,-0.08999999999999986,86495360.2,6305940,0,13.78,13.8,13.67,13.78
000404,长虹华意,6.77,0.5943536404160349,0.03999999999999915,46332130.76,6851550,0,6.74,6.8,6.72,6.73
000407,胜利股份,5.02,-3.0888030888030915,-0.16000000000000014,367733093.34,72782190,0,5.1,5.17,4.99,5.18
000408,藏格矿业,84.4,0.6079389676957982,0.5100000000000051,1136552574.74,13425450,0,83.8,86.36,83.01,83.89
000409,云鼎科技,11.14,0.8144796380090484,0.08999999999999986,119476786.33,10774328,0,11.04,11.17,10.97,11.05
000410,沈阳机床,7.15,-0.9695290858725678,-0.0699999999999994,136315080.25,19100875,0,7.25,7.25,7.09,7.22
000411,英特集团,12.75,-3.6281179138322024,-0.4800000000000004,538991606.36,41962984,0,13.16,13.22,12.65,13.23
000415,渤海租赁,4.05,-0.9779951100244507,-0.040000000000000036,283563508.0,69276100,0,4.09,4.17,4.04,4.09
000417,合百集团,8.1,3.3163265306122423,0.2599999999999998,962076530.01,114957761,0,8.42,8.62,8.07,7.84
000419,通程控股,6.39,-0.9302325581395425,-0.0600000000000005,101894396.0,15961500,0,6.45,6.48,6.31,6.45
000420,吉林化纤,4.53,-1.7353579175705003,-0.08000000000000007,1656981646.78,363861594,0,4.61,4.71,4.42,4.61
000421,南京公用,6.91,0.8759124087591315,0.0600000000000005,75858970.4,11027609,0,6.84,6.95,6.8,6.85
000422,湖北宜化,14.21,-2.269601100412643,-0.3299999999999983,380463276.18,26660277,0,14.47,14.48,14.18,14.54
000423,东阿阿胶,49.08,0.3270645952575564,0.1599999999999966,244831505.85,5008642,0,48.91,49.25,48.54,48.92
000425,徐工机械,11.58,2.206531332744925,0.25,839625488.67,73204900,0,11.33,11.64,11.22,11.33
000426,兴业银锡,35.6,-2.997275204359677,-1.1000000000000014,2722711863.98,74957751,0,36.78,37.67,35.4,36.7
000428,华天酒店,3.3,0.9174311926605444,0.029999999999999805,56887128.81,17341609,0,3.29,3.31,3.24,3.27
000429,粤高速Ａ,11.78,-1.5873015873015979,-0.19000000000000128,107641769.87,9070436,0,11.99,12.11,11.75,11.97
000430,*ST张股,7.76,2.5099075297225824,0.1899999999999995,105079494.61,13422253,0,7.9,7.94,7.75,7.57
000488,ST晨鸣,2.2,0.9174311926605512,0.020000000000000018,39303889.49,17974890,0,2.18,2.2,2.16,2.18
000498,山东路桥,6.03,0.16611295681064245,0.010000000000000675,56282226.49,9327883,0,6.02,6.05,6.01,6.02
000501,武商集团,10.12,1.7085427135678386,0.16999999999999993,221986557.04,21928781,0,9.98,10.36,9.92,9.95
000503,国新健康,8.88,-0.6711409395973011,-0.05999999999999872,71344250.17,7991165,0,8.94,9.01,8.88,8.94
000504,*ST生物,8.95,1.359003397508485,0.11999999999999922,10481334.0,1182900,0,8.82,8.95,8.75,8.83
000505,京粮控股,8.51,-1.7321016166281795,-0.15000000000000036,438440615.32,51441432,0,8.8,8.85,8.36,8.66
000506,招金黄金,13.06,-1.0606060606060514,-0.1399999999999988,257683642.4,19641920,0,13.28,13.38,12.95,13.2
000507,珠海港,5.21,0.0,0.0,28164221.1,5391710,0,5.21,5.25,5.2,5.21
000509,华塑控股,3.47,2.058823529411773,0.07000000000000028,79796897.0,23394300,0,3.4,3.48,3.34,3.4
000510,新金路,11.58,-5.853658536585371,-0.7200000000000006,906473083.03,75468200,0,12.3,12.55,11.56,12.3
000513,丽珠集团,34.46,-0.2027222704894303,-0.07000000000000028,107422292.48,3113679,0,34.49,34.6,34.43,34.53
000514,渝开发,4.92,0.2036659877800364,0.009999999999999787,70623034.0,14340000,0,4.94,4.97,4.87,4.91
000516,国际医学,4.29,-0.6944444444444501,-0.03000000000000025,66711216.0,15547450,0,4.31,4.32,4.27,4.32
000517,荣安地产,1.81,1.1173184357541908,0.020000000000000018,39546266.01,21935990,0,1.79,1.82,1.78,1.79
000518,*ST四环,2.41,0.836820083682009,0.020000000000000018,6703720.4,2792131,0,2.39,2.42,2.38,2.39
000519,中兵红箭,18.21,1.3919821826280623,0.25,646025479.09,35706962,0,17.89,18.36,17.82,17.96
000520,凤凰航运,4.84,-1.0224948875255588,-0.04999999999999982,88152128.03,18208942,0,4.92,4.93,4.8,4.89
000521,长虹美菱,6.55,1.7080745341614818,0.10999999999999943,74871771.06,11476808,0,6.47,6.6,6.44,6.44
000523,红棉股份,3.77,-1.8229166666666625,-0.06999999999999984,255210795.54,67320102,0,3.81,3.9,3.75,3.84
000524,岭南控股,11.99,0.16708437761068984,0.019999999999999574,77626261.2,6494978,0,12.03,12.04,11.86,11.97
000525,红太阳,5.46,-0.3649635036496434,-0.020000000000000462,78017566.02,14396941,0,5.47,5.48,5.37,5.48
000526,学大教育,39.22,3.074901445466496,1.1700000000000017,138471108.0,3553400,0,38.65,39.52,38.41,38.05
000528,柳工,11.87,-0.6694560669456073,-0.08000000000000007,356358561.26,30018166,0,12.0,12.0,11.77,11.95
000529,广弘控股,6.01,-0.33167495854063783,-0.020000000000000462,38915287.0,6473801,0,6.03,6.07,5.96,6.03
000530,冰山冷热,7.32,-2.659574468085097,-0.1999999999999993,572407805.24,77692530,0,7.53,7.6,7.26,7.52
000531,穗恒运Ａ,6.41,0.0,0.0,46445784.4,7244200,0,6.41,6.46,6.38,6.41
000532,华金资本,16.12,-0.9828009828009836,-0.16000000000000014,229238891.5,14172659,0,16.28,16.42,16.0,16.28
000533,顺钠股份,8.33,-1.768867924528306,-0.15000000000000036,349991886.79,42206462,0,8.45,8.5,8.16,8.48
000534,万泽股份,22.0,0.27347310847766054,0.05999999999999872,633198648.72,28268380,0,23.38,23.5,21.81,21.94
000536,华映科技,4.88,0.618556701030933,0.03000000000000025,373663181.74,76913979,0,4.85,4.9,4.79,4.85
000537,中绿电,8.21,-0.48484848484847454,-0.03999999999999915,76354121.0,9290600,0,8.25,8.26,8.2,8.25
000538,云南白药,56.76,-0.31612223393045263,-0.17999999999999972,257861733.98,4535989,0,56.95,57.05,56.66,56.94
000539,粤电力Ａ,4.42,0.0,0.0,60763105.0,13743300,0,4.43,4.45,4.41,4.42
000541,佛山照明,6.01,0.33388981636059384,0.019999999999999574,33689493.24,5617729,0,6.0,6.02,5.96,5.99
000543,皖能电力,7.95,-0.8728179551122119,-0.0699999999999994,301251379.39,37696709,0,8.06,8.07,7.91,8.02
000544,中原环保,8.32,0.12033694344163401,0.009999999999999787,47802821.4,5733380,0,8.32,8.4,8.3,8.31
000545,金浦钛业,2.82,-3.0927835051546495,-0.0900000000000003,92749866.04,32676022,0,2.95,2.97,2.8,2.91
000546,金圆股份,6.38,-2.5954198473282433,-0.16999999999999993,366218003.58,56740301,0,6.54,6.66,6.35,6.55
000547,航天发展,33.01,9.996667777407518,2.9999999999999964,17932273846.88,568428479,0,30.89,33.01,30.07,30.01
000548,湖南投资,5.44,1.3035381750465602,0.07000000000000028,38600224.0,7139300,0,5.4,5.46,5.34,5.37
000550,江铃汽车,18.6,-2.2082018927444698,-0.41999999999999815,83069293.48,4415616,0,19.05,19.18,18.59,19.02
000551,创元科技,14.7,3.8869257950529956,0.5499999999999989,1451261143.09,101997419,0,14.3,15.14,13.53,14.15
000552,甘肃能化,2.31,-0.858369098712447,-0.020000000000000018,64740038.76,27968543,0,2.33,2.34,2.3,2.33
000553,安道麦A,5.48,-0.90415913200723,-0.04999999999999982,46238308.35,8441930,0,5.53,5.57,5.42,5.53
000554,泰山石油,6.48,-1.369863013698628,-0.08999999999999986,83228650.05,12874333,0,6.55,6.55,6.4,6.57
000555,神州信息,16.55,1.161369193154042,0.19000000000000128,637650656.07,38715052,0,16.3,16.85,16.15,16.36
000557,西部创业,4.98,-0.7968127490039673,-0.03999999999999915,58160097.71,11591215,0,5.02,5.08,4.97,5.02
000558,天府文旅,5.15,0.5859375000000049,0.03000000000000025,120788162.07,23534399,0,5.13,5.17,5.1,5.12
000559,万向钱潮,17.2,9.623964308476737,1.5099999999999998,8022747064.45,474364360,0,16.59,17.26,15.89,15.69
000560,我爱我家,2.92,1.7421602787456383,0.04999999999999982,424059272.3,143951318,0,2.97,3.0,2.91,2.87
000561,烽火电子,12.22,-0.9724473257698478,-0.11999999999999922,624468121.21,50948350,0,12.22,12.46,12.1,12.34
000563,陕国投Ａ,3.45,-0.28901734104045623,-0.009999999999999787,102629629.23,29653370,0,3.46,3.48,3.44,3.46
000564,供销大集,2.5,0.40160642570280264,0.009999999999999787,633696785.82,253825278,0,2.5,2.53,2.47,2.49
000565,渝三峡Ａ,7.3,-2.5367156208277755,-0.1900000000000004,118044092.4,16132798,0,7.49,7.55,7.21,7.49
000566,海南海药,7.15,0.846262341325818,0.0600000000000005,867010387.57,121238151,0,7.26,7.3,7.02,7.09
000567,海德股份,6.42,-1.0785824345146422,-0.07000000000000028,204891596.82,31943761,0,6.45,6.58,6.3,6.49
000568,泸州老窖,116.22,-1.3831141281289738,-1.6299999999999955,681749500.16,5839418,0,117.53,117.84,116.1,117.85
000570,苏常柴Ａ,5.56,0.0,0.0,36425656.74,6590359,0,5.57,5.57,5.47,5.56
000571,新大洲A,5.86,0.6872852233676982,0.040000000000000036,126157931.12,21644893,0,5.85,5.88,5.76,5.82
000572,海马汽车,8.16,0.0,0.0,1050728482.09,128105538,0,8.28,8.37,8.04,8.16
000573,粤宏远Ａ,4.13,1.225490196078427,0.04999999999999982,50389209.06,12299600,0,4.12,4.15,4.03,4.08
000576,甘化科工,10.53,1.2499999999999905,0.129999999999999,74310004.28,7101924,0,10.39,10.57,10.3,10.4
000581,威孚高科,20.62,-0.24189646831156608,-0.05000000000000071,138849573.41,6730407,0,20.75,20.75,20.53,20.67
000582,北部湾港,9.38,0.8602150537634415,0.08000000000000007,504401638.73,53468203,0,9.31,9.69,9.27,9.3
000584,工智退,0.29,11.538461538461526,0.02999999999999997,15207447.0,53830663,0,0.26,0.29,0.26,0.26
000586,汇源通信,13.53,-0.6607929515418492,-0.08999999999999986,72616907.0,5381800,0,13.63,13.8,13.37,13.62
000589,贵州轮胎,5.18,-0.9560229445506827,-0.05000000000000071,153327695.22,29595513,0,5.24,5.25,5.14,5.23
000590,古汉医药,11.21,2.6556776556776645,0.2900000000000009,54013569.5,4840210,0,11.0,11.37,10.83,10.92
000591,太阳能,4.44,-0.22471910112359073,-0.009999999999999787,134516637.0,30275700,0,4.45,4.46,4.43,4.45
000592,平潭发展,15.4,-8.333333333333336,-1.4000000000000004,8047369192.18,513516161,0,16.0,16.28,15.15,16.8
000593,德龙汇能,11.2,-0.08920606601250279,-0.010000000000001563,139517153.22,12445462,0,11.23,11.38,11.08,11.21
000595,*ST宝实,5.59,-0.8865248226950324,-0.04999999999999982,33864947.0,6050100,0,5.65,5.66,5.58,5.64
000596,古井贡酒,132.6,-2.226810204984523,-3.0200000000000102,481105294.58,3604151,0,135.63,135.63,132.38,135.62
000597,东北制药,5.22,-0.3816793893129859,-0.020000000000000462,45909965.95,8792046,0,5.25,5.27,5.2,5.24
000598,兴蓉环境,7.17,1.7021276595744694,0.1200000000000001,177550386.58,24796543,0,7.06,7.22,7.04,7.05
000599,青岛双星,6.62,2.1604938271604888,0.13999999999999968,303584505.95,46158041,0,6.78,6.9,6.42,6.48
000600,建投能源,8.53,1.1862396204033172,0.09999999999999964,146616955.34,17264759,0,8.43,8.56,8.42,8.43
000601,韶能股份,4.7,-0.423728813559313,-0.019999999999999574,41704729.6,8883388,0,4.7,4.71,4.67,4.72
000603,盛达资源,30.96,1.1103853690398429,0.33999999999999986,1738298949.11,54681014,0,31.21,32.97,30.8,30.62
000605,渤海股份,6.71,0.1492537313432804,0.009999999999999787,19033078.0,2849940,0,6.7,6.73,6.63,6.7
000607,华媒控股,4.15,1.2195121951219685,0.05000000000000071,56949923.8,13759512,0,4.13,4.18,4.08,4.1
000608,*ST阳光,2.63,0.0,0.0,39861096.4,14896500,0,2.66,2.74,2.6,2.63
000609,ST中迪,8.9,1.8306636155606424,0.16000000000000014,165092069.51,19424108,0,8.7,8.9,8.3,8.74
000610,西安旅游,12.46,0.0,0.0,66432155.0,5347900,0,12.45,12.5,12.34,12.46
000612,焦作万方,11.02,-0.6311992786293985,-0.07000000000000028,576951238.61,52222307,0,11.12,11.18,10.94,11.09
000615,*ST美谷,3.49,-3.856749311294757,-0.13999999999999968,62334573.6,17778316,0,3.64,3.66,3.46,3.63
000617,中油资本,9.6,-1.1328527291452235,-0.11000000000000121,1077154705.48,111899813,0,9.65,9.75,9.54,9.71
000619,海螺新材,6.21,0.0,0.0,40058844.3,6485300,0,6.2,6.24,6.1,6.21
000620,盈新发展,2.68,-2.189781021897812,-0.06000000000000005,492233281.16,184940428,0,2.73,2.75,2.64,2.74
000622,恒立退,0.15,-11.764705882352951,-0.020000000000000018,9677324.0,61160620,0,0.16,0.17,0.15,0.17
000623,吉林敖东,19.53,-0.4587155963302745,-0.08999999999999986,196344189.02,9997129,0,19.66,19.85,19.49,19.62
000625,长安汽车,11.86,-0.33613445378152035,-0.040000000000000924,680133930.35,57107715,0,11.95,12.02,11.86,11.9
000626,远大控股,7.93,-0.7509386733416833,-0.0600000000000005,54263977.0,6870700,0,8.0,8.04,7.8,7.99
000627,*ST天茂,0.0,-100.0,-1.58,0.0,0,0,0.0,0.0,0.0,1.58
000628,高新发展,44.59,-4.2927666881304996,-2.0,458688286.47,10149744,0,45.62,46.58,44.57,46.59
000629,钒钛股份,3.1,0.0,0.0,258195129.27,83166042,0,3.09,3.14,3.08,3.1
000630,铜陵有色,6.01,3.6206896551724133,0.20999999999999996,3265062145.78,540814387,0,5.79,6.2,5.76,5.8
000631,顺发恒能,3.25,1.5624999999999944,0.04999999999999982,32083348.75,9933095,0,3.22,3.27,3.19,3.2
000632,三木集团,5.65,-4.882154882154882,-0.29000000000000004,307862356.05,54072159,0,5.9,5.95,5.61,5.94
000633,合金投资,7.21,-0.8253094910591419,-0.05999999999999961,88499998.0,12298800,0,7.33,7.33,7.15,7.27
000635,英力特,8.89,-0.8918617614269795,-0.08000000000000007,40440075.0,4543900,0,8.97,9.02,8.83,8.97
000636,风华高科,16.28,-0.6711409395973119,-0.10999999999999943,388768697.46,23600851,0,16.6,16.96,16.21,16.39
000637,茂化实华,4.3,-0.692840646651276,-0.03000000000000025,47808786.8,11216335,0,4.33,4.35,4.2,4.33
000638,*ST万方,4.68,4.932735426008963,0.21999999999999975,18966060.0,4117700,0,4.49,4.68,4.47,4.46
000639,西王食品,3.31,-0.301204819277102,-0.009999999999999787,157966337.28,47711116,0,3.34,3.35,3.27,3.32
000650,仁和药业,5.65,-0.3527336860670119,-0.019999999999999574,78414566.66,13848626,0,5.68,5.69,5.64,5.67
000651,格力电器,40.22,-0.7648655317049156,-0.3100000000000023,2027975876.95,50297268,0,40.56,40.81,40.15,40.53
000652,泰达股份,4.16,-0.7159904534606264,-0.03000000000000025,61382592.32,14732021,0,4.21,4.23,4.14,4.19
000655,金岭矿业,9.5,0.10537407797681546,0.009999999999999787,65575304.98,6900800,0,9.49,9.59,9.43,9.49
000656,*ST金科,1.44,0.0,0.0,80750696.41,56304387,0,1.44,1.45,1.43,1.44
000657,中钨高新,27.71,-1.1768901569186816,-0.3299999999999983,1841241223.54,65913610,0,28.06,28.57,27.57,28.04
000659,珠海中富,4.06,4.102564102564095,0.1599999999999997,802487697.81,196391457,0,3.87,4.29,3.79,3.9
000661,长春高新,92.55,-0.20487384084537172,-0.18999999999999773,288880600.06,3113718,0,92.92,93.54,92.44,92.74
000663,永安林业,7.38,-2.3809523809523774,-0.17999999999999972,115739398.0,15732500,0,7.6,7.64,7.23,7.56
000665,湖北广电,5.82,-3.1613976705490767,-0.1899999999999995,875557930.63,148309608,0,5.9,6.21,5.69,6.01
000668,*ST荣控,9.82,-1.0080645161290287,-0.09999999999999964,22146601.0,2268400,0,9.92,10.0,9.62,9.92
000669,ST金鸿,2.95,0.3401360544217766,0.010000000000000231,18621120.4,6358520,0,2.93,2.95,2.92,2.94
000670,盈方微,7.38,0.27173913043477677,0.019999999999999574,75197224.68,10197836,0,7.45,7.46,7.31,7.36
000672,上峰水泥,12.99,9.991532599491954,1.1799999999999997,336312381.52,25918555,0,12.98,12.99,12.73,11.81
000676,智度股份,8.63,0.9356725146198838,0.08000000000000007,351397554.92,40817401,0,8.5,8.7,8.45,8.55
000677,恒天海龙,4.39,-0.45351473922903535,-0.020000000000000462,79473545.32,18080338,0,4.44,4.45,4.36,4.41
000678,襄阳轴承,15.03,-2.655440414507773,-0.41000000000000014,690698615.83,46063535,0,15.3,15.3,14.85,15.44
000679,大连友谊,7.12,-1.3850415512465326,-0.09999999999999964,69747076.8,9797782,0,7.22,7.28,6.99,7.22
000680,山推股份,11.97,0.3352891869237295,0.040000000000000924,216116774.66,18080852,0,11.88,12.05,11.83,11.93
000681,视觉中国,23.81,4.384042086804034,1.0,2790440008.77,116128609,0,23.0,24.95,22.62,22.81
000682,东方电子,11.86,0.5937234944868557,0.07000000000000028,156425693.43,13226593,0,11.81,11.94,11.69,11.79
000683,博源化工,7.44,-1.3262599469495973,-0.09999999999999964,260905784.9,34913255,0,7.6,7.67,7.37,7.54
000685,中山公用,11.65,2.9151943462897534,0.33000000000000007,510881724.38,43681547,0,11.58,11.89,11.51,11.32
000686,东北证券,9.32,-1.4799154334038114,-0.14000000000000057,377853793.56,40199702,0,9.45,9.54,9.32,9.46
000688,国城矿业,27.8,3.499627699180943,0.9400000000000013,790762545.46,28087435,0,27.39,29.2,27.16,26.86
000690,宝新能源,4.19,-0.7109004739336342,-0.02999999999999936,134991723.4,32168727,0,4.22,4.23,4.18,4.22
000691,*ST亚太,0.0,-100.0,-9.1,0.0,0,0,0.0,0.0,0.0,9.1
000692,惠天热电,3.44,-1.1494252873563229,-0.040000000000000036,46665421.0,13502800,0,3.48,3.49,3.42,3.48
000695,滨海能源,12.71,-2.4558710667689834,-0.3199999999999985,198122316.33,15478452,0,13.04,13.1,12.7,13.03
000697,ST炼石,8.65,0.6984866123399359,0.0600000000000005,45446013.0,5237800,0,8.6,8.76,8.59,8.59
000698,ST沈化,3.66,0.27397260273973234,0.010000000000000231,17110956.2,4705580,0,3.65,3.66,3.61,3.65
000700,模塑科技,14.38,3.527717782577395,0.4900000000000002,3003886538.76,208351267,0,14.34,15.08,13.68,13.89
000701,厦门信达,6.57,-1.4992503748125883,-0.09999999999999964,163337619.0,24854700,0,6.67,6.7,6.51,6.67
000702,正虹科技,6.68,0.0,0.0,43144726.61,6516701,0,6.68,6.75,6.54,6.68
000703,恒逸石化,10.77,-1.9125683060109366,-0.21000000000000085,478075896.01,44565749,0,10.61,10.88,10.48,10.98
000705,浙江震元,9.05,0.0,0.0,49575936.0,5486700,0,9.08,9.12,8.99,9.05
000707,双环科技,6.05,-1.1437908496732072,-0.07000000000000028,41106312.5,6773450,0,6.14,6.14,6.02,6.12
000708,中信特钢,16.37,1.2995049504950549,0.21000000000000085,176372398.37,10803754,0,16.35,16.48,16.18,16.16
000709,河钢股份,2.31,-0.858369098712447,-0.020000000000000018,202921143.48,87747568,0,2.32,2.34,2.3,2.33
000710,贝瑞基因,11.29,1.1648745519713173,0.129999999999999,70041961.0,6215000,0,11.22,11.43,11.1,11.16
000711,ST京蓝,1.71,-1.7241379310344844,-0.030000000000000027,87501123.8,50929480,0,1.73,1.74,1.71,1.74
000712,锦龙股份,12.02,-1.069958847736632,-0.13000000000000078,112045640.04,9277772,0,12.1,12.17,12.02,12.15
000713,国投丰乐,6.62,-0.6006006006006012,-0.040000000000000036,49866999.64,7529802,0,6.66,6.68,6.6,6.66
000715,中兴商业,6.29,-2.177293934681177,-0.13999999999999968,114129230.51,17987397,0,6.5,6.51,6.28,6.43
000716,黑芝麻,6.23,-0.7961783439490419,-0.04999999999999982,110167085.37,17658278,0,6.26,6.33,6.2,6.28
000717,中南股份,2.59,0.0,0.0,57613785.86,22394698,0,2.59,2.6,2.55,2.59
000718,苏宁环球,2.29,0.8810572687224677,0.020000000000000018,67583522.61,29607423,0,2.29,2.3,2.26,2.27
000719,中原传媒,11.76,0.9442060085836861,0.10999999999999943,96260292.4,8150439,0,11.66,11.9,11.65,11.65
000720,新能泰山,3.27,-1.506024096385537,-0.04999999999999982,45163108.34,13794542,0,3.3,3.32,3.26,3.32
000721,西安饮食,8.95,0.11185682326621685,0.009999999999999787,120769815.0,13523300,0,8.96,8.98,8.85,8.94
000722,湖南发展,11.8,1.2875536480686725,0.15000000000000036,74718136.05,6325669,0,11.76,11.97,11.72,11.65
000723,美锦能源,4.7,-1.2605042016806642,-0.05999999999999961,206220035.96,43611362,0,4.76,4.8,4.7,4.76
000725,京东方Ａ,4.21,0.9592326139088737,0.040000000000000036,3445261536.7,817879846,0,4.17,4.27,4.15,4.17
000726,鲁泰Ａ,7.12,-0.1402524544179493,-0.009999999999999787,38669033.7,5410483,0,7.16,7.19,7.11,7.13
000727,冠捷科技,2.54,-0.7812500000000007,-0.020000000000000018,188146243.44,73859323,0,2.57,2.57,2.52,2.56
000728,国元证券,8.35,-0.3579952267303238,-0.030000000000001137,173519059.46,20679489,0,8.39,8.44,8.34,8.38
000729,燕京啤酒,11.23,0.4472271914132443,0.05000000000000071,309112684.44,27452815,0,11.22,11.36,11.18,11.18
000731,四川美丰,6.54,-0.45662100456621385,-0.03000000000000025,23339231.33,3572518,0,6.58,6.58,6.5,6.57
000733,振华科技,52.41,0.5950095969289735,0.30999999999999517,975460726.98,18714698,0,51.9,52.66,51.39,52.1
000735,罗牛山,9.04,0.444444444444435,0.03999999999999915,857225597.88,95162995,0,9.04,9.26,8.79,9.0
000736,*ST中地,5.37,0.939849624060147,0.04999999999999982,31795253.61,5957200,0,5.3,5.38,5.28,5.32
000737,北方铜业,15.39,2.0557029177718866,0.3100000000000005,1829484571.98,117567229,0,15.11,15.88,14.99,15.08
000738,航发控制,21.31,1.8642447418737904,0.389999999999997,832731310.76,39237649,0,20.71,21.6,20.71,20.92
000739,普洛药业,16.27,0.0,0.0,85456478.49,5265697,0,16.26,16.38,16.14,16.27
000750,国海证券,4.24,-0.4694835680751074,-0.019999999999999574,181706750.0,42651670,0,4.26,4.3,4.23,4.26
000751,锌业股份,4.09,0.4914004914004809,0.019999999999999574,215503266.03,52521568,0,4.06,4.15,4.04,4.07
000752,ST西发,10.99,1.571164510166358,0.16999999999999993,28569053.0,2639900,0,10.83,11.02,10.63,10.82
000753,漳州发展,7.87,-1.6249999999999987,-0.1299999999999999,358164244.0,45803050,0,7.98,7.99,7.72,8.0
000755,山西高速,5.02,-0.594059405940599,-0.03000000000000025,37576506.47,7472186,0,5.08,5.08,5.0,5.05
000756,新华制药,15.41,-0.772698003863485,-0.11999999999999922,137631322.45,8911427,0,15.55,15.58,15.4,15.53
000757,浩物股份,4.87,-0.8146639511201635,-0.040000000000000036,32688248.0,6713700,0,4.93,4.93,4.84,4.91
000758,中色股份,6.64,2.31124807395993,0.14999999999999947,549080768.26,82779107,0,6.49,6.74,6.49,6.49
000759,中百集团,7.58,-2.1935483870967736,-0.16999999999999993,453464616.3,59329959,0,7.86,7.89,7.57,7.75
000761,本钢板材,3.35,0.0,0.0,28852977.69,8639139,0,3.34,3.37,3.3,3.35
000762,西藏矿业,26.27,-1.0546139359698723,-0.28000000000000114,427347868.75,16101762,0,26.55,27.06,26.19,26.55
000766,通化金马,27.49,0.3650967506389115,0.09999999999999787,533169114.51,19459777,0,27.39,27.88,26.98,27.39
000767,晋控电力,2.8,-0.3558718861210047,-0.010000000000000231,77537126.0,27662600,0,2.82,2.83,2.79,2.81
000768,中航西飞,25.38,1.357827476038338,0.33999999999999986,803183448.46,31680101,0,25.07,25.5,25.01,25.04
000776,广发证券,22.02,0.27322404371584114,0.05999999999999872,1031235470.14,46415169,0,21.92,22.48,21.92,21.96
000777,中核科技,25.85,0.0,0.0,932441514.42,36147952,0,26.0,26.32,25.3,25.85
000778,新兴铸管,4.18,0.0,0.0,158173690.29,37873787,0,4.18,4.2,4.15,4.18
000779,甘咨询,8.21,0.0,0.0,22952103.14,2803151,0,8.21,8.25,8.14,8.21
000782,恒申新材,4.96,-0.8000000000000007,-0.040000000000000036,138935099.07,27780901,0,5.03,5.1,4.91,5.0
000783,长江证券,8.15,-0.488400488400478,-0.03999999999999915,363788399.8,44386120,0,8.18,8.26,8.14,8.19
000785,居然智家,2.92,-0.680272108843538,-0.020000000000000018,141356400.21,48315996,0,2.96,2.97,2.91,2.94
000786,北新建材,24.97,0.7667473769168592,0.18999999999999773,344169186.84,13722524,0,24.79,25.28,24.76,24.78
000788,北大医药,6.11,0.1639344262295193,0.010000000000000675,85453058.0,14041900,0,6.12,6.13,6.02,6.1
000789,万年青,5.23,-0.7590132827324317,-0.03999999999999915,23103349.38,4414495,0,5.3,5.3,5.21,5.27
000790,华神科技,3.87,-0.25773195876288113,-0.009999999999999787,39309633.05,10209510,0,3.9,3.91,3.81,3.88
000791,甘肃能源,6.45,-0.7692307692307665,-0.04999999999999982,90530273.32,14007959,0,6.5,6.51,6.44,6.5
000792,盐湖股份,28.16,1.5140591204037552,0.4200000000000017,2787219870.13,97980958,0,28.0,28.96,27.98,27.74
000793,ST华闻,2.78,-0.3584229390681086,-0.010000000000000231,40925683.0,14660520,0,2.79,2.84,2.76,2.79
000795,英洛华,9.97,-0.10020040080160107,-0.009999999999999787,93187618.74,9335293,0,10.0,10.04,9.93,9.98
000796,凯撒旅业,7.2,6.038291605301917,0.41000000000000014,1331624961.61,189086753,0,6.86,7.37,6.73,6.79
000797,中国武夷,3.93,-3.4398034398034425,-0.14000000000000012,391198221.43,98708066,0,4.13,4.13,3.89,4.07
000798,中水渔业,10.58,-0.5639097744360949,-0.0600000000000005,190107025.53,18050439,0,10.66,10.68,10.42,10.64
000799,酒鬼酒,54.58,-1.301989150090414,-0.7199999999999989,346723741.46,6314875,0,55.3,55.85,54.5,55.3
000800,一汽解放,6.78,0.0,0.0,61543823.46,9095017,0,6.79,6.81,6.73,6.78
000801,四川九洲,16.96,0.29568302779420885,0.05000000000000071,463305794.9,27337941,0,17.09,17.2,16.66,16.91
000802,500沪市,7610.3846,0.15949560700411405,12.118900000000394,161581548419.0,87923127,0,7611.5085,7630.1567,7582.0929,7598.2657
000803,山高环能,7.15,0.9887005649717555,0.07000000000000028,108853642.2,15161560,0,7.06,7.29,7.06,7.08
000807,云铝股份,32.84,3.7598736176935383,1.1900000000000048,1888995533.33,58504083,0,31.62,33.0,31.36,31.65
000809,和展能源,3.64,9.969788519637463,0.33000000000000007,241196302.55,67205280,0,3.31,3.64,3.24,3.31
000810,创维数字,11.78,0.5977796754910205,0.06999999999999851,128487287.56,10896802,0,11.75,11.85,11.69,11.71
000811,冰轮环境,18.52,-1.2793176972281555,-0.240000000000002,466383123.26,24985079,0,18.67,19.0,18.5,18.76
000812,陕西金叶,4.78,0.2096436058700351,0.010000000000000675,109912170.62,22948350,0,4.79,4.87,4.74,4.77
000813,德展健康,3.84,-0.5181347150259072,-0.020000000000000018,72911712.54,19017647,0,3.86,3.87,3.81,3.86
000815,美利云,11.19,0.26881720430106953,0.02999999999999936,81178240.08,7241100,0,11.2,11.26,11.14,11.16
000816,智慧农业,3.68,-5.154639175257725,-0.19999999999999973,570069138.04,154106203,0,3.78,3.84,3.6,3.88
000818,航锦科技,19.3,0.2076843198338481,0.03999999999999915,186467577.23,9688047,0,19.33,19.44,19.05,19.26
000819,有色金属,9342.4894,0.9355605366694587,86.59450000000106,86839020406.0,41125774,0,9253.9148,9508.8054,9247.7293,9255.8949
000820,*ST节能,3.39,0.5934718100890213,0.020000000000000018,11190568.08,3332869,0,3.37,3.4,3.31,3.37
000821,京山轻机,13.47,-0.14825796886582338,-0.019999999999999574,318377118.11,23603500,0,13.46,13.68,13.25,13.49
000822,山东海化,5.25,-0.943396226415091,-0.04999999999999982,46682027.04,8885010,0,5.32,5.32,5.21,5.3
000823,800有色,10822.3398,1.1088136407071847,118.6836000000003,81304210900.0,38796896,0,10700.097,11005.977,10692.0363,10703.6562
000825,太钢不锈,4.89,-0.6097560975609807,-0.03000000000000025,418049969.76,85976213,0,4.9,4.93,4.81,4.92
000826,启迪环境,2.22,1.3698630136986416,0.03000000000000025,98406239.35,44514399,0,2.18,2.26,2.16,2.19
000828,300高贝,0.0,0.0,0.0,0.0,0,0,0.0,0.0,0.0,0.0
000829,天音控股,10.91,3.412322274881511,0.35999999999999943,474767404.88,43864830,0,10.63,11.14,10.41,10.55
000830,鲁西化工,16.57,-0.6594724220623467,-0.10999999999999943,264733275.6,16032538,0,16.6,16.68,16.32,16.68
000831,中国稀土,46.44,0.34572169403629344,0.1599999999999966,791286642.95,17085323,0,46.27,46.69,45.9,46.28
000833,粤桂股份,19.46,4.905660377358491,0.9100000000000001,892039238.15,46643036,0,18.7,19.75,18.4,18.55
000837,秦川机床,12.88,-0.8468052347959925,-0.10999999999999943,312535098.12,24273380,0,13.02,13.03,12.81,12.99
000838,财信发展,3.09,0.9803921568627386,0.029999999999999805,89555671.42,29170190,0,3.1,3.12,3.01,3.06
000839,国安股份,2.64,1.1494252873563313,0.03000000000000025,64974803.0,24705200,0,2.61,2.65,2.6,2.61
000848,承德露露,8.5,-0.11750881316098458,-0.009999999999999787,50138035.35,5889794,0,8.51,8.55,8.49,8.51
000850,华茂股份,5.47,0.9225092250922476,0.04999999999999982,123074950.12,22597944,0,5.42,5.53,5.37,5.42
000851,百发100,20665.657,-0.19757884753944205,-40.911800000001676,41732574913.0,20402298,0,20744.7916,20754.3795,20560.761,20706.5688
000852,中证1000,7595.2845,-0.026516002595135795,-2.0145000000002256,440672066748.0,244549231,0,7606.6462,7619.2214,7560.7229,7597.299
000856,500工业,7579.0263,0.2743305114081717,20.734700000000885,120873064816.0,48961195,0,7569.3067,7599.2713,7541.6067,7558.2916
000858,500信息,10538.8842,0.06168307043393239,6.4966999999996915,96578067549.0,24251175,0,10596.8653,10609.4751,10452.2178,10532.3875
000859,国风新材,10.12,-6.035283194057571,-0.6500000000000004,1564444618.04,153070064,0,10.74,10.77,9.86,10.77
000860,顺鑫农业,14.65,-0.8795669824086536,-0.129999999999999,72245523.4,4912156,0,14.8,14.82,14.63,14.78
000862,银星能源,5.84,0.34364261168384147,0.019999999999999574,73084276.19,12582064,0,5.82,5.87,5.75,5.82
000863,CS精准医,2658.3235,-0.36127573321690887,-9.638699999999972,13693797632.0,2623687,0,2666.4108,2677.8286,2653.8694,2667.9622
000868,安凯客车,4.98,1.014198782961475,0.05000000000000071,59177677.0,11960300,0,4.94,4.98,4.89,4.93
000869,HK银行,4404.628,-0.3017569536343697,-13.331500000000233,6999144932.0,7738723,0,4413.7569,4414.9558,4377.7297,4417.9595
000875,吉电股份,5.64,0.17761989342806014,0.009999999999999787,191141698.15,33826049,0,5.62,5.67,5.61,5.63
000876,新希望,9.22,-0.43196544276456966,-0.03999999999999915,184891183.15,20091947,0,9.26,9.27,9.15,9.26
000877,天山股份,5.32,-0.37453183520598454,-0.019999999999999574,43930011.21,8236963,0,5.35,5.37,5.3,5.34
000878,云南铜业,20.51,5.50411522633745,1.0700000000000003,3423753271.11,167617696,0,19.49,20.94,19.36,19.44
000880,潍柴重机,27.32,-0.364697301239976,-0.10000000000000142,235496372.98,8636040,0,27.4,27.55,27.0,27.42
000881,中广核技,9.05,1.343784994400907,0.120000000000001,251429594.0,27929600,0,9.06,9.13,8.82,8.93
000882,华联股份,2.06,0.0,0.0,182880013.0,88472900,0,2.08,2.1,2.05,2.06
000883,湖北能源,4.54,-0.4385964912280609,-0.019999999999999574,64657782.0,14210400,0,4.56,4.57,4.54,4.56
000885,城发环境,13.72,0.07293946024799261,0.009999999999999787,40446177.31,2948836,0,13.71,13.78,13.65,13.71
000886,海南高速,6.86,1.6296296296296344,0.11000000000000032,356035540.4,52434730,0,6.79,6.97,6.65,6.75
000887,中鼎股份,23.21,-2.273684210526312,-0.5399999999999991,1046816060.03,44727335,0,23.82,23.9,23.17,23.75
000888,峨眉山Ａ,13.12,2.1806853582554466,0.27999999999999936,231445385.52,17777489,0,12.88,13.17,12.77,12.84
000889,中嘉博创,3.6,-1.6393442622950833,-0.06000000000000005,43241842.0,12006080,0,3.67,3.67,3.57,3.66
000890,法尔胜,5.07,-1.744186046511625,-0.08999999999999986,144652089.86,28300601,0,5.23,5.24,5.06,5.16
000892,欢瑞世纪,6.98,2.0467836257310026,0.14000000000000057,516916723.5,73757600,0,6.83,7.19,6.77,6.84
000893,亚钾国际,47.97,0.06257822277847547,0.030000000000001137,341526961.36,7134472,0,48.09,48.4,47.22,47.94
000895,双汇发展,26.47,-0.9726898615787563,-0.26000000000000156,239800620.05,9029823,0,26.7,26.78,26.4,26.73
000897,津滨发展,2.28,0.4405286343612241,0.009999999999999787,38966118.0,17134700,0,2.27,2.29,2.26,2.27
000898,鞍钢股份,2.53,0.0,0.0,57899613.16,22892175,0,2.53,2.55,2.51,2.53
000899,赣能股份,9.9,-1.197604790419154,-0.11999999999999922,80211841.94,8061301,0,10.08,10.12,9.88,10.02
000900,现代投资,4.09,0.0,0.0,35938824.22,8796278,0,4.08,4.1,4.07,4.09
000901,小康指数,6343.6922,0.0770270809206956,4.882600000000821,89261581084.0,58364750,0,6337.2306,6366.4403,6326.4446,6338.8096
000902,新洋丰,15.62,-0.6361323155216375,-0.10000000000000142,60844878.76,3892116,0,15.65,15.72,15.56,15.72
000903,中证A100,4486.4672,-0.6180818553695357,-27.902500000000146,235063355336.0,72848226,0,4521.665,4530.3344,4479.5442,4514.3697
000905,中证500,7465.5742,0.08899660755904494,6.6382000000003245,380369638019.0,194427743,0,7473.7519,7488.0663,7435.0664,7458.936
000906,中证800,5109.1745,-0.3109979905810926,-15.939000000000306,824861183768.0,365187967,0,5132.0429,5143.1457,5097.3862,5125.1135
000908,*ST景峰,7.19,-1.2362637362637343,-0.08999999999999986,65930526.58,9148981,0,7.24,7.3,7.15,7.28
000909,ST数源,5.57,0.0,0.0,12582349.16,2262208,0,5.58,5.65,5.47,5.57
000910,大亚圣象,7.46,0.13422818791946023,0.009999999999999787,28970575.55,3885021,0,7.45,7.51,7.4,7.45
000911,广农糖业,7.31,-0.6793478260869661,-0.05000000000000071,43965763.0,6035700,0,7.35,7.4,7.23,7.36
000912,泸天化,4.15,-0.9546539379474948,-0.040000000000000036,43305141.77,10465715,0,4.19,4.2,4.1,4.19
000913,300医药,8210.3079,-0.8000052679142248,-66.21260000000075,13551181908.0,2643835,0,8274.2025,8316.0724,8200.7243,8276.5205
000915,华特达因,33.04,0.12121212121211863,0.03999999999999915,89008647.74,2687021,0,32.99,33.48,32.94,33.0
000917,电广传媒,10.28,-0.6763285024154617,-0.07000000000000028,1611371528.84,155648491,0,10.36,10.94,10.05,10.35
000919,金陵药业,7.95,5.577689243027888,0.41999999999999993,329553867.8,41769615,0,7.57,8.24,7.57,7.53
000920,沃顿科技,12.45,0.16090104585679463,0.019999999999999574,35749718.19,2866166,0,12.44,12.55,12.39,12.43
000921,海信家电,24.81,-1.3910969793322792,-0.3500000000000014,248689600.64,9970226,0,25.27,25.58,24.76,25.16
000922,佳电股份,13.76,0.7320644216691043,0.09999999999999964,180166377.02,13056889,0,13.68,13.95,13.62,13.66
000923,河钢资源,21.17,0.8095238095238176,0.1700000000000017,290267665.01,13650339,0,21.1,21.66,20.98,21.0
000925,众合科技,8.98,2.7459954233409634,0.2400000000000002,439646340.0,49314800,0,8.76,9.08,8.66,8.74
000926,福星股份,2.25,-0.44247787610618533,-0.009999999999999787,57156616.84,25394171,0,2.26,2.27,2.22,2.26
000927,中国铁物,2.61,0.7722007722007729,0.020000000000000018,104928584.0,40278200,0,2.59,2.63,2.58,2.59
000928,中证能源,2946.785,-0.12236665371586916,-3.6103000000002794,9894320112.0,9671487,0,2947.921,2964.9452,2931.9562,2950.3953
000929,*ST兰黄,8.81,-1.0112359550561782,-0.08999999999999986,17663565.0,2002100,0,8.88,8.9,8.77,8.9
000930,中粮科技,5.77,-0.5172413793103492,-0.03000000000000025,62252183.01,10816323,0,5.79,5.8,5.72,5.8
000931,中关村,4.87,0.20576131687242358,0.009999999999999787,28368819.53,5832553,0,4.87,4.9,4.83,4.86
000932,中证消费,15248.5705,-0.6505814326415025,-99.85399999999936,18842089771.0,7037507,0,15342.2434,15363.3271,15212.1427,15348.4245
000933,中证医药,8090.6803,-0.636976413177089,-51.86610000000019,23181876171.0,7903381,0,8139.3132,8168.8263,8081.4018,8142.5464
000935,中证信息,6418.0927,-0.8069879463066653,-52.214600000000246,212530489043.0,52704099,0,6509.6625,6514.8739,6405.5795,6470.3073
000936,华西股份,8.23,-4.079254079254075,-0.34999999999999964,545235262.93,65614722,0,8.41,8.51,8.22,8.58
000937,冀中能源,5.38,-0.3703703703703789,-0.020000000000000462,57853616.5,10766660,0,5.41,5.41,5.36,5.4
000938,紫光股份,24.6,-0.5256773150020178,-0.129999999999999,856636038.29,34787409,0,24.73,24.79,24.47,24.73
000948,南天信息,17.95,0.6165919282511179,0.10999999999999943,167736493.8,9365177,0,17.72,18.15,17.62,17.84
000949,新乡化纤,5.5,-1.2567324955116748,-0.07000000000000028,257137112.88,46871261,0,5.55,5.57,5.39,5.57
000950,重药控股,5.82,-2.0202020202020217,-0.1200000000000001,324903376.24,55509565,0,5.99,6.0,5.81,5.94
000951,中国重汽,16.9,1.9300361881785304,0.3200000000000003,345150801.09,20325772,0,16.73,17.15,16.73,16.58
000952,广济药业,7.03,0.5722460658082981,0.040000000000000036,77553392.4,11083620,0,7.05,7.09,6.91,6.99
000953,河化股份,7.22,0.0,0.0,71138390.19,9874239,0,7.29,7.3,7.12,7.22
000955,欣龙控股,6.22,-0.1605136436597219,-0.010000000000000675,183034614.68,29494904,0,6.32,6.36,6.06,6.23
000957,中通客车,11.42,4.197080291970794,0.4599999999999991,330420236.27,29115085,0,11.04,11.6,11.0,10.96
000958,创业成长,0.0,0.0,0.0,0.0,0,0,0.0,0.0,0.0,0.0
000959,首钢股份,4.9,0.0,0.0,133248297.15,27299885,0,4.9,4.92,4.85,4.9
000960,锡业股份,27.88,1.1244105912223383,0.3099999999999987,1126232760.18,40497333,0,27.48,28.29,27.23,27.57
000962,东方钽业,33.06,5.859750240153704,1.8300000000000018,960559854.34,29472733,0,31.18,33.6,31.0,31.23
000963,华东医药,39.45,0.9984639016897094,0.39000000000000057,360792122.43,9200640,0,38.81,39.46,38.72,39.06
000965,天保基建,3.92,0.5128205128205132,0.020000000000000018,95970621.12,24549042,0,3.92,3.94,3.86,3.9
000966,基本400,0.0,0.0,0.0,0.0,0,0,0.0,0.0,0.0,0.0
000967,盈峰环境,7.34,-0.27173913043478887,-0.020000000000000462,205241623.38,27892732,0,7.36,7.41,7.31,7.36
000968,蓝焰控股,6.61,0.0,0.0,59636562.0,9033600,0,6.63,6.66,6.56,6.61
000969,安泰科技,21.01,1.5466408893185126,0.3200000000000003,1816602648.29,87396962,0,20.61,21.25,20.31,20.69
000970,中科三环,13.56,-0.29411764705881727,-0.03999999999999915,224842880.36,16536073,0,13.6,13.7,13.51,13.6
000972,*ST中基,3.92,3.703703703703707,0.14000000000000012,59044123.63,15193009,0,3.81,3.95,3.79,3.78
000973,佛塑科技,14.7,-0.2713704206241582,-0.040000000000000924,918707850.03,62340891,0,14.88,15.07,14.51,14.74
000975,山金国际,24.33,0.24721878862793045,0.05999999999999872,704023879.22,28871191,0,24.17,24.79,23.96,24.27
000977,浪潮信息,66.6,-1.4209591474245231,-0.960000000000008,2056595683.9,30676572,0,67.8,67.89,66.49,67.56
000978,桂林旅游,7.24,2.25988700564972,0.16000000000000014,119615775.29,16615400,0,7.08,7.3,7.06,7.08
000980,众泰汽车,3.53,-1.3966480446927447,-0.050000000000000266,303844657.24,85648004,0,3.57,3.6,3.52,3.58
000981,山子高科,4.16,3.2258064516129004,0.1299999999999999,8706146266.65,2150993816,0,4.16,4.42,3.8,4.03
000983,山西焦煤,6.42,-0.7727975270479107,-0.04999999999999982,123744384.51,19251692,0,6.45,6.47,6.4,6.47
000985,大庆华科,19.11,-1.342281879194639,-0.26000000000000156,66513385.0,3469200,0,19.5,19.5,18.94,19.37
000987,全指材料,5010.6273,0.5824358963601408,29.01469999999972,159336818759.0,86169265,0,4980.3469,5064.7467,4972.3083,4981.6126
000988,华工科技,79.33,-1.709825300458426,-1.3799999999999955,3433086397.38,43120631,0,81.0,81.05,78.53,80.71
000989,全指可选,5593.3416,-0.17514239432708553,-9.813500000000204,110394217700.0,46069208,0,5623.0261,5625.5856,5570.2632,5603.1551
000990,全指消费,0.0,0.0,0.0,0.0,0,0,0.0,0.0,0.0,0.0
000993,全指信息,8486.9519,-0.7717028522293294,-66.0033999999996,237732469430.0,60144068,0,8607.4447,8615.3453,8472.009,8552.9553
000995,皇台酒业,12.51,-1.1067193675889373,-0.14000000000000057,68587803.95,5469103,0,12.65,12.76,12.48,12.65
000997,新大陆,28.32,1.7241379310344844,0.4800000000000004,816198106.51,29036761,0,27.45,28.59,27.45,27.84
000998,中证TMT,0.0,0.0,0.0,0.0,0,0,0.0,0.0,0.0,0.0
000999,华润三九,28.46,-0.28030833917308445,-0.0799999999999983,118744992.98,4172374,0,28.56,28.56,28.37,28.54
001201,东瑞股份,14.57,-0.8168822328114311,-0.11999999999999922,31002086.2,2127600,0,14.68,14.77,14.49,14.69
001202,炬申股份,15.86,0.4433185560481336,0.07000000000000028,22361619.9,1413320,0,15.78,15.91,15.61,15.79
001203,大中矿业,30.65,-1.4786242365798805,-0.46000000000000085,840440176.73,26919377,0,31.1,32.5,30.4,31.11
001205,盛航股份,17.1,0.11709601873538132,0.020000000000003126,46598792.0,2734500,0,17.08,17.19,16.95,17.08
001206,依依股份,29.71,-2.558215808461783,-0.7799999999999976,77974571.32,2600640,0,30.64,30.85,29.71,30.49
001207,联科科技,25.37,0.9148766905330168,0.23000000000000043,69771070.0,2761400,0,25.13,25.6,24.9,25.14
001208,华菱线缆,24.04,-1.3945857260049215,-0.33999999999999986,3319082089.96,139718046,0,24.45,24.87,22.44,24.38
001209,洪兴股份,20.86,2.6069847515986284,0.5300000000000011,118627834.0,5687860,0,20.34,21.44,20.15,20.33
001210,金房能源,17.13,-2.28180262407303,-0.40000000000000213,44974960.28,2578709,0,17.67,17.78,17.1,17.53
001211,双枪科技,26.44,1.1863758132414937,0.3100000000000023,52604287.0,1999500,0,26.15,26.58,25.91,26.13
001212,中旗新材,50.7,0.01972775695404442,0.010000000000005116,248725321.94,4895419,0,51.3,51.4,50.1,50.69
001213,中铁特货,4.05,0.24752475247524225,0.009999999999999787,31738240.0,7837000,0,4.06,4.06,4.04,4.04
001215,千味央厨,38.5,4.110329908058419,1.5200000000000031,108252321.1,2857190,0,37.0,38.85,36.96,36.98
001216,华瓷股份,17.11,-1.4400921658986174,-0.25,99903141.0,5842400,0,17.3,17.35,16.93,17.36
001217,华尔泰,13.9,-3.739612188365645,-0.5399999999999991,251348499.0,17966300,0,14.44,14.54,13.84,14.44
001218,丽臣实业,22.78,-0.9565217391304299,-0.21999999999999886,22320142.52,978517,0,22.9,23.01,22.69,23.0
001219,青岛食品,14.25,0.8492569002123087,0.11999999999999922,35478967.92,2499070,0,14.12,14.29,14.07,14.13
001222,源飞宠物,23.66,0.16934801016087697,0.03999999999999915,35203191.96,1496068,0,23.59,23.68,23.27,23.62
001223,欧克科技,48.58,0.1649484536082439,0.0799999999999983,43917448.6,909040,0,48.13,49.1,47.53,48.5
001225,和泰机电,57.17,3.009009009009012,1.6700000000000017,56734073.4,999112,0,55.92,58.25,55.0,55.5
001226,拓山重工,44.2,1.7964071856287451,0.7800000000000011,58348221.0,1326700,0,43.77,44.48,43.02,43.42
001227,兰州银行,2.32,0.0,0.0,57093675.16,24585456,0,2.32,2.33,2.31,2.32
001228,永泰运,26.24,0.4209720627631054,0.10999999999999943,23360075.0,890000,0,26.15,26.49,26.02,26.13
001229,魅视科技,43.42,0.9532666821669465,0.4100000000000037,198168613.92,4617134,0,43.02,43.6,41.99,43.01
001230,劲旅环境,21.79,0.0,0.0,29477946.4,1348980,0,21.93,21.96,21.71,21.79
001231,农心科技,24.94,10.013233348037051,2.2699999999999996,223851080.27,9266800,0,22.76,24.94,22.3,22.67
001234,泰慕士,27.12,0.5934718100890213,0.16000000000000014,47162625.68,1746633,0,27.3,27.3,26.74,26.96
001236,弘业期货,10.6,-1.3953488372093057,-0.15000000000000036,126306450.43,11851836,0,10.74,10.78,10.59,10.75
001238,浙江正特,49.4,-0.2825999192571671,-0.14000000000000057,15415288.42,312074,0,49.84,49.84,49.11,49.54
001239,永达股份,16.32,0.18416206261510829,0.030000000000001137,34506111.0,2121200,0,16.25,16.35,16.16,16.29
001255,博菲电气,32.03,-0.40422885572137895,-0.12999999999999545,58834522.1,1844730,0,32.16,32.27,31.57,32.16
001256,炜冈科技,22.34,1.4532243415077215,0.3200000000000003,37581360.0,1698100,0,21.95,22.36,21.91,22.02
001258,立新能源,7.11,0.708215297450435,0.05000000000000071,39997609.0,5639600,0,7.07,7.12,7.04,7.06
001259,利仁科技,30.01,0.033333333333338544,0.010000000000001563,27031448.0,905000,0,30.23,30.23,29.55,30.0
001260,坤泰股份,20.12,0.24912805181863834,0.05000000000000071,25098087.0,1256600,0,20.0,20.24,19.7,20.07
001266,宏英智能,39.37,10.002794076557693,3.5799999999999983,393358224.63,10105339,0,37.13,39.37,37.13,35.79
001267,汇绿生态,21.9,0.04568296025581549,0.00999999999999801,1007123064.97,45534780,0,21.86,22.77,21.62,21.89
001268,联合精密,35.53,-5.050774986638162,-1.8900000000000006,158482964.3,4395220,0,37.11,37.5,35.5,37.42
001269,欧晶科技,24.08,0.7531380753138064,0.17999999999999972,29733007.2,1242220,0,23.94,24.17,23.66,23.9
001270,*ST铖昌,91.67,5.005727376861403,4.3700000000000045,1104497551.28,12105584,0,89.03,91.67,89.03,87.3
001277,速达股份,39.5,0.5600814663951091,0.21999999999999886,28572655.2,723792,0,39.2,39.83,39.12,39.28
001278,一彬科技,19.34,-1.1752682677567727,-0.23000000000000043,37706645.2,1949473,0,19.6,19.8,19.18,19.57
001279,强邦新材,34.24,0.14624159110852372,0.05000000000000426,18451137.6,538421,0,34.38,34.4,34.0,34.19
001282,三联锻造,21.32,0.6134969325153327,0.129999999999999,89315266.5,4203115,0,21.35,21.44,21.0,21.19
001283,豪鹏科技,70.0,0.9081735620585202,0.6299999999999955,195665930.0,2798700,0,69.99,70.56,69.41,69.37
001286,陕西能源,9.31,-0.9574468085106367,-0.08999999999999986,132625939.9,14207310,0,9.4,9.44,9.27,9.4
001287,中电港,22.66,-0.6140350877193007,-0.14000000000000057,263234961.62,11606626,0,22.88,22.95,22.45,22.8
001288,运机集团,31.95,2.469531751122513,0.7699999999999996,109628318.96,3436252,0,31.25,32.4,31.25,31.18
001289,龙源电力,15.04,0.266666666666661,0.03999999999999915,47429023.98,3157521,0,15.0,15.07,14.96,15.0
001296,长江材料,26.27,-0.07607455306199913,-0.019999999999999574,131188858.04,5005208,0,26.68,26.68,25.84,26.29
001298,好上好,29.59,-0.26963262554769746,-0.08000000000000185,151789578.24,5125866,0,30.0,30.34,29.33,29.67
001299,美能能源,14.71,10.022438294689616,1.3400000000000016,431813263.86,29730726,0,14.0,14.71,13.86,13.37
001300,三柏硕,15.45,1.5111695137976258,0.22999999999999865,116585021.0,7602300,0,15.29,15.55,15.08,15.22
001301,尚太科技,85.81,-0.6828703703703743,-0.5900000000000034,201134167.22,2339946,0,86.66,87.27,85.14,86.4
001306,夏厦精密,89.0,-2.0902090209020963,-1.9000000000000057,167551823.2,1888279,0,90.97,90.97,87.21,90.9
001308,康冠科技,20.86,0.0479616306954341,0.00999999999999801,30930755.19,1483203,0,20.96,20.98,20.73,20.85
001309,德明利,231.89,-3.64814891760502,-8.780000000000001,2904547582.07,12503520,0,238.38,240.6,228.0,240.67
001311,多利科技,32.08,0.0,0.0,255937511.26,8018004,0,32.0,32.6,31.41,32.08
001313,粤海饲料,7.32,0.27397260273973234,0.020000000000000462,77734878.0,10725500,0,7.3,7.38,7.16,7.3
001314,亿道信息,44.81,1.128413450688332,0.5,133107922.4,2969500,0,45.21,45.54,44.0,44.31
001316,润贝航科,39.48,5.308082155241384,1.9899999999999949,231549266.4,5931980,0,37.5,41.0,37.31,37.49
001317,三羊马,55.11,-1.6419775120471207,-0.9200000000000017,630145517.64,11594087,0,55.3,56.44,51.17,56.03
001318,阳光乳业,15.58,-1.64141414141414,-0.2599999999999998,123889816.6,7924580,0,15.84,15.85,15.51,15.84
001319,铭科精技,27.47,-0.14540167211923918,-0.0400000000000027,111278531.95,4053342,0,27.5,27.65,27.2,27.51
001322,箭牌家居,8.87,-0.337078651685406,-0.030000000000001137,24017308.01,2712547,0,8.91,8.95,8.8,8.9
001323,慕思股份,25.96,-0.38372985418264727,-0.09999999999999787,25712737.78,993004,0,26.01,26.3,25.68,26.06
001324,长青科技,18.04,0.6696428571428428,0.11999999999999744,20259212.47,1130879,0,17.97,18.06,17.73,17.92
001326,联域股份,47.22,2.988004362050158,1.3699999999999974,118643336.14,2534440,0,45.86,47.99,45.37,45.85
001328,登康口腔,39.48,1.2307692307692228,0.4799999999999969,57312501.79,1451469,0,39.22,39.88,38.98,39.0
001330,博纳影业,7.6,-3.430749682337998,-0.27000000000000046,942803636.52,122998993,0,7.87,7.96,7.55,7.87
001331,胜通能源,0.0,-100.0,-46.31,0.0,0,0,0.0,0.0,0.0,46.31
001332,锡装股份,56.19,3.7864794975988123,2.049999999999997,225206018.16,4087420,0,54.0,58.1,52.66,54.14
001333,光华股份,21.5,0.7969995311767545,0.1700000000000017,25899117.0,1209900,0,21.58,21.58,21.21,21.33
001336,楚环科技,24.46,-2.199120351859259,-0.5500000000000007,86630687.93,3535735,0,25.01,25.01,24.21,25.01
001337,四川黄金,27.86,-0.8540925266903985,-0.240000000000002,286464032.48,10217749,0,28.07,28.53,27.73,28.1
001338,永顺泰,12.11,0.0826446280991718,0.009999999999999787,66152889.52,5467604,0,12.16,12.2,12.02,12.1
001339,智微智能,51.11,2.609917687211398,1.2999999999999972,299068794.96,5871286,0,50.5,52.0,50.35,49.81
001356,富岭股份,12.92,-0.6153846153846159,-0.08000000000000007,33055323.29,2557844,0,13.0,13.02,12.88,13.0
001358,兴欣新材,25.81,0.6630265210608352,0.16999999999999815,13355229.2,521960,0,25.83,25.89,25.4,25.64
001359,平安电工,71.0,-2.3249415325354215,-1.6899999999999977,180757886.49,2523044,0,72.69,73.2,70.96,72.69
001360,南矿集团,21.55,-0.8283479061205693,-0.17999999999999972,165280957.18,7655894,0,21.97,21.99,21.07,21.73
001366,播恩集团,13.37,0.9056603773584847,0.11999999999999922,32105006.0,2430900,0,13.3,13.38,13.0,13.25
001367,海森药业,21.95,0.0,0.0,18559030.64,846275,0,22.06,22.06,21.79,21.95
001368,通达创智,24.58,0.6964358869315779,0.16999999999999815,36223084.0,1484200,0,24.49,24.62,24.08,24.41
001373,翔腾新材,32.28,0.4981320049813316,0.1600000000000037,110765829.6,3453902,0,32.13,33.85,31.04,32.12
001376,百通能源,16.84,0.29779630732579343,0.05000000000000071,289995648.47,17199173,0,16.72,17.33,16.5,16.79
001378,德冠新材,23.58,0.769230769230768,0.17999999999999972,38630707.88,1644529,0,23.4,23.75,23.19,23.4
001379,腾达科技,23.56,-1.5873015873015979,-0.38000000000000256,189632694.33,8041690,0,23.72,23.94,23.11,23.94
001380,华纬科技,22.88,-0.21805494984736465,-0.05000000000000071,39264108.29,1718797,0,22.99,23.04,22.72,22.93
001382,新亚电缆,20.5,-0.04875670404681406,-0.010000000000001563,32617178.62,1589736,0,20.48,20.61,20.46,20.51
001387,雪祺电气,13.82,-0.3604902667627897,-0.049999999999998934,41225322.31,3002305,0,13.88,13.93,13.57,13.87
001389,广合科技,81.63,0.5295566502462964,0.4299999999999926,363183005.01,4419602,0,81.49,83.68,80.6,81.2
001391,国货航,5.92,-1.6611295681063065,-0.09999999999999964,167576141.04,28211065,0,6.03,6.04,5.9,6.02
001395,亚联机械,43.41,-0.7998171846435134,-0.3500000000000014,34212166.12,787992,0,43.76,43.97,43.09,43.76
001696,宗申动力,21.69,-0.184077312471234,-0.03999999999999915,458624420.64,21129250,0,21.78,21.95,21.43,21.73
001872,招商港口,19.33,-0.36082474226804273,-0.07000000000000028,45945237.09,2372522,0,19.39,19.48,19.3,19.4
001896,豫能控股,5.2,-0.19193857965450647,-0.009999999999999787,58984130.4,11353897,0,5.21,5.24,5.16,5.21
001914,招商积余,10.68,0.3759398496240521,0.03999999999999915,96948874.0,8999500,0,10.72,10.9,10.67,10.64
001965,招商公路,10.08,0.19880715705764984,0.019999999999999574,103074989.15,10220284,0,10.05,10.14,10.03,10.06
001979,招商蛇口,8.64,1.0526315789473666,0.08999999999999986,488407205.59,56672347,0,8.62,8.71,8.53,8.55
002001,新和成,25.19,0.19888623707239741,0.05000000000000071,374888304.41,14962603,0,25.13,25.2,24.88,25.14
002003,伟星股份,10.6,-0.8419083255378845,-0.08999999999999986,39867322.12,3741291,0,10.69,10.74,10.58,10.69
002004,华邦健康,4.78,-0.6237006237006104,-0.02999999999999936,77247540.39,16155107,0,4.81,4.82,4.76,4.81
002005,ST德豪,2.48,-1.1952191235059684,-0.029999999999999805,27996816.3,11332655,0,2.5,2.5,2.45,2.51
002006,精工科技,23.16,-1.1945392491467623,-0.28000000000000114,594525492.31,25764881,0,23.55,23.62,22.8,23.44
002007,华兰生物,15.13,-0.3949967083607553,-0.05999999999999872,94281922.88,6222632,0,15.19,15.22,15.13,15.19
002008,大族激光,41.19,-1.694510739856804,-0.7100000000000009,667817800.34,16103373,0,41.75,41.98,41.07,41.9
002009,天奇股份,22.62,-3.457106274007677,-0.8099999999999987,3674119277.38,159250125,0,24.67,24.67,21.11,23.43
002010,传化智联,5.81,-0.6837606837606843,-0.040000000000000036,115110568.0,19849990,0,5.84,5.86,5.75,5.85
002011,盾安环境,12.68,-0.23603461841070916,-0.030000000000001137,153917237.0,12160737,0,12.73,12.82,12.6,12.71
002012,凯恩股份,6.45,1.0971786833855846,0.07000000000000028,80594532.66,12662702,0,6.41,6.45,6.29,6.38
002014,永新股份,11.92,0.3367003367003295,0.03999999999999915,24734800.16,2072223,0,11.98,12.03,11.86,11.88
002015,协鑫能科,9.95,-2.3552502453385693,-0.2400000000000002,306311635.22,30517592,0,10.19,10.26,9.94,10.19
002016,世荣兆业,5.78,1.4035087719298258,0.08000000000000007,49541221.97,8609604,0,5.72,5.84,5.66,5.7
002017,东信和平,22.3,1.733576642335762,0.379999999999999,692594606.52,31152310,0,21.76,22.67,21.6,21.92
002019,亿帆医药,11.96,1.6142735768904102,0.19000000000000128,133753160.98,11294403,0,11.78,12.02,11.66,11.77
002020,京新药业,18.98,0.42328042328043314,0.08000000000000185,138953395.96,7317294,0,18.89,19.15,18.82,18.9
002021,中捷资源,2.47,-0.40322580645160433,-0.009999999999999787,65188351.52,26618246,0,2.49,2.5,2.41,2.48
002022,科华生物,5.94,0.16863406408095574,0.010000000000000675,28104742.85,4735445,0,5.92,5.96,5.91,5.93
002023,海特高新,13.54,1.4992503748125883,0.1999999999999993,496283136.12,36835335,0,13.32,13.63,13.17,13.34
002024,ST易购,1.7,-0.5847953216374274,-0.010000000000000009,28009956.0,16467800,0,1.71,1.71,1.69,1.71
002025,航天电器,50.13,3.2331136738056014,1.5700000000000003,1841552508.51,37229485,0,48.56,50.8,47.89,48.56
002026,山东威达,15.05,-0.46296296296295314,-0.06999999999999851,295215737.38,19541189,0,15.22,15.35,14.94,15.12
002027,分众传媒,7.37,1.0973936899862835,0.08000000000000007,1035397041.24,139947254,0,7.3,7.47,7.28,7.29
002028,思源电气,154.59,-0.9038461538461516,-1.4099999999999966,566171796.37,3667871,0,156.0,156.99,153.0,156.0
002029,七匹狼,11.03,-3.5839160839160855,-0.41000000000000014,488970423.68,43897769,0,11.44,11.47,11.0,11.44
002030,达安基因,5.96,-0.5008347245409056,-0.03000000000000025,64170936.99,10755895,0,6.01,6.02,5.93,5.99
002031,巨轮智能,7.86,-2.72277227722772,-0.21999999999999975,1142621757.13,144895713,0,8.0,8.0,7.82,8.08
002032,苏泊尔,44.08,-0.22634676324128886,-0.10000000000000142,99734282.7,2266912,0,44.16,44.3,43.63,44.18
002033,丽江股份,9.15,0.0,0.0,75018073.99,8185055,0,9.16,9.28,9.08,9.15
002034,旺能环境,15.9,0.1890359168242038,0.030000000000001137,29724608.37,1868675,0,15.9,15.97,15.85,15.87
002035,华帝股份,6.2,-0.7999999999999973,-0.04999999999999982,62288892.11,9997177,0,6.35,6.35,6.18,6.25
002036,联创电子,11.02,3.9622641509433953,0.41999999999999993,1033161936.05,94346262,0,10.66,11.6,10.52,10.6
002037,保利联合,9.5,-0.2100840336134409,-0.019999999999999574,59165613.3,6256032,0,9.58,9.6,9.37,9.52
002038,双鹭药业,7.37,-0.5398110661268561,-0.040000000000000036,108927258.8,14775070,0,7.43,7.43,7.33,7.41
002039,黔源电力,18.17,1.2820512820512842,0.23000000000000043,67364840.0,3714420,0,17.99,18.22,17.94,17.94
002040,南京港,9.85,0.4077471967380137,0.03999999999999915,63513985.0,6437300,0,9.81,9.95,9.81,9.81
002041,登海种业,9.54,-0.41753653444677374,-0.040000000000000924,73075765.47,7678172,0,9.57,9.58,9.46,9.58
002042,华孚时尚,4.25,3.911980440097803,0.16000000000000014,216969325.3,51485944,0,4.09,4.29,4.08,4.09
002043,兔宝宝,14.41,1.5503875968992293,0.22000000000000064,72763921.5,5059915,0,14.22,14.54,14.16,14.19
002044,美年健康,5.28,2.1276595744680913,0.11000000000000032,1170956123.04,222135390,0,5.2,5.34,5.16,5.17
002045,国光电器,14.17,1.2866333095067886,0.17999999999999972,314036472.24,22119616,0,14.47,14.59,14.03,13.99
002046,国机精工,43.18,3.549160671462822,1.4799999999999969,1688361501.28,39184913,0,41.27,44.58,41.27,41.7
002047,*ST宝鹰,3.68,0.5464480874316944,0.020000000000000018,39968356.74,10895022,0,3.69,3.7,3.62,3.66
002048,宁波华翔,31.46,-1.471969934231127,-0.46999999999999886,1129181957.94,36078676,0,31.62,31.99,30.82,31.93
002049,紫光国微,0.0,-100.0,-78.81,0.0,0,0,0.0,0.0,0.0,78.81
002050,三花智控,55.31,5.3523809523809565,2.8100000000000023,22472647843.06,413074987,0,54.18,56.49,52.4,52.5
002051,中工国际,9.07,0.44296788482836025,0.040000000000000924,94227726.19,10427836,0,9.03,9.1,8.96,9.03
002052,同洲电子,12.75,-2.3736600306278755,-0.3100000000000005,276177762.0,21625500,0,13.1,13.16,12.56,13.06
002053,云南能投,11.52,-1.2006861063464884,-0.14000000000000057,65760411.0,5701400,0,11.66,11.74,11.45,11.66
002054,德美化工,7.38,0.0,0.0,48299521.72,6579774,0,7.38,7.42,7.26,7.38
002055,得润电子,6.74,-0.7363770250368162,-0.04999999999999982,92828219.71,13800901,0,6.83,6.85,6.66,6.79
002056,横店东磁,19.5,-1.5151515151515187,-0.3000000000000007,313609504.04,15996344,0,19.8,19.86,19.47,19.8
002057,中钢天源,10.19,-1.4506769825918797,-0.15000000000000036,127994942.69,12555026,0,10.3,10.33,10.14,10.34
002058,*ST威尔,23.38,3.1774051191526866,0.7199999999999989,55589253.5,2402230,0,22.66,23.79,22.58,22.66
002059,云南旅游,5.38,0.7490636704119857,0.040000000000000036,88081890.45,16441487,0,5.37,5.39,5.31,5.34
002060,广东建工,3.6,-0.5524861878453043,-0.020000000000000018,47244352.51,13103209,0,3.63,3.65,3.59,3.62
002061,浙江交科,3.98,-0.25062656641604586,-0.010000000000000231,53629011.4,13469440,0,3.99,4.0,3.96,3.99
002062,宏润建设,9.25,-0.4305705059203353,-0.03999999999999915,193353277.84,21128470,0,9.25,9.29,9.05,9.29
002063,远光软件,6.07,0.6633499170812609,0.040000000000000036,154849306.88,25498282,0,6.03,6.11,6.01,6.03
002064,华峰化学,11.0,-0.6323396567299032,-0.07000000000000028,250354909.94,22781175,0,11.02,11.15,10.86,11.07
002065,东华软件,9.15,0.6600660066006655,0.0600000000000005,378085093.06,41416466,0,9.12,9.18,9.05,9.09
002066,瑞泰科技,18.68,-1.6842105263157907,-0.3200000000000003,90731313.0,4843000,0,19.01,19.2,18.61,19.0
002067,景兴纸业,5.65,-1.9097222222222123,-0.10999999999999943,679891587.81,120633760,0,5.74,5.75,5.57,5.76
002068,黑猫股份,8.82,-0.5636978579481278,-0.049999999999998934,64425733.2,7314969,0,8.87,8.92,8.72,8.87
002069,獐子岛,3.73,1.084010840108402,0.040000000000000036,51638343.04,13917750,0,3.72,3.76,3.66,3.69
002072,凯瑞德,7.24,-1.0928961748633887,-0.08000000000000007,62911626.0,8641500,0,7.41,7.42,7.18,7.32
002073,软控股份,8.15,-0.6097560975609627,-0.049999999999998934,131143901.0,16131000,0,8.19,8.21,8.08,8.2
002074,国轩高科,39.11,-0.9873417721519001,-0.39000000000000057,1025327154.72,26075402,0,39.65,39.85,39.0,39.5
002075,沙钢股份,5.75,1.054481546572928,0.05999999999999961,248142562.18,43383095,0,5.68,5.81,5.63,5.69
002076,*ST星光,2.01,-0.4950495049505065,-0.010000000000000231,28590829.0,14257500,0,2.02,2.03,1.99,2.02
002077,大港股份,14.87,-0.06720430107527932,-0.010000000000001563,157747239.92,10602907,0,14.97,15.0,14.76,14.88
002078,太阳纸业,15.75,0.6389776357827454,0.09999999999999964,364621195.09,23323989,0,15.7,15.77,15.48,15.65
002079,苏州固锝,9.55,-0.7276507276507121,-0.06999999999999851,100687598.0,10519000,0,9.65,9.67,9.5,9.62
002080,中材科技,36.34,-3.6329885971890676,-1.3699999999999974,2147415048.56,58593288,0,37.66,37.79,36.0,37.71
002081,金螳螂,3.42,-2.005730659025796,-0.07000000000000028,193742823.4,56156091,0,3.5,3.53,3.42,3.49
002082,万邦德,13.93,0.2879769618430464,0.03999999999999915,149442700.85,10796705,0,13.88,14.16,13.63,13.89
002083,孚日股份,11.9,-1.1627906976744087,-0.1399999999999988,2043413753.06,167649437,0,12.26,12.66,11.83,12.04
002084,海鸥住工,3.88,0.25839793281653195,0.009999999999999787,66378332.43,17246918,0,3.87,3.9,3.8,3.87
002085,万丰奥威,16.01,0.376175548589356,0.060000000000002274,525208490.69,32868657,0,15.97,16.08,15.84,15.95
002086,东方海洋,2.31,0.0,0.0,69782169.17,30336673,0,2.32,2.32,2.28,2.31
002088,鲁阳节能,10.47,0.4798464491362832,0.05000000000000071,27461138.35,2633303,0,10.5,10.5,10.35,10.42
002090,金智科技,11.8,-0.4219409282700332,-0.049999999999998934,127126894.3,10814967,0,11.82,11.93,11.56,11.85
002091,江苏国泰,9.03,-0.44101433296583153,-0.040000000000000924,139556566.28,15427869,0,9.08,9.13,8.98,9.07
002092,中泰化学,4.98,-3.300970873786406,-0.16999999999999993,293958470.21,58670500,0,5.09,5.12,4.96,5.15
002093,国脉科技,11.5,0.7887817703768611,0.08999999999999986,405241719.08,35305162,0,11.42,11.73,11.31,11.41
002094,青岛金王,7.65,5.226960110041277,0.3800000000000008,695162828.57,90216443,0,7.51,7.98,7.5,7.27
002095,生意宝,18.04,1.2345679012345616,0.21999999999999886,69166439.04,3844026,0,17.83,18.2,17.74,17.82
002096,易普力,13.32,0.225733634311521,0.030000000000001137,53557059.0,4028100,0,13.3,13.41,13.18,13.29
002097,山河智能,12.41,1.3061224489795928,0.16000000000000014,432002902.74,35001359,0,12.22,12.48,12.13,12.25
002098,浔兴股份,9.82,-1.7017017017017009,-0.16999999999999993,118584339.0,12014400,0,10.05,10.06,9.81,9.99
002099,海翔药业,6.24,-4.1474654377880125,-0.2699999999999996,314106520.95,50436821,0,6.44,6.49,6.05,6.51
002100,天康生物,7.37,-3.0263157894736783,-0.22999999999999954,250187240.1,33751753,0,7.57,7.59,7.32,7.6
002101,广东鸿图,12.32,-0.5649717514124316,-0.07000000000000028,62418849.32,5061012,0,12.43,12.45,12.27,12.39
002102,能特科技,3.33,-0.5970149253731348,-0.020000000000000018,84147156.0,25357800,0,3.35,3.36,3.28,3.35
002103,广博股份,9.12,0.10976948408342246,0.009999999999999787,93576927.2,10240708,0,9.13,9.18,9.1,9.11
002104,恒宝股份,21.61,0.5583992554676641,0.120000000000001,2154922487.71,99855244,0,21.01,22.12,20.81,21.49
002105,信隆健康,7.32,-0.6784260515603775,-0.04999999999999982,81003855.0,11110100,0,7.43,7.44,7.18,7.37
002106,莱宝高科,10.96,-0.634632819582942,-0.06999999999999851,63102574.86,5746439,0,11.08,11.08,10.95,11.03
002107,沃华医药,6.24,-2.0408163265306105,-0.1299999999999999,51909645.6,8339780,0,6.31,6.36,6.17,6.37
002108,沧州明珠,4.77,-1.446280991735543,-0.07000000000000028,222750471.13,46338807,0,4.87,4.9,4.76,4.84
002109,兴化股份,3.55,-0.2808988764045009,-0.010000000000000231,32640867.5,9223950,0,3.55,3.58,3.51,3.56
002110,三钢闽光,4.39,-1.126126126126142,-0.05000000000000071,105950807.5,24221650,0,4.44,4.45,4.33,4.44
002111,威海广泰,10.52,1.7408123791102486,0.17999999999999972,102241981.27,9763546,0,10.35,10.57,10.31,10.34
002112,三变科技,13.26,-1.0447761194029892,-0.14000000000000057,118214398.57,8904091,0,13.47,13.5,13.18,13.4
002114,罗平锌电,8.42,-0.8244994110718525,-0.07000000000000028,99412647.02,11758600,0,8.58,8.58,8.39,8.49
002115,三维通信,12.74,3.074433656957935,0.3800000000000008,2114430652.61,167206385,0,12.33,12.82,12.26,12.36
002116,中国海诚,10.28,-0.29097963142581124,-0.030000000000001137,45615403.41,4435033,0,10.34,10.39,10.21,10.31
002117,东港股份,13.81,-3.0196629213483126,-0.4299999999999997,407225983.7,29055471,0,14.24,14.3,13.78,14.24
002119,康强电子,16.47,-0.4232164449818639,-0.07000000000000028,124139471.73,7528493,0,16.6,16.65,16.41,16.54
002120,韵达股份,6.74,-0.8823529411764649,-0.05999999999999961,137311237.0,20310600,0,6.8,6.81,6.73,6.8
002121,科陆电子,7.7,-1.1553273427471098,-0.08999999999999986,192733899.0,25045450,0,7.79,7.83,7.63,7.79
002122,ST汇洲,3.0,-1.6393442622950762,-0.04999999999999982,87856600.0,29266800,0,3.05,3.06,2.97,3.05
002123,梦网科技,12.16,-2.0145044319097503,-0.25,348451552.22,28431811,0,12.39,12.49,12.1,12.41
002124,天邦食品,2.74,-0.7246376811594049,-0.019999999999999574,76512104.41,27934496,0,2.76,2.77,2.72,2.76
002125,湘潭电化,14.16,-1.803051317614423,-0.2599999999999998,206261008.65,14479264,0,14.41,14.54,14.14,14.42
002126,银轮股份,37.8,-2.602422056171103,-1.0100000000000051,1002158947.47,26472143,0,38.95,39.2,37.32,38.81
002127,南极电商,3.37,-0.8823529411764649,-0.029999999999999805,109865727.91,32444069,0,3.41,3.42,3.37,3.4
002128,电投能源,27.91,-0.10737294201861537,-0.030000000000001137,388223855.47,13901184,0,27.9,28.47,27.5,27.94
002129,TCL中环,8.57,-1.0392609699769038,-0.08999999999999986,474930183.49,55068392,0,8.67,8.75,8.56,8.66
002130,沃尔核材,26.32,-1.6442451420029942,-0.4400000000000013,928035701.28,35092419,0,26.7,26.78,26.26,26.76
002131,利欧股份,5.64,9.941520467836254,0.5099999999999998,5472890777.11,994573607,0,5.12,5.64,5.11,5.13
002132,恒星科技,3.55,-0.8379888268156493,-0.03000000000000025,53427300.75,15047845,0,3.57,3.6,3.53,3.58
002133,广宇集团,3.39,1.8018018018018036,0.06000000000000005,77013760.0,22955800,0,3.36,3.41,3.28,3.33
002134,天津普林,26.79,5.223880597014919,1.3299999999999983,480934120.9,18236948,0,25.55,27.38,25.21,25.46
002135,东南网架,4.54,0.6651884700665244,0.03000000000000025,39326377.64,8711068,0,4.54,4.55,4.47,4.51
002136,安纳达,12.14,-2.254428341384858,-0.27999999999999936,211721056.0,17437000,0,12.5,12.53,11.95,12.42
002137,实益达,8.58,-1.0380622837370226,-0.08999999999999986,98801007.58,11494201,0,8.68,8.68,8.5,8.67
002138,顺络电子,35.53,-2.710843373493981,-0.990000000000002,795447445.98,22332339,0,36.52,36.57,35.21,36.52
002139,拓邦股份,13.78,-0.8633093525179927,-0.120000000000001,271268134.96,19594307,0,13.98,14.03,13.77,13.9
002140,东华科技,11.26,0.8960573476702477,0.09999999999999964,56787987.84,5067619,0,11.17,11.29,11.1,11.16
002141,贤丰控股,3.73,-2.6109660574412556,-0.10000000000000009,68470477.0,18271500,0,3.79,3.81,3.72,3.83
002142,宁波银行,28.09,-0.3193754435770045,-0.08999999999999986,494581199.66,17624444,0,28.05,28.2,27.93,28.18
002144,宏达高科,12.69,0.0,0.0,36343313.0,2874800,0,12.69,12.78,12.51,12.69
002145,钛能化学,4.9,-0.4065040650406418,-0.019999999999999574,166317337.55,34004610,0,4.92,4.95,4.85,4.92
002146,荣盛发展,1.64,0.0,0.0,575723677.41,349300516,0,1.68,1.7,1.61,1.64
002148,北纬科技,8.9,3.1286210892236337,0.2699999999999996,385965002.99,43176978,0,8.65,9.17,8.61,8.63
002149,西部材料,45.51,5.837209302325577,2.509999999999998,5286486801.41,116865558,0,43.71,46.35,43.5,43.0
002150,通润装备,20.1,-1.277013752455786,-0.259999999999998,216125490.08,10610846,0,20.61,21.08,20.06,20.36
002151,北斗星通,45.43,10.000000000000007,4.130000000000003,4051736937.3,92749659,0,40.33,45.43,40.33,41.3
002152,广电运通,13.81,3.4456928838951377,0.46000000000000085,1329542320.43,96498565,0,13.3,13.99,13.3,13.35
002153,石基信息,10.83,2.5568181818181777,0.2699999999999996,771862583.17,70888522,0,10.55,11.23,10.51,10.56
002154,报喜鸟,3.85,-0.25906735751294785,-0.009999999999999787,56351842.15,14635698,0,3.85,3.87,3.83,3.86
002155,湖南黄金,21.09,-0.9859154929577504,-0.21000000000000085,705924453.93,33274509,0,21.16,21.59,20.93,21.3
002156,通富微电,37.7,-1.5408722904152425,-0.5899999999999963,1667613077.8,43973982,0,38.39,38.59,37.6,38.29
002157,正邦科技,3.24,-2.4096385542168566,-0.07999999999999963,627502376.57,192347953,0,3.34,3.35,3.23,3.32
002158,汉钟精机,25.03,-0.47713717693835966,-0.11999999999999744,171631706.4,6847912,0,25.3,25.4,24.9,25.15
002159,三特索道,15.33,0.32722513089005706,0.05000000000000071,50973840.0,3338300,0,15.29,15.4,15.13,15.28
002160,常铝股份,5.2,-0.952380952380949,-0.04999999999999982,194262890.4,37154191,0,5.28,5.31,5.19,5.25
002161,远望谷,7.31,0.5502063273727653,0.040000000000000036,79151145.5,10848270,0,7.28,7.38,7.21,7.27
002162,悦心健康,4.66,-1.061571125265389,-0.04999999999999982,85232250.01,18315003,0,4.71,4.73,4.6,4.71
002163,海南发展,23.84,7.146067415730337,1.5899999999999999,5964125293.7,253589480,0,22.66,24.48,22.08,22.25
002164,宁波东力,16.01,-2.8519417475728086,-0.46999999999999886,351126236.6,21779395,0,16.4,16.44,15.95,16.48
002165,红宝丽,7.56,-0.26385224274406943,-0.020000000000000462,106795191.44,14213491,0,7.64,7.64,7.45,7.58
002166,莱茵生物,8.45,-1.5151515151515242,-0.13000000000000078,136289197.6,16016786,0,8.61,8.65,8.45,8.58
002167,东方锆业,12.35,-0.3228410008071099,-0.040000000000000924,194955779.08,15718298,0,12.54,12.58,12.29,12.39
002168,*ST惠程,4.2,-1.17647058823529,-0.04999999999999982,84741600.15,20037701,0,4.32,4.36,4.14,4.25
002169,智光电气,11.57,-5.473856209150326,-0.6699999999999999,1212667180.58,102485011,0,12.2,12.29,11.5,12.24
002170,芭田股份,12.18,0.4122011541632229,0.049999999999998934,262653972.42,21762271,0,12.14,12.18,11.97,12.13
002171,楚江新材,13.26,-0.8968609865470927,-0.120000000000001,1941695218.74,144260078,0,13.39,13.97,13.2,13.38
002172,澳洋健康,3.97,-0.997506234413955,-0.03999999999999959,57600473.95,14521001,0,4.02,4.02,3.94,4.01
002173,创新医疗,21.51,-1.3302752293577942,-0.28999999999999915,504210929.0,23408940,0,21.8,21.88,21.3,21.8
002174,游族网络,12.24,0.0,0.0,228855420.01,18741937,0,12.25,12.31,12.09,12.24
002175,东方智造,4.43,-1.1160714285714444,-0.05000000000000071,158923678.88,35746142,0,4.49,4.5,4.42,4.48
002176,江特电机,9.74,-1.6161616161616175,-0.16000000000000014,452328579.49,46148943,0,9.9,9.99,9.72,9.9
002177,御银股份,9.41,10.058479532163735,0.8599999999999994,3441448156.82,384622248,0,8.4,9.41,8.36,8.55
002178,延华智能,6.39,1.267828843106182,0.08000000000000007,97079307.62,15267558,0,6.32,6.42,6.28,6.31
002179,中航光电,35.44,-0.05640157924422766,-0.020000000000003126,1772155261.6,49968965,0,35.33,36.42,34.8,35.46
002180,纳思达,20.22,2.0181634712411634,0.3999999999999986,492462536.91,24362501,0,19.9,20.54,19.79,19.82
002181,粤传媒,8.62,2.0118343195266264,0.16999999999999993,487747782.25,56307165,0,8.45,8.82,8.41,8.45
002182,宝武镁业,15.3,0.0,0.0,288448185.03,18840569,0,15.33,15.45,15.2,15.3
002183,怡亚通,4.76,-0.6263048016701513,-0.03000000000000025,179480970.72,37627681,0,4.79,4.82,4.73,4.79
002184,海得控制,13.09,-0.8333333333333292,-0.10999999999999943,84348361.42,6451801,0,13.15,13.17,13.0,13.2
002185,华天科技,10.97,-0.7239819004524893,-0.08000000000000007,434400852.75,39414698,0,11.04,11.14,10.97,11.05
002186,全聚德,11.78,1.9913419913419796,0.22999999999999865,90112522.12,7738404,0,11.56,11.84,11.46,11.55
002187,广百股份,7.57,-6.427688504326323,-0.5199999999999996,782846308.82,99502758,0,8.3,8.38,7.57,8.09
002188,中天服务,6.08,-2.5641025641025665,-0.16000000000000014,177390614.0,29113700,0,6.27,6.34,5.98,6.24
002189,中光学,23.09,1.8526687251874643,0.41999999999999815,107560540.36,4699118,0,22.72,23.24,22.52,22.67
002190,成飞集成,37.08,0.5422993492407693,0.19999999999999574,281641488.87,7627403,0,36.7,37.38,36.5,36.88
002191,劲嘉股份,4.19,-0.7109004739336342,-0.02999999999999936,49483803.0,11785300,0,4.22,4.24,4.17,4.22
002192,融捷股份,51.75,-0.8240705251054038,-0.4299999999999997,611636934.74,11716489,0,52.18,53.94,51.13,52.18
002193,如意集团,5.32,0.1883239171374892,0.010000000000000675,34664158.0,6556300,0,5.31,5.35,5.2,5.31
002194,武汉凡谷,13.05,0.9280742459396829,0.120000000000001,262462447.71,20188470,0,12.9,13.13,12.81,12.93
002195,岩山科技,7.09,2.0143884892086286,0.13999999999999968,1673998597.12,236186944,0,6.98,7.18,6.92,6.95
002196,方正电机,15.87,2.851587815942965,0.4399999999999995,2887507230.16,182316769,0,15.43,16.9,15.05,15.43
002197,证通电子,10.12,-4.1666666666666785,-0.4400000000000013,339866800.43,33391881,0,10.21,10.41,10.05,10.56
002198,嘉应制药,7.03,-0.2836879432624053,-0.019999999999999574,76384641.0,10849000,0,7.09,7.12,7.0,7.05
002199,*ST东晶,8.49,-2.4137931034482656,-0.20999999999999908,23355196.98,2750402,0,8.39,8.62,8.38,8.7
002200,*ST交投,7.51,-0.39787798408488395,-0.03000000000000025,8023747.96,1058500,0,7.59,7.65,7.47,7.54
002201,九鼎新材,11.42,-4.355108877721939,-0.5199999999999996,1513715677.62,132214163,0,11.63,11.79,11.03,11.94
002202,金风科技,20.4,0.9900990099009866,0.1999999999999993,8620825356.11,427962622,0,19.6,20.88,19.45,20.2
002203,海亮股份,12.66,-4.452830188679244,-0.5899999999999999,428043304.59,33360478,0,13.12,13.18,12.6,13.25
002204,大连重工,7.65,1.0568031704095122,0.08000000000000007,552520180.96,72530795,0,7.53,7.72,7.47,7.57
002205,国统股份,13.78,-5.357142857142865,-0.7800000000000011,163395075.9,11731268,0,14.13,14.26,13.65,14.56
002206,海利得,5.85,-0.847457627118656,-0.05000000000000071,71714511.0,12255000,0,5.87,5.9,5.82,5.9
002207,准油股份,7.4,-3.771131339401821,-0.29000000000000004,127322731.0,17119710,0,7.62,7.62,7.37,7.69
002208,合肥城建,12.38,10.044444444444451,1.1300000000000008,308901340.34,24951643,0,12.38,12.38,12.38,11.25
002209,达意隆,16.12,-0.7389162561576198,-0.11999999999999744,71677143.0,4446500,0,16.23,16.3,15.97,16.24
002210,飞马国际,3.6,-2.1739130434782625,-0.08000000000000007,316854012.25,87244607,0,3.67,3.68,3.6,3.68
002211,ST宏达,3.19,0.3144654088050247,0.009999999999999787,10145893.0,3201400,0,3.17,3.2,3.13,3.18
002212,天融信,9.07,1.795735129068464,0.16000000000000014,343747628.95,38126999,0,8.94,9.16,8.87,8.91
002213,大为股份,25.98,-2.733058779483341,-0.7300000000000004,496933590.32,19032677,0,26.79,26.98,25.83,26.71
002214,*ST大立,18.02,0.8958566629339314,0.16000000000000014,60018609.6,3338560,0,17.94,18.28,17.86,17.86
002215,诺普信,10.59,-2.575896964121429,-0.27999999999999936,136333954.18,12788975,0,10.88,10.93,10.52,10.87
002216,三全食品,11.29,-0.265017667844533,-0.030000000000001137,52972789.33,4692409,0,11.33,11.4,11.23,11.32
002217,合力泰,3.05,0.3289473684210456,0.009999999999999787,392743148.12,129612428,0,3.03,3.06,2.99,3.04
002218,拓日新能,4.34,0.46296296296295303,0.019999999999999574,407906860.74,93729591,0,4.35,4.49,4.21,4.32
002219,新里程,2.13,-0.9302325581395358,-0.020000000000000018,95872697.98,45026163,0,2.15,2.16,2.11,2.15
002221,东华能源,8.1,-1.219512195121947,-0.09999999999999964,79309600.54,9776100,0,8.19,8.21,8.05,8.2
002222,福晶科技,56.34,-1.8124782154060632,-1.0399999999999991,721382210.86,12739183,0,57.2,57.66,56.13,57.38
002223,鱼跃医疗,38.21,0.0,0.0,284171683.82,7432649,0,38.13,38.49,38.01,38.21
002224,三力士,4.39,0.9195402298850583,0.040000000000000036,52491592.72,12030456,0,4.36,4.4,4.32,4.35
002225,濮耐股份,5.7,-3.0612244897959133,-0.17999999999999972,204318463.84,35599201,0,5.89,5.89,5.69,5.88
002226,江南化工,5.81,-0.6837606837606843,-0.040000000000000036,107254162.2,18444840,0,5.85,5.88,5.78,5.85
002227,奥特迅,12.04,-0.24855012427507156,-0.030000000000001137,37586685.0,3130200,0,12.1,12.12,11.92,12.07
002228,合兴包装,4.62,-9.941520467836254,-0.5099999999999998,1536997772.0,326032616,0,4.93,4.99,4.62,5.13
002229,鸿博股份,15.45,-0.3225806451612949,-0.05000000000000071,272963498.69,17638105,0,15.5,15.57,15.35,15.5
002230,科大讯飞,50.29,2.7374872318692467,1.3399999999999963,3323210617.59,66144393,0,49.5,50.79,49.5,48.95
002231,*ST奥维,1.4,-4.761904761904766,-0.07000000000000006,1002960.0,716400,0,1.4,1.4,1.4,1.47
002232,启明信息,18.8,1.7866811044937838,0.33000000000000185,141934347.0,7588300,0,18.55,18.9,18.37,18.47
002233,塔牌集团,9.01,-0.4419889502762533,-0.040000000000000924,132798522.55,14598851,0,9.08,9.23,8.99,9.05
002234,民和股份,8.62,-0.8055235903337202,-0.07000000000000028,30567484.24,3549802,0,8.69,8.73,8.54,8.69
002235,安妮股份,10.34,-4.259259259259267,-0.46000000000000085,1061529976.88,103007013,0,10.41,10.58,10.11,10.8
002236,大华股份,18.94,-0.10548523206750829,-0.019999999999999574,490645072.01,25870945,0,19.0,19.08,18.86,18.96
002237,恒邦股份,13.42,0.44910179640718934,0.0600000000000005,554448831.51,41108993,0,13.35,13.73,13.3,13.36
002238,天威视讯,8.13,0.24660912453762454,0.02000000000000135,97722030.77,12049766,0,8.13,8.2,8.01,8.11
002239,奥特佳,2.98,-0.33444816053512477,-0.010000000000000231,162971395.0,54734300,0,3.0,3.01,2.95,2.99
002240,盛新锂能,34.43,3.083832335329345,1.0300000000000011,2725064627.24,77757025,0,33.66,36.15,33.66,33.4
002241,歌尔股份,28.73,-0.5882352941176408,-0.16999999999999815,3288946346.36,114061096,0,29.53,29.6,28.45,28.9
002242,九阳股份,10.44,0.5780346820809125,0.05999999999999872,90614337.48,8693703,0,10.45,10.62,10.28,10.38
002243,力合科创,9.95,-0.1004016064257185,-0.010000000000001563,313625481.34,31464817,0,10.12,10.15,9.8,9.96
002244,滨江集团,10.05,3.076923076923084,0.3000000000000007,507999486.23,50921469,0,9.81,10.17,9.77,9.75
002245,蔚蓝锂芯,17.8,-0.2801120448179311,-0.05000000000000071,691620374.31,38787418,0,17.83,18.06,17.58,17.85
002246,北化股份,18.02,2.795208214489438,0.48999999999999844,382020744.46,21433447,0,17.53,18.16,17.47,17.53
002247,聚力文化,2.81,-1.0563380281690073,-0.029999999999999805,46102628.0,16427000,0,2.85,2.86,2.77,2.84
002248,华东数控,11.53,-1.7050298380221744,-0.20000000000000107,133332751.55,11539101,0,11.69,11.72,11.47,11.73
002249,大洋电机,10.9,-1.7132551848512128,-0.1899999999999995,1437736247.6,131628472,0,11.09,11.15,10.82,11.09
002250,联化科技,13.38,1.5174506828528156,0.20000000000000107,485631256.01,36627222,0,13.16,13.46,12.99,13.18
002251,步步高,5.31,-0.18796992481204275,-0.010000000000000675,463741693.02,87230225,0,5.36,5.38,5.28,5.32
002252,上海莱士,6.34,-0.3144654088050387,-0.020000000000000462,108728721.4,17129620,0,6.36,6.37,6.33,6.36
002253,*ST智胜,11.26,2.177858439201454,0.2400000000000002,55784879.0,4985600,0,11.02,11.43,10.92,11.02
002254,泰和新材,10.02,-1.2807881773399092,-0.13000000000000078,104409918.72,10404815,0,10.15,10.16,9.97,10.15
002255,海陆重工,12.62,-1.019607843137261,-0.13000000000000078,746899325.13,59173084,0,12.66,12.9,12.4,12.75
002256,兆新股份,3.49,-1.4124293785310684,-0.04999999999999982,161515593.88,46421204,0,3.53,3.55,3.44,3.54
002258,利尔化学,13.05,-0.9111617312072834,-0.11999999999999922,104693454.93,7991605,0,13.08,13.31,13.01,13.17
002259,升达林业,3.78,0.2652519893899148,0.009999999999999787,30317019.0,8030100,0,3.77,3.81,3.74,3.77
002261,拓维信息,33.1,-3.131401814457127,-1.0700000000000003,3685653677.77,110129062,0,33.75,34.41,33.05,34.17
002262,恩华药业,24.13,-0.45379537953795146,-0.10999999999999943,93516021.97,3870091,0,24.2,24.33,24.06,24.24
002263,大东南,3.33,-0.29940119760478406,-0.009999999999999787,110300245.9,33286633,0,3.34,3.35,3.28,3.34
002264,新华都,8.83,-2.430939226519344,-0.22000000000000064,533515692.12,60123812,0,9.08,9.1,8.71,9.05
002265,建设工业,26.82,0.22421524663676654,0.05999999999999872,534303882.54,19823214,0,27.0,27.79,26.44,26.76
002266,浙富控股,4.16,0.2409638554216816,0.009999999999999787,252403729.28,60651093,0,4.14,4.2,4.13,4.15
002267,陕天然气,7.53,0.2663115845539343,0.020000000000000462,36389118.78,4836115,0,7.5,7.54,7.49,7.51
002268,电科网安,20.54,-0.2912621359223411,-0.060000000000002274,1013026227.66,49210732,0,20.45,20.98,20.32,20.6
002269,美邦服饰,1.89,0.0,0.0,113702680.22,60204869,0,1.89,1.91,1.87,1.89
002270,华明装备,25.04,-0.9885330170027679,-0.25,134270519.98,5334772,0,25.6,25.63,24.95,25.29
002271,东方雨虹,13.59,0.3692762186115267,0.05000000000000071,389345072.01,28619973,0,13.61,13.85,13.48,13.54
002272,川润股份,16.35,-9.917355371900811,-1.7999999999999972,2233249953.01,131865313,0,17.83,18.1,16.34,18.15
002273,水晶光电,25.12,0.5604483586869519,0.14000000000000057,952027930.64,37853807,0,25.25,25.42,24.82,24.98
002274,华昌化工,5.65,-1.2237762237762133,-0.0699999999999994,30565571.0,5393900,0,5.72,5.73,5.64,5.72
002275,桂林三金,14.1,-0.21231422505308659,-0.030000000000001137,23479520.88,1663900,0,14.19,14.19,14.07,14.13
002276,万马股份,16.91,-2.367205542725174,-0.41000000000000014,1139347782.66,66888209,0,17.33,17.35,16.91,17.32
002277,友阿股份,6.96,0.7235890014471754,0.04999999999999982,172620127.04,24663196,0,7.08,7.14,6.91,6.91
002278,神开股份,12.7,-3.34855403348555,-0.4400000000000013,811450516.84,63911516,0,12.9,13.14,12.41,13.14
002279,久其软件,7.99,4.718217562254264,0.3600000000000003,853221971.04,107779889,0,7.65,8.08,7.64,7.63
002281,光迅科技,69.95,-0.7097232079488999,-0.5,1969296770.67,28018205,0,70.8,71.5,69.25,70.45
002282,博深股份,7.35,0.6849315068493127,0.04999999999999982,40807368.68,5593002,0,7.28,7.37,7.23,7.3
002283,天润工业,6.24,0.0,0.0,68230426.51,10950831,0,6.24,6.26,6.19,6.24
002284,亚太股份,14.93,-2.2905759162303645,-0.34999999999999964,316583953.9,21004764,0,15.49,15.5,14.9,15.28
002285,世联行,2.85,1.7857142857142954,0.050000000000000266,355618195.19,123372185,0,2.9,2.98,2.81,2.8
002286,保龄宝,8.94,0.11198208286673894,0.009999999999999787,51241249.0,5771200,0,8.91,8.95,8.8,8.93
002287,奇正藏药,23.66,0.16934801016087697,0.03999999999999915,34102527.67,1439252,0,23.62,23.78,23.61,23.62
002289,*ST宇顺,29.17,-4.983713355048852,-1.5299999999999976,9086455.0,311500,0,29.17,29.17,29.17,30.7
002290,禾盛新材,45.7,0.594320933303991,0.2700000000000031,245439494.54,5344593,0,44.99,46.43,44.93,45.43
002291,遥望科技,6.39,1.751592356687889,0.10999999999999943,286468685.86,44805488,0,6.3,6.45,6.29,6.28
002292,奥飞娱乐,8.85,1.374570446735386,0.11999999999999922,416706633.54,47276654,0,8.73,8.9,8.68,8.73
002293,罗莱生活,10.27,-1.4395393474088325,-0.15000000000000036,129963368.34,12632064,0,10.42,10.52,10.18,10.42
002294,信立泰,49.55,-4.325159297161618,-2.240000000000002,660026759.2,13296940,0,51.73,51.73,48.96,51.79
002295,精艺股份,13.32,2.5404157043879914,0.33000000000000007,327684020.92,24081900,0,12.92,14.2,12.83,12.99
002296,辉煌科技,11.2,-4.191616766467067,-0.4900000000000002,296900414.64,26358250,0,11.49,11.5,11.17,11.69
002297,博云新材,11.97,2.1331058020477816,0.25,1082642741.65,91567379,0,11.66,12.23,11.46,11.72
002298,中电鑫龙,10.44,-0.09569377990430418,-0.009999999999999787,333258053.2,32036306,0,10.46,10.52,10.25,10.45
002299,圣农发展,16.54,-0.12077294685990082,-0.019999999999999574,122013189.0,7390300,0,16.52,16.62,16.4,16.56
002300,太阳电缆,9.2,-2.9535864978903072,-0.28000000000000114,760496213.17,83372382,0,9.32,9.5,8.9,9.48
002301,齐心集团,7.68,2.949061662198388,0.21999999999999975,275122830.5,35742968,0,7.5,7.83,7.48,7.46
002302,西部建设,6.12,-0.1631321370309916,-0.009999999999999787,39836587.76,6511048,0,6.13,6.16,6.08,6.13
002303,美盈森,4.03,-0.49382716049381664,-0.019999999999999574,71388115.0,17698000,0,4.05,4.07,4.01,4.05
002304,洋河股份,60.74,-0.7354142833796303,-0.44999999999999574,228596048.13,3757883,0,61.18,61.3,60.65,61.19
002305,*ST南置,2.23,1.3636363636363547,0.029999999999999805,45847889.47,20798550,0,2.21,2.23,2.18,2.2
002306,*ST云网,1.99,-4.784688995215305,-0.09999999999999987,71467982.0,35761400,0,2.0,2.04,1.99,2.09
002307,北新路桥,5.05,-0.39447731755424975,-0.020000000000000462,214088130.06,42798742,0,5.07,5.08,4.96,5.07
002309,中利集团,3.39,0.5934718100890213,0.020000000000000018,121640445.0,35978400,0,3.37,3.46,3.3,3.37
002310,东方园林,2.25,-1.3157894736842022,-0.029999999999999805,86609488.27,38316596,0,2.28,2.3,2.25,2.28
002311,海大集团,55.38,-1.6341030195381787,-0.9199999999999946,338455251.29,6084150,0,56.3,56.94,54.94,56.3
002312,川发龙蟒,10.93,-1.3537906137184148,-0.15000000000000036,300127128.34,27350349,0,11.09,11.12,10.92,11.08
002313,日海智能,10.19,0.4930966469427902,0.049999999999998934,50561656.04,4975450,0,10.15,10.22,10.07,10.14
002314,南山控股,2.85,0.7067137809187285,0.020000000000000018,87156614.8,30827001,0,2.85,2.86,2.78,2.83
002315,焦点科技,45.76,3.272399006996154,1.4499999999999957,510368545.2,11193820,0,44.08,46.46,44.03,44.31
002316,亚联发展,4.73,0.4246284501061669,0.020000000000000462,55197483.44,11752362,0,4.73,4.77,4.6,4.71
002317,众生药业,18.98,-1.708959088555144,-0.3299999999999983,558461614.95,29290430,0,19.31,19.35,18.95,19.31
002318,久立特材,28.95,3.5407725321888357,0.9899999999999984,481959898.58,16895675,0,28.0,29.1,27.84,27.96
002319,乐通股份,12.04,-0.41356492969396785,-0.05000000000000071,81166064.05,6789805,0,12.15,12.2,11.73,12.09
002320,海峡股份,12.17,1.3322231473771868,0.16000000000000014,755128374.83,62592885,0,12.13,12.39,11.78,12.01
002321,华英农业,2.3,-2.1276595744680966,-0.050000000000000266,88837216.0,38432600,0,2.34,2.35,2.3,2.35
002322,理工能科,12.01,0.8396305625524739,0.09999999999999964,31361468.0,2615500,0,11.91,12.05,11.88,11.91
002323,雅博股份,1.64,-0.6060606060606066,-0.010000000000000009,55026235.76,33606808,0,1.65,1.66,1.62,1.65
002324,普利特,15.99,2.368758002560826,0.370000000000001,627272388.18,39298770,0,15.5,16.24,15.4,15.62
002326,永太科技,24.92,-2.656249999999999,-0.6799999999999997,1264696628.59,50312630,0,25.51,25.78,24.86,25.6
002327,富安娜,6.71,-0.5925925925925931,-0.040000000000000036,25998883.21,3871745,0,6.75,6.77,6.69,6.75
002328,新朋股份,6.61,-1.4903129657227965,-0.09999999999999964,160098588.84,24199286,0,6.73,6.75,6.56,6.71
002329,皇氏集团,3.9,-2.010050251256283,-0.08000000000000007,202639381.55,51742712,0,4.01,4.03,3.88,3.98
002330,得利斯,4.84,-1.0224948875255588,-0.04999999999999982,74951504.85,15402858,0,4.92,4.93,4.82,4.89
002331,皖通科技,8.92,1.478953356086471,0.13000000000000078,75352636.2,8498860,0,8.79,8.98,8.7,8.79
002332,仙琚制药,9.01,0.0,0.0,51367083.64,5709600,0,9.02,9.03,8.96,9.01
002333,罗普斯金,5.62,-0.17761989342806014,-0.009999999999999787,38506948.2,6886940,0,5.64,5.65,5.53,5.63
002334,英威腾,9.02,-1.0964912280701715,-0.09999999999999964,181124266.0,20078720,0,9.15,9.16,8.97,9.12
002335,科华数据,55.53,-2.1497797356828174,-1.2199999999999989,1190899377.95,21388848,0,56.75,56.75,55.18,56.75
002336,人乐退,0.36,0.0,0.0,4577505.0,12554917,0,0.36,0.38,0.35,0.36
002337,赛象科技,6.57,1.5455950540958352,0.10000000000000053,156781303.54,23911200,0,6.48,6.69,6.42,6.47
002338,奥普光电,58.39,2.116124519062611,1.2100000000000009,540242578.97,9335948,0,57.18,58.88,56.7,57.18
002339,积成电子,8.82,-2.8634361233480154,-0.2599999999999998,284549468.59,32015824,0,9.14,9.17,8.76,9.08
002340,格林美,8.36,2.075702075702075,0.16999999999999993,1818431769.1,216224957,0,8.26,8.54,8.26,8.19
002342,巨力索具,9.2,7.226107226107217,0.6199999999999992,2613900386.67,299545785,0,8.59,9.39,8.15,8.58
002343,慈文传媒,7.16,1.12994350282486,0.08000000000000007,125362136.2,17557360,0,7.15,7.23,7.05,7.08
002344,海宁皮城,4.74,-0.836820083682009,-0.040000000000000036,82453601.2,17392676,0,4.8,4.81,4.7,4.78
002345,潮宏基,12.5,1.050929668552957,0.13000000000000078,143519227.31,11465162,0,12.34,12.64,12.28,12.37
002346,柘中股份,20.31,1.3979031452820647,0.2799999999999976,137459941.92,6769168,0,20.29,20.54,20.01,20.03
002347,泰尔股份,12.38,10.044444444444451,1.1300000000000008,496124316.78,40546367,0,11.96,12.38,11.93,11.25
002348,高乐股份,5.75,-1.3722126929674112,-0.08000000000000007,97467308.0,16798400,0,5.87,5.89,5.75,5.83
002349,精华制药,7.26,0.13793103448275568,0.009999999999999787,48447406.34,6680138,0,7.3,7.3,7.22,7.25
002350,北京科锐,8.14,0.12300123001229749,0.009999999999999787,129947098.8,16153770,0,8.18,8.19,7.93,8.13
002351,漫步者,12.06,0.0,0.0,72997995.3,6022552,0,12.16,12.2,12.06,12.06
002352,顺丰控股,38.32,-0.15633142261595173,-0.060000000000002274,454324635.96,11857204,0,38.4,38.49,38.18,38.38
002353,杰瑞股份,70.83,-2.9327120734548453,-2.1400000000000006,1241984616.65,17328043,0,73.27,74.2,70.12,72.97
002354,天娱数科,6.37,1.757188498402561,0.11000000000000032,488024757.19,76589202,0,6.27,6.44,6.24,6.26
002355,兴民智通,6.06,1.6778523489932826,0.09999999999999964,159542927.6,26449000,0,5.99,6.15,5.92,5.96
002356,赫美集团,3.96,-1.7369727047146473,-0.07000000000000028,173721545.0,43665100,0,4.04,4.05,3.94,4.03
002357,富临运业,10.72,1.036757775683329,0.11000000000000121,103682515.2,9667740,0,10.65,10.89,10.52,10.61
002358,森源电气,5.42,-2.517985611510786,-0.13999999999999968,217406877.57,40021777,0,5.59,5.62,5.35,5.56
002360,同德化工,4.84,-0.8196721311475417,-0.040000000000000036,39717023.0,8258000,0,4.88,4.91,4.73,4.88
002361,神剑股份,14.34,9.969325153374239,1.3000000000000007,5096789975.3,381397355,0,12.61,14.34,12.25,13.04
002362,汉王科技,21.64,3.739213806327906,0.7800000000000011,217878464.07,10155602,0,20.93,21.8,20.91,20.86
002363,隆基机械,10.1,-6.481481481481491,-0.7000000000000011,698236925.16,69010947,0,10.59,10.6,9.87,10.8
002364,中恒电气,26.44,0.15151515151516176,0.0400000000000027,792086474.68,29740608,0,26.38,27.01,26.21,26.4
002365,永安药业,14.92,-0.7978723404255268,-0.11999999999999922,79172364.6,5284744,0,15.1,15.12,14.9,15.04
002366,融发核电,7.51,1.8995929443690593,0.13999999999999968,544591316.72,73086892,0,7.36,7.6,7.28,7.37
002367,康力电梯,8.06,4.539559014267192,0.35000000000000053,327284572.04,40891183,0,7.98,8.15,7.83,7.71
002368,太极股份,24.49,0.781893004115217,0.18999999999999773,134275211.89,5487371,0,24.33,24.58,24.3,24.3
002369,卓翼科技,8.63,0.23228803716610164,0.02000000000000135,138566565.71,16043265,0,8.76,8.8,8.54,8.61
002370,亚太药业,7.31,-0.13661202185793273,-0.010000000000000675,129499891.31,17762665,0,7.33,7.35,7.22,7.32
002371,北方华创,459.08,0.017429193899778667,0.07999999999998408,3950405005.54,8546237,0,470.15,472.94,453.34,459.0
002372,伟星新材,10.43,-0.6666666666666694,-0.07000000000000028,78718725.15,7511992,0,10.5,10.56,10.42,10.5
002373,千方科技,11.77,0.0,0.0,308893728.78,26177438,0,11.8,11.89,11.7,11.77
002374,中锐股份,3.6,-3.4852546916890055,-0.1299999999999999,204847483.01,56551141,0,3.75,3.76,3.59,3.73
002375,亚厦股份,3.79,0.0,0.0,44439204.64,11761180,0,3.79,3.81,3.75,3.79
002376,新北洋,7.72,1.3123359580052447,0.09999999999999964,108939622.04,14179007,0,7.62,7.74,7.58,7.62
002377,国创高新,2.86,-0.34843205574913694,-0.010000000000000231,28567424.0,10006400,0,2.88,2.88,2.83,2.87
002378,章源钨业,14.18,-1.800554016620497,-0.2599999999999998,642633765.32,44821204,0,14.35,14.62,14.12,14.44
002379,宏创控股,23.92,0.08368200836821392,0.020000000000003126,276612233.86,11611431,0,23.99,24.29,23.32,23.9
002380,科远智慧,27.2,-0.4027828634199906,-0.10999999999999943,79074107.0,2907100,0,27.31,27.4,27.06,27.31
002381,双箭股份,6.59,0.15197568389057428,0.009999999999999787,24519633.0,3730300,0,6.59,6.63,6.51,6.58
002382,蓝帆医疗,5.6,1.6333938294010864,0.08999999999999986,61192384.25,10936075,0,5.6,5.63,5.54,5.51
002383,合众思壮,12.59,-5.12434061793519,-0.6799999999999997,1600244607.57,126990243,0,13.14,13.14,12.29,13.27
002384,东山精密,84.65,-3.146453089244851,-2.75,2894327055.36,33892160,0,88.0,88.42,84.18,87.4
002385,大北农,4.0,-1.2345679012345634,-0.04999999999999982,238636782.34,59481884,0,4.03,4.04,4.0,4.05
002386,天原股份,5.43,-1.9855595667870092,-0.11000000000000032,120764439.65,22175554,0,5.56,5.58,5.36,5.54
002387,维信诺,8.62,2.3752969121140057,0.1999999999999993,159869517.48,18692705,0,8.51,8.68,8.39,8.42
002388,ST新亚,6.38,1.1093502377179125,0.07000000000000028,84970103.0,13397500,0,6.33,6.41,6.23,6.31
002389,航天彩虹,23.98,0.6717044500419821,0.16000000000000014,1078875719.02,45218544,0,23.61,24.08,23.51,23.82
002390,信邦制药,3.22,-0.9230769230769171,-0.029999999999999805,74841421.0,23209600,0,3.25,3.25,3.21,3.25
002391,长青股份,5.93,-0.33613445378152035,-0.020000000000000462,28546895.7,4843490,0,5.95,5.95,5.85,5.95
002392,北京利尔,7.48,-0.3994673768308836,-0.02999999999999936,82734427.28,11109906,0,7.5,7.57,7.38,7.51
002393,力生制药,21.71,-0.6407322654462269,-0.14000000000000057,66214172.91,3045563,0,21.9,21.91,21.6,21.85
002394,联发股份,15.86,2.853437094682228,0.4399999999999995,172854448.95,10924578,0,15.42,16.02,15.42,15.42
002395,双象股份,16.73,-0.7710557532621531,-0.129999999999999,37925784.5,2263550,0,16.86,16.97,16.67,16.86
002396,星网锐捷,30.3,-1.0773751224289858,-0.3299999999999983,359672871.47,11804695,0,30.63,31.04,30.15,30.63
002397,梦洁股份,4.03,0.0,0.0,90847593.0,22624800,0,4.03,4.08,3.93,4.03
002398,垒知集团,5.62,-2.936096718480137,-0.16999999999999993,174884155.8,31046402,0,5.83,5.83,5.54,5.79
002399,海普瑞,11.79,-0.16934801016089204,-0.02000000000000135,22784837.8,1931380,0,11.84,11.87,11.74,11.81
002400,省广集团,8.87,4.722550177095615,0.3999999999999986,2257871195.73,256112967,0,8.45,9.07,8.43,8.47
002401,中远海科,15.93,0.4413619167717546,0.07000000000000028,57773170.69,3623663,0,15.86,16.03,15.81,15.86
002402,和而泰,39.12,-2.6623538193580503,-1.0700000000000003,1664794746.95,42374964,0,40.19,40.19,39.02,40.19
002403,爱仕达,12.66,-1.8604651162790715,-0.2400000000000002,87424611.3,6875842,0,12.87,12.87,12.63,12.9
002404,嘉欣丝绸,7.01,0.5738880918220952,0.040000000000000036,96599053.76,13865988,0,6.96,7.07,6.85,6.97
002405,四维图新,9.01,1.3498312710911047,0.11999999999999922,484888924.61,54107609,0,8.88,9.07,8.8,8.89
002406,远东传动,7.94,0.37926675094817003,0.03000000000000025,110540549.0,13949000,0,7.94,7.98,7.83,7.91
002407,多氟多,33.91,-0.8189529102076664,-0.28000000000000114,4037555957.01,118414308,0,33.61,34.89,33.5,34.19
002408,齐翔腾达,4.88,-1.4141414141414197,-0.07000000000000028,83980197.8,17179660,0,4.94,4.95,4.86,4.95
002409,雅克科技,74.1,2.1364576154376254,1.5499999999999972,1588311046.75,21206035,0,74.89,77.17,72.46,72.55
002410,广联达,12.58,1.3698630136986296,0.16999999999999993,311723369.6,24855700,0,12.41,12.67,12.38,12.41
002412,汉森制药,6.41,0.0,0.0,45030298.0,7042000,0,6.41,6.45,6.35,6.41
002413,雷科防务,12.55,9.991235758106928,1.1400000000000006,2143387378.68,173287085,0,12.01,12.55,11.96,11.41
002414,高德红外,14.67,-0.677048070412997,-0.09999999999999964,838409100.4,57072659,0,14.76,14.94,14.58,14.77
002415,海康威视,29.84,-0.03350083752094326,-0.010000000000001563,983772804.82,33021376,0,29.85,29.92,29.63,29.85
002416,爱施德,12.58,1.0441767068273156,0.13000000000000078,415070166.4,33063962,0,12.55,12.68,12.36,12.45
002418,康盛股份,4.77,-3.048780487804885,-0.15000000000000036,289825629.0,60598100,0,4.91,4.92,4.74,4.92
002419,天虹股份,5.53,-0.3603603603603527,-0.019999999999999574,131891752.41,23937749,0,5.59,5.61,5.45,5.55
002420,毅昌科技,7.69,-3.3919597989949692,-0.2699999999999996,210874893.0,27237300,0,7.92,7.98,7.61,7.96
002421,达实智能,2.85,0.0,0.0,139945732.94,49035641,0,2.83,2.9,2.81,2.85
002422,科伦药业,29.35,1.803676725633032,0.5200000000000031,483595422.99,16615176,0,28.71,29.45,28.62,28.83
002423,中粮资本,11.7,-0.5947323704333074,-0.07000000000000028,133410630.12,11358837,0,11.77,11.82,11.68,11.77
002424,ST百灵,4.35,2.8368794326240945,0.11999999999999922,207432444.7,47682690,0,4.29,4.43,4.27,4.23
002425,凯撒文化,3.54,1.142857142857144,0.040000000000000036,63729403.2,18148180,0,3.51,3.58,3.47,3.5
002426,胜利精密,3.83,0.26178010471204793,0.010000000000000231,525078933.76,137691264,0,3.83,3.87,3.76,3.82
002427,尤夫股份,6.71,-2.186588921282804,-0.15000000000000036,222776809.36,33180397,0,6.82,6.98,6.6,6.86
002428,云南锗业,31.75,5.516782984380193,1.6600000000000001,1602940757.42,51142884,0,30.3,32.16,30.3,30.09
002429,兆驰股份,7.42,-2.4967148488830535,-0.1900000000000004,503551479.06,67175228,0,7.65,7.68,7.41,7.61
002430,杭氧股份,29.87,-0.4665111629456866,-0.14000000000000057,385824458.12,12908875,0,29.97,30.29,29.51,30.01
002431,棕榈股份,2.39,0.8438818565400852,0.020000000000000018,66747358.24,28158848,0,2.39,2.4,2.34,2.37
002432,九安医疗,40.04,-0.09980039920159467,-0.03999999999999915,155820080.75,3888376,0,40.18,40.28,39.97,40.08
002434,万里扬,9.53,-2.556237218813906,-0.25,231422305.0,24158600,0,9.78,9.81,9.46,9.78
002436,兴森科技,21.17,-2.442396313364044,-0.5299999999999976,1284388451.5,60159175,0,21.81,21.88,21.13,21.7
002437,誉衡药业,3.07,0.0,0.0,79618158.95,25868385,0,3.08,3.1,3.06,3.07
002438,江苏神通,15.9,0.7604562737642648,0.120000000000001,317590534.43,20058180,0,15.7,16.08,15.53,15.78
002439,启明星辰,14.12,0.14184397163120266,0.019999999999999574,139663581.26,9876902,0,14.11,14.23,14.02,14.1
002440,闰土股份,7.47,-1.1904761904761887,-0.08999999999999986,80553510.0,10771650,0,7.57,7.59,7.43,7.56
002441,众业达,9.4,0.3201707577374721,0.030000000000001137,56305676.82,6018968,0,9.33,9.44,9.28,9.37
002442,龙星科技,6.21,-0.32102728731942953,-0.020000000000000462,31668576.0,5096400,0,6.24,6.3,6.16,6.23
002443,金洲管道,8.16,-0.48780487804877015,-0.03999999999999915,81540998.0,9964300,0,8.22,8.27,8.14,8.2
002444,巨星科技,34.02,2.0395920815836823,0.6799999999999997,595362917.84,17600551,0,33.43,34.19,33.13,33.34
002445,中南文化,2.6,-0.38314176245209913,-0.009999999999999787,136425852.79,52560942,0,2.61,2.64,2.56,2.61
002446,盛路通信,10.49,1.3526570048309234,0.14000000000000057,1172039340.85,112246320,0,10.24,10.63,10.15,10.35
002448,中原内配,12.93,-0.07727975270478969,-0.009999999999999787,181058420.0,14079500,0,12.9,13.03,12.7,12.94
002449,国星光电,8.46,0.5945303210463818,0.05000000000000071,82125439.92,9758616,0,8.45,8.49,8.35,8.41
002451,摩恩电气,10.13,-3.2473734479465124,-0.33999999999999986,419442848.76,41101859,0,10.49,10.55,10.07,10.47
002452,长高电新,8.23,0.12165450121654241,0.009999999999999787,110437150.92,13474704,0,8.23,8.28,8.13,8.22
002453,华软科技,6.33,-1.4018691588785024,-0.08999999999999986,140386203.0,22238200,0,6.4,6.41,6.22,6.42
002454,松芝股份,8.71,-0.5707762557077504,-0.049999999999998934,54228800.28,6212773,0,8.77,8.82,8.67,8.76
002455,百川股份,7.17,-1.5109890109890154,-0.11000000000000032,172930056.38,23945772,0,7.26,7.29,7.15,7.28
002456,欧菲光,10.62,0.0942507068802996,0.009999999999999787,640332517.74,60285376,0,10.66,10.78,10.5,10.61
002457,青龙管业,10.93,2.6291079812206513,0.27999999999999936,177210823.8,16095148,0,10.7,11.44,10.56,10.65
002458,益生股份,8.38,-0.7109004739336342,-0.05999999999999872,43870608.1,5236120,0,8.44,8.44,8.35,8.44
002459,晶澳科技,11.45,-1.6323024054982926,-0.19000000000000128,387612456.88,33530552,0,11.64,11.79,11.42,11.64
002460,赣锋锂业,62.89,-1.9641465315666486,-1.2600000000000051,3252292937.23,51525450,0,64.15,64.38,62.18,64.15
002461,珠江啤酒,9.29,-0.21482277121376314,-0.02000000000000135,36844178.1,3958387,0,9.32,9.36,9.28,9.31
002462,嘉事堂,14.36,-2.0463847203274264,-0.3000000000000007,77470408.5,5363250,0,14.7,14.75,14.35,14.66
002463,沪电股份,73.07,-2.0378066764982035,-1.5200000000000102,4147760365.17,56105861,0,75.43,76.23,72.58,74.59
002465,海格通信,15.75,4.166666666666672,0.6300000000000008,4454607385.34,287958901,0,15.03,15.98,14.81,15.12
002466,天齐锂业,55.38,-1.7736786094359702,-1.0,2539726226.95,45380936,0,56.3,57.54,55.01,56.38
002467,二六三,6.09,1.4999999999999978,0.08999999999999986,290916286.7,48174826,0,6.01,6.12,5.95,6.0
002468,申通快递,13.42,-0.7396449704141985,-0.09999999999999964,124042135.28,9222905,0,13.56,13.56,13.39,13.52
002469,三维化学,8.35,-0.9489916963226581,-0.08000000000000007,58589756.0,6983900,0,8.45,8.52,8.33,8.43
002470,金正大,1.78,-0.5586592178770954,-0.010000000000000009,103152493.41,58169533,0,1.79,1.8,1.75,1.79
002471,中超控股,8.02,6.7909454061251635,0.5099999999999998,5373845964.61,720060923,0,7.31,8.25,6.91,7.51
002472,双环传动,47.41,0.3386243386243314,0.1599999999999966,1645408865.89,34473525,0,48.0,48.8,47.05,47.25
002474,榕基软件,9.86,3.4627492130115436,0.33000000000000007,767964139.52,78742545,0,9.58,9.97,9.45,9.53
002475,立讯精密,56.71,-2.342001033235749,-1.3599999999999994,6003869904.54,104905173,0,58.55,58.65,56.4,58.07
002476,宝莫股份,7.24,2.8409090909090935,0.20000000000000018,236076257.98,32809072,0,7.12,7.3,7.04,7.04
002478,常宝股份,8.47,-1.2820512820512755,-0.10999999999999943,182664321.08,21479457,0,8.58,8.61,8.38,8.58
002479,富春环保,4.9,0.40983606557377994,0.020000000000000462,30281381.2,6179516,0,4.9,4.94,4.87,4.88
002480,新筑股份,6.22,1.3029315960912065,0.08000000000000007,52691560.28,8501442,0,6.17,6.27,6.1,6.14
002481,双塔食品,5.11,-0.19531249999999584,-0.009999999999999787,48373950.54,9469539,0,5.15,5.16,5.08,5.12
002482,广田集团,1.69,-0.5882352941176475,-0.010000000000000009,73006911.85,43253665,0,1.7,1.71,1.67,1.7
002483,润邦股份,7.14,-0.5571030640668528,-0.040000000000000036,61409806.0,8597056,0,7.2,7.2,7.09,7.18
002484,江海股份,29.7,-1.915455746367245,-0.5800000000000018,474872431.55,15869715,0,30.3,30.45,29.62,30.28
002485,ST雪发,4.2,-2.5522041763340937,-0.10999999999999943,46899347.0,11122500,0,4.4,4.5,4.09,4.31
002486,嘉麟杰,3.11,0.647249190938512,0.020000000000000018,59386579.16,19182202,0,3.1,3.13,3.05,3.09
002487,大金重工,51.93,-2.29539040451552,-1.2199999999999989,520511212.43,9970347,0,53.0,53.1,51.77,53.15
002488,金固股份,8.79,-2.333333333333343,-0.21000000000000085,376472316.22,42562552,0,9.0,9.04,8.77,9.0
002489,浙江永强,3.83,-1.0335917312661507,-0.040000000000000036,97492256.0,25412700,0,3.87,3.89,3.81,3.87
002490,山东墨龙,6.5,-5.660377358490562,-0.3899999999999997,336533752.85,51376935,0,6.7,6.79,6.47,6.89
002491,通鼎互联,6.0,-1.3157894736842117,-0.08000000000000007,313040931.21,52171513,0,6.07,6.08,5.94,6.08
002492,恒基达鑫,8.74,7.371007371007367,0.5999999999999996,243572880.7,28208930,0,8.16,8.8,8.16,8.14
002493,荣盛石化,11.71,-2.253756260434053,-0.2699999999999996,707348893.94,60154500,0,11.97,11.98,11.67,11.98
002494,华斯股份,5.39,-0.3696857670979753,-0.020000000000000462,40667768.61,7588000,0,5.41,5.42,5.31,5.41
002495,佳隆股份,2.66,-0.37453183520598454,-0.009999999999999787,47747097.0,17959960,0,2.68,2.68,2.63,2.67
002496,*ST辉丰,1.84,5.142857142857148,0.09000000000000008,43655379.48,24392411,0,1.74,1.84,1.71,1.75
002497,雅化集团,24.75,0.5688744412840332,0.14000000000000057,1131871617.59,45263859,0,25.03,25.92,24.5,24.61
002498,汉缆股份,3.83,-0.5194805194805199,-0.020000000000000018,149929319.95,39353496,0,3.84,3.88,3.76,3.85
002500,山西证券,5.99,-0.9917355371900762,-0.05999999999999961,142721919.0,23659200,0,6.06,6.07,5.99,6.05
002501,利源股份,2.49,0.8097165991902842,0.020000000000000018,215909208.25,88070755,0,2.49,2.5,2.41,2.47
002506,协鑫集成,2.8,-0.7092198581560291,-0.020000000000000018,784273808.53,278181573,0,2.84,2.92,2.76,2.82
002507,涪陵榨菜,12.91,-0.23183925811436912,-0.02999999999999936,106499068.08,8220642,0,12.98,13.01,12.91,12.94
002508,老板电器,19.35,0.4151530877010994,0.08000000000000185,99241988.26,5135766,0,19.26,19.47,19.18,19.27
002510,天汽模,7.33,-1.3458950201884206,-0.09999999999999964,408200788.7,55601390,0,7.39,7.48,7.25,7.43
002511,中顺洁柔,8.56,1.0625737898465155,0.08999999999999986,135818542.85,15924405,0,8.42,8.63,8.41,8.47
002512,达华智能,6.23,-1.8897637795275468,-0.11999999999999922,748840376.17,119078894,0,6.35,6.49,6.2,6.35
002513,蓝丰生化,6.72,0.0,0.0,80641044.0,12084100,0,6.72,6.75,6.6,6.72
002514,宝馨科技,5.88,-1.1764705882352988,-0.07000000000000028,170646493.04,29408956,0,6.0,6.01,5.72,5.95
002515,金字火腿,6.09,1.3311148086522475,0.08000000000000007,149450249.73,24713755,0,6.06,6.14,5.97,6.01
002516,旷达科技,6.59,-0.45317220543807024,-0.03000000000000025,101576016.0,15389500,0,6.65,6.68,6.52,6.62
002517,恺英网络,21.87,-0.951086956521727,-0.2099999999999973,889842173.39,40357172,0,22.1,22.42,21.81,22.08
002518,科士达,48.52,-1.442210034531777,-0.7099999999999937,495790196.66,10109630,0,49.75,50.07,48.3,49.23
002519,银河电子,6.48,1.408450704225364,0.09000000000000075,1113272216.28,171835185,0,6.38,6.65,6.31,6.39
002520,日发精机,6.3,-0.31645569620253894,-0.020000000000000462,205285306.8,32524465,0,6.35,6.41,6.27,6.32
002521,齐峰新材,8.32,0.6045949214026688,0.05000000000000071,27423678.85,3308531,0,8.27,8.35,8.25,8.27
002522,浙江众成,5.64,0.35587188612098886,0.019999999999999574,296842452.31,52567460,0,5.61,5.82,5.56,5.62
002523,天桥起重,4.29,0.0,0.0,142894003.0,33361600,0,4.29,4.32,4.24,4.29
002524,光正眼科,4.12,0.0,0.0,43357712.26,10589071,0,4.12,4.14,4.05,4.12
002526,山东矿机,3.6,-0.27700831024930156,-0.009999999999999787,98132410.04,27377491,0,3.6,3.61,3.54,3.61
002527,新时达,17.74,3.440233236151603,0.5899999999999999,1920942373.35,107266798,0,18.58,18.58,17.52,17.15
002528,ST英飞拓,2.68,-2.5454545454545396,-0.06999999999999984,38052394.05,14132027,0,2.73,2.77,2.65,2.75
002529,*ST海源,6.94,2.209131075110462,0.15000000000000036,22855673.0,3318200,0,6.76,6.99,6.76,6.79
002530,金财互联,10.78,2.4714828897338386,0.2599999999999998,645630575.58,60093144,0,10.57,10.97,10.47,10.52
002531,天顺风能,6.86,0.2923976608187202,0.020000000000000462,129395967.3,19079666,0,6.84,6.89,6.69,6.84
002532,天山铝业,16.18,-0.12345679012345416,-0.019999999999999574,715180842.31,44149042,0,16.14,16.52,16.0,16.2
002533,金杯电工,12.48,-0.47846889952152094,-0.05999999999999872,122244192.63,9787443,0,12.57,12.58,12.41,12.54
002534,西子洁能,16.77,-2.158693115519259,-0.370000000000001,220170321.78,13104606,0,17.2,17.25,16.6,17.14
002535,林州重机,3.88,-1.52284263959391,-0.06000000000000005,75913801.88,19516751,0,3.95,3.97,3.86,3.94
002536,飞龙股份,29.7,-7.361197754210863,-2.360000000000003,2702909919.53,89558257,0,31.68,31.96,29.51,32.06
002537,海联金汇,9.06,1.5695067264574054,0.14000000000000057,778204166.79,85908903,0,8.97,9.19,8.86,8.92
002538,司尔特,6.42,-5.029585798816566,-0.33999999999999986,187614182.36,28725988,0,6.79,6.82,6.42,6.76
002539,云图控股,11.82,-0.4212299915753912,-0.049999999999998934,184519673.0,15652400,0,11.87,11.89,11.68,11.87
002540,亚太科技,7.08,-0.7012622720897591,-0.04999999999999982,137039698.14,19353183,0,7.13,7.17,7.03,7.13
002541,鸿路钢构,16.44,3.787878787878797,0.6000000000000014,223644695.46,13642095,0,15.96,16.82,15.93,15.84
002542,中化岩土,3.34,0.30030030030029387,0.009999999999999787,53134176.22,15984370,0,3.33,3.35,3.3,3.33
002543,万和电气,10.21,-0.19550342130986875,-0.019999999999999574,70709808.63,6903449,0,10.27,10.37,10.18,10.23
002544,普天科技,34.49,2.3138534559477932,0.7800000000000011,1493921617.47,43459162,0,33.71,34.89,33.55,33.71
002545,东方铁塔,18.45,-0.5390835579514901,-0.10000000000000142,276590782.1,15080975,0,18.55,18.75,17.91,18.55
002546,新联电子,6.99,-1.1315417256011324,-0.08000000000000007,103771260.4,14839260,0,7.05,7.07,6.95,7.07
002547,春兴精工,4.67,0.0,0.0,100739951.86,21718317,0,4.68,4.7,4.59,4.67
002548,金新农,6.08,9.945750452079562,0.5499999999999998,478942421.89,81686381,0,5.61,6.08,5.45,5.53
002549,凯美特气,21.22,1.1921793037672868,0.25,922812109.14,43395028,0,21.03,21.48,20.9,20.97
002550,千红制药,7.86,-0.3802281368821212,-0.02999999999999936,71927572.0,9148200,0,7.91,7.93,7.82,7.89
002551,尚荣医疗,3.65,0.27472527472526886,0.009999999999999787,30284268.7,8334141,0,3.64,3.66,3.6,3.64
002552,宝鼎科技,16.51,-1.0191846522781665,-0.16999999999999815,75103603.0,4535600,0,16.66,16.78,16.48,16.68
002553,南方精工,27.31,-1.1223750905141283,-0.3100000000000023,397669164.14,14556191,0,27.63,27.65,27.17,27.62
002554,惠博普,3.19,-1.5432098765432178,-0.050000000000000266,78766745.0,24753900,0,3.25,3.26,3.15,3.24
002555,三七互娱,23.6,0.9841677364142081,0.23000000000000043,1180480823.92,50176142,0,23.37,23.78,23.22,23.37
002556,辉隆股份,6.04,-0.8210180623973699,-0.04999999999999982,71920826.5,11907700,0,6.06,6.1,6.0,6.09
002557,洽洽食品,21.62,-1.3686131386861347,-0.3000000000000007,84950913.26,3900194,0,21.95,22.05,21.59,21.92
002558,巨人网络,43.29,-1.4344262295082024,-0.6300000000000026,844731876.47,19372352,0,43.74,44.08,43.16,43.92
002559,亚威股份,10.12,0.0,0.0,111885711.0,11092000,0,10.15,10.18,10.01,10.12
002560,通达股份,10.08,1.1033099297893625,0.10999999999999943,504587868.2,50178405,0,9.97,10.27,9.87,9.97
002561,徐家汇,8.78,-1.4590347923681346,-0.13000000000000078,109619881.0,12500400,0,8.91,8.97,8.7,8.91
002562,兄弟科技,6.46,-1.8237082066869317,-0.1200000000000001,173726216.6,26846420,0,6.56,6.56,6.44,6.58
002563,森马服饰,5.42,-1.4545454545454557,-0.08000000000000007,118877458.0,21860500,0,5.49,5.49,5.42,5.5
002564,天沃科技,7.7,0.6535947712418277,0.04999999999999982,119586546.32,15568831,0,7.65,7.75,7.6,7.65
002565,顺灏股份,18.33,10.024009603841526,1.6699999999999982,3831672888.41,211366123,0,17.45,18.33,17.25,16.66
002566,益盛药业,7.63,0.659630606860156,0.04999999999999982,32925328.99,4344347,0,7.6,7.66,7.51,7.58
002567,唐人神,4.4,-1.1235955056179736,-0.04999999999999982,65256317.79,14816476,0,4.44,4.44,4.39,4.45
002568,百润股份,21.81,2.1067415730337045,0.4499999999999993,222191160.59,10221163,0,21.31,21.95,21.31,21.36
002569,*ST步森,12.45,4.974704890387857,0.5899999999999999,42948169.0,3491700,0,11.91,12.45,11.8,11.86
002570,贝因美,6.12,0.4926108374384277,0.03000000000000025,116439884.92,19077999,0,6.1,6.12,6.08,6.09
002571,德力股份,11.76,-2.6490066225165587,-0.3200000000000003,342583289.03,29018073,0,11.9,12.0,11.58,12.08
002572,索菲亚,13.61,0.8895478131949535,0.11999999999999922,92981447.4,6848051,0,13.5,13.69,13.47,13.49
002573,清新环境,3.74,-0.266666666666661,-0.009999999999999787,26658223.81,7139797,0,3.74,3.75,3.71,3.75
002574,明牌珠宝,5.62,0.0,0.0,42947188.2,7680880,0,5.6,5.65,5.53,5.62
002575,群兴玩具,6.18,-0.1615508885298978,-0.010000000000000675,125671156.86,20521253,0,6.18,6.2,6.08,6.19
002576,通达动力,17.4,-0.40068689181454087,-0.07000000000000028,60443123.6,3483760,0,17.47,17.47,17.26,17.47
002577,雷柏科技,17.81,0.792303338992626,0.13999999999999702,27967031.29,1575618,0,17.85,17.85,17.62,17.67
002578,闽发铝业,4.49,-1.1013215859030798,-0.04999999999999982,325063700.0,71527500,0,4.56,4.74,4.47,4.54
002579,中京电子,12.18,1.4154870940882591,0.16999999999999993,527960491.82,43403331,0,12.04,12.48,11.91,12.01
002580,圣阳股份,12.44,-0.7974481658692156,-0.09999999999999964,83168428.81,6676247,0,12.56,12.64,12.41,12.54
002581,ST未名,7.5,0.2673796791443793,0.019999999999999574,15467574.0,2050000,0,7.43,7.64,7.42,7.48
002582,好想你,11.05,1.8433179723502402,0.20000000000000107,231033530.05,20991482,0,10.77,11.19,10.77,10.85
002583,海能达,11.32,0.08841732979663824,0.009999999999999787,321985431.95,28397540,0,11.3,11.42,11.25,11.31
002584,西陇科学,9.21,4.0677966101695056,0.3600000000000012,485424484.5,52211200,0,8.97,9.69,8.81,8.85
002585,双星新材,6.73,0.29806259314456723,0.020000000000000462,232913796.45,34570653,0,6.72,6.86,6.66,6.71
002586,ST围海,4.49,1.3544018058690857,0.0600000000000005,31139789.08,7027724,0,4.4,4.49,4.38,4.43
002587,奥拓电子,6.76,1.046337817638257,0.0699999999999994,90076895.5,13376000,0,6.68,6.79,6.65,6.69
002588,史丹利,9.98,0.9100101112234564,0.08999999999999986,107595744.05,10809014,0,9.84,10.05,9.84,9.89
002589,瑞康医药,3.22,-1.5290519877675788,-0.04999999999999982,185590651.4,57438307,0,3.28,3.28,3.21,3.27
002590,万安科技,15.0,1.2829169480080993,0.1899999999999995,330011699.88,22187316,0,14.9,15.08,14.63,14.81
002591,恒大高新,8.12,-9.977827050997787,-0.9000000000000004,358818667.43,42419700,0,9.19,9.44,8.12,9.02
002592,ST八菱,8.3,-3.3760186263096528,-0.28999999999999915,127467470.88,15069770,0,8.72,8.75,8.26,8.59
002593,日上集团,5.91,-1.9900497512437827,-0.1200000000000001,190828447.0,32210700,0,6.06,6.09,5.87,6.03
002594,比亚迪,97.72,-2.0350877192982466,-2.030000000000001,3955310311.36,40285887,0,99.98,100.2,97.38,99.75
002595,豪迈科技,84.51,-0.2831858407079586,-0.23999999999999488,190696036.7,2259130,0,84.96,85.19,83.79,84.75
002596,海南瑞泽,5.39,0.936329588014978,0.04999999999999982,795541733.01,147946795,0,5.39,5.58,5.2,5.34
002597,金禾实业,20.76,-0.812231247013847,-0.16999999999999815,70890258.83,3408581,0,20.9,21.0,20.73,20.93
002598,山东章鼓,10.69,-0.5581395348837256,-0.0600000000000005,50011020.96,4690800,0,10.8,10.81,10.53,10.75
002599,盛通股份,8.54,-0.5820721769499501,-0.05000000000000071,420875977.55,48436930,0,8.7,8.96,8.53,8.59
002600,领益智造,15.54,-1.8319646241314018,-0.2900000000000009,3374212966.03,216787331,0,15.9,15.9,15.41,15.83
002601,龙佰集团,19.58,-0.3562340966921135,-0.07000000000000028,245279349.37,12525370,0,19.65,19.86,19.45,19.65
002602,世纪华通,17.06,-2.346880366342302,-0.41000000000000014,1798647434.39,104739371,0,17.61,17.66,17.0,17.47
002603,以岭药业,17.07,-0.17543859649123472,-0.030000000000001137,175919998.96,10290225,0,17.08,17.2,16.98,17.1
002605,姚记科技,23.3,0.08591065292096037,0.019999999999999574,92083308.0,3956700,0,23.33,23.41,23.1,23.28
002606,大连电瓷,8.74,-0.455580865603635,-0.03999999999999915,53037811.36,6070544,0,8.75,8.82,8.68,8.78
002607,中公教育,2.74,4.182509505703434,0.11000000000000032,980159178.44,354732178,0,2.73,2.84,2.7,2.63
002608,江苏国信,7.39,-0.4043126684636152,-0.03000000000000025,99378582.0,13422300,0,7.42,7.45,7.38,7.42
002609,捷顺科技,9.29,1.53005464480873,0.1399999999999988,74037427.0,8008419,0,9.19,9.32,9.15,9.15
002611,东方精工,19.22,0.4179728317659263,0.0799999999999983,1652336236.04,86765133,0,19.15,19.49,18.75,19.14
002612,朗姿股份,20.44,4.552429667519185,0.8900000000000006,461354063.48,22734859,0,19.68,20.7,19.62,19.55
002613,北玻股份,3.72,0.0,0.0,32728737.49,8842389,0,3.71,3.73,3.67,3.72
002614,奥佳华,7.31,-0.8141112618724626,-0.0600000000000005,110829970.8,15118570,0,7.47,7.47,7.26,7.37
002615,哈尔斯,7.67,0.6561679790026224,0.04999999999999982,32570232.18,4260273,0,7.62,7.69,7.59,7.62
002616,长青集团,5.46,-0.3649635036496434,-0.020000000000000462,44992697.54,8266016,0,5.47,5.49,5.41,5.48
002617,露笑科技,8.1,-1.8181818181818226,-0.15000000000000036,409683297.32,50490705,0,8.21,8.22,8.08,8.25
002620,ST瑞和,5.04,1.6129032258064528,0.08000000000000007,26031871.0,5275550,0,4.96,5.04,4.82,4.96
002622,皓宸医疗,2.97,-0.9999999999999934,-0.029999999999999805,57636157.2,19439800,0,3.0,3.02,2.93,3.0
002623,亚玛顿,18.1,-1.8970189701896905,-0.34999999999999787,40734598.22,2243398,0,18.48,18.54,18.0,18.45
002624,完美世界,16.39,-0.06097560975608544,-0.00999999999999801,451722666.95,27575529,0,16.4,16.64,16.21,16.4
002625,光启技术,48.76,-1.4352132605619585,-0.7100000000000009,1186501368.86,24164567,0,49.71,50.01,48.67,49.47
002626,金达威,19.71,-1.4499999999999957,-0.28999999999999915,157784034.15,8002984,0,19.99,20.02,19.59,20.0
002627,三峡旅游,7.42,-0.5361930294906171,-0.040000000000000036,91339810.0,12327900,0,7.49,7.49,7.32,7.46
002628,成都路桥,4.11,-0.24271844660193656,-0.009999999999999787,30493413.0,7418700,0,4.12,4.14,4.08,4.12
002629,仁智股份,6.82,0.14684287812042107,0.010000000000000675,76239235.0,11262600,0,6.85,6.89,6.66,6.81
002630,ST华西,2.5,-0.39840637450198363,-0.009999999999999787,41167440.06,16353532,0,2.53,2.55,2.49,2.51
002631,德尔未来,5.98,0.0,0.0,114334450.11,19155920,0,5.94,6.06,5.87,5.98
002632,道明光学,12.45,-0.08025682182986808,-0.010000000000001563,315997403.5,25338550,0,12.66,12.71,12.34,12.46
002633,申科股份,16.45,0.4273504273504291,0.07000000000000028,35321062.0,2155400,0,16.38,16.52,16.25,16.38
002634,棒杰股份,5.65,9.922178988326861,0.5100000000000007,130218579.5,23953170,0,5.14,5.65,5.14,5.14
002635,安洁科技,13.86,0.14450867052022812,0.019999999999999574,65590151.84,4744648,0,13.86,13.92,13.75,13.84
002636,金安国纪,16.71,-2.9616724738675844,-0.509999999999998,331116749.1,19635700,0,17.3,17.43,16.67,17.22
002637,赞宇科技,10.25,-1.6314779270633393,-0.16999999999999993,58914270.19,5742969,0,10.41,10.42,10.17,10.42
002638,勤上股份,3.09,1.3114754098360668,0.040000000000000036,63681403.0,20821600,0,3.08,3.11,3.01,3.05
002639,雪人集团,18.6,-4.123711340206171,-0.7999999999999972,3374875083.9,180635332,0,19.0,19.4,18.2,19.4
002640,跨境通,4.53,-1.3071895424836517,-0.05999999999999961,358624450.0,79256900,0,4.58,4.59,4.47,4.59
002641,公元股份,4.32,-0.4608294930875478,-0.019999999999999574,48803097.18,11330487,0,4.34,4.37,4.26,4.34
002642,荣联科技,8.27,1.9728729963008649,0.16000000000000014,129014824.5,15701450,0,8.16,8.3,8.1,8.11
002643,万润股份,14.99,0.0,0.0,379792474.99,25323611,0,14.99,15.13,14.87,14.99
002644,佛慈制药,8.64,0.34843205574914216,0.030000000000001137,66940529.07,7787172,0,8.61,8.64,8.53,8.61
002645,华宏科技,14.64,-1.1478730587440913,-0.16999999999999993,130110781.78,8858611,0,14.82,14.88,14.6,14.81
002646,天佑德酒,8.65,-0.9163802978235975,-0.08000000000000007,47233271.75,5456541,0,8.71,8.76,8.59,8.73
002647,*ST仁东,8.02,2.9525032092426127,0.22999999999999954,158180306.0,20038300,0,7.79,8.06,7.7,7.79
002648,卫星化学,17.68,0.0,0.0,630463773.66,35731911,0,17.63,17.8,17.49,17.68
002649,博彦科技,13.19,1.1503067484662604,0.15000000000000036,131152874.0,10002300,0,13.01,13.22,12.95,13.04
002650,ST加加,6.46,-1.071975497702914,-0.07000000000000028,29115794.0,4494150,0,6.53,6.57,6.44,6.53
002651,利君股份,11.69,0.4295532646048018,0.049999999999998934,254490241.0,21800570,0,11.66,11.85,11.5,11.64
002652,扬子新材,3.95,-9.610983981693362,-0.41999999999999993,628843346.89,155494404,0,4.08,4.29,3.94,4.37
002653,海思科,51.32,1.3828526274199977,0.7000000000000028,177327618.46,3468854,0,50.61,51.75,50.05,50.62
002654,万润科技,14.07,-1.4015416958654472,-0.1999999999999993,592697883.05,41615781,0,14.6,14.68,14.06,14.27
002655,共达电声,12.92,-0.3855050115651558,-0.05000000000000071,138478612.0,10692500,0,13.07,13.08,12.85,12.97
002656,*ST摩登,2.82,0.714285714285715,0.020000000000000018,25546492.0,9120500,0,2.8,2.83,2.77,2.8
002657,中科金财,29.86,-0.5329780146568959,-0.16000000000000014,1200714085.62,40415612,0,29.02,30.47,29.02,30.02
002658,雪迪龙,9.03,4.032258064516125,0.34999999999999964,262420984.87,29221205,0,8.66,9.16,8.64,8.68
002659,凯文教育,5.86,9.943714821763606,0.5300000000000002,311583156.86,53447701,0,5.61,5.86,5.61,5.33
002660,茂硕电源,9.21,-0.8611410118406706,-0.0799999999999983,42887709.0,4642400,0,9.29,9.35,9.18,9.29
002661,克明食品,9.14,-0.21834061135370714,-0.019999999999999574,27035025.0,2953700,0,9.14,9.2,9.11,9.16
002662,峰璟股份,4.02,-0.7407407407407469,-0.03000000000000025,85240520.91,21146797,0,4.06,4.07,4.01,4.05
002663,普邦股份,1.89,-1.0471204188481684,-0.020000000000000018,66416703.23,35029635,0,1.93,1.93,1.88,1.91
002664,信质集团,23.96,-0.20824656393169808,-0.05000000000000071,331770001.25,13817800,0,24.12,24.36,23.71,24.01
002666,德联集团,5.51,-0.7207207207207215,-0.040000000000000036,107161436.0,19512700,0,5.55,5.59,5.41,5.55
002667,威领股份,13.09,-0.9084027252081831,-0.120000000000001,105425685.0,8024800,0,13.21,13.3,13.06,13.21
002668,TCL智家,10.38,-4.0665434380776295,-0.4399999999999995,266889816.21,25405703,0,10.88,10.97,10.3,10.82
002669,康达新材,15.2,2.9810298102980997,0.4399999999999995,259771283.0,17219900,0,14.89,15.35,14.77,14.76
002670,国盛证券,16.84,-1.289566236811248,-0.21999999999999886,286594605.1,16924362,0,17.06,17.11,16.84,17.06
002671,龙泉股份,5.24,1.158301158301168,0.0600000000000005,87021611.0,16714300,0,5.22,5.28,5.12,5.18
002672,东江环保,4.62,-2.531645569620255,-0.1200000000000001,48384428.16,10427819,0,4.75,4.76,4.6,4.74
002673,西部证券,7.89,-0.8793969849246267,-0.07000000000000028,190520423.52,24034617,0,7.96,7.99,7.88,7.96
002674,兴业科技,14.94,-3.675048355899422,-0.5700000000000003,180497901.0,11973000,0,15.44,15.44,14.88,15.51
002675,东诚药业,13.74,2.844311377245515,0.3800000000000008,145473612.56,10629916,0,13.39,13.94,13.31,13.36
002676,顺威股份,8.24,-1.080432172869146,-0.08999999999999986,106005225.0,12824000,0,8.35,8.35,8.19,8.33
002677,浙江美大,8.35,0.240096038415361,0.019999999999999574,92877212.0,11091360,0,8.41,8.48,8.24,8.33
002678,珠江钢琴,5.33,0.7561436672967871,0.040000000000000036,101722848.7,18963290,0,5.28,5.61,5.28,5.29
002679,福建金森,11.76,-3.368940016433855,-0.41000000000000014,100669620.8,8542073,0,12.22,12.24,11.59,12.17
002681,奋达科技,6.65,-0.7462686567164152,-0.04999999999999982,232187212.8,34891139,0,6.73,6.76,6.62,6.7
002682,龙洲股份,8.57,-9.978991596638648,-0.9499999999999993,1299041712.73,149447067,0,8.8,9.15,8.57,9.52
002683,广东宏大,47.8,7.4398741290177455,3.309999999999995,1544822827.6,32346362,0,45.05,48.64,45.04,44.49
002685,华东重机,7.49,-1.9633507853403072,-0.14999999999999947,200016439.17,26595433,0,7.66,7.68,7.46,7.64
002686,亿利达,6.54,0.0,0.0,67879446.4,10389745,0,6.58,6.62,6.46,6.54
002687,乔治白,4.82,-0.8230452674897125,-0.040000000000000036,40167089.87,8314248,0,4.87,4.87,4.79,4.86
002688,金河生物,5.95,0.3372681281618965,0.020000000000000462,56222509.12,9501448,0,5.96,5.96,5.86,5.93
002689,ST远智,3.21,0.6269592476489034,0.020000000000000018,55482958.32,17250692,0,3.25,3.26,3.19,3.19
002690,美亚光电,20.57,-2.326685660018986,-0.48999999999999844,80634160.02,3884686,0,21.1,21.19,20.57,21.06
002691,冀凯股份,9.05,-9.950248756218905,-1.0,392068764.7,42726830,0,9.36,9.52,9.05,10.05
002692,远程股份,5.08,-0.974658869395708,-0.04999999999999982,56240238.8,11096740,0,5.14,5.16,5.03,5.13
002693,*ST双成,6.96,0.0,0.0,33706781.0,4832500,0,6.97,7.06,6.88,6.96
002694,顾地科技,3.76,0.266666666666661,0.009999999999999787,30380714.4,8108600,0,3.75,3.79,3.68,3.75
002695,煌上煌,11.74,0.3418803418803498,0.040000000000000924,39109727.24,3348052,0,11.7,11.78,11.61,11.7
002696,百洋股份,7.07,1.000000000000004,0.07000000000000028,58895377.14,8423102,0,7.0,7.08,6.88,7.0
002697,红旗连锁,5.94,0.16863406408095574,0.010000000000000675,288227054.93,48523867,0,5.99,6.03,5.87,5.93
002698,博实股份,16.81,-1.4076246334310967,-0.240000000000002,370467731.38,22005461,0,17.1,17.15,16.71,17.05
002700,万憬能源,6.71,0.599700149925038,0.040000000000000036,22281744.28,3345446,0,6.72,6.72,6.61,6.67
002701,奥瑞金,5.95,-1.1627906976744087,-0.0699999999999994,219014215.88,36906319,0,5.99,6.02,5.89,6.02
002702,海欣食品,7.12,-3.5230352303523005,-0.2599999999999998,435681975.75,60528329,0,7.4,7.49,7.09,7.38
002703,浙江世宝,20.6,-5.720823798627002,-1.25,2387084582.52,114001704,0,21.44,22.1,20.15,21.85
002705,新宝股份,14.26,1.1347517730496466,0.16000000000000014,75000112.34,5264656,0,14.12,14.36,14.1,14.1
002706,良信股份,10.78,1.1257035647279476,0.11999999999999922,262155408.32,24543706,0,10.67,10.82,10.51,10.66
002707,众信旅游,7.19,-0.5532503457814666,-0.040000000000000036,130400002.11,18141400,0,7.22,7.24,7.12,7.23
002708,光洋股份,13.28,-1.0432190760059654,-0.14000000000000057,182682626.5,13759030,0,13.45,13.5,13.21,13.42
002709,天赐材料,46.33,2.1384479717813027,0.9699999999999989,5222626398.53,113403707,0,45.5,46.83,45.13,45.36
002712,思美传媒,5.56,4.3151969981238185,0.22999999999999954,163696856.5,29811370,0,5.37,5.66,5.32,5.33
002713,*ST东易,8.98,5.029239766081868,0.4299999999999997,373568.0,41600,0,8.98,8.98,8.98,8.55
002714,牧原股份,50.58,-0.6091570053055655,-0.3100000000000023,1342276139.2,26662980,0,50.5,50.77,50.02,50.89
002715,登云股份,17.36,-1.3636363636363749,-0.240000000000002,60449838.44,3498939,0,17.54,17.73,17.11,17.6
002716,湖南白银,6.92,-1.0014306151645247,-0.07000000000000028,2115525661.21,297481590,0,7.11,7.33,6.91,6.99
002717,ST岭南,1.62,0.0,0.0,44046826.0,27159600,0,1.62,1.64,1.61,1.62
002718,友邦吊顶,35.94,10.00918273645545,3.269999999999996,21933571.02,610283,0,35.94,35.94,35.94,32.67
002719,麦趣尔,8.54,-0.3500583430571894,-0.030000000000001137,61237300.0,7213400,0,8.57,8.6,8.36,8.57
002721,金一文化,3.15,1.9417475728155358,0.06000000000000005,233423620.0,74285600,0,3.09,3.23,3.06,3.09
002722,物产金轮,15.01,0.0,0.0,46499834.16,3091970,0,15.0,15.27,14.9,15.01
002723,小崧股份,8.47,0.9535160905840294,0.08000000000000007,72016582.0,8527800,0,8.4,8.55,8.31,8.39
002724,海洋王,6.78,0.7429420505200567,0.04999999999999982,31077532.4,4613980,0,6.76,6.81,6.66,6.73
002725,跃岭股份,16.9,-1.6870273414776187,-0.2900000000000027,199997103.0,11817000,0,17.19,17.2,16.76,17.19
002726,龙大美食,4.11,-0.9638554216867478,-0.040000000000000036,59731625.46,14525883,0,4.14,4.16,4.08,4.15
002727,一心堂,12.86,-2.0563594821020668,-0.27000000000000135,140942818.98,10892516,0,13.13,13.19,12.85,13.13
002728,特一药业,10.85,-1.0938924339106746,-0.120000000000001,193996597.35,17800991,0,10.97,11.01,10.84,10.97
002729,好利科技,16.01,1.073232323232334,0.1700000000000017,96342816.44,6060468,0,15.95,16.12,15.63,15.84
002730,电光科技,15.04,0.3335557038025279,0.049999999999998934,75861237.0,5062400,0,15.19,15.2,14.86,14.99
002731,萃华珠宝,12.56,-1.3354281225451683,-0.16999999999999993,99206336.34,7847907,0,12.73,12.78,12.55,12.73
002732,燕塘乳业,17.02,0.2355712603062376,0.03999999999999915,35635379.0,2101400,0,16.98,17.07,16.85,16.98
002733,雄韬股份,19.63,-1.00857286938981,-0.1999999999999993,121904220.64,6197664,0,19.85,19.91,19.52,19.83
002734,利民股份,15.94,-0.4372267332917055,-0.07000000000000206,134728576.56,8472971,0,16.02,16.05,15.79,16.01
002735,王子新材,18.03,10.00610128126907,1.6400000000000006,1611316295.13,92883309,0,16.15,18.03,15.85,16.39
002736,国信证券,13.12,0.38255547054322064,0.049999999999998934,306510049.51,23241191,0,13.08,13.32,13.05,13.07
002737,葵花药业,14.77,-0.27008777852802784,-0.040000000000000924,22229236.45,1502459,0,14.78,14.86,14.75,14.81
002738,中矿资源,78.55,-0.8707723372034298,-0.6899999999999977,1692929488.24,21417672,0,79.24,81.08,77.5,79.24
002739,万达电影,11.32,0.35460992907802236,0.040000000000000924,618614398.89,54892700,0,11.25,11.42,11.14,11.28
002741,光华科技,20.06,-1.1822660098522266,-0.240000000000002,228191485.24,11349949,0,20.39,20.5,19.97,20.3
002742,*ST三圣,4.52,-0.22075055187639456,-0.010000000000000675,26515098.0,5870000,0,4.54,4.56,4.48,4.53
002743,富煌钢构,5.44,0.3690036900369089,0.020000000000000462,42699213.0,7890300,0,5.43,5.54,5.31,5.42
002745,木林森,9.57,-0.2085505735140727,-0.019999999999999574,203756527.58,21294827,0,9.62,9.66,9.46,9.59
002746,仙坛股份,6.07,-0.49180327868851414,-0.02999999999999936,66964724.5,11027350,0,6.11,6.11,6.05,6.1
002747,埃斯顿,23.7,0.16906170752324237,0.03999999999999915,738725742.12,31204422,0,23.74,23.95,23.41,23.66
002748,世龙实业,12.91,-3.2233883058470747,-0.4299999999999997,204074058.0,15701000,0,13.25,13.43,12.84,13.34
002749,国光股份,13.33,1.2148823082763869,0.16000000000000014,66371666.77,5008873,0,13.35,13.41,13.13,13.17
002750,龙津退,0.59,3.5087719298245648,0.020000000000000018,11866185.0,19729839,0,0.6,0.63,0.57,0.57
002752,昇兴股份,6.64,-7.002801120448179,-0.5,694338979.05,103296059,0,6.89,6.99,6.62,7.14
002753,永东股份,7.13,0.1404494382022442,0.009999999999999787,40648561.9,5715120,0,7.11,7.2,7.04,7.12
002755,奥赛康,16.33,0.3687768899815533,0.05999999999999872,76123198.03,4676211,0,16.29,16.37,16.16,16.27
002756,永兴材料,54.25,-0.03685277317118689,-0.020000000000003126,637346350.56,11751354,0,54.0,55.38,53.01,54.27
002757,南兴股份,19.47,9.999999999999998,1.7699999999999996,914061800.19,49074190,0,17.61,19.47,16.95,17.7
002758,浙农股份,10.07,-1.0805500982318215,-0.10999999999999943,134632661.44,13407702,0,10.16,10.21,9.95,10.18
002759,天际股份,46.43,0.8689984792526582,0.3999999999999986,6624805189.29,141859525,0,44.86,49.0,44.55,46.03
002760,凤形股份,21.71,0.8828996282527941,0.19000000000000128,94863555.0,4474000,0,21.44,21.71,20.93,21.52
002761,浙江建投,8.57,0.8235294117647093,0.07000000000000028,52382031.06,6128289,0,8.54,8.59,8.49,8.5
002762,*ST金比,6.88,0.0,0.0,9721711.5,1411175,0,6.98,6.98,6.85,6.88
002763,汇洁股份,7.22,-7.317073170731711,-0.5700000000000003,246042614.52,33622613,0,7.5,7.63,7.21,7.79
002765,蓝黛科技,13.37,3.6434108527131692,0.46999999999999886,956040889.05,72021958,0,12.88,13.66,12.84,12.9
002766,索菱股份,6.05,9.999999999999996,0.5499999999999998,534210914.39,91416851,0,5.67,6.05,5.46,5.5
002767,先锋电子,22.91,3.665158371040718,0.8099999999999987,219311333.5,9722150,0,22.12,22.99,22.01,22.1
002768,国恩股份,52.68,-0.4158790170132304,-0.21999999999999886,124451702.28,2384902,0,52.9,53.2,51.44,52.9
002769,普路通,11.75,-0.6762468300929845,-0.08000000000000007,386228713.12,31910941,0,12.04,12.55,11.75,11.83
002771,真视通,15.13,0.5984042553191599,0.09000000000000163,57172141.6,3784410,0,15.06,15.19,14.97,15.04
002772,众兴菌业,14.59,0.4129387474191362,0.0600000000000005,141698087.54,9789993,0,14.7,14.8,14.23,14.53
002773,康弘药业,29.97,0.0,0.0,137869238.76,4629463,0,29.97,30.02,29.56,29.97
002774,快意电梯,9.28,0.10787486515641627,0.009999999999999787,36705492.75,3969367,0,9.43,9.43,9.08,9.27
002775,文科股份,4.28,0.9433962264150951,0.040000000000000036,45915878.34,10827678,0,4.26,4.29,4.17,4.24
002777,久远银海,17.94,1.241534988713332,0.22000000000000242,113868186.79,6376552,0,17.68,18.0,17.68,17.72
002778,中晟高科,21.14,1.6835016835016905,0.3500000000000014,60702049.36,2894664,0,20.96,21.31,20.62,20.79
002779,中坚科技,113.56,-3.7219160661297166,-4.390000000000001,378833012.83,3306934,0,117.0,117.0,113.5,117.95
002780,三夫户外,14.36,-0.6228373702422135,-0.08999999999999986,76720068.5,5370725,0,14.43,14.45,14.11,14.45
002782,可立克,18.16,-3.043246129204486,-0.5700000000000003,163500006.7,8929400,0,18.75,18.77,18.15,18.73
002783,凯龙股份,9.57,0.10460251046024881,0.009999999999999787,103428463.54,10860654,0,9.56,9.65,9.42,9.56
002785,万里石,35.32,-4.54054054054054,-1.6799999999999997,363168949.0,10199400,0,36.9,36.9,34.87,37.0
002786,银宝山新,8.6,0.11641443538998589,0.009999999999999787,47533637.28,5551000,0,8.6,8.63,8.49,8.59
002787,华源控股,12.45,0.08038585209003044,0.009999999999999787,136273258.0,10938700,0,12.5,12.69,12.12,12.44
002788,鹭燕医药,21.18,-9.987250318742037,-2.3500000000000014,1369279992.33,61312592,0,23.39,24.35,21.18,23.53
002789,*ST建艺,10.48,-2.692664809656445,-0.28999999999999915,138566321.1,13126100,0,10.85,11.0,10.3,10.77
002790,瑞尔特,8.39,-0.7100591715976181,-0.05999999999999872,44166299.36,5253688,0,8.49,8.51,8.36,8.45
002791,坚朗五金,21.21,-0.7951356407857725,-0.16999999999999815,87892608.29,4138984,0,21.43,21.54,21.05,21.38
002792,通宇通讯,42.7,7.556675062972292,3.0,6756803825.83,161523182,0,39.72,43.67,39.02,39.7
002793,罗欣药业,4.8,0.41841004184099523,0.019999999999999574,41255444.4,8615998,0,4.78,4.82,4.73,4.78
002795,永和智控,6.3,-1.4084507042253498,-0.08999999999999986,129495633.6,20548476,0,6.46,6.46,6.21,6.39
002796,世嘉科技,27.73,-5.034246575342462,-1.4699999999999989,759712662.7,27145743,0,29.18,30.15,27.0,29.2
002797,第一创业,6.87,-1.1510791366906485,-0.08000000000000007,293913753.56,42459855,0,6.96,6.98,6.87,6.95
002798,帝欧水华,5.73,1.415929203539824,0.08000000000000007,23442258.82,4131211,0,5.66,5.75,5.6,5.65
002799,环球印务,8.53,1.5476190476190357,0.129999999999999,76500950.88,8999604,0,8.51,8.6,8.37,8.4
002800,天顺股份,15.76,4.163912756113675,0.629999999999999,212011438.54,13496518,0,15.19,16.14,15.19,15.13
002801,微光股份,35.41,-0.4777965148960138,-0.1700000000000017,80057982.45,2265320,0,35.59,35.98,35.19,35.58
002802,洪汇新材,12.44,-0.1605136436597219,-0.02000000000000135,25736839.82,2078223,0,12.46,12.56,12.21,12.46
002803,吉宏股份,16.36,0.7389162561576417,0.120000000000001,141089212.06,8604938,0,16.25,16.57,16.25,16.24
002805,丰元股份,17.73,-2.3140495867768496,-0.41999999999999815,435365209.17,24482235,0,18.3,18.39,17.5,18.15
002806,华锋股份,12.46,0.4029008863819557,0.05000000000000071,92015858.3,7422532,0,12.46,12.55,12.21,12.41
002807,江阴银行,4.57,-0.21834061135370714,-0.009999999999999787,133534812.02,29214971,0,4.57,4.6,4.55,4.58
002808,*ST恒久,5.02,1.209677419354831,0.05999999999999961,15643078.2,3106648,0,4.96,5.08,4.94,4.96
002809,红墙股份,10.69,0.09363295880149614,0.009999999999999787,47025456.93,4413416,0,10.69,10.8,10.46,10.68
002810,山东赫达,14.83,-0.1346801346801318,-0.019999999999999574,185952083.69,12513800,0,14.81,15.18,14.55,14.85
002811,郑中设计,14.84,0.06743088334457037,0.009999999999999787,126052383.0,8482900,0,14.84,15.09,14.66,14.83
002812,恩捷股份,56.64,-0.8576929809207107,-0.490000000000002,1275050026.42,22516641,0,57.14,57.5,55.89,57.13
002813,路畅科技,29.03,1.8596491228070215,0.5300000000000011,139015317.4,4824040,0,28.58,29.45,27.94,28.5
002815,崇达技术,13.66,-1.443001443001438,-0.1999999999999993,279992055.78,20299462,0,13.92,13.98,13.64,13.86
002816,*ST和科,22.47,0.2230151650312094,0.04999999999999716,142749231.0,6285500,0,22.51,23.3,22.34,22.42
002817,黄山胶囊,7.6,0.795755968169756,0.05999999999999961,31287362.31,4141186,0,7.54,7.62,7.48,7.54
002818,富森美,11.11,0.45207956600360694,0.049999999999998934,27728738.6,2496960,0,11.07,11.15,11.06,11.06
002819,东方中科,27.31,2.2846441947565523,0.6099999999999994,120133352.89,4427050,0,26.7,27.55,26.58,26.7
002820,桂发祥,12.05,0.5843071786310541,0.07000000000000028,99149315.8,8284800,0,12.02,12.09,11.81,11.98
002821,凯莱英,92.93,-0.07526881720429375,-0.06999999999999318,243830128.09,2609962,0,92.79,94.12,92.67,93.0
002822,*ST中装,3.92,-2.7295285359801564,-0.11000000000000032,142515247.34,35339152,0,4.23,4.23,3.92,4.03
002823,凯中精密,16.06,-0.43397396156230805,-0.07000000000000028,54331320.08,3380752,0,16.16,16.21,16.0,16.13
002824,和胜股份,19.4,-1.2219959266802545,-0.240000000000002,125352665.22,6413435,0,19.61,19.74,19.35,19.64
002825,纳尔股份,11.49,-2.791878172588833,-0.33000000000000007,125252434.42,10818898,0,11.82,11.92,11.47,11.82
002826,易明医药,18.38,1.7155506364139386,0.3099999999999987,89059100.0,4844400,0,18.0,18.77,17.99,18.07
002827,高争民爆,37.73,0.31906407870246595,0.11999999999999744,145787659.1,3871505,0,37.52,37.88,37.41,37.61
002828,贝肯能源,10.66,-1.113172541743963,-0.11999999999999922,91351849.0,8608900,0,10.79,10.8,10.5,10.78
002829,星网宇达,31.42,3.6963696369637,1.120000000000001,754545652.02,24306815,0,30.0,31.96,30.0,30.3
002830,名雕股份,19.5,-2.548725637181417,-0.5100000000000016,56031577.0,2853400,0,20.06,20.18,19.36,20.01
002831,裕同科技,28.51,-0.035063113604481104,-0.00999999999999801,113675770.92,4007664,0,28.51,28.74,28.06,28.52
002832,比音勒芬,14.96,-0.9271523178807868,-0.1399999999999988,78874349.18,5264898,0,15.09,15.11,14.92,15.1
002833,弘亚数控,16.37,-1.5042117930204573,-0.25,66331642.02,4029636,0,16.64,16.7,16.37,16.62
002835,同为股份,16.38,0.862068965517245,0.14000000000000057,26067431.0,1596100,0,16.25,16.45,16.16,16.24
002836,新宏泽,14.98,-0.5972130059721291,-0.08999999999999986,142820725.52,9454280,0,15.07,15.8,14.47,15.07
002837,英维克,106.89,-5.574204946996468,-6.310000000000002,6957538388.43,64250927,0,111.17,112.0,106.0,113.2
002838,道恩股份,24.08,-1.3114754098360668,-0.3200000000000003,65097410.2,2695514,0,24.5,24.52,24.03,24.4
002839,张家港行,4.57,-0.6521739130434644,-0.02999999999999936,125771193.8,27320844,0,4.59,4.64,4.56,4.6
002840,华统股份,9.62,-1.0288065843621546,-0.10000000000000142,109020507.6,11325126,0,9.62,9.67,9.59,9.72
002841,视源股份,39.63,2.086553323029372,0.8100000000000023,295261267.07,7422507,0,40.0,40.39,39.23,38.82
002842,翔鹭钨业,14.46,-1.6326530612244792,-0.23999999999999844,429284831.45,29219886,0,14.71,15.0,14.42,14.7
002843,泰嘉股份,20.04,-2.148437500000006,-0.4400000000000013,248704606.28,12271240,0,20.4,20.72,20.04,20.48
002845,同兴达,14.07,0.07112375533428014,0.009999999999999787,60795969.4,4327860,0,14.1,14.15,13.92,14.06
002846,英联股份,16.14,0.12406947890818594,0.019999999999999574,113160167.0,7042020,0,16.13,16.35,15.82,16.12
002847,盐津铺子,68.31,-0.6688963210702251,-0.45999999999999375,130444027.11,1905573,0,68.76,68.9,68.17,68.77
002848,*ST高斯,8.98,5.029239766081868,0.4299999999999997,52517385.0,5891900,0,8.55,8.98,8.5,8.55
002849,威星智能,15.9,1.0807374443738076,0.16999999999999993,134826233.4,8537530,0,15.75,16.0,15.49,15.73
002850,科达利,157.86,-4.001459498905366,-6.579999999999984,972036316.75,6096430,0,163.84,164.0,156.66,164.44
002851,麦格米特,90.07,0.9074613488684607,0.8099999999999881,1505954107.31,16638392,0,89.5,92.16,89.18,89.26
002852,道道全,10.55,-0.37771482530688527,-0.03999999999999915,43050296.69,4094125,0,10.61,10.61,10.47,10.59
002853,皮阿诺,20.96,-2.9629629629629655,-0.6400000000000006,241995629.26,11476614,0,21.64,22.16,20.75,21.6
002855,捷荣技术,16.38,0.49079754601225944,0.0799999999999983,32839360.0,2007200,0,16.39,16.48,16.22,16.3
002856,美芝股份,11.81,-0.3375527426160266,-0.03999999999999915,115963031.0,9828000,0,12.08,12.18,11.55,11.85
002857,三晖电气,20.74,1.0228933268387592,0.2099999999999973,46444503.2,2251820,0,20.59,20.9,20.24,20.53
002858,力盛体育,15.0,0.20040080160320214,0.02999999999999936,54815484.0,3666700,0,14.98,15.11,14.8,14.97
002859,洁美科技,27.6,-0.5405405405405355,-0.14999999999999858,78800285.14,2855436,0,27.9,27.9,27.45,27.75
002860,星帅尔,14.1,4.135893648449044,0.5600000000000005,426723115.8,30325544,0,13.54,14.45,13.38,13.54
002861,瀛通通讯,17.79,-2.4136039495337425,-0.4400000000000013,196341883.5,11012007,0,18.49,18.78,17.53,18.23
002862,实丰文化,19.53,0.41131105398458534,0.08000000000000185,78876002.4,4046300,0,19.61,19.76,19.25,19.45
002863,今飞凯达,5.87,0.17064846416381887,0.009999999999999787,116885975.33,19947097,0,5.93,5.96,5.77,5.86
002864,盘龙药业,30.84,-0.3232062055591513,-0.10000000000000142,51738857.93,1680524,0,30.95,31.06,30.55,30.94
002865,钧达股份,54.61,1.8273354465784017,0.9799999999999969,1964270492.45,35821040,0,54.95,56.56,53.0,53.63
002866,传艺科技,18.01,-3.119956966110803,-0.5799999999999983,230810079.0,12737000,0,18.58,18.59,17.96,18.59
002867,周大生,12.18,0.32948929159801604,0.03999999999999915,40184608.75,3302775,0,12.14,12.2,12.13,12.14
002868,*ST绿康,33.71,2.4620060790273626,0.8100000000000023,53136629.45,1584025,0,32.9,34.38,32.5,32.9
002869,金溢科技,23.26,0.9548611111111216,0.22000000000000242,85294239.59,3685295,0,23.01,23.44,22.75,23.04
002870,香山股份,39.32,-3.1765574981531626,-1.2899999999999991,262549248.34,6614286,0,40.92,41.06,39.25,40.61
002871,伟隆股份,18.0,5.82010582010581,0.9899999999999984,184964599.81,10409483,0,17.0,18.45,16.81,17.01
002872,ST天圣,4.86,0.6211180124223654,0.03000000000000025,10488014.5,2153650,0,4.87,4.93,4.84,4.83
002873,新天药业,9.92,-0.2012072434607603,-0.019999999999999574,32811701.48,3325164,0,9.93,9.93,9.8,9.94
002875,安奈儿,16.56,-1.0752688172042995,-0.17999999999999972,68706771.23,4110899,0,16.77,16.93,16.5,16.74
002876,三利谱,23.94,2.923473774720549,0.6799999999999997,118375392.77,4969674,0,23.55,24.28,23.13,23.26
002877,智能自控,9.18,-1.290322580645172,-0.120000000000001,105610109.0,11537000,0,9.32,9.34,9.06,9.3
002878,元隆雅图,18.22,3.8768529076396794,0.6799999999999997,401906011.35,22128445,0,17.6,18.5,17.55,17.54
002879,长缆科技,18.57,-1.6940179989412403,-0.3200000000000003,133003806.2,7154240,0,18.67,18.99,18.35,18.89
002880,卫光生物,25.5,0.03923107100824466,0.010000000000001563,13935299.6,548124,0,25.36,25.59,25.31,25.49
002881,美格智能,44.56,2.8149515459160104,1.2199999999999989,430093084.56,9673430,0,44.09,45.45,43.25,43.34
002882,金龙羽,30.16,-1.2119226989846086,-0.370000000000001,116281523.0,3849100,0,30.54,30.83,30.1,30.53
002883,中设股份,10.94,0.0,0.0,31035207.0,2843220,0,10.95,11.09,10.76,10.94
002884,凌霄泵业,17.69,-0.3380281690140773,-0.05999999999999872,35413515.0,2000492,0,17.72,17.77,17.61,17.75
002885,京泉华,25.69,-5.027726432532345,-1.3599999999999994,604953279.18,23105788,0,27.06,27.15,25.55,27.05
002886,沃特股份,21.72,2.4528301886792434,0.5199999999999996,294983706.0,13697650,0,21.38,21.9,21.04,21.2
002887,绿茵生态,9.36,1.5184381778741733,0.1399999999999988,27467324.0,2966690,0,9.28,9.37,9.13,9.22
002888,惠威科技,19.59,-0.910470409711683,-0.17999999999999972,104144595.0,5276980,0,20.22,20.4,19.37,19.77
002889,东方嘉盛,15.36,-3.0914826498422725,-0.4900000000000002,103722780.64,6703168,0,15.87,15.87,15.35,15.85
002890,弘宇股份,14.6,-0.8825526137135151,-0.13000000000000078,18246576.33,1247860,0,14.78,14.97,14.5,14.73
002891,中宠股份,51.76,-0.5189313857390027,-0.2700000000000031,117402332.4,2267356,0,52.0,52.39,51.5,52.03
002892,科力尔,13.42,-1.3960323291697245,-0.1899999999999995,220458078.16,16394621,0,13.66,13.67,13.39,13.61
002893,京能热力,11.19,0.17905102954341606,0.019999999999999574,78547067.14,7049469,0,11.18,11.25,11.03,11.17
002895,川恒股份,36.66,-0.2720348204570224,-0.10000000000000142,304409880.2,8333679,0,36.9,36.99,36.24,36.76
002896,中大力德,89.36,-3.02767227346718,-2.7900000000000063,1290040290.53,14346422,0,92.0,92.0,89.0,92.15
002897,意华股份,54.07,2.619092806984252,1.3800000000000026,922431408.42,16965919,0,53.11,56.25,52.99,52.69
002898,*ST赛隆,13.62,0.14705882352940863,0.019999999999999574,9344670.0,689400,0,13.64,13.68,13.4,13.6
002899,英派斯,27.37,-2.701741912548873,-0.759999999999998,358848530.95,13118048,0,28.58,28.61,26.6,28.13
002900,哈三联,12.46,-1.8897637795275468,-0.23999999999999844,48669514.24,3864294,0,12.76,12.76,12.46,12.7
002901,大博医疗,47.37,-1.35360266555603,-0.6500000000000057,62620088.77,1317882,0,48.2,48.2,47.27,48.02
002902,铭普光磁,22.69,-1.5618221258134466,-0.35999999999999943,173131016.94,7592270,0,23.05,23.2,22.56,23.05
002903,宇环数控,23.0,-1.032702237521508,-0.23999999999999844,139272955.04,6023199,0,23.46,23.62,22.95,23.24
002905,金逸影视,11.3,-2.753872633390693,-0.3199999999999985,270911667.0,24009000,0,11.47,11.47,11.1,11.62
002906,华阳集团,30.58,-1.1635423400129379,-0.360000000000003,209038467.6,6794208,0,31.13,31.16,30.58,30.94
002907,华森制药,14.81,-1.002673796791446,-0.15000000000000036,31269716.02,2102032,0,15.0,15.01,14.8,14.96
002908,德生科技,10.53,10.031347962382435,0.9599999999999991,425606904.16,40957616,0,9.59,10.53,9.59,9.57
002909,集泰股份,6.81,-3.267045454545461,-0.23000000000000043,201629338.76,29359048,0,6.99,7.0,6.81,7.04
002910,庄园牧场,11.11,-1.5070921985815597,-0.16999999999999993,139858252.0,12575000,0,11.35,11.38,11.03,11.28
002911,佛燃能源,12.12,-0.410846343467549,-0.05000000000000071,48627433.98,3992186,0,12.17,12.25,12.1,12.17
002912,中新赛克,30.14,3.5027472527472514,1.0199999999999996,159565971.4,5363050,0,29.25,30.29,28.94,29.12
002913,奥士康,42.74,-2.084765177548675,-0.9099999999999966,156108369.55,3630637,0,43.77,43.78,42.63,43.65
002915,中欣氟材,24.5,-1.960784313725484,-0.48999999999999844,504842416.8,20513865,0,24.63,24.98,24.31,24.99
002916,深南电路,232.29,-0.6245989304812868,-1.460000000000008,1512531474.04,6486904,0,233.93,239.39,229.3,233.75
002917,金奥博,13.38,0.22471910112360402,0.030000000000001137,46003897.0,3442350,0,13.43,13.45,13.27,13.35
002918,蒙娜丽莎,14.23,-0.28030833917308445,-0.03999999999999915,69150943.0,4851300,0,14.3,14.57,14.1,14.27
002919,名臣健康,22.99,0.8333333333333233,0.18999999999999773,163309926.4,7114132,0,22.96,23.23,22.53,22.8
002920,德赛西威,120.3,-1.5064679875552673,-1.8400000000000034,915417931.19,7599535,0,122.16,122.38,119.66,122.14
002921,联诚精密,17.02,4.034229828850857,0.6600000000000001,297525693.13,17420070,0,16.28,17.64,16.09,16.36
002922,伊戈尔,30.62,-1.5750562520089952,-0.48999999999999844,467186669.42,15164836,0,31.41,31.89,30.35,31.11
002923,润都股份,12.15,1.0815307820299567,0.13000000000000078,40267083.11,3318872,0,12.04,12.32,11.98,12.02
002925,盈趣科技,16.94,-1.9108280254776973,-0.3299999999999983,185361868.09,10901178,0,17.25,17.26,16.94,17.27
002926,华西证券,9.28,-0.42918454935623307,-0.040000000000000924,133200395.96,14296344,0,9.34,9.38,9.28,9.32
002927,泰永长征,20.08,2.65848670756646,0.5199999999999996,292407245.5,14762655,0,19.6,20.3,19.28,19.56
002928,华夏航空,11.05,2.599814298978655,0.28000000000000114,251281604.07,22865174,0,10.77,11.13,10.73,10.77
002929,润建股份,39.81,0.32762096774194194,0.13000000000000256,129335607.92,3250049,0,39.71,40.04,39.42,39.68
002930,宏川智慧,11.13,1.0899182561307992,0.120000000000001,50194313.72,4528188,0,11.01,11.22,10.9,11.01
002931,锋龙股份,31.7,9.99306037473976,2.879999999999999,16483080.7,519971,0,31.7,31.7,31.7,28.82
002932,明德生物,19.18,7.631874298540962,1.3599999999999994,311799056.53,16376610,0,18.5,19.48,18.35,17.82
002933,新兴装备,36.2,-0.41265474552956966,-0.14999999999999858,139287071.28,3866399,0,36.37,36.37,35.68,36.35
002935,天奥电子,22.35,4.68384074941452,1.0,782095230.88,35310251,0,21.19,22.88,21.18,21.35
002936,郑州银行,1.93,0.0,0.0,114532221.75,59063114,0,1.94,1.95,1.93,1.93
002937,兴瑞科技,23.6,-2.6402640264026283,-0.639999999999997,230164407.0,9697900,0,24.28,24.5,23.44,24.24
002938,鹏鼎控股,50.58,-1.2302284710017624,-0.6300000000000026,1405344785.25,27408475,0,51.3,52.73,50.19,51.21
002939,长城证券,10.2,-1.1627906976744282,-0.120000000000001,246682535.29,24041227,0,10.32,10.35,10.2,10.32
002940,昂利康,33.52,-0.44550044550044127,-0.14999999999999858,160782545.69,4799146,0,33.67,33.81,33.24,33.67
002941,新疆交建,15.85,-1.1845386533665805,-0.1899999999999995,235408876.14,14796800,0,16.09,16.14,15.82,16.04
002942,新农股份,19.22,-0.31120331950208646,-0.060000000000002274,34791701.1,1817190,0,19.4,19.48,19.02,19.28
002943,宇晶股份,39.6,5.939004815409307,2.219999999999999,565338117.37,14591296,0,39.23,40.0,37.7,37.38
002945,华林证券,15.33,2.6791694574681872,0.40000000000000036,727276819.26,46829645,0,14.98,15.95,14.73,14.93
002946,新乳业,18.53,-1.2260127931769744,-0.23000000000000043,95075103.0,5116200,0,18.67,18.92,18.4,18.76
002947,恒铭达,52.02,-1.008563273073252,-0.529999999999994,348562526.48,6672568,0,52.82,53.5,51.66,52.55
002948,青岛银行,4.48,0.0,0.0,111025877.0,24713338,0,4.47,4.52,4.47,4.48
002949,华阳国际,15.55,2.2353714661406956,0.33999999999999986,90627350.0,5854900,0,15.26,15.82,14.93,15.21
002950,奥美医疗,10.92,0.09165902841429685,0.009999999999999787,38020766.56,3487318,0,10.9,10.97,10.81,10.91
002951,金时科技,14.9,-3.1838856400259923,-0.4900000000000002,154214375.22,10280962,0,15.24,15.38,14.7,15.39
002952,亚世光电,19.64,0.4603580562659839,0.08999999999999986,58598314.0,3001125,0,19.7,19.71,19.27,19.55
002953,日丰股份,11.48,-0.6920415224913501,-0.08000000000000007,49613421.36,4330585,0,11.6,11.6,11.38,11.56
002955,鸿合科技,30.27,2.159973000337498,0.6400000000000006,136011692.54,4520326,0,29.99,30.49,29.61,29.63
002956,西麦食品,28.12,3.4584253127299536,0.9400000000000013,116864418.5,4212170,0,27.03,28.46,27.03,27.18
002957,科瑞技术,21.65,-0.5055147058823666,-0.11000000000000298,187196494.0,8634200,0,21.93,22.04,21.52,21.76
002958,青农商行,3.1,0.0,0.0,87039548.0,28092200,0,3.1,3.11,3.09,3.1
002959,小熊电器,42.23,0.28496794110661944,0.11999999999999744,53091445.28,1262262,0,42.28,42.54,41.72,42.11
002960,青鸟消防,10.51,-4.280510018214942,-0.47000000000000064,341722893.93,32163547,0,11.22,11.35,10.46,10.98
002961,瑞达期货,27.07,-5.580746424834326,-1.6000000000000014,638094004.15,23230792,0,28.38,28.63,26.98,28.67
002962,五方光电,14.82,3.059805285118216,0.4399999999999995,124577243.51,8461555,0,14.43,15.06,14.29,14.38
002963,豪尔赛,14.88,-2.6814911706997933,-0.40999999999999837,57571715.0,3842300,0,15.26,15.35,14.84,15.29
002965,祥鑫科技,40.68,-1.66787527193618,-0.6899999999999977,401555034.05,9785115,0,41.3,41.55,40.63,41.37
002966,苏州银行,8.29,0.24183796856105896,0.019999999999999574,219449132.35,26353557,0,8.27,8.38,8.25,8.27
002967,广电计量,22.01,0.18206645425581566,0.0400000000000027,288860752.0,13213100,0,21.9,22.36,21.45,21.97
002968,新大正,12.16,-0.40950040950041533,-0.05000000000000071,45114890.0,3700700,0,12.41,12.44,12.05,12.21
002969,嘉美包装,12.66,6.835443037974688,0.8100000000000005,3153296934.73,243685134,0,13.04,13.04,12.01,11.85
002970,锐明技术,48.5,-1.3826758845058962,-0.6799999999999997,195979859.88,4052769,0,49.33,49.45,48.02,49.18
002971,和远气体,29.88,-0.200400801603214,-0.060000000000002274,100735062.2,3368090,0,29.97,30.3,29.6,29.94
002972,科安达,11.95,0.16764459346185728,0.019999999999999574,21105440.2,1772120,0,11.97,12.03,11.81,11.93
002973,侨银股份,13.67,2.859292701279163,0.3800000000000008,83742094.0,6160300,0,13.62,13.9,13.26,13.29
002975,博杰股份,77.0,-1.6602809706257948,-1.2999999999999972,269004225.8,3471660,0,78.66,79.39,76.76,78.3
002976,瑞玛精密,28.03,-2.8422876949740044,-0.8200000000000003,206276272.6,7313592,0,28.73,28.94,27.97,28.85
002977,天箭科技,35.31,-9.992352791231188,-3.9199999999999946,53480526.0,1514600,0,35.31,35.31,35.31,39.23
002978,安宁股份,33.05,1.1941212492345394,0.39000000000000057,135222173.62,4109113,0,32.65,33.09,32.62,32.66
002979,雷赛智能,42.07,-2.2310016267720214,-0.9600000000000009,356882699.29,8446287,0,43.04,43.2,42.0,43.03
002980,华盛昌,21.07,1.5911282545805299,0.33000000000000185,48176571.0,2292640,0,20.85,21.35,20.64,20.74
002981,朝阳科技,28.57,-0.48763497039359305,-0.14000000000000057,82745880.91,2894067,0,29.15,29.26,28.36,28.71
002982,湘佳股份,13.74,-1.2221423436376702,-0.16999999999999993,30112047.48,2195324,0,13.9,13.9,13.61,13.91
002983,芯瑞达,22.95,2.684563758389252,0.5999999999999979,221709368.57,9661187,0,22.69,23.62,22.23,22.35
002984,森麒麟,21.17,-0.7035647279549652,-0.14999999999999858,231863464.1,10990821,0,21.32,21.34,20.86,21.32
002985,北摩高科,31.73,1.6010246557796992,0.5,426816794.32,13552821,0,31.43,31.76,31.06,31.23
002986,宇新股份,10.76,0.6548175865294695,0.07000000000000028,28838912.8,2678940,0,10.7,10.88,10.65,10.69
002987,京北方,21.53,3.509615384615387,0.7300000000000004,901982276.55,42302353,0,20.78,21.8,20.57,20.8
002988,豪美新材,36.8,-2.490726020137797,-0.9400000000000048,124847775.0,3373800,0,37.8,38.0,36.75,37.74
002989,中天精装,30.84,-1.248799231508167,-0.39000000000000057,106152160.58,3428298,0,31.4,31.66,30.59,31.23
002990,盛视科技,28.31,1.3242662848961968,0.36999999999999744,80116954.79,2850400,0,27.95,28.31,27.78,27.94
002991,甘源食品,56.91,0.3703703703703593,0.20999999999999375,42532807.23,748653,0,56.7,57.19,56.31,56.7
002992,宝明科技,47.61,-1.9159456118665013,-0.9299999999999997,88551819.0,1853600,0,48.5,48.83,47.38,48.54
002993,奥海科技,43.71,-0.47814207650273416,-0.21000000000000085,74762552.56,1704356,0,43.99,44.19,43.66,43.92
002995,天地在线,16.52,1.72413793103449,0.28000000000000114,80539701.4,4895880,0,16.23,16.67,16.15,16.24
002996,顺博合金,7.56,1.3404825737265367,0.09999999999999964,89971223.32,11984199,0,7.49,7.62,7.38,7.46
002997,瑞鹄模具,37.4,-0.21344717182496878,-0.0799999999999983,80566003.26,2150745,0,37.56,37.71,37.3,37.48
002998,优彩资源,7.55,-0.39577836411609824,-0.03000000000000025,29117912.79,3873243,0,7.55,7.59,7.46,7.58
002999,天禾股份,6.83,0.2936857562408291,0.020000000000000462,42901911.8,6322860,0,6.83,6.85,6.72,6.81
003000,劲仔食品,11.39,-0.34995625546805903,-0.03999999999999915,39027854.76,3418606,0,11.42,11.48,11.39,11.43
003001,中岩大地,20.13,-1.3718765311122054,-0.28000000000000114,35079074.63,1734798,0,20.36,20.52,20.11,20.41
003002,壶化股份,32.37,1.156249999999992,0.36999999999999744,196110028.0,6057600,0,31.98,33.0,31.5,32.0
003003,天元股份,13.22,-0.6015037593984968,-0.08000000000000007,136703846.6,10406300,0,13.23,13.34,12.88,13.3
003004,*ST声迅,22.4,4.477611940298495,0.9599999999999973,34845903.28,1585312,0,21.7,22.46,21.57,21.44
003005,竞业达,20.39,1.6957605985037398,0.33999999999999986,107180321.96,5219515,0,20.73,20.99,20.38,20.05
003006,百亚股份,21.84,-0.45578851412945043,-0.10000000000000142,80054335.34,3660478,0,21.94,22.29,21.59,21.94
003007,直真科技,37.29,1.7462482946794013,0.6400000000000006,148497709.0,4003600,0,37.04,37.65,36.28,36.65
003008,开普检测,21.55,-0.6454587367450464,-0.14000000000000057,44292173.8,2055945,0,21.7,21.88,21.4,21.69
003009,中天火箭,78.54,10.0,7.140000000000001,1417949783.73,18921251,0,70.98,78.54,70.6,71.4
003010,若羽臣,34.97,-2.834120589052523,-1.0200000000000031,217613084.31,6167510,0,35.98,36.68,34.8,35.99
003011,海象新材,22.04,1.5200368493781589,0.3299999999999983,61317483.0,2806700,0,21.62,22.08,21.46,21.71
003012,东鹏控股,6.55,-1.057401812688826,-0.07000000000000028,46135993.64,7017112,0,6.6,6.66,6.53,6.62
003013,地铁设计,14.17,0.3541076487252175,0.05000000000000071,26316887.0,1859500,0,14.12,14.21,14.06,14.12
003015,日久光电,15.6,0.12836970474967632,0.019999999999999574,105708071.0,6798200,0,15.91,15.97,15.4,15.58
003016,欣贺股份,9.69,-2.710843373493989,-0.27000000000000135,255245571.2,26424790,0,9.89,9.95,9.45,9.96
003017,大洋生物,29.86,-1.093077177873474,-0.33000000000000185,44429057.8,1486780,0,30.17,30.24,29.68,30.19
003018,金富科技,17.42,7.530864197530879,1.2200000000000024,384529983.12,22520624,0,16.44,17.6,16.36,16.2
003019,宸展光电,33.48,-0.6822901216256422,-0.23000000000000398,78258748.63,2338733,0,33.76,33.82,33.18,33.71
003020,立方制药,25.88,-2.596913812570573,-0.6900000000000013,71987045.2,2780930,0,26.6,26.6,25.62,26.57
003021,兆威机电,124.18,-3.669226592196098,-4.72999999999999,1107562917.96,8843062,0,126.5,128.18,123.6,128.91
003022,联泓新科,19.81,-0.3019627579265338,-0.060000000000002274,160088831.06,8076914,0,19.99,20.1,19.66,19.87
003023,彩虹集团,22.66,0.3542958370239232,0.08000000000000185,44638714.0,1982200,0,22.57,22.71,22.36,22.58
003025,思进智能,14.37,0.48951048951047904,0.06999999999999851,53521983.68,3735541,0,14.36,14.41,14.2,14.3
003026,中晶科技,30.88,-0.0323729362253207,-0.010000000000001563,41588138.96,1350271,0,31.13,31.13,30.62,30.89
003027,同兴科技,22.3,0.4052228725799183,0.08999999999999986,127497679.5,5788250,0,22.18,22.33,21.76,22.21
003028,振邦智能,29.59,-0.5378151260504206,-0.16000000000000014,30608102.52,1034907,0,29.68,30.02,29.41,29.75
003029,吉大正元,26.18,-1.3935969868173295,-0.370000000000001,354638701.0,13694100,0,26.1,26.38,25.4,26.55
003030,祖名股份,20.19,0.347912524850896,0.07000000000000028,31436766.0,1567400,0,20.05,20.21,19.82,20.12
003031,中瓷电子,73.16,-0.7327001356852189,-0.5400000000000063,523387989.75,7098988,0,73.04,75.67,72.2,73.7
003032,*ST传智,6.37,0.15723270440251236,0.009999999999999787,24122105.0,3801100,0,6.38,6.42,6.31,6.36
003033,征和工业,78.61,2.69105160026127,2.0600000000000023,409374708.62,5268026,0,76.72,80.0,74.37,76.55
003035,南网能源,4.58,-0.4347826086956429,-0.019999999999999574,48441922.8,10582210,0,4.6,4.61,4.56,4.6
003036,泰坦股份,15.48,-0.8962868117797618,-0.1399999999999988,27006484.22,1746669,0,15.62,15.62,15.35,15.62
003037,三和管桩,8.1,1.886792452830182,0.14999999999999947,181517711.54,22561525,0,7.95,8.14,7.88,7.95
003038,鑫铂股份,15.8,-0.18951358180669212,-0.02999999999999936,44318609.0,2798500,0,15.96,15.96,15.77,15.83
003039,顺控发展,15.93,10.013812154696128,1.4499999999999993,292305890.92,18914184,0,14.55,15.93,14.55,14.48
003040,楚天龙,20.68,1.771653543307084,0.35999999999999943,738667197.49,36039358,0,20.01,20.88,19.87,20.32
003041,真爱美家,54.33,9.008828250401272,4.489999999999995,790096203.84,15025888,0,49.6,54.82,48.0,49.84
003042,中农联合,16.06,0.12468827930174299,0.019999999999999574,47548204.02,2981968,0,16.21,16.21,15.74,16.04
003043,华亚智能,46.37,0.5202688055495228,0.23999999999999488,74563175.2,1609060,0,46.14,47.18,45.76,46.13
003816,中国广核,3.76,0.0,0.0,283211372.25,75373903,0,3.76,3.77,3.75,3.76
300001,特锐德,25.68,-1.1166730843280677,-0.28999999999999915,381738200.23,14876338,0,25.94,25.99,25.48,25.97
300002,神州泰岳,11.52,1.7667844522968137,0.1999999999999993,664706822.97,57823412,0,11.33,11.62,11.28,11.32
300003,乐普医疗,15.81,-0.44080604534005213,-0.07000000000000028,208090820.06,13153518,0,15.86,15.92,15.73,15.88
300004,南风股份,12.25,4.700854700854707,0.5500000000000007,538963086.0,44608200,0,11.68,12.68,11.47,11.7
300005,探路者,10.83,1.0261194029850693,0.10999999999999943,240719141.96,22067484,0,10.72,11.04,10.72,10.72
300006,莱美药业,5.14,-1.9083969465648956,-0.10000000000000053,115793190.16,22381880,0,5.27,5.27,5.12,5.24
300007,汉威科技,53.6,-0.7774898185857121,-0.4200000000000017,1437616926.58,26764608,0,53.77,54.85,52.6,54.02
300008,天海防务,7.89,-0.504413619167718,-0.040000000000000036,947134951.72,120007699,0,7.99,8.08,7.79,7.93
300009,安科生物,9.57,-0.5197505197505087,-0.049999999999998934,101056539.8,10521560,0,9.63,9.69,9.55,9.62
300010,豆神教育,7.24,2.6950354609929135,0.1900000000000004,1240372287.13,168957503,0,7.4,7.52,7.14,7.05
300011,鼎汉技术,8.58,0.11668611435238958,0.009999999999999787,64633936.82,7527113,0,8.57,8.66,8.51,8.57
300012,华测检测,13.55,0.5192878338278952,0.07000000000000028,254125529.96,18662247,0,13.52,13.7,13.5,13.48
300013,新宁物流,3.94,-0.5050505050505055,-0.020000000000000018,60289913.32,15332152,0,3.96,3.97,3.9,3.96
300014,亿纬锂能,65.76,-2.865583456425403,-1.9399999999999977,3007863447.87,45288489,0,67.76,68.3,65.6,67.7
300015,爱尔眼科,10.98,-0.45330915684495865,-0.049999999999998934,386627568.65,35180964,0,11.0,11.08,10.96,11.03
300016,北陆药业,7.94,-0.6257822277847287,-0.04999999999999982,41951628.67,5270177,0,7.99,8.01,7.89,7.99
300017,网宿科技,10.25,-0.09746588693956908,-0.009999999999999787,361427688.58,35177090,0,10.28,10.32,10.22,10.26
300018,中元股份,11.0,-1.345291479820631,-0.15000000000000036,138008600.28,12477585,0,11.21,11.25,10.96,11.15
300019,硅宝科技,20.65,-1.806942463147896,-0.38000000000000256,178986139.49,8613300,0,21.06,21.12,20.64,21.03
300020,ST银江,3.5,0.0,0.0,31144941.0,8939000,0,3.49,3.53,3.46,3.5
300021,大禹节水,4.6,-1.498929336188443,-0.07000000000000028,77794123.08,16825844,0,4.66,4.68,4.59,4.67
300022,吉峰科技,7.82,-3.575832305795304,-0.28999999999999915,143762693.72,18383736,0,7.98,8.07,7.75,8.11
300024,机器人,18.19,-0.9259259259259158,-0.16999999999999815,806050436.13,44139277,0,18.5,18.65,18.15,18.36
300025,华星创业,5.76,0.8756567425569146,0.04999999999999982,56671297.58,9917474,0,5.71,5.79,5.63,5.71
300026,红日药业,3.52,-0.8450704225352058,-0.029999999999999805,67659329.78,19143233,0,3.56,3.56,3.52,3.55
300027,华谊兄弟,2.17,-3.1250000000000124,-0.07000000000000028,274600749.27,126195230,0,2.21,2.22,2.15,2.24
300029,*ST天龙,4.49,-0.8830022075055195,-0.040000000000000036,55825049.26,12637401,0,4.46,4.68,4.13,4.53
300030,阳普医疗,7.36,0.5464480874316944,0.040000000000000036,23539406.0,3212200,0,7.33,7.38,7.23,7.32
300031,宝通科技,22.73,-0.4816112084063022,-0.10999999999999943,216737081.0,9493300,0,22.8,22.99,22.72,22.84
300032,金龙机电,5.37,-0.5555555555555601,-0.03000000000000025,162609604.0,30421500,0,5.46,5.46,5.26,5.4
300033,同花顺,322.18,-1.0898596997513312,-3.5500000000000114,1761694325.47,5415921,0,324.98,329.59,322.18,325.73
300034,钢研高纳,19.58,1.9791666666666616,0.379999999999999,702978895.62,36277569,0,19.23,19.75,18.93,19.2
300035,中科电气,21.29,-1.9345923537540382,-0.4200000000000017,436438350.87,20379951,0,21.81,21.88,21.27,21.71
300036,超图软件,18.16,2.94784580498866,0.5199999999999996,346816486.54,19254109,0,17.64,18.35,17.61,17.64
300037,新宙邦,52.4,-0.26646364674533796,-0.14000000000000057,795889504.64,15113619,0,52.79,53.55,51.79,52.54
300039,上海凯宝,6.03,0.0,0.0,58699884.93,9740502,0,6.02,6.05,6.0,6.03
300040,九洲集团,6.02,-0.49586776859504544,-0.03000000000000025,53780794.23,8953551,0,6.06,6.06,5.97,6.05
300041,回天新材,11.08,-0.8944543828264727,-0.09999999999999964,130828327.15,11765960,0,11.27,11.28,11.03,11.18
300042,朗科科技,25.7,-0.618716163959784,-0.16000000000000014,213128812.54,8224128,0,26.32,26.8,25.58,25.86
300043,星辉娱乐,5.65,-0.3527336860670119,-0.019999999999999574,201828914.16,35753744,0,5.64,5.71,5.57,5.67
300044,ST赛为,3.99,5.277044854881271,0.20000000000000018,139046368.44,35497422,0,3.82,4.08,3.75,3.79
300045,华力创通,28.91,3.582945180938732,1.0,3504840344.07,121522946,0,27.82,29.88,27.76,27.91
300046,台基股份,34.7,-1.616104337964276,-0.5700000000000003,189386872.68,5420842,0,35.55,35.55,34.7,35.27
300047,天源迪科,12.55,1.2096774193548416,0.15000000000000036,246719825.25,19746839,0,12.4,12.63,12.32,12.4
300048,合康新能,5.95,-0.1677852348993253,-0.009999999999999787,186513364.34,31298541,0,5.99,6.08,5.85,5.96
300049,福瑞医科,70.41,-1.3312780269058335,-0.9500000000000028,307308793.14,4337970,0,71.34,72.24,70.11,71.36
300050,世纪鼎利,5.53,1.2820512820512873,0.07000000000000028,63427999.0,11535400,0,5.44,5.56,5.4,5.46
300051,琏升科技,6.45,-0.7692307692307665,-0.04999999999999982,62061051.46,9590601,0,6.51,6.53,6.41,6.5
300052,ST中青宝,12.56,1.2903225806451624,0.16000000000000014,55650978.0,4460200,0,12.4,12.58,12.35,12.4
300053,航宇微,19.02,3.7643207855973886,0.6900000000000013,2097631102.33,110409059,0,18.4,20.27,18.33,18.33
300054,鼎龙股份,37.6,-0.8438818565400852,-0.3200000000000003,597967035.77,15804148,0,38.05,38.89,37.31,37.92
300055,万邦达,8.15,1.4943960149439728,0.120000000000001,141814517.98,17605433,0,8.17,8.17,7.97,8.03
300056,中创环保,8.22,-1.0830324909747275,-0.08999999999999986,95826274.91,11632417,0,8.37,8.37,8.18,8.31
300057,万顺新材,5.69,-1.2152777777777675,-0.0699999999999994,90330573.92,15804768,0,5.76,5.8,5.67,5.76
300058,蓝色光标,11.52,20.0,1.92,11164682247.42,1028093540,0,9.76,11.52,9.68,9.6
300059,东方财富,23.18,-1.0670081092616304,-0.25,4654244538.79,199239488,0,23.43,23.61,23.18,23.43
300061,旗天科技,10.52,1.5444015444015458,0.16000000000000014,130662587.67,12473214,0,10.47,10.61,10.36,10.36
300062,中能电气,8.33,-8.259911894273127,-0.75,816323284.63,96593194,0,8.81,8.88,8.29,9.08
300063,天龙集团,8.57,4.257907542579071,0.34999999999999964,734606335.4,85809165,0,8.2,8.83,8.18,8.22
300065,海兰信,18.17,0.1653803748621893,0.030000000000001137,446333008.79,24617128,0,18.09,18.36,17.9,18.14
300066,三川智慧,6.23,-0.3199999999999932,-0.019999999999999574,93692149.92,15028483,0,6.26,6.28,6.2,6.25
300067,安诺其,5.0,3.5196687370600404,0.16999999999999993,147447395.72,29949388,0,4.83,5.07,4.8,4.83
300068,南都电源,15.54,-1.5832805573147564,-0.25,464115516.54,29745071,0,15.9,15.92,15.49,15.79
300069,金利华电,17.25,-0.11580775911985858,-0.019999999999999574,39858443.76,2322188,0,17.29,17.35,17.0,17.27
300070,碧水源,3.92,0.0,0.0,57238989.86,14581602,0,3.93,3.94,3.91,3.92
300071,福石控股,6.53,10.677966101694913,0.6299999999999999,1393245062.98,219002010,0,5.8,7.04,5.77,5.9
300072,海新能科,4.6,0.0,0.0,274113752.94,59963675,0,4.6,4.67,4.48,4.6
300073,当升科技,57.8,-0.9595613433858846,-0.5600000000000023,498104479.7,8570400,0,58.89,59.2,57.6,58.36
300074,华平股份,4.61,0.4357298474945635,0.020000000000000462,65991186.42,14393491,0,4.59,4.64,4.51,4.59
300075,数字政通,15.34,0.39267015706806613,0.0600000000000005,170082889.22,11104232,0,15.3,15.49,15.1,15.28
300076,GQY视讯,8.3,7.373868046571802,0.5700000000000003,360580664.82,43596007,0,7.74,8.64,7.74,7.73
300077,国民技术,20.22,-0.5899705014749312,-0.120000000000001,193498315.76,9561750,0,20.34,20.45,20.13,20.34
300078,思创医惠,4.43,4.481132075471686,0.1899999999999995,505812784.87,114910671,0,4.29,4.57,4.21,4.24
300079,数码视讯,5.39,1.1257035647279476,0.05999999999999961,149733546.3,27848110,0,5.31,5.43,5.31,5.33
300080,易成新能,4.86,-1.4198782961460326,-0.0699999999999994,74170585.63,15230801,0,4.94,4.98,4.82,4.93
300081,恒信东方,5.19,0.9727626459144108,0.05000000000000071,124617193.38,23978402,0,5.14,5.24,5.14,5.14
300082,奥克股份,9.9,-2.1739130434782497,-0.21999999999999886,146717814.6,14697260,0,10.12,10.17,9.89,10.12
300083,创世纪,9.21,-2.021276595744675,-0.1899999999999995,445951613.29,48275323,0,9.41,9.44,9.18,9.4
300084,海默科技,9.99,3.738317757009339,0.35999999999999943,235591332.86,23756846,0,9.64,10.12,9.6,9.63
300085,银之杰,40.09,-3.023705853894533,-1.25,1343754371.78,33107446,0,40.66,41.49,40.08,41.34
300086,康芝药业,12.03,0.6694560669456073,0.08000000000000007,996291882.0,82460850,0,12.19,12.59,11.66,11.95
300087,荃银高科,11.68,1.2131715771230553,0.14000000000000057,597834015.1,51351062,0,11.55,11.7,11.54,11.54
300088,长信科技,6.06,0.6644518272425255,0.040000000000000036,187419933.74,31049438,0,6.05,6.07,5.99,6.02
300091,金通灵,3.18,6.354515050167222,0.18999999999999995,262677985.15,84501706,0,3.0,3.19,3.0,2.99
300092,科新机电,15.79,-0.3156565656565702,-0.05000000000000071,89427251.0,5700100,0,15.76,15.89,15.59,15.84
300093,*ST金刚,16.7,-1.5910430170889782,-0.2699999999999996,49776948.96,2971446,0,16.99,17.18,16.5,16.97
300094,国联水产,3.56,-0.5586592178770954,-0.020000000000000018,205970173.33,57799009,0,3.6,3.62,3.52,3.58
300095,华伍股份,12.12,-5.090054815974944,-0.6500000000000004,832281740.87,68033432,0,12.4,12.52,12.07,12.77
300096,ST易联众,7.43,0.0,0.0,41040903.0,5416700,0,7.78,7.78,7.43,7.43
300097,ST智云,7.24,1.4005602240896433,0.10000000000000053,37011671.96,5139404,0,7.15,7.29,7.12,7.14
300098,高新兴,6.1,-0.16366612111294065,-0.010000000000000675,331512122.76,54287423,0,6.1,6.16,6.05,6.11
300099,尤洛卡,7.53,1.8944519621109683,0.14000000000000057,164920762.11,21973905,0,7.39,7.58,7.36,7.39
300100,双林股份,39.62,-2.8207014961981987,-1.1500000000000057,1022655093.52,25765048,0,40.5,40.5,39.4,40.77
300101,振芯科技,28.43,2.3398128149747968,0.6499999999999986,1354596876.51,48629728,0,27.56,28.5,27.0,27.78
300102,乾照光电,27.56,15.749685006299874,3.75,6305991256.73,235478156,0,24.22,28.2,24.08,23.81
300103,达刚控股,8.03,1.2610340479192894,0.09999999999999964,53299568.8,6705040,0,8.0,8.05,7.78,7.93
300105,龙源技术,7.16,0.2801120448179336,0.020000000000000462,72816030.0,10232300,0,7.15,7.19,7.04,7.14
300106,西部牧业,10.75,0.5612722170252619,0.0600000000000005,87542149.0,8224900,0,10.72,10.77,10.51,10.69
300107,建新股份,6.82,0.0,0.0,32067741.0,4719300,0,6.8,6.85,6.73,6.82
300108,*ST吉药,0.0,-100.0,-0.21,0.0,0,0,0.0,0.0,0.0,0.21
300109,新开源,16.79,0.4787552363853877,0.0799999999999983,94136225.8,5608915,0,16.8,17.0,16.65,16.71
300110,华仁药业,3.15,0.31847133757961105,0.009999999999999787,48296132.2,15389960,0,3.14,3.17,3.11,3.14
300111,向日葵,6.13,-0.8090614886731363,-0.04999999999999982,262090274.7,42763282,0,6.18,6.25,6.07,6.18
300112,万讯自控,8.61,0.23282887077997177,0.019999999999999574,39411253.5,4601710,0,8.59,8.68,8.4,8.59
300113,顺网科技,20.24,1.1999999999999922,0.23999999999999844,491582061.46,24236995,0,20.0,20.51,19.96,20.0
300115,长盈精密,46.5,3.0356747174828214,1.3699999999999974,7224707381.94,157746970,0,44.7,47.3,44.22,45.13
300117,*ST嘉寓,0.0,-100.0,-0.43,0.0,0,0,0.0,0.0,0.0,0.43
300118,东方日升,14.66,1.2430939226519317,0.17999999999999972,1652434190.28,111560897,0,14.75,15.18,14.48,14.48
300119,瑞普生物,18.77,-2.18863991662325,-0.4200000000000017,102728822.42,5430900,0,19.22,19.24,18.73,19.19
300120,经纬辉开,8.5,2.0408163265306114,0.16999999999999993,136044017.28,16148148,0,8.31,8.6,8.24,8.33
300121,阳谷华泰,12.62,-1.7898832684824937,-0.23000000000000043,147221783.0,11622400,0,12.81,12.85,12.55,12.85
300122,智飞生物,18.87,-0.5795574288724944,-0.10999999999999943,187794790.71,9932903,0,19.06,19.09,18.83,18.98
300123,亚光科技,8.1,0.8717310087173138,0.07000000000000028,758024717.16,93629690,0,8.01,8.26,7.9,8.03
300124,汇川技术,75.33,-1.503661087866116,-1.1500000000000057,2670667788.46,35321955,0,76.49,76.49,75.01,76.48
300125,*ST聆达,7.63,2.141900937081662,0.16000000000000014,66252976.64,8723796,0,7.32,7.88,7.32,7.47
300126,锐奇股份,8.56,0.11695906432748286,0.009999999999999787,45178903.0,5316900,0,8.6,8.65,8.37,8.55
300127,银河磁体,30.33,-1.237381960273535,-0.38000000000000256,117131818.0,3840500,0,30.72,30.86,30.31,30.71
300128,锦富技术,7.3,0.27472527472526886,0.019999999999999574,262363340.44,36317135,0,7.3,7.32,7.13,7.28
300129,泰胜风能,10.46,4.6000000000000085,0.46000000000000085,1193608434.39,116007204,0,9.99,10.98,9.71,10.0
300130,新国都,27.73,2.894248608534327,0.7800000000000011,1207811834.86,43861988,0,26.93,28.1,26.65,26.95
300131,英唐智控,14.66,-0.3399048266485432,-0.05000000000000071,977896579.57,66678695,0,15.0,15.1,14.41,14.71
300132,青松股份,8.71,0.2301495972382204,0.02000000000000135,266128669.79,30631946,0,8.65,8.86,8.51,8.69
300133,华策影视,8.32,2.843016069221266,0.23000000000000043,1251049586.87,150132354,0,8.09,8.51,8.05,8.09
300134,大富科技,12.5,0.3210272873194153,0.03999999999999915,139763929.76,11197982,0,12.45,12.66,12.3,12.46
300135,宝利国际,3.95,-0.2525252525252471,-0.009999999999999787,48065573.0,12219900,0,3.97,3.97,3.9,3.96
300136,信维通信,62.0,16.9811320754717,9.0,11911155891.69,204514080,0,55.4,62.0,54.73,53.0
300137,先河环保,10.36,3.5999999999999943,0.35999999999999943,174341188.78,17022239,0,10.06,10.46,9.96,10.0
300138,晨光生物,12.41,0.2423263327948252,0.02999999999999936,50747897.0,4103400,0,12.39,12.44,12.3,12.38
300139,晓程科技,30.36,-3.3121019108280225,-1.0399999999999991,1013046752.79,32749071,0,31.1,31.78,30.23,31.4
300140,节能环境,6.77,1.4992503748125883,0.09999999999999964,121581790.52,18004302,0,6.7,6.85,6.65,6.67
300141,和顺电气,12.57,-1.1014948859166054,-0.14000000000000057,214965931.0,16670250,0,13.0,13.5,12.55,12.71
300142,沃森生物,10.91,-1.4453477868112028,-0.16000000000000014,206198049.04,18817501,0,11.07,11.1,10.88,11.07
300143,盈康生命,9.88,0.10131712259373417,0.010000000000001563,54796153.08,5547750,0,9.9,9.94,9.82,9.87
300144,宋城演艺,8.19,0.12224938875305363,0.009999999999999787,190760364.62,23322018,0,8.18,8.26,8.11,8.18
300145,南方泵业,4.72,-0.8403361344537823,-0.040000000000000036,204560848.88,43660872,0,4.74,4.75,4.66,4.76
300146,汤臣倍健,12.01,-0.6617038875103397,-0.08000000000000007,145637719.32,12059468,0,12.1,12.24,12.0,12.09
300147,ST香雪,9.1,0.4415011037527499,0.03999999999999915,49031562.24,5373936,0,9.08,9.24,9.04,9.06
300148,天舟文化,4.39,1.3856812933025313,0.05999999999999961,115862978.88,26569931,0,4.33,4.41,4.3,4.33
300149,睿智医药,9.56,-0.10449320794148158,-0.009999999999999787,50581758.65,5294724,0,9.58,9.62,9.48,9.57
300150,世纪瑞尔,5.29,-0.18867924528301486,-0.009999999999999787,46740713.0,8829800,0,5.29,5.34,5.23,5.3
300151,昌红科技,15.08,-0.46204620462046386,-0.07000000000000028,307908709.35,20083761,0,15.14,15.75,14.98,15.15
300152,ST新动力,2.14,-0.9259259259259267,-0.020000000000000018,31872339.88,14843292,0,2.17,2.19,2.13,2.16
300153,科泰电源,29.07,-2.121212121212118,-0.629999999999999,317003678.01,10855997,0,29.65,29.65,29.06,29.7
300154,瑞凌股份,9.85,0.9221311475409822,0.08999999999999986,104459266.98,10573654,0,9.96,10.3,9.75,9.76
300155,安居宝,6.57,8.955223880597016,0.54,289626106.8,45008280,0,6.03,6.68,5.98,6.03
300157,新锦动力,4.54,-1.304347826086948,-0.05999999999999961,93180263.89,20551621,0,4.59,4.6,4.48,4.6
300158,振东制药,5.81,0.34542314335059715,0.019999999999999574,118227379.0,20495400,0,5.79,5.84,5.69,5.79
300159,*ST新研,3.18,0.9523809523809603,0.03000000000000025,96701787.55,30221003,0,3.23,3.25,3.17,3.15
300160,秀强股份,5.44,0.0,0.0,32266236.0,5952600,0,5.45,5.47,5.38,5.44
300161,华中数控,29.04,-0.10319917440660867,-0.030000000000001137,73203053.32,2525400,0,29.08,29.19,28.82,29.07
300162,雷曼光电,8.13,1.3715710723192172,0.11000000000000121,123092514.0,15114700,0,8.05,8.33,7.99,8.02
300163,先锋新材,4.05,0.7462686567164242,0.03000000000000025,55575769.0,13868800,0,4.02,4.05,3.96,4.02
300164,通源石油,5.52,-3.3274956217162943,-0.1900000000000004,319823349.78,57878422,0,5.61,5.61,5.48,5.71
300165,ST天瑞,4.81,1.4767932489451348,0.0699999999999994,27753945.2,5815304,0,4.74,4.82,4.73,4.74
300166,东方国信,10.22,1.7928286852589792,0.1800000000000015,291763388.88,28779935,0,10.04,10.25,9.98,10.04
300167,ST迪威迅,4.95,-0.20161290322580216,-0.009999999999999787,20929347.0,4231600,0,4.96,4.98,4.93,4.96
300168,万达信息,6.46,1.5723270440251518,0.09999999999999964,106344461.44,16530187,0,6.35,6.5,6.34,6.36
300169,天晟新材,6.25,-0.1597444089456835,-0.009999999999999787,68302925.0,11035500,0,6.27,6.29,6.1,6.26
300170,汉得信息,18.92,7.256235827664405,1.2800000000000011,3345775470.45,177323710,0,17.86,19.61,17.68,17.64
300171,东富龙,15.7,-0.5069708491761729,-0.08000000000000007,84196408.0,5352900,0,15.78,15.88,15.6,15.78
300172,中电环保,5.45,-1.2681159420289747,-0.0699999999999994,112655228.19,20585546,0,5.53,5.56,5.44,5.52
300173,ST福能,4.23,0.4750593824228138,0.020000000000000462,107091854.0,25119400,0,4.27,4.32,4.22,4.21
300174,元力股份,15.5,-0.19317450096586838,-0.02999999999999936,82117602.04,5288923,0,15.53,15.65,15.42,15.53
300175,ST朗源,5.64,-1.052631578947377,-0.0600000000000005,33400571.0,5944800,0,5.7,5.7,5.59,5.7
300176,鸿特科技,6.67,0.45180722891566644,0.03000000000000025,42570648.0,6417200,0,6.65,6.69,6.54,6.64
300177,中海达,10.33,2.3785926660059484,0.2400000000000002,454802992.37,44209012,0,10.1,10.4,10.08,10.09
300179,四方达,15.12,-2.1992238033635294,-0.34000000000000163,413587108.16,27086700,0,15.43,15.74,15.09,15.46
300180,华峰超纤,6.93,0.8733624454148414,0.05999999999999961,521339213.97,75121113,0,6.84,7.04,6.8,6.87
300181,佐力药业,16.16,-1.4032946918852984,-0.23000000000000043,157733044.3,9712797,0,16.39,16.42,16.16,16.39
300182,捷成股份,5.52,1.6574585635359091,0.08999999999999986,488061322.07,88654100,0,5.4,5.6,5.39,5.43
300183,东软载波,14.83,0.5423728813559326,0.08000000000000007,74702753.37,5034603,0,14.99,15.06,14.73,14.75
300184,力源信息,9.99,0.20060180541624445,0.019999999999999574,248003804.12,24760157,0,10.04,10.18,9.93,9.97
300185,通裕重工,2.84,0.3533568904593564,0.009999999999999787,185258660.76,65462392,0,2.85,2.86,2.8,2.83
300187,永清环保,4.87,-0.20491803278688087,-0.009999999999999787,26436477.1,5442486,0,4.89,4.91,4.82,4.88
300188,国投智能,14.61,1.1072664359861601,0.16000000000000014,236637359.18,16200880,0,14.4,14.88,14.4,14.45
300189,神农种业,7.44,0.4048582995951451,0.03000000000000025,1963468022.21,261881814,0,7.54,7.88,7.18,7.41
300190,维尔利,4.29,0.0,0.0,99293779.04,23215317,0,4.29,4.35,4.22,4.29
300191,潜能恒信,18.48,1.4827018121911013,0.2699999999999996,71433780.19,3889403,0,18.3,18.56,18.09,18.21
300192,科德教育,21.13,-2.6715799170889074,-0.5800000000000018,625163593.02,29036918,0,22.45,22.7,21.09,21.71
300193,佳士科技,8.95,0.448933782267106,0.03999999999999915,51682046.48,5799750,0,8.96,8.96,8.81,8.91
300194,福安药业,4.43,-0.2252252252252404,-0.010000000000000675,55674839.3,12551114,0,4.45,4.47,4.42,4.44
300195,长荣股份,8.01,-1.5970515970516064,-0.13000000000000078,76428385.48,9526816,0,8.18,8.19,7.93,8.14
300196,长海股份,14.56,1.111111111111112,0.16000000000000014,97032569.5,6676405,0,14.39,14.77,14.29,14.4
300197,节能铁汉,1.77,0.5681818181818187,0.010000000000000009,67460516.2,38440167,0,1.76,1.78,1.73,1.76
300198,ST纳川,2.56,0.7874015748031503,0.020000000000000018,29977105.2,11805804,0,2.52,2.57,2.51,2.54
300199,翰宇药业,17.9,-1.9178082191780899,-0.3500000000000014,374547283.75,20791854,0,18.39,18.4,17.9,18.25
300200,高盟新材,11.71,-1.0143702451394694,-0.11999999999999922,226590928.2,19269560,0,11.99,11.99,11.62,11.83
300201,海伦哲,6.83,4.9155145929339525,0.3200000000000003,481763845.75,71678795,0,6.55,6.97,6.43,6.51
300203,聚光科技,15.86,-0.06301197227473086,-0.009999999999999787,105197931.27,6650537,0,15.8,15.98,15.65,15.87
300204,舒泰神,27.32,-0.9786154403769466,-0.2699999999999996,563125855.54,20695879,0,27.48,27.7,26.74,27.59
300205,*ST天喻,4.8,-3.0303030303030374,-0.15000000000000036,41086286.0,8411900,0,4.8,5.14,4.71,4.95
300206,理邦仪器,12.79,0.31372549019607177,0.03999999999999915,52528638.66,4113508,0,12.8,12.9,12.67,12.75
300207,欣旺达,26.15,-3.8249356381022532,-1.0400000000000027,1648392220.03,62405068,0,27.28,27.35,26.0,27.19
300208,中程退,0.28,-12.499999999999993,-0.03999999999999998,11483398.0,39320206,0,0.32,0.32,0.27,0.32
300209,有棵树,5.45,-0.18315018315017925,-0.009999999999999787,55742305.45,10207501,0,5.49,5.51,5.39,5.46
300210,森远股份,8.89,-1.5503875968992116,-0.1399999999999988,78105560.5,8770050,0,9.06,9.12,8.83,9.03
300211,*ST亿通,8.47,0.11820330969266886,0.009999999999999787,29801274.35,3517205,0,8.56,8.64,8.39,8.46
300212,易华录,17.45,3.86904761904761,0.6499999999999986,335020237.4,19479168,0,16.82,17.49,16.73,16.8
300213,佳讯飞鸿,9.52,2.145922746781108,0.1999999999999993,266682958.0,28225800,0,9.34,9.55,9.25,9.32
300214,日科化学,6.68,-1.4749262536873233,-0.10000000000000053,40729245.0,6080500,0,6.77,6.79,6.65,6.78
300215,电科院,6.36,0.0,0.0,90480998.42,14129562,0,6.36,6.53,6.35,6.36
300217,东方电热,5.18,-0.9560229445506827,-0.05000000000000071,115277070.58,22262421,0,5.24,5.25,5.15,5.23
300218,安利股份,16.25,4.033290653008968,0.6300000000000008,212830002.0,13105600,0,15.75,16.56,15.74,15.62
300219,鸿利智汇,7.21,0.980392156862749,0.07000000000000028,82320614.0,11492000,0,7.16,7.26,7.03,7.14
300220,金运激光,14.35,0.3496503496503422,0.049999999999998934,26491862.72,1850377,0,14.43,14.45,14.16,14.3
300221,银禧科技,10.32,0.9784735812133037,0.09999999999999964,466553100.31,45233401,0,10.15,10.49,10.1,10.22
300222,科大智能,10.94,-0.7259528130671513,-0.08000000000000007,143989468.98,13166796,0,11.09,11.09,10.88,11.02
300223,北京君正,106.04,-5.649968858439358,-6.349999999999994,3210527274.58,29871553,0,114.63,114.8,105.71,112.39
300224,正海磁材,15.46,-0.7064868336544601,-0.10999999999999943,182598315.76,11773767,0,15.59,15.63,15.44,15.57
300225,*ST金泰,5.68,-1.5597920277296335,-0.08999999999999986,88003271.0,15482900,0,5.75,5.88,5.56,5.77
300226,上海钢联,25.12,1.2494961708988404,0.3100000000000023,189455265.12,7561081,0,24.83,25.34,24.74,24.81
300227,光韵达,9.21,1.6556291390728517,0.15000000000000036,143847855.04,15724334,0,9.06,9.24,9.01,9.06
300228,富瑞特装,9.89,-1.198801198801191,-0.11999999999999922,601947265.0,60290420,0,10.02,10.14,9.84,10.01
300229,拓尔思,19.9,2.26104830421376,0.4399999999999977,579143070.34,29321302,0,19.5,20.04,19.33,19.46
300230,永利股份,4.78,0.0,0.0,42774432.0,8949900,0,4.79,4.81,4.75,4.78
300231,银信科技,10.53,2.7317073170731643,0.27999999999999936,125722332.1,12000944,0,10.23,10.66,10.19,10.25
300232,洲明科技,7.09,0.8534850640113741,0.05999999999999961,122999315.64,17410894,0,7.07,7.13,6.98,7.03
300233,金城医药,13.99,-0.21398002853066592,-0.02999999999999936,62079073.2,4435740,0,14.08,14.15,13.91,14.02
300234,开尔新材,5.5,4.961832061068698,0.2599999999999998,177323291.82,32908369,0,5.24,5.58,5.07,5.24
300235,方直科技,16.31,1.4934660858742903,0.23999999999999844,166086680.64,10174700,0,16.37,16.6,16.05,16.07
300236,上海新阳,63.76,2.6731078904991894,1.6599999999999966,1315222300.01,20530865,0,62.56,66.18,62.2,62.1
300237,ST美晨,2.58,-1.9011406844106398,-0.04999999999999982,84183049.0,32615200,0,2.63,2.64,2.54,2.63
300238,冠昊生物,13.85,-0.35971223021583243,-0.05000000000000071,39810226.88,2877542,0,13.88,13.95,13.78,13.9
300239,东宝生物,5.86,0.6872852233676982,0.040000000000000036,236128249.94,39633407,0,5.98,6.21,5.82,5.82
300240,飞力达,7.54,1.8918918918918874,0.13999999999999968,70250318.0,9395900,0,7.41,7.58,7.33,7.4
300241,瑞丰光电,5.59,0.0,0.0,76378430.28,13719564,0,5.6,5.64,5.52,5.59
300242,佳云科技,5.0,2.6694045174537964,0.1299999999999999,131749482.0,26430800,0,4.9,5.1,4.86,4.87
300243,瑞丰高材,10.43,1.2621359223300872,0.129999999999999,57720142.84,5611770,0,10.26,10.43,10.1,10.3
300244,迪安诊断,15.85,2.788586251621269,0.4299999999999997,277049422.11,17518066,0,15.49,16.04,15.45,15.42
300245,天玑科技,12.09,0.24875621890546734,0.02999999999999936,87911874.29,7302402,0,12.05,12.17,11.87,12.06
300246,宝莱特,8.1,0.7462686567164242,0.0600000000000005,29855084.0,3705250,0,8.04,8.15,7.93,8.04
300247,融捷健康,5.13,0.0,0.0,111076196.52,21499004,0,5.15,5.25,5.12,5.13
300248,新开普,12.41,3.1587697423108962,0.3800000000000008,228840456.34,18468958,0,12.27,12.68,12.13,12.03
300249,依米康,14.63,-1.4814814814814738,-0.21999999999999886,149112467.68,10099851,0,14.93,14.98,14.6,14.85
300250,初灵信息,24.03,-0.20764119601327727,-0.04999999999999716,280417749.0,11659600,0,24.02,24.5,23.66,24.08
300251,光线传媒,16.38,0.552486187845303,0.08999999999999986,627501021.16,38438137,0,16.2,16.52,16.12,16.29
300252,金信诺,14.62,2.1663172606568746,0.3099999999999987,769992590.58,52667277,0,14.42,14.82,14.32,14.31
300253,卫宁健康,8.82,2.201622247972184,0.1899999999999995,752609475.95,85134508,0,8.72,8.93,8.7,8.63
300254,仟源医药,10.12,-2.598652550529368,-0.27000000000000135,85567872.0,8428300,0,10.49,10.49,10.05,10.39
300255,常山药业,62.1,0.6809338521400806,0.4200000000000017,618728629.02,9953266,0,62.4,63.14,61.3,61.68
300256,星星科技,4.03,0.7500000000000062,0.03000000000000025,125347635.0,31281953,0,4.02,4.03,3.96,4.0
300257,开山股份,14.05,-0.9167842031029549,-0.129999999999999,58130228.46,4108797,0,14.18,14.29,14.03,14.18
300258,精锻科技,14.32,0.06988120195667216,0.009999999999999787,348464342.51,24274749,0,14.36,14.64,14.14,14.31
300259,新天科技,4.44,1.3698630136986416,0.0600000000000005,91701276.0,20813520,0,4.39,4.46,4.33,4.38
300260,新莱应材,56.89,3.9466471770509846,2.1600000000000037,1638856603.12,29026414,0,55.2,57.58,54.68,54.73
300261,雅本化学,6.73,0.4477611940298544,0.03000000000000025,58232935.0,8693800,0,6.74,6.75,6.62,6.7
300263,隆华科技,8.84,0.7981755986317023,0.07000000000000028,426303547.8,48570495,0,8.78,8.96,8.67,8.77
300264,佳创视讯,6.71,8.57605177993528,0.5300000000000002,254337750.61,39673276,0,6.18,6.74,6.02,6.18
300265,通光线缆,13.4,0.29940119760479733,0.040000000000000924,759215535.52,56130952,0,13.5,14.1,13.21,13.36
300266,兴源环境,2.57,1.1811023622047168,0.029999999999999805,83538944.33,32381803,0,2.58,2.69,2.52,2.54
300267,尔康制药,3.41,-0.5830903790087468,-0.020000000000000018,61460487.85,18002485,0,3.42,3.44,3.39,3.43
300268,*ST佳沃,12.76,-5.341246290801192,-0.7200000000000006,35069257.0,2722500,0,13.45,13.45,12.51,13.48
300269,联建光电,6.56,-2.8148148148148207,-0.1900000000000004,396760061.2,60529964,0,6.76,6.76,6.42,6.75
300270,中威电子,10.96,-0.4541326067211529,-0.049999999999998934,92824352.08,8447902,0,11.1,11.17,10.83,11.01
300271,华宇软件,7.26,1.1142061281337057,0.08000000000000007,76738347.72,10597472,0,7.2,7.3,7.16,7.18
300272,开能健康,7.48,0.1338688085676128,0.010000000000000675,128334945.9,17120390,0,7.47,7.61,7.42,7.47
300274,阳光电源,171.04,-4.484279890545598,-8.030000000000001,9031481419.99,51895922,0,179.96,180.2,171.03,179.07
300275,梅安森,13.31,-0.5974607916355494,-0.08000000000000007,129812547.3,9775189,0,13.34,13.55,13.1,13.39
300276,三丰智能,9.7,-2.512562814070352,-0.25,667384411.26,68785362,0,9.8,9.84,9.63,9.95
300277,海联讯,13.05,1.0844306738962088,0.14000000000000057,96741115.61,7442627,0,13.04,13.17,12.84,12.91
300278,华昌达,6.1,-0.3267973856209226,-0.020000000000000462,254532616.33,41623636,0,6.16,6.19,6.07,6.12
300279,和晶科技,7.22,-1.7687074829931961,-0.1299999999999999,69466474.6,9562140,0,7.35,7.37,7.22,7.35
300280,紫天退,0.33,-13.157894736842103,-0.04999999999999999,11123691.0,31717286,0,0.37,0.37,0.33,0.38
300281,金明精机,8.17,0.9888751545117438,0.08000000000000007,159978220.5,19725050,0,8.09,8.19,7.96,8.09
300283,温州宏丰,7.53,-0.26490066225165,-0.019999999999999574,101126706.04,13450038,0,7.56,7.65,7.42,7.55
300284,苏交科,7.88,0.12706480304955256,0.009999999999999787,61954875.31,7883830,0,7.87,7.93,7.78,7.87
300285,国瓷材料,27.41,0.7720588235294149,0.21000000000000085,685894840.02,25090239,0,27.21,27.59,26.9,27.2
300286,安科瑞,23.08,0.1736111111111074,0.03999999999999915,74886802.7,3252493,0,23.07,23.26,22.81,23.04
300287,飞利信,4.89,1.4522821576763358,0.0699999999999994,147507283.37,30415291,0,4.82,4.9,4.77,4.82
300288,朗玛信息,13.46,1.5082956259426927,0.20000000000000107,54302752.8,4044730,0,13.26,13.55,13.26,13.26
300289,利德曼,6.97,0.0,0.0,40216771.44,5785514,0,6.97,7.0,6.91,6.97
300290,荣科科技,27.53,0.7686676427525654,0.21000000000000085,715922643.92,26228186,0,27.5,27.99,25.9,27.32
300291,百纳千成,7.49,-3.479381443298964,-0.2699999999999996,1522479979.94,200621862,0,7.68,8.35,7.05,7.76
300292,吴通控股,4.51,0.8948545861297548,0.040000000000000036,134705569.29,30050729,0,4.46,4.54,4.4,4.47
300293,蓝英装备,21.12,-0.283286118980164,-0.05999999999999872,93819694.13,4430601,0,21.28,21.36,21.06,21.18
300294,博雅生物,22.6,-1.1373578302712075,-0.259999999999998,91313250.0,4026450,0,22.84,22.93,22.59,22.86
300295,三六五网,12.53,1.8699186991869807,0.22999999999999865,86877741.59,6978103,0,12.44,12.59,12.22,12.3
300296,利亚德,6.32,0.7974481658692298,0.05000000000000071,330808353.57,52543125,0,6.3,6.35,6.22,6.27
300298,三诺生物,17.11,-0.11675423234091989,-0.019999999999999574,74046464.48,4317282,0,17.14,17.24,17.07,17.13
300299,富春股份,7.1,1.1396011396011407,0.08000000000000007,339801140.36,47691485,0,6.97,7.24,6.96,7.02
300300,海峡创新,15.03,-8.297742525930452,-1.3600000000000012,2213267454.72,144511933,0,15.8,15.98,15.0,16.39
300301,ST长方,2.37,0.8510638297872347,0.020000000000000018,13017724.0,5546500,0,2.36,2.37,2.33,2.35
300302,同有科技,18.14,-0.6571741511500602,-0.120000000000001,186425533.75,10265927,0,18.41,18.58,17.98,18.26
300303,聚飞光电,6.84,-0.4366812227074272,-0.03000000000000025,190250947.53,27753767,0,6.89,6.9,6.81,6.87
300304,云意电气,11.64,-0.0858369098712428,-0.009999999999999787,256816219.44,22051848,0,11.7,11.87,11.47,11.65
300305,裕兴股份,5.95,0.16835016835016475,0.009999999999999787,35407939.6,6032540,0,5.95,5.98,5.8,5.94
300306,远方信息,13.75,2.306547619047623,0.3100000000000005,100497138.2,7359485,0,13.47,13.81,13.33,13.44
300307,慈星股份,7.07,-0.2820874471085977,-0.019999999999999574,58090202.07,8222701,0,7.1,7.11,7.02,7.09
300308,中际旭创,610.0,-3.481012658227848,-22.0,13944071967.54,22560412,0,629.0,633.0,608.0,632.0
300310,宜通世纪,5.91,0.1694915254237252,0.009999999999999787,124963702.32,21056076,0,5.88,6.02,5.85,5.9
300311,ST任子行,4.44,0.0,0.0,28100209.05,6327144,0,4.44,4.47,4.4,4.44
300313,*ST天山,8.03,-2.0731707317073167,-0.16999999999999993,36499082.0,4538400,0,8.22,8.22,7.93,8.2
300314,戴维医疗,12.58,-0.23790642347342872,-0.02999999999999936,24934376.43,1978528,0,12.58,12.71,12.53,12.61
300315,掌趣科技,4.94,1.2295081967213217,0.0600000000000005,247602036.05,50175612,0,4.88,4.97,4.87,4.88
300316,晶盛机电,36.75,-2.104421949920083,-0.7899999999999991,562230851.8,15212854,0,37.75,37.85,36.61,37.54
300317,珈伟新能,3.84,-0.2597402597402657,-0.010000000000000231,55342381.96,14430253,0,3.88,3.89,3.78,3.85
300318,博晖创新,6.27,0.48076923076922046,0.02999999999999936,57767934.95,9243047,0,6.26,6.3,6.18,6.24
300319,麦捷科技,11.69,-1.1834319526627268,-0.14000000000000057,167547218.76,14291601,0,11.87,11.88,11.65,11.83
300320,海达股份,9.33,-0.42689434364993756,-0.03999999999999915,47113421.88,5061544,0,9.38,9.41,9.26,9.37
300321,同大股份,45.28,-0.4616399208617297,-0.21000000000000085,92575591.2,2033851,0,45.49,46.17,45.0,45.49
300322,硕贝德,27.29,0.0,0.0,2301276383.51,84414786,0,27.07,27.83,26.76,27.29
300323,华灿光电,7.98,4.724409448818902,0.3600000000000003,318176488.67,40509007,0,7.8,8.06,7.58,7.62
300324,旋极信息,5.98,-0.16694490818029692,-0.009999999999999787,416353385.19,69864454,0,5.95,6.05,5.87,5.99
300326,ST凯利,5.68,2.158273381294966,0.1200000000000001,35149059.8,6262236,0,5.56,5.72,5.53,5.56
300327,中颖电子,28.03,-3.110957483581053,-0.8999999999999986,419776507.26,14811959,0,28.95,29.16,28.0,28.93
300328,宜安科技,17.07,-0.9286128845037733,-0.16000000000000014,380464990.2,22306281,0,17.22,17.33,16.85,17.23
300329,海伦钢琴,16.19,-0.061728395061716124,-0.00999999999999801,59641416.0,3681940,0,16.15,16.48,16.06,16.2
300331,苏大维格,32.36,3.386581469648558,1.0599999999999987,599906616.8,18749029,0,31.46,32.79,30.81,31.3
300332,天壕能源,5.22,-1.3232514177693815,-0.07000000000000028,73189434.03,13929359,0,5.29,5.32,5.2,5.29
300333,兆日科技,11.5,-0.2601908065914949,-0.02999999999999936,152898294.48,13292900,0,11.44,11.67,11.4,11.53
300334,津膜科技,6.96,0.7235890014471754,0.04999999999999982,36514751.5,5289625,0,6.95,6.99,6.81,6.91
300335,迪森股份,5.76,1.5873015873015848,0.08999999999999986,46567417.0,8171750,0,5.71,5.77,5.63,5.67
300337,银邦股份,15.51,6.378600823045264,0.9299999999999997,2248463322.78,145476962,0,14.67,15.99,14.59,14.58
300338,ST开元,3.8,0.0,0.0,12545678.0,3307100,0,3.83,3.83,3.76,3.8
300339,润和软件,49.5,-0.9405643386031596,-0.46999999999999886,877752373.4,17610617,0,50.11,50.57,49.5,49.97
300340,科恒股份,12.32,-0.24291497975707987,-0.02999999999999936,56971697.94,4625103,0,12.35,12.48,12.21,12.35
300341,麦克奥迪,16.34,-0.9096422073984147,-0.14999999999999858,74284146.0,4541100,0,16.51,16.6,16.28,16.49
300342,天银机电,33.13,4.643082754264063,1.4700000000000024,2991906926.95,90548294,0,32.0,33.95,32.0,31.66
300343,ST联创,6.03,-1.1475409836065475,-0.0699999999999994,89282673.97,14735500,0,6.07,6.14,6.01,6.1
300344,*ST立方,1.02,-6.422018348623859,-0.07000000000000006,68042311.34,65615197,0,1.07,1.11,1.0,1.09
300345,华民股份,6.27,-1.1041009463722444,-0.07000000000000028,44194024.75,7036553,0,6.35,6.38,6.23,6.34
300346,南大光电,42.9,-0.3947062920826601,-0.1700000000000017,1665645443.39,38594533,0,43.5,43.87,42.62,43.07
300347,泰格医药,56.7,0.12360939431396835,0.07000000000000028,475349588.61,8355899,0,56.55,57.41,56.3,56.63
300348,长亮科技,15.48,5.665529010238908,0.8300000000000001,1159688242.81,75668077,0,14.79,15.8,14.6,14.65
300349,金卡智能,15.63,8.240997229916907,1.1900000000000013,700950866.72,45369536,0,14.71,15.98,14.53,14.44
300350,华鹏飞,6.31,0.4777070063694166,0.02999999999999936,110726446.24,17726704,0,6.26,6.34,6.13,6.28
300351,永贵电器,18.03,-0.8796041781198468,-0.16000000000000014,200756827.71,11110403,0,18.24,18.27,17.9,18.19
300352,北信源,6.13,0.8223684210526285,0.04999999999999982,215815910.64,35295705,0,6.08,6.18,6.03,6.08
300353,东土科技,20.36,-1.8795180722891591,-0.39000000000000057,299060260.75,14610277,0,20.75,20.78,20.35,20.75
300354,东华测试,45.5,-0.741710296684126,-0.3400000000000034,299655169.0,6606400,0,45.22,45.99,44.7,45.84
300355,蒙草生态,4.04,0.0,0.0,76155295.34,18814633,0,4.04,4.07,4.02,4.04
300357,我武生物,28.35,0.5319148936170288,0.15000000000000213,127112365.25,4470441,0,28.19,28.64,28.11,28.2
300358,楚天科技,9.79,-0.6091370558375686,-0.0600000000000005,155695842.53,15862569,0,9.88,9.93,9.75,9.85
300359,全通教育,5.36,2.0952380952381016,0.11000000000000032,90830900.82,16842912,0,5.34,5.47,5.3,5.25
300360,炬华科技,17.39,-1.8068887634105042,-0.3200000000000003,370336022.03,21275879,0,17.76,17.77,17.22,17.71
300363,博腾股份,23.24,-0.8955223880597052,-0.21000000000000085,148938313.82,6351073,0,23.4,23.78,23.21,23.45
300364,中文在线,25.12,4.841402337228715,1.1600000000000001,1738195168.71,69611559,0,24.0,25.74,24.0,23.96
300365,恒华科技,6.32,1.7713365539452548,0.11000000000000032,82653777.36,13177461,0,6.24,6.37,6.15,6.21
300366,ST创意,6.81,-0.14662756598241458,-0.010000000000000675,87872487.0,12868800,0,6.82,6.88,6.76,6.82
300368,汇金股份,15.16,1.676727028839705,0.25,817773998.92,53603700,0,14.82,15.58,14.74,14.91
300369,绿盟科技,7.48,1.768707482993208,0.13000000000000078,114986938.48,15460713,0,7.35,7.52,7.32,7.35
300370,安控科技,2.61,0.7722007722007729,0.020000000000000018,52392348.86,20268246,0,2.59,2.62,2.55,2.59
300371,汇中股份,12.57,1.0450160771704244,0.13000000000000078,20699691.28,1661123,0,12.43,12.62,12.3,12.44
300373,扬杰科技,68.0,-2.031407578158762,-1.4099999999999966,699760240.27,10268858,0,69.0,69.45,67.63,69.41
300374,中铁装配,15.67,-0.19108280254776663,-0.02999999999999936,57416861.9,3661780,0,15.73,15.8,15.56,15.7
300375,鹏翎股份,5.26,-2.2304832713754665,-0.1200000000000001,130109098.4,24656406,0,5.38,5.42,5.22,5.38
300376,ST易事特,6.49,-2.698650674662664,-0.17999999999999972,242440739.0,37313900,0,6.68,6.73,6.41,6.67
300377,赢时胜,22.55,-3.2604032604032525,-0.759999999999998,2117757289.61,91452862,0,23.15,23.95,22.55,23.31
300378,鼎捷数智,45.26,2.375028274146114,1.0499999999999972,1001272748.04,22094476,0,43.85,46.5,43.71,44.21
300379,东通退,1.24,0.8130081300813016,0.010000000000000009,92591343.68,73204840,0,1.3,1.32,1.22,1.23
300380,安硕信息,41.37,0.24230676035860021,0.09999999999999432,138259159.41,3341540,0,41.34,41.8,40.92,41.27
300381,溢多利,6.52,1.2422360248447077,0.07999999999999918,35464608.33,5476098,0,6.44,6.55,6.39,6.44
300382,斯莱克,15.56,-1.2690355329949194,-0.1999999999999993,240783368.56,15536941,0,15.64,15.79,15.29,15.76
300383,光环新网,12.51,0.5627009646302273,0.07000000000000028,442625310.65,35482640,0,12.42,12.57,12.33,12.44
300384,三联虹普,16.25,0.4947433518861984,0.0799999999999983,50602385.5,3104570,0,16.18,16.4,16.16,16.17
300385,雪浪环境,6.22,0.1610305958132011,0.009999999999999787,40646082.02,6644352,0,6.21,6.22,6.0,6.21
300386,飞天诚信,18.06,0.8938547486033528,0.16000000000000014,423474341.76,23589919,0,17.56,18.3,17.37,17.9
300387,富邦科技,8.51,0.5910165484633443,0.049999999999998934,34802132.0,4113400,0,8.48,8.55,8.37,8.46
300388,节能国祯,8.04,-0.24813895781639392,-0.02000000000000135,58451012.6,7256640,0,8.1,8.11,7.99,8.06
300389,艾比森,16.23,1.1214953271028019,0.17999999999999972,60036287.2,3698786,0,16.0,16.37,15.97,16.05
300390,天华新能,54.61,-3.6010591350397165,-2.039999999999999,2104781995.43,37726841,0,56.65,58.18,54.33,56.65
300391,*ST长药,0.87,-8.421052631578943,-0.07999999999999996,73233076.49,82828896,0,0.9,0.93,0.84,0.95
300393,中来股份,6.7,0.7518796992481176,0.04999999999999982,445639450.44,65259734,0,6.8,7.07,6.66,6.65
300394,天孚通信,203.03,-4.442980185437944,-9.439999999999998,6850047166.25,33354386,0,212.58,212.61,201.5,212.47
300395,菲利华,100.3,-3.8350910834132312,-4.0,3438638876.53,33840670,0,105.19,105.34,99.89,104.3
300396,迪瑞医疗,12.9,0.6240249609984405,0.08000000000000007,37563344.88,2921536,0,12.89,12.97,12.72,12.82
300397,天和防务,14.82,0.2028397565922998,0.030000000000001137,510299694.6,34167874,0,14.81,15.18,14.71,14.79
300398,飞凯材料,22.41,-1.2340237990304148,-0.28000000000000114,401629080.43,17768276,0,22.83,22.9,22.41,22.69
300399,天利科技,25.35,-0.9378663540445425,-0.23999999999999844,115928039.5,4540800,0,25.52,25.78,25.34,25.59
300400,劲拓股份,19.8,-0.7518796992481133,-0.14999999999999858,130514383.0,6538300,0,20.12,20.21,19.78,19.95
300401,花园生物,15.12,-1.1764705882353037,-0.1800000000000015,253617118.58,16655864,0,15.23,15.45,15.11,15.3
300402,宝色股份,21.51,0.1863064741499893,0.0400000000000027,163348490.0,7676700,0,21.3,21.64,20.84,21.47
300403,汉宇集团,14.41,-1.368925393566046,-0.1999999999999993,389455402.23,27010869,0,14.52,14.61,14.3,14.61
300404,博济医药,9.33,-0.9554140127388521,-0.08999999999999986,39222177.66,4194186,0,9.42,9.45,9.28,9.42
300405,科隆股份,6.38,-0.7776049766718479,-0.04999999999999982,42958719.71,6754683,0,6.44,6.48,6.27,6.43
300406,九强生物,13.07,-0.7593014426727384,-0.09999999999999964,40702975.92,3109856,0,13.17,13.19,13.06,13.17
300407,凯发电气,11.32,0.1769911504424741,0.019999999999999574,90707573.0,8026600,0,11.3,11.42,11.21,11.3
300408,三环集团,45.75,-1.1452031114952488,-0.5300000000000011,739880789.71,16180209,0,46.28,46.46,45.36,46.28
300409,道氏技术,22.49,-1.7903930131004373,-0.41000000000000014,426610633.22,18816256,0,22.88,22.98,22.42,22.9
300410,正业科技,8.18,-0.24390243902438508,-0.019999999999999574,59949141.0,7356200,0,8.2,8.22,8.09,8.2
300411,金盾股份,11.59,2.6572187776793688,0.3000000000000007,143609618.4,12531660,0,11.31,11.61,11.12,11.29
300412,迦南科技,5.35,0.943396226415091,0.04999999999999982,47083472.04,8864708,0,5.32,5.35,5.26,5.3
300413,芒果超媒,24.42,2.5188916876574368,0.6000000000000014,682352623.35,28234622,0,23.85,24.42,23.57,23.82
300414,中光防雷,14.95,1.2186865267433968,0.17999999999999972,544531812.48,36689640,0,14.77,15.17,14.43,14.77
300415,伊之密,26.06,-0.9125475285171177,-0.240000000000002,168464815.0,6448100,0,26.3,26.35,26.0,26.3
300416,苏试试验,17.84,-1.4364640883977986,-0.26000000000000156,486393477.45,27355100,0,17.6,18.16,17.47,18.1
300417,南华仪器,13.99,-0.07142857142856991,-0.009999999999999787,34762638.6,2493200,0,13.95,14.09,13.75,14.0
300418,昆仑万维,41.7,3.782976605276265,1.5200000000000031,3370561193.99,81149903,0,40.03,42.68,40.03,40.18
300419,ST浩丰,6.3,2.605863192182413,0.16000000000000014,55066080.0,8817600,0,6.14,6.33,6.1,6.14
300420,五洋自控,3.99,1.0126582278481022,0.040000000000000036,95244831.73,24055512,0,3.95,4.0,3.9,3.95
300421,力星股份,36.78,2.308762169680106,0.8299999999999983,2180579466.48,60083059,0,36.2,37.88,34.5,35.95
300422,博世科,4.59,0.87912087912088,0.040000000000000036,29468450.0,6463440,0,4.57,4.61,4.5,4.55
300423,昇辉科技,8.38,-2.1028037383177534,-0.17999999999999972,179006576.9,21341953,0,8.59,8.66,8.23,8.56
300424,航新科技,18.31,0.3287671232876642,0.05999999999999872,250913547.4,13712800,0,18.23,18.53,18.01,18.25
300425,中建环能,4.95,0.20242914979756652,0.009999999999999787,28899236.7,5854678,0,4.94,4.96,4.9,4.94
300426,华智数媒,7.72,-0.3870967741935516,-0.03000000000000025,51276459.92,6619250,0,7.76,7.86,7.66,7.75
300427,红相股份,12.25,0.7401315789473673,0.08999999999999986,1055193926.0,87299260,0,11.82,12.45,11.66,12.16
300428,立中集团,23.35,-1.4767932489451387,-0.34999999999999787,243958121.24,10408955,0,23.81,23.88,23.24,23.7
300429,强力新材,13.33,-0.07496251874062809,-0.009999999999999787,148147817.42,11078054,0,13.34,13.48,13.31,13.34
300430,诚益通,19.22,-0.31120331950208646,-0.060000000000002274,94737828.64,4933733,0,19.3,19.48,19.08,19.28
300432,富临精工,16.7,-0.11961722488038024,-0.019999999999999574,1068125372.3,64469607,0,16.66,16.85,16.35,16.72
300433,蓝思科技,30.27,2.0566419420094384,0.6099999999999994,3396639359.59,112947794,0,30.05,30.45,29.5,29.66
300434,金石亚药,10.28,-0.3875968992248151,-0.040000000000000924,70750028.0,6885700,0,10.36,10.36,10.21,10.32
300435,中泰股份,22.22,0.5429864253393548,0.11999999999999744,213163335.95,9575045,0,22.15,22.58,22.01,22.1
300436,广生堂,89.15,-2.0975181199209274,-1.9099999999999966,303404474.0,3382600,0,90.99,90.99,88.88,91.06
300437,清水源,15.97,-3.5045317220543812,-0.5800000000000001,343555585.09,21309945,0,16.57,16.77,15.92,16.55
300438,鹏辉能源,53.22,-3.7613019891500876,-2.0799999999999983,963338693.7,17900684,0,55.17,55.46,53.12,55.3
300439,美康生物,9.85,-0.20263424518743237,-0.019999999999999574,20849966.4,2116920,0,9.84,9.91,9.81,9.87
300440,运达科技,12.31,3.0125523012552406,0.3600000000000012,104919969.5,8589450,0,11.96,12.35,11.95,11.95
300441,鲍斯股份,7.55,0.1326259946949574,0.009999999999999787,27305177.17,3631000,0,7.53,7.6,7.47,7.54
300442,润泽科技,52.8,2.6837806301050087,1.3799999999999955,2112815707.47,40172574,0,51.6,53.58,50.95,51.42
300443,金雷股份,28.13,-1.6433566433566515,-0.4700000000000024,201983820.88,7151107,0,28.6,28.8,27.97,28.6
300444,双杰电气,9.63,-2.2335025380710545,-0.21999999999999886,385129386.6,39787020,0,9.86,9.94,9.56,9.85
300445,康斯特,26.06,3.4126984126984103,0.8599999999999994,345623108.42,13329727,0,25.52,26.5,25.25,25.2
300446,航天智造,25.34,3.1758957654723177,0.7800000000000011,1724596505.1,69706561,0,24.56,25.55,23.9,24.56
300447,全信股份,18.08,2.4362606232294604,0.4299999999999997,473830557.6,26186670,0,17.61,18.38,17.61,17.65
300448,浩云科技,7.83,-2.2471910112359517,-0.17999999999999972,238865007.6,30109610,0,7.95,8.11,7.81,8.01
300449,汉邦高科,7.62,2.9729729729729693,0.21999999999999975,73642451.97,9872478,0,7.4,7.63,7.29,7.4
300450,先导智能,49.98,-1.6141732283464574,-0.8200000000000003,2256084187.99,44969995,0,50.73,51.15,49.69,50.8
300451,创业慧康,4.84,0.8333333333333341,0.040000000000000036,138114511.34,28428378,0,4.84,4.9,4.8,4.8
300452,山河药辅,13.38,1.2869038607115815,0.16999999999999993,59461508.6,4470755,0,13.21,13.44,13.13,13.21
300453,三鑫医疗,8.72,0.692840646651276,0.0600000000000005,31408663.95,3618632,0,8.67,8.76,8.61,8.66
300454,深信服,115.16,1.5520282186948773,1.759999999999991,652412264.1,5665043,0,113.41,116.6,113.24,113.4
300455,航天智装,30.04,4.0526498094908145,1.1699999999999982,2275481640.65,76890470,0,29.19,30.91,28.36,28.87
300456,赛微电子,55.96,-9.959774738535797,-6.189999999999998,6620112442.8,114824571,0,59.88,60.57,55.8,62.15
300457,赢合科技,27.85,1.4571948998178585,0.40000000000000213,557111448.82,20148624,0,27.86,28.08,27.11,27.45
300458,全志科技,42.03,-2.096436058700206,-0.8999999999999986,724712864.45,17121696,0,43.05,43.15,41.93,42.93
300459,汤姆猫,4.59,2.684563758389264,0.1200000000000001,701248719.94,152834597,0,4.46,4.65,4.45,4.47
300460,ST惠伦,7.67,-0.13020833333333057,-0.009999999999999787,68777864.04,8990296,0,7.66,7.76,7.56,7.68
300461,田中精机,19.08,0.3682272488163952,0.06999999999999673,30382479.0,1601100,0,19.03,19.28,18.77,19.01
300462,ST华铭,11.8,4.05643738977073,0.46000000000000085,70703806.0,6072500,0,11.41,11.9,11.27,11.34
300463,迈克生物,11.19,-0.1784121320249897,-0.02000000000000135,47584126.25,4255731,0,11.23,11.29,11.13,11.21
300464,星徽股份,6.34,-0.1574803149606266,-0.009999999999999787,82178358.0,13081300,0,6.34,6.37,6.1,6.35
300465,高伟达,20.13,1.5640766902119008,0.3099999999999987,400878533.42,19944968,0,19.78,20.63,19.66,19.82
300466,赛摩智能,10.05,-0.09940357852882492,-0.009999999999999787,69151794.2,6882140,0,10.16,10.18,9.98,10.06
300467,迅游科技,28.7,2.7568922305764394,0.7699999999999996,208862801.74,7331358,0,27.74,28.9,27.74,27.93
300468,四方精创,38.83,1.9427671304804277,0.7399999999999949,2562970091.18,66297143,0,37.01,39.5,36.97,38.09
300469,信息发展,61.8,0.7499184871209549,0.45999999999999375,410226994.0,6739524,0,61.0,62.16,59.61,61.34
300470,中密控股,37.6,0.6693440428380187,0.25,115343354.0,3067000,0,37.2,37.87,37.18,37.35
300471,厚普股份,12.6,-1.1764705882352968,-0.15000000000000036,171869009.0,13477650,0,12.79,12.95,12.57,12.75
300472,*ST新元,7.7,-2.654867256637168,-0.20999999999999996,117575867.6,14776980,0,8.35,8.35,7.67,7.91
300473,德尔股份,29.78,-0.7994670219853379,-0.23999999999999844,86148565.0,2890200,0,30.15,30.24,29.57,30.02
300474,景嘉微,71.87,-1.1416781292984846,-0.8299999999999983,585969364.98,8121981,0,72.95,73.33,71.8,72.7
300475,香农芯创,144.34,-3.997339541070829,-6.009999999999991,4867625223.53,33606675,0,150.27,152.65,142.0,150.35
300476,胜宏科技,287.58,-3.0084317032040526,-8.920000000000016,7237108488.54,24874618,0,297.0,297.77,287.58,296.5
300477,ST合纵,2.62,-3.676470588235297,-0.10000000000000009,197557860.6,73748528,0,2.75,2.79,2.59,2.72
300478,杭州高新,32.3,1.9892642879696731,0.6299999999999955,95287655.4,2974080,0,31.76,32.36,31.51,31.67
300479,神思电子,19.12,1.1105235325224794,0.21000000000000085,91200871.52,4767212,0,18.92,19.33,18.92,18.91
300480,光力科技,16.71,0.662650602409635,0.10999999999999943,113516352.84,6741755,0,16.99,17.42,16.64,16.6
300481,濮阳惠成,15.5,-0.3215434083601332,-0.05000000000000071,60665104.56,3914736,0,15.55,15.63,15.35,15.55
300482,万孚生物,19.75,1.0747185261003114,0.21000000000000085,76293854.42,3856409,0,19.72,19.89,19.67,19.54
300483,首华燃气,14.18,-2.1394064872325775,-0.3100000000000005,144958078.6,10166397,0,14.48,14.48,14.14,14.49
300484,蓝海华腾,19.05,-0.2617801047120456,-0.05000000000000071,54882955.0,2883900,0,19.1,19.18,18.83,19.1
300485,赛升药业,10.58,-0.2827521206408988,-0.02999999999999936,33555866.0,3174300,0,10.69,10.69,10.51,10.61
300486,东杰智能,19.61,-9.17091245947198,-1.9800000000000004,970027335.07,50669351,0,17.5,20.47,17.5,21.59
300487,蓝晓科技,61.75,-0.09707167125061038,-0.060000000000002274,132687495.64,2148146,0,61.69,62.37,61.28,61.81
300488,恒锋工具,32.64,-0.48780487804877015,-0.1599999999999966,64031914.84,1961488,0,32.8,32.94,32.45,32.8
300489,光智科技,50.8,-1.1288439081354718,-0.5800000000000054,332881127.32,6554309,0,51.5,51.99,49.76,51.38
300490,华自科技,11.99,-1.5599343185550043,-0.1899999999999995,216945720.0,18100800,0,12.2,12.32,11.8,12.18
300491,通合科技,25.13,0.23932987634622546,0.05999999999999872,195599186.3,7722990,0,25.17,25.63,25.04,25.07
300492,华图山鼎,74.3,2.7094277025158884,1.9599999999999937,114176541.8,1556756,0,72.85,74.5,72.08,72.34
300493,润欣科技,20.09,2.9200819672131164,0.5700000000000003,881164611.68,43987744,0,19.95,20.64,19.21,19.52
300494,盛天网络,12.18,1.4999999999999978,0.17999999999999972,169495889.8,13936020,0,12.03,12.3,11.98,12.0
300496,中科创达,67.5,1.0630333882317617,0.7099999999999937,944747870.57,14002077,0,67.0,68.0,66.7,66.79
300497,富祥药业,15.11,-2.6417525773195885,-0.41000000000000014,596129920.43,38929166,0,15.29,15.68,15.06,15.52
300498,温氏股份,16.88,-1.4018691588785164,-0.240000000000002,544970230.86,32254393,0,17.07,17.11,16.75,17.12
300499,高澜股份,30.68,-2.9113924050632964,-0.9200000000000017,918785434.29,29596438,0,31.3,31.95,30.66,31.6
300500,启迪设计,13.85,0.7272727272727246,0.09999999999999964,44968782.5,3267010,0,13.77,13.9,13.64,13.75
300501,海顺新材,15.32,2.1333333333333355,0.3200000000000003,50557222.0,3347200,0,15.15,15.35,14.76,15.0
300502,新易盛,430.88,-3.3901345291479834,-15.120000000000005,12502795209.72,28617821,0,445.0,451.29,430.0,446.0
300503,昊志机电,63.72,-0.12539184952977792,-0.0799999999999983,4671083762.55,73180394,0,62.4,66.65,60.48,63.8
300504,天邑股份,14.89,1.98630136986302,0.2900000000000009,73974785.16,4986228,0,14.62,15.05,14.61,14.6
300505,川金诺,22.39,-1.927288655278133,-0.4399999999999977,233767993.83,10407671,0,22.77,22.85,22.31,22.83
300506,*ST名家,4.2,2.689486552567245,0.11000000000000032,58789097.2,13956680,0,4.18,4.27,4.16,4.09
300507,苏奥传感,9.19,-0.21715526601521548,-0.02000000000000135,133626034.32,14519665,0,9.27,9.27,9.13,9.21
300508,维宏股份,36.9,0.2444987775061024,0.0899999999999963,190933866.76,5181066,0,36.75,37.18,36.47,36.81
300509,新美星,12.84,-2.874432677760974,-0.3800000000000008,146640363.94,11350300,0,13.15,13.15,12.76,13.22
300510,金冠股份,4.13,-0.48192771084338454,-0.020000000000000462,60654717.99,14702211,0,4.16,4.17,4.08,4.15
300511,雪榕生物,6.24,0.9708737864077751,0.0600000000000005,119484616.05,19296460,0,6.19,6.32,6.1,6.18
300512,中亚股份,9.52,-0.10493179433368087,-0.009999999999999787,78274983.0,8276200,0,9.57,9.58,9.34,9.53
300513,恒实科技,9.49,2.262931034482768,0.21000000000000085,65822878.48,7038588,0,9.28,9.51,9.13,9.28
300514,友讯达,13.21,0.15163002274451365,0.02000000000000135,31051606.0,2360100,0,13.2,13.25,13.05,13.19
300515,三德科技,19.66,0.9758602978942028,0.19000000000000128,33220426.0,1696100,0,19.5,19.81,19.39,19.47
300516,久之洋,80.7,20.000000000000004,13.450000000000003,1895697797.99,25694137,0,68.01,80.7,67.51,67.25
300517,海波重科,11.06,-0.18050541516245103,-0.019999999999999574,29475989.8,2660640,0,11.1,11.19,10.96,11.08
300518,新迅达,17.5,-1.5748031496063055,-0.28000000000000114,191286029.34,10949441,0,17.9,18.08,17.09,17.78
300519,新光药业,14.9,-0.26773761713520183,-0.03999999999999915,23898402.1,1601130,0,15.07,15.09,14.85,14.94
300520,科大国创,34.89,-3.378565494322899,-1.2199999999999989,1092988938.05,31248275,0,36.03,36.3,34.4,36.11
300521,爱司凯,28.5,-2.3303632625085666,-0.6799999999999997,72495936.0,2514900,0,29.38,29.38,28.46,29.18
300522,世名科技,12.58,0.9630818619582602,0.11999999999999922,30911287.6,2479187,0,12.47,12.58,12.35,12.46
300523,辰安科技,23.93,-0.6229235880398613,-0.14999999999999858,79970481.24,3319816,0,24.38,24.42,23.9,24.08
300525,博思软件,14.1,1.5850144092218938,0.21999999999999886,467907935.91,33306408,0,13.65,14.4,13.63,13.88
300527,ST应急,8.07,0.37313432835822313,0.030000000000001137,98564076.08,12313253,0,8.03,8.09,7.92,8.04
300528,幸福蓝海,20.79,-0.3355704697986591,-0.07000000000000028,399089902.16,19323828,0,20.45,21.2,20.18,20.86
300529,健帆生物,19.67,-0.9566968781470178,-0.18999999999999773,61449327.0,3109200,0,19.92,19.97,19.67,19.86
300530,领湃科技,26.7,-0.743494423791819,-0.1999999999999993,40201364.0,1502800,0,27.01,27.22,26.52,26.9
300531,优博讯,18.04,-0.6607929515418557,-0.120000000000001,204073348.32,11390907,0,17.7,18.16,17.5,18.16
300532,今天国际,11.78,0.5977796754910205,0.06999999999999851,42822180.8,3643415,0,11.7,11.83,11.65,11.71
300533,冰川网络,34.73,0.2598152424942156,0.0899999999999963,221481359.5,6368625,0,34.64,35.06,34.44,34.64
300534,陇神戎发,9.48,-0.5246589716684044,-0.049999999999998934,34432294.0,3640200,0,9.53,9.54,9.41,9.53
300535,达威股份,17.86,0.2807411566535694,0.05000000000000071,38557949.86,2174934,0,17.78,18.02,17.5,17.81
300536,农尚环境,7.25,0.138121546961323,0.009999999999999787,63750648.8,8818840,0,7.29,7.34,7.1,7.24
300537,广信材料,21.83,0.36781609195401516,0.0799999999999983,103897910.0,4706700,0,21.8,22.32,21.8,21.75
300538,同益股份,16.08,-0.5565862708720062,-0.09000000000000341,71560460.0,4449300,0,16.17,16.22,15.94,16.17
300539,横河精密,42.02,-3.4022988505747054,-1.4799999999999969,564111300.44,13402714,0,43.5,43.55,41.6,43.5
300540,蜀道装备,20.0,8.401084010840112,1.5500000000000007,313080683.69,15885611,0,18.7,20.3,18.7,18.45
300541,先进数通,15.06,1.8944519621109683,0.28000000000000114,235274569.19,15719206,0,14.79,15.09,14.71,14.78
300542,新晨科技,20.49,2.5012506253126565,0.5,398675713.94,19610392,0,19.86,20.7,19.75,19.99
300543,朗科智能,11.12,0.36101083032490205,0.03999999999999915,151016695.89,13765153,0,11.04,11.21,10.76,11.08
300545,联得装备,30.69,-1.4134275618374486,-0.4399999999999977,153921365.38,4994754,0,31.39,31.49,30.57,31.13
300546,雄帝科技,26.19,2.3046874999999996,0.5899999999999999,413602794.15,15838065,0,25.59,26.63,25.35,25.6
300547,川环科技,39.4,-2.7400641816835334,-1.1099999999999994,441377928.8,11051540,0,40.1,40.8,39.36,40.51
300548,长芯博创,142.0,1.2116892373485306,1.6999999999999886,3354914097.31,23545474,0,141.06,145.66,138.5,140.3
300549,优德精密,18.86,-0.7890583903208949,-0.15000000000000213,35392854.0,1874600,0,18.96,19.13,18.74,19.01
300550,和仁科技,14.51,-0.8202323991797744,-0.120000000000001,55281038.92,3783510,0,14.77,14.84,14.46,14.63
300551,古鳌科技,16.64,-3.536231884057968,-0.6099999999999994,430645597.15,25697675,0,16.8,17.18,16.52,17.25
300552,万集科技,30.36,0.4632693580410343,0.14000000000000057,529561529.72,17472244,0,30.28,31.0,29.47,30.22
300553,集智股份,40.39,-2.1322994911558095,-0.8800000000000026,127502753.74,3142061,0,41.08,41.41,40.23,41.27
300554,三超新材,23.19,0.6947459834997834,0.16000000000000014,67637616.27,2949901,0,23.18,23.33,22.67,23.03
300555,ST路通,14.66,-0.6101694915254228,-0.08999999999999986,58589429.0,3995600,0,14.6,14.93,14.48,14.75
300556,丝路视觉,18.99,1.4965259219668496,0.2799999999999976,61248005.0,3243400,0,18.7,19.08,18.51,18.71
300557,理工光科,35.29,1.2625538020086018,0.4399999999999977,234307708.88,6631582,0,35.55,35.77,34.82,34.85
300558,贝达药业,46.69,0.06429489927132692,0.030000000000001137,150750055.24,3226654,0,46.63,47.1,46.45,46.66
300559,佳发教育,12.61,0.5582137161084553,0.07000000000000028,200370502.0,15831700,0,12.78,13.0,12.33,12.54
300560,中富通,16.16,-0.49261083743841316,-0.0799999999999983,177826271.1,11007550,0,16.24,16.38,15.98,16.24
300561,*ST汇科,14.71,0.40955631399317743,0.0600000000000005,73264984.85,5020195,0,14.59,14.75,14.38,14.65
300562,乐心医疗,13.33,-0.8184523809523768,-0.10999999999999943,41723916.0,3130600,0,13.49,13.5,13.28,13.44
300563,神宇股份,36.68,-0.8916509051607627,-0.3299999999999983,170452062.73,4634694,0,36.94,37.16,36.6,37.01
300564,筑博设计,15.75,0.8968609865470888,0.14000000000000057,27354009.4,1754120,0,15.68,15.79,15.34,15.61
300565,科信技术,12.61,-2.096273291925476,-0.27000000000000135,124367983.63,9804655,0,12.88,12.93,12.61,12.88
300566,激智科技,18.35,-0.21750951604132215,-0.03999999999999915,62241441.0,3387685,0,18.5,18.51,18.26,18.39
300567,精测电子,91.2,7.306741969643498,6.210000000000008,2547998390.46,28049709,0,90.1,96.0,86.0,84.99
300568,星源材质,15.25,-2.4936061381074204,-0.39000000000000057,862638299.81,55997337,0,15.6,15.75,15.21,15.64
300569,天能重工,5.74,-0.17391304347825717,-0.009999999999999787,85897427.19,15026454,0,5.77,5.77,5.65,5.75
300570,太辰光,115.55,-3.7083333333333357,-4.450000000000003,2117126934.21,18162944,0,119.25,120.61,113.88,120.0
300571,平治信息,27.65,1.4306676449009428,0.389999999999997,76772570.0,2783000,0,27.23,27.84,27.09,27.26
300572,安车检测,28.43,-0.35050823694357314,-0.10000000000000142,201772890.12,7078732,0,28.65,29.19,27.84,28.53
300573,兴齐眼药,70.29,1.5457960127130994,1.0700000000000074,545105319.58,7744962,0,69.3,71.28,68.93,69.22
300575,中旗股份,5.83,-0.3418803418803346,-0.019999999999999574,30296766.9,5209713,0,5.85,5.86,5.77,5.85
300576,容大感光,38.55,-1.0777521170130915,-0.4200000000000017,573850222.59,14685620,0,39.2,39.77,38.44,38.97
300577,开润股份,21.37,-1.1105969458583917,-0.23999999999999844,26596075.0,1238400,0,21.61,21.69,21.33,21.61
300578,会畅科技,20.6,-0.048520135856370744,-0.00999999999999801,140722023.62,6862439,0,20.71,20.85,20.25,20.61
300579,数字认证,33.61,-3.943983995427272,-1.3800000000000026,753442479.39,22422052,0,33.0,34.5,32.66,34.99
300580,贝斯特,26.29,-0.18982536066818798,-0.05000000000000071,381940953.11,14544505,0,26.54,26.56,25.92,26.34
300581,晨曦航空,16.49,0.9179926560587428,0.14999999999999858,299524047.65,18226038,0,16.27,16.59,16.19,16.34
300582,英飞特,15.97,-2.024539877300614,-0.33000000000000007,379630559.24,23602911,0,16.3,16.48,15.83,16.3
300583,赛托生物,13.69,0.9587020648967479,0.129999999999999,23178496.8,1700480,0,13.7,13.76,13.47,13.56
300584,海辰药业,50.22,-1.083316919440623,-0.5500000000000043,154944361.0,3079900,0,51.08,51.14,49.74,50.77
300585,奥联电子,17.79,-2.520547945205484,-0.46000000000000085,300130273.61,16435397,0,18.3,18.98,17.75,18.25
300586,美联新材,10.89,-0.0917431192660531,-0.009999999999999787,158186354.36,14651442,0,10.87,10.98,10.58,10.9
300587,天铁科技,6.13,1.15511551155116,0.07000000000000028,233877119.27,38404783,0,6.06,6.21,5.93,6.06
300588,熙菱信息,27.0,-0.11098779134295648,-0.030000000000001137,113212692.54,4203238,0,27.03,27.32,26.6,27.03
300589,江龙船艇,18.05,-8.700050581689423,-1.7199999999999989,1101515329.9,60542719,0,18.81,19.17,17.7,19.77
300590,移为通信,12.68,1.0358565737051713,0.129999999999999,100515911.3,7973620,0,12.52,12.7,12.43,12.55
300591,万里马,9.92,-5.433746425166828,-0.5700000000000003,552196435.91,54950142,0,10.33,10.33,9.91,10.49
300592,华凯易佰,10.86,4.122722914669221,0.4299999999999997,168316461.4,15587520,0,10.44,11.06,10.42,10.43
300593,新雷能,29.76,1.1556764106050301,0.33999999999999986,1059307449.04,35835195,0,29.55,30.1,28.77,29.42
300594,朗进科技,19.61,-0.3050330452465799,-0.060000000000002274,50360330.0,2560700,0,19.98,20.12,19.41,19.67
300595,欧普康视,14.69,-0.6089309878213792,-0.08999999999999986,88419031.9,5997224,0,14.83,14.92,14.67,14.78
300596,利安隆,42.21,-1.4015416958654552,-0.6000000000000014,136529151.15,3208982,0,42.78,43.32,42.17,42.81
300597,吉大通信,9.24,-0.32362459546924877,-0.02999999999999936,79755085.0,8664500,0,9.35,9.35,9.09,9.27
300598,诚迈科技,45.97,-1.0120585701981026,-0.46999999999999886,234877568.87,5090547,0,46.44,46.68,45.85,46.44
300599,雄塑科技,8.15,8.521970705725707,0.6400000000000006,199628789.0,24848100,0,7.52,8.36,7.45,7.51
300600,国瑞科技,14.9,0.811907983761847,0.120000000000001,112778320.0,7631900,0,14.76,14.96,14.52,14.78
300601,康泰生物,14.77,-0.6056527590847904,-0.08999999999999986,97548184.53,6592209,0,14.91,14.94,14.74,14.86
300602,飞荣达,33.16,-2.499264922081745,-0.8500000000000014,725250969.74,21706901,0,34.0,34.03,33.03,34.01
300603,立昂技术,9.72,1.1446409989594297,0.11000000000000121,61185778.0,6302200,0,9.63,9.78,9.6,9.61
300604,长川科技,101.31,-4.153263954588458,-4.390000000000001,3473376128.54,33668850,0,110.02,111.0,100.79,105.7
300605,恒锋信息,15.65,0.8376288659793865,0.13000000000000078,111007713.07,7106373,0,15.5,15.81,15.32,15.52
300606,金太阳,23.51,-1.9190654985398303,-0.4599999999999973,128739181.0,5427600,0,24.05,24.2,23.48,23.97
300607,拓斯达,32.94,-2.4578027835356986,-0.8300000000000054,1298486495.48,39820267,0,32.55,33.4,32.0,33.77
300608,思特奇,11.07,2.2160664819944618,0.2400000000000002,72667319.64,6602417,0,10.88,11.12,10.81,10.83
300609,汇纳科技,38.57,-1.8824726532688931,-0.740000000000002,147484276.44,3793599,0,39.31,39.8,38.5,39.31
300610,晨化股份,11.61,-1.1914893617021325,-0.14000000000000057,28739338.0,2479320,0,11.75,11.79,11.52,11.75
300611,美力科技,27.26,-2.0129403306973352,-0.5599999999999987,201850713.0,7371400,0,27.88,27.9,27.15,27.82
300612,宣亚国际,17.81,8.201701093560132,1.3499999999999979,1082312267.34,60465079,0,16.72,18.93,16.59,16.46
300613,富瀚微,46.06,-1.0526315789473575,-0.4899999999999949,134752041.77,2916760,0,46.85,46.86,46.01,46.55
300614,百川畅银,12.68,0.7949125596184391,0.09999999999999964,39241004.99,3128883,0,12.6,12.82,12.41,12.58
300615,欣天科技,13.28,0.07535795026375122,0.009999999999999787,47339075.15,3583135,0,13.23,13.36,13.02,13.27
300616,尚品宅配,13.93,0.2879769618430464,0.03999999999999915,51307623.44,3707607,0,13.96,14.07,13.67,13.89
300617,安靠智电,31.9,-0.9009009009008982,-0.28999999999999915,47316364.9,1480480,0,32.14,32.44,31.78,32.19
300618,寒锐钴业,45.21,0.04425757911042958,0.020000000000003126,410868333.36,8998680,0,45.15,46.36,45.04,45.19
300619,金银河,43.9,-1.7457475380483465,-0.7800000000000011,287457230.55,6523654,0,44.7,44.77,43.5,44.68
300620,光库科技,147.05,-4.822006472491902,-7.449999999999989,2232128661.2,15054270,0,153.0,153.18,146.0,154.5
300621,维业股份,8.41,0.718562874251503,0.0600000000000005,28203416.0,3377400,0,8.37,8.44,8.25,8.35
300622,博士眼镜,31.06,-1.3655128612257852,-0.4299999999999997,685494979.57,21818061,0,32.65,32.98,30.5,31.49
300623,捷捷微电,27.17,-0.766983199415622,-0.2099999999999973,191413971.93,7021636,0,27.54,27.58,27.16,27.38
300624,万兴科技,70.65,3.607567091948978,2.460000000000008,1187326981.65,16888787,0,67.8,71.79,67.74,68.19
300625,三雄极光,11.85,1.0230179028132926,0.11999999999999922,20802863.3,1770915,0,11.77,11.87,11.61,11.73
300626,华瑞股份,15.91,8.674863387978139,1.2699999999999996,359685854.6,23113080,0,14.89,16.5,14.65,14.64
300627,华测导航,34.91,2.5558166862514615,0.8699999999999974,1119148791.25,32329807,0,33.89,35.19,33.7,34.04
300628,亿联网络,35.65,-1.2465373961218915,-0.45000000000000284,219345756.0,6111178,0,36.28,36.43,35.63,36.1
300629,新劲刚,23.78,4.711580801409072,1.0700000000000003,1088858661.67,46979996,0,22.58,24.45,22.03,22.71
300630,普利退,0.89,1.1363636363636374,0.010000000000000009,32787848.0,36818346,0,0.9,0.95,0.86,0.88
300631,久吾高科,28.89,1.3328656611715153,0.379999999999999,89225959.0,3108800,0,28.55,29.06,28.3,28.51
300632,光莆股份,13.76,-1.0071942446043207,-0.14000000000000057,115793209.66,8413127,0,13.92,13.98,13.61,13.9
300633,开立医疗,26.42,0.8396946564885589,0.22000000000000242,104878940.48,3996600,0,26.19,26.59,25.92,26.2
300634,彩讯股份,25.23,3.232405891980356,0.7899999999999991,446568426.81,17781555,0,24.44,25.47,24.44,24.44
300635,中达安,16.03,0.06242197253434184,0.010000000000001563,30090962.0,1883300,0,16.12,16.12,15.83,16.02
300636,同和药业,7.51,0.2670226969292333,0.019999999999999574,26822136.16,3590852,0,7.49,7.52,7.42,7.49
300637,扬帆新材,11.63,-0.5132591958939156,-0.05999999999999872,61671900.29,5305939,0,11.71,11.75,11.52,11.69
300638,广和通,29.64,4.697986577181214,1.3300000000000018,2096979453.82,71917325,0,28.45,29.89,27.85,28.31
300639,凯普生物,5.38,0.0,0.0,29734483.95,5532109,0,5.39,5.41,5.33,5.38
300640,德艺文创,7.74,-2.8858218318695052,-0.22999999999999954,208416603.0,26651900,0,8.04,8.05,7.73,7.97
300641,正丹股份,17.65,-0.8426966292134951,-0.15000000000000213,69458486.7,3921098,0,17.9,17.9,17.64,17.8
300642,透景生命,18.39,-0.16286644951140683,-0.030000000000001137,43200816.2,2357100,0,18.64,18.65,18.21,18.42
300643,万通智控,19.44,-0.511770726714421,-0.09999999999999787,81639068.0,4179900,0,19.61,19.74,19.34,19.54
300644,南京聚隆,36.91,0.4900626191124414,0.17999999999999972,240014316.6,6516520,0,36.7,37.6,36.32,36.73
300645,正元智慧,18.73,1.6829533116177995,0.3099999999999987,74197882.0,3974600,0,18.44,18.86,18.43,18.42
300647,超频三,6.89,-1.571428571428576,-0.11000000000000032,84388484.0,12215450,0,7.01,7.05,6.86,7.0
300648,星云股份,51.58,-0.6739842095128085,-0.3500000000000014,392279460.2,7594155,0,52.05,52.7,50.78,51.93
300649,杭州园林,14.36,1.0555946516537549,0.14999999999999858,35745642.0,2512900,0,14.19,14.39,13.99,14.21
300650,太龙股份,16.56,-1.2522361359570713,-0.21000000000000085,85005460.0,5126800,0,16.74,16.85,16.42,16.77
300651,金陵体育,20.38,0.0,0.0,74369699.7,3660240,0,20.54,20.54,20.13,20.38
300652,雷迪克,54.86,-3.228082554242368,-1.8299999999999983,244591684.7,4435960,0,55.82,57.37,54.29,56.69
300653,正海生物,19.97,0.1504513540621744,0.029999999999997584,24714282.28,1239100,0,19.9,20.04,19.82,19.94
300654,世纪天鸿,9.91,5.537806176783808,0.5199999999999996,310997756.2,31534570,0,9.78,10.06,9.62,9.39
300655,晶瑞电材,16.13,0.3109452736318452,0.05000000000000071,673638189.46,41611978,0,16.22,16.38,16.02,16.08
300656,民德电子,22.02,-0.6317689530685946,-0.14000000000000057,45432216.7,2058810,0,22.25,22.25,21.92,22.16
300657,弘信电子,27.66,-0.5035971223021604,-0.14000000000000057,363456327.79,13102505,0,27.98,28.13,27.43,27.8
300658,延江股份,14.82,11.680482290881693,1.5500000000000007,444915789.66,31459984,0,13.25,14.9,13.14,13.27
300659,中孚信息,15.36,1.9920318725099533,0.29999999999999893,142578675.8,9393560,0,15.2,15.42,14.69,15.06
300660,江苏雷利,54.82,-2.8875110717449113,-1.6300000000000026,1051432457.54,19041842,0,56.3,56.7,54.6,56.45
300661,圣邦股份,68.64,-1.8867924528301792,-1.3199999999999932,881285755.07,12830584,0,69.5,69.62,68.23,69.96
300662,科锐国际,25.33,1.5230460921843647,0.379999999999999,74122789.0,2934500,0,24.9,25.45,24.9,24.95
300663,科蓝软件,17.64,1.9653179190751435,0.33999999999999986,266467357.09,15201003,0,17.22,17.8,17.19,17.3
300664,鹏鹞环保,5.36,0.1869158878504799,0.010000000000000675,46500793.0,8670250,0,5.35,5.4,5.32,5.35
300665,飞鹿股份,9.76,0.41152263374484715,0.03999999999999915,158376424.64,16058022,0,9.77,10.08,9.67,9.72
300666,江丰电子,92.0,-1.0859047414256586,-1.0100000000000051,632995316.54,6812136,0,94.0,94.5,92.0,93.01
300667,必创科技,17.68,1.4343086632243258,0.25,118978698.08,6763112,0,17.42,17.8,17.3,17.43
300668,杰恩设计,29.18,1.3898540653231362,0.3999999999999986,299636954.0,10427210,0,28.86,29.64,27.82,28.78
300669,沪宁股份,26.3,-0.37878787878787074,-0.09999999999999787,23834236.8,912680,0,26.4,26.68,25.85,26.4
300670,大烨智能,7.11,3.7956204379562144,0.2600000000000007,179940308.5,25808550,0,6.9,7.16,6.75,6.85
300671,富满微,31.89,-1.4219474497681632,-0.46000000000000085,102982921.74,3212536,0,32.5,32.51,31.83,32.35
300672,国科微,107.62,-0.7195571955719567,-0.7800000000000011,1021151185.92,9486516,0,109.12,109.99,105.41,108.4
300673,佩蒂股份,17.93,0.2796420581655521,0.05000000000000071,51629655.0,2874100,0,18.03,18.24,17.78,17.88
300674,宇信科技,24.26,3.6752136752136884,0.860000000000003,771657646.22,32144360,0,23.24,24.5,23.05,23.4
300675,建科院,15.62,1.4944769330734156,0.22999999999999865,44285471.0,2860800,0,15.5,15.66,15.2,15.39
300676,华大基因,45.36,-0.04407227853680724,-0.020000000000003126,119738932.66,2646663,0,45.34,45.54,45.0,45.38
300677,英科医疗,38.9,-0.7653061224489904,-0.30000000000000426,296926948.08,7592122,0,39.23,39.68,38.74,39.2
300678,中科信息,30.76,0.5228758169934644,0.16000000000000014,156037202.93,5083567,0,30.6,30.87,30.38,30.6
300679,电连技术,48.68,-3.0665073675826346,-1.5399999999999991,369828666.54,7570516,0,50.02,50.24,48.28,50.22
300680,隆盛科技,55.87,-0.6932100959829374,-0.39000000000000057,1202132542.1,21812305,0,55.6,56.88,54.1,56.26
300681,英搏尔,25.06,0.8856682769726202,0.21999999999999886,245594422.4,9845198,0,24.87,25.28,24.57,24.84
300682,朗新集团,15.21,-1.8709677419354784,-0.28999999999999915,426149457.79,28064977,0,15.49,15.58,14.91,15.5
300683,海特生物,27.73,-1.2112575703598143,-0.33999999999999986,71272332.04,2560204,0,28.07,28.2,27.63,28.07
300684,中石科技,49.22,-2.899980272243044,-1.4699999999999989,647818756.5,13033650,0,50.66,51.17,49.03,50.69
300685,艾德生物,20.46,0.19588638589617602,0.03999999999999915,68882640.78,3362369,0,20.41,20.59,20.4,20.42
300686,智动力,15.06,0.4000000000000033,0.0600000000000005,62067208.06,4157397,0,15.02,15.09,14.77,15.0
300687,赛意信息,22.97,1.952951620062129,0.4399999999999977,388453488.71,16888086,0,22.42,23.49,22.42,22.53
300688,创业黑马,29.19,1.6718913270637423,0.4800000000000004,368990045.8,12549389,0,29.5,29.94,29.03,28.71
300689,澄天伟业,44.95,-0.22197558268589193,-0.09999999999999432,47048198.0,1046000,0,45.12,45.59,44.68,45.05
300690,双一科技,33.15,-3.3245844269466334,-1.1400000000000006,341301571.31,10254600,0,33.65,33.7,33.1,34.29
300691,联合光电,17.27,2.6753864447086757,0.4499999999999993,112309827.18,6555989,0,16.92,17.37,16.85,16.82
300692,中环环保,8.4,-2.0979020979020944,-0.17999999999999972,63349565.97,7500643,0,8.6,8.63,8.36,8.58
300693,盛弘股份,38.28,-2.0470829068577205,-0.7999999999999972,286785208.4,7455440,0,39.2,39.23,38.2,39.08
300694,蠡湖股份,12.08,0.0,0.0,31066121.0,2579200,0,12.04,12.16,11.94,12.08
300695,兆丰股份,100.06,6.799018038211127,6.3700000000000045,345254861.9,3470600,0,98.5,106.55,95.2,93.69
300696,爱乐达,31.91,11.612451906260931,3.3200000000000003,1551982941.47,46988744,0,28.87,34.31,28.86,28.59
300697,电工合金,16.78,1.0234798314268616,0.1700000000000017,234849832.56,13815684,0,16.65,17.29,16.57,16.61
300698,万马科技,42.13,-0.6836397925506816,-0.28999999999999915,170362035.0,4059800,0,42.33,42.75,41.32,42.42
300699,光威复材,39.46,0.4071246819338517,0.1600000000000037,3074978197.07,78677206,0,38.93,40.6,37.81,39.3
300700,岱勒新材,12.35,0.0,0.0,69718239.28,5648042,0,12.37,12.5,12.26,12.35
300701,森霸传感,13.0,0.46367851622875195,0.0600000000000005,89452419.0,6869275,0,12.98,13.21,12.94,12.94
300702,天宇股份,23.6,-0.1692047377326529,-0.03999999999999915,38250014.51,1625743,0,23.53,23.8,23.4,23.64
300703,创源股份,24.44,-0.12259910093991658,-0.029999999999997584,205162728.08,8368962,0,24.45,24.96,24.1,24.47
300705,九典制药,14.98,-1.0568031704095122,-0.16000000000000014,70932091.56,4723728,0,15.14,15.14,14.98,15.14
300706,阿石创,33.93,-3.195435092724672,-1.1199999999999974,185822853.0,5425300,0,35.08,35.54,33.91,35.05
300707,威唐工业,16.45,-1.437986818454176,-0.240000000000002,124914358.52,7584600,0,16.65,16.68,16.3,16.69
300708,聚灿光电,8.88,0.45248868778281587,0.040000000000000924,139644117.76,15784591,0,8.85,8.89,8.78,8.84
300709,精研科技,47.16,0.3404255319148864,0.1599999999999966,554689274.69,11772302,0,47.68,47.88,46.6,47.0
300710,万隆光电,31.15,0.4838709677419309,0.14999999999999858,348168921.9,11222270,0,30.38,31.8,30.38,31.0
300711,广哈通信,23.22,0.912646675358528,0.2099999999999973,171964412.18,7390660,0,22.93,23.46,22.88,23.01
300712,永福股份,26.33,-2.6257396449704173,-0.7100000000000009,114014256.81,4300550,0,27.08,27.19,26.3,27.04
300713,英可瑞,17.3,0.4645760743321826,0.08000000000000185,41945192.1,2440610,0,17.29,17.4,17.0,17.22
300715,凯伦股份,10.44,0.869565217391303,0.08999999999999986,27403984.9,2639326,0,10.37,10.5,10.22,10.35
300716,ST泉为,11.97,0.0,0.0,44774799.0,3714650,0,11.97,12.29,11.78,11.97
300717,华信新材,19.04,0.42194092827003316,0.0799999999999983,29336495.0,1553600,0,18.92,19.15,18.63,18.96
300718,长盛轴承,85.36,-3.906337948891139,-3.469999999999999,1280967859.74,14961950,0,88.0,88.0,85.0,88.83
300719,安达维尔,18.11,1.4565826330532101,0.259999999999998,311314716.64,17201208,0,17.88,18.35,17.55,17.85
300720,海川智能,33.89,0.7132243684992631,0.240000000000002,187749246.8,5581700,0,33.4,34.08,32.9,33.65
300721,怡达股份,12.73,-0.23510971786833354,-0.02999999999999936,37942535.7,3000930,0,12.79,12.88,12.46,12.76
300722,新余国科,35.52,2.2452504317789326,0.7800000000000011,401870236.79,11358054,0,34.74,35.74,34.6,34.74
300723,一品红,33.55,-1.6417472881852895,-0.5600000000000023,252181128.8,7493901,0,34.15,34.35,33.48,34.11
300724,捷佳伟创,95.6,-1.544799176107106,-1.5,1486888140.08,15406863,0,97.1,97.94,95.3,97.1
300725,药石科技,38.56,-0.9504238376573271,-0.36999999999999744,129248029.66,3321986,0,38.96,39.43,38.56,38.93
300726,宏达电子,50.91,0.05896226415093166,0.02999999999999403,868675926.62,17069767,0,51.08,51.85,50.3,50.88
300727,润禾材料,35.64,-1.7369727047146473,-0.6300000000000026,107846417.5,3024280,0,36.38,36.38,35.5,36.27
300729,乐歌股份,13.61,-0.2930402930402998,-0.040000000000000924,41611544.17,3066501,0,13.69,13.75,13.48,13.65
300730,科创信息,13.38,0.6772009029345496,0.09000000000000163,107901647.5,8098652,0,13.25,13.52,13.15,13.29
300731,科创新源,56.22,-3.617349562832161,-2.1099999999999994,635783506.75,11202299,0,58.0,58.82,55.62,58.33
300732,设研院,7.5,0.2673796791443793,0.019999999999999574,41048551.09,5497289,0,7.47,7.53,7.38,7.48
300733,西菱动力,18.79,0.26680896478122046,0.05000000000000071,138527995.0,7375320,0,18.76,18.96,18.55,18.74
300735,光弘科技,24.86,0.08051529790660054,0.019999999999999574,199115227.78,7982116,0,25.11,25.19,24.75,24.84
300736,百邦科技,15.51,-0.19305019305018895,-0.02999999999999936,129745412.6,8318580,0,15.7,15.87,15.45,15.54
300737,科顺股份,5.5,2.420856610800743,0.1299999999999999,130897967.2,24176540,0,5.4,5.51,5.3,5.37
300738,奥飞数据,18.49,-0.0540540540540625,-0.010000000000001563,354626723.0,19146640,0,18.57,18.67,18.33,18.5
300739,明阳电路,18.38,0.6020799124247369,0.10999999999999943,388358320.76,20833848,0,18.31,19.09,18.31,18.27
300740,水羊股份,23.84,9.558823529411756,2.0799999999999983,866499477.82,37726642,0,21.88,24.46,21.59,21.76
300741,华宝股份,18.58,1.474604041507371,0.2699999999999996,49263373.04,2672547,0,18.26,18.75,18.1,18.31
300743,天地数码,22.32,-2.914310569812954,-0.6699999999999982,193143308.32,8580086,0,22.61,23.08,22.2,22.99
300745,欣锐科技,25.76,-0.6172839506172845,-0.16000000000000014,99834081.0,3875600,0,26.1,26.18,25.4,25.92
300746,汉嘉设计,12.67,-0.07886435331230116,-0.009999999999999787,24862481.0,1969900,0,12.7,12.71,12.49,12.68
300747,锐科激光,27.03,0.5580357142857223,0.15000000000000213,378350835.41,14039452,0,26.91,27.26,26.66,26.88
300748,金力永磁,34.11,-0.843023255813951,-0.28999999999999915,764210290.91,22324276,0,34.48,34.64,33.92,34.4
300749,顶固集创,12.07,-0.9031198686371055,-0.10999999999999943,114025655.46,9483741,0,12.19,12.27,11.85,12.18
300750,宁德时代,367.26,-0.5254604550379193,-1.9399999999999977,5920431545.03,16026597,0,369.79,372.0,367.15,369.2
300751,迈为股份,205.99,7.230609057782413,13.890000000000015,3505627441.72,17431364,0,192.0,209.0,192.0,192.1
300752,隆利科技,18.25,0.9402654867256731,0.1700000000000017,56281257.63,3105961,0,18.15,18.29,17.86,18.08
300753,爱朋医疗,27.75,-0.9989297181591192,-0.28000000000000114,103089371.85,3711655,0,27.97,28.09,27.53,28.03
300755,华致酒行,17.62,-0.8998875140607432,-0.16000000000000014,55957427.0,3189000,0,17.7,17.75,17.42,17.78
300756,金马游乐,56.88,-3.3310673011556777,-1.9600000000000009,176168056.67,3047399,0,59.57,59.57,56.78,58.84
300757,罗博特科,233.3,3.656640156395796,8.230000000000018,2301730320.14,9728631,0,235.89,242.79,230.8,225.07
300758,七彩化学,12.69,0.07886435331230116,0.009999999999999787,45861144.8,3620210,0,12.7,12.74,12.6,12.68
300759,康龙化成,28.43,-1.2504341785342112,-0.35999999999999943,485141567.64,16969318,0,28.64,28.99,28.28,28.79
300760,迈瑞医疗,190.45,-2.627946214019129,-5.140000000000015,2181941819.38,11374804,0,195.2,195.38,190.37,195.59
300761,立华股份,20.75,-0.1443695861405252,-0.030000000000001137,111383413.82,5374883,0,20.71,20.96,20.58,20.78
300762,上海瀚讯,41.68,7.561290322580644,2.9299999999999997,4955711713.92,123123881,0,38.75,42.0,38.3,38.75
300763,锦浪科技,71.41,-1.760902462512039,-1.2800000000000011,479961997.71,6667088,0,72.7,73.07,71.31,72.69
300765,新诺威,36.07,1.0081209745169404,0.35999999999999943,322550763.06,9151658,0,35.71,36.07,34.81,35.71
300766,每日互动,32.77,3.147623544224122,1.0000000000000036,839127548.67,25731802,0,31.65,33.29,31.6,31.77
300767,震安科技,20.8,-1.886792452830182,-0.3999999999999986,131319477.18,6287298,0,21.25,21.46,20.7,21.2
300768,迪普科技,18.53,0.4336043360433705,0.08000000000000185,106185689.68,5730848,0,18.47,18.74,18.31,18.45
300769,德方纳米,44.01,-2.9119788219722045,-1.3200000000000003,598880702.43,13448634,0,45.3,45.82,43.98,45.33
300770,新媒股份,42.41,-0.6093273962971762,-0.2600000000000051,115825763.68,2725225,0,42.61,42.75,42.22,42.67
300771,智莱科技,15.5,2.785145888594164,0.41999999999999993,320477661.93,20860519,0,15.12,15.67,14.92,15.08
300772,运达股份,19.06,-1.7525773195876282,-0.33999999999999986,169095345.58,8796170,0,19.33,19.49,19.06,19.4
300773,拉卡拉,28.48,7.067669172932327,1.879999999999999,4167730614.1,148854589,0,26.53,29.63,25.9,26.6
300774,倍杰特,19.0,-1.6053858104608947,-0.3099999999999987,328981902.7,17089244,0,19.36,19.74,18.94,19.31
300775,三角防务,30.4,-0.6535947712418394,-0.20000000000000284,747252353.78,24422075,0,30.6,31.08,30.26,30.6
300776,帝尔激光,62.14,2.3217520171249855,1.4100000000000037,369623980.3,5988979,0,60.83,62.7,60.47,60.73
300777,中简科技,40.8,5.181747873163181,2.009999999999998,2435220113.23,60488155,0,38.74,41.56,38.61,38.79
300778,新城市,13.88,3.1203566121842488,0.41999999999999993,132004412.63,9667270,0,13.5,14.05,13.17,13.46
300779,惠城环保,130.11,-0.5655330531142382,-0.7399999999999807,616652013.23,4746941,0,129.08,131.5,127.66,130.85
300780,德恩精工,19.28,-0.3617571059431539,-0.07000000000000028,155277246.0,8031200,0,19.65,19.95,19.0,19.35
300781,因赛集团,34.78,4.980380319951701,1.6499999999999986,389400576.57,11207838,0,33.11,36.0,33.06,33.13
300782,卓胜微,81.48,-1.116504854368934,-0.9200000000000017,1348905560.7,16473194,0,82.0,83.14,80.88,82.4
300783,三只松鼠,23.15,0.915431560592839,0.2099999999999973,155761439.0,6748500,0,22.94,23.21,22.9,22.94
300784,利安科技,50.22,0.8028904054596518,0.3999999999999986,15288177.76,304716,0,49.83,50.39,49.83,49.82
300785,值得买,43.82,6.982421874999998,2.8599999999999994,1564149808.51,36101653,0,41.08,46.99,40.77,40.96
300786,国林科技,16.29,0.6798516687268197,0.10999999999999943,117137947.2,7168260,0,16.26,16.49,16.03,16.18
300787,海能实业,11.75,1.819757365684583,0.21000000000000085,66721475.16,5715390,0,11.67,11.83,11.51,11.54
300788,中信出版,27.4,0.8836524300441769,0.23999999999999844,49102717.72,1789658,0,27.2,27.75,27.08,27.16
300789,唐源电气,23.0,5.215004574565419,1.1400000000000006,115088261.56,5020733,0,22.0,23.73,21.86,21.86
300790,宇瞳光学,29.91,0.7409902324014781,0.21999999999999886,320434118.1,10756380,0,29.69,30.13,29.27,29.69
300791,仙乐健康,25.86,1.7309205350117924,0.4399999999999977,104922906.13,4052390,0,25.36,26.17,25.32,25.42
300792,壹网壹创,28.31,3.6616623947272062,1.0,266876195.31,9523738,0,27.32,28.48,27.31,27.31
300793,佳禾智能,16.31,1.5566625155666254,0.25,223075140.1,13632499,0,16.52,16.64,16.18,16.06
300795,米奥会展,13.62,1.1135857461024392,0.14999999999999858,31488134.76,2326968,0,13.49,13.68,13.36,13.47
300796,贝斯美,8.69,-0.912200684150514,-0.08000000000000007,22477138.1,2583998,0,8.77,8.79,8.66,8.77
300797,钢研纳克,16.95,1.9242333132892382,0.3200000000000003,96625947.0,5752050,0,16.58,16.97,16.51,16.63
300798,锦鸡股份,7.11,0.9943181818181858,0.07000000000000028,38463877.42,5447922,0,7.04,7.13,6.99,7.04
300800,力合科技,11.63,0.0,0.0,26614488.0,2295500,0,11.63,11.7,11.46,11.63
300801,泰和科技,27.63,-1.5675097969362353,-0.4400000000000013,168020339.0,6072300,0,28.04,28.04,27.43,28.07
300802,矩子科技,19.14,0.5252100840336209,0.10000000000000142,42776230.8,2239120,0,19.07,19.21,18.94,19.04
300803,指南针,130.87,-2.9082276133244216,-3.9199999999999875,2978366918.07,22309347,0,134.3,135.93,130.87,134.79
300804,广康生化,35.0,1.0976314269208625,0.38000000000000256,19063365.4,548260,0,34.9,35.06,34.5,34.62
300805,电声股份,10.55,2.526724975704583,0.26000000000000156,102431938.32,9701147,0,10.28,10.73,10.28,10.29
300806,斯迪克,30.74,-0.6785137318255278,-0.21000000000000085,266303745.0,8670712,0,30.95,31.13,30.35,30.95
300807,天迈科技,55.19,3.935969868173251,2.0899999999999963,164181826.0,3035100,0,53.26,55.88,52.28,53.1
300808,久量股份,30.07,-2.999999999999999,-0.9299999999999997,78948007.0,2613300,0,30.99,31.2,29.73,31.0
300809,华辰装备,38.07,1.3308490817141336,0.5,191596461.2,5041360,0,37.52,38.52,37.41,37.57
300810,中科海讯,38.28,0.0,0.0,94532243.0,2475500,0,38.1,38.67,37.88,38.28
300811,铂科新材,71.31,-0.9308141150319557,-0.6700000000000017,449090187.62,6214753,0,72.0,73.94,71.18,71.98
300812,易天股份,28.6,-0.694444444444442,-0.1999999999999993,236472480.16,8192300,0,29.32,29.77,28.45,28.8
300813,泰林生物,24.57,-0.20308692120227745,-0.05000000000000071,47786254.63,1951722,0,24.72,24.85,24.21,24.62
300814,中富电路,73.94,-3.2705389848246993,-2.5,456269864.02,6124474,0,76.0,76.76,73.5,76.44
300815,玉禾田,22.78,-1.810344827586199,-0.41999999999999815,170885545.08,7476012,0,23.19,23.2,22.71,23.2
300816,艾可蓝,48.15,0.3961634695579602,0.18999999999999773,206178474.64,4204638,0,48.59,50.2,47.68,47.96
300817,双飞集团,21.21,-2.1227503461006036,-0.46000000000000085,156384378.49,7363138,0,21.45,21.5,21.06,21.67
300818,耐普矿机,37.87,6.555993247045578,2.3299999999999983,195476701.74,5190900,0,35.86,38.83,35.5,35.54
300819,聚杰微纤,34.57,-7.764140875133396,-2.9099999999999966,510085941.24,14607240,0,35.6,35.95,34.43,37.48
300820,英杰电气,47.95,-0.31185031185030887,-0.14999999999999858,112935523.49,2353921,0,48.2,48.47,47.5,48.1
300821,东岳硅材,11.66,-2.7522935779816518,-0.33000000000000007,379271298.38,32275927,0,11.95,12.06,11.65,11.99
300822,贝仕达克,16.06,0.5635566687539015,0.08999999999999808,40138711.2,2511280,0,16.01,16.13,15.82,15.97
300823,建科智能,15.62,0.7741935483870918,0.11999999999999922,32166722.91,2081900,0,15.48,15.7,15.25,15.5
300824,北鼎股份,11.31,-0.0883392226148391,-0.009999999999999787,29493443.0,2618150,0,11.32,11.35,11.15,11.32
300825,阿尔特,9.68,2.002107481559531,0.1899999999999995,122416987.92,12739545,0,9.56,9.77,9.36,9.49
300826,测绘股份,17.1,1.8463371054199065,0.3100000000000023,50759579.05,2970366,0,16.82,17.25,16.8,16.79
300827,上能电气,34.22,-3.114382785956969,-1.1000000000000014,784055178.61,22706635,0,35.5,35.54,34.21,35.32
300828,锐新科技,16.83,-0.11869436201782269,-0.020000000000003126,95783967.0,5677400,0,16.69,17.35,16.6,16.85
300829,金丹科技,16.59,0.06031363088058845,0.010000000000001563,33487120.2,2027820,0,16.6,16.62,16.41,16.58
300830,金现代,10.18,2.3115577889447283,0.23000000000000043,113302700.24,11199696,0,9.95,10.25,9.95,9.95
300831,派瑞股份,11.02,-1.5192135835567464,-0.16999999999999993,91171779.0,8279800,0,11.2,11.27,10.88,11.19
300832,新产业,56.25,-0.26595744680850814,-0.14999999999999858,122218315.0,2181700,0,56.75,56.88,55.52,56.4
300833,浩洋股份,40.68,0.04918839153960435,0.020000000000003126,45105125.0,1099220,0,41.13,41.68,40.61,40.66
300834,星辉环材,23.18,1.8901098901098887,0.4299999999999997,70273021.66,3040584,0,22.98,23.5,22.75,22.75
300835,龙磁科技,65.58,-0.19783898949930828,-0.12999999999999545,97447501.0,1482100,0,66.15,66.6,65.08,65.71
300836,佰奥智能,54.9,-1.4008620689655193,-0.7800000000000011,64039417.11,1162361,0,55.99,56.2,54.1,55.68
300837,浙矿股份,34.02,4.196018376722832,1.3700000000000045,121680762.23,3631006,0,32.75,34.38,32.55,32.65
300838,浙江力诺,15.25,-0.6514657980456003,-0.09999999999999964,31690925.0,2082200,0,15.47,15.47,15.08,15.35
300839,博汇股份,12.04,-1.3114754098360668,-0.16000000000000014,31142606.23,2582548,0,12.22,12.22,11.97,12.2
300840,酷特智能,20.45,4.550102249488756,0.8900000000000006,1276394639.0,62640586,0,18.59,21.97,18.38,19.56
300841,康华生物,72.26,-0.06914672935969736,-0.04999999999999716,76785159.57,1063168,0,72.76,72.8,71.86,72.31
300842,帝科股份,59.27,-1.2331278120313196,-0.7399999999999949,189072882.57,3172582,0,60.31,60.93,59.0,60.01
300843,胜蓝股份,51.56,-3.9135296310100527,-2.0999999999999943,317406402.96,6082466,0,53.33,53.5,51.55,53.66
300844,山水比德,35.49,1.6032064128256578,0.5600000000000023,54139691.2,1534432,0,34.93,35.9,34.63,34.93
300845,捷安高科,11.27,1.6230838593327297,0.17999999999999972,40589508.67,3642456,0,11.1,11.28,10.97,11.09
300846,首都在线,22.83,5.353022611905844,1.1599999999999966,1375881220.47,60855787,0,22.08,23.38,21.8,21.67
300847,中船汉光,17.14,1.0613207547169794,0.17999999999999972,81627926.0,4787900,0,16.97,17.18,16.85,16.96
300848,美瑞新材,15.82,-8.923431203223952,-1.5500000000000007,457940415.47,28355983,0,17.63,17.71,15.71,17.37
300849,锦盛新材,15.63,0.3853564547206198,0.0600000000000005,28918398.0,1859800,0,15.6,15.86,15.37,15.57
300850,新强联,41.37,-2.8188865398167793,-1.2000000000000028,504189765.98,12092492,0,42.79,42.81,41.26,42.57
300851,交大思诺,26.79,1.0180995475113106,0.2699999999999996,17359829.56,652136,0,26.56,26.9,26.33,26.52
300852,四会富仕,38.18,-2.9486527707168366,-1.1600000000000037,177998595.44,4619011,0,39.15,39.33,38.1,39.34
300853,申昊科技,20.72,-0.2887391722810504,-0.060000000000002274,59268962.4,2862460,0,20.81,20.95,20.5,20.78
300854,中兰环保,16.84,-3.495702005730656,-0.6099999999999994,55246322.85,3267400,0,17.45,17.6,16.71,17.45
300855,图南股份,32.3,-0.6153846153846242,-0.20000000000000284,205195050.95,6373840,0,32.34,32.65,31.74,32.5
300856,科思股份,13.48,0.2976190476190545,0.040000000000000924,80426133.74,6004592,0,13.49,13.53,13.23,13.44
300857,协创数据,168.68,7.5148193001466135,11.79000000000002,3687731575.17,22306111,0,156.02,172.0,153.8,156.89
300858,科拓生物,16.77,1.1459589867310092,0.19000000000000128,49069380.33,2953385,0,16.6,16.86,16.41,16.58
300859,西域旅游,36.97,0.6808278867102396,0.25,135965363.0,3703100,0,36.78,37.06,36.22,36.72
300860,锋尚文化,26.8,0.9416195856873822,0.25,82907694.2,3068032,0,26.68,27.47,26.67,26.55
300861,美畅股份,14.93,0.20134228187919032,0.02999999999999936,77946066.68,5206107,0,14.89,15.07,14.88,14.9
300862,蓝盾光电,22.88,0.7042253521126767,0.16000000000000014,84108704.21,3686390,0,22.73,23.22,22.53,22.72
300863,卡倍亿,50.4,-1.9836639439906711,-1.0200000000000031,147479376.71,2915895,0,51.07,51.69,49.75,51.42
300864,南大环境,19.72,0.10152284263959174,0.019999999999999574,28599536.32,1452927,0,19.7,19.97,19.5,19.7
300865,大宏立,27.23,0.4056047197640097,0.10999999999999943,28596276.0,1055450,0,27.06,27.33,26.71,27.12
300866,安克创新,114.39,0.8285588364918446,0.9399999999999977,351019927.61,3092063,0,113.45,114.99,112.45,113.45
300867,圣元环保,19.06,-0.10482180293500826,-0.019999999999999574,101084701.93,5308495,0,19.08,19.2,18.89,19.08
300868,杰美特,31.7,2.2580645161290303,0.6999999999999993,79456584.0,2526596,0,31.29,31.99,30.82,31.0
300869,康泰医学,15.0,-0.26595744680850497,-0.03999999999999915,35116864.03,2345623,0,15.06,15.08,14.88,15.04
300870,欧陆通,221.0,0.9316770186335368,2.039999999999992,1223115049.26,5484070,0,218.97,229.88,217.78,218.96
300871,回盛生物,20.73,0.43604651162790625,0.08999999999999986,71422116.45,3450199,0,21.01,21.01,20.46,20.64
300872,天阳科技,20.56,1.4306857424765622,0.28999999999999915,422956246.62,20631117,0,20.15,20.76,20.12,20.27
300873,海晨股份,21.97,0.31963470319634835,0.07000000000000028,47568362.62,2168543,0,22.0,22.11,21.71,21.9
300875,捷强装备,40.49,-1.1474609374999973,-0.46999999999999886,122810789.69,3035144,0,40.87,40.96,40.0,40.96
300876,蒙泰高新,35.27,-3.528446389496715,-1.2899999999999991,128721301.52,3629458,0,36.86,37.29,34.7,36.56
300877,金春股份,29.27,1.986062717770036,0.5700000000000003,239591804.31,8229239,0,28.1,29.9,28.07,28.7
300878,维康药业,25.51,-1.0089251067132248,-0.259999999999998,56393194.97,2205307,0,25.81,26.0,25.25,25.77
300879,大叶股份,29.85,-2.227317392728463,-0.6799999999999997,167183292.66,5589265,0,30.56,30.8,29.7,30.53
300880,迦南智能,17.58,-0.3401360544217816,-0.060000000000002274,19380731.22,1103350,0,17.65,17.82,17.46,17.64
300881,盛德鑫泰,33.86,-0.8491947291361615,-0.28999999999999915,34142580.2,1005240,0,34.22,34.29,33.85,34.15
300882,万胜智能,18.8,-1.0526315789473648,-0.1999999999999993,61758145.99,3283835,0,19.03,19.03,18.67,19.0
300883,龙利得,6.75,0.29717682020801744,0.019999999999999574,77045081.26,11426794,0,6.73,6.91,6.61,6.73
300884,狄耐克,14.8,0.8174386920980995,0.120000000000001,140150310.38,9485528,0,14.69,15.02,14.48,14.68
300885,海昌新材,33.78,9.038089089735315,2.8000000000000007,1734745932.14,51835923,0,32.16,35.49,31.33,30.98
300886,华业香料,25.91,0.7387247278382632,0.19000000000000128,25500540.37,991687,0,25.72,25.95,25.46,25.72
300887,谱尼测试,9.6,1.0526315789473648,0.09999999999999964,409866727.42,42747868,0,9.47,9.79,9.33,9.5
300888,稳健医疗,37.84,-0.5780346820809218,-0.21999999999999886,93563252.44,2461640,0,38.13,38.49,37.79,38.06
300889,爱克股份,20.7,0.29069767441859845,0.05999999999999872,87824797.42,4264321,0,20.66,20.82,20.4,20.64
300890,翔丰华,29.8,-0.7659007659007673,-0.23000000000000043,97853042.88,3278789,0,30.0,30.18,29.62,30.03
300891,惠云钛业,8.8,-1.455767077267626,-0.129999999999999,47733363.0,5434400,0,8.91,8.96,8.7,8.93
300892,品渥食品,30.37,-0.9458577951728608,-0.28999999999999915,56206269.93,1848717,0,30.6,30.85,30.2,30.66
300893,松原安全,23.64,-1.2118679481821946,-0.28999999999999915,96817640.77,4083193,0,24.04,24.19,23.52,23.93
300894,火星人,11.79,4.614019520851816,0.5199999999999996,134478909.84,11522604,0,11.29,12.1,11.29,11.27
300895,铜牛信息,44.15,1.331191186596278,0.5799999999999983,126326407.14,2867283,0,43.62,44.4,43.43,43.57
300896,爱美客,141.72,0.33274336283185757,0.46999999999999886,330179395.12,2334254,0,141.25,143.69,139.72,141.25
300897,山科智能,25.72,-0.1552795031056005,-0.0400000000000027,33257150.72,1295007,0,25.76,25.86,25.41,25.76
300898,熊猫乳品,26.93,-0.9562339095255665,-0.26000000000000156,110933026.62,4122323,0,27.14,27.3,26.66,27.19
300899,*ST凯鑫,32.5,0.7751937984496124,0.25,14056862.0,435800,0,32.42,32.89,31.94,32.25
300900,广联航空,39.07,10.617214043035107,3.75,3273469810.2,85197060,0,36.7,40.26,36.03,35.32
300901,中胤时尚,16.33,0.49230769230768184,0.0799999999999983,37675870.4,2314577,0,16.15,16.54,16.1,16.25
300902,国安达,20.83,-1.0921177587844275,-0.23000000000000043,129638217.31,6226558,0,21.15,21.18,20.6,21.06
300903,科翔股份,19.29,5.989010989010988,1.0899999999999999,940551307.36,48621137,0,18.56,20.03,18.56,18.2
300904,威力传动,62.61,-0.38186157517900077,-0.240000000000002,39649073.0,634800,0,62.82,63.22,61.91,62.85
300905,宝丽迪,32.23,-0.8002462296091263,-0.2600000000000051,59255227.78,1837399,0,32.31,32.69,32.05,32.49
300906,日月明,35.14,-0.9582863585118274,-0.3399999999999963,98932870.7,2824802,0,35.3,35.69,34.25,35.48
300907,康平科技,29.66,-0.8026755852842758,-0.23999999999999844,56173247.0,1888750,0,29.92,30.35,29.4,29.9
300908,仲景食品,27.7,0.0,0.0,42770421.25,1541805,0,27.7,28.05,27.59,27.7
300909,汇创达,48.1,-1.996740016299912,-0.9799999999999969,148510882.64,3060625,0,48.66,49.25,47.9,49.08
300910,瑞丰新材,56.55,-1.119076761671622,-0.6400000000000006,74471198.61,1310861,0,57.18,57.71,56.39,57.19
300911,亿田智能,33.3,-0.7155635062611867,-0.240000000000002,54589770.33,1640907,0,33.68,33.69,33.03,33.54
300912,凯龙高科,16.5,0.18214936247723826,0.030000000000001137,40359523.0,2469000,0,16.51,16.61,16.15,16.47
300913,兆龙互连,52.63,-1.5525626636737715,-0.8299999999999983,269539494.25,5101801,0,53.55,53.68,52.41,53.46
300915,海融科技,23.75,0.2956081081081093,0.07000000000000028,17539642.23,739257,0,23.91,23.95,23.51,23.68
300916,朗特智能,32.78,-1.2353118409159283,-0.4099999999999966,135920257.99,4103309,0,33.29,33.88,32.6,33.19
300917,特发服务,39.1,0.12804097311140658,0.05000000000000426,191138491.0,4857800,0,40.34,40.38,38.88,39.05
300918,南山智尚,18.59,-2.4658971668415473,-0.46999999999999886,634602211.74,34481117,0,18.6,18.92,18.1,19.06
300919,中伟股份,46.33,1.2677595628415264,0.5799999999999983,789226911.92,17001649,0,45.96,46.92,45.45,45.75
300920,润阳科技,46.07,-1.4966859097712268,-0.7000000000000028,94228208.0,2041800,0,46.5,47.35,45.44,46.77
300921,南凌科技,22.97,2.4988844265952643,0.5599999999999987,125285535.0,5462720,0,22.54,23.35,22.41,22.41
300922,天秦装备,22.87,-0.13100436681221653,-0.029999999999997584,99420634.35,4342842,0,22.81,23.08,22.67,22.9
300923,研奥股份,25.53,0.0,0.0,30794543.0,1214700,0,25.57,25.81,25.1,25.53
300925,法本信息,21.24,2.1153846153846043,0.4399999999999977,356954882.84,16871667,0,20.78,21.45,20.66,20.8
300926,博俊科技,32.78,0.9236453201970576,0.30000000000000426,193535944.48,5929433,0,32.58,32.93,32.3,32.48
300927,江天化学,23.31,0.1288659793814329,0.029999999999997584,43700739.1,1888384,0,23.28,23.4,22.83,23.28
300928,华安鑫创,31.15,0.7438551099611801,0.22999999999999687,31236101.0,1002900,0,31.09,31.6,30.65,30.92
300929,华骐环保,10.75,0.18639328984156173,0.019999999999999574,26878852.0,2525622,0,10.74,10.77,10.49,10.73
300930,屹通新材,29.7,0.5416384563304,0.16000000000000014,26170039.64,887390,0,29.42,29.93,29.25,29.54
300931,通用电梯,11.07,0.72793448589627,0.08000000000000007,43808202.0,3984800,0,11.15,11.18,10.83,10.99
300932,三友联众,11.99,1.010951979780969,0.120000000000001,78241987.69,6515447,0,11.95,12.11,11.86,11.87
300933,中辰股份,8.29,-0.955794504181602,-0.08000000000000007,121989220.14,14764750,0,8.36,8.38,8.12,8.37
300935,盈建科,30.34,-2.2236545278762527,-0.6900000000000013,46301692.57,1518590,0,31.32,31.32,30.21,31.03
300936,中英科技,39.0,6.966538672517824,2.539999999999999,170643637.48,4416911,0,36.47,39.5,36.3,36.46
300937,药易购,34.09,-4.375876577840099,-1.5599999999999952,271417238.21,7898298,0,36.0,36.0,33.9,35.65
300938,信测标准,32.6,0.36945812807883177,0.12000000000000455,212683923.17,6567061,0,32.3,32.8,31.91,32.48
300939,秋田微,34.48,0.6127808578931827,0.20999999999999375,84940252.28,2462050,0,34.58,34.86,34.19,34.27
300940,南极光,28.46,-2.266483516483517,-0.6600000000000001,205743338.2,7175024,0,28.9,29.18,28.35,29.12
300941,创识科技,23.61,-0.8399832003359904,-0.1999999999999993,274439199.44,11536761,0,23.88,24.19,23.5,23.81
300942,易瑞生物,9.41,0.10638297872340198,0.009999999999999787,34415807.56,3656524,0,9.46,9.49,9.33,9.4
300943,春晖智控,20.78,1.5144113336590244,0.3100000000000023,207239509.74,10005234,0,20.46,21.06,20.21,20.47
300945,曼卡龙,16.16,-0.553846153846153,-0.08999999999999986,102556650.11,6341012,0,16.26,16.36,16.02,16.25
300946,恒而达,55.72,-2.502187226596675,-1.4299999999999997,231228273.58,4115099,0,57.16,57.2,55.45,57.15
300947,德必集团,20.14,1.0536879076768733,0.21000000000000085,113824560.53,5682397,0,20.13,20.3,19.74,19.93
300948,冠中生态,21.69,5.547445255474455,1.1400000000000006,202568961.53,9484682,0,20.51,22.12,20.39,20.55
300949,奥雅股份,39.2,0.3584229390681018,0.14000000000000057,35738059.0,911800,0,39.07,39.56,38.68,39.06
300950,德固特,22.86,0.04376367614878779,0.00999999999999801,61708168.46,2708927,0,22.89,22.99,22.51,22.85
300951,博硕科技,34.35,1.5070921985815544,0.509999999999998,64984660.4,1895820,0,34.16,34.8,33.6,33.84
300952,恒辉安防,40.87,3.46835443037974,1.3699999999999974,672153532.89,16401266,0,39.33,42.66,38.66,39.5
300953,震裕科技,168.02,-0.5681145697715585,-0.9599999999999795,1217187443.84,7234976,0,167.0,172.36,163.0,168.98
300955,嘉亨家化,0.0,-100.0,-41.51,0.0,0,0,0.0,0.0,0.0,41.51
300956,英力股份,16.64,-1.0701545778834702,-0.17999999999999972,75085093.52,4507821,0,16.89,17.09,16.49,16.82
300957,贝泰妮,39.61,-0.15124779430300547,-0.060000000000002274,142483580.86,3581374,0,39.88,40.5,39.5,39.67
300958,建工修复,12.41,0.0,0.0,33674809.77,2709639,0,12.46,12.5,12.3,12.41
300959,线上线下,94.7,-5.733625323511837,-5.759999999999991,661297080.12,6873887,0,100.0,100.0,94.08,100.46
300960,通业科技,25.18,-2.4786986831913267,-0.6400000000000006,83519582.0,3301256,0,26.2,26.2,25.14,25.82
300961,深水海纳,14.31,1.0593220338983076,0.15000000000000036,55602194.0,3912700,0,14.25,14.35,14.0,14.16
300962,中金辐照,16.23,0.6823821339950337,0.10999999999999943,35313121.96,2182418,0,16.11,16.27,16.03,16.12
300963,中洲特材,20.78,-1.0004764173415785,-0.2099999999999973,647000858.91,31265870,0,20.97,21.63,20.18,20.99
300964,本川智能,55.6,-0.8382379168896001,-0.46999999999999886,145380231.39,2598811,0,56.13,56.89,55.53,56.07
300965,恒宇信通,70.64,-0.9673349221926227,-0.6899999999999977,223944286.3,3181820,0,69.9,72.0,69.14,71.33
300966,共同药业,19.69,-0.3037974683544239,-0.05999999999999872,21680244.0,1104000,0,19.76,19.97,19.47,19.75
300967,晓鸣股份,18.83,-2.5362318840579814,-0.490000000000002,98011172.56,5187947,0,19.38,19.38,18.75,19.32
300968,格林精密,14.89,0.20188425302827148,0.030000000000001137,187292472.41,12492139,0,15.36,15.51,14.8,14.86
300969,恒帅股份,123.7,-3.3971105037094946,-4.3500000000000085,315585214.41,2509307,0,127.5,131.78,123.3,128.05
300970,华绿生物,20.51,-4.870129870129857,-1.0499999999999972,231717308.83,11093648,0,21.41,21.9,20.45,21.56
300971,博亚精工,24.46,0.5343197698314943,0.13000000000000256,82536188.89,3384970,0,24.41,24.66,24.01,24.33
300972,万辰集团,201.07,0.20432572510714472,0.4099999999999966,242765889.98,1197213,0,200.6,206.49,200.05,200.66
300973,立高食品,43.0,0.7025761124121713,0.29999999999999716,84003196.0,1960000,0,42.62,43.65,42.4,42.7
300975,商络电子,12.69,0.6344171292624907,0.08000000000000007,536421112.71,41602765,0,13.1,13.33,12.67,12.61
300976,达瑞电子,60.07,0.20016680567138856,0.11999999999999744,90883699.33,1509941,0,60.0,61.71,59.76,59.95
300977,深圳瑞捷,17.19,0.8802816901408576,0.15000000000000213,25052367.42,1467867,0,17.36,17.36,16.84,17.04
300978,东箭科技,12.54,0.5613472333600522,0.06999999999999851,152560414.71,12170199,0,12.58,12.68,12.32,12.47
300979,华利集团,50.21,-1.4524043179587869,-0.740000000000002,167149516.55,3311438,0,50.95,51.3,50.17,50.95
300980,祥源新材,32.63,-2.771156138259832,-0.9299999999999997,296935191.12,9042855,0,33.9,34.1,32.08,33.56
300981,中红医疗,12.56,0.3194888178913812,0.040000000000000924,33521178.6,2676044,0,12.53,12.63,12.42,12.52
300982,苏文电能,20.19,-1.0294117647058691,-0.2099999999999973,95138519.0,4692236,0,20.42,20.79,20.08,20.4
300983,尤安设计,26.8,-1.7595307917888579,-0.4800000000000004,42590673.74,1596251,0,27.24,27.79,26.15,27.28
300984,金沃股份,84.88,10.49205935954179,8.060000000000002,876990693.23,10684617,0,77.1,86.0,77.07,76.82
300985,致远新能,18.35,-1.024811218985964,-0.18999999999999773,33617505.6,1833600,0,18.51,18.63,18.19,18.54
300986,志特新材,11.18,8.966861598440545,0.9199999999999999,258108608.82,23878796,0,10.3,11.33,10.25,10.26
300987,川网传媒,16.8,2.1897810218978067,0.35999999999999943,47228943.24,2824336,0,16.44,16.87,16.41,16.44
300988,津荣天宇,22.75,-2.3605150214592303,-0.5500000000000007,77750239.2,3392800,0,23.33,23.43,22.7,23.3
300989,蕾奥规划,17.65,-0.8426966292134951,-0.15000000000000213,130011107.75,7376340,0,17.8,17.86,17.45,17.8
300990,同飞股份,90.15,-4.5223469603897435,-4.269999999999996,686174734.47,7588783,0,92.64,93.37,89.0,94.42
300991,创益通,42.18,4.76900149031297,1.9200000000000017,262051646.29,6286699,0,40.3,43.03,39.56,40.26
300992,泰福泵业,27.0,2.5446259020129194,0.6700000000000017,72452771.6,2722833,0,26.37,27.2,25.79,26.33
300993,玉马科技,14.72,-3.9791258969341126,-0.6099999999999994,171194722.8,11552389,0,15.26,15.3,14.71,15.33
300994,久祺股份,15.79,-0.12650221378874985,-0.02000000000000135,26971353.64,1712708,0,15.71,15.86,15.59,15.81
300995,奇德新材,41.31,-0.6971153846153826,-0.28999999999999915,175900431.15,4319629,0,41.19,41.95,39.72,41.6
300996,普联软件,16.54,0.5471124620060782,0.08999999999999986,91618005.49,5558114,0,16.39,16.65,16.27,16.45
300997,欢乐家,26.15,-2.352501867064983,-0.6300000000000026,312286503.78,11839008,0,26.9,26.9,26.05,26.78
300998,宁波方正,21.91,-0.9493670886075988,-0.21000000000000085,35187640.0,1605400,0,22.37,22.37,21.73,22.12
300999,金龙鱼,28.74,-0.9648518263266752,-0.28000000000000114,209357851.6,7275008,0,29.02,29.05,28.69,29.02
301000,肇民科技,39.37,-2.9817644159684598,-1.2100000000000009,293588980.54,7427807,0,40.3,40.57,39.24,40.58
301001,凯淳股份,29.54,3.3951697584879206,0.9699999999999989,138546998.28,4731029,0,28.55,29.88,28.41,28.57
301002,崧盛股份,36.41,8.524590163934425,2.8599999999999994,339752500.26,9647120,0,33.42,36.6,33.42,33.55
301003,江苏博云,44.6,2.317045193851796,1.009999999999998,91001247.72,2060314,0,43.3,44.85,43.01,43.59
301004,嘉益股份,52.05,-0.5540695452808678,-0.29000000000000625,37862214.96,723806,0,52.42,52.75,51.7,52.34
301005,超捷股份,155.27,5.841854124062728,8.570000000000022,3210596830.71,20823878,0,148.88,160.0,148.3,146.7
301006,迈拓股份,16.49,0.5487804878048772,0.08999999999999986,28401948.0,1738100,0,16.38,16.5,16.17,16.4
301007,德迈仕,40.52,6.017791732077458,2.3000000000000043,451896503.92,11220393,0,38.9,41.85,38.52,38.22
301008,宏昌科技,34.5,-3.7119732068099314,-1.3299999999999983,186601108.81,5357056,0,36.0,36.0,34.49,35.83
301009,可靠股份,12.68,0.3164556962025249,0.03999999999999915,27864198.54,2203411,0,12.66,12.74,12.55,12.64
301010,晶雪节能,22.15,-3.862847222222225,-0.8900000000000006,103027811.37,4626015,0,22.7,22.85,22.07,23.04
301011,华立科技,25.69,0.7846214201647818,0.20000000000000284,54794274.47,2126141,0,25.48,26.09,25.41,25.49
301012,扬电科技,26.45,2.758352758352762,0.7100000000000009,268328332.34,10128135,0,26.0,26.97,25.73,25.74
301013,利和兴,28.01,1.4120202751629274,0.39000000000000057,681667124.82,24066924,0,27.62,28.9,27.62,27.62
301015,百洋医药,23.6,2.6086956521739193,0.6000000000000014,97151462.13,4161409,0,23.01,23.83,23.01,23.0
301016,雷尔伟,22.58,8.76685934489401,1.8199999999999967,217975259.5,9971137,0,20.76,22.98,20.5,20.76
301017,漱玉平民,14.75,-3.5317200784826626,-0.5399999999999991,356491265.09,23985742,0,15.38,15.47,14.71,15.29
301018,申菱环境,63.52,-3.67000303306035,-2.4199999999999946,741101919.81,11587742,0,65.0,65.6,62.94,65.94
301019,宁波色母,22.86,-0.7812499999999988,-0.17999999999999972,71448348.42,3129478,0,23.08,23.13,22.58,23.04
301020,密封科技,22.1,1.1441647597254003,0.25,32950520.5,1503494,0,21.82,22.19,21.69,21.85
301021,英诺激光,48.65,-0.8559201141226854,-0.4200000000000017,364311913.57,7484472,0,49.23,50.0,47.91,49.07
301022,海泰科,33.09,-0.030211480362531754,-0.00999999999999801,102575053.89,3095969,0,33.12,33.65,32.77,33.1
301023,奕帆传动,43.3,-1.3667425968109372,-0.6000000000000014,168374731.49,3916833,0,43.11,43.62,42.36,43.9
301024,霍普股份,35.37,0.39738858927050974,0.14000000000000057,22545414.88,644592,0,34.9,35.48,34.52,35.23
301025,读客文化,9.77,1.5592515592515632,0.15000000000000036,100138532.44,10258643,0,9.68,9.93,9.6,9.62
301026,浩通科技,28.34,-0.9437259699405787,-0.2699999999999996,166051569.16,5826784,0,28.66,28.85,28.22,28.61
301027,华蓝集团,18.41,0.05434782608696502,0.010000000000001563,110304592.0,6004036,0,18.53,18.7,18.18,18.4
301028,东亚机械,14.58,-1.2863913337846955,-0.1899999999999995,77984867.24,5352233,0,14.77,14.81,14.36,14.77
301029,怡合达,26.52,-1.5590200445434361,-0.4200000000000017,247658113.72,9299100,0,26.94,27.06,26.45,26.94
301030,仕净科技,11.83,-0.25295109612141115,-0.02999999999999936,59078577.02,5029138,0,11.95,11.97,11.59,11.86
301031,中熔电气,112.19,-0.7782789422481609,-0.8799999999999955,118960812.42,1055728,0,112.87,113.96,111.92,113.07
301032,新柴股份,12.03,-1.3125512715340455,-0.16000000000000014,34018584.81,2822347,0,12.19,12.25,11.9,12.19
301033,迈普医学,67.5,-1.2002341920374608,-0.8199999999999932,25387017.56,375977,0,68.42,69.0,67.0,68.32
301035,润丰股份,68.01,0.4579025110782899,0.3100000000000023,87655432.76,1274519,0,67.65,69.46,67.43,67.7
301036,双乐股份,34.4,-0.5492917028042926,-0.19000000000000483,41426496.86,1204881,0,34.45,34.68,34.3,34.59
301037,保立佳,14.4,0.06949270326615557,0.009999999999999787,17364413.86,1211636,0,14.33,14.5,14.13,14.39
301038,深水规院,23.45,1.8237082066869221,0.41999999999999815,160564428.48,6867372,0,23.07,23.87,22.72,23.03
301039,中集车辆,9.15,-5.3774560496380515,-0.5199999999999996,343045726.96,36908479,0,9.69,9.74,9.13,9.67
301040,中环海陆,28.39,-1.2521739130434761,-0.35999999999999943,148178871.25,5199350,0,28.81,29.09,28.12,28.75
301041,金百泽,27.2,1.4546810891458433,0.39000000000000057,66118770.25,2446515,0,26.8,27.3,26.62,26.81
301042,安联锐视,88.0,8.655389554265966,7.010000000000005,737698503.91,8059176,0,82.5,97.19,81.5,80.99
301043,绿岛风,65.3,0.771604938271605,0.5,137058317.0,2113300,0,64.8,65.99,63.21,64.8
301045,天禄科技,26.53,-0.15054572826495727,-0.03999999999999915,39882249.0,1506500,0,26.58,26.75,26.15,26.57
301046,能辉科技,23.8,-2.8174765210289823,-0.6899999999999977,113123131.27,4746847,0,24.39,24.54,23.5,24.49
301047,义翘神州,67.6,0.31161893456001444,0.20999999999999375,43403391.92,641945,0,67.49,68.18,67.19,67.39
301048,金鹰重工,11.4,0.17574692442881873,0.019999999999999574,31551019.14,2774506,0,11.48,11.48,11.27,11.38
301049,超越科技,21.48,1.7045454545454517,0.35999999999999943,65397232.13,3047100,0,21.99,22.09,21.0,21.12
301050,雷电微力,52.2,1.6751071289442916,0.8599999999999994,853215436.23,16421307,0,50.71,52.74,50.71,51.34
301051,信濠光电,19.6,1.6070502851218367,0.3100000000000023,67357279.96,3431260,0,19.32,19.8,19.32,19.29
301052,果麦文化,38.19,0.052397170552779725,0.01999999999999602,165926200.45,4314528,0,38.77,38.89,38.1,38.17
301053,远信工业,35.3,0.7995431182181439,0.27999999999999403,72702067.45,2085902,0,34.81,35.79,33.89,35.02
301055,张小泉,19.61,0.6157003591585479,0.120000000000001,27044110.1,1380010,0,19.49,19.85,19.32,19.49
301056,森赫股份,16.8,0.0,0.0,175317302.7,10424940,0,16.78,17.08,16.56,16.8
301057,汇隆新材,36.12,4.604691572545602,1.5899999999999963,303806605.95,8327273,0,34.53,38.5,34.1,34.53
301058,中粮科工,10.96,0.2744739249771376,0.030000000000001137,100754447.25,9265758,0,10.92,11.01,10.75,10.93
301059,金三江,12.6,-0.5524861878453061,-0.07000000000000028,28849141.0,2292143,0,12.69,12.72,12.48,12.67
301060,兰卫医学,9.25,0.1082251082251059,0.009999999999999787,35731443.72,3869415,0,9.25,9.3,9.15,9.24
301061,匠心家居,94.8,-0.5872483221476533,-0.5600000000000023,88386292.56,926699,0,95.57,96.38,94.5,95.36
301062,上海艾录,8.24,-1.199040767386087,-0.09999999999999964,48888247.35,5886640,0,8.37,8.44,8.24,8.34
301063,海锅股份,24.41,0.9929664873810443,0.23999999999999844,49475174.76,2043181,0,24.29,24.49,23.93,24.17
301065,本立科技,21.35,-0.18700327255726576,-0.03999999999999915,21116092.0,988200,0,21.53,21.58,21.21,21.39
301066,万事利,19.69,19.987812309567342,3.280000000000001,478310893.18,25764674,0,16.56,19.69,16.46,16.41
301067,显盈科技,32.76,-0.606796116504863,-0.20000000000000284,71421187.52,2174796,0,33.18,33.29,32.41,32.96
301068,大地海洋,26.32,0.6500956022944616,0.1700000000000017,23656057.65,893006,0,26.16,26.85,25.89,26.15
301069,凯盛新材,27.8,-3.405142460041697,-0.9800000000000004,786014448.48,27910795,0,28.78,29.28,27.78,28.78
301070,开勒股份,61.55,2.106834771068341,1.269999999999996,83544715.09,1369547,0,60.22,61.8,59.7,60.28
301071,力量钻石,35.84,-0.9671179883945684,-0.3499999999999943,216581748.26,6010160,0,36.19,36.57,35.82,36.19
301072,中捷精工,22.52,2.0852221214868583,0.46000000000000085,48288528.5,2166681,0,22.95,22.95,21.7,22.06
301073,君亭酒店,26.06,0.8123791102514402,0.2099999999999973,141112520.14,5432673,0,25.93,26.26,25.51,25.85
301075,多瑞医药,59.67,1.669790424263084,0.980000000000004,94211086.65,1590655,0,58.4,60.42,58.08,58.69
301076,新瀚新材,49.31,-0.6647864625302141,-0.3299999999999983,781166568.38,15855590,0,48.66,50.5,47.8,49.64
301077,星华新材,25.88,-1.6717325227963573,-0.4400000000000013,78031765.74,2989783,0,26.3,26.6,25.85,26.32
301078,孩子王,10.37,0.7774538386783292,0.08000000000000007,343518237.6,33320185,0,10.32,10.46,10.16,10.29
301079,邵阳液压,31.61,-0.9090909090909064,-0.28999999999999915,521674819.72,16629068,0,30.35,32.21,30.26,31.9
301080,百普赛斯,54.0,2.3890784982935114,1.259999999999998,61680870.8,1155340,0,52.85,54.1,52.39,52.74
301081,严牌股份,10.13,0.0,0.0,24244664.3,2403506,0,10.19,10.29,9.99,10.13
301082,久盛电气,17.9,0.5053340819764169,0.08999999999999986,140943920.41,7922254,0,17.84,18.17,17.5,17.81
301083,百胜智能,18.91,1.9956850053937487,0.370000000000001,60084568.47,3205161,0,18.55,18.99,18.4,18.54
301085,亚康股份,52.74,-0.3777861730260592,-0.19999999999999574,84843005.53,1602063,0,52.95,53.68,52.11,52.94
301086,鸿富瀚,111.89,-1.3141647556888296,-1.4899999999999949,133081576.11,1184149,0,113.41,114.8,111.25,113.38
301087,可孚医疗,44.67,1.338475499092567,0.5900000000000034,74573073.91,1682129,0,44.15,44.71,43.88,44.08
301088,戎美股份,17.15,-0.7523148148148296,-0.13000000000000256,74147080.57,4290255,0,17.39,17.58,17.12,17.28
301089,拓新药业,28.0,0.21474588403721803,0.05999999999999872,33660869.36,1200816,0,27.97,28.2,27.85,27.94
301090,华润材料,7.04,0.0,0.0,34911188.13,4975415,0,7.05,7.06,6.96,7.04
301091,深城交,26.74,2.256214149139579,0.5899999999999999,308333889.68,11535571,0,26.21,27.21,26.03,26.15
301092,争光股份,35.16,-1.2359550561797887,-0.44000000000000483,78228882.96,2215424,0,35.52,35.82,35.07,35.6
301093,华兰股份,51.1,4.885057471264373,2.3800000000000026,290366146.38,5766789,0,49.3,51.27,48.89,48.72
301095,广立微,71.71,0.9289232934553084,0.6599999999999966,359592488.3,5006282,0,71.09,72.99,70.21,71.05
301096,百诚医药,57.14,-1.0562770562770554,-0.6099999999999994,165047606.94,2867927,0,57.51,58.7,57.1,57.75
301097,天益医疗,51.62,-0.15473887814314388,-0.0800000000000054,27067031.68,525904,0,51.5,52.19,50.92,51.7
301098,金埔园林,8.58,0.23364485981307911,0.019999999999999574,31012218.99,3627061,0,8.58,8.64,8.43,8.56
301099,雅创电子,42.56,-1.6635859519408478,-0.7199999999999989,172356018.85,4002176,0,43.95,44.11,42.38,43.28
301100,风光股份,21.31,0.2823529411764646,0.05999999999999872,31679322.72,1492299,0,21.21,21.5,20.92,21.25
301101,明月镜片,41.43,3.6009002250562583,1.4399999999999977,352737047.08,8610941,0,41.92,42.5,39.9,39.99
301102,兆讯传媒,10.49,0.8653846153846141,0.08999999999999986,36453336.95,3474797,0,10.4,10.59,10.35,10.4
301103,何氏眼科,19.62,0.9259259259259245,0.17999999999999972,28206512.83,1436321,0,19.41,19.95,19.41,19.44
301105,鸿铭股份,47.67,0.31565656565656264,0.14999999999999858,28222448.18,594524,0,47.37,48.17,47.03,47.52
301106,骏成科技,29.77,0.8810572687224602,0.259999999999998,25342732.01,856580,0,29.55,29.83,29.22,29.51
301107,瑜欣电子,28.24,0.5339978640085389,0.14999999999999858,23902573.22,849954,0,28.27,28.3,27.78,28.09
301108,洁雅股份,33.26,-1.7720023626698211,-0.6000000000000014,35947824.5,1071800,0,33.61,34.05,33.17,33.86
301109,军信股份,15.0,0.20040080160320214,0.02999999999999936,103699136.7,6888883,0,15.06,15.16,14.98,14.97
301110,青木科技,66.18,2.5092936802974046,1.6200000000000045,122860470.74,1874473,0,64.56,66.18,64.08,64.56
301111,粤万年青,19.03,-1.5519917227107975,-0.29999999999999716,91092917.52,4765363,0,19.37,19.37,19.0,19.33
301112,信邦智能,39.39,0.10165184243964205,0.03999999999999915,62654472.14,1598521,0,39.02,39.68,38.8,39.35
301113,雅艺科技,23.92,0.46199076018480884,0.11000000000000298,32382174.32,1357752,0,23.78,24.21,23.39,23.81
301115,联检科技,15.81,0.19011406844107187,0.030000000000001137,15179298.0,963200,0,15.83,15.83,15.67,15.78
301116,益客食品,10.93,-0.2737226277372366,-0.030000000000001137,45685365.6,4192380,0,11.0,11.0,10.79,10.96
301117,佳缘科技,53.25,5.216360403082396,2.6400000000000006,1205402025.96,22831768,0,50.91,54.87,50.44,50.61
301118,恒光股份,24.76,-0.5622489959839239,-0.13999999999999702,86614566.16,3495794,0,24.81,24.99,24.58,24.9
301119,正强股份,52.69,6.401453957996758,3.1699999999999946,204850380.45,3921789,0,50.0,54.0,49.3,49.52
301120,新特电气,17.27,-4.055555555555558,-0.7300000000000004,259684588.13,14844406,0,17.9,17.99,17.27,18.0
301121,紫建电子,39.84,0.8607594936708948,0.3400000000000034,206164509.12,5128718,0,42.0,42.5,39.33,39.5
301122,采纳股份,26.06,-3.802141011443341,-1.0300000000000011,42568671.63,1613561,0,27.13,27.13,25.98,27.09
301123,奕东电子,73.56,-7.471698113207545,-5.939999999999998,2182067450.53,28571497,0,77.65,81.87,73.5,79.5
301125,腾亚精工,18.38,0.8228195282501294,0.14999999999999858,63748686.88,3500536,0,18.36,18.63,17.72,18.23
301126,达嘉维康,12.29,-6.111535523300235,-0.8000000000000007,199380064.53,16080740,0,13.0,13.02,12.1,13.09
301127,武汉天源,15.19,-1.4276443867618471,-0.22000000000000064,120278588.64,7859928,0,15.48,15.72,15.16,15.41
301128,强瑞技术,100.91,-1.493557204217104,-1.5300000000000011,420977808.48,4160377,0,103.36,104.0,99.43,102.44
301129,瑞纳智能,23.85,0.0,0.0,28024420.8,1177140,0,23.89,24.08,23.6,23.85
301130,西点药业,28.54,0.31634446397188,0.08999999999999986,16232692.7,571430,0,28.34,28.7,28.19,28.45
301131,聚赛龙,48.27,0.7303839732888177,0.3500000000000014,39951244.64,834597,0,47.99,48.27,47.39,47.92
301132,满坤科技,33.3,-0.8042895442359344,-0.2700000000000031,43917754.0,1315300,0,33.69,33.87,33.16,33.57
301133,金钟股份,38.31,-0.31225604996096135,-0.11999999999999744,308491646.04,8047448,0,38.4,39.47,37.48,38.43
301135,瑞德智能,28.1,1.4440433212996466,0.40000000000000213,61147311.79,2184266,0,27.74,28.34,27.51,27.7
301136,招标股份,20.26,3.2619775739041823,0.6400000000000006,458575576.96,22782557,0,19.7,20.6,19.56,19.62
301137,哈焊华通,47.01,-1.7760133723359828,-0.8500000000000014,652040761.44,14000531,0,47.08,48.65,44.8,47.86
301138,华研精机,38.8,-0.7418777180864831,-0.29000000000000625,58323838.78,1501073,0,39.48,39.48,38.3,39.09
301139,元道通信,18.36,0.8237232289950498,0.14999999999999858,33309590.58,1823689,0,18.23,18.38,18.1,18.21
301141,中科磁业,52.22,-0.45749142203584064,-0.240000000000002,57039745.92,1089472,0,52.7,52.95,52.1,52.46
301148,嘉戎技术,47.55,0.9339842920823556,0.4399999999999977,98167090.0,2081200,0,46.28,47.85,46.28,47.11
301149,隆华新材,10.64,0.0940733772342407,0.009999999999999787,31790378.32,2985914,0,10.6,10.72,10.59,10.63
301150,中一科技,41.99,0.28660138524003953,0.12000000000000455,308874769.85,7358119,0,41.94,42.92,41.03,41.87
301151,冠龙节能,18.8,-0.053163211057937323,-0.00999999999999801,22548865.0,1201300,0,18.91,18.91,18.62,18.81
301152,天力锂能,30.56,-1.6414547795300982,-0.5100000000000016,95212126.08,3095200,0,31.1,31.41,30.56,31.07
301153,中科江南,24.72,19.999999999999986,4.119999999999997,761935039.72,32109108,0,20.61,24.72,20.55,20.6
301155,海力风电,80.93,0.4218885717831039,0.3400000000000034,273790380.4,3371987,0,80.69,83.0,79.18,80.59
301156,美农生物,17.51,0.05714285714286607,0.010000000000001563,25456191.9,1460200,0,17.46,17.62,17.25,17.5
301157,华塑科技,52.02,-0.07683442182097415,-0.03999999999999915,29795309.79,572321,0,52.64,52.64,51.63,52.06
301158,德石股份,22.37,1.1759384893713323,0.26000000000000156,127831130.9,5733900,0,22.29,22.53,22.01,22.11
301159,三维天地,36.77,3.899406612037306,1.3800000000000026,118897630.22,3281193,0,35.44,36.99,35.14,35.39
301160,翔楼新材,71.89,4.47609359104781,3.0799999999999983,471325713.44,6569243,0,68.53,73.68,67.08,68.81
301161,唯万密封,37.86,2.103559870550165,0.7800000000000011,581705225.97,15476430,0,36.56,38.97,35.7,37.08
301162,国能日新,51.26,-0.1752677702044857,-0.09000000000000341,58281726.46,1133383,0,51.35,51.88,51.2,51.35
301163,宏德股份,26.79,0.9039548022598811,0.23999999999999844,31242637.0,1179900,0,26.69,26.84,26.15,26.55
301165,锐捷网络,88.8,-0.7266629401900567,-0.6500000000000057,667223925.31,7491509,0,89.65,90.95,87.04,89.45
301166,优宁维,29.68,-0.0673400673400659,-0.019999999999999574,24174890.65,815350,0,29.9,29.9,29.44,29.7
301167,建研设计,16.25,0.6191950464396374,0.10000000000000142,27992532.6,1737040,0,16.1,16.28,15.92,16.15
301168,通灵股份,46.7,1.3015184381778773,0.6000000000000014,90984166.84,1964252,0,46.07,46.88,45.3,46.1
301169,零点有数,50.1,0.36057692307692246,0.17999999999999972,55827393.0,1118400,0,49.91,50.34,49.53,49.92
301170,锡南科技,27.95,0.07160759040458137,0.019999999999999574,23132781.26,828432,0,28.0,28.1,27.66,27.93
301171,易点天下,40.5,10.234077299945557,3.759999999999998,4208281042.11,106704119,0,36.49,42.27,36.49,36.74
301172,君逸数码,22.01,0.36479708162335545,0.08000000000000185,60021813.94,2738688,0,21.96,22.09,21.68,21.93
301173,毓恬冠佳,45.0,-0.4204470015490102,-0.18999999999999773,27354887.23,606170,0,45.58,45.58,44.67,45.19
301175,中科环保,5.91,-0.16891891891891533,-0.009999999999999787,165768046.4,28068722,0,5.95,5.96,5.85,5.92
301176,逸豪新材,25.17,-1.9859813084112072,-0.509999999999998,47326100.76,1866054,0,25.65,25.85,25.12,25.68
301177,迪阿股份,28.87,-1.130136986301364,-0.3299999999999983,37755681.95,1304739,0,29.24,29.49,28.8,29.2
301178,天亿马,49.08,-0.34517766497462277,-0.1700000000000017,157634455.35,3237701,0,48.91,50.2,47.55,49.25
301179,泽宇智能,15.81,-0.12634238787112806,-0.019999999999999574,27817459.3,1765881,0,15.86,15.93,15.63,15.83
301180,万祥科技,16.7,-0.9489916963226581,-0.16000000000000014,46901259.0,2806400,0,16.86,17.05,16.58,16.86
301181,标榜股份,44.18,-6.989473684210528,-3.3200000000000003,310098821.15,6890428,0,47.02,47.02,43.88,47.5
301182,凯旺科技,42.62,-3.0702751876279315,-1.3500000000000014,127267086.0,2964500,0,43.75,44.12,42.41,43.97
301183,东田微,155.09,-5.949060036385689,-9.810000000000002,1596863926.93,10169470,0,165.0,166.32,153.1,164.9
301185,鸥玛软件,19.1,2.193686463349385,0.41000000000000014,59446955.46,3132498,0,18.75,19.12,18.7,18.69
301186,超达装备,48.56,1.9525509132899428,0.9299999999999997,85171088.5,1765450,0,47.49,48.76,47.49,47.63
301187,欧圣电气,26.91,-2.464661109097498,-0.6799999999999997,165742302.88,6122398,0,27.49,27.66,26.88,27.59
301188,力诺药包,17.6,-0.22675736961450763,-0.03999999999999915,38186344.0,2171950,0,17.6,17.69,17.52,17.64
301189,奥尼电子,43.49,2.7403732577368385,1.1600000000000037,299129144.99,6969822,0,42.33,43.77,41.3,42.33
301190,善水科技,21.21,0.28368794326242214,0.060000000000002274,27731623.88,1308132,0,21.12,21.37,20.98,21.15
301191,菲菱科思,107.52,-2.93400740272637,-3.25,314851007.65,2908014,0,110.6,111.17,107.0,110.77
301192,泰祥股份,29.69,-0.7023411371237368,-0.2099999999999973,39420626.0,1322516,0,29.83,30.38,29.4,29.9
301193,家联科技,21.57,-1.5068493150684854,-0.3299999999999983,93400353.35,4332995,0,21.93,22.13,21.08,21.9
301195,北路智控,34.53,3.662563794656256,1.2199999999999989,128941465.03,3733727,0,33.36,35.16,33.26,33.31
301196,唯科科技,80.57,-2.9277108433735024,-2.430000000000007,295941591.0,3635341,0,82.99,83.15,80.53,83.0
301197,工大科雅,20.84,0.6763285024154617,0.14000000000000057,68175876.36,3308977,0,20.61,20.9,20.26,20.7
301198,喜悦智行,12.56,8.08950086058521,0.9400000000000013,103073961.61,8440762,0,11.62,12.75,11.61,11.62
301199,迈赫股份,23.32,-0.9766454352441633,-0.23000000000000043,78391115.31,3360181,0,23.68,23.7,23.18,23.55
301200,大族数控,118.77,-2.997386475008169,-3.6700000000000017,299951948.76,2497413,0,122.58,123.88,118.35,122.44
301201,诚达药业,40.7,-3.850696905268121,-1.6299999999999955,245014941.4,5985100,0,42.11,42.41,40.25,42.33
301202,朗威股份,40.4,-2.250181466247277,-0.9299999999999997,68500351.0,1686400,0,41.31,41.33,40.21,41.33
301203,国泰环保,32.64,1.4294592914853974,0.46000000000000085,15692341.0,484800,0,32.17,32.71,32.02,32.18
301205,联特科技,168.51,-1.5252454417952395,-2.6100000000000136,1232546602.41,7301082,0,171.39,171.71,165.99,171.12
301206,三元生物,26.29,-0.4166666666666646,-0.10999999999999943,18912242.23,719120,0,26.38,26.45,26.18,26.4
301207,华兰疫苗,18.63,-0.4275788348476849,-0.08000000000000185,61656418.62,3303563,0,18.69,18.81,18.53,18.71
301208,中亦科技,39.68,-0.6012024048096242,-0.240000000000002,197101347.42,4929130,0,39.59,40.88,39.36,39.92
301209,联合化学,112.89,3.379120879120877,3.6899999999999977,328463057.01,2960402,0,109.8,113.88,108.01,109.2
301210,金杨精密,36.4,-0.27397260273972995,-0.10000000000000142,51682280.23,1422314,0,36.6,36.78,35.91,36.5
301211,亨迪药业,12.22,-0.24489795918366825,-0.02999999999999936,44270193.86,3617358,0,12.29,12.32,12.15,12.25
301212,联盛化学,29.96,6.241134751773055,1.7600000000000016,118051794.36,4019308,0,28.24,30.94,27.61,28.2
301213,观想科技,0.0,-100.0,-69.05,0.0,0,0,0.0,0.0,0.0,69.05
301215,中汽股份,6.85,1.1816838995568697,0.08000000000000007,89331269.04,13116864,0,6.79,6.88,6.72,6.77
301216,万凯新材,16.86,-0.6482027106658776,-0.10999999999999943,115045695.82,6817209,0,17.0,17.03,16.69,16.97
301217,铜冠铜箔,34.28,-4.085058757694463,-1.4600000000000009,947379422.04,27298415,0,35.45,35.98,34.1,35.74
301218,华是科技,23.64,1.8087855297157698,0.4200000000000017,83587281.0,3580300,0,23.28,23.7,22.88,23.22
301219,腾远钴业,68.28,0.11730205278592123,0.0799999999999983,499664046.23,7216424,0,68.31,70.42,68.1,68.2
301220,亚香股份,37.75,0.9898341359015448,0.36999999999999744,30785068.8,818640,0,37.44,37.9,37.21,37.38
301221,光庭信息,56.24,6.920152091254754,3.6400000000000006,437964495.29,7894091,0,52.61,57.77,52.35,52.6
301222,浙江恒威,28.52,-0.9722222222222262,-0.28000000000000114,37601447.8,1322106,0,28.8,28.98,28.25,28.8
301223,中荣股份,18.37,0.3276897870016509,0.060000000000002274,21608382.57,1182082,0,18.4,18.49,18.15,18.31
301225,恒勃股份,165.5,6.28732900905529,9.789999999999992,711457588.42,4429929,0,149.07,173.2,145.35,155.71
301226,祥明智能,34.03,2.9652042360060635,0.980000000000004,248051282.11,7446805,0,33.06,34.49,32.11,33.05
301227,森鹰窗业,53.02,4.3495374926195645,2.210000000000001,97759753.28,1862809,0,50.4,53.8,50.4,50.81
301228,实朴检测,38.61,-0.4383702939659662,-0.1700000000000017,101760974.0,2643500,0,38.87,39.2,37.98,38.78
301229,纽泰格,22.69,6.9778406412069796,1.4800000000000004,426910692.6,18825236,0,23.1,24.3,21.68,21.21
301230,泓博医药,29.87,1.2885723974228638,0.38000000000000256,54755832.56,1840668,0,29.48,30.1,29.28,29.49
301231,荣信文化,31.08,3.5654781739420085,1.0699999999999967,318147182.54,10226279,0,30.2,31.79,30.0,30.01
301232,飞沃科技,168.37,17.90616246498599,25.569999999999993,2013493486.69,12706219,0,147.0,171.36,144.01,142.8
301233,盛帮股份,52.92,2.997275204359671,1.5399999999999991,89417057.24,1698900,0,51.5,53.38,51.14,51.38
301234,五洲医疗,42.5,-1.437847866419289,-0.6199999999999974,117664877.46,2726310,0,43.19,44.44,41.72,43.12
301235,华康洁净,36.87,-1.8370607028754122,-0.6900000000000048,203830405.95,5482731,0,37.44,38.44,36.68,37.56
301236,软通动力,47.43,-0.857023411371245,-0.4100000000000037,563798169.88,11806186,0,48.2,48.33,47.4,47.84
301237,和顺科技,57.91,-6.005518584645355,-3.700000000000003,335077794.84,5759548,0,59.48,61.5,56.68,61.61
301238,瑞泰新材,20.4,-1.2584704743465709,-0.26000000000000156,152075033.87,7408847,0,20.68,20.84,20.4,20.66
301239,普瑞眼科,32.89,6.233850129198966,1.9299999999999997,173173596.82,5264278,0,30.96,34.1,30.96,30.96
301246,宏源药业,25.0,2.0408163265306123,0.5,1066917596.05,42400515,0,24.44,26.39,23.87,24.5
301248,杰创智能,32.18,1.738855516914324,0.5500000000000007,302948643.06,9476700,0,31.78,32.5,31.22,31.63
301251,威尔高,52.28,-2.9335313776457452,-1.5799999999999983,178308212.26,3375298,0,53.81,54.35,52.16,53.86
301252,同星科技,32.51,-2.343045959747675,-0.7800000000000011,313337741.2,9606032,0,32.0,33.17,32.0,33.29
301255,通力科技,29.25,-0.3746594005449572,-0.10999999999999943,40335898.69,1376943,0,29.55,29.6,29.07,29.36
301256,华融化学,13.59,-0.07352941176470432,-0.009999999999999787,198105353.7,14595453,0,13.71,13.83,13.45,13.6
301257,普蕊斯,52.04,-0.09598771357267087,-0.05000000000000426,60968904.28,1161531,0,52.36,53.26,51.7,52.09
301258,富士莱,32.5,-0.7633587786259541,-0.25,18389014.0,564900,0,32.74,32.81,32.34,32.75
301259,艾布鲁,33.05,-1.3432835820895608,-0.45000000000000284,96342447.54,2894697,0,33.84,33.98,33.02,33.5
301260,格力博,17.05,-1.6156953260242215,-0.2799999999999976,72755150.71,4240328,0,17.42,17.5,17.05,17.33
301261,恒工精密,102.58,4.577428891834025,4.489999999999995,1067391123.01,10589787,0,98.1,105.93,95.55,98.09
301262,海看股份,24.89,0.28203062046736616,0.07000000000000028,109655488.32,4394306,0,24.8,25.22,24.67,24.82
301263,泰恩康,28.99,0.5549774540409301,0.16000000000000014,98712287.61,3427697,0,28.87,29.16,28.38,28.83
301265,华新环保,13.91,5.779467680608363,0.7599999999999998,395126859.76,27747981,0,13.3,15.2,13.25,13.15
301266,宇邦新材,36.35,0.553250345781474,0.20000000000000284,77048236.46,2133908,0,36.24,36.89,35.55,36.15
301267,华厦眼科,17.98,-0.05558643690938306,-0.00999999999999801,55945865.26,3097038,0,18.02,18.2,17.97,17.99
301268,铭利达,18.23,-3.289124668435018,-0.620000000000001,73097785.0,3964800,0,18.85,18.86,18.23,18.85
301269,华大九天,106.33,-0.8947711809115555,-0.960000000000008,260814121.8,2444346,0,107.36,107.88,106.32,107.29
301270,汉仪股份,37.38,0.7818819088703131,0.28999999999999915,117887706.0,3148000,0,37.1,37.85,36.9,37.09
301272,英华特,41.05,2.8822055137844576,1.1499999999999986,39017936.88,959300,0,39.9,41.49,39.82,39.9
301273,瑞晨环保,26.49,-0.7865168539325874,-0.21000000000000085,20275769.58,768621,0,26.62,26.83,26.18,26.7
301275,汉朔科技,53.42,-0.14953271028037063,-0.0799999999999983,49233712.13,920618,0,53.75,53.79,53.15,53.5
301276,嘉曼服饰,29.98,6.880570409982173,1.9299999999999997,106534545.56,3638204,0,28.43,30.16,28.11,28.05
301277,新天地,11.79,0.769230769230768,0.08999999999999986,16206592.08,1383884,0,11.72,11.79,11.62,11.7
301278,快可电子,33.43,-0.565139797739434,-0.18999999999999773,72683396.0,2180310,0,33.69,33.8,32.92,33.62
301279,金道科技,34.6,9.251657720239974,2.9299999999999997,262820721.55,7747647,0,31.66,35.88,30.65,31.67
301280,珠城科技,53.26,2.030651340996159,1.0599999999999952,325012845.52,6002887,0,52.6,55.43,52.6,52.2
301281,科源制药,29.3,-0.6779661016949128,-0.1999999999999993,46037047.42,1561637,0,29.7,29.88,29.2,29.5
301282,金禄电子,29.06,-0.10312822275696508,-0.030000000000001137,166038985.67,5676590,0,29.4,29.9,28.96,29.09
301283,聚胶股份,47.78,1.7245050031935327,0.8100000000000023,48469836.58,1018426,0,46.91,48.13,46.91,46.97
301285,鸿日达,67.78,0.25144209436474146,0.1700000000000017,147009699.0,2176700,0,68.46,68.56,66.97,67.61
301286,侨源股份,42.29,1.341960220464899,0.5600000000000023,141628869.4,3342464,0,41.81,43.16,41.41,41.73
301287,康力源,41.72,0.4091456077015685,0.1700000000000017,30030085.0,720800,0,41.56,42.11,41.18,41.55
301288,*ST清研,17.95,0.9561304836895284,0.16999999999999815,24885966.0,1361900,0,17.79,18.75,17.53,17.78
301289,国缆检测,58.72,2.0152883947185485,1.1599999999999966,63697835.93,1094693,0,57.65,58.89,57.2,57.56
301290,东星医疗,25.27,-0.9408075264602195,-0.240000000000002,12792286.83,506321,0,25.21,25.66,25.19,25.51
301291,明阳电气,41.61,-3.0521901211556437,-1.3100000000000023,268545300.81,6403815,0,43.02,43.29,41.41,42.92
301292,海科新源,64.41,-5.984527806159696,-4.1000000000000085,1420941619.6,21607557,0,68.53,68.6,64.06,68.51
301293,三博脑科,58.98,-1.5358931552587674,-0.9200000000000017,373724996.87,6332944,0,59.66,59.9,58.56,59.9
301295,美硕科技,29.8,2.4759284731774502,0.7200000000000024,66901487.6,2244260,0,29.08,30.2,29.08,29.08
301296,新巨丰,8.52,-0.234192037470721,-0.019999999999999574,15992828.16,1875308,0,8.55,8.59,8.48,8.54
301297,富乐德,35.8,0.6466123137475313,0.22999999999999687,142639418.7,3958405,0,35.97,36.48,35.55,35.57
301298,东利机械,15.82,-0.2522068095838534,-0.03999999999999915,24501394.6,1553920,0,15.86,15.95,15.62,15.86
301299,卓创资讯,54.38,1.8161392997566113,0.970000000000006,39930744.4,738000,0,53.4,54.59,53.25,53.41
301300,远翔新材,42.4,-1.073261782547832,-0.46000000000000085,43961549.4,1033867,0,42.88,43.15,42.12,42.86
301301,川宁生物,10.14,0.0,0.0,46180543.52,4553443,0,10.14,10.18,10.12,10.14
301302,华如科技,22.87,2.326621923937358,0.5199999999999996,78321148.5,3452900,0,22.35,23.05,22.22,22.35
301303,真兰仪表,15.14,-0.13192612137202883,-0.019999999999999574,22667340.25,1498466,0,15.13,15.22,15.05,15.16
301305,朗坤科技,22.47,-0.13333333333333838,-0.030000000000001137,76042631.92,3374165,0,22.4,22.68,22.35,22.5
301306,西测测试,114.36,6.243032329988851,6.719999999999999,1794438470.24,16090268,0,107.16,120.49,104.44,107.64
301307,美利信,34.58,-2.783244307000287,-0.990000000000002,182479370.0,5234100,0,35.9,35.95,34.42,35.57
301308,江波龙,244.84,-3.890088321884199,-9.909999999999997,2871353296.12,11625588,0,255.98,257.0,243.99,254.75
301309,万得凯,28.02,-0.3201707577374595,-0.08999999999999986,12966436.68,461852,0,28.08,28.26,27.88,28.11
301310,鑫宏业,42.95,-0.20910780669144124,-0.0899999999999963,35979564.8,840340,0,43.06,43.27,42.5,43.04
301311,昆船智能,18.72,-0.3194888178913859,-0.060000000000002274,57455849.69,3083188,0,18.73,18.8,18.48,18.78
301312,智立方,49.97,0.22061772964299928,0.10999999999999943,88931447.53,1774904,0,49.99,50.84,49.66,49.86
301313,凡拓数创,26.51,3.0715396578538208,0.7900000000000027,77406039.61,2940817,0,25.93,26.67,25.74,25.72
301314,科瑞思,42.02,0.8641382621219553,0.36000000000000654,33000091.98,795007,0,41.58,42.09,41.0,41.66
301315,威士顿,57.18,1.0604453870625687,0.6000000000000014,211542907.91,3701867,0,56.58,57.66,55.81,56.58
301316,慧博云通,44.68,-2.4454148471615667,-1.1199999999999974,341850356.96,7597229,0,45.5,45.79,44.6,45.8
301317,鑫磊股份,32.24,0.8445417578980392,0.2700000000000031,48459573.0,1511000,0,31.91,32.47,31.6,31.97
301318,维海德,27.64,1.0233918128655013,0.28000000000000114,25346245.25,921535,0,27.4,27.7,27.22,27.36
301319,唯特偶,55.44,8.070175438596493,4.140000000000001,380716453.67,7065222,0,51.32,55.5,50.9,51.3
301320,豪江智能,16.97,-0.11771630370806106,-0.019999999999999574,22679158.42,1342858,0,17.1,17.12,16.7,16.99
301321,翰博高新,19.05,1.8716577540107031,0.3500000000000014,126331313.87,6639437,0,18.7,19.27,18.64,18.7
301322,绿通科技,27.48,-0.290275761973869,-0.0799999999999983,34143308.4,1242300,0,27.6,27.7,27.3,27.56
301323,新莱福,54.57,-0.8899382491827134,-0.490000000000002,63307192.57,1158828,0,55.11,55.25,54.2,55.06
301325,曼恩斯特,50.55,-1.6154145581938604,-0.8300000000000054,71704861.2,1410916,0,51.27,51.6,50.52,51.38
301326,捷邦科技,109.16,-3.679519985881939,-4.170000000000002,167867971.12,1519637,0,112.45,113.8,108.9,113.33
301327,华宝新能,57.67,-1.8382978723404226,-1.0799999999999983,104922463.37,1814609,0,58.78,59.0,57.55,58.75
301328,维峰电子,47.57,-0.3560955173858435,-0.1700000000000017,141716506.28,2945206,0,47.86,49.17,47.52,47.74
301329,信音电子,23.54,1.203783319002569,0.2799999999999976,185527274.52,7823127,0,23.67,24.59,23.27,23.26
301330,熵基科技,33.05,-0.030248033877813416,-0.010000000000005116,387552536.99,11720092,0,32.7,33.79,32.28,33.06
301331,恩威医药,26.44,0.22744503411676376,0.060000000000002274,18409927.07,698207,0,26.42,26.58,26.25,26.38
301332,德尔玛,9.34,0.4301075268817112,0.03999999999999915,23597468.98,2533028,0,9.33,9.36,9.25,9.3
301333,诺思格,59.55,-0.45135406218656493,-0.2700000000000031,96579518.98,1601578,0,59.82,61.98,59.5,59.82
301335,天元宠物,28.84,-0.9615384615384654,-0.28000000000000114,39932686.85,1382043,0,29.14,29.16,28.75,29.12
301336,趣睡科技,51.65,-0.5583365421640338,-0.28999999999999915,36744371.0,710500,0,51.94,52.08,51.1,51.94
301337,亚华电子,27.51,1.400663472171038,0.38000000000000256,31326581.0,1144700,0,27.13,27.56,27.02,27.13
301338,凯格精机,88.11,-2.640883977900553,-2.3900000000000006,369523179.2,4149730,0,89.96,91.09,87.8,90.5
301339,通行宝,14.54,1.0423905489923457,0.14999999999999858,46154173.4,3191820,0,14.39,14.55,14.31,14.39
301345,涛涛车业,251.32,0.1833692099178743,0.45999999999997954,234850008.43,934803,0,250.05,255.66,246.45,250.86
301348,蓝箭电子,20.19,-0.5908419497784217,-0.11999999999999744,68621842.28,3393740,0,20.34,20.6,20.05,20.31
301349,信德新材,46.91,-1.1380400421496442,-0.5400000000000063,81197297.48,1719010,0,47.45,48.09,46.86,47.45
301353,普莱得,26.6,0.0,0.0,20697100.0,779220,0,26.83,26.88,26.38,26.6
301355,南王科技,13.32,-1.9145802650957273,-0.2599999999999998,207690678.93,15534289,0,13.6,13.74,13.18,13.58
301356,天振股份,21.19,-0.6097560975609709,-0.129999999999999,33602749.7,1595390,0,21.24,21.5,20.86,21.32
301357,北方长龙,140.96,-5.876068376068365,-8.799999999999983,592623140.35,4178809,0,146.4,147.0,140.01,149.76
301358,湖南裕能,64.66,-2.927488365110348,-1.9500000000000028,1082843433.5,16529494,0,66.36,67.62,64.55,66.61
301359,东南电子,19.12,0.4201680672269005,0.08000000000000185,21631744.8,1137940,0,19.02,19.15,18.76,19.04
301360,荣旗科技,70.9,-1.9363762102351196,-1.3999999999999915,72159612.66,1011032,0,73.2,73.35,70.61,72.3
301361,众智科技,32.59,-0.5189255189255025,-0.1699999999999946,57214823.0,1758700,0,32.72,33.05,32.27,32.76
301362,民爆光电,41.59,0.45893719806764455,0.19000000000000483,16267363.4,392758,0,41.8,41.8,41.11,41.4
301363,美好医疗,24.05,-3.799999999999997,-0.9499999999999993,178055032.55,7341594,0,24.71,24.96,23.91,25.0
301365,矩阵股份,23.84,-3.3252230332522315,-0.8200000000000003,137358903.0,5709250,0,25.0,25.0,23.76,24.66
301366,一博科技,35.27,-0.7038288288288288,-0.25,81998899.66,2312076,0,35.52,35.92,35.21,35.52
301367,瑞迈特,85.71,1.5521327014217867,1.309999999999988,77496689.2,905319,0,83.91,86.86,83.5,84.4
301368,丰立智能,62.67,-2.047514848390114,-1.3099999999999952,320917392.18,5117923,0,64.0,64.0,62.17,63.98
301369,联动科技,133.9,-0.34236379874963374,-0.46000000000000796,114098027.5,854850,0,136.7,136.7,131.81,134.36
301370,国科恒泰,11.68,-1.7661900756938675,-0.21000000000000085,69241825.12,5909909,0,11.81,11.88,11.64,11.89
301371,敷尔佳,23.69,-0.12647554806069808,-0.029999999999997584,40147297.19,1697239,0,23.72,23.85,23.48,23.72
301372,科净源,25.36,0.4356435643564334,0.10999999999999943,20456636.0,813500,0,25.35,25.42,24.82,25.25
301373,凌玮科技,32.1,-1.5941140404659597,-0.519999999999996,89984707.0,2781135,0,32.61,32.81,32.06,32.62
301376,致欧科技,18.07,-1.8468223791417702,-0.33999999999999986,36589212.0,2012900,0,18.44,18.52,18.06,18.41
301377,鼎泰高科,139.1,-3.670360110803332,-5.300000000000011,1221201858.47,8764494,0,142.65,144.01,136.0,144.4
301378,通达海,28.4,2.121539014742898,0.5899999999999999,50090744.35,1772705,0,27.94,28.65,27.69,27.81
301379,天山电子,25.85,-1.411136536994651,-0.36999999999999744,112175346.3,4326150,0,26.29,26.3,25.72,26.22
301380,挖金客,37.8,19.99999999999999,6.299999999999997,439160429.8,12063738,0,31.6,37.8,31.6,31.5
301381,赛维时代,20.59,-0.2422480620155073,-0.05000000000000071,46103224.32,2235848,0,20.66,20.74,20.47,20.64
301382,蜂助手,35.44,1.897642323174228,0.6599999999999966,434144503.98,12345864,0,34.5,35.58,34.31,34.78
301383,天键股份,35.64,1.077708451503127,0.38000000000000256,259884533.73,7216065,0,37.17,37.89,35.33,35.26
301386,未来电器,23.5,-0.969237252423095,-0.23000000000000043,24549746.0,1042800,0,23.73,23.79,23.39,23.73
301387,光大同创,55.4,1.520982224665564,0.8299999999999983,216195561.86,3876506,0,54.8,57.2,54.59,54.57
301388,欣灵电气,30.38,0.5627275736511028,0.16999999999999815,39573444.34,1306701,0,30.28,30.58,30.02,30.21
301389,隆扬电子,54.58,-3.4665723381676705,-1.9600000000000009,364528387.62,6593327,0,56.45,56.9,54.5,56.54
301390,经纬股份,33.35,0.1802343045959816,0.060000000000002274,19027863.0,571700,0,33.5,33.55,32.95,33.29
301391,卡莱特,84.85,7.513938165230603,5.929999999999993,194486597.25,2345540,0,79.15,87.0,78.5,78.92
301392,汇成真空,129.04,0.20189470414659957,0.2599999999999909,185587282.3,1430178,0,130.4,130.99,128.6,128.78
301393,昊帆生物,50.69,-0.6078431372549065,-0.3100000000000023,17303249.07,340393,0,51.03,51.3,50.56,51.0
301395,仁信新材,12.26,1.15511551155116,0.14000000000000057,69782312.01,5722357,0,12.12,12.34,11.99,12.12
301396,宏景科技,66.3,3.7071797278273073,2.3699999999999974,616772538.61,9434660,0,64.8,66.88,63.61,63.93
301397,溯联股份,34.83,-2.3822869955156993,-0.8500000000000014,147553541.72,4223810,0,35.86,36.0,34.66,35.68
301398,星源卓镁,54.14,0.8193668528864017,0.4399999999999977,207038543.0,3816228,0,53.83,55.36,53.0,53.7
301399,英特科技,19.52,-1.9095477386934627,-0.379999999999999,72610466.99,3715060,0,19.89,19.89,19.41,19.9
301408,华人健康,18.56,0.10787486515641627,0.019999999999999574,579642888.19,31043815,0,18.54,19.07,18.25,18.54
301413,安培龙,134.8,-1.820830298616169,-2.5,1032978495.12,7664955,0,136.0,138.18,132.2,137.3
301418,协昌科技,36.5,-0.3549003549003618,-0.13000000000000256,19657209.66,538686,0,36.67,36.76,36.11,36.63
301419,阿莱德,33.88,-2.0242914979756965,-0.6999999999999957,75202261.4,2204500,0,34.62,34.62,33.83,34.58
301421,波长光电,104.15,1.303375158058558,1.3400000000000034,527672032.76,5077761,0,103.66,105.48,102.15,102.81
301428,世纪恒通,33.54,1.6363636363636338,0.5399999999999991,70022325.9,2099720,0,33.03,33.64,32.88,33.0
301429,森泰股份,19.0,0.5823186871360477,0.10999999999999943,13837406.84,734997,0,18.88,19.05,18.58,18.89
301439,泓淋电力,14.91,-0.8643617021276531,-0.129999999999999,38632495.79,2581919,0,15.08,15.08,14.88,15.04
301446,福事特,31.96,1.043313310148599,0.33000000000000185,29017582.06,908881,0,31.75,32.45,31.53,31.63
301448,开创电气,49.84,-4.098518375986137,-2.1299999999999955,84656079.04,1673698,0,51.9,52.24,49.8,51.97
301456,盘古智能,31.5,-0.8810572687224705,-0.28000000000000114,97563641.0,3072259,0,31.77,32.25,31.07,31.78
301458,钧崴电子,32.09,-1.8354236769654155,-0.5999999999999943,65894742.94,2036836,0,32.66,32.74,32.08,32.69
301459,丰茂股份,44.38,-0.4932735426008943,-0.21999999999999886,64922529.54,1450214,0,44.95,45.78,44.27,44.6
301468,博盈特焊,52.28,-1.8768768768768769,-1.0,280965103.34,5321489,0,52.93,53.99,52.25,53.28
301469,恒达新材,30.37,-4.885687441277791,-1.5599999999999987,160587624.21,5252984,0,31.0,31.37,30.25,31.93
301479,弘景光电,87.02,1.244909831297258,1.0699999999999932,85723061.4,990261,0,85.95,87.46,85.18,85.95
301486,致尚科技,124.05,-1.54761904761905,-1.9500000000000028,1106519356.2,8854509,0,123.25,128.22,122.32,126.0
301487,盟固利,21.93,-1.1716989634970778,-0.26000000000000156,199713246.78,9039942,0,22.24,22.4,21.92,22.19
301488,豪恩汽电,153.05,-5.751585688773924,-9.339999999999975,514178538.27,3291663,0,162.29,162.31,153.05,162.39
301489,思泉新材,199.0,-4.784688995215311,-10.0,949728547.21,4726966,0,208.5,209.9,197.83,209.0
301498,乖宝宠物,65.15,-1.5266021765417033,-1.009999999999991,157978963.0,2416500,0,66.15,66.51,65.05,66.16
301499,维科精密,29.43,0.10204081632653449,0.030000000000001137,55940469.0,1896100,0,29.31,29.85,29.18,29.4
301500,飞南资源,15.69,1.817001946787796,0.27999999999999936,81634871.19,5206853,0,15.36,15.86,15.36,15.41
301501,恒鑫生活,43.66,0.36781609195401516,0.1599999999999966,37928370.92,870812,0,43.6,43.8,43.3,43.5
301502,华阳智能,44.68,0.04478280340350006,0.020000000000003126,32782647.35,737017,0,44.6,45.11,43.95,44.66
301503,智迪科技,36.06,0.33388981636061366,0.12000000000000455,16666223.0,463300,0,36.16,36.16,35.75,35.94
301505,苏州规划,22.27,-1.0222222222222241,-0.23000000000000043,91772357.72,4149099,0,22.64,22.64,21.74,22.5
301507,民生健康,15.36,-0.4536616979909286,-0.07000000000000028,75043887.6,4905513,0,15.4,15.49,15.13,15.43
301508,中机认检,31.26,0.32092426187420225,0.10000000000000142,41840874.89,1341509,0,31.16,31.34,30.96,31.16
301509,金凯生科,33.78,-0.3833677381303317,-0.12999999999999545,45928555.6,1360400,0,33.96,34.1,33.51,33.91
301510,固高科技,37.45,-3.7275064267352076,-1.4499999999999957,644684884.99,17133037,0,38.0,38.4,37.16,38.9
301511,德福科技,35.79,-3.008130081300812,-1.1099999999999994,1053768397.49,29180915,0,36.57,36.98,35.54,36.9
301512,智信精密,43.74,0.5055147058823503,0.21999999999999886,27291171.9,625643,0,43.51,43.99,43.2,43.52
301515,港通医疗,20.06,0.2999999999999936,0.05999999999999872,18210680.12,912911,0,20.02,20.11,19.82,20.0
301516,中远通,15.61,-0.44642857142857323,-0.07000000000000028,42127712.65,2700047,0,15.6,15.78,15.43,15.68
301517,陕西华达,69.48,5.914634146341478,3.8800000000000097,1486786235.87,21692530,0,65.6,71.0,65.56,65.6
301518,长华化学,35.57,3.5215366705471505,1.2100000000000009,173237119.45,4921161,0,34.59,36.13,33.98,34.36
301519,舜禹股份,13.42,0.1492537313432804,0.019999999999999574,26010989.0,1955900,0,13.39,13.45,13.1,13.4
301520,万邦医药,39.73,0.25233409033559,0.09999999999999432,17014204.0,427600,0,39.96,39.99,39.47,39.63
301522,上大股份,39.17,1.0577915376677083,0.4100000000000037,990501859.26,25491713,0,38.4,40.13,37.88,38.76
301525,儒竞科技,86.34,-1.122308749427382,-0.9799999999999898,104208831.35,1204104,0,87.22,87.38,85.71,87.32
301526,国际复材,7.0,-0.9900990099009941,-0.07000000000000028,732681108.3,104741226,0,7.14,7.18,6.91,7.07
301528,多浦乐,68.0,0.8752410621569552,0.5900000000000034,46660188.0,687500,0,67.51,68.79,66.76,67.41
301529,福赛科技,113.1,5.7404637247569195,6.140000000000001,766508757.91,6671055,0,111.52,121.9,109.41,106.96
301533,威马农机,40.51,-5.3946753853339615,-2.3100000000000023,193231890.28,4711789,0,41.88,42.0,40.38,42.82
301536,星宸科技,59.91,-2.458482578964515,-1.5100000000000051,383590837.18,6344480,0,62.35,62.49,59.8,61.42
301538,骏鼎达,80.18,1.9453273998728557,1.5300000000000011,241613034.87,3027051,0,78.41,81.81,76.77,78.65
301539,宏鑫科技,20.9,2.551521099116779,0.5199999999999996,99497833.54,4779051,0,20.5,21.38,20.32,20.38
301548,崇德科技,55.31,-0.19848430169613754,-0.10999999999999943,77710571.65,1410345,0,55.7,55.7,54.66,55.42
301550,斯菱智驱,138.7,2.44478912770515,3.3100000000000023,1529127319.15,11167913,0,132.0,140.0,132.0,135.39
301551,无线传媒,31.55,1.0246557796990083,0.3200000000000003,165132930.78,5240714,0,31.21,31.79,31.15,31.23
301552,科力装备,37.49,-0.4514073287307345,-0.1699999999999946,22532913.13,599437,0,37.56,37.9,37.2,37.66
301555,惠柏新材,33.43,0.3000300030003043,0.10000000000000142,110819239.63,3298734,0,33.29,34.16,33.02,33.33
301556,托普云农,98.04,1.9975031210986285,1.9200000000000017,234101500.45,2413524,0,96.12,99.5,95.25,96.12
301557,常友科技,130.79,-0.8941426081685284,-1.1800000000000068,103818955.0,789300,0,130.06,135.9,126.02,131.97
301558,三态股份,8.15,0.6172839506172928,0.05000000000000071,44193408.27,5428207,0,8.13,8.21,8.06,8.1
301559,中集环科,15.89,0.0,0.0,20301781.71,1279677,0,15.91,15.96,15.75,15.89
301565,中仑新材,24.14,-1.8699186991869954,-0.46000000000000085,84090371.0,3459800,0,24.59,24.68,24.1,24.6
301566,达利凯普,19.43,-0.05144032921811503,-0.010000000000001563,244140379.62,12479439,0,19.67,19.81,19.33,19.44
301567,贝隆精密,47.0,5.404799282350295,2.4099999999999966,208299308.04,4502004,0,44.89,47.25,44.4,44.59
301568,思泰克,48.53,-1.8604651162790733,-0.9200000000000017,153252965.9,3136646,0,49.65,49.71,48.5,49.45
301571,国科天成,57.68,4.3037974683544356,2.3800000000000026,517953010.63,9270878,0,55.56,58.66,53.71,55.3
301577,美信科技,56.46,0.0,0.0,23187720.38,410614,0,56.87,56.87,56.15,56.46
301578,辰奕智能,33.78,0.625558534405722,0.21000000000000085,22825724.35,680360,0,33.55,33.8,33.25,33.57
301580,爱迪特,44.2,-0.9856630824372709,-0.4399999999999977,43037229.48,973303,0,44.63,44.66,44.01,44.64
301581,黄山谷捷,47.45,0.6362672322375488,0.30000000000000426,24793332.4,524376,0,47.44,47.68,46.62,47.15
301585,蓝宇股份,30.92,0.7166123778501707,0.22000000000000242,42296405.38,1373293,0,30.68,30.99,30.5,30.7
301586,佳力奇,50.16,4.499999999999993,2.1599999999999966,161206156.58,3256243,0,47.85,50.28,47.85,48.0
301587,中瑞股份,23.4,-0.6369426751592447,-0.15000000000000213,33308080.7,1423919,0,23.5,23.84,23.22,23.55
301588,美新科技,18.17,1.3385387618516564,0.240000000000002,20607532.96,1142527,0,18.09,18.27,17.81,17.93
301589,诺瓦星云,164.55,0.3965832824893262,0.6500000000000057,132208001.28,806564,0,164.09,166.29,161.89,163.9
301591,肯特股份,40.54,-0.8559550012227962,-0.3500000000000014,47510216.63,1173030,0,40.59,40.99,40.3,40.89
301592,六九一二,122.2,0.700453234445825,0.8500000000000085,74965018.89,615047,0,121.43,122.96,121.0,121.35
301596,瑞迪智驱,78.62,-0.35487959442332206,-0.28000000000000114,117587636.6,1500924,0,79.0,79.58,77.11,78.9
301598,博科测试,62.48,0.33724104705314556,0.20999999999999375,16595628.0,265500,0,62.69,62.73,62.18,62.27
301600,慧翰股份,129.81,-1.8746692871721142,-2.4799999999999898,233061295.68,1788585,0,132.65,133.99,129.03,132.29
301601,惠通科技,27.79,-0.997506234413969,-0.28000000000000114,17559015.92,629544,0,28.3,28.3,27.78,28.07
301602,超研股份,21.54,-0.9655172413793143,-0.21000000000000085,24351244.12,1129601,0,21.79,21.79,21.4,21.75
301603,乔锋智能,75.7,-1.5732674554674215,-1.2099999999999937,137155271.59,1805399,0,77.52,77.9,75.49,76.91
301606,绿联科技,58.74,1.1015490533562833,0.6400000000000006,113014962.58,1912766,0,58.23,59.83,58.0,58.1
301607,富特科技,40.11,-1.2068965517241428,-0.490000000000002,99605986.28,2478248,0,40.93,40.93,39.9,40.6
301608,博实结,90.54,3.4742857142857213,3.0400000000000063,178021685.42,1994883,0,87.15,91.48,86.61,87.5
301611,珂玛科技,85.73,-1.471095276405012,-1.2800000000000011,1205542897.64,14069010,0,88.57,88.57,83.5,87.01
301613,新铝时代,51.7,1.035763142466291,0.5300000000000011,202973324.12,3902883,0,51.47,53.18,50.5,51.17
301617,博苑股份,77.77,7.41712707182319,5.36999999999999,247421745.87,3256824,0,72.8,79.51,72.05,72.4
301618,长联科技,47.84,-1.4218009478672937,-0.6899999999999977,31833475.0,660720,0,48.65,48.65,47.8,48.53
301622,英思特,64.4,0.23346303501946408,0.15000000000000568,65720040.3,1022660,0,64.29,64.68,63.8,64.25
301626,苏州天脉,186.3,-0.8989839885100258,-1.6899999999999977,252210121.48,1340210,0,188.0,191.88,183.65,187.99
301628,强达电路,88.75,-1.2791991101223645,-1.1500000000000057,138156289.2,1544130,0,90.1,90.5,88.51,89.9
301629,矽电股份,218.2,0.8690828402366843,1.8799999999999955,251271706.24,1133640,0,220.65,226.65,218.18,216.32
301631,壹连科技,103.55,0.08699014111734334,0.09000000000000341,87339465.52,840454,0,104.27,104.48,103.1,103.46
301633,港迪技术,69.92,-0.057175528873630706,-0.03999999999999204,24287884.0,347400,0,69.8,70.31,69.19,69.96
302132,中航成飞,79.0,0.07600709399544246,0.060000000000002274,1043263993.01,13193139,0,78.95,81.0,77.5,78.94
600000,浦发银行,12.44,0.4035512510088695,0.049999999999998934,1016605870.0,82445909,0,12.35,12.45,12.14,12.39
600004,白云机场,9.46,0.4246284501061669,0.040000000000000924,229240340.0,24351308,0,9.41,9.52,9.33,9.42
600006,东风股份,7.18,0.0,0.0,88598020.0,12326290,0,7.22,7.23,7.15,7.18
600007,中国国贸,19.82,1.2774655084312723,0.25,52534637.0,2651725,0,19.62,19.88,19.51,19.57
600008,首创环保,3.0,0.0,0.0,127463106.0,42381046,0,3.0,3.02,3.0,3.0
600009,上海机场,32.76,-0.09149130832571253,-0.030000000000001137,324175747.0,9939005,0,32.7,32.86,32.4,32.79
600010,包钢股份,2.38,0.0,0.0,798200376.0,335108376,0,2.38,2.4,2.37,2.38
600011,华能国际,7.46,0.9472259810554842,0.07000000000000028,548146497.0,73588244,0,7.38,7.5,7.36,7.39
600012,皖通高速,14.82,0.8849557522123948,0.13000000000000078,70465052.0,4737514,0,14.7,15.09,14.7,14.69
600015,华夏银行,6.87,0.2919708029197148,0.020000000000000462,229961537.0,33496702,0,6.84,6.89,6.84,6.85
600016,民生银行,3.83,0.0,0.0,890101516.0,232459873,0,3.83,3.85,3.81,3.83
600017,日照港,3.0,0.3344481605351099,0.009999999999999787,53874269.0,17969067,0,2.99,3.01,2.98,2.99
600018,上港集团,5.42,0.37037037037036247,0.019999999999999574,144585512.0,26699369,0,5.4,5.43,5.4,5.4
600019,宝钢股份,7.45,0.5398110661268561,0.040000000000000036,405572179.0,54374565,0,7.41,7.51,7.39,7.41
600020,中原高速,4.26,0.23529411764705382,0.009999999999999787,29763425.0,6983535,0,4.25,4.28,4.25,4.25
600021,上海电力,20.02,-0.7928642220019828,-0.16000000000000014,1517289189.0,75884425,0,20.08,20.3,19.76,20.18
600022,山东钢铁,1.51,-0.6578947368421059,-0.010000000000000009,105187218.0,69641560,0,1.53,1.53,1.5,1.52
600023,浙能电力,4.95,0.0,0.0,226924793.0,45910500,0,4.95,4.97,4.92,4.95
600025,华能水电,9.08,0.3314917127071752,0.02999999999999936,119381492.0,13152857,0,9.04,9.1,9.02,9.05
600026,中远海能,11.68,-0.2561912894961668,-0.030000000000001137,316053670.0,27125000,0,11.67,11.78,11.57,11.71
600027,华电国际,4.96,-0.2012072434607603,-0.009999999999999787,360813478.0,72760205,0,4.96,4.98,4.94,4.97
600028,中国石化,6.18,0.32467532467531773,0.019999999999999574,981026183.0,158487987,0,6.16,6.25,6.14,6.16
600029,南方航空,8.01,4.569190600522188,0.34999999999999964,782398036.0,99141604,0,7.65,8.03,7.61,7.66
600030,中信证券,28.71,-0.41623309053068835,-0.11999999999999744,2470416840.0,85634753,0,28.8,29.07,28.68,28.83
600031,三一重工,21.13,0.42775665399239476,0.08999999999999986,852648571.0,40359713,0,21.11,21.25,20.93,21.04
600032,浙江新能,7.41,0.8163265306122517,0.0600000000000005,52435882.0,7081800,0,7.4,7.44,7.36,7.35
600033,XD福建高,4.13,-3.0516431924882603,-0.1299999999999999,235972770.0,56652901,0,4.3,4.3,4.13,4.26
600035,楚天高速,3.88,0.0,0.0,28168104.0,7253148,0,3.87,3.9,3.87,3.88
600036,招商银行,42.1,-0.42573320719016017,-0.17999999999999972,2335536695.0,55414239,0,42.24,42.33,41.92,42.28
600037,歌华有线,7.3,0.5509641873278243,0.040000000000000036,100520540.0,13728980,0,7.28,7.38,7.27,7.26
600038,中直股份,36.13,1.06293706293707,0.38000000000000256,404949766.0,11211953,0,35.75,36.33,35.65,35.75
600039,四川路桥,9.95,-0.30060120240482097,-0.030000000000001137,210667242.0,21051240,0,10.02,10.19,9.91,9.98
600048,保利发展,6.1,0.16420361247947104,0.009999999999999787,504717620.0,82620724,0,6.13,6.15,6.08,6.09
600050,中国联通,5.11,0.3929273084479462,0.020000000000000462,549984800.0,107767318,0,5.08,5.12,5.08,5.09
600051,宁波联合,7.54,0.39946737683089545,0.03000000000000025,30815053.0,4125603,0,7.52,7.56,7.38,7.51
600052,东望时代,4.71,1.7278617710583168,0.08000000000000007,59941342.0,12835765,0,4.64,4.71,4.59,4.63
600053,九鼎投资,19.87,-1.7309594460929667,-0.34999999999999787,165225254.0,8364900,0,20.16,20.43,19.35,20.22
600054,黄山旅游,11.32,0.5328596802841963,0.0600000000000005,42232873.0,3730360,0,11.28,11.36,11.26,11.26
600055,万东医疗,15.58,-0.7010834926704871,-0.10999999999999943,51408696.0,3291116,0,15.71,15.82,15.55,15.69
600056,中国医药,10.33,0.29126213592232386,0.02999999999999936,78107103.0,7567054,0,10.32,10.37,10.27,10.3
600057,厦门象屿,8.52,-1.3888888888889002,-0.120000000000001,155243593.0,18078754,0,8.62,8.79,8.51,8.64
600058,五矿发展,11.52,0.0,0.0,0.0,0,0,0.0,0.0,0.0,11.52
600059,古越龙山,9.26,0.8714596949891076,0.08000000000000007,76940685.0,8342063,0,9.19,9.31,9.1,9.18
600060,海信视像,24.28,-0.08230452674896943,-0.019999999999999574,164871544.0,6739037,0,24.44,24.95,24.16,24.3
600061,国投资本,7.65,-0.13054830287205987,-0.009999999999999787,233369849.0,30382766,0,7.67,7.73,7.63,7.66
600062,华润双鹤,18.29,-0.3812636165577358,-0.07000000000000028,79030754.0,4315744,0,18.41,18.41,18.25,18.36
600063,皖维高新,5.89,-0.8417508417508537,-0.05000000000000071,158555971.0,26849915,0,6.01,6.01,5.87,5.94
600064,南京高科,8.68,0.46296296296295303,0.03999999999999915,152171783.0,17525374,0,8.67,8.73,8.62,8.64
600066,宇通客车,32.7,1.0819165378670832,0.3500000000000014,448341581.0,13664121,0,32.5,33.12,32.43,32.35
600067,冠城新材,4.15,-2.35294117647058,-0.09999999999999964,136261231.0,32898127,0,4.25,4.26,4.09,4.25
600070,*ST富润,0.42,0.0,0.0,0.0,0,0,0.0,0.0,0.0,0.42
600071,凤凰光学,21.5,4.368932038834944,0.8999999999999986,171020550.0,8055762,0,20.65,21.68,20.52,20.6
600072,中船科技,11.62,0.0,0.0,86787491.0,7469453,0,11.65,11.67,11.55,11.62
600073,光明肉业,6.4,-0.3115264797507722,-0.019999999999999574,51723635.0,8077100,0,6.42,6.43,6.38,6.42
600075,新疆天业,4.95,-1.9801980198019733,-0.09999999999999964,112462699.0,22622707,0,5.02,5.07,4.91,5.05
600076,康欣新材,3.37,2.7439024390244,0.0900000000000003,145979020.0,44400393,0,3.28,3.39,3.18,3.28
600078,澄星股份,9.59,-1.9427402862985634,-0.1899999999999995,210107168.0,21814100,0,9.78,9.89,9.54,9.78
600079,ST人福,18.11,-0.9841443411700368,-0.17999999999999972,373089132.0,20444377,0,18.22,18.5,18.08,18.29
600080,金花股份,7.54,0.9370816599732301,0.07000000000000028,44113671.0,5924124,0,7.47,7.56,7.36,7.47
600081,东风科技,11.83,-0.25295109612141115,-0.02999999999999936,31253899.0,2649898,0,11.86,11.92,11.7,11.86
600082,海泰发展,4.06,0.9950248756218916,0.040000000000000036,69117024.0,17103300,0,4.02,4.09,3.96,4.02
600084,中信尼雅,5.25,0.7677543186180429,0.040000000000000036,15463191.0,2962118,0,5.2,5.27,5.17,5.21
600085,同仁堂,32.26,-0.1856435643564427,-0.060000000000002274,145746338.0,4519040,0,32.35,32.38,32.12,32.32
600088,中视传媒,16.18,0.5593536357986318,0.08999999999999986,65773789.0,4074393,0,16.01,16.25,16.01,16.09
600089,特变电工,22.22,-1.6814159292035509,-0.38000000000000256,2770222002.0,123990620,0,22.58,22.65,22.18,22.6
600094,大名城,4.16,1.4634146341463536,0.0600000000000005,122955848.0,29808763,0,4.09,4.21,4.04,4.1
600095,湘财股份,11.06,-0.8071748878923753,-0.08999999999999986,252233980.0,22727062,0,11.16,11.23,11.04,11.15
600096,云天化,33.41,-1.2123004139562499,-0.4100000000000037,1370789786.0,41056930,0,33.66,33.77,33.14,33.82
600097,开创国际,11.36,0.0,0.0,62902284.0,5563400,0,11.37,11.41,11.21,11.36
600098,广州发展,6.54,-0.1526717557251876,-0.009999999999999787,78606844.0,12004400,0,6.56,6.58,6.52,6.55
600099,林海股份,10.45,1.851851851851847,0.1899999999999995,25041471.0,2428701,0,10.34,10.45,10.15,10.26
600100,同方股份,8.92,2.293577981651368,0.1999999999999993,806056937.0,90798431,0,8.73,9.0,8.69,8.72
600101,明星电力,9.25,0.21668472372697264,0.019999999999999574,56338446.0,6093502,0,9.25,9.28,9.21,9.23
600103,青山纸业,4.19,-3.009259259259257,-0.1299999999999999,790098208.0,187959314,0,4.3,4.31,4.17,4.32
600104,上汽集团,15.22,-0.846905537459277,-0.129999999999999,527406618.0,34461763,0,15.36,15.49,15.22,15.35
600105,永鼎股份,25.1,-3.1262060980316435,-0.8099999999999987,5541631685.0,217191924,0,25.53,26.67,25.01,25.91
600106,重庆路桥,6.26,0.1599999999999966,0.009999999999999787,63708698.0,10203205,0,6.25,6.27,6.22,6.25
600107,ST尔雅,6.94,1.1661807580174937,0.08000000000000007,61299953.0,8766375,0,6.99,7.2,6.8,6.86
600108,亚盛集团,3.15,-1.8691588785046744,-0.06000000000000005,167891371.0,53201327,0,3.22,3.23,3.13,3.21
600109,国金证券,9.3,-0.6410256410256274,-0.05999999999999872,192751498.0,20636628,0,9.37,9.4,9.28,9.36
600110,诺德股份,7.09,-1.253481894150416,-0.08999999999999986,334540225.0,46993099,0,7.15,7.23,7.07,7.18
600111,北方稀土,46.12,0.3262997607135057,0.14999999999999858,3290453519.0,71091548,0,45.95,46.85,45.7,45.97
600113,浙江东日,63.17,-0.5979543666404334,-0.37999999999999545,265432599.0,4223202,0,63.86,64.23,62.02,63.55
600114,东睦股份,30.55,-0.9724473257698565,-0.3000000000000007,588240933.0,19191926,0,31.36,31.55,30.25,30.85
600115,中国东航,6.0,5.820105820105821,0.33000000000000007,947983526.0,160768125,0,5.67,6.03,5.66,5.67
600116,三峡水利,6.54,-0.758725341426401,-0.04999999999999982,54813338.0,8351408,0,6.59,6.62,6.54,6.59
600117,西宁特钢,2.84,0.0,0.0,46340160.0,16400410,0,2.84,2.85,2.8,2.84
600118,中国卫星,94.95,9.997683039851726,8.63000000000001,13579108243.0,147363197,0,88.0,94.95,88.0,86.32
600119,长江投资,7.85,0.7702182284980694,0.05999999999999961,20507727.0,2631100,0,7.8,7.86,7.7,7.79
600120,浙江东方,6.17,-0.9630818619582744,-0.0600000000000005,256626836.0,41547654,0,6.22,6.23,6.14,6.23
600121,郑州煤电,4.17,-0.9501187648456066,-0.040000000000000036,109345032.0,26310700,0,4.21,4.21,4.12,4.21
600123,兰花科创,5.91,-0.5050505050505092,-0.03000000000000025,37494476.0,6335095,0,5.94,5.96,5.9,5.94
600125,铁龙物流,6.44,0.0,0.0,59113887.0,9152904,0,6.44,6.49,6.42,6.44
600126,杭钢股份,8.16,0.12269938650306486,0.009999999999999787,224238596.0,27515465,0,8.15,8.2,8.07,8.15
600127,金健米业,6.72,-0.1485884101040219,-0.010000000000000675,143426366.0,21402559,0,6.75,6.8,6.65,6.73
600128,苏豪弘业,10.99,0.7332722273143911,0.08000000000000007,54099435.0,4961790,0,10.95,11.03,10.76,10.91
600129,太极集团,18.05,-1.0958904109589003,-0.1999999999999993,70547486.0,3899110,0,18.25,18.33,18.03,18.25
600130,*ST波导,4.19,-0.238095238095233,-0.009999999999999787,36090060.0,8614000,0,4.22,4.22,4.16,4.2
600131,国网信通,16.14,0.4981320049813316,0.08000000000000185,111685900.0,6905832,0,16.06,16.27,16.04,16.06
600132,重庆啤酒,52.24,-0.40038131553860984,-0.21000000000000085,64923181.0,1238812,0,52.56,52.63,52.24,52.45
600133,东湖高新,9.08,-0.5476451259583867,-0.05000000000000071,123092533.0,13574360,0,9.14,9.18,9.01,9.13
600135,乐凯胶片,10.32,10.021321961620464,0.9399999999999995,595882022.0,58510199,0,9.4,10.32,9.4,9.38
600136,ST明诚,1.69,1.1976047904191627,0.020000000000000018,18586426.0,11087600,0,1.67,1.69,1.66,1.67
600137,浪莎股份,19.23,1.15728563913729,0.21999999999999886,45899654.0,2413600,0,19.09,19.32,18.73,19.01
600138,中青旅,9.88,-1.2987012987012887,-0.129999999999999,247341827.0,24957425,0,9.99,10.03,9.84,10.01
600141,兴发集团,34.58,-0.40322580645161454,-0.14000000000000057,332940334.0,9610355,0,34.73,35.06,34.38,34.72
600143,金发科技,19.54,-2.3000000000000043,-0.46000000000000085,2500318613.0,127598282,0,20.0,20.05,19.41,20.0
600148,长春一东,19.57,0.20481310803891012,0.03999999999999915,22277749.0,1143900,0,19.6,19.62,19.3,19.53
600149,廊坊发展,4.99,-0.19999999999999576,-0.009999999999999787,31241381.0,6288500,0,5.0,5.02,4.91,5.0
600150,中国船舶,33.26,0.0,0.0,1307086190.0,39223763,0,33.27,33.56,33.17,33.26
600151,航天机电,17.55,1.4450867052023122,0.25,4850784608.0,275366892,0,17.41,18.1,16.98,17.3
600152,维科技术,7.3,-3.4391534391534364,-0.2599999999999998,202813541.0,27544600,0,7.57,7.59,7.28,7.56
600153,建发股份,9.25,-0.7510729613733936,-0.07000000000000028,173503928.0,18773163,0,9.33,9.33,9.17,9.32
600155,华创云信,6.62,-0.15082956259426528,-0.009999999999999787,128176153.0,19307317,0,6.63,6.67,6.61,6.63
600156,华升股份,8.26,-1.1961722488038236,-0.09999999999999964,62766706.0,7584601,0,8.37,8.44,8.22,8.36
600157,永泰能源,1.57,-0.6329113924050638,-0.010000000000000009,630612855.0,401537659,0,1.58,1.58,1.56,1.58
600158,中体产业,8.73,0.4602991944764203,0.040000000000000924,98448882.0,11304876,0,8.69,8.76,8.64,8.69
600159,大龙地产,2.77,1.0948905109488978,0.029999999999999805,46495382.0,16892600,0,2.75,2.79,2.7,2.74
600160,巨化股份,38.42,-0.0520291363163268,-0.01999999999999602,581251157.0,15136844,0,38.4,38.66,38.06,38.44
600161,天坛生物,16.34,-0.7290400972053522,-0.120000000000001,131695476.0,8039391,0,16.46,16.53,16.32,16.46
600162,香江控股,1.85,1.0928961748633887,0.020000000000000018,77302552.0,42087440,0,1.83,1.86,1.81,1.83
600163,中闽能源,5.42,-2.1660649819494604,-0.1200000000000001,138073355.0,25290378,0,5.54,5.57,5.42,5.54
600165,*ST宁科,4.15,0.9732360097323608,0.040000000000000036,28632091.0,6959850,0,4.06,4.16,4.06,4.11
600166,福田汽车,2.92,0.6896551724137937,0.020000000000000018,272488474.0,93563452,0,2.91,2.95,2.88,2.9
600167,联美控股,7.03,-0.9859154929577381,-0.0699999999999994,82114644.0,11666489,0,7.17,7.17,7.01,7.1
600168,武汉控股,5.09,-0.19607843137254485,-0.009999999999999787,23850866.0,4684600,0,5.1,5.11,5.07,5.1
600169,ST太重,2.28,-0.4366812227074336,-0.010000000000000231,37198408.0,16322600,0,2.29,2.29,2.27,2.29
600170,上海建工,2.65,0.3787878787878707,0.009999999999999787,256288248.0,96765889,0,2.65,2.66,2.63,2.64
600171,上海贝岭,31.25,-0.8565989847715721,-0.2699999999999996,295911370.0,9434581,0,31.6,31.69,31.24,31.52
600172,黄河旋风,5.71,-1.2110726643598664,-0.07000000000000028,240994052.0,42123645,0,5.78,5.85,5.67,5.78
600173,卧龙新能,7.13,-1.3831258644536726,-0.10000000000000053,67229017.0,9450700,0,7.21,7.21,7.06,7.23
600176,中国巨石,17.1,3.012048192771084,0.5,1584240783.0,93308901,0,16.53,17.35,16.47,16.6
600177,雅戈尔,7.6,0.795755968169756,0.05999999999999961,108493565.0,14306939,0,7.56,7.62,7.52,7.54
600178,东安动力,12.79,-0.38940809968847906,-0.05000000000000071,168760804.0,13220077,0,12.77,12.9,12.7,12.84
600179,安通控股,5.52,0.5464480874316823,0.02999999999999936,1576774497.0,291191370,0,5.51,5.67,5.18,5.49
600180,瑞茂通,3.5,-0.8498583569405045,-0.029999999999999805,75649058.0,21669137,0,3.51,3.53,3.44,3.53
600182,S佳通,15.17,0.3306878306878354,0.05000000000000071,29617044.0,1956400,0,15.18,15.2,15.08,15.12
600183,生益科技,71.41,0.918598078010163,0.6499999999999915,2210076754.0,30841789,0,71.59,73.39,70.23,70.76
600184,光电股份,19.06,0.953389830508473,0.17999999999999972,288245754.0,15203379,0,18.8,19.21,18.61,18.88
600185,珠免集团,6.81,0.5908419497784348,0.040000000000000036,222703113.0,32758358,0,6.79,6.91,6.67,6.77
600186,莲花控股,5.98,1.0135135135135218,0.0600000000000005,325656623.0,54383417,0,5.95,6.05,5.92,5.92
600187,国中水务,2.49,-0.7968127490039673,-0.019999999999999574,54507676.0,21822867,0,2.53,2.54,2.47,2.51
600188,兖矿能源,13.15,-0.7547169811320728,-0.09999999999999964,314275675.0,23912217,0,13.25,13.28,13.04,13.25
600189,泉阳泉,6.91,0.2902757619738819,0.020000000000000462,53352248.0,7760571,0,6.88,6.92,6.83,6.89
600190,退市锦港,0.63,0.0,0.0,0.0,0,0,0.0,0.0,0.0,0.63
600191,华资实业,12.85,0.3122560499609613,0.03999999999999915,133542521.0,10478396,0,12.84,12.96,12.37,12.81
600192,长城电工,10.14,-3.612167300380219,-0.379999999999999,542043170.0,53657231,0,10.45,10.45,9.95,10.52
600193,*ST创兴,3.83,0.0,0.0,26216378.0,6800500,0,3.8,3.95,3.79,3.83
600195,中牧股份,7.87,-0.12690355329948969,-0.009999999999999787,58776054.0,7484493,0,7.84,7.9,7.81,7.88
600196,复星医药,26.49,0.11337868480724711,0.029999999999997584,274759052.0,10401624,0,26.48,26.58,26.31,26.46
600197,伊力特,13.84,-1.142857142857144,-0.16000000000000014,51210620.0,3692915,0,14.0,14.03,13.79,14.0
600198,大唐电信,9.65,5.349344978165941,0.4900000000000002,773785979.0,80650351,0,9.12,10.0,9.11,9.16
600199,金种子酒,9.68,-0.5138746145940464,-0.05000000000000071,56151771.0,5799539,0,9.7,9.74,9.66,9.73
600200,退市苏吴,0.29,0.0,0.0,0.0,0,0,0.0,0.0,0.0,0.29
600201,生物股份,15.07,0.4666666666666685,0.07000000000000028,397927087.0,26538046,0,15.0,15.18,14.71,15.0
600202,哈空调,5.87,0.5136986301369906,0.03000000000000025,33255688.0,5710100,0,5.83,5.88,5.76,5.84
600203,福日电子,13.34,2.065799540933432,0.2699999999999996,703497140.0,53050200,0,13.17,13.56,12.9,13.07
600206,有研新材,20.33,-0.6839276990718153,-0.14000000000000057,252612455.0,12379519,0,20.47,20.59,20.3,20.47
600207,安彩高科,5.15,0.0,0.0,75908409.0,14816821,0,5.15,5.26,5.05,5.15
600208,衢州发展,3.87,0.0,0.0,208110755.0,53637000,0,3.88,3.92,3.85,3.87
600210,紫江企业,7.35,-1.0767160161507412,-0.08000000000000007,123333015.0,16743216,0,7.44,7.45,7.33,7.43
600211,西藏药业,42.55,1.1890606420927468,0.5,124348972.0,2932872,0,42.15,42.8,41.94,42.05
600212,绿能慧充,8.05,-0.24783147459726856,-0.019999999999999574,125084897.0,15506601,0,8.15,8.27,7.96,8.07
600215,派斯林,7.15,-0.13966480446927076,-0.009999999999999787,84361512.0,11777614,0,7.17,7.28,7.05,7.16
600216,浙江医药,13.86,0.8733624454148414,0.11999999999999922,122242762.0,8833842,0,13.75,13.99,13.7,13.74
600217,中再资环,4.08,0.7407407407407469,0.03000000000000025,71145681.0,17449400,0,4.07,4.11,4.05,4.05
600218,全柴动力,10.28,-2.0952380952381016,-0.22000000000000064,170403957.0,16562033,0,10.5,10.58,10.1,10.5
600219,南山铝业,5.38,1.3182674199623405,0.07000000000000028,1419824627.0,264268038,0,5.33,5.44,5.3,5.31
600221,海航控股,1.81,2.25988700564972,0.040000000000000036,1317043061.0,735772683,0,1.78,1.82,1.76,1.77
600222,太龙药业,6.58,-1.2012012012012023,-0.08000000000000007,95470778.0,14520485,0,6.65,6.65,6.5,6.66
600223,福瑞达,7.36,0.13605442176871665,0.010000000000000675,56616510.0,7694003,0,7.37,7.47,7.28,7.35
600226,亨通股份,5.33,4.101562499999999,0.20999999999999996,576800051.0,108316588,0,5.12,5.42,5.12,5.12
600227,赤天化,2.38,-1.244813278008309,-0.03000000000000025,60943079.0,25559099,0,2.41,2.43,2.37,2.41
600228,*ST返利,5.61,-1.4059753954305811,-0.08000000000000007,50729529.0,8948200,0,5.64,5.75,5.6,5.69
600229,城市传媒,6.34,0.7949125596184391,0.04999999999999982,23765050.0,3752533,0,6.29,6.39,6.27,6.29
600230,沧州大化,15.26,5.532503457814653,0.7999999999999989,502814639.0,33656966,0,14.35,15.5,14.18,14.46
600231,凌钢股份,2.14,-1.382488479262664,-0.029999999999999805,33195080.0,15439502,0,2.18,2.19,2.13,2.17
600232,金鹰股份,7.91,1.9329896907216542,0.15000000000000036,112770472.0,14237691,0,7.7,8.17,7.7,7.76
600233,圆通速递,16.42,0.48959608323134546,0.08000000000000185,297555552.0,18206610,0,16.33,16.48,16.17,16.34
600234,科新发展,12.85,-0.7722007722007695,-0.09999999999999964,23439784.0,1820501,0,13.02,13.08,12.78,12.95
600235,民丰特纸,6.8,0.0,0.0,50079649.0,7368901,0,6.78,6.86,6.68,6.8
600236,桂冠电力,7.83,3.162055335968382,0.2400000000000002,350268947.0,44757953,0,7.65,7.97,7.53,7.59
600237,铜峰电子,8.96,0.0,0.0,430060191.0,47146078,0,9.08,9.28,8.95,8.96
600238,*ST椰岛,6.33,-0.47169811320755106,-0.03000000000000025,40057397.0,6315602,0,6.35,6.48,6.22,6.36
600239,云南城投,2.35,0.0,0.0,40876376.0,17442445,0,2.37,2.38,2.32,2.35
600241,时代万恒,8.35,1.3349514563106726,0.10999999999999943,39154736.0,4741300,0,8.23,8.38,8.16,8.24
600243,*ST海华,5.3,0.18903591682419257,0.009999999999999787,38745360.0,7316400,0,5.29,5.35,5.22,5.29
600246,万通发展,12.3,-4.577191621411946,-0.5899999999999999,1105691469.0,89729134,0,13.0,13.0,12.03,12.89
600248,陕建股份,3.53,0.0,0.0,39617660.0,11233704,0,3.52,3.54,3.51,3.53
600249,两面针,5.75,-1.7094017094017033,-0.09999999999999964,100623157.0,17415460,0,5.86,5.9,5.73,5.85
600250,南京商旅,11.51,0.2613240418118411,0.02999999999999936,153864668.0,13407800,0,11.49,11.6,11.3,11.48
600251,冠农股份,9.23,0.43525571273123964,0.040000000000000924,54562503.0,5929672,0,9.19,9.3,9.11,9.19
600252,中恒集团,2.74,0.36630036630037477,0.010000000000000231,83820678.0,30660500,0,2.74,2.75,2.72,2.73
600255,鑫科材料,3.85,-0.7731958762886548,-0.029999999999999805,238646841.0,61716458,0,3.86,3.96,3.83,3.88
600256,广汇能源,4.92,-0.20283975659228778,-0.009999999999999787,169743646.0,34481173,0,4.92,4.94,4.91,4.93
600257,大湖股份,6.28,5.192629815745402,0.3100000000000005,195519952.0,31656600,0,6.0,6.38,5.93,5.97
600258,首旅酒店,16.75,4.166666666666678,0.6700000000000017,367393380.0,22122788,0,16.37,16.84,16.2,16.08
600259,中稀有色,56.26,-0.07104795737122406,-0.03999999999999915,528726845.0,9356582,0,56.4,57.43,55.91,56.3
600261,阳光照明,3.37,0.2976190476190545,0.010000000000000231,27704126.0,8238258,0,3.36,3.38,3.34,3.36
600262,北方股份,26.03,1.7194216490816774,0.4400000000000013,108292392.0,4186920,0,25.82,26.18,25.43,25.59
600265,ST景谷,20.09,0.7017543859649151,0.14000000000000057,4142857.0,207473,0,19.96,20.15,19.86,19.95
600266,城建发展,5.07,9.978308026030367,0.45999999999999996,674524242.0,138132972,0,4.63,5.07,4.57,4.61
600267,海正药业,9.89,0.10121457489878326,0.009999999999999787,54981825.0,5549358,0,9.87,9.95,9.87,9.88
600268,国电南自,10.48,-0.9451795841209797,-0.09999999999999964,156743961.0,14924029,0,10.63,10.63,10.45,10.58
600269,赣粤高速,5.19,0.0,0.0,54384677.0,10441615,0,5.19,5.23,5.19,5.19
600271,航天信息,11.69,0.8628127696289875,0.09999999999999964,2730237806.0,231493316,0,12.09,12.45,11.34,11.59
600272,开开实业,13.63,-0.5835156819839538,-0.08000000000000007,72121810.0,5293200,0,13.79,13.79,13.52,13.71
600273,嘉化能源,8.74,3.677342823250303,0.3100000000000005,284996677.0,32834428,0,8.44,8.83,8.44,8.43
600276,恒瑞医药,59.57,-1.0136257892987692,-0.6099999999999994,1603948702.0,26827896,0,60.16,60.36,59.5,60.18
600278,东方创业,7.6,-0.13140604467806405,-0.010000000000000675,48440510.0,6410350,0,7.61,7.62,7.49,7.61
600279,重庆港,5.46,-2.6737967914438565,-0.15000000000000036,141682613.0,25836750,0,5.55,5.62,5.45,5.61
600280,中央商场,3.85,-3.5087719298245648,-0.14000000000000012,282626126.0,72628553,0,3.99,4.02,3.85,3.99
600281,华阳新材,5.9,-1.0067114093959666,-0.05999999999999961,49116024.0,8303234,0,5.96,5.99,5.9,5.96
600282,南钢股份,5.26,-2.2304832713754665,-0.1200000000000001,182846411.0,34670156,0,5.34,5.36,5.22,5.38
600283,钱江水利,9.15,1.1049723756906038,0.09999999999999964,36535900.0,4006071,0,9.05,9.18,9.05,9.05
600284,浦东建设,8.4,-1.7543859649122848,-0.15000000000000036,150944236.0,17913142,0,8.47,8.56,8.32,8.55
600285,羚锐制药,20.71,-0.14464802314367206,-0.029999999999997584,92534577.0,4452435,0,20.7,20.91,20.65,20.74
600287,苏豪时尚,5.46,-0.3649635036496434,-0.020000000000000462,28917879.0,5311195,0,5.48,5.54,5.4,5.48
600288,大恒科技,14.98,0.20066889632107784,0.030000000000001137,73857947.0,4920900,0,14.94,15.09,14.92,14.95
600289,ST信通,6.64,-0.5988023952095813,-0.040000000000000036,14994935.0,2253588,0,6.67,6.69,6.64,6.68
600292,远达环保,13.05,-2.0270270270270236,-0.2699999999999996,223506054.0,17066273,0,13.36,13.45,13.01,13.32
600293,三峡新材,3.15,-0.9433962264151021,-0.03000000000000025,73354900.0,23299800,0,3.19,3.19,3.11,3.18
600295,鄂尔多斯,12.36,-1.1200000000000045,-0.14000000000000057,154655467.0,12496756,0,12.49,12.54,12.23,12.5
600298,安琪酵母,43.74,2.1485287248949128,0.9200000000000017,358527131.0,8228767,0,42.86,43.98,42.78,42.82
600299,安迪苏,8.97,-0.4439511653717997,-0.03999999999999915,47551118.0,5304863,0,9.0,9.03,8.9,9.01
600300,维维股份,3.51,0.0,0.0,88379455.0,25238225,0,3.52,3.53,3.47,3.51
600301,华锡有色,38.36,0.15665796344648114,0.060000000000002274,421790116.0,10926600,0,38.0,40.0,37.61,38.3
600302,标准股份,10.49,0.6717850287907897,0.07000000000000028,96724949.0,9277601,0,10.4,10.6,10.25,10.42
600303,曙光股份,3.26,0.30769230769230116,0.009999999999999787,49922694.0,15436100,0,3.24,3.29,3.19,3.25
600305,恒顺醋业,7.92,0.7633587786259493,0.05999999999999961,89803817.0,11386820,0,7.84,7.97,7.82,7.86
600307,酒钢宏兴,1.65,-0.6024096385542175,-0.010000000000000009,56628758.0,34317655,0,1.67,1.67,1.64,1.66
600308,华泰股份,3.9,-0.5102040816326535,-0.020000000000000018,54337194.0,13914965,0,3.93,3.95,3.88,3.92
600309,万华化学,76.68,-0.41558441558440673,-0.3199999999999932,1257774024.0,16402835,0,76.8,77.43,76.09,77.0
600310,广西能源,3.81,-0.781249999999995,-0.029999999999999805,40175861.0,10546307,0,3.84,3.84,3.8,3.84
600312,平高电气,17.35,-0.05760368663593324,-0.00999999999999801,275379980.0,15936338,0,17.42,17.51,17.16,17.36
600313,农发种业,6.44,-1.9786910197869083,-0.1299999999999999,217964076.0,33713886,0,6.56,6.61,6.4,6.57
600315,上海家化,22.52,0.0,0.0,87166340.0,3863556,0,22.52,22.9,22.43,22.52
600316,洪都航空,34.91,2.225475841874079,0.759999999999998,954408080.0,27296096,0,33.94,36.18,33.65,34.15
600318,新力金融,8.98,0.33519553072626973,0.030000000000001137,92776740.0,10333800,0,9.04,9.06,8.91,8.95
600319,亚星化学,9.28,-0.535905680600222,-0.05000000000000071,44787552.0,4878830,0,9.3,9.35,9.0,9.33
600320,振华重工,5.15,2.385685884691851,0.1200000000000001,564674784.0,109969936,0,5.03,5.24,5.01,5.03
600322,津投城开,2.33,-0.4273504273504183,-0.009999999999999787,36189875.0,15522300,0,2.35,2.36,2.3,2.34
600323,瀚蓝环境,28.6,1.4184397163120643,0.40000000000000213,99303216.0,3481770,0,28.3,28.77,28.27,28.2
600325,华发股份,4.22,0.7159904534606052,0.02999999999999936,83381305.0,19808206,0,4.21,4.23,4.17,4.19
600326,西藏天路,11.03,-0.4512635379061436,-0.05000000000000071,277016589.0,25181251,0,11.05,11.09,10.91,11.08
600327,大东方,4.95,-0.8016032064128262,-0.040000000000000036,113928864.0,23025256,0,4.99,5.04,4.91,4.99
600328,中盐化工,8.24,-1.317365269461071,-0.10999999999999943,125520141.0,15207159,0,8.37,8.42,8.17,8.35
600329,达仁堂,45.62,-1.1912497292614344,-0.5500000000000043,124937461.0,2727410,0,46.17,46.22,45.59,46.17
600330,天通股份,13.13,2.8191072826938233,0.3600000000000012,2159990462.0,163764700,0,12.92,13.57,12.85,12.77
600331,宏达股份,12.79,0.0,0.0,684683698.0,53321980,0,12.75,13.08,12.61,12.79
600332,白云山,25.74,0.311769290724857,0.0799999999999983,193270181.0,7500107,0,25.67,25.86,25.64,25.66
600333,长春燃气,5.53,-0.5395683453237295,-0.02999999999999936,63557073.0,11511420,0,5.55,5.58,5.48,5.56
600335,国机汽车,6.51,1.8779342723004713,0.1200000000000001,135763499.0,20940925,0,6.43,6.54,6.39,6.39
600336,澳柯玛,8.22,0.3663003663003802,0.030000000000001137,182297846.0,22066373,0,8.18,8.4,8.12,8.19
600337,美克家居,2.92,0.0,0.0,0.0,0,0,0.0,0.0,0.0,2.92
600338,西藏珠峰,15.04,-0.5291005291005296,-0.08000000000000007,730343624.0,48127380,0,15.2,15.45,14.92,15.12
600339,中油工程,3.35,-0.5934718100890213,-0.020000000000000018,85802185.0,25684000,0,3.37,3.37,3.32,3.37
600340,华夏幸福,2.19,1.3888888888888797,0.029999999999999805,324995591.0,149467347,0,2.18,2.2,2.13,2.16
600343,航天动力,48.97,0.451282051282049,0.21999999999999886,7120896372.0,145867078,0,47.9,49.87,47.76,48.75
600345,长江通信,34.66,9.996826404316074,3.149999999999995,1192025286.0,34946943,0,31.9,34.66,31.9,31.51
600346,恒力石化,22.53,0.44583147570219095,0.10000000000000142,742137007.0,33167364,0,22.42,22.58,22.01,22.43
600348,华阳股份,8.26,-0.12091898428052948,-0.009999999999999787,408363386.0,49181169,0,8.23,8.44,8.2,8.27
600350,山东高速,9.75,0.30864197530863535,0.02999999999999936,78746886.0,8052930,0,9.78,9.93,9.69,9.72
600351,亚宝药业,6.49,0.0,0.0,27969442.0,4311326,0,6.48,6.5,6.47,6.49
600352,浙江龙盛,10.66,-1.0213556174558907,-0.10999999999999943,146823309.0,13728993,0,10.78,10.78,10.64,10.77
600353,旭光电子,16.12,0.6870705808869421,0.10999999999999943,433449675.0,26961179,0,16.07,16.47,15.75,16.01
600354,敦煌种业,6.47,-3.5767511177347275,-0.2400000000000002,278629231.0,42916535,0,6.67,6.69,6.43,6.71
600355,*ST精伦,2.24,0.9009009009009016,0.020000000000000018,39358284.0,17429800,0,2.24,2.31,2.22,2.22
600356,恒丰纸业,8.78,-0.5662514156285471,-0.05000000000000071,40351791.0,4593600,0,8.85,8.88,8.72,8.83
600358,ST联合,6.06,1.8487394957983097,0.10999999999999943,47052585.0,7814300,0,5.97,6.09,5.94,5.95
600359,新农开发,7.15,-1.1065006915629332,-0.08000000000000007,41471177.0,5814277,0,7.21,7.25,7.07,7.23
600360,*ST华微,7.96,-1.4851485148514865,-0.1200000000000001,80117267.0,10017600,0,8.08,8.08,7.96,8.08
600361,创新新材,4.24,-1.1655011655011613,-0.04999999999999982,184660633.0,43510600,0,4.28,4.3,4.22,4.29
600362,江西铜业,54.92,9.293532338308461,4.670000000000002,7005041425.0,128845206,0,50.25,55.28,50.24,50.25
600363,联创光电,63.06,9.994767137624287,5.730000000000004,1079874449.0,17874141,0,57.32,63.06,55.85,57.33
600365,ST通葡,3.25,-0.3067484662576622,-0.009999999999999787,5385197.0,1660000,0,3.25,3.26,3.22,3.26
600366,宁波韵升,13.79,-1.1469534050179222,-0.16000000000000014,306247599.0,22141862,0,13.93,14.0,13.74,13.95
600367,红星发展,17.47,-2.3476802683063256,-0.4200000000000017,254616538.0,14453995,0,17.96,18.08,17.42,17.89
600368,五洲交通,3.92,-1.010101010101011,-0.040000000000000036,69162689.0,17629546,0,3.95,3.97,3.89,3.96
600369,西南证券,4.48,-0.6651884700665047,-0.02999999999999936,125534546.0,27906860,0,4.51,4.54,4.47,4.51
600370,三房巷,2.26,-4.237288135593224,-0.10000000000000009,101508927.0,44674630,0,2.35,2.36,2.24,2.36
600371,万向德农,8.72,-1.2457531143827794,-0.10999999999999943,61953556.0,7117663,0,8.83,8.87,8.63,8.83
600372,中航机载,13.42,1.7437452615617923,0.23000000000000043,1212746372.0,90794302,0,13.14,13.49,13.12,13.19
600373,中文传媒,9.34,1.3015184381778657,0.11999999999999922,182124141.0,19598341,0,9.22,9.34,9.22,9.22
600375,汉马科技,5.88,0.5128205128205171,0.03000000000000025,150935705.0,25806183,0,5.88,5.93,5.78,5.85
600376,首开股份,6.61,-4.063860667634243,-0.27999999999999936,2399883198.0,353549588,0,6.7,7.2,6.51,6.89
600377,宁沪高速,12.11,0.4979253112033089,0.05999999999999872,79940523.0,6610834,0,12.05,12.14,12.03,12.05
600378,昊华科技,31.96,0.9475679090334829,0.3000000000000007,251386182.0,7894213,0,31.68,32.15,31.5,31.66
600379,宝光股份,11.66,0.9523809523809474,0.10999999999999943,36859471.0,3172900,0,11.55,11.79,11.43,11.55
600380,健康元,11.55,-0.08650519031141683,-0.009999999999999787,96061082.0,8305622,0,11.51,11.62,11.5,11.56
600381,*ST春天,4.43,0.9111617312072902,0.040000000000000036,29719907.0,6660730,0,4.38,4.53,4.37,4.39
600382,广东明珠,7.13,-1.51933701657459,-0.11000000000000032,101756597.0,14159847,0,7.27,7.4,7.09,7.24
600383,金地集团,3.06,0.9900990099009984,0.03000000000000025,223160098.0,72974925,0,3.06,3.1,3.03,3.03
600386,北巴传媒,4.39,0.0,0.0,43757180.0,10070700,0,4.39,4.44,4.29,4.39
600387,退市海越,0.94,0.0,0.0,0.0,0,0,0.0,0.0,0.0,0.94
600388,龙净环保,16.31,0.4310344827586225,0.07000000000000028,125465496.0,7671741,0,16.29,16.5,16.24,16.24
600389,江山股份,25.28,-1.6342412451361796,-0.41999999999999815,157592298.0,6190333,0,25.65,25.76,25.16,25.7
600390,五矿资本,5.55,-0.35906642728905674,-0.020000000000000462,136967785.0,24613993,0,5.57,5.6,5.54,5.57
600391,航发科技,37.1,9.991105840498088,3.3700000000000045,1416018549.0,39794619,0,33.5,37.1,33.5,33.73
600392,盛和资源,21.53,-0.6918819188191817,-0.14999999999999858,634725131.0,29381329,0,21.68,21.84,21.38,21.68
600395,盘江股份,4.66,-1.061571125265389,-0.04999999999999982,60473471.0,12930601,0,4.72,4.72,4.66,4.71
600396,华电辽能,2.85,-0.3496503496503422,-0.009999999999999787,27126376.0,9506100,0,2.86,2.88,2.83,2.86
600397,江钨装备,7.6,-2.4390243902439073,-0.1900000000000004,209181931.0,27368100,0,7.75,7.84,7.55,7.79
600398,海澜之家,6.05,-1.305057096247962,-0.08000000000000007,362290144.0,59551723,0,6.14,6.2,6.02,6.13
600399,抚顺特钢,5.84,-0.3412969283276529,-0.020000000000000462,327651968.0,56255227,0,5.84,5.92,5.76,5.86
600400,红豆股份,2.38,-0.4184100418410139,-0.010000000000000231,64941793.0,27285800,0,2.39,2.4,2.36,2.39
600403,大有能源,6.98,-0.992907801418431,-0.0699999999999994,152134549.0,21889600,0,7.03,7.05,6.88,7.05
600405,动力源,5.21,-0.19157088122604957,-0.009999999999999787,40657847.0,7840652,0,5.22,5.23,5.15,5.22
600406,国电南瑞,22.48,-0.4428697962798843,-0.09999999999999787,553094798.0,24595431,0,22.6,22.62,22.41,22.58
600408,安泰集团,4.03,-2.657004830917861,-0.10999999999999943,316156766.0,78479721,0,4.18,4.19,3.96,4.14
600409,三友化工,6.19,-2.9780564263322806,-0.1899999999999995,306224150.0,49372545,0,6.33,6.35,6.14,6.38
600410,华胜天成,17.88,2.054794520547942,0.35999999999999943,2304851638.0,128325174,0,17.56,18.34,17.3,17.52
600415,小商品城,15.95,0.504095778197858,0.08000000000000007,724053709.0,45422191,0,15.85,16.1,15.8,15.87
600416,湘电股份,15.78,7.493188010899181,1.0999999999999996,1564510467.0,102442452,0,14.69,16.15,14.53,14.68
600418,江淮汽车,49.5,-0.22172949002217182,-0.10999999999999943,1340648145.0,27011506,0,49.99,50.35,49.19,49.61
600419,天润乳业,9.9,0.917431192660549,0.08999999999999986,46392723.0,4685200,0,9.81,9.98,9.77,9.81
600420,国药现代,10.1,-0.19762845849801955,-0.019999999999999574,39124868.0,3869600,0,10.12,10.14,10.09,10.12
600421,*ST华嵘,6.98,-0.8522727272727216,-0.05999999999999961,15234509.0,2178700,0,7.01,7.12,6.92,7.04
600422,昆药集团,12.56,0.4800000000000039,0.0600000000000005,37587158.0,2996386,0,12.55,12.59,12.49,12.5
600423,柳化股份,3.72,-0.7999999999999948,-0.029999999999999805,36408683.0,9817600,0,3.76,3.76,3.67,3.75
600425,青松建化,4.16,-0.47846889952152094,-0.019999999999999574,68832239.0,16509755,0,4.19,4.2,4.15,4.18
600426,华鲁恒升,31.43,-0.5694400506168925,-0.17999999999999972,434376493.0,13863788,0,31.5,31.74,30.98,31.61
600428,中远海特,7.1,-0.5602240896358549,-0.040000000000000036,106491068.0,14953854,0,7.14,7.18,7.08,7.14
600429,三元股份,5.18,0.3875968992247979,0.019999999999999574,124290850.0,24071000,0,5.17,5.2,5.1,5.16
600433,冠豪高新,3.28,0.0,0.0,54337164.0,16608665,0,3.28,3.3,3.24,3.28
600435,北方导航,15.42,2.7999999999999994,0.41999999999999993,1193652065.0,78308450,0,14.95,15.57,14.86,15.0
600436,片仔癀,168.78,-0.1892371377882869,-0.3199999999999932,289390032.0,1719860,0,168.98,169.2,167.68,169.1
600438,通威股份,20.52,-2.332222751070928,-0.490000000000002,1119216240.0,54150453,0,20.92,21.04,20.5,21.01
600439,瑞贝卡,2.77,0.3623188405797185,0.010000000000000231,38754466.0,14037350,0,2.75,2.78,2.74,2.76
600444,国机通用,18.33,0.43835616438355235,0.0799999999999983,57236223.0,3147900,0,18.26,18.39,17.98,18.25
600446,金证股份,15.92,-0.12547051442910648,-0.019999999999999574,240034146.0,15031000,0,15.93,16.08,15.89,15.94
600448,华纺股份,3.15,0.0,0.0,56421696.0,17996560,0,3.16,3.17,3.1,3.15
600449,宁夏建材,12.36,0.24330900243308481,0.02999999999999936,25513324.0,2065985,0,12.33,12.4,12.27,12.33
600452,涪陵电力,9.37,-0.42507970244421805,-0.040000000000000924,161497478.0,17260024,0,9.39,9.46,9.31,9.41
600455,博通股份,25.97,1.0112796577207235,0.259999999999998,40362103.0,1564500,0,25.78,26.08,25.46,25.71
600456,宝钛股份,39.45,6.248316725020199,2.3200000000000003,1943056879.0,49563946,0,36.86,40.84,36.85,37.13
600458,时代新材,13.27,-0.8221225710015037,-0.11000000000000121,133541871.0,10071432,0,13.38,13.42,13.18,13.38
600459,贵研铂业,18.61,-1.220806794055204,-0.23000000000000043,662544270.0,35318539,0,18.85,19.1,18.52,18.84
600460,士兰微,28.41,0.7804185881518229,0.21999999999999886,669463232.0,23715181,0,28.21,28.47,28.02,28.19
600461,洪城环境,9.27,-0.3225806451613025,-0.030000000000001137,116959741.0,12588519,0,9.32,9.36,9.25,9.3
600462,退市九有,0.21,0.0,0.0,0.0,0,0,0.0,0.0,0.0,0.21
600463,空港股份,11.32,-1.3937282229965169,-0.16000000000000014,41874243.0,3723900,0,11.42,11.56,11.11,11.48
600467,好当家,2.6,0.0,0.0,151286532.0,58668982,0,2.59,2.61,2.55,2.6
600468,百利电气,7.1,2.6011560693641576,0.17999999999999972,484750266.0,69349672,0,6.88,7.15,6.78,6.92
600469,风神股份,6.94,2.359882005899707,0.16000000000000014,51618685.0,7528563,0,6.85,6.94,6.77,6.78
600470,六国化工,5.98,-1.644736842105257,-0.09999999999999964,85520219.0,14303383,0,6.1,6.1,5.92,6.08
600475,华光环能,18.17,-1.1963023382272913,-0.21999999999999886,323758126.0,17863691,0,18.32,18.62,17.73,18.39
600476,湘邮科技,16.01,1.974522292993645,0.3100000000000023,55932300.0,3520000,0,15.68,16.1,15.61,15.7
600477,杭萧钢构,2.97,5.319148936170226,0.15000000000000036,681968971.0,230046036,0,2.84,3.1,2.84,2.82
600478,科力远,6.89,-0.43352601156069726,-0.03000000000000025,179861267.0,26077552,0,6.95,6.98,6.83,6.92
600479,千金药业,10.16,0.2961500493583352,0.02999999999999936,29331109.0,2893500,0,10.14,10.17,10.1,10.13
600480,凌云股份,12.29,-0.48582995951417407,-0.0600000000000005,169046571.0,13734727,0,12.4,12.43,12.24,12.35
600481,双良节能,6.54,1.5527950310558951,0.09999999999999964,818058909.0,126252112,0,6.3,6.61,6.3,6.44
600482,中国动力,20.7,-0.48076923076923755,-0.10000000000000142,342516265.0,16496025,0,20.88,20.92,20.66,20.8
600483,福能股份,9.47,-0.3157894736842038,-0.02999999999999936,103189009.0,10885730,0,9.5,9.55,9.44,9.5
600486,扬农化工,69.39,-1.5744680851063821,-1.1099999999999994,302227328.0,4344523,0,70.24,70.79,68.6,70.5
600487,亨通光电,24.73,1.1038430089942746,0.2699999999999996,2527828281.0,101633766,0,24.55,25.39,24.31,24.46
600488,津药药业,4.09,0.0,0.0,25008905.0,6127500,0,4.11,4.12,4.06,4.09
600489,中金黄金,23.36,-0.04278990158323304,-0.010000000000001563,1110116582.0,47305614,0,23.22,23.95,23.1,23.37
600490,鹏欣资源,7.73,0.25940337224384513,0.020000000000000462,432894055.0,55413049,0,7.73,7.99,7.64,7.71
600491,龙元建设,2.64,0.0,0.0,36319542.0,13769500,0,2.64,2.67,2.6,2.64
600493,凤竹纺织,7.38,-1.3368983957219323,-0.10000000000000053,85787198.0,11652580,0,7.48,7.53,7.22,7.48
600495,晋西车轴,4.78,0.0,0.0,39169237.0,8220376,0,4.79,4.8,4.74,4.78
600496,精工钢构,4.15,0.48426150121066497,0.020000000000000462,65774608.0,15855271,0,4.13,4.17,4.12,4.13
600497,驰宏锌锗,7.31,0.8275862068965464,0.05999999999999961,856020976.0,116160511,0,7.28,7.48,7.25,7.25
600498,烽火通信,32.08,10.013717421124822,2.919999999999998,4272374543.0,134397498,0,29.89,32.08,29.89,29.16
600499,科达制造,13.87,1.5373352855051177,0.20999999999999908,366934766.0,26370188,0,13.68,14.09,13.68,13.66
600500,中化国际,3.92,-0.7594936708860822,-0.03000000000000025,55428447.0,14170512,0,3.95,3.96,3.88,3.95
600501,航天晨光,30.13,10.003650967506383,2.7399999999999984,2790768905.0,95953820,0,27.66,30.13,27.2,27.39
600502,安徽建工,4.69,0.8602150537634415,0.040000000000000036,66328890.0,14162321,0,4.65,4.71,4.64,4.65
600503,华丽家族,2.68,0.7518796992481209,0.020000000000000018,44839775.0,16813942,0,2.67,2.69,2.64,2.66
600505,西昌电力,13.07,0.46118370484243276,0.0600000000000005,61482820.0,4719011,0,13.01,13.15,12.93,13.01
600506,统一股份,26.21,-9.993131868131869,-2.91,1180106366.0,43984502,0,28.13,28.33,26.21,29.12
600507,方大特钢,5.89,-1.0084033613445462,-0.0600000000000005,103906833.0,17663183,0,5.93,5.95,5.81,5.95
600508,上海能源,11.77,-0.6751054852320681,-0.08000000000000007,40262422.0,3410700,0,11.88,11.89,11.77,11.85
600509,天富能源,8.26,-0.9592326139088737,-0.08000000000000007,173701372.0,20952292,0,8.37,8.39,8.25,8.34
600510,黑牡丹,8.39,-2.328288707799759,-0.1999999999999993,109218113.0,12937793,0,8.64,8.66,8.36,8.59
600511,国药股份,28.75,0.06961364427427628,0.019999999999999574,115226467.0,4017717,0,28.62,28.79,28.58,28.73
600512,腾达建设,2.42,0.0,0.0,34073177.0,14115740,0,2.42,2.43,2.39,2.42
600513,联环药业,18.31,-0.6511123168746663,-0.120000000000001,110796091.0,6053683,0,18.42,18.53,18.15,18.43
600515,海南机场,5.33,3.4951456310679556,0.17999999999999972,1538156949.0,293267271,0,5.16,5.43,5.08,5.15
600516,方大炭素,5.69,-1.0434782608695583,-0.05999999999999961,254224706.0,44613065,0,5.75,5.78,5.65,5.75
600517,国网英大,6.01,-0.661157024793389,-0.040000000000000036,145252460.0,24105009,0,6.05,6.08,6.0,6.05
600518,康美药业,1.91,0.0,0.0,203805803.0,106690120,0,1.92,1.92,1.9,1.91
600519,贵州茅台,1377.18,-0.9023400397202288,-12.539999999999964,4799456452.0,3476563,0,1390.0,1394.0,1377.17,1389.72
600520,三佳科技,24.6,-1.2841091492776897,-0.3200000000000003,71071614.0,2881100,0,25.0,25.04,24.5,24.92
600521,华海药业,16.97,-1.394538059267879,-0.240000000000002,228712438.0,13446521,0,17.15,17.27,16.91,17.21
600522,中天科技,18.12,0.22123893805311232,0.0400000000000027,1332854387.0,73285058,0,18.06,18.43,18.03,18.08
600523,贵航股份,15.71,1.6828478964401397,0.26000000000000156,176228330.0,11256454,0,15.45,15.81,15.45,15.45
600525,ST长园,3.53,1.7291066282420635,0.05999999999999961,84480776.0,24131017,0,3.45,3.61,3.44,3.47
600526,菲达环保,5.36,2.0952380952381016,0.11000000000000032,41663910.0,7852302,0,5.27,5.38,5.23,5.25
600527,江南高纤,2.15,-2.2727272727272845,-0.050000000000000266,111036132.0,51568478,0,2.2,2.21,2.13,2.2
600528,中铁工业,8.18,-0.9685230024213084,-0.08000000000000007,71544531.0,8715047,0,8.26,8.27,8.18,8.26
600529,山东药玻,19.93,-0.3500000000000014,-0.07000000000000028,89986462.0,4512800,0,20.0,20.03,19.91,20.0
600530,交大昂立,6.44,0.78247261345854,0.05000000000000071,40362341.0,6293800,0,6.39,6.47,6.32,6.39
600531,豫光金铅,11.75,-1.5088013411567454,-0.17999999999999972,1001704240.0,83749823,0,12.0,12.28,11.67,11.93
600533,栖霞建设,2.56,0.7874015748031503,0.020000000000000018,26979196.0,10561800,0,2.55,2.58,2.53,2.54
600535,天士力,15.07,0.0,0.0,60145633.0,3988541,0,15.07,15.12,15.04,15.07
600536,中国软件,46.3,1.646542261251372,0.75,577312595.0,12573494,0,45.55,46.31,45.38,45.55
600537,亿晶光电,4.16,-3.255813953488365,-0.13999999999999968,387587891.0,92702440,0,4.22,4.29,4.13,4.3
600538,国发股份,6.12,0.1636661211129261,0.009999999999999787,53867333.0,8922500,0,6.0,6.12,5.99,6.11
600539,狮头股份,10.18,1.3944223107569778,0.14000000000000057,30602245.0,3036800,0,10.0,10.2,9.93,10.04
600540,新赛股份,4.57,-2.141327623126331,-0.09999999999999964,64299370.0,14044230,0,4.67,4.69,4.51,4.67
600543,莫高股份,5.31,0.0,0.0,41833967.0,7944581,0,5.36,5.36,5.2,5.31
600545,卓郎智能,2.56,-1.1583011583011509,-0.029999999999999805,46525679.0,18246910,0,2.59,2.6,2.52,2.59
600546,山煤国际,10.09,-0.7866273352999024,-0.08000000000000007,104184151.0,10312783,0,10.14,10.18,10.05,10.17
600547,山东黄金,38.71,0.5193456245131208,0.20000000000000284,1341006341.0,34660186,0,38.3,39.28,38.1,38.51
600548,深高速,8.8,0.3420752565564554,0.030000000000001137,108104883.0,12191758,0,8.79,8.99,8.79,8.77
600549,厦门钨业,41.06,0.41574957202250357,0.1700000000000017,1564998228.0,38033875,0,40.7,41.88,40.5,40.89
600550,保变电气,10.55,-2.764976958525336,-0.29999999999999893,959888955.0,90483933,0,10.85,10.88,10.49,10.85
600551,时代出版,8.12,-1.4563106796116625,-0.120000000000001,102201044.0,12477536,0,8.23,8.28,8.1,8.24
600552,凯盛科技,12.4,-0.24135156878519198,-0.02999999999999936,1064471215.0,85267065,0,12.5,12.76,12.33,12.43
600556,天下秀,6.07,5.3819444444444535,0.3100000000000005,966797170.0,160515420,0,5.73,6.19,5.73,5.76
600557,康缘药业,14.11,-0.7735583684950859,-0.11000000000000121,67285984.0,4766761,0,14.2,14.21,14.06,14.22
600558,大西洋,6.1,0.0,0.0,138595943.0,22809400,0,6.12,6.15,6.01,6.1
600559,老白干酒,16.04,-0.37267080745343023,-0.060000000000002274,96059266.0,5981740,0,16.1,16.14,16.03,16.1
600560,金自天正,16.34,0.9888751545117438,0.16000000000000014,33893460.0,2082199,0,16.18,16.4,16.12,16.18
600561,江西长运,6.48,0.15455950540959315,0.010000000000000675,22948793.0,3552088,0,6.5,6.52,6.39,6.47
600562,国睿科技,28.26,2.539912917271418,0.7000000000000028,472185136.0,16848527,0,27.56,28.49,27.43,27.56
600563,法拉电子,104.95,-0.9905660377358464,-1.0499999999999972,172710849.0,1634773,0,106.0,106.8,104.91,106.0
600566,济川药业,26.3,-0.8669430833019239,-0.23000000000000043,66306405.0,2506475,0,26.41,26.65,26.29,26.53
600567,山鹰国际,1.69,-0.5882352941176475,-0.010000000000000009,129381726.0,76606304,0,1.7,1.71,1.68,1.7
600568,ST中珠,2.51,-0.396825396825406,-0.010000000000000231,40220016.0,15997500,0,2.52,2.57,2.48,2.52
600569,安阳钢铁,2.25,-1.3157894736842022,-0.029999999999999805,47244510.0,20983339,0,2.28,2.29,2.23,2.28
600570,恒生电子,30.15,-0.39643211100099435,-0.120000000000001,900364022.0,29780638,0,30.26,30.42,30.03,30.27
600571,信雅达,15.88,1.7948717948718023,0.28000000000000114,229176200.0,14447702,0,15.6,16.05,15.55,15.6
600572,康恩贝,4.46,0.22471910112359073,0.009999999999999787,92462119.0,20752211,0,4.44,4.48,4.44,4.45
600573,惠泉啤酒,11.93,-0.5833333333333357,-0.07000000000000028,141358988.0,11930650,0,12.0,12.04,11.65,12.0
600575,淮河能源,3.4,0.8902077151335253,0.029999999999999805,150143828.0,44240400,0,3.36,3.42,3.35,3.37
600576,祥源文旅,6.24,-1.7322834645669205,-0.10999999999999943,162608334.0,25939099,0,6.34,6.36,6.23,6.35
600577,精达股份,12.43,3.669724770642198,0.4399999999999995,1636643262.0,133095051,0,11.99,12.7,11.91,11.99
600578,京能电力,5.1,-0.19569471624267468,-0.010000000000000675,210907317.0,41265752,0,5.1,5.16,5.07,5.11
600579,中化装备,8.3,0.1206272617611769,0.010000000000001563,43085652.0,5235400,0,8.25,8.34,8.1,8.29
600580,卧龙电驱,49.1,-1.0679024783397162,-0.5300000000000011,7591211010.0,153074936,0,49.91,51.4,48.28,49.63
600581,八一钢铁,3.34,-0.2985074626865741,-0.010000000000000231,64985639.0,19551200,0,3.36,3.36,3.29,3.35
600582,天地科技,5.83,0.5172413793103492,0.03000000000000025,143889479.0,24701679,0,5.79,5.85,5.78,5.8
600583,海油工程,5.49,-0.3629764065335676,-0.019999999999999574,159513007.0,29050676,0,5.51,5.52,5.47,5.51
600584,长电科技,36.78,-0.8625336927223728,-0.3200000000000003,1036329986.0,28095490,0,37.26,37.35,36.7,37.1
600585,海螺水泥,21.86,0.09157509157508963,0.019999999999999574,336585482.0,15393859,0,21.83,22.02,21.81,21.84
600586,金晶科技,5.63,-6.166666666666668,-0.3700000000000001,450444403.0,79624099,0,6.0,6.02,5.48,6.0
600587,新华医疗,14.4,-0.8947006194081144,-0.129999999999999,70000665.0,4843433,0,14.5,14.56,14.39,14.53
600588,用友网络,13.26,1.2213740458015279,0.16000000000000014,536738642.0,40483236,0,13.1,13.35,13.06,13.1
600589,大位科技,7.16,0.4207573632538604,0.03000000000000025,244748060.0,34220412,0,7.15,7.24,7.08,7.13
600590,泰豪科技,9.41,0.5341880341880418,0.05000000000000071,168906440.0,18070923,0,9.4,9.43,9.22,9.36
600592,龙溪股份,27.31,-3.395825963919352,-0.9600000000000009,1326225117.0,48203993,0,28.0,28.18,27.27,28.27
600593,大连圣亚,41.42,-0.09647853352628834,-0.03999999999999915,169765990.0,4132710,0,41.05,41.6,40.6,41.46
600594,益佰制药,3.98,-0.5000000000000004,-0.020000000000000018,48437958.0,12170300,0,4.01,4.03,3.95,4.0
600595,中孚实业,7.85,-0.8838383838383874,-0.07000000000000028,389197262.0,49457991,0,7.86,7.99,7.75,7.92
600596,新安股份,11.47,-1.545064377682401,-0.17999999999999972,236984546.0,20637702,0,11.7,11.73,11.35,11.65
600597,光明乳业,8.09,-0.24660912453760264,-0.019999999999999574,56620862.0,6995475,0,8.1,8.12,8.08,8.11
600598,北大荒,14.95,-0.9277667329357228,-0.14000000000000057,325107126.0,21777770,0,15.03,15.04,14.83,15.09
600599,*ST熊猫,9.93,-4.97607655502392,-0.5199999999999996,8859546.0,892200,0,9.93,9.93,9.93,10.45
600600,青岛啤酒,61.2,-0.11424840868287953,-0.07000000000000028,128456758.0,2098994,0,61.26,61.34,61.12,61.27
600601,方正科技,11.72,-2.7385892116182577,-0.33000000000000007,2106343424.0,178725209,0,12.0,12.05,11.61,12.05
600602,云赛智联,18.69,0.4838709677419347,0.08999999999999986,247550773.0,13270904,0,18.51,18.85,18.44,18.6
600603,广汇物流,6.22,-3.5658914728682234,-0.23000000000000043,97388383.0,15525889,0,6.48,6.51,6.19,6.45
600604,市北高新,5.54,-0.5385996409335772,-0.03000000000000025,78320678.0,14142502,0,5.57,5.6,5.47,5.57
600605,汇通能源,30.0,-0.7279947054930472,-0.21999999999999886,44557487.0,1473940,0,30.22,30.65,29.98,30.22
600606,绿地控股,1.66,1.2195121951219523,0.020000000000000018,201184625.0,121185596,0,1.64,1.7,1.62,1.64
600608,*ST沪科,3.38,0.8955223880596956,0.029999999999999805,7789589.0,2347500,0,3.38,3.4,3.26,3.35
600609,金杯汽车,4.63,0.43383947939261547,0.019999999999999574,42796947.0,9285503,0,4.6,4.63,4.58,4.61
600610,中毅达,9.93,0.5060728744939162,0.049999999999998934,159203465.0,16136898,0,9.9,9.99,9.72,9.88
600611,大众交通,5.46,0.0,0.0,78129050.0,14313137,0,5.46,5.48,5.43,5.46
600612,老凤祥,44.47,0.4744690465431561,0.21000000000000085,42123671.0,950401,0,44.2,44.58,44.19,44.26
600613,神奇制药,6.07,0.33057851239670183,0.020000000000000462,31055414.0,5141063,0,6.05,6.07,6.0,6.05
600615,鑫源智造,11.18,0.08952551477170803,0.009999999999999787,21859263.0,1958340,0,11.22,11.25,11.06,11.17
600616,金枫酒业,5.36,-0.3717472118959029,-0.019999999999999574,48859556.0,9141902,0,5.37,5.39,5.3,5.38
600617,国新能源,3.14,0.0,0.0,138995350.0,43767515,0,3.14,3.24,3.12,3.14
600618,氯碱化工,11.88,-1.4925373134328335,-0.17999999999999972,112527594.0,9449788,0,12.05,12.07,11.76,12.06
600619,海立股份,21.1,2.6763990267639937,0.5500000000000007,884857559.0,42097461,0,20.66,21.45,20.54,20.55
600620,天宸股份,6.5,-1.3657056145675244,-0.08999999999999986,86116842.0,13092775,0,6.6,6.78,6.5,6.59
600621,华鑫股份,15.24,-1.3592233009708679,-0.20999999999999908,167262098.0,10906544,0,15.44,15.46,15.24,15.45
600622,光大嘉宝,2.86,0.7042253521126767,0.020000000000000018,69913924.0,24567044,0,2.86,2.88,2.82,2.84
600623,华谊集团,7.71,2.254641909814323,0.16999999999999993,150604418.0,19809889,0,7.53,7.78,7.41,7.54
600624,ST复华,5.29,-0.18867924528301486,-0.009999999999999787,22486495.0,4250867,0,5.28,5.33,5.26,5.3
600626,申达股份,4.83,10.022779043280192,0.4400000000000004,302652331.0,64162187,0,4.38,4.83,4.36,4.39
600628,新世界,7.86,-1.627033792240299,-0.1299999999999999,174416876.0,22078010,0,8.07,8.09,7.82,7.99
600629,华建集团,21.7,9.984794728839324,1.9699999999999989,1639976710.0,76981140,0,19.8,21.7,19.66,19.73
600630,龙头股份,9.03,1.2331838565022357,0.10999999999999943,106363671.0,11885861,0,8.92,9.05,8.82,8.92
600633,浙数文化,12.86,0.7047768206734523,0.08999999999999986,143465311.0,11166831,0,12.83,12.95,12.73,12.77
600635,大众公用,6.54,-2.8231797919762314,-0.1900000000000004,610455779.0,92844359,0,6.73,6.76,6.52,6.73
600636,*ST国化,8.69,1.8757327080890993,0.16000000000000014,36677553.0,4227839,0,8.55,8.87,8.54,8.53
600637,东方明珠,9.85,1.8614270941054778,0.17999999999999972,669825533.0,68410757,0,9.65,9.98,9.62,9.67
600638,新黄浦,6.47,5.203252032520314,0.3199999999999994,195077213.0,30476172,0,6.2,6.62,6.11,6.15
600639,浦东金桥,10.27,0.8840864440078571,0.08999999999999986,45217518.0,4419380,0,10.22,10.3,10.13,10.18
600640,国脉文化,12.56,1.782820097244738,0.22000000000000064,97120933.0,7761693,0,12.37,12.63,12.34,12.34
600641,先导基电,17.64,0.3984063745019937,0.07000000000000028,475092310.0,26977432,0,17.71,17.88,17.36,17.57
600642,申能股份,7.78,-0.5115089514066501,-0.040000000000000036,126788570.0,16258910,0,7.82,7.83,7.78,7.82
600643,爱建集团,5.53,0.9124087591240843,0.04999999999999982,68434290.0,12407090,0,5.52,5.57,5.45,5.48
600644,乐山电力,9.75,-0.6116207951070387,-0.0600000000000005,95259095.0,9764611,0,9.8,9.86,9.7,9.81
600645,中源协和,25.2,-1.1764705882352968,-0.3000000000000007,172285612.0,6801600,0,25.44,25.67,25.13,25.5
600648,外高桥,10.09,0.1986097318768577,0.019999999999999574,23580614.0,2344318,0,10.04,10.1,10.0,10.07
600649,城投控股,4.45,3.9719626168224282,0.16999999999999993,228939502.0,51838695,0,4.29,4.55,4.27,4.28
600650,锦江在线,15.2,2.0134228187919394,0.29999999999999893,129034099.0,8568082,0,14.9,15.2,14.81,14.9
600651,飞乐音响,7.29,1.3908205841446404,0.09999999999999964,235396107.0,32389263,0,7.22,7.38,7.12,7.19
600653,申华控股,1.9,-0.5235602094240842,-0.010000000000000009,30186012.0,15848683,0,1.91,1.93,1.89,1.91
600654,中安科,3.77,0.8021390374331497,0.029999999999999805,227680897.0,61077347,0,3.73,3.78,3.66,3.74
600655,豫园股份,5.13,-0.19455252918287524,-0.009999999999999787,42490070.0,8268880,0,5.15,5.17,5.12,5.14
600657,信达地产,3.45,0.2906976744186114,0.010000000000000231,39825115.0,11560206,0,3.48,3.5,3.41,3.44
600658,电子城,5.49,0.549450549450554,0.03000000000000025,97520946.0,17922855,0,5.48,5.54,5.37,5.46
600660,福耀玻璃,64.77,0.41860465116278456,0.269999999999996,542294949.0,8391073,0,64.44,65.01,64.11,64.5
600661,昂立教育,10.25,1.9900497512437738,0.1999999999999993,71479996.0,6983200,0,10.15,10.4,10.11,10.05
600662,外服控股,5.02,0.0,0.0,56995710.0,11313402,0,5.0,5.08,5.0,5.02
600663,陆家嘴,7.91,0.38071065989848035,0.03000000000000025,37722038.0,4771130,0,7.91,7.95,7.84,7.88
600664,哈药股份,3.45,-1.1461318051575942,-0.040000000000000036,59297633.0,17117030,0,3.48,3.49,3.45,3.49
600665,天地源,3.28,1.2345679012345552,0.03999999999999959,43112330.0,13293178,0,3.25,3.29,3.19,3.24
600666,奥瑞德,3.36,2.752293577981647,0.08999999999999986,306000059.0,91948754,0,3.28,3.39,3.23,3.27
600667,太极实业,7.97,-0.7471980074719753,-0.05999999999999961,352923046.0,44134848,0,8.08,8.12,7.93,8.03
600668,尖峰集团,11.3,3.8602941176470575,0.41999999999999993,150724718.0,13424217,0,10.9,11.57,10.86,10.88
600671,天目药业,17.31,-0.6314580941446784,-0.11000000000000298,47075820.0,2700300,0,17.32,17.85,17.22,17.42
600673,东阳光,22.43,-2.393385552654485,-0.5500000000000007,849765269.0,37626468,0,23.01,23.1,22.31,22.98
600674,川投能源,13.9,0.0,0.0,225370966.0,16151992,0,13.9,14.04,13.87,13.9
600675,中华企业,2.71,0.0,0.0,100109564.0,37104095,0,2.71,2.73,2.67,2.71
600676,交运股份,5.88,1.3793103448275874,0.08000000000000007,49334634.0,8445104,0,5.79,5.92,5.73,5.8
600678,四川金顶,13.69,2.0879940343027545,0.27999999999999936,1417590624.0,103143465,0,13.59,13.98,13.3,13.41
600679,上海凤凰,13.43,-0.14869888475836116,-0.019999999999999574,83768155.0,6261429,0,13.46,13.56,13.23,13.45
600681,百川能源,4.32,5.8823529411764754,0.2400000000000002,536756865.0,123580638,0,4.15,4.49,4.15,4.08
600682,南京新百,8.74,-1.6872890888638958,-0.15000000000000036,767692723.0,88058305,0,8.9,8.9,8.57,8.89
600683,京投发展,4.27,0.9456264775413509,0.03999999999999915,48082659.0,11315615,0,4.24,4.3,4.18,4.23
600684,珠江股份,4.36,1.1600928074246106,0.05000000000000071,69699940.0,16056257,0,4.3,4.38,4.28,4.31
600685,中船防务,28.45,0.38814396612561547,0.10999999999999943,503839393.0,17834261,0,28.31,28.51,27.91,28.34
600686,金龙汽车,17.74,2.900232018561485,0.5,392456011.0,22131781,0,17.41,18.1,17.23,17.24
600688,上海石化,2.78,-2.456140350877203,-0.07000000000000028,201967281.0,72256662,0,2.84,2.85,2.77,2.85
600689,上海三毛,13.44,-0.1485884101040219,-0.02000000000000135,32499269.0,2433100,0,13.46,13.47,13.25,13.46
600690,海尔智家,26.09,-1.6955538809344357,-0.4499999999999993,1142128402.0,43573682,0,26.54,26.84,26.01,26.54
600691,潞化科技,2.76,-1.0752688172043101,-0.03000000000000025,47461312.0,17249395,0,2.78,2.8,2.73,2.79
600692,亚通股份,7.01,1.7416545718432528,0.1200000000000001,56366193.0,8118686,0,6.87,7.05,6.83,6.89
600693,东百集团,17.82,0.0,0.0,2379300961.0,133941003,0,18.24,18.29,17.12,17.82
600694,大商股份,17.93,0.0,0.0,80755853.0,4492187,0,17.89,18.13,17.89,17.93
600696,*ST岩石,2.9,-4.918032786885243,-0.1499999999999999,16743009.0,5700500,0,2.92,3.06,2.9,3.05
600697,欧亚集团,13.19,-1.124437781109448,-0.15000000000000036,146962707.0,11155100,0,13.49,13.5,12.95,13.34
600698,湖南天雁,9.04,0.6681514476614556,0.05999999999999872,132359909.0,14756188,0,8.99,9.12,8.83,8.98
600699,均胜电子,31.36,1.1939335269441789,0.370000000000001,2808215836.0,89890218,0,31.14,31.9,30.5,30.99
600702,舍得酒业,56.08,-1.6140350877193015,-0.9200000000000017,428821813.0,7605430,0,56.88,57.34,55.88,57.0
600703,三安光电,14.13,-0.2118644067796565,-0.02999999999999936,915076993.0,64505691,0,14.15,14.37,14.07,14.16
600704,物产中大,5.57,0.36036036036036867,0.020000000000000462,222891126.0,39983399,0,5.55,5.6,5.55,5.55
600705,中航产融,3.47,0.0,0.0,0.0,0,0,0.0,0.0,0.0,3.47
600706,曲江文旅,10.6,-1.7608897126969372,-0.1899999999999995,169317253.0,15929880,0,10.79,10.88,10.51,10.79
600707,彩虹股份,6.49,1.0903426791277304,0.07000000000000028,410497819.0,63354944,0,6.43,6.61,6.33,6.42
600708,光明地产,3.89,5.994550408719351,0.2200000000000002,264396503.0,68597207,0,3.7,3.97,3.67,3.67
600710,苏美达,10.81,-0.825688073394494,-0.08999999999999986,92625067.0,8561459,0,10.87,10.9,10.73,10.9
600711,盛屯矿业,15.16,0.39735099337748675,0.0600000000000005,2091373617.0,136007834,0,15.07,15.75,15.04,15.1
600712,南宁百货,6.82,-2.011494252873559,-0.13999999999999968,111080639.0,16196100,0,7.0,7.0,6.8,6.96
600713,南京医药,5.46,1.4869888475836444,0.08000000000000007,107479319.0,19784538,0,5.45,5.55,5.33,5.38
600714,金瑞矿业,12.26,-1.2882447665056374,-0.16000000000000014,49316680.0,4010800,0,12.44,12.44,12.23,12.42
600715,文投控股,2.18,-0.4566210045662003,-0.009999999999999787,66825291.0,30774000,0,2.18,2.19,2.15,2.19
600716,凤凰股份,3.87,1.044386422976502,0.040000000000000036,28679201.0,7434282,0,3.84,3.89,3.81,3.83
600717,天津港,4.47,0.22421524663676654,0.009999999999999787,44579231.0,9962946,0,4.46,4.49,4.46,4.46
600718,东软集团,10.07,1.6145307769929378,0.16000000000000014,222346857.0,22154848,0,9.93,10.13,9.88,9.91
600719,大连热电,6.52,-0.3058103975535239,-0.020000000000000462,112378339.0,17165000,0,6.51,6.6,6.47,6.54
600720,中交设计,7.22,-1.0958904109589052,-0.08000000000000007,64551247.0,8904600,0,7.31,7.33,7.22,7.3
600721,百花医药,12.24,0.0,0.0,0.0,0,0,0.0,0.0,0.0,12.24
600722,金牛化工,5.94,-0.5025125628140596,-0.02999999999999936,43626781.0,7348919,0,5.96,5.98,5.91,5.97
600724,宁波富达,5.76,1.4084507042253533,0.08000000000000007,60574025.0,10564901,0,5.71,5.79,5.66,5.68
600725,云维股份,4.18,3.7220843672456443,0.14999999999999947,135319898.0,32989635,0,4.04,4.2,4.02,4.03
600726,华电能源,2.39,-0.4166666666666578,-0.009999999999999787,40576128.0,16963600,0,2.4,2.41,2.38,2.4
600727,鲁北化工,6.84,-0.8695652173913114,-0.0600000000000005,34780077.0,5096833,0,6.92,6.92,6.78,6.9
600728,佳都科技,6.68,-0.5952380952380958,-0.040000000000000036,1235328173.0,186137474,0,6.55,6.79,6.47,6.72
600729,重庆百货,26.0,-0.49751243781094145,-0.129999999999999,92535725.0,3556447,0,26.22,26.27,25.85,26.13
600730,中国高科,10.94,0.27497708524289055,0.02999999999999936,419902213.0,38564092,0,11.0,11.17,10.67,10.91
600731,湖南海利,6.77,-0.2945508100147343,-0.020000000000000462,27511264.0,4074380,0,6.79,6.8,6.7,6.79
600732,爱旭股份,13.4,-0.149031296572277,-0.019999999999999574,272185998.0,20367781,0,13.45,13.59,13.24,13.42
600733,北汽蓝谷,8.03,2.423469387755096,0.1899999999999995,1195298791.0,150520731,0,7.89,8.09,7.76,7.84
600734,实达集团,4.6,-6.313645621181273,-0.3100000000000005,1215203699.0,260879481,0,4.87,4.9,4.59,4.91
600735,ST新华锦,4.75,-0.6276150627615115,-0.03000000000000025,60588897.0,12623300,0,4.76,4.98,4.71,4.78
600736,苏州高新,6.76,0.148148148148145,0.009999999999999787,894935562.0,130041371,0,6.83,7.1,6.62,6.75
600737,中粮糖业,17.21,0.058139534883730026,0.010000000000001563,452014557.0,26484307,0,17.3,17.34,16.88,17.2
600738,丽尚国潮,5.16,0.3891050583657678,0.020000000000000462,76305933.0,14823700,0,5.15,5.2,5.07,5.14
600739,辽宁成大,11.18,-0.4452359750667917,-0.05000000000000071,127848030.0,11379949,0,11.23,11.31,11.16,11.23
600740,山西焦化,3.76,-0.7915567282321965,-0.03000000000000025,48060642.0,12757355,0,3.79,3.8,3.75,3.79
600741,华域汽车,20.0,-0.39840637450198363,-0.0799999999999983,145840501.0,7274764,0,20.18,20.19,19.95,20.08
600742,富维股份,10.0,-0.19960079840318934,-0.019999999999999574,56324147.0,5628118,0,10.06,10.07,9.97,10.02
600743,华远控股,2.0,0.5025125628140708,0.010000000000000009,22196943.0,11128972,0,2.0,2.01,1.98,1.99
600744,华银电力,5.88,-0.6756756756756763,-0.040000000000000036,140988529.0,24024128,0,5.92,5.94,5.83,5.92
600745,闻泰科技,37.28,-0.5601493731661799,-0.21000000000000085,1280367331.0,34257917,0,37.58,38.1,36.89,37.49
600746,江苏索普,6.88,-1.9943019943019897,-0.13999999999999968,31804906.0,4612432,0,7.02,7.02,6.82,7.02
600748,上实发展,5.42,2.071563088512247,0.11000000000000032,216057399.0,39992473,0,5.37,5.53,5.25,5.31
600749,西藏旅游,17.08,1.6061867935752503,0.2699999999999996,101059663.0,5991501,0,16.9,17.08,16.56,16.81
600750,江中药业,23.17,-1.320272572402039,-0.3099999999999987,98233107.0,4209300,0,23.4,23.55,23.17,23.48
600751,海航科技,3.83,-1.0335917312661507,-0.040000000000000036,140251868.0,36580356,0,3.86,3.88,3.78,3.87
600753,*ST海钦,8.49,1.6766467065868331,0.14000000000000057,26095940.0,3082940,0,8.34,8.6,8.33,8.35
600754,锦江酒店,25.27,3.7782340862422923,0.9199999999999982,422617929.0,16907218,0,24.4,25.44,24.26,24.35
600755,厦门国贸,7.19,-2.7063599458727916,-0.1999999999999993,1131834641.0,156346586,0,7.37,7.57,7.11,7.39
600756,浪潮软件,18.42,3.7162162162162162,0.6600000000000001,877531157.0,47591545,0,17.72,19.0,17.71,17.76
600757,长江传媒,8.88,1.7182130584192479,0.15000000000000036,154878171.0,17327246,0,8.75,9.04,8.73,8.73
600758,辽宁能源,3.64,-1.3550135501354965,-0.04999999999999982,54090512.0,14861932,0,3.69,3.7,3.61,3.69
600759,洲际油气,3.12,-3.703703703703707,-0.1200000000000001,1414961386.0,451236555,0,3.27,3.31,3.05,3.24
600760,中航沈飞,56.15,-0.53144375553588,-0.30000000000000426,959698661.0,17004069,0,56.21,57.48,55.97,56.45
600761,安徽合力,20.89,-3.0626450116009285,-0.6600000000000001,541182009.0,25688011,0,21.57,21.67,20.8,21.55
600763,通策医疗,40.21,-0.29754525167368573,-0.11999999999999744,163393375.0,4062527,0,40.28,40.48,40.1,40.33
600764,中国海防,27.34,1.2592592592592589,0.33999999999999986,299511935.0,10993023,0,27.12,27.5,26.91,27.0
600765,中航重机,19.16,-0.10427528675703635,-0.019999999999999574,2027173262.0,106265880,0,19.0,19.51,18.58,19.18
600768,宁波富邦,14.0,0.7919366450683905,0.10999999999999943,47889697.0,3455530,0,13.99,14.04,13.64,13.89
600769,祥龙电业,12.04,0.8375209380234475,0.09999999999999964,90847833.0,7554500,0,11.91,12.23,11.86,11.94
600770,综艺股份,5.17,1.174168297455961,0.05999999999999961,70840632.0,13808603,0,5.11,5.2,5.06,5.11
600771,广誉远,17.98,-1.045679691799677,-0.19000000000000128,70751102.0,3916529,0,18.17,18.17,17.98,18.17
600773,西藏城投,12.39,1.7241379310344898,0.21000000000000085,165261022.0,13260046,0,12.32,12.68,12.28,12.18
600774,汉商集团,9.14,-0.3271537622682591,-0.02999999999999936,28585055.0,3133230,0,9.17,9.18,9.05,9.17
600775,南京熊猫,12.22,0.1639344262295193,0.02000000000000135,430362364.0,35307035,0,12.2,12.34,12.0,12.2
600776,东方通信,16.5,-2.3090586145648344,-0.39000000000000057,1706502737.0,104327109,0,17.0,17.0,15.94,16.89
600777,*ST新潮,3.84,0.0,0.0,33097811.0,8640704,0,3.84,3.84,3.82,3.84
600778,友好集团,6.67,-3.3333333333333397,-0.23000000000000043,122716901.0,18276400,0,6.97,6.97,6.63,6.9
600779,水井坊,38.46,-0.620155038759695,-0.240000000000002,202375044.0,5225807,0,38.52,39.4,38.25,38.7
600780,通宝能源,5.68,0.5309734513274222,0.02999999999999936,35705351.0,6303600,0,5.66,5.69,5.64,5.65
600782,新钢股份,3.88,-0.2570694087403658,-0.010000000000000231,266785094.0,69034156,0,3.89,3.9,3.82,3.89
600783,鲁信创投,24.73,10.008896797153024,2.25,2948036888.0,121363645,0,23.66,24.73,23.05,22.48
600784,鲁银投资,6.98,2.7982326951399172,0.1900000000000004,96558142.0,14070475,0,6.79,7.03,6.68,6.79
600785,新华百货,13.55,0.5192878338278952,0.07000000000000028,88238822.0,6531200,0,13.65,13.74,13.35,13.48
600787,中储股份,5.62,0.0,0.0,73228087.0,13023416,0,5.62,5.64,5.6,5.62
600789,鲁抗医药,9.04,-0.4405286343612437,-0.040000000000000924,111218845.0,12266860,0,9.12,9.16,9.04,9.08
600790,轻纺城,3.83,0.5249343832021002,0.020000000000000018,28118627.0,7362338,0,3.82,3.84,3.8,3.81
600791,京能置业,4.68,-0.21321961620470523,-0.010000000000000675,40893023.0,8814480,0,4.73,4.73,4.55,4.69
600792,云煤能源,3.88,-0.7672634271099807,-0.03000000000000025,62517193.0,16143900,0,3.92,3.92,3.84,3.91
600793,宜宾纸业,21.1,-3.388278388278381,-0.7399999999999984,121229783.0,5729680,0,21.71,21.92,20.9,21.84
600794,保税科技,3.9,-1.2658227848101333,-0.050000000000000266,65369082.0,16765420,0,3.93,3.94,3.88,3.95
600795,国电电力,5.04,-2.325581395348839,-0.1200000000000001,1584643756.0,312681727,0,5.15,5.16,5.0,5.16
600796,钱江生化,6.06,0.831946755407651,0.04999999999999982,31423389.0,5216800,0,6.02,6.09,5.97,6.01
600797,浙大网新,9.91,1.2257405515832585,0.120000000000001,296953851.0,30066212,0,9.79,9.95,9.76,9.79
600798,宁波海运,3.52,0.0,0.0,39338022.0,11177462,0,3.53,3.54,3.5,3.52
600800,渤海化学,3.46,1.1695906432748548,0.040000000000000036,154282791.0,45389390,0,3.42,3.46,3.35,3.42
600801,华新建材,24.54,0.40916530278231533,0.09999999999999787,207704556.0,8418534,0,24.47,25.05,24.43,24.44
600802,福建水泥,6.56,-4.233576642335767,-0.29000000000000004,144276761.0,21879072,0,6.84,6.86,6.5,6.85
600803,新奥股份,20.76,0.0,0.0,100631069.0,4838272,0,20.58,21.16,20.58,20.76
600804,退市鹏博,0.14,0.0,0.0,0.0,0,0,0.0,0.0,0.0,0.14
600805,悦达投资,5.43,0.7421150278293143,0.040000000000000036,56739352.0,10482056,0,5.43,5.47,5.35,5.39
600807,济高发展,3.08,-2.531645569620255,-0.08000000000000007,113493861.0,36596400,0,3.17,3.17,3.08,3.16
600808,马钢股份,4.22,0.476190476190466,0.019999999999999574,281427313.0,67280142,0,4.2,4.23,4.12,4.2
600809,山西汾酒,171.7,-0.7801213522103569,-1.3500000000000227,626782115.0,3645542,0,172.58,173.86,171.16,173.05
600810,神马股份,8.99,-3.8502673796791385,-0.35999999999999943,350126898.0,38612370,0,9.3,9.3,8.98,9.35
600811,*ST东方,0.36,0.0,0.0,0.0,0,0,0.0,0.0,0.0,0.36
600812,华北制药,5.53,0.0,0.0,35419573.0,6402450,0,5.53,5.55,5.51,5.53
600814,杭州解百,8.1,-2.5270758122743784,-0.21000000000000085,128574639.0,15747193,0,8.31,8.39,8.05,8.31
600815,厦工股份,3.45,-4.432132963988911,-0.1599999999999997,257246644.0,74049451,0,3.62,3.62,3.43,3.61
600816,建元信托,2.83,-0.3521126760563305,-0.009999999999999787,93378680.0,33019377,0,2.83,2.85,2.81,2.84
600817,宇通重工,11.37,-0.350569675723058,-0.040000000000000924,22459232.0,1977200,0,11.4,11.45,11.29,11.41
600818,中路股份,9.59,-0.10416666666666445,-0.009999999999999787,36331375.0,3785000,0,9.6,9.65,9.53,9.6
600819,耀皮玻璃,8.08,0.37267080745340814,0.02999999999999936,74769590.0,9248410,0,8.05,8.28,7.93,8.05
600820,隧道股份,6.49,-0.7645259938837894,-0.04999999999999982,215985540.0,33097818,0,6.56,6.59,6.47,6.54
600821,金开新能,5.1,-0.7782101167315182,-0.040000000000000036,77006665.0,15085978,0,5.13,5.15,5.09,5.14
600822,上海物贸,10.71,1.037735849056615,0.11000000000000121,48012895.0,4506940,0,10.63,10.75,10.51,10.6
600824,益民集团,4.53,-3.2051282051281937,-0.14999999999999947,251895996.0,55119598,0,4.7,4.74,4.52,4.68
600825,新华传媒,6.18,0.9803921568627386,0.05999999999999961,51930750.0,8429372,0,6.14,6.2,6.09,6.12
600826,兰生股份,10.54,-0.09478672985783472,-0.010000000000001563,60824046.0,5784220,0,10.55,10.61,10.45,10.55
600827,百联股份,8.99,-0.22197558268589984,-0.019999999999999574,105926114.0,11773967,0,9.04,9.1,8.92,9.01
600828,茂业商业,5.84,-6.410256410256415,-0.40000000000000036,438811727.0,72462178,0,6.2,6.38,5.82,6.24
600829,人民同泰,10.81,-0.7346189164370989,-0.08000000000000007,188746538.0,17438200,0,10.93,11.03,10.7,10.89
600830,香溢融通,9.57,-0.1043841336116888,-0.009999999999999787,43639450.0,4553801,0,9.56,9.65,9.52,9.58
600831,广电网络,4.2,0.23866348448686842,0.009999999999999787,41847356.0,10045043,0,4.19,4.23,4.11,4.19
600833,第一医药,12.93,-0.15444015444015116,-0.019999999999999574,46363360.0,3599700,0,12.94,12.98,12.79,12.95
600834,申通地铁,8.48,3.1630170316301673,0.2599999999999998,59165384.0,7034301,0,8.27,8.57,8.18,8.22
600835,上海机电,30.01,-0.06660006660006518,-0.019999999999999574,663505357.0,22044542,0,29.7,30.72,29.58,30.03
600838,上海九百,10.82,-4.3324491600353685,-0.4900000000000002,670882173.0,61611609,0,11.55,11.69,10.5,11.31
600839,四川长虹,9.1,0.22026431718061204,0.019999999999999574,439345927.0,48312890,0,9.11,9.14,9.06,9.08
600841,动力新科,6.09,1.4999999999999978,0.08999999999999986,62193184.0,10343580,0,6.03,6.11,5.9,6.0
600843,上工申贝,12.54,4.412989175686922,0.5299999999999994,1081369223.0,84819889,0,11.99,13.21,11.99,12.01
600844,金煤科技,2.88,-1.030927835051555,-0.03000000000000025,44248011.0,15394020,0,2.91,2.92,2.84,2.91
600845,宝信软件,20.71,1.370533529123843,0.28000000000000114,258886862.0,12535473,0,20.4,20.83,20.39,20.43
600846,同济科技,13.15,-0.6797583081570986,-0.08999999999999986,58104437.0,4425174,0,13.24,13.3,13.03,13.24
600847,万里股份,11.62,1.573426573426571,0.17999999999999972,22310156.0,1944996,0,11.46,11.68,11.26,11.44
600848,上海临港,11.7,1.4744145706851686,0.16999999999999993,318623552.0,27611856,0,11.55,11.95,11.2,11.53
600850,电科数字,29.64,0.5768578215134093,0.1700000000000017,448664542.0,15154742,0,29.44,29.98,29.14,29.47
600851,海欣股份,6.83,-2.2889842632331923,-0.16000000000000014,33834642.0,4929800,0,6.99,6.99,6.82,6.99
600853,龙建股份,4.33,2.6066350710900554,0.11000000000000032,177709874.0,41457880,0,4.23,4.37,4.17,4.22
600854,春兰股份,4.99,1.0121457489878507,0.04999999999999982,32444655.0,6566242,0,4.94,4.99,4.88,4.94
600855,航天长峰,21.04,4.8330842052815095,0.9699999999999989,1448119049.0,69587615,0,19.82,21.63,19.82,20.07
600857,宁波中百,13.71,-0.21834061135370714,-0.02999999999999936,49650424.0,3635000,0,13.8,13.84,13.52,13.74
600858,银座股份,6.25,-6.43712574850299,-0.4299999999999997,390943901.0,61051186,0,6.65,6.78,6.25,6.68
600859,王府井,15.53,4.649595687331533,0.6899999999999995,1159726731.0,76030576,0,14.93,15.8,14.65,14.84
600860,京城股份,12.54,-1.026045777426999,-0.13000000000000078,108074779.0,8591700,0,12.74,12.77,12.45,12.67
600861,北京人力,18.34,3.6158192090395516,0.6400000000000006,174368133.0,9518855,0,17.7,18.68,17.7,17.7
600862,中航高科,23.63,0.46768707482992955,0.10999999999999943,1039512508.0,44039932,0,23.41,23.87,23.23,23.52
600863,内蒙华电,4.48,-0.6651884700665047,-0.02999999999999936,174096959.0,38889174,0,4.52,4.52,4.44,4.51
600864,哈投股份,6.63,-1.1922503725782425,-0.08000000000000007,187667158.0,28124245,0,6.73,6.74,6.63,6.71
600865,百大集团,16.4,-5.092592592592607,-0.8800000000000026,858458615.0,52035527,0,17.28,17.44,16.02,17.28
600866,星湖科技,6.95,2.205882352941182,0.15000000000000036,198033649.0,28656110,0,6.81,6.99,6.8,6.8
600867,通化东宝,8.17,-0.6082725060827336,-0.05000000000000071,124694531.0,15216800,0,8.19,8.25,8.16,8.22
600868,梅雁吉祥,3.34,-1.4749262536873233,-0.050000000000000266,256963574.0,76969836,0,3.38,3.38,3.31,3.39
600869,远东股份,8.05,0.7509386733416833,0.0600000000000005,478564873.0,59913532,0,7.95,8.13,7.83,7.99
600871,石化油服,2.16,-0.4608294930875478,-0.009999999999999787,234030572.0,108872400,0,2.17,2.17,2.13,2.17
600872,中炬高新,17.55,1.5037593984962496,0.26000000000000156,268577767.0,15173582,0,17.7,17.87,17.53,17.29
600873,梅花生物,10.13,-0.2952755905511748,-0.02999999999999936,162384539.0,16019833,0,10.15,10.2,10.09,10.16
600874,创业环保,5.94,0.16863406408095574,0.010000000000000675,47877825.0,8046901,0,5.93,5.97,5.93,5.93
600875,东方电气,24.28,-0.49180327868851414,-0.11999999999999744,948868531.0,39037537,0,24.3,24.5,24.1,24.4
600876,凯盛新能,9.86,0.0,0.0,25176602.0,2567800,0,9.85,9.95,9.7,9.86
600877,电科芯片,17.55,0.3430531732418655,0.060000000000002274,1356394790.0,77131563,0,17.44,18.08,17.16,17.49
600879,航天电子,21.32,10.010319917440667,1.9400000000000013,12707111126.0,618888806,0,19.37,21.32,19.3,19.38
600880,博瑞传播,4.94,1.646090534979425,0.08000000000000007,113874411.0,23080846,0,4.89,4.97,4.88,4.86
600881,亚泰集团,1.86,0.0,0.0,67516395.0,36384812,0,1.86,1.87,1.84,1.86
600882,妙可蓝多,25.14,-1.8735362997658096,-0.4800000000000004,200216086.0,7969932,0,25.6,25.6,24.72,25.62
600883,博闻科技,8.06,0.37359900373600424,0.030000000000001137,21237183.0,2665992,0,8.01,8.07,7.83,8.03
600884,杉杉股份,13.51,-0.8076358296622572,-0.10999999999999943,585862936.0,43276332,0,13.64,13.72,13.43,13.62
600885,宏发股份,30.4,-0.7184846505552006,-0.22000000000000242,293561012.0,9667261,0,30.7,30.7,30.1,30.62
600886,国投电力,13.12,0.1526717557251876,0.019999999999999574,172193332.0,13122129,0,13.1,13.19,13.08,13.1
600887,伊利股份,28.6,-0.3136981526664338,-0.08999999999999986,764372855.0,26672702,0,28.77,28.88,28.56,28.69
600888,新疆众和,8.19,-0.36496350364964886,-0.030000000000001137,189894305.0,23125258,0,8.13,8.29,8.13,8.22
600889,南京化纤,16.9,2.9232643118148407,0.4799999999999969,233245377.0,13970581,0,16.58,16.98,16.31,16.42
600892,*ST大晟,3.66,0.0,0.0,22698445.0,6252304,0,3.64,3.72,3.58,3.66
600893,航发动力,40.03,0.20025031289110962,0.0799999999999983,1208868221.0,30226052,0,39.8,40.41,39.46,39.95
600894,广日股份,9.25,0.4343105320303925,0.03999999999999915,28407337.0,3063371,0,9.32,9.32,9.23,9.21
600895,张江高科,43.9,6.631042020888989,2.729999999999997,4467307732.0,103537447,0,41.27,45.0,40.85,41.17
600897,厦门空港,17.2,-1.601830663615567,-0.28000000000000114,131183484.0,7631160,0,17.66,17.66,17.0,17.48
600900,长江电力,27.19,-0.47584187408491585,-0.129999999999999,2021839640.0,74293024,0,27.35,27.37,27.17,27.32
600901,江苏金租,6.12,-0.1631321370309916,-0.009999999999999787,174585307.0,28235047,0,6.13,6.24,6.11,6.13
600903,贵州燃气,6.61,-0.6015037593984968,-0.040000000000000036,28068354.0,4235592,0,6.65,6.67,6.61,6.65
600905,三峡能源,4.09,-0.24390243902438508,-0.009999999999999787,193541500.0,47282708,0,4.09,4.1,4.09,4.1
600906,财达证券,6.67,-1.6224188790560516,-0.11000000000000032,208061820.0,30990499,0,6.78,6.8,6.66,6.78
600908,无锡银行,5.93,0.0,0.0,69621380.0,11712617,0,5.91,5.98,5.91,5.93
600909,华安证券,6.78,0.0,0.0,337980908.0,49725009,0,6.77,6.85,6.75,6.78
600916,中国黄金,8.15,0.7416563658838133,0.0600000000000005,192183502.0,23603012,0,8.09,8.2,8.07,8.09
600917,重庆燃气,5.49,0.733944954128441,0.040000000000000036,17640129.0,3221800,0,5.45,5.5,5.45,5.45
600918,中泰证券,6.5,-1.6641452344931968,-0.11000000000000032,236638127.0,36119000,0,6.59,6.61,6.5,6.61
600919,江苏银行,10.4,-0.38314176245209913,-0.03999999999999915,852440903.0,81725298,0,10.41,10.47,10.36,10.44
600925,苏能股份,4.54,0.4424778761062049,0.020000000000000462,23067797.0,5087211,0,4.51,4.55,4.51,4.52
600926,杭州银行,15.28,-0.5208333333333338,-0.08000000000000007,626367373.0,40789843,0,15.35,15.47,15.26,15.36
600927,永安期货,16.07,1.0056568196103088,0.16000000000000014,182915735.0,11326624,0,15.95,16.39,15.87,15.91
600928,西安银行,3.7,-0.2695417789757355,-0.009999999999999787,71086606.0,19220309,0,3.71,3.72,3.69,3.71
600929,雪天盐业,5.65,0.7130124777183606,0.040000000000000036,48470353.0,8616379,0,5.62,5.67,5.58,5.61
600933,爱柯迪,20.1,1.1575239053850046,0.23000000000000043,426823943.0,21224253,0,20.16,20.38,19.87,19.87
600935,华塑股份,2.45,0.40983606557377994,0.010000000000000231,40582281.0,16672922,0,2.44,2.46,2.41,2.44
600936,广西广电,4.22,-1.6317016317016382,-0.07000000000000028,253895035.0,59453126,0,4.28,4.48,4.18,4.29
600938,中国海油,30.18,1.071667782987275,0.3200000000000003,1339366255.0,44404661,0,29.92,30.36,29.82,29.86
600939,重庆建工,3.17,-0.9375000000000078,-0.03000000000000025,57474879.0,18096082,0,3.2,3.21,3.15,3.2
600941,中国移动,101.05,0.6975585450921803,0.7000000000000028,1079065469.0,10708241,0,100.35,101.13,100.35,100.35
600955,维远股份,16.2,-1.699029126213599,-0.28000000000000114,90937002.0,5591442,0,16.48,16.48,16.16,16.48
600956,新天绿能,7.25,-0.27510316368637655,-0.019999999999999574,57510178.0,7967500,0,7.27,7.31,7.16,7.27
600958,东方证券,10.9,0.3683241252302111,0.040000000000000924,645604656.0,58953976,0,10.86,11.05,10.85,10.86
600959,江苏有线,3.44,0.2915451895043669,0.009999999999999787,100634680.0,29245218,0,3.43,3.46,3.42,3.43
600960,渤海汽车,5.58,3.5250463821892466,0.1900000000000004,197479201.0,35720521,0,5.49,5.62,5.37,5.39
600961,株冶集团,16.1,-0.6172839506172708,-0.09999999999999787,293340152.0,18092992,0,16.11,16.55,15.91,16.2
600962,国投中鲁,21.93,-7.351077313054508,-1.740000000000002,507465546.0,23107457,0,23.89,23.98,21.3,23.67
600963,岳阳林纸,4.67,0.8639308855291584,0.040000000000000036,153391454.0,32949512,0,4.65,4.73,4.6,4.63
600965,福成股份,5.95,-1.4900662251655605,-0.08999999999999986,97167271.0,16307219,0,6.09,6.11,5.89,6.04
600966,博汇纸业,6.83,-1.1577424023154859,-0.08000000000000007,208610234.0,30592133,0,6.89,6.93,6.66,6.91
600967,内蒙一机,16.8,1.8181818181818226,0.3000000000000007,708929566.0,42590463,0,16.41,16.88,16.31,16.5
600968,海油发展,3.84,-0.2597402597402657,-0.010000000000000231,94533834.0,24662467,0,3.83,3.85,3.82,3.85
600969,郴电国际,10.23,6.120331950207468,0.5899999999999999,262160181.0,26039052,0,9.7,10.46,9.62,9.64
600970,中材国际,10.39,0.5808325266214955,0.0600000000000005,183304703.0,17659922,0,10.3,10.46,10.26,10.33
600971,恒源煤电,6.24,-0.1599999999999966,-0.009999999999999787,41170803.0,6609265,0,6.26,6.26,6.22,6.25
600973,宝胜股份,7.3,6.413994169096203,0.4399999999999995,1282088603.0,176587174,0,6.84,7.55,6.83,6.86
600975,新五丰,5.89,-1.0084033613445462,-0.0600000000000005,75203298.0,12778500,0,5.93,5.94,5.86,5.95
600976,健民集团,33.57,-1.2065921130076418,-0.4099999999999966,57390428.0,1705415,0,33.98,34.0,33.51,33.98
600977,中国电影,15.72,0.2551020408163324,0.040000000000000924,776110967.0,49596286,0,15.68,15.9,15.35,15.68
600979,广安爱众,4.39,-0.22727272727274261,-0.010000000000000675,40681807.0,9253359,0,4.39,4.42,4.38,4.4
600980,北矿科技,22.98,0.8336989907854377,0.19000000000000128,64435644.0,2812500,0,22.86,23.05,22.76,22.79
600981,苏豪汇鸿,3.14,-0.946372239747628,-0.029999999999999805,110788325.0,35345264,0,3.19,3.19,3.1,3.17
600982,宁波能源,4.34,-0.2298850574712595,-0.009999999999999787,39795370.0,9172300,0,4.35,4.36,4.32,4.35
600983,惠而浦,9.56,0.5257623554153598,0.05000000000000071,18932054.0,1987581,0,9.48,9.59,9.42,9.51
600984,建设机械,4.09,0.24509803921568107,0.009999999999999787,94074015.0,23090558,0,4.09,4.12,4.03,4.08
600985,淮北矿业,11.11,-0.7149240393208228,-0.08000000000000007,120700417.0,10851457,0,11.19,11.21,11.08,11.19
600986,浙文互联,7.82,1.5584415584415598,0.1200000000000001,423533455.0,54040159,0,7.7,7.95,7.66,7.7
600987,航民股份,6.89,0.14534883720929923,0.009999999999999787,56678747.0,8235547,0,6.89,6.93,6.85,6.88
600988,赤峰黄金,31.24,-1.233006639266521,-0.39000000000000057,1306291680.0,41656041,0,31.61,32.04,30.89,31.63
600989,宝丰能源,19.63,0.7700205338808962,0.14999999999999858,596387390.0,30513865,0,19.48,19.68,19.33,19.48
600990,四创电子,31.65,1.801222257960755,0.5599999999999987,732097704.0,23118348,0,31.44,33.03,30.71,31.09
600992,贵绳股份,13.57,1.26865671641791,0.16999999999999993,93508562.0,6935900,0,13.45,13.68,13.24,13.4
600993,马应龙,28.0,-0.24937655860349225,-0.07000000000000028,132912537.0,4743476,0,28.07,28.2,27.86,28.07
600995,南网储能,12.57,-0.7892659826361457,-0.09999999999999964,96135392.0,7611200,0,12.62,12.79,12.51,12.67
600996,贵广网络,10.04,1.0060362173038195,0.09999999999999964,265709094.0,26557907,0,10.0,10.31,9.75,9.94
600997,开滦股份,5.75,-0.3466204506065784,-0.019999999999999574,29429071.0,5106358,0,5.78,5.79,5.75,5.77
600998,九州通,5.12,0.5893909626719106,0.03000000000000025,120727238.0,23555212,0,5.09,5.15,5.08,5.09
600999,招商证券,16.64,-0.35928143712574084,-0.05999999999999872,573125206.0,34242420,0,16.72,16.86,16.64,16.7
601000,唐山港,3.84,-0.7751937984496188,-0.03000000000000025,138007725.0,35711286,0,3.88,3.9,3.83,3.87
601001,晋控煤业,13.15,-2.084884586746086,-0.27999999999999936,184082516.0,13909300,0,13.38,13.4,13.11,13.43
601002,晋亿实业,5.14,-1.5325670498084305,-0.08000000000000007,43904753.0,8506300,0,5.2,5.22,5.12,5.22
601003,柳钢股份,5.03,0.3992015968063965,0.020000000000000462,42687210.0,8522760,0,5.03,5.06,4.97,5.01
601005,重庆钢铁,1.46,-0.680272108843538,-0.010000000000000009,76234834.0,52003500,0,1.48,1.48,1.46,1.47
601006,大秦铁路,5.16,-0.3861003861003779,-0.019999999999999574,484254339.0,93691599,0,5.17,5.18,5.16,5.18
601007,金陵饭店,7.81,1.1658031088082883,0.08999999999999986,68687965.0,8880430,0,7.72,7.82,7.63,7.72
601008,连云港,5.32,2.5048169556840056,0.1299999999999999,267447821.0,49768300,0,5.4,5.5,5.3,5.19
601009,南京银行,11.43,-0.7812499999999988,-0.08999999999999986,270338511.0,23560363,0,11.51,11.55,11.41,11.52
601010,文峰股份,2.73,-1.7985611510791304,-0.04999999999999982,120496045.0,43962302,0,2.8,2.82,2.72,2.78
601011,宝泰隆,3.4,-0.8746355685131266,-0.03000000000000025,115770713.0,34178103,0,3.43,3.44,3.36,3.43
601012,隆基绿能,18.2,-1.3015184381778848,-0.240000000000002,1868825732.0,102076729,0,18.42,18.54,18.17,18.44
601015,陕西黑猫,3.62,-1.362397820163483,-0.04999999999999982,65720862.0,18103302,0,3.67,3.68,3.61,3.67
601016,节能风电,2.95,-0.673400673400674,-0.020000000000000018,143699059.0,48504050,0,2.97,2.98,2.95,2.97
601018,宁波港,3.63,0.0,0.0,118586922.0,32621634,0,3.63,3.65,3.62,3.63
601019,山东出版,8.64,0.6993006993007052,0.0600000000000005,91320232.0,10586707,0,8.58,8.67,8.53,8.58
601020,华钰矿业,26.86,-1.177336276674026,-0.3200000000000003,638812770.0,23575341,0,27.26,27.63,26.66,27.18
601021,春秋航空,59.5,3.2986111111111085,1.8999999999999986,403893736.0,6877478,0,57.57,59.75,57.29,57.6
601022,宁波远洋,9.17,0.10917030567685357,0.009999999999999787,46352365.0,5055201,0,9.16,9.2,9.13,9.16
601028,玉龙股份,12.83,0.0,0.0,0.0,0,0,0.0,0.0,0.0,12.83
601033,永兴股份,15.13,0.8666666666666718,0.13000000000000078,72201865.0,4782365,0,15.03,15.15,15.0,15.0
601038,一拖股份,14.17,0.49645390070922185,0.07000000000000028,136964580.0,9719571,0,14.12,14.25,13.91,14.1
601058,赛轮轮胎,16.18,-1.5216068167985393,-0.25,334423204.0,20610000,0,16.34,16.4,16.11,16.43
601059,信达证券,17.71,-0.11280315848843528,-0.019999999999999574,256542089.0,14453375,0,17.72,17.79,17.7,17.73
601061,中信金属,14.4,0.7697690692792247,0.11000000000000121,286048632.0,19819045,0,14.23,14.64,14.23,14.29
601065,江盐集团,8.3,0.0,0.0,25172070.0,3038389,0,8.3,8.31,8.25,8.3
601066,中信建投,26.77,0.22463496817670806,0.05999999999999872,430674939.0,16038124,0,26.71,27.08,26.68,26.71
601068,中铝国际,5.29,-2.0370370370370425,-0.11000000000000032,167413002.0,31544000,0,5.4,5.45,5.26,5.4
601069,西部黄金,26.68,-1.839587932303164,-0.5,430353615.0,16003800,0,27.17,27.5,26.56,27.18
601077,渝农商行,6.46,2.3771790808240945,0.15000000000000036,508573027.0,79168578,0,6.3,6.49,6.28,6.31
601083,锦江航运,11.16,-0.17889087656529135,-0.019999999999999574,43018253.0,3849796,0,11.16,11.23,11.14,11.18
601086,国芳集团,10.17,-0.29411764705881727,-0.02999999999999936,95387409.0,9372700,0,10.29,10.3,10.12,10.2
601088,中国神华,40.5,0.12360939431396083,0.04999999999999716,786126821.0,19453115,0,40.35,40.55,40.16,40.45
601089,福元医药,24.0,-1.3157894736842117,-0.3200000000000003,60398204.0,2499311,0,24.41,24.53,23.95,24.32
601096,宏盛华源,4.15,-0.47961630695442625,-0.019999999999999574,65039621.0,15671856,0,4.16,4.17,4.13,4.17
601098,中南传媒,11.26,2.363636363636362,0.2599999999999998,270498302.0,24054514,0,11.03,11.38,11.03,11.0
601099,太平洋,4.11,-0.48426150121064343,-0.019999999999999574,384138037.0,92990082,0,4.14,4.16,4.11,4.13
601100,恒立液压,109.91,-2.7000708215297426,-3.049999999999997,1249814122.0,11337705,0,113.14,113.6,108.66,112.96
601101,昊华能源,7.16,-1.3774104683195545,-0.09999999999999964,54303786.0,7521300,0,7.26,7.31,7.16,7.26
601106,中国一重,3.99,-0.24999999999999467,-0.009999999999999787,572355845.0,144080003,0,3.99,4.05,3.9,4.0
601107,四川成渝,6.08,-0.32786885245900943,-0.019999999999999574,49969738.0,8186066,0,6.11,6.18,6.07,6.1
601108,财通证券,8.72,-1.0215664018161164,-0.08999999999999986,342218144.0,39081139,0,8.81,8.85,8.71,8.81
601111,中国国航,9.37,3.3076074972436484,0.29999999999999893,920660360.0,99127481,0,9.06,9.45,8.99,9.07
601113,华鼎股份,4.68,0.0,0.0,237214343.0,50686500,0,4.73,4.75,4.62,4.68
601116,三江购物,13.77,0.2913328477785808,0.03999999999999915,154049111.0,11190874,0,13.84,13.9,13.62,13.73
601117,中国化学,7.53,0.0,0.0,291543529.0,38612103,0,7.53,7.59,7.51,7.53
601118,海南橡胶,5.85,-1.1824324324324371,-0.07000000000000028,504863619.0,86736872,0,6.01,6.01,5.69,5.92
601121,宝地矿业,7.38,-0.1353179972936372,-0.009999999999999787,73670370.0,9955860,0,7.38,7.5,7.34,7.39
601126,四方股份,30.08,-1.2475377544320505,-0.38000000000000256,448962499.0,14856186,0,30.64,31.18,29.91,30.46
601127,赛力斯,120.96,-0.31316960606560873,-0.38000000000000966,2626090912.0,21397063,0,122.88,125.3,120.89,121.34
601128,常熟银行,7.04,-0.14184397163120266,-0.009999999999999787,168021240.0,23851418,0,7.04,7.06,7.03,7.05
601133,柏诚股份,15.4,-0.4524886877828072,-0.07000000000000028,292648791.0,18682963,0,15.78,16.2,15.4,15.47
601136,首创证券,18.79,-0.05319148936171045,-0.010000000000001563,136242357.0,7243146,0,18.86,18.87,18.77,18.8
601137,博威合金,21.37,-2.2415370539798647,-0.48999999999999844,370454320.0,17219453,0,21.85,21.94,21.33,21.86
601138,工业富联,62.05,-3.394052623384722,-2.180000000000007,9816587478.0,156410378,0,64.24,64.54,61.86,64.23
601139,深圳燃气,6.6,0.1517450682852775,0.009999999999999787,38713459.0,5858090,0,6.6,6.62,6.59,6.59
601155,新城控股,13.95,1.6023306627822205,0.21999999999999886,162274251.0,11673569,0,13.81,14.03,13.72,13.73
601156,东航物流,18.41,0.7662835249042177,0.14000000000000057,143780563.0,7824700,0,18.27,18.54,18.16,18.27
601158,重庆水务,4.47,0.9029345372460504,0.040000000000000036,29925128.0,6710049,0,4.43,4.48,4.43,4.43
601162,天风证券,4.16,-1.1876484560570029,-0.04999999999999982,522727962.0,124918206,0,4.21,4.22,4.16,4.21
601163,三角轮胎,14.29,0.0,0.0,35591390.0,2492394,0,14.32,14.37,14.22,14.29
601166,兴业银行,21.06,-0.1422475106685687,-0.030000000000001137,1089090774.0,51630336,0,21.13,21.18,21.03,21.09
601168,西部矿业,27.64,2.5602968460111364,0.6900000000000013,1694456029.0,61112689,0,27.01,28.3,26.95,26.95
601169,北京银行,5.48,0.0,0.0,372947968.0,67974169,0,5.48,5.5,5.48,5.48
601177,杭齿前进,17.35,-1.3083048919226217,-0.22999999999999687,182282128.0,10501269,0,17.67,17.68,17.25,17.58
601179,中国西电,9.1,-0.10976948408342246,-0.009999999999999787,859950531.0,94429423,0,9.17,9.21,9.03,9.11
601186,中国铁建,7.67,-0.3896103896103928,-0.03000000000000025,212886954.0,27692600,0,7.69,7.72,7.67,7.7
601187,厦门银行,7.34,-1.078167115902966,-0.08000000000000007,97795315.0,13317600,0,7.38,7.45,7.27,7.42
601188,龙江交通,3.54,1.4326647564469863,0.04999999999999982,120693818.0,34124388,0,3.49,3.63,3.46,3.49
601198,东兴证券,13.88,-1.3503909026297052,-0.1899999999999995,501495223.0,35785008,0,14.06,14.15,13.88,14.07
601199,江南水务,5.57,0.17985611510792582,0.010000000000000675,22142582.0,3979854,0,5.56,5.59,5.54,5.56
601200,上海环境,8.05,0.37406483790525114,0.030000000000001137,46878522.0,5826254,0,8.02,8.08,8.01,8.02
601208,东材科技,27.09,0.0,0.0,2235030812.0,81285307,0,27.27,28.13,27.01,27.09
601211,国泰海通,20.55,0.19502681618722156,0.03999999999999915,1251146982.0,60622969,0,20.5,20.88,20.5,20.51
601212,白银有色,5.85,-1.680672268907572,-0.10000000000000053,2075522773.0,345525424,0,5.98,6.2,5.82,5.95
601216,君正集团,4.82,-1.0266940451745343,-0.04999999999999982,199631074.0,41365083,0,4.86,4.87,4.8,4.87
601218,吉鑫科技,5.06,-0.19723865877713365,-0.010000000000000675,102051282.0,20241300,0,5.1,5.1,5.0,5.07
601222,林洋能源,5.47,-0.7259528130671513,-0.040000000000000036,61540455.0,11224900,0,5.51,5.51,5.46,5.51
601225,陕西煤业,21.32,-1.113172541743963,-0.23999999999999844,687924402.0,32277176,0,21.47,21.59,21.1,21.56
601226,华电科工,7.84,-1.3836477987421425,-0.11000000000000032,130229731.0,16629050,0,7.94,7.98,7.73,7.95
601228,广州港,3.24,-0.30769230769230116,-0.009999999999999787,40178311.0,12397500,0,3.25,3.25,3.23,3.25
601229,上海银行,10.1,-0.6882989183874167,-0.07000000000000028,343015719.0,33841769,0,10.17,10.19,10.07,10.17
601231,环旭电子,30.0,-3.2570138664946837,-1.0100000000000016,1296269612.0,42722003,0,30.74,31.01,29.88,31.01
601233,桐昆股份,17.21,-1.0919540229884928,-0.18999999999999773,349034266.0,20251035,0,17.27,17.42,17.06,17.4
601236,红塔证券,8.19,-0.36496350364964886,-0.030000000000001137,131496016.0,16065113,0,8.24,8.24,8.16,8.22
601238,广汽集团,8.16,-0.12239902080783092,-0.009999999999999787,256397858.0,31325700,0,8.21,8.3,8.12,8.17
601279,英利汽车,5.2,-1.886792452830182,-0.09999999999999964,167660898.0,32247900,0,5.36,5.36,5.13,5.3
601288,农业银行,7.68,0.9198423127463783,0.0699999999999994,2191803822.0,286895070,0,7.6,7.7,7.57,7.61
601298,青岛港,8.34,0.7246376811594264,0.0600000000000005,146889744.0,17572700,0,8.29,8.43,8.29,8.28
601311,骆驼股份,9.17,-0.6500541711809371,-0.0600000000000005,116357498.0,12677600,0,9.22,9.26,9.14,9.23
601318,中国平安,68.4,-0.5813953488371969,-0.3999999999999915,3141993177.0,45806869,0,68.78,69.23,68.15,68.8
601319,中国人保,8.95,-0.8859357696567007,-0.08000000000000007,458120520.0,50892657,0,9.03,9.1,8.94,9.03
601326,秦港股份,3.49,0.2873563218390871,0.010000000000000231,53078559.0,15200300,0,3.49,3.51,3.47,3.48
601328,交通银行,7.25,0.138121546961323,0.009999999999999787,621381356.0,85632834,0,7.25,7.3,7.23,7.24
601330,绿色动力,6.73,0.29806259314456723,0.020000000000000462,33699295.0,5007087,0,6.74,6.76,6.7,6.71
601333,广深铁路,3.04,0.6622516556291397,0.020000000000000018,92046781.0,30303765,0,3.03,3.05,3.02,3.02
601336,新华保险,69.7,-0.542237442922368,-0.37999999999999545,750325984.0,10726519,0,70.0,70.45,69.48,70.08
601339,百隆东方,5.79,0.0,0.0,47042771.0,8123816,0,5.8,5.83,5.75,5.79
601360,三六零,11.17,2.9493087557603714,0.3200000000000003,2503351700.0,224537509,0,10.84,11.36,10.78,10.85
601366,利群股份,4.88,-1.6129032258064528,-0.08000000000000007,199519581.0,40698818,0,4.99,4.99,4.86,4.96
601368,绿城水务,4.96,2.0576131687242727,0.09999999999999964,52202899.0,10599100,0,4.86,4.98,4.86,4.86
601369,陕鼓动力,10.01,-1.3793103448275916,-0.14000000000000057,119689075.0,11893110,0,10.1,10.2,9.99,10.15
601375,中原证券,4.3,-0.692840646651276,-0.03000000000000025,100274201.0,23173955,0,4.34,4.35,4.3,4.33
601377,兴业证券,7.42,-1.460823373173975,-0.11000000000000032,1096662376.0,146680276,0,7.5,7.58,7.4,7.53
601388,怡球资源,3.01,0.33333333333332626,0.009999999999999787,156026873.0,51673817,0,3.01,3.05,2.99,3.0
601390,中国中铁,5.41,0.18518518518518123,0.009999999999999787,281725782.0,52112876,0,5.4,5.43,5.39,5.4
601398,工商银行,7.93,1.019108280254778,0.08000000000000007,2264103770.0,286652775,0,7.83,7.96,7.83,7.85
601399,国机重装,4.78,2.1367521367521483,0.10000000000000053,1140476034.0,239709888,0,4.7,4.85,4.66,4.68
601456,国联民生,10.17,-0.6835937500000028,-0.07000000000000028,218142453.0,21363388,0,10.24,10.27,10.16,10.24
601500,通用股份,4.82,-3.4068136272545075,-0.16999999999999993,258641436.0,53124626,0,5.0,5.02,4.82,4.99
601512,中新集团,9.0,0.7838745800671924,0.07000000000000028,51476148.0,5725000,0,8.96,9.08,8.92,8.93
601515,衢州东峰,4.3,3.864734299516912,0.16000000000000014,112036360.0,26644397,0,4.18,4.3,4.09,4.14
601518,吉林高速,2.82,0.35587188612098886,0.009999999999999787,30662839.0,10878091,0,2.81,2.83,2.8,2.81
601519,大智慧,12.87,-1.000000000000006,-0.13000000000000078,315912821.0,24375500,0,13.0,13.08,12.87,13.0
601528,瑞丰银行,5.7,0.17574692442881873,0.009999999999999787,69910170.0,12241667,0,5.69,5.75,5.67,5.69
601555,东吴证券,9.06,-0.7667031763417336,-0.07000000000000028,293374260.0,32234967,0,9.11,9.17,9.05,9.13
601566,九牧王,13.11,-4.862119013062409,-0.6699999999999999,431470309.0,32450704,0,13.74,13.76,13.11,13.78
601567,三星医疗,23.02,0.4363001745200604,0.09999999999999787,305086746.0,13360370,0,22.9,23.18,22.58,22.92
601568,北元集团,3.72,-0.7999999999999948,-0.029999999999999805,47927406.0,12841660,0,3.75,3.76,3.71,3.75
601577,长沙银行,9.7,-0.41067761806982467,-0.040000000000000924,108989348.0,11181125,0,9.74,9.81,9.7,9.74
601579,会稽山,20.27,-1.0253906250000042,-0.21000000000000085,112803478.0,5554291,0,20.46,20.53,20.24,20.48
601588,北辰实业,1.74,1.1627906976744196,0.020000000000000018,37432197.0,21537802,0,1.72,1.75,1.72,1.72
601595,上海电影,28.63,-1.9184652278177536,-0.5600000000000023,270918767.0,9416590,0,29.0,29.19,28.55,29.19
601598,中国外运,6.06,-0.3289473684210602,-0.020000000000000462,49143131.0,8085113,0,6.1,6.11,6.06,6.08
601599,浙文影业,3.98,2.842377260981909,0.10999999999999988,249805426.0,62881400,0,3.87,4.1,3.84,3.87
601600,中国铝业,12.22,1.9182652210175182,0.23000000000000043,4861601306.0,398049375,0,11.99,12.38,11.96,11.99
601601,中国太保,41.91,0.0,0.0,1232261011.0,29303276,0,41.9,42.68,41.46,41.91
601606,长城军工,48.12,-4.257859132510944,-2.1400000000000006,1780279917.0,36904879,0,49.25,49.3,48.0,50.26
601607,上海医药,17.86,0.224466891133553,0.03999999999999915,113127901.0,6342625,0,17.82,17.86,17.81,17.82
601608,中信重工,6.59,0.15197568389057428,0.009999999999999787,259815548.0,39305421,0,6.59,6.67,6.54,6.58
601609,金田股份,10.8,-0.5524861878452921,-0.05999999999999872,288951991.0,26618133,0,10.89,10.98,10.74,10.86
601611,中国核建,13.48,4.012345679012342,0.5199999999999996,1265467799.0,95095741,0,12.88,13.86,12.85,12.96
601615,明阳智能,14.48,0.9059233449477406,0.13000000000000078,517060586.0,36059202,0,14.43,14.51,14.19,14.35
601616,广电电气,3.86,-0.25839793281654344,-0.010000000000000231,46742826.0,12153100,0,3.88,3.88,3.8,3.87
601618,中国中冶,2.97,-0.3355704697986506,-0.009999999999999787,377155364.0,126868595,0,2.98,2.99,2.96,2.98
601619,嘉泽新能,4.44,-2.417582417582405,-0.10999999999999943,285939153.0,64428279,0,4.53,4.56,4.38,4.55
601628,中国人寿,45.5,-0.1536098310291865,-0.07000000000000028,447706655.0,9837547,0,45.6,45.79,45.24,45.57
601633,长城汽车,22.63,0.5777777777777733,0.129999999999999,343997315.0,15242797,0,22.6,22.81,22.4,22.5
601636,旗滨集团,5.93,-0.8361204013378044,-0.05000000000000071,147006233.0,24739541,0,6.0,6.03,5.91,5.98
601658,邮储银行,5.45,-0.18315018315017925,-0.009999999999999787,587212337.0,107640400,0,5.45,5.48,5.43,5.46
601665,齐鲁银行,5.74,1.7730496453900804,0.10000000000000053,484872479.0,84815244,0,5.63,5.76,5.61,5.64
601666,平煤股份,7.87,-0.631313131313129,-0.04999999999999982,72472660.0,9184420,0,7.9,7.94,7.86,7.92
601668,中国建筑,5.13,-0.5813953488372141,-0.03000000000000025,721085588.0,140127833,0,5.16,5.17,5.13,5.16
601669,中国电建,5.2,-0.19193857965450647,-0.009999999999999787,374794950.0,72122904,0,5.21,5.22,5.18,5.21
601677,明泰铝业,14.79,-0.47106325706595076,-0.07000000000000028,378101938.0,25420894,0,14.85,15.04,14.69,14.86
601678,滨化股份,4.24,-1.1655011655011613,-0.04999999999999982,118883962.0,28033327,0,4.28,4.3,4.2,4.29
601686,友发集团,6.28,-0.158982511923685,-0.009999999999999787,36570498.0,5832500,0,6.27,6.31,6.23,6.29
601688,华泰证券,23.59,0.0848536274925735,0.019999999999999574,1888682889.0,79700124,0,23.56,24.04,23.4,23.57
601689,拓普集团,77.18,-0.8988186954288504,-0.6999999999999886,3771364863.0,48511450,0,77.89,80.8,76.01,77.88
601696,中银证券,14.99,-1.7049180327868836,-0.2599999999999998,1626943186.0,106433240,0,15.3,15.63,14.98,15.25
601698,中国卫通,35.73,10.00615763546798,3.25,9309207569.0,273180383,0,32.24,35.73,31.8,32.48
601699,潞安环能,11.8,-0.4219409282700332,-0.049999999999998934,176880197.0,14997170,0,11.85,11.89,11.74,11.85
601700,风范股份,5.66,-1.5652173913043455,-0.08999999999999986,293178700.0,51362335,0,5.8,5.92,5.6,5.75
601702,华峰铝业,20.47,-0.5828071879553229,-0.120000000000001,92612609.0,4503367,0,20.57,20.75,20.4,20.59
601717,中创智领,24.55,-1.2469831053901799,-0.3099999999999987,259746756.0,10509073,0,24.93,24.97,24.52,24.86
601718,际华集团,3.35,-0.2976190476190413,-0.009999999999999787,119998498.0,35847942,0,3.36,3.38,3.32,3.36
601727,上海电气,8.61,1.7730496453900542,0.14999999999999858,1524861779.0,177917067,0,8.47,8.7,8.43,8.46
601728,中国电信,6.3,0.9615384615384551,0.05999999999999961,602750469.0,95926354,0,6.24,6.31,6.24,6.24
601766,中国中车,6.82,-0.43795620437955274,-0.02999999999999936,383328392.0,56150593,0,6.85,6.87,6.81,6.85
601777,千里科技,10.63,-0.6542056074766216,-0.06999999999999851,156451472.0,14646396,0,10.72,10.79,10.61,10.7
601778,晶科科技,3.72,1.0869565217391313,0.040000000000000036,464375028.0,124888453,0,3.7,3.78,3.64,3.68
601788,光大证券,17.55,-0.6228765571913897,-0.10999999999999943,396009427.0,22407500,0,17.69,17.81,17.55,17.66
601789,宁波建工,4.99,-0.3992015968063787,-0.019999999999999574,55022483.0,11009578,0,5.01,5.03,4.98,5.01
601798,蓝科高新,8.87,0.0,0.0,45888072.0,5214610,0,8.9,8.91,8.71,8.87
601799,星宇股份,123.37,-0.5962452662960236,-0.7399999999999949,186535360.0,1502400,0,124.5,125.9,123.25,124.11
601800,中国交建,8.24,-0.4830917874396033,-0.03999999999999915,141613231.0,17157601,0,8.28,8.31,8.23,8.28
601801,皖新传媒,6.58,1.3867488443759608,0.08999999999999986,87212898.0,13243300,0,6.49,6.64,6.48,6.49
601808,中海油服,14.04,0.07127583749108901,0.009999999999999787,108163930.0,7709063,0,14.05,14.17,13.96,14.03
601811,新华文轩,13.42,0.37397157816006515,0.05000000000000071,23337875.0,1738182,0,13.37,13.5,13.36,13.37
601816,京沪高铁,5.15,0.0,0.0,400333153.0,77547446,0,5.15,5.18,5.15,5.15
601818,光大银行,3.49,0.0,0.0,426867142.0,122343911,0,3.49,3.5,3.48,3.49
601825,沪农商行,9.29,1.308615049073056,0.11999999999999922,171618268.0,18534500,0,9.16,9.33,9.15,9.17
601827,三峰环境,8.47,2.418379685610654,0.20000000000000107,103098337.0,12205533,0,8.26,8.56,8.25,8.27
601828,美凯龙,2.7,-0.3690036900368925,-0.009999999999999787,60772296.0,22529712,0,2.73,2.75,2.67,2.71
601838,成都银行,16.12,0.0,0.0,379571454.0,23559167,0,16.11,16.17,16.07,16.12
601857,中国石油,10.41,1.560975609756099,0.16000000000000014,1771227332.0,170561058,0,10.26,10.47,10.26,10.25
601858,中国科传,18.15,1.9662921348314484,0.34999999999999787,106967447.0,5917739,0,17.82,18.24,17.78,17.8
601860,紫金银行,2.76,-0.3610108303249181,-0.010000000000000231,59371989.0,21419400,0,2.77,2.78,2.76,2.77
601865,福莱特,15.67,-1.3845185651353091,-0.22000000000000064,218365578.0,13840657,0,15.89,15.98,15.66,15.89
601866,中远海发,2.52,0.3984063745020013,0.010000000000000231,134611334.0,53546930,0,2.51,2.53,2.49,2.51
601868,中国能建,2.35,0.42735042735043727,0.010000000000000231,351585769.0,149680681,0,2.35,2.36,2.34,2.34
601869,长飞光纤,116.36,-2.4643755238893528,-2.9399999999999977,1560707471.0,13329773,0,120.54,121.0,115.55,119.3
601872,招商轮船,8.98,0.0,0.0,511521842.0,56796719,0,8.96,9.12,8.9,8.98
601877,正泰电器,27.89,-0.888415067519545,-0.25,566203325.0,20317126,0,28.2,28.25,27.67,28.14
601878,浙商证券,10.81,-0.3686635944700382,-0.03999999999999915,328904473.0,30292950,0,10.87,10.92,10.81,10.85
601880,辽港股份,1.6,0.6289308176100634,0.010000000000000009,124977000.0,78089874,0,1.59,1.61,1.58,1.59
601881,中国银河,15.72,-0.6321112515802758,-0.09999999999999964,517422950.0,32750504,0,15.83,15.93,15.7,15.82
601882,海天精工,19.46,-0.4094165813715368,-0.0799999999999983,29281567.0,1503395,0,19.54,19.6,19.38,19.54
601886,江河集团,8.16,2.900378310214381,0.23000000000000043,76937759.0,9510203,0,7.88,8.25,7.88,7.93
601888,中国中免,94.56,4.822081809112082,4.3500000000000085,7700568730.0,83146168,0,90.57,95.66,88.88,90.21
601890,亚星锚链,10.29,-1.0576923076923193,-0.11000000000000121,321042879.0,31214220,0,10.34,10.45,10.17,10.4
601898,中煤能源,12.44,-1.269841269841271,-0.16000000000000014,214462140.0,17205104,0,12.51,12.62,12.34,12.6
601899,紫金矿业,34.47,3.1418312387791656,1.0499999999999972,11802518174.0,341188218,0,33.48,35.36,33.39,33.42
601900,南方传媒,13.41,0.7513148009015751,0.09999999999999964,94233351.0,7003221,0,13.38,13.55,13.28,13.31
601901,方正证券,7.8,-0.2557544757033307,-0.020000000000000462,322204857.0,41243329,0,7.82,7.86,7.78,7.82
601908,京运通,3.91,-2.2499999999999964,-0.08999999999999986,194845424.0,49562492,0,4.0,4.01,3.9,4.0
601916,浙商银行,3.04,0.3300330033003377,0.010000000000000231,181578778.0,59813258,0,3.03,3.05,3.03,3.03
601918,新集能源,6.61,0.4559270516717363,0.03000000000000025,219414514.0,33218054,0,6.58,6.68,6.56,6.58
601919,中远海控,15.18,-0.5893909626719047,-0.08999999999999986,631912146.0,41444631,0,15.26,15.39,15.15,15.27
601921,浙版传媒,7.82,0.7731958762886663,0.0600000000000005,41472804.0,5302383,0,7.77,7.86,7.77,7.76
601928,凤凰传媒,10.04,0.8032128514056053,0.0799999999999983,117542651.0,11673425,0,10.0,10.14,9.99,9.96
601929,吉视传媒,3.44,1.7751479289940846,0.06000000000000005,637025008.0,186841029,0,3.38,3.47,3.32,3.38
601933,永辉超市,4.69,-4.674796747967471,-0.22999999999999954,2678660090.0,563361372,0,4.9,4.95,4.67,4.92
601939,建设银行,9.28,0.6507592190889232,0.05999999999999872,620585678.0,66914753,0,9.22,9.33,9.2,9.22
601949,中国出版,6.45,0.4672897196261721,0.03000000000000025,29384964.0,4552500,0,6.41,6.49,6.41,6.42
601952,苏垦农发,9.12,-0.4366812227074336,-0.040000000000000924,61181975.0,6712587,0,9.15,9.15,9.07,9.16
601956,东贝集团,7.13,-0.4189944134078247,-0.03000000000000025,54003649.0,7593500,0,7.2,7.23,7.06,7.16
601958,金钼股份,15.58,1.5645371577574982,0.2400000000000002,429409256.0,27499986,0,15.32,15.89,15.29,15.34
601963,重庆银行,10.83,-0.6422018348623879,-0.07000000000000028,73102896.0,6732400,0,10.89,10.92,10.81,10.9
601965,中国汽研,16.6,-1.1316259678379852,-0.18999999999999773,85311994.0,5127220,0,16.8,16.89,16.5,16.79
601966,玲珑轮胎,14.53,-0.6835269993164828,-0.10000000000000142,158649285.0,10904380,0,14.62,14.65,14.52,14.63
601968,宝钢包装,5.34,-0.7434944237918222,-0.040000000000000036,74999080.0,14065500,0,5.38,5.4,5.26,5.38
601969,海南矿业,11.88,0.33783783783784566,0.040000000000000924,920917920.0,76840476,0,12.0,12.23,11.76,11.84
601975,招商南油,3.02,-0.9836065573770428,-0.029999999999999805,215637688.0,71210311,0,3.05,3.06,3.01,3.05
601985,中国核电,8.65,-0.23068050749711155,-0.019999999999999574,358375543.0,41460409,0,8.67,8.68,8.63,8.67
601988,中国银行,5.73,1.058201058201067,0.0600000000000005,1728942716.0,302369271,0,5.66,5.76,5.66,5.67
601989,中国重工,5.1,0.0,0.0,0.0,0,0,0.0,0.0,0.0,5.1
601990,南京证券,7.92,-1.246882793017452,-0.09999999999999964,179735497.0,22588303,0,8.01,8.03,7.91,8.02
601991,大唐发电,3.49,-1.6901408450704116,-0.05999999999999961,371498291.0,106194143,0,3.54,3.55,3.47,3.55
601992,金隅集团,1.67,-0.5952380952380958,-0.010000000000000009,98625504.0,59013782,0,1.68,1.69,1.66,1.68
601995,中金公司,35.0,-0.5399261153736793,-0.18999999999999773,824777431.0,23473580,0,35.16,35.4,34.95,35.19
601996,丰林集团,2.25,-1.746724890829696,-0.040000000000000036,52152783.0,23097300,0,2.3,2.31,2.23,2.29
601997,贵阳银行,5.87,0.0,0.0,96892548.0,16488934,0,5.86,5.9,5.84,5.87
601998,中信银行,7.7,1.0498687664042003,0.08000000000000007,424484040.0,55399790,0,7.62,7.75,7.53,7.62
601999,出版传媒,6.87,0.5856515373352861,0.040000000000000036,30533461.0,4451400,0,6.83,6.92,6.77,6.83
603000,人民网,19.05,0.9004237288135684,0.1700000000000017,169250856.0,8880720,0,18.86,19.18,18.86,18.88
603001,奥康国际,8.95,4.190919674039574,0.35999999999999943,104334439.0,11813100,0,8.6,9.1,8.49,8.59
603002,宏昌电子,7.39,-1.335113484646202,-0.10000000000000053,131810525.0,17774150,0,7.52,7.56,7.36,7.49
603003,退市龙宇,2.44,0.0,0.0,0.0,0,0,0.0,0.0,0.0,2.44
603004,鼎龙科技,23.47,0.6432246998284673,0.14999999999999858,44108385.0,1891676,0,23.39,23.5,23.08,23.32
603005,晶方科技,27.66,-0.6465517241379299,-0.17999999999999972,285228842.0,10272391,0,27.89,27.96,27.62,27.84
603006,联明股份,13.12,-0.681302043906144,-0.09000000000000163,27462923.0,2100400,0,13.14,13.2,12.92,13.21
603007,*ST花王,6.04,3.247863247863255,0.1900000000000004,196201933.0,32908295,0,5.88,6.08,5.83,5.85
603008,喜临门,20.48,-8.489722966934757,-1.8999999999999986,762116048.0,36154327,0,22.49,22.8,20.14,22.38
603009,北特科技,48.16,-0.49586776859504544,-0.240000000000002,1014015765.0,21049984,0,49.0,49.0,47.29,48.4
603010,万盛股份,10.52,-1.1278195488721898,-0.120000000000001,49107085.0,4668200,0,10.65,10.68,10.45,10.64
603011,合锻智能,23.71,1.8470790378006858,0.4299999999999997,1553939806.0,66496982,0,23.06,24.12,22.37,23.28
603012,创力集团,6.04,1.0033444816053445,0.05999999999999961,55530528.0,9239910,0,6.03,6.08,5.94,5.98
603013,亚普股份,24.67,0.6117455138662403,0.15000000000000213,177258790.0,7175600,0,24.75,25.2,24.21,24.52
603015,弘讯科技,12.55,-2.7885360185902357,-0.35999999999999943,192400009.0,15486800,0,12.31,12.64,12.23,12.91
603016,新宏泰,30.12,3.0800821355236216,0.9000000000000021,118874388.0,4017353,0,29.2,30.5,28.62,29.22
603017,中衡设计,11.08,-1.946902654867262,-0.22000000000000064,356447836.0,32222017,0,11.04,11.31,10.84,11.3
603018,华设集团,7.61,0.6613756613756708,0.05000000000000071,35165896.0,4635436,0,7.56,7.64,7.52,7.56
603019,中科曙光,85.64,0.29277432954678534,0.25,3666829109.0,42798528,0,85.41,87.0,84.58,85.39
603020,爱普股份,10.14,0.19762845849803706,0.02000000000000135,29310276.0,2904900,0,10.1,10.17,10.0,10.12
603021,ST华鹏,4.67,2.63736263736264,0.1200000000000001,16484625.0,3605300,0,4.56,4.69,4.5,4.55
603022,新通联,10.27,0.2929687499999938,0.02999999999999936,54782589.0,5382120,0,10.25,10.32,10.03,10.24
603023,威帝股份,5.03,-5.981308411214942,-0.3199999999999994,213193603.0,41604355,0,5.37,5.37,5.03,5.35
603025,大豪科技,17.96,-0.9922822491730965,-0.17999999999999972,143268268.0,7971131,0,18.14,18.16,17.86,18.14
603026,石大胜华,74.81,-2.2091503267973827,-1.6899999999999977,545117339.0,7216181,0,76.41,77.68,74.66,76.5
603027,千禾味业,9.83,0.5112474437627885,0.05000000000000071,91563408.0,9305041,0,9.8,9.9,9.77,9.78
603028,赛福天,9.32,4.719101123595505,0.41999999999999993,371612030.0,41615556,0,8.96,9.33,8.61,8.9
603029,天鹅股份,18.24,0.0,0.0,36960003.0,2032580,0,18.35,18.35,18.03,18.24
603030,全筑股份,2.96,-1.0033444816053594,-0.03000000000000025,61602760.0,20848342,0,2.99,3.0,2.93,2.99
603031,安孚科技,44.3,-3.148229121119381,-1.4400000000000048,405228183.0,9091303,0,45.35,46.01,43.99,45.74
603032,德新科技,19.16,-1.1351909184726463,-0.21999999999999886,73331565.0,3809500,0,19.34,19.55,19.13,19.38
603033,三维股份,10.81,0.4646840148698951,0.05000000000000071,60539340.0,5621377,0,10.74,10.9,10.63,10.76
603035,常熟汽饰,15.47,-0.7697241821680514,-0.11999999999999922,84507258.0,5469114,0,15.63,15.65,15.35,15.59
603036,如通股份,21.37,5.2191038897095146,1.0600000000000023,156964035.0,7461800,0,20.36,21.47,20.15,20.31
603037,凯众股份,14.46,-0.6868131868131844,-0.09999999999999964,466801563.0,31513005,0,14.8,15.24,14.46,14.56
603038,华立股份,16.1,-1.0448678549477453,-0.16999999999999815,86733724.0,5374034,0,16.5,16.5,16.01,16.27
603039,泛微网络,53.54,3.2992475400347305,1.7100000000000009,261530981.0,4868523,0,51.32,55.18,51.2,51.83
603040,新坐标,91.99,0.32718944268731287,0.29999999999999716,136799827.0,1497629,0,91.69,92.5,90.35,91.69
603041,美思德,12.05,0.16625103906900543,0.02000000000000135,18680209.0,1560020,0,12.03,12.11,11.85,12.03
603042,华脉科技,16.97,-1.4518002322880372,-0.25,146984352.0,8653130,0,17.08,17.3,16.75,17.22
603043,XD广州酒,17.63,1.2055109070034287,0.2099999999999973,48154533.0,2733952,0,17.41,17.72,17.41,17.42
603045,福达合金,19.65,0.9763617677286625,0.18999999999999773,33156094.0,1699440,0,19.52,19.76,19.28,19.46
603048,浙江黎明,21.14,-0.18885741265344264,-0.03999999999999915,25932614.0,1225190,0,21.2,21.35,20.88,21.18
603050,科林电气,18.02,3.1482541499713834,0.5500000000000007,142714573.0,7936651,0,17.52,18.39,17.52,17.47
603051,鹿山新材,21.19,3.517342452369333,0.7200000000000024,168404448.0,8068209,0,20.58,21.26,20.1,20.47
603052,可川科技,31.55,-1.0351317440401453,-0.3299999999999983,199408444.0,6296288,0,31.69,32.47,31.18,31.88
603053,成都燃气,9.6,0.2087682672233776,0.019999999999999574,17552271.0,1828400,0,9.58,9.64,9.56,9.58
603055,台华新材,9.44,4.656319290465631,0.41999999999999993,119922598.0,12980380,0,9.05,9.5,9.02,9.02
603056,德邦股份,13.67,0.07320644216690914,0.009999999999999787,39665328.0,2909801,0,13.66,13.71,13.53,13.66
603057,紫燕食品,20.34,2.2110552763819165,0.4400000000000013,92419009.0,4579310,0,20.0,20.52,19.69,19.9
603058,永吉股份,9.37,-0.5307855626327039,-0.05000000000000071,63445442.0,6792700,0,9.36,9.45,9.25,9.42
603059,倍加洁,30.08,0.3670337003670318,0.10999999999999943,38964333.0,1304775,0,30.03,30.19,29.6,29.97
603060,国检集团,6.08,0.6622516556291397,0.040000000000000036,18693092.0,3084662,0,6.06,6.1,6.02,6.04
603061,金海通,140.4,0.9999280627293108,1.3900000000000148,180951137.0,1281638,0,140.12,143.48,137.71,139.01
603062,麦加芯彩,47.27,0.6815761448349313,0.3200000000000003,38243770.0,811300,0,46.61,47.5,46.5,46.95
603063,禾望电气,33.07,-1.518761167361519,-0.509999999999998,536225697.0,16208942,0,33.59,33.79,32.72,33.58
603065,宿迁联盛,8.31,-0.4790419161676545,-0.03999999999999915,36610831.0,4416562,0,8.35,8.35,8.22,8.35
603066,音飞储存,10.75,0.3734827264238949,0.03999999999999915,20838322.0,1947200,0,10.71,10.77,10.6,10.71
603067,振华股份,28.81,-0.6209037599172119,-0.17999999999999972,534392013.0,18605566,0,28.68,29.33,28.02,28.99
603068,博通集成,37.52,0.0800213390237427,0.030000000000001137,205359383.0,5480321,0,37.8,38.2,36.98,37.49
603069,海汽集团,27.15,-0.036818851251846696,-0.010000000000001563,925799865.0,33925258,0,27.15,28.48,26.29,27.16
603070,万控智造,12.96,-0.5372217958557062,-0.06999999999999851,28901407.0,2236647,0,13.01,13.08,12.87,13.03
603071,物产环能,13.22,0.22744503411676376,0.030000000000001137,15402011.0,1167763,0,13.13,13.25,13.09,13.19
603072,天和磁材,40.69,-0.9493670886075963,-0.39000000000000057,62507464.0,1532357,0,41.0,41.07,40.58,41.08
603073,彩蝶实业,18.79,0.4812834224598923,0.08999999999999986,23918584.0,1277200,0,18.89,18.9,18.49,18.7
603075,热威股份,21.84,-0.04576659038902317,-0.010000000000001563,33980380.0,1564751,0,21.99,22.0,21.52,21.85
603076,乐惠国际,23.44,0.12815036309270028,0.030000000000001137,26840433.0,1151598,0,23.42,23.54,23.09,23.41
603077,和邦生物,2.26,-0.4405286343612437,-0.010000000000000231,264706464.0,117906402,0,2.27,2.28,2.22,2.27
603078,江化微,17.85,1.305334846765042,0.23000000000000043,173981664.0,9713482,0,17.73,18.51,17.73,17.62
603079,圣达生物,17.72,5.980861244019139,1.0,164407553.0,9468076,0,16.72,17.82,16.49,16.72
603080,新疆火炬,23.62,-1.9510170195101655,-0.46999999999999886,205999786.0,8636701,0,24.0,24.38,23.51,24.09
603081,大丰实业,14.03,-0.28429282160626096,-0.040000000000000924,99449413.0,7113500,0,14.09,14.19,13.72,14.07
603082,北自科技,36.9,-0.24330900243309922,-0.09000000000000341,34665921.0,940107,0,36.98,37.1,36.7,36.99
603083,剑桥科技,134.38,-2.7007457823474175,-3.730000000000018,4075113518.0,30444303,0,135.12,137.55,130.95,138.11
603085,天成自控,11.85,-1.0851419031719596,-0.13000000000000078,346924948.0,29418387,0,11.92,12.02,11.64,11.98
603086,先达股份,8.22,-0.8443908323280883,-0.06999999999999851,72890101.0,8852748,0,8.38,8.38,8.19,8.29
603087,甘李药业,68.07,1.6577060931899634,1.1099999999999994,497170316.0,7317164,0,66.85,68.4,66.8,66.96
603088,宁波精达,10.33,-1.0536398467432897,-0.10999999999999943,78613409.0,7580201,0,10.47,10.47,10.3,10.44
603089,正裕工业,12.67,-0.7830853563038344,-0.09999999999999964,39410616.0,3116855,0,12.82,12.82,12.53,12.77
603090,宏盛股份,55.45,-6.775386684599856,-4.029999999999994,434553787.0,7759600,0,59.47,59.69,54.56,59.48
603091,众鑫股份,79.21,0.15172588190667635,0.11999999999999034,28756441.0,362045,0,79.99,80.2,78.91,79.09
603093,南华期货,19.49,-1.3164556962025395,-0.26000000000000156,113919647.0,5804700,0,19.72,20.03,19.43,19.75
603095,越剑智能,17.84,-1.8701870187018694,-0.33999999999999986,249441651.0,14194113,0,17.82,18.12,17.04,18.18
603096,新经典,17.42,0.6936416184971156,0.120000000000001,16018873.0,919600,0,17.31,17.55,17.23,17.3
603097,江苏华辰,28.4,-1.1486251305255895,-0.33000000000000185,85173292.0,3005842,0,28.78,28.96,28.01,28.73
603098,森特股份,13.91,-0.9259259259259189,-0.129999999999999,56657557.0,4066900,0,14.05,14.09,13.83,14.04
603099,长白山,45.15,-1.890482398956985,-0.8700000000000045,273740950.0,6062999,0,46.11,46.15,44.9,46.02
603100,川仪股份,23.0,1.2769704975781555,0.28999999999999915,85408875.0,3735058,0,22.73,23.03,22.65,22.71
603101,汇嘉时代,9.66,1.3641133263378886,0.13000000000000078,70036605.0,7275995,0,9.55,9.75,9.5,9.53
603102,百合股份,42.97,1.7764092846991948,0.75,20491412.0,479500,0,42.22,43.0,42.02,42.22
603103,横店影视,16.58,0.9744214372715991,0.1599999999999966,121536773.0,7339039,0,16.32,16.8,16.24,16.42
603105,芯能科技,9.19,-0.10869565217391072,-0.009999999999999787,86883815.0,9472205,0,9.2,9.28,9.08,9.2
603106,恒银科技,10.69,0.8490566037735837,0.08999999999999986,216359232.0,20287318,0,10.51,10.87,10.43,10.6
603107,上海汽配,14.83,-0.33602150537634884,-0.05000000000000071,35563750.0,2391072,0,14.89,14.95,14.81,14.88
603108,润达医疗,14.95,0.8771929824561335,0.129999999999999,154561949.0,10367900,0,14.85,15.04,14.76,14.82
603109,神驰机电,25.79,-0.7313317936874568,-0.19000000000000128,85462249.0,3341380,0,26.16,26.16,25.4,25.98
603110,东方材料,16.06,0.374999999999992,0.05999999999999872,85626127.0,5379056,0,16.1,16.1,15.71,16.0
603111,康尼机电,6.85,-0.5805515239477509,-0.040000000000000036,34442950.0,5014229,0,6.92,6.92,6.85,6.89
603112,华翔股份,17.37,-2.2509848058525526,-0.3999999999999986,91698429.0,5257400,0,17.86,17.89,17.32,17.77
603113,金能科技,6.11,-1.2924071082390964,-0.08000000000000007,49759593.0,8145474,0,6.2,6.2,6.08,6.19
603115,海星股份,18.71,-0.0534188034187928,-0.00999999999999801,31198029.0,1669600,0,18.85,18.85,18.6,18.72
603116,红蜻蜓,6.13,-2.6984126984126977,-0.16999999999999993,190381995.0,30775541,0,6.26,6.31,6.1,6.3
603117,万林物流,4.72,1.5053763440860084,0.0699999999999994,28951821.0,6201440,0,4.66,4.73,4.61,4.65
603118,共进股份,11.5,-1.3722126929674112,-0.16000000000000014,170267725.0,14773901,0,11.64,11.67,11.45,11.66
603119,浙江荣泰,115.67,-1.8164841694253464,-2.1400000000000006,2158647560.0,18732786,0,117.0,118.5,112.56,117.81
603121,华培动力,21.16,-1.4438751746623135,-0.3099999999999987,155140286.0,7305341,0,21.8,21.8,20.96,21.47
603122,合富中国,24.4,-6.153846153846159,-1.6000000000000014,1850405336.0,74264227,0,25.42,26.5,24.05,26.0
603123,翠微股份,16.81,2.6251526251526234,0.4299999999999997,2964018426.0,177628625,0,15.61,17.62,15.61,16.38
603124,江南新材,78.87,-3.1794745887552045,-2.589999999999989,142482240.0,1796811,0,81.0,81.5,78.5,81.46
603125,常青科技,16.88,-1.4018691588785164,-0.240000000000002,60055023.0,3547837,0,17.15,17.2,16.76,17.12
603126,中材节能,6.72,0.5988023952095813,0.040000000000000036,32909066.0,4932507,0,6.68,6.74,6.59,6.68
603127,昭衍新药,35.01,0.6034482758620715,0.21000000000000085,590187713.0,16741547,0,34.8,35.82,34.5,34.8
603128,华贸物流,6.1,0.3289473684210456,0.019999999999999574,98541166.0,16161952,0,6.09,6.13,6.06,6.08
603129,春风动力,278.68,-0.07171543316121222,-0.19999999999998863,173717120.0,623312,0,280.18,281.5,276.26,278.88
603130,云中马,56.65,9.999999999999998,5.149999999999999,330639816.0,6055309,0,51.49,56.65,50.91,51.5
603131,上海沪工,30.25,1.7833109017496673,0.5300000000000011,1025745762.0,33911863,0,29.99,30.8,29.21,29.72
603132,金徽股份,14.67,0.8247422680412317,0.11999999999999922,60379276.0,4122170,0,14.55,14.78,14.45,14.55
603135,中重科技,9.21,0.5458515283842873,0.05000000000000071,28474628.0,3105793,0,9.15,9.23,9.08,9.16
603136,天目湖,11.78,0.25531914893616475,0.02999999999999936,64073093.0,5452545,0,11.73,11.82,11.64,11.75
603137,恒尚节能,13.74,-0.07272727272727117,-0.009999999999999787,25780366.0,1885822,0,13.75,13.81,13.6,13.75
603138,海量数据,14.22,0.8510638297872412,0.120000000000001,53404188.0,3768700,0,14.09,14.32,14.0,14.1
603139,康惠股份,20.47,0.9866798223976285,0.1999999999999993,36229456.0,1775700,0,20.41,20.73,20.01,20.27
603150,万朗磁塑,37.98,-1.1709601873536373,-0.45000000000000284,51486675.0,1351164,0,38.59,38.65,37.85,38.43
603151,邦基科技,18.02,-1.9052803483941287,-0.3500000000000014,42593067.0,2363360,0,18.34,18.44,17.85,18.37
603153,上海建科,17.0,0.41346721795629227,0.07000000000000028,26438586.0,1560100,0,16.9,17.05,16.81,16.93
603155,新亚强,17.13,-0.7531865585168166,-0.13000000000000256,62208870.0,3643573,0,17.17,17.3,16.81,17.26
603156,养元饮品,28.75,9.98469778117827,2.6099999999999994,536011002.0,19378048,0,27.5,28.75,26.61,26.14
603158,腾龙股份,10.6,-1.8518518518518614,-0.20000000000000107,164462221.0,15508620,0,10.77,10.81,10.53,10.8
603159,上海亚虹,25.71,0.0,0.0,66741855.0,2621540,0,25.63,25.93,25.04,25.71
603160,汇顶科技,79.0,0.5728835136855542,0.45000000000000284,300584199.0,3822261,0,78.56,79.17,77.86,78.55
603161,科华控股,13.73,-0.36284470246733624,-0.049999999999998934,21449778.0,1563546,0,13.87,13.87,13.62,13.78
603162,海通发展,12.04,-2.0341741253051264,-0.25,193126984.0,16035537,0,12.39,12.39,11.8,12.29
603163,圣晖集成,68.6,-2.223489167616879,-1.5600000000000023,316050868.0,4563226,0,71.49,71.6,68.5,70.16
603165,荣晟环保,12.65,-0.7064364207221339,-0.08999999999999986,61351678.0,4821401,0,13.0,13.0,12.6,12.74
603166,福达股份,15.7,-2.2415940224159367,-0.35999999999999943,251056348.0,15916265,0,16.17,16.2,15.63,16.06
603167,渤海轮渡,9.43,1.3978494623655806,0.129999999999999,45258324.0,4826501,0,9.29,9.44,9.29,9.3
603168,莎普爱思,7.36,-0.4059539918809116,-0.02999999999999936,25263205.0,3442259,0,7.38,7.4,7.27,7.39
603169,兰石重装,10.66,0.3766478342749617,0.040000000000000924,550870968.0,51923749,0,10.55,10.79,10.4,10.62
603170,宝立食品,14.28,0.5633802816901414,0.08000000000000007,27519641.0,1924341,0,14.2,14.39,14.2,14.2
603171,税友股份,55.13,1.9038817005545308,1.0300000000000011,479266945.0,8636272,0,53.78,56.87,53.58,54.1
603172,万丰股份,17.8,0.6218202374222692,0.10999999999999943,29922421.0,1696307,0,17.69,17.9,17.4,17.69
603173,福斯达,42.82,-0.8796296296296354,-0.38000000000000256,70869438.0,1652420,0,43.2,43.39,42.5,43.2
603176,汇通集团,5.26,0.0,0.0,24681558.0,4708600,0,5.24,5.29,5.19,5.26
603177,德创环保,11.13,-2.368421052631575,-0.2699999999999996,40143376.0,3594600,0,11.41,11.45,11.05,11.4
603178,圣龙股份,18.87,-1.307531380753138,-0.25,85641967.0,4513650,0,19.45,19.45,18.84,19.12
603179,新泉股份,73.88,-0.41784607089904613,-0.3100000000000023,1215976690.0,16624311,0,74.19,74.5,72.19,74.19
603180,金牌家居,20.39,0.393894633185632,0.08000000000000185,30049575.0,1480700,0,20.35,20.6,20.02,20.31
603181,皇马科技,14.29,-1.7193947730398902,-0.25,126650960.0,8851233,0,14.59,14.59,14.22,14.54
603182,嘉华股份,15.82,-0.877192982456144,-0.14000000000000057,27019007.0,1711746,0,15.85,15.91,15.64,15.96
603183,建研院,4.31,0.7009345794392373,0.02999999999999936,32670905.0,7625732,0,4.28,4.34,4.22,4.28
603185,弘元绿能,30.5,-1.6129032258064515,-0.5,464508877.0,15091849,0,31.0,31.5,30.41,31.0
603186,华正新材,49.6,-0.7603041216486505,-0.37999999999999545,407141876.0,8143400,0,50.18,51.48,49.05,49.98
603187,海容冷链,15.69,1.2258064516129,0.1899999999999995,83603659.0,5382818,0,15.49,15.75,15.25,15.5
603188,亚邦股份,4.59,0.6578947368421107,0.03000000000000025,44834461.0,9862200,0,4.55,4.61,4.48,4.56
603189,网达软件,19.03,0.741132874536795,0.14000000000000057,125429900.0,6636890,0,18.88,19.09,18.61,18.89
603190,亚通精工,26.97,1.0490820532034377,0.2799999999999976,83318678.0,3104128,0,26.72,27.28,26.29,26.69
603191,望变电气,14.81,-0.8037508372404502,-0.11999999999999922,80560512.0,5442975,0,15.07,15.07,14.7,14.93
603192,汇得科技,26.24,-8.635097493036213,-2.4800000000000004,434246259.0,16218299,0,28.72,29.38,25.85,28.72
603193,润本股份,24.23,0.12396694214876502,0.030000000000001137,28947346.0,1194815,0,24.2,24.45,24.12,24.2
603194,中力股份,39.31,3.0676455165180956,1.1700000000000017,212877294.0,5437088,0,38.14,39.9,38.02,38.14
603195,公牛集团,40.83,-0.19555120997310754,-0.0799999999999983,72711207.0,1779624,0,40.88,41.04,40.8,40.91
603196,日播时尚,25.53,1.2291831879460835,0.3100000000000023,68523089.0,2702300,0,25.15,25.84,24.9,25.22
603197,保隆科技,36.99,1.1208310552214427,0.4100000000000037,185501595.0,5032945,0,36.84,37.25,36.35,36.58
603198,迎驾贡酒,39.56,-1.2727726478662291,-0.509999999999998,146802314.0,3695632,0,40.0,40.36,39.41,40.07
603199,九华旅游,36.76,1.68741355463347,0.6099999999999994,54750726.0,1497600,0,36.08,36.93,36.04,36.15
603200,上海洗霸,71.14,-0.19640852974186387,-0.14000000000000057,334772874.0,4692549,0,71.45,72.5,69.9,71.28
603201,常润股份,16.88,-0.23640661938535873,-0.0400000000000027,17986155.0,1066063,0,16.94,16.98,16.78,16.92
603203,快克智能,36.61,-2.1907560780122903,-0.8200000000000003,158185876.0,4280050,0,37.44,38.1,36.52,37.43
603205,健尔康,28.59,-2.222982216142266,-0.6499999999999986,82261373.0,2893893,0,28.7,28.86,28.22,29.24
603206,嘉环科技,17.29,2.3076923076923115,0.39000000000000057,88334116.0,5145000,0,16.87,17.29,16.8,16.9
603207,小方制药,28.62,-0.3481894150417753,-0.09999999999999787,11476714.0,400280,0,28.84,28.84,28.61,28.72
603208,江山欧派,14.55,0.6224066390041484,0.08999999999999986,22120733.0,1530069,0,14.5,14.59,14.33,14.46
603209,兴通股份,15.15,-0.459921156373195,-0.07000000000000028,94860262.0,6263619,0,15.23,15.28,15.0,15.22
603211,晋拓股份,22.55,-4.489623041084282,-1.0599999999999987,473998970.0,20630500,0,24.32,24.48,22.5,23.61
603212,赛伍技术,14.29,0.9893992932862106,0.1399999999999988,509835438.0,35491582,0,14.3,14.75,13.97,14.15
603213,镇洋发展,13.13,0.535987748851457,0.07000000000000028,18033944.0,1380189,0,13.07,13.14,13.02,13.06
603214,爱婴室,17.16,0.9411764705882361,0.16000000000000014,54013913.0,3170140,0,17.09,17.16,16.89,17.0
603215,比依股份,22.04,5.961538461538454,1.2399999999999984,459962617.0,20773851,0,22.0,22.88,20.52,20.8
603216,梦天家居,47.0,1.2931034482758652,0.6000000000000014,312818658.0,6814762,0,44.42,47.69,44.2,46.4
603217,元利科技,25.62,-0.7745933384972862,-0.1999999999999993,61206442.0,2395016,0,25.81,25.89,25.25,25.82
603218,日月股份,13.25,0.37878787878788417,0.05000000000000071,108770426.0,8252600,0,13.19,13.28,13.02,13.2
603219,富佳股份,16.84,2.996941896024455,0.48999999999999844,149539762.0,8896285,0,16.37,17.12,16.29,16.35
603220,中贝通信,21.3,0.1410437235543072,0.030000000000001137,146482234.0,6894399,0,21.25,21.4,21.07,21.27
603221,爱丽家居,13.1,-0.15243902439024065,-0.019999999999999574,283392118.0,21694206,0,13.12,13.27,12.86,13.12
603222,济民健康,9.13,-0.7608695652173751,-0.06999999999999851,93908537.0,10271511,0,9.19,9.22,9.08,9.2
603223,恒通股份,9.3,-0.6410256410256274,-0.05999999999999872,47235700.0,5081877,0,9.39,9.4,9.25,9.36
603225,新凤鸣,19.46,-2.2110552763818982,-0.4399999999999977,213536740.0,10880328,0,19.71,20.04,19.38,19.9
603226,菲林格尔,31.62,0.15837820715869722,0.05000000000000071,123085160.0,3927602,0,32.13,32.13,30.64,31.57
603227,雪峰科技,8.32,0.48309178743962466,0.040000000000000924,53283366.0,6410160,0,8.28,8.34,8.26,8.28
603228,景旺电子,73.09,-4.244726843966979,-3.239999999999995,1400849272.0,18905886,0,76.4,76.4,73.03,76.33
603229,奥翔药业,9.92,5.196182396606577,0.4900000000000002,165643157.0,16790098,0,9.52,10.11,9.46,9.43
603230,内蒙新华,12.35,-0.4834810636583441,-0.0600000000000005,36217770.0,2930600,0,12.33,12.4,12.28,12.41
603231,索宝蛋白,18.32,1.2714206744057515,0.23000000000000043,33737805.0,1855145,0,18.12,18.33,18.0,18.09
603232,格尔软件,22.95,-0.08707009142359415,-0.019999999999999574,465276301.0,20517100,0,22.97,23.15,22.21,22.97
603233,大参林,17.62,-0.620417371686404,-0.10999999999999943,60073453.0,3398465,0,17.73,17.82,17.55,17.73
603235,天新药业,26.97,0.1857355126300043,0.04999999999999716,14491692.0,539175,0,26.93,26.98,26.78,26.92
603236,移远通信,95.41,1.3813622356816462,1.2999999999999972,1069059537.0,11249357,0,94.75,96.96,92.92,94.11
603237,五芳斋,16.68,0.8464328899637278,0.14000000000000057,27272855.0,1635961,0,16.52,16.78,16.52,16.54
603238,诺邦股份,17.62,2.6806526806526856,0.46000000000000085,35908698.0,2057435,0,17.09,17.74,17.01,17.16
603239,浙江仙通,20.51,-2.796208530805686,-0.5899999999999999,115617872.0,5596017,0,21.32,21.32,20.45,21.1
603255,鼎际得,29.32,1.5587114651887748,0.4499999999999993,29275843.0,1001700,0,28.86,29.56,28.75,28.87
603256,宏和科技,36.81,-2.901609074122908,-1.0999999999999943,682223768.0,18324605,0,37.84,38.36,36.5,37.91
603258,电魂网络,18.51,-0.05399568034556161,-0.00999999999999801,37931114.0,2047500,0,18.47,18.68,18.4,18.52
603259,药明康德,90.64,-1.3710554951033789,-1.2600000000000051,3863086989.0,41916589,0,91.9,93.79,90.64,91.9
603260,合盛硅业,52.7,-1.8256333830104263,-0.9799999999999969,356032344.0,6726661,0,53.4,53.85,52.63,53.68
603261,*ST立航,24.15,1.9417475728155225,0.4599999999999973,12216141.0,506100,0,23.85,24.59,23.69,23.69
603266,天龙股份,22.76,0.1760563380281809,0.0400000000000027,142091103.0,6202295,0,23.0,23.28,22.55,22.72
603267,鸿远电子,54.43,2.1584084084084054,1.1499999999999986,563765504.0,10461289,0,53.0,54.83,52.85,53.28
603268,*ST松发,83.38,-2.6503210741389496,-2.2700000000000102,228020116.0,2708400,0,86.5,87.5,82.6,85.65
603269,海鸥股份,13.09,-1.5048908954100775,-0.1999999999999993,138132807.0,10508676,0,13.45,13.47,12.99,13.29
603270,金帝股份,27.03,1.3498312710911113,0.35999999999999943,336287908.0,12663287,0,26.48,27.4,26.01,26.67
603271,永杰新材,41.08,-0.9643201542912214,-0.3999999999999986,64527474.0,1563165,0,41.43,41.68,40.96,41.48
603272,联翔股份,20.11,10.01094091903719,1.8299999999999983,102227243.0,5243816,0,18.28,20.11,18.13,18.28
603273,天元智能,20.99,3.859475507174654,0.7799999999999976,151399408.0,7321458,0,20.2,21.1,20.0,20.21
603275,众辰科技,45.58,-0.2625820568927889,-0.12000000000000455,188021361.0,4100658,0,46.35,46.38,45.01,45.7
603276,恒兴新材,16.6,0.911854103343478,0.15000000000000213,31160665.0,1892010,0,16.56,16.63,16.2,16.45
603277,银都股份,16.83,-1.2323943661971881,-0.21000000000000085,16805944.0,992580,0,17.01,17.06,16.83,17.04
603278,大业股份,17.04,10.006455777921232,1.549999999999999,1920769083.0,122768807,0,17.03,17.04,13.95,15.49
603279,景津装备,16.87,2.553191489361713,0.4200000000000017,151585613.0,9016600,0,16.67,17.03,16.36,16.45
603280,南方路机,37.4,-0.6376195536663177,-0.240000000000002,60963626.0,1633500,0,37.81,37.93,37.1,37.64
603281,江瀚新材,27.75,-0.8928571428571428,-0.25,35701637.0,1276320,0,28.11,28.28,27.65,28.0
603282,亚光股份,19.84,-0.5513784461152854,-0.10999999999999943,28380949.0,1428400,0,19.95,20.1,19.61,19.95
603283,赛腾股份,43.32,-1.095890410958897,-0.4799999999999969,329151367.0,7517416,0,44.5,44.5,43.2,43.8
603285,键邦股份,24.36,0.24691358024690832,0.05999999999999872,21368375.0,878903,0,24.31,24.44,24.2,24.3
603286,日盈电子,69.16,2.993298585256874,2.009999999999991,691937621.0,9985000,0,67.18,72.0,65.48,67.15
603288,海天味业,37.02,-0.6974248927038573,-0.259999999999998,366462306.0,9882942,0,37.24,37.31,36.98,37.28
603289,泰瑞机器,10.12,0.29732408325073695,0.02999999999999936,30284968.0,3019970,0,10.09,10.13,9.91,10.09
603290,斯达半导,96.09,-1.5471311475409744,-1.509999999999991,333645919.0,3453341,0,97.99,98.15,95.7,97.6
603291,联合水务,9.64,0.31217481789803475,0.030000000000001137,23303356.0,2417572,0,9.69,9.69,9.56,9.61
603296,华勤技术,90.74,-1.9556996218260423,-1.8100000000000023,691021777.0,7585294,0,93.02,93.21,90.04,92.55
603297,永新光学,105.3,1.0847652875107952,1.1299999999999955,202262309.0,1922700,0,104.36,106.45,103.39,104.17
603298,杭叉集团,26.57,-1.2267657992564993,-0.3299999999999983,175572994.0,6611416,0,26.93,27.05,26.29,26.9
603299,苏盐井神,10.42,-0.19157088122604957,-0.019999999999999574,51400566.0,4936699,0,10.42,10.5,10.31,10.44
603300,海南华铁,7.85,-0.5069708491761729,-0.040000000000000036,927632579.0,118198619,0,7.86,7.97,7.73,7.89
603301,振德医疗,70.5,-0.35335689045936397,-0.25,158185976.0,2236917,0,70.52,71.63,69.91,70.75
603303,得邦照明,12.89,-0.3093580819798851,-0.03999999999999915,13691165.0,1061681,0,12.9,12.99,12.84,12.93
603305,旭升集团,16.18,-3.3452807646355964,-0.5599999999999987,1339102087.0,82798046,0,16.6,16.77,15.95,16.74
603306,华懋科技,63.01,1.8096623040878939,1.1199999999999974,664497890.0,10635421,0,62.17,63.7,61.21,61.89
603307,扬州金泉,39.31,0.8207232623749685,0.3200000000000003,18487490.0,473147,0,38.99,39.38,38.62,38.99
603308,应流股份,41.75,-3.2893212879314375,-1.4200000000000017,732738240.0,17600723,0,42.68,42.77,41.16,43.17
603309,维力医疗,13.59,0.1473839351510654,0.019999999999999574,28566865.0,2100700,0,13.67,13.67,13.55,13.57
603310,巍华新材,16.81,-0.2373887240356243,-0.0400000000000027,20037146.0,1190531,0,16.89,16.94,16.8,16.85
603311,金海高科,15.28,-2.1766965428937253,-0.33999999999999986,259941692.0,16672000,0,15.61,16.05,15.22,15.62
603312,西典新能,46.8,-0.14934926392148556,-0.07000000000000028,71053819.0,1514800,0,46.77,47.77,46.26,46.87
603313,梦百合,8.9,-1.5486725663716683,-0.1399999999999988,86510500.0,9669870,0,9.04,9.08,8.87,9.04
603315,福鞍股份,15.53,-1.8331226295828125,-0.2900000000000009,130958188.0,8457400,0,15.7,15.7,15.34,15.82
603316,诚邦股份,14.5,-1.3605442176870701,-0.1999999999999993,124964435.0,8650330,0,14.71,15.28,14.06,14.7
603317,天味食品,12.52,-0.7137192704203003,-0.08999999999999986,48677357.0,3883177,0,12.61,12.67,12.42,12.61
603318,水发燃气,6.7,1.3615733736762459,0.08999999999999986,54591426.0,8181200,0,6.62,6.75,6.6,6.61
603319,美湖股份,36.58,-4.440961337513069,-1.7000000000000028,735089835.0,19767996,0,38.53,38.69,36.57,38.28
603320,迪贝电气,19.06,2.7493261455525495,0.509999999999998,64239225.0,3421865,0,18.59,19.16,18.25,18.55
603321,梅轮电梯,8.04,0.24937655860348598,0.019999999999999574,40956045.0,5095800,0,8.11,8.18,7.94,8.02
603322,超讯通信,38.36,-0.8785529715762361,-0.3400000000000034,207184614.0,5391300,0,38.7,38.7,38.23,38.7
603323,苏农银行,5.05,0.19841269841269418,0.009999999999999787,75501605.0,14949514,0,5.05,5.07,5.03,5.04
603324,盛剑科技,24.77,-0.48212133386902767,-0.120000000000001,53759874.0,2158020,0,25.06,25.35,24.74,24.89
603325,博隆技术,77.77,0.19324916258695113,0.14999999999999147,24536185.0,316497,0,77.65,78.02,77.12,77.62
603326,我乐家居,8.9,0.2252252252252204,0.019999999999999574,22388207.0,2529000,0,8.9,8.94,8.77,8.88
603327,福蓉科技,10.86,0.27700831024930156,0.02999999999999936,283836162.0,26186340,0,11.05,11.11,10.7,10.83
603328,依顿电子,10.96,-1.7040358744394573,-0.1899999999999995,137643908.0,12454701,0,11.16,11.19,10.96,11.15
603329,上海雅仕,11.0,0.0,0.0,16985509.0,1548924,0,11.04,11.06,10.87,11.0
603330,天洋新材,7.24,-0.13793103448275568,-0.009999999999999787,32628416.0,4527098,0,7.27,7.29,7.16,7.25
603331,百达精工,14.25,10.038610038610045,1.3000000000000007,273087746.0,19742973,0,12.98,14.25,12.87,12.95
603332,苏州龙杰,13.88,4.204204204204208,0.5600000000000005,292882086.0,21423648,0,13.26,14.33,13.11,13.32
603333,尚纬股份,8.35,0.9673518742442574,0.08000000000000007,112372907.0,13433300,0,8.33,8.47,8.27,8.27
603335,迪生力,5.63,0.35650623885917243,0.019999999999999574,41844710.0,7507425,0,5.6,5.69,5.5,5.61
603336,宏辉果蔬,8.56,-1.49597238204832,-0.129999999999999,90062573.0,10597400,0,8.69,8.69,8.38,8.69
603337,杰克科技,43.33,2.5076886680861015,1.0599999999999952,393979042.0,9155641,0,42.77,43.85,41.6,42.27
603338,浙江鼎力,56.64,-0.8576929809207107,-0.490000000000002,273834692.0,4843908,0,57.2,57.2,56.0,57.13
603339,四方科技,12.83,-0.5426356589147309,-0.07000000000000028,30097685.0,2347896,0,12.87,13.0,12.75,12.9
603341,龙旗科技,42.26,0.2609727164887294,0.10999999999999943,323490269.0,7611401,0,42.83,43.2,42.0,42.15
603344,星德胜,37.36,10.011778563015309,3.3999999999999986,220001473.0,6014527,0,33.98,37.36,33.8,33.96
603345,安井食品,79.28,-0.6391778418348227,-0.5100000000000051,203743535.0,2568275,0,79.88,80.06,79.05,79.79
603348,文灿股份,19.26,-0.5165289256198237,-0.09999999999999787,48024100.0,2486415,0,19.36,19.46,19.17,19.36
603350,安乃达,38.09,-0.9362808842652781,-0.35999999999999943,34360104.0,899936,0,38.33,38.55,38.02,38.45
603351,威尔药业,26.02,1.3634592910011603,0.34999999999999787,17565555.0,680652,0,25.67,26.03,25.6,25.67
603353,和顺石油,27.33,2.32122800449269,0.6199999999999974,247723015.0,9106530,0,27.11,28.33,26.2,26.71
603355,莱克电气,31.73,-0.18873859704309132,-0.05999999999999872,101806471.0,3223500,0,31.92,32.5,31.27,31.79
603356,华菱精工,14.19,-0.1407459535538448,-0.02000000000000135,38298382.0,2705900,0,14.21,14.34,13.96,14.21
603357,设计总院,8.15,0.7416563658838133,0.0600000000000005,35579298.0,4383449,0,8.09,8.17,8.07,8.09
603358,华达科技,50.5,2.1027092600080857,1.0399999999999991,236190601.0,4684216,0,49.47,51.1,49.44,49.46
603359,东珠生态,9.54,-4.312938816449362,-0.4300000000000015,894867559.0,90742851,0,10.5,10.5,9.31,9.97
603360,百傲化学,32.22,0.7189746795873724,0.23000000000000043,325187857.0,10131516,0,31.82,32.58,31.68,31.99
603363,傲农生物,4.61,-1.9148936170212734,-0.08999999999999986,128820350.0,27903275,0,4.68,4.69,4.6,4.7
603365,水星家纺,21.04,0.23820867079562036,0.05000000000000071,45839347.0,2180400,0,21.09,21.33,20.63,20.99
603366,日出东方,9.61,-0.4145077720207349,-0.040000000000000924,145095036.0,15106193,0,9.69,9.69,9.53,9.65
603367,辰欣药业,17.32,-0.9719839908519049,-0.16999999999999815,123703555.0,7132300,0,17.49,17.49,17.28,17.49
603368,柳药集团,17.82,0.621118012422357,0.10999999999999943,63743176.0,3589200,0,17.74,17.83,17.7,17.71
603369,今世缘,34.78,-0.5433228481555554,-0.18999999999999773,114511267.0,3289135,0,34.85,35.06,34.73,34.97
603373,安邦护卫,37.96,0.7163703900238874,0.2700000000000031,34208147.0,904032,0,37.57,38.1,37.31,37.69
603375,盛景微,36.5,0.054824561403517345,0.020000000000003126,35272574.0,968212,0,36.5,36.78,36.17,36.48
603377,ST东时,3.76,-1.0526315789473695,-0.040000000000000036,23701642.0,6309920,0,3.82,3.83,3.73,3.8
603378,亚士创能,6.81,0.7396449704141985,0.04999999999999982,70544459.0,10538388,0,6.74,6.84,6.52,6.76
603379,三美股份,60.72,0.18148820326678672,0.10999999999999943,198469909.0,3278903,0,60.61,60.98,59.88,60.61
603380,易德龙,38.0,-3.5532994923857837,-1.3999999999999986,136527419.0,3533188,0,39.45,39.8,37.92,39.4
603381,永臻股份,19.86,-1.2431626056688214,-0.25,47549237.0,2387972,0,20.11,20.11,19.81,20.11
603383,顶点软件,36.11,-0.6875687568756876,-0.25,131148369.0,3618784,0,36.33,36.61,36.06,36.36
603385,惠达卫浴,6.84,0.7363770250368162,0.04999999999999982,21939937.0,3226415,0,6.79,6.88,6.71,6.79
603386,骏亚科技,15.33,-6.238532110091751,-1.0200000000000014,642049850.0,41180300,0,16.08,16.12,15.3,16.35
603387,基蛋生物,8.37,0.480192076830722,0.03999999999999915,50624225.0,6042110,0,8.33,8.46,8.3,8.33
603388,*ST元成,0.58,0.0,0.0,0.0,0,0,0.0,0.0,0.0,0.58
603389,*ST亚振,45.16,-5.006310475389151,-2.3800000000000026,195667638.0,4180455,0,48.2,49.77,45.16,47.54
603390,通达电气,13.07,1.632970451010893,0.21000000000000085,114223832.0,8813700,0,12.86,13.12,12.72,12.86
603391,力聚热能,65.47,-0.9680834972016346,-0.6400000000000006,63777502.0,960339,0,66.39,67.48,65.47,66.11
603392,万泰生物,44.94,-1.6199649737303021,-0.740000000000002,136824885.0,3037301,0,45.68,45.75,44.79,45.68
603393,新天然气,26.59,-1.3724035608308642,-0.370000000000001,104440716.0,3898328,0,27.0,27.14,26.59,26.96
603395,红四方,29.23,-1.1163734776725247,-0.3299999999999983,55802963.0,1907477,0,29.48,29.55,29.1,29.56
603396,金辰股份,33.55,-0.592592592592601,-0.20000000000000284,112181891.0,3340500,0,34.11,34.14,33.23,33.75
603398,*ST沐邦,8.27,-2.361275088547828,-0.20000000000000107,115079185.0,13947219,0,8.38,8.45,8.11,8.47
603399,永杉锂业,10.39,-0.9532888465204923,-0.09999999999999964,122790077.0,11736014,0,10.52,10.66,10.35,10.49
603408,建霖家居,13.54,-3.6298932384341747,-0.5100000000000016,102583870.0,7524156,0,14.05,14.05,13.42,14.05
603409,汇通控股,37.23,0.02686727565824291,0.00999999999999801,76701935.0,2051842,0,37.07,37.68,37.0,37.22
603416,信捷电气,55.23,-1.2162403863351812,-0.6799999999999997,175367491.0,3148400,0,55.8,56.97,55.0,55.91
603421,鼎信通讯,7.16,-1.1049723756906087,-0.08000000000000007,99787851.0,13939114,0,7.2,7.25,7.08,7.24
603429,集友股份,9.91,-0.10080645161290108,-0.009999999999999787,59002450.0,5957536,0,9.92,9.97,9.76,9.92
603439,三力制药,11.7,0.6018916595012769,0.06999999999999851,20363500.0,1747600,0,11.65,11.71,11.57,11.63
603444,吉比特,423.85,-0.08250825082507447,-0.3499999999999659,403446269.0,949402,0,424.42,427.72,422.42,424.2
603456,九洲药业,17.9,-0.8859357696567007,-0.16000000000000014,172663880.0,9590032,0,18.06,18.28,17.9,18.06
603458,勘设股份,10.02,-4.022988505747126,-0.41999999999999993,372830831.0,37616340,0,10.0,10.29,9.58,10.44
603466,风语筑,9.36,1.628664495113991,0.14999999999999858,113719642.0,12215257,0,9.19,9.39,9.18,9.21
603477,巨星农牧,17.21,-0.97813578826236,-0.16999999999999815,96214003.0,5602229,0,17.33,17.36,17.08,17.38
603486,科沃斯,80.68,-0.896695737624358,-0.7299999999999898,481773089.0,5927928,0,81.95,82.3,80.68,81.41
603488,展鹏科技,7.8,1.0362694300518145,0.08000000000000007,27240553.0,3533700,0,7.72,7.82,7.58,7.72
603489,八方股份,30.58,-1.003561022984792,-0.3100000000000023,78481121.0,2566150,0,30.93,31.15,30.25,30.89
603496,恒为科技,27.28,0.5899705014749268,0.16000000000000014,184945196.0,6800005,0,27.12,27.44,26.78,27.12
603499,翔港科技,20.44,1.0380622837370284,0.21000000000000085,72273203.0,3555939,0,20.25,20.66,20.0,20.23
603500,祥和实业,11.98,0.25104602510461205,0.030000000000001137,63279836.0,5297433,0,12.0,12.04,11.82,11.95
603501,豪威集团,125.9,-0.7097791798107189,-0.8999999999999915,1127575342.0,8926300,0,127.03,127.5,125.83,126.8
603505,金石资源,18.68,-1.632438125329114,-0.3099999999999987,202074930.0,10758480,0,18.92,19.1,18.63,18.99
603506,南都物业,13.06,1.5552099533437098,0.20000000000000107,80721882.0,6238632,0,12.9,13.2,12.65,12.86
603507,振江股份,26.31,3.297997644287397,0.8399999999999999,369441942.0,13978155,0,25.56,26.8,25.55,25.47
603508,思维列控,27.82,0.0,0.0,0.0,0,0,0.0,0.0,0.0,27.82
603511,爱慕股份,15.49,0.5191434133679433,0.08000000000000007,23589933.0,1534400,0,15.41,15.5,15.22,15.41
603515,欧普照明,18.28,1.668520578420471,0.3000000000000007,25521930.0,1408494,0,18.05,18.3,17.82,17.98
603516,淳中科技,223.5,-2.9105125977410897,-6.699999999999989,1204123475.0,5315259,0,233.0,233.8,222.0,230.2
603517,ST绝味,12.76,0.0,0.0,55434591.0,4318300,0,12.8,12.94,12.76,12.76
603518,锦泓集团,9.71,-0.41025641025640147,-0.03999999999999915,95446609.0,9858800,0,9.71,9.78,9.61,9.75
603519,立霸股份,12.03,0.0,0.0,28567386.0,2371980,0,12.03,12.13,11.93,12.03
603520,司太立,9.4,-0.10626992561104981,-0.009999999999999787,53052774.0,5660732,0,9.4,9.47,9.31,9.41
603527,众源新材,11.09,-0.3593890386343299,-0.040000000000000924,58217245.0,5251152,0,11.09,11.17,11.02,11.13
603528,多伦科技,9.67,-4.822834645669293,-0.4900000000000002,439461775.0,44526867,0,10.22,10.31,9.67,10.16
603529,爱玛科技,29.7,-0.4024144869215325,-0.120000000000001,88573168.0,2974550,0,29.84,29.95,29.7,29.82
603530,神马电力,41.08,-0.09727626459143762,-0.03999999999999915,173903836.0,4244521,0,41.22,41.44,40.38,41.12
603533,掌阅科技,22.12,9.995027349577333,2.0100000000000016,1154064415.0,53531848,0,20.15,22.12,20.15,20.11
603535,嘉诚国际,10.71,-0.27932960893854153,-0.02999999999999936,73719913.0,6886328,0,10.73,10.86,10.6,10.74
603536,惠发食品,11.12,0.9990917347865524,0.10999999999999943,79601532.0,7199179,0,11.06,11.15,10.91,11.01
603538,美诺华,19.24,-1.2320328542094556,-0.240000000000002,65052077.0,3373121,0,19.45,19.49,19.2,19.48
603551,奥普科技,11.59,-1.2776831345826265,-0.15000000000000036,29814813.0,2565600,0,11.74,11.79,11.52,11.74
603556,海兴电力,36.4,2.6798307475317227,0.9499999999999957,226386903.0,6234480,0,35.63,36.9,35.4,35.45
603557,ST起步,2.53,-1.1718750000000098,-0.03000000000000025,21750978.0,8528789,0,2.56,2.58,2.52,2.56
603558,健盛集团,11.23,-0.4432624113475083,-0.049999999999998934,28073252.0,2499700,0,11.24,11.34,11.15,11.28
603559,ST通脉,6.99,-2.2377622377622397,-0.16000000000000014,31809777.0,4531800,0,7.08,7.12,6.96,7.15
603565,中谷物流,10.04,-0.1988071570576675,-0.02000000000000135,137111837.0,13594123,0,10.06,10.17,10.03,10.06
603566,普莱柯,12.43,-0.5600000000000023,-0.07000000000000028,32147749.0,2583099,0,12.48,12.55,12.39,12.5
603567,珍宝岛,8.93,-0.9977827050997766,-0.08999999999999986,80009827.0,8994524,0,9.0,9.07,8.79,9.02
603568,伟明环保,25.38,0.9145129224652104,0.23000000000000043,129871540.0,5114181,0,25.26,25.67,25.01,25.15
603569,长久物流,7.65,1.7287234042553297,0.13000000000000078,67795641.0,8844272,0,7.55,7.89,7.5,7.52
603577,汇金通,10.52,-0.09496676163342628,-0.009999999999999787,103213424.0,9800570,0,10.53,10.7,10.38,10.53
603578,三星新材,12.08,1.342281879194632,0.16000000000000014,22113713.0,1844368,0,11.94,12.15,11.85,11.92
603579,荣泰健康,23.81,1.5784982935153475,0.36999999999999744,146566888.0,6182855,0,23.52,24.1,23.18,23.44
603580,*ST艾艾,16.28,-0.24509803921568107,-0.03999999999999915,15060346.0,930000,0,16.32,16.52,16.03,16.32
603583,捷昌驱动,38.07,0.6078224101479832,0.22999999999999687,429408991.0,11283056,0,37.95,38.34,37.7,37.84
603585,苏利股份,18.86,-0.21164021164020713,-0.03999999999999915,60899388.0,3238120,0,18.84,19.0,18.6,18.9
603586,金麒麟,19.08,1.2201591511936174,0.22999999999999687,44276450.0,2331900,0,18.96,19.16,18.74,18.85
603587,地素时尚,13.36,0.07490636704119691,0.009999999999999787,46089399.0,3450240,0,13.3,13.46,13.25,13.35
603588,高能环境,7.72,0.9150326797385542,0.0699999999999994,239589563.0,31023633,0,7.7,7.84,7.65,7.65
603589,口子窖,30.05,-0.6939854593522831,-0.21000000000000085,82065416.0,2723350,0,30.23,30.4,30.03,30.26
603590,康辰药业,39.75,-0.625,-0.25,75676788.0,1901300,0,39.99,40.24,39.54,40.0
603595,ST东尼,16.91,-0.47086521483224425,-0.0799999999999983,37856687.0,2245864,0,16.99,17.05,16.74,16.99
603596,伯特利,51.27,-2.6765375854214057,-1.4099999999999966,653386627.0,12671994,0,52.67,52.87,51.15,52.68
603598,引力传媒,16.99,3.4713763702801255,0.5699999999999967,416342132.0,24673600,0,16.52,17.25,16.3,16.42
603599,广信股份,11.48,-0.7778738115816755,-0.08999999999999986,50972037.0,4418608,0,11.6,11.62,11.48,11.57
603600,永艺股份,11.87,0.5080440304826309,0.05999999999999872,50937292.0,4264600,0,11.73,12.08,11.73,11.81
603601,再升科技,12.47,4.4388609715242975,0.5300000000000011,2984361266.0,241628978,0,11.89,12.66,11.89,11.94
603602,纵横通信,14.56,2.032235459004912,0.2900000000000009,99736318.0,6857937,0,14.27,14.71,14.24,14.27
603605,珀莱雅,68.48,1.9502754205746646,1.3100000000000023,446540980.0,6509742,0,67.65,69.5,67.65,67.17
603606,东方电缆,59.75,-2.798112900601918,-1.7199999999999989,474524962.0,7910220,0,61.43,61.43,59.2,61.47
603607,京华激光,27.3,-1.0511054729974596,-0.28999999999999915,167024115.0,6152800,0,27.2,27.55,26.6,27.59
603608,天创时尚,10.3,10.042735042735057,0.9400000000000013,111722916.0,10846885,0,10.3,10.3,10.3,9.36
603609,禾丰股份,7.09,-0.9776536312849202,-0.07000000000000028,27597049.0,3891250,0,7.17,7.17,7.05,7.16
603610,麒盛科技,19.05,-2.8061224489795955,-0.5500000000000007,130916050.0,6880656,0,19.49,19.6,18.75,19.6
603611,诺力股份,24.45,-0.6097560975609843,-0.15000000000000213,68925880.0,2825996,0,24.74,24.76,24.24,24.6
603612,索通发展,23.5,-2.3275145469659133,-0.5599999999999987,304904256.0,12870687,0,24.07,24.16,23.4,24.06
603613,国联股份,28.0,1.8181818181818181,0.5,487320907.0,17131424,0,27.58,28.84,27.58,27.5
603615,茶花股份,23.38,2.0960698689956354,0.4800000000000004,59070827.0,2542545,0,22.9,23.57,22.86,22.9
603616,韩建河山,5.19,1.3671875000000056,0.07000000000000028,66710138.0,12983928,0,5.12,5.22,5.02,5.12
603617,君禾股份,7.54,-0.5277044854881272,-0.040000000000000036,53556394.0,7121700,0,7.58,7.62,7.43,7.58
603618,杭电股份,8.06,-1.7073170731707172,-0.1399999999999988,171713237.0,21278634,0,8.21,8.24,7.92,8.2
603619,中曼石油,23.05,-1.9148936170212734,-0.4499999999999993,194633983.0,8457676,0,23.48,23.67,22.69,23.5
603626,科森科技,20.94,7.2196620583717355,1.4100000000000001,2654488255.0,128153171,0,20.47,21.48,19.5,19.53
603628,清源股份,13.5,-1.3878743608473303,-0.1899999999999995,138814945.0,10303007,0,13.7,13.81,13.3,13.69
603629,利通电子,26.65,-1.1498516320474863,-0.3100000000000023,211393357.0,7935297,0,26.96,27.1,26.33,26.96
603630,拉芳家化,19.36,0.15519917227108712,0.030000000000001137,56042682.0,2906470,0,19.35,19.7,19.04,19.33
603633,徕木股份,10.13,0.19782393669635362,0.02000000000000135,113346923.0,11012130,0,10.39,10.6,10.1,10.11
603636,南威软件,11.84,1.805674978503861,0.20999999999999908,233570698.0,19835255,0,11.71,11.95,11.55,11.63
603637,镇海股份,10.87,1.1162790697674345,0.11999999999999922,32440256.0,2992900,0,10.76,10.95,10.7,10.75
603638,艾迪精密,18.93,-0.8900523560209513,-0.1700000000000017,56906482.0,3003396,0,19.1,19.15,18.85,19.1
603639,海利尔,12.7,0.633914421553091,0.08000000000000007,18983341.0,1506375,0,12.63,12.7,12.53,12.62
603648,畅联股份,10.9,3.2196969696969684,0.33999999999999986,96624792.0,8936600,0,10.56,10.96,10.51,10.56
603650,彤程新材,44.14,-0.6974128233970804,-0.3100000000000023,521657854.0,11712975,0,44.76,45.17,44.1,44.45
603655,朗博科技,41.8,7.455012853470433,2.8999999999999986,173789804.0,4225900,0,38.83,42.14,38.71,38.9
603656,泰禾智能,23.03,1.0087719298245634,0.23000000000000043,59174911.0,2593760,0,22.8,23.06,22.46,22.8
603657,春光科技,29.8,-2.0059191055573806,-0.6099999999999994,75099109.0,2507700,0,30.75,30.78,29.8,30.41
603658,安图生物,35.42,-0.9230769230769184,-0.3299999999999983,80341811.0,2260530,0,35.85,35.89,35.4,35.75
603659,璞泰来,27.34,-0.21897810218977637,-0.05999999999999872,486888121.0,17784635,0,27.5,27.68,27.16,27.4
603660,苏州科达,11.03,5.248091603053425,0.5499999999999989,522918509.0,48164170,0,10.72,11.24,10.41,10.48
603661,恒林股份,32.01,0.9779179810725511,0.3099999999999987,24436802.0,773340,0,31.58,32.01,31.31,31.7
603662,柯力传感,72.0,2.3745201194369425,1.6700000000000017,1174777045.0,16464667,0,70.0,73.0,68.94,70.33
603663,三祥新材,35.35,0.17001983564749865,0.060000000000002274,190171265.0,5410479,0,35.58,35.6,34.72,35.29
603665,康隆达,31.92,1.6236867239732617,0.5100000000000016,81293654.0,2545764,0,31.42,32.2,31.2,31.41
603666,亿嘉和,29.7,-2.0125371164632115,-0.6099999999999994,146657677.0,4925185,0,30.61,30.63,29.63,30.31
603667,五洲新春,69.98,9.996856334486022,6.3600000000000065,2570907340.0,36834466,0,69.98,69.98,67.38,63.62
603668,天马科技,16.66,0.30102347983143113,0.05000000000000071,260100045.0,15607560,0,16.55,17.0,16.01,16.61
603669,灵康药业,4.56,-0.8695652173913052,-0.040000000000000036,32073516.0,7023832,0,4.58,4.62,4.53,4.6
603676,卫信康,10.52,-0.47303689687796313,-0.05000000000000071,12238101.0,1162200,0,10.55,10.59,10.49,10.57
603677,奇精机械,18.18,0.4419889502762337,0.0799999999999983,37265611.0,2059100,0,18.09,18.25,17.88,18.1
603678,火炬电子,35.32,0.1701644923426043,0.060000000000002274,554691466.0,15685728,0,35.05,35.77,34.98,35.26
603679,华体科技,16.16,1.8915510718789452,0.3000000000000007,377173098.0,23643138,0,15.63,16.46,15.46,15.86
603680,今创集团,15.41,-2.898550724637676,-0.4599999999999991,201556994.0,13021678,0,15.85,16.01,15.25,15.87
603681,永冠新材,18.98,-1.1972930765226466,-0.23000000000000043,78613065.0,4135275,0,19.11,19.3,18.73,19.21
603682,锦和商管,6.59,1.073619631901845,0.07000000000000028,111627462.0,17090600,0,6.56,6.71,6.33,6.52
603683,晶华新材,25.58,-1.8042226487524085,-0.4700000000000024,92567750.0,3606900,0,26.05,26.06,25.45,26.05
603685,晨丰科技,19.49,4.00213447171825,0.75,46063911.0,2410665,0,18.73,19.5,18.56,18.74
603686,福龙马,29.69,-5.984800506649769,-1.889999999999997,3500943420.0,116650034,0,31.27,31.27,28.98,31.58
603687,大胜达,9.53,-1.5495867768595077,-0.15000000000000036,109802588.0,11561100,0,9.73,9.73,9.42,9.68
603688,石英股份,36.58,-0.7865473284513131,-0.28999999999999915,165470196.0,4502844,0,36.88,37.19,36.55,36.87
603689,皖天然气,8.11,-0.24600246002461681,-0.02000000000000135,15978744.0,1968368,0,8.15,8.16,8.1,8.13
603690,至纯科技,31.45,5.643265031911319,1.6799999999999997,1360174221.0,43611716,0,30.3,32.5,29.61,29.77
603693,江苏新能,11.86,0.5084745762711755,0.05999999999999872,27523290.0,2325870,0,11.8,11.91,11.76,11.8
603696,安记食品,20.28,-4.384724186704384,-0.9299999999999997,647056248.0,31484058,0,21.42,21.49,20.22,21.21
603697,有友食品,12.25,0.40983606557377633,0.05000000000000071,69711019.0,5746380,0,12.2,12.27,11.98,12.2
603698,航天工程,38.75,5.298913043478269,1.9500000000000028,2209071348.0,58124224,0,37.54,39.3,36.71,36.8
603699,纽威股份,51.97,-0.9340449866565039,-0.490000000000002,171700981.0,3290491,0,52.61,52.9,51.71,52.46
603700,宁水集团,13.59,2.5660377358490556,0.33999999999999986,57392585.0,4269912,0,13.18,13.64,13.15,13.25
603701,德宏股份,20.16,-0.44444444444444375,-0.08999999999999986,46442666.0,2310650,0,20.2,20.32,19.87,20.25
603703,盛洋科技,14.58,7.284768211920531,0.9900000000000002,708435623.0,49487900,0,13.77,14.86,13.72,13.59
603706,东方环宇,19.4,0.3621314019658577,0.07000000000000028,20403136.0,1053200,0,19.43,19.45,19.19,19.33
603707,健友股份,9.03,-0.6600660066006655,-0.0600000000000005,80258265.0,8879671,0,9.09,9.11,9.0,9.09
603708,家家悦,11.83,0.08460236886632645,0.009999999999999787,136544462.0,11461366,0,11.95,12.11,11.79,11.82
603709,中源家居,16.32,-0.3663003663003585,-0.05999999999999872,105065423.0,6497864,0,16.41,16.49,15.9,16.38
603711,香飘飘,13.43,-0.29695619896066017,-0.040000000000000924,59158680.0,4408905,0,13.45,13.5,13.36,13.47
603712,七一二,20.77,5.271160669031927,1.0399999999999991,764406902.0,37155185,0,19.78,21.27,19.52,19.73
603713,密尔克卫,55.77,0.14365236128569833,0.0800000000000054,41619349.0,746900,0,55.69,56.09,55.16,55.69
603716,塞力医疗,20.55,-1.9093078758949813,-0.3999999999999986,175694275.0,8516496,0,20.94,20.96,20.45,20.95
603717,天域生物,7.84,0.9009009009009046,0.07000000000000028,51988844.0,6744800,0,7.86,7.86,7.57,7.77
603718,海利生物,6.1,-0.16366612111294065,-0.010000000000000675,38775909.0,6347620,0,6.16,6.16,6.08,6.11
603719,良品铺子,11.71,0.08547008547009884,0.010000000000001563,38569498.0,3303824,0,11.76,11.76,11.62,11.7
603721,*ST天择,19.23,0.6806282722513036,0.129999999999999,16195296.0,840800,0,19.07,19.5,19.03,19.1
603722,阿科力,39.47,-4.615756404059941,-1.9100000000000037,242823954.0,6039323,0,41.79,41.79,39.15,41.38
603725,天安新材,9.25,0.21668472372697264,0.019999999999999574,22812155.0,2480298,0,9.28,9.3,9.1,9.23
603726,朗迪集团,24.2,7.317073170731701,1.6499999999999986,646585457.0,26771396,0,23.93,24.81,23.01,22.55
603727,博迈科,13.98,0.7204610951008619,0.09999999999999964,25487703.0,1830568,0,13.85,14.0,13.83,13.88
603728,鸣志电器,72.35,-0.8632502055357764,-0.6300000000000097,1029230003.0,14178384,0,74.06,74.06,71.55,72.98
603729,龙韵股份,16.09,1.6424510423246985,0.2599999999999998,42502247.0,2653940,0,15.84,16.21,15.73,15.83
603730,岱美股份,8.76,0.5740528128587707,0.049999999999998934,243765918.0,28246485,0,8.72,8.81,8.45,8.71
603733,仙鹤股份,24.17,0.6244796003330647,0.15000000000000213,56849818.0,2355411,0,23.94,24.29,23.9,24.02
603737,三棵树,46.27,-1.1324786324786198,-0.529999999999994,96818741.0,2082152,0,46.6,47.32,46.02,46.8
603738,泰晶科技,15.71,0.12746972594009784,0.02000000000000135,166927676.0,10635496,0,15.78,15.85,15.5,15.69
603739,蔚蓝生物,14.15,0.7834757834757922,0.11000000000000121,37090462.0,2643300,0,14.01,14.17,13.88,14.04
603755,日辰股份,36.67,-0.43442845506379746,-0.1599999999999966,124220029.0,3390498,0,36.78,37.58,35.5,36.83
603757,大元泵业,44.39,-6.271114864864863,-2.969999999999999,658586716.0,14529237,0,46.79,46.79,44.21,47.36
603758,秦安股份,17.39,-3.816371681415917,-0.6899999999999977,208993048.0,12017836,0,18.07,18.24,17.1,18.08
603759,海天股份,10.54,1.4436958614051836,0.14999999999999858,69075791.0,6604008,0,10.37,10.6,10.3,10.39
603766,隆鑫通用,16.11,1.6403785488958977,0.2599999999999998,280216177.0,17482069,0,15.95,16.19,15.7,15.85
603767,中马传动,24.05,-3.7229783827061635,-0.9299999999999997,418300928.0,17272400,0,24.88,24.88,24.03,24.98
603768,常青股份,11.6,0.4329004329004236,0.049999999999998934,18063333.0,1568400,0,11.7,11.7,11.37,11.55
603773,沃格光电,35.38,4.8917877260599045,1.6500000000000057,635587579.0,17939107,0,33.73,36.45,33.65,33.73
603776,永安行,17.88,1.5909090909090773,0.2799999999999976,77916247.0,4403981,0,17.6,17.95,17.49,17.6
603777,来伊份,13.73,1.6284233900814258,0.22000000000000064,169004771.0,12439663,0,13.6,13.78,13.31,13.51
603778,国晟科技,17.6,7.843137254901968,1.2800000000000011,1466104485.0,85844457,0,16.8,17.71,16.26,16.32
603779,威龙股份,6.44,0.311526479750786,0.020000000000000462,29024644.0,4541380,0,6.41,6.45,6.33,6.42
603786,科博达,78.1,-3.041589075108632,-2.450000000000003,430250978.0,5493160,0,80.67,80.79,76.67,80.55
603787,新日股份,14.06,8.237105465742882,1.0700000000000003,139706602.0,10214442,0,12.99,14.18,12.88,12.99
603788,宁波高发,16.34,0.061236987140242276,0.010000000000001563,23757496.0,1458400,0,16.33,16.41,16.13,16.33
603789,*ST星农,5.32,-0.37453183520598454,-0.019999999999999574,7768461.0,1463550,0,5.37,5.37,5.29,5.34
603790,雅运股份,19.49,-0.4596527068437174,-0.08999999999999986,30432534.0,1559370,0,19.58,19.75,19.36,19.58
603797,联泰环保,4.67,-0.21367521367520914,-0.009999999999999787,24149992.0,5204221,0,4.67,4.69,4.58,4.68
603798,康普顿,16.51,1.4751075599262569,0.240000000000002,221678793.0,13654733,0,16.29,16.7,15.73,16.27
603799,华友钴业,68.26,0.33808613846832863,0.23000000000000398,4786251749.0,69220834,0,68.64,70.64,67.87,68.03
603800,洪田股份,48.77,0.5774386471437433,0.28000000000000114,191427492.0,3924300,0,48.2,49.36,48.2,48.49
603801,志邦家居,9.15,0.0,0.0,17470462.0,1911832,0,9.15,9.17,9.12,9.15
603803,瑞斯康达,11.09,-4.39655172413793,-0.5099999999999998,262535037.0,23285651,0,11.55,11.63,11.08,11.6
603806,福斯特,13.96,-0.498930862437623,-0.06999999999999851,291775890.0,20822917,0,14.03,14.15,13.95,14.03
603808,歌力思,8.52,-1.8433179723502322,-0.16000000000000014,65168068.0,7643900,0,8.76,8.76,8.35,8.68
603809,豪能股份,14.35,-2.114597544338339,-0.3100000000000005,991954385.0,69465459,0,14.67,14.7,14.15,14.66
603810,丰山集团,15.97,0.4402515723270458,0.07000000000000028,25157108.0,1588900,0,15.82,16.0,15.65,15.9
603811,诚意药业,10.5,-0.28490028490027886,-0.02999999999999936,50211387.0,4798001,0,10.52,10.57,10.39,10.53
603813,*ST原尚,38.15,-0.3916449086161843,-0.14999999999999858,9708341.0,254900,0,38.33,38.68,37.8,38.3
603815,交建股份,7.44,-2.362204724409445,-0.17999999999999972,158440441.0,21170436,0,7.67,7.69,7.43,7.62
603816,顾家家居,30.74,-0.35656401944895616,-0.11000000000000298,138298628.0,4492589,0,30.7,30.98,30.4,30.85
603817,海峡环保,7.09,-3.00957592339261,-0.21999999999999975,137976746.0,19382741,0,7.3,7.35,7.04,7.31
603818,曲美家居,3.61,1.404494382022467,0.04999999999999982,46722997.0,13096300,0,3.56,3.62,3.46,3.56
603819,神力股份,12.14,1.08243130724397,0.13000000000000078,66362065.0,5480327,0,12.1,12.21,11.97,12.01
603822,ST嘉澳,96.49,1.2486883525708266,1.1899999999999977,75988295.0,786000,0,95.3,98.49,95.3,95.3
603823,百合花,15.05,-0.46296296296295314,-0.06999999999999851,57472545.0,3815382,0,15.12,15.26,15.0,15.12
603825,ST华扬,9.06,-0.8752735229759306,-0.08000000000000007,19947850.0,2199200,0,9.12,9.16,9.0,9.14
603826,坤彩科技,17.0,-0.7589025102159895,-0.129999999999999,44996521.0,2639000,0,17.14,17.21,16.96,17.13
603828,ST柯利达,8.38,-2.784222737819008,-0.23999999999999844,97981556.0,11868908,0,8.19,8.4,8.19,8.62
603829,洛凯股份,22.23,-0.26917900403767936,-0.05999999999999872,140481979.0,6291008,0,22.2,22.55,22.18,22.29
603833,欧派家居,52.09,-1.883593897155773,-1.0,203145857.0,3867170,0,53.01,53.4,51.95,53.09
603836,海程邦达,13.76,2.001482579688655,0.2699999999999996,64879911.0,4734100,0,13.47,13.85,13.41,13.49
603838,*ST四通,7.48,3.172413793103454,0.23000000000000043,19592326.0,2629568,0,7.24,7.61,7.24,7.25
603839,安正时尚,8.17,0.8641975308642011,0.07000000000000028,45073675.0,5536600,0,8.08,8.25,8.02,8.1
603843,*ST正平,5.72,4.379562043795607,0.23999999999999932,483291219.0,88291161,0,5.48,5.75,5.21,5.48
603848,好太太,18.27,0.0,0.0,32309095.0,1775200,0,18.28,18.36,18.06,18.27
603855,华荣股份,19.35,-0.411734431291808,-0.0799999999999983,28105231.0,1450900,0,19.43,19.45,19.34,19.43
603856,东宏股份,12.47,0.24115755627010563,0.030000000000001137,23695539.0,1905710,0,12.47,12.54,12.3,12.44
603858,步长制药,15.64,-0.38216560509553327,-0.05999999999999872,78818383.0,5028648,0,15.72,15.75,15.61,15.7
603859,能科科技,42.05,4.5759761253419455,1.8399999999999963,686141146.0,16466108,0,40.8,42.79,40.44,40.21
603860,中公高科,30.17,0.13275804845669664,0.0400000000000027,29189512.0,967900,0,30.08,30.38,29.89,30.13
603861,白云电器,12.17,-2.248995983935738,-0.27999999999999936,161277764.0,13217013,0,12.38,12.42,12.06,12.45
603863,松炀资源,19.95,-3.9942252165543883,-0.8300000000000018,166640631.0,8246397,0,20.71,20.9,19.88,20.78
603866,桃李面包,5.26,0.0,0.0,41732984.0,7922995,0,5.26,5.29,5.25,5.26
603867,新化股份,25.4,1.2355520127540802,0.3099999999999987,128230190.0,5045690,0,25.1,25.78,24.88,25.09
603868,飞科电器,43.28,7.128712871287135,2.8800000000000026,267698332.0,6349253,0,40.38,43.56,40.38,40.4
603869,ST智知,10.59,-1.6713091922005545,-0.17999999999999972,17759952.0,1676815,0,10.69,10.78,10.47,10.77
603871,嘉友国际,13.95,1.08695652173912,0.14999999999999858,106434903.0,7651883,0,13.81,14.11,13.74,13.8
603876,鼎胜新材,15.01,0.9414929388029628,0.14000000000000057,774806058.0,50987812,0,14.78,15.75,14.7,14.87
603877,太平鸟,14.53,0.13783597518952154,0.019999999999999574,30232077.0,2084953,0,14.53,14.57,14.38,14.51
603878,武进不锈,9.26,0.0,0.0,125257755.0,13541578,0,9.31,9.38,9.13,9.26
603879,永悦科技,7.08,3.0567685589519646,0.20999999999999996,405789381.0,60279603,0,6.83,7.1,6.49,6.87
603880,南卫股份,6.23,0.8090614886731508,0.05000000000000071,21461845.0,3472350,0,6.2,6.27,6.08,6.18
603881,数据港,30.43,1.0963455149501604,0.3299999999999983,815488439.0,26681718,0,30.18,30.99,30.11,30.1
603882,金域医学,28.36,1.2857142857142836,0.35999999999999943,112007109.0,3965157,0,27.94,28.45,27.94,28.0
603883,老百姓,14.8,-1.135604542418169,-0.16999999999999993,122868083.0,8264594,0,14.95,15.01,14.8,14.97
603885,吉祥航空,14.88,7.204610951008646,1.0,587653943.0,40511441,0,13.87,15.04,13.81,13.88
603886,元祖股份,13.97,3.6350148367952535,0.4900000000000002,184144348.0,13225470,0,13.64,14.19,13.55,13.48
603887,城地香江,13.52,-0.44182621502209496,-0.0600000000000005,97852499.0,7239078,0,13.57,13.64,13.38,13.58
603888,新华网,19.43,1.2506513809275583,0.23999999999999844,152623930.0,7872615,0,19.18,19.49,19.18,19.19
603889,新澳股份,7.95,2.713178294573643,0.20999999999999996,74984382.0,9437332,0,7.79,8.07,7.67,7.74
603890,春秋电子,16.13,-2.6554013277006714,-0.4400000000000013,461320660.0,28214497,0,16.7,16.88,16.09,16.57
603893,瑞芯微,178.28,-0.2629370629370623,-0.46999999999999886,1226121579.0,6857522,0,180.0,181.5,176.52,178.75
603895,天永智能,29.16,-1.553004726536127,-0.46000000000000085,46994119.0,1607200,0,29.84,29.87,29.01,29.62
603896,寿仙谷,19.38,-0.05157297576070945,-0.010000000000001563,17481542.0,902505,0,19.36,19.49,19.27,19.39
603897,长城科技,27.2,-0.32979113228288703,-0.08999999999999986,91605577.0,3371614,0,27.29,27.36,26.96,27.29
603898,好莱客,13.31,-4.175665946724262,-0.5800000000000001,107876712.0,8075337,0,13.68,13.8,13.17,13.89
603899,晨光股份,27.06,-1.0603290676416917,-0.2900000000000027,147822700.0,5443563,0,27.35,27.38,27.01,27.35
603900,莱绅通灵,8.46,-1.0526315789473666,-0.08999999999999986,49599045.0,5857000,0,8.55,8.59,8.42,8.55
603901,永创智能,14.2,0.14104372355429884,0.019999999999999574,155702845.0,10966871,0,14.18,14.5,13.94,14.18
603903,中持股份,14.55,3.264726756564946,0.46000000000000085,123568754.0,8607620,0,14.37,14.61,14.02,14.09
603906,龙蟠科技,20.01,-0.9405940594059293,-0.18999999999999773,521438842.0,25825178,0,20.13,20.55,20.0,20.2
603908,牧高笛,23.35,0.6899525657611044,0.16000000000000014,22318642.0,960340,0,23.16,23.5,22.79,23.19
603909,建发合诚,11.29,-1.3973799126637567,-0.16000000000000014,49431052.0,4372603,0,11.45,11.53,11.23,11.45
603912,佳力图,8.57,-0.9248554913294805,-0.08000000000000007,69385694.0,8113912,0,8.66,8.69,8.5,8.65
603915,国茂股份,18.41,-0.5939524838012928,-0.10999999999999943,177006420.0,9604051,0,18.72,18.72,18.16,18.52
603916,苏博特,9.46,-0.4210526315789384,-0.03999999999999915,39023099.0,4117732,0,9.49,9.57,9.4,9.5
603917,合力科技,14.79,1.3013698630136952,0.1899999999999995,186161665.0,12597819,0,15.24,15.54,14.44,14.6
603918,金桥信息,15.69,0.1276324186343304,0.019999999999999574,212194096.0,13466335,0,15.55,15.98,15.5,15.67
603919,金徽酒,20.42,-1.4002897151134677,-0.28999999999999915,71649148.0,3495812,0,20.65,20.83,20.3,20.71
603920,世运电路,48.41,-0.3088962108731583,-0.15000000000000568,1228967490.0,25362531,0,48.96,49.26,47.57,48.56
603922,金鸿顺,20.76,3.386454183266949,0.6800000000000033,111820354.0,5470200,0,20.08,20.96,19.71,20.08
603926,铁流股份,17.07,2.2155688622754552,0.370000000000001,161843961.0,9637784,0,16.71,17.39,16.2,16.7
603927,中科软,19.09,0.9518773135906912,0.17999999999999972,211437956.0,11132119,0,18.89,19.19,18.75,18.91
603928,兴业股份,16.05,0.12476606363068979,0.019999999999999574,91943165.0,5767780,0,16.0,16.13,15.7,16.03
603929,亚翔集成,95.5,2.6881720430107525,2.5,797299001.0,8424355,0,95.23,96.66,91.88,93.0
603931,格林达,31.58,1.0236724248240459,0.31999999999999673,170348137.0,5416232,0,31.38,32.08,30.92,31.26
603933,睿能科技,26.06,-3.014514328247124,-0.8100000000000023,459739143.0,17556775,0,26.56,26.75,26.0,26.87
603936,博敏电子,12.7,2.0900321543408342,0.2599999999999998,930414875.0,73089521,0,12.7,12.98,12.59,12.44
603937,丽岛新材,11.99,0.8410428931875497,0.09999999999999964,36523243.0,3067906,0,12.02,12.03,11.74,11.89
603938,三孚股份,19.11,-2.1505376344086105,-0.4200000000000017,183421364.0,9535602,0,19.58,19.62,19.1,19.53
603939,益丰药房,21.72,0.27700831024930156,0.05999999999999872,161846178.0,7447392,0,21.66,21.94,21.45,21.66
603948,建业股份,27.3,2.824858757062147,0.75,148299736.0,5433900,0,26.68,27.89,26.41,26.55
603949,雪龙集团,18.77,0.5356186395286442,0.09999999999999787,60109638.0,3206750,0,18.71,18.94,18.5,18.67
603950,长源东谷,28.95,-0.2412129565816688,-0.07000000000000028,63320363.0,2193820,0,29.31,29.31,28.62,29.02
603955,大千生态,29.01,-0.27500859401855726,-0.0799999999999983,26691037.0,919690,0,29.03,29.28,28.85,29.09
603956,威派格,6.46,2.3771790808240945,0.15000000000000036,68842120.0,10764625,0,6.32,6.46,6.27,6.31
603958,哈森股份,13.3,1.5267175572519165,0.20000000000000107,65920828.0,4976100,0,13.15,13.48,13.02,13.1
603959,百利科技,5.74,-1.880341880341871,-0.10999999999999943,76629323.0,13390320,0,5.85,5.9,5.64,5.85
603960,克来机电,19.84,-1.440635866865371,-0.28999999999999915,102590669.0,5139411,0,20.12,20.16,19.81,20.13
603966,法兰泰克,11.9,0.0,0.0,99849390.0,8438459,0,11.93,11.97,11.65,11.9
603967,中创物流,13.73,10.01602564102564,1.25,109514982.0,8156250,0,12.68,13.73,12.61,12.48
603968,醋化股份,11.17,0.35938903863431393,0.03999999999999915,22474261.0,2028300,0,11.11,11.25,10.93,11.13
603969,银龙股份,10.11,0.6972111553784889,0.07000000000000028,119224620.0,11864813,0,10.04,10.15,9.95,10.04
603970,中农立华,12.86,-0.924499229583983,-0.120000000000001,25074364.0,1943200,0,12.98,13.02,12.85,12.98
603976,正川股份,19.33,0.1554404145077595,0.029999999999997584,11633617.0,602700,0,19.3,19.48,19.18,19.3
603977,国泰集团,13.9,-2.2503516174402267,-0.3200000000000003,367281517.0,26390500,0,14.15,14.17,13.8,14.22
603978,深圳新星,28.24,-2.2160664819944618,-0.6400000000000006,452692141.0,16090839,0,28.23,28.86,27.62,28.88
603979,金诚信,76.15,-1.2961762799740764,-1.0,778485839.0,10127446,0,77.48,79.47,75.5,77.15
603980,吉华集团,5.04,-0.5917159763313657,-0.03000000000000025,35467363.0,7053500,0,5.08,5.09,4.99,5.07
603982,泉峰汽车,8.37,-0.8293838862559275,-0.07000000000000028,54309496.0,6499380,0,8.51,8.55,8.25,8.44
603983,丸美生物,33.15,-0.09041591320072676,-0.030000000000001137,66441811.0,2002148,0,33.17,33.63,32.93,33.18
603985,恒润股份,15.24,0.9940357852882726,0.15000000000000036,93274905.0,6152641,0,15.09,15.35,14.98,15.09
603986,兆易创新,214.25,-2.710925438198165,-5.969999999999999,7741087427.0,35457119,0,228.01,228.88,212.58,220.22
603987,康德莱,8.6,-0.23201856148491387,-0.019999999999999574,21365812.0,2482252,0,8.65,8.65,8.58,8.62
603988,中电电机,24.3,-0.816326530612242,-0.1999999999999993,87417807.0,3608002,0,24.55,24.68,24.02,24.5
603989,艾华集团,16.78,1.7586416009703016,0.2900000000000027,106020704.0,6315005,0,16.56,16.98,16.4,16.49
603990,麦迪科技,15.17,-3.743654822335025,-0.5899999999999999,333688295.0,21858229,0,15.76,15.83,15.09,15.76
603991,至正股份,73.66,1.0286654779865587,0.75,189389093.0,2545600,0,72.8,76.5,72.19,72.91
603992,松霖科技,40.92,1.4629308207289944,0.5900000000000034,186342169.0,4557172,0,40.72,41.78,40.0,40.33
603993,洛阳钼业,20.0,2.4590163934426252,0.4800000000000004,5017376582.0,250381667,0,19.51,20.47,19.38,19.52
603995,甬金股份,18.08,1.0620458356623685,0.18999999999999773,81075027.0,4504513,0,17.95,18.18,17.81,17.89
603997,继峰股份,13.9,-0.2869440459110412,-0.03999999999999915,77437034.0,5572550,0,14.06,14.13,13.8,13.94
603998,方盛制药,11.24,-0.4428697962798843,-0.049999999999998934,37661392.0,3343474,0,11.28,11.33,11.21,11.29
603999,读者传媒,7.03,1.8840579710144911,0.1299999999999999,99991613.0,14261100,0,6.9,7.09,6.85,6.9
605001,威奥股份,7.63,-1.42118863049096,-0.11000000000000032,66031178.0,8675950,0,7.73,7.74,7.53,7.74
605003,众望布艺,35.55,9.99381188118811,3.229999999999997,305732766.0,8829999,0,31.61,35.55,31.61,32.32
605005,合兴股份,19.18,-1.3881748071979414,-0.2699999999999996,55147332.0,2863968,0,19.48,19.64,19.13,19.45
605006,山东玻纤,7.3,-1.084010840108402,-0.08000000000000007,33156333.0,4540200,0,7.39,7.41,7.26,7.38
605007,五洲特纸,13.51,-1.6023306627822334,-0.22000000000000064,314023781.0,23245021,0,13.8,13.92,13.2,13.73
605008,长鸿高科,14.27,-0.9027777777777832,-0.13000000000000078,39514635.0,2775705,0,14.4,14.44,14.1,14.4
605009,豪悦护理,30.9,0.0323729362253092,0.00999999999999801,27317416.0,883840,0,30.98,31.21,30.71,30.89
605011,杭州热电,20.44,1.7928286852589792,0.360000000000003,97412319.0,4765261,0,20.06,20.87,19.98,20.08
605016,百龙创园,21.6,-1.5945330296127467,-0.34999999999999787,56904034.0,2625888,0,21.93,22.03,21.5,21.95
605018,长华集团,11.58,0.5208333333333376,0.0600000000000005,51569240.0,4450900,0,11.53,11.74,11.38,11.52
605020,永和股份,26.89,-0.7749077490774939,-0.21000000000000085,124227226.0,4615251,0,27.06,27.12,26.75,27.1
605028,世茂能源,29.54,-3.1792854801704435,-0.9700000000000024,232189841.0,7502250,0,31.76,32.6,29.3,30.51
605033,美邦股份,20.08,0.5005005005004898,0.09999999999999787,37507077.0,1876000,0,20.1,20.15,19.75,19.98
605050,福然德,13.47,1.8140589569161012,0.2400000000000002,114844877.0,8571600,0,13.24,13.57,13.16,13.23
605055,迎丰股份,9.71,-3.5749751737835096,-0.35999999999999943,93358120.0,9512715,0,9.95,10.03,9.68,10.07
605056,咸亨国际,16.5,-0.36231884057970243,-0.05999999999999872,48575586.0,2937899,0,16.5,16.65,16.36,16.56
605058,澳弘电子,30.52,0.13123359580052213,0.03999999999999915,46788572.0,1538439,0,30.52,30.63,30.12,30.48
605060,联德股份,36.96,0.43478260869566226,0.1600000000000037,80849195.0,2183700,0,37.36,37.58,36.42,36.8
605066,天正电气,7.3,-0.1367989056087522,-0.009999999999999787,46025758.0,6326725,0,7.36,7.38,7.22,7.31
605068,明新旭腾,25.57,-4.124484439445075,-1.1000000000000014,103084279.0,3993378,0,26.71,27.1,25.41,26.67
605069,正和生态,14.7,-1.0101010101010124,-0.15000000000000036,472304293.0,32603558,0,14.55,15.6,13.63,14.85
605077,华康股份,14.78,-0.269905533063434,-0.040000000000000924,32529109.0,2200970,0,14.81,14.9,14.66,14.82
605080,浙江自然,23.0,0.9214567792891657,0.21000000000000085,33672761.0,1470220,0,22.78,23.12,22.62,22.79
605081,*ST太和,10.73,3.173076923076924,0.33000000000000007,50845808.0,4863630,0,10.3,10.78,10.23,10.4
605086,龙高股份,45.66,-1.7219113215669484,-0.8000000000000043,452866071.0,9782620,0,47.98,48.78,44.76,46.46
605088,冠盛股份,35.6,2.4755325273459974,0.8599999999999994,180073137.0,5103320,0,34.8,35.85,34.55,34.74
605089,味知香,25.46,1.717938473831401,0.4299999999999997,33153025.0,1309828,0,25.03,25.48,24.96,25.03
605090,九丰能源,43.1,1.1262318160488127,0.480000000000004,1844939880.0,43550317,0,42.5,43.88,40.96,42.62
605098,行动教育,41.76,0.28818443804033966,0.11999999999999744,34013175.0,812000,0,41.6,42.26,41.46,41.64
605099,共创草坪,35.69,1.5940791346427416,0.5599999999999952,64594382.0,1805600,0,35.13,36.13,35.13,35.13
605100,华丰股份,44.97,6.944114149821646,2.9200000000000017,285768161.0,6610600,0,42.1,45.0,40.9,42.05
605108,同庆楼,19.22,0.9984235417761309,0.18999999999999773,81018502.0,4231100,0,18.99,19.27,18.96,19.03
605111,新洁能,35.73,-2.7490473598258167,-1.0100000000000051,514075494.0,14267275,0,36.93,37.1,35.69,36.74
605116,奥锐特,25.05,-1.1834319526627246,-0.3000000000000007,75653529.0,3001100,0,25.86,25.86,24.95,25.35
605117,德业股份,86.2,-0.23148148148148476,-0.20000000000000284,565708056.0,6596830,0,86.3,86.7,84.81,86.4
605118,力鼎光电,30.11,0.09973404255319528,0.030000000000001137,53375366.0,1777797,0,30.62,30.69,29.6,30.08
605122,四方新材,13.15,-1.127819548872183,-0.15000000000000036,218806835.0,17694994,0,12.02,13.88,11.97,13.3
605123,派克新材,103.9,1.8627450980392213,1.9000000000000057,988796364.0,9550599,0,102.4,106.27,101.18,102.0
605128,上海沿浦,36.86,-0.7271747912739108,-0.2700000000000031,70539930.0,1918681,0,37.13,37.13,36.52,37.13
605133,嵘泰股份,34.29,-1.8041237113402133,-0.6300000000000026,343669775.0,10039466,0,34.9,34.9,33.91,34.92
605136,丽人丽妆,10.95,1.5769944341372906,0.16999999999999993,182680586.0,16749400,0,10.87,11.05,10.77,10.78
605138,盛泰集团,6.96,-0.1434720229555206,-0.009999999999999787,17018770.0,2448040,0,6.97,7.03,6.91,6.97
605151,西上海,18.89,-0.3691983122362884,-0.07000000000000028,17097152.0,907400,0,18.89,19.19,18.68,18.96
605155,西大门,17.2,-0.6354708261120707,-0.10999999999999943,109635570.0,6362077,0,17.47,17.58,16.82,17.31
605158,华达新材,8.04,0.49999999999998934,0.03999999999999915,19717715.0,2459584,0,8.03,8.07,7.92,8.0
605162,新中港,8.54,-0.23364485981309988,-0.02000000000000135,21017832.0,2467000,0,8.57,8.59,8.45,8.56
605166,聚合顺,10.37,-1.5194681861348542,-0.16000000000000014,35669209.0,3439032,0,10.58,10.58,10.32,10.53
605167,利柏特,16.43,8.80794701986755,1.33,591519023.0,36869200,0,15.12,16.59,14.82,15.1
605168,三人行,38.58,1.9286657859973497,0.7299999999999969,598230875.0,15407040,0,37.66,40.22,37.4,37.85
605169,洪通燃气,13.18,-0.7530120481927685,-0.09999999999999964,27457395.0,2078539,0,13.25,13.31,13.16,13.28
605177,东亚药业,17.8,-0.39171796306659357,-0.07000000000000028,22825802.0,1285300,0,17.91,17.93,17.63,17.87
605178,时空科技,51.79,-2.246130615326534,-1.1899999999999977,182988707.0,3523900,0,52.98,52.98,51.25,52.98
605179,一鸣食品,20.91,-0.9004739336492951,-0.19000000000000128,65207950.0,3110719,0,21.17,21.17,20.89,21.1
605180,华生科技,14.55,1.393728222996523,0.20000000000000107,16802059.0,1166007,0,14.41,14.6,14.22,14.35
605183,确成股份,19.92,0.0,0.0,31046171.0,1558600,0,19.91,20.1,19.78,19.92
605186,健麾信息,19.65,-0.05086469989827855,-0.010000000000001563,26624181.0,1359000,0,19.63,19.75,19.37,19.66
605188,国光连锁,19.39,-0.81841432225064,-0.16000000000000014,121898903.0,6259500,0,19.74,19.84,19.32,19.55
605189,富春染织,15.67,-2.489110143123835,-0.40000000000000036,111259263.0,7000716,0,16.3,16.39,15.62,16.07
605196,华通线缆,34.74,-1.278772378516612,-0.44999999999999574,423309837.0,12261372,0,35.33,35.39,34.0,35.19
605198,安德利,37.62,-1.1820330969267214,-0.45000000000000284,38159679.0,1014800,0,38.28,38.28,37.26,38.07
605199,ST葫芦娃,7.62,-4.63078848560701,-0.3700000000000001,134258497.0,17616100,0,7.59,7.84,7.59,7.99
605208,永茂泰,13.58,-1.4513788098693707,-0.1999999999999993,91462437.0,6670218,0,13.78,13.81,13.57,13.78
605218,伟时电子,18.45,1.3736263736263736,0.25,32043570.0,1753600,0,18.21,18.49,17.98,18.2
605222,起帆电缆,18.39,0.5467468562055846,0.10000000000000142,128495850.0,7063832,0,18.12,18.5,17.88,18.29
605228,神通科技,14.93,0.8783783783783716,0.129999999999999,100323500.0,6739368,0,14.83,15.14,14.55,14.8
605255,天普股份,218.02,0.0,0.0,0.0,0,0,0.0,0.0,0.0,218.02
605258,协和电子,31.27,0.5466237942122126,0.16999999999999815,37567122.0,1208500,0,31.06,31.4,30.81,31.1
605259,绿田机械,22.38,0.8108108108108096,0.17999999999999972,32155134.0,1456006,0,22.16,22.38,21.89,22.2
605266,健之佳,19.22,-0.10395010395010175,-0.019999999999999574,25158152.0,1311381,0,19.25,19.33,19.13,19.24
605268,王力安防,10.67,-1.1121408711770087,-0.11999999999999922,34023297.0,3185200,0,10.77,10.87,10.6,10.79
605277,新亚电子,22.0,-2.091677792612367,-0.46999999999999886,131306417.0,5910666,0,22.59,22.65,21.99,22.47
605286,同力天启,40.61,-1.2402723735408512,-0.509999999999998,67963509.0,1666200,0,41.0,41.32,40.19,41.12
605287,德才股份,25.92,-0.07710100231302842,-0.019999999999999574,77880129.0,3017440,0,26.15,26.27,25.42,25.94
605288,凯迪股份,89.8,-1.5350877192982517,-1.4000000000000057,130132053.0,1499720,0,90.54,90.54,83.3,91.2
605289,罗曼股份,65.76,-1.9093078758949895,-1.2800000000000011,114395557.0,1737356,0,67.55,67.55,65.1,67.04
605296,神农集团,29.32,-0.44142614601018343,-0.129999999999999,83595829.0,2864120,0,29.4,29.68,28.86,29.45
605298,必得科技,39.97,0.42713567839196415,0.1700000000000017,45193972.0,1130982,0,39.4,40.38,39.4,39.8
605299,舒华体育,11.49,0.8779631255487239,0.09999999999999964,103086364.0,9037600,0,11.39,11.57,11.22,11.39
605300,佳禾食品,11.6,-0.9393680614859198,-0.11000000000000121,48009714.0,4126131,0,11.72,11.74,11.54,11.71
605303,园林股份,17.3,-2.315076228119707,-0.41000000000000014,68848392.0,3980000,0,17.6,17.84,17.1,17.71
605305,中际联合,41.66,-1.7916077322018036,-0.7600000000000051,165557648.0,3948207,0,42.2,42.35,41.64,42.42
605318,法狮龙,65.17,-2.585949177877435,-1.730000000000004,201769634.0,3080400,0,66.9,67.0,64.59,66.9
605319,无锡振华,21.04,-1.081335213916316,-0.23000000000000043,45067238.0,2136595,0,21.27,21.42,21.0,21.27
605333,沪光股份,29.83,-1.4861294583883844,-0.45000000000000284,97774285.0,3268900,0,30.27,30.48,29.68,30.28
605336,帅丰电器,15.74,3.6890645586297794,0.5600000000000005,62277875.0,4078860,0,15.2,15.8,14.86,15.18
605337,李子园,11.89,0.25295109612142613,0.030000000000001137,43465745.0,3675544,0,11.85,11.89,11.75,11.86
605338,巴比食品,31.32,10.010537407797687,2.8500000000000014,207561962.0,6720204,0,29.5,31.32,29.22,28.47
605339,南侨食品,19.62,-0.45662100456620935,-0.08999999999999986,58872316.0,2997100,0,19.68,19.8,19.43,19.71
605358,立昂微,34.82,-0.4574042309891269,-0.1599999999999966,803899805.0,23005098,0,35.22,35.38,34.56,34.98
605365,立达信,26.46,2.399380804953564,0.620000000000001,341589642.0,13352345,0,24.65,26.58,24.4,25.84
605366,宏柏新材,6.2,-1.2738853503184724,-0.08000000000000007,60428861.0,9727064,0,6.28,6.31,6.16,6.28
605368,蓝天燃气,7.72,0.12970168612191682,0.009999999999999787,31121650.0,4034150,0,7.71,7.76,7.69,7.71
605369,拱东医疗,18.66,0.37654653039268576,0.07000000000000028,16945849.0,914292,0,18.48,18.7,18.38,18.59
605376,博迁新材,65.4,-2.3589131083905617,-1.5799999999999983,248760502.0,3780293,0,66.88,67.4,65.02,66.98
605377,华旺科技,8.54,-2.0642201834862557,-0.1800000000000015,83480587.0,9710752,0,8.7,8.71,8.52,8.72
605378,野马电池,22.48,-1.8769096464426003,-0.4299999999999997,89769225.0,3971724,0,23.1,23.15,22.46,22.91
605388,均瑶健康,7.44,0.4048582995951451,0.03000000000000025,76543288.0,10301220,0,7.43,7.49,7.36,7.41
605389,长龄液压,78.0,5.177993527508096,3.8400000000000034,194155114.0,2525960,0,73.79,78.5,73.53,74.16
605398,新炬网络,28.53,1.6025641025641129,0.45000000000000284,90483606.0,3183818,0,28.1,28.78,28.08,28.08
605399,晨光新材,13.52,-1.0248901903367538,-0.14000000000000057,57844708.0,4273080,0,13.66,13.78,13.4,13.66
605488,福莱新材,34.35,-1.1510791366906434,-0.3999999999999986,294655748.0,8546164,0,34.74,34.91,34.06,34.75
605499,东鹏饮料,267.39,-0.2350570852921407,-0.6299999999999955,291340701.0,1085888,0,268.04,270.49,267.02,268.02
605500,森林包装,8.95,-4.7872340425532025,-0.45000000000000107,107351065.0,11808165,0,9.39,9.39,8.87,9.4
605507,国邦医药,24.8,0.5677210056772124,0.14000000000000057,106912530.0,4318891,0,24.66,24.93,24.56,24.66
605555,德昌股份,18.3,-1.9817889662560306,-0.370000000000001,152240969.0,8290150,0,18.66,18.67,18.22,18.67
605566,福莱蒽特,31.49,1.0914927768860347,0.33999999999999986,73799562.0,2357675,0,31.45,31.68,30.6,31.15
605567,春雪食品,11.0,0.824931255728688,0.08999999999999986,36472913.0,3349700,0,10.96,11.03,10.77,10.91
605577,龙版传媒,13.07,3.2385466034755144,0.41000000000000014,87111807.0,6706288,0,12.69,13.3,12.64,12.66
605580,恒盛能源,22.56,-2.5906735751295398,-0.6000000000000014,295626871.0,13108171,0,23.39,23.39,22.26,23.16
605588,冠石科技,50.49,0.3577817531305898,0.17999999999999972,51643522.0,1028100,0,50.33,50.78,49.69,50.31
605589,圣泉集团,28.3,-1.1180992313067795,-0.3200000000000003,393133502.0,13784290,0,28.65,28.8,28.28,28.62
605598,上海港湾,69.48,2.2817606359487663,1.5499999999999972,768049995.0,11048360,0,68.34,70.88,67.84,67.93
605599,菜百股份,16.37,2.5689223057644117,0.41000000000000014,71379371.0,4410303,0,15.98,16.48,15.92,15.96
688001,华兴源创,30.18,-0.8866995073891613,-0.2699999999999996,119559519.0,3956052,0,30.2,30.92,29.56,30.45
688002,睿创微纳,100.8,3.225806451612894,3.1499999999999915,800562179.0,8035946,0,97.0,101.28,96.4,97.65
688003,天准科技,58.9,2.577499129223262,1.4799999999999969,199380700.0,3413120,0,57.45,59.5,56.89,57.42
688004,博汇科技,23.13,0.7843137254901948,0.17999999999999972,32785479.0,1419349,0,23.2,23.32,22.73,22.95
688005,容百科技,35.4,1.7241379310344869,0.6000000000000014,1334314988.0,37999668,0,35.0,35.8,34.37,34.8
688006,杭可科技,29.29,-1.876046901172537,-0.5600000000000023,177558602.0,6024973,0,29.88,30.0,29.19,29.85
688007,光峰科技,18.57,-0.21493820526598145,-0.03999999999999915,93490094.0,5016349,0,18.73,18.86,18.4,18.61
688008,澜起科技,117.8,-1.7596530731381863,-2.1099999999999994,2347258375.0,19750088,0,121.0,121.1,117.72,119.91
688009,中国通号,5.47,0.7366482504604058,0.040000000000000036,117248821.0,21420999,0,5.42,5.5,5.42,5.43
688010,福光股份,31.12,4.289544235924937,1.2800000000000011,258300149.0,8426644,0,29.84,31.95,29.81,29.84
688011,新光光电,63.84,5.853092356159842,3.530000000000001,422852603.0,6758971,0,60.15,66.05,59.42,60.31
688012,中微公司,272.72,0.0,0.0,0.0,0,0,0.0,0.0,0.0,272.72
688013,天臣医疗,48.08,-1.6969944796565086,-0.8299999999999983,71647384.0,1487165,0,49.37,49.4,47.56,48.91
688015,交控科技,22.78,0.0,0.0,33610740.0,1484884,0,22.74,22.94,22.4,22.78
688016,心脉医疗,91.66,0.06550218340611602,0.060000000000002274,73830188.0,806132,0,91.0,91.99,91.0,91.6
688017,绿的谐波,192.1,0.5232862375719518,1.0,2145182213.0,11215656,0,191.07,196.52,185.21,191.1
688018,乐鑫科技,170.0,-1.677270098322733,-2.9000000000000057,637380421.0,3735794,0,176.0,176.79,168.6,172.9
688019,安集科技,217.92,0.7955596669750227,1.7199999999999989,571200764.0,2620051,0,220.0,224.3,211.31,216.2
688020,方邦股份,68.02,-2.5361799684768735,-1.7700000000000102,119692038.0,1742885,0,69.65,70.05,68.01,69.79
688021,奥福科技,18.35,0.5479452054794599,0.10000000000000142,19800853.0,1087498,0,18.41,18.45,17.98,18.25
688022,瀚川智能,15.3,0.13089005235602977,0.02000000000000135,32852102.0,2153389,0,15.3,15.45,15.05,15.28
688023,安恒信息,51.41,0.62634566451359,0.3199999999999932,105820997.0,2053813,0,51.08,52.2,50.8,51.09
688025,杰普特,141.57,-1.2967998326709989,-1.8600000000000136,482996151.0,3353427,0,150.0,150.0,139.39,143.43
688026,洁特生物,16.11,1.0031347962382455,0.16000000000000014,22485100.0,1394010,0,16.2,16.33,15.98,15.95
688027,国盾量子,503.79,-1.2292671450417563,-6.269999999999982,1302324846.0,2580379,0,509.95,512.0,498.02,510.06
688028,沃尔德,64.54,-0.6618439279667425,-0.4299999999999926,855139377.0,13163373,0,65.51,68.8,62.57,64.97
688029,南微医学,81.56,-0.8991494532199209,-0.7399999999999949,65879588.0,802144,0,81.9,82.99,81.5,82.3
688030,山石网科,18.17,1.7927170868347355,0.3200000000000003,29791639.0,1647745,0,17.99,18.33,17.8,17.85
688031,星环科技,108.19,10.91859749846216,10.649999999999991,1358409179.0,12807470,0,97.61,112.4,96.0,97.54
688032,禾迈股份,100.79,-1.0504614176320373,-1.0699999999999932,80492330.0,799678,0,101.53,101.86,99.8,101.86
688033,天宜新材,7.7,0.522193211488251,0.040000000000000036,216703869.0,28307470,0,7.68,7.85,7.5,7.66
688035,德邦科技,48.25,-1.0865108651086535,-0.5300000000000011,109042350.0,2257284,0,49.2,49.25,47.81,48.78
688036,传音控股,66.16,-2.1591245193729782,-1.460000000000008,592344684.0,8853667,0,68.01,68.3,66.15,67.62
688037,芯源微,148.51,2.427753638181931,3.519999999999982,839956104.0,5611231,0,148.13,153.0,146.54,144.99
688038,中科通达,17.67,5.4925373134328455,0.9200000000000017,61524792.0,3556997,0,16.68,17.82,16.58,16.75
688039,当虹科技,44.75,0.5617977528089888,0.25,150789950.0,3344787,0,44.41,45.88,44.28,44.5
688041,海光信息,224.41,-0.26665481534153784,-0.5999999999999943,4259577231.0,18837516,0,225.15,231.2,222.0,225.01
688045,必易微,38.69,0.7552083333333311,0.28999999999999915,39684164.0,1031154,0,38.96,38.99,37.87,38.4
688046,药康生物,15.36,1.1191573403554966,0.16999999999999993,39125024.0,2550261,0,15.22,15.56,15.05,15.19
688047,龙芯中科,132.11,-0.6691729323308168,-0.8899999999999864,269277499.0,2040636,0,132.85,133.85,131.05,133.0
688048,长光华芯,125.35,-3.1896818041396324,-4.1299999999999955,1751579379.0,13874587,0,129.06,130.0,124.0,129.48
688049,炬芯科技,52.6,-1.9571295433364346,-1.0499999999999972,293742967.0,5512789,0,54.44,54.69,52.54,53.65
688050,爱博医疗,60.66,-1.5259740259740338,-0.9400000000000048,108512403.0,1778894,0,61.63,61.86,60.66,61.6
688051,佳华科技,39.61,-0.6022584692597289,-0.240000000000002,30226221.0,756201,0,40.24,40.49,39.52,39.85
688052,纳芯微,158.18,-2.2977146386658425,-3.719999999999999,312681999.0,1969108,0,161.0,161.79,157.04,161.9
688053,ST思科瑞,36.75,0.740131578947377,0.2700000000000031,101270551.0,2755787,0,36.6,37.68,36.01,36.48
688055,龙腾光电,3.6,0.5586592178770954,0.020000000000000018,20816072.0,5823691,0,3.58,3.61,3.53,3.58
688056,莱伯泰科,33.61,0.8098380323935093,0.269999999999996,16796599.0,503305,0,33.34,33.74,32.78,33.34
688057,金达莱,12.22,0.24610336341264263,0.030000000000001137,15330853.0,1258671,0,12.19,12.33,12.12,12.19
688058,宝兰德,27.23,1.3020833333333386,0.3500000000000014,27027628.0,995795,0,26.88,27.37,26.77,26.88
688059,华锐精密,78.7,-4.071184787908341,-3.3400000000000034,163607776.0,2056062,0,82.56,82.68,78.05,82.04
688060,云涌科技,42.33,1.3406751256882814,0.5599999999999952,8157200.0,193683,0,41.51,42.4,41.51,41.77
688061,灿瑞科技,32.61,0.4311672312904237,0.14000000000000057,25206418.0,779190,0,32.46,32.95,31.8,32.47
688062,迈威生物,38.47,-1.358974358974362,-0.5300000000000011,179660653.0,4664481,0,38.99,39.2,38.29,39.0
688063,派能科技,56.82,-3.054086333390205,-1.7899999999999991,262523857.0,4567098,0,58.61,58.61,56.82,58.61
688065,凯赛生物,49.8,-0.4995004995004995,-0.25,130693828.0,2622626,0,50.05,50.25,49.55,50.05
688066,航天宏图,32.56,4.325536686959312,1.3500000000000014,1127131884.0,35447009,0,31.01,33.0,30.7,31.21
688067,爱威科技,24.56,1.4876033057851217,0.35999999999999943,20938974.0,858859,0,24.2,24.6,24.05,24.2
688068,热景生物,162.0,0.421522439871068,0.6800000000000068,173368629.0,1086522,0,163.42,163.42,156.67,161.32
688069,德林海,22.43,2.373345504335918,0.5199999999999996,20448275.0,923361,0,22.0,22.69,21.61,21.91
688070,纵横股份,55.4,1.651376146788988,0.8999999999999986,80683288.0,1463549,0,54.0,55.8,54.0,54.5
688071,华依科技,33.17,-1.45573380867497,-0.4899999999999949,47298690.0,1418697,0,33.77,34.2,33.04,33.66
688072,拓荆科技,330.0,-1.1946465463037843,-3.990000000000009,1836432378.0,5447439,0,343.5,347.77,330.0,333.99
688073,毕得医药,61.05,0.6595218466611683,0.3999999999999986,59012485.0,963079,0,60.65,62.02,60.38,60.65
688075,安旭生物,38.67,0.3894080996884698,0.14999999999999858,13199999.0,340624,0,38.83,39.15,38.46,38.52
688076,ST诺泰,37.7,0.07963897000265764,0.030000000000001137,83731787.0,2208092,0,38.38,38.41,37.67,37.67
688077,大地熊,30.55,-0.4885993485341973,-0.14999999999999858,41639660.0,1362719,0,30.7,30.9,30.31,30.7
688078,龙软科技,27.5,0.0,0.0,23565917.0,861769,0,27.39,27.66,27.07,27.5
688079,美迪凯,11.32,0.1769911504424741,0.019999999999999574,24457220.0,2162836,0,11.4,11.4,11.22,11.3
688080,映翰通,50.5,-0.19762845849802652,-0.10000000000000142,48454475.0,958883,0,50.61,50.9,50.17,50.6
688081,兴图新科,36.08,1.6051816389749376,0.5700000000000003,346505740.0,9833657,0,35.5,37.5,33.61,35.51
688082,盛美上海,176.05,-0.514240506329112,-0.9099999999999966,574595722.0,3208336,0,183.0,183.0,175.57,176.96
688083,中望软件,68.11,2.1598920053997266,1.4399999999999977,132100696.0,1949402,0,66.75,68.5,66.61,66.67
688084,晶品特装,82.8,3.5906418115851246,2.8699999999999903,174072439.0,2109516,0,80.0,83.5,80.0,79.93
688085,三友医疗,18.02,1.3498312710911047,0.23999999999999844,53702237.0,2996612,0,17.82,18.14,17.65,17.78
688087,英科再生,30.82,0.2602472348731355,0.08000000000000185,47745506.0,1544908,0,30.95,31.29,30.5,30.74
688088,虹软科技,49.5,3.0820491461890813,1.4799999999999969,492040584.0,9998858,0,48.51,50.24,47.85,48.02
688089,嘉必优,23.28,0.0859845227858967,0.019999999999999574,46352740.0,2008859,0,23.26,23.28,22.82,23.26
688090,瑞松科技,44.48,-1.5493581230633087,-0.7000000000000028,465816624.0,10615394,0,44.96,45.14,42.35,45.18
688091,上海谊众,47.0,0.6639537374170107,0.3100000000000023,102801899.0,2202563,0,46.31,47.4,46.01,46.69
688092,爱科科技,25.14,0.9638554216867551,0.240000000000002,19018329.0,761844,0,25.0,25.19,24.65,24.9
688093,世华科技,36.85,0.2994011976047889,0.10999999999999943,59309678.0,1610163,0,36.71,37.24,36.37,36.74
688095,福昕软件,89.27,2.7036355269213006,2.3499999999999943,428182757.0,4765897,0,87.76,92.5,86.7,86.92
688096,京源环保,7.9,-1.1264080100125138,-0.08999999999999986,44438533.0,5665421,0,8.03,8.03,7.74,7.99
688097,博众精工,37.75,0.5326231691078638,0.20000000000000284,171049030.0,4551668,0,38.4,38.4,37.02,37.55
688098,申联生物,8.88,1.601830663615567,0.14000000000000057,27878036.0,3156518,0,8.8,8.91,8.7,8.74
688099,晶晨股份,87.23,-0.9312890403179934,-0.8199999999999932,655906783.0,7417533,0,88.88,90.26,87.13,88.05
688100,威胜信息,39.3,1.5241539653836123,0.5899999999999963,105255002.0,2686698,0,38.8,39.55,38.52,38.71
688101,三达膜,16.44,0.8588957055214758,0.14000000000000057,23712573.0,1449602,0,16.4,16.45,16.22,16.3
688102,斯瑞新材,38.74,3.251599147121532,1.2199999999999989,2043842448.0,53141694,0,37.6,39.42,37.18,37.52
688103,国力电子,60.59,0.16531658125310203,0.10000000000000142,76167224.0,1257116,0,60.98,61.5,59.68,60.49
688105,诺唯赞,20.02,-0.34843205574913033,-0.07000000000000028,28108934.0,1406388,0,20.1,20.2,19.89,20.09
688106,金宏气体,19.59,0.4615384615384608,0.08999999999999986,81300316.0,4146158,0,19.63,19.77,19.47,19.5
688107,安路科技,27.18,-0.5852231163130949,-0.16000000000000014,83588316.0,3071183,0,27.59,27.7,27.05,27.34
688108,赛诺医疗,19.24,-0.2074688796680638,-0.0400000000000027,335571994.0,17557785,0,19.25,19.4,18.71,19.28
688109,品茗科技,127.1,-1.5110422316931553,-1.950000000000017,238200945.0,1855255,0,128.96,131.31,126.2,129.05
688110,东芯股份,131.35,-2.638796234526723,-3.5600000000000023,4503505622.0,32747646,0,137.5,146.19,131.1,134.91
688111,金山办公,307.07,0.6984980651931513,2.1299999999999955,1763084896.0,5723989,0,305.87,311.11,303.73,304.94
688112,鼎阳科技,37.45,0.0801710315339421,0.030000000000001137,27608230.0,737264,0,37.35,37.67,37.27,37.42
688113,联测科技,39.53,1.0997442455242958,0.4299999999999997,29027240.0,739327,0,38.95,39.74,38.73,39.1
688114,华大智造,60.76,0.06587615283267316,0.03999999999999915,96992548.0,1593565,0,61.0,61.2,60.51,60.72
688115,思林杰,65.58,1.784882818562768,1.1499999999999915,44858414.0,695148,0,64.42,65.65,63.01,64.43
688116,天奈科技,47.15,-0.9453781512605102,-0.45000000000000284,268949919.0,5708137,0,47.47,47.82,46.74,47.6
688117,圣诺生物,37.79,-1.6141629783910376,-0.6199999999999974,123756552.0,3295001,0,37.9,37.97,37.0,38.41
688118,普元信息,25.52,3.571428571428567,0.879999999999999,110421109.0,4338585,0,24.64,26.15,24.54,24.64
688119,中钢洛耐,5.59,0.9025270758122712,0.04999999999999982,208658280.0,37599310,0,5.54,5.72,5.41,5.54
688120,华海清科,150.08,-1.8122342165521634,-2.769999999999982,760468552.0,4997624,0,155.88,157.18,149.51,152.85
688121,卓然股份,10.92,-0.09149130832570711,-0.009999999999999787,32859136.0,3005138,0,10.96,11.01,10.84,10.93
688122,西部超导,74.58,0.8382909680908662,0.6200000000000045,1856279083.0,25144164,0,73.5,75.6,72.27,73.96
688123,聚辰股份,125.58,-1.6216216216216273,-2.0700000000000074,600226736.0,4754988,0,128.5,129.5,124.31,127.65
688125,安达智能,135.05,6.346956453264049,8.060000000000016,234515999.0,1785278,0,126.72,137.49,125.16,126.99
688126,沪硅产业,21.64,0.8387698042870442,0.17999999999999972,594415516.0,27488493,0,21.45,21.9,21.3,21.46
688127,蓝特光学,38.49,1.0501443948542886,0.3999999999999986,219846755.0,5704197,0,38.3,39.29,38.0,38.09
688128,中国电研,29.08,-1.523874026413826,-0.45000000000000284,52257158.0,1788611,0,29.53,29.64,29.0,29.53
688129,东来技术,20.23,0.8474576271186526,0.1700000000000017,11729500.0,581699,0,19.9,20.33,19.85,20.06
688130,晶华微,20.94,-0.28571428571427965,-0.05999999999999872,13340391.0,640752,0,20.9,21.04,20.6,21.0
688131,皓元医药,72.08,-0.6341328921974193,-0.46000000000000796,125297792.0,1729574,0,72.9,73.4,71.85,72.54
688132,邦彦技术,18.42,0.4362050163576982,0.08000000000000185,28676183.0,1558419,0,18.34,18.51,18.3,18.34
688133,泰坦科技,22.14,0.636363636363639,0.14000000000000057,32628519.0,1479130,0,22.05,22.22,21.85,22.0
688135,利扬芯片,27.76,-1.942776404097482,-0.5499999999999972,144631226.0,5190704,0,28.31,28.48,27.64,28.31
688136,科兴制药,31.67,0.0,0.0,58938404.0,1864462,0,31.55,31.9,31.35,31.67
688137,近岸蛋白,40.05,0.45146726862302416,0.17999999999999972,9077958.0,227364,0,40.74,40.74,39.55,39.87
688138,清溢光电,28.16,-0.529848110208402,-0.14999999999999858,63692898.0,2256189,0,28.46,28.55,27.97,28.31
688139,海尔生物,31.78,-0.3449357165255548,-0.10999999999999943,36702471.0,1152668,0,31.99,32.09,31.72,31.89
688141,杰华特,43.43,-1.5192743764172374,-0.6700000000000017,459349052.0,10552196,0,44.89,44.89,42.64,44.1
688143,长盈通,50.21,0.019920318725095636,0.00999999999999801,356416005.0,7084861,0,50.32,51.29,49.4,50.2
688146,中船特气,40.4,0.6979062811565333,0.28000000000000114,142898741.0,3528051,0,40.25,40.99,40.11,40.12
688147,微导纳米,62.79,-1.5367727771679534,-0.980000000000004,548899049.0,8643614,0,66.01,66.88,61.83,63.77
688148,芳源股份,8.77,-2.771618625277162,-0.25,122762367.0,13882829,0,9.15,9.15,8.76,9.02
688150,莱特光电,27.03,-2.206946454413891,-0.6099999999999994,304689277.0,11204880,0,27.58,28.17,26.75,27.64
688151,华强科技,20.62,1.5263417035942999,0.3100000000000023,41338341.0,2022729,0,20.27,20.62,20.04,20.31
688152,麒麟信安,40.35,0.1489203276247264,0.060000000000002274,58379003.0,1448959,0,40.06,40.65,39.82,40.29
688153,唯捷创芯,37.64,-1.0515247108307006,-0.3999999999999986,121810499.0,3240587,0,37.99,38.36,37.1,38.04
688155,先惠技术,60.45,-0.49382716049382247,-0.29999999999999716,89179701.0,1485016,0,60.99,61.05,59.4,60.75
688156,路德科技,16.01,0.06250000000000977,0.010000000000001563,20036084.0,1262241,0,16.19,16.19,15.61,16.0
688157,松井股份,36.23,-1.895477931221237,-0.7000000000000028,128595608.0,3560531,0,36.69,37.26,35.76,36.93
688158,优刻得,28.09,0.24982155603140715,0.07000000000000028,916582022.0,32408883,0,28.25,28.9,27.81,28.02
688159,有方科技,48.34,-1.4876706745465598,-0.7299999999999969,147402724.0,3045107,0,49.07,49.07,47.89,49.07
688160,步科股份,152.5,4.459209534899644,6.509999999999991,1276997493.0,8393970,0,149.93,163.88,145.99,145.99
688161,威高骨科,27.92,-0.07158196134573934,-0.019999999999999574,15885133.0,568332,0,27.98,28.11,27.87,27.94
688162,巨一科技,30.8,-1.2504007694773984,-0.39000000000000057,37377914.0,1212684,0,31.61,31.89,30.61,31.19
688163,赛伦生物,21.77,0.9272137227630937,0.1999999999999993,10288137.0,475660,0,21.61,21.79,21.37,21.57
688165,埃夫特,23.76,-3.3360455655003936,-0.8199999999999967,421886935.0,17657745,0,24.57,24.58,23.62,24.58
688166,博瑞医药,49.06,-0.6882591093117335,-0.3399999999999963,185633537.0,3782049,0,49.37,49.74,48.7,49.4
688167,炬光科技,175.07,-0.9841072337537522,-1.740000000000009,558933094.0,3188628,0,176.81,178.35,172.83,176.81
688168,安博通,75.16,0.4812834224598923,0.35999999999999943,118065759.0,1549939,0,75.23,77.92,74.5,74.8
688169,石头科技,152.06,0.16467953362756077,0.25,689308823.0,4465674,0,152.74,156.68,151.65,151.81
688170,德龙激光,31.46,-2.2374145431945274,-0.7199999999999989,83486855.0,2633844,0,32.28,32.47,31.36,32.18
688171,纬德信息,46.66,2.8886438809261192,1.3099999999999952,98673686.0,2119479,0,44.8,47.6,44.8,45.35
688172,燕东微,28.94,6.3188831741366736,1.7200000000000024,944692426.0,32563940,0,28.58,30.77,27.8,27.22
688173,希荻微,14.7,-0.8766014834794389,-0.13000000000000078,108015382.0,7355044,0,15.0,15.0,14.52,14.83
688175,高凌信息,32.21,9.520571234274058,2.8000000000000007,162216597.0,5053704,0,29.41,33.22,29.41,29.41
688176,亚虹医药,11.51,0.7880910683012247,0.08999999999999986,67929604.0,5896591,0,11.43,11.69,11.35,11.42
688177,百奥泰,23.14,0.21654395842356308,0.05000000000000071,21653665.0,935563,0,23.15,23.28,23.01,23.09
688178,万德斯,24.03,-0.49689440993787765,-0.11999999999999744,14933198.0,624517,0,24.17,24.4,23.69,24.15
688179,阿拉丁,12.49,-0.951625693893729,-0.11999999999999922,35679671.0,2845101,0,12.58,12.68,12.48,12.61
688180,君实生物,34.16,-0.4951937081270076,-0.1700000000000017,183795071.0,5343817,0,34.32,34.68,34.16,34.33
688181,八亿时空,32.32,0.3103662321539461,0.10000000000000142,84919765.0,2626013,0,32.24,32.66,32.06,32.22
688182,灿勤科技,29.52,2.857142857142858,0.8200000000000003,258319741.0,8810670,0,28.62,29.99,28.45,28.7
688183,生益电子,95.69,-2.0372645372645466,-1.990000000000009,1269760819.0,13104127,0,98.5,100.06,95.04,97.68
688184,ST帕瓦,9.28,-0.10764262648008383,-0.009999999999999787,2572291.0,276810,0,9.25,9.34,9.25,9.29
688185,康希诺,62.85,0.23923444976076327,0.14999999999999858,56555951.0,900652,0,62.85,63.16,62.33,62.7
688186,广大特材,22.68,-1.5197568389057812,-0.3500000000000014,164225953.0,7238143,0,23.12,23.12,22.58,23.03
688187,时代电气,51.29,2.764976958525351,1.3800000000000026,285492668.0,5633621,0,49.84,51.41,49.76,49.91
688188,柏楚电子,135.89,-0.9548104956268239,-1.3100000000000023,204440418.0,1490963,0,137.6,139.68,135.77,137.2
688189,南新制药,7.97,0.631313131313129,0.04999999999999982,33416037.0,4215500,0,7.93,8.01,7.85,7.92
688190,云路股份,97.4,-2.4829795754905786,-2.4799999999999898,65972758.0,674821,0,99.16,100.01,96.7,99.88
688191,智洋创新,32.18,2.778664963270524,0.870000000000001,108909507.0,3460692,0,31.69,32.24,30.87,31.31
688192,迪哲医药,57.6,2.5823686553873606,1.4500000000000028,121133762.0,2127684,0,56.14,57.62,55.78,56.15
688193,仁度生物,48.37,0.14492753623188465,0.07000000000000028,15433125.0,320703,0,48.55,48.66,47.79,48.3
688195,腾景科技,169.55,0.7487075880919956,1.2600000000000193,1155049492.0,6796538,0,167.0,175.0,164.0,168.29
688196,卓越新能,58.9,7.305520131171431,4.009999999999998,123321326.0,2118741,0,55.5,59.58,55.5,54.89
688197,首药控股,34.74,1.047120418848166,0.35999999999999943,27261757.0,790299,0,34.51,34.98,34.0,34.38
688198,佰仁医疗,107.01,-1.5184980673660884,-1.6499999999999915,68062902.0,634676,0,108.02,109.0,105.0,108.66
688199,久日新材,23.57,-1.0079798404031854,-0.23999999999999844,60356122.0,2562723,0,23.77,23.94,23.33,23.81
688200,华峰测控,190.2,-0.9323402260534509,-1.7900000000000205,303759790.0,1581701,0,194.19,195.5,189.58,191.99
688201,信安世纪,14.63,4.054054054054055,0.5700000000000003,294219103.0,20316767,0,14.06,14.7,13.95,14.06
688202,美迪西,56.4,-1.1566771819137815,-0.6600000000000037,100167034.0,1764043,0,57.03,57.75,56.11,57.06
688203,海正生材,12.78,0.7092198581560273,0.08999999999999986,14710766.0,1160694,0,12.66,12.81,12.5,12.69
688205,德科立,137.48,-3.779395296752524,-5.400000000000006,1543179810.0,11088939,0,143.05,143.7,136.78,142.88
688206,概伦电子,34.83,-1.5545505935556931,-0.5500000000000043,107623174.0,3070137,0,35.46,35.68,34.69,35.38
688207,格灵深瞳,15.2,-0.32786885245902103,-0.05000000000000071,97794867.0,6404103,0,15.33,15.41,15.13,15.25
688208,道通科技,36.8,0.3271537622682591,0.11999999999999744,335715336.0,9043931,0,36.81,37.6,36.63,36.68
688209,英集芯,19.94,-1.6280217069560843,-0.3299999999999983,134481035.0,6703363,0,20.38,20.38,19.9,20.27
688210,统联精密,55.32,-2.9133029133029074,-1.6599999999999966,357901875.0,6490005,0,57.0,57.8,53.72,56.98
688211,中科微至,30.8,0.9836065573770515,0.3000000000000007,9465095.0,309343,0,30.42,30.86,30.3,30.5
688212,澳华内镜,43.71,-0.09142857142856947,-0.03999999999999915,42939984.0,980751,0,43.43,44.56,43.43,43.75
688213,思特威,95.09,-0.8342892898112391,-0.7999999999999972,479615490.0,5054237,0,95.68,95.88,94.02,95.89
688215,瑞晟智能,72.51,2.3863315447613838,1.690000000000012,99722031.0,1376668,0,71.54,73.5,71.21,70.82
688216,气派科技,22.28,0.2249212775528597,0.05000000000000071,26719514.0,1200168,0,22.6,22.6,21.98,22.23
688217,睿昂基因,26.35,0.5725190839694738,0.15000000000000213,13546706.0,515515,0,26.5,26.5,26.01,26.2
688218,江苏北人,22.82,-0.21862702229995937,-0.05000000000000071,50133932.0,2200005,0,23.04,23.11,22.61,22.87
688219,会通股份,12.42,-0.7194244604316535,-0.08999999999999986,85390530.0,6864824,0,12.5,12.55,12.38,12.51
688220,翱捷科技,82.61,-2.2482546444207854,-1.9000000000000057,350573188.0,4224004,0,84.81,85.35,82.27,84.51
688221,前沿生物,18.05,0.16648168701443472,0.030000000000001137,132162868.0,7371144,0,18.01,18.18,17.63,18.02
688222,成都先导,23.45,-1.8417748011720438,-0.4400000000000013,171144314.0,7244651,0,23.99,24.09,23.4,23.89
688223,晶科能源,5.64,-1.913043478260875,-0.11000000000000032,416199391.0,73280239,0,5.77,5.8,5.63,5.75
688225,亚信安全,19.4,3.7433155080213867,0.6999999999999993,148127906.0,7741709,0,18.86,19.9,18.5,18.7
688226,威腾电气,37.1,-2.9557938791524867,-1.1299999999999955,139940481.0,3750007,0,38.23,38.23,36.91,38.23
688227,品高股份,65.01,1.800814281240222,1.1500000000000057,347032095.0,5380008,0,63.7,67.0,62.4,63.86
688228,开普云,194.61,-4.831532104259375,-9.879999999999995,350796791.0,1770257,0,206.0,208.0,194.17,204.49
688229,博睿数据,62.68,4.763496573625274,2.8500000000000014,90493747.0,1463645,0,60.0,63.0,59.62,59.83
688230,芯导科技,72.48,0.6107717934480812,0.4399999999999977,131690399.0,1823646,0,72.04,73.79,70.91,72.04
688231,隆达股份,26.0,-1.2158054711246211,-0.3200000000000003,107320885.0,4105836,0,26.39,26.86,25.82,26.32
688232,新点软件,24.82,1.471790678659033,0.35999999999999943,33293444.0,1344251,0,24.61,25.11,24.4,24.46
688233,神工股份,70.03,-4.474150866184696,-3.280000000000001,620094117.0,8671301,0,76.66,76.66,69.72,73.31
688234,天岳先进,88.88,-4.337530943924229,-4.030000000000001,656365130.0,7293822,0,92.0,92.83,88.58,92.91
688235,百济神州,268.6,-1.2499999999999916,-3.3999999999999773,357713639.0,1328122,0,271.0,272.7,267.71,272.0
688236,春立医疗,22.88,-0.30501089324618863,-0.07000000000000028,24474031.0,1067769,0,22.84,23.23,22.75,22.95
688237,超卓航科,48.75,3.0219780219780215,1.4299999999999997,79616238.0,1655769,0,47.4,48.77,47.03,47.32
688238,和元生物,6.66,0.4524886877828092,0.03000000000000025,29034158.0,4367003,0,6.62,6.7,6.59,6.63
688239,航宇科技,67.67,1.166093586485276,0.7800000000000011,831490413.0,12511225,0,66.0,68.69,64.6,66.89
688244,永信至诚,24.44,1.4950166112956937,0.360000000000003,105259375.0,4350103,0,24.15,24.59,23.76,24.08
688246,嘉和美康,23.25,4.166666666666665,0.9299999999999997,133236348.0,5779498,0,22.4,23.66,22.15,22.32
688247,宣泰医药,9.7,-0.20576131687244187,-0.02000000000000135,16606133.0,1713439,0,9.72,9.74,9.66,9.72
688248,南网科技,44.74,-0.3785348474727112,-0.1699999999999946,105313919.0,2349673,0,44.91,45.27,44.38,44.91
688249,晶合集成,33.19,-0.5394066526820489,-0.17999999999999972,1317823974.0,39246984,0,34.69,34.77,32.61,33.37
688251,井松智能,29.4,-2.065289806795473,-0.620000000000001,115738251.0,3880669,0,30.0,30.9,29.2,30.02
688252,天德钰,21.17,-1.1671335200746964,-0.25,60118982.0,2829356,0,21.49,21.65,21.13,21.42
688253,英诺特,30.18,-0.494559841740846,-0.14999999999999858,29036743.0,958551,0,30.35,30.57,30.16,30.33
688255,凯尔达,36.63,0.35616438356165087,0.13000000000000256,62564654.0,1706559,0,36.88,37.06,36.16,36.5
688256,寒武纪,1355.55,-4.255544568441871,-60.25,9747441408.0,7026742,0,1426.0,1432.0,1348.16,1415.8
688257,新锐股份,34.28,-1.94508009153318,-0.6799999999999997,196410022.0,5730005,0,34.8,35.29,33.63,34.96
688258,卓易信息,76.57,6.376771325368143,4.589999999999989,454008735.0,6002463,0,72.1,78.17,71.68,71.98
688259,创耀科技,41.8,1.5549076773566584,0.6400000000000006,130415202.0,3117835,0,41.38,42.45,41.06,41.16
688260,昀冢科技,28.8,-3.9039039039038976,-1.1699999999999982,152167749.0,5203854,0,29.66,30.07,28.79,29.97
688261,东微半导,82.01,-1.3828763828763726,-1.1499999999999915,490392228.0,6031667,0,81.95,83.88,80.0,83.16
688262,国芯科技,30.35,-0.49180327868852,-0.14999999999999858,278736769.0,9177793,0,30.79,30.88,30.1,30.5
688265,南模生物,41.01,-0.7742559883861609,-0.3200000000000003,13172397.0,320502,0,41.16,41.59,40.83,41.33
688266,泽璟制药,92.7,0.4878048780487836,0.45000000000000284,208222966.0,2250150,0,92.24,93.99,90.03,92.25
688267,中触媒,28.17,-0.5296610169491475,-0.14999999999999858,36504745.0,1293001,0,28.49,28.74,28.01,28.32
688268,华特气体,57.39,-0.4509973980919306,-0.259999999999998,117793195.0,2038112,0,57.9,58.47,57.3,57.65
688269,凯立新材,40.01,-0.6703078450844169,-0.2700000000000031,46326100.0,1158953,0,40.33,40.48,39.6,40.28
688270,臻镭科技,122.07,0.8842975206611514,1.0699999999999932,4428201875.0,36399710,0,121.0,126.9,115.03,121.0
688271,联影医疗,125.5,-1.266619463456848,-1.6099999999999994,609854690.0,4838525,0,127.26,128.2,124.61,127.11
688272,富吉瑞,32.66,14.395796847635712,4.109999999999996,210015371.0,6866073,0,28.55,32.9,28.22,28.55
688273,麦澜德,42.52,-0.14091122592765423,-0.05999999999999517,121248281.0,2862764,0,41.75,43.06,41.61,42.58
688275,万润新能,75.4,-3.034979423868312,-2.3599999999999994,288606204.0,3792786,0,77.0,77.74,75.18,77.76
688276,百克生物,18.86,-0.8412197686645645,-0.16000000000000014,32237241.0,1703593,0,19.02,19.07,18.85,19.02
688277,天智航,15.19,-0.718954248366021,-0.11000000000000121,74856678.0,4896051,0,15.28,15.57,15.16,15.3
688278,特宝生物,83.68,0.0837220428178536,0.07000000000000739,89391479.0,1071523,0,83.31,84.36,82.51,83.61
688279,峰岹科技,203.49,5.054207537429025,9.79000000000002,518866184.0,2574250,0,194.76,208.52,192.0,193.7
688280,精进电动,8.7,0.2304147465437739,0.019999999999999574,62742288.0,7235768,0,8.68,8.73,8.59,8.68
688281,华秦科技,73.8,0.1356852103120683,0.09999999999999432,188982266.0,2548880,0,73.67,75.11,72.92,73.7
688282,理工导航,63.5,3.6903984323971226,2.259999999999998,193881086.0,3148155,0,62.0,65.9,58.65,61.24
688283,坤恒顺维,40.3,3.3333333333333264,1.2999999999999972,179646433.0,4504370,0,39.5,41.41,37.8,39.0
688285,高铁电气,8.68,0.23094688221708512,0.019999999999999574,12478596.0,1445807,0,8.69,8.71,8.53,8.66
688286,敏芯股份,78.95,-0.7916561950238696,-0.6299999999999955,95210642.0,1208775,0,80.09,80.14,78.0,79.58
688287,*ST观典,6.14,0.4909983633387784,0.02999999999999936,28254593.0,4552769,0,6.15,6.35,6.09,6.11
688288,鸿泉技术,26.81,0.6381381381381313,0.16999999999999815,27634822.0,1030579,0,26.63,27.05,26.5,26.64
688289,圣湘生物,18.91,0.10587612493382514,0.019999999999999574,42677495.0,2259838,0,18.86,19.0,18.8,18.89
688290,景业智能,59.44,-2.2046725896676596,-1.3400000000000034,108989457.0,1827013,0,60.8,60.8,59.09,60.78
688291,金橙子,42.72,11.598746081504697,4.439999999999998,413610845.0,10136806,0,39.0,43.68,37.71,38.28
688292,浩瀚深度,29.0,6.461086637298097,1.7600000000000016,195207457.0,6887113,0,27.08,29.29,27.05,27.24
688293,奥浦迈,49.0,1.5544041450777202,0.75,33336925.0,688085,0,48.25,49.24,47.68,48.25
688295,中复神鹰,32.81,-0.2735562310030283,-0.0899999999999963,396574492.0,12080622,0,33.0,33.64,32.15,32.9
688296,和达科技,13.25,0.3028009084027187,0.03999999999999915,16191311.0,1230163,0,13.28,13.33,12.99,13.21
688297,中无人机,48.02,1.1373209772535937,0.5400000000000063,404919992.0,8491312,0,47.1,48.28,47.03,47.48
688298,东方生物,23.43,-0.8044030482641882,-0.19000000000000128,30085256.0,1281359,0,23.67,23.67,23.39,23.62
688299,长阳科技,16.92,-0.5291005291005282,-0.08999999999999986,67527323.0,3980240,0,17.17,17.17,16.86,17.01
688300,联瑞新材,62.09,-1.475721993018089,-0.9299999999999997,199137915.0,3168384,0,63.6,64.1,62.09,63.02
688301,奕瑞科技,101.11,-1.1729058743035898,-1.2000000000000028,144417115.0,1421613,0,103.0,103.29,100.89,102.31
688302,海创药业,49.17,1.2353304508956175,0.6000000000000014,91705760.0,1871801,0,48.48,49.79,48.1,48.57
688303,大全能源,26.82,-1.3970588235294081,-0.379999999999999,207872050.0,7722038,0,27.07,27.3,26.78,27.2
688305,科德数控,61.8,1.2285012285012287,0.75,154686771.0,2507452,0,61.07,62.5,60.97,61.05
688306,均普智能,11.6,-1.9442096365173325,-0.23000000000000043,218911320.0,18828286,0,11.8,11.8,11.55,11.83
688307,中润光学,43.21,-2.1512681159420195,-0.9499999999999957,81675851.0,1878948,0,44.16,44.16,43.15,44.16
688308,欧科亿,31.64,-1.9218846869187771,-0.6199999999999974,106970896.0,3375264,0,32.56,32.8,31.25,32.26
688309,恒誉环保,24.13,1.0046044370029235,0.23999999999999844,30710771.0,1270538,0,23.83,24.52,23.59,23.89
688310,迈得医疗,15.33,-1.4781491002570721,-0.23000000000000043,40929791.0,2675763,0,15.56,15.69,15.08,15.56
688311,盟升电子,45.6,4.109589041095901,1.8000000000000043,718549430.0,15843490,0,43.8,47.96,42.9,43.8
688312,燕麦科技,33.18,-0.4500450045004458,-0.14999999999999858,65229848.0,1968507,0,33.25,33.45,32.85,33.33
688313,仕佳光子,88.78,-2.0088300220750477,-1.8199999999999932,1408053863.0,15770945,0,90.0,91.49,88.08,90.6
688314,康拓医疗,33.06,-0.2414001207000552,-0.0799999999999983,19107993.0,575802,0,33.18,33.6,32.91,33.14
688315,诺禾致源,13.28,0.07535795026375122,0.009999999999999787,29309217.0,2214571,0,13.27,13.31,13.13,13.27
688316,青云科技,60.17,0.6860776439089754,0.4100000000000037,143685597.0,2365990,0,59.85,62.17,59.14,59.76
688317,之江生物,20.17,-0.3950617283950533,-0.0799999999999983,20639203.0,1026721,0,20.31,20.38,19.93,20.25
688318,财富趋势,132.32,-1.4229307904343267,-1.9099999999999966,356364322.0,2666782,0,133.6,135.65,132.08,134.23
688319,欧林生物,25.36,0.15797788309636315,0.03999999999999915,69611652.0,2740091,0,25.0,25.79,25.0,25.32
688320,禾川科技,37.32,-0.9554140127388521,-0.35999999999999943,281488236.0,7579560,0,37.7,37.8,36.68,37.68
688321,微芯生物,29.22,0.6544953496382974,0.18999999999999773,208669643.0,7137172,0,28.99,29.5,28.95,29.03
688322,奥比中光,89.67,-1.0046367851622837,-0.9099999999999966,725899135.0,8078738,0,90.11,91.38,88.83,90.58
688323,瑞华泰,22.51,-1.917211328976025,-0.4399999999999977,387308142.0,17514965,0,22.02,22.88,21.48,22.95
688325,赛微微电,87.53,-1.430180180180176,-1.269999999999996,52788603.0,600741,0,89.27,89.27,86.9,88.8
688326,经纬恒润,117.5,1.8638925010836633,2.1500000000000057,353238487.0,3051009,0,115.35,118.88,111.28,115.35
688327,云从科技,14.37,2.423378474697077,0.33999999999999986,398185823.0,27760653,0,14.14,14.58,14.03,14.03
688328,深科达,29.18,1.3194444444444409,0.379999999999999,109664150.0,3765397,0,28.99,29.48,28.68,28.8
688329,艾隆科技,21.29,0.0,0.0,19379372.0,913995,0,21.35,21.42,20.98,21.29
688330,宏力达,36.13,-1.1220580186097335,-0.4099999999999966,38997297.0,1080296,0,36.65,36.88,35.8,36.54
688331,荣昌生物,77.79,0.5428460643660356,0.4200000000000017,444587390.0,5829280,0,77.35,78.24,75.03,77.37
688332,中科蓝讯,131.31,0.09910047263301987,0.12999999999999545,336433389.0,2576283,0,132.8,132.8,129.02,131.18
688333,铂力特,111.51,9.323529411764712,9.510000000000005,2615311444.0,24274461,0,102.0,115.99,102.0,102.0
688334,西高院,19.36,0.15519917227108712,0.030000000000001137,27515620.0,1424084,0,19.42,19.42,19.21,19.33
688335,复洁科技,26.96,0.6345651362448739,0.1700000000000017,88631790.0,3326601,0,26.78,27.16,26.02,26.79
688336,三生国健,59.57,-1.1614401858304344,-0.7000000000000028,108588754.0,1817094,0,60.3,60.59,59.38,60.27
688337,普源精电,36.89,-1.5479049906591895,-0.5799999999999983,71014461.0,1913424,0,37.5,37.85,36.77,37.47
688338,赛科希德,25.88,-0.38491147036182227,-0.10000000000000142,10493554.0,406165,0,26.02,26.07,25.75,25.98
688339,亿华通,26.96,-2.460202604920404,-0.6799999999999997,132646644.0,4888509,0,27.4,28.06,26.82,27.64
688343,云天励飞,76.08,-1.7435102673382517,-1.3500000000000085,650847460.0,8526305,0,77.89,78.12,75.56,77.43
688345,博力威,31.2,-0.7949125596184419,-0.25,29285962.0,937981,0,31.5,31.79,30.9,31.45
688347,华虹公司,107.87,-1.8471337579617844,-2.030000000000001,1714869752.0,15862871,0,110.02,111.32,106.0,109.9
688348,昱能科技,50.39,-3.3007100364613295,-1.7199999999999989,125496933.0,2465449,0,52.13,52.3,50.31,52.11
688349,三一重能,25.28,0.6369426751592362,0.16000000000000014,67561493.0,2685686,0,25.12,25.35,24.92,25.12
688350,富淼科技,25.73,-1.6061185468451171,-0.41999999999999815,81120596.0,3178190,0,26.0,26.26,25.18,26.15
688351,微电生理,23.15,-1.4893617021276655,-0.3500000000000014,71909197.0,3093532,0,23.43,23.66,23.08,23.5
688352,颀中科技,12.61,-0.07923930269413461,-0.009999999999999787,102997781.0,8138259,0,12.64,12.84,12.51,12.62
688353,华盛锂电,113.7,-2.9035012809564402,-3.3999999999999915,1286032010.0,11075013,0,115.57,120.54,113.29,117.1
688355,明志科技,17.8,1.0215664018161164,0.17999999999999972,15956353.0,899254,0,17.57,18.12,17.52,17.62
688356,键凯科技,82.2,0.024336821611092747,0.01999999999999602,19778664.0,239770,0,81.7,83.5,81.7,82.18
688357,建龙微纳,33.05,-0.720937218383905,-0.240000000000002,40377515.0,1213016,0,33.28,33.69,33.05,33.29
688358,祥生医疗,30.1,0.2664890073284539,0.08000000000000185,16927280.0,564137,0,30.0,30.25,29.74,30.02
688359,三孚新科,66.63,-0.2544910179640744,-0.1700000000000017,103122090.0,1547862,0,66.66,67.5,65.85,66.8
688360,德马科技,21.26,-4.234234234234224,-0.9399999999999977,141365058.0,6571683,0,22.0,22.1,21.24,22.2
688361,中科飞测,152.99,0.7308401369502329,1.1100000000000136,1109192570.0,7140492,0,157.1,162.33,150.0,151.88
688362,甬矽电子,32.41,-1.6388467374810505,-0.5400000000000063,200085399.0,6111521,0,33.16,33.48,32.36,32.95
688363,华熙生物,43.68,-0.02288853284504008,-0.00999999999999801,98719703.0,2250971,0,43.69,44.48,43.66,43.69
688365,光云科技,16.87,6.637168141592925,1.0500000000000007,658465963.0,39349931,0,15.83,17.43,15.73,15.82
688366,昊海生科,43.9,0.11402508551880766,0.04999999999999716,20883157.0,475986,0,43.86,44.09,43.65,43.85
688367,工大高科,30.96,1.5081967213114782,0.46000000000000085,91003320.0,2925563,0,30.5,31.57,30.5,30.5
688368,晶丰明源,115.43,-1.0713061364415495,-1.25,115922735.0,1005870,0,116.02,117.27,114.0,116.68
688369,致远互联,25.43,7.118786857624269,1.6900000000000013,199273157.0,7972292,0,23.82,25.87,23.75,23.74
688370,丛麟科技,24.37,-0.20475020475020766,-0.05000000000000071,7034516.0,288387,0,24.78,24.78,24.16,24.42
688371,菲沃泰,18.47,-0.5920344456404706,-0.10999999999999943,31056393.0,1683641,0,18.66,18.66,18.3,18.58
688372,伟测科技,109.09,-3.6817941020660436,-4.170000000000002,480932231.0,4325493,0,112.45,114.4,108.68,113.26
688373,盟科药业,6.04,1.0033444816053445,0.05999999999999961,25697972.0,4285426,0,6.03,6.04,5.95,5.98
688375,国博电子,93.11,12.045728038507828,10.010000000000005,938545579.0,10778277,0,83.18,95.99,81.5,83.1
688376,美埃科技,57.82,-0.5503955968352259,-0.3200000000000003,216652364.0,3699820,0,58.02,60.49,57.19,58.14
688377,迪威尔,36.7,0.2458344714558957,0.09000000000000341,48831913.0,1344599,0,36.59,37.0,35.8,36.61
688378,奥来德,27.3,-3.8054968287526365,-1.0799999999999983,197022201.0,7088933,0,28.03,28.44,27.23,28.38
688379,华光新材,55.06,-0.14508523757707342,-0.0799999999999983,176925040.0,3211180,0,55.6,55.88,54.25,55.14
688380,中微半导,32.15,-1.712014674411502,-0.5600000000000023,137272499.0,4246899,0,32.99,33.09,32.08,32.71
688381,帝奥微,22.81,-1.4686825053995676,-0.33999999999999986,59849793.0,2611875,0,23.25,23.25,22.78,23.15
688382,益方生物,27.24,0.14705882352940863,0.03999999999999915,217369045.0,8074730,0,27.06,27.4,26.55,27.2
688383,新益昌,78.27,4.151696606786414,3.1199999999999903,169070142.0,2197147,0,75.0,78.96,74.35,75.15
688385,复旦微电,73.7,-0.5934718100890177,-0.4399999999999977,1091828957.0,14911542,0,74.14,74.44,71.87,74.14
688386,泛亚微透,87.6,3.3018867924528266,2.799999999999997,325346872.0,3732446,0,84.8,89.4,84.8,84.8
688387,信科移动,12.9,8.130762782900257,0.9700000000000006,2510384629.0,198300802,0,11.95,13.5,11.95,11.93
688388,嘉元科技,40.98,0.8862629246676501,0.35999999999999943,465180215.0,11425847,0,40.7,41.42,39.83,40.62
688389,普门科技,12.98,-0.612557427258806,-0.08000000000000007,27585914.0,2122333,0,13.06,13.09,12.96,13.06
688390,固德威,62.13,0.3229452607783027,0.20000000000000284,396937589.0,6427249,0,61.93,62.56,60.91,61.93
688391,钜泉科技,28.33,-0.21134202183868359,-0.060000000000002274,22256768.0,787791,0,28.58,28.63,28.0,28.39
688392,骄成超声,112.2,-2.0001746877456474,-2.289999999999992,283797795.0,2490275,0,117.41,119.39,111.51,114.49
688393,安必平,23.69,-0.4621848739495774,-0.10999999999999943,39424146.0,1653871,0,23.99,24.37,23.51,23.8
688395,正弦电气,24.32,1.0806317539484687,0.26000000000000156,19969788.0,826358,0,24.32,24.46,23.69,24.06
688396,华润微,52.86,-0.6764374295377666,-0.35999999999999943,668744914.0,12511769,0,53.5,54.5,52.79,53.22
688398,赛特新材,17.0,0.05885815185404099,0.010000000000001563,22507833.0,1332658,0,16.95,17.05,16.66,16.99
688399,硕世生物,68.5,-1.679345485861923,-1.1700000000000017,56037119.0,811221,0,69.6,69.96,68.26,69.67
688400,凌云光,42.38,-1.8754341282704219,-0.8099999999999952,623158017.0,14624437,0,43.21,43.69,42.08,43.19
688401,路维光电,48.81,-1.0139931048468869,-0.5,120336117.0,2449981,0,49.53,49.79,48.62,49.31
688403,汇成股份,16.38,0.0,0.0,892736711.0,53322783,0,17.15,17.65,15.92,16.38
688408,中信博,42.11,-1.589156344940406,-0.6799999999999997,173657887.0,4101101,0,42.85,43.06,42.01,42.79
688409,富创精密,67.4,-0.6339377856405611,-0.4299999999999926,372169599.0,5481582,0,68.1,69.57,66.3,67.83
688410,山外山,14.97,-0.7952286282306111,-0.11999999999999922,42073101.0,2805227,0,15.07,15.18,14.86,15.09
688411,海博思创,250.04,-1.1386999841847207,-2.8799999999999955,607556075.0,2446353,0,252.14,254.0,245.15,252.92
688416,恒烁股份,55.13,-1.9039145907473312,-1.0700000000000003,246115023.0,4453805,0,56.5,56.8,54.57,56.2
688418,震有科技,43.48,2.886890676762894,1.2199999999999989,719830949.0,16696755,0,42.18,44.37,41.89,42.26
688419,耐科装备,27.99,-0.0357142857142913,-0.010000000000001563,18973613.0,678699,0,28.0,28.27,27.71,28.0
688420,美腾科技,23.87,0.2941176470588247,0.07000000000000028,10663775.0,449339,0,23.8,24.03,23.6,23.8
688425,铁建重工,5.07,-1.1695906432748462,-0.05999999999999961,107729026.0,21107264,0,5.12,5.14,5.06,5.13
688426,康为世纪,23.83,0.12605042016805706,0.029999999999997584,15654569.0,656556,0,24.06,24.08,23.58,23.8
688428,诺诚健华,20.52,-0.3399708596406036,-0.07000000000000028,97778905.0,4782765,0,20.58,20.79,20.28,20.59
688429,时创能源,13.09,0.15302218821728825,0.019999999999999574,16331733.0,1251019,0,13.05,13.19,12.95,13.07
688432,有研硅,12.41,-1.0366826156299762,-0.129999999999999,76344036.0,6132226,0,12.58,12.62,12.35,12.54
688433,华曙高科,66.17,1.1773700305810335,0.769999999999996,271706029.0,4151253,0,65.37,66.98,63.8,65.4
688435,英方软件,46.77,4.00266844563043,1.8000000000000043,146609941.0,3198686,0,44.53,47.49,43.85,44.97
688439,振华风光,64.6,2.702702702702696,1.6999999999999957,479470555.0,7427974,0,62.76,65.81,62.66,62.9
688443,智翔金泰,27.24,-0.03669724770642775,-0.010000000000001563,33990242.0,1245236,0,27.11,27.56,27.11,27.25
688448,磁谷科技,48.47,1.5078534031413589,0.7199999999999989,140765258.0,2873666,0,47.65,49.85,47.3,47.75
688449,联芸科技,45.18,-2.038161318300082,-0.9399999999999977,248805623.0,5468711,0,46.34,46.85,45.03,46.12
688450,光格科技,27.58,0.5835156819839409,0.1599999999999966,11905049.0,432093,0,27.69,27.72,27.33,27.42
688455,科捷智能,20.09,0.3998000999500165,0.0799999999999983,46127765.0,2292400,0,20.0,20.3,19.85,20.01
688456,有研粉材,77.7,2.9684601113172664,2.240000000000009,663335486.0,8597322,0,76.5,78.8,75.41,75.46
688458,美芯晟,39.64,0.05047955577991703,0.020000000000003126,76615735.0,1933629,0,40.01,40.01,39.23,39.62
688459,哈铁科技,9.65,0.7306889352818401,0.07000000000000028,10275767.0,1068426,0,9.59,9.66,9.55,9.58
688466,金科环境,16.27,-0.061425061425071016,-0.010000000000001563,19418610.0,1200708,0,16.23,16.35,16.0,16.28
688468,科美诊断,7.34,0.0,0.0,18954087.0,2586574,0,7.32,7.37,7.28,7.34
688469,芯联集成,6.69,-1.7621145374449227,-0.11999999999999922,674183283.0,100588745,0,6.8,6.84,6.66,6.81
688472,阿特斯,14.91,-2.992843201040983,-0.4599999999999991,992981175.0,66234027,0,15.43,15.5,14.81,15.37
688475,萤石网络,30.11,1.3804713804713808,0.41000000000000014,148686017.0,4940536,0,29.78,30.46,29.68,29.7
688478,晶升股份,37.41,0.026737967914433187,0.00999999999999801,65372843.0,1749538,0,37.48,37.96,36.97,37.4
688479,友车科技,18.83,1.1821601289629171,0.21999999999999886,9458762.0,505638,0,18.61,18.84,18.42,18.61
688480,赛恩斯,51.49,1.7387868010274699,0.8800000000000026,67675960.0,1310658,0,50.01,53.01,50.01,50.61
688484,南芯科技,40.66,-2.330050444391078,-0.970000000000006,170851323.0,4180881,0,41.69,41.76,40.57,41.63
688485,九州一轨,17.84,0.620417371686404,0.10999999999999943,20175366.0,1135187,0,17.62,17.98,17.57,17.73
688486,龙迅股份,74.31,-1.3540422142572628,-1.019999999999996,108523114.0,1456666,0,75.1,75.6,73.82,75.33
688488,艾迪药业,16.33,2.190237797246545,0.34999999999999787,149468367.0,9068609,0,16.09,16.85,15.86,15.98
688489,三未信安,45.71,1.7586821015138003,0.7899999999999991,57419422.0,1257323,0,44.71,46.06,44.65,44.92
688496,清越科技,5.94,1.0204081632653146,0.0600000000000005,24394162.0,4124421,0,5.93,5.99,5.85,5.88
688498,源杰科技,641.99,-2.6491371728383872,-17.470000000000027,1777255833.0,2755062,0,668.36,670.68,630.12,659.46
688499,利元亨,57.72,-1.5521064301552168,-0.9100000000000037,249463305.0,4306325,0,58.5,59.39,57.4,58.63
688500,慧辰股份,61.76,2.1164021164021185,1.2800000000000011,140741654.0,2296413,0,60.45,63.29,59.57,60.48
688501,青达环保,26.43,-0.8255159474671628,-0.21999999999999886,30422485.0,1146910,0,26.68,26.79,26.28,26.65
688502,茂莱光学,399.05,0.5290338833606305,2.1000000000000227,374756761.0,933898,0,396.0,407.84,392.44,396.95
688503,聚和材料,61.0,-2.0080321285140563,-1.25,364622148.0,5905810,0,62.5,63.36,60.94,62.25
688505,复旦张江,8.3,0.7281553398058312,0.0600000000000005,17268801.0,2089374,0,8.23,8.32,8.19,8.24
688506,百利天恒,323.1,0.1363664538523516,0.4399999999999977,220002900.0,680714,0,325.98,326.17,320.99,322.66
688507,索辰科技,100.29,2.149113872479119,2.1099999999999994,293501874.0,2904696,0,98.5,102.51,98.31,98.18
688508,芯朋微,60.9,-1.1042546281260146,-0.6799999999999997,109556079.0,1792468,0,61.75,61.75,60.62,61.58
688509,正元地信,5.49,8.928571428571432,0.4500000000000002,245387440.0,45447634,0,5.06,5.68,5.01,5.04
688510,航亚科技,26.9,1.8168054504163393,0.4799999999999969,202690479.0,7613078,0,26.2,27.04,26.02,26.42
688511,*ST天微,28.69,1.6294721927028015,0.46000000000000085,45246175.0,1584318,0,28.0,28.98,28.0,28.23
688512,慧智微,11.16,0.0896860986547066,0.009999999999999787,64323460.0,5759751,0,11.06,11.28,11.03,11.15
688513,苑东生物,61.55,1.7187241778218465,1.0399999999999991,96431293.0,1579909,0,60.3,61.73,59.62,60.51
688515,裕太微,102.55,-1.828451081753778,-1.9099999999999966,117655884.0,1144581,0,104.96,105.34,101.5,104.46
688516,奥特维,45.26,-1.6728220725613796,-0.7700000000000031,182357178.0,3996957,0,46.26,46.75,45.21,46.03
688517,金冠电气,15.59,-0.510529674537333,-0.08000000000000007,31632149.0,2030942,0,15.72,15.78,15.48,15.67
688518,联赢激光,24.29,-1.3002844372206432,-0.3200000000000003,171220578.0,7010872,0,24.41,24.98,24.22,24.61
688519,南亚新材,80.86,-2.070970085987639,-1.7099999999999937,449460026.0,5512800,0,81.83,83.4,80.35,82.57
688520,神州细胞,43.31,-0.6423491626519869,-0.28000000000000114,73777694.0,1698348,0,43.59,43.84,43.2,43.59
688521,芯原股份,136.97,-2.8512660472373996,-4.02000000000001,2390331589.0,17392963,0,142.0,143.0,134.73,140.99
688522,纳睿雷达,39.93,0.42756539235412905,0.1700000000000017,174545817.0,4386925,0,39.9,40.16,39.2,39.76
688523,航天环宇,55.96,14.554759467758444,7.109999999999999,1691830831.0,31885255,0,49.29,57.99,48.85,48.85
688525,佰维存储,114.79,-2.6295699380778643,-3.0999999999999943,1970712486.0,17070352,0,118.88,119.78,113.58,117.89
688526,科前生物,15.26,-0.6510416666666643,-0.09999999999999964,27512786.0,1799739,0,15.37,15.41,15.21,15.36
688528,秦川物联,10.77,1.3170272812793866,0.1399999999999988,12742427.0,1196844,0,10.71,10.78,10.46,10.63
688529,豪森智能,18.44,-0.054200542005409275,-0.00999999999999801,21428277.0,1162755,0,18.85,18.95,18.2,18.45
688530,欧莱新材,16.44,-0.30321406913279053,-0.04999999999999716,11550588.0,702259,0,16.63,16.65,16.31,16.49
688531,日联科技,66.03,0.34954407294833434,0.23000000000000398,136418244.0,2066778,0,66.69,66.85,65.25,65.8
688533,上声电子,29.24,-0.40871934604904975,-0.120000000000001,37244361.0,1271712,0,29.39,29.47,29.15,29.36
688535,华海诚科,112.08,-1.1901613329807004,-1.3500000000000085,443519255.0,3878657,0,117.43,118.39,111.8,113.43
688536,思瑞浦,159.88,-1.1255411255411214,-1.8199999999999932,328725129.0,2052794,0,161.62,163.37,158.18,161.7
688538,和辉光电,2.66,0.7575757575757582,0.020000000000000018,122458781.0,46247016,0,2.64,2.67,2.62,2.64
688539,高华科技,49.51,1.5381460213289582,0.75,424301078.0,8614114,0,48.22,50.38,47.8,48.76
688543,国科军工,62.07,0.9268292682926834,0.5700000000000003,787416598.0,12689926,0,61.28,63.09,61.0,61.5
688545,兴福电子,37.55,2.904905453548904,1.0599999999999952,372216007.0,9803217,0,36.97,39.39,36.49,36.49
688548,广钢气体,14.54,3.4875444839857535,0.48999999999999844,228556271.0,15845178,0,14.14,14.63,14.05,14.05
688549,中巨芯,9.12,-0.5452562704471179,-0.05000000000000071,113117717.0,12392372,0,9.22,9.25,9.05,9.17
688550,瑞联新材,45.31,0.35437430786268814,0.1600000000000037,114257167.0,2522070,0,45.09,45.9,44.72,45.15
688551,科威尔,36.83,0.2722570106180273,0.10000000000000142,20605558.0,559543,0,37.12,37.12,36.44,36.73
688552,航天南湖,36.32,1.1417432470064153,0.4100000000000037,172609390.0,4774226,0,35.73,36.98,35.54,35.91
688553,汇宇制药,17.79,0.5652911249293265,0.09999999999999787,51086739.0,2868062,0,17.69,18.11,17.52,17.69
688556,高测股份,11.42,-2.8085106382978733,-0.33000000000000007,511885934.0,44566172,0,11.81,11.86,11.26,11.75
688557,兰剑智能,36.43,-1.1665762344004333,-0.4299999999999997,42569825.0,1167778,0,37.18,37.25,36.17,36.86
688558,国盛智科,28.93,-0.7887517146776422,-0.23000000000000043,25065832.0,865695,0,28.97,29.25,28.82,29.16
688559,海目星,48.06,-4.14838452333466,-2.0799999999999983,563459129.0,11639858,0,50.0,50.09,47.77,50.14
688560,明冠新材,14.29,0.07002801120448031,0.009999999999999787,89109947.0,6289482,0,14.2,14.34,13.95,14.28
688561,奇安信,35.58,0.7932011331444793,0.28000000000000114,174683709.0,4913784,0,35.3,35.89,35.12,35.3
688562,航天软件,23.88,2.4453024453024463,0.5700000000000003,606033695.0,25474782,0,23.15,24.4,23.15,23.31
688563,航材股份,58.45,2.7601969057665263,1.5700000000000003,498260948.0,8578444,0,56.7,58.97,56.7,56.88
688565,力源科技,11.19,2.8492647058823413,0.3099999999999987,28991418.0,2616175,0,10.95,11.22,10.86,10.88
688566,吉贝尔,29.85,1.0152284263959415,0.3000000000000007,35471304.0,1185091,0,29.68,30.28,29.52,29.55
688567,孚能科技,15.65,-1.0120177103099313,-0.16000000000000014,125259174.0,7970992,0,15.84,15.98,15.62,15.81
688568,中科星图,59.0,11.069277108433742,5.880000000000003,2465760367.0,43645865,0,53.23,60.59,53.0,53.12
688569,铁科轨道,21.97,1.0579576816927343,0.23000000000000043,24464176.0,1117191,0,21.84,22.08,21.6,21.74
688570,天玛智控,18.42,0.49099836333880753,0.09000000000000341,14410762.0,786734,0,18.4,18.45,18.16,18.33
688571,杭华股份,7.45,-0.40106951871658086,-0.03000000000000025,13591566.0,1831192,0,7.45,7.52,7.37,7.48
688573,信宇人,22.79,-0.48034934497816345,-0.10999999999999943,32583449.0,1433487,0,23.09,23.09,22.44,22.9
688575,亚辉龙,14.2,0.14104372355429884,0.019999999999999574,30200200.0,2123408,0,14.24,14.29,14.16,14.18
688576,西山科技,62.96,1.1405622489959852,0.7100000000000009,17293654.0,276686,0,62.35,63.1,61.91,62.25
688577,浙海德曼,96.86,-3.784642892619452,-3.8100000000000023,171837661.0,1772100,0,101.71,101.98,95.02,100.67
688578,艾力斯,104.15,-1.550241043576898,-1.6400000000000006,237094008.0,2259013,0,105.55,106.9,104.01,105.79
688579,山大地纬,10.78,1.6981132075471674,0.17999999999999972,39871671.0,3724738,0,10.59,10.81,10.53,10.6
688580,伟思医疗,48.4,-0.4115226337448618,-0.20000000000000284,38567313.0,797361,0,48.6,48.83,48.13,48.6
688581,安杰思,58.63,-1.013000168833352,-0.5999999999999943,38432965.0,654048,0,59.25,59.56,58.49,59.23
688582,芯动联科,66.11,-1.0477473432120983,-0.7000000000000028,595428318.0,9019408,0,66.97,67.2,65.4,66.81
688583,思看科技,93.19,0.5069025021570307,0.46999999999999886,39501084.0,427001,0,91.51,93.82,91.4,92.72
688584,上海合晶,21.94,-0.9033423667569977,-0.1999999999999993,80563726.0,3644794,0,22.17,22.34,21.93,22.14
688585,上纬新材,127.37,7.331254740035395,8.700000000000003,1501338445.0,12248301,0,118.0,132.5,115.63,118.67
688586,江航装备,13.04,1.7954722872755555,0.22999999999999865,253126187.0,19483627,0,12.72,13.14,12.7,12.81
688588,凌志软件,14.31,0.9880028228652122,0.14000000000000057,63306684.0,4424001,0,14.17,14.5,14.07,14.17
688589,力合微,22.75,0.0,0.0,42452195.0,1874562,0,22.7,22.93,22.45,22.75
688590,新致软件,18.66,1.6893732970027178,0.3099999999999987,150398179.0,8050280,0,18.26,18.98,18.26,18.35
688591,泰凌微,42.56,-2.1159153633854526,-0.9199999999999946,219761385.0,5110648,0,43.73,43.97,42.56,43.48
688592,司南导航,41.1,0.39081582804104464,0.1600000000000037,81878308.0,1993868,0,40.75,41.78,40.37,40.94
688593,新相微,20.18,-3.444976076555019,-0.7199999999999989,221112260.0,10866100,0,20.88,20.88,20.15,20.9
688595,芯海科技,32.8,-0.4854368932038947,-0.1600000000000037,62911209.0,1914941,0,33.2,33.2,32.39,32.96
688596,正帆科技,31.63,3.6709275647328656,1.1199999999999974,512726559.0,16191384,0,31.13,32.2,31.13,30.51
688597,煜邦电力,8.21,-1.3221153846153777,-0.10999999999999943,29159249.0,3559223,0,8.28,8.32,8.08,8.32
688598,金博股份,29.36,-1.8060200668896293,-0.5399999999999991,89807893.0,3050414,0,29.92,30.14,29.1,29.9
688599,天合光能,16.55,-1.3118664281454913,-0.21999999999999886,539892277.0,32484422,0,16.78,16.92,16.45,16.77
688600,皖仪科技,25.05,0.07990411506192399,0.019999999999999574,53397105.0,2134443,0,24.93,25.35,24.51,25.03
688601,力芯微,42.59,-0.9304489416143256,-0.3999999999999986,126063815.0,2941154,0,43.54,43.54,42.48,42.99
688602,康鹏科技,8.68,-0.5727376861397561,-0.05000000000000071,92285771.0,10657244,0,8.74,8.78,8.59,8.73
688603,天承科技,74.96,-0.026673779674593532,-0.020000000000010232,100897810.0,1343343,0,75.0,76.27,74.01,74.98
688605,先锋精科,64.26,0.6106153123532295,0.3900000000000077,242773549.0,3811514,0,64.53,64.86,62.96,63.87
688606,奥泰生物,63.89,-0.03129400719761543,-0.01999999999999602,20130628.0,315684,0,63.75,64.43,63.46,63.91
688607,康众医疗,42.8,-1.609195402298857,-0.7000000000000028,89964441.0,2079269,0,43.43,44.99,41.88,43.5
688608,恒玄科技,226.94,-1.7575757575757585,-4.060000000000002,901475465.0,3925925,0,236.0,237.58,226.03,231.0
688609,九联科技,10.21,3.549695740365126,0.3500000000000014,229651903.0,22725748,0,9.86,10.34,9.74,9.86
688610,埃科光电,61.81,1.862228081740281,1.1300000000000026,36011122.0,583176,0,61.48,62.45,60.64,60.68
688611,杭州柯林,50.85,4.737384140061801,2.3000000000000043,260027627.0,5281742,0,48.89,51.98,46.83,48.55
688612,威迈斯,32.97,-0.5729794933654938,-0.18999999999999773,57889461.0,1752529,0,33.3,33.48,32.73,33.16
688613,奥精医疗,20.31,0.1479289940828283,0.029999999999997584,42203178.0,2083533,0,20.41,20.53,20.07,20.28
688615,合合信息,227.58,7.842486850210875,16.55000000000001,884937114.0,3959937,0,208.0,233.76,206.33,211.03
688616,西力科技,12.23,0.6584362139917701,0.08000000000000007,14522748.0,1193278,0,12.2,12.25,12.09,12.15
688617,惠泰医疗,243.27,0.057582363344718786,0.14000000000001478,185784553.0,765697,0,242.12,244.76,240.38,243.13
688618,三旺通信,26.66,-0.5965697240865032,-0.16000000000000014,28045239.0,1051013,0,26.83,27.17,26.48,26.82
688619,罗普特,13.6,-0.8023340627279446,-0.11000000000000121,27956442.0,2056525,0,13.65,13.86,13.5,13.71
688620,安凯微,12.04,1.0915197313182115,0.129999999999999,81632079.0,6795417,0,12.2,12.22,11.86,11.91
688621,阳光诺和,62.15,-3.162979121221577,-2.0300000000000082,139952810.0,2240992,0,64.18,64.18,61.81,64.18
688622,禾信仪器,101.13,2.0896426408237363,2.069999999999993,135203447.0,1348535,0,99.01,102.8,98.06,99.06
688623,双元科技,93.9,-1.8808777429467054,-1.7999999999999972,166798447.0,1762846,0,94.09,96.8,93.0,95.7
688625,呈和科技,41.2,0.024277737314894677,0.010000000000005116,61558712.0,1502744,0,41.3,41.47,40.52,41.19
688626,翔宇医疗,60.5,1.1536532352449385,0.6899999999999977,185901327.0,3144402,0,58.85,60.78,58.1,59.81
688627,精智达,223.59,-3.203601887527601,-7.400000000000006,1277932880.0,5633794,0,241.5,242.3,217.0,230.99
688628,优利德,31.84,0.09430996541968292,0.030000000000001137,26586670.0,834080,0,31.86,32.09,31.57,31.81
688629,华丰科技,100.06,-1.9980411361410304,-2.039999999999992,1679358764.0,16591570,0,102.03,104.5,99.6,102.1
688630,芯碁微装,134.53,-1.1826061407374653,-1.6099999999999852,459964742.0,3388654,0,137.0,139.0,133.8,136.14
688631,莱斯信息,68.08,5.175343735516753,3.3499999999999943,322184092.0,4734455,0,64.7,71.59,63.71,64.73
688633,星球石墨,23.68,0.4240882103477584,0.10000000000000142,13257642.0,560690,0,23.75,23.8,23.17,23.58
688636,智明达,42.84,1.2287334593572852,0.5200000000000031,326704757.0,7721240,0,42.16,43.19,41.25,42.32
688638,誉辰智能,36.33,2.25161835068955,0.7999999999999972,21074654.0,590413,0,35.78,36.33,34.91,35.53
688639,华恒生物,32.58,0.21531836358043768,0.07000000000000028,107034827.0,3296620,0,32.65,32.78,32.17,32.51
688646,ST逸飞,35.69,0.16839741790624518,0.05999999999999517,8761373.0,245807,0,35.76,35.8,35.52,35.63
688648,中邮科技,61.46,-2.0401657634682833,-1.2800000000000011,183687612.0,2987918,0,62.6,62.62,60.92,62.74
688651,盛邦安全,44.02,1.4052061736927126,0.6100000000000065,120248725.0,2739735,0,43.35,44.99,42.81,43.41
688652,京仪装备,98.31,-0.19289340101522612,-0.18999999999999773,533904342.0,5314583,0,101.88,103.69,98.24,98.5
688653,康希通信,12.15,0.0,0.0,62793549.0,5164336,0,12.12,12.29,12.03,12.15
688655,迅捷兴,17.13,-1.6082711085583064,-0.28000000000000114,29149789.0,1702644,0,17.37,17.58,16.88,17.41
688656,浩欧博,153.8,-8.030855707707934,-13.429999999999978,328768087.0,2071887,0,167.22,168.56,153.33,167.23
688657,浩辰软件,53.21,2.0717437176290012,1.0799999999999983,33386107.0,630895,0,52.19,53.47,52.03,52.13
688658,悦康药业,22.61,-0.7898200965335661,-0.17999999999999972,109610207.0,4874508,0,22.68,22.84,22.22,22.79
688659,元琛科技,9.45,0.0,0.0,20088786.0,2136864,0,9.41,9.57,9.31,9.45
688660,电气风电,17.01,4.805914972273574,0.7800000000000011,640877297.0,38066699,0,16.22,17.57,16.01,16.23
688661,和林微纳,51.76,1.8897637795275608,0.9600000000000009,350959082.0,6674025,0,50.8,54.66,50.73,50.8
688662,富信科技,51.25,0.47049598118016467,0.240000000000002,246017995.0,4815104,0,52.71,52.9,50.01,51.01
688663,新风光,38.77,0.7012987012987094,0.2700000000000031,59299716.0,1524564,0,38.59,39.4,38.5,38.5
688665,四方光电,48.77,-0.7933279088689859,-0.38999999999999346,34155497.0,699570,0,49.0,49.65,48.64,49.16
688667,菱电电控,70.42,-3.5870755750273884,-2.6200000000000045,80572794.0,1137709,0,72.25,72.4,70.0,73.04
688668,鼎通科技,124.0,-4.3283697245583,-5.610000000000014,864140111.0,6854694,0,129.56,132.2,123.5,129.61
688669,聚石化学,23.24,0.9556907037358768,0.21999999999999886,33149457.0,1437377,0,23.0,23.35,22.67,23.02
688670,金迪克,20.23,-2.3177209077740244,-0.4800000000000004,60349306.0,2968341,0,20.6,20.76,20.17,20.71
688671,碧兴物联,24.77,5.2698682532936605,1.2399999999999984,72817567.0,3005573,0,23.69,25.15,22.94,23.53
688676,金盘科技,90.34,-0.7797913234486478,-0.7099999999999937,1315276633.0,14256054,0,94.35,95.68,90.0,91.05
688677,海泰新光,43.16,-0.023164234422064202,-0.010000000000005116,50399651.0,1165799,0,43.29,43.8,42.72,43.17
688678,福立旺,24.18,-1.1042944785276056,-0.2699999999999996,130613491.0,5418725,0,24.56,24.56,23.8,24.45
688679,通源环境,26.6,-0.29985007496251237,-0.0799999999999983,78204230.0,2971610,0,26.68,27.21,25.65,26.68
688680,海优新材,38.25,-0.9067357512953403,-0.3500000000000014,34084678.0,888001,0,38.55,39.16,38.05,38.6
688681,科汇股份,17.58,0.9184845005740331,0.1599999999999966,30201765.0,1713695,0,17.46,17.8,17.46,17.42
688682,霍莱沃,52.91,2.044358727097387,1.0599999999999952,211552873.0,4016641,0,51.2,54.15,50.64,51.85
688683,莱尔科技,31.7,0.3164556962025249,0.09999999999999787,18763243.0,591926,0,31.31,32.01,31.31,31.6
688685,迈信林,55.48,-0.9992862241256286,-0.5600000000000023,143123805.0,2572970,0,57.05,57.05,55.1,56.04
688686,奥普特,124.13,-1.4528421721181315,-1.8299999999999983,97327663.0,782723,0,125.98,125.98,123.27,125.96
688687,凯因科技,24.92,0.4433696090286296,0.11000000000000298,41444270.0,1667711,0,24.8,24.98,24.64,24.81
688689,银河微电,28.38,0.6739978715856606,0.18999999999999773,48115759.0,1698625,0,28.48,28.57,28.09,28.19
688690,纳微科技,25.81,-0.038729666924870496,-0.010000000000001563,60801378.0,2355835,0,25.83,26.05,25.5,25.82
688691,灿芯股份,101.98,-6.069816708114571,-6.589999999999989,846921037.0,8238190,0,107.63,108.99,101.2,108.57
688692,达梦数据,261.27,1.208599651365487,3.1200000000000045,236473458.0,911926,0,259.65,262.82,255.78,258.15
688693,锴威特,37.44,2.7442371020856204,1.0,37707584.0,1025410,0,36.5,37.56,35.9,36.44
688695,中创股份,27.43,2.9268292682926873,0.7800000000000011,28661665.0,1052981,0,26.66,27.72,26.42,26.65
688696,极米科技,111.48,1.9758507135016565,2.160000000000011,137694364.0,1230836,0,109.32,114.0,109.03,109.32
688697,纽威数控,15.38,-0.9658725048293534,-0.14999999999999858,44384213.0,2890829,0,15.67,15.67,15.27,15.53
688698,伟创电气,98.88,-4.5098985997102865,-4.670000000000002,860912063.0,8702457,0,100.07,101.0,97.12,103.55
688699,明微电子,42.51,-3.8670284938941673,-1.7100000000000009,122433596.0,2845228,0,44.18,44.76,42.42,44.22
688700,东威科技,35.28,-1.2594458438287037,-0.44999999999999574,139820143.0,3954457,0,35.79,35.79,35.15,35.73
688701,卓锦股份,8.15,-0.8515815085158186,-0.07000000000000028,21096721.0,2611076,0,8.24,8.24,7.96,8.22
688702,盛科通信,141.69,1.1349036402569619,1.5900000000000034,457536287.0,3180794,0,142.21,146.98,138.2,140.1
688707,振华新材,13.85,-2.258292166549049,-0.3200000000000003,114924962.0,8256274,0,14.2,14.22,13.81,14.17
688708,佳驰科技,62.25,1.301871440195276,0.7999999999999972,200857639.0,3236173,0,61.0,62.99,60.93,61.45
688709,成都华微,45.99,1.4336127040141124,0.6499999999999986,483708019.0,10565003,0,45.39,46.88,44.7,45.34
688710,益诺思,44.15,1.0760073260073233,0.46999999999999886,60197800.0,1349327,0,43.36,45.35,43.36,43.68
688711,宏微科技,31.73,-4.196859903381634,-1.389999999999997,598683393.0,18628534,0,32.41,32.92,31.5,33.12
688716,中研股份,42.35,-2.5092081031307467,-1.0899999999999963,190167229.0,4443648,0,43.26,43.42,42.3,43.44
688717,艾罗能源,61.6,-1.3294890277110336,-0.8299999999999983,190005821.0,3068391,0,62.53,63.07,61.33,62.43
688718,唯赛勃,13.08,0.22988505747125945,0.02999999999999936,17249361.0,1324917,0,13.15,13.15,12.9,13.05
688719,爱科赛博,44.15,0.34090909090908766,0.14999999999999858,178339512.0,4082112,0,43.8,44.6,42.68,44.0
688720,艾森股份,70.38,0.8309455587392526,0.5799999999999983,623619768.0,8637231,0,71.0,74.95,69.69,69.8
688721,龙图光罩,46.53,-1.3986013986013914,-0.6599999999999966,61087747.0,1309423,0,47.26,47.59,46.18,47.19
688722,同益中,19.55,-2.5423728813559223,-0.509999999999998,159243383.0,8141897,0,20.08,20.09,19.35,20.06
688726,拉普拉斯,36.0,-1.6930638995084586,-0.6199999999999974,129827108.0,3589381,0,36.75,36.98,35.93,36.62
688728,格科微,14.94,-0.46635576282478536,-0.07000000000000028,134402665.0,8984477,0,15.05,15.1,14.9,15.01
688733,壹石通,28.98,-3.0120481927710796,-0.8999999999999986,158184689.0,5422410,0,29.93,30.38,28.84,29.88
688737,中自科技,22.44,-1.3192612137203041,-0.29999999999999716,51738610.0,2322086,0,23.11,23.11,21.96,22.74
688739,成大生物,25.76,-0.2323780015491817,-0.05999999999999872,25063762.0,971248,0,25.82,25.88,25.72,25.82
688750,金天钛业,19.97,2.4102564102564044,0.46999999999999886,155259214.0,7852136,0,19.5,20.15,19.37,19.5
688757,胜科纳米,26.31,-0.7169811320754765,-0.19000000000000128,27578479.0,1050607,0,26.61,26.72,26.04,26.5
688758,赛分科技,17.73,-1.1154489682097004,-0.1999999999999993,27007378.0,1524968,0,18.06,18.06,17.5,17.93
688766,普冉股份,127.21,-0.30564263322884055,-0.39000000000000057,1033311227.0,8096634,0,130.12,132.9,122.65,127.6
688767,博拓生物,37.78,-3.0785017957927034,-1.1999999999999957,88131014.0,2314685,0,39.01,39.5,37.68,38.98
688768,容知日新,43.44,0.9059233449477365,0.39000000000000057,36953919.0,856272,0,42.92,43.44,42.77,43.05
688772,珠海冠宇,21.53,-1.4645308924485139,-0.3200000000000003,374861615.0,17380736,0,21.86,22.07,21.3,21.85
688776,国光电气,100.74,2.3260538344337145,2.289999999999992,601538799.0,6057508,0,97.57,102.25,95.6,98.45
688777,中控技术,49.34,1.0444398935080998,0.5100000000000051,471867500.0,9622886,0,48.76,49.6,48.35,48.83
688778,厦钨新能,77.37,2.94039382650347,2.210000000000008,525038896.0,6760152,0,75.88,79.75,74.81,75.16
688779,五矿新能,7.49,-1.0568031704095122,-0.08000000000000007,194392094.0,25804231,0,7.6,7.68,7.48,7.57
688786,悦安新材,28.21,1.1111111111111194,0.3100000000000023,37500805.0,1338140,0,28.2,28.37,27.76,27.9
688787,海天瑞声,115.99,1.4075887392900852,1.6099999999999994,307348044.0,2641231,0,113.91,118.5,113.68,114.38
688788,科思科技,67.34,1.1718750000000018,0.7800000000000011,264092977.0,3889047,0,67.28,69.5,66.56,66.56
688789,宏华数科,81.57,0.9404776636554769,0.7599999999999909,53220993.0,655616,0,80.35,82.0,80.11,80.81
688793,倍轻松,21.8,-0.36563071297988253,-0.0799999999999983,28738557.0,1318020,0,21.92,21.99,21.63,21.88
688798,艾为电子,76.11,0.5814721818422065,0.4399999999999977,173478835.0,2288774,0,76.05,76.43,74.85,75.67
688799,华纳药厂,47.7,-0.06285355122563174,-0.02999999999999403,49900133.0,1046287,0,48.2,48.2,47.32,47.73
688800,瑞可达,83.0,-3.9463025112834123,-3.4099999999999966,832688188.0,9988272,0,86.0,86.76,82.38,86.41
688819,天能股份,33.22,-0.7765830346475449,-0.259999999999998,63185714.0,1893532,0,33.35,33.58,33.21,33.48
688981,中芯国际,122.83,-1.9556194125159667,-2.450000000000003,5082728445.0,41158685,0,125.99,126.2,122.4,125.28
689009,九号公司,55.59,-0.3763440860214942,-0.20999999999999375,248976116.0,4451676,0,55.8,56.35,55.52,55.8
430017,星昊医药,0.0,0.0,0.0,0.0,0,0,0.0,0.0,0.0,0.0
430047,诺思兰德,0.0,0.0,0.0,0.0,0,0,0.0,0.0,0.0,0.0
430090,同辉信息,0.0,0.0,0.0,0.0,0,0,0.0,0.0,0.0,0.0
430139,华岭股份,0.0,0.0,0.0,0.0,0,0,0.0,0.0,0.0,0.0
430198,微创光电,0.0,0.0,0.0,0.0,0,0,0.0,0.0,0.0,0.0
430300,辰光医疗,0.0,0.0,0.0,0.0,0,0,0.0,0.0,0.0,0.0
430418,苏轴股份,0.0,0.0,0.0,0.0,0,0,0.0,0.0,0.0,0.0
430425,乐创技术,0.0,0.0,0.0,0.0,0,0,0.0,0.0,0.0,0.0
430476,海能技术,0.0,0.0,0.0,0.0,0,0,0.0,0.0,0.0,0.0
430478,峆一药业,0.0,0.0,0.0,0.0,0,0,0.0,0.0,0.0,0.0
430489,佳先股份,0.0,0.0,0.0,0.0,0,0,0.0,0.0,0.0,0.0
430510,丰光精密,0.0,0.0,0.0,0.0,0,0,0.0,0.0,0.0,0.0
430556,雅达股份,0.0,0.0,0.0,0.0,0,0,0.0,0.0,0.0,0.0
430564,天润科技,0.0,0.0,0.0,0.0,0,0,0.0,0.0,0.0,0.0
430685,新芝生物,0.0,0.0,0.0,0.0,0,0,0.0,0.0,0.0,0.0
430718,合肥高科,0.0,0.0,0.0,0.0,0,0,0.0,0.0,0.0,0.0
830779,武汉蓝电,0.0,0.0,0.0,0.0,0,0,0.0,0.0,0.0,0.0
830799,艾融软件,0.0,0.0,0.0,0.0,0,0,0.0,0.0,0.0,0.0
830809,安达科技,0.0,0.0,0.0,0.0,0,0,0.0,0.0,0.0,0.0
830832,齐鲁华信,0.0,0.0,0.0,0.0,0,0,0.0,0.0,0.0,0.0
830839,万通液压,0.0,0.0,0.0,0.0,0,0,0.0,0.0,0.0,0.0
830879,基康技术,0.0,0.0,0.0,0.0,0,0,0.0,0.0,0.0,0.0
830896,旺成科技,0.0,0.0,0.0,0.0,0,0,0.0,0.0,0.0,0.0
830946,森萱医药,0.0,0.0,0.0,0.0,0,0,0.0,0.0,0.0,0.0
830964,润农节水,0.0,0.0,0.0,0.0,0,0,0.0,0.0,0.0,0.0
830974,凯大催化,0.0,0.0,0.0,0.0,0,0,0.0,0.0,0.0,0.0
831010,凯添燃气,0.0,0.0,0.0,0.0,0,0,0.0,0.0,0.0,0.0
831039,国义招标,0.0,0.0,0.0,0.0,0,0,0.0,0.0,0.0,0.0
831087,秋乐种业,0.0,0.0,0.0,0.0,0,0,0.0,0.0,0.0,0.0
831152,昆工科技,0.0,0.0,0.0,0.0,0,0,0.0,0.0,0.0,0.0
831167,鑫汇科,0.0,0.0,0.0,0.0,0,0,0.0,0.0,0.0,0.0
831175,派诺科技,0.0,0.0,0.0,0.0,0,0,0.0,0.0,0.0,0.0
831195,三祥科技,0.0,0.0,0.0,0.0,0,0,0.0,0.0,0.0,0.0
831278,泰德股份,0.0,0.0,0.0,0.0,0,0,0.0,0.0,0.0,0.0
831304,迪尔化工,0.0,0.0,0.0,0.0,0,0,0.0,0.0,0.0,0.0
831305,海希通讯,0.0,0.0,0.0,0.0,0,0,0.0,0.0,0.0,0.0
831370,新安洁,0.0,0.0,0.0,0.0,0,0,0.0,0.0,0.0,0.0
831396,许昌智能,0.0,0.0,0.0,0.0,0,0,0.0,0.0,0.0,0.0
831445,龙竹科技,0.0,0.0,0.0,0.0,0,0,0.0,0.0,0.0,0.0
831526,凯华材料,0.0,0.0,0.0,0.0,0,0,0.0,0.0,0.0,0.0
831627,力王股份,0.0,0.0,0.0,0.0,0,0,0.0,0.0,0.0,0.0
831641,格利尔,0.0,0.0,0.0,0.0,0,0,0.0,0.0,0.0,0.0
831689,克莱特,0.0,0.0,0.0,0.0,0,0,0.0,0.0,0.0,0.0
831726,朱老六,0.0,0.0,0.0,0.0,0,0,0.0,0.0,0.0,0.0
831768,拾比佰,0.0,0.0,0.0,0.0,0,0,0.0,0.0,0.0,0.0
831832,科达自控,0.0,0.0,0.0,0.0,0,0,0.0,0.0,0.0,0.0
831834,三维装备,0.0,0.0,0.0,0.0,0,0,0.0,0.0,0.0,0.0
831855,浙江大农,0.0,0.0,0.0,0.0,0,0,0.0,0.0,0.0,0.0
831856,浩淼科技,0.0,0.0,0.0,0.0,0,0,0.0,0.0,0.0,0.0
831906,舜宇精工,0.0,0.0,0.0,0.0,0,0,0.0,0.0,0.0,0.0
831961,创远信科,0.0,0.0,0.0,0.0,0,0,0.0,0.0,0.0,0.0
832000,安徽凤凰,0.0,0.0,0.0,0.0,0,0,0.0,0.0,0.0,0.0
832023,田野股份,0.0,0.0,0.0,0.0,0,0,0.0,0.0,0.0,0.0
832089,禾昌聚合,0.0,0.0,0.0,0.0,0,0,0.0,0.0,0.0,0.0
832110,雷特科技,0.0,0.0,0.0,0.0,0,0,0.0,0.0,0.0,0.0
832145,恒合股份,0.0,0.0,0.0,0.0,0,0,0.0,0.0,0.0,0.0
832149,利尔达,0.0,0.0,0.0,0.0,0,0,0.0,0.0,0.0,0.0
832171,志晟信息,0.0,0.0,0.0,0.0,0,0,0.0,0.0,0.0,0.0
832175,东方碳素,0.0,0.0,0.0,0.0,0,0,0.0,0.0,0.0,0.0
832225,利通科技,0.0,0.0,0.0,0.0,0,0,0.0,0.0,0.0,0.0
832278,鹿得医疗,0.0,0.0,0.0,0.0,0,0,0.0,0.0,0.0,0.0
832419,路斯股份,0.0,0.0,0.0,0.0,0,0,0.0,0.0,0.0,0.0
832469,富恒新材,0.0,0.0,0.0,0.0,0,0,0.0,0.0,0.0,0.0
832471,美邦科技,0.0,0.0,0.0,0.0,0,0,0.0,0.0,0.0,0.0
832491,奥迪威,0.0,0.0,0.0,0.0,0,0,0.0,0.0,0.0,0.0
832522,纳科诺尔,0.0,0.0,0.0,0.0,0,0,0.0,0.0,0.0,0.0
832566,梓橦宫,0.0,0.0,0.0,0.0,0,0,0.0,0.0,0.0,0.0
832651,天罡股份,0.0,0.0,0.0,0.0,0,0,0.0,0.0,0.0,0.0
832662,方盛股份,0.0,0.0,0.0,0.0,0,0,0.0,0.0,0.0,0.0
832735,德源药业,0.0,0.0,0.0,0.0,0,0,0.0,0.0,0.0,0.0
832786,骑士乳业,0.0,0.0,0.0,0.0,0,0,0.0,0.0,0.0,0.0
832802,保丽洁,0.0,0.0,0.0,0.0,0,0,0.0,0.0,0.0,0.0
832876,慧为智能,0.0,0.0,0.0,0.0,0,0,0.0,0.0,0.0,0.0
832885,星辰科技,0.0,0.0,0.0,0.0,0,0,0.0,0.0,0.0,0.0
832978,开特股份,0.0,0.0,0.0,0.0,0,0,0.0,0.0,0.0,0.0
832982,锦波生物,0.0,0.0,0.0,0.0,0,0,0.0,0.0,0.0,0.0
833030,立方控股,0.0,0.0,0.0,0.0,0,0,0.0,0.0,0.0,0.0
833075,柏星龙,0.0,0.0,0.0,0.0,0,0,0.0,0.0,0.0,0.0
833171,国航远洋,0.0,0.0,0.0,0.0,0,0,0.0,0.0,0.0,0.0
833230,欧康医药,0.0,0.0,0.0,0.0,0,0,0.0,0.0,0.0,0.0
833266,生物谷,0.0,0.0,0.0,0.0,0,0,0.0,0.0,0.0,0.0
833284,灵鸽科技,0.0,0.0,0.0,0.0,0,0,0.0,0.0,0.0,0.0
833346,威贸电子,0.0,0.0,0.0,0.0,0,0,0.0,0.0,0.0,0.0
833394,民士达,0.0,0.0,0.0,0.0,0,0,0.0,0.0,0.0,0.0
833427,华维设计,0.0,0.0,0.0,0.0,0,0,0.0,0.0,0.0,0.0
833429,康比特,0.0,0.0,0.0,0.0,0,0,0.0,0.0,0.0,0.0
833454,同心传动,0.0,0.0,0.0,0.0,0,0,0.0,0.0,0.0,0.0
833455,汇隆活塞,0.0,0.0,0.0,0.0,0,0,0.0,0.0,0.0,0.0
833509,同惠电子,0.0,0.0,0.0,0.0,0,0,0.0,0.0,0.0,0.0
833523,德瑞锂电,0.0,0.0,0.0,0.0,0,0,0.0,0.0,0.0,0.0
833533,骏创科技,0.0,0.0,0.0,0.0,0,0,0.0,0.0,0.0,0.0
833575,康乐卫士,0.0,0.0,0.0,0.0,0,0,0.0,0.0,0.0,0.0
833580,科创新材,0.0,0.0,0.0,0.0,0,0,0.0,0.0,0.0,0.0
833751,惠同新材,0.0,0.0,0.0,0.0,0,0,0.0,0.0,0.0,0.0
833781,瑞奇智造,0.0,0.0,0.0,0.0,0,0,0.0,0.0,0.0,0.0
833819,颖泰生物,0.0,0.0,0.0,0.0,0,0,0.0,0.0,0.0,0.0
833873,中设咨询,0.0,0.0,0.0,0.0,0,0,0.0,0.0,0.0,0.0
833914,远航精密,0.0,0.0,0.0,0.0,0,0,0.0,0.0,0.0,0.0
833943,优机股份,0.0,0.0,0.0,0.0,0,0,0.0,0.0,0.0,0.0
834014,特瑞斯,0.0,0.0,0.0,0.0,0,0,0.0,0.0,0.0,0.0
834021,流金科技,0.0,0.0,0.0,0.0,0,0,0.0,0.0,0.0,0.0
834033,康普化学,0.0,0.0,0.0,0.0,0,0,0.0,0.0,0.0,0.0
834058,华洋赛车,0.0,0.0,0.0,0.0,0,0,0.0,0.0,0.0,0.0
834062,科润智控,0.0,0.0,0.0,0.0,0,0,0.0,0.0,0.0,0.0
834261,一诺威,0.0,0.0,0.0,0.0,0,0,0.0,0.0,0.0,0.0
834407,驰诚股份,0.0,0.0,0.0,0.0,0,0,0.0,0.0,0.0,0.0
834415,恒拓开源,0.0,0.0,0.0,0.0,0,0,0.0,0.0,0.0,0.0
834475,三友科技,0.0,0.0,0.0,0.0,0,0,0.0,0.0,0.0,0.0
834599,同力股份,0.0,0.0,0.0,0.0,0,0,0.0,0.0,0.0,0.0
834639,晨光电缆,0.0,0.0,0.0,0.0,0,0,0.0,0.0,0.0,0.0
834682,球冠电缆,0.0,0.0,0.0,0.0,0,0,0.0,0.0,0.0,0.0
834765,美之高,0.0,0.0,0.0,0.0,0,0,0.0,0.0,0.0,0.0
834770,艾能聚,0.0,0.0,0.0,0.0,0,0,0.0,0.0,0.0,0.0
834950,迅安科技,0.0,0.0,0.0,0.0,0,0,0.0,0.0,0.0,0.0
835174,五新隧装,0.0,0.0,0.0,0.0,0,0,0.0,0.0,0.0,0.0
835179,凯德石英,0.0,0.0,0.0,0.0,0,0,0.0,0.0,0.0,0.0
835184,国源科技,0.0,0.0,0.0,0.0,0,0,0.0,0.0,0.0,0.0
835185,贝特瑞,0.0,0.0,0.0,0.0,0,0,0.0,0.0,0.0,0.0
835207,众诚科技,0.0,0.0,0.0,0.0,0,0,0.0,0.0,0.0,0.0
835237,力佳科技,0.0,0.0,0.0,0.0,0,0,0.0,0.0,0.0,0.0
835305,*ST云创,0.0,0.0,0.0,0.0,0,0,0.0,0.0,0.0,0.0
835368,连城数控,0.0,0.0,0.0,0.0,0,0,0.0,0.0,0.0,0.0
835438,戈碧迦,0.0,0.0,0.0,0.0,0,0,0.0,0.0,0.0,0.0
835508,殷图网联,0.0,0.0,0.0,0.0,0,0,0.0,0.0,0.0,0.0
835579,机科股份,0.0,0.0,0.0,0.0,0,0,0.0,0.0,0.0,0.0
835640,富士达,0.0,0.0,0.0,0.0,0,0,0.0,0.0,0.0,0.0
835670,数字人,0.0,0.0,0.0,0.0,0,0,0.0,0.0,0.0,0.0
835857,百甲科技,0.0,0.0,0.0,0.0,0,0,0.0,0.0,0.0,0.0
835892,中科美菱,0.0,0.0,0.0,0.0,0,0,0.0,0.0,0.0,0.0
835985,海泰新能,0.0,0.0,0.0,0.0,0,0,0.0,0.0,0.0,0.0
836077,吉林碳谷,0.0,0.0,0.0,0.0,0,0,0.0,0.0,0.0,0.0
836149,旭杰科技,0.0,0.0,0.0,0.0,0,0,0.0,0.0,0.0,0.0
836208,青矩技术,0.0,0.0,0.0,0.0,0,0,0.0,0.0,0.0,0.0
836221,易实精密,0.0,0.0,0.0,0.0,0,0,0.0,0.0,0.0,0.0
836239,长虹能源,0.0,0.0,0.0,0.0,0,0,0.0,0.0,0.0,0.0
836247,华密新材,0.0,0.0,0.0,0.0,0,0,0.0,0.0,0.0,0.0
836260,中寰股份,0.0,0.0,0.0,0.0,0,0,0.0,0.0,0.0,0.0
836263,中航泰达,0.0,0.0,0.0,0.0,0,0,0.0,0.0,0.0,0.0
836270,天铭科技,0.0,0.0,0.0,0.0,0,0,0.0,0.0,0.0,0.0
836395,朗鸿科技,0.0,0.0,0.0,0.0,0,0,0.0,0.0,0.0,0.0
836414,欧普泰,0.0,0.0,0.0,0.0,0,0,0.0,0.0,0.0,0.0
836419,万德股份,0.0,0.0,0.0,0.0,0,0,0.0,0.0,0.0,0.0
836422,润普食品,0.0,0.0,0.0,0.0,0,0,0.0,0.0,0.0,0.0
836433,大唐药业,0.0,0.0,0.0,0.0,0,0,0.0,0.0,0.0,0.0
836504,博迅生物,0.0,0.0,0.0,0.0,0,0,0.0,0.0,0.0,0.0
836547,无锡晶海,0.0,0.0,0.0,0.0,0,0,0.0,0.0,0.0,0.0
836675,秉扬科技,0.0,0.0,0.0,0.0,0,0,0.0,0.0,0.0,0.0
836699,海达尔,0.0,0.0,0.0,0.0,0,0,0.0,0.0,0.0,0.0
836717,瑞星股份,0.0,0.0,0.0,0.0,0,0,0.0,0.0,0.0,0.0
836720,吉冈精密,0.0,0.0,0.0,0.0,0,0,0.0,0.0,0.0,0.0
836807,奔朗新材,0.0,0.0,0.0,0.0,0,0,0.0,0.0,0.0,0.0
836826,盖世食品,0.0,0.0,0.0,0.0,0,0,0.0,0.0,0.0,0.0
836871,派特尔,0.0,0.0,0.0,0.0,0,0,0.0,0.0,0.0,0.0
836892,广咨国际,0.0,0.0,0.0,0.0,0,0,0.0,0.0,0.0,0.0
836942,恒立钻具,0.0,0.0,0.0,0.0,0,0,0.0,0.0,0.0,0.0
836957,汉维科技,0.0,0.0,0.0,0.0,0,0,0.0,0.0,0.0,0.0
836961,西磁科技,0.0,0.0,0.0,0.0,0,0,0.0,0.0,0.0,0.0
837006,晟楠科技,0.0,0.0,0.0,0.0,0,0,0.0,0.0,0.0,0.0
837023,芭薇股份,0.0,0.0,0.0,0.0,0,0,0.0,0.0,0.0,0.0
837046,亿能电力,0.0,0.0,0.0,0.0,0,0,0.0,0.0,0.0,0.0
837092,汉鑫科技,0.0,0.0,0.0,0.0,0,0,0.0,0.0,0.0,0.0
837174,宏裕包材,0.0,0.0,0.0,0.0,0,0,0.0,0.0,0.0,0.0
837212,智新电子,0.0,0.0,0.0,0.0,0,0,0.0,0.0,0.0,0.0
837242,建邦科技,0.0,0.0,0.0,0.0,0,0,0.0,0.0,0.0,0.0
837344,三元基因,0.0,0.0,0.0,0.0,0,0,0.0,0.0,0.0,0.0
837403,康农种业,0.0,0.0,0.0,0.0,0,0,0.0,0.0,0.0,0.0
837592,华信永道,0.0,0.0,0.0,0.0,0,0,0.0,0.0,0.0,0.0
837663,明阳科技,0.0,0.0,0.0,0.0,0,0,0.0,0.0,0.0,0.0
837748,路桥信息,0.0,0.0,0.0,0.0,0,0,0.0,0.0,0.0,0.0
837821,则成电子,0.0,0.0,0.0,0.0,0,0,0.0,0.0,0.0,0.0
838030,德众汽车,0.0,0.0,0.0,0.0,0,0,0.0,0.0,0.0,0.0
838163,方大新材,0.0,0.0,0.0,0.0,0,0,0.0,0.0,0.0,0.0
838171,邦德股份,0.0,0.0,0.0,0.0,0,0,0.0,0.0,0.0,0.0
838227,美登科技,0.0,0.0,0.0,0.0,0,0,0.0,0.0,0.0,0.0
838262,太湖雪,0.0,0.0,0.0,0.0,0,0,0.0,0.0,0.0,0.0
838275,驱动力,0.0,0.0,0.0,0.0,0,0,0.0,0.0,0.0,0.0
838402,硅烷科技,0.0,0.0,0.0,0.0,0,0,0.0,0.0,0.0,0.0
838670,恒进感应,0.0,0.0,0.0,0.0,0,0,0.0,0.0,0.0,0.0
838701,豪声电子,0.0,0.0,0.0,0.0,0,0,0.0,0.0,0.0,0.0
838810,春光智能,0.0,0.0,0.0,0.0,0,0,0.0,0.0,0.0,0.0
838837,华原股份,0.0,0.0,0.0,0.0,0,0,0.0,0.0,0.0,0.0
838924,广脉科技,0.0,0.0,0.0,0.0,0,0,0.0,0.0,0.0,0.0
838971,天马新材,0.0,0.0,0.0,0.0,0,0,0.0,0.0,0.0,0.0
839167,同享科技,0.0,0.0,0.0,0.0,0,0,0.0,0.0,0.0,0.0
839273,一致魔芋,0.0,0.0,0.0,0.0,0,0,0.0,0.0,0.0,0.0
839371,欧福蛋业,0.0,0.0,0.0,0.0,0,0,0.0,0.0,0.0,0.0
839493,并行科技,0.0,0.0,0.0,0.0,0,0,0.0,0.0,0.0,0.0
839680,*ST广道,0.0,0.0,0.0,0.0,0,0,0.0,0.0,0.0,0.0
839719,宁新新材,0.0,0.0,0.0,0.0,0,0,0.0,0.0,0.0,0.0
839725,惠丰钻石,0.0,0.0,0.0,0.0,0,0,0.0,0.0,0.0,0.0
839729,永顺生物,0.0,0.0,0.0,0.0,0,0,0.0,0.0,0.0,0.0
839790,联迪信息,0.0,0.0,0.0,0.0,0,0,0.0,0.0,0.0,0.0
839792,东和新材,0.0,0.0,0.0,0.0,0,0,0.0,0.0,0.0,0.0
839946,华阳变速,0.0,0.0,0.0,0.0,0,0,0.0,0.0,0.0,0.0
870199,倍益康,0.0,0.0,0.0,0.0,0,0,0.0,0.0,0.0,0.0
870204,沪江材料,0.0,0.0,0.0,0.0,0,0,0.0,0.0,0.0,0.0
870299,灿能电力,0.0,0.0,0.0,0.0,0,0,0.0,0.0,0.0,0.0
870357,雅葆轩,0.0,0.0,0.0,0.0,0,0,0.0,0.0,0.0,0.0
870436,大地电气,0.0,0.0,0.0,0.0,0,0,0.0,0.0,0.0,0.0
870508,丰安股份,0.0,0.0,0.0,0.0,0,0,0.0,0.0,0.0,0.0
870656,海昇药业,0.0,0.0,0.0,0.0,0,0,0.0,0.0,0.0,0.0
870726,鸿智科技,0.0,0.0,0.0,0.0,0,0,0.0,0.0,0.0,0.0
870866,绿亨科技,0.0,0.0,0.0,0.0,0,0,0.0,0.0,0.0,0.0
870976,视声智能,0.0,0.0,0.0,0.0,0,0,0.0,0.0,0.0,0.0
871245,威博液压,0.0,0.0,0.0,0.0,0,0,0.0,0.0,0.0,0.0
871263,莱赛激光,0.0,0.0,0.0,0.0,0,0,0.0,0.0,0.0,0.0
871396,常辅股份,0.0,0.0,0.0,0.0,0,0,0.0,0.0,0.0,0.0
871478,巨能股份,0.0,0.0,0.0,0.0,0,0,0.0,0.0,0.0,0.0
871553,凯腾精工,0.0,0.0,0.0,0.0,0,0,0.0,0.0,0.0,0.0
871634,新威凌,0.0,0.0,0.0,0.0,0,0,0.0,0.0,0.0,0.0
871642,通易航天,0.0,0.0,0.0,0.0,0,0,0.0,0.0,0.0,0.0
871694,中裕科技,0.0,0.0,0.0,0.0,0,0,0.0,0.0,0.0,0.0
871753,天纺标,0.0,0.0,0.0,0.0,0,0,0.0,0.0,0.0,0.0
871857,泓禧科技,0.0,0.0,0.0,0.0,0,0,0.0,0.0,0.0,0.0
871970,大禹生物,0.0,0.0,0.0,0.0,0,0,0.0,0.0,0.0,0.0
871981,晶赛科技,0.0,0.0,0.0,0.0,0,0,0.0,0.0,0.0,0.0
872190,雷神科技,0.0,0.0,0.0,0.0,0,0,0.0,0.0,0.0,0.0
872351,华光源海,0.0,0.0,0.0,0.0,0,0,0.0,0.0,0.0,0.0
872374,云里物里,0.0,0.0,0.0,0.0,0,0,0.0,0.0,0.0,0.0
872392,佳合科技,0.0,0.0,0.0,0.0,0,0,0.0,0.0,0.0,0.0
872541,铁大科技,0.0,0.0,0.0,0.0,0,0,0.0,0.0,0.0,0.0
872808,曙光数创,0.0,0.0,0.0,0.0,0,0,0.0,0.0,0.0,0.0
872895,花溪科技,0.0,0.0,0.0,0.0,0,0,0.0,0.0,0.0,0.0
872925,锦好医疗,0.0,0.0,0.0,0.0,0,0,0.0,0.0,0.0,0.0
872931,无锡鼎邦,0.0,0.0,0.0,0.0,0,0,0.0,0.0,0.0,0.0
872953,国子软件,0.0,0.0,0.0,0.0,0,0,0.0,0.0,0.0,0.0
873001,纬达光电,0.0,0.0,0.0,0.0,0,0,0.0,0.0,0.0,0.0
873122,中纺标,0.0,0.0,0.0,0.0,0,0,0.0,0.0,0.0,0.0
873132,泰鹏智能,0.0,0.0,0.0,0.0,0,0,0.0,0.0,0.0,0.0
873152,天宏锂电,0.0,0.0,0.0,0.0,0,0,0.0,0.0,0.0,0.0
873167,新赣江,0.0,0.0,0.0,0.0,0,0,0.0,0.0,0.0,0.0
873169,七丰精工,0.0,0.0,0.0,0.0,0,0,0.0,0.0,0.0,0.0
873223,荣亿精密,0.0,0.0,0.0,0.0,0,0,0.0,0.0,0.0,0.0
873305,九菱科技,0.0,0.0,0.0,0.0,0,0,0.0,0.0,0.0,0.0
873339,恒太照明,0.0,0.0,0.0,0.0,0,0,0.0,0.0,0.0,0.0
873527,夜光明,0.0,0.0,0.0,0.0,0,0,0.0,0.0,0.0,0.0
873570,坤博精工,0.0,0.0,0.0,0.0,0,0,0.0,0.0,0.0,0.0
873576,天力复合,0.0,0.0,0.0,0.0,0,0,0.0,0.0,0.0,0.0
873593,鼎智科技,0.0,0.0,0.0,0.0,0,0,0.0,0.0,0.0,0.0
873665,科强股份,0.0,0.0,0.0,0.0,0,0,0.0,0.0,0.0,0.0
873679,前进科技,0.0,0.0,0.0,0.0,0,0,0.0,0.0,0.0,0.0
873690,捷众科技,0.0,0.0,0.0,0.0,0,0,0.0,0.0,0.0,0.0
873693,阿为特,0.0,0.0,0.0,0.0,0,0,0.0,0.0,0.0,0.0
873703,广厦环能,0.0,0.0,0.0,0.0,0,0,0.0,0.0,0.0,0.0
873706,铁拓机械,0.0,0.0,0.0,0.0,0,0,0.0,0.0,0.0,0.0
873726,卓兆点胶,0.0,0.0,0.0,0.0,0,0,0.0,0.0,0.0,0.0
873806,云星宇,0.0,0.0,0.0,0.0,0,0,0.0,0.0,0.0,0.0
873833,美心翼申,0.0,0.0,0.0,0.0,0,0,0.0,0.0,0.0,0.0
920002,万达轴承,110.01,-4.0387299371946925,-4.6299999999999955,182533035.84,1642130,0,114.78,114.78,109.5,114.64
920008,成电光信,30.06,0.4008016032064043,0.11999999999999744,22336130.34,739937,0,29.95,30.4,29.95,29.94
920016,中草香料,19.34,-0.2063983488132051,-0.03999999999999915,7909434.34,407188,0,19.4,19.57,19.32,19.38
920019,铜冠矿建,20.96,4.071499503475671,0.8200000000000003,126654973.07,5975290,0,20.25,21.75,20.15,20.14
920060,万源通,32.88,-0.48426150121064343,-0.1599999999999966,79741807.78,2431668,0,33.16,33.55,32.48,33.04
920066,科拜尔,24.69,0.12165450121654961,0.030000000000001137,6954703.02,281682,0,24.53,25.0,24.52,24.66
920082,方正阀门,17.98,5.392731535756165,0.9200000000000017,73888942.97,4089941,0,17.06,18.69,17.02,17.06
920088,科力股份,29.2,-3.6303630363036348,-1.1000000000000014,57009678.36,1931472,0,30.11,30.13,29.16,30.3
920098,科隆新材,30.89,0.9477124183006508,0.28999999999999915,41190520.95,1334314,0,30.5,31.28,30.5,30.6
920099,瑞华技术,32.89,-2.113095238095241,-0.7100000000000009,30368184.83,913822,0,33.47,33.88,32.86,33.6
920106,林泰新材,78.7,-1.9436830301520085,-1.5600000000000023,51636148.0,652900,0,80.3,80.3,78.58,80.26
920108,宏海科技,13.45,0.07440476190476032,0.009999999999999787,10999744.97,811702,0,13.4,13.68,13.4,13.44
920111,聚星科技,23.33,0.7775377969762407,0.17999999999999972,21715589.12,934212,0,23.16,23.37,23.05,23.15
920116,星图测控,84.5,5.11257619106854,4.109999999999999,515375951.97,6140685,0,79.56,87.98,79.56,80.39
920118,太湖远大,22.51,-0.17738359201773457,-0.03999999999999915,6987254.43,310195,0,22.55,22.72,22.18,22.55
920128,胜业电气,27.9,6.164383561643826,1.6199999999999974,73354086.93,2669899,0,26.28,28.52,26.1,26.28
000003,Ｂ股指数,253.8154,-0.11609127371409729,-0.2949999999999875,95854712.0,226960,0,254.1142,254.2104,253.1019,254.1104
000005,商业指数,2849.0924,0.0015689453005620331,0.04469999999992069,45059488052.0,37974468,0,2848.7152,2860.279,2841.4019,2849.0477
000013,企债指数,0.0,0.0,0.0,0.0,0,0,0.0,0.0,0.0,0.0
000015,红利指数,3037.6183,-0.18189682630883067,-5.535399999999754,27286369605.0,29256088,0,3042.2177,3049.9917,3030.3293,3043.1537
000018,180金融,5940.4102,-0.06562745124065157,-3.901100000000042,35753466375.0,30503129,0,5941.0332,5969.2645,5928.8419,5944.3113
000022,沪公司债,253.6854,0.007647851899738363,0.019399999999990314,149846423.0,154500,0,253.6836,253.6898,253.6836,253.666
000033,上证材料,3654.5672,0.8820676498924127,31.953899999999976,67720472332.0,34905507,0,3621.189,3692.4567,3621.189,3622.6133
000038,上证金融,5931.3989,-0.07181339434534836,-4.26260000000002,30756792558.0,25380475,0,5932.724,5958.9356,5918.2072,5935.6615
000041,上证公用,2530.2584,-0.3381304003437662,-8.584599999999682,12445368702.0,17124050,0,2537.022,2538.6983,2525.7312,2538.843
000043,超大盘,2616.6849,-0.26486925139446915,-6.949200000000019,64971832198.0,17415644,0,2626.1074,2637.8431,2612.1039,2623.6341
000044,上证中盘,4563.4133,-0.13372509114133263,-6.110599999999977,118741720801.0,63985448,0,4576.2355,4588.5481,4554.0411,4569.5239
000046,上证中小,5128.644,-0.05220681006061585,-2.678899999999885,345501587948.0,182265265,0,5140.2287,5148.1945,5113.54,5131.3229
000047,上证全指,3941.1629,-0.10778839116467236,-4.252700000000004,453169165589.0,219624245,0,3950.4243,3960.1505,3932.1904,3945.4156
000051,180等权,9298.8338,0.06142066793694516,5.707900000001246,226409298442.0,101344429,0,9302.6115,9332.9093,9281.5245,9293.1259
000052,50基本,3023.6655,-0.08298589824626634,-2.5113000000001193,107667577641.0,37358980,0,3025.8621,3035.4565,3016.8181,3026.1768
000053,180基本,12581.6658,-0.04474748961816301,-5.632499999999709,226409298442.0,101344429,0,12586.2101,12627.3786,12553.8907,12587.2983
000054,上证海外,1614.1102,0.3451787682108802,5.552400000000034,93253393221.0,51935303,0,1608.5826,1621.8844,1607.9391,1608.5578
000057,全指成长,3843.2563,-0.15989976649677878,-6.15520000000015,145849223455.0,43940014,0,3855.2526,3878.3331,3836.0648,3849.4115
000064,非周期,3541.8512,-0.760950600973441,-27.1583999999998,156272242727.0,49534740,0,3577.4425,3579.3011,3537.9044,3569.0096
000067,上证新兴,8902.4656,-0.4233085545897243,-37.84510000000046,111689959015.0,26573548,0,8968.6086,8981.9838,8891.6512,8940.3107
000071,材料等权,4873.0216,0.420608608013116,20.410499999999956,67720472332.0,34905507,0,4850.1065,4928.947,4840.842,4852.6111
000072,工业等权,2997.0659,0.10835313522313415,3.2438999999999396,30951383508.0,25489045,0,2993.7935,3000.0704,2986.0196,2993.822
000073,可选等权,3518.4214,-0.12811761012103917,-4.513500000000022,37409901863.0,16699212,0,3531.8474,3532.7528,3500.39,3522.9349
000074,消费等权,7097.9554,0.1934940785103498,13.70759999999973,11910521862.0,3080345,0,7107.8611,7123.1793,7070.1392,7084.2478
000075,医药等权,6886.4159,-0.2978216375234185,-20.57049999999981,13860054489.0,3442519,0,6905.1643,6926.7243,6877.0444,6906.9864
000076,金融等权,5736.3104,-0.055976775213650735,-3.2127999999993335,30878442311.0,24962166,0,5736.382,5767.3805,5727.6817,5739.5232
000077,信息等权,6083.2003,-0.7982922408586983,-48.95249999999942,83000762368.0,13179887,0,6174.1425,6179.2482,6075.0041,6132.1528
000079,公用等权,2525.8965,-0.17335610970616455,-4.386400000000322,12445368702.0,17124050,0,2529.8897,2534.981,2522.7073,2530.2829
000091,沪财中小,14574.8844,-0.1497368477680162,-21.856699999998455,48535826917.0,28645809,0,14633.9763,14641.4449,14483.7324,14596.7411
000092,资源50,4881.7639,0.5950976166854951,28.879399999999805,70506325576.0,31168622,0,4849.5083,4913.4584,4847.3935,4852.8845
000093,180分层,12052.5174,0.28182793144202556,33.871900000000096,226409298442.0,101344429,0,12031.9111,12078.2235,12023.1148,12018.6455
000094,上证上游,4555.1325,1.3079915780034344,58.811499999999796,66441232447.0,33392766,0,4495.9819,4606.5939,4495.9819,4496.321
000095,上证中游,3882.9883,-0.5987999579252364,-23.391399999999976,234319177760.0,76463100,0,3920.1296,3922.2173,3875.8813,3906.3797
000097,高端装备,11469.728,-0.35045672805798517,-40.33780000000115,132558610806.0,28510134,0,11569.6032,11579.9533,11453.1241,11510.0658
000098,上证F200,5532.1691,-0.020158009225798555,-1.1153999999996813,178794289764.0,122141033,0,5532.4115,5552.1057,5517.6156,5533.2845
000101,5年信用,251.5733,0.005525533929552329,0.013899999999978263,344787259.0,343000,0,251.5757,251.576,251.5723,251.5594
000102,沪投资品,7546.8768,0.34377778379350754,25.855599999999868,78988243245.0,32574272,0,7528.6012,7605.4771,7507.102,7521.0212
000103,沪消费品,8012.0109,-0.10884530358422824,-8.730199999999968,28349614745.0,4934629,0,8020.8393,8047.1795,7994.0017,8020.7411
000104,380能源,1260.924,-0.6148770919721012,-7.801100000000133,2300839401.0,3626783,0,1266.884,1270.705,1258.4616,1268.7251
000105,380材料,5345.613,-0.4853227563875178,-26.06999999999971,23102023878.0,15644317,0,5366.7442,5389.9588,5314.2961,5371.683
000106,380工业,6133.5199,0.9952598987300837,60.44290000000001,75673459351.0,31394604,0,6089.1034,6149.4277,6073.8083,6073.077
000107,380可选,5602.1979,-0.49999561306088647,-28.151499999999942,13098347706.0,5295752,0,5640.6658,5642.254,5589.6292,5630.3494
000108,380消费,12360.2411,0.9355390530438527,114.5630999999994,3400657803.0,1798975,0,12301.3138,12386.2145,12229.6359,12245.678
000109,380医药,9905.244,-0.32448536776847664,-32.24569999999949,5702009493.0,2270407,0,9930.7509,9974.4554,9902.272,9937.4897
000110,380金融,4253.0283,-0.5846137469129301,-25.01000000000022,6292579130.0,7916045,0,4275.9159,4294.2882,4252.653,4278.0383
000111,380信息,9806.4775,-0.09891722319808029,-9.709899999999834,33617099553.0,7265386,0,9875.1173,9887.4222,9725.9503,9816.1874
000112,380电信,6171.1178,0.8842694624126929,54.09100000000035,20112274391.0,6228950,0,6123.9941,6200.1044,6112.0995,6117.0268
000113,380公用,2972.9383,-0.44929341641073106,-13.417500000000018,5803055545.0,8974162,0,2983.2081,2986.8391,2961.0027,2986.3558
000114,持续产业,1234.3156,-0.731647489611264,-9.097400000000107,18261274063.0,12054022,0,1243.3101,1244.1996,1232.8895,1243.413
000115,380等权,8659.588,0.12062450031244767,10.432999999999083,196931890281.0,96601270,0,8662.6285,8678.9328,8622.7062,8649.155
000116,信用100,199.005,0.010654133653087951,0.021199999999993224,361183018.0,360600,0,198.9943,199.0131,198.987,198.9838
000117,380成长,4356.7985,-0.24463290387771863,-10.684299999999894,51057192472.0,17697509,0,4376.6995,4380.9938,4340.636,4367.4828
000118,380价值,10075.5213,-0.2447407020705947,-24.71939999999995,31258893553.0,34799766,0,10095.5943,10118.4112,10054.2211,10100.2407
000119,380R成长,4381.4591,0.1277231698445514,5.588999999999942,173425131121.0,67497505,0,4386.834,4393.255,4360.3717,4375.8701
000120,380R价值,9680.6542,0.1998935592983648,19.312400000000707,153626832202.0,84599762,0,9671.6235,9703.0782,9647.7727,9661.3418
000121,医药主题,7968.0478,-0.30464705179036605,-24.34859999999935,14309672066.0,3562538,0,7991.5658,8016.777,7955.2243,7992.3964
000122,农业主题,1624.9024,-0.4769979952719775,-7.787900000000036,4604363363.0,5686805,0,1633.3888,1633.9044,1610.8138,1632.6903
000123,180动态,7148.6893,-0.18306291969983657,-13.110599999999977,167137495978.0,51787489,0,7177.6556,7227.5266,7134.5396,7161.7999
000125,180稳定,11802.7527,-0.2974337780483669,-35.21010000000024,68143834404.0,48406560,0,11838.3622,11853.3705,11783.5704,11837.9628
000126,消费50,8314.2753,-0.25294052128866534,-21.08350000000064,44597534358.0,15363386,0,8348.5086,8355.1591,8287.3467,8335.3588
000128,380基本,9041.1555,-0.11399911092933135,-10.318599999998696,196931890281.0,96601270,0,9056.1881,9066.7256,9016.6961,9051.4741
000129,180波动,15224.1353,0.07704233528254613,11.719999999999345,66153903220.0,57112647,0,15208.2097,15258.7872,15193.2877,15212.4153
000130,380波动,13249.9981,-0.08474097112427241,-11.237699999999677,18186234106.0,22248928,0,13264.0468,13291.9828,13244.5363,13261.2358
000131,上证高新,3587.7932,-0.07924217378051152,-2.845299999999952,37707993011.0,4264972,0,3597.5225,3617.0647,3564.3287,3590.6385
000132,上证100,6030.3297,-0.1484461397711441,-8.965099999999438,37707458977.0,11057415,0,6054.2207,6063.8493,6009.3229,6039.2948
000133,上证150,6773.9987,-0.06925965793762248,-4.694899999999507,50277258807.0,20699057,0,6806.8308,6813.2356,6721.5196,6778.6936
000134,上证银行,1040.5762,0.16902827178096955,1.7558999999998832,18991904869.0,23345995,0,1038.0712,1042.7205,1034.8634,1038.8203
000135,180高贝,6349.5857,0.027503844693747507,1.7458999999998923,116722361335.0,25626261,0,6372.7813,6406.4695,6341.6852,6347.8398
000136,180低贝,12896.2083,0.2268466220371736,29.18840000000091,37354524429.0,39001169,0,12858.6359,12924.672,12857.4973,12867.0199
000137,380高贝,5961.5283,0.16623163773422608,9.893500000000131,78012303091.0,18019541,0,5973.5919,5984.8751,5918.8939,5951.6348
000138,380低贝,8117.9552,-0.032710590821881415,-2.6562999999996464,16967398881.0,16620281,0,8124.1979,8137.5911,8101.7481,8120.6115
000139,上证转债,428.8469,0.08034957080774598,0.34430000000003247,35816230106.0,17880671,0,429.0553,430.5535,427.9144,428.5026
000141,380动态,3933.6214,0.2819867421795886,11.061099999999897,148088136795.0,57372959,0,3934.828,3944.7868,3912.9956,3922.5603
000142,380稳定,9846.8822,-0.10503350452534548,-10.353399999999965,46558655133.0,38380439,0,9857.8298,9867.811,9818.8537,9857.2356
000145,优势资源,8144.4371,0.8423462327759663,68.03129999999965,63611247337.0,30225057,0,8069.712,8228.6525,8069.712,8076.4058
000146,优势制造,7921.4487,0.34505164392898535,27.23909999999978,77612415987.0,27676598,0,7914.1489,7943.3575,7881.4206,7894.2096
000147,优势消费,6716.3717,-0.41921103049737585,-28.27430000000004,16437931638.0,4109181,0,6745.9387,6758.8692,6708.7653,6744.646
000148,消费领先,9432.7259,-0.15275178141961568,-14.430700000000797,102249451880.0,45731755,0,9452.1405,9471.0011,9417.596,9447.1566
000149,180红利,4034.1886,0.13304115245806505,5.360000000000127,26330464132.0,26265301,0,4027.5899,4046.4262,4023.0846,4028.8286
000150,380红利,11558.2609,-0.17538610840835406,-20.307200000001103,8031360683.0,6815343,0,11574.9967,11622.3061,11533.1635,11578.5681
000152,上央红利,2874.3792,0.0987691983020883,2.836199999999735,21892902520.0,24294188,0,2869.9329,2880.7063,2863.9244,2871.543
000160,沪新丝路,2138.8203,0.6143542222016813,13.059699999999793,64747932986.0,46346224,0,2126.7425,2146.9678,2126.1087,2125.7606
000161,沪中国造,1760.1561,0.3555292475074668,6.235699999999952,126005053078.0,45181034,0,1755.3754,1764.6534,1749.8058,1753.9204
000162,沪互联+,3645.1621,0.2800646759771944,10.180299999999988,53347895520.0,19004639,0,3640.3264,3658.5123,3625.4593,3634.9818
000170,50AH优选,6184.0512,-0.4880982964762319,-30.332300000000032,73653249132.0,23016661,0,6217.0432,6231.2217,6180.1694,6214.3835
000171,新兴成指,0.0,0.0,0.0,0.0,0,0,0.0,0.0,0.0,0.0
000300,沪深300,4629.9395,-0.45884770946364384,-21.34229999999934,444491545749.0,170760224,0,4656.48,4667.0467,4622.0988,4651.2818
000805,A股资源,0.0,0.0,0.0,0.0,0,0,0.0,0.0,0.0,0.0
000808,医药生物,0.0,0.0,0.0,0.0,0,0,0.0,0.0,0.0,0.0
000814,细分医药,8346.9044,-0.5225966457222637,-43.84979999999996,15611495462.0,3845193,0,8386.3847,8424.2469,8336.612,8390.7542
000827,中证环保,1863.4874,-0.9402579334313037,-17.687900000000127,86499889996.0,33002120,0,1883.3576,1885.7845,1861.0251,1881.1753
000841,800医药,0.0,0.0,0.0,0.0,0,0,0.0,0.0,0.0,0.0
000842,800等权,0.0,0.0,0.0,0.0,0,0,0.0,0.0,0.0,0.0
000847,腾讯济安,3500.4024,0.10085002161072305,3.526600000000144,55645591903.0,25897967,0,3499.7837,3510.5668,3492.6948,3496.8758
000849,300非银,11152.7519,-0.41125450187443174,-46.055600000001505,25424649739.0,13544665,0,11195.0004,11261.9697,11139.6268,11198.8075
000853,CSSW丝路,1633.9132,-0.654716549322752,-10.768000000000029,119829538246.0,23629338,0,1647.2954,1648.8867,1629.5399,1644.6812
000854,500原料,5887.8166,-0.4079392838928401,-24.117099999999482,53112777018.0,29084653,0,5905.0709,5949.5088,5840.3406,5911.9337
000855,央视500,1636.0907,-0.32672865967961034,-5.363100000000031,639167280742.0,236105649,0,1643.0229,1645.8232,1632.1298,1641.4538
000857,500医药,10256.0862,-0.427889490449153,-44.07330000000002,9630694254.0,5259546,0,10294.2478,10315.6783,10245.7142,10300.1595
000865,上海国企,1512.9695,0.48154409707840695,7.250699999999824,26692568253.0,17180968,0,1505.9694,1515.356,1501.2879,1505.7188
000867,港中小企,2690.0809,-0.06096469326939296,-1.6410000000000764,15214120755.0,15391805,0,2696.6122,2705.0379,2682.919,2691.7219
000891,新兴综指,1876.1126,-0.4021737566666469,-7.575700000000097,1085856566347.0,434859756,0,1887.6407,1888.6329,1872.2715,1883.6883
000904,中证200,0.0,0.0,0.0,0.0,0,0,0.0,0.0,0.0,0.0
000914,300金融,6717.8789,-0.10661929590968305,-7.170200000000477,47758982439.0,41695323,0,6722.1767,6752.5961,6707.1969,6725.0491
000918,300成长,0.0,0.0,0.0,0.0,0,0,0.0,0.0,0.0,0.0
000934,中证金融,6269.2117,-0.13625230621476384,-8.553600000000188,59748893930.0,57804173,0,6275.6418,6302.7311,6261.6257,6277.7653
000944,内地资源,0.0,0.0,0.0,0.0,0,0,0.0,0.0,0.0,0.0
000971,等权90,0.0,0.0,0.0,0.0,0,0,0.0,0.0,0.0,0.0
000974,800金融,7040.5176,-0.18058896211749015,-12.73739999999998,55229279690.0,49678485,0,7049.5443,7081.121,7034.0241,7053.255
000982,500等权,9026.4047,0.13848467156658784,12.482899999999063,380369638019.0,194427743,0,9029.8996,9049.9992,8994.9534,9013.9218
000984,300等权,0.0,0.0,0.0,0.0,0,0,0.0,0.0,0.0,0.0
000986,全指能源,2334.2733,-0.2393334613744535,-5.600100000000111,14279429853.0,18551959,0,2338.3027,2348.4415,2323.5046,2339.8734
000991,全指医药,8718.1423,-0.5669836267586035,-49.71230000000105,29723747479.0,10662527,0,8764.4997,8796.4419,8706.4143,8767.8546
000992,全指金融,5988.1527,-0.08826979603761938,-5.290400000000773,76944725715.0,73030391,0,5992.1696,6017.2917,5979.8,5993.4431
