代码,名称,最新价,涨跌幅,涨跌额,成交量,成交额,换手率,开盘,最高,最低,昨收
000001,上证指数,4120.426,0.917153917135218,37.44720000000052,1289205972263.0,729837985,0,4086.7624,4121.7226,4083.6155,4082.9788
000002,Ａ股指数,4320.4418,0.9177177484130397,39.28889999999956,1288540566069.0,729372169,0,4285.1297,4321.8157,4281.8152,4281.1529
000004,工业指数,3806.5482,1.3290778055314578,49.92840000000024,991333669945.0,475650771,0,3761.7638,3807.7536,3757.9569,3756.6198
000006,地产指数,4356.971,-0.07043280937278652,-3.07090000000062,5741373948.0,9742102,0,4357.4107,4371.2984,4326.6996,4360.0419
000007,公用指数,4900.0506,0.77748409099873,37.80319999999938,47033959340.0,57490866,0,4859.5821,4901.9039,4858.8421,4862.2474
000008,综合指数,3660.5282,0.09252574221570427,3.3838000000000648,178769235382.0,136088679,0,3659.208,3667.7678,3647.3304,3657.1444
000009,上证380,7025.3444,1.8214788409251725,125.67600000000039,317672447886.0,153766969,0,6905.4888,7029.4435,6905.4888,6899.6684
000010,上证180,10415.3166,0.5142273153715973,53.28440000000046,351463796010.0,155390016,0,10347.4224,10452.1664,10338.5324,10362.0322
000011,基金指数,7191.6158,0.16141026777546905,11.58929999999964,389007918391.0,1350521667,0,7179.6528,7193.1105,7178.7945,7180.0265
000012,国债指数,224.5393,0.0041419854807803365,0.00929999999999609,27394206928.0,27597682,0,224.5445,224.5751,224.4931,224.53
000014,沙河股份,13.95,1.3808139534883686,0.1899999999999995,137985351.88,9989161,0,13.73,13.95,13.65,13.76
000016,上证50,3134.3245,0.3927467568156213,12.261800000000221,177739531505.0,60149277,0,3121.1593,3146.7283,3112.4579,3122.0627
000017,新综指,3483.0106,0.9178162053701134,31.676899999999932,1266473123969.0,720556805,0,3454.5385,3484.1151,3451.8773,3451.3337
000019,治理指数,1278.6908,0.7032899978712555,8.930100000000039,235201787259.0,114950259,0,1271.6941,1282.4374,1270.7802,1269.7607
000020,中型综指,1817.8236,1.4902594232214426,26.69249999999988,311382662099.0,113147876,0,1786.4711,1818.9081,1782.7446,1791.1311
000021,180治理,1114.8549,0.5357313068703952,5.940800000000081,171343750312.0,82478386,0,1110.9256,1119.2842,1109.5303,1108.9141
000025,180基建,1801.616,0.4592389533038702,8.235899999999901,32120674004.0,30672180,0,1793.2914,1805.3861,1790.8878,1793.3801
000026,180资源,5954.9959,2.262295980568677,131.73930000000018,54886435724.0,24951895,0,5828.9365,5980.6464,5825.056,5823.2566
000027,180运输,771.6257,-0.03207780344260131,-0.24759999999992033,5494164685.0,6450850,0,774.0673,775.3121,769.0302,771.8733
000028,180成长,4158.8061,0.8822061762146067,36.36839999999938,147685142600.0,35225626,0,4110.3414,4172.1969,4105.1988,4122.4377
000029,180价值,4466.2623,-0.2988381322358794,-13.386899999999514,86797474339.0,73714110,0,4488.9502,4497.0479,4449.5374,4479.6492
000030,180R成长,2718.8213,0.7311509681292692,19.734400000000278,285729917508.0,95841061,0,2690.7281,2728.2123,2687.7814,2699.0869
000031,180R价值,3281.7922,-0.07496678926477135,-2.4621000000001914,224842249247.0,134329545,0,3288.3583,3293.528,3269.9933,3284.2543
000032,上证能源,2001.5599,1.3787502620497665,27.221199999999953,20613836744.0,31040000,0,2007.2018,2007.2018,1979.5487,1974.3387
000034,上证工业,2302.4017,0.16529175142650288,3.7993999999998778,66050018417.0,45693570,0,2301.2598,2321.0803,2294.8763,2298.6023
000035,上证可选,3063.9168,0.9340806786960294,28.35460000000012,41346897799.0,21348976,0,3038.3515,3070.561,3037.4812,3035.5622
000036,上证消费,11061.9783,0.5508409846322843,60.600100000001476,14466557235.0,4157429,0,11029.8745,11081.5633,10998.2778,11001.3782
000037,上证医药,6782.3007,1.4586495049285764,97.50770000000011,25380770960.0,6552198,0,6693.2535,6791.118,6673.9136,6684.793
000039,上证信息,5949.644,0.9064262804006644,53.44470000000001,134888787314.0,21849746,0,5840.7347,5955.5897,5789.3122,5896.1993
000040,上证电信,4229.1188,2.8030634987131915,115.3126000000002,56760429325.0,25299803,0,4126.9009,4231.6442,4126.0581,4113.8062
000042,上证央企,1836.5682,0.32476375528985957,5.945199999999886,105711702124.0,68989353,0,1834.7752,1841.126,1829.9856,1830.623
000045,上证小盘,6154.521,1.776236913170094,107.41100000000006,362164224011.0,182455667,0,6051.1621,6159.0405,6051.1621,6047.11
000048,责任指数,1504.9973,0.2856847758727508,4.287299999999959,96810283139.0,42816315,0,1501.9977,1511.5545,1498.6103,1500.71
000049,上证民企,2140.7875,1.1189275209511913,23.6887999999999,123645138168.0,44958798,0,2107.8757,2143.4786,2106.2931,2117.0987
000050,50等权,2501.8554,0.5380422255249308,13.389000000000124,177739531505.0,60149277,0,2491.6032,2510.4667,2484.6389,2488.4664
000055,上证地企,1639.0187,0.40569810231721015,6.622600000000148,91498741608.0,42347614,0,1628.5944,1646.6972,1628.5944,1632.3961
000056,上证国企,1287.4447,0.4904378168121561,6.283300000000054,145517481526.0,69821289,0,1280.0281,1292.1536,1280.0281,1281.1614
000058,全指价值,4780.1892,-0.09762875850552838,-4.671400000000176,147767684714.0,122166183,0,4790.6287,4800.5758,4762.44,4784.8606
000059,全R成长,3543.0609,1.1473417091294498,40.18989999999985,600360575812.0,234660495,0,3494.8448,3550.147,3494.0617,3502.871
000060,全R价值,4575.3373,0.34177287617731056,15.583999999999833,539036972648.0,300694259,0,4565.2305,4591.0683,4557.3781,4559.7533
000061,沪企债30,177.7191,-0.11527380761021593,-0.20510000000001583,145685045.0,149200,0,177.9341,177.9392,177.7021,177.9242
000062,上证沪企,2188.8723,0.2101973143565341,4.591300000000047,61826403448.0,25872619,0,2183.469,2197.61,2177.019,2184.281
000063,上证周期,4132.5377,0.2602934842515349,10.728799999999865,114350236806.0,69390272,0,4124.9129,4152.6391,4113.953,4121.8089
000065,上证龙头,3762.4159,0.9747440753002595,36.31989999999996,220071565403.0,111211477,0,3742.1175,3775.2711,3740.9078,3726.096
000066,上证商品,3787.7669,2.175500998956468,80.64840000000004,97136472806.0,56670795,0,3701.6088,3799.2592,3701.6088,3707.1185
000068,上证资源,4321.0938,2.658227318821067,111.89019999999982,91135900407.0,47038825,0,4213.2234,4336.3309,4213.2234,4209.2036
000069,消费80,5078.3985,0.9164152747484255,46.11660000000029,68465853954.0,23715852,0,5041.1139,5081.9432,5037.6002,5032.2819
000070,能源等权,2737.678,1.6721313508872435,45.02469999999994,20613836744.0,31040000,0,2716.38,2741.2421,2698.9001,2692.6533
000078,电信等权,3896.72,4.204068529326778,157.2114999999999,56760429325.0,25299803,0,3759.2,3898.63,3759.2,3739.5085
000088,盐田港,4.49,0.6726457399103195,0.03000000000000025,115585140.76,25804420,0,4.46,4.49,4.45,4.46
000089,深圳机场,6.97,0.14367816091953717,0.009999999999999787,88637694.97,12719601,0,6.96,6.99,6.95,6.96
000090,上证流通,1518.1413,1.035874047011923,15.564800000000105,1266473123969.0,720556805,0,1502.5563,1519.7186,1502.5563,1502.5765
000096,上证下游,4365.7425,1.2168954455668912,52.48779999999988,125635487852.0,62901686,0,4319.9501,4368.3345,4318.5938,4313.2547
000099,上证F300,9560.6637,1.1188136345911923,105.78249999999935,266008087388.0,146287499,0,9473.7799,9581.0299,9473.1404,9454.8812
000100,上证F500,6384.0677,0.32034756986119745,20.38589999999931,538598732885.0,332943033,0,6371.8713,6407.2166,6361.9433,6363.6818
000151,上国红利,1561.1265,0.3391974195955232,5.277400000000171,22545336492.0,24514273,0,1556.6352,1563.3188,1554.1283,1555.8491
000153,上民红利,3204.9759,0.5598290928142432,17.842499999999745,6631468453.0,6195654,0,3189.7,3205.3984,3174.5487,3187.1334
000155,市值百强,3407.6039,0.4404033705091549,14.941400000000158,298217689464.0,115823737,0,3389.2589,3419.9527,3383.3497,3392.6625
000156,华数传媒,8.31,4.528301886792456,0.3600000000000003,305809796.45,37307307,0,7.94,8.37,7.92,7.95
000157,中联重科,8.57,2.881152460984396,0.2400000000000002,840524736.73,98649702,0,8.38,8.6,8.34,8.33
000158,上证环保,1381.9914,-0.1616423410896821,-2.2374999999999545,47271788337.0,27041695,0,1379.5615,1396.9101,1373.3321,1384.2289
000159,沪股通,3852.5393,1.040585458193206,39.67610000000013,1158749473171.0,637523366,0,3812.6011,3857.3891,3812.6011,3812.8632
000166,申万宏源,5.35,0.5639097744360781,0.02999999999999936,624704829.61,116899553,0,5.33,5.38,5.31,5.32
000301,东方盛虹,10.67,-1.0204081632653008,-0.10999999999999943,240331380.65,22454760,0,10.75,10.98,10.57,10.78
000333,美的集团,79.77,0.9363532835631974,0.7399999999999949,2719435078.26,34108097,0,79.6,79.95,79.3,79.03
000338,潍柴动力,18.34,4.3230944254835135,0.7600000000000016,2289394005.7,125197059,0,18.05,18.62,18.01,17.58
000400,许继电气,27.72,1.5384615384615317,0.41999999999999815,1087375855.18,39112519,0,27.29,28.13,27.15,27.3
000401,金隅冀东,4.51,-0.22123893805309267,-0.009999999999999787,41076390.59,9128900,0,4.51,4.53,4.47,4.52
000402,金融街,2.84,-0.3508771929824642,-0.010000000000000231,72524464.24,25576602,0,2.84,2.86,2.82,2.85
000403,派林生物,14.35,-0.2086230876217047,-0.030000000000001137,173997496.59,12141175,0,14.29,14.41,14.25,14.38
000404,长虹华意,6.87,0.14577259475218346,0.009999999999999787,62435114.73,9097368,0,6.85,6.89,6.83,6.86
000407,胜利股份,5.05,2.2267206477732677,0.10999999999999943,339662229.47,67571830,0,4.99,5.06,4.98,4.94
000408,藏格矿业,87.21,-0.8977272727272799,-0.7900000000000063,1548030658.94,17693352,0,86.0,88.95,86.0,88.0
000409,云鼎科技,11.81,1.8981880931837847,0.22000000000000064,259644071.79,22221281,0,11.45,11.85,11.45,11.59
000410,沈阳机床,7.68,-0.2597402597402657,-0.020000000000000462,306520818.68,39885994,0,7.73,7.83,7.6,7.7
000411,英特集团,12.95,-0.3846153846153901,-0.05000000000000071,297856076.18,23121468,0,12.88,13.0,12.71,13.0
000415,渤海租赁,4.21,1.9370460048426168,0.08000000000000007,466160728.49,111151671,0,4.15,4.24,4.12,4.13
000417,合百集团,8.26,5.089058524173021,0.39999999999999947,618889184.81,77336942,0,7.85,8.27,7.76,7.86
000419,通程控股,6.56,2.02177293934681,0.1299999999999999,160705775.8,24724376,0,6.44,6.58,6.42,6.43
000420,吉林化纤,4.62,-0.645161290322586,-0.03000000000000025,802549647.69,173550497,0,4.65,4.72,4.57,4.65
000421,南京公用,6.97,0.14367816091953717,0.009999999999999787,92723182.16,13334217,0,6.95,7.0,6.91,6.96
000422,湖北宜化,14.91,-0.20080321285140135,-0.02999999999999936,551199285.79,37039659,0,14.88,15.0,14.76,14.94
000423,东阿阿胶,49.94,-0.39888312724372327,-0.20000000000000284,304279702.46,6102022,0,50.14,50.26,49.65,50.14
000425,徐工机械,11.8,3.6906854130052715,0.41999999999999993,1115501673.39,94734962,0,11.79,11.98,11.56,11.38
000426,兴业银锡,42.27,3.299120234604109,1.3500000000000014,2961081245.39,71092863,0,40.57,42.41,40.42,40.92
000428,华天酒店,3.37,0.2976190476190545,0.010000000000000231,65391957.2,19479260,0,3.36,3.38,3.34,3.36
000429,粤高速Ａ,11.48,0.1745200698080242,0.019999999999999574,64706706.2,5645136,0,11.46,11.52,11.41,11.46
000430,*ST张股,7.68,-1.790281329923281,-0.14000000000000057,61082236.72,7944706,0,7.83,7.84,7.6,7.82
000488,ST晨鸣,2.18,-1.8018018018018032,-0.040000000000000036,68549018.9,31252070,0,2.22,2.23,2.17,2.22
000498,山东路桥,6.07,0.4966887417218584,0.03000000000000025,70648363.0,11671300,0,6.05,6.08,6.03,6.04
000501,武商集团,11.1,7.766990291262125,0.7999999999999989,671751069.73,62320390,0,10.26,11.31,10.23,10.3
000503,国新健康,10.55,10.010427528675713,0.9600000000000009,296946659.45,28437720,0,9.59,10.55,9.57,9.59
000504,*ST生物,8.84,1.4925373134328241,0.129999999999999,21705476.74,2460901,0,8.78,8.93,8.7,8.71
000505,京粮控股,7.9,0.765306122448986,0.0600000000000005,329814204.63,42033891,0,7.76,7.93,7.76,7.84
000506,招金黄金,13.73,2.769461077844319,0.370000000000001,528164205.86,38364821,0,13.25,13.98,13.24,13.36
000507,珠海港,5.31,0.37807183364838515,0.019999999999999574,48016257.04,9062858,0,5.28,5.31,5.27,5.29
000509,华塑控股,3.44,0.0,0.0,59382458.4,17388520,0,3.43,3.45,3.38,3.44
000510,新金路,13.42,5.586152635719898,0.7099999999999991,980678010.62,75211581,0,12.69,13.58,12.44,12.71
000513,丽珠集团,36.58,0.9103448275862023,0.3299999999999983,247841022.31,6813448,0,36.29,36.59,36.12,36.25
000514,渝开发,5.1,0.1964636542239644,0.009999999999999787,87901088.8,17304360,0,5.12,5.13,5.04,5.09
000516,国际医学,4.93,-3.1434184675834995,-0.16000000000000014,601810993.11,121619088,0,4.99,5.01,4.91,5.09
000517,荣安地产,1.84,0.0,0.0,43503143.6,23708420,0,1.84,1.85,1.82,1.84
000518,*ST四环,2.47,0.0,0.0,19978733.0,8144100,0,2.46,2.47,2.44,2.47
000519,中兵红箭,19.66,1.287995878413189,0.25,1777051868.29,90172168,0,19.58,20.15,19.41,19.41
000520,凤凰航运,4.68,-0.21321961620470523,-0.010000000000000675,92730428.42,19875056,0,4.72,4.73,4.62,4.69
000521,长虹美菱,6.68,0.6024096385542175,0.040000000000000036,77907443.45,11683930,0,6.63,6.68,6.63,6.64
000523,红棉股份,3.94,5.630026809651474,0.20999999999999996,517126894.24,134356119,0,3.72,4.05,3.69,3.73
000524,岭南控股,12.29,0.326530612244891,0.03999999999999915,132364926.42,10795971,0,12.25,12.33,12.2,12.25
000525,红太阳,5.53,0.3629764065335837,0.020000000000000462,94040099.16,17109302,0,5.5,5.54,5.46,5.51
000526,学大教育,39.85,1.7879948914431745,0.7000000000000028,142451436.49,3588233,0,39.45,40.25,39.02,39.15
000528,柳工,11.97,1.4406779661016942,0.16999999999999993,584700332.22,48516604,0,11.85,12.17,11.82,11.8
000529,广弘控股,6.03,0.0,0.0,46347144.23,7692237,0,6.02,6.05,5.97,6.03
000530,冰山冷热,7.39,1.0943912448700421,0.08000000000000007,391648532.84,53552401,0,7.31,7.39,7.23,7.31
000531,穗恒运Ａ,6.87,3.3082706766917256,0.21999999999999975,194561932.3,28027956,0,6.92,7.11,6.81,6.65
000532,华金资本,17.3,9.980928162746345,1.5700000000000003,648125033.02,38822077,0,15.9,17.3,15.9,15.73
000533,顺钠股份,9.18,0.32786885245900943,0.02999999999999936,787083846.64,86031739,0,9.06,9.3,9.02,9.15
000534,万泽股份,22.67,5.050973123262295,1.0900000000000034,963711980.97,41769916,0,21.99,23.74,21.94,21.58
000536,华映科技,5.15,0.9803921568627592,0.05000000000000071,715126495.41,139387112,0,5.11,5.2,5.07,5.1
000537,绿发电力,8.32,0.2409638554216816,0.019999999999999574,91109657.39,10973773,0,8.3,8.32,8.28,8.3
000538,云南白药,57.32,0.19227407795839788,0.10999999999999943,405564392.67,7082287,0,57.18,57.45,57.03,57.21
000539,粤电力Ａ,4.55,0.6637168141592976,0.03000000000000025,80678594.99,17738731,0,4.54,4.57,4.52,4.52
000541,佛山照明,6.32,3.436988543371521,0.20999999999999996,210677493.67,33352983,0,6.12,6.48,6.11,6.11
000543,皖能电力,8.38,1.085645355850442,0.09000000000000163,297522483.25,35601791,0,8.3,8.43,8.26,8.29
000544,中原环保,8.36,-0.11947431302269758,-0.009999999999999787,37611429.03,4501093,0,8.36,8.38,8.33,8.37
000545,金浦钛业,3.16,2.2653721682847987,0.07000000000000028,228000310.12,72735276,0,3.1,3.2,3.06,3.09
000546,金圆股份,6.61,-1.4903129657227965,-0.09999999999999964,330359845.34,49800126,0,6.65,6.72,6.58,6.71
000547,航天发展,37.78,2.57941895194136,0.9500000000000028,16009517084.23,430467930,0,36.71,37.79,36.3,36.83
000548,湖南投资,5.47,0.0,0.0,42881822.0,7856700,0,5.46,5.49,5.42,5.47
000550,江铃汽车,18.21,0.0,0.0,84460894.1,4645590,0,18.2,18.34,18.09,18.21
000551,创元科技,14.9,-0.2009377093101096,-0.02999999999999936,866306472.88,57531195,0,14.88,15.4,14.73,14.93
000552,甘肃能化,2.39,0.4201680672269005,0.010000000000000231,150079275.02,62877254,0,2.38,2.4,2.37,2.38
000553,安道麦A,5.65,0.1773049645390191,0.010000000000000675,41716369.0,7431200,0,5.63,5.67,5.56,5.64
000554,泰山石油,6.81,3.0257186081694294,0.1999999999999993,331066201.9,48279890,0,6.94,7.04,6.75,6.61
000555,神州信息,18.54,2.3178807947019764,0.41999999999999815,2197424658.28,119851796,0,18.06,18.66,17.93,18.12
000557,西部创业,4.99,-0.19999999999999576,-0.009999999999999787,55037613.79,11032101,0,4.99,5.01,4.96,5.0
000558,天府文旅,5.25,1.156069364161842,0.05999999999999961,271249250.54,52024668,0,5.17,5.27,5.16,5.19
000559,万向钱潮,19.85,7.239330091842246,1.3399999999999999,6949252099.45,353511025,0,18.33,20.36,18.12,18.51
000560,我爱我家,2.96,0.0,0.0,374170955.35,127024593,0,2.95,2.98,2.92,2.96
000561,烽火电子,13.21,-1.04868913857677,-0.1399999999999988,1476996803.51,109578947,0,13.46,14.14,13.1,13.35
000563,陕国投Ａ,3.54,0.8547008547008619,0.03000000000000025,207098371.21,58668948,0,3.5,3.55,3.5,3.51
000564,供销大集,2.5,0.0,0.0,819361609.54,328195087,0,2.49,2.51,2.48,2.5
000565,渝三峡Ａ,7.59,2.016129032258057,0.14999999999999947,168396307.0,22145700,0,7.42,7.86,7.41,7.44
000566,海南海药,7.39,-1.070950468540831,-0.08000000000000007,1322659312.32,181757069,0,7.22,7.42,7.08,7.47
000567,海德股份,6.32,1.6077170418006517,0.10000000000000053,187463009.52,29738673,0,6.25,6.35,6.23,6.22
000568,泸州老窖,116.86,0.23158075306629727,0.269999999999996,1014017208.1,8651180,0,117.58,118.57,116.3,116.59
000570,苏常柴Ａ,5.63,0.35650623885917243,0.019999999999999574,52118023.0,9287075,0,5.61,5.64,5.58,5.61
000571,新大洲A,6.13,2.3372287145242017,0.13999999999999968,171213412.33,28120386,0,5.98,6.18,5.94,5.99
000572,海马汽车,7.62,0.0,0.0,762335510.08,99965795,0,7.62,7.7,7.53,7.62
000573,粤宏远Ａ,4.22,1.4423076923076827,0.05999999999999961,65664486.0,15716900,0,4.16,4.23,4.13,4.16
000576,甘化科工,11.16,2.1043000914913126,0.23000000000000043,212766361.0,19153600,0,10.98,11.23,10.95,10.93
000581,威孚高科,20.64,1.2757605495583983,0.26000000000000156,254270095.23,12347042,0,20.38,20.75,20.38,20.38
000582,北部湾港,9.51,-0.20986358866736174,-0.019999999999999574,322475901.61,33948231,0,9.55,9.57,9.44,9.53
000584,工智退,0.29,11.538461538461526,0.02999999999999997,15207447.0,53830663,0,0.26,0.29,0.26,0.26
000586,汇源通信,13.25,-0.7490636704119823,-0.09999999999999964,90629524.0,6840100,0,13.4,13.44,13.1,13.35
000589,贵州轮胎,5.07,-0.3929273084479288,-0.019999999999999574,148562603.76,29311846,0,5.07,5.1,5.04,5.09
000590,古汉医药,11.57,-0.2586206896551669,-0.02999999999999936,46448973.99,4026700,0,11.6,11.64,11.46,11.6
000591,太阳能,4.54,0.6651884700665244,0.03000000000000025,232537271.06,51323928,0,4.51,4.55,4.5,4.51
000592,平潭发展,14.97,-2.2207707380796857,-0.33999999999999986,5664239053.56,373527538,0,15.01,15.66,14.82,15.31
000593,德龙汇能,13.08,8.009909165978536,0.9700000000000006,526839207.47,41491824,0,12.31,13.3,12.19,12.11
000595,*ST宝实,6.31,3.9538714991762656,0.23999999999999932,168507419.0,26658900,0,6.11,6.37,6.1,6.07
000596,古井贡酒,137.68,1.242738436649752,1.6899999999999977,510703889.32,3701793,0,136.58,139.5,136.58,135.99
000597,东北制药,5.37,0.3738317757009432,0.020000000000000462,76501367.99,14305166,0,5.34,5.38,5.31,5.35
000598,兴蓉环境,7.14,-0.2793296089385539,-0.020000000000000462,167091510.38,23401931,0,7.17,7.19,7.11,7.16
000599,青岛双星,6.39,-1.8433179723502322,-0.1200000000000001,142804002.8,22273144,0,6.46,6.51,6.34,6.51
000600,建投能源,8.72,1.750291715285885,0.15000000000000036,212939369.14,24584266,0,8.57,8.72,8.55,8.57
000601,韶能股份,4.79,0.0,0.0,74852875.27,15594161,0,4.8,4.84,4.77,4.79
000603,盛达资源,34.7,6.083766432283711,1.990000000000002,1318139882.79,39225536,0,32.55,34.94,32.08,32.71
000605,渤海股份,6.84,0.0,0.0,28254409.0,4145360,0,6.83,6.86,6.77,6.84
000607,华媒控股,4.45,3.729603729603733,0.16000000000000014,130969309.0,29898700,0,4.3,4.46,4.27,4.29
000608,*ST阳光,0.0,-100.0,-3.05,0.0,0,0,0.0,0.0,0.0,3.05
000609,ST中迪,9.39,5.033557046979878,0.45000000000000107,140887958.58,15407786,0,8.87,9.39,8.87,8.94
000610,西安旅游,12.56,0.07968127490039671,0.009999999999999787,108748682.8,8681290,0,12.51,12.59,12.48,12.55
000612,焦作万方,12.1,3.507271171941832,0.41000000000000014,847255548.54,70886310,0,11.6,12.16,11.57,11.69
000615,*ST美谷,3.34,-1.1834319526627228,-0.040000000000000036,51248243.2,15246830,0,3.42,3.46,3.31,3.38
000617,中油资本,9.79,1.7671517671517665,0.16999999999999993,1650032165.31,168454228,0,9.63,9.9,9.62,9.62
000619,海螺新材,6.22,0.0,0.0,52486813.83,8468990,0,6.22,6.28,6.14,6.22
000620,盈新发展,3.27,-5.217391304347831,-0.18000000000000016,2222374914.02,670880003,0,3.32,3.42,3.21,3.45
000622,恒立退,0.15,-11.764705882352951,-0.020000000000000018,9677324.0,61160620,0,0.16,0.17,0.15,0.17
000623,吉林敖东,20.21,0.8483033932135814,0.1700000000000017,298098053.35,14782637,0,20.03,20.3,20.03,20.04
000625,长安汽车,11.85,-0.08431703204047038,-0.009999999999999787,830245432.72,70048442,0,11.83,11.91,11.81,11.86
000626,远大控股,8.09,-0.3694581280788099,-0.02999999999999936,70624434.0,8746800,0,8.12,8.18,8.01,8.12
000627,*ST天茂,0.0,-100.0,-1.58,0.0,0,0,0.0,0.0,0.0,1.58
000628,高新发展,51.15,0.7484735079771428,0.37999999999999545,1293278076.34,25175192,0,50.15,52.52,49.49,50.77
000629,钒钛股份,3.58,2.5787965616045803,0.08999999999999986,1133365438.62,316962458,0,3.47,3.66,3.47,3.49
000630,铜陵有色,5.91,3.6842105263157885,0.20999999999999996,3055288865.13,520480240,0,5.67,5.98,5.65,5.7
000631,顺发恒能,3.41,0.5899705014749268,0.020000000000000018,62425871.8,18269418,0,3.39,3.48,3.38,3.39
000632,三木集团,5.66,-1.2216404886562002,-0.07000000000000028,259339928.3,45771201,0,5.73,5.73,5.63,5.73
000633,合金投资,7.64,0.3942181340341571,0.02999999999999936,152564976.63,20067801,0,7.6,7.67,7.53,7.61
000635,英力特,9.69,-1.4242115971515825,-0.14000000000000057,177197125.0,18236400,0,9.71,9.88,9.55,9.83
000636,风华高科,17.43,1.2783265543288718,0.21999999999999886,655388668.92,37475470,0,17.16,17.75,17.1,17.21
000637,茂化实华,4.38,2.5761124121779937,0.11000000000000032,92912271.6,21287535,0,4.38,4.43,4.3,4.27
000638,*ST万方,4.82,-0.20703933747411568,-0.009999999999999787,50668509.81,10493501,0,4.81,4.91,4.77,4.83
000639,西王食品,3.33,0.3012048192771154,0.010000000000000231,192785297.76,58172118,0,3.31,3.34,3.28,3.32
000650,仁和药业,6.05,0.33167495854062307,0.019999999999999574,332015678.57,55180436,0,6.01,6.07,5.97,6.03
000651,格力电器,40.48,0.09891196834816803,0.03999999999999915,1184787573.61,29290916,0,40.43,40.53,40.36,40.44
000652,泰达股份,4.24,0.23640661938533772,0.009999999999999787,92753702.33,21941817,0,4.23,4.25,4.19,4.23
000655,金岭矿业,9.88,0.8163265306122455,0.08000000000000007,107437240.77,10895828,0,9.8,9.95,9.77,9.8
000656,*ST金科,1.47,-1.342281879194632,-0.020000000000000018,151463264.67,102692761,0,1.49,1.49,1.46,1.49
000657,中钨高新,32.89,6.028368794326244,1.870000000000001,2964150458.51,90968009,0,31.02,33.29,31.0,31.02
000659,珠海中富,4.21,1.2019230769230727,0.04999999999999982,314067587.64,74964019,0,4.2,4.39,4.1,4.16
000661,长春高新,97.9,1.2828470929029683,1.240000000000009,791131435.02,8141868,0,96.9,97.9,96.21,96.66
000663,永安林业,7.56,0.5319148936170218,0.040000000000000036,91910212.0,12184200,0,7.51,7.59,7.46,7.52
000665,湖北广电,5.98,3.2815198618307493,0.1900000000000004,440755453.53,74440427,0,5.77,5.99,5.76,5.79
000668,*ST荣控,11.75,4.25909494232476,0.4800000000000004,68166648.6,5938695,0,11.19,11.83,11.13,11.27
000669,ST金鸿,2.93,-1.013513513513507,-0.029999999999999805,28794785.08,9783636,0,2.96,2.97,2.92,2.96
000670,盈方微,0.0,-100.0,-7.73,0.0,0,0,0.0,0.0,0.0,7.73
000672,上峰水泥,12.93,0.310318076027922,0.03999999999999915,300051315.5,23311778,0,12.89,13.04,12.7,12.89
000676,智度股份,9.46,6.172839506172847,0.5500000000000007,1029475658.32,111131759,0,8.85,9.52,8.85,8.91
000677,恒天海龙,4.39,-0.6787330316742138,-0.03000000000000025,112138450.75,25667600,0,4.41,4.43,4.33,4.42
000678,襄阳轴承,15.58,-1.8273471959672285,-0.28999999999999915,1110411702.47,70439318,0,16.12,16.12,15.53,15.87
000679,大连友谊,7.53,0.8032128514056291,0.0600000000000005,89940190.08,12024097,0,7.42,7.6,7.36,7.47
000680,山推股份,12.47,3.2284768211920576,0.39000000000000057,385358827.16,30790642,0,12.14,12.74,12.14,12.08
000681,视觉中国,26.02,4.49799196787149,1.120000000000001,3557834536.25,139528718,0,25.32,26.08,24.9,24.9
000682,东方电子,12.59,1.3687600644122377,0.16999999999999993,339972694.37,26976969,0,12.45,12.75,12.4,12.42
000683,博源化工,7.55,-1.4360313315926936,-0.11000000000000032,390936033.48,51555825,0,7.7,7.74,7.52,7.66
000685,中山公用,12.19,0.6606110652353433,0.08000000000000007,272186272.24,22298036,0,12.08,12.31,12.06,12.11
000686,东北证券,9.68,1.5739769150052505,0.15000000000000036,674158513.59,69911008,0,9.55,9.83,9.45,9.53
000688,国城矿业,27.95,0.4672897196261646,0.129999999999999,783053642.4,27888214,0,27.14,29.29,26.93,27.82
000690,宝新能源,4.31,0.46620046620045624,0.019999999999999574,148251182.1,34498772,0,4.3,4.32,4.27,4.29
000691,*ST亚太,9.0,5.017502917152855,0.4299999999999997,92700.0,10300,0,9.0,9.0,9.0,8.57
000692,惠天热电,3.55,0.8522727272727216,0.029999999999999805,60302152.51,17078401,0,3.52,3.56,3.49,3.52
000695,滨海能源,13.63,-0.43827611395178034,-0.05999999999999872,336647690.73,24726401,0,13.83,13.9,13.42,13.69
000697,ST炼石,8.99,-0.33259423503325236,-0.02999999999999936,96521216.04,10712080,0,9.05,9.11,8.93,9.02
000698,ST沈化,3.76,0.0,0.0,37305191.84,9903008,0,3.82,3.84,3.73,3.76
000700,模塑科技,14.2,-4.183535762483138,-0.620000000000001,1782107951.48,124361649,0,14.74,14.85,14.02,14.82
000701,厦门信达,6.6,0.4566210045662003,0.02999999999999936,180411623.5,27420650,0,6.57,6.62,6.52,6.57
000702,正虹科技,6.75,0.5961251862891213,0.040000000000000036,37263469.0,5554200,0,6.71,6.75,6.65,6.71
000703,恒逸石化,10.49,-1.4097744360902287,-0.15000000000000036,547110244.89,51892037,0,10.68,10.81,10.31,10.64
000705,浙江震元,9.24,0.5440696409140447,0.05000000000000071,69365919.0,7544200,0,9.16,9.25,9.13,9.19
000707,双环科技,6.24,-0.319488817891367,-0.019999999999999574,50287343.0,8046400,0,6.26,6.29,6.22,6.26
000708,中信特钢,15.89,0.1260239445494729,0.02000000000000135,260170577.14,16412298,0,15.89,15.99,15.71,15.87
000709,河钢股份,2.39,0.0,0.0,341981331.24,142016724,0,2.39,2.46,2.38,2.39
000710,贝瑞基因,12.66,3.6006546644844475,0.4399999999999995,315761028.48,25216007,0,12.26,12.75,12.26,12.22
000711,ST京蓝,1.71,0.0,0.0,50886926.6,29744820,0,1.7,1.72,1.7,1.71
000712,锦龙股份,12.56,1.208702659145853,0.15000000000000036,280267052.8,22291651,0,12.45,12.71,12.43,12.41
000713,国投丰乐,6.78,0.2958579881656873,0.020000000000000462,77082022.06,11385178,0,6.73,6.8,6.73,6.76
000715,中兴商业,6.39,3.733766233766226,0.22999999999999954,223517049.04,35388284,0,6.14,6.41,6.12,6.16
000716,黑芝麻,6.29,0.0,0.0,145201208.0,23133709,0,6.29,6.3,6.25,6.29
000717,中南股份,2.61,-0.7604562737642593,-0.020000000000000018,85844277.05,32673417,0,2.62,2.67,2.6,2.63
000718,苏宁环球,2.39,0.0,0.0,100303483.98,42089961,0,2.38,2.41,2.36,2.39
000719,中原传媒,12.29,1.4026402640264022,0.16999999999999993,81122281.21,6638858,0,12.14,12.3,12.1,12.12
000720,新能泰山,3.33,0.0,0.0,46691981.16,14044843,0,3.33,3.34,3.3,3.33
000721,西安饮食,9.15,0.21905805038334691,0.019999999999999574,185068118.0,20273400,0,9.1,9.22,9.07,9.13
000722,湖南发展,12.09,0.08278145695364061,0.009999999999999787,110595200.48,9174028,0,12.08,12.11,11.97,12.08
000723,美锦能源,4.96,1.0183299389002,0.04999999999999982,425042709.64,85761880,0,4.9,5.0,4.87,4.91
000725,京东方Ａ,4.41,1.3793103448275978,0.0600000000000005,4769330499.41,1073467384,0,4.34,4.54,4.33,4.35
000726,鲁泰Ａ,7.2,0.6993006993006968,0.04999999999999982,77745099.16,10879383,0,7.15,7.2,7.1,7.15
000727,冠捷科技,2.64,0.3802281368821381,0.010000000000000231,232016716.0,87916400,0,2.62,2.66,2.62,2.63
000728,国元证券,8.63,1.4101057579318566,0.120000000000001,373193357.94,43512284,0,8.51,8.65,8.5,8.51
000729,燕京啤酒,12.2,0.24650780608052061,0.02999999999999936,192077838.52,15775442,0,12.15,12.28,12.1,12.17
000731,四川美丰,6.71,0.44910179640718934,0.03000000000000025,44325823.08,6596331,0,6.75,6.8,6.67,6.68
000733,振华科技,56.88,0.4592016955139617,0.2600000000000051,2432841499.15,42602566,0,57.0,58.58,55.88,56.62
000735,罗牛山,8.55,-1.041666666666665,-0.08999999999999986,540501359.61,63007944,0,8.57,8.67,8.5,8.64
000736,*ST中地,5.62,-0.530973451327438,-0.03000000000000025,46924582.58,8353978,0,5.67,5.68,5.58,5.65
000737,北方铜业,15.84,1.9961365099806858,0.3100000000000005,1415260495.46,89662431,0,15.38,15.99,15.33,15.53
000738,航发控制,23.33,1.8332605848974166,0.41999999999999815,1862584280.92,79593565,0,22.99,24.14,22.78,22.91
000739,普洛药业,16.37,0.4294478527607379,0.07000000000000028,114879999.4,7055880,0,16.29,16.38,16.17,16.3
000750,国海证券,4.29,0.46838407494146284,0.020000000000000462,374430791.99,87447685,0,4.26,4.31,4.26,4.27
000751,锌业股份,4.4,4.018912529550826,0.16999999999999993,442228063.68,101908390,0,4.25,4.43,4.22,4.23
000752,ST西发,10.96,3.0075187969924837,0.3200000000000003,84379092.54,7902626,0,10.63,11.07,10.4,10.64
000753,漳州发展,7.8,0.12836970474967632,0.009999999999999787,321704075.0,41034800,0,7.85,7.96,7.77,7.79
000755,山西高速,5.01,1.0080645161290287,0.04999999999999982,38339881.94,7684483,0,4.97,5.01,4.96,4.96
000756,新华制药,16.09,0.37429819089206934,0.05999999999999872,261069132.74,16314846,0,15.94,16.1,15.91,16.03
000757,浩物股份,4.91,-0.2032520325203209,-0.009999999999999787,48992453.0,10002200,0,4.92,4.93,4.86,4.92
000758,中色股份,7.03,2.7777777777777835,0.1900000000000004,591082969.3,84625137,0,6.8,7.04,6.79,6.84
000759,中百集团,8.19,4.066073697585761,0.3199999999999994,857137702.65,106194212,0,7.76,8.2,7.76,7.87
000761,本钢板材,3.35,-0.8875739644970357,-0.029999999999999805,51390585.29,15284300,0,3.38,3.42,3.32,3.38
000762,西藏矿业,28.01,1.1191335740072286,0.3100000000000023,702964438.63,25134957,0,27.4,28.31,27.36,27.7
000766,通化金马,25.34,0.9561752988047746,0.23999999999999844,639180678.92,25745522,0,24.89,25.39,24.24,25.1
000767,晋控电力,2.87,0.7017543859649129,0.020000000000000018,90634261.62,31690100,0,2.85,2.87,2.84,2.85
000768,中航西飞,29.97,0.570469798657712,0.16999999999999815,3758175132.28,124777395,0,30.0,30.78,29.45,29.8
000776,广发证券,22.31,0.22461814914643824,0.04999999999999716,1664480464.8,74785307,0,22.23,22.44,22.1,22.26
000777,中核科技,28.57,0.8115737473535654,0.23000000000000043,1428866619.58,50162726,0,28.52,29.2,27.8,28.34
000778,新兴铸管,4.25,0.23584905660376854,0.009999999999999787,271007484.61,63675590,0,4.24,4.29,4.22,4.24
000779,甘咨询,8.47,0.23668639053256038,0.02000000000000135,34068417.0,4025800,0,8.43,8.51,8.42,8.45
000782,恒申新材,5.06,-1.9379844961240413,-0.10000000000000053,101540999.0,20056500,0,5.18,5.19,4.98,5.16
000783,长江证券,8.64,2.1276595744680815,0.17999999999999972,977353270.07,113576538,0,8.47,8.8,8.44,8.46
000785,居然智家,2.98,0.6756756756756763,0.020000000000000018,186419921.26,62918464,0,2.95,2.98,2.94,2.96
000786,北新建材,25.87,0.03866976024749251,0.010000000000001563,405668080.83,15655057,0,26.09,26.33,25.73,25.86
000788,北大医药,6.55,0.0,0.0,181848441.03,27961702,0,6.56,6.56,6.45,6.55
000789,万年青,5.35,-0.3724394785847386,-0.020000000000000462,25389743.5,4737090,0,5.36,5.39,5.33,5.37
000790,华神科技,3.93,0.2551020408163324,0.010000000000000231,60012449.25,15313530,0,3.92,3.95,3.89,3.92
000791,甘肃能源,6.54,0.6153846153846159,0.040000000000000036,130601279.8,20053715,0,6.5,6.54,6.47,6.5
000792,盐湖股份,31.28,-0.6037496027963067,-0.18999999999999773,3227086569.01,103129153,0,31.01,31.6,30.98,31.47
000793,ST华闻,2.67,-1.1111111111111203,-0.03000000000000025,95848891.64,36004515,0,2.71,2.72,2.64,2.7
000795,英洛华,10.34,1.5717092337917498,0.16000000000000014,258965912.69,25125408,0,10.15,10.35,10.15,10.18
000796,凯撒旅业,6.61,0.15151515151516176,0.010000000000000675,603609866.64,91482543,0,6.56,6.65,6.54,6.6
000797,中国武夷,3.85,0.0,0.0,310994735.18,81268026,0,3.84,3.89,3.78,3.85
000798,中水渔业,12.28,7.43657042869641,0.8499999999999996,855410112.75,71265779,0,11.62,12.48,11.51,11.43
000799,酒鬼酒,56.97,0.760523523169437,0.4299999999999997,599450345.38,10526174,0,56.54,57.98,56.14,56.54
000800,一汽解放,6.83,0.2936857562408291,0.020000000000000462,123296430.24,18031988,0,6.81,6.88,6.8,6.81
000801,四川九洲,17.85,0.5067567567567559,0.08999999999999986,925933710.77,51697655,0,17.9,18.18,17.6,17.76
000802,500沪市,8160.968,2.034659863295771,162.73679999999968,272268340985.0,149520170,0,8019.8877,8165.7816,8018.8472,7998.2312
000803,山高环能,8.19,4.59770114942528,0.35999999999999943,445318649.4,53282916,0,8.08,8.61,8.02,7.83
000807,云铝股份,33.53,1.1768255884127958,0.39000000000000057,1932710781.3,57355065,0,32.7,34.19,32.7,33.14
000809,和展能源,3.44,0.2915451895043669,0.009999999999999787,96097531.0,28005350,0,3.43,3.48,3.39,3.43
000810,创维数字,12.51,1.2955465587044546,0.16000000000000014,219350508.52,17670782,0,12.4,12.51,12.28,12.35
000811,冰轮环境,16.21,-1.2187690432662968,-0.1999999999999993,702233235.27,43168977,0,16.43,16.49,16.11,16.41
000812,陕西金叶,4.77,0.8456659619450135,0.03999999999999915,111787991.76,23507922,0,4.74,4.78,4.72,4.73
000813,德展健康,3.99,0.5037783375314866,0.020000000000000018,190230704.37,48227961,0,3.85,3.99,3.85,3.97
000815,美利云,12.04,1.43218197135636,0.16999999999999993,249228577.0,20796000,0,11.8,12.1,11.8,11.87
000816,智慧农业,3.7,0.5434782608695656,0.020000000000000018,228819171.67,62147751,0,3.66,3.71,3.64,3.68
000818,航锦科技,21.08,2.92968749999999,0.5999999999999979,586161551.09,28011638,0,20.41,21.38,20.36,20.48
000819,有色金属,10131.1752,2.9062388929003657,286.1207999999988,110689983013.0,47586839,0,9763.9128,10188.4385,9763.9128,9845.0544
000820,*ST节能,3.73,5.070422535211272,0.18000000000000016,39341738.94,10584478,0,3.7,3.73,3.63,3.55
000821,京山轻机,13.98,-1.6185784658691094,-0.23000000000000043,603338325.52,43123827,0,14.15,14.2,13.81,14.21
000822,山东海化,5.53,-1.776198934280633,-0.09999999999999964,94458584.55,17046521,0,5.64,5.64,5.49,5.63
000823,800有色,11852.4021,3.262118431341325,374.4251999999997,107756462281.0,47359613,0,11392.3916,11911.5687,11392.3916,11477.9769
000825,太钢不锈,5.41,-0.5514705882352987,-0.03000000000000025,1477506543.38,265640091,0,5.54,5.76,5.4,5.44
000826,启迪环境,2.27,0.0,0.0,97030591.0,42923140,0,2.27,2.28,2.24,2.27
000828,300高贝,0.0,0.0,0.0,0.0,0,0,0.0,0.0,0.0,0.0
000829,天音控股,11.33,3.0000000000000004,0.33000000000000007,604167626.36,53497950,0,10.99,11.45,10.98,11.0
000830,鲁西化工,16.94,-0.8777062609713199,-0.14999999999999858,775893592.31,46244323,0,17.06,17.23,16.38,17.09
000831,中国稀土,52.04,3.9552536955653155,1.9799999999999969,3073897710.46,59570342,0,50.0,52.66,49.61,50.06
000833,粤桂股份,20.39,-0.3908158280410273,-0.0799999999999983,705258408.32,34789701,0,20.31,20.53,19.9,20.47
000837,秦川机床,13.32,0.3012048192771154,0.040000000000000924,377552616.84,28301648,0,13.2,13.47,13.14,13.28
000838,财信发展,3.17,-2.1604938271605025,-0.07000000000000028,218762532.64,69430483,0,3.14,3.21,3.08,3.24
000839,国安股份,2.72,1.8726591760299727,0.050000000000000266,127083552.89,47119790,0,2.66,2.72,2.66,2.67
000848,承德露露,8.56,0.3516998827667191,0.030000000000001137,93450670.02,10953216,0,8.51,8.56,8.51,8.53
000850,华茂股份,5.95,4.020979020979029,0.23000000000000043,251846932.26,43558409,0,5.7,6.02,5.59,5.72
000851,百发100,21746.4825,1.2740298576748161,273.5712999999996,76716708368.0,34061844,0,21528.4033,21757.6265,21504.1441,21472.9112
000852,中证1000,8129.1831,1.9769509683809947,157.59439999999995,705322959793.0,381043869,0,7969.19,8131.4905,7969.19,7971.5887
000856,500工业,8226.3288,2.307547402187975,185.54489999999896,204926954103.0,87263301,0,8107.6901,8290.0419,8099.3996,8040.7839
000858,500信息,11551.6937,1.6037636467380851,182.33759999999893,146106816348.0,35265627,0,11324.1177,11577.5933,11314.569,11369.3561
000859,国风新材,13.22,2.242846094354222,0.2900000000000009,3540576696.51,269000512,0,12.51,14.08,12.51,12.93
000860,顺鑫农业,14.87,0.33738191632927755,0.049999999999998934,131646855.37,8870870,0,14.82,14.92,14.75,14.82
000862,银星能源,6.06,0.1652892561983436,0.009999999999999787,106363489.22,17524980,0,6.04,6.11,6.01,6.05
000863,CS精准医,2977.5431,3.2494695082636174,93.70929999999998,28615040268.0,6663481,0,2889.9793,2981.0677,2889.6868,2883.8338
000868,安凯客车,5.05,0.0,0.0,63308430.85,12580095,0,5.05,5.06,5.0,5.05
000869,HK银行,4348.5445,0.10126733099834015,4.399199999999837,5734339003.0,5599006,0,4355.3577,4362.3477,4334.2538,4344.1453
000875,吉电股份,5.82,2.826855123674914,0.16000000000000014,425976321.86,73956554,0,5.66,5.85,5.65,5.66
000876,新希望,9.26,-0.10787486515641627,-0.009999999999999787,213000914.06,23032596,0,9.27,9.29,9.21,9.27
000877,天山股份,5.47,-0.3642987249544711,-0.020000000000000462,121819898.44,22295918,0,5.5,5.51,5.43,5.49
000878,云南铜业,22.18,6.532180595581169,1.3599999999999994,3475582308.34,158761002,0,20.55,22.55,20.53,20.82
000880,潍柴重机,32.95,7.328990228013041,2.2500000000000036,1770289811.68,54485774,0,30.71,33.48,30.71,30.7
000881,中广核技,9.31,-0.7462686567164208,-0.07000000000000028,316110626.2,33977344,0,9.35,9.41,9.18,9.38
000882,华联股份,2.09,1.456310679611641,0.029999999999999805,236871018.0,114262972,0,2.06,2.09,2.05,2.06
000883,湖北能源,4.58,0.4385964912280803,0.020000000000000462,87814095.52,19211442,0,4.57,4.58,4.55,4.56
000885,城发环境,13.96,0.14347202295553338,0.02000000000000135,60784023.15,4358837,0,13.94,14.03,13.87,13.94
000886,海南高速,6.58,1.3867488443759608,0.08999999999999986,253332905.95,38656836,0,6.49,6.58,6.47,6.49
000887,中鼎股份,23.09,1.006124234470693,0.23000000000000043,886120278.01,38298739,0,22.88,23.45,22.87,22.86
000888,峨眉山Ａ,13.25,0.0,0.0,144092924.18,10904717,0,13.22,13.33,13.16,13.25
000889,中嘉博创,3.58,0.2801120448179336,0.010000000000000231,61805183.5,17343285,0,3.59,3.61,3.53,3.57
000890,法尔胜,5.29,0.0,0.0,161221528.28,30659701,0,5.25,5.3,5.22,5.29
000892,欢瑞世纪,8.16,6.5274151436031325,0.5,877014997.0,110694300,0,7.57,8.24,7.49,7.66
000893,亚钾国际,50.9,-0.7216695923542121,-0.37000000000000455,573941714.3,11322070,0,51.04,51.27,49.91,51.27
000895,双汇发展,25.9,0.07727975270478969,0.019999999999999574,246837821.84,9550864,0,25.83,25.92,25.77,25.88
000897,津滨发展,2.31,-0.4310344827586115,-0.009999999999999787,83285400.6,36112600,0,2.31,2.33,2.29,2.32
000898,鞍钢股份,2.56,-0.3891050583657505,-0.009999999999999787,118128252.29,45962400,0,2.57,2.62,2.54,2.57
000899,赣能股份,10.22,0.2944062806673321,0.030000000000001137,107548507.36,10568908,0,10.21,10.23,10.11,10.19
000900,现代投资,4.13,0.48661800486616963,0.019999999999999574,58980534.6,14313901,0,4.12,4.14,4.1,4.11
000901,小康指数,6507.9128,0.4584442705487678,29.698999999999614,140622686376.0,94696639,0,6472.817,6531.1156,6472.817,6478.2138
000902,新洋丰,15.96,0.884955752212393,0.14000000000000057,208753709.16,13219036,0,15.84,16.03,15.57,15.82
000903,中证A100,4648.2797,0.47319421702621023,21.89180000000033,368624880451.0,124185804,0,4614.1699,4663.2387,4605.4507,4626.3879
000905,中证500,8056.6858,2.0538372529577265,162.14109999999982,631145879412.0,314624674,0,7907.8485,8064.7584,7907.8485,7894.5447
000906,中证800,5322.5458,0.8942327229757133,47.17410000000018,1299934690538.0,569312712,0,5268.428,5333.8255,5268.428,5275.3717
000908,*ST景峰,7.8,3.8615179760319576,0.29000000000000004,245320663.22,31649452,0,7.89,7.89,7.51,7.51
000909,ST数源,5.46,-1.0869565217391235,-0.05999999999999961,29948569.53,5465199,0,5.52,5.55,5.44,5.52
000910,大亚圣象,7.75,0.12919896640826598,0.009999999999999787,37661235.86,4874875,0,7.74,7.79,7.68,7.74
000911,广农糖业,7.51,0.8053691275167733,0.05999999999999961,55769241.99,7465500,0,7.45,7.53,7.42,7.45
000912,泸天化,4.26,0.4716981132075371,0.019999999999999574,53816171.97,12667839,0,4.24,4.27,4.21,4.24
000913,300医药,8730.4509,0.8275854183816908,71.65890000000036,20196743787.0,4183140,0,8672.5026,8747.1264,8641.0216,8658.792
000915,华特达因,33.27,-0.20995800839832116,-0.07000000000000028,153146681.41,4614911,0,33.44,33.44,33.0,33.34
000917,电广传媒,12.06,10.03649635036496,1.0999999999999996,3050026551.31,256922487,0,11.61,12.06,11.53,10.96
000919,金陵药业,7.85,1.4211886304909487,0.10999999999999943,134523817.02,17295111,0,7.72,7.9,7.69,7.74
000920,沃顿科技,12.79,-0.23400936037442382,-0.030000000000001137,93381929.48,7288821,0,12.78,12.93,12.69,12.82
000921,海信家电,24.73,0.20259319286872252,0.05000000000000071,261857447.46,10604438,0,24.66,24.78,24.64,24.68
000922,佳电股份,14.43,-0.48275862068965714,-0.07000000000000028,246653380.07,16944567,0,14.55,14.8,14.39,14.5
000923,河钢资源,22.86,0.6605019815059382,0.14999999999999858,430347461.16,18853050,0,22.42,23.29,22.35,22.71
000925,众合科技,9.22,2.2172949002217415,0.20000000000000107,459718043.78,49989158,0,9.21,9.34,9.09,9.02
000926,福星股份,2.32,-1.2765957446808616,-0.03000000000000025,96411689.0,41594300,0,2.35,2.35,2.3,2.35
000927,中国铁物,2.65,0.3787878787878707,0.009999999999999787,114547724.6,43260124,0,2.65,2.66,2.63,2.64
000928,中证能源,3023.9013,1.274774195765302,38.06269999999995,18925629991.0,23139343,0,3030.2594,3030.2594,2988.1388,2985.8386
000929,*ST兰黄,9.7,-0.10298661174048983,-0.010000000000001563,40240279.0,4143000,0,9.8,9.88,9.6,9.71
000930,中粮科技,5.98,1.1844331641286003,0.07000000000000028,115840088.29,19414118,0,5.93,6.02,5.89,5.91
000931,中关村,5.02,0.39999999999999153,0.019999999999999574,46420937.04,9289295,0,5.0,5.03,4.96,5.0
000932,中证消费,15414.9832,0.3715110818212866,57.056400000001304,22116571010.0,8256756,0,15383.3447,15463.5092,15336.5563,15357.9268
000933,中证医药,8627.8582,1.416463820609993,120.5036,42639594663.0,13727319,0,8518.7827,8635.8861,8515.4145,8507.3546
000935,中证信息,6879.9937,1.1224216937306772,76.36539999999968,342538517306.0,84455048,0,6754.4061,6886.0279,6715.9514,6803.6283
000936,华西股份,9.04,3.6697247706421847,0.3199999999999985,990496982.27,110449911,0,9.0,9.18,8.79,8.72
000937,冀中能源,5.5,0.5484460694698401,0.03000000000000025,128349232.36,23381673,0,5.47,5.51,5.43,5.47
000938,紫光股份,25.91,0.8563643441027592,0.21999999999999886,1734038494.56,67089946,0,25.6,26.06,25.48,25.69
000948,南天信息,18.66,0.053619302949070045,0.010000000000001563,309352024.04,16533703,0,18.45,18.99,18.45,18.65
000949,新乡化纤,6.06,-0.4926108374384277,-0.03000000000000025,398671629.92,65893497,0,6.11,6.18,5.97,6.09
000950,重药控股,6.31,5.872483221476505,0.34999999999999964,713935433.15,114699850,0,6.14,6.37,6.1,5.96
000951,中国重汽,16.89,0.5357142857142848,0.08999999999999986,208476574.08,12317411,0,16.82,17.04,16.82,16.8
000952,广济药业,8.49,2.6602176541717126,0.22000000000000064,260845753.66,31021598,0,8.23,8.64,8.23,8.27
000953,河化股份,7.35,0.8230452674897066,0.05999999999999961,65642843.31,8967201,0,7.28,7.38,7.28,7.29
000955,欣龙控股,5.92,0.0,0.0,160481931.09,27225421,0,5.91,5.95,5.83,5.92
000957,中通客车,11.39,-0.6108202443281001,-0.07000000000000028,232663284.0,20450100,0,11.49,11.49,11.3,11.46
000958,创业成长,0.0,0.0,0.0,0.0,0,0,0.0,0.0,0.0,0.0
000959,首钢股份,4.9,-2.9702970297029596,-0.14999999999999947,323726583.98,65358096,0,5.05,5.12,4.88,5.05
000960,锡业股份,33.82,7.8100095632770135,2.4499999999999993,1880181461.05,56886416,0,31.01,33.98,31.01,31.37
000962,东方钽业,37.4,5.649717514124294,2.0,2152129849.6,56788091,0,35.41,38.94,34.74,35.4
000963,华东医药,39.63,1.4852752880922033,0.5800000000000054,454420777.99,11576516,0,39.05,39.68,38.83,39.05
000965,天保基建,4.09,0.9876543209876552,0.040000000000000036,179353976.97,43851381,0,4.08,4.15,4.03,4.05
000966,基本400,0.0,0.0,0.0,0.0,0,0,0.0,0.0,0.0,0.0
000967,盈峰环境,7.13,-0.696378830083563,-0.04999999999999982,186703751.73,26190689,0,7.18,7.2,7.06,7.18
000968,蓝焰控股,7.0,1.1560693641618507,0.08000000000000007,101230741.93,14508801,0,6.99,7.03,6.93,6.92
000969,安泰科技,25.19,10.000000000000012,2.2900000000000027,2746456564.12,111108556,0,23.6,25.19,23.6,22.9
000970,中科三环,14.11,1.8037518037518039,0.25,533461891.4,37805964,0,13.87,14.19,13.87,13.86
000972,*ST中基,4.04,0.0,0.0,53763955.66,13434558,0,4.04,4.05,3.95,4.04
000973,佛塑科技,13.95,-1.0638297872340452,-0.15000000000000036,851112803.41,61105951,0,14.0,14.14,13.69,14.1
000975,山金国际,25.44,2.995951417004057,0.740000000000002,993063345.2,39229723,0,24.5,25.63,24.49,24.7
000977,浪潮信息,68.9,2.651966626936831,1.7800000000000011,4922133411.2,71967949,0,66.63,69.43,66.2,67.12
000978,桂林旅游,7.16,0.5617977528089892,0.040000000000000036,76440391.83,10739091,0,7.13,7.17,7.06,7.12
000980,众泰汽车,3.63,3.1249999999999964,0.10999999999999988,674451869.56,188894945,0,3.51,3.73,3.46,3.52
000981,山子高科,4.66,-1.2711864406779578,-0.05999999999999961,6373324476.08,1359471776,0,4.66,4.8,4.6,4.72
000983,山西焦煤,6.99,-2.3743016759776525,-0.16999999999999993,569240886.36,81391837,0,7.05,7.05,6.94,7.16
000985,大庆华科,19.82,-0.10080645161290108,-0.019999999999999574,83285866.89,4167894,0,20.22,20.78,19.67,19.84
000987,全指材料,5350.4167,1.8797307667429188,98.71779999999944,224346245183.0,121039207,0,5231.1063,5378.7539,5231.1063,5251.6989
000988,华工科技,83.03,0.8869987849331762,0.730000000000004,5998983447.58,73154584,0,81.55,84.19,78.96,82.3
000989,全指可选,5724.1183,1.1572922031995205,65.48689999999988,114263818114.0,53708940,0,5663.052,5736.152,5662.8309,5658.6314
000990,全指消费,0.0,0.0,0.0,0.0,0,0,0.0,0.0,0.0,0.0
000993,全指信息,9114.28,1.1408838354179245,102.8104000000003,385681809898.0,99192865,0,8946.6071,9121.0514,8899.4748,9011.4696
000995,皇台酒业,12.84,1.3417521704814517,0.16999999999999993,117594996.72,9161696,0,12.75,12.92,12.73,12.67
000997,新大陆,28.05,1.373328514636787,0.379999999999999,451614654.49,16227517,0,27.66,28.07,27.46,27.67
000998,中证TMT,0.0,0.0,0.0,0.0,0,0,0.0,0.0,0.0,0.0
000999,华润三九,29.1,0.2756719503790553,0.08000000000000185,274608914.96,9477518,0,28.92,29.16,28.83,29.02
001201,东瑞股份,14.75,0.20380434782608262,0.02999999999999936,38865648.08,2637829,0,14.76,14.8,14.67,14.72
001202,炬申股份,16.06,-0.6188118811881276,-0.10000000000000142,38063070.6,2378330,0,16.16,16.21,15.83,16.16
001203,大中矿业,27.92,-0.8874689385871495,-0.25,901747712.97,32225444,0,27.7,28.49,27.54,28.17
001205,盛航股份,16.66,0.36144578313252235,0.05999999999999872,77516493.32,4699204,0,16.6,16.67,16.35,16.6
001206,依依股份,29.06,0.7977800901838379,0.23000000000000043,89609474.22,3104942,0,28.88,29.08,28.73,28.83
001207,联科科技,24.41,-1.0940032414910843,-0.2699999999999996,108961779.66,4437774,0,24.68,24.86,24.37,24.68
001208,华菱线缆,29.0,2.0767335445265744,0.5899999999999999,4438051992.13,148041073,0,31.25,31.25,28.8,28.41
001209,洪兴股份,21.03,0.6220095693780028,0.13000000000000256,63725348.0,3055380,0,20.83,21.04,20.69,20.9
001210,金房能源,21.38,-0.8348794063079765,-0.17999999999999972,112257195.61,5277394,0,21.57,21.58,20.99,21.56
001211,双枪科技,27.18,1.0033444816053496,0.2699999999999996,70347292.0,2607500,0,26.8,27.3,26.75,26.91
001212,中旗新材,52.17,1.065478496706711,0.5500000000000043,298901386.38,5749094,0,51.19,52.8,50.6,51.62
001213,中铁特货,4.11,0.4889975550122362,0.020000000000000462,51904167.87,12662617,0,4.09,4.12,4.08,4.09
001215,千味央厨,47.17,5.008904719501336,2.25,387769600.7,8327000,0,44.96,47.7,44.96,44.92
001216,华瓷股份,17.88,2.113078241005125,0.36999999999999744,195015545.0,10970360,0,17.52,18.06,17.47,17.51
001217,华尔泰,13.43,0.5239520958083854,0.07000000000000028,213460843.0,15995210,0,13.28,13.55,13.2,13.36
001218,丽臣实业,23.27,0.3882657463330451,0.08999999999999986,32882613.2,1419760,0,23.34,23.34,22.97,23.18
001219,青岛食品,14.69,3.2326071679550177,0.4599999999999991,93109421.54,6447664,0,14.23,14.73,14.18,14.23
001222,源飞宠物,23.04,0.04342162396872779,0.00999999999999801,40150248.76,1746135,0,23.1,23.11,22.9,23.03
001223,欧克科技,54.32,0.760526803932487,0.4100000000000037,70121749.8,1290420,0,54.44,54.98,53.71,53.91
001225,和泰机电,73.59,0.20424836601307964,0.15000000000000568,165481800.71,2313019,0,73.91,74.38,69.35,73.44
001226,拓山重工,44.95,-0.6190581472473891,-0.27999999999999403,76582133.0,1710900,0,45.35,45.54,44.0,45.23
001227,兰州银行,2.34,0.429184549356214,0.009999999999999787,99861621.27,42798819,0,2.33,2.34,2.32,2.33
001228,永泰运,26.7,1.559528337771016,0.41000000000000014,70690315.0,2661700,0,26.61,26.92,26.16,26.29
001229,魅视科技,41.35,-1.3597328244274816,-0.5700000000000003,167541107.15,4029305,0,42.62,42.65,40.81,41.92
001230,劲旅环境,23.17,0.0,0.0,50467756.76,2176188,0,23.17,23.35,23.06,23.17
001231,农心科技,25.2,-5.899925317401053,-1.5800000000000018,301931281.34,12010590,0,25.19,25.57,24.78,26.78
001234,泰慕士,27.85,-0.4290311047550856,-0.11999999999999744,66626488.3,2401385,0,27.95,28.02,27.45,27.97
001236,弘业期货,10.81,1.217228464419483,0.13000000000000078,137865468.4,12763345,0,10.67,10.89,10.67,10.68
001238,浙江正特,54.66,6.301050175029162,3.239999999999995,89737444.48,1671472,0,51.42,54.96,51.42,51.42
001239,永达股份,16.52,0.06056935190792253,0.00999999999999801,71851538.95,4358045,0,16.54,16.6,16.33,16.51
001255,博菲电气,34.28,0.05837711617047031,0.020000000000003126,134311981.9,3947622,0,34.29,34.29,33.6,34.26
001256,炜冈科技,21.56,0.09285051067780675,0.019999999999999574,34511551.83,1605239,0,21.51,21.67,21.34,21.54
001258,立新能源,7.37,0.9589041095890449,0.07000000000000028,92705517.92,12640678,0,7.3,7.37,7.27,7.3
001259,利仁科技,29.05,1.1138183083884452,0.3200000000000003,46733484.0,1616000,0,28.73,29.23,28.58,28.73
001260,坤泰股份,19.95,0.4026170105686879,0.0799999999999983,25904334.0,1301800,0,19.91,20.01,19.71,19.87
001266,宏英智能,34.6,0.6984866123399359,0.240000000000002,264395386.73,7698946,0,34.02,34.8,33.85,34.36
001267,汇绿生态,23.45,-0.635593220338992,-0.15000000000000213,1709490964.95,74135438,0,22.52,24.64,21.81,23.6
001268,联合精密,34.88,-0.6550840216462457,-0.22999999999999687,103064707.1,2968910,0,35.28,35.3,34.01,35.11
001269,欧晶科技,24.0,-1.1124845488257091,-0.2699999999999996,69092562.62,2879224,0,24.18,24.35,23.75,24.27
001270,*ST铖昌,116.99,4.999102495063717,5.569999999999993,71818757.12,613888,0,116.99,116.99,116.99,111.42
001277,速达股份,40.38,0.9500000000000064,0.38000000000000256,49440596.0,1233100,0,40.05,40.38,39.73,40.0
001278,一彬科技,19.17,-1.1855670103092624,-0.22999999999999687,55924960.0,2910500,0,19.49,19.51,18.96,19.4
001279,强邦新材,35.23,0.6571428571428483,0.22999999999999687,30701113.24,877260,0,34.99,35.26,34.83,35.0
001282,三联锻造,21.42,0.46904315196998786,0.10000000000000142,76161106.13,3563181,0,21.33,21.49,21.19,21.32
001283,豪鹏科技,72.75,1.705578079127637,1.2199999999999989,291376892.47,4037219,0,71.53,72.98,70.86,71.53
001286,陕西能源,9.84,2.821316614420058,0.2699999999999996,297584125.18,30707632,0,9.57,9.89,9.48,9.57
001287,中电港,23.54,-0.2542372881356028,-0.060000000000002274,558987657.02,23799915,0,23.45,23.69,23.29,23.6
001288,运机集团,32.09,0.28125000000001066,0.09000000000000341,114248761.32,3585260,0,31.89,32.5,31.37,32.0
001289,龙源电力,15.45,0.19455252918287524,0.02999999999999936,73534160.38,4761627,0,15.58,15.58,15.37,15.42
001296,长江材料,28.25,5.018587360594801,1.3500000000000014,412494666.67,14657793,0,26.99,28.89,26.99,26.9
001298,好上好,30.72,-0.06506180871828099,-0.019999999999999574,292076300.45,9559024,0,30.51,30.72,30.33,30.74
001299,美能能源,12.86,0.5473025801407372,0.07000000000000028,125908409.8,9861460,0,12.76,12.86,12.63,12.79
001300,三柏硕,16.78,0.7807807807807962,0.13000000000000256,98722265.4,5904707,0,16.69,17.09,16.37,16.65
001301,尚太科技,84.9,3.8278097101626636,3.1300000000000097,417396875.8,4970345,0,81.98,84.96,81.7,81.77
001306,夏厦精密,85.77,-0.26744186046512086,-0.23000000000000398,117869582.95,1371725,0,85.76,86.78,85.12,86.0
001308,康冠科技,21.42,0.5633802816901454,0.120000000000001,51148653.37,2395026,0,21.31,21.45,21.21,21.3
001309,德明利,235.05,-1.9849047162336813,-4.759999999999991,2554571173.23,10916515,0,236.66,237.35,230.0,239.81
001311,多利科技,33.46,-0.11940298507462432,-0.03999999999999915,373082080.09,11180851,0,34.38,36.5,32.5,33.5
001313,粤海饲料,7.33,-0.27210884353740916,-0.019999999999999574,83965311.72,11533899,0,7.36,7.36,7.22,7.35
001314,亿道信息,45.39,0.866666666666668,0.39000000000000057,109885642.9,2429570,0,45.2,45.4,44.84,45.0
001316,润贝航科,41.26,4.5880861850443475,1.8099999999999952,344637485.01,8541983,0,39.66,42.69,38.98,39.45
001317,三羊马,54.52,-0.1465201465201434,-0.0799999999999983,386935131.69,7034171,0,54.33,55.84,53.94,54.6
001318,阳光乳业,15.73,1.1575562700964612,0.17999999999999972,127573540.57,8174233,0,15.5,15.75,15.46,15.55
001319,铭科精技,27.25,0.8885597926693758,0.23999999999999844,89232215.93,3289155,0,27.05,27.3,26.89,27.01
001322,箭牌家居,8.58,-0.6944444444444501,-0.0600000000000005,49042268.0,5715100,0,8.65,8.69,8.51,8.64
001323,慕思股份,25.77,-0.5019305019304982,-0.129999999999999,42832912.64,1669710,0,25.71,25.87,25.46,25.9
001324,长青科技,18.95,-2.420185375901145,-0.4700000000000024,125543495.36,6611500,0,19.1,19.38,18.83,19.42
001326,联域股份,51.71,0.5444293214077409,0.28000000000000114,81969273.66,1613063,0,52.15,52.15,50.2,51.43
001328,登康口腔,39.19,1.7922077922077864,0.6899999999999977,58844829.51,1497302,0,38.5,39.95,38.3,38.5
001330,博纳影业,8.0,1.9108280254777117,0.15000000000000036,975324348.79,122813593,0,7.83,8.08,7.8,7.85
001331,胜通能源,58.55,-2.4816788807461725,-1.490000000000002,1810597540.83,31482018,0,59.0,65.0,54.1,60.04
001332,锡装股份,63.43,0.987103964336885,0.6199999999999974,225970531.24,3590101,0,63.02,64.66,61.53,62.81
001333,光华股份,22.31,-0.17897091722596284,-0.0400000000000027,86991899.15,3903035,0,22.37,22.49,22.13,22.35
001336,楚环科技,25.69,-0.3104384943732957,-0.0799999999999983,80754660.79,3152703,0,25.72,25.84,25.42,25.77
001337,四川黄金,29.55,2.925809822361546,0.8399999999999999,434021324.47,14835205,0,28.65,29.58,28.61,28.71
001338,永顺泰,12.36,1.0629599345870728,0.129999999999999,98942424.13,8031114,0,12.21,12.42,12.19,12.23
001339,智微智能,54.18,1.4796778422925625,0.7899999999999991,361994740.84,6738084,0,53.04,54.62,52.74,53.39
001356,富岭股份,13.3,0.45317220543807024,0.0600000000000005,57710222.1,4340395,0,13.24,13.35,13.2,13.24
001358,兴欣新材,26.18,-0.19062142584826805,-0.05000000000000071,31843572.97,1216562,0,26.59,26.65,25.82,26.23
001359,平安电工,69.94,-0.7520930892578419,-0.5300000000000011,107467010.09,1536497,0,70.03,70.45,69.6,70.47
001360,南矿集团,23.38,3.9573143619386424,0.8900000000000006,244233217.34,10513011,0,22.81,24.03,22.7,22.49
001366,播恩集团,13.21,0.3799392097264492,0.05000000000000071,37312639.0,2837100,0,13.17,13.24,13.03,13.16
001367,海森药业,22.72,0.9777777777777727,0.21999999999999886,29317201.93,1299756,0,22.58,22.78,22.39,22.5
001368,通达创智,24.86,0.8928571428571384,0.21999999999999886,39994553.24,1618793,0,24.64,24.93,24.51,24.64
001373,翔腾新材,38.46,10.011441647597254,3.5,153874525.79,4159602,0,35.1,38.46,34.68,34.96
001376,百通能源,16.9,-2.481246393537217,-0.4299999999999997,260076764.63,15346700,0,17.24,17.45,16.65,17.33
001378,德冠新材,23.69,0.509121764955456,0.120000000000001,40483671.4,1722689,0,23.57,23.69,23.33,23.57
001379,腾达科技,24.9,-0.36014405762304863,-0.08999999999999986,326724314.96,13109529,0,25.12,25.2,24.58,24.99
001380,华纬科技,23.35,-0.29888983774551786,-0.07000000000000028,76051465.74,3258061,0,23.38,23.54,23.15,23.42
001382,新亚电缆,20.77,-0.04812319538018076,-0.010000000000001563,62442988.64,3010098,0,20.8,20.82,20.67,20.78
001387,雪祺电气,14.19,0.2118644067796565,0.02999999999999936,66134245.19,4674710,0,14.21,14.26,14.02,14.16
001389,广合科技,81.9,0.11001100110011416,0.09000000000000341,512360037.18,6291813,0,81.51,82.79,79.31,81.81
001391,国货航,5.97,0.0,0.0,141644861.02,23748250,0,5.96,5.98,5.95,5.97
001395,亚联机械,43.73,0.16032982134677115,0.07000000000000028,55838889.88,1284568,0,43.88,43.88,43.22,43.66
001696,宗申动力,22.48,0.31236055332441004,0.07000000000000028,620200205.74,27546866,0,22.57,22.68,22.31,22.41
001872,招商港口,19.31,0.1556016597510248,0.029999999999997584,49881681.16,2584504,0,19.29,19.35,19.27,19.28
001896,豫能控股,5.46,0.0,0.0,125076568.0,22899500,0,5.47,5.54,5.41,5.46
001914,招商积余,11.32,1.3428827215756522,0.15000000000000036,109832452.0,9758500,0,11.17,11.34,11.14,11.17
001965,招商公路,9.8,0.20449897750512627,0.02000000000000135,105612757.5,10792103,0,9.78,9.81,9.76,9.78
001979,招商蛇口,9.18,1.1013215859030798,0.09999999999999964,682956921.46,74463593,0,9.08,9.31,9.04,9.08
002001,新和成,25.55,-1.5034695451040885,-0.39000000000000057,755307130.59,29475764,0,25.83,25.9,25.45,25.94
002003,伟星股份,10.4,0.7751937984496131,0.08000000000000007,101627524.7,9846427,0,10.29,10.43,10.22,10.32
002004,华邦健康,4.89,0.41067761806980646,0.019999999999999574,128597432.55,26434900,0,4.86,4.89,4.83,4.87
002005,ST德豪,2.76,4.942965779467677,0.1299999999999999,37243801.02,13631432,0,2.69,2.76,2.66,2.63
002006,精工科技,23.34,-0.46908315565031744,-0.10999999999999943,824503559.55,35191574,0,23.46,23.79,23.18,23.45
002007,华兰生物,15.65,0.7078507078507157,0.11000000000000121,227906748.15,14578232,0,15.56,15.71,15.56,15.54
002008,大族激光,44.4,4.05437075228497,1.7299999999999969,3223300013.2,71158680,0,42.55,46.94,42.33,42.67
002009,天奇股份,22.3,2.2466758367721322,0.490000000000002,1959525036.21,87257277,0,21.78,23.24,21.78,21.81
002010,传化智联,6.28,1.6181229773462869,0.10000000000000053,344831949.32,55087698,0,6.18,6.31,6.18,6.18
002011,盾安环境,13.0,0.46367851622875195,0.0600000000000005,226568796.7,17472032,0,12.94,13.06,12.86,12.94
002012,凯恩股份,6.37,0.3149606299212671,0.020000000000000462,88733815.5,14043770,0,6.36,6.41,6.27,6.35
002014,永新股份,11.79,-0.08474576271187766,-0.010000000000001563,33698694.79,2865369,0,11.82,11.82,11.71,11.8
002015,协鑫能科,10.47,1.551891367604269,0.16000000000000014,295782055.22,28343652,0,10.28,10.53,10.28,10.31
002016,世荣兆业,5.89,0.0,0.0,59506763.9,10148085,0,5.87,5.92,5.81,5.89
002017,东信和平,25.19,10.000000000000012,2.2900000000000027,1449466304.68,58604855,0,23.11,25.19,22.9,22.9
002019,亿帆医药,12.88,1.0989010989011034,0.14000000000000057,216250944.03,16929248,0,12.76,12.93,12.64,12.74
002020,京新药业,20.32,0.14785608674224318,0.030000000000001137,274419927.2,13648328,0,20.21,20.35,19.81,20.29
002021,中捷资源,2.72,-1.449275362318826,-0.03999999999999959,194300955.94,71520720,0,2.76,2.77,2.68,2.76
002022,科华生物,6.18,0.9803921568627386,0.05999999999999961,46601012.24,7579372,0,6.12,6.2,6.1,6.12
002023,海特高新,14.85,-1.2632978723404222,-0.1899999999999995,2355188090.67,155575633,0,15.7,15.84,14.66,15.04
002024,ST易购,1.67,-1.1834319526627228,-0.020000000000000018,70835215.01,42259048,0,1.69,1.69,1.66,1.69
002025,航天电器,65.76,4.397523416415309,2.770000000000003,5266744231.93,79283714,0,67.0,68.97,64.02,62.99
002026,山东威达,14.89,-1.0631229235880408,-0.16000000000000014,305197262.53,20346600,0,15.0,15.35,14.81,15.05
002027,分众传媒,7.71,1.1811023622047225,0.08999999999999986,1181077210.42,154676003,0,7.57,7.74,7.55,7.62
002028,思源电气,159.55,4.356072993655586,6.660000000000025,1484756165.21,9429934,0,152.01,160.1,151.0,152.89
002029,七匹狼,14.04,10.03134796238244,1.2799999999999994,841976261.38,64103093,0,12.76,14.04,12.44,12.76
002030,达安基因,6.36,2.2508038585209094,0.14000000000000057,166855287.93,26364400,0,6.23,6.38,6.22,6.22
002031,巨轮智能,8.22,-0.6045949214026474,-0.049999999999998934,1959976669.25,238939138,0,8.07,8.37,8.05,8.27
002032,苏泊尔,44.27,0.27180067950170905,0.12000000000000455,103691818.05,2345740,0,44.15,44.34,44.06,44.15
002033,丽江股份,9.3,0.6493506493506547,0.0600000000000005,128878383.18,13957837,0,9.22,9.3,9.19,9.24
002034,旺能环境,16.22,0.24721878862793045,0.03999999999999915,42059883.0,2596500,0,16.18,16.24,16.15,16.18
002035,华帝股份,6.26,0.0,0.0,40295373.42,6448046,0,6.25,6.27,6.22,6.26
002036,联创电子,12.26,0.5742411812961468,0.07000000000000028,1196121625.53,97173984,0,12.16,12.54,12.11,12.19
002037,保利联合,9.72,1.5673981191222608,0.15000000000000036,121466366.81,12525511,0,9.7,9.76,9.63,9.57
002038,双鹭药业,7.85,0.8997429305912519,0.0699999999999994,220350882.1,28248470,0,7.77,7.85,7.73,7.78
002039,黔源电力,18.0,0.16694490818030683,0.030000000000001137,63835998.94,3544793,0,17.97,18.09,17.92,17.97
002040,南京港,10.03,0.2999999999999936,0.02999999999999936,106174929.87,10617283,0,9.97,10.07,9.94,10.0
002041,登海种业,9.79,1.1363636363636305,0.10999999999999943,135039046.79,13815424,0,9.68,9.84,9.67,9.68
002042,华孚时尚,4.32,0.4651162790697782,0.020000000000000462,134931447.73,31346699,0,4.29,4.33,4.27,4.3
002043,兔宝宝,13.59,-0.5124450951683769,-0.07000000000000028,135857740.64,9956438,0,13.68,14.17,13.47,13.66
002044,美年健康,6.13,10.05385996409335,0.5599999999999996,1024520841.95,169287077,0,5.77,6.13,5.76,5.57
002045,国光电器,14.77,2.002762430939221,0.28999999999999915,346440686.45,23598132,0,14.55,14.78,14.47,14.48
002046,国机精工,46.39,10.007114062129473,4.219999999999999,1854656538.47,40456291,0,43.73,46.39,43.59,42.17
002047,*ST宝鹰,4.0,2.3017902813299194,0.08999999999999986,118300811.28,29666824,0,3.95,4.06,3.93,3.91
002048,宁波华翔,30.42,1.535380507343127,0.46000000000000085,654779895.07,21469000,0,29.97,30.89,29.97,29.96
002049,紫光国微,0.0,-100.0,-78.81,0.0,0,0,0.0,0.0,0.0,78.81
002050,三花智控,57.14,5.094721353687701,2.770000000000003,15843319380.6,279907141,0,54.21,57.88,54.18,54.37
002051,中工国际,8.83,-0.897867564534232,-0.08000000000000007,134541309.24,15207388,0,8.9,8.97,8.79,8.91
002052,同洲电子,13.56,5.525291828793781,0.7100000000000009,712957256.29,52709571,0,12.79,13.99,12.75,12.85
002053,云南能投,11.89,0.4222972972973033,0.05000000000000071,93754173.17,7888207,0,11.8,11.95,11.79,11.84
002054,德美化工,7.78,-1.5189873417721533,-0.1200000000000001,163722945.5,21035005,0,7.82,7.9,7.72,7.9
002055,ST得润,5.67,-1.9031141868512167,-0.11000000000000032,1021225381.52,185041148,0,5.49,5.73,5.49,5.78
002056,横店东磁,20.26,1.097804391217577,0.22000000000000242,541476559.64,26739064,0,19.94,20.47,19.91,20.04
002057,中钢天源,10.7,0.943396226415091,0.09999999999999964,213362797.57,19961710,0,10.6,10.76,10.54,10.6
002058,*ST威尔,24.79,0.4864207539521582,0.11999999999999744,67807416.85,2755908,0,24.47,24.88,24.31,24.67
002059,云南旅游,5.43,0.0,0.0,116969003.0,21592000,0,5.42,5.45,5.39,5.43
002060,广东建工,3.67,0.5479452054794526,0.020000000000000018,66805727.8,18228580,0,3.66,3.68,3.64,3.65
002061,浙江交科,4.04,0.4975124378109568,0.020000000000000462,91811902.76,22795708,0,4.03,4.04,4.01,4.02
002062,宏润建设,9.14,-1.720430107526883,-0.16000000000000014,288685478.69,31685727,0,9.17,9.29,9.03,9.3
002063,远光软件,6.41,1.7460317460317514,0.11000000000000032,361070699.56,56802861,0,6.29,6.41,6.26,6.3
002064,华峰化学,12.0,2.214650766609879,0.2599999999999998,477663314.26,40250107,0,11.9,12.04,11.6,11.74
002065,东华软件,9.86,2.2821576763485356,0.21999999999999886,1053319705.83,107922513,0,9.6,9.87,9.55,9.64
002066,瑞泰科技,18.93,-1.200417536534449,-0.23000000000000043,88105560.82,4623002,0,19.18,19.31,18.86,19.16
002067,景兴纸业,5.56,0.907441016333935,0.04999999999999982,423810505.11,76260981,0,5.53,5.61,5.5,5.51
002068,黑猫股份,9.19,-0.969827586206895,-0.08999999999999986,147411105.61,16053394,0,9.3,9.39,9.1,9.28
002069,獐子岛,3.85,1.0498687664042003,0.040000000000000036,76304994.0,19998050,0,3.81,3.86,3.76,3.81
002072,凯瑞德,7.71,-4.2236024844720585,-0.34000000000000075,121443793.86,15643831,0,8.02,8.06,7.6,8.05
002073,软控股份,8.35,0.11990407673860656,0.009999999999999787,250153234.0,29990400,0,8.37,8.39,8.27,8.34
002074,国轩高科,41.03,0.8851733464470111,0.35999999999999943,1892456484.0,46095351,0,40.69,41.6,40.31,40.67
002075,沙钢股份,5.77,0.5226480836236822,0.02999999999999936,246517506.94,42591697,0,5.75,5.85,5.73,5.74
002076,*ST星光,2.24,0.9009009009009016,0.020000000000000018,51343045.0,23130500,0,2.22,2.24,2.2,2.22
002077,大港股份,15.63,1.2961762799740835,0.20000000000000107,408144851.15,26251998,0,15.43,15.73,15.35,15.43
002078,太阳纸业,15.7,-1.3819095477386976,-0.22000000000000064,473165460.78,30126591,0,15.98,16.05,15.5,15.92
002079,苏州固锝,9.89,0.7128309572301454,0.07000000000000028,227792355.06,23130883,0,9.85,9.93,9.75,9.82
002080,中材科技,37.06,0.35201733008394953,0.13000000000000256,2002042080.54,54505301,0,36.93,37.33,35.81,36.93
002081,金螳螂,3.61,-0.2762430939226583,-0.010000000000000231,163745211.49,45477575,0,3.62,3.64,3.57,3.62
002082,万邦德,15.05,4.659248956884561,0.6699999999999999,289921216.68,19558300,0,14.49,15.28,14.25,14.38
002083,孚日股份,13.11,-2.7448071216617285,-0.370000000000001,1725054443.39,129784948,0,13.23,13.75,13.0,13.48
002084,海鸥住工,4.01,-0.24875621890546734,-0.009999999999999787,103400391.23,25918464,0,4.02,4.04,3.95,4.02
002085,万丰奥威,16.48,0.9185548071035037,0.15000000000000213,893201637.62,54276604,0,16.45,16.6,16.3,16.33
002086,东方海洋,2.41,1.2605042016806827,0.03000000000000025,142250653.0,59421400,0,2.39,2.41,2.37,2.38
002088,鲁阳节能,11.35,6.773283160865463,0.7199999999999989,149088531.04,13413048,0,10.63,11.57,10.61,10.63
002090,金智科技,12.92,4.36187399030694,0.5399999999999991,648989764.1,49819400,0,12.38,13.6,12.38,12.38
002091,江苏国泰,9.05,0.33259423503327207,0.030000000000001137,222304834.78,24591032,0,9.01,9.09,8.98,9.02
002092,中泰化学,5.35,-0.3724394785847386,-0.020000000000000462,464659188.5,86723350,0,5.37,5.46,5.31,5.37
002093,国脉科技,12.12,1.2531328320801887,0.14999999999999858,513406935.03,42610661,0,11.95,12.12,11.92,11.97
002094,青岛金王,7.6,0.39630118890355825,0.02999999999999936,223362911.35,29458416,0,7.5,7.63,7.48,7.57
002095,生意宝,18.78,1.2944983818770335,0.240000000000002,130759951.01,7005689,0,18.5,18.89,18.46,18.54
002096,易普力,13.5,0.07412898443291169,0.009999999999999787,97201316.0,7219400,0,13.48,13.54,13.39,13.49
002097,山河智能,12.68,0.5551149881046811,0.07000000000000028,623937177.81,49250627,0,12.61,12.78,12.54,12.61
002098,浔兴股份,10.09,1.4070351758794029,0.14000000000000057,135286822.09,13557583,0,9.94,10.11,9.89,9.95
002099,海翔药业,7.18,4.664723032069961,0.3199999999999994,510316923.33,70496095,0,7.01,7.43,7.0,6.86
002100,天康生物,7.31,-0.40871934604904975,-0.03000000000000025,193154626.76,26431545,0,7.34,7.38,7.27,7.34
002101,广东鸿图,12.49,0.8885298869143734,0.10999999999999943,121702298.0,9759200,0,12.37,12.6,12.35,12.38
002102,能特科技,3.45,0.2906976744186114,0.010000000000000231,133389335.0,38794700,0,3.44,3.48,3.4,3.44
002103,广博股份,9.48,2.931596091205207,0.2699999999999996,268801436.6,28705044,0,9.18,9.48,9.18,9.21
002104,恒宝股份,19.87,2.475502836513669,0.4800000000000004,1332787469.72,67423214,0,19.35,19.98,19.3,19.39
002105,信隆健康,7.37,0.9589041095890449,0.07000000000000028,89350514.01,12170530,0,7.3,7.39,7.25,7.3
002106,莱宝高科,11.2,0.35842293906809275,0.03999999999999915,134948458.31,12073305,0,11.16,11.26,11.1,11.16
002107,沃华医药,7.36,3.2258064516129092,0.23000000000000043,205389015.43,28242878,0,7.13,7.43,7.13,7.13
002108,沧州明珠,5.12,2.811244979919672,0.13999999999999968,600261061.93,117773812,0,4.97,5.23,4.95,4.98
002109,兴化股份,3.79,1.6085790884718514,0.06000000000000005,75484887.85,19896391,0,3.72,3.87,3.71,3.73
002110,三钢闽光,4.37,-0.9070294784580506,-0.040000000000000036,162303240.84,36963189,0,4.4,4.49,4.34,4.41
002111,威海广泰,10.75,0.4672897196261749,0.05000000000000071,151037415.2,14066920,0,10.7,10.84,10.6,10.7
002112,三变科技,15.65,2.421465968586394,0.370000000000001,1032734144.19,66337910,0,15.46,15.97,15.24,15.28
002114,罗平锌电,9.12,3.1674208144796308,0.27999999999999936,232960128.98,25780637,0,8.87,9.14,8.83,8.84
002115,三维通信,14.72,10.014947683109117,1.3399999999999999,3142442502.46,226856330,0,13.37,14.72,13.34,13.38
002116,中国海诚,10.48,0.09551098376313072,0.009999999999999787,66441421.0,6360000,0,10.47,10.49,10.4,10.47
002117,东港股份,12.1,0.16556291390728123,0.019999999999999574,220584978.7,18252980,0,12.08,12.17,12.02,12.08
002119,康强电子,18.68,5.656108597285068,1.0,1275119454.48,68866012,0,17.54,19.45,17.46,17.68
002120,韵达股份,6.93,0.8733624454148414,0.05999999999999961,206481332.3,29978259,0,6.88,6.93,6.85,6.87
002121,科陆电子,8.13,-0.6112469437652682,-0.049999999999998934,400556606.46,48980187,0,8.19,8.32,8.07,8.18
002122,ST汇洲,3.03,-0.6557377049180334,-0.020000000000000018,98591476.25,32395875,0,3.05,3.07,3.02,3.05
002123,梦网科技,13.68,4.827586206896544,0.629999999999999,1245784518.54,92740682,0,12.98,13.79,12.95,13.05
002124,天邦食品,2.76,-0.3610108303249181,-0.010000000000000231,100344446.95,36384099,0,2.76,2.78,2.75,2.77
002125,湘潭电化,14.5,1.2569832402234618,0.17999999999999972,388481492.19,26892705,0,14.32,14.66,14.2,14.32
002126,银轮股份,40.15,-1.5207260240372933,-0.6200000000000045,1373657476.91,34036774,0,40.04,41.4,39.66,40.77
002127,南极电商,3.31,2.1604938271604888,0.06999999999999984,156279198.14,47727889,0,3.24,3.32,3.23,3.24
002128,电投能源,29.8,1.1884550084889691,0.3500000000000014,456851889.58,15306172,0,29.45,30.09,29.3,29.45
002129,TCL中环,8.86,-2.63736263736264,-0.2400000000000002,1182625068.31,132402723,0,8.98,9.11,8.81,9.1
002130,沃尔核材,27.97,2.005835156819829,0.5499999999999972,2173386227.57,78177079,0,27.3,28.15,27.2,27.42
002131,利欧股份,7.46,10.029498525073741,0.6799999999999997,5151393427.55,700772193,0,6.81,7.46,6.81,6.78
002132,恒星科技,3.54,0.5681818181818187,0.020000000000000018,104012381.42,29493123,0,3.51,3.55,3.5,3.52
002133,广宇集团,3.5,0.5747126436781614,0.020000000000000018,76228738.0,21938700,0,3.48,3.5,3.43,3.48
002134,天津普林,26.69,-0.6329113924050564,-0.16999999999999815,368454991.0,13738425,0,26.87,27.53,26.33,26.86
002135,东南网架,5.09,2.2088353413654502,0.10999999999999943,164950577.26,32410200,0,4.99,5.2,4.97,4.98
002136,安纳达,12.58,0.7205764611689339,0.08999999999999986,171706874.45,13710601,0,12.5,12.6,12.4,12.49
002137,实益达,8.95,2.0524515393386515,0.17999999999999972,161198089.84,18217901,0,8.73,8.96,8.72,8.77
002138,顺络电子,37.3,1.8847309478284562,0.6899999999999977,984929992.56,26383413,0,36.51,38.03,36.27,36.61
002139,拓邦股份,14.04,0.7173601147776159,0.09999999999999964,361538564.49,25781060,0,13.85,14.12,13.85,13.94
002140,东华科技,11.67,0.6034482758620715,0.07000000000000028,116668596.52,10041894,0,11.62,11.69,11.52,11.6
002141,贤丰控股,3.71,0.0,0.0,65065684.0,17587600,0,3.71,3.72,3.69,3.71
002142,宁波银行,28.15,-1.8479776847977727,-0.5300000000000011,1191273573.64,42229523,0,28.68,28.78,28.01,28.68
002144,宏达高科,12.9,0.7025761124121769,0.08999999999999986,87832395.27,6851869,0,12.94,13.08,12.68,12.81
002145,钛能化学,5.04,0.0,0.0,333606708.62,66361459,0,5.03,5.08,4.99,5.04
002146,荣盛发展,1.87,1.081081081081082,0.020000000000000018,1026977475.2,544049547,0,1.87,1.94,1.85,1.85
002148,北纬科技,9.28,1.6429353778751214,0.14999999999999858,307056301.98,33466651,0,9.12,9.32,9.08,9.13
002149,西部材料,50.58,2.3886639676113353,1.1799999999999997,4942119377.73,99698937,0,48.87,50.6,48.32,49.4
002150,通润装备,20.62,-0.09689922480619947,-0.019999999999999574,341018526.9,16498950,0,20.6,20.99,20.38,20.64
002151,北斗星通,60.82,1.8931144245267257,1.1300000000000026,7352153877.89,121613821,0,59.1,63.19,57.81,59.69
002152,广电运通,13.71,1.4803849000740272,0.20000000000000107,614315382.79,44889683,0,13.43,13.81,13.41,13.51
002153,石基信息,11.99,5.731922398589068,0.6500000000000004,903443248.44,76761157,0,11.25,12.02,11.19,11.34
002154,报喜鸟,3.92,0.2557544757033194,0.009999999999999787,112313581.92,28778526,0,3.9,3.92,3.87,3.91
002155,湖南黄金,22.97,3.9366515837103955,0.8699999999999974,1451856904.2,63745873,0,22.09,23.05,22.05,22.1
002156,通富微电,41.83,4.574999999999996,1.8299999999999983,4350936946.43,103977115,0,40.22,42.87,40.22,40.0
002157,正邦科技,3.27,-0.6079027355623106,-0.020000000000000018,513458955.11,156834311,0,3.29,3.31,3.24,3.29
002158,汉钟精机,25.66,0.6274509803921574,0.16000000000000014,281856343.31,10959817,0,25.38,25.98,25.38,25.5
002159,三特索道,15.33,0.5905511811023613,0.08999999999999986,65261409.0,4276900,0,15.24,15.34,15.18,15.24
002160,常铝股份,5.83,1.9230769230769287,0.11000000000000032,557013448.39,95486034,0,5.72,5.88,5.67,5.72
002161,远望谷,7.63,1.1936339522546402,0.08999999999999986,124680903.97,16382569,0,7.55,7.66,7.54,7.54
002162,悦心健康,5.2,9.936575052854115,0.46999999999999975,265856325.3,52347388,0,4.82,5.2,4.79,4.73
002163,海南发展,19.93,-1.140873015873018,-0.23000000000000043,2518334651.85,124373632,0,20.21,20.8,19.75,20.16
002164,宁波东力,15.11,-2.073882047958524,-0.3200000000000003,604996562.63,39722193,0,15.42,15.82,14.89,15.43
002165,红宝丽,7.87,0.0,0.0,200852391.67,25601802,0,7.83,7.89,7.78,7.87
002166,莱茵生物,8.65,2.24586288416075,0.1899999999999995,168317696.52,19690291,0,8.43,8.66,8.43,8.46
002167,东方锆业,13.48,2.4316109422492422,0.3200000000000003,600013307.97,44592755,0,13.1,13.61,13.05,13.16
002168,*ST惠程,4.1,0.7371007371007213,0.02999999999999936,20118778.57,4920773,0,4.07,4.11,4.06,4.07
002169,智光电气,12.2,2.4349286314021756,0.28999999999999915,652398084.16,54108595,0,11.9,12.28,11.84,11.91
002170,芭田股份,12.49,0.8885298869143734,0.10999999999999943,407635432.63,32897704,0,12.31,12.49,12.25,12.38
002171,楚江新材,14.22,1.354240912330729,0.19000000000000128,2630602783.7,183528613,0,14.06,14.74,13.98,14.03
002172,澳洋健康,4.17,2.457002457002448,0.09999999999999964,118326938.0,28503400,0,4.07,4.2,4.06,4.07
002173,创新医疗,34.64,10.003175611305183,3.150000000000002,6066496077.55,177668998,0,33.0,34.64,32.77,31.49
002174,游族网络,13.15,2.2550544323483743,0.2900000000000009,515802033.33,39602500,0,12.91,13.17,12.86,12.86
002175,东方智造,4.57,1.3303769401330487,0.0600000000000005,251596212.91,55316991,0,4.51,4.58,4.49,4.51
002176,江特电机,10.1,0.5976095617529931,0.0600000000000005,630312972.03,62386190,0,9.96,10.2,9.94,10.04
002177,御银股份,9.36,6.971428571428564,0.6099999999999994,2866203757.08,308315726,0,8.66,9.63,8.65,8.75
002178,延华智能,6.72,2.2831050228310423,0.14999999999999947,221325854.69,33252475,0,6.55,6.75,6.54,6.57
002179,中航光电,38.89,1.0129870129870144,0.39000000000000057,4876998080.48,124358988,0,38.82,40.38,38.5,38.5
002180,纳思达,21.53,-2.3582766439909277,-0.5199999999999996,758864569.3,35026654,0,21.88,22.1,21.36,22.05
002181,粤传媒,10.08,10.043668122270741,0.9199999999999999,706631260.01,73173076,0,9.15,10.08,9.1,9.16
002182,宝武镁业,17.15,2.7561414020371315,0.4599999999999973,620917223.71,36439515,0,16.64,17.26,16.64,16.69
002183,怡亚通,5.11,1.996007984031947,0.10000000000000053,514354893.0,100624400,0,5.02,5.21,5.01,5.01
002184,海得控制,13.65,0.7380073800737981,0.09999999999999964,203102618.46,14935930,0,13.58,13.7,13.4,13.55
002185,华天科技,11.71,1.737619461337976,0.20000000000000107,1186441022.32,101495094,0,11.47,11.79,11.46,11.51
002186,全聚德,11.87,0.1687763713080133,0.019999999999999574,78972108.56,6670616,0,11.88,11.91,11.79,11.85
002187,广百股份,8.69,9.999999999999988,0.7899999999999991,666060269.46,77221396,0,8.48,8.69,8.2,7.9
002188,中天服务,6.38,0.7898894154818297,0.04999999999999982,114026799.5,18013300,0,6.33,6.4,6.26,6.33
002189,中光学,24.13,1.9003378378378348,0.4499999999999993,197548815.46,8212034,0,23.62,24.46,23.58,23.68
002190,成飞集成,40.58,4.9120992761116815,1.8999999999999986,1487811961.13,36858367,0,39.08,42.18,38.66,38.68
002191,劲嘉股份,4.3,0.7025761124121839,0.03000000000000025,88825225.0,20770600,0,4.26,4.31,4.23,4.27
002192,融捷股份,55.97,1.4868540344514964,0.8200000000000003,972263624.55,17467145,0,54.81,56.72,54.33,55.15
002193,如意集团,5.3,1.1450381679389239,0.05999999999999961,51066005.56,9687213,0,5.24,5.31,5.2,5.24
002194,武汉凡谷,13.99,1.6715116279069797,0.23000000000000043,744650891.25,53629307,0,13.73,14.09,13.63,13.76
002195,岩山科技,10.35,-0.28901734104047333,-0.030000000000001137,21958893739.41,2088332085,0,10.34,11.0,10.0,10.38
002196,方正电机,15.41,2.324037184594951,0.34999999999999964,1617052415.24,104571548,0,15.24,15.84,15.15,15.06
002197,证通电子,10.45,0.0,0.0,283448656.63,26935997,0,10.43,10.69,10.42,10.45
002198,嘉应制药,7.35,0.13623978201634587,0.009999999999999787,120337049.74,16485978,0,7.35,7.37,7.23,7.34
002199,*ST东晶,10.05,4.361370716510902,0.41999999999999993,97970801.46,9811007,0,9.89,10.11,9.75,9.63
002200,*ST交投,7.46,0.0,0.0,18576861.0,2499100,0,7.47,7.5,7.39,7.46
002201,九鼎新材,11.63,-1.1894647408665997,-0.1399999999999988,1853032740.57,151414823,0,12.51,12.95,11.53,11.77
002202,金风科技,31.94,9.986225895316812,2.900000000000002,17893128946.1,563292926,0,31.94,31.94,30.74,29.04
002203,海亮股份,14.05,10.023492560689125,1.2800000000000011,843219436.23,61581561,0,12.81,14.05,12.77,12.77
002204,大连重工,7.89,0.3816793893129689,0.02999999999999936,766214732.8,97096983,0,7.84,8.02,7.8,7.86
002205,国统股份,13.92,0.9427121102248063,0.13000000000000078,82264621.52,5930828,0,13.81,13.99,13.76,13.79
002206,海利得,6.18,0.4878048780487701,0.02999999999999936,233875812.75,37980125,0,6.16,6.3,6.05,6.15
002207,准油股份,8.35,3.8557213930348326,0.3100000000000005,332576935.06,39881950,0,8.34,8.68,8.17,8.04
002208,合肥城建,13.98,5.191873589164795,0.6900000000000013,1627819250.66,120729907,0,13.23,14.29,12.85,13.29
002209,达意隆,16.4,-0.8464328899637278,-0.14000000000000057,121454844.0,7444800,0,16.55,16.58,16.13,16.54
002210,飞马国际,3.48,1.1627906976744196,0.040000000000000036,396675987.85,114987186,0,3.45,3.49,3.4,3.44
002211,ST宏达,3.33,-0.29940119760478406,-0.009999999999999787,14973460.0,4488600,0,3.34,3.37,3.32,3.34
002212,天融信,9.53,2.034261241970016,0.1899999999999995,590547592.49,62419160,0,9.41,9.53,9.34,9.34
002213,大为股份,27.69,-2.8421052631578902,-0.8099999999999987,946024753.4,34060364,0,27.95,28.28,27.4,28.5
002214,*ST大立,18.93,-1.2519561815336566,-0.240000000000002,87754287.8,4636000,0,19.15,19.22,18.86,19.17
002215,诺普信,10.94,0.4591368227731766,0.049999999999998934,172914618.75,15831578,0,10.87,11.03,10.84,10.89
002216,三全食品,11.51,0.0,0.0,80570624.3,7009360,0,11.51,11.65,11.41,11.51
002217,合力泰,3.13,0.9677419354838646,0.029999999999999805,490936631.22,158425602,0,3.11,3.13,3.08,3.1
002218,拓日新能,4.64,-0.8547008547008554,-0.040000000000000036,673519781.82,144074852,0,4.69,4.8,4.57,4.68
002219,新里程,2.2,0.4566210045662206,0.010000000000000231,143639160.0,65326400,0,2.19,2.22,2.17,2.19
002221,东华能源,8.32,2.5893958076448937,0.21000000000000085,233244139.78,28073629,0,8.25,8.45,8.16,8.11
002222,福晶科技,69.41,4.627675610491398,3.069999999999993,2736551358.95,41698856,0,63.69,69.88,61.67,66.34
002223,鱼跃医疗,40.36,4.749545808460935,1.8299999999999983,788610728.95,19760997,0,38.56,40.48,38.45,38.53
002224,三力士,4.51,0.6696428571428428,0.02999999999999936,96265084.0,21492200,0,4.47,4.52,4.44,4.48
002225,濮耐股份,6.16,-0.48465266558966474,-0.03000000000000025,225690091.5,36548050,0,6.2,6.28,6.11,6.19
002226,江南化工,6.02,0.8375209380234475,0.04999999999999982,158140728.84,26351842,0,5.97,6.03,5.96,5.97
002227,奥特迅,12.46,1.3832384052074997,0.1700000000000017,71503753.84,5777502,0,12.3,12.5,12.27,12.29
002228,合兴包装,4.75,1.9313304721030013,0.08999999999999986,599954446.82,127625182,0,4.67,4.76,4.65,4.66
002229,鸿博股份,16.79,2.4405125076265928,0.3999999999999986,915751853.53,54755765,0,16.4,17.0,16.4,16.39
002230,科大讯飞,55.6,4.100355738625735,2.190000000000005,7736755063.43,141793653,0,53.15,55.85,52.92,53.41
002231,*ST奥维,1.21,-4.724409448818902,-0.06000000000000005,60570791.73,48609303,0,1.25,1.31,1.21,1.27
002232,启明信息,20.05,0.4006009013520373,0.08000000000000185,268544337.76,13440658,0,19.88,20.1,19.82,19.97
002233,塔牌集团,9.03,0.7812499999999832,0.06999999999999851,99101257.13,10997291,0,8.98,9.09,8.94,8.96
002234,民和股份,8.9,-0.4474272930648674,-0.03999999999999915,61194443.77,6893347,0,9.0,9.02,8.78,8.94
002235,安妮股份,10.75,5.185909980430522,0.5299999999999994,945884844.72,89694058,0,10.16,10.83,10.16,10.22
002236,大华股份,19.68,2.021772939346815,0.39000000000000057,1197200725.31,61369282,0,19.18,19.68,19.17,19.29
002237,恒邦股份,14.24,2.593659942363108,0.35999999999999943,656406730.85,46397660,0,13.85,14.25,13.82,13.88
002238,天威视讯,8.62,2.253855278766305,0.1899999999999995,126678494.57,14834647,0,8.41,8.64,8.41,8.43
002239,奥特佳,3.01,0.0,0.0,233852745.68,77698012,0,3.0,3.03,2.98,3.01
002240,盛新锂能,35.21,-1.8126045733407659,-0.6499999999999986,2008552165.72,56325476,0,35.2,36.49,35.03,35.86
002241,歌尔股份,29.92,2.1857923497267775,0.6400000000000006,4198943376.29,141189554,0,29.08,30.07,28.9,29.28
002242,九阳股份,10.48,0.28708133971292954,0.030000000000001137,112579350.66,10785746,0,10.45,10.55,10.33,10.45
002243,力合科创,11.41,6.735266604303093,0.7200000000000006,879527113.96,78803554,0,10.69,11.62,10.69,10.69
002244,滨江集团,10.34,0.8780487804878035,0.08999999999999986,332083095.65,32145538,0,10.23,10.43,10.19,10.25
002245,蔚蓝锂芯,18.07,0.7808142777467963,0.14000000000000057,951548309.71,52526238,0,17.89,18.28,17.82,17.93
002246,北化股份,20.52,2.446330504243627,0.48999999999999844,609428517.05,29852700,0,20.01,20.86,19.86,20.03
002247,聚力文化,2.85,0.35211267605634616,0.010000000000000231,58615042.0,20727300,0,2.83,2.85,2.8,2.84
002248,华东数控,12.76,-1.6191210485736378,-0.21000000000000085,758020979.72,59553890,0,12.97,12.97,12.55,12.97
002249,大洋电机,10.99,1.6651248843663247,0.17999999999999972,1397528769.92,127220434,0,10.78,11.14,10.75,10.81
002250,联化科技,16.42,1.6089108910891188,0.26000000000000156,1584927686.07,97768190,0,16.27,16.7,15.88,16.16
002251,步步高,5.56,1.6453382084095038,0.08999999999999986,1036382718.36,187857184,0,5.43,5.58,5.43,5.47
002252,上海莱士,6.47,0.46583850931676024,0.02999999999999936,202285503.2,31339790,0,6.45,6.47,6.43,6.44
002253,*ST智胜,11.02,-0.2714932126696935,-0.030000000000001137,48517284.0,4440200,0,10.95,11.08,10.8,11.05
002254,泰和新材,11.99,1.010951979780969,0.120000000000001,600401465.87,49917138,0,11.86,12.29,11.73,11.87
002255,海陆重工,14.78,7.804522246535364,1.0699999999999985,2912535733.08,201304903,0,13.92,15.08,13.75,13.71
002256,兆新股份,3.66,-0.27247956403269175,-0.009999999999999787,266244399.0,72738200,0,3.68,3.7,3.62,3.67
002258,利尔化学,13.92,-2.793296089385477,-0.40000000000000036,458232749.74,32923140,0,14.24,14.28,13.81,14.32
002259,升达林业,3.85,-0.5167958656330753,-0.020000000000000018,70562280.0,18376400,0,3.85,3.86,3.82,3.87
002261,拓维信息,35.1,2.6916325336454117,0.9200000000000017,4870777485.68,140688978,0,33.57,35.1,33.4,34.18
002262,恩华药业,24.61,1.9047619047619084,0.46000000000000085,366661476.88,15084337,0,24.11,24.66,24.0,24.15
002263,大东南,3.44,-0.2898550724637748,-0.010000000000000231,178062764.16,51881818,0,3.45,3.46,3.4,3.45
002264,新华都,9.7,5.092091007583953,0.46999999999999886,1101803248.32,115187715,0,9.1,9.87,9.1,9.23
002265,建设工业,27.92,1.086169442433022,0.3000000000000007,573244802.07,20509129,0,27.96,28.35,27.62,27.62
002266,浙富控股,4.54,0.8888888888888897,0.040000000000000036,735203486.11,161874890,0,4.51,4.6,4.45,4.5
002267,陕天然气,7.6,0.26385224274405766,0.019999999999999574,49070098.8,6466010,0,7.58,7.61,7.52,7.58
002268,电科网安,21.62,0.9337068160597539,0.1999999999999993,1010488663.8,47056643,0,21.44,21.78,21.15,21.42
002269,美邦服饰,1.96,1.0309278350515474,0.020000000000000018,182043901.32,93929153,0,1.94,1.96,1.92,1.94
002270,华明装备,27.62,2.2205773501110344,0.6000000000000014,251587439.24,9158157,0,26.9,27.75,26.74,27.02
002271,东方雨虹,14.64,0.3427004797806765,0.05000000000000071,546514180.75,37411244,0,14.65,14.74,14.46,14.59
002272,川润股份,16.7,0.0,0.0,832741588.39,49955803,0,16.51,16.95,16.45,16.7
002273,水晶光电,25.63,1.1444356748224118,0.28999999999999915,1187077072.49,46264363,0,25.22,25.98,25.08,25.34
002274,华昌化工,5.76,-0.3460207612456827,-0.020000000000000462,55410563.0,9626400,0,5.78,5.79,5.72,5.78
002275,桂林三金,14.44,0.7676203768318174,0.10999999999999943,41852590.56,2910480,0,14.35,14.44,14.3,14.33
002276,万马股份,17.03,1.0682492581602356,0.17999999999999972,814629834.61,47922130,0,16.78,17.12,16.76,16.85
002277,友阿股份,8.12,0.12330456226880132,0.009999999999999787,794171133.01,98364072,0,8.0,8.23,7.92,8.11
002278,神开股份,14.01,9.968602825745679,1.2699999999999996,833162383.78,61026944,0,12.99,14.01,12.8,12.74
002279,久其软件,9.38,3.532008830022078,0.3200000000000003,1945778890.52,211091535,0,9.06,9.6,8.89,9.06
002281,光迅科技,72.19,1.8481941309255112,1.3100000000000023,3485690792.62,48936094,0,70.29,73.5,68.02,70.88
002282,博深股份,7.53,-0.1326259946949574,-0.009999999999999787,52608630.7,6993905,0,7.55,7.57,7.47,7.54
002283,天润工业,6.33,1.2800000000000011,0.08000000000000007,143523846.96,22733511,0,6.26,6.37,6.24,6.25
002284,亚太股份,15.52,-0.7037747920665464,-0.11000000000000121,340208857.92,21846150,0,15.6,15.8,15.37,15.63
002285,世联行,3.08,1.3157894736842117,0.040000000000000036,347627318.21,113730284,0,3.03,3.12,3.0,3.04
002286,保龄宝,9.62,-0.41407867494824974,-0.040000000000000924,130759231.88,13594424,0,9.67,9.72,9.54,9.66
002287,奇正藏药,24.55,0.945723684210528,0.23000000000000043,81672715.89,3339142,0,24.43,24.55,24.3,24.32
002289,*ST宇顺,29.6,1.1965811965812014,0.3500000000000014,112061273.5,3809750,0,28.79,30.0,28.39,29.25
002290,禾盛新材,51.28,1.8673023440603846,0.9399999999999977,243427660.6,4767380,0,50.34,51.65,50.0,50.34
002291,遥望科技,7.12,4.398826979472139,0.2999999999999998,704681628.44,100794429,0,6.78,7.13,6.77,6.82
002292,奥飞娱乐,9.99,5.268703898840886,0.5,804066810.16,82410363,0,9.43,10.0,9.43,9.49
002293,罗莱生活,9.51,-0.626959247648908,-0.0600000000000005,112611997.87,11905222,0,9.59,9.63,9.35,9.57
002294,信立泰,54.66,2.9184710977217043,1.5499999999999972,464914784.25,8639466,0,53.0,54.98,52.7,53.11
002295,精艺股份,12.7,-0.7812500000000111,-0.10000000000000142,124163200.6,9756558,0,12.62,12.85,12.62,12.8
002296,辉煌科技,12.43,9.999999999999991,1.129999999999999,1033347916.03,84160304,0,11.59,12.43,11.4,11.3
002297,博云新材,12.52,-0.7923930269413602,-0.09999999999999964,1225978728.46,97248301,0,12.66,12.88,12.28,12.62
002298,中电鑫龙,11.22,1.1722272317403135,0.13000000000000078,647817013.81,57938821,0,11.05,11.3,11.01,11.09
002299,圣农发展,16.6,0.36275695284160986,0.060000000000002274,164455487.94,9946263,0,16.54,16.65,16.42,16.54
002300,太阳电缆,9.69,-0.6153846153846205,-0.0600000000000005,806985486.28,83416590,0,9.61,9.85,9.53,9.75
002301,齐心集团,8.03,1.6455696202531518,0.129999999999999,250550757.59,31360977,0,7.9,8.06,7.83,7.9
002302,西部建设,6.26,-0.3184713375796252,-0.020000000000000462,63633842.65,10181232,0,6.28,6.3,6.21,6.28
002303,美盈森,4.11,0.9828009828009836,0.040000000000000036,112125034.0,27352000,0,4.08,4.14,4.07,4.07
002304,洋河股份,62.6,0.4815409309791401,0.30000000000000426,289962519.11,4624508,0,62.35,63.05,62.3,62.3
002305,*ST南置,2.29,-1.2931034482758537,-0.029999999999999805,67267322.0,29158400,0,2.31,2.34,2.28,2.32
002306,*ST云网,2.09,0.966183574879228,0.020000000000000018,44147363.25,21201475,0,2.06,2.11,2.06,2.07
002307,北新路桥,5.07,0.19762845849803706,0.010000000000000675,219739634.63,43538479,0,5.03,5.08,5.01,5.06
002309,中利集团,2.93,-2.3333333333333277,-0.06999999999999984,685602600.7,233110281,0,2.96,3.0,2.88,3.0
002310,东方园林,2.26,0.444444444444435,0.009999999999999787,174478354.85,77707088,0,2.25,2.3,2.21,2.25
002311,海大集团,53.51,0.9813172296659671,0.519999999999996,501459923.87,9484240,0,52.89,53.68,52.44,52.99
002312,川发龙蟒,11.34,-0.17605633802816525,-0.019999999999999574,408439338.31,36024226,0,11.33,11.4,11.28,11.36
002313,日海智能,10.61,1.43403441682599,0.14999999999999858,97070624.5,9195501,0,10.41,10.68,10.39,10.46
002314,南山控股,2.93,-0.3401360544217614,-0.009999999999999787,91821634.0,31402000,0,2.94,2.95,2.9,2.94
002315,焦点科技,53.27,9.428923582580122,4.590000000000003,1171442118.48,22513105,0,48.41,53.55,48.41,48.68
002316,亚联发展,5.71,10.019267822736023,0.5199999999999996,325400770.82,57481142,0,5.45,5.71,5.39,5.19
002317,众生药业,21.81,1.5836050302748015,0.33999999999999986,1561970823.36,72265952,0,21.4,22.02,21.26,21.47
002318,久立特材,28.98,1.6129032258064546,0.46000000000000085,439034145.49,15128008,0,28.6,29.37,28.55,28.52
002319,乐通股份,12.57,-2.3310023310023227,-0.29999999999999893,124275077.0,9855200,0,13.0,13.0,12.36,12.87
002320,海峡股份,11.27,0.17777777777777398,0.019999999999999574,490215952.93,43382009,0,11.24,11.46,11.16,11.25
002321,华英农业,2.39,0.0,0.0,75833722.18,31798011,0,2.38,2.4,2.37,2.39
002322,理工能科,12.63,0.79808459696729,0.10000000000000142,70955875.0,5647200,0,12.5,12.63,12.48,12.53
002323,雅博股份,1.7,0.5917159763313614,0.010000000000000009,99004043.71,58567117,0,1.69,1.71,1.67,1.69
002324,普利特,22.8,-2.6473099914602947,-0.620000000000001,6794447960.9,280124800,0,25.0,25.66,22.61,23.42
002326,永太科技,26.09,4.653028479743282,1.1600000000000001,2550992990.0,97603848,0,24.89,26.57,24.85,24.93
002327,富安娜,6.71,0.1492537313432804,0.009999999999999787,29231265.64,4362832,0,6.7,6.72,6.68,6.7
002328,新朋股份,7.0,0.7194244604316521,0.04999999999999982,196447342.59,28128189,0,6.96,7.04,6.92,6.95
002329,皇氏集团,4.02,1.0050251256281304,0.03999999999999959,185749438.49,46585996,0,3.98,4.02,3.95,3.98
002330,得利斯,4.97,0.0,0.0,79500195.6,16070768,0,4.95,4.98,4.92,4.97
002331,皖通科技,9.3,0.6493506493506547,0.0600000000000005,127255045.05,13800416,0,9.18,9.35,9.09,9.24
002332,仙琚制药,9.23,0.9846827133479196,0.08999999999999986,126329175.54,13741392,0,9.16,9.23,9.14,9.14
002333,罗普斯金,6.04,0.16583747927031153,0.009999999999999787,124562687.36,20725760,0,6.05,6.07,5.93,6.03
002334,英威腾,9.13,-0.1094091903719889,-0.009999999999999787,281160013.82,30651093,0,9.13,9.27,9.1,9.14
002335,科华数据,66.4,8.125712424686549,4.990000000000009,3525853718.63,54805305,0,62.51,66.63,61.72,61.41
002336,人乐退,0.36,0.0,0.0,4577505.0,12554917,0,0.36,0.38,0.35,0.36
002337,赛象科技,6.68,0.0,0.0,127311910.0,19196800,0,6.66,6.68,6.58,6.68
002338,奥普光电,62.73,0.6902086677367572,0.4299999999999997,1096487437.31,17506390,0,62.28,63.95,61.26,62.3
002339,积成电子,9.65,0.41623309053070684,0.040000000000000924,320361644.78,33272893,0,9.6,9.78,9.5,9.61
002340,格林美,8.77,-0.11389521640090874,-0.009999999999999787,2910285782.31,331951083,0,8.7,8.93,8.61,8.78
002342,巨力索具,10.98,10.020040080160319,1.0,282942522.0,25768900,0,10.98,10.98,10.98,9.98
002343,慈文传媒,7.51,3.301237964236592,0.2400000000000002,188309544.49,25476201,0,7.27,7.53,7.25,7.27
002344,海宁皮城,4.95,3.340292275574116,0.16000000000000014,206994903.62,41873237,0,4.8,5.06,4.78,4.79
002345,潮宏基,12.61,3.9571310799670125,0.47999999999999865,271755157.01,21909053,0,12.14,12.68,12.1,12.13
002346,柘中股份,20.81,0.6286266924564748,0.129999999999999,138637594.94,6716200,0,20.68,20.89,20.38,20.68
002347,泰尔股份,13.19,-2.223869532987403,-0.3000000000000007,2379827636.06,174945480,0,13.5,14.0,13.0,13.49
002348,高乐股份,5.98,1.8739352640545197,0.11000000000000032,157948345.73,26776611,0,5.87,5.98,5.81,5.87
002349,精华制药,7.52,1.4844804318488452,0.10999999999999943,141365266.52,18949006,0,7.41,7.54,7.38,7.41
002350,北京科锐,8.89,1.2528473804100366,0.11000000000000121,211022261.18,23865136,0,8.79,8.91,8.72,8.78
002351,漫步者,12.43,0.5663430420711997,0.07000000000000028,137398449.56,11092386,0,12.36,12.43,12.32,12.36
002352,顺丰控股,38.97,0.17994858611825268,0.07000000000000028,880115361.19,22611254,0,38.79,39.03,38.77,38.9
002353,杰瑞股份,76.4,4.357328233847851,3.190000000000012,1537159648.01,20353041,0,73.47,77.49,72.47,73.21
002354,天娱数科,7.35,6.06060606060606,0.41999999999999993,1387070766.3,192802882,0,6.88,7.35,6.86,6.93
002355,兴民智通,6.7,1.5151515151515234,0.10000000000000053,469862166.25,69892522,0,6.6,6.87,6.55,6.6
002356,赫美集团,4.1,0.49019607843136215,0.019999999999999574,268608852.9,65968770,0,4.08,4.12,4.02,4.08
002357,富临运业,11.2,1.2658227848101156,0.1399999999999988,140149262.76,12576564,0,11.06,11.35,10.99,11.06
002358,森源电气,5.79,-0.1724137931034446,-0.009999999999999787,212506384.0,36742300,0,5.8,5.86,5.72,5.8
002360,同德化工,4.96,-0.8000000000000007,-0.040000000000000036,59359052.2,11926196,0,5.0,5.04,4.93,5.0
002361,神剑股份,15.6,-1.5772870662460567,-0.25,5117825129.51,319704095,0,16.0,16.88,15.4,15.85
002362,汉王科技,22.86,2.0991514068780655,0.46999999999999886,268672824.8,11861099,0,22.33,22.89,22.31,22.39
002363,隆基机械,10.2,1.8981018981018931,0.1899999999999995,507535956.46,49495869,0,10.15,10.55,10.03,10.01
002364,中恒电气,31.62,8.028698325930993,2.3500000000000014,2807828138.63,90693727,0,29.98,32.2,29.13,29.27
002365,永安药业,15.83,0.4441624365482252,0.07000000000000028,173916530.37,11095867,0,15.75,15.85,15.51,15.76
002366,融发核电,8.79,-0.4530011325028417,-0.040000000000000924,3576847802.21,401331754,0,8.99,9.3,8.66,8.83
002367,康力电梯,8.08,-0.980392156862746,-0.08000000000000007,106388870.8,13143702,0,8.16,8.2,8.02,8.16
002368,太极股份,25.6,1.225780941083441,0.3100000000000023,302397675.6,11861847,0,25.11,25.67,25.11,25.29
002369,卓翼科技,9.0,0.671140939597321,0.0600000000000005,263363072.47,29392327,0,8.92,9.02,8.88,8.94
002370,亚太药业,7.79,0.9067357512953406,0.07000000000000028,378387002.51,48591303,0,7.91,7.95,7.69,7.72
002371,北方华创,497.5,-1.8098565141018839,-9.170000000000016,5401690886.75,10832269,0,503.0,511.08,491.0,506.67
002372,伟星新材,10.43,-1.2310606060606135,-0.13000000000000078,135927105.44,13001824,0,10.56,10.57,10.39,10.56
002373,千方科技,13.07,3.977724741447892,0.5,1120021005.93,86207560,0,12.63,13.28,12.58,12.57
002374,中锐股份,3.82,2.412868632707771,0.08999999999999986,262755148.34,69580907,0,3.71,3.83,3.7,3.73
002375,亚厦股份,4.15,0.9732360097323608,0.040000000000000036,124463630.67,30100097,0,4.13,4.18,4.1,4.11
002376,新北洋,7.82,1.2953367875647739,0.10000000000000053,154249174.36,19838189,0,7.72,7.82,7.7,7.72
002377,国创高新,2.94,0.34129692832763775,0.009999999999999787,39627223.0,13475900,0,2.96,2.96,2.92,2.93
002378,章源钨业,16.96,8.43989769820972,1.3200000000000003,1903594379.78,112985439,0,15.86,17.2,15.77,15.64
002379,宏创控股,27.7,2.744807121661715,0.7399999999999984,558612366.24,20387064,0,26.7,27.88,26.59,26.96
002380,科远智慧,29.3,-0.8795669824086536,-0.259999999999998,332116753.0,11319000,0,29.36,29.7,29.11,29.56
002381,双箭股份,6.73,0.29806259314456723,0.020000000000000462,41823825.0,6217200,0,6.7,6.77,6.68,6.71
002382,蓝帆医疗,5.84,-0.3412969283276529,-0.020000000000000462,78789914.49,13476463,0,5.83,5.94,5.79,5.86
002383,合众思壮,14.5,0.2073255010366231,0.02999999999999936,1747381616.0,121830462,0,14.2,14.95,13.89,14.47
002384,东山精密,81.46,0.43151276044876624,0.3499999999999943,3268011111.54,40617755,0,79.66,83.0,78.26,81.11
002385,大北农,4.08,0.990099009900991,0.040000000000000036,399775504.74,98339779,0,4.04,4.09,4.04,4.04
002386,天原股份,5.57,-0.8896797153024879,-0.04999999999999982,173271665.64,31161491,0,5.6,5.62,5.52,5.62
002387,维信诺,8.91,0.3378378378378306,0.02999999999999936,203884667.38,22789351,0,8.89,9.08,8.83,8.88
002388,ST新亚,6.62,-0.7496251874062941,-0.04999999999999982,106308059.68,16075016,0,6.61,6.69,6.53,6.67
002389,航天彩虹,27.41,6.612213146635547,1.6999999999999993,3799602045.68,138922391,0,26.2,28.28,25.93,25.71
002390,信邦制药,3.3,0.30395136778114856,0.009999999999999787,109449703.0,33248200,0,3.3,3.31,3.26,3.29
002391,长青股份,6.04,0.16583747927031153,0.009999999999999787,48301855.52,8008882,0,6.01,6.07,5.99,6.03
002392,北京利尔,8.44,1.809408926417375,0.15000000000000036,233463408.95,27713703,0,8.33,8.55,8.29,8.29
002393,力生制药,22.23,-0.04496402877696948,-0.00999999999999801,67140684.93,3017085,0,22.31,22.4,22.12,22.24
002394,联发股份,18.15,5.646100116414429,0.9699999999999989,455610564.41,26259300,0,17.19,18.32,16.7,17.18
002395,双象股份,17.38,0.9291521486643447,0.16000000000000014,77454678.0,4485900,0,17.22,17.43,17.15,17.22
002396,星网锐捷,31.33,2.7550016398819284,0.8399999999999999,930861062.0,30342042,0,30.26,31.41,29.68,30.49
002397,梦洁股份,4.02,-0.7407407407407469,-0.03000000000000025,98255128.0,24542200,0,4.05,4.09,3.96,4.05
002398,垒知集团,5.82,-0.34246575342465024,-0.019999999999999574,173524892.52,30022275,0,5.84,5.9,5.72,5.84
002399,海普瑞,12.31,1.9039735099337782,0.23000000000000043,49989323.6,4100060,0,12.12,12.33,12.05,12.08
002400,省广集团,10.37,9.968186638388119,0.9399999999999995,4408889761.84,435360640,0,9.43,10.37,9.37,9.43
002401,中远海科,16.56,0.9756097560975618,0.16000000000000014,142604879.02,8663105,0,16.35,16.56,16.33,16.4
002402,和而泰,40.07,2.219387755102034,0.8699999999999974,2506867161.14,62925188,0,39.16,40.17,39.09,39.2
002403,爱仕达,12.76,0.23566378633149537,0.02999999999999936,61874506.57,4857809,0,12.68,12.81,12.64,12.73
002404,嘉欣丝绸,6.94,0.8720930232558213,0.0600000000000005,92579530.94,13437234,0,6.9,6.96,6.82,6.88
002405,四维图新,10.45,0.38424591738711955,0.03999999999999915,1562995460.22,149670385,0,10.39,10.62,10.28,10.41
002406,远东传动,8.05,0.0,0.0,190482303.0,23633500,0,8.09,8.16,7.98,8.05
002407,多氟多,32.93,0.09118541033434997,0.030000000000001137,2842987792.17,86212917,0,32.4,33.58,32.21,32.9
002408,齐翔腾达,4.95,0.20242914979756652,0.009999999999999787,104628674.08,21178405,0,4.96,4.99,4.9,4.94
002409,雅克科技,86.8,0.6726977499420068,0.5799999999999983,2059442738.43,24109516,0,85.01,86.9,83.9,86.22
002410,广联达,13.13,2.498048399687746,0.3200000000000003,478207889.3,36744241,0,12.8,13.14,12.78,12.81
002412,汉森制药,6.72,0.44843049327353307,0.02999999999999936,61545590.0,9227640,0,6.73,6.75,6.6,6.69
002413,雷科防务,18.3,3.448275862068962,0.6099999999999994,10818002560.65,617293115,0,17.32,18.31,16.84,17.69
002414,高德红外,16.23,0.4953560371517143,0.08000000000000185,2214860231.59,137441204,0,16.2,16.4,15.83,16.15
002415,海康威视,30.26,0.8330556481172942,0.25,1404991697.0,46610524,0,29.98,30.3,29.9,30.01
002416,爱施德,13.64,6.147859922178996,0.7900000000000009,1102585727.15,80805919,0,12.88,14.0,12.86,12.85
002418,康盛股份,5.08,0.7936507936507943,0.040000000000000036,389766647.0,77069100,0,5.04,5.11,5.01,5.04
002419,天虹股份,6.03,7.104795737122564,0.40000000000000036,634278852.19,106734171,0,5.63,6.1,5.62,5.63
002420,毅昌科技,7.85,3.153745072273315,0.23999999999999932,231588816.0,29592000,0,7.72,7.98,7.71,7.61
002421,达实智能,2.96,0.680272108843538,0.020000000000000018,178238196.2,60434813,0,2.94,2.97,2.92,2.94
002422,科伦药业,33.84,1.1659192825112124,0.39000000000000057,575127329.58,17202505,0,33.15,33.92,32.95,33.45
002423,中粮资本,12.0,0.9251471825063031,0.10999999999999943,256265416.43,21356124,0,11.94,12.09,11.9,11.89
002424,ST百灵,4.27,-0.46620046620047695,-0.020000000000000462,114588492.39,26708091,0,4.27,4.33,4.26,4.29
002425,凯撒文化,4.08,5.699481865284979,0.2200000000000002,206753616.0,51790600,0,3.89,4.08,3.87,3.86
002426,胜利精密,3.71,-1.0666666666666678,-0.040000000000000036,616638689.37,165494778,0,3.76,3.8,3.69,3.75
002427,尤夫股份,6.76,-0.5882352941176475,-0.040000000000000036,172747972.21,25524928,0,6.98,7.0,6.67,6.8
002428,云南锗业,38.92,10.00565291124929,3.539999999999999,4125660799.61,107398201,0,35.42,38.92,35.42,35.38
002429,兆驰股份,7.75,2.6490066225165587,0.20000000000000018,1092170481.7,141047737,0,7.55,8.04,7.54,7.55
002430,杭氧股份,33.26,1.2789281364189846,0.4199999999999946,1147552384.6,34392048,0,33.42,34.06,32.59,32.84
002431,棕榈股份,2.75,10.0,0.25,91463336.25,33259395,0,2.75,2.75,2.75,2.5
002432,九安医疗,41.75,1.754813551060197,0.7199999999999989,433215314.53,10455396,0,41.07,41.8,41.01,41.03
002434,万里扬,9.28,-0.6423982869379069,-0.0600000000000005,218605035.18,23448314,0,9.33,9.46,9.24,9.34
002436,兴森科技,22.49,1.0332434860736606,0.22999999999999687,2467220711.75,110462145,0,22.13,23.12,21.4,22.26
002437,誉衡药业,3.2,0.6289308176100634,0.020000000000000018,171506735.34,53963202,0,3.19,3.2,3.15,3.18
002438,江苏神通,16.3,0.7416563658838133,0.120000000000001,429365300.29,26278545,0,16.51,16.57,16.17,16.18
002439,启明星辰,14.96,1.9768234492160937,0.2900000000000009,290131782.46,19537506,0,14.68,14.98,14.63,14.67
002440,闰土股份,7.79,1.168831168831167,0.08999999999999986,124164165.78,16065176,0,7.68,7.81,7.65,7.7
002441,众业达,9.57,0.0,0.0,86639643.76,9047454,0,9.57,9.65,9.52,9.57
002442,龙星科技,6.32,0.1584786053882833,0.010000000000000675,57802701.0,9182400,0,6.31,6.34,6.24,6.31
002443,金洲管道,8.05,-0.9840098400984018,-0.08000000000000007,158685541.02,19685455,0,8.05,8.24,7.97,8.13
002444,巨星科技,37.22,4.845070422535208,1.7199999999999989,612112163.76,16646420,0,35.61,37.42,35.5,35.5
002445,中南文化,2.68,-0.3717472118959029,-0.009999999999999787,209732182.78,78274634,0,2.69,2.71,2.65,2.69
002446,盛路通信,12.15,6.766256590509662,0.7699999999999996,2167045530.41,181558731,0,11.48,12.5,11.35,11.38
002448,中原内配,13.16,-1.0526315789473726,-0.14000000000000057,248164112.97,18829100,0,13.29,13.32,13.06,13.3
002449,国星光电,8.76,1.5063731170335921,0.129999999999999,142947931.17,16459242,0,8.62,8.76,8.6,8.63
002451,摩恩电气,10.95,-0.36396724294814303,-0.040000000000000924,772217077.93,70505643,0,10.9,11.2,10.73,10.99
002452,长高电新,8.7,0.5780346820809125,0.049999999999998934,120606646.24,13879142,0,8.67,8.75,8.61,8.65
002453,华软科技,6.67,1.3677811550151953,0.08999999999999986,245953227.44,37031408,0,6.53,6.73,6.52,6.58
002454,松芝股份,8.86,0.5675368898978312,0.049999999999998934,80605876.89,9124891,0,8.81,8.91,8.75,8.81
002455,百川股份,7.13,-0.557880055788006,-0.040000000000000036,219763926.76,31001899,0,7.15,7.17,7.0,7.17
002456,欧菲光,11.03,0.6386861313868476,0.06999999999999851,931903937.16,84737118,0,10.94,11.05,10.91,10.96
002457,青龙管业,11.36,-2.0689655172413812,-0.2400000000000002,214536248.47,18728599,0,11.55,11.65,11.33,11.6
002458,益生股份,8.97,0.7865168539325874,0.07000000000000028,121806002.3,13666594,0,8.92,9.03,8.84,8.9
002459,晶澳科技,11.78,-2.644628099173556,-0.3200000000000003,865257435.08,72643510,0,12.06,12.17,11.7,12.1
002460,赣锋锂业,65.39,0.5690556751768757,0.37000000000000455,3418061785.89,52127662,0,64.5,66.6,64.1,65.02
002461,珠江啤酒,9.53,0.953389830508473,0.08999999999999986,60843594.04,6419385,0,9.45,9.53,9.43,9.44
002462,嘉事堂,16.11,-6.391632771644401,-1.1000000000000014,705589463.04,43261200,0,16.3,16.69,16.01,17.21
002463,沪电股份,70.0,-1.7268005054050315,-1.230000000000004,4647936275.48,66754975,0,70.16,70.97,68.6,71.23
002465,海格通信,20.0,-1.5263417035942823,-0.3099999999999987,10744857970.62,513555629,0,21.86,21.96,19.96,20.31
002466,天齐锂业,58.63,0.017059024223823126,0.010000000000005116,3254514148.78,55395466,0,57.8,59.9,57.2,58.62
002467,二六三,6.36,2.912621359223311,0.1800000000000006,508162993.14,80746068,0,6.18,6.37,6.17,6.18
002468,申通快递,13.51,0.6706408345752597,0.08999999999999986,238396863.1,17672941,0,13.4,13.55,13.39,13.42
002469,三维化学,8.65,-0.11547344110854256,-0.009999999999999787,100576587.0,11645500,0,8.66,8.7,8.59,8.66
002470,金正大,1.79,0.0,0.0,78964960.0,44112700,0,1.79,1.81,1.78,1.79
002471,中超控股,8.22,-2.606635071090034,-0.21999999999999886,3481190498.35,413509877,0,8.35,8.71,8.16,8.44
002472,双环传动,46.33,1.2456293706293713,0.5700000000000003,1213205637.43,26140049,0,45.6,47.0,45.36,45.76
002474,榕基软件,10.38,-0.28818443804033966,-0.02999999999999936,821154049.79,79362917,0,10.27,10.49,10.23,10.41
002475,立讯精密,55.65,0.8883248730964504,0.490000000000002,8518973944.28,154079007,0,54.85,56.3,54.0,55.16
002476,宝莫股份,7.17,-1.5109890109890154,-0.11000000000000032,402296639.65,56612026,0,7.26,7.35,6.89,7.28
002478,常宝股份,8.31,-3.1468531468531418,-0.2699999999999996,413072000.48,49115909,0,8.54,8.63,8.27,8.58
002479,富春环保,5.01,0.19999999999999576,0.009999999999999787,49785319.47,9967861,0,5.0,5.02,4.97,5.0
002480,新筑股份,6.44,0.78247261345854,0.05000000000000071,86948599.4,13609640,0,6.39,6.48,6.32,6.39
002481,双塔食品,5.19,0.1930501930502061,0.010000000000000675,87719867.74,16946752,0,5.17,5.2,5.15,5.18
002482,广田集团,1.74,0.0,0.0,85545396.11,49374483,0,1.74,1.75,1.72,1.74
002483,润邦股份,7.18,-0.8287292817679627,-0.0600000000000005,95639414.71,13320958,0,7.23,7.28,7.12,7.24
002484,江海股份,30.04,-0.4638833664678614,-0.14000000000000057,966538665.94,32474320,0,28.74,30.58,28.66,30.18
002485,ST雪发,4.61,4.535147392290254,0.20000000000000018,39408751.0,8643700,0,4.41,4.63,4.4,4.41
002486,嘉麟杰,3.09,-0.3225806451612978,-0.010000000000000231,73806241.56,23975126,0,3.1,3.1,3.05,3.1
002487,大金重工,53.4,1.0789324247586602,0.5700000000000003,899446152.02,16958974,0,52.83,53.79,52.3,52.83
002488,金固股份,11.1,7.662463627546064,0.7899999999999991,1179049515.03,109462109,0,10.32,11.33,10.24,10.31
002489,浙江永强,3.87,0.5194805194805199,0.020000000000000018,130167665.49,33765090,0,3.84,3.88,3.83,3.85
002490,山东墨龙,7.66,3.234501347708898,0.2400000000000002,671403444.34,87349326,0,7.75,7.98,7.53,7.42
002491,通鼎互联,6.16,0.6535947712418306,0.040000000000000036,371203114.0,60605800,0,6.1,6.17,6.07,6.12
002492,恒基达鑫,8.45,-2.085747392815776,-0.1800000000000015,126289366.44,14997564,0,8.66,8.66,8.24,8.63
002493,荣盛石化,11.61,-0.769230769230768,-0.08999999999999986,704364285.72,60611633,0,11.72,11.95,11.44,11.7
002494,华斯股份,5.46,0.9242144177449136,0.04999999999999982,63536927.0,11701700,0,5.42,5.46,5.38,5.41
002495,佳隆股份,2.7,0.3717472118959194,0.010000000000000231,64641126.84,24010598,0,2.69,2.71,2.67,2.69
002496,*ST辉丰,2.07,2.985074626865675,0.06000000000000005,128631485.06,62034562,0,2.01,2.11,2.01,2.01
002497,雅化集团,23.12,-1.7006802721088374,-0.3999999999999986,1454178822.43,61910597,0,23.41,24.2,22.93,23.52
002498,汉缆股份,4.01,0.24999999999999467,0.009999999999999787,197506382.44,49337504,0,4.01,4.04,3.96,4.0
002500,山西证券,6.15,0.9852216748768554,0.0600000000000005,173755269.62,28326811,0,6.09,6.18,6.09,6.09
002501,利源股份,2.7,-3.225806451612898,-0.08999999999999986,476504430.11,174125197,0,2.78,2.81,2.68,2.79
002506,协鑫集成,2.89,-1.3651877133105812,-0.040000000000000036,921501504.64,316626502,0,2.9,2.98,2.86,2.93
002507,涪陵榨菜,13.06,0.23023791250960196,0.030000000000001137,164541683.11,12615500,0,13.03,13.11,12.97,13.03
002508,老板电器,19.64,0.10193679918450342,0.019999999999999574,145166501.0,7413300,0,19.56,19.7,19.48,19.62
002510,天汽模,7.79,0.0,0.0,2044711394.62,259571216,0,8.0,8.18,7.63,7.79
002511,中顺洁柔,8.38,1.085645355850442,0.09000000000000163,137465446.38,16451917,0,8.28,8.42,8.25,8.29
002512,达华智能,6.93,10.0,0.6299999999999999,958131018.69,142788237,0,6.35,6.93,6.35,6.3
002513,蓝丰生化,7.06,-0.7032348804500803,-0.05000000000000071,119709933.77,17008093,0,7.09,7.1,6.96,7.11
002514,宝馨科技,6.12,0.327868852459024,0.020000000000000462,153305967.0,25228900,0,6.1,6.13,6.02,6.1
002515,金字火腿,6.25,0.3210272873194153,0.019999999999999574,225303684.67,36347527,0,6.21,6.25,6.14,6.23
002516,旷达科技,7.08,-0.5617977528089892,-0.040000000000000036,286014821.0,40451700,0,7.12,7.18,7.01,7.12
002517,恺英网络,25.23,3.5289290110791933,0.8599999999999994,1481322669.24,59638496,0,24.45,25.32,24.35,24.37
002518,科士达,53.57,6.691894045010953,3.3599999999999994,1259890785.15,23883924,0,50.5,54.55,49.21,50.21
002519,银河电子,10.43,10.021097046413493,0.9499999999999993,782968371.45,75475638,0,10.43,10.43,10.06,9.48
002520,日发精机,6.36,-0.6250000000000006,-0.040000000000000036,207212033.99,32620627,0,6.4,6.42,6.3,6.4
002521,齐峰新材,8.45,2.053140096618357,0.16999999999999993,91672094.76,11007006,0,8.3,8.45,8.23,8.28
002522,浙江众成,5.86,-1.5126050420168042,-0.08999999999999986,336437196.42,57420240,0,5.87,5.93,5.77,5.95
002523,天桥起重,4.47,0.6756756756756612,0.02999999999999936,443955006.52,98558676,0,4.55,4.58,4.44,4.44
002524,光正眼科,4.31,0.46620046620045624,0.019999999999999574,69419818.0,16119100,0,4.31,4.41,4.26,4.29
002526,山东矿机,3.75,-0.7936507936507886,-0.029999999999999805,230400003.33,61405207,0,3.76,3.79,3.72,3.78
002527,新时达,16.72,-0.7715133531157421,-0.13000000000000256,554320666.16,33135701,0,16.68,16.91,16.6,16.85
002528,ST英飞拓,2.8,1.818181818181812,0.04999999999999982,36415243.95,13194575,0,2.75,2.82,2.72,2.75
002529,*ST海源,7.65,3.6585365853658596,0.27000000000000046,78887844.07,10441269,0,7.4,7.74,7.35,7.38
002530,金财互联,10.84,2.167766258246941,0.23000000000000043,419273004.93,39015030,0,10.62,10.84,10.61,10.61
002531,天顺风能,7.19,-0.41551246537395237,-0.02999999999999936,284025055.97,39140587,0,7.27,7.41,7.14,7.22
002532,天山铝业,18.13,2.777777777777769,0.48999999999999844,1337279295.09,74865318,0,17.31,18.14,17.25,17.64
002533,金杯电工,13.05,0.3846153846153901,0.05000000000000071,256975819.92,19681406,0,13.0,13.19,12.93,13.0
002534,西子洁能,16.6,-1.6004742145820958,-0.2699999999999996,420678791.5,25257265,0,16.87,16.99,16.42,16.87
002535,林州重机,3.92,0.0,0.0,72501633.6,18496670,0,3.91,3.95,3.9,3.92
002536,飞龙股份,29.56,-0.9051290646999652,-0.2699999999999996,1231953149.55,41486568,0,29.6,30.3,28.98,29.83
002537,海联金汇,9.03,2.1493212669683204,0.1899999999999995,584677931.76,65026252,0,8.78,9.05,8.78,8.84
002538,司尔特,6.65,-0.15015015015014693,-0.009999999999999787,160078663.5,23696144,0,6.67,6.94,6.65,6.66
002539,云图控股,12.08,-0.41220115416323755,-0.05000000000000071,228308650.0,18871100,0,12.1,12.2,12.01,12.13
002540,亚太科技,7.18,1.1267605633802829,0.08000000000000007,204811624.5,28475800,0,7.09,7.29,7.06,7.1
002541,鸿路钢构,20.69,4.759493670886082,0.9400000000000013,562602197.03,27788493,0,19.85,21.14,19.6,19.75
002542,中化岩土,3.61,-2.9569892473118364,-0.11000000000000032,580230052.67,158874753,0,3.72,3.73,3.61,3.72
002543,万和电气,10.2,0.09813542688910488,0.009999999999999787,59622547.1,5847561,0,10.15,10.23,10.15,10.19
002544,普天科技,38.39,-0.07808433107756672,-0.030000000000001137,3821044707.65,99170673,0,38.04,39.99,36.88,38.42
002545,东方铁塔,21.37,1.183712121212121,0.25,274483533.24,12904618,0,21.0,21.79,20.68,21.12
002546,新联电子,7.2,1.9830028328611982,0.14000000000000057,234177382.6,32657460,0,7.07,7.22,7.06,7.06
002547,春兴精工,4.76,1.2765957446808427,0.05999999999999961,169693187.0,35754700,0,4.71,4.77,4.69,4.7
002548,金新农,6.33,0.9569377990430702,0.0600000000000005,307351185.84,48941338,0,6.28,6.42,6.17,6.27
002549,凯美特气,23.04,-1.07342206955775,-0.25,1864411791.69,80831200,0,22.68,23.38,22.65,23.29
002550,千红制药,8.31,1.3414634146341613,0.11000000000000121,188086474.8,22841080,0,8.19,8.32,8.15,8.2
002551,尚荣医疗,3.83,0.5249343832021002,0.020000000000000018,52239737.45,13708422,0,3.81,3.85,3.77,3.81
002552,宝鼎科技,17.53,1.2124711316397279,0.21000000000000085,129438253.0,7431300,0,17.29,17.68,17.16,17.32
002553,南方精工,27.65,1.5424164524421526,0.41999999999999815,401264759.92,14572384,0,27.28,27.68,27.23,27.23
002554,惠博普,0.0,-100.0,-3.55,0.0,0,0,0.0,0.0,0.0,3.55
002555,三七互娱,27.29,1.7903767251025753,0.4800000000000004,3293017586.6,122361969,0,26.35,27.49,26.18,26.81
002556,辉隆股份,6.07,0.6633499170812609,0.040000000000000036,94850316.75,15645603,0,6.03,6.11,6.02,6.03
002557,洽洽食品,22.5,-0.7498897220996987,-0.1700000000000017,124165095.92,5519692,0,22.6,22.88,22.33,22.67
002558,巨人网络,46.8,2.6090769568077126,1.1899999999999977,1288853004.9,27823919,0,45.6,47.49,44.85,45.61
002559,亚威股份,10.5,-0.1901140684410606,-0.019999999999999574,229914663.5,21956000,0,10.43,10.55,10.38,10.52
002560,通达股份,10.16,-0.7812500000000007,-0.08000000000000007,447741601.5,44045270,0,10.28,10.29,10.07,10.24
002561,徐家汇,9.38,1.7353579175705003,0.16000000000000014,187999827.46,20178226,0,9.16,9.42,9.15,9.22
002562,兄弟科技,6.84,-1.0130246020260534,-0.07000000000000028,400425235.0,58840900,0,6.88,6.88,6.76,6.91
002563,森马服饰,5.42,0.7434944237918222,0.040000000000000036,137707600.06,25495854,0,5.38,5.42,5.38,5.38
002564,天沃科技,7.95,1.7925736235595464,0.14000000000000057,176658524.0,22295600,0,7.82,7.97,7.82,7.81
002565,顺灏股份,22.3,4.156936011209718,0.8900000000000006,7517282790.26,348840910,0,20.87,22.44,20.87,21.41
002566,益盛药业,7.86,0.2551020408163324,0.020000000000000462,51139632.66,6549358,0,7.85,7.87,7.76,7.84
002567,唐人神,4.4,-0.22675736961450763,-0.009999999999999787,111919807.0,25456450,0,4.41,4.41,4.38,4.41
002568,百润股份,22.04,1.2867647058823417,0.2799999999999976,184847263.14,8443261,0,21.74,22.05,21.65,21.76
002569,*ST步森,14.32,4.985337243401757,0.6799999999999997,19588649.4,1371795,0,13.96,14.32,13.95,13.64
002570,贝因美,6.19,0.48701298701299106,0.03000000000000025,215712032.61,34972107,0,6.14,6.19,6.14,6.16
002571,德力股份,12.91,-1.4503816793893094,-0.1899999999999995,271897276.3,20979898,0,13.11,13.4,12.67,13.1
002572,索菲亚,13.73,-0.21802325581394885,-0.02999999999999936,143962873.78,10510583,0,13.72,13.79,13.65,13.76
002573,清新环境,3.81,0.0,0.0,34422797.8,9030480,0,3.81,3.83,3.8,3.81
002574,明牌珠宝,5.77,1.2280701754385859,0.0699999999999994,56465092.4,9879340,0,5.67,5.81,5.66,5.7
002575,群兴玩具,6.47,3.0254777070063614,0.1899999999999995,295982460.81,46258857,0,6.25,6.53,6.24,6.28
002576,通达动力,17.49,0.5172413793103441,0.08999999999999986,74087022.0,4252600,0,17.39,17.56,17.25,17.4
002577,雷柏科技,18.26,0.6060606060606225,0.11000000000000298,55821022.8,3073700,0,18.21,18.26,18.04,18.15
002578,闽发铝业,4.56,1.1086474501108607,0.04999999999999982,224914623.0,49486000,0,4.49,4.61,4.46,4.51
002579,中京电子,12.49,-0.6364359586316632,-0.08000000000000007,511645896.53,40907028,0,12.57,12.65,12.42,12.57
002580,圣阳股份,13.22,2.7993779160186723,0.3600000000000012,335942877.34,25727833,0,12.86,13.45,12.78,12.86
002581,ST未名,7.46,0.9472259810554842,0.07000000000000028,32522729.0,4352700,0,7.44,7.58,7.4,7.39
002582,好想你,12.68,6.020066889632097,0.7199999999999989,667331995.29,53320777,0,11.99,12.8,11.86,11.96
002583,海能达,12.02,1.6060862214708327,0.1899999999999995,1003404257.73,84032413,0,11.8,12.06,11.76,11.83
002584,西陇科学,9.5,-0.6276150627615115,-0.0600000000000005,433583881.74,45788288,0,9.43,9.58,9.35,9.56
002585,双星新材,7.35,-2.000000000000005,-0.15000000000000036,477955860.55,65183286,0,7.38,7.48,7.22,7.5
002586,ST围海,4.33,0.697674418604657,0.03000000000000025,33159482.0,7721600,0,4.29,4.36,4.26,4.3
002587,奥拓电子,6.83,1.6369047619047667,0.11000000000000032,132739087.54,19615129,0,6.73,6.83,6.69,6.72
002588,史丹利,9.82,0.10193679918450342,0.009999999999999787,93071431.64,9481823,0,9.8,9.87,9.75,9.81
002589,瑞康医药,3.37,0.5970149253731348,0.020000000000000018,269093713.44,80339999,0,3.36,3.37,3.31,3.35
002590,万安科技,15.56,-1.8296529968454205,-0.28999999999999915,343992454.54,22021713,0,15.82,15.91,15.37,15.85
002591,恒大高新,7.06,2.1707670043415264,0.14999999999999947,231895514.0,33138400,0,6.92,7.09,6.9,6.91
002592,ST八菱,9.12,-3.7974683544303924,-0.3600000000000012,120350445.0,13170000,0,9.47,9.62,9.01,9.48
002593,日上集团,6.01,0.8389261744966413,0.04999999999999982,248115691.0,41536000,0,5.95,6.02,5.91,5.96
002594,比亚迪,97.01,0.13418662262593897,0.13000000000000966,3412630184.79,35034058,0,97.05,97.95,96.9,96.88
002595,豪迈科技,84.1,3.405877290052866,2.769999999999996,332537688.22,4003150,0,81.75,84.29,81.7,81.33
002596,海南瑞泽,5.0,-0.7936507936507943,-0.040000000000000036,473579540.84,94554342,0,5.0,5.09,4.95,5.04
002597,金禾实业,20.85,-0.9971509971509844,-0.2099999999999973,166323875.0,7949151,0,21.07,21.1,20.8,21.06
002598,山东章鼓,9.47,-0.21074815595363092,-0.019999999999999574,141863584.03,14977166,0,9.55,9.58,9.39,9.49
002599,盛通股份,8.7,2.112676056338025,0.17999999999999972,284606985.96,33205800,0,8.45,8.7,8.44,8.52
002600,领益智造,16.66,1.3998782714546587,0.23000000000000043,6325295473.9,381031999,0,16.31,16.9,16.05,16.43
002601,龙佰集团,20.39,0.34448818897637934,0.07000000000000028,599944073.04,29573190,0,20.25,20.55,19.96,20.32
002602,世纪华通,19.78,3.7775445960126044,0.7200000000000024,3760037773.14,193306158,0,19.06,19.85,18.75,19.06
002603,以岭药业,17.91,1.0722347629796913,0.19000000000000128,394452449.78,22215566,0,17.72,17.92,17.6,17.72
002605,姚记科技,25.12,3.54492992580379,0.8599999999999994,383355739.98,15538294,0,24.2,25.12,24.09,24.26
002606,大连电瓷,9.16,-0.5428881650380099,-0.05000000000000071,88653035.37,9677671,0,9.24,9.26,9.07,9.21
002607,中公教育,2.87,2.50000000000001,0.07000000000000028,1132450605.92,398154331,0,2.75,2.89,2.75,2.8
002608,江苏国信,7.52,0.5347593582887586,0.03999999999999915,110226039.5,14715503,0,7.49,7.52,7.46,7.48
002609,捷顺科技,9.67,2.4364406779661065,0.23000000000000043,129124568.0,13499600,0,9.46,9.68,9.44,9.44
002611,东方精工,19.94,3.423236514522822,0.6600000000000001,2230940659.18,112908697,0,19.54,19.99,19.39,19.28
002612,朗姿股份,20.39,0.9905894006934091,0.1999999999999993,219994208.69,10810185,0,20.13,20.57,20.13,20.19
002613,北玻股份,3.78,-0.26385224274406943,-0.010000000000000231,48870541.75,12955865,0,3.78,3.8,3.74,3.79
002614,奥佳华,7.35,-0.13586956521740048,-0.010000000000000675,134472207.0,18323800,0,7.35,7.43,7.26,7.36
002615,哈尔斯,7.71,0.3906250000000033,0.03000000000000025,47126082.2,6137380,0,7.7,7.71,7.63,7.68
002616,长青集团,5.64,0.0,0.0,62907872.4,11160680,0,5.65,5.7,5.58,5.64
002617,露笑科技,8.37,0.23952095808382726,0.019999999999999574,706723683.66,84195465,0,8.31,8.49,8.3,8.35
002620,ST瑞和,5.72,4.954128440366964,0.2699999999999996,7964842.6,1392455,0,5.72,5.72,5.72,5.45
002622,皓宸医疗,3.15,1.2861736334405156,0.040000000000000036,85306049.9,27195306,0,3.1,3.16,3.08,3.11
002623,亚玛顿,18.44,-0.2164502164502118,-0.03999999999999915,64993349.5,3533550,0,18.61,18.61,18.2,18.48
002624,完美世界,17.55,3.1746031746031695,0.5399999999999991,903628090.46,51967370,0,16.95,17.65,16.95,17.01
002625,光启技术,55.41,10.005955926146514,5.039999999999999,4122745279.05,75734301,0,50.38,55.41,50.28,50.37
002626,金达威,20.08,-0.09950248756220459,-0.020000000000003126,189364141.32,9440946,0,20.1,20.2,19.92,20.1
002627,三峡旅游,7.65,-0.13054830287205987,-0.009999999999999787,154937043.18,20234089,0,7.66,7.77,7.58,7.66
002628,成都路桥,4.21,0.0,0.0,50521359.2,12029696,0,4.21,4.23,4.17,4.21
002629,仁智股份,6.86,1.1799410029498536,0.08000000000000007,128221148.0,18729000,0,6.9,6.99,6.73,6.78
002630,ST华西,2.69,1.5094339622641524,0.040000000000000036,129832154.56,48823816,0,2.64,2.74,2.6,2.65
002631,德尔未来,5.92,-1.1686143572621082,-0.07000000000000028,176565033.16,29973264,0,6.0,6.02,5.8,5.99
002632,道明光学,13.05,0.7722007722007832,0.10000000000000142,381992199.0,29534500,0,12.94,13.06,12.77,12.95
002633,申科股份,16.19,-0.7965686274509742,-0.129999999999999,50774792.5,3138650,0,16.33,16.43,16.0,16.32
002634,棒杰股份,6.15,3.0150753768844325,0.1800000000000006,92177076.88,15249214,0,5.98,6.17,5.91,5.97
002635,安洁科技,14.2,1.4285714285714235,0.1999999999999993,145863304.0,10319850,0,14.0,14.23,13.95,14.0
002636,金安国纪,16.67,-0.5369928400954644,-0.08999999999999986,333675790.6,20008461,0,16.64,16.98,16.39,16.76
002637,赞宇科技,10.4,0.8729388942773992,0.08999999999999986,89241155.31,8637454,0,10.3,10.42,10.26,10.31
002638,勤上股份,3.06,-0.3257328990227944,-0.009999999999999787,85404989.0,28062300,0,3.07,3.09,3.01,3.07
002639,雪人集团,24.57,1.6970198675496695,0.41000000000000014,9340568302.79,376191810,0,25.58,26.58,23.82,24.16
002640,跨境通,4.64,1.0893246187363796,0.04999999999999982,417290344.92,90564786,0,4.58,4.65,4.56,4.59
002641,公元股份,4.41,0.2272727272727224,0.009999999999999787,79262200.6,18039740,0,4.39,4.41,4.36,4.4
002642,荣联科技,8.65,1.6451233842538258,0.14000000000000057,199286255.0,23215300,0,8.48,8.65,8.46,8.51
002643,万润股份,15.81,0.5085823267641454,0.08000000000000007,646633111.64,41124510,0,15.59,15.88,15.5,15.73
002644,佛慈制药,8.78,0.11402508551881171,0.009999999999999787,57391138.8,6547090,0,8.78,8.79,8.72,8.77
002645,华宏科技,15.59,1.102464332036316,0.16999999999999993,340727527.87,21845695,0,15.42,15.83,15.35,15.42
002646,天佑德酒,8.83,0.22701475595913248,0.019999999999999574,51704126.19,5866102,0,8.81,8.85,8.76,8.81
002647,*ST仁东,8.22,-1.9093078758949895,-0.16000000000000014,303737149.0,36036600,0,8.54,8.77,8.1,8.38
002648,卫星化学,18.52,-1.5940488841657847,-0.3000000000000007,956000728.25,51434849,0,18.7,18.77,18.45,18.82
002649,博彦科技,14.41,7.69805680119581,1.0299999999999994,736635135.98,52433776,0,13.38,14.62,13.29,13.38
002650,ST加加,6.66,-2.2026431718061596,-0.14999999999999947,68073320.0,10097400,0,6.81,6.93,6.63,6.81
002651,利君股份,12.49,2.042483660130719,0.25,730651119.45,58757175,0,12.43,12.69,12.18,12.24
002652,扬子新材,3.98,1.0152284263959401,0.040000000000000036,183523359.6,46587820,0,3.95,3.99,3.88,3.94
002653,海思科,56.18,2.1454545454545446,1.1799999999999997,151054033.88,2700036,0,55.0,56.72,54.55,55.0
002654,万润科技,15.2,-0.7832898172323824,-0.120000000000001,842330365.94,55410613,0,15.17,15.35,15.0,15.32
002655,共达电声,13.2,2.009273570324573,0.2599999999999998,236907736.9,18078503,0,12.88,13.25,12.85,12.94
002656,*ST摩登,2.69,-0.3703703703703789,-0.010000000000000231,33484544.7,12504485,0,2.69,2.7,2.65,2.7
002657,中科金财,29.35,2.158022972502614,0.620000000000001,830796844.6,28570644,0,28.58,29.49,28.5,28.73
002658,雪迪龙,9.14,-0.6521739130434644,-0.05999999999999872,148723070.4,16301180,0,9.17,9.2,9.05,9.2
002659,凯文教育,6.23,1.9639934533551573,0.1200000000000001,233425360.0,38022650,0,6.09,6.23,6.04,6.11
002660,茂硕电源,9.43,0.42598509052182265,0.03999999999999915,64327421.0,6843000,0,9.36,9.45,9.34,9.39
002661,克明食品,9.17,0.0,0.0,28377919.0,3101900,0,9.17,9.18,9.11,9.17
002662,峰璟股份,3.99,-0.24999999999999467,-0.009999999999999787,98102166.7,24626046,0,4.0,4.02,3.94,4.0
002663,普邦股份,1.98,2.5906735751295358,0.050000000000000044,116208077.65,59651204,0,1.93,1.99,1.9,1.93
002664,信质集团,23.95,1.8282312925170057,0.4299999999999997,246854561.42,10328170,0,23.53,24.16,23.49,23.52
002666,德联集团,5.49,0.36563071297989874,0.020000000000000462,126034066.0,23120900,0,5.46,5.5,5.39,5.47
002667,威领股份,14.24,0.0,0.0,200880800.75,14187241,0,14.17,14.34,13.96,14.24
002668,TCL智家,10.25,0.5888125613346468,0.0600000000000005,116474074.93,11386460,0,10.18,10.29,10.14,10.19
002669,康达新材,15.41,-2.2208121827411142,-0.34999999999999964,395398053.0,25460800,0,15.79,15.85,15.23,15.76
002670,国盛证券,17.07,-0.05854800936766985,-0.00999999999999801,557919378.08,32774445,0,17.1,17.15,16.86,17.08
002671,龙泉股份,5.44,-1.090909090909084,-0.05999999999999961,109046697.0,20068100,0,5.49,5.5,5.37,5.5
002672,东江环保,4.8,-0.2079002079002035,-0.009999999999999787,37048998.0,7751000,0,4.81,4.82,4.74,4.81
002673,西部证券,8.08,0.622665006226659,0.05000000000000071,353021707.3,43798248,0,8.02,8.13,8.02,8.03
002674,兴业科技,14.54,2.2503516174402143,0.3199999999999985,171738840.24,11894701,0,14.35,14.74,14.15,14.22
002675,东诚药业,14.5,0.5547850208044388,0.08000000000000007,161837361.0,11134600,0,14.49,14.93,14.34,14.42
002676,顺威股份,8.47,1.315789473684225,0.11000000000000121,181289924.43,21515459,0,8.36,8.5,8.32,8.36
002677,浙江美大,9.21,-9.705882352941162,-0.9899999999999984,633349350.73,66987438,0,10.18,10.18,9.18,10.2
002678,珠江钢琴,5.44,0.0,0.0,101311057.77,18416150,0,5.58,5.7,5.42,5.44
002679,福建金森,11.84,-0.25273799494523475,-0.02999999999999936,72824665.0,6154400,0,11.87,11.94,11.7,11.87
002681,奋达科技,6.81,0.8888888888888832,0.05999999999999961,481231461.32,70981515,0,6.71,6.85,6.7,6.75
002682,龙洲股份,8.3,-0.7177033492822814,-0.05999999999999872,935051255.94,112525560,0,8.28,8.51,8.16,8.36
002683,广东宏大,49.24,1.3585837793330664,0.6600000000000037,1153641418.7,23370333,0,49.55,50.88,48.25,48.58
002685,华东重机,7.78,0.1287001287001374,0.010000000000000675,268319252.63,34597359,0,7.77,7.81,7.68,7.77
002686,亿利达,6.67,0.6033182503770744,0.040000000000000036,96242289.2,14512110,0,6.63,6.67,6.58,6.63
002687,乔治白,4.78,0.8438818565400852,0.040000000000000036,53189690.13,11234910,0,4.76,4.78,4.68,4.74
002688,金河生物,6.18,0.6514657980456032,0.040000000000000036,81736460.8,13289522,0,6.15,6.19,6.1,6.14
002689,ST远智,3.31,-0.6006006006006012,-0.020000000000000018,99662015.08,29896150,0,3.34,3.39,3.3,3.33
002690,美亚光电,21.47,1.17813383600377,0.25,111455254.71,5218566,0,21.25,21.5,21.11,21.22
002691,冀凯股份,8.95,1.9362186788154891,0.16999999999999993,241652876.04,27158748,0,8.75,9.1,8.7,8.78
002692,远程股份,5.31,-0.3752345215759937,-0.020000000000000462,73927390.4,13944840,0,5.32,5.36,5.26,5.33
002693,*ST双成,7.59,-1.043024771838332,-0.08000000000000007,89966027.0,11868200,0,7.7,7.81,7.48,7.67
002694,顾地科技,3.78,-2.325581395348845,-0.0900000000000003,45319572.0,11960600,0,3.86,3.86,3.75,3.87
002695,煌上煌,12.01,0.5862646566164178,0.07000000000000028,84003028.95,7007368,0,11.92,12.07,11.87,11.94
002696,百洋股份,7.4,4.51977401129944,0.3200000000000003,154468772.44,21293222,0,7.07,7.48,7.05,7.08
002697,红旗连锁,6.19,2.9950083194675643,0.1800000000000006,817197614.56,133509415,0,6.0,6.24,5.97,6.01
002698,博实股份,16.7,0.36057692307691536,0.05999999999999872,340438524.57,20343865,0,16.56,16.91,16.52,16.64
002700,万憬能源,7.01,0.14285714285713982,0.009999999999999787,30285650.0,4337060,0,7.0,7.02,6.94,7.0
002701,奥瑞金,6.04,3.0716723549488005,0.17999999999999972,506826962.9,83070082,0,5.9,6.23,5.9,5.86
002702,海欣食品,7.38,0.40816326530612584,0.03000000000000025,614275517.84,83815706,0,7.25,7.46,7.2,7.35
002703,浙江世宝,25.31,-5.0993625796775515,-1.360000000000003,3427608008.26,132603903,0,25.71,26.92,25.0,26.67
002705,新宝股份,14.35,0.9142053445850843,0.129999999999999,103146248.99,7221613,0,14.21,14.37,14.18,14.22
002706,良信股份,11.77,5.750224618149135,0.6399999999999988,748390467.65,65363445,0,11.1,11.88,10.97,11.13
002707,众信旅游,7.23,0.5563282336578587,0.040000000000000036,172166535.82,23884988,0,7.16,7.25,7.15,7.19
002708,光洋股份,13.46,2.0470053070508065,0.27000000000000135,277561724.74,20628900,0,13.24,13.63,13.24,13.19
002709,天赐材料,44.44,0.09009009009008817,0.03999999999999915,3344263939.03,74867296,0,44.01,45.3,43.61,44.4
002712,思美传媒,6.5,8.153078202995012,0.4900000000000002,399942573.9,63128480,0,6.01,6.55,5.98,6.01
002713,*ST东易,11.47,5.036630036630043,0.5500000000000007,7708987.0,672100,0,11.47,11.47,11.47,10.92
002714,牧原股份,49.76,-0.7974481658692156,-0.3999999999999986,1724805909.09,34581700,0,50.1,50.52,49.58,50.16
002715,登云股份,15.82,0.2534854245880921,0.040000000000000924,144786348.23,9188741,0,15.96,16.09,15.46,15.78
002716,湖南白银,7.9,2.199223803363518,0.16999999999999993,1735792570.99,221369865,0,7.66,7.98,7.63,7.73
002717,ST岭南,1.63,-0.6097560975609762,-0.010000000000000009,66054351.03,40675264,0,1.63,1.64,1.61,1.64
002718,友邦吊顶,51.51,4.737698251321672,2.3299999999999983,419693952.6,8227219,0,48.13,53.35,48.13,49.18
002719,麦趣尔,8.67,1.1668611435239165,0.09999999999999964,66909256.0,7772200,0,8.58,8.68,8.49,8.57
002721,金一文化,3.14,0.0,0.0,120117342.0,38338800,0,3.14,3.16,3.11,3.14
002722,物产金轮,15.36,0.3921568627450896,0.05999999999999872,58043006.96,3793103,0,15.36,15.38,15.2,15.3
002723,小崧股份,8.99,4.534883720930239,0.39000000000000057,206699597.6,23191020,0,8.64,9.12,8.64,8.6
002724,海洋王,6.96,-0.1434720229555206,-0.009999999999999787,52952940.8,7621940,0,7.0,7.02,6.9,6.97
002725,跃岭股份,18.31,2.5770308123249146,0.4599999999999973,727134952.96,40225722,0,18.2,18.5,17.65,17.85
002726,龙大美食,4.22,0.23752969121139636,0.009999999999999787,64305238.72,15275679,0,4.2,4.24,4.18,4.21
002727,一心堂,13.3,0.6051437216338886,0.08000000000000007,144826989.15,10923240,0,13.21,13.34,13.15,13.22
002728,特一药业,11.68,1.3888888888888902,0.16000000000000014,399474535.16,34512043,0,11.52,11.72,11.44,11.52
002729,好利科技,17.94,9.993868792152071,1.6300000000000026,234334661.9,13296313,0,16.45,17.94,16.45,16.31
002730,电光科技,15.63,2.0901371652514715,0.3200000000000003,164038561.7,10558414,0,15.31,15.76,15.31,15.31
002731,萃华珠宝,12.76,1.4308426073131935,0.17999999999999972,118307495.6,9348120,0,12.58,12.76,12.55,12.58
002732,燕塘乳业,17.25,0.46592894583575006,0.0799999999999983,47306521.0,2755000,0,17.18,17.25,17.1,17.17
002733,雄韬股份,20.73,1.072647489029736,0.21999999999999886,325941644.78,15772348,0,20.59,20.82,20.45,20.51
002734,利民股份,16.8,0.35842293906811395,0.060000000000002274,280719563.03,16786527,0,16.67,16.82,16.56,16.74
002735,王子新材,22.19,5.165876777251184,1.0899999999999999,2420845684.89,112756520,0,20.31,23.2,20.29,21.1
002736,国信证券,13.45,0.5983545250560963,0.08000000000000007,485082250.18,36063619,0,13.37,13.64,13.3,13.37
002737,葵花药业,15.04,0.736771600803747,0.10999999999999943,37188358.12,2478864,0,14.95,15.08,14.93,14.93
002738,中矿资源,80.3,-0.8641975308642011,-0.7000000000000028,2216558422.9,27524061,0,80.58,82.16,79.0,81.0
002739,万达电影,11.45,0.5267778753292249,0.05999999999999872,632557386.04,55515840,0,11.37,11.45,11.34,11.39
002741,光华科技,21.45,-1.1520737327188941,-0.25,395391039.58,18348030,0,21.55,21.72,21.4,21.7
002742,*ST三圣,4.46,-0.2237136465324337,-0.009999999999999787,43030226.0,9606100,0,4.46,4.55,4.43,4.47
002743,富煌钢构,5.63,-0.880281690140842,-0.04999999999999982,62327107.0,11092000,0,5.69,5.73,5.58,5.68
002745,木林森,9.4,-0.8438818565400852,-0.08000000000000007,442229251.29,47014613,0,9.48,9.58,9.24,9.48
002746,仙坛股份,6.12,0.0,0.0,72903133.02,11917548,0,6.13,6.14,6.1,6.12
002747,埃斯顿,24.25,0.7478188616535094,0.17999999999999972,753532791.68,31082893,0,23.9,24.53,23.88,24.07
002748,世龙实业,12.64,-0.3154574132492046,-0.03999999999999915,220524210.78,17384106,0,12.73,12.97,12.51,12.68
002749,国光股份,13.25,-0.15071590052750244,-0.019999999999999574,28320264.72,2137490,0,13.25,13.29,13.18,13.27
002750,龙津退,0.59,3.5087719298245648,0.020000000000000018,11866185.0,19729839,0,0.6,0.63,0.57,0.57
002752,昇兴股份,6.98,0.2873563218390871,0.020000000000000462,270879708.85,38932855,0,7.0,7.05,6.87,6.96
002753,永东股份,7.22,-0.2762430939226583,-0.020000000000000462,51355951.03,7126237,0,7.25,7.27,7.17,7.24
002755,奥赛康,19.02,4.5629466739966915,0.8299999999999983,535691408.35,28599229,0,18.6,19.09,18.33,18.19
002756,永兴材料,53.83,-0.46227810650887574,-0.25,605760278.24,11158376,0,53.21,55.52,52.96,54.08
002757,南兴股份,25.0,5.174589819099707,1.2300000000000004,2988229970.94,122659619,0,23.0,26.15,22.5,23.77
002758,浙农股份,10.12,1.8108651911468785,0.17999999999999972,119719069.5,11866622,0,9.93,10.15,9.92,9.94
002759,天际股份,46.13,-1.641791044776111,-0.769999999999996,4251407753.74,91216758,0,45.93,47.68,45.7,46.9
002760,凤形股份,22.05,0.04537205081670401,0.010000000000001563,70735676.0,3203900,0,22.22,22.26,21.89,22.04
002761,浙江建投,8.76,-1.1286681715575582,-0.09999999999999964,134432912.73,15320297,0,8.81,8.86,8.7,8.86
002762,*ST金比,7.38,2.499999999999996,0.17999999999999972,55254392.78,7616362,0,7.2,7.48,7.09,7.2
002763,汇洁股份,7.57,0.664893617021286,0.05000000000000071,97808136.0,13059680,0,7.52,7.57,7.43,7.52
002765,蓝黛科技,13.23,1.9260400616332818,0.25,481032098.84,36126127,0,12.96,13.48,12.95,12.98
002766,索菱股份,6.74,-6.388888888888888,-0.45999999999999996,1002825014.62,145371558,0,6.95,7.14,6.69,7.2
002767,先锋电子,22.21,0.2256317689530718,0.05000000000000071,125111209.5,5655050,0,22.14,22.49,21.9,22.16
002768,国恩股份,56.6,5.10677808727948,2.75,318915353.17,5749799,0,53.81,57.33,53.78,53.85
002769,普路通,11.36,-0.9590235396687115,-0.11000000000000121,208761580.3,18362196,0,11.5,11.55,11.26,11.47
002771,真视通,15.87,1.9922879177377808,0.3099999999999987,110456350.2,7034220,0,15.51,15.91,15.48,15.56
002772,众兴菌业,16.48,2.3602484472049623,0.379999999999999,281284696.28,17309968,0,16.1,16.78,15.85,16.1
002773,康弘药业,34.33,2.876835480970935,0.9600000000000009,494541582.91,14555555,0,33.42,34.6,33.2,33.37
002774,快意电梯,14.95,10.00735835172921,1.3599999999999994,150429421.0,10279300,0,14.25,14.95,14.25,13.59
002775,文科股份,4.45,2.0642201834862353,0.08999999999999986,48292602.15,10970393,0,4.35,4.46,4.35,4.36
002777,久远银海,20.31,10.021668472372685,1.8499999999999979,849235458.71,42902891,0,18.66,20.31,18.63,18.46
002778,中晟高科,21.75,-0.1835704451583256,-0.03999999999999915,79575680.6,3684300,0,21.78,21.9,21.4,21.79
002779,中坚科技,111.76,0.0,0.0,401347491.71,3607059,0,111.78,112.5,110.41,111.76
002780,三夫户外,14.45,1.617440225035152,0.22999999999999865,99144263.48,6900201,0,14.23,14.48,14.19,14.22
002782,可立克,19.19,0.4712041884816746,0.08999999999999986,214828068.09,11204622,0,19.01,19.33,18.97,19.1
002783,凯龙股份,9.86,1.1282051282051224,0.10999999999999943,177590909.2,17997814,0,9.75,10.02,9.75,9.75
002785,万里石,36.7,2.228412256267421,0.8000000000000043,418397000.0,11403200,0,35.88,37.22,35.71,35.9
002786,银宝山新,8.9,0.2252252252252204,0.019999999999999574,80870349.0,9103300,0,8.88,8.94,8.83,8.88
002787,华源控股,12.74,-1.7733230531996949,-0.23000000000000043,274542441.9,20898398,0,13.03,13.67,12.67,12.97
002788,鹭燕医药,26.82,-2.4372499090578326,-0.6699999999999982,1970547939.57,73433296,0,27.22,28.0,25.4,27.49
002789,*ST建艺,10.46,-0.4757373929590764,-0.049999999999998934,60668107.5,5849950,0,10.4,10.52,10.22,10.51
002790,瑞尔特,8.5,-0.11750881316098458,-0.009999999999999787,73546454.04,8686988,0,8.49,8.53,8.39,8.51
002791,坚朗五金,21.83,0.5064456721915259,0.10999999999999943,115361503.76,5297575,0,21.67,21.92,21.61,21.72
002792,通宇通讯,60.78,6.0547897400104675,3.469999999999999,7873100929.43,132095388,0,57.31,61.0,56.75,57.31
002793,罗欣药业,5.03,1.6161616161616175,0.08000000000000007,80659444.9,16166111,0,4.97,5.03,4.93,4.95
002795,永和智控,7.45,10.044313146233392,0.6800000000000006,360830356.99,50434613,0,7.03,7.45,6.87,6.77
002796,世嘉科技,32.82,9.472981987991993,2.84,1554926425.57,50449181,0,29.56,32.98,28.01,29.98
002797,第一创业,7.06,0.42674253200568074,0.02999999999999936,500251284.71,70960836,0,7.03,7.09,7.01,7.03
002798,帝欧水华,6.16,0.0,0.0,55156121.97,9033757,0,6.18,6.18,6.05,6.16
002799,环球印务,9.37,4.575892857142839,0.40999999999999837,194020398.8,20910196,0,8.96,9.45,8.86,8.96
002800,天顺股份,16.02,-0.12468827930174299,-0.019999999999999574,101630448.64,6350796,0,15.99,16.49,15.74,16.04
002801,微光股份,35.7,0.6200676437429706,0.22000000000000597,75271972.61,2107126,0,35.48,35.99,35.39,35.48
002802,洪汇新材,12.67,0.23734177215189367,0.02999999999999936,32304828.92,2562124,0,12.67,12.7,12.51,12.64
002803,吉宏股份,17.97,3.693017888055399,0.6400000000000006,262871323.53,14781080,0,17.35,17.97,17.34,17.33
002805,丰元股份,17.47,-0.6257110352673461,-0.10999999999999943,279747678.86,15957175,0,17.58,17.78,17.33,17.58
002806,华锋股份,12.5,0.08006405124099109,0.009999999999999787,105100987.29,8418866,0,12.5,12.62,12.4,12.49
002807,江阴银行,4.57,0.4395604395604497,0.020000000000000462,141881435.52,31159972,0,4.57,4.57,4.54,4.55
002808,*ST恒久,5.23,-0.3809523809523728,-0.019999999999999574,17534631.8,3335100,0,5.3,5.31,5.21,5.25
002809,红墙股份,10.81,0.3714020427112435,0.040000000000000924,42051523.5,3905680,0,10.79,10.85,10.66,10.77
002810,山东赫达,14.95,-1.7094017094017195,-0.26000000000000156,240721953.69,16201512,0,15.1,15.11,14.65,15.21
002811,郑中设计,16.11,0.3113325031133295,0.05000000000000071,136882530.4,8615540,0,16.12,16.29,15.58,16.06
002812,恩捷股份,53.81,-0.44403330249767786,-0.23999999999999488,1538505702.77,28239197,0,53.42,55.48,52.55,54.05
002813,路畅科技,31.12,-0.8917197452229223,-0.2799999999999976,153294271.52,4911802,0,31.43,31.55,30.9,31.4
002815,崇达技术,14.44,2.121640735502114,0.29999999999999893,693871525.7,48486124,0,14.1,14.5,13.97,14.14
002816,*ST和科,22.63,-1.6941789748045204,-0.39000000000000057,67028085.0,2951700,0,23.02,23.13,22.35,23.02
002817,黄山胶囊,7.8,1.0362694300518145,0.08000000000000007,44780943.25,5788772,0,7.72,7.83,7.64,7.72
002818,富森美,11.21,-0.17809439002671035,-0.019999999999999574,44817343.7,4000320,0,11.23,11.29,11.16,11.23
002819,东方中科,30.0,0.23387905111927929,0.07000000000000028,363409673.1,12143830,0,29.8,30.12,29.5,29.93
002820,桂发祥,12.32,0.48939641109298937,0.0600000000000005,128097432.98,10465962,0,12.26,12.33,12.13,12.26
002821,凯莱英,103.97,3.5970506177760058,3.6099999999999994,830127597.81,8124174,0,100.25,104.77,99.66,100.36
002822,*ST中装,3.82,-1.0362694300518145,-0.040000000000000036,69588909.45,18142004,0,3.86,3.87,3.82,3.86
002823,凯中精密,16.64,1.0321797207043213,0.1700000000000017,136305759.96,8249147,0,16.47,16.68,16.36,16.47
002824,和胜股份,19.49,1.988487702773412,0.379999999999999,150325075.35,7772335,0,19.09,19.49,19.05,19.11
002825,纳尔股份,11.68,-0.3412969283276529,-0.040000000000000924,114869500.07,9911850,0,11.74,11.74,11.46,11.72
002826,易明医药,18.41,0.10875475802066108,0.019999999999999574,99031556.0,5405300,0,18.43,18.43,18.08,18.39
002827,高争民爆,38.68,0.5981794538361427,0.22999999999999687,249230972.0,6464850,0,38.7,38.83,38.33,38.45
002828,贝肯能源,11.64,3.1914893617021387,0.3600000000000012,337780307.08,29309330,0,11.56,11.77,11.32,11.28
002829,星网宇达,32.45,0.30911901081916976,0.10000000000000142,798217145.59,24492279,0,32.34,33.5,31.91,32.35
002830,名雕股份,19.98,0.8072653884964689,0.16000000000000014,83650621.0,4240200,0,19.89,20.09,19.31,19.82
002831,裕同科技,27.8,1.4598540145985481,0.40000000000000213,243766974.85,8788815,0,27.5,28.04,27.41,27.4
002832,比音勒芬,15.21,0.39603960396039933,0.0600000000000005,85001034.65,5599460,0,15.18,15.21,15.11,15.15
002833,弘亚数控,16.61,0.0602409638554097,0.00999999999999801,69244770.95,4178289,0,16.61,16.7,16.45,16.6
002835,同为股份,16.63,0.8489993935718653,0.14000000000000057,49726527.0,3006900,0,16.46,16.63,16.41,16.49
002836,新宏泽,16.52,6.856403622250962,1.0599999999999987,264970583.49,16498175,0,15.6,16.95,15.24,15.46
002837,英维克,102.19,0.6203229617959781,0.6299999999999955,5087264229.57,49978569,0,101.11,103.94,98.8,101.56
002838,道恩股份,27.31,9.987917841320986,2.4800000000000004,326760808.21,12337083,0,24.85,27.31,24.74,24.83
002839,张家港行,4.54,0.22075055187637496,0.009999999999999787,120264206.35,26645598,0,4.52,4.54,4.49,4.53
002840,华统股份,9.7,0.41407867494823136,0.03999999999999915,117119227.09,12108842,0,9.64,9.7,9.64,9.66
002841,视源股份,40.45,0.5718547986076677,0.23000000000000398,203232424.02,5042468,0,40.28,40.5,39.94,40.22
002842,翔鹭钨业,16.55,4.746835443037974,0.75,886538768.14,53651955,0,15.8,17.12,15.68,15.8
002843,泰嘉股份,21.74,-1.2715712988192605,-0.28000000000000114,738031242.66,34484267,0,21.5,21.74,20.9,22.02
002845,同兴达,14.54,-1.2898845892736,-0.19000000000000128,162918425.17,11166921,0,14.7,14.87,14.44,14.73
002846,英联股份,16.68,0.4819277108433632,0.0799999999999983,146212206.62,8796559,0,16.6,16.71,16.46,16.6
002847,盐津铺子,72.68,0.5534034311012807,0.4000000000000057,224357056.9,3113295,0,72.27,72.8,71.16,72.28
002848,*ST高斯,10.27,5.010224948875258,0.4900000000000002,123533886.0,12149400,0,9.7,10.27,9.7,9.78
002849,威星智能,17.55,10.031347962382455,1.6000000000000014,187429903.5,10795530,0,16.25,17.55,16.25,15.95
002850,科达利,166.62,7.70523594053007,11.920000000000016,1552764503.72,9510634,0,155.12,166.9,155.12,154.7
002851,麦格米特,100.81,3.3948717948717975,3.3100000000000023,2153018191.08,21405602,0,97.52,103.96,95.8,97.5
002852,道道全,11.05,0.6375227686703122,0.07000000000000028,61074498.01,5563537,0,10.98,11.05,10.89,10.98
002853,皮阿诺,21.91,-1.836917562724015,-0.41000000000000014,296991682.38,13484118,0,22.01,22.45,21.61,22.32
002855,捷荣技术,16.78,0.2988643156007215,0.05000000000000071,55688393.98,3322874,0,16.73,16.84,16.7,16.73
002856,美芝股份,13.27,4.901185770750982,0.6199999999999992,116820811.68,9054404,0,12.72,13.4,12.51,12.65
002857,三晖电气,21.52,0.0,0.0,117928812.0,5487200,0,21.53,21.87,21.25,21.52
002858,力盛体育,15.81,0.9578544061302704,0.15000000000000036,82075842.0,5215000,0,15.68,15.88,15.56,15.66
002859,洁美科技,29.6,1.127434233003081,0.33000000000000185,121355746.55,4133120,0,29.27,29.86,29.0,29.27
002860,星帅尔,14.1,0.5706134094151218,0.08000000000000007,264174998.13,18579980,0,14.01,14.53,13.97,14.02
002861,瀛通通讯,18.65,1.1937059142702056,0.21999999999999886,121005613.25,6554540,0,18.43,18.78,18.21,18.43
002862,实丰文化,20.48,6.0590367685137325,1.1700000000000017,282302573.95,14072120,0,19.36,20.75,19.2,19.31
002863,今飞凯达,5.86,2.0905923344947754,0.1200000000000001,139847860.42,24033771,0,5.74,5.93,5.73,5.74
002864,盘龙药业,34.37,0.14568764568763742,0.04999999999999716,281704623.73,8217723,0,34.3,34.97,33.86,34.32
002865,钧达股份,70.66,3.108127827228944,2.1299999999999955,4769920855.92,65859799,0,69.99,75.38,67.8,68.53
002866,传艺科技,18.35,0.05452562704471954,0.010000000000001563,196339422.55,10723900,0,18.36,18.42,18.16,18.34
002867,周大生,12.18,0.4950495049504992,0.0600000000000005,62883491.34,5177750,0,12.14,12.18,12.11,12.12
002868,*ST绿康,36.38,-2.7012570205937365,-1.009999999999998,120498382.05,3235275,0,37.88,38.7,36.21,37.39
002869,金溢科技,24.76,-0.9599999999999936,-0.23999999999999844,163385710.0,6592520,0,25.12,25.12,24.4,25.0
002870,香山股份,38.56,1.0217448257794093,0.39000000000000057,217429537.0,5700100,0,38.1,38.78,37.6,38.17
002871,伟隆股份,19.04,4.443225452550734,0.8099999999999987,112762467.8,6050755,0,18.18,19.15,18.18,18.23
002872,ST天圣,4.91,0.40899795501023445,0.020000000000000462,8892593.5,1815350,0,4.9,4.92,4.87,4.89
002873,新天药业,10.27,0.9832841691248736,0.09999999999999964,56289197.84,5533636,0,10.19,10.27,10.08,10.17
002875,安奈儿,17.6,-0.17016449234258413,-0.029999999999997584,102119623.37,5835353,0,17.53,17.69,17.36,17.63
002876,三利谱,24.64,-0.6852075775896742,-0.16999999999999815,83686513.98,3390662,0,24.72,24.92,24.49,24.81
002877,智能自控,9.46,0.21186440677967533,0.02000000000000135,177736565.31,18906451,0,9.37,9.48,9.29,9.44
002878,元隆雅图,19.78,4.324894514767934,0.8200000000000003,574591695.91,29558284,0,18.96,19.83,18.85,18.96
002879,长缆科技,19.13,-0.8808290155440502,-0.1700000000000017,200048223.2,10427860,0,19.38,19.5,18.9,19.3
002880,卫光生物,26.1,-0.038299502106464996,-0.00999999999999801,32565438.31,1247077,0,26.25,26.46,25.89,26.11
002881,美格智能,46.7,2.412280701754389,1.1000000000000014,513934317.93,11122234,0,45.37,46.8,45.3,45.6
002882,金龙羽,33.81,0.44563279857399196,0.15000000000000568,507336659.0,15030000,0,33.65,34.0,33.22,33.66
002883,中设股份,11.08,0.7272727272727278,0.08000000000000007,38353550.6,3483092,0,10.98,11.09,10.93,11.0
002884,凌霄泵业,17.46,0.8665511265164769,0.15000000000000213,62293736.89,3569808,0,17.43,17.57,17.36,17.31
002885,京泉华,27.71,1.6880733944954158,0.46000000000000085,1244055187.04,44153449,0,28.23,28.62,27.61,27.25
002886,沃特股份,23.1,-2.2842639593908594,-0.5399999999999991,368854455.5,15888250,0,23.16,23.47,23.0,23.64
002887,绿茵生态,9.35,-0.31982942430704836,-0.030000000000001137,33462522.75,3586125,0,9.42,9.47,9.25,9.38
002888,惠威科技,20.09,1.515917129863571,0.3000000000000007,117456117.0,5908900,0,19.85,20.17,19.59,19.79
002889,东方嘉盛,15.7,-0.0636537237428489,-0.010000000000001563,88225752.4,5635553,0,15.65,15.73,15.59,15.71
002890,弘宇股份,14.6,0.1371742112482824,0.019999999999999574,27235562.89,1866967,0,14.57,14.7,14.41,14.58
002891,中宠股份,52.74,0.6296508299942862,0.3300000000000054,164797856.18,3138511,0,52.41,52.88,52.01,52.41
002892,科力尔,13.38,0.9049773755656184,0.120000000000001,188875824.38,14135814,0,13.26,13.44,13.19,13.26
002893,京能热力,11.44,-0.26155187445511013,-0.030000000000001137,126403287.08,11067029,0,11.47,11.48,11.36,11.47
002895,川恒股份,38.58,0.7310704960835539,0.28000000000000114,403951888.6,10538140,0,38.0,38.78,37.53,38.3
002896,中大力德,89.04,0.04494382022472613,0.04000000000000625,1003266872.78,11201035,0,88.02,90.72,87.88,89.0
002897,意华股份,53.98,1.010479041916166,0.5399999999999991,585491931.0,10887600,0,52.92,54.87,52.39,53.44
002898,*ST赛隆,13.99,-0.7097232079488974,-0.09999999999999964,17934716.2,1276130,0,14.06,14.25,13.91,14.09
002899,英派斯,29.64,3.96352157137846,1.129999999999999,207904285.39,7156436,0,28.5,29.88,28.33,28.51
002900,哈三联,12.96,0.30959752321982137,0.040000000000000924,67293085.0,5218000,0,12.91,12.97,12.82,12.92
002901,大博医疗,51.19,3.393253888103413,1.6799999999999997,173440650.4,3435565,0,49.49,51.25,49.13,49.51
002902,铭普光磁,22.43,-0.7522123893805385,-0.1700000000000017,273622900.82,12224102,0,22.46,22.67,22.16,22.6
002903,宇环数控,24.11,0.8786610878661123,0.21000000000000085,212938981.84,8869955,0,24.24,24.29,23.65,23.9
002905,金逸影视,11.25,1.626016260162599,0.17999999999999972,206670010.28,18554368,0,11.03,11.35,10.98,11.07
002906,华阳集团,33.11,0.791476407914758,0.259999999999998,389999405.3,11778919,0,33.02,33.48,32.7,32.85
002907,华森制药,15.4,0.522193211488251,0.08000000000000007,55679718.06,3635477,0,15.33,15.4,15.21,15.32
002908,德生科技,10.79,3.4515819750719023,0.35999999999999943,397825614.88,37477374,0,10.4,10.79,10.36,10.43
002909,集泰股份,7.25,1.2569832402234618,0.08999999999999986,223599052.99,30940739,0,7.16,7.3,7.11,7.16
002910,庄园牧场,11.51,1.6784452296819745,0.1899999999999995,185422614.0,16313500,0,11.33,11.51,11.27,11.32
002911,佛燃能源,12.44,1.3029315960912065,0.16000000000000014,167141889.7,13323332,0,12.83,12.99,12.36,12.28
002912,中新赛克,33.6,6.972301814708695,2.1900000000000013,357301239.77,10726608,0,31.4,34.43,31.32,31.41
002913,奥士康,42.28,-2.0616168635626604,-0.8900000000000006,194350752.09,4599720,0,42.68,43.04,41.8,43.17
002915,中欣氟材,24.17,0.7503126302626231,0.18000000000000327,326396127.98,13479930,0,23.88,24.45,23.83,23.99
002916,深南电路,232.25,-2.0042194092827006,-4.75,1792142352.41,7732542,0,233.33,236.59,225.0,237.0
002917,金奥博,13.57,0.5930318754633066,0.08000000000000007,73863801.22,5462422,0,13.52,13.57,13.44,13.49
002918,蒙娜丽莎,15.8,1.7385705086928611,0.27000000000000135,155014101.96,9914289,0,15.5,15.98,15.25,15.53
002919,名臣健康,23.54,2.4369016536118306,0.5599999999999987,155128898.8,6660916,0,22.98,23.57,22.93,22.98
002920,德赛西威,134.65,1.385437843535881,1.8400000000000034,2483700657.31,18453855,0,132.0,137.28,131.5,132.81
002921,联诚精密,18.34,1.214128035320082,0.21999999999999886,203690385.8,11059702,0,18.12,18.8,18.12,18.12
002922,伊戈尔,36.27,2.835270768358378,1.0,1245257035.36,34216662,0,35.11,37.71,34.81,35.27
002923,润都股份,12.7,0.9538950715421243,0.11999999999999922,53595302.3,4254002,0,12.57,12.71,12.48,12.58
002925,盈趣科技,20.7,3.0876494023904435,0.620000000000001,1110330443.99,53911545,0,20.61,20.98,20.31,20.08
002926,华西证券,9.36,0.2141327623126293,0.019999999999999574,255246556.91,27268543,0,9.33,9.44,9.3,9.34
002927,泰永长征,23.38,10.0235294117647,2.129999999999999,655879721.37,29725745,0,21.13,23.38,20.83,21.25
002928,华夏航空,10.81,-1.0978956999085017,-0.11999999999999922,281475591.59,26174327,0,10.91,10.99,10.63,10.93
002929,润建股份,47.45,4.72301920105937,2.1400000000000006,1562649652.24,33444688,0,46.12,48.52,45.32,45.31
002930,宏川智慧,11.16,2.667893284268638,0.2900000000000009,96450647.66,8635576,0,10.9,11.35,10.9,10.87
002931,锋龙股份,51.06,9.99569151227919,4.640000000000001,49732644.24,974004,0,51.06,51.06,51.06,46.42
002932,明德生物,18.76,0.3208556149732742,0.060000000000002274,67063952.22,3585989,0,18.66,18.76,18.64,18.7
002933,新兴装备,36.81,0.9599561162918305,0.3500000000000014,238552434.0,6479600,0,36.43,37.18,36.34,36.46
002935,天奥电子,23.15,-1.4893617021276655,-0.3500000000000014,894002472.99,38035156,0,23.28,24.45,22.92,23.5
002936,郑州银行,1.94,0.0,0.0,143732558.19,74139695,0,1.94,1.95,1.93,1.94
002937,兴瑞科技,24.12,-1.8714401952807052,-0.4599999999999973,192350018.97,7973489,0,24.42,24.79,23.71,24.58
002938,鹏鼎控股,53.42,1.0785241248817412,0.5700000000000003,2123139905.28,39908879,0,52.28,54.77,51.05,52.85
002939,长城证券,10.28,0.4887585532746719,0.049999999999998934,409319459.89,39930821,0,10.2,10.32,10.18,10.23
002940,昂利康,35.84,0.674157303370792,0.240000000000002,347681265.05,9774751,0,35.3,36.13,35.1,35.6
002941,新疆交建,16.82,0.8393285371702672,0.14000000000000057,418443531.09,24965654,0,16.57,16.87,16.57,16.68
002942,新农股份,20.3,-0.9756097560975575,-0.1999999999999993,54207955.6,2675580,0,20.48,20.53,20.05,20.5
002943,宇晶股份,52.7,-3.867201751185694,-2.1199999999999974,1320853785.03,24399568,0,55.86,57.2,51.9,54.82
002945,华林证券,17.8,5.200945626477535,0.879999999999999,1960450479.76,112995823,0,16.66,18.24,16.65,16.92
002946,新乳业,18.7,0.48361096184846786,0.08999999999999986,103739134.93,5554087,0,18.65,18.95,18.48,18.61
002947,恒铭达,50.05,-0.41782729805014096,-0.21000000000000085,331280863.1,6622824,0,50.46,50.49,49.68,50.26
002948,青岛银行,4.43,-0.8948545861297548,-0.040000000000000036,213628954.36,48246778,0,4.46,4.47,4.4,4.47
002949,华阳国际,16.06,2.9487179487179427,0.4599999999999991,119991572.0,7582700,0,15.61,16.28,15.44,15.6
002950,奥美医疗,11.52,1.3192612137203197,0.15000000000000036,119587239.98,10448704,0,11.42,11.62,11.31,11.37
002951,金时科技,14.9,-0.2009377093101096,-0.02999999999999936,92453277.0,6247200,0,15.03,15.03,14.66,14.93
002952,亚世光电,21.2,-0.18832391713747246,-0.03999999999999915,125614961.75,5963350,0,21.18,21.35,20.83,21.24
002953,日丰股份,12.2,2.006688963210689,0.23999999999999844,180771554.95,14987825,0,11.98,12.26,11.85,11.96
002955,鸿合科技,30.41,2.115513767629278,0.629999999999999,134481987.85,4482356,0,29.74,30.5,29.55,29.78
002956,西麦食品,27.47,1.9294990723562135,0.5199999999999996,58883119.71,2161920,0,26.96,27.72,26.75,26.95
002957,科瑞技术,23.04,0.4797208896641929,0.10999999999999943,318133754.13,13861947,0,22.91,23.16,22.71,22.93
002958,青农商行,3.1,0.32362459546926314,0.010000000000000231,119756591.0,38753300,0,3.09,3.1,3.08,3.09
002959,小熊电器,43.67,1.6053978594695322,0.6900000000000048,99931610.19,2303849,0,43.0,43.76,42.92,42.98
002960,青鸟消防,11.34,0.7104795737122565,0.08000000000000007,150199287.6,13249694,0,11.22,11.45,11.19,11.26
002961,瑞达期货,26.38,0.4187285877426701,0.10999999999999943,317472165.31,12056116,0,26.23,26.75,26.11,26.27
002962,五方光电,14.95,1.4935505770536242,0.21999999999999886,87491800.6,5903848,0,14.74,14.98,14.66,14.73
002963,豪尔赛,15.03,0.3337783711615416,0.049999999999998934,47875333.0,3201800,0,15.04,15.18,14.71,14.98
002965,祥鑫科技,42.27,1.1244019138756123,0.47000000000000597,536349797.32,12626510,0,41.7,43.25,41.51,41.8
002966,苏州银行,8.14,0.4938271604938386,0.040000000000000924,259768035.39,32065283,0,8.11,8.14,8.07,8.1
002967,广电计量,23.8,0.0,0.0,719926990.0,29961210,0,24.27,24.58,23.41,23.8
002968,新大正,12.46,0.0,0.0,51176526.1,4124690,0,12.46,12.53,12.26,12.46
002969,嘉美包装,0.0,-100.0,-15.07,0.0,0,0,0.0,0.0,0.0,15.07
002970,锐明技术,55.41,2.0817980840088346,1.1299999999999955,426467904.46,7737054,0,53.8,56.09,53.48,54.28
002971,和远气体,32.23,-4.162949747249496,-1.4000000000000057,694668536.61,21861610,0,32.0,32.44,31.09,33.63
002972,科安达,12.02,0.9235936188077198,0.10999999999999943,39624507.4,3317039,0,11.92,12.04,11.82,11.91
002973,侨银股份,13.84,-1.8439716312056722,-0.2599999999999998,81383473.0,5850800,0,14.09,14.23,13.74,14.1
002975,博杰股份,79.26,-2.5811209439527953,-2.0999999999999943,379651506.15,4765045,0,80.52,81.24,79.0,81.36
002976,瑞玛精密,28.13,-0.7410021171489092,-0.21000000000000085,114866603.4,4091000,0,28.26,28.39,27.75,28.34
002977,天箭科技,38.56,3.12917892484622,1.1700000000000017,864285740.2,22393844,0,39.91,39.91,37.53,37.39
002978,安宁股份,36.68,2.229654403567439,0.7999999999999972,494019585.21,13480898,0,35.66,37.3,35.66,35.88
002979,雷赛智能,42.95,1.584673604541158,0.6700000000000017,331041124.51,7695847,0,42.35,43.56,42.1,42.28
002980,华盛昌,21.82,0.0917431192660531,0.019999999999999574,54722561.4,2514520,0,21.76,21.89,21.61,21.8
002981,朝阳科技,29.71,1.0200612036722227,0.3000000000000007,97177884.8,3297620,0,29.39,29.71,29.18,29.41
002982,湘佳股份,13.98,1.4513788098693838,0.20000000000000107,33771550.16,2434866,0,13.83,13.98,13.76,13.78
002983,芯瑞达,23.72,0.0,0.0,170628679.84,7257215,0,23.69,23.8,23.25,23.72
002984,森麒麟,21.27,-0.42134831460674094,-0.08999999999999986,362014907.5,17061860,0,21.36,21.64,20.93,21.36
002985,北摩高科,34.22,0.4402700322864649,0.14999999999999858,821851305.23,23855532,0,34.38,35.28,33.61,34.07
002986,宇新股份,11.11,-0.6261180679785356,-0.07000000000000028,50047789.13,4499249,0,11.25,11.29,10.99,11.18
002987,京北方,20.87,3.0617283950617336,0.620000000000001,504354673.89,24436259,0,20.3,20.87,20.29,20.25
002988,豪美新材,40.33,1.5613195668597266,0.6199999999999974,144967292.98,3597487,0,39.47,40.88,39.37,39.71
002989,中天精装,30.99,-3.9665323830182975,-1.2800000000000047,326938006.65,10533013,0,31.74,32.39,30.21,32.27
002990,盛视科技,30.12,0.23294509151414403,0.07000000000000028,108197619.6,3603335,0,30.0,30.32,29.78,30.05
002991,甘源食品,59.89,-0.39913520705139194,-0.240000000000002,62673823.2,1041640,0,59.94,60.68,59.6,60.13
002992,宝明科技,48.39,0.14486754966887477,0.07000000000000028,97441922.94,2022967,0,48.06,48.75,47.81,48.32
002993,奥海科技,45.48,0.41951865754029083,0.18999999999999773,176171630.74,3875700,0,45.0,46.07,44.92,45.29
002995,天地在线,18.64,4.836895388076487,0.8599999999999994,170123258.12,9284001,0,17.71,18.71,17.7,17.78
002996,顺博合金,7.89,1.413881748071972,0.10999999999999943,90953814.0,11546530,0,7.77,7.92,7.75,7.78
002997,瑞鹄模具,37.15,0.053864799353611686,0.01999999999999602,119307150.22,3212062,0,37.14,37.38,36.95,37.13
002998,优彩资源,7.67,-0.5188067444876788,-0.040000000000000036,53098829.0,6957500,0,7.72,7.75,7.55,7.71
002999,天禾股份,6.85,-0.14577259475219642,-0.010000000000000675,53305079.6,7810340,0,6.84,6.87,6.76,6.86
003000,劲仔食品,11.46,-0.08718395815169823,-0.009999999999999787,49072785.72,4289388,0,11.45,11.47,11.41,11.47
003001,中岩大地,22.13,1.0963910461397826,0.23999999999999844,129995541.34,5937507,0,21.88,22.36,21.57,21.89
003002,壶化股份,30.94,-2.765556253928344,-0.879999999999999,344366720.0,11174300,0,31.6,31.78,29.92,31.82
003003,天元股份,13.5,-0.7352941176470562,-0.09999999999999964,114935755.52,8533112,0,13.61,13.63,13.32,13.6
003004,*ST声迅,27.24,5.011565150346943,1.2999999999999972,12611199.0,464800,0,26.5,27.24,26.45,25.94
003005,竞业达,21.35,0.18770530267481325,0.0400000000000027,169195895.4,8002320,0,21.31,21.38,20.95,21.31
003006,百亚股份,21.22,0.1415762151958357,0.029999999999997584,99167661.0,4678100,0,21.22,21.48,21.0,21.19
003007,直真科技,44.91,9.992652461425418,4.079999999999998,752946516.02,18332109,0,41.0,44.91,39.11,40.83
003008,开普检测,22.13,0.31731640979147907,0.07000000000000028,33392618.34,1513403,0,22.07,22.38,21.86,22.06
003009,中天火箭,91.45,2.8915391539154003,2.5700000000000074,1645858015.86,18003432,0,89.81,95.19,87.03,88.88
003010,若羽臣,38.41,1.3189132155104195,0.5,293327213.24,7686844,0,38.12,38.79,37.63,37.91
003011,海象新材,22.12,1.0507080858839672,0.23000000000000043,77030953.28,3509338,0,21.88,22.17,21.7,21.89
003012,东鹏控股,6.77,0.7440476190476164,0.04999999999999982,45430690.2,6750085,0,6.72,6.77,6.69,6.72
003013,地铁设计,14.5,0.4155124653739647,0.0600000000000005,43276287.24,2994744,0,14.46,14.5,14.37,14.44
003015,日久光电,15.94,-0.18785222291797832,-0.030000000000001137,131211080.56,8264674,0,15.85,16.0,15.76,15.97
003016,欣贺股份,9.61,-1.029866117404752,-0.10000000000000142,145768934.28,15158244,0,9.65,9.7,9.54,9.71
003017,大洋生物,31.29,0.610932475884237,0.18999999999999773,112620012.4,3616820,0,31.1,31.3,30.88,31.1
003018,金富科技,17.45,1.8086347724620695,0.3099999999999987,162859774.22,9448237,0,17.2,17.57,16.93,17.14
003019,宸展光电,35.21,5.073112503730239,1.7000000000000028,338505315.25,9709342,0,33.52,35.5,33.5,33.51
003020,立方制药,27.98,0.3946896304269804,0.10999999999999943,113980825.38,4125831,0,27.77,27.98,27.32,27.87
003021,兆威机电,128.94,3.741250301713727,4.6499999999999915,1493259665.81,11454161,0,125.12,132.96,125.12,124.29
003022,联泓新科,20.38,-0.34229828850855887,-0.07000000000000028,241386134.88,11837483,0,20.4,20.66,20.2,20.45
003023,彩虹集团,22.95,-0.692340977931632,-0.16000000000000014,56387963.24,2462660,0,23.09,23.11,22.72,23.11
003025,思进智能,14.71,0.7534246575342548,0.11000000000000121,77789033.29,5292713,0,14.61,14.89,14.56,14.6
003026,中晶科技,32.16,-0.2171889543903205,-0.07000000000000028,120016330.47,3730656,0,32.2,32.6,31.8,32.23
003027,同兴科技,21.83,2.4401689347724056,0.5199999999999996,125510473.64,5761926,0,21.35,22.32,21.23,21.31
003028,振邦智能,31.06,0.4852798447104451,0.14999999999999858,50324587.98,1628023,0,31.28,31.4,30.64,30.91
003029,吉大正元,28.0,1.375814627081821,0.379999999999999,369918390.35,13256654,0,27.46,28.27,27.33,27.62
003030,祖名股份,20.05,0.30015007503753016,0.060000000000002274,40238872.0,2009900,0,20.06,20.45,19.8,19.99
003031,中瓷电子,78.5,3.6988110964332854,2.799999999999997,1594164481.67,20459000,0,74.27,80.84,73.81,75.7
003032,*ST传智,6.47,-0.30816640986133226,-0.020000000000000462,29306913.14,4524862,0,6.5,6.52,6.44,6.49
003033,征和工业,72.67,-1.8238313969197437,-1.3499999999999943,178483349.56,2452986,0,74.01,74.01,71.5,74.02
003035,南网能源,4.75,0.0,0.0,74443822.0,15685700,0,4.75,4.78,4.71,4.75
003036,泰坦股份,15.91,-0.31328320802005455,-0.05000000000000071,48514661.64,3059635,0,15.9,15.93,15.76,15.96
003037,三和管桩,8.47,-5.784204671857615,-0.5199999999999996,557440984.64,66233465,0,8.91,8.94,8.26,8.99
003038,鑫铂股份,16.19,0.5590062111801233,0.08999999999999986,63277136.17,3910717,0,16.1,16.29,16.07,16.1
003039,顺控发展,16.38,0.4291845493562249,0.07000000000000028,262643555.94,16072277,0,16.44,16.5,16.23,16.31
003040,楚天龙,20.06,1.415571284125367,0.2799999999999976,404582128.16,20259500,0,19.71,20.15,19.68,19.78
003041,真爱美家,58.22,7.89473684210526,4.259999999999998,475092034.68,8422940,0,53.97,58.68,53.08,53.96
003042,中农联合,16.15,0.31055900621116245,0.04999999999999716,64486304.1,4017180,0,16.12,16.19,15.84,16.1
003043,华亚智能,49.2,-0.08123476848090809,-0.03999999999999915,109635324.5,2200879,0,50.12,50.77,49.1,49.24
003816,中国广核,3.9,-0.7633587786259605,-0.03000000000000025,529660336.48,135824589,0,3.93,3.93,3.88,3.93
300001,特锐德,27.28,1.7910447761194044,0.4800000000000004,646643772.23,23898923,0,26.8,27.3,26.77,26.8
300002,神州泰岳,12.31,4.057480980557907,0.4800000000000004,1635197253.17,134909446,0,11.8,12.34,11.78,11.83
300003,乐普医疗,19.45,-0.9674134419552,-0.19000000000000128,2223812633.43,115367049,0,19.45,19.59,18.75,19.64
300004,南风股份,13.4,2.52486610558531,0.33000000000000007,850087165.85,62804686,0,13.05,14.16,12.86,13.07
300005,探路者,11.82,4.60176991150442,0.5199999999999996,413981575.03,35247598,0,11.3,11.95,11.22,11.3
300006,莱美药业,5.29,-1.3059701492537366,-0.07000000000000028,381163530.39,73040692,0,5.37,5.4,5.07,5.36
300007,汉威科技,59.28,-1.7567119655286745,-1.0600000000000023,2196342752.46,36840928,0,59.01,60.85,58.51,60.34
300008,天海防务,8.9,0.1124859392575904,0.009999999999999787,2693463621.79,302333151,0,8.94,9.1,8.75,8.89
300009,安科生物,10.28,0.9823182711198394,0.09999999999999964,356724373.64,34990468,0,10.12,10.29,10.07,10.18
300010,豆神教育,7.72,6.336088154269973,0.45999999999999996,1679148669.17,222720285,0,7.27,7.73,7.25,7.26
300011,鼎汉技术,8.91,-0.11210762331838327,-0.009999999999999787,90912693.0,10234300,0,8.93,8.98,8.8,8.92
300012,华测检测,14.57,1.6748080949057935,0.2400000000000002,517301746.03,35965287,0,14.32,14.58,14.17,14.33
300013,新宁物流,4.03,1.0025062656641612,0.040000000000000036,75486344.5,18844350,0,3.99,4.04,3.98,3.99
300014,亿纬锂能,69.24,0.34782608695651435,0.23999999999999488,2979320712.36,42953522,0,69.0,70.12,68.1,69.0
300015,爱尔眼科,11.42,0.9725906277630364,0.10999999999999943,711407542.61,62389474,0,11.3,11.48,11.28,11.31
300016,北陆药业,9.22,-0.3243243243243174,-0.02999999999999936,377642525.39,41257479,0,9.11,9.23,9.04,9.25
300017,网宿科技,11.31,4.72222222222222,0.5099999999999998,1530808937.42,137088466,0,10.81,11.39,10.79,10.8
300018,中元股份,13.15,7.1719641401793055,0.8800000000000008,500424049.5,38865262,0,12.4,13.33,12.28,12.27
300019,硅宝科技,22.15,1.0492700729926865,0.22999999999999687,388786780.16,17648825,0,21.72,22.22,21.56,21.92
300020,ST银江,3.69,2.499999999999996,0.08999999999999986,57509203.8,15748232,0,3.59,3.71,3.59,3.6
300021,大禹节水,4.72,0.21231422505307404,0.009999999999999787,102215975.15,21637324,0,4.72,4.77,4.68,4.71
300022,吉峰科技,7.9,2.331606217616588,0.1800000000000006,112676908.03,14380364,0,7.73,7.91,7.72,7.72
300024,机器人,18.6,1.3623978201634876,0.25,959016566.63,51697745,0,18.25,18.75,18.16,18.35
300025,华星创业,6.11,1.3266998341625218,0.08000000000000007,84469209.21,13994987,0,6.03,6.12,5.97,6.03
300026,红日药业,3.65,0.8287292817679504,0.029999999999999805,150038836.46,41334442,0,3.61,3.65,3.61,3.62
300027,华谊兄弟,2.28,2.242152466367705,0.04999999999999982,239980160.55,106634188,0,2.22,2.28,2.21,2.23
300029,*ST天龙,5.79,-2.5252525252525313,-0.15000000000000036,36416517.82,6242201,0,5.89,5.91,5.73,5.94
300030,阳普医疗,8.03,1.7743979721165992,0.13999999999999968,83191429.0,10498200,0,7.86,8.04,7.82,7.89
300031,宝通科技,23.99,2.7849185946872264,0.6499999999999986,486464868.87,20562633,0,23.33,24.12,23.28,23.34
300032,金龙机电,5.47,1.109057301293893,0.05999999999999961,193154668.88,35342544,0,5.4,5.53,5.37,5.41
300033,同花顺,355.6,2.3839686744212916,8.28000000000003,4521058440.08,12776667,0,346.24,361.99,344.58,347.32
300034,钢研高纳,21.1,0.476190476190483,0.10000000000000142,1279158796.9,60240979,0,21.42,21.81,20.79,21.0
300035,中科电气,22.63,0.8467023172905424,0.18999999999999773,767509430.68,33946161,0,22.38,22.82,22.23,22.44
300036,超图软件,20.42,5.638903259182635,1.0900000000000034,1206385626.77,59425137,0,19.67,20.87,19.52,19.33
300037,新宙邦,55.47,4.739425981873108,2.509999999999998,1714124500.94,31064629,0,52.8,56.48,52.28,52.96
300039,上海凯宝,6.18,0.9803921568627386,0.05999999999999961,146986051.77,23906634,0,6.13,6.18,6.12,6.12
300040,九洲集团,6.3,0.7999999999999973,0.04999999999999982,128434570.2,20305741,0,6.33,6.4,6.25,6.25
300041,回天新材,11.81,0.3398470688190393,0.040000000000000924,270941401.4,22978639,0,11.77,11.87,11.7,11.77
300042,朗科科技,28.33,-2.9129540781357144,-0.8500000000000014,524492492.09,18423188,0,28.69,28.79,28.18,29.18
300043,星辉娱乐,6.35,3.420195439739413,0.20999999999999996,645179828.0,103246600,0,6.1,6.35,6.08,6.14
300044,ST赛为,5.17,19.953596287703025,0.8600000000000003,718455525.28,146588733,0,4.79,5.17,4.53,4.31
300045,华力创通,31.18,6.927297668038407,2.0199999999999996,4314158655.59,142221526,0,29.2,31.59,28.81,29.16
300046,台基股份,37.1,0.5692599620493382,0.21000000000000085,411441831.46,11131926,0,36.5,37.14,36.5,36.89
300047,天源迪科,13.49,2.2744503411675567,0.3000000000000007,471633010.4,35371790,0,13.21,13.53,13.16,13.19
300048,合康新能,6.96,-0.571428571428572,-0.040000000000000036,826139650.69,118394632,0,7.01,7.11,6.86,7.0
300049,福瑞医科,81.24,0.8440913604766542,0.6799999999999926,587558062.38,7288185,0,80.6,81.44,79.65,80.56
300050,世纪鼎利,5.73,1.957295373665486,0.11000000000000032,102305502.0,18008200,0,5.63,5.74,5.61,5.62
300051,琏升科技,8.68,20.055325034578136,1.4499999999999993,605092210.51,72722342,0,7.81,8.68,7.78,7.23
300052,ST中青宝,12.84,-0.6191950464396291,-0.08000000000000007,87488043.99,6790900,0,12.92,13.07,12.71,12.92
300053,航宇微,21.72,8.872180451127818,1.7699999999999996,4017645175.2,186925011,0,20.68,23.5,20.36,19.95
300054,鼎龙股份,45.01,-1.1638120333772533,-0.5300000000000011,1652237550.19,37043303,0,44.78,45.27,43.7,45.54
300055,万邦达,8.06,-0.8610086100861043,-0.07000000000000028,127492121.32,15839404,0,8.13,8.24,7.98,8.13
300056,中创环保,8.49,-0.5854800936768025,-0.049999999999998934,163640221.15,19365957,0,8.5,8.56,8.36,8.54
300057,万顺新材,5.88,0.1703577512776795,0.009999999999999787,192213583.41,32757580,0,5.85,5.92,5.82,5.87
300058,蓝色光标,17.18,14.077025232403711,2.119999999999999,18480838178.49,1137157221,0,14.79,17.44,14.78,15.06
300059,东方财富,24.13,0.5416666666666625,0.129999999999999,8235488024.91,340988370,0,24.0,24.36,23.99,24.0
300061,旗天科技,11.07,4.23728813559323,0.45000000000000107,352179884.84,32255280,0,10.64,11.09,10.57,10.62
300062,中能电气,9.05,0.11061946902656597,0.010000000000001563,553007177.69,60834586,0,9.01,9.27,8.96,9.04
300063,天龙集团,10.85,20.022123893805315,1.8100000000000005,2759384450.5,264985836,0,9.01,10.85,9.01,9.04
300065,海兰信,23.03,2.3555555555555605,0.5300000000000011,6122346752.83,259439916,0,24.61,24.61,22.89,22.5
300066,三川智慧,6.73,2.4353120243531223,0.16000000000000014,301182188.9,45004647,0,6.54,6.74,6.54,6.57
300067,安诺其,5.22,-0.3816793893129859,-0.020000000000000462,215179997.49,41221834,0,5.23,5.29,5.16,5.24
300068,南都电源,16.67,1.39902676399027,0.23000000000000043,748601329.5,44979929,0,16.36,16.86,16.36,16.44
300069,金利华电,18.38,0.10893246187363603,0.019999999999999574,117208519.24,6446901,0,18.32,18.45,17.89,18.36
300070,碧水源,4.05,0.9975062344139661,0.040000000000000036,113542117.04,28147879,0,4.01,4.05,4.0,4.01
300071,福石控股,7.44,12.556732223903177,0.8300000000000001,1770030536.84,248542308,0,6.51,7.51,6.49,6.61
300072,海新能科,5.29,6.868686868686866,0.33999999999999986,1190725740.49,219395078,0,5.27,5.66,5.26,4.95
300073,当升科技,60.94,1.2965425531914914,0.7800000000000011,1106583976.09,18194751,0,60.0,61.69,59.5,60.16
300074,华平股份,4.93,4.228329809725143,0.1999999999999993,153638753.6,31657720,0,4.71,4.95,4.7,4.73
300075,数字政通,15.95,2.903225806451608,0.4499999999999993,286762032.3,18137878,0,15.62,15.98,15.53,15.5
300076,GQY视讯,8.43,3.9457459926017298,0.3200000000000003,290390589.88,34345000,0,8.11,8.68,8.11,8.11
300077,国民技术,21.31,0.7088846880907305,0.14999999999999858,407007766.73,19167195,0,21.11,21.36,21.04,21.16
300078,思创医惠,4.55,4.597701149425292,0.20000000000000018,578160708.0,128162084,0,4.35,4.6,4.34,4.35
300079,数码视讯,5.66,2.3508137432188043,0.1299999999999999,238046087.07,42396390,0,5.51,5.67,5.5,5.53
300080,易成新能,5.11,0.19607843137256228,0.010000000000000675,140735847.0,27639200,0,5.08,5.15,5.03,5.1
300081,恒信东方,5.72,5.340699815837938,0.29000000000000004,286521565.06,51175143,0,5.45,5.73,5.41,5.43
300082,奥克股份,10.62,1.5296367112810552,0.15999999999999837,293218833.85,27790999,0,10.39,10.77,10.33,10.46
300083,创世纪,9.71,2.3182297154899962,0.22000000000000064,698281474.07,72517749,0,9.46,9.72,9.4,9.49
300084,海默科技,10.52,3.137254901960787,0.3200000000000003,223029302.0,21381277,0,10.24,10.57,10.22,10.2
300085,银之杰,41.74,1.1878787878787929,0.490000000000002,1489691796.17,35649527,0,41.01,42.47,41.01,41.25
300086,康芝药业,11.53,0.6108202443280847,0.06999999999999851,709543469.44,61875501,0,11.26,11.63,11.23,11.46
300087,荃银高科,10.76,-7.955517536355858,-0.9299999999999997,1024502950.18,94607587,0,10.75,11.02,10.62,11.69
300088,长信科技,6.27,1.6207455429497513,0.09999999999999964,479623539.96,76840384,0,6.15,6.3,6.13,6.17
300091,*ST金灵,3.09,5.102040816326528,0.1499999999999999,201547355.32,65276712,0,2.99,3.17,2.99,2.94
300092,科新机电,16.96,0.6528189910979194,0.10999999999999943,224653160.0,13251600,0,16.99,17.38,16.67,16.85
300093,*ST金刚,18.01,9.750152346130417,1.6000000000000014,201043907.8,11383885,0,16.44,18.75,16.35,16.41
300094,国联水产,4.1,7.049608355091373,0.2699999999999996,940682596.45,236538477,0,3.84,4.13,3.82,3.83
300095,华伍股份,12.34,2.747710241465446,0.33000000000000007,957716487.19,77117908,0,12.25,12.85,12.17,12.01
300096,ST易联众,7.38,0.1356852103120731,0.009999999999999787,49537986.33,6718600,0,7.41,7.49,7.27,7.37
300097,ST智云,7.06,-4.336043360433608,-0.3200000000000003,109537377.2,15350760,0,7.4,7.42,7.0,7.38
300098,高新兴,6.57,3.3018867924528292,0.20999999999999996,1063992899.94,161891138,0,6.48,6.75,6.43,6.36
300099,尤洛卡,8.2,1.4851485148514756,0.11999999999999922,352430247.93,43158046,0,8.12,8.32,8.05,8.08
300100,双林股份,39.61,0.8401221995926637,0.3299999999999983,696130632.64,17567410,0,39.3,40.11,39.13,39.28
300101,振芯科技,30.65,5.290278254895222,1.5399999999999991,1826800594.27,61301547,0,29.0,31.1,28.5,29.11
300102,乾照光电,37.43,20.00641231163834,6.239999999999998,8591213771.38,250391485,0,33.9,37.43,31.95,31.19
300103,达刚控股,8.04,1.6434892541087105,0.129999999999999,54815055.93,6864886,0,8.09,8.09,7.87,7.91
300105,龙源技术,7.38,0.8196721311475357,0.05999999999999961,77861294.2,10606680,0,7.31,7.39,7.27,7.32
300106,西部牧业,10.97,0.6422018348623879,0.07000000000000028,95843103.0,8760400,0,10.85,11.0,10.85,10.9
300107,建新股份,6.96,0.8695652173912987,0.05999999999999961,49659669.92,7189468,0,6.89,6.96,6.84,6.9
300108,*ST吉药,0.0,-100.0,-0.21,0.0,0,0,0.0,0.0,0.0,0.21
300109,新开源,17.29,1.2295081967213166,0.21000000000000085,294966734.78,16849016,0,17.36,17.98,17.18,17.08
300110,华仁药业,3.27,0.6153846153846159,0.020000000000000018,73034769.1,22486535,0,3.26,3.27,3.22,3.25
300111,向日葵,6.51,0.9302325581395288,0.05999999999999961,516355345.0,79817716,0,6.61,6.66,6.33,6.45
300112,万讯自控,8.81,0.22753128555177876,0.02000000000000135,61121055.4,6956580,0,8.83,8.85,8.7,8.79
300113,顺网科技,22.03,5.3059273422562105,1.1099999999999994,908528642.38,42213575,0,20.85,22.03,20.85,20.92
300115,长盈精密,44.48,0.3383713061132384,0.14999999999999858,5471016939.74,121315337,0,44.09,46.28,43.98,44.33
300117,*ST嘉寓,0.0,-100.0,-0.43,0.0,0,0,0.0,0.0,0.0,0.43
300118,东方日升,16.98,-2.4137931034482656,-0.41999999999999815,4833429161.62,271547598,0,17.49,19.51,16.56,17.4
300119,瑞普生物,19.9,1.1178861788617829,0.21999999999999886,108452240.0,5465900,0,19.67,19.96,19.67,19.68
300120,经纬辉开,8.78,1.03567318757192,0.08999999999999986,175569573.89,20133129,0,8.68,8.79,8.63,8.69
300121,阳谷华泰,13.32,-0.3739715781600519,-0.049999999999998934,192506878.7,14472296,0,13.37,13.4,13.19,13.37
300122,智飞生物,19.8,1.6949152542372978,0.33000000000000185,504634363.71,25530209,0,19.5,19.95,19.47,19.47
300123,亚光科技,8.91,-1.8722466960352415,-0.16999999999999993,2069203367.56,229929945,0,9.21,9.3,8.81,9.08
300124,汇川技术,78.3,0.9280742459396738,0.7199999999999989,2588086324.51,33085061,0,77.46,78.98,77.31,77.58
300125,*ST聆达,7.31,1.6689847009735632,0.11999999999999922,52078918.0,7082500,0,7.23,7.46,7.19,7.19
300126,锐奇股份,8.63,-0.11574074074073826,-0.009999999999999787,56417990.64,6573501,0,8.69,8.75,8.48,8.64
300127,银河磁体,33.77,4.0998766954377475,1.3300000000000054,684165232.75,20350137,0,32.45,34.0,32.4,32.44
300128,锦富技术,7.57,-0.26350461133069264,-0.019999999999999574,314259644.92,41602900,0,7.52,7.65,7.49,7.59
300129,泰胜风能,15.36,9.79270907791279,1.3699999999999992,3965994193.04,253636567,0,16.78,16.79,14.87,13.99
300130,新国都,27.67,2.8624535315985247,0.7700000000000031,800415789.08,29228887,0,26.93,27.79,26.83,26.9
300131,英唐智控,15.79,2.8664495114006483,0.4399999999999995,1953467713.25,122087505,0,16.0,16.49,15.5,15.35
300132,青松股份,8.7,2.473498233215537,0.20999999999999908,221088175.0,25371600,0,8.5,8.85,8.49,8.49
300133,华策影视,9.06,5.5944055944055995,0.4800000000000004,1714743805.5,193740701,0,8.51,9.15,8.51,8.58
300134,大富科技,12.99,0.9324009324009402,0.120000000000001,214391398.6,16593230,0,12.86,13.06,12.73,12.87
300135,宝利国际,4.13,0.9779951100244507,0.040000000000000036,88568676.96,21481900,0,4.16,4.18,4.09,4.09
300136,信维通信,75.15,-1.377952755905508,-1.0499999999999972,16370164870.86,212160397,0,77.96,81.6,73.0,76.2
300137,先河环保,11.05,0.2722323049001918,0.030000000000001137,127983476.75,11612836,0,11.08,11.18,10.92,11.02
300138,晨光生物,13.14,0.612557427258806,0.08000000000000007,70734200.28,5410359,0,13.04,13.15,13.0,13.06
300139,晓程科技,33.76,6.063462142632735,1.9299999999999997,1285200568.51,38710573,0,31.67,34.26,31.49,31.83
300140,节能环境,7.05,0.28449502133712057,0.019999999999999574,173186037.29,24665773,0,7.06,7.09,6.95,7.03
300141,和顺电气,16.28,-6.971428571428564,-1.2199999999999989,996234721.72,60484906,0,17.19,17.49,16.0,17.5
300142,沃森生物,12.12,6.315789473684201,0.7199999999999989,975694725.55,81494001,0,11.5,12.36,11.46,11.4
300143,盈康生命,11.84,1.8932874354561158,0.22000000000000064,481056221.2,40746875,0,11.68,12.0,11.52,11.62
300144,宋城演艺,8.32,0.3618817852834878,0.030000000000001137,274071584.54,33014465,0,8.29,8.34,8.26,8.29
300145,南方泵业,4.72,1.0706638115631655,0.04999999999999982,262853558.27,55569625,0,4.66,4.81,4.66,4.67
300146,汤臣倍健,12.28,0.40883074407194553,0.049999999999998934,199386968.43,16236572,0,12.21,12.36,12.19,12.23
300147,ST香雪,9.15,2.5784753363228745,0.23000000000000043,155080387.78,17037995,0,8.9,9.23,8.88,8.92
300148,天舟文化,4.67,3.5476718403547705,0.16000000000000014,236635035.28,51504217,0,4.5,4.67,4.49,4.51
300149,睿智医药,10.95,3.2045240339302534,0.33999999999999986,353957512.32,33135078,0,10.62,10.99,10.31,10.61
300150,世纪瑞尔,5.55,1.6483516483516456,0.08999999999999986,89584439.0,16304600,0,5.42,5.56,5.41,5.46
300151,昌红科技,15.88,-4.221954161640516,-0.6999999999999975,457842131.76,28466483,0,16.65,16.65,15.65,16.58
300152,ST新动力,2.2,-0.4524886877827958,-0.009999999999999787,42457374.2,19328656,0,2.2,2.23,2.17,2.21
300153,科泰电源,36.03,7.200238024397505,2.4200000000000017,1957758138.99,55725027,0,34.39,36.35,33.5,33.61
300154,瑞凌股份,9.55,0.31512605042018005,0.030000000000001137,58951862.0,6195700,0,9.56,9.64,9.41,9.52
300155,安居宝,6.83,1.1851851851851862,0.08000000000000007,129649852.68,19185756,0,6.8,6.87,6.63,6.75
300157,新锦动力,4.84,2.325581395348825,0.10999999999999943,230440690.42,47696767,0,4.81,4.93,4.78,4.73
300158,振东制药,6.27,2.450980392156854,0.14999999999999947,264533388.46,42889257,0,6.14,6.29,6.06,6.12
300159,*ST新研,3.15,-0.6309148264984233,-0.020000000000000018,133586596.4,42216416,0,3.17,3.19,3.15,3.17
300160,秀强股份,5.66,0.5328596802841963,0.03000000000000025,62543905.0,11098800,0,5.63,5.66,5.59,5.63
300161,华中数控,31.07,-1.1768447837150158,-0.370000000000001,326285521.02,10475975,0,30.91,31.91,30.88,31.44
300162,雷曼光电,8.3,0.36275695284160986,0.030000000000001137,141435947.0,17082300,0,8.24,8.39,8.19,8.27
300163,先锋新材,4.52,0.2217294900221682,0.009999999999999787,190273565.0,42373500,0,4.47,4.54,4.45,4.51
300164,通源石油,6.57,8.955223880597016,0.54,1227454043.75,190982711,0,6.37,6.65,6.23,6.03
300165,ST天瑞,4.87,-0.20491803278688087,-0.009999999999999787,31492115.0,6493720,0,4.89,4.9,4.81,4.88
300166,东方国信,11.15,4.793233082706765,0.5099999999999998,726996798.63,66575597,0,10.59,11.15,10.55,10.64
300167,ST迪威迅,5.39,-0.1851851851851977,-0.010000000000000675,39259592.0,7268800,0,5.46,5.5,5.35,5.4
300168,万达信息,7.3,7.669616519174034,0.5199999999999996,535154132.02,74437764,0,6.82,7.31,6.82,6.78
300169,天晟新材,0.0,-100.0,-6.53,0.0,0,0,0.0,0.0,0.0,6.53
300170,汉得信息,24.49,8.028231142479033,1.8199999999999967,6432107330.14,272797694,0,22.86,24.64,22.5,22.67
300171,东富龙,17.29,1.5267175572518965,0.259999999999998,289827464.39,16946840,0,16.99,17.37,16.84,17.03
300172,中电环保,5.68,0.7092198581560291,0.040000000000000036,136618608.76,24228243,0,5.63,5.68,5.6,5.64
300173,ST福能,4.43,-0.8948545861297548,-0.040000000000000036,122147294.7,27530735,0,4.47,4.49,4.4,4.47
300174,元力股份,16.02,0.313087038196612,0.049999999999998934,148808974.43,9319357,0,15.96,16.08,15.87,15.97
300175,ST朗源,5.86,0.8605851979346077,0.05000000000000071,27726531.8,4726660,0,5.81,5.92,5.8,5.81
300176,鸿特科技,6.77,0.14792899408283708,0.009999999999999787,71380850.0,10577000,0,6.79,6.81,6.68,6.76
300177,中海达,11.07,0.5449591280653996,0.0600000000000005,858020830.15,77032908,0,11.38,11.49,10.89,11.01
300179,四方达,16.31,0.7411982705373529,0.11999999999999744,797585365.59,48967776,0,16.05,16.6,16.03,16.19
300180,华峰超纤,6.87,2.0802377414561612,0.13999999999999968,435583102.95,63620661,0,6.75,6.93,6.75,6.73
300181,佐力药业,16.6,0.8505467800729074,0.14000000000000057,217341111.37,13167440,0,16.52,16.64,16.35,16.46
300182,捷成股份,6.05,6.326889279437599,0.35999999999999943,973542707.14,164684408,0,5.68,6.06,5.65,5.69
300183,东软载波,15.57,2.031454783748365,0.3100000000000005,108800536.43,7060983,0,15.26,15.57,15.19,15.26
300184,力源信息,10.47,0.6730769230769258,0.07000000000000028,528614703.98,50580706,0,10.37,10.54,10.3,10.4
300185,通裕重工,2.98,1.0169491525423662,0.029999999999999805,363372982.0,121762100,0,2.96,3.02,2.95,2.95
300187,永清环保,5.02,1.414141414141402,0.0699999999999994,54786442.0,10970600,0,4.98,5.04,4.94,4.95
300188,国投智能,15.19,2.635135135135127,0.3899999999999988,403732027.0,26835173,0,14.77,15.19,14.73,14.8
300189,神农种业,7.5,3.4482758620689653,0.25,1616687554.63,217464381,0,7.23,7.54,7.22,7.25
300190,维尔利,4.46,1.594533029612763,0.07000000000000028,128623139.61,28812451,0,4.4,4.54,4.39,4.39
300191,潜能恒信,20.04,2.8747433264886997,0.5599999999999987,238374324.92,11860422,0,20.0,20.65,19.85,19.48
300192,科德教育,22.58,2.776513427400999,0.6099999999999994,1460552025.32,62951333,0,23.07,24.6,22.02,21.97
300193,佳士科技,9.13,0.5506607929515497,0.05000000000000071,69979738.6,7695900,0,9.1,9.14,9.04,9.08
300194,福安药业,4.49,0.22321428571428092,0.009999999999999787,112003472.42,25035786,0,4.48,4.49,4.45,4.48
300195,长荣股份,8.43,-0.3546099290780276,-0.030000000000001137,114188969.09,13598349,0,8.46,8.54,8.33,8.46
300196,长海股份,14.86,-0.8010680907877236,-0.120000000000001,103981469.68,6987844,0,14.92,15.02,14.79,14.98
300197,节能铁汉,1.84,0.5464480874316944,0.010000000000000009,85421337.04,46661531,0,1.83,1.85,1.81,1.83
300198,ST纳川,2.57,0.3906249999999917,0.009999999999999787,41444432.0,16258980,0,2.56,2.57,2.53,2.56
300199,翰宇药业,19.79,0.9178990311065769,0.17999999999999972,934397793.58,47658327,0,19.51,19.86,19.4,19.61
300200,高盟新材,14.31,-1.9863013698630079,-0.28999999999999915,1173955111.79,81261529,0,14.57,14.75,14.14,14.6
300201,海伦哲,7.46,9.544787077826731,0.6500000000000004,714934655.14,98276468,0,6.91,7.6,6.85,6.81
300203,聚光科技,16.42,0.06093845216332457,0.010000000000001563,174954578.96,10646640,0,16.4,16.69,16.27,16.41
300204,舒泰神,30.8,4.054054054054052,1.1999999999999993,1279265463.82,42412446,0,29.4,30.88,29.2,29.6
300205,*ST天喻,4.95,-1.197604790419154,-0.05999999999999961,33221109.86,6655402,0,5.04,5.1,4.91,5.01
300206,理邦仪器,14.48,4.699927693420103,0.6500000000000004,276713011.76,19457758,0,14.0,14.52,13.92,13.83
300207,欣旺达,25.62,0.4705882352941215,0.120000000000001,1356120406.76,53003883,0,25.51,25.9,25.24,25.5
300208,中程退,0.28,-12.499999999999993,-0.03999999999999998,11483398.0,39320206,0,0.32,0.32,0.27,0.32
300209,有棵树,5.63,2.5500910746812324,0.13999999999999968,170702965.1,30967545,0,5.43,5.75,5.36,5.49
300210,森远股份,9.04,1.2318029115341482,0.10999999999999943,83834160.2,9289000,0,8.96,9.1,8.9,8.93
300211,*ST亿通,9.29,0.10775862068965288,0.009999999999999787,37494571.0,4026300,0,9.26,9.41,9.2,9.28
300212,易华录,19.7,0.0,0.0,473450349.72,24166555,0,19.55,19.76,19.38,19.7
300213,佳讯飞鸿,10.06,1.0040160642570244,0.09999999999999964,462087450.0,45871400,0,10.0,10.23,9.94,9.96
300214,日科化学,7.05,0.8583690987124408,0.05999999999999961,62027569.34,8850034,0,6.97,7.06,6.95,6.99
300215,电科院,6.73,0.14880952380953386,0.010000000000000675,145977278.0,21810500,0,6.73,6.75,6.64,6.72
300217,东方电热,5.45,1.6791044776119375,0.08999999999999986,367343161.72,67240821,0,5.4,5.54,5.38,5.36
300218,安利股份,16.74,1.9488428745432198,0.31999999999999673,133154480.0,8038900,0,16.41,16.8,16.32,16.42
300219,鸿利智汇,7.46,1.084010840108402,0.08000000000000007,143606222.52,19359504,0,7.39,7.47,7.33,7.38
300220,金运激光,15.2,1.7402945113788475,0.2599999999999998,67845089.8,4498420,0,14.91,15.21,14.9,14.94
300221,银禧科技,10.77,3.259827420901245,0.33999999999999986,654594165.0,61373000,0,10.45,11.06,10.31,10.43
300222,科大智能,11.7,0.8620689655172384,0.09999999999999964,345596673.74,29678531,0,11.55,11.76,11.51,11.6
300223,北京君正,117.75,-2.7020327218641516,-3.269999999999996,4113603062.3,34832878,0,121.0,121.02,116.67,121.02
300224,正海磁材,16.51,2.5465838509316776,0.41000000000000014,768990947.97,46755729,0,16.04,16.66,16.01,16.1
300225,*ST金泰,6.02,0.16638935108152725,0.009999999999999787,76572152.8,12799480,0,6.01,6.11,5.94,6.01
300226,上海钢联,27.0,3.7264694583173217,0.9699999999999989,524858909.37,19706823,0,26.03,27.12,25.92,26.03
300227,光韵达,10.03,2.2426095820591114,0.21999999999999886,306742160.0,30660520,0,9.91,10.15,9.85,9.81
300228,富瑞特装,10.42,-1.0446343779677059,-0.10999999999999943,960386413.75,90669435,0,10.75,10.9,10.36,10.53
300229,拓尔思,22.03,7.568359375000003,1.5500000000000007,1895537650.33,88360315,0,20.38,22.12,20.36,20.48
300230,永利股份,5.0,0.40160642570280264,0.019999999999999574,81060142.0,16197040,0,4.98,5.04,4.96,4.98
300231,银信科技,10.98,2.2346368715083815,0.2400000000000002,139385939.41,12812789,0,10.72,10.98,10.7,10.74
300232,洲明科技,7.61,1.8741633199464602,0.14000000000000057,265581080.39,35126467,0,7.42,7.64,7.41,7.47
300233,金城医药,14.88,0.6085192697768873,0.09000000000000163,159048033.15,10730587,0,14.77,14.91,14.71,14.79
300234,开尔新材,5.84,1.0380622837370175,0.05999999999999961,132738099.1,23002726,0,5.76,5.89,5.65,5.78
300235,方直科技,17.35,1.6998827667057606,0.2900000000000027,359457797.0,20883250,0,17.05,17.52,16.8,17.06
300236,上海新阳,77.71,1.3696843203756812,1.0499999999999972,2053985539.98,26535317,0,75.68,79.98,75.12,76.66
300237,ST美晨,2.51,-0.396825396825406,-0.010000000000000231,101146131.2,40397280,0,2.51,2.53,2.47,2.52
300238,冠昊生物,17.33,1.1675423234092195,0.1999999999999993,431569459.94,25215308,0,16.95,17.37,16.76,17.13
300239,东宝生物,5.95,-0.8333333333333304,-0.04999999999999982,119101529.52,20040125,0,6.02,6.05,5.87,6.0
300240,飞力达,7.67,0.5242463958060293,0.040000000000000036,73955125.5,9684850,0,7.61,7.68,7.58,7.63
300241,瑞丰光电,5.86,1.559792027729649,0.09000000000000075,141433095.67,24379701,0,5.77,5.86,5.74,5.77
300242,佳云科技,5.44,7.086614173228353,0.3600000000000003,352793841.73,66751327,0,5.04,5.45,5.03,5.08
300243,瑞丰高材,10.68,0.4703668861712034,0.049999999999998934,55566536.04,5244782,0,10.63,10.71,10.49,10.63
300244,迪安诊断,21.72,19.999999999999986,3.6199999999999974,2217418085.76,104320724,0,18.85,21.72,18.8,18.1
300245,天玑科技,12.89,2.7910685805422766,0.3500000000000014,159660583.0,12571012,0,12.5,12.89,12.45,12.54
300246,宝莱特,9.31,2.3076923076923173,0.21000000000000085,147162093.74,16065874,0,9.05,9.42,8.94,9.1
300247,融捷健康,5.21,2.1568627450980458,0.11000000000000032,155998971.0,30102500,0,5.1,5.24,5.08,5.1
300248,新开普,12.92,3.1948881789137404,0.40000000000000036,232454554.54,18217258,0,12.5,12.94,12.5,12.52
300249,依米康,16.24,6.561679790026235,0.9999999999999982,839522349.47,52068883,0,15.25,16.6,15.25,15.24
300250,初灵信息,26.92,5.156250000000001,1.3200000000000003,855861629.31,32333500,0,25.49,27.26,25.28,25.6
300251,光线传媒,17.31,1.9434628975264916,0.3299999999999983,1223136085.92,71364689,0,16.97,17.33,16.91,16.98
300252,金信诺,16.44,2.9430181590482194,0.47000000000000064,1583825827.1,97001778,0,15.87,16.8,15.67,15.97
300253,卫宁健康,10.81,13.789473684210533,1.3100000000000005,3527959334.85,331210288,0,10.01,10.97,10.01,9.5
300254,仟源医药,10.84,2.943969610636282,0.3100000000000005,152386807.0,14311860,0,10.46,10.9,10.4,10.53
300255,常山药业,58.98,-4.408427876823348,-2.720000000000006,1565965711.54,26710712,0,60.99,61.11,56.11,61.7
300256,星星科技,4.08,0.24570024570024046,0.009999999999999787,171092941.01,42037677,0,4.06,4.1,4.04,4.07
300257,开山股份,14.62,3.0303030303030285,0.4299999999999997,209501999.94,14375442,0,14.19,14.88,14.12,14.19
300258,精锻科技,14.56,1.747030048916841,0.25,413919468.38,28482815,0,14.35,14.65,14.35,14.31
300259,新天科技,4.58,0.4385964912280803,0.020000000000000462,129940562.31,28429359,0,4.55,4.62,4.53,4.56
300260,新莱应材,59.14,-0.987778335844628,-0.5899999999999963,1527190820.46,25870449,0,59.0,59.85,58.3,59.73
300261,雅本化学,6.99,0.4310344827586242,0.03000000000000025,110236793.52,15853351,0,6.97,6.99,6.91,6.96
300263,隆华科技,9.69,-1.624365482233504,-0.16000000000000014,861579384.17,87822450,0,9.91,10.06,9.64,9.85
300264,佳创视讯,7.58,5.718270571827059,0.41000000000000014,386863916.8,52522696,0,7.15,7.64,7.11,7.17
300265,通光线缆,15.45,-2.0291693088142058,-0.3200000000000003,1589825385.06,103217470,0,15.87,16.28,14.8,15.77
300266,兴源环境,2.66,0.7575757575757582,0.020000000000000018,81120562.5,30720750,0,2.64,2.66,2.61,2.64
300267,尔康制药,3.63,2.542372881355928,0.08999999999999986,182502719.32,50979451,0,3.54,3.63,3.52,3.54
300268,*ST佳沃,13.05,-3.9735099337748285,-0.5399999999999991,53306445.0,4046100,0,13.6,13.6,12.99,13.59
300269,联建光电,8.2,1.6109045848822678,0.129999999999999,996617159.94,119430675,0,8.12,8.62,8.05,8.07
300270,中威电子,12.25,1.5754560530679893,0.1899999999999995,205872698.75,16933375,0,12.17,12.39,11.95,12.06
300271,华宇软件,7.93,5.73333333333333,0.4299999999999997,286680874.9,36817063,0,7.54,7.94,7.52,7.5
300272,开能健康,7.65,0.7905138339921014,0.0600000000000005,174199270.8,22734310,0,7.58,7.76,7.56,7.59
300274,阳光电源,169.05,-1.1114360924246722,-1.8999999999999773,10151207257.33,60028288,0,169.38,171.51,165.5,170.95
300275,梅安森,14.29,1.3475177304964505,0.1899999999999995,531753904.8,37454260,0,14.38,14.55,13.88,14.1
300276,三丰智能,9.72,-0.30769230769230116,-0.02999999999999936,522873279.97,53814332,0,9.75,9.82,9.62,9.75
300277,海联讯,13.7,2.698650674662664,0.35999999999999943,211408472.11,15608853,0,13.32,13.72,13.3,13.34
300278,华昌达,6.18,1.644736842105257,0.09999999999999964,301446497.0,48633503,0,6.1,6.28,6.07,6.08
300279,和晶科技,7.4,1.508916323731143,0.11000000000000032,75104860.6,10231220,0,7.29,7.4,7.26,7.29
300280,紫天退,0.33,-13.157894736842103,-0.04999999999999999,11123691.0,31717286,0,0.37,0.37,0.33,0.38
300281,金明精机,8.58,2.0214030915576684,0.16999999999999993,366389287.5,42576800,0,8.53,8.97,8.46,8.41
300283,温州宏丰,7.9,0.25380710659899064,0.020000000000000462,156565460.76,19927059,0,7.86,7.93,7.8,7.88
300284,苏交科,8.13,0.6188118811881276,0.05000000000000071,116268917.92,14300244,0,8.1,8.2,8.07,8.08
300285,国瓷材料,33.88,14.925373134328366,4.400000000000002,2581772719.23,80923641,0,29.61,34.56,29.61,29.48
300286,安科瑞,26.07,2.0352250489236776,0.5199999999999996,338501385.99,12892376,0,25.55,26.59,25.5,25.55
300287,飞利信,5.27,2.52918287937743,0.1299999999999999,372535632.02,71641609,0,5.14,5.28,5.1,5.14
300288,朗玛信息,15.14,7.911617961511057,1.1100000000000012,455573716.0,30317200,0,14.4,15.5,14.4,14.03
300289,利德曼,7.28,0.8310249307479294,0.0600000000000005,90184315.61,12499955,0,7.25,7.28,7.13,7.22
300290,荣科科技,20.21,-7.674737322978528,-1.6799999999999997,1774887017.16,87484318,0,20.02,20.95,20.0,21.89
300291,百纳千成,8.66,5.997552019583846,0.4900000000000002,1346626167.3,156179501,0,8.31,8.87,8.31,8.17
300292,吴通控股,4.7,2.1739130434782727,0.10000000000000053,238433503.68,51197504,0,4.6,4.72,4.58,4.6
300293,蓝英装备,22.64,0.7565643079661848,0.1700000000000017,222847935.0,9867900,0,22.41,22.73,22.3,22.47
300294,博雅生物,23.49,0.8154506437768142,0.18999999999999773,110458948.45,4720328,0,23.29,23.49,23.26,23.3
300295,三六五网,13.34,1.676829268292688,0.22000000000000064,133865128.0,10171300,0,13.15,13.36,12.99,13.12
300296,利亚德,6.75,1.351351351351349,0.08999999999999986,637187996.72,94472683,0,6.68,6.82,6.66,6.66
300298,三诺生物,18.65,4.540358744394612,0.8099999999999987,428135824.18,23093692,0,17.87,18.82,17.87,17.84
300299,富春股份,7.89,5.481283422459883,0.40999999999999925,698270068.49,89978106,0,7.44,7.94,7.42,7.48
300300,海峡创新,13.66,-2.914001421464109,-0.41000000000000014,1466185685.11,105865055,0,13.83,14.2,13.6,14.07
300301,ST长方,2.33,-1.2711864406779578,-0.029999999999999805,26438774.0,11296400,0,2.36,2.36,2.32,2.36
300302,同有科技,19.91,-1.3379583746283428,-0.2699999999999996,525551027.35,26450564,0,19.8,20.02,19.72,20.18
300303,聚飞光电,7.02,0.28571428571427965,0.019999999999999574,369451473.45,52601151,0,7.0,7.1,6.96,7.0
300304,云意电气,11.79,0.42589437819419873,0.049999999999998934,251074220.0,21326400,0,11.75,11.88,11.65,11.74
300305,裕兴股份,6.12,1.1570247933884346,0.07000000000000028,34777179.0,5719000,0,6.06,6.13,6.02,6.05
300306,远方信息,14.25,0.0702247191011221,0.009999999999999787,127554885.15,8990700,0,14.2,14.29,14.05,14.24
300307,慈星股份,7.29,0.13736263736263443,0.009999999999999787,104424000.28,14370201,0,7.26,7.31,7.22,7.28
300308,中际旭创,583.2,-2.057267612729868,-12.25,22201259669.53,38572337,0,575.94,595.0,561.61,595.45
300310,宜通世纪,6.75,4.006163328197223,0.2599999999999998,717050429.39,106954509,0,6.71,6.85,6.52,6.49
300311,ST任子行,4.74,2.155172413793115,0.10000000000000053,59927269.67,12776482,0,4.62,4.75,4.62,4.64
300313,*ST天山,8.5,0.1177856301531188,0.009999999999999787,36150023.0,4206000,0,8.57,8.75,8.42,8.49
300314,戴维医疗,13.68,1.2583271650629158,0.16999999999999993,74102677.0,5456800,0,13.48,13.72,13.47,13.51
300315,掌趣科技,5.37,3.6679536679536757,0.1900000000000004,783653481.0,148308454,0,5.18,5.38,5.16,5.18
300316,晶盛机电,38.56,-0.7720020586721492,-0.29999999999999716,1136798534.81,29545110,0,38.6,39.1,37.9,38.86
300317,珈伟新能,3.97,0.25252525252525837,0.010000000000000231,74279422.5,18768803,0,3.97,3.99,3.91,3.96
300318,博晖创新,6.66,2.3041474654377936,0.15000000000000036,127145993.49,19281300,0,6.54,6.68,6.48,6.51
300319,麦捷科技,12.38,0.7323026851098587,0.09000000000000163,369621125.53,29984455,0,12.24,12.44,12.16,12.29
300320,海达股份,9.64,0.4166666666666763,0.040000000000000924,89932561.04,9356858,0,9.58,9.67,9.55,9.6
300321,同大股份,43.21,0.02314814814814354,0.00999999999999801,72218133.92,1679702,0,43.2,43.56,42.61,43.2
300322,硕贝德,31.52,-0.5678233438485796,-0.17999999999999972,3653366766.02,117851648,0,31.0,32.2,30.1,31.7
300323,华灿光电,8.66,4.08653846153846,0.33999999999999986,465265803.05,53776030,0,8.32,8.98,8.28,8.32
300324,旋极信息,6.56,2.4999999999999885,0.15999999999999925,1196052545.18,182682935,0,6.51,6.7,6.43,6.4
300326,ST凯利,5.66,0.0,0.0,32760862.86,5792099,0,5.64,5.7,5.62,5.66
300327,中颖电子,30.0,1.1122345803842206,0.3299999999999983,552488533.22,18541792,0,29.87,30.04,29.44,29.67
300328,宜安科技,17.88,2.581755593803783,0.4499999999999993,744931439.67,42364009,0,17.32,17.95,17.22,17.43
300329,海伦钢琴,15.08,-0.7241606319947297,-0.10999999999999943,91545026.0,6043900,0,15.17,15.29,15.0,15.19
300331,苏大维格,40.75,-1.451027811366388,-0.6000000000000014,1257781295.53,30417324,0,40.66,42.81,40.21,41.35
300332,天壕能源,5.57,2.389705882352939,0.1299999999999999,167150214.65,30219897,0,5.56,5.6,5.46,5.44
300333,兆日科技,11.68,2.0087336244541523,0.23000000000000043,154478681.7,13346099,0,11.44,11.68,11.36,11.45
300334,津膜科技,7.19,0.8415147265077207,0.0600000000000005,45642158.0,6382300,0,7.16,7.23,7.09,7.13
300335,迪森股份,5.92,0.680272108843538,0.040000000000000036,69626456.44,11845791,0,5.87,5.92,5.83,5.88
300337,银邦股份,18.62,-1.481481481481469,-0.2799999999999976,2991667129.89,158139240,0,19.06,19.9,18.0,18.9
300338,ST开元,3.7,2.493074792243776,0.0900000000000003,35173103.0,9616000,0,3.63,3.75,3.58,3.61
300339,润和软件,52.33,2.067485859176897,1.0599999999999952,2298169103.49,44321369,0,51.02,52.33,51.02,51.27
300340,科恒股份,12.73,0.8716323296355087,0.11000000000000121,107825921.0,8525700,0,12.6,12.75,12.53,12.62
300341,麦克奥迪,16.98,1.1316259678380065,0.19000000000000128,134989897.92,7988809,0,16.67,17.1,16.67,16.79
300342,天银机电,39.3,8.924611973392459,3.219999999999999,4785449145.38,128430367,0,36.0,41.0,34.78,36.08
300343,ST联创,5.93,-0.5033557046979908,-0.03000000000000025,107283453.46,18075927,0,5.93,5.99,5.89,5.96
300344,*ST立方,1.01,-2.8846153846153872,-0.030000000000000027,45744613.54,45086510,0,1.03,1.04,1.0,1.04
300345,华民股份,6.47,1.2519561815336475,0.08000000000000007,81969857.0,12787800,0,6.42,6.51,6.34,6.39
300346,南大光电,58.3,3.5340081690641005,1.9899999999999949,8213829709.73,143240531,0,55.0,58.53,55.0,56.31
300347,泰格医药,60.19,-0.6929549579277375,-0.4200000000000017,808864863.62,13484133,0,60.54,61.1,59.34,60.61
300348,长亮科技,15.02,1.7615176151761502,0.2599999999999998,494171021.01,33010618,0,14.76,15.08,14.7,14.76
300349,金卡智能,16.57,6.0819462227913,0.9500000000000011,549706452.54,33844881,0,15.53,16.67,15.5,15.62
300350,华鹏飞,6.52,1.5576323987538885,0.09999999999999964,149172898.0,23090120,0,6.39,6.52,6.38,6.42
300351,永贵电器,18.62,1.9157088122605441,0.3500000000000014,365408323.72,19698334,0,18.32,18.76,18.26,18.27
300352,北信源,6.63,-0.7485029940119734,-0.04999999999999982,564443492.24,85588555,0,6.62,6.67,6.52,6.68
300353,东土科技,22.76,-0.61135371179038,-0.13999999999999702,942764339.27,41884009,0,22.28,22.88,22.14,22.9
300354,东华测试,47.52,0.6779661016949159,0.3200000000000003,356044700.09,7440691,0,47.39,48.71,47.14,47.2
300355,蒙草生态,4.11,0.4889975550122362,0.020000000000000462,168224837.8,41069358,0,4.09,4.11,4.07,4.09
300357,我武生物,31.2,2.429415627051866,0.7399999999999984,218824407.6,7072775,0,30.53,31.24,30.45,30.46
300358,楚天科技,11.29,5.810684161199617,0.6199999999999992,591542855.2,53197510,0,10.65,11.4,10.6,10.67
300359,全通教育,5.54,2.214022140221404,0.1200000000000001,90727194.0,16562500,0,5.41,5.54,5.39,5.42
300360,炬华科技,17.8,-0.8908685968819607,-0.16000000000000014,535915997.07,29712092,0,18.07,18.45,17.71,17.96
300363,博腾股份,25.6,2.6052104208416917,0.6500000000000021,302768951.02,12000079,0,24.88,25.63,24.81,24.95
300364,中文在线,29.15,8.485299590621501,2.2799999999999976,3610315115.18,128513986,0,26.51,29.28,26.5,26.87
300365,恒华科技,6.73,1.8154311649016657,0.1200000000000001,126819578.86,18964502,0,6.63,6.75,6.6,6.61
300366,ST创意,7.27,4.906204906204905,0.33999999999999986,265777156.0,36628300,0,7.12,7.38,7.12,6.93
300368,汇金股份,14.86,0.13477088948786775,0.019999999999999574,472827551.24,31715458,0,14.76,15.12,14.73,14.84
300369,绿盟科技,7.95,2.3166023166023244,0.1800000000000006,181231003.13,22980665,0,7.72,7.97,7.72,7.77
300370,安控科技,2.71,0.7434944237918222,0.020000000000000018,66056824.1,24505377,0,2.69,2.71,2.67,2.69
300371,汇中股份,12.88,0.23346303501946408,0.030000000000001137,31068048.24,2423904,0,12.84,12.9,12.71,12.85
300373,扬杰科技,70.01,-0.4549978671974878,-0.3199999999999932,930009704.88,13304468,0,70.13,70.47,69.21,70.33
300374,中铁装配,16.2,0.3717472118959028,0.05999999999999872,122497037.2,7577380,0,16.09,16.25,16.06,16.14
300375,鹏翎股份,5.48,-2.142857142857129,-0.11999999999999922,350392568.24,63588345,0,5.71,5.74,5.42,5.6
300376,ST易事特,6.83,5.891472868217053,0.3799999999999999,286497924.86,43057752,0,6.45,6.83,6.42,6.45
300377,赢时胜,22.36,2.521779000458509,0.5500000000000007,1855346761.69,82672010,0,21.85,23.0,21.8,21.81
300378,鼎捷数智,53.68,6.6137040714995,3.3299999999999983,2253370897.24,43620238,0,49.23,54.0,49.18,50.35
300379,东通退,1.64,-0.6060606060606066,-0.010000000000000009,72135120.58,44067666,0,1.67,1.7,1.56,1.65
300380,安硕信息,43.71,2.269536733738884,0.9699999999999989,241008695.53,5580241,0,42.54,43.71,42.54,42.74
300381,溢多利,6.78,0.2958579881656873,0.020000000000000462,54768552.28,8088776,0,6.77,6.86,6.69,6.76
300382,斯莱克,15.62,0.3856041131105316,0.05999999999999872,316739843.96,20349825,0,15.62,15.78,15.33,15.56
300383,光环新网,15.13,6.026629292221452,0.8600000000000012,2864135784.4,190018923,0,14.58,15.54,14.57,14.27
300384,三联虹普,16.76,0.1194743130227188,0.020000000000003126,70604287.57,4234272,0,16.74,16.86,16.58,16.74
300385,雪浪环境,6.83,5.727554179566565,0.3700000000000001,118672960.84,17521674,0,6.46,7.03,6.41,6.46
300386,飞天诚信,17.46,1.3348810214741755,0.23000000000000043,170255258.6,9799910,0,17.14,17.5,17.14,17.23
300387,富邦科技,8.76,0.8055235903337202,0.07000000000000028,51870320.54,5969140,0,8.67,8.76,8.62,8.69
300388,节能国祯,8.18,1.6149068322981242,0.129999999999999,81266837.8,10028540,0,8.03,8.19,8.03,8.05
300389,艾比森,17.51,-5.809575040344262,-1.0799999999999983,452598187.91,25831750,0,18.6,18.63,17.22,18.59
300390,天华新能,51.49,-1.5863914373088654,-0.8299999999999983,1797469638.49,34869128,0,51.33,52.44,50.66,52.32
300391,*ST长药,0.81,-6.896551724137924,-0.05999999999999994,52361403.25,63236425,0,0.87,0.87,0.79,0.87
300393,中来股份,7.19,0.5594405594405599,0.040000000000000036,437736419.72,60635576,0,7.13,7.4,7.08,7.15
300394,天孚通信,199.0,1.9206145966709345,3.75,6753897619.9,34506223,0,191.36,201.95,188.55,195.25
300395,菲利华,95.63,1.03539355520337,0.9799999999999898,3008953209.32,31581442,0,94.62,97.3,92.9,94.65
300396,迪瑞医疗,13.45,1.893939393939394,0.25,53965810.4,4044940,0,13.31,13.5,13.23,13.2
300397,天和防务,16.33,0.9894867037723968,0.1599999999999966,1247601719.04,76031010,0,16.4,17.05,15.97,16.17
300398,飞凯材料,24.83,-0.32115616218386933,-0.08000000000000185,970988636.61,39177949,0,24.59,24.97,24.5,24.91
300399,天利科技,29.27,1.4206514206514211,0.41000000000000014,648453068.06,22254799,0,28.45,29.72,28.41,28.86
300400,劲拓股份,21.32,2.549302549302555,0.5300000000000011,228155494.0,10821200,0,20.88,21.36,20.78,20.79
300401,花园生物,16.44,-0.9041591320072246,-0.14999999999999858,483600367.36,29339247,0,16.48,16.76,16.25,16.59
300402,宝色股份,23.34,0.2146844139115531,0.05000000000000071,470787244.1,20135070,0,23.3,23.78,23.0,23.29
300403,汉宇集团,14.45,0.9078212290502723,0.129999999999999,317754858.52,22027721,0,14.32,14.56,14.3,14.32
300404,博济医药,10.55,1.0536398467433066,0.11000000000000121,195231568.92,18663038,0,10.44,10.56,10.31,10.44
300405,科隆股份,6.73,2.7480916030534446,0.1800000000000006,87814624.7,13132455,0,6.6,6.78,6.55,6.55
300406,九强生物,13.58,0.5925925925925931,0.08000000000000007,87039855.02,6434504,0,13.5,13.64,13.43,13.5
300407,凯发电气,12.16,2.616033755274266,0.3100000000000005,179250402.25,14866825,0,11.83,12.41,11.73,11.85
300408,三环集团,47.7,1.5109597786763158,0.7100000000000009,1544861693.73,32165883,0,49.07,49.22,47.33,46.99
300409,道氏技术,29.12,-5.3315994798439545,-1.6400000000000006,4372648893.28,150940216,0,29.58,29.7,28.21,30.76
300410,正业科技,8.66,0.23148148148147651,0.019999999999999574,90275975.03,10467429,0,8.64,8.68,8.55,8.64
300411,金盾股份,12.45,1.7988552739165893,0.21999999999999886,417019652.88,33308759,0,12.4,12.94,12.27,12.23
300412,迦南科技,5.72,1.2389380530973344,0.0699999999999994,114348382.3,20215920,0,5.68,5.72,5.6,5.65
300413,芒果超媒,26.34,5.149700598802392,1.2899999999999991,1106663208.42,43029423,0,24.99,26.49,24.91,25.05
300414,中光防雷,17.8,-1.1111111111111072,-0.1999999999999993,1411742678.41,77417092,0,17.58,19.8,17.37,18.0
300415,伊之密,27.56,1.2490815576781773,0.33999999999999986,341856773.78,12469423,0,27.17,27.8,27.08,27.22
300416,苏试试验,19.92,1.9447287615148543,0.38000000000000256,1342018374.2,67366217,0,19.89,20.57,19.25,19.54
300417,南华仪器,14.15,0.4258339247693435,0.0600000000000005,42720508.84,3024226,0,14.21,14.23,14.0,14.09
300418,昆仑万维,54.02,19.991115059973342,9.0,10288712967.35,205324896,0,44.76,54.02,44.76,45.02
300419,ST浩丰,6.61,2.959501557632405,0.1900000000000004,77683882.0,11790700,0,6.41,6.68,6.38,6.42
300420,五洋自控,4.18,1.2106537530266301,0.04999999999999982,183475844.66,43953493,0,4.13,4.26,4.11,4.13
300421,力星股份,36.4,3.999999999999996,1.3999999999999986,1857684047.29,51631110,0,34.5,36.74,34.32,35.0
300422,博世科,4.75,0.6355932203389884,0.03000000000000025,35567583.0,7538300,0,4.71,4.75,4.68,4.72
300423,昇辉科技,9.22,0.0,0.0,402876431.73,43809500,0,9.1,9.42,9.03,9.22
300424,航新科技,19.95,3.4751037344398243,0.6699999999999982,1035661782.59,51440524,0,19.6,21.07,19.6,19.28
300425,中建环能,5.1,0.3937007874015664,0.019999999999999574,37067071.2,7300190,0,5.08,5.1,5.04,5.08
300426,华智数媒,8.5,1.3110846245530323,0.10999999999999943,112338097.48,13352700,0,8.38,8.53,8.31,8.39
300427,红相股份,13.67,6.464174454828661,0.8300000000000001,2107076976.85,154941947,0,13.08,14.42,12.91,12.84
300428,立中集团,24.76,2.9521829521829557,0.7100000000000009,602379265.37,24410909,0,24.05,25.05,23.98,24.05
300429,强力新材,15.72,-0.5692599620493349,-0.08999999999999986,887043050.87,56117136,0,15.65,16.06,15.57,15.81
300430,诚益通,24.68,-1.7515923566879033,-0.4400000000000013,1105341510.13,44958036,0,24.3,25.47,23.88,25.12
300432,富临精工,18.41,-0.0542888165038087,-0.010000000000001563,1196010380.49,64774217,0,18.28,18.78,18.16,18.42
300433,蓝思科技,38.69,14.12979351032448,4.789999999999999,11443175120.92,306667818,0,33.7,40.05,33.4,33.9
300434,金石亚药,10.78,0.936329588014978,0.09999999999999964,121671101.2,11401980,0,10.61,10.78,10.56,10.68
300435,中泰股份,26.33,1.9357336430507164,0.5,765408868.94,28936700,0,26.27,27.1,26.0,25.83
300436,广生堂,94.4,3.656527945536415,3.3300000000000125,951396149.83,10311300,0,90.87,95.5,89.5,91.07
300437,清水源,17.06,-3.342776203966005,-0.5899999999999999,433187640.07,25237078,0,17.3,17.48,16.94,17.65
300438,鹏辉能源,53.42,0.37579857196543187,0.20000000000000284,1191218497.6,22355313,0,52.54,54.4,51.8,53.22
300439,美康生物,10.19,0.4930966469427902,0.049999999999998934,45876457.0,4521400,0,10.13,10.2,10.07,10.14
300440,运达科技,12.31,1.4839241549876316,0.17999999999999972,87358160.0,7132400,0,12.11,12.32,12.11,12.13
300441,鲍斯股份,7.81,0.6443298969072142,0.04999999999999982,56616091.24,7266851,0,7.75,7.83,7.73,7.76
300442,润泽科技,69.2,15.699715766594217,9.39,7659687273.3,113906943,0,62.21,71.77,62.21,59.81
300443,金雷股份,30.76,2.3968042609853613,0.7200000000000024,503882634.66,16566659,0,30.02,30.76,29.96,30.04
300444,双杰电气,10.49,0.6717850287907897,0.07000000000000028,724169599.48,68786693,0,10.4,10.73,10.38,10.42
300445,康斯特,27.71,4.172932330827065,1.1099999999999994,551588396.92,20185045,0,26.87,27.91,26.4,26.6
300446,航天智造,28.66,4.369992716678802,1.1999999999999993,2765174046.81,96712664,0,27.56,30.99,26.92,27.46
300447,全信股份,20.16,5.660377358490576,1.0800000000000018,976592288.0,49931674,0,18.97,20.67,18.88,19.08
300448,浩云科技,8.72,6.601466992665047,0.5400000000000009,540945746.65,63014387,0,8.17,8.85,8.15,8.18
300449,汉邦高科,7.54,1.2080536912751658,0.08999999999999986,62278189.8,8283080,0,7.5,7.66,7.43,7.45
300450,先导智能,58.4,2.438168742325909,1.3900000000000006,7098497030.26,122425807,0,57.0,59.5,55.59,57.01
300451,创业慧康,5.77,9.280303030303017,0.4899999999999993,1194853113.89,205770307,0,5.43,5.99,5.43,5.28
300452,山河药辅,13.73,0.0,0.0,78246582.63,5734416,0,13.74,13.74,13.55,13.73
300453,三鑫医疗,9.12,0.551267916207265,0.049999999999998934,53473546.73,5878761,0,9.09,9.14,9.05,9.07
300454,深信服,133.4,9.03146710257459,11.050000000000011,1613135368.74,12544819,0,121.78,134.0,121.56,122.35
300455,航天智装,35.16,8.184615384615373,2.6599999999999966,3558160295.88,101509166,0,32.65,37.95,32.33,32.5
300456,赛微电子,53.11,0.6824644549763023,0.35999999999999943,3945604782.01,74929334,0,52.0,54.87,51.03,52.75
300457,赢合科技,29.65,0.0,0.0,836702429.34,28287759,0,29.86,30.0,29.17,29.65
300458,全志科技,44.82,1.655704241324556,0.7299999999999969,1176805497.91,26380683,0,44.09,44.91,43.91,44.09
300459,汤姆猫,5.4,5.263157894736851,0.27000000000000046,2937935247.14,557857781,0,5.07,5.45,5.05,5.13
300460,ST惠伦,8.18,2.763819095477384,0.21999999999999975,112191752.4,13861620,0,8.09,8.21,8.0,7.96
300461,田中精机,19.59,0.4615384615384608,0.08999999999999986,64587941.66,3321300,0,19.5,19.66,19.24,19.5
300462,ST华铭,11.46,-1.4617368873602745,-0.16999999999999993,48542121.0,4230200,0,11.62,11.64,11.34,11.63
300463,迈克生物,11.77,2.0815264527320054,0.2400000000000002,100653688.6,8617810,0,11.55,11.77,11.5,11.53
300464,星徽股份,6.46,0.9374999999999939,0.05999999999999961,91852529.0,14342600,0,6.4,6.49,6.3,6.4
300465,高伟达,20.74,4.221105527638191,0.8399999999999999,603834410.91,29547269,0,19.81,20.74,19.8,19.9
300466,赛摩智能,10.21,-0.19550342130986875,-0.019999999999999574,96014189.8,9429139,0,10.2,10.24,10.11,10.23
300467,迅游科技,32.36,3.386581469648558,1.0599999999999987,446180926.96,14162145,0,31.15,32.4,30.8,31.3
300468,四方精创,36.3,2.4555461473327616,0.8699999999999974,1571321296.42,43516748,0,35.0,36.68,34.86,35.43
300469,信息发展,66.88,-1.748200381959744,-1.1899999999999977,527380153.37,7862215,0,67.86,68.42,66.3,68.07
300470,中密控股,38.44,2.45202558635393,0.9199999999999946,269589553.22,6997873,0,38.36,38.96,38.0,37.52
300471,厚普股份,13.33,-0.965824665676083,-0.13000000000000078,270256836.04,20191780,0,13.5,13.59,13.21,13.46
300472,*ST新元,7.54,2.724795640326978,0.20000000000000018,113187276.0,15122440,0,7.32,7.74,7.21,7.34
300473,德尔股份,32.37,7.292011932383148,2.1999999999999957,306590603.95,9720204,0,30.13,32.99,30.04,30.17
300474,景嘉微,75.55,0.9082409509816918,0.6799999999999926,1072340173.3,14261503,0,74.78,75.82,74.33,74.87
300475,香农芯创,165.0,-2.366863905325444,-4.0,5645470156.99,34355141,0,165.57,167.53,162.01,169.0
300476,胜宏科技,294.8,-0.3043625295907938,-0.8999999999999773,11278333743.51,38770047,0,291.0,304.57,281.91,295.7
300477,ST合纵,2.7,-0.7352941176470594,-0.020000000000000018,149574091.32,55391722,0,2.68,2.75,2.66,2.72
300478,杭州高新,28.67,4.103122730573721,1.1300000000000026,223592351.76,7913320,0,27.68,29.1,27.34,27.54
300479,神思电子,19.52,1.508060322412892,0.28999999999999915,113979806.07,5880600,0,19.25,19.53,19.19,19.23
300480,光力科技,19.02,3.257328990228001,0.5999999999999979,473677888.75,24672087,0,18.43,19.88,18.43,18.42
300481,濮阳惠成,16.42,-0.3035822707953683,-0.04999999999999716,160044406.62,9755097,0,16.44,16.59,16.3,16.47
300482,万孚生物,20.42,1.2394645513138323,0.25,110069608.2,5414510,0,20.2,20.45,20.17,20.17
300483,首华燃气,15.7,0.31948881789136696,0.049999999999998934,247560878.02,15866521,0,15.88,15.9,15.35,15.65
300484,蓝海华腾,20.22,1.6080402010050268,0.3200000000000003,135194906.6,6714820,0,19.87,20.3,19.77,19.9
300485,赛升药业,11.43,1.5999999999999976,0.17999999999999972,112893126.0,9978500,0,11.31,11.45,11.18,11.25
300486,东杰智能,20.98,8.08861411643483,1.5700000000000003,589960030.92,28316954,0,19.65,21.5,19.48,19.41
300487,蓝晓科技,66.92,0.3749812509374531,0.25,299207906.42,4486817,0,66.2,67.53,65.6,66.67
300488,恒锋工具,33.16,0.6678809957498447,0.21999999999999886,61229000.08,1847606,0,32.9,33.5,32.81,32.94
300489,光智科技,48.91,-5.924216195422207,-3.0800000000000054,631028012.0,12686650,0,51.42,52.2,48.0,51.99
300490,华自科技,12.47,-0.08012820512820341,-0.009999999999999787,417664720.0,33457100,0,12.55,12.69,12.28,12.48
300491,通合科技,28.23,5.809595202398803,1.5500000000000007,474714876.9,17086570,0,26.91,28.73,26.91,26.68
300492,华图山鼎,88.17,0.8233276157804446,0.7199999999999989,265446856.92,3045336,0,87.87,88.19,85.71,87.45
300493,润欣科技,21.96,4.821002386634852,1.0100000000000016,1038883635.87,48146920,0,20.8,21.96,20.8,20.95
300494,盛天网络,13.06,3.650793650793658,0.46000000000000085,364118155.47,28319274,0,12.64,13.06,12.58,12.6
300496,中科创达,74.92,3.681151397730413,2.6599999999999966,2240816259.65,30202785,0,72.19,75.67,72.09,72.26
300497,富祥药业,16.25,5.246113989637309,0.8100000000000005,936888322.37,57971162,0,15.33,16.61,15.32,15.44
300498,温氏股份,16.98,0.11792452830188427,0.019999999999999574,621632728.75,36543292,0,16.93,17.14,16.9,16.96
300499,高澜股份,32.58,3.428571428571423,1.0799999999999983,1453065560.49,44442015,0,31.64,33.37,31.64,31.5
300500,启迪设计,12.13,0.49710024855012835,0.0600000000000005,96119843.9,7986360,0,12.25,12.35,11.89,12.07
300501,海顺新材,15.68,-1.3836477987421425,-0.22000000000000064,66145232.0,4213700,0,15.88,15.97,15.49,15.9
300502,新易盛,398.22,-2.953648194180423,-12.119999999999948,16687782268.55,42295410,0,397.01,406.9,382.06,410.34
300503,昊志机电,64.91,6.759868421052631,4.109999999999999,4540869027.1,68934397,0,63.08,69.93,62.26,60.8
300504,天邑股份,15.42,0.521512385919166,0.08000000000000007,92311597.0,6015200,0,15.33,15.48,15.21,15.34
300505,川金诺,25.35,-2.8735632183908044,-0.75,1112260515.47,43519615,0,25.82,26.06,25.27,26.1
300506,*ST名家,4.18,1.2106537530266301,0.04999999999999982,47569123.5,11494270,0,4.1,4.24,4.09,4.13
300507,苏奥传感,9.73,0.0,0.0,296609749.1,30573243,0,9.7,9.77,9.58,9.73
300508,维宏股份,38.87,-2.897826630027488,-1.1600000000000037,333347294.88,8562026,0,39.46,39.7,38.55,40.03
300509,新美星,16.22,4.983818770226535,0.7699999999999996,308915305.29,19421482,0,15.38,16.63,15.2,15.45
300510,金冠股份,4.3,0.0,0.0,77433098.43,18051565,0,4.28,4.32,4.26,4.3
300511,雪榕生物,6.27,-0.633914421553091,-0.040000000000000036,110467380.91,17658475,0,6.29,6.37,6.21,6.31
300512,中亚股份,9.6,-0.10405827263267209,-0.009999999999999787,77027071.0,8040250,0,9.62,9.67,9.51,9.61
300513,恒实科技,10.79,4.050144648023143,0.41999999999999993,190594109.58,18018470,0,10.36,10.82,10.31,10.37
300514,友讯达,13.83,0.1448225923243995,0.019999999999999574,53232277.2,3870168,0,13.81,13.84,13.65,13.81
300515,三德科技,20.62,1.3765978367748335,0.28000000000000114,75912414.44,3697900,0,20.28,20.7,20.28,20.34
300516,久之洋,87.45,-2.7901289461983003,-2.509999999999991,2043346687.85,23170147,0,86.88,93.97,83.91,89.96
300517,海波重科,12.33,5.474764756201887,0.6400000000000006,154634230.8,12951500,0,11.69,12.47,11.37,11.69
300518,新迅达,20.66,3.145282076884668,0.629999999999999,310792271.62,15192520,0,19.95,20.96,19.82,20.03
300519,新光药业,15.65,1.2289780077619632,0.1899999999999995,57192188.0,3696900,0,15.49,15.65,15.31,15.46
300520,科大国创,40.43,0.5471275802039265,0.21999999999999886,1631141497.52,40300322,0,39.75,41.51,39.5,40.21
300521,爱司凯,33.42,0.997280145058925,0.3299999999999983,493452893.04,14773741,0,33.01,34.44,32.5,33.09
300522,世名科技,12.83,0.07800312012480333,0.009999999999999787,64967365.4,5085640,0,12.8,12.85,12.7,12.82
300523,辰安科技,24.42,0.8257638315441901,0.20000000000000284,155761517.5,6434510,0,24.2,24.44,23.92,24.22
300525,博思软件,14.46,2.8449502133712685,0.40000000000000036,581390921.15,40636241,0,14.03,14.48,14.02,14.06
300527,ST应急,8.33,0.6038647342995256,0.05000000000000071,200673828.17,24060408,0,8.32,8.48,8.24,8.28
300528,幸福蓝海,21.35,3.590490053372159,0.740000000000002,594099422.3,28072020,0,20.62,21.72,20.52,20.61
300529,健帆生物,20.67,1.273885350318479,0.26000000000000156,123533448.54,5997497,0,20.4,20.7,20.4,20.41
300530,领湃科技,28.01,0.6106321839080521,0.1700000000000017,72958241.75,2611525,0,27.84,28.19,27.69,27.84
300531,优博讯,18.27,1.3311148086522375,0.23999999999999844,156204542.78,8601586,0,17.99,18.27,17.96,18.03
300532,今天国际,12.23,1.1579818031430982,0.14000000000000057,93325476.74,7668324,0,12.07,12.24,12.07,12.09
300533,冰川网络,37.63,3.7496553625585864,1.3599999999999994,603658789.89,16320993,0,36.21,37.64,36.13,36.27
300534,陇神戎发,9.78,0.7209062821833008,0.06999999999999851,85277583.0,8765850,0,9.71,9.79,9.65,9.71
300535,达威股份,18.45,0.5449591280653835,0.09999999999999787,38163891.0,2074900,0,18.36,18.54,18.26,18.35
300536,农尚环境,9.49,19.97471554993679,1.58,527886940.86,57619766,0,8.08,9.49,7.99,7.91
300537,广信材料,23.85,1.187950784896059,0.28000000000000114,272996197.0,11551700,0,23.48,23.85,23.33,23.57
300538,同益股份,16.88,0.11862396204032961,0.019999999999999574,180155165.6,10722110,0,16.84,16.89,16.65,16.86
300539,横河精密,40.52,3.4993614303959246,1.3700000000000045,392974490.44,9776680,0,39.07,40.8,39.04,39.15
300540,蜀道装备,22.56,10.048780487804871,2.0599999999999987,446485009.94,19858002,0,20.92,23.52,20.92,20.5
300541,先进数通,15.45,2.3178807947019844,0.34999999999999964,323801806.97,21146697,0,15.05,15.45,15.02,15.1
300542,新晨科技,20.4,2.564102564102554,0.509999999999998,357526266.28,17700713,0,19.81,20.4,19.81,19.89
300543,朗科智能,11.19,1.0840108401083939,0.11999999999999922,106330599.36,9569477,0,11.08,11.2,11.03,11.07
300545,联得装备,34.26,6.8954758190327645,2.210000000000001,577954856.59,17367140,0,31.96,34.73,31.88,32.05
300546,雄帝科技,25.71,1.9429024583663839,0.490000000000002,263063642.62,10304753,0,25.1,25.78,25.08,25.22
300547,川环科技,39.23,1.7375518672199028,0.6699999999999946,476462334.28,12138282,0,38.79,39.79,38.7,38.56
300548,长芯博创,133.7,-2.216046222482265,-3.030000000000001,3269667152.02,24765645,0,133.0,135.6,128.56,136.73
300549,优德精密,19.04,-0.15731515469324142,-0.030000000000001137,42762802.0,2258100,0,19.06,19.07,18.74,19.07
300550,和仁科技,15.4,5.696636925188744,0.8300000000000001,136574037.35,9037114,0,14.61,15.49,14.61,14.57
300551,古鳌科技,17.21,-2.271436683702434,-0.3999999999999986,339820492.2,19655024,0,17.56,17.59,17.06,17.61
300552,万集科技,35.84,-1.6735253772290792,-0.6099999999999994,803908087.34,22202010,0,35.4,36.99,35.4,36.45
300553,集智股份,46.36,16.248746238716137,6.479999999999997,829802778.49,18241515,0,40.3,47.86,40.26,39.88
300554,三超新材,24.52,0.6568144499178987,0.16000000000000014,101301740.21,4172636,0,24.3,24.55,24.07,24.36
300555,ST路通,15.58,1.2345679012345647,0.1899999999999995,45001303.0,2908900,0,15.2,15.77,15.15,15.39
300556,丝路视觉,20.07,2.817622950819676,0.5500000000000007,130775230.0,6588000,0,19.45,20.16,19.45,19.52
300557,理工光科,38.76,-3.100000000000005,-1.240000000000002,438346719.74,11286469,0,39.75,39.75,38.3,40.0
300558,贝达药业,50.85,2.956063980562869,1.4600000000000009,521974383.69,10392023,0,49.53,50.87,49.53,49.39
300559,佳发教育,13.64,3.490136570561463,0.46000000000000085,162552953.0,12079300,0,13.15,13.68,13.0,13.18
300560,中富通,17.54,3.358868591632294,0.5700000000000003,475187943.47,27500901,0,16.9,17.54,16.88,16.97
300561,*ST汇科,21.74,0.36934441366573545,0.0799999999999983,355708885.48,16847292,0,21.6,22.07,20.61,21.66
300562,乐心医疗,14.53,3.04964539007092,0.4299999999999997,155608141.0,10759900,0,14.22,14.73,14.2,14.1
300563,神宇股份,38.52,0.7322175732217603,0.28000000000000114,299335128.28,7798198,0,38.4,38.66,38.02,38.24
300564,筑博设计,16.01,0.6918238993710768,0.11000000000000121,82008793.2,5105580,0,15.85,16.45,15.68,15.9
300565,科信技术,13.09,0.6149116064565724,0.08000000000000007,180289283.5,13898330,0,13.01,13.09,12.82,13.01
300566,激智科技,19.1,-0.05232862375718478,-0.00999999999999801,175229939.01,9201489,0,19.1,19.18,18.88,19.11
300567,精测电子,107.27,-0.4916512059369213,-0.5300000000000011,1559674141.47,14700984,0,105.5,109.27,103.55,107.8
300568,星源材质,15.18,1.0652463382157134,0.16000000000000014,1016116453.43,66867621,0,14.91,15.42,14.83,15.02
300569,天能重工,6.11,0.0,0.0,226906361.16,37038039,0,6.07,6.21,6.04,6.11
300570,太辰光,115.54,-0.38796447969651576,-0.44999999999998863,2005069537.42,17610504,0,114.8,116.49,110.55,115.99
300571,平治信息,30.3,4.410751206064787,1.2800000000000011,184669124.84,6211514,0,28.99,30.33,28.97,29.02
300572,安车检测,30.95,0.9129442451907323,0.2799999999999976,231613965.44,7540217,0,30.64,30.99,30.3,30.67
300573,兴齐眼药,75.42,-0.09272751357794831,-0.06999999999999318,654064594.15,8736227,0,75.2,75.66,74.15,75.49
300575,中旗股份,5.96,0.1680672268907527,0.009999999999999787,51719088.68,8708657,0,5.95,5.97,5.9,5.95
300576,容大感光,43.87,0.2742857142857084,0.11999999999999744,1328217145.24,30440106,0,43.21,44.09,42.9,43.75
300577,开润股份,21.62,0.04627487274410719,0.010000000000001563,44650153.68,2076688,0,21.69,21.7,21.36,21.61
300578,会畅科技,24.85,19.990342829550944,4.140000000000001,1254744013.97,53598299,0,20.62,24.85,20.53,20.71
300579,数字认证,33.13,1.6881522406384415,0.5500000000000043,322907477.18,9802555,0,32.3,33.26,32.25,32.58
300580,贝斯特,26.22,1.8252427184465976,0.46999999999999886,263105644.21,10050645,0,25.7,26.5,25.65,25.75
300581,晨曦航空,17.92,1.3574660633484277,0.240000000000002,1039342251.13,57962778,0,18.03,18.39,17.54,17.68
300582,英飞特,17.63,2.4404416037187575,0.41999999999999815,383098776.75,21981500,0,17.28,17.8,16.95,17.21
300583,赛托生物,14.35,1.0563380281690167,0.15000000000000036,41289139.0,2897900,0,14.2,14.35,14.14,14.2
300584,海辰药业,53.12,0.6060606060606066,0.3200000000000003,220710258.4,4183140,0,52.65,53.28,52.15,52.8
300585,奥联电子,19.39,0.7272727272727302,0.14000000000000057,221066910.0,11424100,0,19.18,19.68,19.07,19.25
300586,美联新材,11.67,5.135135135135139,0.5700000000000003,497103354.27,43092860,0,11.12,12.05,10.96,11.1
300587,天铁科技,6.17,0.16233766233765887,0.009999999999999787,168452664.44,27394909,0,6.14,6.26,6.07,6.16
300588,熙菱信息,27.63,1.9557195571955628,0.5299999999999976,223040255.0,8193719,0,27.08,27.8,26.38,27.1
300589,江龙船艇,22.12,-1.5138023152270697,-0.33999999999999986,1786201498.26,79716290,0,22.68,23.15,21.93,22.46
300590,移为通信,13.03,0.9295120061967406,0.11999999999999922,149524886.9,11518040,0,12.88,13.1,12.84,12.91
300591,万里马,9.62,1.3698630136986196,0.129999999999999,253872788.25,26516155,0,9.49,9.66,9.46,9.49
300592,华凯易佰,12.15,10.454545454545459,1.1500000000000004,447800354.4,38066503,0,10.97,12.51,10.95,11.0
300593,新雷能,34.21,-0.407569141193597,-0.14000000000000057,2094577890.6,59558361,0,34.38,37.99,33.41,34.35
300594,朗进科技,21.15,-1.7649790989317349,-0.38000000000000256,88293804.0,4192400,0,21.55,21.55,20.7,21.53
300595,欧普康视,16.23,-0.06157635467979072,-0.00999999999999801,282652525.68,17472658,0,16.13,16.28,16.0,16.24
300596,利安隆,45.22,0.9600357222594323,0.4299999999999997,199039156.08,4414827,0,44.5,45.83,44.35,44.79
300597,吉大通信,9.68,2.325581395348825,0.21999999999999886,116454948.15,12132883,0,9.43,9.76,9.38,9.46
300598,诚迈科技,48.01,1.0736842105263116,0.509999999999998,452032716.86,9461544,0,47.97,48.1,47.37,47.5
300599,雄塑科技,10.04,2.4489795918367188,0.23999999999999844,234655752.0,23434600,0,9.9,10.48,9.78,9.8
300600,国瑞科技,15.8,-0.7537688442211007,-0.11999999999999922,314296156.6,19771020,0,16.16,16.16,15.72,15.92
300601,康泰生物,15.95,3.571428571428564,0.5499999999999989,369474761.96,23227319,0,15.66,16.13,15.51,15.4
300602,飞荣达,32.96,2.8393135725429133,0.9100000000000037,971575771.39,29871104,0,31.58,33.19,31.35,32.05
300603,立昂技术,10.4,2.7667984189723436,0.28000000000000114,141802265.0,13732500,0,10.14,10.43,10.02,10.12
300604,长川科技,123.6,-0.04043671653862626,-0.05000000000001137,4451707633.34,36485949,0,120.99,125.5,118.1,123.65
300605,恒锋信息,16.65,1.897184822521412,0.3099999999999987,185938416.58,11263687,0,16.32,16.72,16.27,16.34
300606,金太阳,25.37,-4.838709677419352,-1.2899999999999991,397712836.0,15569150,0,26.18,26.39,25.11,26.66
300607,拓斯达,32.85,0.4280036686028755,0.14000000000000057,781713322.54,23825065,0,32.39,33.2,32.29,32.71
300608,思特奇,12.06,5.88235294117647,0.6699999999999999,216282335.08,18307160,0,11.38,12.12,11.34,11.39
300609,汇纳科技,44.02,2.8504672897196404,1.220000000000006,287178988.0,6572100,0,42.6,44.43,42.4,42.8
300610,晨化股份,11.84,0.1692047377326529,0.019999999999999574,54361860.4,4611140,0,11.77,11.89,11.7,11.82
300611,美力科技,28.23,0.39118065433854704,0.10999999999999943,218653010.16,7762927,0,28.0,28.42,27.88,28.12
300612,宣亚国际,20.34,8.886509635974305,1.6600000000000001,1125838568.04,57215167,0,18.41,20.61,18.41,18.68
300613,富瀚微,47.75,0.5263157894736842,0.25,213352341.31,4487240,0,47.31,47.85,47.1,47.5
300614,百川畅银,12.75,0.5520504731861222,0.07000000000000028,39257648.22,3097623,0,12.74,12.85,12.53,12.68
300615,欣天科技,13.95,0.5043227665705944,0.06999999999999851,68298160.7,4928670,0,13.86,13.99,13.69,13.88
300616,尚品宅配,14.38,1.6973125884016986,0.2400000000000002,54704308.0,3852300,0,14.14,14.38,14.06,14.14
300617,安靠智电,34.02,0.8298755186722024,0.28000000000000114,106041488.5,3133250,0,33.61,34.19,33.55,33.74
300618,寒锐钴业,48.37,1.810145232582613,0.8599999999999994,694877327.57,14407991,0,47.48,48.86,47.06,47.51
300619,金银河,47.76,1.1650074136835356,0.5499999999999972,600156447.85,12670631,0,47.01,48.58,46.33,47.21
300620,光库科技,152.96,2.348611575777865,3.5100000000000193,2667524589.65,17839216,0,148.37,153.9,143.44,149.45
300621,维业股份,8.58,0.46838407494146284,0.040000000000000924,41457922.0,4842800,0,8.55,8.61,8.46,8.54
300622,博士眼镜,32.41,2.7909927053599604,0.8799999999999955,564596619.39,17511631,0,31.41,32.5,31.4,31.53
300623,捷捷微电,29.16,3.111739745403108,0.879999999999999,843114424.46,29215129,0,28.22,29.55,28.14,28.28
300624,万兴科技,82.55,9.497280806473002,7.159999999999997,2269677256.08,28456204,0,74.72,82.55,74.58,75.39
300625,三雄极光,12.24,0.0,0.0,35976969.63,2950481,0,12.24,12.28,12.1,12.24
300626,华瑞股份,16.6,8.852459016393452,1.3500000000000014,290287731.4,17760020,0,15.26,17.08,15.26,15.25
300627,华测导航,42.68,2.6701948520567704,1.1099999999999994,2195184463.53,51668871,0,41.69,43.99,40.72,41.57
300628,亿联网络,36.58,1.809073197884772,0.6499999999999986,327434476.4,8965031,0,35.94,36.88,35.93,35.93
300629,新劲刚,28.8,8.802417831507373,2.330000000000002,1797743788.33,65812754,0,26.7,28.86,25.6,26.47
300630,普利退,0.89,1.1363636363636374,0.010000000000000009,32787848.0,36818346,0,0.9,0.95,0.86,0.88
300631,久吾高科,30.3,1.5075376884422085,0.4499999999999993,139043661.0,4601220,0,29.58,30.64,29.58,29.85
300632,光莆股份,15.48,-1.0230179028133002,-0.16000000000000014,273168062.78,17712778,0,15.47,15.61,15.16,15.64
300633,开立医疗,28.97,0.4159445407278941,0.11999999999999744,141121295.34,4866998,0,29.05,29.39,28.66,28.85
300634,彩讯股份,29.54,11.261770244821086,2.9899999999999984,1659751810.86,58666949,0,26.4,29.55,26.2,26.55
300635,中达安,16.61,2.7846534653465302,0.4499999999999993,70421309.0,4275200,0,16.2,16.7,16.07,16.16
300636,同和药业,7.73,0.5201560468140447,0.040000000000000036,50562754.3,6580430,0,7.75,7.75,7.63,7.69
300637,扬帆新材,12.64,0.47694753577106913,0.0600000000000005,133227688.8,10588800,0,12.55,12.65,12.45,12.58
300638,广和通,30.89,2.7611443779108513,0.8300000000000018,1894178641.51,61959625,0,30.09,30.99,29.68,30.06
300639,凯普生物,5.68,0.3533568904593564,0.019999999999999574,51376890.02,9070555,0,5.63,5.72,5.6,5.66
300640,德艺文创,8.34,3.9900249376558645,0.3200000000000003,392473465.3,47959020,0,7.93,8.37,7.93,8.02
300641,正丹股份,18.57,1.198910081743863,0.21999999999999886,158692881.21,8562802,0,18.32,18.63,18.3,18.35
300642,透景生命,20.35,2.93373798684877,0.5800000000000018,197356978.0,9874900,0,19.73,20.4,19.61,19.77
300643,万通智控,19.95,1.3204672422549417,0.259999999999998,153598214.0,7761500,0,19.81,20.0,19.5,19.69
300644,南京聚隆,37.21,0.43184885290149455,0.1600000000000037,187347241.8,5058400,0,36.79,37.45,36.63,37.05
300645,正元智慧,19.46,2.421052631578952,0.46000000000000085,121957491.7,6332725,0,19.06,19.74,18.91,19.0
300647,超频三,7.24,-0.13793103448275568,-0.009999999999999787,386717326.8,53283468,0,7.38,7.45,7.17,7.25
300648,星云股份,56.46,1.0379384395132396,0.5799999999999983,373928882.3,6694847,0,55.79,56.99,54.9,55.88
300649,杭州园林,14.79,0.6807351940095279,0.09999999999999964,49284582.36,3366599,0,14.62,14.81,14.46,14.69
300650,太龙股份,17.53,-0.792303338992646,-0.14000000000000057,198532677.3,11338550,0,17.6,17.74,17.32,17.67
300651,金陵体育,21.41,1.3731060606060563,0.28999999999999915,111105748.84,5206760,0,21.01,21.45,21.01,21.12
300652,雷迪克,60.07,-2.641815235008108,-1.6300000000000026,518923732.8,8617510,0,60.5,61.3,59.46,61.7
300653,正海生物,21.15,0.7142857142857075,0.14999999999999858,65270028.31,3103519,0,20.95,21.19,20.8,21.0
300654,世纪天鸿,10.84,5.8593749999999964,0.5999999999999996,329330586.96,31231286,0,10.2,10.85,10.17,10.24
300655,晶瑞电材,18.95,-0.681341719077563,-0.129999999999999,2093270081.85,110379394,0,18.9,19.19,18.7,19.08
300656,民德电子,22.95,0.657894736842099,0.14999999999999858,66343197.58,2900556,0,22.78,23.01,22.67,22.8
300657,弘信电子,30.71,2.950050284948048,0.8800000000000026,817034426.51,26811079,0,29.8,30.88,29.65,29.83
300658,延江股份,0.0,-100.0,-14.82,0.0,0,0,0.0,0.0,0.0,14.82
300659,中孚信息,16.06,1.5812776723592552,0.24999999999999822,238750528.7,15022026,0,15.76,16.06,15.7,15.81
300660,江苏雷利,55.31,2.3880044427989615,1.2899999999999991,824406544.5,14948669,0,53.89,55.98,53.52,54.02
300661,圣邦股份,72.95,0.2611324903793262,0.18999999999999773,1100838393.65,15137557,0,72.11,73.31,72.05,72.76
300662,科锐国际,26.74,0.526315789473673,0.13999999999999702,80468236.62,3028966,0,26.51,26.88,26.3,26.6
300663,科蓝软件,19.04,1.6550987720234847,0.3099999999999987,501964527.86,26658777,0,18.47,19.04,18.45,18.73
300664,鹏鹞环保,5.59,2.193784277879344,0.1200000000000001,197610805.23,35002469,0,5.64,5.78,5.56,5.47
300665,飞鹿股份,9.25,-0.32327586206895864,-0.02999999999999936,150436228.42,16304826,0,9.29,9.36,9.18,9.28
300666,江丰电子,113.51,1.095475596722483,1.230000000000004,1723406394.06,15376425,0,110.28,114.26,109.61,112.28
300667,必创科技,18.58,0.978260869565216,0.17999999999999972,241380256.0,13020500,0,18.4,18.84,18.21,18.4
300668,杰恩设计,28.84,-3.609625668449204,-1.0800000000000018,265966481.1,9221047,0,30.13,30.13,27.91,29.92
300669,沪宁股份,26.0,-1.4404852160727786,-0.379999999999999,33766022.0,1299500,0,26.38,26.5,25.72,26.38
300670,大烨智能,6.96,-2.521008403361341,-0.17999999999999972,112706884.0,16128000,0,7.18,7.2,6.86,7.14
300671,富满微,34.16,0.8562149394744587,0.28999999999999915,182939068.66,5400598,0,33.86,34.24,33.47,33.87
300672,国科微,117.91,2.548269264219858,2.9299999999999926,2564165305.58,21676921,0,116.81,122.0,114.93,114.98
300673,佩蒂股份,18.81,0.6420545746388306,0.11999999999999744,138555796.0,7411350,0,18.68,18.91,18.46,18.69
300674,宇信科技,24.02,2.212765957446807,0.5199999999999996,474210462.97,19924292,0,23.42,24.06,23.39,23.5
300675,建科院,16.03,0.3757044458359455,0.0600000000000005,52818589.0,3320300,0,16.0,16.05,15.77,15.97
300676,华大基因,51.69,7.59783513738551,3.6499999999999986,1011543048.43,19948558,0,47.99,52.15,47.97,48.04
300677,英科医疗,39.52,0.6366182836771072,0.25,365616754.08,9289932,0,39.44,39.73,39.0,39.27
300678,中科信息,34.47,-0.7200460829493087,-0.25,706585067.11,20602414,0,34.2,34.66,33.85,34.72
300679,电连技术,50.98,1.2512413108242213,0.6299999999999955,345008923.24,6782420,0,50.3,51.35,50.06,50.35
300680,隆盛科技,54.45,-0.07340796476417535,-0.03999999999999915,1433213298.72,25806272,0,54.45,57.58,53.99,54.49
300681,英搏尔,26.55,0.11312217194570565,0.030000000000001137,275016618.27,10381725,0,26.5,26.78,26.2,26.52
300682,朗新集团,16.3,1.8113678950655785,0.28999999999999915,462876427.41,28671995,0,16.0,16.36,15.92,16.01
300683,海特生物,30.11,2.102407595795188,0.620000000000001,136666740.0,4608400,0,29.49,30.19,29.11,29.49
300684,中石科技,49.75,1.6966475878986063,0.8299999999999983,836353355.92,16860976,0,48.67,50.64,48.15,48.92
300685,艾德生物,21.69,1.9746121297602337,0.4200000000000017,168865357.5,7854991,0,21.38,21.75,21.26,21.27
300686,智动力,15.62,-1.388888888888893,-0.22000000000000064,131689770.97,8384657,0,15.76,16.02,15.55,15.84
300687,赛意信息,25.94,2.9365079365079443,0.740000000000002,766745990.05,30012304,0,24.77,26.1,24.75,25.2
300688,创业黑马,31.43,2.6788631166285537,0.8200000000000003,537641794.26,17176284,0,30.61,31.6,30.61,30.61
300689,澄天伟业,50.84,1.5784215784215911,0.7900000000000063,122680127.15,2420674,0,49.9,51.5,49.7,50.05
300690,双一科技,34.67,-0.5735589331803721,-0.19999999999999574,410177064.74,11800069,0,34.98,35.39,34.4,34.87
300691,联合光电,17.83,0.33764772087787687,0.05999999999999872,90443490.12,5090763,0,17.66,17.91,17.61,17.77
300692,中环环保,8.61,0.9378663540445497,0.08000000000000007,97267717.99,11390745,0,8.54,8.64,8.44,8.53
300693,盛弘股份,41.38,2.4003959415986293,0.970000000000006,697469885.89,16958171,0,40.55,41.68,39.9,40.41
300694,蠡湖股份,12.28,1.0699588477366173,0.129999999999999,56684571.0,4644200,0,12.16,12.28,12.1,12.15
300695,兆丰股份,92.82,1.1882699225989197,1.0899999999999892,160317379.15,1730515,0,92.0,94.28,91.24,91.73
300696,爱乐达,32.09,1.873015873015884,0.5900000000000034,729754255.21,22681390,0,31.71,32.85,31.44,31.5
300697,电工合金,17.7,2.2530329289428113,0.39000000000000057,315467958.9,17866065,0,17.23,17.85,17.2,17.31
300698,万马科技,44.94,-0.13333333333333838,-0.060000000000002274,288240773.0,6433400,0,44.82,45.38,44.26,45.0
300699,光威复材,42.76,4.21642700463075,1.7299999999999969,3941446166.89,93278812,0,41.73,44.5,40.76,41.03
300700,岱勒新材,12.86,0.8627450980392113,0.10999999999999943,146724239.62,11509296,0,12.75,12.95,12.53,12.75
300701,森霸传感,13.69,0.0,0.0,220591746.75,16212175,0,13.69,13.73,13.44,13.69
300702,天宇股份,25.45,0.4737465455981089,0.120000000000001,65923790.79,2608626,0,25.44,25.47,25.05,25.33
300703,创源股份,25.66,1.1430823807646793,0.28999999999999915,281629608.85,11084723,0,25.15,25.66,25.1,25.37
300705,九典制药,15.77,1.0897435897435894,0.16999999999999993,120094790.44,7666064,0,15.6,15.77,15.53,15.6
300706,阿石创,37.86,-0.263435194942048,-0.10000000000000142,268390804.08,7102204,0,37.69,38.28,37.41,37.96
300707,威唐工业,16.84,0.178465199286146,0.030000000000001137,210717141.84,12549992,0,16.73,17.05,16.55,16.81
300708,聚灿光电,9.51,1.0626992561105169,0.09999999999999964,617768067.43,65406377,0,9.32,9.56,9.26,9.41
300709,精研科技,48.71,2.2460117548278764,1.0700000000000003,581877353.73,12053394,0,47.4,48.87,47.17,47.64
300710,万隆光电,33.4,1.5815085158150728,0.519999999999996,428011547.94,12769542,0,33.2,34.38,32.69,32.88
300711,广哈通信,24.41,1.9206680584551186,0.46000000000000085,295123492.42,12069516,0,24.27,24.92,23.98,23.95
300712,永福股份,27.58,0.47358834244079784,0.129999999999999,112186857.42,4057798,0,27.4,27.95,27.3,27.45
300713,英可瑞,17.97,1.2394366197183033,0.21999999999999886,74246173.55,4171935,0,17.87,17.97,17.6,17.75
300715,凯伦股份,11.41,-1.3828867761452044,-0.16000000000000014,51276379.52,4495039,0,11.58,11.65,11.25,11.57
300716,ST泉为,11.83,-4.0551500405515,-0.5,66159686.0,5465600,0,12.33,12.94,11.7,12.33
300717,华信新材,19.51,-0.3065917220234988,-0.05999999999999872,31991609.0,1638300,0,19.68,19.69,19.38,19.57
300718,长盛轴承,84.28,0.4768717215069215,0.4000000000000057,761933527.31,9011260,0,83.76,85.42,83.0,83.88
300719,安达维尔,18.43,0.8205689277899265,0.14999999999999858,337385696.63,18329703,0,18.63,18.78,18.13,18.28
300720,海川智能,36.12,1.8899858956276292,0.6699999999999946,636208057.2,17828120,0,35.0,38.25,33.3,35.45
300721,怡达股份,13.44,0.5235602094240859,0.07000000000000028,65937445.79,4930689,0,13.36,13.45,13.28,13.37
300722,新余国科,37.5,2.487018311013929,0.9099999999999966,878885179.86,23459560,0,36.98,38.5,36.48,36.59
300723,一品红,37.36,3.7201554691837764,1.3399999999999963,565840322.04,15411894,0,36.02,37.71,35.69,36.02
300724,捷佳伟创,103.35,-0.7776497695852557,-0.8100000000000023,2704638798.42,26252424,0,103.0,105.77,100.6,104.16
300725,药石科技,43.35,6.354268891069685,2.5900000000000034,863505259.14,20378738,0,40.88,43.67,40.87,40.76
300726,宏达电子,54.65,3.4058656575212813,1.7999999999999972,1441988807.26,26642241,0,52.86,55.53,52.38,52.85
300727,润禾材料,36.95,2.2412838959601613,0.8100000000000023,213062325.27,5790601,0,36.0,37.1,35.92,36.14
300729,乐歌股份,14.39,3.0064423765211163,0.41999999999999993,142123066.17,9986922,0,13.98,14.54,13.92,13.97
300730,科创信息,14.17,2.310469314079424,0.3200000000000003,188260247.0,13430250,0,13.73,14.17,13.73,13.85
300731,科创新源,55.42,-2.2747310879915346,-1.2899999999999991,507375559.25,9046975,0,56.92,57.44,55.18,56.71
300732,设研院,7.77,-0.1285347043701886,-0.010000000000000675,63906513.14,8249828,0,7.82,7.85,7.67,7.78
300733,西菱动力,19.89,5.015839493136216,0.9499999999999993,416623451.2,21366880,0,19.05,19.93,18.9,18.94
300735,光弘科技,25.7,1.1412829594647744,0.28999999999999915,352018407.63,13748002,0,25.47,25.77,25.25,25.41
300736,百邦科技,17.55,-3.46534653465346,-0.629999999999999,267513313.0,15329100,0,18.36,18.38,16.93,18.18
300737,科顺股份,5.63,-1.2280701754386014,-0.07000000000000028,186632485.6,33141700,0,5.72,5.74,5.58,5.7
300738,奥飞数据,22.85,10.333172380492519,2.1400000000000006,3574012936.8,158041092,0,21.2,23.65,21.13,20.71
300739,明阳电路,18.8,0.9125067096081682,0.1700000000000017,416251377.45,22188015,0,18.6,19.15,18.34,18.63
300740,水羊股份,25.65,5.904211395540875,1.4299999999999997,560528841.42,22348892,0,24.21,25.85,24.1,24.22
300741,华宝股份,18.95,-0.21063717746181754,-0.03999999999999915,50590859.88,2680500,0,18.98,19.1,18.69,18.99
300743,天地数码,24.12,0.7098121085595062,0.1700000000000017,113318733.67,4768865,0,24.1,24.18,23.37,23.95
300745,欣锐科技,29.55,-2.828017099638275,-0.8599999999999994,228438620.0,7709900,0,30.55,30.58,29.19,30.41
300746,汉嘉设计,13.98,-1.8947368421052602,-0.2699999999999996,76321106.0,5444800,0,14.28,14.33,13.86,14.25
300747,锐科激光,33.91,5.968749999999989,1.9099999999999966,2587677599.92,75430998,0,34.52,36.24,33.0,32.0
300748,金力永磁,37.8,6.478873239436611,2.299999999999997,4211976120.53,111623401,0,36.41,38.8,36.41,35.5
300749,顶固集创,12.35,-1.357827476038338,-0.16999999999999993,135465764.2,11031440,0,12.51,12.62,12.1,12.52
300750,宁德时代,369.23,0.005416971371316772,0.020000000000038654,11681035309.14,31477187,0,369.17,377.63,367.01,369.21
300751,迈为股份,206.15,-3.1250000000000027,-6.650000000000006,5422892635.64,25258882,0,215.22,231.99,198.88,212.8
300752,隆利科技,18.71,1.0804970286331672,0.1999999999999993,84069887.2,4518900,0,18.6,18.76,18.45,18.51
300753,爱朋医疗,38.93,-8.657907085875172,-3.6899999999999977,1539968084.87,38550380,0,40.05,42.0,38.72,42.62
300755,华致酒行,17.81,1.1931818181818028,0.2099999999999973,85890275.98,4852581,0,17.69,17.88,17.55,17.6
300756,金马游乐,54.76,-0.2550091074681249,-0.14000000000000057,206776484.64,3772243,0,55.3,55.44,53.8,54.9
300757,罗博特科,289.81,7.612045598009728,20.5,3325061901.51,11644002,0,270.0,294.6,270.0,269.31
300758,七彩化学,13.42,1.8209408194233705,0.2400000000000002,181548485.16,13639757,0,13.14,13.56,13.07,13.18
300759,康龙化成,31.59,1.3149454778704301,0.41000000000000014,775811510.7,24736377,0,31.18,31.78,30.94,31.18
300760,迈瑞医疗,203.68,0.9766496455307118,1.9699999999999989,1827441992.97,8979800,0,202.0,205.2,201.85,201.71
300761,立华股份,21.19,1.9240019240019341,0.40000000000000213,213884844.64,10076856,0,20.86,21.41,20.83,20.79
300762,上海瀚讯,51.0,15.22819701762314,6.740000000000002,7893886943.23,162505854,0,45.07,53.11,43.82,44.26
300763,锦浪科技,75.89,-0.5894681687188928,-0.45000000000000284,991521498.92,12974130,0,76.5,77.75,75.39,76.34
300765,新诺威,41.09,2.930861723446898,1.1700000000000017,651300748.88,16228867,0,39.8,41.38,38.72,39.92
300766,每日互动,38.84,6.236323851203504,2.280000000000001,2494711324.15,65883398,0,36.44,38.95,36.44,36.56
300767,震安科技,21.35,-0.14031805425630303,-0.029999999999997584,199019652.3,9282758,0,21.28,21.68,21.22,21.38
300768,迪普科技,20.0,1.3684744044602106,0.2699999999999996,252602171.61,12697430,0,19.67,20.02,19.65,19.73
300769,德方纳米,45.42,0.06609385327164824,0.030000000000001137,778637294.47,17049947,0,45.01,46.45,44.79,45.39
300770,新媒股份,44.38,2.969837587006963,1.2800000000000011,257939594.55,5872163,0,43.13,44.44,43.13,43.1
300771,智莱科技,16.65,4.8488664987405405,0.7699999999999978,562945424.65,34630669,0,15.87,16.66,15.66,15.88
300772,运达股份,20.1,0.3494757863205206,0.07000000000000028,387337363.32,18964596,0,20.32,21.15,19.95,20.03
300773,拉卡拉,27.66,3.906836964688201,1.0399999999999991,2540617959.23,92391621,0,26.41,27.87,26.41,26.62
300774,倍杰特,24.76,11.131059245960504,2.4800000000000004,716701922.36,30492026,0,22.0,25.0,21.83,22.28
300775,三角防务,33.81,4.416306361951821,1.4299999999999997,2088430689.54,62436761,0,32.49,34.57,32.45,32.38
300776,帝尔激光,70.43,4.962742175856949,3.3300000000000125,1132481439.99,16114968,0,67.43,72.66,66.88,67.1
300777,中简科技,42.26,0.88326569587013,0.36999999999999744,1821680318.51,43256187,0,42.37,43.13,41.2,41.89
300778,新城市,13.73,0.4389173372348244,0.0600000000000005,68180260.71,5016383,0,13.61,13.74,13.39,13.67
300779,惠城环保,126.6,2.2121750363313377,2.739999999999995,654119028.41,5206292,0,123.85,126.99,123.7,123.86
300780,德恩精工,20.88,5.188916876574295,1.0299999999999976,451517724.0,22054600,0,19.85,21.12,19.56,19.85
300781,因赛集团,41.17,10.761366693570084,4.0,962428226.1,24309603,0,36.61,41.89,36.61,37.17
300782,卓胜微,82.99,3.0291744258224678,2.4399999999999977,1518028495.04,18450876,0,80.4,83.5,80.32,80.55
300783,三只松鼠,23.8,0.42194092827004825,0.10000000000000142,247307867.4,10437301,0,23.6,23.89,23.56,23.7
300784,利安科技,51.24,0.13679890560875568,0.07000000000000028,33286155.0,652600,0,51.4,51.42,50.61,51.17
300785,值得买,52.2,12.137486573576812,5.650000000000006,2060461591.37,41132786,0,46.18,54.58,45.8,46.55
300786,国林科技,17.06,-0.2922267679719504,-0.05000000000000071,182542954.0,10704800,0,17.29,17.29,16.89,17.11
300787,海能实业,12.13,1.8471872376154546,0.22000000000000064,95741399.44,7949943,0,11.91,12.13,11.85,11.91
300788,中信出版,29.12,2.5352112676056424,0.7200000000000024,110291803.25,3831699,0,28.4,29.16,28.26,28.4
300789,唐源电气,23.38,-0.2559726962457435,-0.060000000000002274,68170911.78,2930239,0,23.37,23.45,23.03,23.44
300790,宇瞳光学,31.24,0.7741935483870918,0.23999999999999844,445258639.01,14281560,0,31.03,31.45,30.68,31.0
300791,仙乐健康,24.75,-1.2370311252992767,-0.3099999999999987,98003196.74,3948145,0,25.08,25.13,24.6,25.06
300792,壹网壹创,35.15,6.515151515151511,2.1499999999999986,814062727.46,23732328,0,32.81,35.72,32.7,33.0
300793,佳禾智能,18.05,0.5011135857461017,0.08999999999999986,449276132.46,25025226,0,17.71,18.18,17.61,17.96
300795,米奥会展,13.87,1.8355359765051396,0.25,61049476.93,4413547,0,13.7,13.98,13.67,13.62
300796,贝斯美,8.78,-0.3405221339387189,-0.030000000000001137,55870422.6,6387320,0,8.78,8.83,8.65,8.81
300797,钢研纳克,18.03,1.0084033613445362,0.17999999999999972,223962821.62,12505614,0,17.86,18.17,17.67,17.85
300798,锦鸡股份,7.51,1.3495276653171342,0.09999999999999964,65622090.0,8816900,0,7.42,7.52,7.35,7.41
300800,力合科技,11.99,-0.08333333333333157,-0.009999999999999787,40910570.5,3425300,0,12.07,12.08,11.83,12.0
300801,泰和科技,30.89,-0.6432936635574117,-0.1999999999999993,394521620.0,12749100,0,30.7,31.36,30.52,31.09
300802,矩子科技,19.8,1.071975497702914,0.21000000000000085,86608133.49,4396939,0,19.65,19.85,19.5,19.59
300803,指南针,139.06,0.39708324308715,0.5500000000000114,3808360073.01,27368691,0,137.12,140.97,137.12,138.51
300804,广康生化,35.96,0.5874125874125898,0.21000000000000085,46674869.8,1308414,0,35.6,36.13,35.24,35.75
300805,电声股份,11.83,5.813953488372096,0.6500000000000004,183972821.6,15924165,0,11.19,11.83,11.19,11.18
300806,斯迪克,33.09,-0.8093525179855996,-0.269999999999996,545674814.82,16490474,0,33.3,34.06,32.42,33.36
300807,天迈科技,61.5,13.573407202216071,7.350000000000001,460241586.75,7830865,0,54.15,64.64,53.81,54.15
300808,久量股份,29.7,-1.9801980198019846,-0.6000000000000014,110461365.6,3706305,0,30.39,30.7,29.14,30.3
300809,华辰装备,38.21,-0.23498694516970314,-0.0899999999999963,189080031.33,4952633,0,38.33,38.53,37.81,38.3
300810,中科海讯,41.39,-0.862275449101795,-0.35999999999999943,337299842.2,8090910,0,42.0,42.5,41.13,41.75
300811,铂科新材,76.95,2.7095568606513627,2.030000000000001,732745462.86,9687004,0,74.48,77.14,73.26,74.92
300812,易天股份,29.89,2.39808153477218,0.6999999999999993,487761291.6,16454445,0,29.0,30.37,28.52,29.19
300813,泰林生物,26.2,1.393188854489162,0.35999999999999943,101939442.24,3936773,0,25.84,26.34,25.46,25.84
300814,中富电路,77.81,-0.5750063889598809,-0.45000000000000284,700288512.92,8887892,0,77.41,80.3,77.08,78.26
300815,玉禾田,23.52,0.6418485237483893,0.14999999999999858,210555291.14,8978689,0,23.32,23.62,23.26,23.37
300816,艾可蓝,49.99,3.2851239669421557,1.5900000000000034,156538193.0,3178240,0,48.01,50.2,48.0,48.4
300817,双飞集团,21.77,2.206572769953046,0.46999999999999886,303246874.24,13747628,0,22.0,22.96,21.53,21.3
300818,耐普矿机,39.7,3.8179916317991656,1.4600000000000009,126442075.81,3225515,0,38.4,39.92,38.02,38.24
300819,聚杰微纤,35.5,-5.88547189819724,-2.219999999999999,488148709.5,13402480,0,37.88,38.76,35.3,37.72
300820,英杰电气,54.56,1.374953548866596,0.740000000000002,344846617.75,6350901,0,53.81,54.79,53.49,53.82
300821,东岳硅材,12.71,-2.6053639846743284,-0.33999999999999986,682522937.92,53397946,0,12.82,12.99,12.63,13.05
300822,贝仕达克,16.63,1.9619865113427366,0.3200000000000003,77443264.19,4700827,0,16.33,16.63,16.21,16.31
300823,建科智能,15.88,0.5063291139240511,0.08000000000000007,38384649.2,2421860,0,15.84,15.96,15.7,15.8
300824,北鼎股份,11.7,2.721685689201042,0.3099999999999987,77884529.5,6730750,0,11.45,11.71,11.39,11.39
300825,阿尔特,11.03,2.2242817423540338,0.2400000000000002,287898383.68,26274212,0,10.75,11.3,10.65,10.79
300826,测绘股份,16.87,-0.23654642223535863,-0.03999999999999915,44074676.91,2618419,0,16.9,16.95,16.66,16.91
300827,上能电气,39.21,-1.18447580645161,-0.46999999999999886,1555409022.74,39167046,0,39.86,40.77,38.9,39.68
300828,锐新科技,17.02,0.17657445556210205,0.030000000000001137,63748428.0,3756600,0,16.99,17.12,16.77,16.99
300829,金丹科技,17.22,0.11627906976743939,0.019999999999999574,75638755.99,4401211,0,17.29,17.3,17.1,17.2
300830,金现代,12.1,12.8731343283582,1.379999999999999,966201457.15,80471702,0,10.53,12.86,10.53,10.72
300831,派瑞股份,12.01,1.5215553677092115,0.17999999999999972,147736381.8,12231190,0,12.18,12.35,11.92,11.83
300832,新产业,62.82,2.7982326951399132,1.7100000000000009,223935415.35,3589280,0,61.5,63.0,61.18,61.11
300833,浩洋股份,43.1,2.790364893870741,1.1700000000000017,63949778.0,1497950,0,41.93,43.2,41.79,41.93
300834,星辉环材,24.01,-1.0712814173877132,-0.259999999999998,53084078.64,2208609,0,24.21,24.43,23.81,24.27
300835,龙磁科技,66.0,1.3980642187739998,0.9099999999999966,221719122.0,3348350,0,64.87,66.99,64.64,65.09
300836,佰奥智能,56.8,1.9382627422828396,1.0799999999999983,102755373.56,1821009,0,55.42,57.0,55.41,55.72
300837,浙矿股份,37.28,-3.5196687370600404,-1.3599999999999994,296896982.51,8003244,0,38.0,38.4,36.5,38.64
300838,浙江力诺,16.01,-0.8668730650154616,-0.13999999999999702,93404094.0,5860600,0,16.15,16.15,15.7,16.15
300839,博汇股份,12.19,-1.2955465587044546,-0.16000000000000014,72916685.8,5927009,0,12.42,12.73,12.09,12.35
300840,酷特智能,21.43,5.984174085064297,1.2100000000000009,957975222.54,46206066,0,19.83,21.48,19.83,20.22
300841,康华生物,76.02,2.7297297297297245,2.019999999999996,253594895.46,3403530,0,74.0,76.4,73.0,74.0
300842,帝科股份,61.16,-3.9723661485319535,-2.530000000000001,525911447.85,8539521,0,63.18,63.18,60.72,63.69
300843,胜蓝股份,50.18,2.5127681307456524,1.2299999999999969,420304835.21,8442802,0,48.7,51.16,48.0,48.95
300844,山水比德,39.3,1.8398548846851353,0.7099999999999937,72442222.04,1868982,0,38.6,39.6,38.01,38.59
300845,捷安高科,11.7,2.272727272727271,0.2599999999999998,73965136.11,6395395,0,11.44,11.72,11.37,11.44
300846,首都在线,24.54,8.296557811120914,1.879999999999999,1988852663.84,82307510,0,23.0,25.0,23.0,22.66
300847,中船汉光,18.16,1.7366946778711412,0.3099999999999987,260701870.34,14390324,0,17.83,18.36,17.83,17.85
300848,美瑞新材,15.73,1.0276172125883118,0.16000000000000014,146929400.05,9381307,0,15.66,15.87,15.5,15.57
300849,锦盛新材,16.08,0.6257822277847176,0.09999999999999787,43562581.0,2719550,0,16.05,16.29,15.8,15.98
300850,新强联,44.78,-0.8634049147664391,-0.39000000000000057,681812219.83,15149527,0,45.16,45.6,44.5,45.17
300851,交大思诺,27.6,1.3587954461990488,0.370000000000001,25196163.7,917800,0,27.17,27.63,27.05,27.23
300852,四会富仕,39.14,-0.28025477707006224,-0.10999999999999943,192574289.32,4939270,0,39.15,39.32,38.55,39.25
300853,申昊科技,21.71,2.0206766917293217,0.4299999999999997,79281786.4,3656380,0,21.2,21.95,21.2,21.28
300854,中兰环保,17.62,1.264367816091968,0.22000000000000242,77698558.0,4380800,0,17.39,18.35,17.35,17.4
300855,图南股份,36.34,0.4422332780541838,0.1600000000000037,389574367.7,10724303,0,36.21,37.17,35.89,36.18
300856,科思股份,13.74,-0.07272727272727117,-0.009999999999999787,98329949.21,7170640,0,13.75,13.79,13.65,13.75
300857,协创数据,180.7,-2.3981851571783506,-4.439999999999998,3213073896.87,17748874,0,183.78,186.0,177.99,185.14
300858,科拓生物,17.29,-0.4605641911341499,-0.08000000000000185,82413121.54,4762188,0,17.36,17.47,17.18,17.37
300859,西域旅游,38.06,0.3691983122362884,0.14000000000000057,202867408.18,5342294,0,37.91,38.29,37.74,37.92
300860,锋尚文化,29.29,0.6183442116111293,0.17999999999999972,166787035.04,5719090,0,28.96,29.67,28.76,29.11
300861,美畅股份,15.74,2.274204028589991,0.34999999999999964,252940916.87,16187839,0,15.33,16.11,15.24,15.39
300862,蓝盾光电,25.44,7.659754549301745,1.8100000000000023,468008533.52,18463997,0,23.69,26.55,23.69,23.63
300863,卡倍亿,53.89,4.620462046204626,2.3800000000000026,313254200.7,5876454,0,51.22,54.2,50.78,51.51
300864,南大环境,20.2,0.8991008991008976,0.17999999999999972,29546552.01,1471323,0,20.02,20.2,19.95,20.02
300865,大宏立,28.4,0.459851432614075,0.129999999999999,37153141.7,1312355,0,28.25,28.49,28.07,28.27
300866,安克创新,106.2,-1.1449315833566078,-1.230000000000004,571174895.36,5380220,0,107.38,107.38,105.6,107.43
300867,圣元环保,20.3,-1.551891367604269,-0.3200000000000003,258624425.41,12769836,0,20.3,20.5,20.07,20.62
300868,杰美特,34.93,1.2170385395537575,0.4200000000000017,99422268.4,2864964,0,34.7,35.08,34.2,34.51
300869,康泰医学,15.95,0.9493670886075859,0.14999999999999858,83272806.42,5255794,0,15.87,15.95,15.71,15.8
300870,欧陆通,251.53,2.615045691906004,6.409999999999997,1743995816.89,6960493,0,243.89,259.0,236.0,245.12
300871,回盛生物,22.63,0.7569011576135269,0.16999999999999815,188574181.07,8387933,0,22.37,22.78,22.16,22.46
300872,天阳科技,20.86,2.859960552268236,0.5799999999999983,476024087.82,23063158,0,20.19,20.86,20.19,20.28
300873,海晨股份,22.5,0.7613076578593897,0.1700000000000017,78256286.0,3490780,0,22.31,22.5,22.21,22.33
300875,捷强装备,44.46,2.7027027027027066,1.1700000000000017,346053588.18,7831084,0,43.65,44.86,43.34,43.29
300876,蒙泰高新,34.77,-0.7422209534684499,-0.259999999999998,94459809.27,2702779,0,35.16,36.18,34.37,35.03
300877,金春股份,31.39,2.682368334968925,0.8200000000000003,255379837.42,8196439,0,30.86,31.66,30.27,30.57
300878,维康药业,35.33,20.00679347826086,5.889999999999997,230796107.62,6880443,0,29.95,35.33,29.66,29.44
300879,大叶股份,29.83,1.050135501355009,0.3099999999999987,112226388.77,3774330,0,29.42,30.0,29.42,29.52
300880,迦南智能,18.47,0.9289617486338697,0.16999999999999815,39388459.72,2139968,0,18.3,18.49,18.25,18.3
300881,盛德鑫泰,35.35,0.14164305949009706,0.05000000000000426,63102725.05,1790099,0,35.2,35.64,34.98,35.3
300882,万胜智能,20.12,1.2581781580271767,0.25,135724159.84,6767256,0,19.86,20.21,19.76,19.87
300883,龙利得,6.72,0.44843049327353307,0.02999999999999936,62579680.2,9371788,0,6.67,6.73,6.62,6.69
300884,狄耐克,17.01,-1.5624999999999973,-0.2699999999999996,579663163.91,33967371,0,16.98,17.37,16.71,17.28
300885,海昌新材,32.92,0.9815950920245406,0.3200000000000003,1015974624.07,30635463,0,32.61,34.25,31.63,32.6
300886,华业香料,26.64,1.0622154779969695,0.28000000000000114,34257468.38,1294750,0,26.3,26.64,26.16,26.36
300887,谱尼测试,14.57,-8.766437069505324,-1.4000000000000004,1456210114.43,98990950,0,14.66,15.43,14.0,15.97
300888,稳健医疗,39.17,1.03172556100077,0.3999999999999986,166028070.0,4259140,0,38.84,39.17,38.74,38.77
300889,爱克股份,21.03,0.7183908045977114,0.15000000000000213,93135213.23,4438001,0,20.88,21.21,20.73,20.88
300890,翔丰华,31.23,1.0679611650485497,0.33000000000000185,172602233.13,5568972,0,30.9,31.23,30.61,30.9
300891,惠云钛业,9.26,0.8714596949891076,0.08000000000000007,85531058.14,9303800,0,9.15,9.28,9.11,9.18
300892,品渥食品,31.7,0.44359949302915264,0.14000000000000057,96961819.77,3070237,0,31.32,31.78,31.32,31.56
300893,松原安全,24.39,-0.04098360655736889,-0.00999999999999801,87568069.8,3597621,0,24.35,24.57,24.17,24.4
300894,火星人,12.04,-1.4729950900163788,-0.1800000000000015,107827637.62,8940396,0,12.28,12.28,11.92,12.22
300895,铜牛信息,54.16,4.798761609907114,2.479999999999997,613786044.53,11478221,0,51.22,54.9,51.22,51.68
300896,爱美客,149.91,2.685115418864297,3.9199999999999875,1043075404.5,6905404,0,150.0,153.99,148.32,145.99
300897,山科智能,26.83,-0.3713330857779481,-0.10000000000000142,51151558.04,1916984,0,26.95,27.14,26.43,26.93
300898,熊猫乳品,27.68,1.0218978102189822,0.28000000000000114,186224218.6,6769887,0,27.33,27.7,27.24,27.4
300899,*ST凯鑫,35.84,7.048984468339327,2.3600000000000065,50392954.5,1441971,0,33.99,36.29,33.56,33.48
300900,广联航空,41.52,-4.551724137931027,-1.9799999999999969,3712457144.98,87579974,0,44.05,44.5,40.08,43.5
300901,中胤时尚,18.22,1.7877094972067056,0.3200000000000003,71623452.0,3961500,0,17.98,18.35,17.66,17.9
300902,国安达,22.46,-0.8826125330979668,-0.1999999999999993,205407149.87,9104321,0,22.65,22.77,22.42,22.66
300903,科翔股份,21.31,-0.7914338919925591,-0.1700000000000017,853582537.89,40850833,0,21.02,21.61,20.3,21.48
300904,威力传动,65.52,-0.2436053593179214,-0.1600000000000108,138345847.88,2082244,0,66.8,68.33,65.2,65.68
300905,宝丽迪,34.02,0.5319148936170204,0.17999999999999972,183868081.47,5402400,0,34.85,34.98,33.62,33.84
300906,日月明,36.79,3.6338028169014063,1.2899999999999991,166988236.62,4604808,0,35.27,36.96,35.04,35.5
300907,康平科技,30.29,0.19847833278200042,0.05999999999999872,61256801.0,2030900,0,30.3,30.35,29.91,30.23
300908,仲景食品,28.19,0.4632929436920975,0.13000000000000256,46097625.75,1637606,0,28.05,28.27,28.02,28.06
300909,汇创达,51.13,8.18874312314855,3.8700000000000045,420608191.09,8498689,0,47.3,51.2,47.0,47.26
300910,瑞丰新材,60.65,1.1676396997497844,0.6999999999999957,153760062.63,2552408,0,60.0,60.98,59.41,59.95
300911,亿田智能,37.03,3.23390019514916,1.1600000000000037,211579420.21,5761601,0,35.72,37.89,35.66,35.87
300912,凯龙高科,19.05,8.423449060899262,1.4800000000000004,299811594.33,15829457,0,17.69,19.98,17.6,17.57
300913,兆龙互连,55.8,3.00904559719401,1.6299999999999955,685486627.62,12438984,0,54.0,55.97,53.62,54.17
300915,海融科技,25.32,4.844720496894418,1.1700000000000017,59900912.06,2423063,0,24.08,25.32,23.96,24.15
300916,朗特智能,33.94,-0.02945508100148782,-0.010000000000005116,118931429.88,3513568,0,33.99,34.18,33.52,33.95
300917,特发服务,41.14,0.46398046398045845,0.18999999999999773,274249008.06,6693932,0,40.81,41.42,40.53,40.95
300918,南山智尚,19.38,3.359999999999995,0.629999999999999,559242827.16,29116956,0,19.0,19.59,18.76,18.75
300919,中伟股份,54.08,0.3339517625231906,0.17999999999999972,1238329192.26,22887023,0,53.58,54.8,53.36,53.9
300920,润阳科技,44.34,0.6354970494779871,0.28000000000000114,102713671.03,2294786,0,43.98,45.8,43.7,44.06
300921,南凌科技,26.53,3.430799220272915,0.8800000000000026,393300600.58,14942103,0,25.33,26.78,25.33,25.65
300922,天秦装备,25.79,3.201280512204885,0.8000000000000007,328626842.84,12870634,0,25.5,25.99,25.08,24.99
300923,研奥股份,26.0,0.46367851622875195,0.120000000000001,34674686.22,1339254,0,25.88,26.1,25.69,25.88
300925,法本信息,22.51,3.3991731740927977,0.740000000000002,540122906.26,24409536,0,21.68,22.54,21.66,21.77
300926,博俊科技,33.02,1.2883435582822138,0.4200000000000017,201473616.39,6105787,0,32.79,33.3,32.63,32.6
300927,江天化学,24.33,0.5787515502273544,0.13999999999999702,92161934.88,3819496,0,24.29,24.33,23.93,24.19
300928,华安鑫创,32.23,1.7682349226397067,0.5599999999999952,91965555.08,2840904,0,33.09,33.5,31.71,31.67
300929,华骐环保,11.07,1.0036496350364912,0.10999999999999943,41703250.52,3789620,0,10.97,11.14,10.89,10.96
300930,屹通新材,30.95,1.0447273914462956,0.3200000000000003,46292600.57,1503213,0,30.79,31.01,30.51,30.63
300931,通用电梯,11.25,1.078167115902958,0.11999999999999922,47609554.84,4282738,0,11.12,11.28,10.98,11.13
300932,三友联众,12.45,0.6467259498787394,0.08000000000000007,130695612.62,10545174,0,12.46,12.54,12.2,12.37
300933,中辰股份,8.97,-0.9933774834437069,-0.08999999999999986,216178367.99,24152052,0,9.15,9.16,8.82,9.06
300935,盈建科,37.18,1.556951652553948,0.5700000000000003,117879522.44,3193738,0,37.55,37.88,36.13,36.61
300936,中英科技,39.6,1.278772378516624,0.5,78574465.64,1997361,0,39.07,39.76,38.83,39.1
300937,药易购,36.75,3.8722442057659623,1.3699999999999974,399676750.96,10923669,0,35.22,37.2,35.21,35.38
300938,信测标准,31.02,-0.5450464892593834,-0.1700000000000017,494742027.16,15789687,0,30.97,32.33,30.36,31.19
300939,秋田微,35.93,-0.1389660922734774,-0.04999999999999716,155779564.84,4351444,0,35.94,36.13,35.51,35.98
300940,南极光,31.67,0.22151898734177303,0.07000000000000028,356612008.38,11316408,0,31.39,32.0,30.76,31.6
300941,创识科技,23.34,1.6107966913365306,0.370000000000001,244824040.32,10617170,0,22.88,23.41,22.78,22.97
300942,易瑞生物,10.03,2.4514811031664987,0.2400000000000002,70429103.6,7132248,0,9.79,10.03,9.74,9.79
300943,春晖智控,23.23,6.755514705882347,1.4699999999999989,785875372.9,32999535,0,22.85,25.18,22.3,21.76
300945,曼卡龙,16.9,2.1148036253776303,0.34999999999999787,178271565.0,10638200,0,16.55,16.91,16.45,16.55
300946,恒而达,56.98,-0.15770106886280605,-0.09000000000000341,152681115.31,2684395,0,56.89,57.64,56.1,57.07
300947,德必集团,21.2,0.952380952380949,0.1999999999999993,181993156.76,8683462,0,20.98,21.27,20.65,21.0
300948,冠中生态,26.06,6.021155410903176,1.4800000000000004,361315663.23,14327751,0,24.51,26.27,24.11,24.58
300949,奥雅股份,40.46,2.0428751576292616,0.8100000000000023,59696821.7,1495099,0,39.91,40.48,39.43,39.65
300950,德固特,24.83,1.5126737530662202,0.36999999999999744,217509737.67,8802833,0,24.53,25.1,24.39,24.46
300951,博硕科技,35.71,0.7618510158013633,0.2700000000000031,70201067.95,1975442,0,35.2,35.75,35.18,35.44
300952,恒辉安防,43.65,5.256812153363876,2.1799999999999997,491522887.65,11201421,0,43.3,45.0,42.69,41.47
300953,震裕科技,170.03,2.9673590504451073,4.900000000000006,1124855396.57,6578585,0,164.51,175.81,163.3,165.13
300955,嘉亨家化,39.89,1.682385929135875,0.6600000000000037,228009922.86,5758547,0,38.84,40.43,38.61,39.23
300956,英力股份,17.4,2.35294117647058,0.3999999999999986,117765545.25,6852700,0,17.02,17.54,16.86,17.0
300957,贝泰妮,41.2,1.8541409147095178,0.75,260520701.86,6353213,0,40.6,41.29,40.5,40.45
300958,建工修复,12.82,1.1041009463722444,0.14000000000000057,39360718.36,3088010,0,12.68,12.85,12.65,12.68
300959,线上线下,103.47,3.8855421686747036,3.8700000000000045,512651164.64,5036832,0,99.01,103.84,98.54,99.6
300960,通业科技,25.37,0.43547110055423366,0.10999999999999943,53626398.58,2120184,0,25.32,25.42,25.11,25.26
300961,深水海纳,15.09,0.39920159680639056,0.0600000000000005,145826900.56,9685529,0,15.1,15.35,14.86,15.03
300962,中金辐照,16.81,0.7793764988009533,0.129999999999999,73808659.24,4413564,0,16.68,16.82,16.61,16.68
300963,中洲特材,24.34,3.9726612558735575,0.9299999999999997,1699992466.69,71417072,0,23.47,24.8,22.89,23.41
300964,本川智能,58.5,3.558151885289428,2.009999999999998,483873566.95,8357518,0,56.5,59.29,55.33,56.49
300965,恒宇信通,70.18,-0.14228799089356048,-0.09999999999999432,268553677.77,3837679,0,68.27,72.38,67.5,70.28
300966,共同药业,20.87,1.8048780487804925,0.370000000000001,41337697.72,2005586,0,20.44,20.98,20.27,20.5
300967,晓鸣股份,19.57,0.4620123203285414,0.08999999999999986,91141011.5,4667959,0,19.41,19.65,19.39,19.48
300968,格林精密,15.36,2.0598006644518185,0.3099999999999987,214008290.23,14033742,0,15.03,15.38,14.96,15.05
300969,恒帅股份,140.08,4.350417163289633,5.840000000000003,545908113.28,3852624,0,134.0,148.0,133.37,134.24
300970,华绿生物,21.13,2.473326867119292,0.509999999999998,159862411.0,7705300,0,20.6,21.3,20.19,20.62
300971,博亚精工,25.66,2.7633159791750153,0.6900000000000013,178136029.36,6974483,0,25.07,25.85,25.07,24.97
300972,万辰集团,209.21,1.9740690193020136,4.050000000000011,389366570.09,1894907,0,204.0,209.3,201.27,205.16
300973,立高食品,44.88,1.8148820326678865,0.8000000000000043,149072368.1,3310790,0,43.95,45.69,43.95,44.08
300975,商络电子,13.53,0.5947955390334578,0.08000000000000007,419284915.93,31111389,0,13.48,13.62,13.34,13.45
300976,达瑞电子,63.97,-0.046875000000001776,-0.030000000000001137,228645096.73,3575309,0,63.51,64.63,63.24,64.0
300977,深圳瑞捷,18.78,0.7510729613733936,0.14000000000000057,42322898.38,2281684,0,18.64,18.81,18.3,18.64
300978,东箭科技,12.63,-1.7884914463452461,-0.22999999999999865,199059173.26,15716528,0,12.77,12.8,12.52,12.86
300979,华利集团,50.5,0.6778309409888426,0.3400000000000034,195274531.41,3879044,0,50.11,50.53,49.91,50.16
300980,祥源新材,34.83,0.9565217391304299,0.3299999999999983,231288933.9,6583950,0,35.03,36.36,34.02,34.5
300981,中红医疗,13.08,0.22988505747125945,0.02999999999999936,59164665.43,4531670,0,13.02,13.13,12.96,13.05
300982,苏文电能,23.05,-0.9879725085910671,-0.23000000000000043,200636597.8,8652900,0,23.29,23.89,22.88,23.28
300983,尤安设计,27.49,-1.469534050179212,-0.41000000000000014,38232623.68,1397071,0,27.8,28.01,27.01,27.9
300984,金沃股份,82.8,-0.012075836251666604,-0.010000000000005116,288145424.76,3443976,0,82.8,85.91,82.43,82.81
300985,致远新能,18.74,-0.5835543766578407,-0.11000000000000298,52799813.42,2819004,0,18.84,18.93,18.55,18.85
300986,志特新材,27.82,20.01725625539258,4.640000000000001,562271054.5,20234930,0,27.82,27.82,27.1,23.18
300987,川网传媒,18.04,4.0969417195614595,0.7100000000000009,103321586.4,5825880,0,17.34,18.05,17.27,17.33
300988,津荣天宇,23.84,0.37894736842105203,0.08999999999999986,104911122.83,4414666,0,23.74,23.91,23.58,23.75
300989,蕾奥规划,17.24,1.1737089201877893,0.1999999999999993,145082925.34,8533409,0,17.01,17.45,16.65,17.04
300990,同飞股份,89.35,0.2131000448631648,0.18999999999999773,434409204.24,4886733,0,88.01,90.45,86.52,89.16
300991,创益通,42.51,2.9796511627906903,1.2299999999999969,201998584.51,4777283,0,41.07,43.32,40.78,41.28
300992,泰福泵业,29.24,-1.945003353454064,-0.5800000000000018,101090384.56,3455683,0,30.0,30.27,28.98,29.82
300993,玉马科技,15.37,-0.06501950585176569,-0.010000000000001563,140719403.21,9176806,0,15.47,15.5,15.18,15.38
300994,久祺股份,16.35,0.4299754299754317,0.07000000000000028,51236130.87,3155820,0,16.29,16.36,16.09,16.28
300995,奇德新材,41.74,0.09592326139088524,0.03999999999999915,121618476.53,2920263,0,41.71,42.09,41.1,41.7
300996,普联软件,17.31,1.2280701754385805,0.2099999999999973,199491021.41,11588532,0,17.12,17.32,17.07,17.1
300997,欢乐家,29.91,1.8386108273748691,0.5399999999999991,739865867.36,24825438,0,28.59,30.66,28.59,29.37
300998,宁波方正,23.4,-0.2982530890498521,-0.07000000000000028,80675428.0,3453400,0,23.47,23.65,23.0,23.47
300999,金龙鱼,29.54,0.20352781546810964,0.05999999999999872,284100337.5,9631038,0,29.52,29.63,29.33,29.48
301000,肇民科技,39.55,1.9329896907216495,0.75,254640100.36,6454879,0,38.82,39.98,38.7,38.8
301001,凯淳股份,31.61,4.530423280423284,1.370000000000001,153161130.76,4944978,0,30.4,31.68,30.09,30.24
301002,崧盛股份,37.83,-2.925327174749809,-1.1400000000000006,244727211.4,6421368,0,38.3,39.2,37.27,38.97
301003,江苏博云,45.55,5.050738007380069,2.1899999999999977,127029201.1,2820173,0,43.73,46.34,43.36,43.36
301004,嘉益股份,51.97,0.991061018266611,0.509999999999998,37911073.34,734828,0,51.4,52.05,51.26,51.46
301005,超捷股份,177.78,2.8938534552610253,5.0,3665570968.75,20998359,0,177.0,184.25,165.0,172.78
301006,迈拓股份,16.89,0.8358208955223915,0.14000000000000057,27658673.0,1646700,0,16.8,16.95,16.61,16.75
301007,德迈仕,39.27,1.2374323279195771,0.480000000000004,194487087.82,4979822,0,38.79,39.7,38.38,38.79
301008,宏昌科技,36.82,5.260148656375082,1.8400000000000034,262573119.78,7216180,0,34.97,37.36,34.75,34.98
301009,可靠股份,12.91,-0.15467904098994256,-0.019999999999999574,45445228.5,3526665,0,12.99,12.99,12.8,12.93
301010,晶雪节能,22.18,1.0018214936247671,0.21999999999999886,91765578.82,4164069,0,21.96,22.18,21.88,21.96
301011,华立科技,26.4,1.2269938650306762,0.3200000000000003,85663135.74,3266846,0,26.04,26.46,25.96,26.08
301012,扬电科技,27.27,0.47899778924096903,0.129999999999999,170564532.32,6279913,0,27.15,27.48,26.9,27.14
301013,利和兴,29.88,-0.7308970099667854,-0.22000000000000242,641797302.14,21495133,0,30.0,30.38,29.57,30.1
301015,百洋医药,25.02,1.2545528126264618,0.3099999999999987,166064984.82,6689710,0,24.6,25.15,24.43,24.71
301016,雷尔伟,23.84,-2.971102971102973,-0.7300000000000004,251326613.99,10515390,0,24.2,24.35,23.57,24.57
301017,漱玉平民,17.24,7.74999999999999,1.2399999999999984,570944051.0,33646331,0,16.33,17.37,16.33,16.0
301018,申菱环境,70.19,3.266146829483594,2.219999999999999,1065540282.85,15257917,0,67.18,71.7,66.64,67.97
301019,宁波色母,24.67,0.8585445625511072,0.21000000000000085,120606004.57,4947201,0,24.33,24.77,23.88,24.46
301020,密封科技,22.64,0.2657218777679463,0.060000000000002274,36121011.0,1601600,0,22.58,22.66,22.4,22.58
301021,英诺激光,51.22,0.2740798747063441,0.14000000000000057,452979948.62,8888326,0,50.19,51.97,49.78,51.08
301022,海泰科,32.98,-0.3022974607013344,-0.10000000000000142,107515289.41,3270773,0,33.01,33.18,32.5,33.08
301023,奕帆传动,41.95,0.31085604973697406,0.13000000000000256,96850474.66,2306151,0,41.82,42.69,41.35,41.82
301024,霍普股份,36.68,1.1304108078301531,0.4099999999999966,32528855.0,892300,0,36.27,36.73,36.06,36.27
301025,读客文化,10.68,4.705882352941181,0.4800000000000004,163302210.5,15564850,0,10.19,10.69,10.17,10.2
301026,浩通科技,33.1,6.877623506619318,2.1300000000000026,476598926.64,14738989,0,30.84,33.5,30.72,30.97
301027,华蓝集团,21.0,-2.3255813953488373,-0.5,289362268.47,13820700,0,21.5,21.51,20.5,21.5
301028,东亚机械,15.71,0.12746972594009784,0.02000000000000135,266731486.59,16603053,0,16.04,16.87,15.58,15.69
301029,怡合达,27.69,1.5029325513196485,0.41000000000000014,299497294.4,10836672,0,27.28,27.98,27.15,27.28
301030,仕净科技,12.79,1.9936204146730463,0.25,112160996.17,8776640,0,12.54,13.04,12.54,12.54
301031,中熔电气,111.71,0.4767044432451762,0.5299999999999869,242069131.5,2167021,0,110.5,112.88,110.38,111.18
301032,新柴股份,12.73,1.2728719172633265,0.16000000000000014,38904304.19,3074513,0,12.57,12.85,12.51,12.57
301033,迈普医学,75.85,-3.2772251976536695,-2.5700000000000074,209763793.79,2769869,0,77.43,77.71,74.8,78.42
301035,润丰股份,69.81,-0.9787234042553159,-0.6899999999999977,94456781.24,1351620,0,71.18,71.22,69.4,70.5
301036,双乐股份,34.68,-0.05763688760807817,-0.020000000000003126,47651832.9,1376276,0,34.74,34.74,34.51,34.7
301037,保立佳,14.79,0.5438477226376498,0.0799999999999983,22968520.59,1566119,0,14.73,14.8,14.52,14.71
301038,深水规院,24.16,-1.2668573763792348,-0.3099999999999987,215479597.3,8859116,0,24.99,25.08,23.89,24.47
301039,中集车辆,9.38,0.0,0.0,116598084.54,12418026,0,9.35,9.49,9.32,9.38
301040,中环海陆,31.08,0.9090909090909013,0.2799999999999976,177049183.01,5718400,0,30.61,31.66,30.45,30.8
301041,金百泽,28.73,1.8794326241134793,0.5300000000000011,141221445.1,4980481,0,28.27,28.75,28.05,28.2
301042,安联锐视,79.69,-0.33766883441720363,-0.269999999999996,75584058.55,952196,0,79.16,80.32,78.2,79.96
301043,绿岛风,59.45,0.6773920406435321,0.4000000000000057,158378164.65,2666982,0,59.0,60.88,57.88,59.05
301045,天禄科技,30.62,-4.072681704260654,-1.3000000000000007,238759747.76,7811259,0,31.85,31.98,29.95,31.92
301046,能辉科技,28.73,4.358881220486739,1.1999999999999993,258152100.12,9075088,0,28.2,28.95,27.81,27.53
301047,义翘神州,72.09,1.8220338983050934,1.2900000000000063,86860140.56,1216686,0,70.7,72.14,70.63,70.8
301048,金鹰重工,11.73,0.08532423208190944,0.009999999999999787,54294117.08,4638139,0,11.75,11.76,11.63,11.72
301049,超越科技,21.87,1.5791918253599622,0.33999999999999986,37987649.92,1751096,0,21.54,21.94,21.45,21.53
301050,雷电微力,62.56,7.880669080876013,4.57,2631309156.38,42432625,0,58.52,65.8,58.35,57.99
301051,信濠光电,19.93,0.05020080321284141,0.00999999999999801,62031004.81,3118625,0,19.92,20.08,19.7,19.92
301052,果麦文化,41.91,4.305624688899942,1.7299999999999969,474386805.29,11519300,0,40.14,42.3,40.02,40.18
301053,远信工业,35.91,-0.41597337770384274,-0.15000000000000568,55887714.0,1550600,0,36.06,36.7,35.69,36.06
301055,张小泉,20.68,0.0,0.0,36184875.0,1752600,0,20.74,20.8,20.42,20.68
301056,森赫股份,15.5,0.5840363400389348,0.08999999999999986,125393147.56,8030172,0,15.63,16.08,15.32,15.41
301057,汇隆新材,39.94,4.884453781512604,1.8599999999999994,195486358.36,5080567,0,38.18,40.19,37.16,38.08
301058,中粮科工,11.14,0.450856627592432,0.05000000000000071,83201196.38,7485282,0,11.1,11.16,11.06,11.09
301059,金三江,12.65,0.15835312747426422,0.019999999999999574,36587711.6,2897560,0,12.6,12.72,12.54,12.63
301060,兰卫医学,10.62,2.4108003857280615,0.25,161045254.66,15207693,0,10.38,10.85,10.32,10.37
301061,匠心家居,92.17,1.9805266651914213,1.7900000000000063,115379088.28,1264784,0,90.41,92.35,90.12,90.38
301062,上海艾录,8.43,-0.23668639053253934,-0.019999999999999574,60283188.75,7167375,0,8.47,8.51,8.35,8.45
301063,海锅股份,25.59,2.07419226166733,0.5199999999999996,119261241.0,4643100,0,25.21,26.35,25.21,25.07
301065,本立科技,22.19,1.3242009132420216,0.2900000000000027,33967542.0,1541400,0,21.96,22.29,21.82,21.9
301066,万事利,21.06,6.309944472488642,1.25,504484367.28,24476350,0,19.82,21.43,19.78,19.81
301067,显盈科技,34.19,-0.8985507246376877,-0.3100000000000023,204818860.9,5994523,0,34.26,34.5,33.67,34.5
301068,大地海洋,26.99,0.18559762435039776,0.04999999999999716,20161992.0,749760,0,26.96,27.13,26.71,26.94
301069,凯盛新材,28.26,-0.2470878926932465,-0.06999999999999673,721074756.03,25367689,0,28.3,28.87,27.82,28.33
301070,开勒股份,64.68,1.8582677165354438,1.1800000000000068,240907853.16,3766300,0,63.52,65.38,62.39,63.5
301071,力量钻石,38.27,0.9762532981530464,0.37000000000000455,462735453.71,12151339,0,37.64,38.45,37.51,37.9
301072,中捷精工,22.38,0.9472259810554681,0.2099999999999973,56653160.0,2535600,0,22.18,22.84,21.88,22.17
301073,君亭酒店,29.22,2.2751137556877796,0.6499999999999986,443271831.05,15236751,0,28.71,29.78,28.01,28.57
301075,多瑞医药,55.87,-1.6373239436619713,-0.9299999999999997,43738765.58,783499,0,57.52,57.52,55.42,56.8
301076,新瀚新材,48.13,0.6482643245504021,0.3100000000000023,440032819.91,9103918,0,47.42,48.99,47.2,47.82
301077,星华新材,30.85,9.397163120567384,2.650000000000002,427899858.36,14304281,0,28.3,31.0,28.14,28.2
301078,孩子王,11.0,2.6119402985074567,0.27999999999999936,846901675.03,78038912,0,10.67,11.0,10.65,10.72
301079,邵阳液压,58.45,17.842741935483875,8.850000000000001,2381642803.73,40788544,0,57.0,59.52,54.97,49.6
301080,百普赛斯,59.03,2.3050259965337925,1.3299999999999983,91607714.46,1569655,0,57.99,59.16,57.49,57.7
301081,严牌股份,10.42,0.773694390715668,0.08000000000000007,22297041.0,2149394,0,10.37,10.44,10.27,10.34
301082,久盛电气,20.0,1.0611419909045015,0.21000000000000085,430301395.47,21716109,0,19.7,20.11,19.5,19.79
301083,百胜智能,20.39,-1.5451472718493495,-0.3200000000000003,149651716.73,7347086,0,20.71,20.83,20.15,20.71
301085,亚康股份,58.4,5.777938779206662,3.1899999999999977,284350920.85,4937011,0,55.17,59.3,54.91,55.21
301086,鸿富瀚,117.4,-1.765542632415697,-2.1099999999999994,297721382.94,2516946,0,119.28,121.98,116.06,119.51
301087,可孚医疗,55.58,2.925925925925923,1.5799999999999983,818060664.78,15166709,0,52.48,56.6,50.5,54.0
301088,戎美股份,18.26,7.159624413145554,1.2200000000000024,162694254.1,8921741,0,17.06,18.85,17.0,17.04
301089,拓新药业,29.6,1.0583817002389972,0.3100000000000023,107231160.77,3651529,0,29.35,29.64,29.05,29.29
301090,华润材料,7.25,0.9749303621169957,0.07000000000000028,54392240.0,7465100,0,7.23,7.38,7.2,7.18
301091,深城交,27.64,0.6921675774134838,0.19000000000000128,333732458.59,12042607,0,27.92,28.03,27.34,27.45
301092,争光股份,38.21,-0.1828631138975974,-0.07000000000000028,146170995.54,3852367,0,37.9,38.27,37.57,38.28
301093,华兰股份,48.07,0.27117229870672205,0.13000000000000256,143167913.55,3001860,0,48.36,48.6,47.05,47.94
301095,广立微,79.34,4.601186552406077,3.490000000000009,739639488.89,9613180,0,75.86,79.89,74.56,75.85
301096,百诚医药,60.38,0.4993342210386223,0.30000000000000426,261989789.9,4361603,0,60.0,60.95,59.27,60.08
301097,天益医疗,52.16,-3.2640949554896235,-1.7600000000000051,61347142.45,1171335,0,53.9,53.91,51.76,53.92
301098,金埔园林,8.8,0.5714285714285796,0.05000000000000071,41040761.0,4698250,0,8.75,8.81,8.66,8.75
301099,雅创电子,46.92,-1.6558373506602373,-0.7899999999999991,372118911.22,7938953,0,47.0,47.35,46.35,47.71
301100,风光股份,21.47,0.09324009324009126,0.019999999999999574,23688105.58,1106099,0,21.43,21.59,21.28,21.45
301101,明月镜片,43.56,2.5423728813559454,1.0800000000000054,280674979.58,6497090,0,42.42,43.79,42.25,42.48
301102,兆讯传媒,11.37,5.083179297597033,0.5499999999999989,100634529.3,9028881,0,10.81,11.42,10.79,10.82
301103,何氏眼科,20.26,0.5459057071960446,0.11000000000000298,40535558.3,2006750,0,20.21,20.38,20.05,20.15
301105,鸿铭股份,50.08,2.037489812550937,1.0,36565560.0,730600,0,49.37,50.96,48.6,49.08
301106,骏成科技,31.09,0.6800518134715053,0.21000000000000085,46864223.46,1503826,0,30.87,31.62,30.63,30.88
301107,瑜欣电子,28.95,0.4162330905307007,0.120000000000001,35174413.58,1220691,0,28.89,29.0,28.53,28.83
301108,洁雅股份,34.64,0.7269555103227682,0.25,36291449.23,1051657,0,34.39,34.98,34.16,34.39
301109,军信股份,15.26,0.06557377049180188,0.009999999999999787,111534149.8,7319640,0,15.28,15.39,15.14,15.25
301110,青木科技,84.26,12.30174596827936,9.230000000000004,804323265.09,9949528,0,77.77,84.68,77.0,75.03
301111,粤万年青,21.19,1.9240019240019341,0.40000000000000213,269558939.67,12806750,0,20.78,21.36,20.7,20.79
301112,信邦智能,42.71,6.243781094527358,2.509999999999998,314298252.42,7363306,0,40.6,44.04,40.22,40.2
301113,雅艺科技,25.6,0.8668242710795998,0.22000000000000242,32511348.0,1277240,0,25.43,25.77,25.14,25.38
301115,联检科技,16.45,0.24375380865325502,0.03999999999999915,33444768.0,2036400,0,16.43,16.56,16.31,16.41
301116,益客食品,11.15,-0.17905102954341606,-0.019999999999999574,70612139.0,6342900,0,11.23,11.23,11.07,11.17
301117,佳缘科技,59.25,10.6235997012696,5.689999999999998,1739532744.52,30091085,0,54.06,63.27,53.88,53.56
301118,恒光股份,25.76,0.1165954139137238,0.030000000000001137,99780482.9,3903104,0,25.65,25.78,25.37,25.73
301119,正强股份,58.49,2.326801959412186,1.3300000000000054,161958571.7,2829006,0,57.78,59.12,55.26,57.16
301120,新特电气,20.04,2.7692307692307647,0.5399999999999991,690950821.11,34871659,0,19.33,20.12,19.33,19.5
301121,紫建电子,40.88,0.4916420845624455,0.20000000000000284,91438648.44,2245299,0,40.67,41.05,40.33,40.68
301122,采纳股份,29.2,1.494612443517552,0.4299999999999997,109600578.62,3808780,0,28.87,29.39,28.3,28.77
301123,奕东电子,69.82,-0.20011435105774814,-0.14000000000000057,1075738300.32,15362086,0,69.01,71.75,68.18,69.96
301125,腾亚精工,19.02,-0.31446540880502477,-0.05999999999999872,54826741.4,2872780,0,19.18,19.42,18.91,19.08
301126,达嘉维康,13.62,0.8888888888888832,0.11999999999999922,181683713.85,13487542,0,13.39,13.71,13.28,13.5
301127,武汉天源,19.27,11.839814277423095,2.039999999999999,959069036.35,52048809,0,18.01,19.27,17.57,17.23
301128,强瑞技术,95.85,0.06263701847790798,0.05999999999998806,315712069.63,3283037,0,95.79,97.45,94.83,95.79
301129,瑞纳智能,25.15,0.7208650380456536,0.17999999999999972,44041514.0,1766080,0,25.08,25.21,24.65,24.97
301130,西点药业,30.46,3.114421123899803,0.9200000000000017,74182323.8,2442450,0,29.46,31.27,29.4,29.54
301131,聚赛龙,48.74,0.18499486125386105,0.09000000000000341,48516706.75,1001855,0,48.69,48.77,47.86,48.65
301132,满坤科技,35.27,0.713877784123358,0.25,121121649.22,3437568,0,35.18,35.85,34.8,35.02
301133,金钟股份,38.8,-0.6147540983606609,-0.240000000000002,171170178.93,4433883,0,39.17,39.52,38.18,39.04
301135,瑞德智能,28.64,0.7741027445460903,0.21999999999999886,56601032.88,1985948,0,28.42,28.65,28.22,28.42
301136,招标股份,23.13,12.829268292682922,2.629999999999999,1169683774.45,53459908,0,20.51,23.88,20.36,20.5
301137,哈焊华通,61.91,4.208045783538125,2.5,1885183909.24,31683812,0,59.4,64.97,56.4,59.41
301138,华研精机,39.97,0.4523749685850709,0.17999999999999972,108716869.84,2727327,0,39.79,40.4,39.28,39.79
301139,元道通信,19.48,1.4583333333333393,0.28000000000000114,90217608.04,4665600,0,19.23,19.48,19.14,19.2
301141,中科磁业,59.83,4.817799579537492,2.75,613396159.7,10245166,0,56.95,61.7,56.58,57.08
301148,嘉戎技术,55.6,7.856450048496614,4.050000000000004,465256932.75,8774783,0,50.79,58.0,49.7,51.55
301149,隆华新材,10.83,0.0,0.0,58961890.08,5455868,0,10.81,10.86,10.74,10.83
301150,中一科技,44.06,-0.5417607223476183,-0.23999999999999488,416081020.16,9374907,0,44.08,44.98,43.68,44.3
301151,冠龙节能,19.43,0.25799793601651555,0.05000000000000071,41417990.77,2132826,0,19.32,19.63,19.23,19.38
301152,天力锂能,30.98,-0.8639999999999987,-0.2699999999999996,141329040.52,4542695,0,31.26,31.55,30.71,31.25
301153,中科江南,25.4,4.526748971193407,1.0999999999999979,582165898.4,23259506,0,24.06,25.96,24.05,24.3
301155,海力风电,81.58,0.3814445674910819,0.3100000000000023,260599797.0,3192267,0,81.27,83.03,80.2,81.27
301156,美农生物,18.08,0.1662049861495711,0.029999999999997584,34948362.6,1941860,0,17.98,18.17,17.87,18.05
301157,华塑科技,55.53,3.0050083472454174,1.6200000000000045,130044949.29,2348703,0,54.07,56.75,53.74,53.91
301158,德石股份,23.3,0.8658008658008627,0.1999999999999993,199023498.31,8533683,0,23.42,23.58,23.1,23.1
301159,三维天地,39.9,2.888086642599271,1.1199999999999974,207288825.92,5265604,0,38.4,40.14,38.4,38.78
301160,翔楼新材,75.4,0.0,0.0,437852008.28,5858583,0,75.4,78.42,72.88,75.4
301161,唯万密封,37.6,-0.8700237279198478,-0.3299999999999983,246060931.37,6554133,0,37.83,38.18,37.07,37.93
301162,国能日新,58.34,-1.4527027027027017,-0.8599999999999994,148970933.01,2562228,0,59.1,59.65,56.89,59.2
301163,宏德股份,27.55,0.8787989747345367,0.240000000000002,38079222.0,1385800,0,27.29,27.66,27.19,27.31
301165,锐捷网络,85.83,0.39770733419113746,0.3400000000000034,1297967303.28,15479561,0,84.72,87.28,81.7,85.49
301166,优宁维,31.35,1.1290322580645207,0.3500000000000014,37030152.0,1189400,0,31.01,31.35,30.84,31.0
301167,建研设计,16.53,0.6699147381242352,0.10999999999999943,33482341.4,2035340,0,16.47,16.6,16.32,16.42
301168,通灵股份,44.3,-1.4679715302491185,-0.6600000000000037,94592607.91,2122891,0,45.28,45.28,44.13,44.96
301169,零点有数,59.75,8.695652173913047,4.780000000000001,268118628.63,4510511,0,55.52,63.09,54.81,54.97
301170,锡南科技,29.07,0.3451846738004882,0.10000000000000142,40887787.95,1411501,0,28.99,29.11,28.76,28.97
301171,易点天下,52.69,19.995445228877255,8.780000000000001,6137089789.43,121067196,0,44.26,52.69,44.26,43.91
301172,君逸数码,24.09,1.645569620253167,0.39000000000000057,132969271.25,5574391,0,23.75,24.24,23.53,23.7
301173,毓恬冠佳,47.89,-1.0128152128978958,-0.490000000000002,54765546.21,1145510,0,48.72,48.72,47.47,48.38
301175,中科环保,6.21,1.305057096247962,0.08000000000000007,290863956.31,46881240,0,6.15,6.28,6.12,6.13
301176,逸豪新材,25.46,-0.6245120999219365,-0.16000000000000014,60843788.41,2388777,0,25.7,25.7,25.23,25.62
301177,迪阿股份,29.83,0.6070826306913987,0.17999999999999972,43058587.21,1448699,0,29.85,29.86,29.55,29.65
301178,天亿马,52.12,0.7928833881260813,0.4099999999999966,101909883.73,1962093,0,51.98,52.35,51.54,51.71
301179,泽宇智能,16.45,0.0608272506082604,0.00999999999999801,60921388.76,3705141,0,16.47,16.54,16.32,16.44
301180,万祥科技,17.98,1.8696883852691324,0.33000000000000185,81515900.0,4562500,0,17.66,18.57,17.44,17.65
301181,标榜股份,45.76,2.6239067055393464,1.1699999999999946,236511899.66,5272248,0,44.61,45.89,43.85,44.59
301182,凯旺科技,42.36,0.8091385054735752,0.3399999999999963,100505076.99,2388189,0,42.0,42.78,41.42,42.02
301183,东田微,172.79,5.359756097560971,8.789999999999992,2094961700.92,12977406,0,157.61,173.99,148.88,164.0
301185,鸥玛软件,19.7,1.703665462054715,0.3299999999999983,72493860.75,3706964,0,19.44,19.78,19.35,19.37
301186,超达装备,47.77,0.04188481675393325,0.020000000000003126,60055966.79,1257158,0,47.74,48.22,47.41,47.75
301187,欧圣电气,26.35,-0.4157218442932707,-0.10999999999999943,104857229.8,3991540,0,26.3,26.64,26.05,26.46
301188,力诺药包,18.76,1.7353579175705003,0.3200000000000003,185234827.95,9935466,0,18.45,18.87,18.28,18.44
301189,奥尼电子,45.49,2.3166891587944245,1.0300000000000011,132415502.12,2926642,0,44.39,45.85,44.18,44.46
301190,善水科技,22.17,0.0,0.0,46428644.7,2100176,0,22.11,22.3,21.91,22.17
301191,菲菱科思,114.5,3.582413605934497,3.9599999999999937,490619794.35,4367841,0,109.44,115.48,107.24,110.54
301192,泰祥股份,30.93,-2.429022082018926,-0.7699999999999996,63201188.73,2033732,0,31.67,31.92,30.66,31.7
301193,家联科技,22.72,3.9341262580054868,0.8599999999999994,114627654.58,5036755,0,21.86,23.2,21.68,21.86
301195,北路智控,36.23,2.6054941942792254,0.9199999999999946,126845962.28,3533200,0,35.17,36.28,35.17,35.31
301196,唯科科技,79.29,1.0965191890858084,0.8599999999999994,264893082.76,3324983,0,79.0,81.33,77.9,78.43
301197,工大科雅,21.33,1.090047393364914,0.22999999999999687,77410282.04,3695253,0,21.23,21.33,20.53,21.1
301198,喜悦智行,13.26,0.3785011355033984,0.049999999999998934,67679670.09,5119454,0,13.33,13.36,13.09,13.21
301199,迈赫股份,24.2,0.5400914000830868,0.129999999999999,126614644.29,5253596,0,24.08,24.27,23.85,24.07
301200,大族数控,130.83,1.9322165952473849,2.480000000000018,630608801.67,4868503,0,127.11,134.5,123.8,128.35
301201,诚达药业,51.84,8.770457406630312,4.180000000000007,828031259.4,16562053,0,47.0,52.53,47.0,47.66
301202,朗威股份,41.89,1.5269025690741702,0.6300000000000026,85035646.1,2042591,0,41.24,41.97,41.01,41.26
301203,国泰环保,33.95,1.3735443415945081,0.46000000000000085,34053537.0,1005000,0,33.57,34.48,33.57,33.49
301205,联特科技,165.32,2.017895711200236,3.269999999999982,1288202541.37,7954687,0,159.0,166.2,157.0,162.05
301206,三元生物,27.28,0.515843773028742,0.14000000000000057,27078621.86,996260,0,27.01,27.3,27.01,27.14
301207,华兰疫苗,19.83,2.6929052304505414,0.5199999999999996,194561988.66,9891047,0,19.3,19.86,19.26,19.31
301208,中亦科技,39.86,0.9369460622942453,0.36999999999999744,158469281.12,4003109,0,39.35,39.88,39.1,39.49
301209,联合化学,108.5,-0.49523110785033586,-0.5400000000000063,150569628.22,1398042,0,108.65,109.12,106.63,109.04
301210,金杨精密,37.9,-0.3156233561283654,-0.12000000000000455,95740930.42,2532962,0,38.02,38.05,37.46,38.02
301211,亨迪药业,12.91,-0.23183925811436912,-0.02999999999999936,97890132.82,7623208,0,12.92,12.94,12.72,12.94
301212,联盛化学,30.93,-1.1505273250239676,-0.35999999999999943,49459932.9,1604514,0,31.22,31.26,30.53,31.29
301213,观想科技,94.95,13.03571428571429,10.950000000000003,963256764.37,10909535,0,82.5,97.0,79.0,84.0
301215,中汽股份,7.01,-0.14245014245013943,-0.009999999999999787,114699009.36,16418582,0,7.0,7.04,6.93,7.02
301216,万凯新材,21.36,4.911591355599215,1.0,758567281.51,36148626,0,20.19,21.88,19.85,20.36
301217,铜冠铜箔,34.53,-0.46122801960218107,-0.1599999999999966,960981052.21,27842254,0,34.5,35.1,33.7,34.69
301218,华是科技,25.08,2.117263843648207,0.5199999999999996,217200784.69,8764711,0,24.44,25.09,24.29,24.56
301219,腾远钴业,70.65,1.6985749244278203,1.1800000000000068,438380967.74,6235474,0,69.05,71.11,68.8,69.47
301220,亚香股份,37.78,0.425305688463593,0.1600000000000037,48980232.8,1304140,0,37.62,37.88,37.15,37.62
301221,光庭信息,60.6,2.520724073760788,1.490000000000002,322967238.94,5389751,0,59.5,61.27,58.81,59.11
301222,浙江恒威,29.15,0.3097040605643492,0.08999999999999986,30518686.0,1051600,0,28.94,29.15,28.78,29.06
301223,中荣股份,18.83,0.6413682522714989,0.11999999999999744,29665788.6,1585191,0,18.71,18.83,18.55,18.71
301225,恒勃股份,151.0,2.172000811962926,3.210000000000008,395654438.49,2625501,0,148.62,153.99,146.44,147.79
301226,祥明智能,33.21,-0.7174887892376741,-0.240000000000002,220068430.17,6504425,0,33.57,34.77,33.06,33.45
301227,森鹰窗业,45.87,-4.97203231821008,-2.4000000000000057,183383520.0,3965084,0,48.18,48.2,45.0,48.27
301228,实朴检测,39.15,3.0534351145038077,1.1599999999999966,164055433.72,4231147,0,38.5,40.0,37.5,37.99
301229,纽泰格,22.37,1.1301989150090417,0.25,165021894.99,7324950,0,22.36,23.13,21.92,22.12
301230,泓博医药,41.24,19.98836194355544,6.8700000000000045,1017607071.98,26523111,0,35.5,41.24,34.99,34.37
301231,荣信文化,39.76,18.227772821885207,6.1299999999999955,696733610.59,18802296,0,33.7,40.36,33.0,33.63
301232,飞沃科技,181.87,-3.2606382978723385,-6.1299999999999955,1409576642.36,7432778,0,187.0,200.88,178.0,188.0
301233,盛帮股份,54.16,1.2336448598130778,0.6599999999999966,88749995.6,1637864,0,53.49,55.02,53.4,53.5
301234,五洲医疗,47.65,5.490369714412213,2.479999999999997,170962547.0,3669600,0,45.0,48.08,44.8,45.17
301235,华康洁净,39.21,-0.17820773930753636,-0.07000000000000028,272218071.12,7031443,0,39.27,39.28,38.3,39.28
301236,软通动力,49.9,1.8575219432537184,0.9099999999999966,1231716711.76,24875785,0,49.0,50.0,48.95,48.99
301237,和顺科技,57.83,-1.2803004438374872,-0.75,280707477.33,4749683,0,58.58,62.31,56.62,58.58
301238,瑞泰新材,21.73,1.1167985109353282,0.240000000000002,279587324.48,12906758,0,21.4,21.9,21.2,21.49
301239,普瑞眼科,33.29,1.0318664643398976,0.3399999999999963,60266411.0,1822500,0,32.82,33.45,32.72,32.95
301246,宏源药业,22.1,-0.8078994614003578,-0.17999999999999972,417408604.61,18790159,0,22.53,22.53,22.0,22.28
301248,杰创智能,36.24,-3.2309746328437936,-1.2100000000000009,653550457.94,17762952,0,37.08,38.5,35.82,37.45
301251,威尔高,55.63,2.7331486611265077,1.480000000000004,341206540.89,6198385,0,54.33,56.13,53.55,54.15
301252,同星科技,32.02,1.8124006359300597,0.5700000000000038,149586023.3,4691563,0,31.31,32.25,31.22,31.45
301255,通力科技,29.18,0.20604395604395162,0.05999999999999872,40630607.3,1390881,0,29.21,29.6,28.88,29.12
301256,华融化学,17.42,2.6517383618149846,0.45000000000000284,973484934.29,56933909,0,16.87,17.8,16.41,16.97
301257,普蕊斯,60.14,-1.5711947626841256,-0.9600000000000009,104646419.42,1750350,0,61.3,61.3,59.05,61.1
301258,富士莱,33.93,1.52603231597845,0.509999999999998,53833462.96,1593476,0,33.43,34.22,33.13,33.42
301259,艾布鲁,35.31,1.1747851002865435,0.4100000000000037,204222500.46,5761429,0,34.82,36.22,34.82,34.9
301260,格力博,17.15,0.8823529411764622,0.14999999999999858,68951912.25,4032700,0,17.02,17.18,16.96,17.0
301261,恒工精密,106.56,3.546788455932374,3.6500000000000057,555947989.51,5316019,0,102.0,108.26,100.4,102.91
301262,海看股份,26.39,4.3908227848101244,1.1099999999999994,233243694.03,9030221,0,25.28,26.39,25.15,25.28
301263,泰恩康,31.53,1.513200257566009,0.4700000000000024,244871609.38,7891166,0,30.8,31.56,30.56,31.06
301265,华新环保,14.41,2.4893314366998553,0.34999999999999964,235107657.53,16434782,0,14.11,14.62,13.99,14.06
301266,宇邦新材,38.28,-1.720154043645704,-0.6700000000000017,110925973.06,2895499,0,38.95,38.95,37.92,38.95
301267,华厦眼科,18.72,1.2439156300703107,0.23000000000000043,94256456.5,5058259,0,18.48,18.73,18.45,18.49
301268,铭利达,19.38,2.4312896405919515,0.4599999999999973,94437665.55,4869426,0,18.98,19.66,18.98,18.92
301269,华大九天,113.7,0.6016634224031205,0.6800000000000068,620001393.32,5487461,0,112.58,113.77,112.12,113.02
301270,汉仪股份,40.06,2.1938775510204067,0.8599999999999994,236389339.87,5960173,0,39.2,40.06,39.04,39.2
301272,英华特,40.88,0.44226044226044153,0.17999999999999972,34473559.64,846057,0,40.8,41.05,40.34,40.7
301273,瑞晨环保,27.22,1.5292801193584489,0.41000000000000014,27696995.0,1023000,0,26.95,27.63,26.66,26.81
301275,汉朔科技,58.56,7.944700460829497,4.310000000000002,393716855.53,6884841,0,54.44,59.39,54.04,54.25
301276,嘉曼服饰,28.33,-1.3235806339254703,-0.38000000000000256,84442871.39,2985481,0,28.71,28.95,27.8,28.71
301277,新天地,12.32,1.0664479081214175,0.13000000000000078,38872423.38,3177126,0,12.19,12.32,12.1,12.19
301278,快可电子,34.7,0.2600404507367911,0.09000000000000341,105964945.6,3064679,0,34.6,34.92,34.17,34.61
301279,金道科技,33.33,2.082695252679938,0.6799999999999997,110703121.14,3338568,0,32.66,33.55,32.5,32.65
301280,珠城科技,57.3,14.188919888401749,7.119999999999997,453665069.05,8365733,0,50.2,57.98,50.0,50.18
301281,科源制药,29.34,1.8396390142311738,0.5300000000000011,62321055.3,2159874,0,28.7,29.34,28.4,28.81
301282,金禄电子,31.06,4.967894558972622,1.4699999999999989,494877143.59,15892367,0,29.69,31.94,29.51,29.59
301283,聚胶股份,51.13,3.292929292929298,1.6300000000000026,107312945.56,2136574,0,49.64,51.13,49.12,49.5
301285,鸿日达,70.39,0.5571428571428579,0.39000000000000057,189051357.4,2699700,0,70.38,70.71,69.1,70.0
301286,侨源股份,46.49,-0.021505376344081745,-0.00999999999999801,163440771.0,3539000,0,46.41,47.29,45.5,46.5
301287,康力源,45.22,0.802496656263931,0.35999999999999943,98217231.8,2194632,0,45.1,45.52,43.9,44.86
301288,*ST清研,19.1,0.5263157894736916,0.10000000000000142,8147877.0,425300,0,19.0,19.3,18.9,19.0
301289,国缆检测,61.08,-0.04909180166912312,-0.030000000000001137,136671300.36,2243243,0,60.79,61.5,60.32,61.11
301290,东星医疗,26.84,1.168488503580847,0.3099999999999987,40117128.53,1500137,0,26.38,26.92,26.11,26.53
301291,明阳电气,46.66,3.7580609295085563,1.6899999999999977,425663948.86,9260432,0,45.1,46.9,44.89,44.97
301292,海科新源,59.44,-1.4262023217247088,-0.8599999999999994,812046165.17,13538431,0,59.55,60.89,58.99,60.3
301293,三博脑科,92.1,-6.856796116504856,-6.780000000000001,4546276598.66,48343987,0,94.0,98.76,91.28,98.88
301295,美硕科技,32.62,3.5884407748491554,1.129999999999999,76020027.39,2370206,0,31.5,32.83,31.28,31.49
301296,新巨丰,8.81,0.22753128555177876,0.02000000000000135,27949445.0,3180200,0,8.8,8.82,8.75,8.79
301297,富乐德,39.71,2.345360824742278,0.9100000000000037,385504823.33,9814303,0,38.5,39.89,38.5,38.8
301298,东利机械,16.34,0.553846153846153,0.08999999999999986,39384940.0,2415200,0,16.28,16.43,16.15,16.25
301299,卓创资讯,57.42,2.958579881656802,1.6499999999999986,92988966.56,1637700,0,55.57,57.53,55.57,55.77
301300,远翔新材,44.55,0.24752475247524627,0.10999999999999943,81026295.6,1826101,0,44.51,44.77,43.7,44.44
301301,川宁生物,11.1,3.159851301115241,0.33999999999999986,272487431.77,24790877,0,10.88,11.18,10.8,10.76
301302,华如科技,24.54,3.4569983136593603,0.8200000000000003,178138376.35,7362848,0,23.73,24.54,23.7,23.72
301303,真兰仪表,15.5,0.4536616979909286,0.07000000000000028,39474977.2,2549340,0,15.49,15.57,15.38,15.43
301305,朗坤科技,25.25,1.0,0.25,347890437.93,13632309,0,25.51,26.3,24.94,25.0
301306,西测测试,147.77,2.903899721448479,4.170000000000016,2015172077.39,13658830,0,142.2,156.55,138.36,143.6
301307,美利信,35.18,1.529581529581533,0.5300000000000011,215074622.13,6145227,0,34.65,35.5,34.46,34.65
301308,江波龙,277.55,-2.236703064459305,-6.349999999999966,3910575952.67,14170256,0,276.41,280.49,271.8,283.9
301309,万得凯,28.93,0.41652204095800416,0.120000000000001,22858312.43,793093,0,29.07,29.07,28.5,28.81
301310,鑫宏业,42.08,-1.4519906323185117,-0.6200000000000045,92898282.6,2200060,0,42.35,42.67,41.87,42.7
301311,昆船智能,19.51,0.7747933884297631,0.15000000000000213,125313927.9,6439300,0,19.34,19.6,19.24,19.36
301312,智立方,52.2,0.4039238315060605,0.21000000000000085,163881361.78,3158436,0,51.99,52.22,51.4,51.99
301313,凡拓数创,29.55,4.490806223479489,1.2699999999999996,174409585.28,6013728,0,28.1,29.6,27.92,28.28
301314,科瑞思,43.4,0.18467220683286772,0.0799999999999983,35537950.5,823310,0,43.44,43.5,42.62,43.32
301315,威士顿,61.25,-0.37410540013011856,-0.22999999999999687,308933515.47,5052989,0,60.97,61.95,60.55,61.48
301316,慧博云通,51.7,5.467156262749897,2.6799999999999997,1451215367.08,29264092,0,48.81,51.75,47.5,49.02
301317,鑫磊股份,32.83,-0.06088280060883752,-0.020000000000003126,58974703.0,1800000,0,32.83,32.99,32.57,32.85
301318,维海德,29.3,2.233077459874391,0.6400000000000006,58421567.87,2014374,0,28.6,29.38,28.6,28.66
301319,唯特偶,55.26,0.036205648081093444,0.01999999999999602,268181500.9,4912345,0,54.97,56.44,53.4,55.24
301320,豪江智能,17.8,1.4245014245014245,0.25,55043933.0,3116600,0,17.59,17.81,17.41,17.55
301321,翰博高新,19.12,-1.8480492813141656,-0.35999999999999943,128937258.9,6709900,0,19.65,19.68,19.0,19.48
301322,绿通科技,28.53,0.1404001404001499,0.0400000000000027,41127924.52,1447398,0,28.45,28.61,28.2,28.49
301323,新莱福,59.22,1.9277108433734895,1.1199999999999974,178759695.88,3038115,0,58.1,59.6,57.8,58.1
301325,曼恩斯特,52.83,0.2657050673752146,0.14000000000000057,110267143.23,2093190,0,52.68,53.09,52.12,52.69
301326,捷邦科技,108.65,-1.2631770265358055,-1.3900000000000006,141764543.79,1306905,0,110.04,110.04,107.4,110.04
301327,华宝新能,64.01,5.9768211920529914,3.6100000000000065,372609675.83,5841733,0,61.88,65.89,60.55,60.4
301328,维峰电子,50.16,3.8079470198675422,1.8399999999999963,170644013.45,3446090,0,48.46,50.5,47.95,48.32
301329,信音电子,25.49,5.987525987525978,1.4399999999999977,472601684.93,18290897,0,24.48,26.77,24.24,24.05
301330,熵基科技,41.55,-2.965903783278849,-1.2700000000000031,904182193.36,22201636,0,41.21,41.63,39.68,42.82
301331,恩威医药,28.85,-0.7226428079834731,-0.2099999999999973,52521726.37,1830650,0,28.99,29.04,28.29,29.06
301332,德尔玛,9.58,0.4192872117400517,0.040000000000000924,44232481.0,4635700,0,9.58,9.58,9.5,9.54
301333,诺思格,65.09,1.7985611510791457,1.1500000000000057,151554567.69,2368904,0,63.68,65.36,62.65,63.94
301335,天元宠物,29.32,0.20505809979493753,0.05999999999999872,61938943.9,2116596,0,29.13,29.54,29.04,29.26
301336,趣睡科技,57.14,4.32718641592112,2.3699999999999974,178617484.96,3185465,0,54.69,57.5,53.88,54.77
301337,亚华电子,30.74,-0.7105943152454859,-0.22000000000000242,153635740.68,4996300,0,30.74,31.23,30.4,30.96
301338,凯格精机,92.15,1.992252351964595,1.8000000000000114,428388305.07,4637390,0,90.7,94.5,89.28,90.35
301339,通行宝,15.14,0.5312084993359899,0.08000000000000007,137020713.76,9098680,0,15.06,15.15,14.93,15.06
301345,涛涛车业,250.78,4.884985361773319,11.680000000000007,564770057.29,2292060,0,242.91,255.8,234.08,239.1
301348,蓝箭电子,21.8,0.2759889604415928,0.060000000000002274,222085555.55,10232907,0,21.7,21.85,21.5,21.74
301349,信德新材,49.55,2.9931407191851958,1.4399999999999977,147810102.49,3014315,0,48.02,49.7,47.88,48.11
301353,普莱得,27.02,0.29695619896064696,0.0799999999999983,27900534.1,1037560,0,27.0,27.05,26.72,26.94
301355,南王科技,13.59,-0.07352941176470432,-0.009999999999999787,150520624.88,11120495,0,13.59,13.63,13.43,13.6
301356,天振股份,23.14,1.0480349344978255,0.240000000000002,90164395.41,3882940,0,22.88,23.79,22.88,22.9
301357,北方长龙,153.8,4.03842251234526,5.969999999999999,1306288110.64,8299327,0,162.53,162.53,153.4,147.83
301358,湖南裕能,63.59,-0.7181889149102166,-0.45999999999999375,1513568056.0,23787106,0,63.65,64.9,62.57,64.05
301359,东南电子,19.64,1.3415892672858698,0.26000000000000156,35831525.7,1840860,0,19.42,19.66,19.27,19.38
301360,荣旗科技,79.19,-0.9753657621608118,-0.7800000000000011,237095099.0,3013200,0,79.84,80.55,77.44,79.97
301361,众智科技,34.85,-0.1146460303811956,-0.03999999999999915,106774517.75,3069420,0,34.74,35.08,34.43,34.89
301362,民爆光电,42.86,0.023337222870473767,0.00999999999999801,31535770.0,738181,0,42.8,43.01,42.43,42.85
301363,美好医疗,37.55,-11.813057773602633,-5.030000000000001,2184589708.6,56927963,0,40.11,40.2,37.23,42.58
301365,矩阵股份,24.9,5.018979333614499,1.1899999999999977,196816981.66,7978300,0,24.0,25.25,23.73,23.71
301366,一博科技,38.93,0.8810572687224574,0.3399999999999963,339797856.75,8778077,0,38.34,39.2,37.72,38.59
301367,瑞迈特,91.54,-1.4639397201291704,-1.3599999999999994,203175771.4,2225990,0,93.5,93.5,90.4,92.9
301368,丰立智能,69.8,-4.982303294309824,-3.6599999999999966,1055988068.0,14953243,0,72.16,74.0,69.51,73.46
301369,联动科技,140.06,-1.8293965094273397,-2.609999999999985,220921015.25,1578075,0,142.6,146.66,136.06,142.67
301370,国科恒泰,12.55,2.2819885900570593,0.28000000000000114,144312478.67,11535468,0,12.27,12.73,12.27,12.27
301371,敷尔佳,24.37,0.7024793388429823,0.1700000000000017,53097074.27,2187708,0,24.21,24.44,24.12,24.2
301372,科净源,26.02,0.3858024691357942,0.09999999999999787,33755898.0,1304100,0,25.9,26.06,25.68,25.92
301373,凌玮科技,34.37,-3.0465444287729344,-1.0800000000000054,139272961.59,4035722,0,35.39,35.39,34.22,35.45
301376,致欧科技,18.6,1.086956521739146,0.20000000000000284,60116288.0,3246994,0,18.38,18.68,18.34,18.4
301377,鼎泰高科,148.55,-0.5556299370732254,-0.8299999999999841,1121222798.45,7499719,0,149.59,156.9,143.34,149.38
301378,通达海,31.59,7.92620430474889,2.3200000000000003,164385456.21,5385205,0,29.73,31.81,29.26,29.27
301379,天山电子,27.6,0.3636363636363688,0.10000000000000142,155637063.37,5682040,0,27.38,27.72,27.05,27.5
301380,挖金客,39.72,-1.925925925925929,-0.7800000000000011,426111087.09,10513904,0,39.05,42.15,39.05,40.5
301381,赛维时代,21.75,1.873536299765801,0.3999999999999986,166734866.53,7745593,0,21.3,21.81,21.23,21.35
301382,蜂助手,38.23,5.929620393460774,2.1399999999999935,990724150.66,26261851,0,36.51,38.4,36.51,36.09
301383,天键股份,36.52,-0.16402405686165986,-0.05999999999999517,118989393.47,3268423,0,36.35,36.73,36.0,36.58
301386,未来电器,24.71,0.7748776508972319,0.19000000000000128,57497610.0,2338500,0,24.59,24.75,24.35,24.52
301387,光大同创,60.11,7.396819724852601,4.140000000000001,315494314.28,5441213,0,54.88,60.9,54.88,55.97
301388,欣灵电气,31.79,0.6012658227848029,0.18999999999999773,59167358.07,1868233,0,31.6,31.89,31.35,31.6
301389,隆扬电子,53.42,-0.037425149700591354,-0.01999999999999602,347010549.27,6547077,0,53.18,53.84,51.85,53.44
301390,经纬股份,34.98,1.156737998843258,0.3999999999999986,28173996.0,811300,0,34.56,34.98,34.35,34.58
301391,卡莱特,82.14,0.17073170731707388,0.14000000000000057,100745310.8,1232660,0,81.5,82.68,80.83,82.0
301392,汇成真空,143.28,0.4768583450210427,0.6800000000000068,373646118.02,2614205,0,141.73,145.68,141.01,142.6
301393,昊帆生物,53.15,1.218815463721197,0.6400000000000006,63113343.52,1188132,0,52.35,53.98,52.3,52.51
301395,仁信新材,13.9,0.6517016654598107,0.08999999999999986,114757227.18,8194030,0,14.22,14.63,13.63,13.81
301396,宏景科技,71.71,4.854510893405458,3.319999999999993,975224287.82,13732850,0,68.66,73.0,68.52,68.39
301397,溯联股份,35.81,-0.9952999723527769,-0.35999999999999943,169925779.68,4739512,0,35.9,36.25,35.46,36.17
301398,星源卓镁,59.79,1.1503975638639818,0.6799999999999997,215225254.13,3623355,0,59.28,60.2,58.43,59.11
301399,英特科技,20.13,1.20663650075414,0.23999999999999844,98471005.41,4932046,0,20.0,20.13,19.7,19.89
301408,华人健康,22.17,9.970238095238102,2.0100000000000016,1365460814.93,62775124,0,20.9,22.96,20.9,20.16
301413,安培龙,139.4,2.954209748892171,4.0,898643715.45,6452364,0,134.92,141.99,134.53,135.4
301418,协昌科技,37.99,0.6891068115558048,0.2600000000000051,35049217.56,926486,0,37.72,38.07,37.5,37.73
301419,阿莱德,34.12,-0.9579100145138038,-0.3300000000000054,98403277.74,2890580,0,34.4,34.4,33.73,34.45
301421,波长光电,110.0,-0.5964214711729592,-0.6599999999999966,675318360.43,6122485,0,109.0,111.8,108.71,110.66
301428,世纪恒通,35.65,2.002861230329029,0.6999999999999957,134731642.07,3808270,0,35.0,35.76,34.9,34.95
301429,森泰股份,19.25,0.6272869837950915,0.120000000000001,21560617.0,1126500,0,19.19,19.3,18.94,19.13
301439,泓淋电力,15.32,0.5249343832021002,0.08000000000000007,69289399.85,4537515,0,15.24,15.36,15.18,15.24
301446,福事特,35.6,0.36650690724556684,0.13000000000000256,96385709.01,2730846,0,35.97,35.99,34.77,35.47
301448,开创电气,47.59,-1.8358085808580722,-0.8899999999999935,107631760.17,2263026,0,48.6,48.71,47.05,48.48
301456,盘古智能,31.48,-0.5371248025276403,-0.16999999999999815,97607255.0,3087000,0,31.87,32.2,31.12,31.65
301458,钧崴电子,35.21,5.041766109785196,1.6899999999999977,228591361.78,6632936,0,33.51,35.86,33.29,33.52
301459,丰茂股份,44.8,0.2685765443151241,0.11999999999999744,44026114.7,985230,0,44.77,44.99,44.4,44.68
301468,博盈特焊,58.98,4.500354358610912,2.539999999999999,654565242.23,11213710,0,56.01,60.22,56.01,56.44
301469,恒达新材,31.26,1.2305699481865369,0.38000000000000256,105917118.3,3424101,0,30.8,31.26,30.48,30.88
301479,弘景光电,90.3,0.7812500000000033,0.7000000000000028,99003602.3,1103369,0,89.24,90.3,88.75,89.6
301486,致尚科技,139.95,6.0227272727272645,7.949999999999989,1160960048.25,8624848,0,128.93,141.5,125.5,132.0
301487,盟固利,22.47,0.7171671896010764,0.16000000000000014,261222675.37,11610665,0,22.35,22.69,22.27,22.31
301488,豪恩汽电,165.12,-0.22357846395552874,-0.37000000000000455,513229866.47,3086055,0,164.0,168.8,163.92,165.49
301489,思泉新材,179.61,-1.659001314060432,-3.0299999999999727,643225172.85,3567633,0,182.65,182.65,178.0,182.64
301498,乖宝宠物,67.29,0.43283582089553174,0.29000000000000625,207178567.47,3097034,0,66.98,67.48,66.2,67.0
301499,维科精密,30.5,-0.3267973856209197,-0.10000000000000142,90177992.68,2973218,0,30.39,30.55,30.02,30.6
301500,飞南资源,16.27,0.7430340557275604,0.120000000000001,100889489.6,6222033,0,16.05,16.47,16.01,16.15
301501,恒鑫生活,44.2,-0.13556258472660454,-0.05999999999999517,69983372.48,1583767,0,44.39,44.78,43.8,44.26
301502,华阳智能,45.25,0.5332148411464164,0.240000000000002,37694318.5,839855,0,45.1,45.25,44.45,45.01
301503,智迪科技,37.36,0.7823037496627978,0.28999999999999915,34693023.05,934023,0,37.2,37.52,36.83,37.07
301505,苏州规划,24.62,3.663157894736847,0.870000000000001,236389285.51,9571742,0,25.2,25.49,24.06,23.75
301507,民生健康,16.23,0.8701056556867655,0.14000000000000057,132260877.56,8196188,0,16.08,16.41,15.9,16.09
301508,中机认检,32.47,-0.5208333333333385,-0.1700000000000017,89805034.49,2764213,0,32.66,32.93,32.22,32.64
301509,金凯生科,36.01,0.36231884057969743,0.12999999999999545,97497280.81,2725207,0,35.79,36.13,35.37,35.88
301510,固高科技,37.25,0.8119079837618325,0.29999999999999716,428454051.89,11556201,0,36.88,37.41,36.6,36.95
301511,德福科技,35.49,-1.0041841004184084,-0.35999999999999943,1237985581.04,34930109,0,35.0,36.25,34.49,35.85
301512,智信精密,46.74,0.6459948320413529,0.30000000000000426,43761080.94,942390,0,46.36,46.83,46.0,46.44
301515,港通医疗,23.85,-6.3971742543171075,-1.629999999999999,364752902.82,14887209,0,25.5,25.87,23.78,25.48
301516,中远通,16.43,0.4278728606356985,0.07000000000000028,66133096.27,4042822,0,16.37,16.49,16.2,16.36
301517,陕西华达,76.26,5.579399141630902,4.030000000000001,1642778010.69,21874955,0,72.69,80.8,72.0,72.23
301518,长华化学,37.14,-0.9599999999999985,-0.35999999999999943,142679231.99,3847764,0,36.58,37.6,36.56,37.5
301519,舜禹股份,13.95,1.899196493791087,0.2599999999999998,38132826.0,2761100,0,13.76,14.0,13.63,13.69
301520,万邦医药,42.53,1.624850657108721,0.6799999999999997,30675067.84,727146,0,41.69,42.77,41.69,41.85
301522,上大股份,43.33,3.1175630652070323,1.3099999999999952,1860793666.44,42391812,0,43.0,45.67,42.0,42.02
301525,儒竞科技,88.5,0.19246009283369378,0.1700000000000017,132308978.2,1491315,0,87.8,89.78,87.7,88.33
301526,国际复材,7.35,1.6597510373443876,0.11999999999999922,865058319.37,118989702,0,7.21,7.38,7.1,7.23
301528,多浦乐,72.53,5.574963609898105,3.8299999999999983,259705408.9,3550594,0,70.05,76.05,70.05,68.7
301529,福赛科技,132.0,8.561559338761409,10.409999999999997,482591569.61,3753120,0,121.59,133.5,119.09,121.59
301533,威马农机,40.2,0.5754315736802702,0.23000000000000398,117574831.7,2949900,0,39.8,40.23,39.62,39.97
301536,星宸科技,63.39,1.0843565619518414,0.6799999999999997,493408716.4,7806451,0,63.55,63.79,62.65,62.71
301538,骏鼎达,82.92,-0.6946107784431117,-0.5799999999999983,203467068.57,2452463,0,83.0,84.58,82.08,83.5
301539,宏鑫科技,21.43,1.0849056603773606,0.23000000000000043,125355982.59,5898961,0,21.24,21.74,20.88,21.2
301548,崇德科技,58.45,1.0022464143770613,0.5800000000000054,168747833.37,2900145,0,57.57,58.88,57.5,57.87
301550,斯菱智驱,180.94,4.898834715055939,8.449999999999989,1785851477.79,10172593,0,172.22,181.87,169.78,172.49
301551,无线传媒,34.01,2.5633293124246124,0.8500000000000014,317335470.34,9481299,0,32.91,34.07,32.91,33.16
301552,科力装备,39.08,-0.1532958610117585,-0.060000000000002274,63788340.62,1638864,0,39.14,39.19,38.66,39.14
301555,惠柏新材,35.92,0.13939224979092352,0.05000000000000426,157262848.76,4392932,0,35.98,36.32,35.4,35.87
301556,托普云农,121.59,8.48501070663812,9.510000000000005,720421919.12,6115842,0,114.32,125.0,110.3,112.08
301557,常友科技,124.51,0.0,0.0,97954329.5,784930,0,125.01,126.49,122.61,124.51
301558,三态股份,8.59,2.261904761904756,0.1899999999999995,107476141.33,12630343,0,8.39,8.6,8.37,8.4
301559,中集环科,18.31,12.67692307692307,2.0599999999999987,386605540.93,21980853,0,16.41,18.38,16.36,16.25
301565,中仑新材,25.3,0.39682539682540247,0.10000000000000142,112323564.54,4455703,0,25.03,25.35,25.03,25.2
301566,达利凯普,21.26,-0.18779342723004294,-0.03999999999999915,573785134.61,27001191,0,21.11,21.66,20.91,21.3
301567,贝隆精密,49.32,-1.2612612612612661,-0.6300000000000026,146888709.49,2978930,0,50.0,50.0,48.83,49.95
301568,思泰克,52.26,1.8912068629362428,0.9699999999999989,360853466.15,6971090,0,51.58,52.35,50.73,51.29
301571,国科天成,60.92,2.8185654008438847,1.6700000000000017,551489218.7,9096902,0,59.27,62.5,58.5,59.25
301577,美信科技,59.26,1.7339055793991383,1.009999999999998,60305663.12,1024116,0,58.22,59.48,57.84,58.25
301578,辰奕智能,34.98,0.7488479262672755,0.259999999999998,49816372.94,1431472,0,34.75,34.98,34.51,34.72
301580,爱迪特,47.93,-0.041710114702821946,-0.020000000000003126,107066149.73,2240652,0,47.67,48.25,47.2,47.95
301581,黄山谷捷,48.72,-0.7334963325183362,-0.35999999999999943,40499343.48,830961,0,49.09,49.16,48.4,49.08
301585,蓝宇股份,31.03,-0.22508038585209092,-0.07000000000000028,38833789.26,1254291,0,31.1,31.17,30.77,31.1
301586,佳力奇,53.11,3.1262135922330083,1.6099999999999994,387676360.01,7332447,0,52.21,55.28,51.5,51.5
301587,中瑞股份,24.5,2.4675867837724796,0.5899999999999999,155422049.65,6384019,0,23.91,24.9,23.77,23.91
301588,美新科技,19.1,2.854065697361342,0.5300000000000011,41953634.0,2219300,0,18.63,19.17,18.55,18.57
301589,诺瓦星云,206.81,1.9873754808166493,4.030000000000001,622047214.64,2961910,0,206.77,219.88,202.0,202.78
301591,肯特股份,46.0,9.837631327602669,4.119999999999997,322764114.24,7210568,0,41.91,47.35,41.91,41.88
301592,六九一二,127.5,0.950118764845608,1.2000000000000028,214541404.96,1681307,0,126.1,129.2,126.1,126.3
301596,瑞迪智驱,78.73,0.43372879193775155,0.3400000000000034,97489451.78,1238783,0,78.39,79.49,77.7,78.39
301598,博科测试,66.05,0.6706294772138359,0.4399999999999977,84613476.6,1273820,0,65.54,67.86,65.34,65.61
301600,慧翰股份,139.99,-1.018171533620871,-1.4399999999999977,310473782.98,2227209,0,141.02,141.99,137.37,141.43
301601,惠通科技,28.65,0.596910112359544,0.16999999999999815,29948011.0,1049100,0,28.49,28.65,28.41,28.48
301602,超研股份,23.66,-0.1687763713080133,-0.03999999999999915,98342613.44,4176833,0,23.55,23.69,23.26,23.7
301603,乔锋智能,77.91,0.1156515034695495,0.09000000000000341,138978188.31,1793388,0,77.55,77.96,76.91,77.82
301606,绿联科技,62.3,2.839220864971936,1.7199999999999989,233725611.24,3774754,0,60.63,62.76,59.98,60.58
301607,富特科技,43.93,-1.1031067086897839,-0.490000000000002,170469837.85,3858211,0,44.49,44.99,43.66,44.42
301608,博实结,92.73,0.0,0.0,214515801.19,2345406,0,92.0,92.77,90.31,92.73
301611,珂玛科技,122.32,2.997642303805985,3.559999999999988,2333948214.23,19615678,0,115.0,123.84,113.01,118.76
301613,新铝时代,52.76,0.3232553717436672,0.1699999999999946,118246144.19,2242211,0,52.61,53.31,52.29,52.59
301617,博苑股份,84.48,-2.627939142461965,-2.280000000000001,140173234.36,1650729,0,85.78,86.0,84.0,86.76
301618,长联科技,50.1,0.20000000000000281,0.10000000000000142,41273022.54,824608,0,50.2,50.34,49.76,50.0
301622,英思特,68.88,2.5610482430017854,1.7199999999999989,210306418.67,3067375,0,67.5,69.49,66.5,67.16
301626,苏州天脉,187.16,2.1002673067481283,3.8499999999999943,253984011.0,1370000,0,184.0,188.0,182.01,183.31
301628,强达电路,93.92,0.12793176972281933,0.12000000000000455,191158105.21,2049465,0,93.5,93.92,92.29,93.8
301629,矽电股份,283.52,-3.199153265731164,-9.370000000000005,957913330.91,3448741,0,281.14,295.25,267.0,292.89
301631,壹连科技,104.59,-1.478899773926143,-1.5699999999999932,190690119.36,1819263,0,106.03,106.18,104.11,106.16
301633,港迪技术,71.0,-0.8241374493644411,-0.5900000000000034,40824086.65,575487,0,71.66,71.94,70.52,71.59
302132,中航成飞,86.05,3.8122813367112998,3.1599999999999966,3013746524.47,35170988,0,83.94,89.53,83.2,82.89
600000,浦发银行,11.54,0.0,0.0,487401034.0,42361629,0,11.56,11.57,11.46,11.54
600004,白云机场,9.46,0.10582010582012237,0.010000000000001563,151658861.0,16041814,0,9.45,9.49,9.42,9.45
600006,东风股份,7.26,0.276243093922646,0.019999999999999574,159626837.0,22003200,0,7.24,7.29,7.21,7.24
600007,中国国贸,19.95,1.6819571865443337,0.3299999999999983,92080335.0,4630025,0,19.62,20.02,19.55,19.62
600008,XD首创环,3.02,1.0033444816053445,0.029999999999999805,156348034.0,51899155,0,3.01,3.02,3.0,2.99
600009,上海机场,32.69,-0.4264392324093834,-0.14000000000000057,379017444.0,11566900,0,32.89,33.03,32.62,32.83
600010,包钢股份,2.6,2.7667984189723436,0.07000000000000028,2319669745.0,900157379,0,2.53,2.6,2.52,2.53
600011,华能国际,7.38,-0.1353179972936372,-0.009999999999999787,397452082.0,53940338,0,7.4,7.41,7.35,7.39
600012,皖通高速,14.63,0.8965517241379364,0.13000000000000078,57403126.0,3938522,0,14.5,14.65,14.44,14.5
600015,华夏银行,6.77,-0.2945508100147343,-0.020000000000000462,272250154.0,40199448,0,6.78,6.79,6.76,6.79
600016,民生银行,3.82,-0.26109660574413135,-0.010000000000000231,803001626.0,210137144,0,3.82,3.83,3.81,3.83
600017,日照港,3.03,0.33112582781456246,0.009999999999999787,79569993.0,26268900,0,3.02,3.04,3.02,3.02
600018,上港集团,5.47,0.18315018315017925,0.009999999999999787,140460776.0,25674001,0,5.47,5.49,5.46,5.46
600019,宝钢股份,7.28,-0.6821282401091381,-0.04999999999999982,692445086.0,95038024,0,7.33,7.38,7.25,7.33
600020,中原高速,4.27,0.47058823529410765,0.019999999999999574,50425896.0,11831979,0,4.25,4.28,4.25,4.25
600021,上海电力,21.32,-0.8372093023255801,-0.17999999999999972,1929665137.0,90163266,0,21.48,21.75,21.2,21.5
600022,山东钢铁,1.55,0.0,0.0,210163369.0,135365614,0,1.54,1.57,1.54,1.55
600023,浙能电力,5.02,-0.1988071570576675,-0.010000000000000675,205040540.0,40846671,0,5.03,5.03,5.01,5.03
600025,华能水电,9.15,0.32894736842106514,0.030000000000001137,154652589.0,16936308,0,9.12,9.17,9.1,9.12
600026,中远海能,12.71,1.3556618819776851,0.1700000000000017,813429293.0,63872274,0,12.96,12.97,12.52,12.54
600027,华电国际,5.03,0.1992031872510095,0.010000000000000675,296042177.0,58906741,0,5.02,5.04,5.01,5.02
600028,中国石化,6.16,1.4827018121911013,0.08999999999999986,4286203587.0,689393530,0,6.68,6.68,6.1,6.07
600029,南方航空,7.97,-0.4993757802746571,-0.040000000000000036,393018835.0,49628574,0,7.98,8.0,7.81,8.01
600030,中信证券,28.57,0.10511562718991288,0.030000000000001137,6628564036.0,232677161,0,28.54,28.67,28.35,28.54
600031,三一重工,22.28,3.9664022398506833,0.8500000000000014,2443638447.0,110415456,0,21.57,22.38,21.57,21.43
600032,浙江新能,7.69,1.8543046357615969,0.14000000000000057,79341757.0,10400505,0,7.58,7.69,7.53,7.55
600033,福建高速,4.06,-0.4901960784313838,-0.020000000000000462,219665211.0,54213494,0,4.07,4.09,4.03,4.08
600035,楚天高速,3.93,0.2551020408163324,0.010000000000000231,30150307.0,7675156,0,3.92,3.94,3.91,3.92
600036,招商银行,41.3,-0.6734006734006761,-0.28000000000000114,4069939125.0,98547074,0,41.54,41.76,41.12,41.58
600037,歌华有线,7.91,3.6697247706422047,0.28000000000000025,304639224.0,38793106,0,7.73,7.94,7.72,7.63
600038,中直股份,38.16,0.07867820613688442,0.02999999999999403,1009979587.0,26354373,0,38.22,38.88,37.81,38.13
600039,四川路桥,10.46,1.5533980582524285,0.16000000000000014,320675840.0,30775737,0,10.3,10.56,10.23,10.3
600048,保利发展,6.57,-0.303490136570555,-0.019999999999999574,1127780590.0,171997221,0,6.57,6.63,6.49,6.59
600050,中国联通,5.42,3.2380952380952364,0.16999999999999993,3520838034.0,652641848,0,5.22,5.49,5.22,5.25
600051,宁波联合,7.58,-0.13175230566534632,-0.009999999999999787,48783126.0,6446200,0,7.59,7.61,7.51,7.59
600052,东望时代,4.72,-0.21141649048627217,-0.010000000000000675,50283083.0,10691100,0,4.73,4.75,4.67,4.73
600053,九鼎投资,22.3,6.800766283524913,1.4200000000000017,595890319.0,26698899,0,20.88,22.97,20.88,20.88
600054,黄山旅游,11.44,0.08748906386701476,0.009999999999999787,52002726.0,4550699,0,11.45,11.48,11.39,11.43
600055,万东医疗,16.97,2.044497895369813,0.33999999999999986,138614756.0,8198300,0,16.67,17.08,16.63,16.63
600056,中国医药,10.82,2.6565464895635786,0.28000000000000114,320264576.0,29730874,0,10.65,10.84,10.65,10.54
600057,厦门象屿,8.36,0.23980815347721313,0.019999999999999574,163988129.0,19690339,0,8.35,8.38,8.26,8.34
600058,五矿发展,11.52,0.0,0.0,0.0,0,0,0.0,0.0,0.0,11.52
600059,古越龙山,9.3,0.6493506493506547,0.0600000000000005,77911982.0,8395531,0,9.24,9.31,9.22,9.24
600060,海信视像,24.3,1.8014243820695421,0.4299999999999997,288455219.0,11922601,0,23.89,24.39,23.85,23.87
600061,国投资本,7.81,0.7741935483870918,0.05999999999999961,273829676.0,35111253,0,7.75,7.85,7.74,7.75
600062,华润双鹤,18.65,0.539083557951471,0.09999999999999787,155583119.0,8382760,0,18.55,18.66,18.49,18.55
600063,皖维高新,6.32,-0.15797788309636315,-0.009999999999999787,265720795.0,42203797,0,6.33,6.36,6.22,6.33
600064,南京高科,8.88,1.601830663615567,0.14000000000000057,231197099.0,26184445,0,8.71,8.89,8.71,8.74
600066,宇通客车,32.47,-0.0615574022776335,-0.020000000000003126,408586446.0,12629041,0,32.45,32.62,32.1,32.49
600067,冠城新材,4.36,0.692840646651276,0.03000000000000025,159921605.0,36658142,0,4.35,4.42,4.32,4.33
600070,*ST富润,0.42,0.0,0.0,0.0,0,0,0.0,0.0,0.0,0.42
600071,凤凰光学,21.69,0.9776536312849202,0.21000000000000085,131848532.0,6098368,0,21.45,21.81,21.4,21.48
600072,中船科技,12.04,-0.24855012427507156,-0.030000000000001137,337989788.0,27946694,0,12.22,12.25,11.95,12.07
600073,光明肉业,6.57,0.612557427258806,0.040000000000000036,63770322.0,9725998,0,6.53,6.58,6.52,6.53
600075,新疆天业,5.34,-0.3731343283582175,-0.020000000000000462,167787389.0,31396661,0,5.31,5.4,5.28,5.36
600076,康欣新材,3.7,-1.0695187165775408,-0.040000000000000036,150487327.0,40942274,0,3.7,3.72,3.65,3.74
600078,澄星股份,10.3,-1.5296367112810718,-0.16000000000000014,359146742.0,34747100,0,10.49,10.55,10.23,10.46
600079,ST人福,18.2,-0.38314176245210885,-0.07000000000000028,768284863.0,42062086,0,18.26,18.42,18.17,18.27
600080,金花股份,8.01,-0.24906600249065472,-0.019999999999999574,82038238.0,10261601,0,8.02,8.17,7.86,8.03
600081,东风科技,11.87,0.1687763713080133,0.019999999999999574,42294833.0,3561741,0,11.86,11.94,11.79,11.85
600082,海泰发展,4.27,-0.46620046620047695,-0.020000000000000462,73919292.0,17398057,0,4.27,4.3,4.21,4.29
600084,中信尼雅,5.31,0.7590132827324485,0.040000000000000036,34627699.0,6559300,0,5.27,5.33,5.23,5.27
600085,同仁堂,32.44,1.0277172220492006,0.3299999999999983,270286340.0,8343821,0,32.1,32.55,32.08,32.11
600088,中视传媒,16.9,2.3002421307505996,0.379999999999999,116986377.0,7013869,0,16.47,16.91,16.47,16.52
600089,特变电工,24.94,3.700623700623703,0.8900000000000006,7778074033.0,311455910,0,24.03,25.6,23.88,24.05
600094,大名城,4.57,1.555555555555562,0.07000000000000028,348395112.0,75393050,0,4.46,4.76,4.46,4.5
600095,湘财股份,11.46,0.9691629955947243,0.11000000000000121,437726050.0,38274419,0,11.35,11.54,11.32,11.35
600096,云天化,34.6,-0.2881844380403499,-0.10000000000000142,1544750796.0,44788912,0,34.5,34.97,33.98,34.7
600097,开创国际,11.85,1.282051282051285,0.15000000000000036,141964428.0,12048200,0,11.68,11.92,11.64,11.7
600098,广州发展,6.71,1.3595166163141972,0.08999999999999986,168447700.0,25073251,0,6.67,6.79,6.66,6.62
600099,林海股份,10.45,0.38424591738711955,0.03999999999999915,35870326.0,3440200,0,10.4,10.52,10.34,10.41
600100,同方股份,9.32,0.7567567567567599,0.07000000000000028,1013521337.0,108784500,0,9.28,9.49,9.16,9.25
600101,明星电力,9.54,0.7391763463569008,0.06999999999999851,149550009.0,15746154,0,9.47,9.55,9.42,9.47
600103,青山纸业,4.24,1.1933174224343632,0.04999999999999982,782532912.0,186482003,0,4.17,4.25,4.13,4.19
600104,上汽集团,15.4,0.1951854261548545,0.030000000000001137,1101693825.0,71233616,0,15.41,15.66,15.34,15.37
600105,永鼎股份,30.2,7.857142857142854,2.1999999999999993,7401105889.0,256190150,0,27.5,30.68,27.01,28.0
600106,重庆路桥,6.47,1.4106583072100292,0.08999999999999986,179999227.0,27822767,0,6.39,6.52,6.35,6.38
600107,ST尔雅,6.82,1.639344262295087,0.11000000000000032,44688688.0,6572556,0,6.72,6.99,6.65,6.71
600108,亚盛集团,3.53,7.621951219512195,0.25,705459452.0,198287544,0,3.3,3.61,3.28,3.28
600109,国金证券,9.49,0.6362672322375451,0.0600000000000005,357809194.0,37778192,0,9.44,9.53,9.42,9.43
600110,诺德股份,7.48,-0.795755968169756,-0.05999999999999961,568098619.0,75789907,0,7.51,7.58,7.43,7.54
600111,北方稀土,49.41,1.4370765756518082,0.6999999999999957,7136097571.0,143999645,0,48.5,50.17,48.33,48.71
600113,浙江东日,62.35,0.6131999354526425,0.38000000000000256,337754550.0,5381013,0,61.99,64.28,61.3,61.97
600114,东睦股份,31.26,1.5264696329977343,0.4700000000000024,470801331.0,15090057,0,30.82,31.56,30.63,30.79
600115,中国东航,5.98,-3.2362459546925453,-0.1999999999999993,777856361.0,130340679,0,6.14,6.14,5.86,6.18
600116,三峡水利,6.53,0.30721966205837886,0.020000000000000462,71949882.0,11029303,0,6.52,6.54,6.5,6.51
600117,西宁特钢,2.94,0.34129692832763775,0.009999999999999787,81788880.0,27879601,0,2.92,2.97,2.91,2.93
600118,中国卫星,106.05,3.9705882352941146,4.049999999999997,16320826556.0,155047508,0,103.78,109.0,101.0,102.0
600119,长江投资,7.93,0.12626262626262355,0.009999999999999787,47537230.0,5998200,0,7.89,7.97,7.89,7.92
600120,XD浙江东,6.92,1.6152716593245278,0.11000000000000032,1331556732.0,191920430,0,6.75,7.06,6.75,6.81
600121,郑州煤电,4.52,-1.094091903719928,-0.05000000000000071,291909582.0,64845009,0,4.5,4.55,4.45,4.57
600123,兰花科创,6.16,0.48939641109298937,0.03000000000000025,99933574.0,16254283,0,6.09,6.18,6.09,6.13
600125,铁龙物流,6.41,-0.1557632398753861,-0.009999999999999787,121304237.0,18979984,0,6.42,6.44,6.35,6.42
600126,杭钢股份,8.73,2.4647887323943762,0.21000000000000085,598135241.0,68752223,0,8.51,8.78,8.5,8.52
600127,金健米业,6.78,0.14771048744461857,0.010000000000000675,139997041.0,20660558,0,6.75,6.8,6.75,6.77
600128,苏豪弘业,11.34,1.795332136445236,0.1999999999999993,87683680.0,7801509,0,11.17,11.36,11.12,11.14
600129,太极集团,18.64,0.7567567567567599,0.14000000000000057,172121505.0,9278229,0,18.5,18.66,18.37,18.5
600130,*ST波导,4.26,0.0,0.0,54553423.0,12806200,0,4.27,4.31,4.23,4.26
600131,国网信通,16.97,0.47365304914149375,0.0799999999999983,192441713.0,11364357,0,16.89,17.04,16.8,16.89
600132,重庆啤酒,52.39,0.32554576790502054,0.1700000000000017,108319551.0,2070900,0,52.2,52.44,52.12,52.22
600133,东湖高新,10.66,9.896907216494855,0.9600000000000009,1458808825.0,138242671,0,9.63,10.67,9.62,9.7
600135,乐凯胶片,11.87,-6.6823899371069295,-0.8500000000000014,1380842415.0,110145238,0,13.48,13.48,11.75,12.72
600136,ST明诚,1.71,0.5882352941176475,0.010000000000000009,18157655.0,10679000,0,1.7,1.71,1.69,1.7
600137,浪莎股份,19.25,0.8381351492928242,0.16000000000000014,45843177.0,2390600,0,19.09,19.32,18.99,19.09
600138,中青旅,9.98,1.114488348530914,0.11000000000000121,343910566.0,34726245,0,9.87,10.01,9.83,9.87
600141,兴发集团,37.46,0.026702269692918588,0.00999999999999801,1073644225.0,28826415,0,37.0,37.85,36.48,37.45
600143,金发科技,20.92,9.989484752891704,1.9000000000000021,5948064635.0,288128164,0,19.33,20.92,19.33,19.02
600148,长春一东,20.21,1.4558232931726862,0.28999999999999915,58565403.0,2910356,0,19.94,20.38,19.9,19.92
600149,廊坊发展,5.2,0.0,0.0,37128725.0,7144400,0,5.2,5.24,5.14,5.2
600150,中国船舶,35.77,-0.30657748049052236,-0.10999999999999943,3558543798.0,99266390,0,35.95,36.23,35.5,35.88
600151,航天机电,20.72,1.8181818181818057,0.36999999999999744,6226494919.0,293423174,0,21.5,22.2,20.39,20.35
600152,维科技术,7.55,1.2064343163538855,0.08999999999999986,198087607.0,26544205,0,7.47,7.56,7.35,7.46
600153,建发股份,9.43,0.31914893617020595,0.02999999999999936,225033424.0,23888705,0,9.39,9.46,9.36,9.4
600155,华创云信,6.88,0.7320644216691043,0.04999999999999982,223206081.0,32575527,0,6.83,6.9,6.8,6.83
600156,华升股份,8.2,0.8610086100860824,0.06999999999999851,72928781.0,8945750,0,8.18,8.2,8.1,8.13
600157,永泰能源,1.67,-1.1834319526627228,-0.020000000000000018,1560692056.0,927591368,0,1.69,1.71,1.66,1.69
600158,中体产业,8.9,1.5981735159817416,0.14000000000000057,242982481.0,27552167,0,8.75,8.9,8.74,8.76
600159,大龙地产,2.83,0.0,0.0,41174655.0,14580400,0,2.82,2.85,2.8,2.83
600160,巨化股份,37.81,-0.3426462836056812,-0.12999999999999545,877355808.0,23246421,0,37.87,38.07,37.33,37.94
600161,天坛生物,17.05,0.8279124778237763,0.14000000000000057,174857083.0,10270277,0,16.93,17.12,16.88,16.91
600162,香江控股,1.9,-0.5235602094240842,-0.010000000000000009,93368097.0,49287828,0,1.9,1.93,1.87,1.91
600163,中闽能源,5.53,-0.18050541516245103,-0.009999999999999787,152679638.0,27663032,0,5.51,5.56,5.47,5.54
600165,*ST宁科,4.05,-0.49140049140050274,-0.020000000000000462,34226640.0,8437671,0,4.06,4.1,4.03,4.07
600166,福田汽车,2.91,0.6920415224913501,0.020000000000000018,293611426.0,101261896,0,2.88,2.92,2.88,2.89
600167,联美控股,7.36,1.3774104683195665,0.10000000000000053,131530829.0,17947402,0,7.3,7.37,7.26,7.26
600168,武汉控股,5.17,0.3883495145630985,0.019999999999999574,53582953.0,10373962,0,5.17,5.19,5.15,5.15
600169,ST太重,2.45,0.0,0.0,274767611.0,109946199,0,2.5,2.57,2.43,2.45
600170,上海建工,2.72,-0.3663003663003585,-0.009999999999999787,487769513.0,178801132,0,2.74,2.75,2.71,2.73
600171,上海贝岭,32.76,0.4599816007359662,0.14999999999999858,613782150.0,18779443,0,32.62,32.85,32.42,32.61
600172,黄河旋风,6.38,-1.996927803379415,-0.1299999999999999,1511710941.0,234731846,0,6.66,6.75,6.3,6.51
600173,卧龙新能,7.38,-0.4048582995951451,-0.03000000000000025,88093426.0,11973084,0,7.41,7.46,7.29,7.41
600176,中国巨石,17.71,0.9116809116809125,0.16000000000000014,944032140.0,53185338,0,17.51,18.05,17.35,17.55
600177,雅戈尔,7.53,0.5340453938584784,0.040000000000000036,135755655.0,18063519,0,7.48,7.55,7.48,7.49
600178,东安动力,13.03,0.7733952049497266,0.09999999999999964,162747067.0,12536600,0,12.96,13.1,12.9,12.93
600179,安通控股,5.15,0.5859375000000049,0.03000000000000025,524101151.0,102038561,0,5.11,5.18,5.1,5.12
600180,瑞茂通,3.62,-0.5494505494505499,-0.020000000000000018,63860685.0,17602972,0,3.63,3.66,3.6,3.64
600182,S佳通,15.2,-0.0657462195923837,-0.010000000000001563,49225563.0,3243100,0,15.18,15.25,15.1,15.21
600183,生益科技,70.62,-1.147816349384089,-0.8199999999999932,3002134530.0,43021249,0,70.0,71.41,67.92,71.44
600184,光电股份,20.52,-0.869565217391303,-0.17999999999999972,592894430.0,28860809,0,20.78,20.9,20.24,20.7
600185,珠免集团,6.69,0.9049773755656184,0.0600000000000005,261142276.0,39169089,0,6.62,6.71,6.61,6.63
600186,莲花控股,6.2,1.3071895424836613,0.08000000000000007,506713256.0,81443418,0,6.09,6.31,6.06,6.12
600187,国中水务,2.56,0.0,0.0,65173676.0,25484736,0,2.56,2.58,2.54,2.56
600188,兖矿能源,14.25,0.0,0.0,575886951.0,40547129,0,14.11,14.31,14.0,14.25
600189,泉阳泉,7.05,0.1420454545454515,0.009999999999999787,77763676.0,11060074,0,7.02,7.08,7.0,7.04
600190,退市锦港,0.63,0.0,0.0,0.0,0,0,0.0,0.0,0.0,0.63
600191,华资实业,12.5,0.48231511254019693,0.0600000000000005,86383632.0,6935516,0,12.42,12.55,12.35,12.44
600192,长城电工,10.45,-0.5708848715509087,-0.0600000000000005,366199943.0,34982692,0,10.69,10.73,10.29,10.51
600193,*ST创兴,3.89,0.7772020725388666,0.03000000000000025,23306985.0,6025782,0,3.84,3.9,3.84,3.86
600195,中牧股份,8.1,1.2499999999999956,0.09999999999999964,111107735.0,13811768,0,8.01,8.14,7.96,8.0
600196,复星医药,27.65,0.7285974499089227,0.1999999999999993,492106859.0,17830537,0,27.45,27.75,27.4,27.45
600197,伊力特,13.96,0.43165467625899634,0.0600000000000005,48804328.0,3499780,0,13.89,13.98,13.88,13.9
600198,大唐电信,10.63,-2.566452795600361,-0.27999999999999936,1275698136.0,119313243,0,10.71,10.96,10.51,10.91
600199,金种子酒,9.77,0.20512820512820074,0.019999999999999574,86411459.0,8845300,0,9.77,9.83,9.72,9.75
600200,退市苏吴,0.29,0.0,0.0,0.0,0,0,0.0,0.0,0.0,0.29
600201,生物股份,17.4,4.756170981336539,0.7899999999999991,1179138813.0,68393316,0,16.92,17.56,16.7,16.61
600202,哈空调,5.93,0.8503401360544187,0.04999999999999982,53701867.0,9120614,0,5.86,5.94,5.83,5.88
600203,福日电子,13.5,1.1235955056179803,0.15000000000000036,478374002.0,35554803,0,13.35,13.59,13.32,13.35
600206,有研新材,22.05,1.2861736334405196,0.28000000000000114,791180018.0,35930408,0,21.77,22.18,21.65,21.77
600207,安彩高科,4.93,-0.6048387096774244,-0.03000000000000025,137090341.0,27838896,0,4.96,4.99,4.86,4.96
600208,衢州发展,4.11,1.7326732673267398,0.07000000000000028,373031722.0,91459061,0,4.05,4.13,4.02,4.04
600210,紫江企业,7.57,0.933333333333337,0.07000000000000028,188056364.0,24891200,0,7.51,7.62,7.49,7.5
600211,西藏药业,44.96,2.2050466015003383,0.9699999999999989,217865568.0,4913466,0,43.98,44.98,43.81,43.99
600212,绿能慧充,8.08,0.0,0.0,137431899.0,17014424,0,8.05,8.12,8.02,8.08
600215,派斯林,8.46,10.013003901170357,0.7700000000000005,611791074.0,73456657,0,8.46,8.46,7.87,7.69
600216,浙江医药,14.05,0.6446991404011451,0.08999999999999986,155224297.0,11096264,0,13.97,14.07,13.92,13.96
600217,中再资环,4.19,0.23923444976078173,0.010000000000000675,94548355.0,22613031,0,4.18,4.22,4.15,4.18
600218,全柴动力,10.65,-0.4672897196261583,-0.049999999999998934,197273595.0,18488200,0,10.64,10.87,10.55,10.7
600219,南山铝业,5.85,1.9163763066201993,0.10999999999999943,1630759667.0,279453041,0,5.72,5.89,5.72,5.74
600221,海航控股,1.73,-0.5747126436781614,-0.010000000000000009,771002343.0,445765469,0,1.73,1.75,1.72,1.74
600222,XD太龙药,6.74,-0.4431314623338163,-0.02999999999999936,146633621.0,21752252,0,6.8,6.84,6.69,6.77
600223,福瑞达,7.53,1.756756756756755,0.1299999999999999,109035782.0,14563136,0,7.41,7.53,7.4,7.4
600226,亨通股份,5.83,3.552397868561282,0.20000000000000018,635964724.0,111079970,0,5.64,5.88,5.51,5.63
600227,赤天化,2.45,0.0,0.0,65792385.0,26915500,0,2.44,2.46,2.43,2.45
600228,*ST返利,5.74,-1.2048192771084234,-0.0699999999999994,62922028.0,10930853,0,5.8,5.86,5.68,5.81
600229,城市传媒,6.64,2.6275115919629046,0.16999999999999993,42745088.0,6512695,0,6.48,6.64,6.47,6.47
600230,沧州大化,15.2,-3.1230082855321877,-0.4900000000000002,302755943.0,19778806,0,15.65,15.89,15.11,15.69
600231,凌钢股份,2.15,-0.4629629629629736,-0.010000000000000231,49636472.0,23028049,0,2.15,2.2,2.14,2.16
600232,金鹰股份,8.33,-2.2300469483568017,-0.1899999999999995,129245942.0,15363692,0,8.52,8.68,8.26,8.52
600233,圆通速递,16.55,0.3638568829593832,0.060000000000002274,180588475.0,10948247,0,16.53,16.63,16.37,16.49
600234,科新发展,12.59,-0.47430830039526084,-0.0600000000000005,35347211.0,2807688,0,12.68,12.72,12.5,12.65
600235,民丰特纸,6.86,0.14598540145986388,0.010000000000000675,43720334.0,6443800,0,6.84,6.86,6.71,6.85
600236,桂冠电力,8.12,-0.4901960784313838,-0.040000000000000924,143451598.0,17847319,0,8.14,8.16,7.94,8.16
600237,铜峰电子,9.6,0.2087682672233776,0.019999999999999574,557759331.0,58514858,0,9.5,9.73,9.35,9.58
600238,*ST椰岛,6.33,0.7961783439490419,0.04999999999999982,38344979.0,6101950,0,6.28,6.33,6.23,6.28
600239,云南城投,2.4,-0.4149377593361091,-0.010000000000000231,56736879.0,23657747,0,2.4,2.41,2.38,2.41
600241,时代万恒,8.47,0.713436385255654,0.0600000000000005,54316504.0,6459370,0,8.41,8.49,8.31,8.41
600243,*ST海华,4.9,-3.1620553359683647,-0.15999999999999925,46053478.0,9300600,0,5.09,5.09,4.88,5.06
600246,万通发展,12.88,2.7932960893854863,0.3500000000000014,1351217514.0,107126898,0,12.42,13.02,12.21,12.53
600248,陕建股份,3.61,0.5571030640668528,0.020000000000000018,51111124.0,14198000,0,3.61,3.61,3.58,3.59
600249,两面针,5.88,1.0309278350515396,0.05999999999999961,69756432.0,11951503,0,5.85,5.88,5.79,5.82
600250,南京商旅,11.77,1.4655172413793098,0.16999999999999993,237892172.0,20332702,0,11.58,11.78,11.54,11.6
600251,冠农股份,9.49,0.52966101694916,0.05000000000000071,82755878.0,8713118,0,9.42,9.59,9.42,9.44
600252,中恒集团,2.77,-0.35971223021581966,-0.009999999999999787,131715681.0,47576188,0,2.77,2.79,2.74,2.78
600255,鑫科材料,4.02,-0.24813895781639392,-0.010000000000000675,344851419.0,85944274,0,4.03,4.05,3.98,4.03
600256,广汇能源,5.01,0.4008016032064043,0.019999999999999574,289671318.0,57853332,0,5.01,5.03,4.99,4.99
600257,大湖股份,7.4,2.493074792243776,0.1800000000000006,286347845.0,39408994,0,7.24,7.51,7.03,7.22
600258,首旅酒店,17.02,-0.2929115407147083,-0.05000000000000071,290618242.0,17080052,0,17.01,17.28,16.82,17.07
600259,中稀有色,64.22,6.412593206296599,3.8699999999999974,1628180969.0,25547946,0,60.0,64.97,59.95,60.35
600261,阳光照明,3.43,0.5865102639296192,0.020000000000000018,58875847.0,17174566,0,3.41,3.45,3.4,3.41
600262,北方股份,27.97,0.7202016564638074,0.1999999999999993,121755956.0,4361200,0,27.74,28.25,27.59,27.77
600265,ST景谷,19.53,-1.9578313253012076,-0.39000000000000057,16093641.0,818700,0,19.92,19.92,19.48,19.92
600266,城建发展,6.82,1.0370370370370412,0.07000000000000028,2953298214.0,428010730,0,7.13,7.3,6.45,6.75
600267,海正药业,10.66,1.620591039084842,0.16999999999999993,177613173.0,16810443,0,10.49,10.66,10.44,10.49
600268,国电南自,11.36,1.610017889087654,0.17999999999999972,346053974.0,30540668,0,11.18,11.43,11.13,11.18
600269,赣粤高速,5.21,0.579150579150584,0.03000000000000025,68949020.0,13241639,0,5.19,5.23,5.18,5.18
600271,航天信息,12.86,2.3885350318471255,0.29999999999999893,2949312618.0,229034340,0,12.53,13.43,12.29,12.56
600272,开开实业,14.31,0.9880028228652122,0.14000000000000057,117235311.0,8256701,0,14.2,14.32,14.04,14.17
600273,嘉化能源,9.45,-0.630914826498428,-0.0600000000000005,262182940.0,27840850,0,9.5,9.51,9.32,9.51
600276,恒瑞医药,63.78,0.28301886792452785,0.17999999999999972,2709908741.0,42635753,0,63.58,64.2,62.8,63.6
600278,东方创业,7.85,0.7702182284980694,0.05999999999999961,69514796.0,8899611,0,7.83,7.87,7.74,7.79
600279,重庆港,5.49,-0.18181818181817794,-0.009999999999999787,67646641.0,12335800,0,5.51,5.52,5.46,5.5
600280,中央商场,4.32,4.347826086956537,0.1800000000000006,591833803.0,139259978,0,4.1,4.39,4.07,4.14
600281,华阳新材,6.19,1.3093289689034382,0.08000000000000007,104412347.0,16900500,0,6.14,6.22,6.11,6.11
600282,南钢股份,5.52,1.2844036697247594,0.0699999999999994,535895084.0,95534102,0,5.68,5.93,5.47,5.45
600283,钱江水利,9.65,2.008456659619445,0.1899999999999995,151081017.0,15828880,0,9.44,9.68,9.4,9.46
600284,浦东建设,9.3,5.922551252847396,0.5200000000000014,558113828.0,60113218,0,8.85,9.54,8.85,8.78
600285,羚锐制药,21.28,0.04701457451810796,0.010000000000001563,160499585.0,7567804,0,21.25,21.36,21.06,21.27
600287,苏豪时尚,5.65,0.8928571428571557,0.05000000000000071,25137263.0,4459684,0,5.6,5.67,5.59,5.6
600288,大恒科技,15.65,0.5138086062941559,0.08000000000000007,160790554.0,10315107,0,15.57,15.68,15.46,15.57
600289,ST信通,6.89,-0.7204610951008747,-0.05000000000000071,38390666.0,5500001,0,6.87,7.09,6.87,6.94
600292,远达环保,14.0,5.820105820105817,0.7699999999999996,507658876.0,36891850,0,13.3,14.01,13.29,13.23
600293,三峡新材,3.23,-0.9202453987730002,-0.029999999999999805,104118499.0,32287100,0,3.26,3.26,3.19,3.26
600295,鄂尔多斯,15.8,2.530824140168725,0.39000000000000057,486684625.0,31955903,0,15.39,15.8,14.91,15.41
600298,安琪酵母,44.36,-0.9821428571428521,-0.4399999999999977,268760812.0,6055444,0,44.7,44.99,43.97,44.8
600299,安迪苏,9.11,0.3303964757709181,0.02999999999999936,57514370.0,6322110,0,9.08,9.13,9.04,9.08
600300,维维股份,3.66,3.3898305084745792,0.1200000000000001,244809860.0,67953313,0,3.54,3.68,3.52,3.54
600301,华锡有色,42.29,7.745222929936303,3.039999999999999,685017129.0,16483930,0,38.88,43.11,38.76,39.25
600302,标准股份,11.21,2.1877848678213327,0.2400000000000002,194804846.0,17703601,0,10.97,11.3,10.73,10.97
600303,曙光股份,3.3,-0.3021148036253846,-0.010000000000000231,66075922.0,20050001,0,3.34,3.34,3.26,3.31
600305,恒顺醋业,7.97,0.1256281407035149,0.009999999999999787,69141329.0,8685267,0,7.96,7.99,7.92,7.96
600307,酒钢宏兴,1.76,0.0,0.0,152827134.0,86828702,0,1.76,1.8,1.74,1.76
600308,华泰股份,3.9,0.0,0.0,95256834.0,24454118,0,3.91,3.92,3.87,3.9
600309,万华化学,79.35,-0.42665328146568376,-0.3400000000000034,2643914244.0,33361851,0,80.0,80.61,78.41,79.69
600310,广西能源,3.85,0.0,0.0,65273275.0,16980160,0,3.84,3.86,3.82,3.85
600312,平高电气,18.99,0.7427055702917613,0.13999999999999702,505227247.0,26549385,0,18.85,19.25,18.75,18.85
600313,农发种业,6.61,1.6923076923076972,0.11000000000000032,322088599.0,49041584,0,6.5,6.61,6.49,6.5
600315,上海家化,23.36,0.8635578583765081,0.1999999999999993,122814812.0,5287704,0,23.18,23.39,23.06,23.16
600316,洪都航空,38.96,3.0960571579783056,1.1700000000000017,1465880875.0,37785559,0,38.77,39.44,37.9,37.79
600318,新力金融,9.26,1.6465422612513763,0.15000000000000036,234605041.0,25413326,0,9.1,9.3,9.09,9.11
600319,亚星化学,8.95,-0.6659267480577191,-0.0600000000000005,60639338.0,6794700,0,8.96,9.04,8.85,9.01
600320,振华重工,5.3,2.5145067698259167,0.1299999999999999,591611221.0,112118297,0,5.19,5.39,5.16,5.17
600322,津投城开,2.39,0.4201680672269005,0.010000000000000231,43135491.0,18040723,0,2.38,2.41,2.38,2.38
600323,瀚蓝环境,28.13,-0.530410183875538,-0.15000000000000213,178297457.0,6342356,0,28.28,28.3,28.01,28.28
600325,华发股份,4.43,0.45351473922901525,0.019999999999999574,141163019.0,32014465,0,4.4,4.44,4.37,4.41
600326,西藏天路,11.29,0.08865248226950166,0.009999999999999787,362477236.0,32165534,0,11.28,11.34,11.19,11.28
600327,大东方,5.07,0.19762845849803706,0.010000000000000675,157060625.0,31064738,0,5.05,5.08,5.03,5.06
600328,中盐化工,8.46,-0.704225352112661,-0.05999999999999872,181688913.0,21444042,0,8.5,8.55,8.41,8.52
600329,达仁堂,47.57,1.8193493150684963,0.8500000000000014,239218388.0,5051961,0,46.7,47.58,46.5,46.72
600330,天通股份,13.93,-1.8322762508809005,-0.2599999999999998,2143703212.0,152622979,0,13.95,14.39,13.77,14.19
600331,宏达股份,12.63,1.4457831325301325,0.1800000000000015,762217027.0,60476640,0,12.43,12.72,12.41,12.45
600332,白云山,25.32,1.1182108626198128,0.28000000000000114,482355736.0,19117707,0,25.11,25.33,25.08,25.04
600333,长春燃气,5.7,0.35211267605634616,0.020000000000000462,109097765.0,19246709,0,5.65,5.72,5.62,5.68
600335,国机汽车,6.54,0.6153846153846159,0.040000000000000036,137841633.0,21154431,0,6.5,6.55,6.46,6.5
600336,澳柯玛,8.31,-0.4790419161676545,-0.03999999999999915,179466427.0,21646076,0,8.27,8.39,8.18,8.35
600337,美克家居,3.84,-10.070257611241212,-0.4299999999999997,307860135.0,76554200,0,4.27,4.27,3.84,4.27
600338,西藏珠峰,16.9,5.823418910457094,0.9299999999999979,1689573904.0,101347307,0,15.86,17.12,15.86,15.97
600339,中油工程,3.47,1.7595307917888579,0.06000000000000005,226048137.0,65319110,0,3.48,3.5,3.43,3.41
600340,华夏幸福,2.25,-1.746724890829696,-0.040000000000000036,481651064.0,214691381,0,2.22,2.28,2.22,2.29
600343,航天动力,46.4,-1.964927107542784,-0.9299999999999997,4477986572.0,93748333,0,47.33,49.88,45.8,47.33
600345,长江通信,39.97,7.7939590075512415,2.8900000000000006,1569333186.0,40545971,0,37.1,40.79,36.5,37.08
600346,恒力石化,23.22,-2.3959646910466597,-0.5700000000000003,812608444.0,34752693,0,24.0,24.25,22.88,23.79
600348,华阳股份,8.61,2.2565320665083077,0.1899999999999995,659386012.0,77003188,0,8.38,8.7,8.34,8.42
600350,山东高速,9.51,0.3164556962025249,0.02999999999999936,59542411.0,6282338,0,9.44,9.56,9.41,9.48
600351,亚宝药业,6.66,0.15037593984962083,0.009999999999999787,80318324.0,12076702,0,6.64,6.67,6.62,6.65
600352,浙江龙盛,11.28,0.08873114463176386,0.009999999999999787,263316120.0,23325465,0,11.34,11.41,11.23,11.27
600353,旭光电子,18.62,5.079006772009042,0.9000000000000021,1354024193.0,74599361,0,17.72,18.62,17.3,17.72
600354,敦煌种业,6.72,2.5954198473282433,0.16999999999999993,283958437.0,42480714,0,6.53,6.75,6.52,6.55
600355,*ST精伦,2.24,3.2258064516129163,0.07000000000000028,38835057.0,17554061,0,2.16,2.24,2.16,2.17
600356,恒丰纸业,8.85,0.3401360544217614,0.02999999999999936,53088187.0,6029400,0,8.79,8.85,8.76,8.82
600358,ST联合,5.96,-1.1608623548922103,-0.07000000000000028,70403829.0,11813844,0,5.97,6.02,5.92,6.03
600359,新农开发,7.5,0.9421265141319015,0.07000000000000028,74352273.0,9961560,0,7.4,7.58,7.4,7.43
600360,*ST华微,8.34,-0.5959475566150263,-0.05000000000000071,135430888.0,16257690,0,8.39,8.39,8.29,8.39
600361,创新新材,4.46,1.8264840182648419,0.08000000000000007,234907796.0,52783050,0,4.36,4.49,4.36,4.38
600362,江西铜业,56.5,2.671270216245682,1.4699999999999989,4134630753.0,73210842,0,54.19,57.98,54.0,55.03
600363,联创光电,73.33,2.4591309207768695,1.7600000000000051,2316668022.0,31809386,0,71.58,74.88,70.64,71.57
600365,ST通葡,3.25,0.0,0.0,18864115.0,5825500,0,3.25,3.25,3.22,3.25
600366,宁波韵升,14.72,2.721563154221916,0.39000000000000057,1151470871.0,78073173,0,14.43,14.97,14.4,14.33
600367,红星发展,18.65,3.668704836020012,0.6600000000000001,575000075.0,31185605,0,18.0,18.8,17.94,17.99
600368,五洲交通,3.96,0.0,0.0,47595373.0,12047442,0,3.95,3.96,3.94,3.96
600369,西南证券,4.56,0.8849557522123902,0.040000000000000036,208775323.0,45882456,0,4.53,4.6,4.51,4.52
600370,三房巷,2.52,-0.7874015748031503,-0.020000000000000018,156648750.0,62646420,0,2.55,2.55,2.48,2.54
600371,万向德农,8.98,0.8988764044943828,0.08000000000000007,52808186.0,5905176,0,8.91,8.98,8.88,8.9
600372,中航机载,15.51,0.6489292667099262,0.09999999999999964,5191297461.0,328888470,0,16.17,16.28,15.23,15.41
600373,中文传媒,9.58,2.350427350427357,0.22000000000000064,327474073.0,34590757,0,9.35,9.59,9.33,9.36
600375,汉马科技,6.15,0.49019607843137664,0.03000000000000025,205517528.0,33480166,0,6.11,6.18,6.08,6.12
600376,首开股份,6.28,0.9646302250803939,0.0600000000000005,1260973746.0,199757392,0,6.15,6.45,6.15,6.22
600377,宁沪高速,11.71,0.08547008547009884,0.010000000000001563,130824426.0,11216600,0,11.68,11.72,11.62,11.7
600378,昊华科技,35.56,3.946214557147037,1.3500000000000014,521589665.0,14946453,0,34.13,35.75,33.77,34.21
600379,宝光股份,12.16,0.3300330033003377,0.040000000000000924,64807652.0,5321001,0,12.13,12.3,12.05,12.12
600380,健康元,11.97,1.5267175572519212,0.1800000000000015,217204392.0,18304994,0,11.79,11.98,11.76,11.79
600381,*ST春天,3.96,-2.2222222222222188,-0.08999999999999986,36130064.0,9153903,0,3.85,4.04,3.85,4.05
600382,广东明珠,7.52,1.621621621621611,0.11999999999999922,128927649.0,17175759,0,7.37,7.66,7.36,7.4
600383,金地集团,3.22,-0.3095975232198076,-0.009999999999999787,385319195.0,120079377,0,3.22,3.25,3.18,3.23
600386,北巴传媒,4.47,0.9029345372460504,0.040000000000000036,46522991.0,10469555,0,4.42,4.47,4.4,4.43
600387,退市海越,0.94,0.0,0.0,0.0,0,0,0.0,0.0,0.0,0.94
600388,龙净环保,16.2,-0.7960808328230191,-0.129999999999999,170627108.0,10514370,0,16.32,16.36,16.16,16.33
600389,江山股份,24.46,-1.490132903745459,-0.36999999999999744,203717760.0,8320951,0,24.81,24.81,24.2,24.83
600390,五矿资本,5.87,2.4432809773123854,0.13999999999999968,425437010.0,72825953,0,5.74,5.9,5.73,5.73
600391,航发科技,44.4,6.398274622573692,2.6700000000000017,2087598019.0,47063928,0,41.7,45.9,41.69,41.73
600392,盛和资源,23.4,3.3112582781456954,0.75,2171663964.0,93230808,0,22.63,23.57,22.56,22.65
600395,盘江股份,4.94,1.437371663244359,0.07000000000000028,113280183.0,23019490,0,4.86,4.96,4.85,4.87
600396,华电辽能,2.93,0.6872852233676982,0.020000000000000018,35941228.0,12280500,0,2.92,2.94,2.91,2.91
600397,江钨装备,9.06,9.951456310679614,0.8200000000000003,397365631.0,44887636,0,8.18,9.06,8.18,8.24
600398,海澜之家,6.15,0.32626427406199776,0.020000000000000462,147746262.0,24095206,0,6.13,6.16,6.1,6.13
600399,抚顺特钢,6.49,2.204724409448828,0.14000000000000057,947926976.0,145219279,0,6.34,6.75,6.33,6.35
600400,红豆股份,2.48,-0.4016064257028205,-0.010000000000000231,118192502.0,47865744,0,2.48,2.49,2.45,2.49
600403,大有能源,8.1,-3.225806451612898,-0.2699999999999996,859133633.0,106568169,0,8.01,8.3,7.72,8.37
600405,动力源,5.71,3.442028985507254,0.1900000000000004,165291762.0,29058483,0,5.52,5.77,5.5,5.52
600406,国电南瑞,23.68,0.2964845404489635,0.07000000000000028,977943789.0,41159576,0,23.59,23.93,23.52,23.61
600408,安泰集团,4.46,-2.8322440087145946,-0.1299999999999999,713268090.0,159141418,0,4.55,4.59,4.42,4.59
600409,三友化工,6.56,0.3058103975535103,0.019999999999999574,423339216.0,64714453,0,6.55,6.65,6.41,6.54
600410,华胜天成,21.22,10.00518403317781,1.9299999999999997,5946715700.0,292401209,0,19.03,21.22,18.88,19.29
600415,小商品城,16.48,1.7912291537986358,0.28999999999999915,1129934133.0,68690883,0,16.11,16.62,16.07,16.19
600416,湘电股份,16.93,0.29620853080569143,0.05000000000000071,1618175323.0,94292225,0,17.13,17.69,16.86,16.88
600418,江淮汽车,50.53,1.1611611611611576,0.5799999999999983,2542394948.0,50766623,0,49.78,50.89,49.42,49.95
600419,天润乳业,9.94,0.20161290322580216,0.019999999999999574,45687263.0,4614690,0,9.93,9.95,9.86,9.92
600420,国药现代,10.59,1.2428298279158603,0.129999999999999,150132827.0,14265400,0,10.45,10.6,10.43,10.46
600421,*ST华嵘,7.13,-0.2797202797202862,-0.020000000000000462,16956098.0,2363400,0,7.15,7.24,7.11,7.15
600422,昆药集团,12.9,-0.46296296296296674,-0.0600000000000005,87128646.0,6763896,0,12.97,12.97,12.81,12.96
600423,柳化股份,3.79,0.0,0.0,39713557.0,10523642,0,3.8,3.81,3.74,3.79
600425,青松建化,4.33,-0.459770114942519,-0.019999999999999574,107521026.0,24823197,0,4.37,4.37,4.3,4.35
600426,华鲁恒升,33.26,0.48338368580059393,0.1599999999999966,543107508.0,16423097,0,33.07,33.58,32.4,33.1
600428,中远海特,7.13,0.7062146892655342,0.04999999999999982,224128150.0,31573673,0,7.08,7.17,7.02,7.08
600429,三元股份,5.24,0.5758157389635364,0.03000000000000025,145679180.0,27948700,0,5.22,5.24,5.18,5.21
600433,冠豪高新,3.27,0.0,0.0,72205204.0,22181008,0,3.26,3.28,3.23,3.27
600435,北方导航,20.68,-1.850972947318465,-0.39000000000000057,5609639644.0,265987754,0,20.56,22.12,20.36,21.07
600436,片仔癀,172.01,0.16887957139529003,0.28999999999999204,381449801.0,2215577,0,171.72,173.3,171.34,171.72
600438,通威股份,20.83,-3.8319482917820955,-0.8300000000000018,3290765405.0,157342481,0,21.0,21.26,20.7,21.66
600439,瑞贝卡,2.84,0.7092198581560291,0.020000000000000018,57580863.0,20357640,0,2.82,2.84,2.81,2.82
600444,国机通用,19.66,1.3402061855670184,0.26000000000000156,155927323.0,8022950,0,19.23,19.68,19.18,19.4
600446,金证股份,16.71,1.5805471124620156,0.26000000000000156,428498847.0,25759521,0,16.4,16.77,16.39,16.45
600448,华纺股份,3.21,0.0,0.0,50780658.0,15816728,0,3.21,3.23,3.18,3.21
600449,宁夏建材,12.6,0.07942811755361229,0.009999999999999787,61216385.0,4869314,0,12.59,12.62,12.53,12.59
600452,涪陵电力,9.68,0.3108808290155374,0.02999999999999936,273835200.0,28320666,0,9.62,9.8,9.59,9.65
600455,博通股份,26.83,1.6672982190223482,0.4399999999999977,54750762.0,2052340,0,26.45,26.91,26.36,26.39
600456,宝钛股份,40.12,0.9816259753335027,0.39000000000000057,1589433772.0,39404730,0,40.23,41.41,39.43,39.73
600458,时代新材,14.14,0.9279086366880857,0.13000000000000078,275273321.0,19461828,0,14.09,14.26,14.01,14.01
600459,贵研铂业,21.57,5.219512195121952,1.0700000000000003,1572929957.0,74046084,0,20.5,22.15,20.36,20.5
600460,士兰微,29.58,0.33921302578018275,0.09999999999999787,1207049572.0,40856274,0,29.38,29.75,29.31,29.48
600461,洪城环境,9.35,0.4296455424274881,0.03999999999999915,75535095.0,8115151,0,9.31,9.37,9.26,9.31
600462,退市九有,0.21,0.0,0.0,0.0,0,0,0.0,0.0,0.0,0.21
600463,空港股份,11.24,-0.08888888888888699,-0.009999999999999787,55184650.0,4877680,0,11.22,11.54,11.14,11.25
600467,好当家,2.72,1.8726591760299727,0.050000000000000266,280144247.0,103737217,0,2.66,2.75,2.66,2.67
600468,百利电气,8.14,1.4962593516209601,0.120000000000001,1397050887.0,172772096,0,8.02,8.29,7.88,8.02
600469,风神股份,6.56,-0.9063444108761405,-0.0600000000000005,67769041.0,10309663,0,6.61,6.67,6.52,6.62
600470,六国化工,6.18,-0.1615508885298978,-0.010000000000000675,102754059.0,16704323,0,6.19,6.21,6.09,6.19
600475,华光环能,21.39,2.3444976076555117,0.490000000000002,752844533.0,35221166,0,21.0,22.16,20.8,20.9
600476,湘邮科技,16.48,1.1042944785276054,0.17999999999999972,60404756.0,3686500,0,16.29,16.5,16.26,16.3
600477,杭萧钢构,3.6,10.091743119266058,0.33000000000000007,97055586.0,26959885,0,3.6,3.6,3.6,3.27
600478,科力远,7.28,2.8248587570621493,0.20000000000000018,498094285.0,69188103,0,7.06,7.28,7.03,7.08
600479,千金药业,10.31,0.38948393378774027,0.040000000000000924,62561516.0,6087355,0,10.28,10.31,10.22,10.27
600480,凌云股份,12.47,1.0534846029173484,0.13000000000000078,271988119.0,21866156,0,12.32,12.57,12.25,12.34
600481,双良节能,7.03,1.0057471264367857,0.07000000000000028,1347885196.0,191914144,0,6.82,7.32,6.71,6.96
600482,中国动力,23.53,-0.21204410517386413,-0.04999999999999716,951651222.0,40344276,0,23.63,23.85,23.33,23.58
600483,福能股份,9.49,0.10548523206750829,0.009999999999999787,160164912.0,16896303,0,9.47,9.52,9.43,9.48
600486,扬农化工,70.5,-0.648252536640352,-0.45999999999999375,271716306.0,3875666,0,70.96,70.98,69.3,70.96
600487,亨通光电,24.59,0.040683482506108884,0.010000000000001563,1961392436.0,79833338,0,24.48,24.91,24.15,24.58
600488,津药药业,4.18,0.966183574879228,0.040000000000000036,34640820.0,8334800,0,4.15,4.19,4.13,4.14
600489,中金黄金,24.93,2.804123711340205,0.6799999999999997,1775223771.0,71492148,0,24.31,25.15,24.27,24.25
600490,鹏欣资源,8.23,1.2300123001229968,0.09999999999999964,520052674.0,63240407,0,8.1,8.29,8.07,8.13
600491,龙元建设,3.1,6.896551724137938,0.20000000000000018,207753282.0,69066694,0,2.9,3.17,2.86,2.9
600493,凤竹纺织,7.41,0.2706359945872864,0.020000000000000462,115127210.0,15634700,0,7.39,7.52,7.26,7.39
600495,晋西车轴,4.96,0.20202020202019771,0.009999999999999787,97745626.0,19735958,0,4.96,4.98,4.92,4.95
600496,精工钢构,4.56,1.3333333333333246,0.05999999999999961,267114269.0,59059074,0,4.5,4.61,4.42,4.5
600497,驰宏锌锗,8.51,7.313997477931905,0.5800000000000001,2468188943.0,292415245,0,7.8,8.66,7.78,7.93
600498,烽火通信,38.93,3.8133333333333326,1.4299999999999997,8414941772.0,217589359,0,38.5,40.45,37.07,37.5
600499,科达制造,14.15,0.21246458923513553,0.030000000000001137,361546986.0,25526048,0,14.1,14.36,14.04,14.12
600500,中化国际,4.08,-0.24449877750610727,-0.009999999999999787,108252303.0,26511050,0,4.12,4.13,4.04,4.09
600501,航天晨光,36.59,6.676384839650165,2.2900000000000063,3585383075.0,102992762,0,34.01,37.68,33.3,34.3
600502,安徽建工,4.71,0.21276595744680396,0.009999999999999787,64615102.0,13735347,0,4.7,4.72,4.69,4.7
600503,华丽家族,2.76,0.3636363636363559,0.009999999999999787,84128912.0,30629508,0,2.75,2.77,2.72,2.75
600505,西昌电力,13.57,0.5930318754633066,0.08000000000000007,106177422.0,7853077,0,13.49,13.63,13.4,13.49
600506,统一股份,28.81,5.647231389805644,1.5399999999999991,1058470263.0,37594591,0,27.9,29.5,27.48,27.27
600507,方大特钢,5.94,0.0,0.0,160605428.0,27138994,0,5.93,6.01,5.87,5.94
600508,上海能源,12.51,1.9559902200489014,0.2400000000000002,102856426.0,8297562,0,12.19,12.51,12.18,12.27
600509,天富能源,8.78,-0.22727272727274261,-0.02000000000000135,418636011.0,47838758,0,8.76,8.83,8.6,8.8
600510,黑牡丹,8.96,0.11173184357543646,0.010000000000001563,79446682.0,8842400,0,8.94,9.06,8.92,8.95
600511,国药股份,29.13,0.17193947730399145,0.05000000000000071,145653699.0,5005835,0,29.09,29.17,28.96,29.08
600512,腾达建设,2.46,-0.40485829959515096,-0.010000000000000231,63210202.0,25804259,0,2.47,2.47,2.43,2.47
600513,联环药业,21.11,10.005211047420522,1.9199999999999982,619798571.0,30534549,0,19.04,21.11,19.01,19.19
600515,海南机场,4.91,0.0,0.0,748716168.0,152092426,0,4.9,4.97,4.88,4.91
600516,方大炭素,6.04,2.027027027027029,0.1200000000000001,694145861.0,115820063,0,5.93,6.06,5.9,5.92
600517,国网英大,6.34,1.4399999999999977,0.08999999999999986,282220148.0,44568198,0,6.26,6.39,6.25,6.25
600518,康美药业,1.94,0.0,0.0,326429168.0,168498464,0,1.94,1.95,1.93,1.94
600519,贵州茅台,1419.1,0.48148410394391805,6.7999999999999545,4243865418.0,2984774,0,1417.0,1428.6,1416.01,1412.3
600520,三佳科技,25.68,0.038955979742882785,0.00999999999999801,113728505.0,4433900,0,25.67,25.87,25.49,25.67
600521,华海药业,18.6,2.876106194690283,0.5200000000000031,806255210.0,43828585,0,18.11,18.88,17.98,18.08
600522,中天科技,18.48,1.4270032930845313,0.26000000000000156,2322353996.0,126199876,0,18.14,18.64,18.0,18.22
600523,贵航股份,16.54,1.6594960049170226,0.2699999999999996,300969002.0,18223263,0,16.32,17.0,16.17,16.27
600525,ST长园,3.98,-4.32692307692308,-0.18000000000000016,179014263.0,44317140,0,4.18,4.19,3.96,4.16
600526,菲达环保,5.43,0.9293680297397737,0.04999999999999982,58187439.0,10761800,0,5.37,5.43,5.36,5.38
600527,江南高纤,2.18,0.0,0.0,89796183.0,41356780,0,2.17,2.19,2.16,2.18
600528,中铁工业,8.41,0.23837902264600205,0.019999999999999574,141717753.0,16884454,0,8.39,8.43,8.34,8.39
600529,山东药玻,20.38,0.7912957467853617,0.16000000000000014,160332775.0,7881674,0,20.24,20.43,20.22,20.22
600530,交大昂立,6.77,1.9578313253012032,0.1299999999999999,85093134.0,12507805,0,6.65,6.98,6.64,6.64
600531,豫光金铅,12.77,1.1084718923198638,0.1399999999999988,1162268520.0,91675467,0,12.37,12.87,12.37,12.63
600533,栖霞建设,2.62,0.0,0.0,33549605.0,12782150,0,2.64,2.65,2.59,2.62
600535,天士力,15.31,0.19633507853403886,0.030000000000001137,145943320.0,9545762,0,15.28,15.33,15.23,15.28
600536,中国软件,47.5,0.44406851342778786,0.21000000000000085,788399637.0,16644385,0,47.02,47.57,47.02,47.29
600537,亿晶光电,3.89,-1.7676767676767637,-0.06999999999999984,531092924.0,137436382,0,3.88,3.93,3.77,3.96
600538,国发股份,6.4,1.5873015873015959,0.10000000000000053,78949980.0,12380700,0,6.31,6.5,6.23,6.3
600539,狮头股份,10.51,2.038834951456302,0.20999999999999908,53807706.0,5171501,0,10.3,10.59,10.18,10.3
600540,新赛股份,4.72,0.4255319148936079,0.019999999999999574,49787250.0,10594221,0,4.7,4.73,4.65,4.7
600543,莫高股份,5.59,0.5395683453237455,0.03000000000000025,39839362.0,7181700,0,5.56,5.6,5.46,5.56
600545,卓郎智能,2.65,0.3787878787878707,0.009999999999999787,54822926.0,20781400,0,2.65,2.66,2.62,2.64
600546,山煤国际,10.61,-0.46904315196998786,-0.05000000000000071,255896950.0,24104339,0,10.56,10.71,10.51,10.66
600547,山东黄金,43.76,5.751570807153203,2.3799999999999955,2350506919.0,54550076,0,41.0,44.12,40.95,41.38
600548,深高速,8.79,-0.22701475595915266,-0.02000000000000135,42094293.0,4790350,0,8.81,8.81,8.78,8.81
600549,厦门钨业,48.19,9.997717416115032,4.3799999999999955,3308448453.0,70025019,0,43.61,48.19,43.61,43.81
600550,保变电气,11.75,1.0318142734307756,0.11999999999999922,1758340388.0,148776619,0,11.7,12.18,11.61,11.63
600551,时代出版,8.48,1.0727056019070305,0.08999999999999986,74082566.0,8783135,0,8.4,8.5,8.38,8.39
600552,凯盛科技,13.91,2.4300441826215025,0.33000000000000007,1621262427.0,115212126,0,13.65,14.47,13.65,13.58
600556,天下秀,7.82,9.985935302390999,0.71,2273278159.0,303812083,0,7.1,7.82,7.06,7.11
600557,康缘药业,14.73,0.47748976807640026,0.07000000000000028,121947086.0,8315212,0,14.65,14.8,14.5,14.66
600558,大西洋,6.76,6.624605678233437,0.41999999999999993,568501979.0,86287984,0,6.35,6.78,6.29,6.34
600559,老白干酒,16.22,0.4334365325077417,0.07000000000000028,161340283.0,9959156,0,16.16,16.25,16.14,16.15
600560,金自天正,17.05,0.5899705014749347,0.10000000000000142,60113155.0,3541400,0,16.95,17.16,16.81,16.95
600561,江西长运,6.56,0.7680491551459266,0.04999999999999982,36795047.0,5635645,0,6.54,6.61,6.45,6.51
600562,国睿科技,32.45,3.6741214057508054,1.1500000000000021,1436260680.0,44804204,0,31.96,32.89,31.13,31.3
600563,法拉电子,108.05,1.2367656703832035,1.3199999999999932,436123418.0,4054342,0,106.26,108.49,106.08,106.73
600566,济川药业,26.17,0.19142419601837943,0.05000000000000071,105496519.0,4046883,0,26.12,26.18,25.97,26.12
600567,山鹰国际,1.7,0.5917159763313614,0.010000000000000009,176017794.0,103616191,0,1.7,1.71,1.69,1.69
600568,ST中珠,2.67,-2.1978021978021998,-0.06000000000000005,93498136.0,34358700,0,2.72,2.8,2.66,2.73
600569,安阳钢铁,2.37,0.42372881355933184,0.010000000000000231,70778021.0,29896845,0,2.36,2.39,2.34,2.36
600570,恒生电子,31.26,1.2305699481865369,0.38000000000000256,1483235354.0,47791655,0,30.86,31.28,30.69,30.88
600571,信雅达,16.61,3.7476577139287808,0.5999999999999979,412484180.0,25061144,0,16.5,16.66,16.18,16.01
600572,康恩贝,4.52,0.444444444444435,0.019999999999999574,140267405.0,31143981,0,4.5,4.52,4.48,4.5
600573,惠泉啤酒,11.93,0.0,0.0,107515967.0,9031544,0,11.89,12.0,11.84,11.93
600575,淮河能源,3.47,0.2890173410404691,0.010000000000000231,94400490.0,27232800,0,3.46,3.48,3.45,3.46
600576,祥源文旅,6.63,0.45454545454545836,0.03000000000000025,193154891.0,29282711,0,6.59,6.67,6.53,6.6
600577,精达股份,14.73,6.123919308357346,0.8499999999999996,2698861817.0,185353166,0,13.87,14.97,13.87,13.88
600578,京能电力,5.45,0.9259259259259226,0.04999999999999982,244025769.0,45158055,0,5.39,5.47,5.31,5.4
600579,中化装备,8.52,-0.35087719298246944,-0.030000000000001137,65532361.0,7666400,0,8.58,8.63,8.48,8.55
600580,卧龙电驱,48.22,2.2693531283138926,1.0700000000000003,5594620863.0,116004201,0,47.01,48.95,46.93,47.15
600581,八一钢铁,3.44,0.0,0.0,102091321.0,29735300,0,3.44,3.48,3.41,3.44
600582,天地科技,5.91,0.1694915254237252,0.009999999999999787,173782152.0,29455441,0,5.9,5.92,5.88,5.9
600583,海油工程,5.92,2.5996533795494,0.15000000000000036,617105934.0,105331662,0,5.88,5.98,5.77,5.77
600584,长电科技,41.18,5.643919958953317,2.200000000000003,5514654632.0,134851185,0,39.25,41.49,39.25,38.98
600585,海螺水泥,22.76,-0.6547359231776455,-0.14999999999999858,709979956.0,31160479,0,22.91,22.99,22.67,22.91
600586,金晶科技,6.1,0.16420361247947104,0.009999999999999787,302779791.0,49648325,0,6.13,6.23,5.99,6.09
600587,新华医疗,16.35,-0.9691096305269542,-0.16000000000000014,533545022.0,32606937,0,16.3,16.55,16.24,16.51
600588,用友网络,14.56,4.672897196261685,0.6500000000000004,1642488563.0,115334426,0,13.81,14.58,13.81,13.91
600589,大位科技,9.69,9.988649262202031,0.879999999999999,2852898354.0,302279292,0,9.17,9.69,8.91,8.81
600590,泰豪科技,10.39,0.0,0.0,915874202.0,88260896,0,10.38,10.56,10.24,10.39
600592,龙溪股份,26.98,-0.22189349112425563,-0.05999999999999872,958237046.0,35251953,0,27.2,27.65,26.78,27.04
600593,大连圣亚,43.24,2.6347021125089,1.1099999999999994,275582312.0,6430902,0,42.25,43.49,42.2,42.13
600594,益佰制药,4.15,-0.47961630695442625,-0.019999999999999574,65588140.0,15844600,0,4.19,4.19,4.1,4.17
600595,中孚实业,8.69,3.3293697978596835,0.27999999999999936,630986869.0,73291281,0,8.4,8.77,8.37,8.41
600596,新安股份,12.19,-3.4837688044338977,-0.4400000000000013,617323648.0,50448981,0,12.44,12.58,12.0,12.63
600597,光明乳业,8.17,0.24539877300612972,0.019999999999999574,69744400.0,8538222,0,8.16,8.21,8.14,8.15
600598,北大荒,15.74,2.540716612377854,0.39000000000000057,644236011.0,41014594,0,15.36,15.99,15.35,15.35
600599,*ST熊猫,8.49,-0.5854800936768025,-0.049999999999998934,77305925.0,9196182,0,8.16,8.79,8.16,8.54
600600,青岛啤酒,62.18,0.4523424878836852,0.28000000000000114,231558914.0,3727902,0,61.94,62.25,61.88,61.9
600601,方正科技,13.02,0.23094688221708512,0.02999999999999936,2540174985.0,196140606,0,13.0,13.17,12.63,12.99
600602,云赛智联,19.95,3.207449560269017,0.620000000000001,626367166.0,31698800,0,19.26,19.98,19.25,19.33
600603,广汇物流,6.65,0.9104704097116919,0.0600000000000005,80069619.0,12110248,0,6.59,6.67,6.55,6.59
600604,市北高新,6.14,1.655629139072842,0.09999999999999964,277465774.0,45070354,0,6.12,6.29,6.04,6.04
600605,汇通能源,30.63,1.4910536779324033,0.4499999999999993,74917751.0,2449940,0,30.13,31.0,30.11,30.18
600606,绿地控股,1.71,0.5882352941176475,0.010000000000000009,163636674.0,96234699,0,1.7,1.72,1.68,1.7
600608,*ST沪科,3.58,0.2801120448179336,0.010000000000000231,12135969.0,3402722,0,3.57,3.62,3.51,3.57
600609,金杯汽车,4.62,0.0,0.0,88170735.0,19087034,0,4.61,4.64,4.6,4.62
600610,中毅达,10.31,0.38948393378774027,0.040000000000000924,223161547.0,21762720,0,10.25,10.34,10.17,10.27
600611,大众交通,5.91,0.0,0.0,333942911.0,56515539,0,5.88,5.94,5.86,5.91
600612,老凤祥,46.0,0.15240583496625362,0.07000000000000028,105967328.0,2308671,0,45.95,46.05,45.65,45.93
600613,神奇制药,6.27,0.6420545746388306,0.03999999999999915,51219850.0,8250882,0,6.22,6.27,6.15,6.23
600615,鑫源智造,11.79,-0.33812341504649973,-0.040000000000000924,40557176.0,3434759,0,11.8,11.98,11.7,11.83
600616,金枫酒业,5.41,0.37105751391466535,0.020000000000000462,57353406.0,10629229,0,5.4,5.43,5.36,5.39
600617,国新能源,3.24,0.6211180124223608,0.020000000000000018,98957281.0,30691683,0,3.22,3.24,3.19,3.22
600618,氯碱化工,12.95,-0.30792917628946054,-0.040000000000000924,250722557.0,19330196,0,12.99,13.08,12.89,12.99
600619,海立股份,21.9,1.1080332409972227,0.23999999999999844,800725680.0,36643417,0,21.67,21.99,21.62,21.66
600620,天宸股份,7.2,-0.8264462809917302,-0.05999999999999961,140479586.0,19385565,0,7.26,7.41,7.14,7.26
600621,华鑫股份,16.3,4.621309370988451,0.7200000000000006,885357743.0,54278578,0,15.59,16.88,15.58,15.58
600622,光大嘉宝,2.97,-0.3355704697986506,-0.009999999999999787,142514380.0,48119957,0,2.97,3.0,2.93,2.98
600623,华谊集团,7.96,-0.37546933667084165,-0.03000000000000025,117784505.0,14797700,0,8.03,8.07,7.89,7.99
600624,ST复华,5.39,-0.3696857670979753,-0.020000000000000462,55949449.0,10402941,0,5.41,5.41,5.34,5.41
600626,申达股份,5.03,-0.19841269841269418,-0.009999999999999787,156625320.0,31286311,0,4.99,5.06,4.95,5.04
600628,新世界,8.48,1.9230769230769247,0.16000000000000014,310700640.0,36839408,0,8.27,8.53,8.27,8.32
600629,华建集团,24.6,-1.5999999999999945,-0.3999999999999986,2393902793.0,96024855,0,25.41,25.68,24.02,25.0
600630,龙头股份,9.48,2.0452099031216497,0.19000000000000128,203571503.0,21635716,0,9.27,9.51,9.25,9.29
600633,浙数文化,13.94,4.654654654654649,0.6199999999999992,670173992.0,48728085,0,13.3,13.95,13.26,13.32
600635,大众公用,7.06,3.671071953010279,0.25,1131685528.0,160161183,0,6.81,7.18,6.8,6.81
600636,*ST国化,8.76,0.9216589861751161,0.08000000000000007,49148342.0,5654692,0,8.67,8.79,8.64,8.68
600637,东方明珠,13.32,9.991742361684567,1.2100000000000009,2330335007.0,175544345,0,13.32,13.32,13.0,12.11
600638,新黄浦,6.76,1.6541353383458561,0.10999999999999943,94220566.0,13966821,0,6.67,6.84,6.65,6.65
600639,浦东金桥,10.58,1.7307692307692282,0.17999999999999972,100413747.0,9574469,0,10.39,10.58,10.38,10.4
600640,国脉文化,13.97,3.0996309963099624,0.41999999999999993,246616592.0,17766199,0,13.63,14.16,13.6,13.55
600641,先导基电,19.26,-1.129363449691986,-0.21999999999999886,748675170.0,38838765,0,19.59,19.6,19.06,19.48
600642,申能股份,7.93,0.6345177664974597,0.04999999999999982,109193882.0,13804997,0,7.88,7.93,7.87,7.88
600643,爱建集团,5.66,2.1660649819494604,0.1200000000000001,144045869.0,25570803,0,5.57,5.69,5.55,5.54
600644,乐山电力,10.29,-0.09708737864079188,-0.010000000000001563,152142395.0,14806643,0,10.3,10.35,10.2,10.3
600645,中源协和,27.13,1.2691302724897344,0.33999999999999986,265535814.0,9840354,0,26.76,27.18,26.7,26.79
600648,外高桥,10.54,0.764818355640519,0.0799999999999983,54815143.0,5228430,0,10.46,10.54,10.4,10.46
600649,城投控股,4.77,-0.2092050209205162,-0.010000000000000675,220942388.0,46050852,0,4.75,4.87,4.73,4.78
600650,锦江在线,15.89,-0.6253908692933061,-0.09999999999999964,188634818.0,11875100,0,16.0,16.02,15.75,15.99
600651,飞乐音响,7.64,2.13903743315507,0.15999999999999925,307517439.0,40285316,0,7.48,7.76,7.48,7.48
600653,申华控股,1.95,0.5154639175257737,0.010000000000000009,40239089.0,20749588,0,1.93,1.95,1.93,1.94
600654,中安科,3.91,-0.2551020408163211,-0.009999999999999787,243581086.0,62471347,0,3.92,3.94,3.86,3.92
600655,豫园股份,5.24,0.7692307692307698,0.040000000000000036,74599961.0,14244330,0,5.21,5.27,5.19,5.2
600657,信达地产,3.57,0.0,0.0,69627015.0,19556249,0,3.56,3.6,3.52,3.57
600658,电子城,6.03,0.5000000000000042,0.03000000000000025,218864269.0,36468233,0,6.0,6.09,5.91,6.0
600660,福耀玻璃,63.53,0.601741884402221,0.38000000000000256,623824096.0,9814482,0,63.51,63.99,63.12,63.15
600661,昂立教育,10.41,1.067961165048538,0.10999999999999943,52713798.0,5084456,0,10.31,10.43,10.27,10.3
600662,外服控股,5.09,0.9920634920634885,0.04999999999999982,56023205.0,11081269,0,5.02,5.09,5.01,5.04
600663,陆家嘴,8.23,0.9815950920245406,0.08000000000000007,80096283.0,9768667,0,8.15,8.25,8.12,8.15
600664,哈药股份,3.54,0.8547008547008619,0.03000000000000025,93369585.0,26496045,0,3.52,3.54,3.51,3.51
600665,天地源,3.29,0.0,0.0,34952857.0,10718660,0,3.28,3.3,3.22,3.29
600666,奥瑞德,3.47,1.461988304093575,0.050000000000000266,271919952.0,78644182,0,3.42,3.48,3.42,3.42
600667,太极实业,8.42,-0.7075471698113266,-0.0600000000000005,684363129.0,81049713,0,8.45,8.53,8.35,8.48
600668,尖峰集团,11.5,-0.43290043290043906,-0.05000000000000071,61781912.0,5381180,0,11.54,11.57,11.45,11.55
600671,天目药业,17.47,0.0,0.0,39718526.0,2282800,0,17.45,17.52,17.25,17.47
600673,东阳光,29.52,7.15063520871143,1.9699999999999989,2751829819.0,94847166,0,27.55,30.0,27.55,27.55
600674,川投能源,14.05,0.07122507122508237,0.010000000000001563,158083520.0,11267099,0,14.0,14.07,13.99,14.04
600675,中华企业,2.79,0.3597122302158357,0.010000000000000231,97783863.0,35221178,0,2.77,2.79,2.75,2.78
600676,交运股份,6.79,10.048622366288495,0.6200000000000001,313600771.0,46764420,0,6.2,6.79,6.17,6.17
600678,四川金顶,14.23,-1.7265193370165748,-0.25,1355159897.0,92839551,0,14.76,15.19,14.11,14.48
600679,上海凤凰,13.54,0.37064492216455847,0.049999999999998934,102901433.0,7651852,0,13.49,13.59,13.28,13.49
600681,百川能源,4.26,0.7092198581560132,0.02999999999999936,174678126.0,41144526,0,4.23,4.28,4.21,4.23
600682,南京新百,8.9,1.1363636363636322,0.09999999999999964,325304463.0,36793953,0,8.76,8.91,8.72,8.8
600683,京投发展,4.38,-0.454545454545465,-0.020000000000000462,54181284.0,12379203,0,4.38,4.44,4.34,4.4
600684,珠江股份,4.46,0.22471910112359073,0.009999999999999787,98939423.0,22238791,0,4.44,4.49,4.4,4.45
600685,中船防务,31.29,1.1312217194570067,0.34999999999999787,1212279643.0,38812929,0,31.5,31.88,30.82,30.94
600686,金龙汽车,17.94,-2.127659574468069,-0.389999999999997,411175860.0,22936962,0,18.29,18.36,17.69,18.33
600688,上海石化,2.91,2.826855123674914,0.08000000000000007,363227458.0,125437688,0,2.95,3.0,2.84,2.83
600689,上海三毛,13.7,0.2194586686174057,0.02999999999999936,39883905.0,2919100,0,13.81,13.85,13.56,13.67
600690,海尔智家,26.05,-0.2679938744257285,-0.07000000000000028,1146022538.0,43909176,0,26.19,26.25,26.01,26.12
600691,潞化科技,3.09,-1.5923566878980975,-0.050000000000000266,142853120.0,46225422,0,3.11,3.14,3.07,3.14
600692,亚通股份,7.13,0.1404494382022442,0.009999999999999787,53863979.0,7536600,0,7.12,7.22,7.05,7.12
600693,东百集团,19.59,3.5412262156448104,0.6699999999999982,3676485769.0,189661934,0,18.31,20.28,18.25,18.92
600694,大商股份,18.23,0.6626173384870293,0.120000000000001,134540092.0,7397026,0,18.14,18.28,18.06,18.11
600696,*ST岩石,3.05,5.172413793103446,0.1499999999999999,11950136.0,3967596,0,3.0,3.05,2.94,2.9
600697,欧亚集团,13.66,0.8862629246676588,0.120000000000001,135937228.0,10011300,0,13.45,13.69,13.4,13.54
600698,湖南天雁,9.28,0.10787486515641627,0.009999999999999787,247233852.0,26607587,0,9.35,9.42,9.2,9.27
600699,均胜电子,31.52,-0.4736343542785037,-0.15000000000000213,1930888514.0,60996521,0,31.5,32.04,31.3,31.67
600702,舍得酒业,57.56,0.22636252829532047,0.13000000000000256,440565734.0,7630939,0,57.72,58.6,57.12,57.43
600703,三安光电,15.39,3.496973772696714,0.5200000000000014,3537663773.0,228430615,0,15.29,15.91,15.12,14.87
600704,物产中大,5.74,0.7017543859649129,0.040000000000000036,375756278.0,65433293,0,5.73,5.77,5.71,5.7
600705,中航产融,3.47,0.0,0.0,0.0,0,0,0.0,0.0,0.0,3.47
600706,曲江文旅,11.1,1.2773722627737116,0.1399999999999988,178441476.0,16217480,0,10.9,11.1,10.84,10.96
600707,彩虹股份,6.87,0.0,0.0,547621066.0,79010498,0,6.82,7.08,6.81,6.87
600708,光明地产,3.61,-0.2762430939226583,-0.010000000000000231,100986913.0,28196366,0,3.6,3.63,3.53,3.62
600710,苏美达,11.03,0.8226691042047519,0.08999999999999986,173752564.0,15766777,0,11.0,11.1,10.92,10.94
600711,盛屯矿业,16.7,1.8292682926829311,0.3000000000000007,2636279217.0,158388059,0,16.18,17.15,16.07,16.4
600712,南宁百货,6.94,1.1661807580174937,0.08000000000000007,145357072.0,21084810,0,6.86,6.94,6.81,6.86
600713,南京医药,5.52,0.5464480874316823,0.02999999999999936,125956920.0,22912315,0,5.48,5.57,5.43,5.49
600714,金瑞矿业,13.14,4.7011952191235045,0.5899999999999999,202048536.0,15598978,0,12.49,13.35,12.49,12.55
600715,文投控股,2.25,0.896860986547086,0.020000000000000018,99091938.0,44307280,0,2.23,2.26,2.21,2.23
600716,凤凰股份,4.19,-0.4750593824227927,-0.019999999999999574,76516120.0,18286300,0,4.19,4.22,4.14,4.21
600717,天津港,4.59,0.87912087912088,0.040000000000000036,89224009.0,19497128,0,4.56,4.6,4.55,4.55
600718,东软集团,11.3,4.1474654377880285,0.45000000000000107,802983860.0,71308959,0,10.89,11.48,10.89,10.85
600719,大连热电,6.22,0.1610305958132011,0.009999999999999787,59304502.0,9577600,0,6.27,6.27,6.13,6.21
600720,中交设计,7.3,0.5509641873278243,0.040000000000000036,63676698.0,8749527,0,7.27,7.31,7.25,7.26
600721,百花医药,9.59,-3.326612903225807,-0.33000000000000007,910175183.0,95654307,0,9.58,9.81,9.32,9.92
600722,金牛化工,6.7,6.0126582278481,0.3799999999999999,319599416.0,48282138,0,6.5,6.9,6.35,6.32
600724,宁波富达,6.04,2.896081771720612,0.16999999999999993,142945362.0,23716622,0,5.84,6.15,5.8,5.87
600725,云维股份,4.18,0.966183574879228,0.040000000000000036,98399984.0,23626317,0,4.12,4.22,4.09,4.14
600726,华电能源,2.49,1.632653061224491,0.040000000000000036,102116412.0,41102792,0,2.45,2.5,2.45,2.45
600727,鲁北化工,7.09,0.8534850640113741,0.05999999999999961,58094060.0,8240500,0,7.02,7.13,7.0,7.03
600728,佳都科技,7.15,6.2407132243684975,0.41999999999999993,1274270129.0,181044143,0,6.75,7.27,6.74,6.73
600729,重庆百货,26.37,1.306185170956588,0.33999999999999986,147452013.0,5616002,0,26.03,26.45,25.95,26.03
600730,中国高科,12.49,-1.6535433070866068,-0.20999999999999908,537925268.0,42952077,0,12.71,12.88,12.34,12.7
600731,湖南海利,6.96,0.14388489208632785,0.009999999999999787,35686567.0,5141200,0,6.97,6.97,6.9,6.95
600732,爱旭股份,13.65,-1.372832369942193,-0.1899999999999995,461943194.0,33631455,0,13.79,13.96,13.55,13.84
600733,北汽蓝谷,8.53,2.1556886227544876,0.17999999999999972,1675551318.0,195621987,0,8.36,8.7,8.33,8.35
600734,实达集团,4.97,2.0533880903490687,0.09999999999999964,1227103228.0,251042641,0,4.83,4.98,4.78,4.87
600735,ST新华锦,6.07,5.017301038062285,0.29000000000000004,220347693.0,37725117,0,5.78,6.07,5.58,5.78
600736,苏州高新,7.5,3.4482758620689653,0.25,762986063.0,102662015,0,7.2,7.64,7.2,7.25
600737,中粮糖业,17.24,2.1932424422050825,0.36999999999999744,705422353.0,40824075,0,16.87,17.5,16.81,16.87
600738,丽尚国潮,5.28,2.325581395348839,0.1200000000000001,115101860.0,22035900,0,5.16,5.28,5.14,5.16
600739,辽宁成大,12.26,0.6568144499178987,0.08000000000000007,281731263.0,22948213,0,12.16,12.43,12.14,12.18
600740,山西焦化,3.99,-0.24999999999999467,-0.009999999999999787,134787729.0,33691303,0,3.98,4.03,3.95,4.0
600741,华域汽车,20.35,-0.3428011753183167,-0.07000000000000028,206872744.0,10134652,0,20.43,20.56,20.29,20.42
600742,富维股份,9.87,0.4069175991861561,0.03999999999999915,69148372.0,6999310,0,9.86,9.93,9.82,9.83
600743,华远控股,2.0,-0.4975124378109347,-0.009999999999999787,70001905.0,35086471,0,2.01,2.01,1.98,2.01
600744,华银电力,6.15,0.0,0.0,212800677.0,34640394,0,6.14,6.19,6.1,6.15
600745,闻泰科技,39.11,0.9550851832730961,0.36999999999999744,1595324820.0,40888001,0,38.75,39.3,38.57,38.74
600746,江苏索普,7.09,0.0,0.0,43322399.0,6134010,0,7.06,7.09,7.01,7.09
600748,上实发展,6.55,10.08403361344537,0.5999999999999996,458498129.0,72244320,0,5.9,6.55,5.89,5.95
600749,西藏旅游,17.28,0.11587485515642858,0.019999999999999574,72774996.0,4218500,0,17.2,17.31,17.17,17.26
600750,江中药业,22.95,-0.6493506493506584,-0.15000000000000213,166122684.0,7265126,0,23.1,23.13,22.7,23.1
600751,海航科技,4.1,3.274559193954646,0.12999999999999945,372932843.0,91185242,0,3.98,4.18,3.96,3.97
600753,*ST海钦,8.26,-1.1961722488038236,-0.09999999999999964,17272798.0,2088200,0,8.39,8.43,8.21,8.36
600754,锦江酒店,25.67,0.03897116134061404,0.010000000000001563,224816424.0,8772260,0,25.6,25.9,25.3,25.66
600755,厦门国贸,7.08,-0.28169014084506444,-0.019999999999999574,593819924.0,83954642,0,7.06,7.1,7.04,7.1
600756,浪潮软件,19.8,3.3942558746736404,0.6500000000000021,907407158.0,46544805,0,19.01,19.99,19.01,19.15
600757,长江传媒,8.96,1.3574660633484277,0.120000000000001,125334816.0,14130666,0,8.83,8.98,8.78,8.84
600758,辽宁能源,3.82,0.5263157894736847,0.020000000000000018,75160555.0,19681812,0,3.77,3.84,3.77,3.8
600759,洲际油气,3.51,10.03134796238244,0.31999999999999984,2728618395.0,797805246,0,3.35,3.51,3.25,3.19
600760,中航沈飞,62.4,0.9545381006309599,0.5899999999999963,4321337371.0,68351728,0,63.5,65.45,61.86,61.81
600761,安徽合力,21.83,0.09170105456212552,0.019999999999999574,475875345.0,21821160,0,21.84,22.0,21.62,21.81
600763,通策医疗,41.67,1.0181818181818223,0.4200000000000017,333551054.0,8038527,0,41.29,41.77,41.11,41.25
600764,中国海防,30.06,2.314499659632402,0.6799999999999997,801154994.0,26712746,0,29.7,30.46,29.58,29.38
600765,中航重机,20.1,0.3494757863205206,0.07000000000000028,2299162310.0,113358320,0,20.03,20.86,19.87,20.03
600768,宁波富邦,14.5,-1.1588275391956369,-0.16999999999999993,72075730.0,4966100,0,14.67,14.8,14.38,14.67
600769,祥龙电业,13.25,2.7131782945736407,0.34999999999999964,107170861.0,8122900,0,12.9,13.38,12.85,12.9
600770,综艺股份,5.48,1.6697588126159693,0.09000000000000075,133437040.0,24492030,0,5.43,5.51,5.37,5.39
600771,广誉远,18.37,0.10899182561307669,0.019999999999999574,106098971.0,5790214,0,18.33,18.38,18.2,18.35
600773,西藏城投,13.38,-0.7418397626112733,-0.09999999999999964,223089050.0,16679086,0,13.4,13.56,13.22,13.48
600774,汉商集团,9.45,-0.10570824524314547,-0.010000000000001563,44167276.0,4689231,0,9.46,9.52,9.33,9.46
600775,南京熊猫,18.22,1.8446059250978104,0.3299999999999983,4844497718.0,266241762,0,17.72,19.44,17.0,17.89
600776,东方通信,20.35,10.000000000000007,1.8500000000000014,2159425367.0,111774828,0,18.5,20.35,18.23,18.5
600777,*ST新潮,3.95,1.5424164524421609,0.06000000000000005,89790423.0,22776940,0,3.89,3.97,3.89,3.89
600778,友好集团,7.05,4.7548291233283715,0.3199999999999994,175517746.0,25470933,0,6.73,7.07,6.71,6.73
600779,水井坊,39.31,-0.8074690890739346,-0.3200000000000003,239904462.0,6063842,0,39.63,40.21,39.14,39.63
600780,通宝能源,5.8,0.0,0.0,47826202.0,8254831,0,5.79,5.82,5.76,5.8
600782,新钢股份,3.91,-1.0126582278481022,-0.040000000000000036,333182568.0,84929524,0,3.94,4.02,3.87,3.95
600783,鲁信创投,32.59,9.989875126560934,2.9600000000000044,212298723.0,6514229,0,32.59,32.59,32.59,29.63
600784,鲁银投资,7.96,9.944751381215466,0.7199999999999998,260940346.0,33600194,0,7.24,7.96,7.24,7.24
600785,新华百货,14.02,1.8895348837209287,0.2599999999999998,139314076.0,9997300,0,13.75,14.05,13.7,13.76
600787,中储股份,5.72,0.7042253521126767,0.040000000000000036,143409124.0,25193946,0,5.67,5.72,5.67,5.68
600789,鲁抗医药,9.38,1.1866235167206172,0.11000000000000121,357524947.0,38398904,0,9.29,9.42,9.21,9.27
600790,轻纺城,3.88,1.5706806282722525,0.06000000000000005,49163789.0,12755814,0,3.84,3.88,3.84,3.82
600791,京能置业,4.75,0.6355932203389884,0.03000000000000025,41762988.0,8866900,0,4.73,4.76,4.66,4.72
600792,云煤能源,4.13,0.48661800486616963,0.019999999999999574,136135168.0,33151193,0,4.05,4.14,4.04,4.11
600793,宜宾纸业,21.19,0.04721435316336904,0.010000000000001563,95043106.0,4508600,0,21.2,21.26,20.9,21.18
600794,保税科技,3.91,0.5141388174807203,0.020000000000000018,55681549.0,14258800,0,3.9,3.93,3.89,3.89
600795,国电电力,4.94,-0.6036217303822808,-0.02999999999999936,824433976.0,166747610,0,4.97,4.98,4.93,4.97
600796,钱江生化,6.2,1.1419249592169702,0.07000000000000028,48284121.0,7825630,0,6.13,6.2,6.12,6.13
600797,浙大网新,10.61,2.413127413127413,0.25,769971120.0,73023050,0,10.36,10.64,10.33,10.36
600798,宁波海运,3.6,0.5586592178770954,0.020000000000000018,62058075.0,17282190,0,3.58,3.61,3.57,3.58
600800,渤海化学,3.54,0.2832861189801765,0.010000000000000231,142799860.0,40270255,0,3.54,3.58,3.52,3.53
600801,华新建材,24.58,-0.04066693777959156,-0.010000000000001563,218183291.0,8879758,0,24.83,24.84,24.3,24.59
600802,福建水泥,6.52,-0.9118541033434726,-0.0600000000000005,119290763.0,18285528,0,6.57,6.6,6.47,6.58
600803,新奥股份,19.91,-1.0928961748633825,-0.21999999999999886,177089718.0,8870760,0,20.15,20.19,19.86,20.13
600804,退市鹏博,0.14,0.0,0.0,0.0,0,0,0.0,0.0,0.0,0.14
600805,悦达投资,5.74,1.234567901234573,0.07000000000000028,144756920.0,25260757,0,5.62,5.79,5.62,5.67
600807,济高发展,3.47,10.158730158730169,0.3200000000000003,293401448.0,87793553,0,3.15,3.47,3.13,3.15
600808,马钢股份,4.13,-0.48192771084338454,-0.020000000000000462,248314692.0,59902201,0,4.15,4.19,4.12,4.15
600809,山西汾酒,176.55,0.02832861189802344,0.05000000000001137,772682374.0,4365984,0,179.37,179.6,175.35,176.5
600810,神马股份,9.23,2.8985507246376785,0.2599999999999998,306430696.0,33328403,0,9.02,9.34,9.02,8.97
600811,*ST东方,0.36,0.0,0.0,0.0,0,0,0.0,0.0,0.0,0.36
600812,华北制药,5.67,0.7104795737122565,0.040000000000000036,76290875.0,13497489,0,5.63,5.67,5.62,5.63
600814,杭州解百,8.47,5.610972568578567,0.45000000000000107,290804948.0,34938777,0,8.04,8.48,8.02,8.02
600815,厦工股份,3.42,0.0,0.0,170043202.0,49874700,0,3.4,3.46,3.37,3.42
600816,建元信托,2.88,0.6993006993007,0.020000000000000018,165429845.0,57618351,0,2.85,2.89,2.84,2.86
600817,宇通重工,11.26,0.4460303300624347,0.049999999999998934,33930660.0,3018700,0,11.23,11.3,11.15,11.21
600818,中路股份,9.98,0.3015075376884536,0.030000000000001137,58107000.0,5853931,0,9.96,10.03,9.83,9.95
600819,耀皮玻璃,8.57,-2.9445073612684007,-0.2599999999999998,155176155.0,17977501,0,8.82,8.82,8.48,8.83
600820,隧道股份,6.53,0.30721966205837886,0.020000000000000462,163754050.0,25158919,0,6.51,6.53,6.48,6.51
600821,金开新能,5.25,0.7677543186180429,0.040000000000000036,112777587.0,21587420,0,5.21,5.26,5.19,5.21
600822,上海物贸,11.33,1.1607142857142927,0.13000000000000078,118658300.0,10523201,0,11.11,11.38,11.11,11.2
600824,益民集团,4.82,2.991452991453004,0.14000000000000057,303346410.0,63652121,0,4.68,4.82,4.66,4.68
600825,新华传媒,6.91,3.288490284005975,0.21999999999999975,279181046.0,40979082,0,6.63,6.95,6.62,6.69
600826,兰生股份,12.04,-0.33112582781457717,-0.040000000000000924,276074555.0,22907918,0,12.26,12.3,11.9,12.08
600827,百联股份,9.25,2.0971302428256013,0.1899999999999995,257584451.0,27913892,0,9.05,9.4,9.03,9.06
600828,茂业商业,6.99,10.078740157480324,0.6400000000000006,549534971.0,82142323,0,6.25,6.99,6.23,6.35
600829,人民同泰,11.83,2.78019113814075,0.3200000000000003,237404531.0,20221727,0,11.52,11.85,11.5,11.51
600830,香溢融通,9.88,3.672612801678924,0.3500000000000014,197519635.0,20048606,0,9.53,10.16,9.52,9.53
600831,广电网络,4.44,3.0162412993039625,0.13000000000000078,68870932.0,15718232,0,4.31,4.44,4.27,4.31
600833,第一医药,13.26,1.0670731707317118,0.14000000000000057,62606191.0,4743915,0,13.12,13.28,13.08,13.12
600834,申通地铁,8.57,0.5868544600939051,0.05000000000000071,38903720.0,4557901,0,8.48,8.59,8.48,8.52
600835,上海机电,30.58,-0.7142857142857221,-0.22000000000000242,579664463.0,19006942,0,30.8,30.88,30.04,30.8
600838,上海九百,13.51,-2.525252525252523,-0.34999999999999964,1580481126.0,114458757,0,13.4,14.86,13.03,13.86
600839,四川长虹,9.44,0.9625668449197846,0.08999999999999986,1145794029.0,121375305,0,9.33,9.53,9.31,9.35
600841,动力新科,6.35,0.3159557661927263,0.019999999999999574,86416617.0,13647000,0,6.35,6.39,6.26,6.33
600843,上工申贝,12.22,0.0,0.0,363186175.0,29798402,0,12.29,12.31,12.05,12.22
600844,金煤科技,2.94,0.34129692832763775,0.009999999999999787,41433357.0,14135823,0,2.92,2.95,2.91,2.93
600845,宝信软件,23.73,3.8057742782152273,0.870000000000001,2175194452.0,92724071,0,23.23,24.17,22.85,22.86
600846,同济科技,14.25,1.4234875444839807,0.1999999999999993,91838963.0,6434200,0,14.28,14.45,14.1,14.05
600847,万里股份,12.05,0.7525083612040121,0.08999999999999986,34890079.0,2897101,0,12.08,12.23,11.8,11.96
600848,上海临港,12.32,2.495840266222968,0.3000000000000007,360185756.0,29142300,0,12.02,12.6,11.99,12.02
600850,电科数字,32.77,3.8998097653773116,1.230000000000004,1494911495.0,45588145,0,31.54,33.54,31.4,31.54
600851,海欣股份,7.47,0.9459459459459376,0.0699999999999994,80703975.0,10862149,0,7.39,7.49,7.36,7.4
600853,龙建股份,4.5,1.5801354401805936,0.07000000000000028,155762897.0,34792057,0,4.45,4.52,4.43,4.43
600854,春兰股份,5.02,-0.396825396825406,-0.020000000000000462,42666754.0,8501000,0,5.02,5.05,4.99,5.04
600855,航天长峰,28.02,1.155234657039712,0.3200000000000003,2797265762.0,100428976,0,27.0,29.37,26.66,27.7
600857,宁波中百,13.95,-0.07163323782236077,-0.010000000000001563,108251396.0,7770800,0,14.05,14.1,13.79,13.96
600858,银座股份,6.99,10.078740157480324,0.6400000000000006,446725840.0,66692487,0,6.29,6.99,6.29,6.35
600859,王府井,15.6,1.9607843137254832,0.29999999999999893,884009508.0,56811318,0,15.24,15.69,15.21,15.3
600860,京城股份,12.83,-0.1556420233463002,-0.019999999999999574,173109777.0,13430100,0,12.96,13.17,12.64,12.85
600861,北京人力,18.27,0.661157024793394,0.120000000000001,49198382.0,2700300,0,18.24,18.3,18.13,18.15
600862,中航高科,27.07,4.075355632449053,1.0599999999999987,3110580554.0,115721471,0,26.46,28.17,25.96,26.01
600863,内蒙华电,4.62,0.6535947712418355,0.03000000000000025,251498852.0,54668126,0,4.59,4.64,4.55,4.59
600864,哈投股份,6.96,0.43290043290043656,0.03000000000000025,341470349.0,49301812,0,6.93,6.97,6.88,6.93
600865,百大集团,17.12,-0.34924330616995763,-0.05999999999999872,950449760.0,55448345,0,16.74,17.57,16.6,17.18
600866,星湖科技,7.12,0.423131170662909,0.03000000000000025,160982691.0,22691848,0,7.07,7.13,7.06,7.09
600867,通化东宝,8.51,0.7100591715976391,0.0600000000000005,184576932.0,21829226,0,8.44,8.51,8.39,8.45
600868,梅雁吉祥,3.55,0.5665722379603405,0.020000000000000018,302136417.0,85351640,0,3.54,3.57,3.5,3.53
600869,远东股份,10.56,-3.296703296703291,-0.35999999999999943,4034420277.0,365998783,0,12.01,12.01,10.2,10.92
600871,石化油服,2.33,5.909090909090904,0.1299999999999999,859483048.0,372427365,0,2.29,2.38,2.25,2.2
600872,中炬高新,18.01,0.4461795872838921,0.08000000000000185,139782550.0,7758295,0,18.0,18.12,17.9,17.93
600873,梅花生物,10.21,0.09803921568628984,0.010000000000001563,254766073.0,24979457,0,10.17,10.23,10.16,10.2
600874,创业环保,6.04,0.0,0.0,81170357.0,13434116,0,6.05,6.08,6.01,6.04
600875,东方电气,26.08,2.4754420432220003,0.629999999999999,2412703969.0,91627473,0,25.4,27.05,25.35,25.45
600876,凯盛新能,10.02,-1.085883514313931,-0.11000000000000121,40973120.0,4078101,0,10.13,10.15,9.95,10.13
600877,电科芯片,18.63,1.525885558583093,0.2799999999999976,1498828630.0,81390732,0,18.35,18.76,17.94,18.35
600879,航天电子,28.69,10.007668711656454,2.610000000000003,17983453172.0,638593528,0,27.5,28.69,27.11,26.08
600880,博瑞传播,6.47,10.034013605442174,0.5899999999999999,844323933.0,132830527,0,6.0,6.47,6.0,5.88
600881,亚泰集团,1.89,0.0,0.0,95905401.0,50900932,0,1.89,1.9,1.87,1.89
600882,妙可蓝多,24.87,0.04022526146420581,0.010000000000001563,131063688.0,5274376,0,24.77,25.03,24.74,24.86
600883,博闻科技,8.13,-0.12285012285012023,-0.009999999999999787,31128923.0,3828600,0,8.14,8.2,8.08,8.14
600884,杉杉股份,13.86,-1.000000000000004,-0.14000000000000057,1170011643.0,84281957,0,14.15,14.15,13.69,14.0
600885,宏发股份,31.62,1.8029620090148173,0.5600000000000023,471983451.0,15029379,0,30.9,31.68,30.86,31.06
600886,国投电力,13.3,0.07524454477051591,0.010000000000001563,204798773.0,15416270,0,13.27,13.32,13.24,13.29
600887,伊利股份,27.68,1.5407190022010202,0.41999999999999815,2399189017.0,87235860,0,27.21,27.7,27.2,27.26
600888,新疆众和,8.57,1.7814726840855148,0.15000000000000036,296904734.0,34831114,0,8.36,8.61,8.34,8.42
600889,南京化纤,16.47,-3.4017595307917996,-0.5800000000000018,357523930.0,21583743,0,17.0,17.0,16.3,17.05
600892,*ST大晟,3.51,-1.4044943820224793,-0.050000000000000266,41737745.0,11991673,0,3.56,3.57,3.42,3.56
600893,航发动力,43.97,0.4569339730408858,0.19999999999999574,3613433771.0,81369652,0,44.73,45.88,43.6,43.77
600894,广日股份,9.61,-1.9387755102040944,-0.19000000000000128,150526305.0,15614414,0,9.88,9.88,9.53,9.8
600895,张江高科,47.54,1.6898395721925117,0.7899999999999991,4908457062.0,101778483,0,48.56,49.34,47.15,46.75
600897,厦门空港,17.26,-0.7475560667049972,-0.129999999999999,128497856.0,7443487,0,17.3,17.42,17.14,17.39
600900,长江电力,27.29,0.1100513573000645,0.029999999999997584,1713592955.0,62903453,0,27.27,27.29,27.18,27.26
600901,江苏金租,6.3,1.6129032258064457,0.09999999999999964,270091448.0,43402229,0,6.2,6.33,6.11,6.2
600903,贵州燃气,6.76,0.148148148148145,0.009999999999999787,54565248.0,8084997,0,6.73,6.77,6.73,6.75
600905,三峡能源,4.15,0.48426150121066497,0.020000000000000462,452371485.0,109094238,0,4.13,4.16,4.12,4.13
600906,财达证券,6.99,0.8658008658008731,0.0600000000000005,212787141.0,30474541,0,6.94,7.03,6.93,6.93
600908,无锡银行,5.89,0.0,0.0,74258442.0,12622932,0,5.89,5.9,5.86,5.89
600909,华安证券,7.26,2.1097046413502034,0.14999999999999947,1209138808.0,166742471,0,7.1,7.49,7.07,7.11
600916,中国黄金,8.2,0.49019607843136215,0.03999999999999915,163483091.0,19977296,0,8.16,8.2,8.15,8.16
600917,重庆燃气,5.56,0.0,0.0,38875472.0,6999566,0,5.56,5.57,5.54,5.56
600918,中泰证券,6.69,0.6015037593984968,0.040000000000000036,196262728.0,29384451,0,6.65,6.71,6.65,6.65
600919,江苏银行,10.4,-1.1406844106463805,-0.11999999999999922,1451000660.0,139239039,0,10.52,10.55,10.35,10.52
600925,苏能股份,4.67,1.0822510822510785,0.04999999999999982,69104909.0,14828013,0,4.62,4.68,4.61,4.62
600926,杭州银行,15.44,-1.9682539682539715,-0.3100000000000005,1130385033.0,73374086,0,15.76,15.76,15.31,15.75
600927,永安期货,16.05,1.7755231452124358,0.28000000000000114,127168427.0,7963300,0,15.75,16.2,15.75,15.77
600928,西安银行,3.73,0.26881720430106953,0.009999999999999787,55622090.0,14957589,0,3.72,3.73,3.71,3.72
600929,雪天盐业,5.64,0.5347593582887586,0.02999999999999936,66908433.0,11904754,0,5.61,5.64,5.59,5.61
600933,爱柯迪,20.3,-0.7334963325183305,-0.14999999999999858,330832179.0,16207914,0,20.37,20.83,20.15,20.45
600935,华塑股份,2.67,-2.9090909090909114,-0.08000000000000007,339041068.0,125376460,0,2.75,2.77,2.65,2.75
600936,北投科技,4.63,-5.31697341513292,-0.2599999999999998,463350365.0,99327916,0,4.8,4.87,4.56,4.89
600938,中国海油,28.74,1.2328284607256002,0.34999999999999787,1372824054.0,47851948,0,28.8,28.94,28.52,28.39
600939,重庆建工,3.25,0.30864197530863535,0.009999999999999787,72363382.0,22381145,0,3.25,3.26,3.21,3.24
600941,中国移动,100.12,0.0,0.0,1817591657.0,18177767,0,100.12,100.36,99.54,100.12
600955,维远股份,17.29,-0.6321839080459738,-0.10999999999999943,136990031.0,7895100,0,17.41,17.55,17.17,17.4
600956,新天绿能,7.44,1.362397820163495,0.10000000000000053,59549539.0,8049337,0,7.34,7.44,7.33,7.34
600958,东方证券,10.91,-0.2742230347349119,-0.02999999999999936,1164161375.0,106971926,0,10.9,11.0,10.8,10.94
600959,江苏有线,3.66,2.8089887640449462,0.10000000000000009,264333284.0,73058303,0,3.56,3.66,3.55,3.56
600960,渤海汽车,5.69,-1.2152777777777675,-0.0699999999999994,274201407.0,48305700,0,5.76,5.8,5.6,5.76
600961,株冶集团,17.75,4.105571847507327,0.6999999999999993,474152325.0,26816613,0,17.11,18.1,17.0,17.05
600962,国投中鲁,22.64,10.00971817298349,2.0600000000000023,223444466.0,10139260,0,20.59,22.64,20.54,20.58
600963,岳阳林纸,4.64,-0.8547008547008554,-0.040000000000000036,163311409.0,35139861,0,4.69,4.7,4.6,4.68
600965,福成股份,5.77,-1.7035775127768402,-0.10000000000000053,121857234.0,21096400,0,5.85,5.86,5.7,5.87
600966,博汇纸业,6.54,-1.506024096385537,-0.09999999999999964,126031279.0,19215000,0,6.62,6.72,6.48,6.64
600967,内蒙一机,19.05,1.708489054991993,0.3200000000000003,3046729770.0,158568332,0,19.4,19.6,18.9,18.73
600968,海油发展,3.9,0.7751937984496073,0.029999999999999805,218077989.0,55965500,0,3.92,3.93,3.88,3.87
600969,郴电国际,10.5,0.3824091778202595,0.03999999999999915,105179844.0,10057800,0,10.45,10.55,10.36,10.46
600970,中材国际,10.38,1.3671875000000056,0.14000000000000057,241127885.0,23362896,0,10.26,10.5,10.18,10.24
600971,恒源煤电,6.47,0.7788161993769442,0.04999999999999982,91251872.0,14135447,0,6.39,6.49,6.38,6.42
600973,宝胜股份,8.76,10.050251256281404,0.7999999999999998,2098347259.0,248629137,0,7.82,8.76,7.82,7.96
600975,新五丰,5.95,0.5067567567567609,0.03000000000000025,94675544.0,15980269,0,5.92,5.95,5.9,5.92
600976,健民集团,34.33,0.6744868035190523,0.22999999999999687,73868825.0,2153318,0,34.11,34.47,34.11,34.1
600977,中国电影,16.37,2.5689223057644117,0.41000000000000014,965673356.0,59740840,0,15.94,16.38,15.84,15.96
600979,广安爱众,4.48,0.2237136465324536,0.010000000000000675,80382913.0,17997602,0,4.46,4.49,4.44,4.47
600980,北矿科技,24.89,4.185851820845541,1.0,318073112.0,12848385,0,23.88,25.64,23.88,23.89
600981,苏豪汇鸿,3.35,1.8237082066869317,0.06000000000000005,251924890.0,76241600,0,3.26,3.43,3.23,3.29
600982,宁波能源,4.46,0.22471910112359073,0.009999999999999787,54886301.0,12344450,0,4.45,4.46,4.43,4.45
600983,惠而浦,10.29,0.3902439024390161,0.03999999999999915,111862659.0,10964460,0,10.21,10.3,10.12,10.25
600984,建设机械,4.21,4.98753117206983,0.20000000000000018,258509597.0,61908897,0,4.03,4.36,4.02,4.01
600985,淮北矿业,11.53,-0.4317789291882618,-0.05000000000000071,279631749.0,24234023,0,11.51,11.63,11.49,11.58
600986,浙文互联,9.76,10.033821871476896,0.8900000000000006,2258318080.0,237908805,0,8.8,9.76,8.71,8.87
600987,航民股份,6.95,0.0,0.0,60886225.0,8773336,0,6.96,6.97,6.92,6.95
600988,赤峰黄金,31.03,2.0388030253206213,0.620000000000001,2016102640.0,65211390,0,30.35,31.25,30.24,30.41
600989,宝丰能源,19.83,-2.025691699604744,-0.41000000000000014,1497540032.0,75162534,0,20.33,20.48,19.7,20.24
600990,四创电子,34.99,2.7908343125734514,0.9500000000000028,1335903132.0,38810335,0,34.18,35.99,33.5,34.04
600992,贵绳股份,13.98,2.4926686217008784,0.33999999999999986,174112329.0,12326500,0,13.72,14.8,13.72,13.64
600993,马应龙,28.41,1.1032028469750843,0.3099999999999987,142627568.0,5047543,0,28.07,28.41,28.01,28.1
600995,南网储能,13.04,1.399688958009329,0.17999999999999972,196583081.0,15122200,0,12.8,13.09,12.8,12.86
600996,贵广网络,10.22,1.6915422885572133,0.16999999999999993,312533781.0,30532370,0,10.14,10.37,10.07,10.05
600997,开滦股份,6.02,0.8375209380234475,0.04999999999999982,90024225.0,15037727,0,5.94,6.02,5.92,5.97
600998,九州通,5.29,0.7619047619047626,0.040000000000000036,232458672.0,44178656,0,5.25,5.3,5.21,5.25
600999,招商证券,17.22,0.46674445740955833,0.0799999999999983,1057424285.0,61551937,0,17.14,17.27,17.1,17.14
601000,唐山港,3.91,0.7731958762886663,0.03000000000000025,117384346.0,30030609,0,3.88,3.92,3.88,3.88
601001,晋控煤业,14.5,-0.06891798759476077,-0.009999999999999787,295594919.0,20356165,0,14.36,14.68,14.32,14.51
601002,晋亿实业,5.22,-0.7604562737642593,-0.040000000000000036,90436022.0,17267210,0,5.27,5.27,5.21,5.26
601003,柳钢股份,5.06,-0.7843137254901967,-0.040000000000000036,84526346.0,16685148,0,5.1,5.15,5.02,5.1
601005,重庆钢铁,1.5,0.0,0.0,211414428.0,140469800,0,1.5,1.53,1.49,1.5
601006,大秦铁路,5.13,0.0,0.0,719551377.0,140439796,0,5.12,5.14,5.11,5.13
601007,金陵饭店,7.8,0.12836970474967632,0.009999999999999787,87527352.0,11256901,0,7.77,7.83,7.72,7.79
601008,连云港,5.26,0.0,0.0,81835419.0,15602500,0,5.26,5.27,5.22,5.26
601009,南京银行,10.83,-1.095890410958897,-0.11999999999999922,1046839490.0,96752617,0,10.94,10.97,10.74,10.95
601010,文峰股份,2.78,1.090909090909084,0.029999999999999805,134313712.0,48670203,0,2.74,2.78,2.73,2.75
601011,宝泰隆,3.49,-0.28571428571427965,-0.009999999999999787,250953871.0,72123999,0,3.46,3.51,3.43,3.5
601012,隆基绿能,18.39,-2.024507192328178,-0.379999999999999,4231356213.0,229018741,0,18.61,18.77,18.28,18.77
601015,陕西黑猫,4.05,-1.219512195121947,-0.04999999999999982,351643406.0,87115651,0,4.01,4.09,3.96,4.1
601016,节能风电,3.02,0.6666666666666672,0.020000000000000018,190795063.0,63410113,0,3.0,3.02,2.99,3.0
601018,宁波港,3.68,0.5464480874316944,0.020000000000000018,167780789.0,45618544,0,3.67,3.69,3.66,3.66
601019,山东出版,8.83,1.9630484988452646,0.16999999999999993,117830582.0,13467362,0,8.66,8.84,8.63,8.66
601020,华钰矿业,29.73,3.9510489510489473,1.129999999999999,1256060699.0,42607507,0,28.45,29.98,28.4,28.6
601021,春秋航空,58.32,-1.8677435638566373,-1.1099999999999994,281142615.0,4830429,0,59.47,59.47,57.75,59.43
601022,宁波远洋,9.39,0.9677419354838694,0.08999999999999986,105634910.0,11300100,0,9.32,9.39,9.29,9.3
601028,玉龙股份,12.83,0.0,0.0,0.0,0,0,0.0,0.0,0.0,12.83
601033,永兴股份,15.4,0.4566210045662119,0.07000000000000028,76201616.0,4964500,0,15.33,15.4,15.25,15.33
601038,一拖股份,14.24,0.4940014114326061,0.07000000000000028,148208960.0,10404238,0,14.18,14.43,14.11,14.17
601058,赛轮轮胎,16.19,-0.6748466257668676,-0.10999999999999943,424150628.0,26289098,0,16.31,16.35,16.04,16.3
601059,信达证券,17.83,0.05611672278337829,0.00999999999999801,474484199.0,26641521,0,17.83,17.86,17.78,17.82
601061,中信金属,15.29,1.392572944297076,0.20999999999999908,348144562.0,22811296,0,14.99,15.47,14.98,15.08
601065,江盐集团,8.46,0.11834319526629071,0.010000000000001563,35184734.0,4164300,0,8.45,8.47,8.41,8.45
601066,中信建投,26.15,-0.22892025944296934,-0.060000000000002274,548729601.0,20969625,0,26.12,26.36,26.02,26.21
601068,中铝国际,6.0,0.0,0.0,213798105.0,35785584,0,5.96,6.06,5.9,6.0
601069,西部黄金,28.88,3.8102084831056744,1.0599999999999987,886023622.0,30874436,0,27.81,29.18,27.76,27.82
601077,渝农商行,6.57,1.0769230769230813,0.07000000000000028,532362275.0,81276436,0,6.5,6.63,6.46,6.5
601083,锦江航运,11.43,0.5277044854881311,0.0600000000000005,59476698.0,5209116,0,11.4,11.47,11.34,11.37
601086,国芳集团,10.64,2.60366441658632,0.27000000000000135,289881334.0,27506600,0,10.38,10.66,10.34,10.37
601088,中国神华,42.45,2.4125452352231602,1.0,1551084763.0,36814026,0,41.4,42.55,41.22,41.45
601089,福元医药,30.27,9.992732558139535,2.75,310170745.0,10863815,0,27.54,30.27,27.0,27.52
601096,宏盛华源,4.32,0.6993006993007052,0.03000000000000025,85860280.0,19931400,0,4.27,4.35,4.26,4.29
601098,中南传媒,11.33,1.1607142857142927,0.13000000000000078,179404794.0,15923187,0,11.2,11.37,11.18,11.2
601099,太平洋,4.21,0.7177033492823026,0.03000000000000025,717126718.0,170606490,0,4.18,4.24,4.18,4.18
601100,恒立液压,115.2,2.028164024444253,2.2900000000000063,1427568277.0,12305380,0,113.35,118.5,113.2,112.91
601101,昊华能源,7.56,0.9345794392523284,0.0699999999999994,104849142.0,13905700,0,7.46,7.59,7.45,7.49
601106,中国一重,5.41,9.95934959349594,0.4900000000000002,2689394848.0,501721995,0,5.41,5.41,5.06,4.92
601107,四川成渝,6.08,-0.9771986970683976,-0.05999999999999961,49197134.0,8054901,0,6.13,6.16,6.08,6.14
601108,财通证券,8.9,2.1814006888633695,0.1899999999999995,742261127.0,83630870,0,8.71,9.06,8.7,8.71
601111,中国国航,8.98,-1.6429353778751408,-0.15000000000000036,712136474.0,79511330,0,9.13,9.13,8.85,9.13
601113,华鼎股份,4.68,-1.0570824524313045,-0.05000000000000071,253867015.0,54275900,0,4.72,4.76,4.61,4.73
601116,三江购物,15.68,3.9098740888005294,0.5899999999999999,723216671.0,47043346,0,15.09,15.83,14.85,15.09
601117,中国化学,8.1,-1.0989010989010972,-0.08999999999999986,924905537.0,114115774,0,8.22,8.24,8.07,8.19
601118,海南橡胶,5.86,-0.1703577512776795,-0.009999999999999787,441131235.0,74875092,0,5.85,6.0,5.82,5.87
601121,宝地矿业,7.73,1.8445322793148957,0.14000000000000057,116278314.0,15101200,0,7.58,7.79,7.58,7.59
601126,四方股份,32.92,5.7840616966581,1.8000000000000007,1092795847.0,33554640,0,30.95,33.2,30.93,31.12
601127,赛力斯,124.72,-0.4628890662410202,-0.5799999999999983,2622150052.0,21015699,0,125.28,125.94,124.01,125.3
601128,常熟银行,7.03,0.42857142857143216,0.03000000000000025,278721460.0,39850107,0,7.0,7.03,6.97,7.0
601133,柏诚股份,16.88,-0.8807985907222673,-0.15000000000000213,345247852.0,20542628,0,16.95,17.08,16.65,17.03
601136,首创证券,19.27,-0.051867219917020556,-0.010000000000001563,293949410.0,15259398,0,19.21,19.35,19.2,19.28
601137,博威合金,22.35,1.7296313154301437,0.38000000000000256,781895745.0,34970622,0,21.8,22.66,21.8,21.97
601138,工业富联,61.48,0.24457850970161188,0.14999999999999858,9545355899.0,156532098,0,60.5,61.75,60.05,61.33
601139,深圳燃气,6.64,0.15082956259426528,0.009999999999999787,78617940.0,11864662,0,6.64,6.65,6.61,6.63
601155,新城控股,15.01,-1.5091863517060395,-0.23000000000000043,225590260.0,15015847,0,15.15,15.25,14.86,15.24
601156,东航物流,18.13,-0.8747949699289237,-0.16000000000000014,272660109.0,15065042,0,18.2,18.31,17.9,18.29
601158,重庆水务,4.49,0.22321428571428092,0.009999999999999787,30292690.0,6750084,0,4.48,4.5,4.47,4.48
601162,天风证券,4.29,0.704225352112682,0.03000000000000025,869831385.0,202958679,0,4.26,4.32,4.25,4.26
601163,三角轮胎,14.25,0.21097046413501658,0.02999999999999936,70141813.0,4933971,0,14.19,14.25,14.16,14.22
601166,兴业银行,20.84,-0.3824091778202765,-0.08000000000000185,1239044443.0,59363078,0,20.98,21.06,20.79,20.92
601168,西部矿业,28.28,1.1083303539506695,0.3100000000000023,1660287667.0,58656277,0,27.66,28.67,27.66,27.97
601169,北京银行,5.51,-0.36166365280290164,-0.020000000000000462,558420093.0,101237080,0,5.53,5.54,5.5,5.53
601177,杭齿前进,17.49,0.5750431282346053,0.09999999999999787,157512397.0,8996205,0,17.31,17.64,17.29,17.39
601179,中国西电,10.86,2.9383886255924048,0.3099999999999987,4137947601.0,379323656,0,10.53,11.18,10.51,10.55
601186,中国铁建,7.8,0.0,0.0,321721368.0,41294612,0,7.8,7.81,7.77,7.8
601187,厦门银行,7.12,-0.5586592178770954,-0.040000000000000036,113867084.0,15994680,0,7.15,7.16,7.09,7.16
601188,龙江交通,3.53,0.0,0.0,52416787.0,14885033,0,3.52,3.54,3.51,3.53
601198,东兴证券,13.89,0.4338394793926283,0.0600000000000005,676949610.0,48808798,0,13.85,13.95,13.77,13.83
601199,江南水务,5.68,0.7092198581560291,0.040000000000000036,32390628.0,5726263,0,5.65,5.68,5.63,5.64
601200,上海环境,8.16,0.4926108374384351,0.040000000000000924,74490330.0,9144627,0,8.13,8.17,8.11,8.12
601208,东材科技,27.55,1.660516605166049,0.4499999999999993,1893439165.0,69769002,0,27.1,27.73,26.15,27.1
601211,国泰海通,21.07,-1.172607879924953,-0.25,2429901640.0,114747666,0,21.32,21.49,20.93,21.32
601212,白银有色,5.92,1.7182130584192379,0.09999999999999964,1123103860.0,190960023,0,5.74,5.94,5.74,5.82
601216,君正集团,5.19,-0.9541984732824393,-0.04999999999999982,733528580.0,140426705,0,5.25,5.29,5.18,5.24
601218,吉鑫科技,5.3,0.18903591682419257,0.009999999999999787,238398010.0,44900031,0,5.29,5.39,5.24,5.29
601222,林洋能源,5.62,0.0,0.0,118145514.0,21046138,0,5.61,5.64,5.58,5.62
601225,陕西煤业,22.59,0.4893238434163676,0.10999999999999943,782895345.0,34667486,0,22.35,22.71,22.31,22.48
601226,华电科工,8.93,6.818181818181822,0.5700000000000003,761819797.0,84930514,0,8.3,9.2,8.3,8.36
601228,广州港,3.29,0.3048780487804949,0.010000000000000231,105833420.0,32191597,0,3.29,3.31,3.27,3.28
601229,上海银行,9.91,-0.40201005025124775,-0.03999999999999915,474756892.0,48074061,0,9.92,9.97,9.82,9.95
601231,环旭电子,28.99,1.2574222843171479,0.35999999999999943,1190304175.0,40916735,0,28.3,29.88,28.01,28.63
601233,桐昆股份,17.67,-2.267699115044229,-0.4099999999999966,587694473.0,33209704,0,18.2,18.34,17.49,18.08
601236,红塔证券,8.45,0.4756242568370886,0.03999999999999915,152744057.0,18128230,0,8.41,8.48,8.37,8.41
601238,广汽集团,8.44,0.11862396204032961,0.009999999999999787,346369277.0,40911064,0,8.45,8.55,8.39,8.43
601279,英利汽车,5.08,-0.3921568627450897,-0.019999999999999574,169818985.0,33678100,0,5.12,5.13,4.98,5.1
601288,农业银行,7.41,-0.4032258064516162,-0.03000000000000025,1652341284.0,223087394,0,7.42,7.45,7.38,7.44
601298,青岛港,8.37,0.35971223021581966,0.02999999999999936,115312387.0,13782243,0,8.34,8.39,8.32,8.34
601311,骆驼股份,9.39,0.42780748663102597,0.040000000000000924,201337454.0,21474946,0,9.35,9.43,9.32,9.35
601318,中国平安,69.0,-1.960784313725484,-1.3799999999999955,14285738425.0,206334825,0,70.6,71.28,68.24,70.38
601319,中国人保,9.84,0.40816326530611374,0.03999999999999915,951558714.0,96984025,0,9.85,9.95,9.6,9.8
601326,秦港股份,3.5,0.0,0.0,72611029.0,20777400,0,3.5,3.51,3.48,3.5
601328,交通银行,7.07,-0.2820874471085977,-0.019999999999999574,687082677.0,96956414,0,7.12,7.13,7.06,7.09
601330,绿色动力,6.9,-0.28901734104045623,-0.019999999999999574,42568805.0,6176399,0,6.91,6.92,6.86,6.92
601333,广深铁路,3.04,0.3300330033003377,0.010000000000000231,102594868.0,33753284,0,3.04,3.05,3.03,3.03
601336,新华保险,80.38,-1.3136893799877316,-1.0700000000000074,2724274267.0,34047442,0,81.0,81.95,78.02,81.45
601339,百隆东方,5.97,1.5306122448979567,0.08999999999999986,78288669.0,13245200,0,5.86,6.01,5.82,5.88
601360,三六零,12.14,6.304728546409813,0.7200000000000006,3738760248.0,314471317,0,11.33,12.23,11.33,11.42
601366,利群股份,5.05,0.7984031936127752,0.040000000000000036,258696510.0,51605397,0,5.01,5.05,4.95,5.01
601368,绿城水务,5.02,0.6012024048096064,0.02999999999999936,21638719.0,4324573,0,5.0,5.03,4.98,4.99
601369,陕鼓动力,10.12,1.6064257028112285,0.15999999999999837,168652559.0,16616698,0,10.0,10.3,9.98,9.96
601375,中原证券,4.4,0.9174311926605512,0.040000000000000036,209067146.0,47691487,0,4.36,4.41,4.35,4.36
601377,兴业证券,7.24,-0.5494505494505499,-0.040000000000000036,1369997707.0,188788334,0,7.27,7.34,7.19,7.28
601388,怡球资源,3.18,0.6329113924050638,0.020000000000000018,169830312.0,53394063,0,3.14,3.21,3.14,3.16
601390,中国中铁,5.58,0.0,0.0,523056554.0,93985147,0,5.57,5.59,5.53,5.58
601398,工商银行,7.71,0.2600780234070166,0.019999999999999574,1852121116.0,241092986,0,7.69,7.72,7.64,7.69
601399,国机重装,6.21,2.4752475247524814,0.15000000000000036,5321341735.0,850954550,0,6.6,6.6,5.84,6.06
601456,国联民生,9.94,-0.8973080757726806,-0.08999999999999986,457278744.0,45859455,0,10.02,10.05,9.9,10.03
601500,通用股份,4.96,1.4314928425357931,0.07000000000000028,187454567.0,38098403,0,4.9,4.98,4.84,4.89
601512,中新集团,10.17,6.158663883089769,0.5899999999999999,277869105.0,27533515,0,9.81,10.32,9.81,9.58
601515,衢州东峰,4.31,2.1327014218009444,0.08999999999999986,119226616.0,27615745,0,4.22,4.38,4.21,4.22
601518,吉林高速,2.83,0.7117437722419936,0.020000000000000018,34135941.0,12104152,0,2.82,2.83,2.81,2.81
601519,大智慧,14.17,0.9259259259259316,0.13000000000000078,950005323.0,67030367,0,14.0,14.46,13.95,14.04
601528,瑞丰银行,5.49,-0.3629764065335676,-0.019999999999999574,124310237.0,22712221,0,5.51,5.51,5.44,5.51
601555,东吴证券,9.24,0.9836065573770475,0.08999999999999986,429191408.0,46572424,0,9.16,9.28,9.15,9.15
601566,九牧王,13.69,1.48257968865826,0.1999999999999993,500093070.0,36873250,0,13.49,13.83,13.32,13.49
601567,三星医疗,24.45,0.04091653027822426,0.00999999999999801,337177516.0,13795589,0,24.45,24.67,24.28,24.44
601568,北元集团,3.92,0.0,0.0,87969282.0,22472970,0,3.92,3.94,3.89,3.92
601577,长沙银行,9.49,0.0,0.0,140404369.0,14848097,0,9.49,9.5,9.42,9.49
601579,会稽山,20.85,0.9196515004840333,0.19000000000000128,229170921.0,11061972,0,20.71,20.89,20.44,20.66
601588,北辰实业,1.77,-0.5617977528089892,-0.010000000000000009,51182810.0,28879546,0,1.77,1.79,1.76,1.78
601595,上海电影,30.45,5.545927209705365,1.5999999999999979,636359037.0,21296445,0,28.72,30.73,28.72,28.85
601598,中国外运,6.18,0.16207455429497222,0.009999999999999787,71137437.0,11514295,0,6.16,6.21,6.15,6.17
601599,浙文影业,4.14,3.759398496240588,0.14999999999999947,273063666.0,66844300,0,3.98,4.16,3.97,3.99
601600,中国铝业,14.05,2.930402930402933,0.40000000000000036,5469608311.0,392865127,0,13.49,14.3,13.49,13.65
601601,中国太保,46.5,-0.9584664536741274,-0.45000000000000284,2122100106.0,45531231,0,47.2,47.49,45.87,46.95
601606,长城军工,51.97,4.4833132287897,2.229999999999997,4513682161.0,87538872,0,50.9,52.88,50.03,49.74
601607,上海医药,17.88,0.22421524663676654,0.03999999999999915,246907628.0,13814169,0,17.85,17.93,17.82,17.84
601608,中信重工,7.5,1.2145748987854232,0.08999999999999986,2457402977.0,322374208,0,8.01,8.02,7.44,7.41
601609,金田股份,11.27,1.8987341772151816,0.20999999999999908,558214486.0,49594068,0,11.07,11.38,11.05,11.06
601611,中国核建,18.13,7.088009450679264,1.1999999999999993,5488906635.0,306762283,0,17.5,18.62,16.9,16.93
601615,明阳智能,17.89,6.805970149253734,1.1400000000000006,4227003529.0,234062961,0,18.42,18.43,17.39,16.75
601616,广电电气,4.0,0.5025125628140708,0.020000000000000018,81404743.0,20432800,0,4.0,4.01,3.94,3.98
601618,中国中冶,3.08,0.3257328990228089,0.010000000000000231,540508161.0,175591236,0,3.07,3.1,3.06,3.07
601619,嘉泽新能,4.86,1.8867924528302045,0.09000000000000075,351846945.0,72490822,0,4.78,4.91,4.77,4.77
601628,中国人寿,48.81,-0.3877551020408117,-0.18999999999999773,723096898.0,14826646,0,48.99,49.5,48.23,49.0
601633,长城汽车,22.13,0.13574660633483068,0.029999999999997584,344465431.0,15593057,0,22.09,22.18,22.0,22.1
601636,旗滨集团,6.36,-0.4694835680751074,-0.02999999999999936,262674617.0,41293536,0,6.39,6.43,6.31,6.39
601658,邮储银行,5.42,0.1848428835489794,0.009999999999999787,826709112.0,152938472,0,5.41,5.43,5.38,5.41
601665,齐鲁银行,5.63,-0.880281690140842,-0.04999999999999982,309294996.0,55029883,0,5.68,5.69,5.59,5.68
601666,平煤股份,8.41,0.23837902264600205,0.019999999999999574,271365964.0,32306524,0,8.36,8.44,8.31,8.39
601668,中国建筑,5.18,-0.19267822736032128,-0.010000000000000675,843195854.0,162780865,0,5.2,5.2,5.16,5.19
601669,中国电建,5.38,0.18621973929236102,0.009999999999999787,783235348.0,145810917,0,5.37,5.39,5.35,5.37
601677,明泰铝业,14.95,0.8771929824561335,0.129999999999999,442133597.0,29593067,0,14.8,15.06,14.75,14.82
601678,滨化股份,4.61,-1.2847965738757947,-0.05999999999999961,242659310.0,52713665,0,4.67,4.67,4.56,4.67
601686,友发集团,6.37,0.15723270440251236,0.009999999999999787,61531640.0,9680500,0,6.36,6.38,6.32,6.36
601688,华泰证券,23.95,0.0,0.0,2591590666.0,108647963,0,23.9,24.12,23.57,23.95
601689,拓普集团,75.35,0.9512325830653722,0.7099999999999937,3064717287.0,40386238,0,74.64,77.11,74.23,74.64
601696,中银证券,14.85,-0.20161290322581407,-0.030000000000001137,1151862404.0,77725260,0,14.81,14.93,14.68,14.88
601698,中国卫通,48.98,9.993262968785078,4.449999999999996,13075506264.0,276551765,0,45.01,48.98,45.01,44.53
601699,潞安环能,13.07,-1.2093726379440677,-0.16000000000000014,523674986.0,39917780,0,12.91,13.25,12.82,13.23
601700,风范股份,5.88,0.1703577512776795,0.009999999999999787,320887310.0,54268846,0,5.87,6.02,5.81,5.87
601702,华峰铝业,19.92,0.5552751135790156,0.11000000000000298,201126458.0,10104100,0,19.88,20.13,19.73,19.81
601717,中创智领,24.3,1.503759398496238,0.35999999999999943,363265901.0,15010133,0,23.95,24.38,23.88,23.94
601718,际华集团,3.53,-0.2824858757062212,-0.010000000000000231,345952813.0,98744100,0,3.53,3.54,3.47,3.54
601727,上海电气,9.3,-0.214592274678107,-0.019999999999999574,3798280830.0,406440431,0,9.37,9.5,9.2,9.32
601728,中国电信,6.32,0.6369426751592362,0.040000000000000036,1115816296.0,176492990,0,6.27,6.37,6.26,6.28
601766,中国中车,7.03,0.14245014245015208,0.010000000000000675,615641053.0,87649576,0,7.01,7.07,6.99,7.02
601777,千里科技,12.13,1.932773109243701,0.23000000000000043,793676504.0,66005036,0,11.77,12.22,11.61,11.9
601778,晶科科技,4.05,-1.4598540145985521,-0.0600000000000005,620348534.0,152565546,0,4.09,4.13,4.02,4.11
601788,光大证券,17.8,0.28169014084507443,0.05000000000000071,554279206.0,31183965,0,17.71,17.88,17.69,17.75
601789,宁波建工,5.27,2.92968749999999,0.14999999999999947,342200041.0,64950742,0,5.1,5.41,5.09,5.12
601798,蓝科高新,9.28,-0.6423982869379069,-0.0600000000000005,85804906.0,9233058,0,9.37,9.41,9.23,9.34
601799,星宇股份,126.4,-0.1343130283637414,-0.1699999999999875,177219148.0,1406525,0,126.25,126.89,125.3,126.57
601800,XD中国交,8.29,-0.1204819277108622,-0.010000000000001563,196604710.0,23684681,0,8.34,8.35,8.28,8.3
601801,XD皖新传,6.78,2.571860816944023,0.16999999999999993,114610585.0,17114813,0,6.63,6.78,6.62,6.61
601808,中海油服,14.54,1.6783216783216672,0.23999999999999844,320563190.0,22166783,0,14.45,14.61,14.31,14.3
601811,新华文轩,14.67,4.860614724803429,0.6799999999999997,204458996.0,13914714,0,14.0,15.32,14.0,13.99
601816,京沪高铁,5.11,0.19607843137256228,0.010000000000000675,550200673.0,107587741,0,5.1,5.13,5.09,5.1
601818,光大银行,3.45,-0.5763688760806921,-0.020000000000000018,662053263.0,191124812,0,3.48,3.48,3.45,3.47
601825,沪农商行,9.03,-0.5506607929515497,-0.05000000000000071,262227143.0,29185651,0,9.12,9.12,8.88,9.08
601827,三峰环境,8.52,-0.1172332942555661,-0.009999999999999787,50115523.0,5885565,0,8.51,8.54,8.49,8.53
601828,美凯龙,2.75,0.3649635036496272,0.009999999999999787,86027864.0,31434660,0,2.74,2.76,2.72,2.74
601838,成都银行,16.12,-0.6777572396796021,-0.10999999999999943,611341366.0,37915884,0,16.23,16.24,16.07,16.23
601857,中国石油,9.87,0.714285714285699,0.06999999999999851,2041920921.0,207592057,0,9.98,10.04,9.73,9.8
601858,中国科传,19.52,5.229110512129374,0.9699999999999989,295338145.0,15390918,0,18.54,19.63,18.51,18.55
601860,紫金银行,2.77,0.3623188405797185,0.010000000000000231,55189107.0,19965728,0,2.77,2.77,2.75,2.76
601865,福莱特,16.18,-1.6413373860182343,-0.2699999999999996,345824120.0,21269267,0,16.3,16.52,16.1,16.45
601866,中远海发,2.54,0.7936507936507943,0.020000000000000018,177181890.0,69929703,0,2.52,2.55,2.51,2.52
601868,中国能建,2.4,0.0,0.0,632861720.0,263580262,0,2.41,2.42,2.39,2.4
601869,长飞光纤,112.03,0.3583266147093126,0.4000000000000057,1337314002.0,12011177,0,110.0,113.62,108.89,111.63
601872,招商轮船,9.83,2.395833333333338,0.23000000000000043,1407982108.0,142704807,0,9.86,10.08,9.67,9.6
601877,正泰电器,29.57,-0.2024974687816359,-0.05999999999999872,853103113.0,28843798,0,29.7,29.91,29.32,29.63
601878,浙商证券,11.05,0.3633060853769385,0.040000000000000924,548273354.0,49672087,0,11.02,11.09,10.99,11.01
601880,辽港股份,1.63,0.6172839506172707,0.009999999999999787,159618022.0,98034346,0,1.62,1.64,1.61,1.62
601881,中国银河,16.08,0.24937655860348598,0.03999999999999915,674667141.0,42037449,0,16.07,16.15,15.98,16.04
601882,海天精工,20.2,1.05052526263132,0.21000000000000085,108459896.0,5363600,0,20.0,20.33,20.0,19.99
601886,江河集团,8.78,-0.22727272727274261,-0.02000000000000135,71640757.0,8178591,0,8.73,8.88,8.67,8.8
601888,中国中免,95.78,3.0446476600322736,2.8299999999999983,6554581055.0,68204901,0,93.84,97.48,93.46,92.95
601890,亚星锚链,10.95,0.09140767824497063,0.009999999999999787,711630945.0,65049112,0,10.97,11.1,10.82,10.94
601898,中煤能源,13.81,0.8765522279035866,0.120000000000001,392065395.0,28411601,0,13.6,13.98,13.47,13.69
601899,紫金矿业,37.22,2.534435261707994,0.9200000000000017,10408944354.0,280579041,0,36.0,37.67,35.98,36.3
601900,南方传媒,13.7,3.474320241691836,0.4599999999999991,205395668.0,15259554,0,13.26,13.71,13.25,13.24
601901,方正证券,7.92,0.3802281368821324,0.03000000000000025,644892038.0,81601193,0,7.89,7.95,7.86,7.89
601908,京运通,4.06,-0.24570024570026225,-0.010000000000000675,241824357.0,59669620,0,4.03,4.09,4.01,4.07
601916,浙商银行,3.03,0.0,0.0,198116528.0,65314754,0,3.03,3.04,3.03,3.03
601918,新集能源,7.02,1.0071942446043078,0.0699999999999994,372900163.0,53197923,0,6.94,7.07,6.93,6.95
601919,中远海控,14.9,0.4043126684636152,0.0600000000000005,830213205.0,55870275,0,14.85,14.91,14.82,14.84
601921,浙版传媒,8.14,1.877346683354197,0.15000000000000036,131425695.0,16270739,0,7.98,8.14,7.97,7.99
601928,凤凰传媒,10.07,1.00300902708124,0.09999999999999964,141006743.0,14058610,0,9.98,10.08,9.96,9.97
601929,吉视传媒,3.96,9.999999999999996,0.3599999999999999,1466758674.0,386287014,0,3.59,3.96,3.57,3.6
601933,永辉超市,5.16,2.5844930417495005,0.1299999999999999,3928888151.0,769478597,0,4.94,5.19,4.93,5.03
601939,建设银行,9.06,-0.33003300330032304,-0.02999999999999936,835573450.0,92617812,0,9.08,9.08,8.98,9.09
601949,中国出版,6.74,2.4316109422492422,0.16000000000000014,95603075.0,14303773,0,6.58,6.74,6.56,6.58
601952,苏垦农发,9.31,1.1956521739130568,0.11000000000000121,129331724.0,13900428,0,9.19,9.38,9.17,9.2
601956,东贝集团,7.31,0.9668508287292734,0.0699999999999994,86514273.0,11911800,0,7.26,7.32,7.2,7.24
601958,金钼股份,18.38,9.99401555954517,1.6699999999999982,1379367076.0,76916560,0,16.75,18.38,16.7,16.71
601963,重庆银行,10.45,0.0,0.0,103020329.0,9889626,0,10.42,10.53,10.32,10.45
601965,中国汽研,17.66,1.904212348528574,0.33000000000000185,242669267.0,13809171,0,17.36,18.03,17.22,17.33
601966,玲珑轮胎,14.74,0.13586956521738838,0.019999999999999574,187243425.0,12717320,0,14.73,14.76,14.66,14.72
601968,宝钢包装,5.51,3.9622641509433953,0.20999999999999996,152569687.0,27794600,0,5.3,5.59,5.3,5.3
601969,海南矿业,11.53,0.43554006968640185,0.049999999999998934,470493120.0,40835709,0,11.49,11.63,11.43,11.48
601975,招商南油,3.22,0.311526479750786,0.010000000000000231,535244063.0,165958867,0,3.28,3.3,3.19,3.21
601985,中国核电,9.04,-0.5500550055005579,-0.05000000000000071,1418520720.0,157184047,0,9.09,9.11,8.97,9.09
601988,中国银行,5.49,-0.5434782608695536,-0.02999999999999936,1248627643.0,227623324,0,5.51,5.52,5.46,5.52
601989,中国重工,5.1,0.0,0.0,0.0,0,0,0.0,0.0,0.0,5.1
601990,南京证券,8.11,0.6203473945409297,0.049999999999998934,172832222.0,21358628,0,8.06,8.13,8.05,8.06
601991,大唐发电,3.63,0.0,0.0,313222396.0,86400325,0,3.62,3.65,3.6,3.63
601992,金隅集团,1.76,-1.6759776536312863,-0.030000000000000027,220699473.0,124541783,0,1.78,1.8,1.74,1.79
601995,中金公司,35.77,0.4775280898876452,0.1700000000000017,917751201.0,25714267,0,35.5,35.9,35.49,35.6
601996,丰林集团,2.3,-0.8620689655172422,-0.020000000000000018,52143309.0,22587700,0,2.3,2.33,2.28,2.32
601997,贵阳银行,5.86,0.1709401709401825,0.010000000000000675,144051971.0,24632153,0,5.85,5.87,5.83,5.85
601998,中信银行,7.39,-0.269905533063434,-0.020000000000000462,476210403.0,64640787,0,7.39,7.41,7.32,7.41
601999,出版传媒,7.18,2.1337126600284417,0.14999999999999947,43955275.0,6193501,0,7.03,7.18,7.01,7.03
603000,人民网,21.05,4.8829098156452435,0.9800000000000004,854570440.0,41339824,0,20.05,21.17,20.02,20.07
603001,奥康国际,8.59,1.0588235294117632,0.08999999999999986,71103681.0,8366600,0,8.5,8.61,8.39,8.5
603002,宏昌电子,7.72,-0.25839793281654344,-0.020000000000000462,181407274.0,23530737,0,7.7,7.78,7.65,7.74
603003,退市龙宇,2.44,0.0,0.0,0.0,0,0,0.0,0.0,0.0,2.44
603004,鼎龙科技,24.4,0.3289473684210456,0.0799999999999983,113478690.0,4661745,0,24.32,24.5,24.14,24.32
603005,晶方科技,29.01,1.0801393728223077,0.3100000000000023,745338393.0,25734028,0,28.68,29.22,28.6,28.7
603006,联明股份,13.28,0.07535795026375122,0.009999999999999787,30419979.0,2302200,0,13.25,13.3,13.12,13.27
603007,*ST花王,5.74,-4.173622704507513,-0.25,270100611.0,46394498,0,6.03,6.06,5.69,5.99
603008,喜临门,20.31,-0.48995590396864974,-0.10000000000000142,354773848.0,17454439,0,20.29,20.5,20.21,20.41
603009,北特科技,48.15,2.5340715502555318,1.1899999999999977,720617572.0,14981399,0,46.96,48.66,46.9,46.96
603010,万盛股份,10.79,-0.8272058823529561,-0.09000000000000163,76495396.0,7089536,0,10.82,10.87,10.72,10.88
603011,合锻智能,28.68,6.935123042505591,1.8599999999999994,2690716933.0,96609071,0,26.71,29.35,26.0,26.82
603012,创力集团,6.93,1.3157894736842086,0.08999999999999986,319198653.0,46229640,0,6.84,7.02,6.75,6.84
603013,亚普股份,25.85,7.708333333333339,1.8500000000000014,287131590.0,11428906,0,24.09,26.12,23.93,24.0
603015,弘讯科技,17.11,10.032154340836003,1.5599999999999987,952578116.0,56088818,0,17.11,17.11,16.23,15.55
603016,新宏泰,30.28,-1.0457516339869288,-0.3200000000000003,109604158.0,3565900,0,30.35,31.4,30.1,30.6
603017,中衡设计,13.3,10.008271298593886,1.2100000000000009,63600986.0,4782029,0,13.3,13.3,13.3,12.09
603018,华设集团,7.71,1.1811023622047225,0.08999999999999986,108630289.0,14126353,0,7.65,7.79,7.64,7.62
603019,中科曙光,93.34,0.36559139784946604,0.3400000000000034,5983886531.0,64511002,0,93.0,93.79,91.25,93.0
603020,爱普股份,10.37,1.1707317073170656,0.11999999999999922,45660970.0,4443800,0,10.29,10.37,10.18,10.25
603021,ST华鹏,5.0,3.9501039501039585,0.1900000000000004,46248154.0,9308560,0,4.82,5.05,4.81,4.81
603022,新通联,10.59,-0.09433962264150743,-0.009999999999999787,77638987.0,7363400,0,10.65,10.67,10.43,10.6
603023,威帝股份,5.52,-1.2522361359570713,-0.07000000000000028,240410889.0,43429053,0,5.63,5.65,5.48,5.59
603025,大豪科技,18.38,0.767543859649126,0.14000000000000057,176440553.0,9625022,0,18.23,18.45,18.2,18.24
603026,石大胜华,73.15,-1.6007532956685468,-1.1899999999999977,702181898.0,9488162,0,74.0,75.2,72.88,74.34
603027,千禾味业,10.23,1.0869565217391424,0.11000000000000121,134623316.0,13188321,0,10.1,10.4,10.09,10.12
603028,赛福天,9.51,0.4223864836325147,0.03999999999999915,276306392.0,29041460,0,9.39,9.71,9.37,9.47
603029,天鹅股份,18.52,0.5428881650379905,0.09999999999999787,39137858.0,2122400,0,18.56,18.61,18.3,18.42
603030,全筑股份,3.0,-0.9900990099009837,-0.029999999999999805,88244643.0,29425103,0,3.06,3.06,2.97,3.03
603031,安孚科技,52.18,-0.60952380952381,-0.3200000000000003,937061110.0,17856444,0,53.5,54.8,51.0,52.5
603032,德新科技,19.76,0.10131712259373417,0.020000000000003126,122179564.0,6198765,0,19.89,20.0,19.5,19.74
603033,三维股份,11.02,2.8944911297852354,0.3099999999999987,121103184.0,11107582,0,10.68,11.1,10.65,10.71
603035,常熟汽饰,15.93,0.8227848101265759,0.129999999999999,135011154.0,8499600,0,15.78,16.08,15.75,15.8
603036,如通股份,21.8,2.0121665886757123,0.4299999999999997,140484699.0,6503850,0,21.58,21.81,21.26,21.37
603037,凯众股份,17.83,4.697592483852009,0.7999999999999972,649557426.0,37846796,0,16.83,18.3,16.01,17.03
603038,华立股份,17.11,1.1229314420803649,0.18999999999999773,108839059.0,6425200,0,16.86,17.15,16.75,16.92
603039,泛微网络,59.61,4.799578059071724,2.729999999999997,428960218.0,7354863,0,56.5,59.89,56.28,56.88
603040,新坐标,86.3,2.7992852888624116,2.3499999999999943,163448144.0,1898379,0,85.0,87.4,83.9,83.95
603041,美思德,12.3,0.9852216748768554,0.120000000000001,27728982.0,2270708,0,12.13,12.3,12.13,12.18
603042,华脉科技,17.81,-0.5583472920156416,-0.10000000000000142,204771422.0,11552035,0,17.92,17.95,17.55,17.91
603043,广州酒家,17.58,0.11389521640090874,0.019999999999999574,65286897.0,3719485,0,17.62,17.69,17.46,17.56
603045,福达合金,22.5,8.277189605389793,1.7199999999999989,227451722.0,10325380,0,20.78,22.64,20.78,20.78
603048,浙江黎明,21.71,3.037494067394402,0.6400000000000006,80427996.0,3716245,0,21.25,22.52,21.1,21.07
603050,科林电气,18.48,-0.10810810810810581,-0.019999999999999574,66864263.0,3622566,0,18.49,18.65,18.36,18.5
603051,鹿山新材,22.76,-0.43744531933507375,-0.09999999999999787,145215862.0,6349308,0,23.0,23.19,22.63,22.86
603052,可川科技,44.53,6.023809523809526,2.530000000000001,824338813.0,19002382,0,42.0,46.2,41.21,42.0
603053,成都燃气,9.87,1.0235414534288603,0.09999999999999964,36704848.0,3721469,0,9.78,9.9,9.78,9.77
603055,台华新材,9.54,0.5268703898840773,0.049999999999998934,68840959.0,7233803,0,9.52,9.58,9.46,9.49
603056,德邦股份,14.04,1.0071942446043078,0.1399999999999988,63988132.0,4536400,0,13.9,14.19,13.85,13.9
603057,紫燕食品,27.25,10.012111425111023,2.4800000000000004,419762649.0,16308602,0,24.96,27.25,24.52,24.77
603058,永吉股份,9.66,0.31152647975077213,0.02999999999999936,120838826.0,12581200,0,9.63,9.75,9.48,9.63
603059,倍加洁,31.71,-0.50203953561343,-0.16000000000000014,58429484.0,1837200,0,31.83,32.15,31.48,31.87
603060,国检集团,6.21,0.0,0.0,45631990.0,7367008,0,6.2,6.23,6.16,6.21
603061,金海通,187.06,3.3480662983425424,6.060000000000002,698046101.0,3735593,0,180.09,193.3,180.09,181.0
603062,麦加芯彩,48.08,-0.8250825082508222,-0.3999999999999986,52695366.0,1092988,0,48.5,48.68,47.9,48.48
603063,禾望电气,33.78,2.2087745839637036,0.730000000000004,1021976752.0,30539909,0,32.91,33.99,32.79,33.05
603065,宿迁联盛,8.48,-0.3525264394829537,-0.02999999999999936,46356165.0,5474500,0,8.52,8.52,8.42,8.51
603066,音飞储存,10.84,0.37037037037036247,0.03999999999999915,36846195.0,3418904,0,10.85,10.86,10.7,10.8
603067,振华股份,35.1,9.996866186148546,3.1900000000000013,1217703465.0,35050083,0,33.0,35.1,33.0,31.91
603068,博通集成,39.17,0.25595085743537604,0.10000000000000142,241827593.0,6202200,0,39.07,39.41,38.73,39.07
603069,海汽集团,24.48,0.040866366979981875,0.010000000000001563,316803466.0,12917752,0,24.24,24.8,24.24,24.47
603070,万控智造,13.23,0.07564296520423439,0.009999999999999787,30147135.0,2283575,0,13.27,13.28,13.12,13.22
603071,物产环能,13.52,0.07401924500369939,0.009999999999999787,33543117.0,2481500,0,13.55,13.59,13.45,13.51
603072,天和磁材,43.27,1.8117647058823603,0.7700000000000031,226159796.0,5227973,0,42.51,43.66,42.5,42.5
603073,彩蝶实业,19.03,1.547491995731071,0.2900000000000027,23991839.0,1269111,0,18.78,19.08,18.65,18.74
603075,热威股份,22.93,0.21853146853147162,0.05000000000000071,33959114.0,1484433,0,22.9,23.05,22.7,22.88
603076,乐惠国际,24.11,0.836470096194058,0.1999999999999993,40198489.0,1675798,0,23.91,24.15,23.78,23.91
603077,和邦生物,2.33,0.0,0.0,354878279.0,152520574,0,2.32,2.35,2.3,2.33
603078,江化微,19.47,0.4125838060856023,0.0799999999999983,372308477.0,19205487,0,19.2,19.55,19.16,19.39
603079,圣达生物,18.3,-0.21810250817883942,-0.03999999999999915,68393381.0,3744849,0,18.36,18.51,18.05,18.34
603080,新疆火炬,25.12,2.6143790849673225,0.6400000000000006,167275843.0,6709560,0,24.49,25.39,24.49,24.48
603081,大丰实业,14.12,-0.4933051444679372,-0.07000000000000028,118752641.0,8430164,0,14.19,14.23,13.97,14.19
603082,北自科技,37.41,0.4834810636583393,0.17999999999999972,48892279.0,1307436,0,37.32,37.57,37.24,37.23
603083,剑桥科技,123.68,-0.1453253673502282,-0.1799999999999926,2579986344.0,21191040,0,120.2,124.51,118.6,123.86
603085,天成自控,12.3,1.3179571663920933,0.16000000000000014,184254302.0,15117029,0,12.2,12.37,12.0,12.14
603086,先达股份,8.43,-0.11848341232227236,-0.009999999999999787,82670575.0,9830600,0,8.43,8.45,8.36,8.44
603087,甘李药业,71.0,1.1396011396011354,0.7999999999999972,591133432.0,8385023,0,70.0,71.12,69.91,70.2
603088,宁波精达,10.9,-0.638103919781224,-0.07000000000000028,193786385.0,17764600,0,10.99,11.03,10.8,10.97
603089,正裕工业,13.0,-0.38314176245211273,-0.05000000000000071,70237186.0,5416424,0,13.1,13.12,12.87,13.05
603090,宏盛股份,60.75,5.725722241559343,3.289999999999999,444071603.0,7348800,0,58.8,62.02,57.46,57.46
603091,众鑫股份,77.98,-0.6244424620874154,-0.4899999999999949,75294101.0,969100,0,79.39,79.39,76.7,78.47
603093,南华期货,19.84,0.4556962025316449,0.08999999999999986,139361757.0,7016400,0,19.7,20.1,19.65,19.75
603095,越剑智能,16.84,0.0,0.0,105324167.0,6276948,0,16.84,17.02,16.6,16.84
603096,新经典,18.05,1.862302483069988,0.33000000000000185,35377140.0,1977080,0,17.68,18.11,17.65,17.72
603097,江苏华辰,29.04,0.6585788561525051,0.18999999999999773,161250887.0,5558377,0,28.98,29.56,28.6,28.85
603098,森特股份,13.94,-1.0645848119233523,-0.15000000000000036,76618697.0,5482200,0,14.05,14.1,13.85,14.09
603099,长白山,45.17,1.5969410706252831,0.7100000000000009,388002571.0,8636603,0,44.31,45.28,44.22,44.46
603100,川仪股份,26.9,10.020449897750508,2.4499999999999993,877714420.0,33242777,0,24.69,26.9,24.61,24.45
603101,汇嘉时代,10.29,1.3793103448275743,0.1399999999999988,174369298.0,17030241,0,10.06,10.32,10.06,10.15
603102,百合股份,44.68,-0.15642458100558723,-0.07000000000000028,32246485.0,725400,0,44.6,44.9,44.21,44.75
603103,横店影视,18.79,0.5350454788656921,0.09999999999999787,160998063.0,8695984,0,18.52,18.87,18.21,18.69
603105,芯能科技,9.58,-0.31217481789801627,-0.02999999999999936,123845270.0,12941300,0,9.56,9.64,9.5,9.61
603106,恒银科技,10.88,1.1152416356877417,0.120000000000001,217608832.0,20108272,0,10.68,10.88,10.67,10.76
603107,上海汽配,15.16,0.2645502645502707,0.040000000000000924,45708877.0,3021100,0,15.12,15.18,15.06,15.12
603108,润达医疗,17.94,9.993868792152071,1.6300000000000026,1476248900.0,84622352,0,16.39,17.94,16.38,16.31
603109,神驰机电,27.69,3.9024390243902545,1.0400000000000027,231729040.0,8366420,0,26.75,28.01,26.75,26.65
603110,东方材料,17.76,0.6232294617563909,0.11000000000000298,286121539.0,16296497,0,17.6,17.83,17.3,17.65
603111,康尼机电,7.02,0.28571428571427965,0.019999999999999574,81815486.0,11692150,0,7.01,7.02,6.96,7.0
603112,华翔股份,17.66,2.7341477603257642,0.46999999999999886,233985426.0,13161002,0,17.34,18.28,17.29,17.19
603113,金能科技,6.5,-0.6116207951070342,-0.040000000000000036,87289817.0,13457200,0,6.48,6.58,6.43,6.54
603115,海星股份,20.93,-0.7586533902323384,-0.16000000000000014,101674995.0,4851800,0,21.01,21.21,20.72,21.09
603116,红蜻蜓,6.79,7.606973058637092,0.4800000000000004,219165003.0,33339200,0,6.29,6.85,6.28,6.31
603117,万林物流,4.85,-0.20576131687244187,-0.010000000000000675,38787172.0,8038500,0,4.85,4.86,4.79,4.86
603118,共进股份,12.03,0.6694560669456073,0.08000000000000007,356313798.0,29626377,0,11.99,12.14,11.92,11.95
603119,浙江荣泰,111.75,5.126999059266231,5.450000000000003,1680586475.0,15055394,0,108.43,114.59,107.28,106.3
603121,华培动力,22.86,4.766269477543534,1.0399999999999991,395747419.0,17387596,0,21.8,23.15,21.66,21.82
603122,合富中国,21.71,0.5092592592592566,0.10999999999999943,779423448.0,35793305,0,21.4,22.22,21.3,21.6
603123,翠微股份,15.14,2.0903573836817295,0.3100000000000005,1186243245.0,78691703,0,14.54,15.35,14.5,14.83
603124,江南新材,88.94,2.5126786537574834,2.1799999999999926,213840160.0,2419399,0,86.0,91.0,84.22,86.76
603125,常青科技,18.99,0.26399155227031235,0.04999999999999716,442487528.0,23471011,0,18.41,19.45,18.41,18.94
603126,中材节能,6.88,-0.4341534008683104,-0.03000000000000025,68572142.0,9976142,0,6.92,6.95,6.81,6.91
603127,昭衍新药,42.11,-0.16595542911332453,-0.07000000000000028,919226363.0,22167871,0,41.92,42.35,40.72,42.18
603128,华贸物流,6.05,0.0,0.0,115143926.0,19090668,0,6.04,6.06,6.01,6.05
603129,春风动力,267.81,-0.5495933751717547,-1.4800000000000182,463041538.0,1736498,0,268.26,269.96,263.1,269.29
603130,云中马,55.3,-1.8110795454545512,-1.0200000000000031,190773209.0,3473800,0,54.94,56.32,53.4,56.32
603131,上海沪工,32.68,4.175964297099135,1.3099999999999987,2031944757.0,62346807,0,33.0,33.76,31.78,31.37
603132,金徽股份,15.55,2.7080581241743733,0.41000000000000014,122066721.0,7828200,0,15.1,16.08,14.97,15.14
603135,中重科技,9.58,0.20920502092049761,0.019999999999999574,66146771.0,6851907,0,9.6,9.94,9.45,9.56
603136,天目湖,11.82,0.08467400508043849,0.009999999999999787,76433471.0,6504380,0,11.78,11.83,11.69,11.81
603137,恒尚节能,14.1,-0.07087172218284754,-0.009999999999999787,15408886.0,1095263,0,14.1,14.2,13.96,14.11
603138,海量数据,15.18,1.6064257028112465,0.2400000000000002,105115514.0,6971435,0,15.0,15.18,14.94,14.94
603139,康惠股份,20.78,-0.19212295869355978,-0.03999999999999915,44401284.0,2143000,0,20.86,20.99,20.53,20.82
603150,万朗磁塑,39.57,0.40598832783558414,0.1600000000000037,80205793.0,2018600,0,39.2,40.29,39.2,39.41
603151,邦基科技,18.98,-0.9394572025052178,-0.17999999999999972,44764885.0,2365122,0,19.12,19.2,18.76,19.16
603153,上海建科,17.68,0.9708737864077563,0.16999999999999815,42087941.0,2390353,0,17.51,17.71,17.48,17.51
603155,新亚强,17.79,-0.6700167504187661,-0.120000000000001,100954359.0,5673465,0,17.82,17.94,17.66,17.91
603156,养元饮品,33.0,5.296745373324825,1.6600000000000001,475241884.0,14733538,0,31.41,33.35,31.02,31.34
603158,腾龙股份,10.56,0.28490028490029573,0.030000000000001137,156246135.0,14854856,0,10.53,10.59,10.42,10.53
603159,上海亚虹,26.46,-0.03777861730259921,-0.00999999999999801,103309966.0,3870553,0,27.75,27.75,26.0,26.47
603160,汇顶科技,81.84,0.7385524372230534,0.6000000000000085,473227748.0,5803207,0,81.28,82.16,80.95,81.24
603161,科华控股,14.17,2.089337175792501,0.28999999999999915,107123985.0,7535850,0,14.15,14.45,13.95,13.88
603162,海通发展,12.55,1.1281224818694646,0.14000000000000057,189068642.0,15289636,0,12.41,12.58,12.22,12.41
603163,圣晖集成,75.51,-3.155059638322424,-2.4599999999999937,353109447.0,4653682,0,77.0,77.36,75.0,77.97
603165,荣晟环保,12.76,0.1569858712715822,0.019999999999999574,30609682.0,2404036,0,12.74,12.77,12.68,12.74
603166,福达股份,15.89,1.0814249363867678,0.16999999999999993,255595992.0,16150700,0,15.72,15.96,15.67,15.72
603167,渤海轮渡,9.32,0.10741138560687202,0.009999999999999787,49730100.0,5337909,0,9.34,9.35,9.29,9.31
603168,莎普爱思,7.69,0.6544502617801141,0.05000000000000071,40430310.0,5289354,0,7.63,7.74,7.57,7.64
603169,兰石重装,13.02,4.4943820224719,0.5599999999999987,2493373361.0,191255576,0,13.33,13.56,12.5,12.46
603170,宝立食品,14.86,-0.9993337774816813,-0.15000000000000036,58535592.0,3902200,0,14.94,15.28,14.86,15.01
603171,税友股份,71.06,10.000000000000012,6.460000000000008,603464461.0,8927478,0,64.6,71.06,63.8,64.6
603172,万丰股份,17.65,-0.28248587570621875,-0.05000000000000071,43543454.0,2479900,0,17.78,17.78,17.36,17.7
603173,福斯达,45.19,3.646788990825679,1.5899999999999963,171591699.0,3835200,0,43.61,45.2,43.5,43.6
603176,汇通集团,5.44,0.5545286506469547,0.03000000000000025,35332549.0,6551400,0,5.42,5.45,5.33,5.41
603177,德创环保,11.55,0.4347826086956583,0.05000000000000071,66605142.0,5754800,0,11.63,11.86,11.41,11.5
603178,圣龙股份,19.16,0.31413612565444354,0.05999999999999872,104033461.0,5441008,0,19.13,19.3,18.92,19.1
603179,新泉股份,85.83,9.996155324875044,7.799999999999997,2629643524.0,32413388,0,78.04,85.83,76.2,78.03
603180,金牌家居,20.28,0.049333991119889314,0.010000000000001563,30565976.0,1509096,0,20.29,20.34,20.14,20.27
603181,皇马科技,15.61,3.2407407407407427,0.4900000000000002,419294434.0,26626797,0,15.4,16.09,15.32,15.12
603182,嘉华股份,15.81,0.5085823267641454,0.08000000000000007,37744182.0,2392700,0,15.81,15.96,15.64,15.73
603183,建研院,4.42,0.6833712984054727,0.03000000000000025,41451639.0,9437712,0,4.39,4.42,4.35,4.39
603185,弘元绿能,28.69,-9.208860759493671,-2.91,1972927842.0,67334193,0,31.2,31.37,28.44,31.6
603186,华正新材,54.75,5.308713214079627,2.759999999999998,610377642.0,11330300,0,51.5,56.14,50.8,51.99
603187,海容冷链,15.68,0.2557544757033194,0.03999999999999915,62837843.0,4018504,0,15.7,15.78,15.52,15.64
603188,亚邦股份,4.57,-0.8676789587852501,-0.040000000000000036,65538919.0,14377600,0,4.6,4.64,4.52,4.61
603189,网达软件,21.38,7.383224510296328,1.4699999999999989,401391451.0,19274200,0,19.85,21.38,19.84,19.91
603190,亚通精工,27.18,1.0033444816053496,0.2699999999999996,87194550.0,3226800,0,26.92,27.27,26.75,26.91
603191,望变电气,16.66,2.8395061728395112,0.46000000000000085,321129210.0,19322228,0,16.29,16.83,16.28,16.2
603192,汇得科技,27.4,3.7093111279333715,0.9799999999999969,240020566.0,8871562,0,26.6,27.59,26.13,26.42
603193,润本股份,24.98,0.5636070853462181,0.14000000000000057,58247272.0,2340375,0,24.91,24.98,24.75,24.84
603194,中力股份,39.79,0.5559767500631763,0.21999999999999886,97309677.0,2459666,0,39.57,39.91,39.33,39.57
603195,公牛集团,41.55,0.6540697674418507,0.269999999999996,134763840.0,3254954,0,41.25,41.59,41.23,41.28
603196,日播时尚,25.08,1.3333333333333264,0.3299999999999983,55453232.0,2225500,0,24.96,25.15,24.71,24.75
603197,保隆科技,38.98,-1.3164556962025395,-0.5200000000000031,392331161.0,10110477,0,39.22,39.39,38.41,39.5
603198,迎驾贡酒,39.84,0.3779289493575351,0.15000000000000568,162252547.0,4070100,0,39.75,40.29,39.55,39.69
603199,九华旅游,38.17,0.5267316302344031,0.20000000000000284,69316372.0,1820400,0,37.82,38.29,37.8,37.97
603200,上海洗霸,76.96,0.11708078574214804,0.0899999999999892,496512833.0,6483984,0,76.07,77.99,74.81,76.87
603201,常润股份,17.17,0.0,0.0,22670970.0,1320964,0,17.25,17.3,17.04,17.17
603203,快克智能,36.68,0.0,0.0,136998833.0,3758564,0,36.09,36.75,36.09,36.68
603205,健尔康,28.74,-0.2775850104094443,-0.08000000000000185,45951910.0,1598088,0,28.84,28.9,28.68,28.82
603206,嘉环科技,17.91,0.5614823133071388,0.10000000000000142,140951658.0,7896600,0,17.68,17.99,17.65,17.81
603207,小方制药,29.6,0.16920473773265893,0.05000000000000071,39630690.0,1342668,0,29.5,29.64,29.39,29.55
603208,江山欧派,14.6,0.20590253946464898,0.02999999999999936,39073746.0,2681513,0,14.6,14.64,14.53,14.57
603209,兴通股份,15.25,0.0,0.0,98352854.0,6459962,0,15.27,15.34,15.12,15.25
603211,晋拓股份,23.45,3.031634446397178,0.6899999999999977,390518398.0,16917763,0,22.77,23.55,22.51,22.76
603212,赛伍技术,14.6,-1.0169491525423753,-0.15000000000000036,845925832.0,57087323,0,14.95,15.27,14.32,14.75
603213,镇洋发展,13.21,0.22761760242792972,0.030000000000001137,35663254.0,2706920,0,13.2,13.25,13.12,13.18
603214,爱婴室,17.31,0.8153756552125626,0.13999999999999702,75011681.0,4351154,0,17.16,17.31,17.12,17.17
603215,比依股份,21.45,-1.1520737327188941,-0.25,122222375.0,5682300,0,21.61,21.84,21.28,21.7
603216,梦天家居,42.2,-2.292197267886073,-0.9899999999999949,264103200.0,6301072,0,43.55,43.7,40.57,43.19
603217,元利科技,26.09,1.2417539774932103,0.3200000000000003,77163059.0,2990780,0,25.77,26.09,25.35,25.77
603218,日月股份,13.65,1.3363028953229377,0.17999999999999972,204776649.0,14954772,0,13.55,13.89,13.53,13.47
603219,富佳股份,18.04,2.3255813953488382,0.41000000000000014,184302630.0,10362720,0,17.65,18.18,17.36,17.63
603220,中贝通信,23.64,1.3287612516073823,0.3100000000000023,423984005.0,18059624,0,23.35,23.85,23.09,23.33
603221,爱丽家居,13.52,-1.6011644832605576,-0.22000000000000064,124004166.0,9188900,0,13.75,13.76,13.37,13.74
603222,济民健康,9.82,1.5511892450879043,0.15000000000000036,199973938.0,20616821,0,9.67,9.82,9.55,9.67
603223,恒通股份,9.42,1.7278617710583168,0.16000000000000014,75604405.0,8098192,0,9.29,9.42,9.26,9.26
603225,新凤鸣,19.92,-0.8955223880597,-0.17999999999999972,270396869.0,13640841,0,20.2,20.29,19.42,20.1
603226,菲林格尔,30.96,-0.578034682080924,-0.17999999999999972,107398134.0,3505391,0,31.2,31.2,30.17,31.14
603227,雪峰科技,8.46,-0.23584905660376854,-0.019999999999999574,91478102.0,10842500,0,8.51,8.51,8.41,8.48
603228,景旺电子,74.81,-2.8567718478119764,-2.200000000000003,2388774388.0,32264384,0,76.5,76.77,72.14,77.01
603229,奥翔药业,10.26,0.7858546168958749,0.08000000000000007,98782324.0,9670392,0,10.15,10.27,10.14,10.18
603230,内蒙新华,12.93,1.5710919088766637,0.1999999999999993,58611065.0,4569700,0,12.72,12.93,12.7,12.73
603231,索宝蛋白,18.73,0.37513397642015156,0.07000000000000028,56527564.0,3031880,0,18.57,18.74,18.5,18.66
603232,格尔软件,24.3,-0.2872384078785403,-0.07000000000000028,704153654.0,28805100,0,24.01,25.0,23.95,24.37
603233,大参林,18.38,1.3230429988974555,0.23999999999999844,137384840.0,7495395,0,18.15,18.49,18.02,18.14
603235,天新药业,26.97,0.0,0.0,19262868.0,715248,0,26.9,26.99,26.86,26.97
603236,移远通信,101.72,1.9749373433583948,1.9699999999999989,1213074739.0,11948161,0,99.3,103.28,98.56,99.75
603237,五芳斋,16.94,0.23668639053256038,0.0400000000000027,26891966.0,1591051,0,16.9,16.96,16.85,16.9
603238,诺邦股份,17.82,0.7348784624081345,0.129999999999999,39056852.0,2206818,0,17.7,17.84,17.53,17.69
603239,浙江仙通,20.42,1.3902681231380394,0.28000000000000114,128468904.0,6284400,0,20.14,20.77,20.1,20.14
603255,鼎际得,29.91,-2.4779915226605853,-0.7600000000000016,45286995.0,1508000,0,30.72,30.82,29.82,30.67
603256,宏和科技,39.1,4.266666666666671,1.6000000000000014,1220954912.0,32298606,0,37.04,39.22,36.11,37.5
603258,电魂网络,19.33,1.897733263046913,0.35999999999999943,90897231.0,4748100,0,19.02,19.33,18.9,18.97
603259,药明康德,99.08,0.9269634307833315,0.9099999999999966,5038668555.0,50761404,0,98.68,101.0,97.02,98.17
603260,合盛硅业,55.0,-2.256975297671944,-1.2700000000000031,873130348.0,15804066,0,55.7,55.81,54.7,56.27
603261,*ST立航,27.85,4.81746330447874,1.2800000000000011,89588562.0,3232001,0,27.32,27.9,26.71,26.57
603266,天龙股份,22.54,0.850111856823256,0.18999999999999773,162368918.0,7225508,0,22.29,22.68,22.19,22.35
603267,鸿远电子,57.73,3.9056875449963906,2.1699999999999946,859955710.0,15048383,0,55.97,58.24,55.81,55.56
603268,*ST松发,88.3,-4.3854899837574415,-4.049999999999997,380975197.0,4266860,0,91.53,93.0,88.0,92.35
603269,海鸥股份,13.6,-0.8023340627279446,-0.11000000000000121,221155209.0,16290171,0,13.98,14.0,13.42,13.71
603270,金帝股份,26.91,1.3941220798794312,0.370000000000001,174139953.0,6457872,0,26.42,27.28,26.36,26.54
603271,永杰新材,41.97,1.6222760290556941,0.6700000000000017,115645774.0,2768366,0,41.37,42.3,41.28,41.3
603272,联翔股份,21.47,3.9709443099273622,0.8200000000000003,101500582.0,4817800,0,20.86,21.57,20.7,20.65
603273,天元智能,20.44,-0.09775171065493438,-0.019999999999999574,63255812.0,3098009,0,20.4,20.68,20.24,20.46
603275,众辰科技,48.08,2.34142188165177,1.1000000000000014,230928349.0,4896657,0,46.91,48.74,46.01,46.98
603276,恒兴新材,17.19,0.6440281030445141,0.11000000000000298,41156993.0,2405073,0,17.2,17.3,16.91,17.08
603277,银都股份,16.76,0.0,0.0,40700117.0,2446830,0,16.71,16.81,16.5,16.76
603278,大业股份,16.11,-4.674556213017747,-0.7899999999999991,1420009962.0,85152418,0,16.35,17.65,16.08,16.9
603279,景津装备,17.3,-0.6888633754305452,-0.120000000000001,174532492.0,10106734,0,17.75,17.75,17.09,17.42
603280,南方路机,38.67,-0.10333247222939587,-0.03999999999999915,98461950.0,2553000,0,38.95,38.95,38.15,38.71
603281,江瀚新材,28.82,-0.06934812760055331,-0.019999999999999574,57103539.0,1984703,0,28.75,28.96,28.62,28.84
603282,亚光股份,20.76,0.9727626459144108,0.20000000000000284,31261614.0,1509300,0,20.59,20.83,20.51,20.56
603283,赛腾股份,44.55,-1.4598540145985484,-0.6600000000000037,651345238.0,14577445,0,44.9,45.11,44.4,45.21
603285,键邦股份,25.11,-0.593824228028512,-0.15000000000000213,65049842.0,2597600,0,25.21,25.22,24.79,25.26
603286,日盈电子,69.5,3.777810960131404,2.530000000000001,488522861.0,7137200,0,66.88,70.09,65.8,66.97
603288,海天味业,37.89,-0.34192530247238967,-0.13000000000000256,398360233.0,10505227,0,38.12,38.27,37.72,38.02
603289,泰瑞机器,10.41,0.8720930232558125,0.08999999999999986,40881742.0,3955400,0,10.34,10.41,10.23,10.32
603290,斯达半导,101.22,1.048218029350102,1.0499999999999972,448366062.0,4432718,0,100.06,102.25,99.8,100.17
603291,联合水务,10.74,1.0348071495766644,0.10999999999999943,72788712.0,6804086,0,10.73,10.79,10.61,10.63
603296,华勤技术,96.4,1.3669821240799278,1.3000000000000114,1064680508.0,11073086,0,94.99,97.69,94.02,95.1
603297,永新光学,114.99,1.179058512978433,1.3399999999999892,262399835.0,2289027,0,112.53,116.43,112.53,113.65
603298,杭叉集团,27.66,3.0935519940365332,0.8300000000000018,262057734.0,9572208,0,26.81,27.72,26.74,26.83
603299,苏盐井神,10.9,-1.4466546112115743,-0.16000000000000014,107472878.0,9848305,0,11.07,11.09,10.83,11.06
603300,海南华铁,8.05,4.005167958656338,0.3100000000000005,1531928438.0,191218586,0,7.73,8.09,7.71,7.74
603301,振德医疗,69.6,0.25929127052721496,0.1799999999999926,187063288.0,2703283,0,69.6,70.31,67.83,69.42
603303,得邦照明,13.02,-0.1533742331288311,-0.019999999999999574,20829822.0,1598856,0,13.05,13.1,12.97,13.04
603305,旭升集团,19.1,10.02304147465439,1.740000000000002,1378655639.0,73053227,0,17.8,19.1,17.76,17.36
603306,华懋科技,63.94,-0.5444081505677532,-0.3500000000000085,776843114.0,12202562,0,63.7,65.59,62.34,64.29
603307,扬州金泉,42.55,5.295718881464985,2.1400000000000006,90484649.0,2168800,0,40.41,42.69,40.3,40.41
603308,应流股份,44.76,1.9589977220956705,0.8599999999999994,1133526619.0,25433389,0,44.78,45.99,43.1,43.9
603309,维力医疗,13.17,0.5343511450381702,0.07000000000000028,224208402.0,17133321,0,12.98,13.36,12.92,13.1
603310,巍华新材,17.18,0.2918855808523101,0.05000000000000071,36752330.0,2141648,0,17.19,17.22,17.1,17.13
603311,金海高科,14.7,-0.40650406504065373,-0.0600000000000005,128840282.0,8763100,0,14.84,14.96,14.52,14.76
603312,西典新能,48.98,0.9480626545754199,0.45999999999999375,109700268.0,2251516,0,48.46,49.11,48.26,48.52
603313,梦百合,9.58,1.375661375661384,0.13000000000000078,154808557.0,16391964,0,9.45,9.75,9.22,9.45
603315,福鞍股份,15.43,-2.2179974651457517,-0.34999999999999964,230242306.0,14769500,0,15.88,16.25,15.28,15.78
603316,诚邦股份,15.31,-1.1620400258231098,-0.17999999999999972,141354951.0,9244660,0,15.39,15.5,15.02,15.49
603317,天味食品,12.91,0.7020280811232438,0.08999999999999986,88930201.0,6893589,0,12.73,13.03,12.72,12.82
603318,水发燃气,6.85,0.1461988304093536,0.009999999999999787,85767212.0,12603009,0,6.84,6.87,6.74,6.84
603319,美湖股份,35.17,2.119628339140546,0.730000000000004,473101451.0,13421567,0,34.47,35.77,34.46,34.44
603320,迪贝电气,18.86,0.8556149732620328,0.16000000000000014,41393538.0,2196210,0,18.7,18.98,18.67,18.7
603321,梅轮电梯,8.4,0.9615384615384623,0.08000000000000007,57399418.0,6854900,0,8.32,8.47,8.27,8.32
603322,超讯通信,40.85,0.46728971962618016,0.19000000000000483,414620442.0,10205148,0,40.95,40.99,40.3,40.66
603323,苏农银行,5.04,0.19880715705764984,0.009999999999999787,84502459.0,16782771,0,5.03,5.05,5.02,5.03
603324,盛剑科技,26.9,1.893939393939394,0.5,126274085.0,4763222,0,26.25,26.92,25.9,26.4
603325,博隆技术,82.78,1.5705521472392654,1.2800000000000011,104075809.0,1261297,0,81.5,82.99,81.19,81.5
603326,我乐家居,8.94,0.9029345372460504,0.08000000000000007,39814802.0,4479004,0,8.88,8.95,8.82,8.86
603327,福蓉科技,11.31,1.4349775784753376,0.16000000000000014,324148923.0,28840970,0,11.09,11.4,11.02,11.15
603328,依顿电子,11.44,1.508429458740017,0.16999999999999993,269489872.0,23690874,0,11.25,11.51,11.17,11.27
603329,上海雅仕,11.16,0.1795332136445204,0.019999999999999574,33045681.0,2968660,0,11.13,11.21,11.06,11.14
603330,天洋新材,7.36,-0.6747638326585671,-0.04999999999999982,68511061.0,9328692,0,7.42,7.46,7.25,7.41
603331,百达精工,14.01,3.0147058823529425,0.41000000000000014,301441833.0,22046090,0,13.47,14.09,13.31,13.6
603332,苏州龙杰,13.73,0.21897810218978933,0.030000000000001137,94343417.0,6938090,0,13.63,13.73,13.43,13.7
603333,尚纬股份,8.92,-0.7786429365962212,-0.07000000000000028,408149150.0,45377101,0,9.2,9.22,8.82,8.99
603335,迪生力,5.67,1.250000000000005,0.07000000000000028,101948685.0,18172576,0,5.6,5.76,5.5,5.6
603336,宏辉果蔬,8.97,-1.4285714285714177,-0.129999999999999,122002238.0,13566331,0,9.05,9.19,8.91,9.1
603337,杰克科技,46.6,6.344135098128712,2.780000000000001,302119611.0,6555600,0,43.82,46.87,43.61,43.82
603338,浙江鼎力,57.18,0.7399577167019058,0.4200000000000017,384961154.0,6729952,0,56.81,57.66,56.61,56.76
603339,四方科技,13.54,-0.44117647058823894,-0.0600000000000005,117795737.0,8714895,0,13.75,13.75,13.44,13.6
603341,龙旗科技,50.19,3.144266337854503,1.5300000000000011,1395419213.0,28037609,0,48.5,51.2,47.66,48.66
603344,星德胜,38.2,1.0314731552499352,0.39000000000000057,236747700.0,6248319,0,38.9,39.36,36.94,37.81
603345,安井食品,86.15,1.580002358212479,1.3400000000000034,559446131.0,6498610,0,84.85,88.1,84.81,84.81
603348,文灿股份,20.58,-0.483558994197299,-0.10000000000000142,109866201.0,5322675,0,20.8,20.8,20.46,20.68
603350,安乃达,38.42,0.3133159268929623,0.12000000000000455,46291785.0,1207700,0,38.3,38.5,38.02,38.3
603351,威尔药业,26.76,0.22471910112360402,0.060000000000002274,19001285.0,714456,0,26.7,26.76,26.35,26.7
603353,和顺石油,27.81,-0.21528525296018036,-0.060000000000002274,205057943.0,7342990,0,28.41,28.81,27.5,27.87
603355,莱克电气,30.67,-3.1269740998104814,-0.9899999999999984,142278860.0,4563500,0,31.66,32.02,30.61,31.66
603356,华菱精工,15.94,3.4393251135626177,0.5299999999999994,154548734.0,9866215,0,15.71,16.1,15.31,15.41
603357,设计总院,8.25,0.3649635036496272,0.02999999999999936,27707234.0,3365778,0,8.23,8.27,8.2,8.22
603358,华达科技,55.88,7.8764478764478865,4.080000000000005,704031807.0,12622675,0,52.55,56.68,52.55,51.8
603359,东珠生态,9.75,1.5625000000000038,0.15000000000000036,529135944.0,54077476,0,9.45,10.08,9.45,9.6
603360,百傲化学,31.93,-1.8746158574062675,-0.6099999999999994,399504687.0,12487184,0,32.32,32.5,31.72,32.54
603363,傲农生物,4.47,-0.6666666666666722,-0.03000000000000025,254440793.0,57047874,0,4.49,4.5,4.41,4.5
603365,水星家纺,20.59,1.4285714285714244,0.28999999999999915,45085854.0,2198500,0,20.3,20.79,20.28,20.3
603366,日出东方,9.71,0.41365046535678307,0.040000000000000924,240279955.0,24820005,0,9.67,9.74,9.61,9.67
603367,辰欣药业,18.83,2.170374389582195,0.3999999999999986,358365123.0,19277501,0,18.41,18.86,18.3,18.43
603368,柳药集团,18.67,1.7993456924754736,0.33000000000000185,151842330.0,8159547,0,18.31,18.73,18.31,18.34
603369,今世缘,35.47,0.16944365998306207,0.060000000000002274,251196343.0,7072055,0,35.42,35.95,35.3,35.41
603373,安邦护卫,39.83,-0.025100401606438543,-0.010000000000005116,65575903.0,1643001,0,39.87,40.3,39.7,39.84
603375,盛景微,38.33,0.8684210526315744,0.3299999999999983,85329315.0,2242172,0,37.9,38.36,37.75,38.0
603377,ST东时,4.08,2.5125628140703538,0.10000000000000009,66202744.0,16529980,0,3.97,4.13,3.91,3.98
603378,亚士创能,6.91,-0.2886002886002824,-0.019999999999999574,47005597.0,6850532,0,6.93,6.96,6.8,6.93
603379,三美股份,59.18,0.37313432835820703,0.21999999999999886,273351480.0,4637405,0,58.71,59.47,58.34,58.96
603380,易德龙,39.5,2.1992238033635223,0.8500000000000014,167926835.0,4279900,0,38.69,39.5,38.4,38.65
603381,永臻股份,20.44,-0.4868549172346537,-0.09999999999999787,60680470.0,2966454,0,20.52,20.57,20.31,20.54
603383,顶点软件,38.29,1.082365364308333,0.4099999999999966,184372419.0,4832677,0,37.85,38.35,37.8,37.88
603385,惠达卫浴,6.81,0.0,0.0,25415192.0,3746340,0,6.81,6.83,6.73,6.81
603386,骏亚科技,15.98,1.8483110261312996,0.2900000000000009,367285160.0,23182060,0,15.7,15.99,15.57,15.69
603387,基蛋生物,8.52,0.5903187721369414,0.049999999999998934,59414240.0,6996263,0,8.44,8.53,8.42,8.47
603388,*ST元成,0.58,0.0,0.0,0.0,0,0,0.0,0.0,0.0,0.58
603389,*ST亚振,43.18,-4.994499449945001,-2.270000000000003,175052495.0,4023460,0,45.2,45.41,43.18,45.45
603390,通达电气,13.43,0.44876589379207554,0.0600000000000005,117349197.0,8763300,0,13.37,13.47,13.28,13.37
603391,力聚热能,64.91,-0.5972434915773362,-0.39000000000000057,72794154.0,1121200,0,65.3,65.5,64.53,65.3
603392,万泰生物,46.78,0.2142245072836363,0.10000000000000142,216657383.0,4648098,0,46.7,46.95,46.15,46.68
603393,新天然气,28.0,1.1926273942898384,0.3299999999999983,173640988.0,6203664,0,27.73,28.23,27.63,27.67
603395,红四方,30.1,0.19973368841545366,0.060000000000002274,77255215.0,2572458,0,29.87,30.2,29.87,30.04
603396,金辰股份,34.87,-2.105558674901741,-0.75,250811448.0,7152661,0,35.6,35.72,34.47,35.62
603398,*ST沐邦,9.32,-1.2711864406779578,-0.11999999999999922,163576561.0,17502080,0,9.55,9.7,9.19,9.44
603399,永杉锂业,11.23,0.989208633093536,0.11000000000000121,226917211.0,20198838,0,11.03,11.37,11.02,11.12
603408,建霖家居,13.02,-0.6864988558352392,-0.08999999999999986,54384719.0,4167100,0,13.12,13.16,12.96,13.11
603409,汇通控股,37.27,0.21511158913687928,0.0800000000000054,57602596.0,1548289,0,37.18,37.5,36.95,37.19
603416,信捷电气,64.5,5.512841485359067,3.3699999999999974,758796950.0,11932400,0,62.2,65.65,60.68,61.13
603421,鼎信通讯,7.21,-1.2328767123287652,-0.08999999999999986,120489181.0,16732626,0,7.26,7.29,7.13,7.3
603429,集友股份,10.88,-0.9107468123861534,-0.09999999999999964,183811229.0,17003213,0,10.95,11.2,10.6,10.98
603439,三力制药,11.88,0.5927180355630844,0.07000000000000028,44014659.0,3725700,0,11.79,11.88,11.75,11.81
603444,吉比特,467.21,3.993144434304538,17.939999999999998,1029270313.0,2256371,0,447.51,467.95,439.9,449.27
603456,九洲药业,19.44,3.184713375796186,0.6000000000000014,465346958.0,24319036,0,18.79,19.48,18.76,18.84
603458,勘设股份,12.04,-0.08298755186723288,-0.010000000000001563,311184592.0,26612191,0,11.69,12.19,11.3,12.05
603466,风语筑,10.38,3.8000000000000074,0.3800000000000008,306654980.0,29827994,0,10.03,10.38,10.01,10.0
603477,巨星农牧,17.46,0.0,0.0,105724404.0,6062801,0,17.45,17.61,17.35,17.46
603486,科沃斯,83.48,1.3106796116504833,1.0799999999999983,566574044.0,6825388,0,82.6,83.73,81.7,82.4
603488,展鹏科技,9.7,1.358411703239279,0.129999999999999,588757954.0,59359119,0,10.52,10.53,9.26,9.57
603489,八方股份,31.3,5.778979384927344,1.7100000000000009,163950422.0,5354564,0,29.62,31.3,29.51,29.59
603496,恒为科技,32.26,9.989771564950562,2.9299999999999997,1451535657.0,46915666,0,29.2,32.26,28.86,29.33
603499,翔港科技,22.16,1.3260173754000877,0.28999999999999915,220244719.0,9928683,0,21.87,22.6,21.87,21.87
603500,祥和实业,12.21,0.6595218466611712,0.08000000000000007,92698980.0,7631825,0,12.15,12.22,12.05,12.13
603501,豪威集团,131.52,-0.25784923403610144,-0.3400000000000034,2157597859.0,16439354,0,131.86,132.19,130.08,131.86
603505,金石资源,19.45,0.7772020725388528,0.14999999999999858,228896894.0,11772069,0,19.31,19.62,19.2,19.3
603506,南都物业,13.31,-0.07507507507507347,-0.009999999999999787,53265395.0,4007840,0,13.27,13.47,13.17,13.32
603507,振江股份,29.94,4.685314685314684,1.3399999999999999,507283214.0,17058959,0,29.15,30.28,28.75,28.6
603508,思维列控,27.49,2.269345238095236,0.6099999999999994,287389151.0,10515064,0,27.0,27.63,26.9,26.88
603511,爱慕股份,16.33,2.5753768844221003,0.40999999999999837,56719578.0,3498600,0,15.9,16.34,15.89,15.92
603515,欧普照明,18.55,-0.9081196581196483,-0.16999999999999815,42606343.0,2294919,0,18.68,18.86,18.47,18.72
603516,淳中科技,231.35,0.5432420686657975,1.25,1614525952.0,7029051,0,231.75,236.0,221.1,230.1
603517,ST绝味,13.14,-0.22779043280181746,-0.02999999999999936,78071426.0,5953540,0,13.13,13.21,13.05,13.17
603518,锦泓集团,9.83,-0.30425963488843166,-0.02999999999999936,86835244.0,8839960,0,9.86,9.88,9.77,9.86
603519,立霸股份,12.2,-0.24529844644318183,-0.030000000000001137,37472080.0,3076308,0,12.23,12.26,12.1,12.23
603520,司太立,10.02,0.6024096385542039,0.05999999999999872,101056589.0,10115641,0,9.96,10.1,9.91,9.96
603527,众源新材,11.09,0.0,0.0,106822589.0,9607164,0,11.09,11.2,11.04,11.09
603528,多伦科技,11.2,-0.17825311942960204,-0.02000000000000135,445785460.0,39954009,0,11.21,11.36,10.99,11.22
603529,爱玛科技,30.38,-0.2953724975385621,-0.08999999999999986,187774559.0,6193919,0,30.45,30.49,30.15,30.47
603530,神马电力,43.11,0.023201856148487264,0.00999999999999801,274959083.0,6352600,0,42.97,43.9,42.9,43.1
603533,掌阅科技,26.59,3.867187499999994,0.9899999999999984,1266228384.0,48398341,0,25.43,26.88,25.21,25.6
603535,嘉诚国际,10.58,1.050620821394455,0.10999999999999943,80202855.0,7655698,0,10.43,10.58,10.39,10.47
603536,惠发食品,11.49,0.7894736842105251,0.08999999999999986,119449669.0,10472140,0,11.4,11.5,11.26,11.4
603538,美诺华,21.1,0.5719733079123022,0.120000000000001,149326794.0,7148673,0,20.97,21.14,20.68,20.98
603551,奥普科技,11.5,1.054481546572928,0.11999999999999922,51798870.0,4535100,0,11.38,11.52,11.33,11.38
603556,海兴电力,35.55,0.4804974561899225,0.1699999999999946,133241898.0,3748663,0,35.25,35.98,35.08,35.38
603557,ST起步,2.71,1.4981273408239715,0.040000000000000036,40921333.0,15147800,0,2.66,2.75,2.65,2.67
603558,健盛集团,11.03,-1.2533572068039442,-0.14000000000000057,38056050.0,3448900,0,11.14,11.16,10.97,11.17
603559,ST通脉,6.72,-1.176470588235295,-0.08000000000000007,32574548.0,4822305,0,6.8,6.85,6.69,6.8
603565,中谷物流,10.09,0.2982107355864747,0.02999999999999936,127150369.0,12651619,0,10.04,10.09,10.02,10.06
603566,普莱柯,12.88,0.23346303501946408,0.030000000000001137,62516509.0,4867100,0,12.82,12.88,12.78,12.85
603567,珍宝岛,9.31,0.3232758620689778,0.030000000000001137,58089878.0,6273132,0,9.25,9.31,9.18,9.28
603568,伟明环保,25.58,-0.0390777647518623,-0.010000000000001563,150678356.0,5918235,0,25.64,25.82,25.22,25.59
603569,长久物流,7.81,0.12820512820512547,0.009999999999999787,47196878.0,6062100,0,7.75,7.82,7.74,7.8
603577,汇金通,10.89,-0.4570383912248532,-0.049999999999998934,145397173.0,13452006,0,10.94,10.98,10.71,10.94
603578,三星新材,12.27,0.0815660685154958,0.009999999999999787,44169303.0,3617542,0,12.26,12.31,12.1,12.26
603579,荣泰健康,27.55,1.1009174311926633,0.3000000000000007,665242322.0,24544536,0,26.6,27.58,26.26,27.25
603580,*ST艾艾,16.3,-0.7912355447352344,-0.129999999999999,16896060.0,1039810,0,16.33,16.43,16.13,16.43
603583,捷昌驱动,38.46,-0.36269430051813617,-0.14000000000000057,343595166.0,8895854,0,38.7,39.07,38.22,38.6
603585,苏利股份,19.5,0.25706940874036355,0.05000000000000071,77695190.0,4016680,0,19.44,19.51,19.19,19.45
603586,金麒麟,19.13,-0.41644976574701636,-0.08000000000000185,57633484.0,3016509,0,19.18,19.34,18.97,19.21
603587,地素时尚,13.23,1.0695187165775444,0.14000000000000057,48371745.0,3690020,0,13.06,13.25,12.98,13.09
603588,高能环境,9.26,1.9823788546255476,0.17999999999999972,953423627.0,103614882,0,9.16,9.34,9.08,9.08
603589,口子窖,30.21,0.5659121171771029,0.1700000000000017,115818469.0,3842516,0,30.05,30.25,30.0,30.04
603590,康辰药业,45.04,1.46429375985582,0.6499999999999986,390333215.0,8813100,0,44.23,45.9,43.1,44.39
603595,ST东尼,17.14,-0.17472335468841663,-0.030000000000001137,63732335.0,3710492,0,17.19,17.34,17.05,17.17
603596,伯特利,55.14,0.36403349108118466,0.20000000000000284,990500514.0,17918500,0,55.0,55.98,54.68,54.94
603598,引力传媒,25.93,10.012728044123884,2.3599999999999994,472686844.0,18580309,0,24.04,25.93,24.04,23.57
603599,广信股份,11.88,-0.9174311926605456,-0.10999999999999943,115774020.0,9743332,0,11.98,12.01,11.82,11.99
603600,永艺股份,11.5,-0.8620689655172384,-0.09999999999999964,79488193.0,6912650,0,11.6,11.61,11.4,11.6
603601,再升科技,13.51,-2.0304568527918736,-0.27999999999999936,3002481050.0,220942508,0,13.53,13.93,13.1,13.79
603602,纵横通信,14.97,1.0121457489878567,0.15000000000000036,82238324.0,5529528,0,14.87,14.99,14.76,14.82
603605,珀莱雅,69.32,0.6680220737728634,0.45999999999999375,275127585.0,3977029,0,68.91,69.68,68.78,68.86
603606,东方电缆,60.9,2.542515575012625,1.509999999999998,553138755.0,9161771,0,59.39,60.95,59.26,59.39
603607,京华激光,28.14,2.5884068538097003,0.7100000000000009,171491445.0,6187500,0,27.15,28.3,27.15,27.43
603608,天创时尚,8.93,-4.081632653061233,-0.3800000000000008,353524032.0,39530809,0,9.16,9.29,8.79,9.31
603609,禾丰股份,7.27,0.832177531206652,0.05999999999999961,29665985.0,4100250,0,7.22,7.28,7.19,7.21
603610,麒盛科技,19.42,-0.20554984583761124,-0.03999999999999915,217181455.0,11248078,0,19.25,19.63,19.1,19.46
603611,诺力股份,24.14,0.961940610623172,0.23000000000000043,99378387.0,4129190,0,23.95,24.19,23.89,23.91
603612,索通发展,26.42,2.92169848071679,0.75,587239567.0,22321806,0,25.55,26.82,25.5,25.67
603613,国联股份,28.72,1.1980267794221278,0.33999999999999986,432198441.0,15128833,0,28.2,28.8,28.15,28.38
603615,茶花股份,24.46,0.0,0.0,93391663.0,3855000,0,24.46,24.47,23.9,24.46
603616,韩建河山,5.6,0.0,0.0,150202140.0,27083522,0,5.6,5.65,5.5,5.6
603617,君禾股份,7.76,0.0,0.0,164125940.0,21238697,0,7.74,7.78,7.67,7.76
603618,杭电股份,8.41,-0.23724792408065923,-0.019999999999999574,206506196.0,24668586,0,8.44,8.45,8.29,8.43
603619,中曼石油,24.44,6.030368763557486,1.3900000000000006,541780919.0,22376630,0,23.75,24.88,23.67,23.05
603626,科森科技,20.6,3.3099297893681046,0.6600000000000001,1399862481.0,69164694,0,20.0,20.98,19.56,19.94
603628,清源股份,13.69,-0.43636363636364,-0.0600000000000005,147301502.0,10791522,0,13.7,13.82,13.51,13.75
603629,利通电子,29.09,2.8642149929278595,0.8099999999999987,445558304.0,15464219,0,28.1,29.4,28.1,28.28
603630,拉芳家化,20.52,0.04875670404679673,0.00999999999999801,67859658.0,3320700,0,20.42,20.7,20.28,20.51
603633,徕木股份,10.32,0.3891050583657678,0.040000000000000924,109055479.0,10596707,0,10.28,10.47,10.18,10.28
603636,南威软件,12.61,3.0228758169934573,0.3699999999999992,404028571.0,32524391,0,12.3,12.65,12.23,12.24
603637,镇海股份,11.82,2.7826086956521765,0.3200000000000003,133270984.0,11316576,0,11.51,11.98,11.51,11.5
603638,艾迪精密,19.62,1.710730948678081,0.33000000000000185,130010576.0,6636415,0,19.38,19.78,19.31,19.29
603639,海利尔,12.9,-0.6163328197226507,-0.08000000000000007,28366056.0,2195880,0,13.01,13.02,12.84,12.98
603648,畅联股份,10.61,0.3784295175023571,0.03999999999999915,35993480.0,3407700,0,10.63,10.64,10.48,10.57
603650,彤程新材,57.62,1.5688348316587355,0.8900000000000006,3880427126.0,68600088,0,56.6,58.66,54.7,56.73
603655,朗博科技,42.99,1.1767474699929394,0.5,128707281.0,2982690,0,42.22,44.19,42.02,42.49
603656,泰禾智能,23.36,0.7330746011211648,0.16999999999999815,80327308.0,3460700,0,23.18,23.57,22.97,23.19
603657,春光科技,30.3,1.951547779273223,0.5800000000000018,85813684.0,2855180,0,29.6,30.5,29.6,29.72
603658,安图生物,37.1,1.5047879616963182,0.5500000000000043,122586880.0,3327848,0,36.5,37.11,36.4,36.55
603659,璞泰来,27.71,1.1313868613138771,0.3100000000000023,738502576.0,26605141,0,27.38,28.15,27.1,27.4
603660,苏州科达,11.43,2.6954177897574025,0.29999999999999893,310956757.0,27407429,0,11.11,11.49,11.11,11.13
603661,恒林股份,31.52,0.0,0.0,23358447.0,742320,0,31.62,31.62,31.36,31.52
603662,柯力传感,69.85,0.9393063583814905,0.6499999999999915,502311230.0,7202263,0,69.0,70.29,68.72,69.2
603663,三祥新材,36.67,1.8894137260350088,0.6799999999999997,513198590.0,13887631,0,35.81,37.53,35.81,35.99
603665,康隆达,31.1,0.7777057679844523,0.240000000000002,116244060.0,3787833,0,30.75,31.38,30.16,30.86
603666,亿嘉和,31.57,-1.2511729746637428,-0.3999999999999986,221066469.0,6992000,0,31.97,31.98,31.27,31.97
603667,五洲新春,78.11,2.857519094021598,2.1700000000000017,4968813473.0,63251858,0,76.92,80.92,75.4,75.94
603668,天马科技,17.05,2.4024024024024158,0.40000000000000213,348064242.0,20632581,0,16.65,17.22,16.5,16.65
603669,灵康药业,4.81,1.4767932489451348,0.0699999999999994,48616217.0,10213536,0,4.73,4.82,4.7,4.74
603676,卫信康,11.23,1.0801080108010892,0.120000000000001,33969275.0,3047300,0,11.09,11.24,11.04,11.11
603677,奇精机械,18.13,0.44321329639888246,0.0799999999999983,46544569.0,2572300,0,18.04,18.18,17.97,18.05
603678,火炬电子,39.41,6.226415094339609,2.309999999999995,2063942118.0,52224079,0,38.0,40.81,37.87,37.1
603679,华体科技,17.97,5.14921006436512,0.879999999999999,552074511.0,30783383,0,17.3,18.8,17.17,17.09
603680,今创集团,16.68,-1.3017751479289874,-0.21999999999999886,171540384.0,10280838,0,17.17,17.22,16.5,16.9
603681,永冠新材,19.19,1.053185887309125,0.20000000000000284,99297765.0,5256400,0,19.1,19.19,18.68,18.99
603682,锦和商管,7.17,7.335329341317369,0.4900000000000002,176459273.0,25105900,0,6.7,7.28,6.68,6.68
603683,晶华新材,26.78,0.8662900188323932,0.23000000000000043,304618334.0,11420629,0,26.27,27.3,26.03,26.55
603685,晨丰科技,19.03,-0.41862899005755255,-0.0799999999999983,95614431.0,4940124,0,19.1,19.99,18.95,19.11
603686,福龙马,28.13,0.6440071556350616,0.17999999999999972,1210067959.0,43070889,0,27.68,28.38,27.68,27.95
603687,大胜达,10.61,1.7257909875359512,0.17999999999999972,225695923.0,21148300,0,10.5,11.21,10.44,10.43
603688,石英股份,39.55,0.7130124777183449,0.27999999999999403,501236243.0,12656734,0,39.2,40.07,39.12,39.27
603689,皖天然气,8.25,0.12135922330096828,0.009999999999999787,27195281.0,3296231,0,8.25,8.27,8.22,8.24
603690,至纯科技,32.64,-0.27497708524288517,-0.0899999999999963,842274860.0,25897293,0,32.56,32.85,32.26,32.73
603693,江苏新能,12.31,1.735537190082652,0.21000000000000085,74452694.0,6037089,0,12.13,12.44,12.13,12.1
603696,安记食品,24.0,3.6269430051813467,0.8399999999999999,1311564377.0,54674194,0,23.16,25.38,22.56,23.16
603697,有友食品,13.01,0.618716163959784,0.08000000000000007,72541039.0,5626056,0,12.97,13.03,12.75,12.93
603698,航天工程,44.0,3.2863849765258184,1.3999999999999986,2520171247.0,56851901,0,43.0,46.72,42.6,42.6
603699,纽威股份,54.2,1.6694803976739832,0.8900000000000006,229979576.0,4233185,0,53.31,55.1,52.85,53.31
603700,宁水集团,13.72,0.8082292432035356,0.11000000000000121,56734021.0,4163030,0,13.65,13.75,13.51,13.61
603701,德宏股份,20.28,-0.1968503937007832,-0.03999999999999915,64340918.0,3168678,0,20.29,20.5,20.06,20.32
603703,盛洋科技,17.18,2.997601918465228,0.5,2158326570.0,122970363,0,18.35,18.35,16.26,16.68
603706,东方环宇,19.81,0.15166835187056413,0.029999999999997584,21332177.0,1078024,0,19.75,19.87,19.68,19.78
603707,健友股份,9.57,1.8085106382978715,0.16999999999999993,129044972.0,13588356,0,9.4,9.59,9.35,9.4
603708,家家悦,12.14,2.4472573839662526,0.2900000000000009,161245194.0,13421660,0,11.84,12.15,11.82,11.85
603709,中源家居,16.97,0.8318478906714235,0.14000000000000057,78656323.0,4664129,0,16.8,17.08,16.68,16.83
603711,香飘飘,13.76,-0.3620564808110116,-0.05000000000000071,83820478.0,6105437,0,13.77,13.86,13.65,13.81
603712,七一二,22.88,2.188476998660109,0.48999999999999844,986652590.0,43607537,0,22.57,23.08,22.19,22.39
603713,密尔克卫,60.05,0.36770850743773836,0.21999999999999886,103182644.0,1716318,0,59.9,60.6,59.7,59.83
603716,塞力医疗,27.83,4.388597149287315,1.1699999999999982,2135316579.0,78306028,0,26.49,28.92,25.39,26.66
603717,天域生物,7.82,0.2564102564102623,0.020000000000000462,55975604.0,7190299,0,7.84,7.84,7.71,7.8
603718,海利生物,6.48,0.7776049766718618,0.05000000000000071,80367665.0,12460130,0,6.38,6.49,6.38,6.43
603719,良品铺子,12.03,0.5852842809364424,0.06999999999999851,62228623.0,5193330,0,11.96,12.06,11.9,11.96
603721,*ST天择,20.81,0.33751205400193,0.07000000000000028,28597073.0,1378900,0,20.73,20.86,20.53,20.74
603722,阿科力,42.47,-0.5386416861826792,-0.23000000000000398,106601455.0,2521785,0,42.61,42.8,41.86,42.7
603725,天安新材,9.43,0.31914893617020595,0.02999999999999936,71606826.0,7685526,0,9.36,9.45,9.23,9.4
603726,朗迪集团,25.04,1.008471157724889,0.25,304394960.0,12234307,0,24.4,25.45,24.33,24.79
603727,博迈科,15.0,0.9421265141319015,0.14000000000000057,99480307.0,6611115,0,15.15,15.45,14.89,14.86
603728,鸣志电器,73.26,1.778271742150599,1.2800000000000011,858282706.0,11715100,0,71.68,74.0,71.48,71.98
603729,龙韵股份,16.92,4.44444444444446,0.7200000000000024,111855415.0,6696880,0,16.19,17.57,16.19,16.2
603730,岱美股份,8.56,-1.8348623853211024,-0.16000000000000014,223624415.0,26027082,0,8.68,8.75,8.5,8.72
603733,仙鹤股份,24.52,0.0,0.0,103867736.0,4260807,0,24.56,24.88,24.14,24.52
603737,三棵树,46.41,-1.5694591728526026,-0.740000000000002,128784056.0,2753651,0,47.26,47.62,46.31,47.15
603738,泰晶科技,17.0,1.6138673042438707,0.2699999999999996,499268549.0,29558304,0,16.5,17.07,16.46,16.73
603739,蔚蓝生物,15.3,4.794520547945213,0.7000000000000011,172175433.0,11367540,0,14.73,15.74,14.67,14.6
603755,日辰股份,37.18,0.21563342318058837,0.0799999999999983,61430063.0,1635140,0,37.09,38.2,37.05,37.1
603757,大元泵业,45.84,-2.3017902813299194,-1.0799999999999983,604895845.0,13135921,0,45.6,46.98,44.61,46.92
603758,秦安股份,17.1,0.17574692442882914,0.030000000000001137,159521800.0,9233200,0,17.15,17.65,17.06,17.07
603759,海天股份,10.7,-0.27958993476235916,-0.030000000000001137,85757879.0,8040820,0,10.71,10.77,10.58,10.73
603766,隆鑫通用,15.13,-0.8519003931847904,-0.129999999999999,415970946.0,27438504,0,15.27,15.4,14.9,15.26
603767,中马传动,24.14,0.4577611319184329,0.10999999999999943,206418968.0,8575140,0,24.04,24.24,23.84,24.03
603768,常青股份,11.76,0.0,0.0,26473775.0,2256943,0,11.75,11.8,11.66,11.76
603773,沃格光电,37.17,0.9779951100244483,0.35999999999999943,475199988.0,12774020,0,37.07,37.98,36.68,36.81
603776,永安行,19.17,-1.1346054667354248,-0.21999999999999886,148355199.0,7687076,0,19.28,19.57,19.1,19.39
603777,来伊份,13.74,-3.2394366197183033,-0.4599999999999991,285635714.0,20777560,0,13.81,13.93,13.63,14.2
603778,国晟科技,21.3,0.0,0.0,0.0,0,0,0.0,0.0,0.0,21.3
603779,威龙股份,6.55,0.30627871362939624,0.019999999999999574,35311479.0,5398430,0,6.51,6.59,6.49,6.53
603786,科博达,80.98,0.3594001735035398,0.29000000000000625,232251934.0,2871199,0,80.66,82.19,79.61,80.69
603787,新日股份,13.34,-0.22438294689603114,-0.02999999999999936,68562190.0,5173700,0,13.33,13.35,13.12,13.37
603788,宁波高发,16.51,0.0,0.0,46617662.0,2822000,0,16.46,16.65,16.43,16.51
603789,*ST星农,5.6,0.0,0.0,13062443.0,2327300,0,5.58,5.67,5.56,5.6
603790,雅运股份,19.59,-1.3098236775818717,-0.26000000000000156,64744798.0,3315690,0,19.85,19.85,19.28,19.85
603797,联泰环保,4.89,0.41067761806980646,0.019999999999999574,36513635.0,7485684,0,4.88,4.91,4.85,4.87
603798,康普顿,16.56,-0.6002400960384239,-0.10000000000000142,120067720.0,7274010,0,16.95,17.1,16.13,16.66
603799,华友钴业,75.95,0.4363924887595851,0.3299999999999983,4983689843.0,65917919,0,74.5,76.95,74.08,75.62
603800,洪田股份,51.57,-0.9031514219830878,-0.46999999999999886,369508568.0,7144857,0,52.7,52.88,50.92,52.04
603801,志邦家居,9.3,0.0,0.0,30187619.0,3245104,0,9.3,9.34,9.26,9.3
603803,瑞斯康达,11.94,0.7594936708860748,0.08999999999999986,338999470.0,28597825,0,11.76,11.99,11.65,11.85
603806,福斯特,14.08,-1.4005602240896309,-0.1999999999999993,456357879.0,32260710,0,14.26,14.34,13.98,14.28
603808,歌力思,8.89,0.45197740112995394,0.040000000000000924,55103824.0,6218065,0,8.89,8.95,8.76,8.85
603809,豪能股份,14.92,0.26881720430106953,0.03999999999999915,1432529077.0,95157149,0,15.03,15.36,14.8,14.88
603810,丰山集团,15.97,-0.187499999999996,-0.02999999999999936,43060668.0,2703518,0,16.1,16.1,15.78,16.0
603811,诚意药业,11.43,0.35118525021948327,0.03999999999999915,122356599.0,10829120,0,11.39,11.45,11.21,11.39
603813,*ST原尚,42.6,5.003697313285683,2.030000000000001,62467486.0,1492078,0,40.55,42.6,40.15,40.57
603815,交建股份,7.8,0.12836970474967632,0.009999999999999787,183623362.0,23638377,0,7.79,7.85,7.67,7.79
603816,顾家家居,31.5,-0.6309148264984206,-0.1999999999999993,199242305.0,6390663,0,31.63,31.68,30.79,31.7
603817,海峡环保,7.08,-0.4219409282700457,-0.03000000000000025,179800849.0,25466666,0,7.11,7.12,6.98,7.11
603818,曲美家居,3.71,-0.26881720430108147,-0.010000000000000231,39929385.0,10809700,0,3.73,3.73,3.66,3.72
603819,神力股份,12.11,0.0826446280991718,0.009999999999999787,48304720.0,4002212,0,12.07,12.15,11.98,12.1
603822,ST嘉澳,122.0,4.353776409203665,5.090000000000003,679882494.0,5621315,0,122.76,122.76,114.56,116.91
603823,百合花,15.94,1.4640356460852872,0.22999999999999865,137232690.0,8654170,0,15.68,16.21,15.52,15.71
603825,ST华扬,9.18,-0.10881392818280508,-0.009999999999999787,27227501.0,2978500,0,9.2,9.22,9.09,9.19
603826,坤彩科技,17.41,0.2880184331797276,0.05000000000000071,58825731.0,3383000,0,17.34,17.47,17.3,17.36
603828,ST柯利达,8.38,0.0,0.0,0.0,0,0,0.0,0.0,0.0,8.38
603829,洛凯股份,23.45,1.3834846519671435,0.3200000000000003,291145169.0,12535614,0,23.13,23.57,22.87,23.13
603833,XD欧派家,52.61,0.3050524308865521,0.1599999999999966,175563244.0,3352428,0,52.51,52.92,51.92,52.45
603836,海程邦达,13.75,0.36496350364964025,0.05000000000000071,52501140.0,3828100,0,13.78,13.83,13.6,13.7
603838,*ST四通,7.45,-0.5340453938584784,-0.040000000000000036,9995940.0,1342900,0,7.53,7.53,7.41,7.49
603839,安正时尚,8.18,0.8631319358816312,0.07000000000000028,47345266.0,5858920,0,8.14,8.19,8.0,8.11
603843,*ST正平,6.81,4.930662557781193,0.3199999999999994,161046833.0,23957220,0,6.5,6.81,6.46,6.49
603848,好太太,18.76,-1.0026385224274288,-0.18999999999999773,52794703.0,2816000,0,19.01,19.04,18.59,18.95
603855,华荣股份,20.03,0.8052340211373937,0.16000000000000014,88874395.0,4447200,0,19.98,20.35,19.8,19.87
603856,东宏股份,12.84,0.8641005498821637,0.10999999999999943,48621751.0,3786300,0,12.8,12.95,12.71,12.73
603858,步长制药,16.58,1.2210012210012167,0.1999999999999993,96959442.0,5874866,0,16.38,16.58,16.38,16.38
603859,能科科技,48.0,6.053910737958467,2.740000000000002,1268255299.0,26766037,0,44.85,49.56,44.85,45.26
603860,中公高科,30.92,1.1449133137062526,0.3500000000000014,32764214.0,1066900,0,30.62,30.92,30.46,30.57
603861,白云电器,13.12,0.9230769230769171,0.11999999999999922,227106984.0,17222000,0,12.98,13.5,12.92,13.0
603863,松炀资源,19.12,-0.4166666666666578,-0.0799999999999983,134798429.0,7050900,0,19.25,19.33,18.96,19.2
603866,桃李面包,5.36,0.1869158878504799,0.010000000000000675,78668807.0,14711353,0,5.33,5.37,5.32,5.35
603867,新化股份,25.6,-0.19493177387913124,-0.04999999999999716,128201766.0,5019274,0,25.61,25.73,25.31,25.65
603868,飞科电器,41.91,-2.2621268656716556,-0.970000000000006,175063353.0,4035900,0,42.83,45.0,41.81,42.88
603869,ST智知,10.84,0.0,0.0,15643054.0,1446059,0,10.78,10.88,10.74,10.84
603871,嘉友国际,13.79,-0.2892263195950898,-0.040000000000000924,169100420.0,12274545,0,13.79,14.01,13.63,13.83
603876,鼎胜新材,16.06,-1.3513513513513662,-0.22000000000000242,693940355.0,43428304,0,16.12,16.21,15.74,16.28
603877,太平鸟,17.25,0.877192982456132,0.14999999999999858,198078819.0,11568727,0,16.85,17.47,16.77,17.1
603878,武进不锈,8.85,1.1428571428571388,0.09999999999999964,477084090.0,54188954,0,8.8,9.07,8.54,8.75
603879,永悦科技,7.29,1.6736401673640184,0.1200000000000001,173926133.0,24175102,0,7.19,7.32,7.12,7.17
603880,南卫股份,6.22,0.8103727714748756,0.04999999999999982,44095644.0,7115801,0,6.17,6.27,6.1,6.17
603881,数据港,34.48,5.346776657500764,1.75,2400496685.0,70167101,0,33.4,34.85,33.4,32.73
603882,金域医学,33.66,9.999999999999984,3.059999999999995,1104099979.0,33383210,0,30.9,33.66,30.8,30.6
603883,老百姓,15.33,2.1319120586275835,0.3200000000000003,226475375.0,14863593,0,15.01,15.35,15.01,15.01
603885,吉祥航空,15.06,0.2663115845539343,0.040000000000000924,254140513.0,16993079,0,15.02,15.15,14.68,15.02
603886,元祖股份,13.78,1.3235294117647038,0.17999999999999972,94529184.0,6939800,0,13.6,13.79,13.45,13.6
603887,城地香江,15.34,7.724719101123593,1.0999999999999996,529271120.0,35190255,0,14.3,15.45,14.3,14.24
603888,新华网,22.24,7.90878214459,1.629999999999999,832405054.0,38651551,0,20.6,22.31,20.55,20.61
603889,新澳股份,8.19,1.612903225806439,0.129999999999999,121175124.0,14931033,0,8.07,8.26,7.93,8.06
603890,春秋电子,16.35,-0.6682867557715639,-0.10999999999999943,582492359.0,35478963,0,16.4,16.63,16.19,16.46
603893,瑞芯微,187.44,-0.7571345369831136,-1.4300000000000068,1610135902.0,8638058,0,187.01,188.1,184.11,188.87
603895,天永智能,30.07,-2.8432956381260066,-0.879999999999999,100161124.0,3298520,0,31.73,31.95,29.84,30.95
603896,寿仙谷,19.77,0.10126582278480796,0.019999999999999574,25888668.0,1311980,0,19.78,19.84,19.64,19.75
603897,长城科技,27.17,1.5700934579439316,0.4200000000000017,129028901.0,4775371,0,26.76,27.35,26.67,26.75
603898,好莱客,13.75,-1.7155110793423891,-0.2400000000000002,113522134.0,8192400,0,14.15,14.42,13.61,13.99
603899,晨光股份,27.84,2.127659574468079,0.5799999999999983,193965996.0,7055313,0,27.26,27.89,27.22,27.26
603900,莱绅通灵,8.73,1.041666666666665,0.08999999999999986,65683811.0,7575960,0,8.62,8.73,8.58,8.64
603901,永创智能,14.97,2.3939808481532245,0.3500000000000014,195810159.0,13225974,0,14.62,14.99,14.46,14.62
603903,中持股份,12.89,-4.518518518518514,-0.6099999999999994,212876595.0,16327492,0,13.45,13.46,12.85,13.5
603906,龙蟠科技,20.15,0.34860557768924444,0.07000000000000028,460402854.0,22864103,0,20.0,20.38,19.83,20.08
603908,牧高笛,24.01,1.4364174059991544,0.33999999999999986,33283335.0,1396108,0,23.7,24.16,23.56,23.67
603909,建发合诚,11.53,0.7867132867132856,0.08999999999999986,56358698.0,4907543,0,11.48,11.61,11.39,11.44
603912,佳力图,8.82,1.3793103448275978,0.120000000000001,178197800.0,20492270,0,8.59,8.82,8.5,8.7
603915,国茂股份,18.1,0.5555555555555635,0.10000000000000142,153339230.0,8474744,0,18.1,18.23,17.9,18.0
603916,苏博特,11.25,6.032045240339308,0.6400000000000006,428367260.0,39604555,0,10.49,11.27,10.31,10.61
603917,合力科技,14.52,1.2552301255230107,0.17999999999999972,126994254.0,8769300,0,14.33,14.65,14.3,14.34
603918,金桥信息,18.09,7.359050445103847,1.2399999999999984,964406264.0,54641377,0,17.0,18.35,16.81,16.85
603919,金徽酒,20.68,-0.19305019305018895,-0.03999999999999915,75910046.0,3665722,0,20.76,20.95,20.55,20.72
603920,世运电路,55.68,3.0347890451517405,1.6400000000000006,1994540217.0,36162109,0,54.05,56.65,53.18,54.04
603922,金鸿顺,18.5,-0.5376344086021582,-0.10000000000000142,90379589.0,4886000,0,18.64,18.81,18.35,18.6
603926,铁流股份,18.17,0.4422332780541838,0.08000000000000185,173520358.0,9510869,0,18.09,18.65,17.8,18.09
603927,中科软,19.94,1.166920345002539,0.23000000000000043,298904949.0,15054676,0,19.71,19.98,19.67,19.71
603928,兴业股份,17.51,0.05714285714286607,0.010000000000001563,249787672.0,14329450,0,17.45,17.65,17.2,17.5
603929,亚翔集成,125.5,5.46218487394958,6.5,1023935933.0,8386091,0,117.0,126.0,115.51,119.0
603931,格林达,34.83,0.8688097306689753,0.29999999999999716,290737032.0,8441760,0,34.0,34.85,33.86,34.53
603933,睿能科技,24.27,0.08247422680412195,0.019999999999999574,196206850.0,8098320,0,24.26,24.43,23.94,24.25
603936,博敏电子,12.83,-0.1556420233463002,-0.019999999999999574,528069683.0,41195633,0,12.76,12.97,12.68,12.85
603937,丽岛新材,12.29,0.326530612244891,0.03999999999999915,39347393.0,3213900,0,12.27,12.34,12.14,12.25
603938,三孚股份,25.28,10.008703220191475,2.3000000000000007,1408673742.0,56445561,0,25.28,25.28,23.98,22.98
603939,益丰药房,22.21,0.5887681159420406,0.13000000000000256,183527838.0,8284452,0,22.07,22.3,22.02,22.08
603948,建业股份,28.55,-2.459856508370341,-0.7199999999999989,174527298.0,6103900,0,28.87,29.2,28.31,29.27
603949,雪龙集团,18.74,1.4618299945858126,0.2699999999999996,63353854.0,3394550,0,18.5,18.8,18.33,18.47
603950,长源东谷,32.61,5.024154589371976,1.5599999999999987,647478051.0,20495633,0,31.17,32.98,30.03,31.05
603955,大千生态,29.95,-1.1551155115511598,-0.3500000000000014,63535279.0,2104300,0,30.45,30.88,29.82,30.3
603956,威派格,6.89,0.29112081513827615,0.019999999999999574,114372125.0,16659130,0,6.87,6.93,6.81,6.87
603958,哈森股份,13.3,0.07524454477051591,0.010000000000001563,53342064.0,4025189,0,13.33,13.38,13.12,13.29
603959,百利科技,5.87,0.3418803418803498,0.020000000000000462,73006844.0,12490024,0,5.82,5.9,5.79,5.85
603960,克来机电,20.27,0.14822134387352343,0.030000000000001137,146041447.0,7219911,0,20.24,20.35,20.07,20.24
603966,法兰泰克,13.9,6.51340996168582,0.8499999999999996,293870829.0,21434772,0,13.0,14.02,12.96,13.05
603967,中创物流,13.01,-0.9139375476009215,-0.120000000000001,110524235.0,8491460,0,13.16,13.17,12.91,13.13
603968,醋化股份,11.3,0.26619343389530736,0.030000000000001137,24114373.0,2143200,0,11.28,11.34,11.15,11.27
603969,银龙股份,10.37,0.0,0.0,132930469.0,12839637,0,10.37,10.45,10.29,10.37
603970,中农立华,13.09,0.3065134099616793,0.03999999999999915,36911670.0,2829906,0,13.01,13.09,12.98,13.05
603976,正川股份,20.05,0.14985014985015555,0.030000000000001137,23817259.0,1190921,0,20.07,20.12,19.82,20.02
603977,国泰集团,15.12,1.1371237458193975,0.16999999999999993,676415523.0,44805080,0,15.15,15.58,14.74,14.95
603978,深圳新星,27.58,0.2909090909090847,0.0799999999999983,415316658.0,15127000,0,27.44,27.88,26.9,27.5
603979,金诚信,77.12,0.9027868637969352,0.6899999999999977,569094709.0,7335438,0,75.41,78.89,75.41,76.43
603980,吉华集团,5.13,0.39138943248531455,0.019999999999999574,50106017.0,9826420,0,5.09,5.14,5.06,5.11
603982,泉峰汽车,8.48,0.0,0.0,48998153.0,5764295,0,8.48,8.61,8.4,8.48
603983,丸美生物,34.46,0.2326934264106989,0.0799999999999983,84335156.0,2453483,0,34.38,34.67,34.05,34.38
603985,恒润股份,15.79,0.894568690095839,0.1399999999999988,139358449.0,8819991,0,15.65,15.92,15.55,15.65
603986,兆易创新,250.05,-3.362318840579706,-8.699999999999989,9873211263.0,39523831,0,254.55,254.55,244.32,258.75
603987,康德莱,8.92,0.1122334455667765,0.009999999999999787,48426249.0,5439100,0,8.91,8.94,8.83,8.91
603988,中电电机,24.82,-0.6802721088435301,-0.16999999999999815,105133783.0,4237336,0,24.97,25.01,24.61,24.99
603989,艾华集团,17.31,1.2280701754385805,0.2099999999999973,132161746.0,7635092,0,17.18,17.54,17.1,17.1
603990,麦迪科技,15.69,3.7698412698412715,0.5700000000000003,426376924.0,27488386,0,15.14,15.7,15.14,15.12
603991,至正股份,77.7,3.8492381716118818,2.8800000000000097,253382683.0,3301105,0,74.85,79.21,74.66,74.82
603992,松霖科技,42.15,6.385663806158509,2.530000000000001,273983244.0,6697496,0,39.6,42.18,39.4,39.62
603993,洛阳钼业,22.78,5.073800738007387,1.1000000000000014,5807690698.0,258307552,0,21.45,22.89,21.35,21.68
603995,甬金股份,19.19,2.074468085106386,0.39000000000000057,212654096.0,11079171,0,18.83,19.47,18.82,18.8
603997,继峰股份,14.01,-0.6382978723404246,-0.08999999999999986,176475983.0,12618406,0,14.01,14.18,13.83,14.1
603998,方盛制药,11.89,0.08417508417508238,0.009999999999999787,110267040.0,9337100,0,11.88,11.9,11.69,11.88
603999,读者传媒,7.42,2.627939142461957,0.1899999999999995,122728935.0,16786946,0,7.23,7.42,7.21,7.23
605001,威奥股份,7.79,-0.6377551020408141,-0.04999999999999982,80559375.0,10308440,0,7.85,7.93,7.75,7.84
605003,众望布艺,30.27,1.1697860962566773,0.34999999999999787,87624004.0,2917875,0,30.12,30.57,29.56,29.92
605005,合兴股份,18.89,0.2122015915119318,0.03999999999999915,45352686.0,2401459,0,18.84,19.05,18.7,18.85
605006,山东玻纤,7.28,-0.6821282401091381,-0.04999999999999982,61509246.0,8473320,0,7.3,7.34,7.2,7.33
605007,五洲特纸,13.46,0.9752438109527439,0.13000000000000078,154470255.0,11555300,0,13.21,13.59,13.15,13.33
605008,长鸿高科,14.24,0.0,0.0,85566747.0,6047240,0,14.26,14.35,13.98,14.24
605009,豪悦护理,31.7,-0.12602394454946172,-0.03999999999999915,58860076.0,1859988,0,31.62,31.86,31.44,31.74
605011,杭州热电,20.39,0.0,0.0,48961757.0,2403677,0,20.4,20.45,20.33,20.39
605016,百龙创园,20.54,-1.4395393474088325,-0.3000000000000007,130691460.0,6370406,0,20.85,20.99,20.31,20.84
605018,长华集团,11.46,0.5263157894736885,0.0600000000000005,36688671.0,3207600,0,11.36,11.5,11.34,11.4
605020,永和股份,27.28,0.924898261191269,0.25,195286228.0,7214513,0,27.0,27.28,26.79,27.03
605028,世茂能源,34.95,8.204334365325096,2.6500000000000057,334378418.0,10024400,0,32.0,35.5,31.25,32.3
605033,美邦股份,20.32,0.594059405940599,0.120000000000001,44687104.0,2196700,0,20.3,20.45,20.17,20.2
605050,福然德,13.71,0.292611558156554,0.040000000000000924,93310086.0,6839500,0,13.69,13.78,13.53,13.67
605055,迎丰股份,10.12,2.2222222222222103,0.21999999999999886,124516577.0,12374600,0,9.71,10.18,9.71,9.9
605056,XD咸亨国,16.75,-0.1192605843768609,-0.019999999999999574,70197876.0,4181430,0,16.85,17.05,16.66,16.77
605058,澳弘电子,31.13,1.931892599869024,0.5899999999999999,79269731.0,2573561,0,30.62,31.13,30.31,30.54
605060,联德股份,36.5,0.9681881051175697,0.3500000000000014,185976357.0,5120300,0,35.93,36.87,35.81,36.15
605066,天正电气,7.88,4.0951122853368505,0.3099999999999996,226296656.0,29083574,0,7.56,8.13,7.55,7.57
605068,明新旭腾,26.47,-1.8902891030392939,-0.5100000000000016,65096221.0,2451350,0,26.83,26.83,26.3,26.98
605069,正和生态,15.28,-0.9721322099805597,-0.15000000000000036,167894817.0,10912200,0,16.2,16.2,15.04,15.43
605077,华康股份,15.71,-0.44359949302914137,-0.06999999999999851,60911792.0,3877556,0,15.78,15.85,15.62,15.78
605080,浙江自然,23.5,0.08517887563883975,0.019999999999999574,35477342.0,1512898,0,23.53,23.56,23.28,23.48
605081,*ST太和,10.85,-2.428057553956831,-0.2699999999999996,44942940.0,4058785,0,11.44,11.44,10.8,11.12
605086,龙高股份,48.98,0.20458265139115037,0.09999999999999432,299850185.0,6199520,0,49.0,49.5,47.28,48.88
605088,冠盛股份,37.5,-0.6622516556291391,-0.25,152752213.0,4079898,0,37.76,37.79,37.28,37.75
605089,味知香,26.08,0.8117510630073339,0.2099999999999973,46058173.0,1767608,0,25.87,26.36,25.81,25.87
605090,九丰能源,46.65,4.619869925992364,2.059999999999995,2218695011.0,48076117,0,45.54,48.65,43.8,44.59
605098,行动教育,43.33,2.483443708609265,1.0499999999999972,70959050.0,1649295,0,42.49,43.38,42.29,42.28
605099,共创草坪,36.84,1.9933554817275914,0.720000000000006,70626660.0,1924000,0,36.03,36.95,36.03,36.12
605100,华丰股份,46.25,0.2166847237269803,0.10000000000000142,216632157.0,4674613,0,46.1,47.58,45.42,46.15
605108,同庆楼,19.57,0.0,0.0,81225280.0,4158700,0,19.55,19.63,19.45,19.57
605111,新洁能,37.35,0.7553277582951204,0.28000000000000114,569506685.0,15316958,0,36.88,37.75,36.73,37.07
605116,奥锐特,30.69,8.560311284046698,2.4200000000000017,505362801.0,17242239,0,28.68,30.74,28.27,28.27
605117,德业股份,87.0,-1.9497351515834598,-1.730000000000004,1035072422.0,11830027,0,88.5,88.8,86.07,88.73
605118,力鼎光电,30.93,0.09708737864078038,0.030000000000001137,51337830.0,1663500,0,30.69,31.12,30.62,30.9
605122,四方新材,12.83,1.4229249011857685,0.17999999999999972,56817724.0,4430252,0,12.76,13.0,12.65,12.65
605123,派克新材,119.7,5.240021100756118,5.960000000000008,1842101759.0,15494135,0,118.0,124.96,114.01,113.74
605128,上海沿浦,39.18,-0.3053435114503752,-0.11999999999999744,103005295.0,2626064,0,39.46,39.77,38.8,39.3
605133,嵘泰股份,35.15,0.9477311889718504,0.3299999999999983,318383171.0,9037926,0,34.81,35.53,34.63,34.82
605136,丽人丽妆,11.54,1.9434628975264916,0.21999999999999886,295086727.0,25788400,0,11.24,11.58,11.22,11.32
605138,盛泰集团,7.17,1.1283497884344156,0.08000000000000007,23989606.0,3364400,0,7.11,7.18,7.08,7.09
605151,西上海,19.02,0.2635740643120755,0.05000000000000071,22406404.0,1182900,0,18.96,19.04,18.81,18.97
605155,西大门,17.15,1.1799410029498483,0.1999999999999993,119033769.0,7033793,0,16.84,17.31,16.67,16.95
605158,华达新材,8.13,0.24660912453762454,0.02000000000000135,22473714.0,2768260,0,8.11,8.14,8.08,8.11
605162,新中港,9.29,4.8532731376975144,0.4299999999999997,100273364.0,11048600,0,8.86,9.38,8.79,8.86
605166,聚合顺,10.61,0.18885741265344264,0.019999999999999574,37951070.0,3586500,0,10.59,10.65,10.52,10.59
605167,利柏特,15.75,-4.080389768574919,-0.6700000000000017,289947279.0,18208900,0,16.35,16.41,15.7,16.42
605168,三人行,42.77,-1.2240184757505637,-0.529999999999994,575669875.0,13394561,0,43.1,44.2,42.15,43.3
605169,洪通燃气,13.66,0.22010271460014205,0.02999999999999936,46837524.0,3437578,0,13.6,13.71,13.55,13.63
605177,东亚药业,21.11,8.145491803278688,1.5899999999999999,191498649.0,9222549,0,19.56,21.3,19.55,19.52
605178,时空科技,55.5,-0.4841312533620282,-0.2700000000000031,486780403.0,8893859,0,54.48,57.0,53.32,55.77
605179,一鸣食品,21.23,-0.09411764705882153,-0.019999999999999574,93285811.0,4404100,0,21.16,21.28,21.1,21.25
605180,华生科技,14.7,-0.13586956521740048,-0.02000000000000135,22551031.0,1537024,0,14.66,14.8,14.54,14.72
605183,确成股份,19.89,-0.5002501250625206,-0.09999999999999787,46339938.0,2333041,0,20.09,20.09,19.7,19.99
605186,健麾信息,20.33,1.0437375745526705,0.2099999999999973,49015565.0,2418700,0,20.19,20.49,20.0,20.12
605188,国光连锁,22.13,6.547905633124697,1.3599999999999994,651152913.0,30043370,0,20.6,22.8,20.41,20.77
605189,富春染织,15.58,-0.12820512820512547,-0.019999999999999574,61315781.0,3946087,0,15.65,15.78,15.32,15.6
605196,华通线缆,34.91,1.4235909355025997,0.4899999999999949,492703262.0,14218400,0,34.41,35.32,34.12,34.42
605198,安德利,39.33,-1.4532698571786478,-0.5799999999999983,92594644.0,2347525,0,40.31,40.31,38.74,39.91
605199,ST葫芦娃,7.56,-0.5263157894736847,-0.040000000000000036,40411382.0,5345200,0,7.6,7.61,7.53,7.6
605208,永茂泰,13.71,0.9572901325478703,0.13000000000000078,86243392.0,6311506,0,13.57,13.77,13.55,13.58
605218,伟时电子,19.24,0.7329842931937016,0.13999999999999702,57273732.0,2978797,0,19.09,19.76,18.95,19.1
605222,起帆电缆,19.67,1.131105398457596,0.22000000000000242,182049727.0,9359202,0,19.27,19.84,19.2,19.45
605228,神通科技,16.67,-1.825677267373373,-0.3099999999999987,288095591.0,17298835,0,16.61,16.83,16.41,16.98
605255,天普股份,218.02,0.0,0.0,0.0,0,0,0.0,0.0,0.0,218.02
605258,协和电子,32.2,0.43668122270742527,0.14000000000000057,73729958.0,2299500,0,32.04,32.2,31.83,32.06
605259,绿田机械,22.55,-0.3535130357931873,-0.0799999999999983,41114258.0,1825020,0,22.58,22.65,22.39,22.63
605266,健之佳,19.84,0.4556962025316449,0.08999999999999986,35241800.0,1782248,0,19.75,19.85,19.64,19.75
605268,王力安防,10.82,1.6917293233082678,0.17999999999999972,56471551.0,5281000,0,10.64,10.85,10.55,10.64
605277,新亚电子,23.06,1.4072119613016723,0.3200000000000003,202342568.0,8822370,0,22.74,23.09,22.59,22.74
605286,同力天启,42.71,7.2576594676042205,2.8900000000000006,158952928.0,3841348,0,39.89,43.68,39.88,39.82
605287,德才股份,29.3,1.7361111111111112,0.5,164705960.0,5681187,0,28.97,29.5,28.51,28.8
605288,凯迪股份,107.94,9.996942830938552,9.810000000000002,235116530.0,2278970,0,99.1,107.94,97.6,98.13
605289,罗曼股份,71.23,0.4654442877291936,0.3299999999999983,133673950.0,1881875,0,71.0,71.7,70.2,70.9
605296,神农集团,28.89,0.06927606511949973,0.019999999999999574,49974361.0,1733882,0,28.86,29.04,28.7,28.87
605298,必得科技,43.68,-1.042138649750795,-0.46000000000000085,244918359.0,5641123,0,43.5,45.0,42.41,44.14
605299,舒华体育,11.68,1.3009540329575053,0.15000000000000036,135969628.0,11745849,0,11.5,11.71,11.42,11.53
605300,佳禾食品,11.82,0.0,0.0,36620983.0,3107346,0,11.77,11.83,11.74,11.82
605303,园林股份,18.75,0.2673796791443888,0.05000000000000071,119662171.0,6421400,0,18.61,18.84,18.4,18.7
605305,中际联合,44.59,1.7107664233576643,0.75,198279372.0,4470072,0,43.97,44.66,43.81,43.84
605318,法狮龙,60.1,-6.96594427244581,-4.499999999999993,496721041.0,8189800,0,63.56,64.6,58.3,64.6
605319,无锡振华,22.05,3.0373831775701037,0.6500000000000021,122405347.0,5628138,0,21.4,22.16,21.31,21.4
605333,沪光股份,32.19,3.87221684414327,1.1999999999999993,401884176.0,12739900,0,31.29,32.67,30.73,30.99
605336,帅丰电器,16.73,0.48048048048049163,0.08000000000000185,103632745.0,6316410,0,16.69,16.84,16.08,16.65
605337,李子园,12.02,-0.33167495854063783,-0.040000000000000924,54593969.0,4548341,0,12.03,12.05,11.96,12.06
605338,巴比食品,32.2,-2.2168235651381623,-0.7299999999999969,122280966.0,3811900,0,32.75,32.83,31.59,32.93
605339,南侨食品,19.61,-1.2090680100755766,-0.240000000000002,77332937.0,3930364,0,19.7,19.85,19.6,19.85
605358,立昂微,42.55,2.5054203806311715,1.0399999999999991,2499283306.0,58478673,0,41.92,43.8,41.83,41.51
605365,立达信,25.27,-0.9019607843137273,-0.23000000000000043,156395904.0,6261860,0,25.5,25.5,24.3,25.5
605366,宏柏新材,6.44,-0.46367851622873824,-0.02999999999999936,102243765.0,15872583,0,6.45,6.5,6.38,6.47
605368,蓝天燃气,7.85,0.7702182284980694,0.05999999999999961,59835102.0,7625450,0,7.79,7.89,7.78,7.79
605369,拱东医疗,19.72,1.1282051282051224,0.21999999999999886,33052378.0,1689216,0,19.5,19.72,19.3,19.5
605376,博迁新材,64.55,-0.04645401052957748,-0.030000000000001137,340457439.0,5257911,0,64.5,65.9,63.76,64.58
605377,华旺科技,8.44,-0.23640661938535873,-0.02000000000000135,82303355.0,9707548,0,8.47,8.61,8.37,8.46
605378,野马电池,23.15,0.30329289428076384,0.07000000000000028,96080582.0,4164337,0,22.97,23.18,22.9,23.08
605388,均瑶健康,7.58,0.0,0.0,82520553.0,10924133,0,7.55,7.59,7.52,7.58
605389,长龄液压,80.79,2.2658227848101347,1.7900000000000063,123099026.0,1528519,0,79.96,81.5,78.61,79.0
605398,新炬网络,31.24,5.0084033613445325,1.4899999999999984,434441612.0,13793520,0,29.79,32.73,29.31,29.75
605399,晨光新材,13.95,-1.1339475549255857,-0.16000000000000014,136347921.0,9770199,0,14.0,14.08,13.83,14.11
605488,福莱新材,34.93,3.742203742203736,1.259999999999998,519863252.0,14841960,0,33.44,35.77,33.41,33.67
605499,东鹏饮料,277.3,-0.5629863377200821,-1.5699999999999932,316170307.0,1136595,0,279.0,280.49,276.5,278.87
605500,森林包装,8.96,0.9009009009009016,0.08000000000000007,35881848.0,4009645,0,8.92,9.01,8.88,8.88
605507,国邦医药,25.57,0.43205027494108184,0.10999999999999943,110789919.0,4357771,0,25.31,25.62,25.04,25.46
605555,德昌股份,18.73,0.1604278074866371,0.030000000000001137,168104235.0,8979191,0,18.73,18.9,18.55,18.7
605566,福莱蒽特,30.02,-2.405721716514961,-0.740000000000002,81655678.0,2712720,0,30.96,31.0,29.73,30.76
605567,春雪食品,11.06,0.6369426751592382,0.07000000000000028,36506726.0,3311552,0,11.02,11.1,10.88,10.99
605577,龙版传媒,13.96,0.9399855386840258,0.13000000000000078,90557704.0,6524368,0,13.73,13.99,13.73,13.83
605580,恒盛能源,23.25,0.6493506493506431,0.14999999999999858,269192985.0,11714110,0,23.1,23.33,22.71,23.1
605588,冠石科技,55.44,-0.8228980322003593,-0.46000000000000085,206095743.0,3717940,0,55.7,56.38,54.86,55.9
605589,圣泉集团,29.94,1.4227642276422823,0.4200000000000017,721777013.0,24261312,0,29.48,30.06,29.23,29.52
605598,上海港湾,70.35,0.7446656164972019,0.519999999999996,1486738396.0,21359678,0,70.35,72.76,66.33,69.83
605599,菜百股份,17.3,0.11574074074073826,0.019999999999999574,76605210.0,4432500,0,17.29,17.5,17.0,17.28
688001,华兴源创,31.31,0.4169339320076941,0.129999999999999,115535361.0,3702826,0,31.05,31.46,30.95,31.18
688002,睿创微纳,107.07,5.073601570166818,5.1699999999999875,1194976080.0,11334208,0,102.02,107.75,102.02,101.9
688003,天准科技,68.8,13.36299225572582,8.11,850177526.0,12936909,0,60.44,69.33,60.44,60.69
688004,博汇科技,25.64,3.8477116241393245,0.9499999999999993,65920173.0,2589116,0,24.92,25.88,24.71,24.69
688005,容百科技,34.78,4.194128220491308,1.3999999999999986,1557270777.0,45360810,0,33.07,35.86,32.7,33.38
688006,杭可科技,32.53,0.06151953245156299,0.020000000000003126,479871616.0,14741051,0,32.2,33.2,31.9,32.51
688007,光峰科技,19.11,0.7911392405063216,0.14999999999999858,198287074.0,10362321,0,18.94,19.32,18.88,18.96
688008,澜起科技,132.38,0.22713506965474176,0.29999999999998295,4697780145.0,35701566,0,131.0,133.77,129.26,132.08
688009,中国通号,5.56,-0.3584229390681086,-0.020000000000000462,192742378.0,34484724,0,5.6,5.64,5.54,5.58
688010,福光股份,34.54,2.0987289388117083,0.7100000000000009,424319096.0,12189297,0,34.51,35.96,34.0,33.83
688011,新光光电,70.5,15.196078431372545,9.299999999999997,607013274.0,9254339,0,62.5,70.75,59.0,61.2
688012,中微公司,336.68,-2.6598820400138745,-9.199999999999989,6835094481.0,20378587,0,332.43,342.0,330.8,345.88
688013,天臣医疗,48.03,-0.49720323182101095,-0.240000000000002,73138953.0,1523294,0,48.37,48.4,47.63,48.27
688015,交控科技,23.8,1.3628620102214664,0.3200000000000003,45657464.0,1924642,0,23.41,23.85,23.39,23.48
688016,心脉医疗,97.94,1.250904579758083,1.2099999999999937,170549158.0,1752049,0,96.73,98.13,96.3,96.73
688017,绿的谐波,195.7,2.460732984293188,4.699999999999989,1720297801.0,8782544,0,190.0,199.77,190.0,191.0
688018,乐鑫科技,175.7,1.3673339871920476,2.369999999999976,831440019.0,4789956,0,171.5,176.33,169.06,173.33
688019,安集科技,268.5,1.8356974891906148,4.839999999999975,1447320891.0,5506173,0,260.85,269.66,257.07,263.66
688020,方邦股份,79.72,0.7838179519595506,0.6200000000000045,369412531.0,4585961,0,78.7,84.88,77.67,79.1
688021,奥福科技,19.14,2.79269602577873,0.5199999999999996,31024478.0,1639817,0,18.71,19.3,18.6,18.62
688022,瀚川智能,16.13,-0.1856435643564427,-0.030000000000001137,85494363.0,5322360,0,16.13,16.22,15.89,16.16
688023,安恒信息,55.5,3.5447761194029823,1.8999999999999986,254656212.0,4651768,0,53.42,55.5,53.26,53.6
688025,杰普特,138.99,-0.493986254295531,-0.6899999999999977,365062096.0,2633097,0,138.66,142.03,134.44,139.68
688026,洁特生物,17.03,1.793185893604308,0.3000000000000007,36301832.0,2152369,0,16.72,17.03,16.64,16.73
688027,国盾量子,575.67,2.4323843416370035,13.669999999999959,1898800014.0,3335048,0,563.06,583.9,550.09,562.0
688028,沃尔德,70.9,8.326967150496566,5.450000000000003,803973519.0,11535129,0,66.66,73.3,65.46,65.45
688029,南微医学,87.15,0.3107734806629952,0.27000000000001023,187546175.0,2161185,0,86.93,87.75,85.8,86.88
688030,山石网科,18.83,2.22584147665579,0.4099999999999966,61614272.0,3314279,0,18.49,18.93,18.34,18.42
688031,星环科技,162.0,15.863252753540271,22.180000000000007,2220540202.0,14614956,0,147.0,167.6,138.0,139.82
688032,禾迈股份,103.9,-0.09615384615384068,-0.09999999999999432,131626358.0,1265409,0,103.61,105.29,103.02,104.0
688033,天宜新材,8.39,-2.4418604651162683,-0.20999999999999908,391216562.0,46179601,0,8.59,8.74,8.31,8.6
688035,德邦科技,51.63,0.2524271844660244,0.13000000000000256,181953323.0,3544141,0,51.21,51.77,50.7,51.5
688036,传音控股,68.2,1.7758543500969968,1.1899999999999977,971591915.0,14319671,0,66.79,68.42,66.6,67.01
688037,芯源微,201.0,-6.909966654316409,-14.919999999999987,3402209733.0,16986802,0,205.0,209.29,193.33,215.92
688038,中科通达,19.33,4.092622509423792,0.759999999999998,157152726.0,8178668,0,18.52,19.9,18.4,18.57
688039,当虹科技,59.15,6.942686675103952,3.8399999999999963,771117978.0,13105210,0,56.77,61.6,56.31,55.31
688041,海光信息,246.55,2.015061238000664,4.8700000000000045,8400560822.0,34652502,0,238.01,250.77,232.0,241.68
688045,必易微,40.84,1.1141371626640326,0.45000000000000284,58949497.0,1450229,0,40.31,41.01,40.17,40.39
688046,药康生物,17.64,4.812834224598944,0.8100000000000023,91113153.0,5279609,0,16.73,17.8,16.7,16.83
688047,龙芯中科,139.99,0.35125448028674483,0.4900000000000091,598278178.0,4298189,0,138.2,140.3,137.76,139.5
688048,长光华芯,138.59,9.393006551424742,11.900000000000006,3206215415.0,24227135,0,124.05,140.57,122.3,126.69
688049,炬芯科技,55.4,0.3623188405797024,0.19999999999999574,379510880.0,6884728,0,54.91,55.58,54.6,55.2
688050,爱博医疗,64.77,0.982226379794193,0.6299999999999955,195849609.0,3029428,0,64.07,65.15,64.07,64.14
688051,佳华科技,40.88,0.9133547272278563,0.37000000000000455,55796350.0,1374785,0,40.41,41.2,40.03,40.51
688052,纳芯微,177.14,-0.2028169014084584,-0.36000000000001364,413627599.0,2344731,0,177.55,178.53,174.6,177.5
688053,ST思科瑞,47.91,3.209823352003436,1.4899999999999949,297679095.0,6253138,0,48.0,49.6,46.09,46.42
688055,龙腾光电,3.72,0.540540540540541,0.020000000000000018,34314743.0,9280973,0,3.71,3.73,3.66,3.7
688056,莱伯泰科,35.33,0.2838489923360813,0.10000000000000142,22417047.0,636199,0,35.38,35.54,34.78,35.23
688057,金达莱,12.65,0.4765687053216878,0.0600000000000005,20722344.0,1639858,0,12.62,12.71,12.55,12.59
688058,宝兰德,29.35,3.563867325335221,1.0100000000000016,63686582.0,2207891,0,28.74,29.55,28.1,28.34
688059,华锐精密,82.42,0.1214771622934992,0.10000000000000853,168676011.0,2052467,0,82.64,83.2,81.08,82.32
688060,云涌科技,43.74,0.9462266328179177,0.4100000000000037,16206734.0,372318,0,43.55,43.97,42.89,43.33
688061,灿瑞科技,34.54,0.11594202898550478,0.03999999999999915,31242838.0,907378,0,34.2,34.77,34.06,34.5
688062,迈威生物,45.77,4.2596810933940885,1.8700000000000045,543770241.0,12183008,0,43.9,46.48,43.2,43.9
688063,派能科技,61.05,-0.21248774109186427,-0.13000000000000256,376709902.0,6166451,0,60.9,61.82,60.44,61.18
688065,凯赛生物,55.66,2.3161764705882315,1.259999999999998,376332435.0,6832366,0,54.44,55.68,54.24,54.4
688066,航天宏图,41.5,8.895303070060354,3.3900000000000006,2684175809.0,65636878,0,39.99,43.79,38.16,38.11
688067,爱威科技,26.21,1.6285381930981069,0.4200000000000017,43512443.0,1663097,0,25.7,26.55,25.7,25.79
688068,热景生物,205.95,7.27679966663194,13.969999999999999,474136331.0,2370749,0,191.02,208.01,190.5,191.98
688069,德林海,23.25,1.0430247718383243,0.23999999999999844,14752797.0,634229,0,23.13,23.61,23.0,23.01
688070,纵横股份,61.45,4.400271831464498,2.5900000000000034,194587578.0,3167550,0,59.25,62.88,59.25,58.86
688071,华依科技,34.99,1.2735166425470474,0.44000000000000483,84533722.0,2414830,0,34.55,35.52,34.31,34.55
688072,拓荆科技,359.58,-0.30774349164102516,-1.1100000000000136,1921486347.0,5362764,0,356.24,364.88,353.0,360.69
688073,毕得医药,69.35,6.463002763279081,4.209999999999994,114088792.0,1691314,0,65.1,69.58,64.65,65.14
688075,安旭生物,40.27,0.22399203583873423,0.09000000000000341,26979560.0,672918,0,40.18,40.37,39.76,40.18
688076,ST诺泰,38.87,0.3096774193548321,0.11999999999999744,150197907.0,3864618,0,38.61,39.32,38.6,38.75
688077,大地熊,33.35,3.8617253192152043,1.240000000000002,224363492.0,6754612,0,32.11,33.88,32.11,32.11
688078,龙软科技,29.15,3.185840707964597,0.8999999999999986,39543082.0,1375336,0,28.54,29.3,28.25,28.25
688079,美迪凯,11.83,1.1111111111111178,0.13000000000000078,55958521.0,4756279,0,11.71,11.88,11.66,11.7
688080,映翰通,57.7,1.7277856135402045,0.980000000000004,350329217.0,6059001,0,56.0,59.68,56.0,56.72
688081,兴图新科,38.57,-0.5415162454873668,-0.21000000000000085,271990990.0,7163666,0,39.05,39.2,36.8,38.78
688082,盛美上海,195.05,0.2879325415188453,0.5600000000000023,839355415.0,4334870,0,192.0,197.5,189.0,194.49
688083,中望软件,74.2,3.342618384401122,2.4000000000000057,340327233.0,4629289,0,71.73,74.78,71.3,71.8
688084,晶品特装,94.26,0.8775684931506927,0.8200000000000074,309187667.0,3293403,0,94.0,96.8,90.6,93.44
688085,三友医疗,18.96,1.498929336188443,0.28000000000000114,66830793.0,3550548,0,18.78,18.99,18.5,18.68
688087,英科再生,30.96,-0.1934235976789127,-0.05999999999999872,54105688.0,1759512,0,31.0,31.08,30.41,31.02
688088,虹软科技,54.28,5.316259216142806,2.740000000000002,746505756.0,14056381,0,51.53,54.41,51.3,51.54
688089,嘉必优,20.45,-3.3096926713947963,-0.6999999999999993,274226489.0,13367856,0,20.56,20.77,20.4,21.15
688090,瑞松科技,48.94,0.06133714986710517,0.030000000000001137,199163373.0,4096531,0,48.75,49.47,48.12,48.91
688091,上海谊众,60.84,17.29323308270678,8.970000000000006,688367799.0,11943262,0,52.3,61.58,52.3,51.87
688092,爱科科技,27.35,0.9225092250922509,0.25,43041402.0,1586652,0,27.15,27.43,26.85,27.1
688093,世华科技,37.89,1.2560128273650424,0.46999999999999886,85902813.0,2277597,0,37.19,38.1,37.19,37.42
688095,福昕软件,107.0,7.000000000000001,7.0,495151871.0,4790095,0,98.0,107.92,98.0,100.0
688096,京源环保,9.11,1.6741071428571268,0.14999999999999858,79367950.0,8825768,0,8.95,9.14,8.87,8.96
688097,博众精工,38.94,2.4467245461720593,0.9299999999999997,231486000.0,5971270,0,38.19,39.35,37.8,38.01
688098,申联生物,9.67,1.8967334035827157,0.17999999999999972,62196072.0,6490910,0,9.63,9.71,9.4,9.49
688099,晶晨股份,92.04,-1.0854379365932196,-1.009999999999991,875580141.0,9535091,0,92.8,92.99,90.86,93.05
688100,威胜信息,39.3,-0.07627765064836294,-0.030000000000001137,122572022.0,3127920,0,39.4,39.54,38.79,39.33
688101,三达膜,17.15,0.23378141437755204,0.03999999999999915,56015817.0,3271554,0,17.1,17.21,17.0,17.11
688102,斯瑞新材,46.81,1.0796804145972791,0.5,3058870382.0,64429524,0,47.78,49.38,45.5,46.31
688103,国力电子,68.36,2.5502550255025547,1.7000000000000028,168986922.0,2500415,0,66.88,68.41,66.41,66.66
688105,诺唯赞,21.41,1.7102137767220873,0.35999999999999943,51747817.0,2436786,0,21.05,21.45,21.01,21.05
688106,金宏气体,24.09,-0.4545454545454522,-0.10999999999999943,905560846.0,37821183,0,23.4,24.54,23.4,24.2
688107,安路科技,28.52,0.5996472663139264,0.16999999999999815,147482920.0,5193133,0,28.2,28.7,28.06,28.35
688108,赛诺医疗,22.68,0.2652519893899148,0.05999999999999872,669458953.0,29816741,0,22.22,22.85,22.1,22.62
688109,品茗科技,130.8,-0.6833712984054499,-0.8999999999999773,230906695.0,1757302,0,132.0,133.7,130.0,131.7
688110,东芯股份,127.47,-0.9941747572815542,-1.2800000000000011,3243138072.0,25796074,0,125.01,127.66,123.6,128.75
688111,金山办公,341.5,4.915514592933948,16.0,3279480351.0,9801966,0,324.97,342.5,324.01,325.5
688112,鼎阳科技,38.92,-0.281834486292594,-0.10999999999999943,60121190.0,1543912,0,39.0,39.27,38.59,39.03
688113,联测科技,40.47,-0.14803849000740754,-0.060000000000002274,38218288.0,947559,0,40.57,40.68,39.97,40.53
688114,华大智造,75.0,10.213078618662752,6.950000000000003,819427778.0,11268016,0,68.05,75.3,67.99,68.05
688115,思林杰,64.36,0.37429819089206934,0.23999999999999488,34059413.0,530834,0,64.0,64.99,63.4,64.12
688116,天奈科技,48.99,0.43050430504305215,0.21000000000000085,439759359.0,8976242,0,48.82,49.49,48.32,48.78
688117,圣诺生物,44.36,7.020506634499387,2.9099999999999966,452577600.0,10431928,0,42.1,44.44,41.25,41.45
688118,普元信息,28.68,7.415730337078654,1.9800000000000004,207195052.0,7410522,0,26.69,28.76,26.57,26.7
688119,中钢洛耐,6.55,7.201309328968895,0.4399999999999995,594530493.0,90633565,0,6.29,6.84,6.13,6.11
688120,华海清科,174.85,0.5578559926386008,0.9699999999999989,1135131959.0,6529211,0,173.6,179.8,170.21,173.88
688121,卓然股份,11.2,0.17889087656529135,0.019999999999999574,56587545.0,5064646,0,11.23,11.32,11.04,11.18
688122,西部超导,92.95,11.317365269461082,9.450000000000003,5307011954.0,58898205,0,84.0,94.9,84.0,83.5
688123,聚辰股份,146.52,-1.3997308209959516,-2.079999999999984,1283039845.0,8872880,0,145.5,147.08,141.02,148.6
688125,安达智能,158.9,-2.3895816696357186,-3.8899999999999864,286901594.0,1794100,0,163.18,166.18,157.01,162.79
688126,沪硅产业,23.63,-0.12679628064243928,-0.030000000000001137,1332553137.0,56372930,0,23.21,24.04,23.2,23.66
688127,蓝特光学,42.52,6.379784838628982,2.5500000000000043,468838857.0,11239639,0,39.8,43.49,39.5,39.97
688128,中国电研,31.74,0.9541984732824338,0.29999999999999716,140563048.0,4456492,0,31.52,31.93,31.13,31.44
688129,东来技术,20.62,0.3406326034063274,0.07000000000000028,19784382.0,964287,0,20.55,20.67,20.36,20.55
688130,晶华微,22.49,1.489169675090245,0.3299999999999983,26057090.0,1165944,0,22.07,22.56,22.07,22.16
688131,皓元医药,82.31,5.633983572895278,4.390000000000001,326475907.0,4065823,0,77.7,82.5,77.7,77.92
688132,邦彦技术,19.86,2.213072568193514,0.4299999999999997,70710783.0,3580423,0,19.56,20.18,19.43,19.43
688133,泰坦科技,25.64,10.899653979238751,2.5199999999999996,297940898.0,12166183,0,23.55,25.98,23.27,23.12
688135,利扬芯片,33.0,7.7726975832789,2.379999999999999,557561980.0,17771386,0,30.6,33.5,30.4,30.62
688136,科兴制药,35.35,3.061224489795931,1.0500000000000043,147167261.0,4226583,0,34.33,35.42,34.04,34.3
688137,近岸蛋白,42.92,2.3122765196662667,0.9699999999999989,36453957.0,857762,0,41.95,43.27,41.68,41.95
688138,清溢光电,31.0,1.2410189418680568,0.379999999999999,181197856.0,5901342,0,30.4,31.13,30.29,30.62
688139,海尔生物,32.86,1.4197530864197556,0.46000000000000085,92828502.0,2841378,0,32.29,32.94,32.29,32.4
688141,杰华特,49.49,0.8353708231458917,0.4100000000000037,629353559.0,12663627,0,48.69,51.18,48.27,49.08
688143,长盈通,58.7,10.00749625187407,5.340000000000003,810477306.0,14498503,0,53.16,59.28,52.0,53.36
688146,中船特气,44.66,-1.8461538461538536,-0.8400000000000034,465671448.0,10434554,0,45.28,45.44,44.06,45.5
688147,微导纳米,72.06,-2.0790868324500624,-1.5300000000000011,616506776.0,8619211,0,73.0,73.85,70.02,73.59
688148,芳源股份,9.46,-2.7749229188078064,-0.2699999999999996,274423787.0,28508944,0,9.86,9.88,9.42,9.73
688150,莱特光电,28.53,3.6700581395348895,1.0100000000000016,378991320.0,13384471,0,27.6,28.78,27.31,27.52
688151,华强科技,21.36,0.09372071227741131,0.019999999999999574,85477913.0,3987845,0,21.52,21.66,21.28,21.34
688152,麒麟信安,43.79,2.146022859808728,0.9200000000000017,117471369.0,2702916,0,42.8,43.9,42.7,42.87
688153,唯捷创芯,39.9,3.1007751937984382,1.1999999999999957,263106839.0,6669331,0,38.5,39.9,38.45,38.7
688155,先惠技术,69.11,-1.6927453769559002,-1.1899999999999977,240220289.0,3428818,0,70.19,72.28,68.98,70.3
688156,路德科技,16.77,0.0,0.0,27850347.0,1669198,0,16.94,17.05,16.46,16.77
688157,松井股份,37.95,-1.5819502074688783,-0.6099999999999994,107601252.0,2815604,0,38.46,39.0,37.62,38.56
688158,优刻得,30.1,2.241847826086957,0.6600000000000001,1592993837.0,52994483,0,29.83,30.87,29.43,29.44
688159,有方科技,53.61,2.957557134626463,1.5399999999999991,294732551.0,5549021,0,52.12,53.84,51.7,52.07
688160,步科股份,147.13,5.734818541142644,7.97999999999999,790402907.0,5483633,0,138.43,149.03,136.0,139.15
688161,威高骨科,30.13,0.8029441284710553,0.23999999999999844,44806354.0,1489408,0,29.79,30.33,29.75,29.89
688162,巨一科技,32.25,0.9705698184095138,0.3099999999999987,49326109.0,1540461,0,31.95,32.25,31.8,31.94
688163,赛伦生物,23.16,1.7574692442882185,0.3999999999999986,20962122.0,914389,0,22.75,23.16,22.67,22.76
688165,埃夫特,23.24,1.0434782608695583,0.23999999999999844,286218496.0,12297483,0,23.1,23.56,23.03,23.0
688166,博瑞医药,54.6,1.998879133196339,1.0700000000000003,476828801.0,8818202,0,53.52,54.85,53.18,53.53
688167,炬光科技,204.17,10.541418516513264,19.47,1214904841.0,6216534,0,183.0,209.9,180.15,184.7
688168,安博通,83.54,6.136450260449769,4.8300000000000125,219272235.0,2680020,0,78.88,83.8,78.5,78.71
688169,石头科技,163.49,2.2451532207629787,3.5900000000000034,799075583.0,4929917,0,159.9,163.69,159.19,159.9
688170,德龙激光,35.35,0.8559201141226941,0.30000000000000426,148439143.0,4201874,0,34.88,35.97,34.76,35.05
688171,纬德信息,48.48,1.998737639385642,0.9499999999999957,94211322.0,1936216,0,48.4,49.6,47.4,47.53
688172,燕东微,35.14,-2.6862364995845995,-0.9699999999999989,613764551.0,17427948,0,35.79,36.1,34.69,36.11
688173,希荻微,16.03,0.6277463904582637,0.10000000000000142,166232213.0,10415162,0,15.88,16.11,15.78,15.93
688175,高凌信息,29.83,1.7394270122783015,0.509999999999998,76364515.0,2564997,0,29.1,30.28,29.1,29.32
688176,亚虹医药,11.99,1.782682512733454,0.21000000000000085,176232918.0,14742627,0,12.0,12.24,11.75,11.78
688177,百奥泰,25.51,3.7835638730675485,0.9300000000000033,72364742.0,2887153,0,24.72,25.63,24.4,24.58
688178,万德斯,24.25,0.37251655629139013,0.08999999999999986,18683747.0,775355,0,24.09,24.3,23.8,24.16
688179,阿拉丁,13.49,2.898550724637687,0.3800000000000008,104177218.0,7788137,0,13.08,13.65,13.08,13.11
688180,君实生物,39.2,4.089219330855035,1.5400000000000063,519836414.0,13556741,0,37.65,39.2,37.6,37.66
688181,八亿时空,36.08,-1.0964912280701715,-0.3999999999999986,219525296.0,6072616,0,36.02,36.75,35.8,36.48
688182,灿勤科技,33.31,6.1504142766093155,1.9300000000000033,392475848.0,12076008,0,31.3,33.52,31.14,31.38
688183,生益电子,95.89,-0.4464285714285638,-0.4299999999999926,1397629580.0,14711585,0,95.0,97.05,92.5,96.32
688184,ST帕瓦,9.52,0.2105263157894692,0.019999999999999574,12661647.0,1341831,0,9.5,9.55,9.31,9.5
688185,康希诺,68.69,3.277702601112603,2.1799999999999926,162599658.0,2389018,0,67.0,69.16,66.61,66.51
688186,广大特材,25.3,1.9750100765820315,0.490000000000002,493689655.0,19528695,0,25.0,25.77,24.66,24.81
688187,时代电气,52.1,0.6763285024154617,0.3500000000000014,250902724.0,4815850,0,51.72,52.66,51.6,51.75
688188,柏楚电子,151.56,1.534132779527026,2.289999999999992,432398977.0,2867103,0,148.0,152.37,147.9,149.27
688189,南新制药,8.87,3.2596041909196667,0.27999999999999936,93863636.0,10792960,0,8.59,8.92,8.51,8.59
688190,云路股份,104.0,1.3744029632517756,1.4099999999999966,158760932.0,1515929,0,102.4,106.66,101.71,102.59
688191,智洋创新,32.1,-0.588417466707952,-0.18999999999999773,93172278.0,2880306,0,32.2,32.83,32.01,32.29
688192,迪哲医药,66.79,5.263987391646971,3.3400000000000034,286959423.0,4383787,0,63.53,67.08,63.53,63.45
688193,仁度生物,50.24,1.1068625477963459,0.5500000000000043,21651592.0,431897,0,49.4,50.65,49.4,49.69
688195,腾景科技,168.88,-1.5276967930029182,-2.6200000000000045,1218917105.0,7262337,0,168.0,172.38,163.0,171.5
688196,卓越新能,72.85,15.415082382762987,9.729999999999997,421667858.0,5747416,0,66.98,75.74,66.98,63.12
688197,首药控股,40.54,4.242735921830801,1.6499999999999986,83022500.0,2059475,0,38.6,42.0,38.6,38.89
688198,佰仁医疗,112.01,0.8917312196000803,0.9900000000000091,55238483.0,495657,0,111.02,113.0,109.69,111.02
688199,久日新材,26.03,-1.401515151515142,-0.36999999999999744,181130843.0,6961389,0,26.1,26.32,25.79,26.4
688200,华峰测控,209.35,-0.6360055057193049,-1.3400000000000034,710474065.0,3413567,0,208.31,215.99,204.38,210.69
688201,信安世纪,15.12,1.955495616992577,0.28999999999999915,171063643.0,11371658,0,14.87,15.29,14.72,14.83
688202,美迪西,71.0,4.766120702375689,3.230000000000004,425076976.0,6165457,0,67.0,71.99,66.65,67.77
688203,海正生材,13.17,1.307692307692307,0.16999999999999993,37132314.0,2828545,0,13.0,13.3,12.99,13.0
688205,德科立,150.42,1.8415707515233575,2.719999999999999,2023918711.0,13543690,0,144.94,155.9,141.06,147.7
688206,概伦电子,39.75,4.964351729601275,1.8800000000000026,333267887.0,8606370,0,37.74,39.89,37.2,37.87
688207,格灵深瞳,16.67,3.669154228855743,0.5900000000000034,143565931.0,8763135,0,16.1,16.7,16.0,16.08
688208,道通科技,37.4,1.7687074829931932,0.6499999999999986,467099700.0,12571295,0,36.75,37.64,36.52,36.75
688209,英集芯,22.1,0.0,0.0,273112404.0,12408398,0,21.95,22.27,21.67,22.1
688210,统联精密,51.7,-1.6923369461874889,-0.8900000000000006,283641358.0,5426890,0,53.37,53.5,51.31,52.59
688211,中科微至,31.46,0.995184590690216,0.3100000000000023,13779480.0,439942,0,31.13,31.48,31.11,31.15
688212,澳华内镜,48.2,0.41666666666667257,0.20000000000000284,89087093.0,1854698,0,48.5,48.64,47.56,48.0
688213,思特威,97.0,0.15487867836861713,0.15000000000000568,785016444.0,8159942,0,96.2,97.19,95.1,96.85
688215,瑞晟智能,74.08,-3.792207792207795,-2.9200000000000017,107371139.0,1439741,0,77.0,77.0,73.36,77.0
688216,气派科技,23.76,1.1063829787234107,0.26000000000000156,42679696.0,1796536,0,23.62,24.58,23.28,23.5
688217,睿昂基因,30.25,1.238286479250338,0.370000000000001,40369277.0,1348226,0,30.0,30.29,29.48,29.88
688218,江苏北人,23.42,1.0789814415192058,0.25,77854968.0,3337257,0,23.17,23.6,23.04,23.17
688219,会通股份,12.59,1.7784963621665373,0.22000000000000064,167797503.0,13351445,0,12.35,12.69,12.34,12.37
688220,翱捷科技,93.45,4.425075427422068,3.960000000000008,974719363.0,10585073,0,88.9,95.0,87.88,89.49
688221,前沿生物,28.15,19.99147485080988,4.689999999999998,785764140.0,30528229,0,23.47,28.15,23.06,23.46
688222,成都先导,32.52,5.756097560975619,1.7700000000000031,1166271370.0,36967601,0,30.76,33.3,30.27,30.75
688223,晶科能源,6.18,-3.286384976525821,-0.20999999999999996,1324711509.0,211219408,0,6.31,6.48,6.12,6.39
688225,亚信安全,22.94,12.450980392156877,2.5400000000000027,432706318.0,19338182,0,20.6,23.69,20.5,20.4
688226,威腾电气,38.78,-0.5641025641025612,-0.21999999999999886,171712233.0,4419058,0,39.0,39.53,38.47,39.0
688227,品高股份,81.17,5.156108304184485,3.980000000000004,617022495.0,7944842,0,76.0,81.82,73.7,77.19
688228,开普云,209.39,-2.14506028600804,-4.590000000000003,603632288.0,2885869,0,212.06,214.15,205.8,213.98
688229,博睿数据,72.72,6.596306068601583,4.5,228878298.0,3219064,0,68.22,74.0,68.22,68.22
688230,芯导科技,78.0,2.5236593059936934,1.9200000000000017,175256775.0,2282453,0,76.08,78.44,75.16,76.08
688231,隆达股份,28.48,1.3523131672597828,0.379999999999999,214060268.0,7544560,0,28.5,28.94,27.8,28.1
688232,新点软件,26.74,3.4829721362229047,0.8999999999999986,102246498.0,3882471,0,25.8,26.86,25.8,25.84
688233,神工股份,80.08,-2.3652767617654202,-1.9399999999999977,638682273.0,7986273,0,79.11,81.9,78.3,82.02
688234,天岳先进,92.95,0.660602122590426,0.6099999999999994,828337141.0,8958676,0,92.3,94.3,90.89,92.34
688235,百济神州,312.99,1.7390456377584265,5.350000000000023,1008512362.0,3272901,0,303.93,317.84,297.0,307.64
688236,XD春立医,24.99,0.8067769261799085,0.1999999999999993,59965586.0,2444399,0,24.43,24.99,24.0,24.79
688237,超卓航科,54.43,-2.1922731356693603,-1.2199999999999989,211070369.0,3893731,0,56.61,56.61,53.07,55.65
688238,和元生物,7.5,3.305785123966945,0.2400000000000002,118124453.0,15967220,0,7.28,7.52,7.27,7.26
688239,航宇科技,70.7,3.181552831290144,2.180000000000007,857776821.0,12008661,0,70.58,73.99,68.56,68.52
688244,永信至诚,26.6,4.889589905362784,1.240000000000002,217842975.0,8284861,0,25.6,26.67,25.6,25.36
688246,嘉和美康,28.67,11.167119038386982,2.8800000000000026,565860373.0,19240180,0,27.48,30.95,27.4,25.79
688247,宣泰医药,10.29,1.679841897233201,0.16999999999999993,33276890.0,3263095,0,10.08,10.31,10.08,10.12
688248,南网科技,50.37,4.719334719334711,2.269999999999996,323333645.0,6479638,0,48.11,51.0,48.07,48.1
688249,晶合集成,36.71,0.575342465753427,0.21000000000000085,1289808841.0,35151555,0,36.19,37.67,35.68,36.5
688251,井松智能,27.45,-1.4716439339554923,-0.41000000000000014,64845392.0,2356150,0,27.61,27.85,27.21,27.86
688252,天德钰,22.69,1.2946428571428692,0.2900000000000027,133570642.0,5940023,0,22.35,22.71,22.23,22.4
688253,英诺特,32.03,1.2006319115323936,0.38000000000000256,68165801.0,2145045,0,31.64,32.18,31.35,31.65
688255,凯尔达,37.35,1.494565217391316,0.5500000000000043,92326970.0,2486972,0,36.43,37.88,36.43,36.8
688256,寒武纪,1491.0,3.254847645429363,47.0,14899518827.0,10220498,0,1419.99,1512.0,1391.0,1444.0
688257,新锐股份,41.16,3.2873274780426476,1.3099999999999952,469235819.0,11675784,0,39.85,41.36,38.11,39.85
688258,卓易信息,109.9,15.56256572029444,14.800000000000011,1058768914.0,10515983,0,94.78,109.9,94.0,95.1
688259,创耀科技,44.44,1.3454960091219983,0.5899999999999963,187406771.0,4235016,0,44.27,44.81,43.6,43.85
688260,昀冢科技,30.96,1.708278580814716,0.5199999999999996,165958262.0,5423081,0,30.5,31.13,30.03,30.44
688261,东微半导,86.34,-2.1643059490084946,-1.9099999999999966,729208609.0,8424697,0,88.0,88.03,85.46,88.25
688262,国芯科技,33.29,1.4320536258379002,0.46999999999999886,454100205.0,13748232,0,32.67,33.6,32.37,32.82
688265,南模生物,46.87,4.38752783964365,1.9699999999999989,111800751.0,2447345,0,44.51,47.01,44.11,44.9
688266,泽璟制药,98.8,1.5938303341902285,1.5499999999999972,405575104.0,4154675,0,98.0,100.37,95.71,97.25
688267,中触媒,29.21,1.1076497057805479,0.3200000000000003,60485630.0,2075882,0,28.91,29.31,28.91,28.89
688268,华特气体,66.85,-2.3374726077428902,-1.6000000000000085,585136578.0,8723773,0,67.47,68.39,66.34,68.45
688269,凯立新材,41.73,1.163636363636356,0.4799999999999969,65265808.0,1570961,0,41.25,41.98,40.91,41.25
688270,臻镭科技,180.88,18.999999999999996,28.879999999999995,6128418180.0,36189515,0,159.0,182.4,158.0,152.0
688271,联影医疗,137.41,2.52947321295328,3.3899999999999864,923443634.0,6741560,0,135.08,138.28,135.0,134.02
688272,富吉瑞,31.8,-2.9007633587786237,-0.9499999999999993,153475198.0,4701060,0,32.88,33.9,31.8,32.75
688273,麦澜德,53.24,-3.5157665820949577,-1.9399999999999977,489179079.0,9143517,0,54.49,55.5,51.56,55.18
688275,万润新能,74.73,0.5381407237992811,0.4000000000000057,346957270.0,4670800,0,74.0,75.75,73.01,74.33
688276,百克生物,20.31,0.39545229856647696,0.0799999999999983,83449810.0,4122519,0,20.23,20.35,20.09,20.23
688277,天智航,17.96,1.1261261261261222,0.1999999999999993,228750537.0,12815299,0,17.73,18.1,17.48,17.76
688278,特宝生物,80.59,-1.8033386133788107,-1.4799999999999898,182614152.0,2260911,0,82.21,82.68,80.08,82.07
688279,峰岹科技,199.0,2.1927797463154164,4.27000000000001,292908049.0,1474169,0,194.0,200.98,193.5,194.73
688280,精进电动,9.05,-0.22050716648290597,-0.019999999999999574,107022104.0,11841207,0,9.1,9.13,8.94,9.07
688281,华秦科技,92.63,18.924123764282957,14.739999999999995,885535314.0,9865692,0,79.84,93.47,79.0,77.89
688282,理工导航,78.5,12.142857142857142,8.5,361674520.0,4608979,0,71.5,82.68,70.0,70.0
688283,坤恒顺维,47.01,-1.2809743805123885,-0.6099999999999994,332456357.0,6818599,0,47.66,51.88,46.2,47.62
688285,高铁电气,9.27,1.5334063526834478,0.1399999999999988,36189180.0,3921440,0,9.14,9.36,9.1,9.13
688286,敏芯股份,83.17,1.6748166259168762,1.3700000000000045,169360861.0,2054171,0,81.78,83.56,81.22,81.8
688287,*ST观典,6.13,1.322314049586778,0.08000000000000007,32675851.0,5339978,0,6.08,6.24,6.0,6.05
688288,鸿泉技术,28.56,2.036441586280816,0.5700000000000003,58273852.0,2059012,0,28.05,28.57,27.8,27.99
688289,圣湘生物,20.12,3.1266017426960504,0.6099999999999994,167301627.0,8366613,0,19.6,20.15,19.59,19.51
688290,景业智能,63.39,-0.28315243039169374,-0.17999999999999972,146277954.0,2311030,0,63.7,64.1,62.72,63.57
688291,金橙子,47.0,4.05136152313482,1.8299999999999983,334542688.0,7225021,0,45.7,47.98,44.88,45.17
688292,浩瀚深度,28.26,1.581595974119343,0.4400000000000013,170878945.0,6135209,0,27.49,28.42,27.2,27.82
688293,奥浦迈,52.45,0.0,0.0,83609187.0,1601291,0,52.5,52.77,51.62,52.45
688295,中复神鹰,32.83,-0.7557436517533254,-0.25,493515646.0,14971013,0,33.04,33.55,32.5,33.08
688296,和达科技,14.02,1.6678752719361887,0.23000000000000043,32456586.0,2331123,0,13.85,14.18,13.71,13.79
688297,中无人机,54.7,7.99605133267523,4.050000000000004,1571579351.0,28901515,0,52.77,56.88,52.68,50.65
688298,东方生物,25.1,0.40000000000000563,0.10000000000000142,55457152.0,2214714,0,25.07,25.23,24.89,25.0
688299,长阳科技,18.4,3.1390134529147913,0.5599999999999987,199105233.0,10903323,0,17.75,18.56,17.75,17.84
688300,联瑞新材,64.05,1.2968527597659345,0.8200000000000003,292256015.0,4610631,0,62.72,64.17,62.18,63.23
688301,奕瑞科技,112.11,2.853211009174311,3.1099999999999994,285990042.0,2583320,0,109.1,112.7,108.09,109.0
688302,海创药业,54.19,2.6520174275430923,1.3999999999999986,167408685.0,3146298,0,52.81,54.44,51.81,52.79
688303,大全能源,26.61,-6.104446012702895,-1.7300000000000004,895403275.0,33280251,0,27.4,27.4,26.47,28.34
688305,科德数控,66.0,0.13654984069185772,0.09000000000000341,304447250.0,4612349,0,65.58,66.98,65.15,65.91
688306,均普智能,11.8,0.5110732538330536,0.0600000000000005,225440879.0,19201506,0,11.68,11.87,11.6,11.74
688307,中润光学,46.27,1.4692982456140389,0.6700000000000017,172826647.0,3739010,0,45.5,47.53,45.31,45.6
688308,欧科亿,31.86,-1.4232673267326759,-0.46000000000000085,158114871.0,4916583,0,32.4,32.7,31.62,32.32
688309,恒誉环保,24.91,-0.24028834601521315,-0.05999999999999872,28412147.0,1145042,0,24.97,25.02,24.51,24.97
688310,迈得医疗,16.13,1.1285266457680232,0.17999999999999972,42527877.0,2659899,0,15.96,16.16,15.74,15.95
688311,盟升电子,54.46,0.7585568917668895,0.4100000000000037,933683548.0,16870310,0,54.45,58.76,53.01,54.05
688312,燕麦科技,35.1,1.5037593984962496,0.5200000000000031,143167849.0,4065841,0,34.46,35.84,34.45,34.58
688313,仕佳光子,88.0,2.3136844552958897,1.9899999999999949,2544263348.0,29466481,0,84.72,88.65,83.2,86.01
688314,康拓医疗,38.56,-5.024630541871919,-2.039999999999999,178721010.0,4624391,0,40.0,40.19,38.1,40.6
688315,诺禾致源,15.0,6.007067137809185,0.8499999999999996,157396183.0,10735377,0,14.39,15.0,14.29,14.15
688316,青云科技,65.32,3.3380794178136246,2.1099999999999923,210197475.0,3245373,0,62.82,65.56,62.82,63.21
688317,之江生物,21.19,0.5695301376364547,0.120000000000001,35393153.0,1678193,0,21.05,21.22,20.88,21.07
688318,财富趋势,144.82,1.9643737238611503,2.789999999999992,775936881.0,5367964,0,141.6,147.38,141.25,142.03
688319,欧林生物,31.02,6.81818181818182,1.9800000000000004,332549261.0,11061740,0,29.33,31.3,28.51,29.04
688320,禾川科技,36.91,0.9021323127391971,0.3299999999999983,201788104.0,5455676,0,36.55,37.68,36.3,36.58
688321,微芯生物,34.3,7.254534083802366,2.3199999999999967,654953258.0,19609920,0,32.29,34.48,32.29,31.98
688322,奥比中光,94.08,2.2608695652173894,2.0799999999999983,769443935.0,8185910,0,91.53,95.55,91.04,92.0
688323,瑞华泰,23.52,-6.518282988871227,-1.6400000000000006,425527019.0,17392932,0,25.0,25.88,23.19,25.16
688325,赛微微电,91.35,-0.6957277964996201,-0.6400000000000006,73659502.0,807830,0,91.5,92.31,89.8,91.99
688326,经纬恒润,125.0,-0.8487348298564237,-1.0699999999999932,421480617.0,3390765,0,125.81,126.5,122.58,126.07
688327,云从科技,16.3,7.236842105263168,1.1000000000000014,1028673476.0,64909005,0,15.19,16.34,15.11,15.2
688328,深科达,31.78,0.5060088551549656,0.16000000000000014,197415029.0,6301286,0,31.5,31.87,30.62,31.62
688329,艾隆科技,22.33,1.6385980883022278,0.35999999999999943,48378268.0,2197963,0,22.0,22.42,21.75,21.97
688330,宏力达,38.69,0.3371369294605691,0.12999999999999545,94110795.0,2423640,0,38.56,39.38,38.5,38.56
688331,荣昌生物,96.96,4.935064935064922,4.559999999999988,817291829.0,8611728,0,93.0,98.0,90.0,92.4
688332,中科蓝讯,145.34,2.2584957433335733,3.210000000000008,1008123989.0,7017121,0,140.73,149.48,138.33,142.13
688333,铂力特,116.89,5.1736548497390675,5.75,2873913846.0,24831638,0,114.0,120.7,111.4,111.14
688334,西高院,20.55,1.032448377581125,0.21000000000000085,85427920.0,4158328,0,20.34,20.7,20.34,20.34
688335,复洁科技,30.38,-0.5890052356020933,-0.17999999999999972,204266820.0,6892782,0,30.8,30.8,29.0,30.56
688336,三生国健,63.8,1.8355945730247385,1.1499999999999986,321483960.0,5134313,0,62.49,63.96,61.63,62.65
688337,普源精电,40.88,2.353530295443177,0.9400000000000048,166200117.0,4087489,0,40.1,41.3,39.95,39.94
688338,赛科希德,27.13,0.5187106335679903,0.14000000000000057,19599975.0,726207,0,27.0,27.14,26.8,26.99
688339,亿华通,29.0,-0.48043925875085985,-0.14000000000000057,161003341.0,5531487,0,29.48,29.69,28.6,29.14
688343,云天励飞,81.56,4.2167135190390965,3.299999999999997,1420711610.0,17884566,0,77.57,81.81,76.98,78.26
688345,博力威,33.45,0.8441362677117912,0.28000000000000114,50516754.0,1508860,0,32.98,33.93,32.98,33.17
688347,华虹公司,128.3,1.5835312747426875,2.000000000000014,2841571938.0,22356242,0,124.86,130.0,122.62,126.3
688348,昱能科技,54.3,-0.9846827133479326,-0.5400000000000063,164463493.0,3001205,0,54.84,56.39,54.01,54.84
688349,三一重能,27.59,2.1851851851851847,0.5899999999999999,148620010.0,5412728,0,27.37,27.95,27.0,27.0
688350,富淼科技,27.15,-2.7230383375134415,-0.7600000000000016,113956797.0,4208365,0,28.0,28.01,26.51,27.91
688351,微电生理,26.07,2.7186761229314476,0.6900000000000013,213526322.0,8356498,0,25.38,26.11,24.91,25.38
688352,颀中科技,13.41,0.6001500375093779,0.08000000000000007,165647957.0,12408776,0,13.25,13.45,13.21,13.33
688353,华盛锂电,108.34,-3.077473608874573,-3.4399999999999977,1096722119.0,9955731,0,108.98,113.87,107.8,111.78
688355,明志科技,18.49,1.0934937124111497,0.1999999999999993,26371884.0,1434996,0,18.3,18.54,18.21,18.29
688356,键凯科技,101.0,8.56712888315597,7.969999999999999,351078552.0,3585532,0,93.03,105.88,91.88,93.03
688357,建龙微纳,35.71,4.141149023038792,1.4200000000000017,108191286.0,3041676,0,34.28,36.68,34.18,34.29
688358,祥生医疗,35.45,9.58268933539413,3.1000000000000014,181809695.0,5239367,0,32.94,35.67,32.72,32.35
688359,三孚新科,68.63,-0.34848264846814153,-0.2400000000000091,98454088.0,1439813,0,68.25,69.4,67.66,68.87
688360,德马科技,20.75,-0.2883229216722668,-0.05999999999999872,107133674.0,5164421,0,20.52,20.98,20.52,20.81
688361,中科飞测,186.01,3.218467343654616,5.799999999999983,1331013789.0,7259211,0,180.2,188.88,176.3,180.21
688362,甬矽电子,41.96,2.9188128525876813,1.1899999999999977,1331127724.0,31686938,0,40.77,43.5,40.45,40.77
688363,华熙生物,46.23,2.482819773886051,1.1199999999999974,280884887.0,6132421,0,45.34,46.23,45.25,45.11
688365,光云科技,20.4,11.90345584201864,2.169999999999998,772579283.0,39667113,0,17.98,20.5,17.86,18.23
688366,昊海生科,46.24,1.6710642040457457,0.7600000000000051,53198637.0,1155923,0,45.48,46.37,45.4,45.48
688367,工大高科,31.45,-1.9638403990024909,-0.629999999999999,85292253.0,2721525,0,32.69,32.84,30.92,32.08
688368,晶丰明源,123.07,-0.8699154248892569,-1.0800000000000125,211053999.0,1713313,0,122.77,124.5,122.0,124.15
688369,致远互联,28.7,5.475927967658943,1.4899999999999984,232026200.0,8221303,0,27.36,29.21,27.21,27.21
688370,丛麟科技,27.52,0.7320644216691043,0.1999999999999993,47438326.0,1731612,0,27.47,27.77,27.06,27.32
688371,菲沃泰,20.45,0.29426189308483924,0.05999999999999872,70884254.0,3496103,0,20.32,20.53,20.05,20.39
688372,伟测科技,117.2,3.3509700176366812,3.799999999999997,870467104.0,7550241,0,112.49,119.77,109.05,113.4
688373,盟科药业,6.73,2.4353120243531223,0.16000000000000014,97207754.0,14614456,0,6.58,6.75,6.55,6.57
688375,国博电子,129.99,12.907148440892916,14.860000000000014,2090294180.0,16785080,0,116.53,137.38,115.6,115.13
688376,美埃科技,60.45,0.24875621890548208,0.15000000000000568,169125471.0,2818716,0,60.26,61.24,58.92,60.3
688377,迪威尔,39.86,7.5843454790823275,2.8100000000000023,191326524.0,4860621,0,37.24,40.2,37.24,37.05
688378,奥来德,31.46,1.8122977346278393,0.5600000000000023,227189396.0,7229309,0,31.5,31.96,30.83,30.9
688379,华光新材,56.15,-2.635685798508762,-1.5200000000000031,305609123.0,5360109,0,57.91,58.48,56.0,57.67
688380,中微半导,34.77,1.4886164623467752,0.5100000000000051,256588302.0,7438916,0,34.55,34.82,33.99,34.26
688381,帝奥微,24.13,0.4997917534360576,0.11999999999999744,103328545.0,4298866,0,23.99,24.21,23.81,24.01
688382,益方生物,33.4,2.453987730061341,0.7999999999999972,421062272.0,12869006,0,32.34,33.59,31.88,32.6
688383,新益昌,77.18,-3.94523957685126,-3.1699999999999875,147098712.0,1875453,0,79.81,80.43,77.18,80.35
688385,复旦微电,89.22,4.473067915690859,3.819999999999993,2554938723.0,28601078,0,85.4,93.18,85.0,85.4
688386,泛亚微透,95.6,3.631436314363137,3.3499999999999943,523317354.0,5396670,0,92.54,101.5,92.1,92.25
688387,信科移动,15.84,20.000000000000007,2.6400000000000006,2907574495.0,187528238,0,14.15,15.84,14.15,13.2
688388,嘉元科技,43.08,0.6542056074766383,0.28000000000000114,766007658.0,17960327,0,42.46,43.31,41.82,42.8
688389,普门科技,13.65,1.4869888475836512,0.20000000000000107,54852677.0,4041253,0,13.48,13.65,13.4,13.45
688390,固德威,72.89,-1.765498652291108,-1.3100000000000023,827895566.0,11193125,0,74.58,76.69,72.35,74.2
688391,钜泉科技,30.17,-0.16545334215750218,-0.04999999999999716,58391493.0,1938964,0,30.22,30.53,29.8,30.22
688392,骄成超声,144.48,12.874999999999993,16.47999999999999,973736799.0,7064306,0,125.1,149.0,125.09,128.0
688393,安必平,33.04,19.71014492753622,5.439999999999998,491407372.0,15700739,0,28.99,33.12,28.97,27.6
688395,正弦电气,24.8,0.9361009361009378,0.23000000000000043,17395486.0,703370,0,24.69,24.9,24.53,24.57
688396,华润微,58.11,-0.49657534246575197,-0.28999999999999915,994809623.0,17124075,0,58.2,58.9,57.54,58.4
688398,赛特新材,18.17,2.539503386004531,0.45000000000000284,45395055.0,2543343,0,17.84,18.2,17.55,17.72
688399,硕世生物,79.98,3.5876181841730483,2.7700000000000102,584262415.0,7327393,0,77.3,82.0,76.65,77.21
688400,凌云光,45.51,0.8643617021276608,0.39000000000000057,854549295.0,18957686,0,44.63,45.96,44.0,45.12
688401,路维光电,58.8,2.2964509394572032,1.3200000000000003,488419059.0,8442867,0,56.96,60.3,55.44,57.48
688403,汇成股份,18.05,-0.8241758241758164,-0.14999999999999858,1070742239.0,58163451,0,18.69,19.28,17.98,18.2
688408,中信博,46.29,-0.8991650610147756,-0.4200000000000017,282468170.0,6097079,0,46.3,46.9,45.6,46.71
688409,富创精密,80.8,-0.12360939431397838,-0.10000000000000853,852468316.0,10639454,0,80.14,81.86,78.5,80.9
688410,山外山,16.04,1.3906447534766047,0.21999999999999886,68027414.0,4286157,0,15.81,16.08,15.7,15.82
688411,海博思创,239.05,-4.360872174434878,-10.899999999999977,934037561.0,3889007,0,248.01,248.51,233.0,249.95
688416,恒烁股份,70.74,-3.7158023683136023,-2.730000000000004,571555025.0,8017908,0,70.99,73.17,68.9,73.47
688418,震有科技,57.29,20.004189359028064,9.549999999999997,1952408015.0,36046090,0,49.5,57.29,48.18,47.74
688419,耐科装备,36.28,4.252873563218403,1.480000000000004,292498704.0,8199913,0,34.36,37.77,33.9,34.8
688420,美腾科技,25.05,2.16150081566069,0.5300000000000011,14118010.0,568029,0,24.52,25.06,24.45,24.52
688425,铁建重工,5.34,0.0,0.0,156141112.0,29233836,0,5.38,5.39,5.3,5.34
688426,康为世纪,26.17,0.49923195084486394,0.13000000000000256,19930311.0,764678,0,26.32,26.33,25.76,26.04
688428,诺诚健华,22.57,3.6747818098300447,0.8000000000000007,240131364.0,10841476,0,21.88,22.85,21.47,21.77
688429,时创能源,13.69,-0.6531204644412181,-0.08999999999999986,31714682.0,2317090,0,13.78,13.9,13.45,13.78
688432,有研硅,13.7,0.0,0.0,176385539.0,12902949,0,13.63,13.8,13.56,13.7
688433,华曙高科,77.36,1.3892529488859793,1.0600000000000023,493395316.0,6352419,0,76.3,81.23,74.0,76.3
688435,英方软件,50.55,3.9909483645340416,1.9399999999999977,255256185.0,5175479,0,48.45,50.8,48.3,48.61
688439,振华风光,67.53,2.2252497729336946,1.4699999999999989,715926056.0,10601099,0,66.66,69.18,66.16,66.06
688443,智翔金泰,32.44,11.172035640849892,3.259999999999998,363946628.0,11592639,0,30.06,32.77,30.06,29.18
688448,磁谷科技,51.29,-2.9517502365184525,-1.5600000000000023,208873659.0,4029627,0,52.35,54.5,50.8,52.85
688449,联芸科技,51.95,-2.678905957287373,-1.4299999999999997,522119533.0,10043814,0,51.5,52.68,51.5,53.38
688450,光格科技,29.66,2.7720027720027742,0.8000000000000007,32566521.0,1107580,0,28.74,29.73,28.74,28.86
688455,科捷智能,21.38,5.009823182711196,1.0199999999999996,79787395.0,3830548,0,20.36,21.49,20.29,20.36
688456,有研粉材,68.6,0.29239766081869684,0.19999999999998863,567649946.0,8343623,0,69.49,69.69,66.14,68.4
688458,美芯晟,41.19,0.0972053462940441,0.03999999999999915,92901128.0,2259716,0,41.15,41.42,40.78,41.15
688459,哈铁科技,9.84,1.2345679012345598,0.11999999999999922,26187413.0,2670141,0,9.71,9.87,9.71,9.72
688466,金科环境,17.13,0.9428403064231005,0.16000000000000014,18660734.0,1099744,0,16.92,17.15,16.71,16.97
688468,科美诊断,7.85,1.6839378238341955,0.1299999999999999,39260301.0,5023847,0,7.72,7.86,7.72,7.72
688469,芯联集成,6.84,-0.5813953488372098,-0.040000000000000036,983419213.0,143856816,0,6.88,6.91,6.8,6.88
688472,阿特斯,15.54,-2.996254681647943,-0.4800000000000004,1514856899.0,97017055,0,15.73,15.93,15.37,16.02
688475,萤石网络,31.15,0.8090614886731393,0.25,171987976.0,5551875,0,30.9,31.19,30.71,30.9
688478,晶升股份,40.16,1.1841773746535622,0.46999999999999886,176249280.0,4440706,0,39.51,40.35,38.86,39.69
688479,友车科技,19.53,1.0346611484738895,0.20000000000000284,23380968.0,1204118,0,19.41,19.6,19.25,19.33
688480,赛恩斯,65.89,8.514492753623191,5.170000000000002,244497196.0,3847229,0,60.72,66.59,59.28,60.72
688484,南芯科技,42.75,-0.39608574091333104,-0.1700000000000017,339808716.0,7945021,0,43.4,43.4,42.25,42.92
688485,九州一轨,19.03,1.0621348911311888,0.20000000000000284,35054373.0,1855362,0,18.89,19.09,18.66,18.83
688486,龙迅股份,82.4,0.20673720053508657,0.1700000000000017,187126227.0,2275548,0,81.81,83.12,80.85,82.23
688488,艾迪药业,17.68,2.433371958285041,0.41999999999999815,136255381.0,7852827,0,17.26,17.79,16.97,17.26
688489,三未信安,46.5,1.37344669718771,0.6300000000000026,64063963.0,1382804,0,45.87,46.8,45.69,45.87
688496,清越科技,6.11,1.1589403973509982,0.07000000000000028,39311062.0,6509185,0,6.02,6.14,5.95,6.04
688498,源杰科技,752.0,5.174825174825175,37.0,4084115329.0,5614493,0,700.0,770.0,678.0,715.0
688499,利元亨,63.6,1.4515871749880422,0.9100000000000037,460409354.0,7267071,0,62.7,64.59,61.9,62.69
688500,慧辰股份,71.96,12.772292744083986,8.149999999999991,569185947.0,8282190,0,62.18,72.1,62.18,63.81
688501,青达环保,27.48,-1.575931232091695,-0.4400000000000013,61284522.0,2235742,0,28.03,28.25,27.08,27.92
688502,茂莱光学,414.18,-0.887793438464663,-3.7099999999999795,460301925.0,1106245,0,413.22,423.0,409.01,417.89
688503,聚和材料,72.91,-1.11216601112167,-0.8200000000000074,1156337075.0,15939593,0,72.26,74.64,69.61,73.73
688505,复旦张江,8.84,2.0785219399538075,0.17999999999999972,113617365.0,12982823,0,8.66,8.85,8.61,8.66
688506,百利天恒,343.9,3.3788252269584413,11.239999999999952,388841186.0,1141916,0,332.3,345.68,331.02,332.66
688507,索辰科技,117.0,1.3689135331831557,1.5799999999999983,536735174.0,4628423,0,117.5,119.5,112.8,115.42
688508,芯朋微,64.71,0.3411381609551851,0.21999999999999886,189840341.0,2942237,0,64.28,65.08,63.9,64.49
688509,正元地信,5.85,7.142857142857137,0.3899999999999997,246299815.0,42257632,0,5.5,6.14,5.48,5.46
688510,航亚科技,31.0,2.2764764104256066,0.6900000000000013,563968824.0,18140077,0,30.29,32.29,29.8,30.31
688511,*ST天微,31.68,-1.5537600994406464,-0.5,50122184.0,1576448,0,32.2,32.8,31.23,32.18
688512,慧智微,11.69,1.1245674740484344,0.129999999999999,88191543.0,7580067,0,11.54,11.71,11.5,11.56
688513,苑东生物,64.58,1.508959446714871,0.9600000000000009,153996400.0,2432949,0,63.8,64.79,61.82,63.62
688515,裕太微,117.95,2.752853035978741,3.1599999999999966,270468080.0,2340884,0,114.16,119.17,112.7,114.79
688516,奥特维,56.16,-4.000000000000005,-2.3400000000000034,1073150426.0,18492455,0,58.01,61.0,55.6,58.5
688517,金冠电气,16.42,0.48959608323134546,0.08000000000000185,64622794.0,3957284,0,16.38,16.49,16.18,16.34
688518,联赢激光,27.53,0.29143897996357687,0.08000000000000185,348650780.0,12715472,0,27.51,27.85,27.0,27.45
688519,南亚新材,75.9,-0.22347837518073813,-0.1699999999999875,389145950.0,5135529,0,77.0,77.36,73.55,76.07
688520,神州细胞,49.16,2.996019275089042,1.4299999999999997,191710361.0,3962685,0,47.7,49.38,47.5,47.73
688521,芯原股份,169.98,7.514231499051231,11.879999999999995,5029774021.0,30265428,0,158.0,175.49,156.0,158.1
688522,纳睿雷达,44.21,4.490664145592055,1.8999999999999986,728475219.0,16630474,0,42.9,45.07,42.72,42.31
688523,航天环宇,79.62,-0.46255781972745386,-0.36999999999999034,1847688660.0,23116852,0,79.6,84.46,76.0,79.99
688525,佰维存储,126.16,-0.2687747035573149,-0.3400000000000034,2134365658.0,17154679,0,124.06,127.46,120.61,126.5
688526,科前生物,16.09,0.4996876951904952,0.0799999999999983,35012980.0,2182980,0,16.06,16.1,15.94,16.01
688528,秦川物联,10.91,-0.09157509157508963,-0.009999999999999787,17450874.0,1600939,0,10.99,11.02,10.77,10.92
688529,豪森智能,19.21,0.5232862375719594,0.10000000000000142,29914738.0,1554444,0,19.2,19.39,19.05,19.11
688530,欧莱新材,17.54,0.22857142857142368,0.03999999999999915,31059273.0,1770857,0,17.59,17.7,17.36,17.5
688531,日联科技,70.0,2.4140453547915226,1.6500000000000057,235449722.0,3404920,0,68.3,70.2,67.71,68.35
688533,上声电子,30.28,0.23171135385633992,0.07000000000000028,62849414.0,2082867,0,30.13,30.36,29.95,30.21
688535,华海诚科,118.48,-3.6042632820763103,-4.429999999999993,722393328.0,6078316,0,119.77,120.29,116.9,122.91
688536,思瑞浦,174.8,0.6332757628094547,1.1000000000000227,644514877.0,3733605,0,173.38,175.1,169.51,173.7
688538,和辉光电,2.75,1.102941176470581,0.029999999999999805,240277546.0,87957447,0,2.73,2.75,2.71,2.72
688539,高华科技,53.37,2.4376199616122767,1.269999999999996,728872423.0,13704817,0,53.68,55.0,51.3,52.1
688543,国科军工,74.7,18.009478672985793,11.400000000000006,2293048107.0,31924593,0,64.76,75.96,64.76,63.3
688545,兴福电子,42.88,-4.157353598569511,-1.8599999999999994,394226268.0,9153108,0,43.5,44.11,42.36,44.74
688548,广钢气体,18.66,-1.7894736842105254,-0.33999999999999986,627750881.0,33594445,0,18.58,19.04,18.2,19.0
688549,中巨芯,10.01,0.3006012024048032,0.02999999999999936,296840076.0,29750000,0,9.91,10.05,9.89,9.98
688550,瑞联新材,48.12,1.5189873417721496,0.7199999999999989,170006929.0,3563489,0,47.28,48.15,47.08,47.4
688551,科威尔,39.95,2.9639175257732107,1.1500000000000057,74962918.0,1893595,0,39.28,40.3,38.18,38.8
688552,航天南湖,44.9,-0.22222222222222537,-0.10000000000000142,1267519194.0,27469329,0,46.9,48.23,44.3,45.0
688553,汇宇制药,22.0,6.7961165048543615,1.3999999999999986,315814355.0,14848474,0,20.6,22.1,20.37,20.6
688556,高测股份,13.48,-3.0913012221423415,-0.4299999999999997,1170150715.0,85491215,0,14.0,14.38,13.2,13.91
688557,兰剑智能,38.72,2.760084925690019,1.0399999999999991,92482647.0,2411115,0,38.0,38.74,37.62,37.68
688558,国盛智科,32.81,5.295250320924269,1.6500000000000021,141512790.0,4410766,0,30.88,32.82,30.68,31.16
688559,海目星,55.41,0.21703743895821564,0.11999999999999744,688724959.0,12477135,0,55.0,56.74,54.0,55.29
688560,明冠新材,15.7,-1.8136335209505998,-0.2900000000000009,114086836.0,7209920,0,15.99,16.09,15.65,15.99
688561,奇安信,38.55,3.2128514056224784,1.1999999999999957,383922586.0,10083576,0,37.45,38.56,37.2,37.35
688562,航天软件,26.57,1.065043742868015,0.28000000000000114,834012656.0,30844099,0,26.07,28.38,26.04,26.29
688563,航材股份,62.26,-0.04816182372772698,-0.030000000000001137,888881849.0,14084281,0,63.09,65.48,61.45,62.29
688565,力源科技,12.09,3.3333333333333384,0.39000000000000057,44869447.0,3749654,0,11.69,12.17,11.67,11.7
688566,吉贝尔,30.91,1.6776315789473737,0.5100000000000016,80816005.0,2643673,0,30.58,30.95,30.19,30.4
688567,孚能科技,16.1,0.24906600249067684,0.0400000000000027,281582005.0,17548891,0,16.01,16.23,15.88,16.06
688568,中科星图,65.91,8.049180327868847,4.909999999999997,3012194017.0,45976652,0,61.11,69.8,60.64,61.0
688569,铁科轨道,22.05,0.09078529278256728,0.019999999999999574,32016247.0,1454297,0,22.14,22.18,21.9,22.03
688570,天玛智控,18.93,0.6914893617021223,0.129999999999999,23631427.0,1254038,0,18.8,18.94,18.74,18.8
688571,杭华股份,7.8,1.298701298701294,0.09999999999999964,38561479.0,4955967,0,7.68,7.89,7.68,7.7
688573,信宇人,24.47,0.9488448844884506,0.23000000000000043,50268075.0,2065938,0,24.24,24.57,24.05,24.24
688575,亚辉龙,15.64,-1.0752688172043006,-0.16999999999999993,230465463.0,14705058,0,15.5,15.94,15.43,15.81
688576,西山科技,67.99,3.2341330094139016,2.1299999999999955,51183376.0,755631,0,65.85,68.9,65.85,65.86
688577,浙海德曼,91.65,-2.2191400832177512,-2.0799999999999983,134165077.0,1456295,0,93.74,94.0,90.8,93.73
688578,艾力斯,107.55,3.214971209213046,3.3499999999999943,439597180.0,4153246,0,103.97,107.55,103.8,104.2
688579,山大地纬,11.58,4.324324324324328,0.4800000000000004,110086639.0,9622221,0,11.14,11.59,11.05,11.1
688580,伟思医疗,65.7,-2.5656236096692924,-1.730000000000004,489617728.0,7398285,0,66.0,68.99,64.44,67.43
688581,安杰思,62.91,0.7365892714171237,0.45999999999999375,75025390.0,1195291,0,62.44,63.28,61.98,62.45
688582,芯动联科,74.99,4.807826694619145,3.4399999999999977,996257774.0,13523369,0,72.74,75.0,71.0,71.55
688583,思看科技,97.35,0.11312217194570079,0.10999999999999943,97164232.0,995313,0,96.71,99.99,95.83,97.24
688584,上海合晶,23.78,1.2776831345826265,0.3000000000000007,123531664.0,5230167,0,23.57,23.83,23.32,23.48
688585,上纬新材,143.99,8.753776435045319,11.590000000000003,1214757495.0,8658619,0,133.88,148.65,131.5,132.4
688586,江航装备,15.52,10.384068278805113,1.459999999999999,715891475.0,47398729,0,14.0,16.25,13.95,14.06
688588,凌志软件,15.19,2.496626180836702,0.3699999999999992,175258596.0,11623746,0,14.82,15.25,14.8,14.82
688589,力合微,23.95,-0.1667361400583541,-0.03999999999999915,118295042.0,4952984,0,23.8,24.08,23.73,23.99
688590,新致软件,20.21,4.067971163748708,0.7899999999999991,253534168.0,12746605,0,19.5,20.38,19.43,19.42
688591,泰凌微,46.57,0.5180228793438421,0.240000000000002,336063301.0,7281443,0,46.2,46.58,45.51,46.33
688592,司南导航,48.26,0.5626172119191415,0.269999999999996,389858452.0,7986290,0,49.0,51.2,46.5,47.99
688593,新相微,21.43,-0.6490496059341705,-0.14000000000000057,181747571.0,8527563,0,21.42,21.53,21.11,21.57
688595,芯海科技,35.02,-0.3981797497155673,-0.13999999999999346,109355541.0,3125719,0,34.85,35.32,34.6,35.16
688596,正帆科技,33.84,-0.9077598828696785,-0.30999999999999517,394895550.0,11742540,0,33.8,33.98,33.27,34.15
688597,煜邦电力,9.01,0.5580357142857023,0.049999999999998934,63760455.0,7091879,0,8.92,9.24,8.8,8.96
688598,金博股份,31.95,4.343566296538205,1.3299999999999983,386664863.0,11903936,0,30.9,33.6,30.62,30.62
688599,天合光能,18.32,-1.2931034482758537,-0.23999999999999844,1477066225.0,80012780,0,18.25,18.98,18.01,18.56
688600,皖仪科技,28.9,5.282331511839706,1.4499999999999993,93406959.0,3357365,0,27.5,28.9,27.22,27.45
688601,力芯微,48.76,0.39118797611693995,0.18999999999999773,307273185.0,6361552,0,48.33,49.2,47.61,48.57
688602,康鹏科技,9.15,0.5494505494505573,0.05000000000000071,126956205.0,13968117,0,9.02,9.17,9.0,9.1
688603,天承科技,87.51,8.627110228401195,6.950000000000003,695062648.0,8033864,0,82.98,90.5,81.33,80.56
688605,先锋精科,70.12,-0.6094968107724913,-0.4299999999999926,521029186.0,7386589,0,69.66,72.77,69.4,70.55
688606,奥泰生物,65.1,0.30816640986130756,0.19999999999998863,44273528.0,681082,0,64.9,65.26,64.64,64.9
688607,康众医疗,44.99,-1.768558951965055,-0.8099999999999952,338443191.0,7343607,0,47.0,50.88,43.27,45.8
688608,恒玄科技,235.46,0.10628799795927044,0.25,1142001835.0,4879477,0,231.36,237.99,228.01,235.21
688609,九联科技,10.59,3.4179687499999964,0.34999999999999964,199245979.0,18949325,0,10.23,10.67,10.19,10.24
688610,埃科光电,65.94,-1.8457874367371376,-1.240000000000009,78448500.0,1182990,0,66.61,67.18,65.91,67.18
688611,杭州柯林,60.68,1.7437961099932917,1.0399999999999991,255671701.0,4272916,0,58.32,61.01,58.32,59.64
688612,威迈斯,34.21,0.9442313366774868,0.3200000000000003,76569410.0,2241944,0,34.0,34.54,33.81,33.89
688613,奥精医疗,23.11,2.4379432624113506,0.5500000000000007,176822627.0,7725384,0,22.55,23.19,22.4,22.56
688615,合合信息,264.42,5.700351774864094,14.26000000000002,1386699178.0,5345419,0,247.91,268.6,247.9,250.16
688616,西力科技,12.69,2.504038772213237,0.3099999999999987,49607317.0,3975562,0,12.38,12.69,12.38,12.38
688617,惠泰医疗,265.66,4.4178916751827835,11.240000000000038,309726101.0,1179959,0,257.39,267.57,254.12,254.42
688618,三旺通信,31.97,-1.872314303253528,-0.6099999999999994,194989882.0,6124359,0,32.4,32.82,31.0,32.58
688619,罗普特,14.17,1.4316392269148124,0.1999999999999993,59839121.0,4271511,0,14.0,14.17,13.79,13.97
688620,安凯微,12.69,0.4750593824227927,0.05999999999999872,115073155.0,9078710,0,12.67,12.77,12.56,12.63
688621,阳光诺和,77.67,6.865712713263614,4.989999999999995,403612755.0,5372947,0,72.68,78.6,72.02,72.68
688622,禾信仪器,113.67,-2.0930232558139474,-2.4299999999999926,272931391.0,2389533,0,114.0,118.42,111.52,116.1
688623,双元科技,106.22,4.311106746538349,4.390000000000001,230816409.0,2188923,0,103.87,108.8,101.83,101.83
688625,呈和科技,53.6,-0.18621973929236763,-0.10000000000000142,349172445.0,6547035,0,53.35,55.59,51.69,53.7
688626,翔宇医疗,79.09,-6.678466076696162,-5.659999999999997,744685048.0,9297362,0,82.0,82.94,78.96,84.75
688627,精智达,241.04,-0.48716043266452264,-1.1800000000000068,1007500718.0,4221177,0,240.18,245.78,232.12,242.22
688628,优利德,32.46,0.30902348578492406,0.10000000000000142,34380029.0,1062932,0,32.2,32.55,32.1,32.36
688629,华丰科技,106.05,1.531833413116318,1.5999999999999943,1931579689.0,18248445,0,103.83,109.5,102.03,104.45
688630,芯碁微装,149.08,4.926801801801801,7.0,1013606563.0,6985674,0,139.88,151.77,137.88,142.08
688631,莱斯信息,73.26,2.605042016806722,1.8599999999999994,304703215.0,4199169,0,71.4,73.64,71.28,71.4
688633,星球石墨,24.43,0.32854209445584515,0.0799999999999983,26656144.0,1089363,0,24.36,24.69,24.36,24.35
688636,智明达,51.51,5.358969114338305,2.6199999999999974,1197099051.0,22877695,0,51.82,55.0,49.51,48.89
688638,誉辰智能,39.65,3.850183342063905,1.4699999999999989,27472816.0,706355,0,38.03,39.77,37.8,38.18
688639,华恒生物,36.64,4.0022707919387,1.4100000000000037,403082859.0,11258141,0,35.19,36.71,34.94,35.23
688646,ST逸飞,36.23,0.22130013831258175,0.0799999999999983,12594296.0,348262,0,36.25,36.31,36.0,36.15
688648,中邮科技,68.91,1.1597181444509572,0.789999999999992,297058335.0,4369678,0,66.71,69.99,66.71,68.12
688651,盛邦安全,55.07,-7.180178661722565,-4.259999999999998,442091138.0,7909481,0,58.97,59.32,54.01,59.33
688652,京仪装备,114.31,0.9448957965383322,1.0700000000000074,564707603.0,4964756,0,111.64,116.66,110.97,113.24
688653,康希通信,13.23,1.53491941673063,0.20000000000000107,111666027.0,8511070,0,13.05,13.24,12.99,13.03
688655,迅捷兴,19.77,3.7250786988457554,0.7100000000000009,122129580.0,6253260,0,19.06,19.92,19.0,19.06
688656,浩欧博,161.88,0.7405563507374434,1.1899999999999977,137387189.0,862034,0,159.61,161.98,156.59,160.69
688657,浩辰软件,56.91,2.8555937104644826,1.5799999999999983,94810539.0,1688072,0,55.05,57.09,55.01,55.33
688658,悦康药业,31.79,17.13338246131171,4.649999999999999,586149735.0,20040129,0,27.45,32.12,26.83,27.14
688659,元琛科技,9.84,1.547987616099075,0.15000000000000036,27080913.0,2781125,0,9.73,9.84,9.62,9.69
688660,电气风电,17.99,2.041973908111171,0.35999999999999943,605957235.0,34084544,0,17.63,18.08,17.42,17.63
688661,和林微纳,72.15,2.5732158089280666,1.8100000000000023,1072316346.0,15191946,0,68.0,74.88,67.2,70.34
688662,富信科技,59.75,-0.2504173622704484,-0.14999999999999858,577239963.0,9671027,0,58.01,63.36,57.11,59.9
688663,新风光,41.97,0.16706443914081215,0.07000000000000028,122591003.0,2918473,0,41.93,42.48,41.63,41.9
688665,四方光电,50.91,1.4952153110047848,0.75,46264358.0,915140,0,49.93,50.91,49.91,50.16
688667,菱电电控,72.4,0.6114508060033519,0.44000000000001194,62876668.0,872921,0,72.7,72.83,71.4,71.96
688668,鼎通科技,114.55,-0.9340136642739759,-1.0799999999999983,815148585.0,7201082,0,114.06,114.99,111.21,115.63
688669,聚石化学,27.39,2.6227051330086146,0.6999999999999993,102610308.0,3814139,0,26.76,27.49,26.35,26.69
688670,金迪克,21.5,1.8957345971563913,0.3999999999999986,75596317.0,3563745,0,21.02,21.63,20.8,21.1
688671,碧兴物联,24.75,-1.86360031720856,-0.46999999999999886,50377992.0,2023781,0,25.55,25.55,24.42,25.22
688676,金盘科技,88.23,2.521496630257962,2.1700000000000017,1643040826.0,18639726,0,85.28,90.28,84.37,86.06
688677,海泰新光,46.37,1.510507880910678,0.6899999999999977,77353769.0,1677073,0,45.7,46.5,45.57,45.68
688678,福立旺,24.55,-0.40567951318457557,-0.09999999999999787,200347633.0,8157030,0,24.65,24.77,24.4,24.65
688679,通源环境,27.7,7.322743122820614,1.8900000000000006,211827344.0,7860808,0,25.81,27.9,25.4,25.81
688680,海优新材,45.58,-0.06577504933128948,-0.030000000000001137,389278496.0,8287066,0,45.11,48.8,45.11,45.61
688681,科汇股份,18.5,2.5498891352549937,0.46000000000000085,32509088.0,1776322,0,18.01,18.57,18.01,18.04
688682,霍莱沃,61.81,-0.5950466387906038,-0.36999999999999744,457061053.0,7194291,0,61.49,67.5,60.29,62.18
688683,莱尔科技,32.7,0.30674846625767305,0.10000000000000142,24972229.0,766052,0,32.65,32.8,32.33,32.6
688685,迈信林,58.04,4.275961192957245,2.3800000000000026,348151575.0,6103631,0,55.99,58.09,55.67,55.66
688686,奥普特,128.53,0.8315682121283456,1.0600000000000023,167785674.0,1309769,0,127.0,130.0,125.02,127.47
688687,凯因科技,26.91,2.47524752475247,0.6499999999999986,146142267.0,5497531,0,26.35,26.92,26.2,26.26
688689,银河微电,29.36,-0.06807351940095158,-0.019999999999999574,68141709.0,2331806,0,29.49,29.69,28.89,29.38
688690,纳微科技,27.31,1.3358070500927623,0.35999999999999943,127938836.0,4709324,0,26.9,27.36,26.76,26.95
688691,灿芯股份,130.3,13.353632013919103,15.350000000000009,1870371153.0,15016686,0,114.0,137.0,111.0,114.95
688692,达梦数据,290.02,3.763864042933804,10.519999999999982,631069462.0,2215217,0,278.0,290.9,277.0,279.5
688693,锴威特,39.2,0.8230452674897125,0.3200000000000003,48452619.0,1244059,0,38.88,39.28,38.4,38.88
688695,中创股份,28.76,2.239601848560265,0.6300000000000026,32539732.0,1144554,0,28.27,28.76,28.11,28.13
688696,极米科技,109.35,1.2499999999999947,1.3499999999999943,132496525.0,1217314,0,108.0,109.95,107.0,108.0
688697,纽威数控,16.29,0.24615384615384092,0.03999999999999915,93595532.0,5740367,0,16.24,16.45,16.1,16.25
688698,伟创电气,98.57,4.229671143068627,4.0,806601392.0,8257992,0,95.86,100.0,94.5,94.57
688699,明微电子,47.12,0.5763073639274194,0.269999999999996,151482299.0,3215434,0,46.9,48.19,45.91,46.85
688700,东威科技,37.8,0.6925945657964785,0.259999999999998,273454492.0,7265080,0,37.41,38.05,37.05,37.54
688701,卓锦股份,8.66,3.5885167464114924,0.3000000000000007,37836017.0,4389206,0,8.36,8.79,8.34,8.36
688702,盛科通信,135.43,3.937068303914041,5.1299999999999955,535153275.0,4039185,0,130.0,138.8,127.03,130.3
688707,振华新材,14.77,-0.2027027027027104,-0.030000000000001137,149952899.0,10147139,0,14.81,14.94,14.62,14.8
688708,佳驰科技,68.97,1.7857142857142763,1.2099999999999937,317229301.0,4610855,0,68.3,70.4,67.18,67.76
688709,成都华微,50.34,2.3170731707317085,1.1400000000000006,952135856.0,19088013,0,49.02,51.93,47.63,49.2
688710,益诺思,63.59,11.502717867788887,6.560000000000002,275664135.0,4674002,0,56.99,65.65,54.7,57.03
688711,宏微科技,33.85,5.222256760957412,1.6799999999999997,589444881.0,17562832,0,31.8,35.3,31.5,32.17
688716,中研股份,42.95,1.2971698113207648,0.5500000000000043,212315412.0,4930519,0,42.01,43.82,42.01,42.4
688717,艾罗能源,74.02,1.5363511659807823,1.1199999999999903,401865380.0,5489305,0,72.56,75.4,71.18,72.9
688718,唯赛勃,13.54,1.044776119402976,0.1399999999999988,27228174.0,2026950,0,13.3,13.56,13.29,13.4
688719,爱科赛博,50.06,0.9477717281709999,0.46999999999999886,373964249.0,7566896,0,48.95,50.98,48.38,49.59
688720,艾森股份,75.67,-0.6042296072507471,-0.45999999999999375,471728225.0,6182447,0,75.05,78.5,74.02,76.13
688721,龙图光罩,50.37,0.0,0.0,131250767.0,2614415,0,50.0,50.7,49.53,50.37
688722,同益中,20.63,-1.102588686481306,-0.23000000000000043,312701808.0,14911311,0,21.39,21.4,20.5,20.86
688726,拉普拉斯,38.65,-1.8537328593194613,-0.730000000000004,338876383.0,8758863,0,39.2,39.46,38.11,39.38
688728,格科微,16.18,1.5056461731493114,0.2400000000000002,267845697.0,16627146,0,16.0,16.26,15.89,15.94
688733,壹石通,31.32,0.7397877130910274,0.23000000000000043,252310845.0,8021395,0,32.0,32.59,30.85,31.09
688737,中自科技,24.04,3.665373005605855,0.8499999999999979,74851316.0,3179297,0,23.2,24.12,23.0,23.19
688739,成大生物,26.6,1.5267175572519165,0.40000000000000213,72316110.0,2733822,0,26.21,26.7,26.16,26.2
688750,金天钛业,20.71,0.9259259259259321,0.19000000000000128,292456951.0,14114140,0,20.6,21.07,20.34,20.52
688757,胜科纳米,29.05,2.0372321742184822,0.5800000000000018,107781578.0,3752151,0,28.73,29.51,28.06,28.47
688758,赛分科技,18.39,-0.054347826086945716,-0.00999999999999801,73770933.0,4014810,0,18.43,18.73,18.13,18.4
688766,普冉股份,177.77,-5.941798941798936,-11.22999999999999,2830052237.0,15847429,0,183.0,185.58,172.67,189.0
688767,博拓生物,44.97,-3.5599399528200806,-1.6600000000000037,282652095.0,6260227,0,45.8,45.87,44.38,46.63
688768,容知日新,45.88,1.4370992703957677,0.6500000000000057,70816956.0,1558955,0,44.88,45.88,44.88,45.23
688772,珠海冠宇,21.88,1.8147975802698957,0.39000000000000057,515588236.0,23542273,0,21.55,22.29,21.44,21.49
688776,国光电气,117.0,7.339449541284404,8.0,1019054990.0,8887100,0,111.0,120.52,109.3,109.0
688777,中控技术,53.64,1.6679302501895426,0.8800000000000026,1189778018.0,22315157,0,52.52,53.88,52.12,52.76
688778,厦钨新能,81.79,1.4638382334698012,1.1800000000000068,636817597.0,7729487,0,79.78,84.82,78.88,80.61
688779,五矿新能,8.11,2.5284450063211033,0.1999999999999993,477451022.0,58722575,0,7.9,8.38,7.86,7.91
688786,悦安新材,30.63,0.7565789473684225,0.23000000000000043,75130018.0,2447689,0,30.43,31.17,30.3,30.4
688787,海天瑞声,133.07,5.939017594140589,7.459999999999994,644659407.0,4938981,0,125.23,133.17,125.2,125.61
688788,科思科技,69.86,-0.4843304843304892,-0.3400000000000034,270588573.0,3855678,0,70.5,71.47,69.65,70.2
688789,宏华数科,82.86,2.5875944038628247,2.0900000000000034,107622875.0,1315483,0,80.34,82.88,80.13,80.77
688793,倍轻松,23.56,-0.4647232784115039,-0.11000000000000298,72263229.0,3089296,0,23.63,23.81,23.1,23.67
688798,艾为电子,79.95,0.9852216748768486,0.7800000000000011,248638457.0,3132275,0,78.79,80.0,78.63,79.17
688799,华纳药厂,51.1,2.1591363454618118,1.0799999999999983,258666568.0,5121768,0,50.45,51.37,49.2,50.02
688800,瑞可达,82.63,0.5842970176506266,0.47999999999998977,644332912.0,7827571,0,82.5,83.78,80.39,82.15
688819,天能股份,34.61,2.975304968759298,1.0,208497751.0,6045415,0,33.74,34.89,33.67,33.61
688981,中芯国际,128.88,-0.9757971571264004,-1.2700000000000102,6581947276.0,51127488,0,129.15,130.01,127.77,130.15
689009,九号公司,56.54,0.946259596500627,0.5300000000000011,499904495.0,8862344,0,56.01,56.98,55.69,56.01
430017,星昊医药,0.0,0.0,0.0,0.0,0,0,0.0,0.0,0.0,0.0
430047,诺思兰德,0.0,0.0,0.0,0.0,0,0,0.0,0.0,0.0,0.0
430090,同辉信息,0.0,0.0,0.0,0.0,0,0,0.0,0.0,0.0,0.0
430139,华岭股份,0.0,0.0,0.0,0.0,0,0,0.0,0.0,0.0,0.0
430198,微创光电,0.0,0.0,0.0,0.0,0,0,0.0,0.0,0.0,0.0
430300,辰光医疗,0.0,0.0,0.0,0.0,0,0,0.0,0.0,0.0,0.0
430418,苏轴股份,0.0,0.0,0.0,0.0,0,0,0.0,0.0,0.0,0.0
430425,乐创技术,0.0,0.0,0.0,0.0,0,0,0.0,0.0,0.0,0.0
430476,海能技术,0.0,0.0,0.0,0.0,0,0,0.0,0.0,0.0,0.0
430478,峆一药业,0.0,0.0,0.0,0.0,0,0,0.0,0.0,0.0,0.0
430489,佳先股份,0.0,0.0,0.0,0.0,0,0,0.0,0.0,0.0,0.0
430510,丰光精密,0.0,0.0,0.0,0.0,0,0,0.0,0.0,0.0,0.0
430556,雅达股份,0.0,0.0,0.0,0.0,0,0,0.0,0.0,0.0,0.0
430564,天润科技,0.0,0.0,0.0,0.0,0,0,0.0,0.0,0.0,0.0
430685,新芝生物,0.0,0.0,0.0,0.0,0,0,0.0,0.0,0.0,0.0
430718,合肥高科,0.0,0.0,0.0,0.0,0,0,0.0,0.0,0.0,0.0
830779,武汉蓝电,0.0,0.0,0.0,0.0,0,0,0.0,0.0,0.0,0.0
830799,艾融软件,0.0,0.0,0.0,0.0,0,0,0.0,0.0,0.0,0.0
830809,安达科技,0.0,0.0,0.0,0.0,0,0,0.0,0.0,0.0,0.0
830832,齐鲁华信,0.0,0.0,0.0,0.0,0,0,0.0,0.0,0.0,0.0
830839,万通液压,0.0,0.0,0.0,0.0,0,0,0.0,0.0,0.0,0.0
830879,基康技术,0.0,0.0,0.0,0.0,0,0,0.0,0.0,0.0,0.0
830896,旺成科技,0.0,0.0,0.0,0.0,0,0,0.0,0.0,0.0,0.0
830946,森萱医药,0.0,0.0,0.0,0.0,0,0,0.0,0.0,0.0,0.0
830964,润农节水,0.0,0.0,0.0,0.0,0,0,0.0,0.0,0.0,0.0
830974,凯大催化,0.0,0.0,0.0,0.0,0,0,0.0,0.0,0.0,0.0
831010,凯添燃气,0.0,0.0,0.0,0.0,0,0,0.0,0.0,0.0,0.0
831039,国义招标,0.0,0.0,0.0,0.0,0,0,0.0,0.0,0.0,0.0
831087,秋乐种业,0.0,0.0,0.0,0.0,0,0,0.0,0.0,0.0,0.0
831152,昆工科技,0.0,0.0,0.0,0.0,0,0,0.0,0.0,0.0,0.0
831167,鑫汇科,0.0,0.0,0.0,0.0,0,0,0.0,0.0,0.0,0.0
831175,派诺科技,0.0,0.0,0.0,0.0,0,0,0.0,0.0,0.0,0.0
831195,三祥科技,0.0,0.0,0.0,0.0,0,0,0.0,0.0,0.0,0.0
831278,泰德股份,0.0,0.0,0.0,0.0,0,0,0.0,0.0,0.0,0.0
831304,迪尔化工,0.0,0.0,0.0,0.0,0,0,0.0,0.0,0.0,0.0
831305,海希通讯,0.0,0.0,0.0,0.0,0,0,0.0,0.0,0.0,0.0
831370,新安洁,0.0,0.0,0.0,0.0,0,0,0.0,0.0,0.0,0.0
831396,许昌智能,0.0,0.0,0.0,0.0,0,0,0.0,0.0,0.0,0.0
831445,龙竹科技,0.0,0.0,0.0,0.0,0,0,0.0,0.0,0.0,0.0
831526,凯华材料,0.0,0.0,0.0,0.0,0,0,0.0,0.0,0.0,0.0
831627,力王股份,0.0,0.0,0.0,0.0,0,0,0.0,0.0,0.0,0.0
831641,格利尔,0.0,0.0,0.0,0.0,0,0,0.0,0.0,0.0,0.0
831689,克莱特,0.0,0.0,0.0,0.0,0,0,0.0,0.0,0.0,0.0
831726,朱老六,0.0,0.0,0.0,0.0,0,0,0.0,0.0,0.0,0.0
831768,拾比佰,0.0,0.0,0.0,0.0,0,0,0.0,0.0,0.0,0.0
831832,科达自控,0.0,0.0,0.0,0.0,0,0,0.0,0.0,0.0,0.0
831834,三维装备,0.0,0.0,0.0,0.0,0,0,0.0,0.0,0.0,0.0
831855,浙江大农,0.0,0.0,0.0,0.0,0,0,0.0,0.0,0.0,0.0
831856,浩淼科技,0.0,0.0,0.0,0.0,0,0,0.0,0.0,0.0,0.0
831906,舜宇精工,0.0,0.0,0.0,0.0,0,0,0.0,0.0,0.0,0.0
831961,创远信科,0.0,0.0,0.0,0.0,0,0,0.0,0.0,0.0,0.0
832000,安徽凤凰,0.0,0.0,0.0,0.0,0,0,0.0,0.0,0.0,0.0
832023,田野股份,0.0,0.0,0.0,0.0,0,0,0.0,0.0,0.0,0.0
832089,禾昌聚合,0.0,0.0,0.0,0.0,0,0,0.0,0.0,0.0,0.0
832110,雷特科技,0.0,0.0,0.0,0.0,0,0,0.0,0.0,0.0,0.0
832145,恒合股份,0.0,0.0,0.0,0.0,0,0,0.0,0.0,0.0,0.0
832149,利尔达,0.0,0.0,0.0,0.0,0,0,0.0,0.0,0.0,0.0
832171,志晟信息,0.0,0.0,0.0,0.0,0,0,0.0,0.0,0.0,0.0
832175,东方碳素,0.0,0.0,0.0,0.0,0,0,0.0,0.0,0.0,0.0
832225,利通科技,0.0,0.0,0.0,0.0,0,0,0.0,0.0,0.0,0.0
832278,鹿得医疗,0.0,0.0,0.0,0.0,0,0,0.0,0.0,0.0,0.0
832419,路斯股份,0.0,0.0,0.0,0.0,0,0,0.0,0.0,0.0,0.0
832469,富恒新材,0.0,0.0,0.0,0.0,0,0,0.0,0.0,0.0,0.0
832471,美邦科技,0.0,0.0,0.0,0.0,0,0,0.0,0.0,0.0,0.0
832491,奥迪威,0.0,0.0,0.0,0.0,0,0,0.0,0.0,0.0,0.0
832522,纳科诺尔,0.0,0.0,0.0,0.0,0,0,0.0,0.0,0.0,0.0
832566,梓橦宫,0.0,0.0,0.0,0.0,0,0,0.0,0.0,0.0,0.0
832651,天罡股份,0.0,0.0,0.0,0.0,0,0,0.0,0.0,0.0,0.0
832662,方盛股份,0.0,0.0,0.0,0.0,0,0,0.0,0.0,0.0,0.0
832735,德源药业,0.0,0.0,0.0,0.0,0,0,0.0,0.0,0.0,0.0
832786,骑士乳业,0.0,0.0,0.0,0.0,0,0,0.0,0.0,0.0,0.0
832802,保丽洁,0.0,0.0,0.0,0.0,0,0,0.0,0.0,0.0,0.0
832876,慧为智能,0.0,0.0,0.0,0.0,0,0,0.0,0.0,0.0,0.0
832885,星辰科技,0.0,0.0,0.0,0.0,0,0,0.0,0.0,0.0,0.0
832978,开特股份,0.0,0.0,0.0,0.0,0,0,0.0,0.0,0.0,0.0
832982,锦波生物,0.0,0.0,0.0,0.0,0,0,0.0,0.0,0.0,0.0
833030,立方控股,0.0,0.0,0.0,0.0,0,0,0.0,0.0,0.0,0.0
833075,柏星龙,0.0,0.0,0.0,0.0,0,0,0.0,0.0,0.0,0.0
833171,国航远洋,0.0,0.0,0.0,0.0,0,0,0.0,0.0,0.0,0.0
833230,欧康医药,0.0,0.0,0.0,0.0,0,0,0.0,0.0,0.0,0.0
833266,生物谷,0.0,0.0,0.0,0.0,0,0,0.0,0.0,0.0,0.0
833284,灵鸽科技,0.0,0.0,0.0,0.0,0,0,0.0,0.0,0.0,0.0
833346,威贸电子,0.0,0.0,0.0,0.0,0,0,0.0,0.0,0.0,0.0
833394,民士达,0.0,0.0,0.0,0.0,0,0,0.0,0.0,0.0,0.0
833427,华维设计,0.0,0.0,0.0,0.0,0,0,0.0,0.0,0.0,0.0
833429,康比特,0.0,0.0,0.0,0.0,0,0,0.0,0.0,0.0,0.0
833454,同心传动,0.0,0.0,0.0,0.0,0,0,0.0,0.0,0.0,0.0
833455,汇隆活塞,0.0,0.0,0.0,0.0,0,0,0.0,0.0,0.0,0.0
833509,同惠电子,0.0,0.0,0.0,0.0,0,0,0.0,0.0,0.0,0.0
833523,德瑞锂电,0.0,0.0,0.0,0.0,0,0,0.0,0.0,0.0,0.0
833533,骏创科技,0.0,0.0,0.0,0.0,0,0,0.0,0.0,0.0,0.0
833575,康乐卫士,0.0,0.0,0.0,0.0,0,0,0.0,0.0,0.0,0.0
833580,科创新材,0.0,0.0,0.0,0.0,0,0,0.0,0.0,0.0,0.0
833751,惠同新材,0.0,0.0,0.0,0.0,0,0,0.0,0.0,0.0,0.0
833781,瑞奇智造,0.0,0.0,0.0,0.0,0,0,0.0,0.0,0.0,0.0
833819,颖泰生物,0.0,0.0,0.0,0.0,0,0,0.0,0.0,0.0,0.0
833873,中设咨询,0.0,0.0,0.0,0.0,0,0,0.0,0.0,0.0,0.0
833914,远航精密,0.0,0.0,0.0,0.0,0,0,0.0,0.0,0.0,0.0
833943,优机股份,0.0,0.0,0.0,0.0,0,0,0.0,0.0,0.0,0.0
834014,特瑞斯,0.0,0.0,0.0,0.0,0,0,0.0,0.0,0.0,0.0
834021,流金科技,0.0,0.0,0.0,0.0,0,0,0.0,0.0,0.0,0.0
834033,康普化学,0.0,0.0,0.0,0.0,0,0,0.0,0.0,0.0,0.0
834058,华洋赛车,0.0,0.0,0.0,0.0,0,0,0.0,0.0,0.0,0.0
834062,科润智控,0.0,0.0,0.0,0.0,0,0,0.0,0.0,0.0,0.0
834261,一诺威,0.0,0.0,0.0,0.0,0,0,0.0,0.0,0.0,0.0
834407,驰诚股份,0.0,0.0,0.0,0.0,0,0,0.0,0.0,0.0,0.0
834415,恒拓开源,0.0,0.0,0.0,0.0,0,0,0.0,0.0,0.0,0.0
834475,三友科技,0.0,0.0,0.0,0.0,0,0,0.0,0.0,0.0,0.0
834599,同力股份,0.0,0.0,0.0,0.0,0,0,0.0,0.0,0.0,0.0
834639,晨光电缆,0.0,0.0,0.0,0.0,0,0,0.0,0.0,0.0,0.0
834682,球冠电缆,0.0,0.0,0.0,0.0,0,0,0.0,0.0,0.0,0.0
834765,美之高,0.0,0.0,0.0,0.0,0,0,0.0,0.0,0.0,0.0
834770,艾能聚,0.0,0.0,0.0,0.0,0,0,0.0,0.0,0.0,0.0
834950,迅安科技,0.0,0.0,0.0,0.0,0,0,0.0,0.0,0.0,0.0
835174,五新隧装,0.0,0.0,0.0,0.0,0,0,0.0,0.0,0.0,0.0
835179,凯德石英,0.0,0.0,0.0,0.0,0,0,0.0,0.0,0.0,0.0
835184,国源科技,0.0,0.0,0.0,0.0,0,0,0.0,0.0,0.0,0.0
835185,贝特瑞,0.0,0.0,0.0,0.0,0,0,0.0,0.0,0.0,0.0
835207,众诚科技,0.0,0.0,0.0,0.0,0,0,0.0,0.0,0.0,0.0
835237,力佳科技,0.0,0.0,0.0,0.0,0,0,0.0,0.0,0.0,0.0
835305,*ST云创,0.0,0.0,0.0,0.0,0,0,0.0,0.0,0.0,0.0
835368,连城数控,0.0,0.0,0.0,0.0,0,0,0.0,0.0,0.0,0.0
835438,戈碧迦,0.0,0.0,0.0,0.0,0,0,0.0,0.0,0.0,0.0
835508,殷图网联,0.0,0.0,0.0,0.0,0,0,0.0,0.0,0.0,0.0
835579,机科股份,0.0,0.0,0.0,0.0,0,0,0.0,0.0,0.0,0.0
835640,富士达,0.0,0.0,0.0,0.0,0,0,0.0,0.0,0.0,0.0
835670,数字人,0.0,0.0,0.0,0.0,0,0,0.0,0.0,0.0,0.0
835857,百甲科技,0.0,0.0,0.0,0.0,0,0,0.0,0.0,0.0,0.0
835892,中科美菱,0.0,0.0,0.0,0.0,0,0,0.0,0.0,0.0,0.0
835985,海泰新能,0.0,0.0,0.0,0.0,0,0,0.0,0.0,0.0,0.0
836077,吉林碳谷,0.0,0.0,0.0,0.0,0,0,0.0,0.0,0.0,0.0
836149,旭杰科技,0.0,0.0,0.0,0.0,0,0,0.0,0.0,0.0,0.0
836208,青矩技术,0.0,0.0,0.0,0.0,0,0,0.0,0.0,0.0,0.0
836221,易实精密,0.0,0.0,0.0,0.0,0,0,0.0,0.0,0.0,0.0
836239,长虹能源,0.0,0.0,0.0,0.0,0,0,0.0,0.0,0.0,0.0
836247,华密新材,0.0,0.0,0.0,0.0,0,0,0.0,0.0,0.0,0.0
836260,中寰股份,0.0,0.0,0.0,0.0,0,0,0.0,0.0,0.0,0.0
836263,中航泰达,0.0,0.0,0.0,0.0,0,0,0.0,0.0,0.0,0.0
836270,天铭科技,0.0,0.0,0.0,0.0,0,0,0.0,0.0,0.0,0.0
836395,朗鸿科技,0.0,0.0,0.0,0.0,0,0,0.0,0.0,0.0,0.0
836414,欧普泰,0.0,0.0,0.0,0.0,0,0,0.0,0.0,0.0,0.0
836419,万德股份,0.0,0.0,0.0,0.0,0,0,0.0,0.0,0.0,0.0
836422,润普食品,0.0,0.0,0.0,0.0,0,0,0.0,0.0,0.0,0.0
836433,大唐药业,0.0,0.0,0.0,0.0,0,0,0.0,0.0,0.0,0.0
836504,博迅生物,0.0,0.0,0.0,0.0,0,0,0.0,0.0,0.0,0.0
836547,无锡晶海,0.0,0.0,0.0,0.0,0,0,0.0,0.0,0.0,0.0
836675,秉扬科技,0.0,0.0,0.0,0.0,0,0,0.0,0.0,0.0,0.0
836699,海达尔,0.0,0.0,0.0,0.0,0,0,0.0,0.0,0.0,0.0
836717,瑞星股份,0.0,0.0,0.0,0.0,0,0,0.0,0.0,0.0,0.0
836720,吉冈精密,0.0,0.0,0.0,0.0,0,0,0.0,0.0,0.0,0.0
836807,奔朗新材,0.0,0.0,0.0,0.0,0,0,0.0,0.0,0.0,0.0
836826,盖世食品,0.0,0.0,0.0,0.0,0,0,0.0,0.0,0.0,0.0
836871,派特尔,0.0,0.0,0.0,0.0,0,0,0.0,0.0,0.0,0.0
836892,广咨国际,0.0,0.0,0.0,0.0,0,0,0.0,0.0,0.0,0.0
836942,恒立钻具,0.0,0.0,0.0,0.0,0,0,0.0,0.0,0.0,0.0
836957,汉维科技,0.0,0.0,0.0,0.0,0,0,0.0,0.0,0.0,0.0
836961,西磁科技,0.0,0.0,0.0,0.0,0,0,0.0,0.0,0.0,0.0
837006,晟楠科技,0.0,0.0,0.0,0.0,0,0,0.0,0.0,0.0,0.0
837023,芭薇股份,0.0,0.0,0.0,0.0,0,0,0.0,0.0,0.0,0.0
837046,亿能电力,0.0,0.0,0.0,0.0,0,0,0.0,0.0,0.0,0.0
837092,汉鑫科技,0.0,0.0,0.0,0.0,0,0,0.0,0.0,0.0,0.0
837174,宏裕包材,0.0,0.0,0.0,0.0,0,0,0.0,0.0,0.0,0.0
837212,智新电子,0.0,0.0,0.0,0.0,0,0,0.0,0.0,0.0,0.0
837242,建邦科技,0.0,0.0,0.0,0.0,0,0,0.0,0.0,0.0,0.0
837344,三元基因,0.0,0.0,0.0,0.0,0,0,0.0,0.0,0.0,0.0
837403,康农种业,0.0,0.0,0.0,0.0,0,0,0.0,0.0,0.0,0.0
837592,华信永道,0.0,0.0,0.0,0.0,0,0,0.0,0.0,0.0,0.0
837663,明阳科技,0.0,0.0,0.0,0.0,0,0,0.0,0.0,0.0,0.0
837748,路桥信息,0.0,0.0,0.0,0.0,0,0,0.0,0.0,0.0,0.0
837821,则成电子,0.0,0.0,0.0,0.0,0,0,0.0,0.0,0.0,0.0
838030,德众汽车,0.0,0.0,0.0,0.0,0,0,0.0,0.0,0.0,0.0
838163,方大新材,0.0,0.0,0.0,0.0,0,0,0.0,0.0,0.0,0.0
838171,邦德股份,0.0,0.0,0.0,0.0,0,0,0.0,0.0,0.0,0.0
838227,美登科技,0.0,0.0,0.0,0.0,0,0,0.0,0.0,0.0,0.0
838262,太湖雪,0.0,0.0,0.0,0.0,0,0,0.0,0.0,0.0,0.0
838275,驱动力,0.0,0.0,0.0,0.0,0,0,0.0,0.0,0.0,0.0
838402,硅烷科技,0.0,0.0,0.0,0.0,0,0,0.0,0.0,0.0,0.0
838670,恒进感应,0.0,0.0,0.0,0.0,0,0,0.0,0.0,0.0,0.0
838701,豪声电子,0.0,0.0,0.0,0.0,0,0,0.0,0.0,0.0,0.0
838810,春光智能,0.0,0.0,0.0,0.0,0,0,0.0,0.0,0.0,0.0
838837,华原股份,0.0,0.0,0.0,0.0,0,0,0.0,0.0,0.0,0.0
838924,广脉科技,0.0,0.0,0.0,0.0,0,0,0.0,0.0,0.0,0.0
838971,天马新材,0.0,0.0,0.0,0.0,0,0,0.0,0.0,0.0,0.0
839167,同享科技,0.0,0.0,0.0,0.0,0,0,0.0,0.0,0.0,0.0
839273,一致魔芋,0.0,0.0,0.0,0.0,0,0,0.0,0.0,0.0,0.0
839371,欧福蛋业,0.0,0.0,0.0,0.0,0,0,0.0,0.0,0.0,0.0
839493,并行科技,0.0,0.0,0.0,0.0,0,0,0.0,0.0,0.0,0.0
839680,*ST广道,0.0,0.0,0.0,0.0,0,0,0.0,0.0,0.0,0.0
839719,宁新新材,0.0,0.0,0.0,0.0,0,0,0.0,0.0,0.0,0.0
839725,惠丰钻石,0.0,0.0,0.0,0.0,0,0,0.0,0.0,0.0,0.0
839729,永顺生物,0.0,0.0,0.0,0.0,0,0,0.0,0.0,0.0,0.0
839790,联迪信息,0.0,0.0,0.0,0.0,0,0,0.0,0.0,0.0,0.0
839792,东和新材,0.0,0.0,0.0,0.0,0,0,0.0,0.0,0.0,0.0
839946,华阳变速,0.0,0.0,0.0,0.0,0,0,0.0,0.0,0.0,0.0
870199,倍益康,0.0,0.0,0.0,0.0,0,0,0.0,0.0,0.0,0.0
870204,沪江材料,0.0,0.0,0.0,0.0,0,0,0.0,0.0,0.0,0.0
870299,灿能电力,0.0,0.0,0.0,0.0,0,0,0.0,0.0,0.0,0.0
870357,雅葆轩,0.0,0.0,0.0,0.0,0,0,0.0,0.0,0.0,0.0
870436,大地电气,0.0,0.0,0.0,0.0,0,0,0.0,0.0,0.0,0.0
870508,丰安股份,0.0,0.0,0.0,0.0,0,0,0.0,0.0,0.0,0.0
870656,海昇药业,0.0,0.0,0.0,0.0,0,0,0.0,0.0,0.0,0.0
870726,鸿智科技,0.0,0.0,0.0,0.0,0,0,0.0,0.0,0.0,0.0
870866,绿亨科技,0.0,0.0,0.0,0.0,0,0,0.0,0.0,0.0,0.0
870976,视声智能,0.0,0.0,0.0,0.0,0,0,0.0,0.0,0.0,0.0
871245,威博液压,0.0,0.0,0.0,0.0,0,0,0.0,0.0,0.0,0.0
871263,莱赛激光,0.0,0.0,0.0,0.0,0,0,0.0,0.0,0.0,0.0
871396,常辅股份,0.0,0.0,0.0,0.0,0,0,0.0,0.0,0.0,0.0
871478,巨能股份,0.0,0.0,0.0,0.0,0,0,0.0,0.0,0.0,0.0
871553,凯腾精工,0.0,0.0,0.0,0.0,0,0,0.0,0.0,0.0,0.0
871634,新威凌,0.0,0.0,0.0,0.0,0,0,0.0,0.0,0.0,0.0
871642,通易航天,0.0,0.0,0.0,0.0,0,0,0.0,0.0,0.0,0.0
871694,中裕科技,0.0,0.0,0.0,0.0,0,0,0.0,0.0,0.0,0.0
871753,天纺标,0.0,0.0,0.0,0.0,0,0,0.0,0.0,0.0,0.0
871857,泓禧科技,0.0,0.0,0.0,0.0,0,0,0.0,0.0,0.0,0.0
871970,大禹生物,0.0,0.0,0.0,0.0,0,0,0.0,0.0,0.0,0.0
871981,晶赛科技,0.0,0.0,0.0,0.0,0,0,0.0,0.0,0.0,0.0
872190,雷神科技,0.0,0.0,0.0,0.0,0,0,0.0,0.0,0.0,0.0
872351,华光源海,0.0,0.0,0.0,0.0,0,0,0.0,0.0,0.0,0.0
872374,云里物里,0.0,0.0,0.0,0.0,0,0,0.0,0.0,0.0,0.0
872392,佳合科技,0.0,0.0,0.0,0.0,0,0,0.0,0.0,0.0,0.0
872541,铁大科技,0.0,0.0,0.0,0.0,0,0,0.0,0.0,0.0,0.0
872808,曙光数创,0.0,0.0,0.0,0.0,0,0,0.0,0.0,0.0,0.0
872895,花溪科技,0.0,0.0,0.0,0.0,0,0,0.0,0.0,0.0,0.0
872925,锦好医疗,0.0,0.0,0.0,0.0,0,0,0.0,0.0,0.0,0.0
872931,无锡鼎邦,0.0,0.0,0.0,0.0,0,0,0.0,0.0,0.0,0.0
872953,国子软件,0.0,0.0,0.0,0.0,0,0,0.0,0.0,0.0,0.0
873001,纬达光电,0.0,0.0,0.0,0.0,0,0,0.0,0.0,0.0,0.0
873122,中纺标,0.0,0.0,0.0,0.0,0,0,0.0,0.0,0.0,0.0
873132,泰鹏智能,0.0,0.0,0.0,0.0,0,0,0.0,0.0,0.0,0.0
873152,天宏锂电,0.0,0.0,0.0,0.0,0,0,0.0,0.0,0.0,0.0
873167,新赣江,0.0,0.0,0.0,0.0,0,0,0.0,0.0,0.0,0.0
873169,七丰精工,0.0,0.0,0.0,0.0,0,0,0.0,0.0,0.0,0.0
873223,荣亿精密,0.0,0.0,0.0,0.0,0,0,0.0,0.0,0.0,0.0
873305,九菱科技,0.0,0.0,0.0,0.0,0,0,0.0,0.0,0.0,0.0
873339,恒太照明,0.0,0.0,0.0,0.0,0,0,0.0,0.0,0.0,0.0
873527,夜光明,0.0,0.0,0.0,0.0,0,0,0.0,0.0,0.0,0.0
873570,坤博精工,0.0,0.0,0.0,0.0,0,0,0.0,0.0,0.0,0.0
873576,天力复合,0.0,0.0,0.0,0.0,0,0,0.0,0.0,0.0,0.0
873593,鼎智科技,0.0,0.0,0.0,0.0,0,0,0.0,0.0,0.0,0.0
873665,科强股份,0.0,0.0,0.0,0.0,0,0,0.0,0.0,0.0,0.0
873679,前进科技,0.0,0.0,0.0,0.0,0,0,0.0,0.0,0.0,0.0
873690,捷众科技,0.0,0.0,0.0,0.0,0,0,0.0,0.0,0.0,0.0
873693,阿为特,0.0,0.0,0.0,0.0,0,0,0.0,0.0,0.0,0.0
873703,广厦环能,0.0,0.0,0.0,0.0,0,0,0.0,0.0,0.0,0.0
873706,铁拓机械,0.0,0.0,0.0,0.0,0,0,0.0,0.0,0.0,0.0
873726,卓兆点胶,0.0,0.0,0.0,0.0,0,0,0.0,0.0,0.0,0.0
873806,云星宇,0.0,0.0,0.0,0.0,0,0,0.0,0.0,0.0,0.0
873833,美心翼申,0.0,0.0,0.0,0.0,0,0,0.0,0.0,0.0,0.0
920002,万达轴承,111.0,1.4903538447471842,1.6299999999999955,141061497.48,1267675,0,110.28,112.96,108.5,109.37
920008,成电光信,32.79,-2.4107142857142922,-0.8100000000000023,133581410.57,4012447,0,33.98,34.17,32.58,33.6
920016,中草香料,19.93,-0.3998000999500342,-0.08000000000000185,18369086.02,918123,0,19.95,20.25,19.83,20.01
920019,铜冠矿建,20.75,0.24154589371981022,0.05000000000000071,53726877.58,2581962,0,20.6,21.0,20.56,20.7
920060,万源通,33.62,0.6586826347305355,0.21999999999999886,100733870.34,3008978,0,33.39,33.8,33.1,33.4
920066,科拜尔,25.5,0.4332414336352872,0.10999999999999943,16956598.41,664172,0,25.65,25.72,25.16,25.39
920082,方正阀门,18.12,-0.0551571980143299,-0.00999999999999801,26875581.88,1480296,0,18.26,18.32,18.0,18.13
920088,科力股份,34.7,7.065720456649202,2.2900000000000063,265609328.15,7732373,0,33.3,35.0,33.3,32.41
920098,科隆新材,32.19,0.9090909090909064,0.28999999999999915,104865155.96,3229021,0,32.0,33.3,31.94,31.9
920099,瑞华技术,33.55,2.5993883792048753,0.8499999999999943,55703543.85,1654853,0,33.3,34.29,32.91,32.7
920106,林泰新材,81.15,1.1214953271028107,0.9000000000000057,65554926.9,812421,0,80.33,81.37,79.8,80.25
920108,宏海科技,13.82,-0.503959683225344,-0.07000000000000028,17830824.56,1288357,0,13.9,13.96,13.71,13.89
920111,聚星科技,24.03,0.33402922755741904,0.08000000000000185,54550144.13,2273404,0,24.14,24.2,23.81,23.95
920116,星图测控,100.13,7.805770887166237,7.25,1036796022.27,10322562,0,94.59,107.42,94.57,92.88
920118,太湖远大,23.44,0.6440532417346593,0.15000000000000213,14584386.59,624884,0,23.43,23.59,23.11,23.29
920128,胜业电气,29.31,-2.3325558147284333,-0.7000000000000028,80504029.5,2710929,0,29.77,30.3,29.22,30.01
000003,Ｂ股指数,258.2926,0.36373668432699796,0.9361000000000104,165501699.0,377193,0,257.1847,258.318,256.7265,257.3565
000005,商业指数,2903.5268,0.681283690295797,19.64740000000029,66327733648.0,50865567,0,2882.9968,2903.7103,2881.7605,2883.8794
000013,企债指数,0.0,0.0,0.0,0.0,0,0,0.0,0.0,0.0,0.0
000015,红利指数,3090.0347,0.34138092479164045,10.512900000000172,35789789414.0,39062367,0,3081.5236,3090.1939,3072.6431,3079.5218
000018,180金融,5928.7738,-0.6303634142738821,-37.60990000000038,62814347499.0,39982194,0,5969.508,5988.3675,5902.3958,5966.3837
000022,沪公司债,253.8279,0.006461488151641833,0.01640000000000441,73821135.0,74100,0,253.829,253.8291,253.8277,253.8115
000033,上证材料,3941.4383,2.2284570352474136,85.91859999999997,97877978840.0,50405234,0,3840.583,3956.4458,3840.583,3855.5197
000038,上证金融,5921.9827,-0.6541312123873503,-38.99260000000049,55426550035.0,33020606,0,5964.3015,5984.8044,5894.3962,5960.9753
000041,上证公用,2580.6819,0.05743252386029683,1.4812999999999192,14915346396.0,23336921,0,2579.6517,2585.813,2570.4509,2579.2006
000043,超大盘,2699.3244,0.5365900641859653,14.407000000000153,99663207189.0,26476593,0,2682.0458,2703.8165,2667.5414,2684.9174
000044,上证中盘,4703.7026,0.28796448080585973,13.506099999999606,173724264505.0,95240740,0,4680.212,4716.5761,4677.0504,4690.1965
000046,上证中小,5380.342,1.0197729693002402,54.3134,535888488516.0,277696407,0,5322.0205,5389.7213,5321.9731,5326.0286
000047,上证全指,4108.5713,0.7457211826628771,30.411699999999655,713628020021.0,337845684,0,4075.9162,4119.6956,4074.1614,4078.1596
000051,180等权,9634.2086,0.406632847365611,39.01720000000023,351463796010.0,155390016,0,9590.8871,9664.0944,9586.9114,9595.1914
000052,50基本,3052.2066,0.02642721200581751,0.8063999999999396,177739531505.0,60149277,0,3064.6673,3067.094,3040.4955,3051.4002
000053,180基本,12747.3981,0.007985796626407993,1.0179000000007363,351463796010.0,155390016,0,12769.4474,12796.8758,12705.0587,12746.3802
000054,上证海外,1653.7328,0.3416170813637488,5.630200000000059,128786189136.0,68337730,0,1649.1357,1662.0789,1645.494,1648.1026
000057,全指成长,4069.7482,0.9955852520248841,40.11839999999984,209091287878.0,56132419,0,4019.8504,4078.3485,4015.4628,4029.6298
000064,非周期,3720.0887,0.6176205868696427,22.83499999999958,249458153960.0,87307361,0,3687.9225,3730.0988,3681.1148,3697.2537
000067,上证新兴,9577.7304,1.3822640338390546,130.58450000000084,190799838447.0,46787895,0,9414.1164,9605.9444,9409.8173,9447.1459
000071,材料等权,5304.0391,2.8936810961510555,149.16560000000027,97877978840.0,50405234,0,5139.3691,5313.7099,5139.3691,5154.8735
000072,工业等权,3108.1992,-0.08270936980565428,-2.572900000000118,66050018417.0,45693570,0,3114.0983,3134.3813,3097.3011,3110.7721
000073,可选等权,3603.4495,1.0759217735733622,38.357600000000275,41346897799.0,21348976,0,3563.0194,3603.8548,3563.0194,3565.0919
000074,消费等权,7285.1711,0.6329227053980858,45.81949999999961,14466557235.0,4157429,0,7249.3821,7297.3105,7244.2716,7239.3516
000075,医药等权,7358.1857,1.752558542786356,126.73539999999957,25380770960.0,6552198,0,7233.4173,7364.6,7229.6503,7231.4503
000076,金融等权,5789.8675,-0.4854342232682838,-28.243099999999686,55429154478.0,32034375,0,5818.3853,5835.4641,5768.084,5818.1106
000077,信息等权,6545.2244,1.1376943812975822,73.62700000000041,134888787314.0,21849746,0,6432.0622,6549.2419,6392.0047,6471.5974
000079,公用等权,2591.009,0.3940929111361179,10.170900000000074,14915346396.0,23336921,0,2582.5659,2595.6823,2575.0986,2580.8381
000091,沪财中小,15310.7812,1.3298859016194766,200.9435999999987,61952993111.0,36816170,0,15099.0976,15310.7812,15099.0976,15109.8376
000092,资源50,5208.0831,2.1464474256034443,109.4396999999999,105989865722.0,47896365,0,5104.8776,5220.8846,5104.8776,5098.6434
000093,180分层,12595.8275,0.804541055472414,100.52980000000025,351463796010.0,155390016,0,12504.5415,12619.8935,12503.9693,12495.2977
000094,上证上游,4897.076,2.658848056466725,126.83349999999973,90491664396.0,46628679,0,4764.4549,4915.4657,4764.4549,4770.2425
000095,上证中游,4142.6682,0.7998180348213254,32.87089999999989,383713906650.0,132807524,0,4098.9365,4158.1126,4085.9277,4109.7973
000097,高端装备,12256.5227,0.7336973108940092,89.27080000000024,206339611981.0,45087953,0,12135.2011,12337.6068,12111.7941,12167.2519
000098,上证F200,5629.6566,0.1560412445319861,8.770900000000438,272590645497.0,186655533,0,5627.3024,5651.8442,5611.0855,5620.8857
000101,5年信用,251.7231,0.006555251232974944,0.01649999999997931,18108137.0,18000,0,251.723,251.7232,251.7218,251.7066
000102,沪投资品,8114.5277,1.8412399073724137,146.70669999999973,120714757559.0,51253111,0,7934.8371,8163.3112,7934.8371,7967.821
000103,沪消费品,8442.1242,1.3868452323513367,115.47769999999946,36220518201.0,7025056,0,8342.4791,8448.2957,8335.5138,8326.6465
000104,380能源,1330.7814,1.1191342597904463,14.728399999999965,5722980361.0,9480400,0,1318.2264,1334.888,1317.0302,1316.053
000105,380材料,5800.3946,2.8172491358000316,158.9339999999993,49932517245.0,28133457,0,5637.6776,5810.4597,5637.6776,5641.4606
000106,380工业,6596.1226,2.2880461581581257,147.54639999999927,117593939688.0,48499275,0,6483.9504,6642.33,6482.6918,6448.5762
000107,380可选,5769.712,1.1192106909897792,63.860500000000684,15729527527.0,5812093,0,5702.6958,5770.5608,5689.7913,5705.8515
000108,380消费,12738.7772,1.0012171497785791,126.27850000000035,4406161282.0,2392758,0,12606.2016,12745.8452,12606.2016,12612.4987
000109,380医药,10486.4782,1.8626760439906564,191.7572999999993,12969169244.0,5177846,0,10294.5654,10493.7607,10291.585,10294.7209
000110,380金融,4321.648,0.6982085886071119,29.964899999999943,9755844801.0,13237268,0,4289.5451,4339.3113,4289.5451,4291.6831
000111,380信息,10761.8698,1.5072748782254142,159.8023000000012,56052202954.0,10685881,0,10545.4529,10774.9982,10488.6392,10602.0675
000112,380电信,6644.6954,2.909297905719146,187.84889999999996,29082193392.0,9565208,0,6492.6487,6653.3759,6460.0287,6456.8465
000113,380公用,3094.5953,0.32603254418561484,10.05659999999989,8042616715.0,15106507,0,3085.7172,3113.974,3075.7524,3084.5387
000114,持续产业,1281.8191,-0.14200222040119934,-1.822800000000143,43499261331.0,25653789,0,1280.7575,1294.8079,1276.3116,1283.6419
000115,380等权,9189.8751,1.61086816311545,145.6898999999994,317672447886.0,153766969,0,9048.9268,9192.8161,9048.9268,9044.1852
000116,信用100,198.6755,-0.06473706289907816,-0.12870000000000914,222210098.0,232400,0,198.8138,198.8162,198.6707,198.8042
000117,380成长,4581.1121,1.6983023303548042,76.5019000000002,77578416205.0,26564178,0,4498.5398,4583.6088,4498.4671,4504.6102
000118,380价值,10434.1695,0.6916858312945079,71.67590000000018,52229245634.0,55527247,0,10369.1941,10451.7363,10354.8277,10362.4936
000119,380R成长,4698.2619,2.123240751900774,97.6814000000004,279337349982.0,107731852,0,4599.0481,4700.6851,4599.0481,4600.5805
000120,380R价值,10255.7844,1.4657709512251025,148.15470000000096,253988179411.0,136694921,0,10130.176,10275.1479,10130.176,10107.6297
000121,医药主题,8570.9853,2.1110017472198135,177.1931000000004,27928581844.0,7703045,0,8397.9688,8578.487,8394.9217,8393.7922
000122,农业主题,1681.2811,1.0980381781222686,18.26059999999984,7035820342.0,8755974,0,1663.3096,1681.9455,1663.3096,1663.0205
000123,180动态,7560.0543,0.5914508631855421,44.451100000000224,262420340331.0,85195475,0,7485.3311,7600.6914,7471.1745,7515.6032
000125,180稳定,11931.9346,0.26145173848823616,31.11490000000049,100792817293.0,67720502,0,11920.3506,11940.299,11880.0974,11900.8197
000126,消费50,8428.0507,0.8058523018952093,67.3747000000003,48418091206.0,18980634,0,8376.9508,8450.1283,8373.7053,8360.676
000128,380基本,9456.1494,1.0786857985984688,100.91359999999986,317672447886.0,153766969,0,9367.2144,9471.3132,9367.2144,9355.2358
000129,180波动,15337.2211,-0.01940848431268431,-2.9772999999986496,107771681434.0,82081890,0,15373.0683,15378.4771,15288.2685,15340.1984
000130,380波动,13570.3908,0.6918421076883092,93.24059999999918,26816922661.0,30437442,0,13479.5367,13573.4831,13479.1141,13477.1502
000131,上证高新,4114.0683,4.784782405047429,187.86049999999977,65996026275.0,7424358,0,3941.0103,4121.7067,3928.3044,3926.2078
000132,上证100,6350.1013,1.965652863777703,122.41470000000027,64553962267.0,17381830,0,6219.2127,6351.6316,6219.2127,6227.6866
000133,上证150,7373.0532,2.4109371924907466,173.57490000000053,68747864406.0,24838237,0,7186.1473,7373.0532,7171.4184,7199.4783
000134,上证银行,1018.9318,-0.4092388879961948,-4.187000000000012,22250277606.0,25474202,0,1023.3313,1024.622,1015.8193,1023.1188
000135,180高贝,6803.499,0.599865694316974,40.5684999999994,193269500742.0,40664196,0,6728.8023,6837.0161,6719.9468,6762.9305
000136,180低贝,12889.5839,-0.040869791934051596,-5.270099999999729,49640460191.0,49664452,0,12906.3588,12906.3588,12845.7307,12894.854
000137,380高贝,6463.9384,1.8964731740238883,120.30529999999999,115455877571.0,25620138,0,6327.7261,6494.5955,6327.7261,6343.6331
000138,380低贝,8314.7293,0.8802503949957532,72.5518000000011,25495366160.0,23786340,0,8251.2007,8315.8007,8249.0265,8242.1775
000139,上证转债,447.2444,0.8202781930615852,3.6388000000000034,53590934368.0,26334741,0,443.6793,448.0472,443.2556,443.6056
000141,380动态,4256.0615,2.316047492038158,96.34109999999964,236097773651.0,88905879,0,4162.7484,4258.7397,4162.3264,4159.7204
000142,380稳定,10293.8518,1.1621003893322874,118.2507000000005,79836219553.0,64278455,0,10188.0772,10299.2748,10187.7519,10175.6011
000145,优势资源,8840.1122,2.908343798071046,249.83479999999872,83481733377.0,36411528,0,8545.6549,8876.4657,8545.6549,8590.2774
000146,优势制造,8499.4242,1.3048580174037525,109.47689999999966,138403746310.0,52652100,0,8431.0858,8599.9849,8427.1137,8389.9473
000147,优势消费,6980.7655,0.9020550699739011,62.40740000000005,24694231649.0,6679720,0,6922.3537,6985.302,6915.0512,6918.3581
000148,消费领先,9861.4783,1.2533677997687778,122.07060000000092,166299322799.0,67021703,0,9742.8632,9870.5922,9738.2603,9739.4077
000149,180红利,4009.8904,0.05428529994200264,2.1756000000000313,45759846510.0,36409549,0,4020.9061,4020.9061,3995.5384,4007.7148
000150,380红利,12030.2564,0.6322784529319067,75.58680000000095,11176887205.0,10098252,0,11927.3622,12031.1051,11916.945,11954.6696
000152,上央红利,2859.5974,0.4388743052497482,12.495200000000295,30628941762.0,33892593,0,2864.6695,2864.6695,2848.732,2847.1022
000160,沪新丝路,2236.4638,1.1474233650576193,25.370600000000195,97226361828.0,78795233,0,2219.6439,2245.731,2219.0049,2211.0932
000161,沪中国造,1898.6724,1.6518409974413992,30.853399999999965,215619366796.0,77534094,0,1871.9525,1908.7308,1871.2876,1867.819
000162,沪互联+,3854.3677,2.235562268872923,84.2826,89595868241.0,33280230,0,3776.8573,3856.0894,3776.8573,3770.0851
000170,50AH优选,6444.5621,0.5220858909389686,33.47140000000036,124922198637.0,38592253,0,6404.9625,6472.9022,6389.6597,6411.0907
000171,新兴成指,0.0,0.0,0.0,0.0,0,0,0.0,0.0,0.0,0.0
000300,沪深300,4758.9221,0.4489247588722006,21.26850000000013,668788811127.0,254688038,0,4725.9571,4771.4276,4719.134,4737.6536
000805,A股资源,0.0,0.0,0.0,0.0,0,0,0.0,0.0,0.0,0.0
000808,医药生物,0.0,0.0,0.0,0.0,0,0,0.0,0.0,0.0,0.0
000814,细分医药,8877.2392,1.094654673916576,96.1229000000003,27979922715.0,7124526,0,8783.3785,8887.8238,8748.1308,8781.1163
000827,中证环保,1939.8975,0.45829527972277506,8.849899999999934,147129132246.0,55031202,0,1930.5185,1956.7602,1925.6671,1931.0476
000841,800医药,0.0,0.0,0.0,0.0,0,0,0.0,0.0,0.0,0.0
000842,800等权,0.0,0.0,0.0,0.0,0,0,0.0,0.0,0.0,0.0
000847,腾讯济安,3654.6089,1.0126531127360563,36.63750000000027,88942279069.0,40736806,0,3621.4211,3655.2415,3621.3259,3617.9714
000849,300非银,11432.7383,-0.6099496542619673,-70.16189999999915,54445337206.0,23698631,0,11512.0766,11578.9089,11355.1167,11502.9002
000853,CSSW丝路,1673.7323,0.9393748235992239,15.576299999999947,140350953471.0,28232826,0,1657.4847,1677.3351,1657.4847,1658.156
000854,500原料,6351.0434,2.633976096773333,162.99179999999978,91102487143.0,48176603,0,6184.1381,6367.6185,6184.1381,6188.0516
000855,央视500,1691.5186,0.7165653260168113,12.034600000000182,981926652120.0,359338800,0,1678.1262,1695.7124,1678.1262,1679.484
000857,500医药,11005.3641,2.280951468927069,245.4289000000008,22442850865.0,9544178,0,10769.7576,11017.4095,10764.7426,10759.9352
000865,上海国企,1597.7356,0.5606459957053862,8.907699999999977,52094457028.0,28050838,0,1593.8841,1605.6989,1589.544,1588.8279
000867,港中小企,2805.5105,0.6638045314652847,18.500299999999697,25836827846.0,26293558,0,2792.3761,2813.0746,2789.1134,2787.0102
000891,新兴综指,2004.7435,1.4810279597020648,29.257499999999936,1823910707007.0,732384438,0,1970.3444,2005.7249,1969.9915,1975.486
000904,中证200,0.0,0.0,0.0,0.0,0,0,0.0,0.0,0.0,0.0
000914,300金融,6731.8292,-0.5148457798374555,-34.837899999999536,81990137450.0,55847159,0,6769.4741,6792.3771,6701.1354,6766.6671
000918,300成长,0.0,0.0,0.0,0.0,0,0,0.0,0.0,0.0,0.0
000934,中证金融,6298.4521,-0.3411243954757468,-21.55909999999949,100821563940.0,80568538,0,6323.4892,6344.5239,6269.5231,6320.0112
000944,内地资源,0.0,0.0,0.0,0.0,0,0,0.0,0.0,0.0,0.0
000971,等权90,0.0,0.0,0.0,0.0,0,0,0.0,0.0,0.0,0.0
000974,800金融,7064.9154,-0.37336533156353086,-26.476800000000367,95347214493.0,71172334,0,7095.9479,7118.6005,7033.409,7091.3922
000982,500等权,9668.1429,1.9046904619104366,180.70629999999983,631145879412.0,314624674,0,9508.5128,9675.3995,9508.5128,9487.4366
000984,300等权,0.0,0.0,0.0,0.0,0,0,0.0,0.0,0.0,0.0
000986,全指能源,2406.7402,1.4615924941850402,34.67000000000007,28074843933.0,40682542,0,2405.0818,2408.8828,2376.2535,2372.0702
000991,全指医药,9312.8122,1.3895261320742422,127.63050000000112,56779613812.0,19760150,0,9194.1844,9320.5212,9186.0785,9185.1817
000992,全指金融,6026.2582,-0.2803811528927413,-16.943999999999505,123928286978.0,107495607,0,6047.1662,6067.1835,5998.2957,6043.2022
