代码,名称,最新价,涨跌幅,涨跌额,成交量,成交额,换手率,开盘,最高,最低,昨收
000001,上证指数,4135.5881,-0.7130096917691463,-29.69890000000032,1435852527626.0,838399427,0,4169.7041,4179.702,4126.2343,4165.287
000002,Ａ股指数,4336.4274,-0.7119665342552395,-31.09530000000086,1435063765006.0,837779183,0,4372.1815,4382.6682,4326.6042,4367.5227
000004,工业指数,3801.0626,-1.2837010881260424,-49.42879999999968,1079259593131.0,525810151,0,3852.2057,3852.2243,3790.9577,3850.4914
000006,地产指数,4320.4823,-0.7935788464086349,-34.5607,5950200295.0,10481230,0,4352.0822,4371.5384,4317.2791,4355.043
000007,公用指数,4912.5618,-0.9551632840197234,-47.37549999999919,50796232292.0,67607925,0,4962.1909,4964.2199,4904.839,4959.9373
000008,综合指数,3712.7129,0.5282323679800826,19.508699999999862,216036562092.0,172889796,0,3701.9291,3749.2848,3701.8329,3693.2042
000009,上证380,7075.194,-1.311583997845006,-94.03039999999964,379539597207.0,193066102,0,7175.8707,7176.6856,7054.5663,7169.2244
000010,上证180,10421.3822,-0.4905556434714941,-51.3747000000003,383872071951.0,175461111,0,10493.1771,10560.0462,10396.0419,10472.7569
000011,基金指数,7198.4819,-0.15439524550360081,-11.13130000000001,253674790526.0,1413793203,0,7213.6317,7216.1036,7195.2991,7209.6132
000012,国债指数,224.7135,0.0438973549840214,0.09860000000000468,26605195031.0,26841768,0,224.6294,224.717,224.6151,224.6149
000014,沙河股份,13.66,-0.4373177842565633,-0.0600000000000005,219912315.06,15868520,0,13.66,14.28,13.61,13.72
000016,上证50,3130.7355,-0.41357147835294666,-13.001600000000053,182920752309.0,60995242,0,3150.7331,3177.7353,3123.1722,3143.7371
000017,新综指,3495.8557,-0.7133455519276447,-25.116700000000037,1412133833347.0,828747604,0,3524.716,3533.1717,3487.9378,3520.9724
000019,治理指数,1283.3588,0.0064054779772386656,0.08220000000005712,258658183962.0,128100222,0,1286.3225,1294.8275,1281.0511,1283.2766
000020,中型综指,1809.6252,-2.403301414760291,-44.56169999999997,335344949973.0,127510217,0,1851.6881,1852.1481,1804.0065,1854.1869
000021,180治理,1117.9519,0.1522235959653239,1.699200000000019,186309587002.0,91143752,0,1118.7127,1127.8098,1116.0096,1116.2527
000025,180基建,1804.5132,-0.6263002949358909,-11.372899999999845,32217831007.0,36566490,0,1816.9958,1817.7497,1802.1551,1815.8861
000026,180资源,6001.9335,0.7556353484566166,45.01260000000002,52546988986.0,19973237,0,5954.1143,6089.7881,5942.5531,5956.9209
000027,180运输,780.5004,-0.06757758554684153,-0.5277999999999565,6360391683.0,6947144,0,781.3566,787.2083,778.0613,781.0282
000028,180成长,4166.9974,-0.30582469384394784,-12.782799999999952,164921212116.0,40255791,0,4188.347,4241.2244,4153.6981,4179.7802
000029,180价值,4478.5147,0.4143465520570852,18.479999999999563,87112880524.0,79719432,0,4466.2236,4516.3773,4466.2236,4460.0347
000030,180R成长,2718.2645,-0.7115745159082703,-19.48109999999997,319054780523.0,111359736,0,2743.5251,2768.3242,2710.2234,2737.7456
000031,180R价值,3288.5755,0.02475848689145642,0.8139999999998508,241246448931.0,150823378,0,3292.3481,3314.0954,3283.0653,3287.7615
000032,上证能源,1997.0224,0.4887259908482362,9.712500000000091,17731934543.0,25416405,0,1989.9367,2012.9997,1989.6434,1987.3099
000034,上证工业,2323.5609,-0.054477162476671524,-1.2665000000001783,79350823901.0,57401057,0,2326.148,2340.2634,2298.0755,2324.8274
000035,上证可选,3028.0227,-1.6163583347101447,-49.7478000000001,46811191281.0,27309507,0,3080.4216,3088.6704,3021.2887,3077.7705
000036,上证消费,11012.3985,-1.0137294256432494,-112.77920000000086,15712159927.0,3989560,0,11129.2897,11152.4764,10999.8919,11125.1777
000037,上证医药,6871.5283,1.324340465899536,89.8130000000001,39035473013.0,8966068,0,6857.4624,6994.7304,6853.6545,6781.7153
000039,上证信息,5884.5113,-3.2318939566333054,-196.53290000000015,158054089042.0,29039232,0,6071.8622,6106.5905,5857.8277,6081.0442
000040,上证电信,4312.3473,-1.710435733238073,-75.04349999999977,78301141364.0,34577981,0,4452.4046,4452.4046,4298.8424,4387.3908
000042,上证央企,1837.7999,-0.3129364665528379,-5.769199999999955,107471600027.0,76083081,0,1844.6418,1853.3117,1834.7551,1843.5691
000045,上证小盘,6177.6686,-1.568889333182207,-98.46560000000045,422294481236.0,221439035,0,6285.3549,6285.3549,6159.435,6276.1342
000048,责任指数,1504.498,0.07160333944939086,1.0765000000001237,103170516432.0,56108375,0,1505.8759,1519.0031,1501.9036,1503.4215
000049,上证民企,2148.1918,-1.2256671523097498,-26.65639999999985,159075479211.0,53312872,0,2177.6672,2190.2836,2140.534,2174.8482
000050,50等权,2500.8663,-0.72283672686058,-18.208799999999883,182920752309.0,60995242,0,2524.9183,2537.8906,2494.8365,2519.0751
000055,上证地企,1645.4705,-0.07477977647321117,-1.2314000000001215,100327578860.0,50176302,0,1648.9282,1668.1546,1641.5333,1646.7019
000056,上证国企,1294.259,0.13037553445692018,1.6852000000001226,156884739903.0,80670737,0,1293.6286,1307.0529,1291.4843,1292.5738
000058,全指价值,4799.2478,0.5041997026536036,24.07639999999992,161462026483.0,145856540,0,4780.7934,4828.5874,4780.7934,4775.1714
000059,全R成长,3540.979,-1.235946992647433,-44.31230000000005,680844029466.0,271774697,0,3590.3744,3606.8093,3530.1584,3585.2913
000060,全R价值,4593.6496,-0.16738776998942348,-7.702100000000428,601270613066.0,348625134,0,4610.3975,4629.5996,4584.7357,4601.3517
000061,沪企债30,177.6087,-0.00011260696958690657,-0.0002000000000066393,172250252.0,173200,0,177.6188,177.6484,177.6021,177.6089
000062,上证沪企,2196.7581,-0.7436102706297295,-16.45769999999993,69714581294.0,34288189,0,2218.5173,2231.414,2191.4772,2213.2158
000063,上证周期,4150.5979,0.48021169946510206,19.83640000000014,114791470623.0,73110593,0,4136.7582,4194.9077,4136.7582,4130.7615
000065,上证龙头,3785.2322,-0.6169144938857275,-23.496599999999944,255976555914.0,128137058,0,3829.7219,3829.7219,3778.0379,3808.7288
000066,上证商品,3808.2016,-0.1973226151770857,-7.529300000000148,96183021919.0,53905511,0,3816.4992,3866.2049,3793.6676,3815.7309
000068,上证资源,4353.6621,0.14522184187290882,6.313299999999799,90074130515.0,43884477,0,4342.8786,4424.3885,4327.9536,4347.3488
000069,消费80,5084.6958,-0.16048125644859965,-8.173099999999977,90725552150.0,33354437,0,5120.8404,5161.4811,5074.5694,5092.8689
000070,能源等权,2736.9623,0.20702169828602449,5.654400000000351,17731934543.0,25416405,0,2732.243,2764.3912,2728.4568,2731.3079
000078,电信等权,3993.3873,-2.7241253364680817,-111.83130000000028,78301141364.0,34577981,0,4164.6606,4164.6606,3981.1185,4105.2186
000088,盐田港,4.52,-0.22075055187639456,-0.010000000000000675,117055318.81,25904231,0,4.53,4.54,4.5,4.53
000089,深圳机场,6.98,-0.5698005698005577,-0.03999999999999915,87216988.0,12427900,0,7.02,7.05,6.98,7.02
000090,上证流通,1522.4329,-0.9259681651507102,-14.229000000000042,1412133833347.0,828747604,0,1539.0016,1540.8037,1518.6776,1536.6619
000096,上证下游,4408.3759,-0.47685761613228744,-21.122400000000198,172558218315.0,82148551,0,4461.9374,4473.8556,4400.5033,4429.4983
000099,上证F300,9582.3833,-0.9882234428892531,-95.64050000000134,296561808166.0,167569975,0,9692.0232,9692.4729,9559.8492,9678.0238
000100,上证F500,6402.8822,-0.016674083963800566,-1.0677999999998065,597078972541.0,385494431,0,6411.6926,6446.5014,6391.1952,6403.95
000151,上国红利,1554.8121,-0.4415359187596869,-6.895499999999856,21004783037.0,22256298,0,1562.2446,1564.838,1552.0534,1561.7076
000153,上民红利,3200.8549,-0.7628554124287159,-24.605600000000322,7753475336.0,7474992,0,3222.3637,3229.1937,3196.0798,3225.4605
000155,市值百强,3410.4992,-0.3849805225646528,-13.180499999999938,324927382424.0,131685282,0,3430.862,3458.0767,3402.1393,3423.6797
000156,华数传媒,8.7,0.46189376443417024,0.03999999999999915,484235332.57,55331539,0,8.71,8.98,8.53,8.66
000157,中联重科,8.84,-0.3382187147688767,-0.02999999999999936,707181072.69,79518560,0,8.94,9.05,8.77,8.87
000158,上证环保,1386.7608,-1.118516102636006,-15.686599999999999,46692099886.0,26231406,0,1400.3119,1401.3333,1370.8648,1402.4474
000159,沪股通,3862.1929,-0.9140110493574908,-35.62649999999985,1290738719761.0,735443836,0,3903.4923,3909.1546,3852.5019,3897.8194
000166,申万宏源,5.37,-1.1049723756906005,-0.05999999999999961,631816455.26,116666525,0,5.44,5.48,5.35,5.43
000301,东方盛虹,10.67,0.5655042412818143,0.0600000000000005,271051333.06,25277593,0,10.62,10.88,10.54,10.61
000333,美的集团,76.25,-3.0145001271941037,-2.3700000000000045,6895278186.37,89568988,0,77.9,78.0,76.1,78.62
000338,潍柴动力,19.01,0.9023354564755929,0.1700000000000017,2078569057.26,110134186,0,18.83,19.13,18.55,18.84
000400,许继电气,28.86,4.037490987743335,1.120000000000001,2791053258.24,97371959,0,27.75,30.27,27.25,27.74
000401,金隅冀东,4.61,0.8752735229759306,0.040000000000000036,75970103.23,16497648,0,4.57,4.65,4.56,4.57
000402,金融街,2.81,-0.35460992907800665,-0.009999999999999787,71203154.98,25243192,0,2.83,2.84,2.8,2.82
000403,派林生物,14.44,-0.3450655624568717,-0.05000000000000071,226124617.24,15547683,0,14.53,14.76,14.37,14.49
000404,长虹华意,6.86,-0.5797101449275368,-0.040000000000000036,89281095.12,12908717,0,6.93,6.98,6.86,6.9
000407,胜利股份,5.05,0.3976143141152997,0.019999999999999574,491407292.54,96206213,0,5.01,5.2,5.0,5.03
000408,藏格矿业,89.75,5.08137220465988,4.340000000000003,2051523533.2,23198541,0,85.48,90.5,85.48,85.41
000409,云鼎科技,11.89,-2.8594771241830035,-0.34999999999999964,318549008.4,26451606,0,12.32,12.37,11.88,12.24
000410,沈阳机床,7.65,-1.7971758664955029,-0.13999999999999968,266916143.44,34639067,0,7.8,7.84,7.63,7.79
000411,英特集团,13.09,2.185792349726771,0.27999999999999936,515629286.98,39184428,0,12.76,13.68,12.74,12.81
000415,渤海租赁,4.09,0.0,0.0,428617433.4,103745880,0,4.1,4.18,4.07,4.09
000417,合百集团,8.01,-4.1866028708133936,-0.34999999999999964,444155109.72,54008380,0,8.31,8.49,7.98,8.36
000419,通程控股,6.43,-1.8320610687022918,-0.1200000000000001,127795082.32,19558296,0,6.53,6.62,6.41,6.55
000420,吉林化纤,4.53,-5.03144654088049,-0.23999999999999932,784038475.4,170794275,0,4.7,4.71,4.52,4.77
000421,南京公用,6.95,0.14409221902016983,0.009999999999999787,114282761.03,16379601,0,6.95,7.04,6.92,6.94
000422,湖北宜化,14.77,0.06775067750677363,0.009999999999999787,726088069.62,48798265,0,14.7,15.07,14.66,14.76
000423,东阿阿胶,49.39,-0.8232931726907563,-0.4099999999999966,310599133.62,6228913,0,49.82,50.3,49.33,49.8
000425,徐工机械,11.35,-2.825342465753425,-0.33000000000000007,1296602952.39,112819793,0,11.67,11.79,11.31,11.68
000426,兴业银锡,46.61,2.665198237885465,1.2100000000000009,3975750418.99,84840358,0,45.6,48.18,45.0,45.4
000428,华天酒店,3.36,-1.7543859649122824,-0.06000000000000005,69250663.66,20396211,0,3.42,3.43,3.35,3.42
000429,粤高速Ａ,11.46,-1.1216566005176791,-0.129999999999999,72325590.36,6276000,0,11.58,11.59,11.44,11.59
000430,*ST张股,7.44,-2.61780104712041,-0.1999999999999993,63368704.8,8430707,0,7.65,7.66,7.39,7.64
000488,ST晨鸣,2.17,0.46296296296295303,0.009999999999999787,50931348.14,23426704,0,2.16,2.2,2.15,2.16
000498,山东路桥,6.1,0.0,0.0,91821663.0,15066800,0,6.1,6.13,6.06,6.1
000501,武商集团,10.86,-2.25022502250225,-0.25,456575040.0,41373615,0,11.01,11.39,10.84,11.11
000503,国新健康,11.39,-1.8949181739879317,-0.21999999999999886,1568740017.13,132777198,0,12.5,12.54,11.29,11.61
000504,*ST生物,8.61,1.0563380281690125,0.08999999999999986,27366562.9,3196810,0,8.5,8.69,8.41,8.52
000505,京粮控股,7.68,-4.119850187265919,-0.33000000000000007,302841825.62,38923211,0,7.96,7.99,7.65,8.01
000506,招金黄金,14.22,2.5974025974026063,0.3600000000000012,639231751.7,44726930,0,13.86,14.6,13.83,13.86
000507,珠海港,5.32,-0.7462686567164185,-0.040000000000000036,61185589.24,11470707,0,5.34,5.36,5.31,5.36
000509,华塑控股,3.45,-1.4285714285714235,-0.04999999999999982,86674280.9,24841020,0,3.5,3.54,3.43,3.5
000510,新金路,13.8,-0.933237616654695,-0.129999999999999,875982053.67,62961928,0,13.9,14.28,13.3,13.93
000513,丽珠集团,36.67,0.9914624070503977,0.35999999999999943,452221807.74,12317508,0,36.5,37.03,36.38,36.31
000514,渝开发,5.07,-0.5882352941176345,-0.02999999999999936,91396366.36,17915522,0,5.1,5.14,5.06,5.1
000516,国际医学,5.63,9.960937499999996,0.5099999999999998,832741002.64,154319639,0,5.12,5.63,5.01,5.12
000517,荣安地产,1.84,0.0,0.0,65855634.0,35827600,0,1.84,1.86,1.81,1.84
000518,*ST四环,2.48,0.8130081300813016,0.020000000000000018,43317181.11,17413839,0,2.45,2.53,2.43,2.46
000519,中兵红箭,18.96,-4.675716440422321,-0.9299999999999997,1309248044.56,68417853,0,19.7,19.71,18.92,19.89
000520,凤凰航运,4.69,0.2136752136752281,0.010000000000000675,186856003.65,39323151,0,4.68,4.84,4.67,4.68
000521,长虹美菱,6.7,-1.033973412112251,-0.0699999999999994,101149418.73,15005914,0,6.8,6.81,6.69,6.77
000523,红棉股份,3.91,-2.0050125313283225,-0.08000000000000007,340279321.6,85664198,0,3.98,4.04,3.89,3.99
000524,岭南控股,12.22,-2.0048115477145148,-0.25,168638962.5,13600320,0,12.46,12.59,12.2,12.47
000525,红太阳,5.59,1.4519056261343026,0.08000000000000007,238172410.51,42403492,0,5.51,5.75,5.45,5.51
000526,学大教育,41.51,1.2686020980726909,0.519999999999996,363025453.81,8640440,0,41.33,42.99,40.2,40.99
000528,柳工,11.66,-2.345058626465656,-0.27999999999999936,576703448.53,48924636,0,11.98,12.01,11.6,11.94
000529,广弘控股,6.05,-0.6568144499178987,-0.040000000000000036,45686850.16,7509262,0,6.1,6.14,6.04,6.09
000530,冰山冷热,7.32,-4.188481675392662,-0.3199999999999994,425785289.91,57379290,0,7.61,7.65,7.28,7.64
000531,穗恒运Ａ,6.93,-0.2877697841726685,-0.020000000000000462,107604775.28,15370640,0,7.06,7.12,6.92,6.95
000532,华金资本,17.37,-4.717498628634116,-0.8599999999999994,471268567.85,26422906,0,18.24,18.51,17.29,18.23
000533,顺钠股份,9.35,1.520086862106393,0.1399999999999988,1140411656.64,121839519,0,9.26,9.77,9.0,9.21
000534,万泽股份,21.63,-6.807410598879801,-1.5800000000000018,445229487.81,20237782,0,22.72,22.82,21.57,23.21
000536,华映科技,5.08,-2.868068833652014,-0.15000000000000036,615800482.74,120108829,0,5.24,5.27,5.08,5.23
000537,绿发电力,8.47,1.1947431302270182,0.10000000000000142,213478166.43,25360927,0,8.37,8.53,8.31,8.37
000538,云南白药,57.11,0.36906854130052874,0.21000000000000085,582049206.05,10173861,0,56.9,57.5,56.76,56.9
000539,粤电力Ａ,4.58,0.2188183807439778,0.009999999999999787,110439382.72,24178410,0,4.57,4.61,4.54,4.57
000541,佛山照明,6.31,-0.9419152276295211,-0.0600000000000005,115734797.5,18209159,0,6.38,6.42,6.3,6.37
000543,皖能电力,8.59,-0.4634994206257349,-0.040000000000000924,427441063.0,49818888,0,8.6,8.69,8.5,8.63
000544,中原环保,8.43,0.11876484560569818,0.009999999999999787,57299808.06,6771246,0,8.46,8.49,8.42,8.42
000545,金浦钛业,3.15,-1.8691588785046744,-0.06000000000000005,178263621.26,55892771,0,3.21,3.26,3.13,3.21
000546,金圆股份,6.95,-0.9971509971509886,-0.0699999999999994,721495839.0,102007900,0,7.01,7.33,6.84,7.02
000547,航天发展,36.0,-10.0,-4.0,10530104347.5,289103460,0,38.19,38.2,36.0,40.0
000548,湖南投资,5.46,-0.18281535648994127,-0.009999999999999787,51897798.77,9464510,0,5.47,5.52,5.43,5.47
000550,江铃汽车,18.19,-0.8178844056706575,-0.14999999999999858,82471728.2,4503920,0,18.38,18.43,18.15,18.34
000551,创元科技,14.28,-7.39299610894942,-1.1400000000000006,756929545.57,51858938,0,15.15,15.23,14.25,15.42
000552,甘肃能化,2.37,-0.4201680672268818,-0.009999999999999787,116427261.41,49168251,0,2.38,2.38,2.36,2.38
000553,安道麦A,5.68,-0.5253940455341549,-0.03000000000000025,47348562.1,8266793,0,5.72,5.78,5.67,5.71
000554,泰山石油,6.88,2.2288261515601704,0.14999999999999947,323876026.27,47019557,0,6.78,7.01,6.77,6.73
000555,神州信息,17.98,-10.01001001001001,-2.0,2208528540.75,119092469,0,19.6,19.68,17.98,19.98
000557,西部创业,5.06,0.7968127490039849,0.040000000000000036,78937411.75,15620431,0,5.03,5.11,5.0,5.02
000558,天府文旅,5.18,-2.448210922787192,-0.1299999999999999,247407632.38,47155926,0,5.29,5.33,5.16,5.31
000559,万向钱潮,19.26,-5.819070904645466,-1.1899999999999977,6510014142.27,332459260,0,20.11,20.96,18.46,20.45
000560,我爱我家,2.95,-1.0067114093959666,-0.029999999999999805,548911132.46,183818162,0,2.97,3.04,2.95,2.98
000561,烽火电子,12.77,-10.007047216349543,-1.42,1197983459.6,91648872,0,14.0,14.0,12.77,14.19
000563,陕国投Ａ,3.62,-0.275482093663906,-0.009999999999999787,429270820.46,118194020,0,3.63,3.68,3.58,3.63
000564,供销大集,2.5,-1.9607843137254832,-0.04999999999999982,1190931601.6,469948485,0,2.55,2.59,2.49,2.55
000565,渝三峡Ａ,7.75,-1.8987341772151944,-0.15000000000000036,121521112.23,15584201,0,7.9,7.94,7.73,7.9
000566,海南海药,7.13,-4.551539491298525,-0.33999999999999986,1160015804.93,159068975,0,7.48,7.55,7.11,7.47
000567,海德股份,6.15,-2.8436018957345923,-0.17999999999999972,224942629.78,36093651,0,6.33,6.36,6.12,6.33
000568,泸州老窖,117.86,-1.1987593260122447,-1.4300000000000068,1457330712.1,12243014,0,119.29,120.48,117.64,119.29
000570,苏常柴Ａ,5.64,-0.5291005291005335,-0.03000000000000025,74339354.8,13139160,0,5.67,5.7,5.6,5.67
000571,新大洲A,5.74,-4.651162790697664,-0.27999999999999936,164687842.76,28169174,0,6.02,6.03,5.74,6.02
000572,海马汽车,7.25,-5.721716514954491,-0.4400000000000004,1255587417.71,168237500,0,7.66,7.74,7.24,7.69
000573,粤宏远Ａ,4.17,-0.9501187648456066,-0.040000000000000036,64833625.0,15388500,0,4.21,4.25,4.15,4.21
000576,甘化科工,10.85,-3.6412078152753122,-0.41000000000000014,175988636.0,16090200,0,11.23,11.27,10.82,11.26
000581,威孚高科,20.52,-1.0130246020260534,-0.21000000000000085,285342226.6,13811970,0,20.79,20.84,20.45,20.73
000582,北部湾港,9.31,-2.3084994753410166,-0.21999999999999886,418860654.77,44633793,0,9.47,9.48,9.29,9.53
000584,工智退,0.29,11.538461538461526,0.02999999999999997,15207447.0,53830663,0,0.26,0.29,0.26,0.26
000586,汇源通信,13.28,-1.0432190760059654,-0.14000000000000057,115547237.0,8641400,0,13.55,13.59,13.15,13.42
000589,贵州轮胎,5.04,-0.9823182711198394,-0.04999999999999982,136411372.7,26971832,0,5.09,5.1,5.03,5.09
000590,古汉医药,11.51,-0.17346053772766326,-0.019999999999999574,63794962.0,5481750,0,11.62,11.74,11.5,11.53
000591,太阳能,4.59,-0.8639308855291584,-0.040000000000000036,307011822.35,66814453,0,4.63,4.64,4.56,4.63
000592,平潭发展,15.61,1.1665586519766669,0.17999999999999972,5849592744.87,367643207,0,15.46,16.6,15.44,15.43
000593,德龙汇能,15.83,10.006949270326611,1.4399999999999995,486638559.42,30754074,0,15.83,15.83,15.53,14.39
000595,*ST宝实,6.58,4.944178628389163,0.3100000000000005,100897938.56,15533232,0,6.38,6.58,6.24,6.27
000596,古井贡酒,138.99,-1.9332533690820437,-2.7399999999999807,469627501.37,3339057,0,141.83,142.52,138.76,141.73
000597,东北制药,5.4,0.0,0.0,103113613.25,18947525,0,5.41,5.49,5.39,5.4
000598,兴蓉环境,7.09,-0.14084507042253222,-0.009999999999999787,134231993.8,18884160,0,7.12,7.14,7.08,7.1
000599,青岛双星,6.17,-2.8346456692913344,-0.17999999999999972,171431101.23,27449313,0,6.32,6.34,6.16,6.35
000600,建投能源,8.72,0.22988505747127988,0.02000000000000135,245521390.71,28046056,0,8.69,8.86,8.64,8.7
000601,韶能股份,4.87,-0.6122448979591887,-0.03000000000000025,89888783.58,18391803,0,4.91,4.94,4.85,4.9
000603,盛达资源,38.49,2.503328894806937,0.9400000000000048,1447966290.3,37324954,0,37.56,39.8,37.25,37.55
000605,渤海股份,6.92,0.5813953488372098,0.040000000000000036,40201775.2,5801240,0,6.89,6.98,6.83,6.88
000607,华媒控股,4.76,-1.039501039501036,-0.04999999999999982,460115852.19,94883840,0,4.82,4.98,4.67,4.81
000608,*ST阳光,0.0,-100.0,-3.05,0.0,0,0,0.0,0.0,0.0,3.05
000609,ST中迪,8.47,-5.044843049327347,-0.4499999999999993,137480188.0,16112800,0,8.8,8.82,8.47,8.92
000610,西安旅游,12.6,-0.9433962264151021,-0.120000000000001,136072168.2,10729490,0,12.73,12.77,12.58,12.72
000612,焦作万方,12.98,-2.4793388429752072,-0.33000000000000007,1236401433.48,93895736,0,13.41,13.5,12.86,13.31
000615,*ST美谷,3.4,3.030303030303033,0.10000000000000009,67565199.64,19961542,0,3.31,3.47,3.26,3.3
000617,中油资本,9.62,-3.510531594784367,-0.3500000000000014,1531209181.5,157291695,0,9.97,9.99,9.58,9.97
000619,海螺新材,6.25,-0.6359300476947541,-0.040000000000000036,63971835.24,10190601,0,6.29,6.33,6.22,6.29
000620,盈新发展,3.09,-4.923076923076927,-0.16000000000000014,1040127196.1,330670814,0,3.23,3.24,3.07,3.25
000622,恒立退,0.15,-11.764705882352951,-0.020000000000000018,9677324.0,61160620,0,0.16,0.17,0.15,0.17
000623,吉林敖东,20.33,0.0,0.0,437615001.68,21403817,0,20.36,20.62,20.26,20.33
000625,长安汽车,11.82,-1.0878661087866026,-0.129999999999999,1090696433.32,91785280,0,11.94,11.97,11.8,11.95
000626,远大控股,8.03,-1.7135862913096767,-0.14000000000000057,76436595.0,9437700,0,8.16,8.19,8.02,8.17
000627,*ST天茂,0.0,-100.0,-1.58,0.0,0,0,0.0,0.0,0.0,1.58
000628,高新发展,50.37,-4.038864545627747,-2.1200000000000045,591115321.1,11564210,0,52.49,52.97,50.3,52.49
000629,钒钛股份,3.55,-2.203856749311297,-0.08000000000000007,909695144.24,255026797,0,3.58,3.64,3.52,3.63
000630,铜陵有色,5.98,0.8431703204047338,0.05000000000000071,2944069105.63,486690024,0,5.93,6.18,5.9,5.93
000631,顺发恒能,3.35,-0.5934718100890213,-0.020000000000000018,64434380.4,19021661,0,3.37,3.42,3.35,3.37
000632,三木集团,5.52,-2.300884955752226,-0.13000000000000078,296411276.52,52645101,0,5.66,5.76,5.51,5.65
000633,合金投资,7.61,0.13157894736842993,0.010000000000000675,184607636.98,24131600,0,7.6,7.84,7.5,7.6
000635,英力特,9.71,-0.20554984583761124,-0.019999999999999574,115683146.0,11788300,0,9.73,9.98,9.63,9.73
000636,风华高科,17.29,-3.1372549019607967,-0.5600000000000023,700146624.35,40222061,0,17.8,17.8,17.23,17.85
000637,茂化实华,4.37,0.4597701149425394,0.020000000000000462,76881662.83,17511920,0,4.34,4.45,4.32,4.35
000638,*ST万方,4.82,-4.743083003952556,-0.23999999999999932,59414834.27,12273304,0,5.03,5.03,4.81,5.06
000639,西王食品,3.37,-1.4619883040935622,-0.04999999999999982,276408702.91,80767820,0,3.42,3.48,3.36,3.42
000650,仁和药业,6.13,-0.8090614886731363,-0.04999999999999982,300195158.75,48577175,0,6.24,6.25,6.11,6.18
000651,格力电器,40.27,-0.6415001233654034,-0.259999999999998,1811046126.38,44793814,0,40.6,40.65,40.25,40.53
000652,泰达股份,4.29,0.0,0.0,138991209.36,32186586,0,4.27,4.4,4.25,4.29
000655,金岭矿业,9.75,-0.2047082906857684,-0.019999999999999574,116656646.4,11873600,0,9.72,9.93,9.71,9.77
000656,*ST金科,1.44,-1.3698630136986314,-0.020000000000000018,112657078.05,77732489,0,1.46,1.46,1.44,1.46
000657,中钨高新,33.51,3.2029565753002744,1.0399999999999991,2859313647.82,86377768,0,32.58,34.32,31.61,32.47
000659,珠海中富,4.43,-0.2252252252252404,-0.010000000000000675,343965185.8,78698320,0,4.43,4.55,4.23,4.44
000661,长春高新,103.37,-0.19310611180842777,-0.19999999999998863,1616674015.06,15522291,0,104.0,106.1,101.14,103.57
000663,永安林业,7.61,-1.8064516129032218,-0.13999999999999968,112227264.0,14567900,0,7.77,7.8,7.6,7.75
000665,湖北广电,6.04,-2.4232633279483093,-0.15000000000000036,453449694.64,74451874,0,6.15,6.2,5.94,6.19
000668,*ST荣控,11.72,1.824500434404873,0.21000000000000085,31536933.9,2709495,0,11.52,11.85,11.33,11.51
000669,ST金鸿,2.91,0.0,0.0,19746867.4,6774400,0,2.9,2.95,2.89,2.91
000670,盈方微,0.0,-100.0,-7.73,0.0,0,0,0.0,0.0,0.0,7.73
000672,上峰水泥,12.71,-5.712166172106822,-0.7699999999999996,364035300.75,28079302,0,13.35,13.48,12.68,13.48
000676,智度股份,10.18,-0.39138943248533187,-0.040000000000000924,1715245279.61,167386835,0,10.23,10.5,9.9,10.22
000677,恒天海龙,4.33,-3.348214285714293,-0.15000000000000036,103601830.18,23500926,0,4.48,4.49,4.33,4.48
000678,襄阳轴承,15.04,-4.930467762326177,-0.7800000000000011,718461044.27,46676519,0,15.7,15.94,15.0,15.82
000679,大连友谊,7.7,1.9867549668874218,0.15000000000000036,124619134.72,16312353,0,7.56,7.92,7.44,7.55
000680,山推股份,12.23,-2.2382094324540316,-0.27999999999999936,390796839.68,31766487,0,12.43,12.74,12.03,12.51
000681,视觉中国,31.48,9.99301187980433,2.8599999999999994,4208074077.1,134229889,0,31.48,31.48,30.79,28.62
000682,东方电子,12.73,-0.6245120999219365,-0.08000000000000007,479759902.72,37842239,0,12.77,12.95,12.47,12.81
000683,博源化工,7.34,-0.4070556309362313,-0.03000000000000025,346406205.59,46887254,0,7.37,7.48,7.28,7.37
000685,中山公用,11.98,-1.1551155115511451,-0.1399999999999988,276218767.11,22797579,0,12.29,12.37,11.95,12.12
000686,东北证券,9.62,-1.8367346938775662,-0.1800000000000015,615646594.95,63217308,0,9.85,9.88,9.61,9.8
000688,国城矿业,28.19,1.3664149586479777,0.38000000000000256,1030656677.49,36370896,0,27.54,29.66,26.96,27.81
000690,宝新能源,4.44,-0.8928571428571435,-0.040000000000000036,343111485.15,76788963,0,4.57,4.6,4.42,4.48
000691,*ST亚太,9.92,4.973544973544981,0.47000000000000064,121803627.16,12283248,0,9.92,9.92,9.83,9.45
000692,惠天热电,3.68,2.222222222222224,0.08000000000000007,84253430.36,23034424,0,3.6,3.72,3.54,3.6
000695,滨海能源,13.45,0.44809559372665214,0.05999999999999872,345794276.2,25612275,0,13.39,13.75,13.2,13.39
000697,ST炼石,8.63,-2.4858757062146766,-0.21999999999999886,92205246.0,10595300,0,8.81,8.86,8.62,8.85
000698,ST沈化,3.76,0.266666666666661,0.009999999999999787,46129622.57,12319670,0,3.75,3.77,3.72,3.75
000700,模塑科技,13.09,-6.500000000000002,-0.9100000000000001,1168268966.7,87440475,0,14.0,14.0,13.0,14.0
000701,厦门信达,6.9,-0.5763688760806921,-0.040000000000000036,330000308.25,47282093,0,6.99,7.16,6.8,6.94
000702,正虹科技,6.77,-0.5873715124816452,-0.040000000000000036,48008187.32,7044329,0,6.83,6.88,6.76,6.81
000703,恒逸石化,10.25,-0.1947419668938615,-0.019999999999999574,363161150.65,35375612,0,10.27,10.46,10.07,10.27
000705,浙江震元,9.37,0.21390374331550346,0.019999999999999574,106622019.7,11311102,0,9.37,9.51,9.3,9.35
000707,双环科技,6.22,-0.9554140127388614,-0.0600000000000005,55337436.27,8825501,0,6.28,6.32,6.21,6.28
000708,中信特钢,15.81,-0.06321112515802646,-0.009999999999999787,250086904.15,15721521,0,15.82,16.12,15.73,15.82
000709,河钢股份,2.43,0.8298755186721999,0.020000000000000018,359495541.33,148483947,0,2.41,2.45,2.39,2.41
000710,贝瑞基因,14.45,9.969558599695576,1.3099999999999987,536080723.7,38174106,0,13.61,14.45,13.41,13.14
000711,ST京蓝,1.71,0.5882352941176475,0.010000000000000009,55448940.75,32410225,0,1.7,1.72,1.7,1.7
000712,锦龙股份,12.53,-1.8025078369905991,-0.23000000000000043,299278381.55,23592641,0,12.89,12.97,12.47,12.76
000713,国投丰乐,6.79,-0.7309941520467811,-0.04999999999999982,84214481.95,12307919,0,6.83,6.91,6.78,6.84
000715,中兴商业,6.35,-1.8547140649149938,-0.1200000000000001,141361308.8,21939150,0,6.44,6.63,6.33,6.47
000716,黑芝麻,6.25,-1.5748031496062938,-0.09999999999999964,199983077.0,31715300,0,6.33,6.37,6.23,6.35
000717,中南股份,2.64,-1.1235955056179703,-0.029999999999999805,87542207.05,32915956,0,2.67,2.69,2.63,2.67
000718,苏宁环球,2.4,0.0,0.0,113602231.76,47245884,0,2.4,2.43,2.37,2.4
000719,中原传媒,12.77,-1.693610469591999,-0.22000000000000064,204511309.39,15807933,0,13.12,13.16,12.71,12.99
000720,新能泰山,3.39,0.2958579881656873,0.010000000000000231,90121667.91,26642816,0,3.37,3.43,3.33,3.38
000721,西安饮食,9.09,-2.572347266881031,-0.2400000000000002,227309800.0,24696600,0,9.26,9.32,9.08,9.33
000722,湖南发展,12.11,-0.41118421052632165,-0.05000000000000071,139737133.75,11494078,0,12.18,12.28,12.06,12.16
000723,美锦能源,4.86,-2.605210420841681,-0.1299999999999999,458359462.9,93641532,0,5.0,5.0,4.84,4.99
000725,京东方Ａ,4.46,0.0,0.0,3934833257.46,877918996,0,4.48,4.55,4.44,4.46
000726,鲁泰Ａ,7.25,0.4155124653739647,0.03000000000000025,111024286.3,15250695,0,7.23,7.38,7.22,7.22
000727,冠捷科技,2.69,-1.8248175182481847,-0.050000000000000266,320135788.0,118488600,0,2.73,2.77,2.66,2.74
000728,国元证券,8.62,-0.8055235903337202,-0.07000000000000028,396748266.91,45610881,0,8.71,8.78,8.6,8.69
000729,燕京啤酒,12.06,-0.08285004142501894,-0.009999999999999787,246089894.74,20393288,0,12.05,12.18,11.99,12.07
000731,四川美丰,6.66,-0.5970149253731348,-0.040000000000000036,63551794.8,9503110,0,6.69,6.72,6.65,6.7
000733,振华科技,55.49,-5.66133968038082,-3.3299999999999983,2116525694.11,37653539,0,58.01,58.08,55.2,58.82
000735,罗牛山,8.26,-2.36406619385344,-0.20000000000000107,915166714.38,107753935,0,8.49,8.78,8.22,8.46
000736,*ST中地,5.49,-0.9025270758122712,-0.04999999999999982,48862259.3,8825800,0,5.52,5.58,5.49,5.54
000737,北方铜业,15.57,-1.2055837563451746,-0.1899999999999995,1560072753.23,98775556,0,15.73,16.09,15.51,15.76
000738,航发控制,22.71,-8.685162846803378,-2.16,1654678831.54,71807842,0,24.65,24.65,22.51,24.87
000739,普洛药业,17.74,9.16923076923076,1.4899999999999984,727923498.36,41519118,0,16.3,17.88,16.27,16.25
000750,国海证券,4.37,-1.1312217194570096,-0.04999999999999982,521685631.13,118466521,0,4.41,4.44,4.35,4.42
000751,锌业股份,4.36,-0.2288329519450752,-0.009999999999999787,391241283.13,88673953,0,4.35,4.49,4.32,4.37
000752,ST西发,10.55,-1.4018691588784915,-0.14999999999999858,37707375.66,3571300,0,10.71,10.71,10.41,10.7
000753,漳州发展,7.49,-3.8510911424903695,-0.2999999999999998,409408121.42,53497902,0,7.79,7.79,7.48,7.79
000755,山西高速,5.05,-0.39447731755424975,-0.020000000000000462,49752670.0,9823700,0,5.05,5.09,5.04,5.07
000756,新华制药,16.74,4.2990654205607335,0.6899999999999977,669155070.44,40449978,0,16.1,16.93,16.07,16.05
000757,浩物股份,4.94,-0.6036217303822808,-0.02999999999999936,55256471.56,11083328,0,4.97,5.03,4.93,4.97
000758,中色股份,6.95,-0.9971509971509886,-0.0699999999999994,529852151.51,75604064,0,6.99,7.12,6.93,7.02
000759,中百集团,7.9,-4.819277108433739,-0.40000000000000036,740995163.03,90977616,0,8.24,8.42,7.88,8.3
000761,本钢板材,3.36,-1.7543859649122824,-0.06000000000000005,49062879.9,14493202,0,3.43,3.44,3.35,3.42
000762,西藏矿业,29.01,1.7180925666199227,0.490000000000002,1621781099.12,55005316,0,28.98,30.39,28.6,28.52
000766,通化金马,27.2,-2.4040186580552625,-0.6700000000000017,874029159.7,31723709,0,27.89,28.44,27.12,27.87
000767,晋控电力,2.93,0.6872852233676982,0.020000000000000018,166005190.4,56843992,0,2.91,2.96,2.89,2.91
000768,中航西飞,28.58,-6.540222367560497,-2.0,2882862108.37,99348788,0,30.2,30.2,28.51,30.58
000776,广发证券,22.86,0.6605019815059382,0.14999999999999858,2173709282.89,94277411,0,22.75,23.48,22.63,22.71
000777,中核科技,28.01,-9.235255994815288,-2.849999999999998,1399752705.11,48898849,0,30.86,30.88,27.82,30.86
000778,新兴铸管,4.23,-2.08333333333333,-0.08999999999999986,293685299.1,69066863,0,4.3,4.31,4.21,4.32
000779,甘咨询,8.56,0.3516998827667191,0.030000000000001137,62658885.33,7292456,0,8.54,8.69,8.5,8.53
000782,恒申新材,5.17,-1.8975332068311128,-0.09999999999999964,99846847.87,19012078,0,5.26,5.35,5.17,5.27
000783,长江证券,8.77,0.11415525114155008,0.009999999999999787,994409884.27,112535764,0,8.8,8.96,8.73,8.76
000785,居然智家,3.61,10.0609756097561,0.33000000000000007,1393410017.19,399100337,0,3.39,3.61,3.29,3.28
000786,北新建材,25.51,-1.4677481653147895,-0.379999999999999,460405288.66,17921454,0,25.83,25.98,25.44,25.89
000788,北大医药,6.68,2.1406727828746126,0.13999999999999968,387730340.83,57925501,0,6.58,6.8,6.53,6.54
000789,万年青,5.35,-0.3724394785847386,-0.020000000000000462,43009310.37,8008780,0,5.36,5.4,5.33,5.37
000790,华神科技,4.01,1.262626262626258,0.04999999999999982,93840688.57,23363158,0,3.97,4.06,3.96,3.96
000791,甘肃能源,6.63,0.7598784194528849,0.04999999999999982,219061357.42,33061094,0,6.58,6.71,6.53,6.58
000792,盐湖股份,33.68,5.381727158948682,1.7199999999999989,6855825125.52,203815097,0,32.4,34.81,32.4,31.96
000793,ST华闻,2.66,-2.2058823529411784,-0.06000000000000005,68457982.0,25647000,0,2.7,2.7,2.65,2.72
000795,英洛华,10.22,-1.825168107588852,-0.1899999999999995,237917990.9,23093561,0,10.42,10.48,10.2,10.41
000796,凯撒旅业,6.41,-2.8787878787878713,-0.1899999999999995,873625670.37,132577999,0,6.59,6.76,6.4,6.6
000797,中国武夷,3.45,-5.737704918032786,-0.20999999999999996,373845679.32,106088874,0,3.6,3.61,3.44,3.66
000798,中水渔业,11.52,-4.398340248962665,-0.5300000000000011,408174650.86,35119006,0,11.87,11.98,11.45,12.05
000799,酒鬼酒,56.03,-2.776331771646714,-1.6000000000000014,661129537.99,11588366,0,57.63,57.98,56.0,57.63
000800,一汽解放,6.85,-0.8683068017366208,-0.0600000000000005,137468967.86,20005030,0,6.87,6.9,6.84,6.91
000801,四川九洲,17.21,-7.023230686115617,-1.3000000000000007,973769894.68,55429134,0,18.35,18.44,17.18,18.51
000802,500沪市,8218.5518,-1.3072880202645463,-108.86330000000089,325032247269.0,180484436,0,8336.7021,8341.4634,8194.2605,8327.4151
000803,山高环能,8.71,-3.329633740288557,-0.29999999999999893,406533049.36,46774232,0,9.0,9.0,8.42,9.01
000807,云铝股份,33.22,-0.06016847172082769,-0.020000000000003126,3136981240.8,93696717,0,32.86,34.36,32.66,33.24
000809,和展能源,3.48,1.7543859649122824,0.06000000000000005,129497278.06,37625177,0,3.42,3.5,3.38,3.42
000810,创维数字,12.54,-2.9411764705882417,-0.3800000000000008,270511609.42,21306481,0,12.94,12.95,12.48,12.92
000811,冰轮环境,16.1,-1.7094017094016947,-0.2799999999999976,692496189.61,42689515,0,16.43,16.6,15.93,16.38
000812,陕西金叶,4.78,-0.8298755186721999,-0.040000000000000036,138985387.17,28884127,0,4.82,4.86,4.75,4.82
000813,德展健康,4.06,1.7543859649122653,0.0699999999999994,304002479.77,74433465,0,4.0,4.13,3.99,3.99
000815,美利云,11.97,-3.311793214862683,-0.41000000000000014,294272917.28,24131132,0,12.52,12.59,11.95,12.38
000816,智慧农业,3.66,-2.1390374331550817,-0.08000000000000007,290987899.5,78515880,0,3.75,3.78,3.64,3.74
000818,航锦科技,21.08,-4.48572723153603,-0.990000000000002,691333127.17,32245505,0,22.37,22.37,21.03,22.07
000819,有色金属,10365.3116,1.1818781392527824,121.07440000000133,123922429109.0,49754555,0,10236.6084,10594.8062,10216.5752,10244.2372
000820,*ST节能,3.7,-0.8042895442359197,-0.029999999999999805,32121295.8,8536634,0,3.76,3.84,3.69,3.73
000821,京山轻机,13.98,-2.2377622377622397,-0.3200000000000003,593277616.35,42503165,0,14.15,14.29,13.68,14.3
000822,山东海化,5.49,-0.5434782608695536,-0.02999999999999936,92846672.8,16795320,0,5.52,5.6,5.45,5.52
000823,800有色,12134.0675,0.9637785265083177,115.82919999999831,118215987092.0,48306793,0,12003.3562,12413.4963,11975.0298,12018.2383
000825,太钢不锈,5.25,-5.745062836624781,-0.3200000000000003,947693859.41,177905966,0,5.57,5.57,5.23,5.57
000826,启迪环境,2.26,-1.3100436681222816,-0.03000000000000025,121207299.44,53032780,0,2.29,2.32,2.25,2.29
000828,300高贝,0.0,0.0,0.0,0.0,0,0,0.0,0.0,0.0,0.0
000829,天音控股,11.76,-1.1764705882352988,-0.14000000000000057,677085143.64,57830264,0,11.88,11.94,11.5,11.9
000830,鲁西化工,17.13,2.4521531100478478,0.41000000000000014,519659196.38,30224537,0,16.65,17.55,16.56,16.72
000831,中国稀土,52.5,-2.957486136783736,-1.6000000000000014,2660702385.83,49891295,0,54.1,54.35,52.41,54.1
000833,粤桂股份,19.79,-1.2475049900199602,-0.25,647637489.0,32422140,0,19.95,20.34,19.72,20.04
000837,秦川机床,13.31,-1.5532544378698157,-0.20999999999999908,404346721.01,30093099,0,13.54,13.7,13.21,13.52
000838,财信发展,2.96,-1.986754966887419,-0.06000000000000005,161509176.14,54060458,0,3.02,3.03,2.96,3.02
000839,国安股份,2.76,-0.7194244604316554,-0.020000000000000018,212924829.58,75992254,0,2.79,2.86,2.74,2.78
000848,承德露露,8.54,-0.928074245939676,-0.08000000000000007,118262146.1,13738500,0,8.63,8.67,8.54,8.62
000850,华茂股份,5.63,-6.63349917081261,-0.40000000000000036,220898795.42,38536389,0,5.95,6.0,5.61,6.03
000851,百发100,21753.2634,-1.003647393232962,-220.53949999999895,80626896257.0,34780518,0,21999.3237,22040.7751,21691.9658,21973.8029
000852,中证1000,8203.7808,-1.8335491660911747,-153.22990000000027,798174097798.0,438996999,0,8381.0421,8381.0421,8177.6291,8357.0107
000856,500工业,8283.5908,-1.6763549638510438,-141.22990000000027,225452789163.0,101919164,0,8415.5701,8430.3405,8222.7576,8424.8207
000858,500信息,11521.3932,-3.6846136794295736,-440.7590999999993,164050385026.0,37747164,0,11919.5415,11924.29,11474.2981,11962.1523
000859,国风新材,12.63,-6.444444444444438,-0.8699999999999992,2095258651.07,161058593,0,13.21,13.88,12.52,13.5
000860,顺鑫农业,14.88,-0.8660892738174485,-0.129999999999999,139263081.18,9322784,0,15.01,15.01,14.86,15.01
000862,银星能源,6.03,-0.3305785123966872,-0.019999999999999574,148625454.3,24576495,0,6.05,6.15,5.99,6.05
000863,CS精准医,3083.347,2.5314162903253905,76.12530000000015,48706612576.0,10127988,0,3073.972,3173.16,3073.972,3007.2217
000868,安凯客车,5.02,-1.3752455795677856,-0.07000000000000028,68336663.0,13472800,0,5.09,5.11,5.02,5.09
000869,HK银行,4421.7799,0.9956999774084566,43.59360000000015,6735086374.0,7319584,0,4406.3816,4434.2217,4402.4929,4378.1863
000875,吉电股份,6.15,4.0609137055837605,0.2400000000000002,967736366.97,157601816,0,5.93,6.3,5.91,5.91
000876,新希望,9.16,-1.2931034482758537,-0.11999999999999922,358838667.6,38960640,0,9.27,9.27,9.14,9.28
000877,天山股份,5.43,-0.9124087591241006,-0.05000000000000071,104534839.23,19158069,0,5.48,5.5,5.43,5.48
000878,云南铜业,22.0,-0.7668019846639679,-0.1700000000000017,2552005848.53,114440427,0,22.11,22.87,21.91,22.17
000880,潍柴重机,33.34,0.27067669172933356,0.09000000000000341,1324517449.84,39677775,0,33.2,34.47,32.14,33.25
000881,中广核技,9.06,-5.5265901981230385,-0.5299999999999994,380045828.0,41436400,0,9.5,9.5,9.03,9.59
000882,华联股份,2.07,-1.4285714285714404,-0.03000000000000025,361319531.28,170758428,0,2.09,2.14,2.07,2.1
000883,湖北能源,4.61,0.2173913043478408,0.010000000000000675,119550043.94,25990786,0,4.6,4.62,4.58,4.6
000885,城发环境,13.97,-0.07153075822603566,-0.009999999999999787,86536991.18,6173071,0,14.0,14.11,13.93,13.98
000886,海南高速,6.65,-4.591104734576748,-0.3199999999999994,364008900.8,53794626,0,6.95,6.97,6.64,6.97
000887,中鼎股份,22.93,-0.7788836001730841,-0.17999999999999972,1226958233.92,53035926,0,23.14,23.53,22.66,23.11
000888,峨眉山Ａ,13.32,-0.44843049327354634,-0.0600000000000005,268702706.1,20008448,0,13.38,13.65,13.3,13.38
000889,中嘉博创,3.81,-3.2994923857867993,-0.1299999999999999,248007736.64,64197786,0,3.92,4.01,3.8,3.94
000890,法尔胜,5.62,-3.436426116838491,-0.20000000000000018,566314275.9,96875428,0,6.08,6.2,5.61,5.82
000892,欢瑞世纪,8.72,-2.895322939866367,-0.2599999999999998,1509721117.54,169431939,0,8.98,9.51,8.55,8.98
000893,亚钾国际,50.1,0.8657137104892283,0.4299999999999997,506012855.14,10057526,0,49.52,51.13,49.1,49.67
000895,双汇发展,25.71,-0.38744672607515646,-0.09999999999999787,376484884.53,14541466,0,25.85,26.06,25.69,25.81
000897,津滨发展,2.31,0.0,0.0,93881402.68,40524889,0,2.31,2.33,2.3,2.31
000898,鞍钢股份,2.57,-0.7722007722007729,-0.020000000000000018,120126589.75,46525169,0,2.59,2.61,2.56,2.59
000899,赣能股份,10.4,0.38610038610039504,0.040000000000000924,189416385.03,18212472,0,10.36,10.49,10.28,10.36
000900,现代投资,4.14,-0.24096385542170298,-0.010000000000000675,73037423.51,17615682,0,4.15,4.17,4.12,4.15
000901,小康指数,6527.0234,0.08466454506951972,5.52139999999963,155757914279.0,108546830,0,6529.7316,6579.3284,6514.0922,6521.502
000902,新洋丰,15.62,-1.1392405063291233,-0.1800000000000015,272748576.98,17192162,0,15.8,16.09,15.61,15.8
000903,中证A100,4635.7644,-0.6913378115761382,-32.27189999999973,413739191147.0,131410199,0,4677.9999,4720.4061,4623.2459,4668.0363
000905,中证500,8135.5348,-1.3770268431418975,-113.59270000000015,712316665124.0,352591191,0,8270.4224,8270.4224,8106.6099,8249.1275
000906,中证800,5336.4153,-0.8687814723161806,-46.76810000000023,1489949039870.0,644517769,0,5393.6765,5420.0822,5321.137,5383.1834
000908,*ST景峰,8.18,-0.1221001221001195,-0.009999999999999787,276641065.76,33436682,0,8.6,8.6,7.78,8.19
000909,ST数源,5.37,-1.2867647058823581,-0.07000000000000028,15334425.72,2842700,0,5.45,5.45,5.36,5.44
000910,大亚圣象,7.76,0.12903225806451338,0.009999999999999787,47247934.06,6055927,0,7.8,7.87,7.75,7.75
000911,广农糖业,7.49,-0.26631158455392245,-0.019999999999999574,63148306.0,8379900,0,7.52,7.58,7.47,7.51
000912,泸天化,4.26,-0.46728971962617905,-0.020000000000000462,73178732.63,17068175,0,4.29,4.33,4.25,4.28
000913,300医药,8910.5699,1.5612452759659763,136.97730000000047,35217969164.0,7641310,0,8859.3343,9070.1011,8844.5349,8773.5926
000915,华特达因,32.91,-0.8137432188065193,-0.2700000000000031,164269997.77,4947970,0,33.25,33.53,32.85,33.18
000917,电广传媒,12.7,-4.295403165033913,-0.5700000000000003,3897047045.38,294632313,0,14.0,14.45,12.61,13.27
000919,金陵药业,7.79,-0.12820512820512547,-0.009999999999999787,188054333.0,23806600,0,7.8,8.0,7.78,7.8
000920,沃顿科技,12.75,-0.39062500000000555,-0.05000000000000071,79535835.68,6240433,0,12.78,12.88,12.66,12.8
000921,海信家电,24.63,-1.1240465676435212,-0.28000000000000114,320922352.13,12948831,0,24.93,24.98,24.61,24.91
000922,佳电股份,14.37,-5.9554973821989545,-0.9100000000000001,364525483.67,24988444,0,15.22,15.26,14.29,15.28
000923,河钢资源,23.19,1.7105263157894761,0.39000000000000057,486558507.94,20861298,0,22.69,23.88,22.52,22.8
000925,众合科技,9.36,-4.392236976506637,-0.4299999999999997,747485521.16,78785598,0,9.69,9.82,9.34,9.79
000926,福星股份,2.3,-0.8620689655172422,-0.020000000000000018,84231103.76,36336774,0,2.31,2.34,2.3,2.32
000927,中国铁物,2.67,-0.3731343283582175,-0.010000000000000231,186019518.0,69478600,0,2.69,2.71,2.65,2.68
000928,中证能源,3011.3199,0.4326516522851373,12.972400000000107,15299633122.0,17634942,0,3000.0558,3035.3197,2996.7063,2998.3475
000929,*ST兰黄,9.61,1.1578947368420993,0.10999999999999943,39027455.39,4053212,0,9.51,9.75,9.44,9.5
000930,中粮科技,5.95,-0.5016722408026797,-0.03000000000000025,108320778.88,18128608,0,5.99,6.02,5.93,5.98
000931,中关村,5.24,3.9682539682539715,0.20000000000000018,361617075.33,66774836,0,5.54,5.54,5.23,5.04
000932,中证消费,15327.4704,-1.0912864175052808,-169.11210000000028,25300662915.0,9363377,0,15508.3336,15525.4965,15308.1619,15496.5825
000933,中证医药,8761.8395,1.0790122648396197,93.53210000000036,64005202316.0,18418864,0,8739.3011,8925.0471,8727.6181,8668.3074
000935,中证信息,6839.6371,-2.954658209312316,-208.2407000000003,391367579973.0,91660625,0,7050.3587,7071.2175,6810.7293,7047.8778
000936,华西股份,8.9,-1.4396456256921264,-0.129999999999999,669962749.06,74393500,0,8.98,9.18,8.75,9.03
000937,冀中能源,5.48,-0.3636363636363559,-0.019999999999999574,100893896.26,18414732,0,5.51,5.51,5.46,5.5
000938,紫光股份,26.13,-3.2222222222222254,-0.870000000000001,2351672508.26,88659112,0,27.2,27.3,26.04,27.0
000948,南天信息,18.6,-3.3264033264033115,-0.639999999999997,311300954.36,16560253,0,19.2,19.2,18.51,19.24
000949,新乡化纤,6.01,-2.4350649350649407,-0.15000000000000036,359956454.59,58525254,0,6.11,6.33,6.0,6.16
000950,重药控股,6.34,1.6025641025640969,0.09999999999999964,669691957.9,104886756,0,6.23,6.58,6.18,6.24
000951,中国重汽,16.76,-0.9456264775413719,-0.16000000000000014,252412146.42,15003606,0,16.92,16.95,16.73,16.92
000952,广济药业,8.4,-1.0600706713780903,-0.08999999999999986,197850262.28,23254006,0,8.46,8.69,8.35,8.49
000953,河化股份,7.4,0.5434782608695656,0.040000000000000036,115067281.94,15462534,0,7.37,7.53,7.32,7.36
000955,欣龙控股,5.77,-3.511705685618743,-0.21000000000000085,184264541.0,31343000,0,5.97,5.99,5.76,5.98
000957,中通客车,11.39,-0.5240174672488972,-0.05999999999999872,212460276.57,18549624,0,11.47,11.53,11.37,11.45
000958,创业成长,0.0,0.0,0.0,0.0,0,0,0.0,0.0,0.0,0.0
000959,首钢股份,5.16,-0.9596928982725494,-0.04999999999999982,270401782.7,51945008,0,5.19,5.3,5.12,5.21
000960,锡业股份,36.67,2.1733073279465063,0.7800000000000011,2241498658.99,61381508,0,35.55,37.68,35.02,35.89
000962,东方钽业,38.09,-2.6329243353783083,-1.029999999999994,1133606877.5,29846314,0,38.5,39.04,37.15,39.12
000963,华东医药,39.82,0.7591093117408835,0.29999999999999716,656081201.8,16358988,0,39.53,40.49,39.51,39.52
000965,天保基建,4.03,-1.4669926650366654,-0.05999999999999961,167103204.11,41008839,0,4.1,4.12,4.02,4.09
000966,基本400,0.0,0.0,0.0,0.0,0,0,0.0,0.0,0.0,0.0
000967,盈峰环境,6.89,-1.571428571428576,-0.11000000000000032,242620543.25,34734075,0,7.02,7.07,6.87,7.0
000968,蓝焰控股,7.06,1.4367816091953973,0.09999999999999964,164761184.98,23318791,0,6.95,7.19,6.95,6.96
000969,安泰科技,28.39,2.453987730061349,0.6799999999999997,5897857885.81,206946974,0,30.48,30.48,27.71,27.71
000970,中科三环,13.92,-2.384291725105188,-0.33999999999999986,476501592.0,33947580,0,14.28,14.28,13.88,14.26
000972,*ST中基,3.91,-2.0050125313283225,-0.08000000000000007,35117233.0,8862900,0,3.99,4.02,3.91,3.99
000973,佛塑科技,13.48,-1.8922852983988339,-0.2599999999999998,769421021.08,56303192,0,13.65,13.98,13.42,13.74
000975,山金国际,26.96,4.821150855365483,1.240000000000002,1415145249.39,52013070,0,25.56,28.18,25.56,25.72
000977,浪潮信息,67.55,-4.549950544015824,-3.219999999999999,5113736707.72,74007940,0,71.12,71.4,67.1,70.77
000978,桂林旅游,7.24,0.8356545961002856,0.0600000000000005,94011103.0,12958900,0,7.22,7.35,7.17,7.18
000980,众泰汽车,3.49,-1.6901408450704116,-0.05999999999999961,349109038.0,99841000,0,3.48,3.56,3.47,3.55
000981,山子高科,5.14,0.19493177387913815,0.009999999999999787,10764851141.04,2063644285,0,5.3,5.48,5.0,5.13
000983,山西焦煤,6.96,-1.4164305949008449,-0.09999999999999964,407039458.05,58187505,0,7.0,7.08,6.93,7.06
000985,大庆华科,20.01,0.0,0.0,90233655.0,4459500,0,20.02,20.48,19.97,20.01
000987,全指材料,5415.9469,0.3982248618991855,21.482100000000173,241193803087.0,127213873,0,5394.6287,5513.8642,5385.0289,5394.4648
000988,华工科技,79.98,-5.180794309425004,-4.36999999999999,6042899034.66,74019520,0,85.0,85.01,79.65,84.35
000989,全指可选,5664.0445,-1.5230717772591813,-87.60170000000016,135390314670.0,67481160,0,5754.6564,5771.5,5649.3332,5751.6462
000990,全指消费,0.0,0.0,0.0,0.0,0,0,0.0,0.0,0.0,0.0
000993,全指信息,9063.0109,-3.02254698994943,-282.47160000000076,442589731707.0,112818828,0,9347.0123,9372.1703,9026.6974,9345.4825
000995,皇台酒业,12.86,-1.0769230769230813,-0.14000000000000057,85239911.96,6595400,0,13.0,13.1,12.82,13.0
000997,新大陆,29.12,-0.17140898183065034,-0.05000000000000071,828709503.35,28366705,0,29.59,29.88,28.8,29.17
000998,中证TMT,0.0,0.0,0.0,0.0,0,0,0.0,0.0,0.0,0.0
000999,华润三九,28.99,0.3808864265927958,0.10999999999999943,338716312.36,11691350,0,28.9,29.13,28.8,28.88
001201,东瑞股份,14.74,-0.33806626098714626,-0.049999999999998934,60084230.83,4056337,0,14.83,14.91,14.72,14.79
001202,炬申股份,19.44,10.016977928692695,1.7699999999999996,439650787.78,22836148,0,19.19,19.44,18.56,17.67
001203,大中矿业,30.67,3.092436974789922,0.9200000000000017,1568243500.33,50736765,0,29.51,32.32,29.33,29.75
001205,盛航股份,16.31,-1.746987951807245,-0.2900000000000027,77975746.5,4738522,0,16.6,16.63,16.28,16.6
001206,依依股份,28.38,0.0,0.0,78242912.99,2757520,0,28.42,28.55,28.21,28.38
001207,联科科技,24.62,0.9016393442623051,0.22000000000000242,167670425.12,6806752,0,24.48,25.1,24.09,24.4
001208,华菱线缆,27.95,-9.983896940418683,-3.1000000000000014,1760065973.31,62081491,0,29.93,29.94,27.95,31.05
001209,洪兴股份,21.4,0.5166744950681045,0.10999999999999943,102966471.8,4801240,0,21.24,21.74,21.15,21.29
001210,金房能源,20.99,-0.2850356294536925,-0.060000000000002274,92559403.26,4381314,0,21.12,21.48,20.48,21.05
001211,双枪科技,27.79,1.5345268542199422,0.41999999999999815,84072564.0,3025000,0,27.34,28.08,27.2,27.37
001212,中旗新材,48.82,-4.0487421383647835,-2.0600000000000023,368175313.54,7405559,0,50.8,50.88,48.73,50.88
001213,中铁特货,4.12,-0.24213075060532172,-0.009999999999999787,57043103.7,13834923,0,4.13,4.14,4.11,4.13
001215,千味央厨,45.62,0.04385964912279829,0.01999999999999602,140520927.96,3064441,0,45.66,46.47,45.27,45.6
001216,华瓷股份,18.57,3.4540389972144903,0.620000000000001,329252917.16,17900764,0,17.94,18.88,17.6,17.95
001217,华尔泰,13.26,-0.6741573033707855,-0.08999999999999986,181419306.0,13588700,0,13.4,13.62,13.15,13.35
001218,丽臣实业,23.63,0.6817213463996598,0.16000000000000014,34326712.42,1457860,0,23.47,23.95,23.11,23.47
001219,青岛食品,14.92,-2.674494455316374,-0.41000000000000014,223112459.29,14657653,0,15.61,15.64,14.9,15.33
001222,源飞宠物,23.02,-0.9040034438226467,-0.21000000000000085,61730946.0,2656900,0,23.22,23.47,23.01,23.23
001223,欧克科技,55.27,-0.8609865470851961,-0.4799999999999969,91531087.8,1635800,0,55.73,56.88,55.0,55.75
001225,和泰机电,78.43,-3.1130327362569434,-2.519999999999996,281234419.44,3408011,0,89.05,89.05,78.33,80.95
001226,拓山重工,46.92,-2.045929018789138,-0.9799999999999969,99891237.0,2103400,0,47.87,48.98,46.75,47.9
001227,兰州银行,2.35,0.42735042735043727,0.010000000000000231,152935444.27,65102455,0,2.34,2.36,2.33,2.34
001228,永泰运,26.53,-0.18811136192624967,-0.04999999999999716,71966240.0,2709200,0,26.59,26.84,26.26,26.58
001229,魅视科技,41.42,-2.0803782505910062,-0.8799999999999955,127892292.68,3058768,0,42.7,42.73,40.9,42.3
001230,劲旅环境,22.93,-1.1211729193618005,-0.26000000000000156,52675878.01,2282931,0,23.19,23.3,22.88,23.19
001231,农心科技,24.54,-0.7682976142337294,-0.19000000000000128,144765759.92,5906954,0,24.57,24.79,24.2,24.73
001234,泰慕士,28.32,1.2151536812008572,0.33999999999999986,87684913.21,3101133,0,28.01,28.54,27.65,27.98
001236,弘业期货,10.78,-2.177858439201454,-0.2400000000000002,154269025.0,14124500,0,11.08,11.12,10.76,11.02
001238,浙江正特,51.76,-1.8395600227574416,-0.9699999999999989,39968997.6,768818,0,52.86,52.86,51.53,52.73
001239,永达股份,16.48,-0.6630500301386343,-0.10999999999999943,79066161.43,4779845,0,16.62,16.69,16.33,16.59
001255,博菲电气,41.48,9.99734818350569,3.769999999999996,185302147.62,4492035,0,40.87,41.48,40.83,37.71
001256,炜冈科技,21.55,-0.04638218923932287,-0.00999999999999801,45925643.12,2118016,0,21.65,21.93,21.24,21.56
001258,立新能源,7.37,-0.5398110661268561,-0.040000000000000036,104066142.93,14072621,0,7.45,7.48,7.32,7.41
001259,利仁科技,31.01,1.075619295958285,0.33000000000000185,73744456.92,2375892,0,31.0,31.48,30.53,30.68
001260,坤泰股份,22.02,9.990009990009991,2.0,183641340.86,8600787,0,20.06,22.02,19.85,20.02
001266,宏英智能,34.33,-5.660895850508388,-2.0600000000000023,263531358.62,7583178,0,36.03,36.03,34.05,36.39
001267,汇绿生态,22.21,-0.8482142857142756,-0.18999999999999773,801932329.27,35837793,0,22.01,22.85,21.81,22.4
001268,联合精密,34.25,-4.3830262423227255,-1.5700000000000003,101842158.0,2887300,0,35.75,36.2,34.2,35.82
001269,欧晶科技,24.03,-1.9183673469387708,-0.46999999999999886,58320825.95,2407440,0,24.53,24.59,23.94,24.5
001270,*ST铖昌,0.0,-100.0,-122.84,0.0,0,0,0.0,0.0,0.0,122.84
001277,速达股份,40.46,0.12373174956694943,0.05000000000000426,53944774.4,1328736,0,40.42,40.81,40.2,40.41
001278,一彬科技,19.52,-1.6624685138539135,-0.33000000000000185,57994923.0,2927600,0,20.11,20.37,19.46,19.85
001279,强邦新材,35.6,-0.39171796306659357,-0.14000000000000057,53922579.25,1508742,0,35.75,36.32,35.36,35.74
001282,三联锻造,21.94,-1.0820559062218145,-0.23999999999999844,112881625.77,5110804,0,22.18,22.49,21.72,22.18
001283,豪鹏科技,69.61,-1.9439357656007825,-1.3799999999999955,257994679.75,3657901,0,71.02,71.35,69.56,70.99
001286,陕西能源,9.67,-0.10330578512396474,-0.009999999999999787,183916963.52,18934922,0,9.68,9.79,9.63,9.68
001287,中电港,23.24,-4.164948453608254,-1.0100000000000016,606174616.45,25707303,0,24.43,24.43,23.11,24.25
001288,运机集团,29.99,-5.094936708860769,-1.610000000000003,193085151.28,6290578,0,31.6,31.95,29.8,31.6
001289,龙源电力,15.62,-0.2554278416347441,-0.040000000000000924,149209315.71,9494270,0,15.75,16.03,15.59,15.66
001296,长江材料,28.11,-4.028678729941959,-1.1799999999999997,302474070.56,10569024,0,29.21,29.45,28.04,29.29
001298,好上好,30.33,-3.6224976167778857,-1.1400000000000006,335459182.42,10888083,0,31.68,31.68,30.27,31.47
001299,美能能源,13.31,3.418803418803429,0.4400000000000013,190739982.76,14577826,0,12.88,13.42,12.84,12.87
001300,三柏硕,17.74,2.662037037037021,0.4599999999999973,120788244.0,6795207,0,17.4,18.1,17.28,17.28
001301,尚太科技,84.47,1.550853570569839,1.289999999999992,499641272.36,5898226,0,83.2,86.5,83.14,83.18
001306,夏厦精密,86.01,-1.9046532846715345,-1.6700000000000017,170827332.87,1950131,0,87.9,89.5,85.8,87.68
001308,康冠科技,21.63,-1.2779552715655003,-0.28000000000000114,71503470.4,3273466,0,21.98,22.0,21.6,21.91
001309,德明利,233.2,-2.8292845535230717,-6.7900000000000205,2474789366.76,10576059,0,237.6,242.38,229.5,239.99
001311,多利科技,32.31,-0.9806926141587504,-0.3200000000000003,251281192.38,7681027,0,32.48,33.35,32.06,32.63
001313,粤海饲料,7.3,-1.084010840108402,-0.08000000000000007,103236466.0,14042000,0,7.33,7.42,7.28,7.38
001314,亿道信息,46.06,-3.31654072208228,-1.5799999999999983,185157130.5,3963470,0,47.63,47.94,45.9,47.64
001316,润贝航科,40.12,-7.727690892364304,-3.3599999999999994,226701528.29,5588895,0,43.0,43.0,39.77,43.48
001317,三羊马,54.68,-2.894690108328898,-1.6300000000000026,325404742.01,5865102,0,55.5,56.98,54.31,56.31
001318,阳光乳业,15.45,-3.3771106941838704,-0.5400000000000009,148932853.0,9476700,0,15.9,15.98,15.41,15.99
001319,铭科精技,26.83,-2.4363636363636423,-0.6700000000000017,105709524.32,3900416,0,27.49,27.55,26.75,27.5
001322,箭牌家居,8.54,-1.1574074074074239,-0.10000000000000142,63380110.0,7334600,0,8.64,8.79,8.53,8.64
001323,慕思股份,25.99,0.5415860735009556,0.13999999999999702,78641620.0,3023304,0,25.85,26.25,25.79,25.85
001324,长青科技,18.97,-0.4199475065616895,-0.08000000000000185,54873689.06,2874302,0,19.08,19.36,18.77,19.05
001326,联域股份,51.52,-4.291287386215855,-2.309999999999995,93251359.2,1775506,0,53.68,54.1,51.5,53.83
001328,登康口腔,40.48,5.857740585774045,2.239999999999995,150975092.98,3792151,0,38.2,40.8,38.2,38.24
001330,博纳影业,9.11,10.024154589371982,0.8300000000000001,1762937036.38,204370548,0,8.39,9.11,8.0,8.28
001331,胜通能源,61.9,5.577349479788498,3.269999999999996,1551195580.1,25552692,0,56.91,64.49,56.6,58.63
001332,锡装股份,60.78,-5.120199812675618,-3.280000000000001,162242719.05,2615920,0,64.09,64.09,60.3,64.06
001333,光华股份,22.36,-0.8425720620842628,-0.19000000000000128,84911739.1,3779696,0,22.53,22.65,22.29,22.55
001336,楚环科技,25.83,-0.9585889570552147,-0.25,78878048.0,3049300,0,26.08,26.13,25.58,26.08
001337,四川黄金,30.71,2.4008002667555934,0.7200000000000024,673623034.58,21959736,0,29.88,31.2,29.7,29.99
001338,永顺泰,12.27,-0.7281553398058241,-0.08999999999999986,119952405.54,9723289,0,12.33,12.44,12.22,12.36
001339,智微智能,53.63,-4.163688348820583,-2.3299999999999983,367721981.4,6754240,0,55.97,55.98,53.48,55.96
001356,富岭股份,13.32,-0.5227781926811074,-0.07000000000000028,54230384.28,4053700,0,13.4,13.45,13.31,13.39
001358,兴欣新材,26.3,0.38167938931298256,0.10000000000000142,87412796.72,3283252,0,26.2,27.4,25.91,26.2
001359,平安电工,70.9,1.4016018306636213,0.980000000000004,218283399.69,3067200,0,69.92,72.85,69.18,69.92
001360,南矿集团,22.97,3.23595505617977,0.7199999999999989,294880104.45,12573866,0,22.35,24.43,22.19,22.25
001366,播恩集团,13.36,0.5267118133935311,0.07000000000000028,46860469.05,3499855,0,13.3,13.6,13.16,13.29
001367,海森药业,23.79,3.660130718954248,0.8399999999999999,89432394.47,3789781,0,22.89,24.22,22.89,22.95
001368,通达创智,25.28,0.23790642347344282,0.060000000000002274,78345241.6,3070448,0,25.4,25.78,25.2,25.22
001373,翔腾新材,37.05,-2.3715415019762993,-0.9000000000000057,92382166.84,2452544,0,38.15,38.47,36.93,37.95
001376,百通能源,15.78,-4.189435336976318,-0.6899999999999995,296149867.92,18332600,0,16.36,16.79,15.72,16.47
001378,德冠新材,24.1,0.12463647694225649,0.030000000000001137,60151012.36,2484473,0,24.06,24.45,23.99,24.07
001379,腾达科技,24.53,-3.2728706624605612,-0.8299999999999983,242748790.9,9906465,0,25.11,25.25,24.24,25.36
001380,华纬科技,23.53,-1.0096760622633505,-0.23999999999999844,85481152.92,3608586,0,23.8,24.0,23.4,23.77
001382,新亚电缆,21.04,0.7662835249042153,0.16000000000000014,135987330.26,6477962,0,20.88,21.32,20.67,20.88
001387,雪祺电气,14.39,-0.13879250520471598,-0.019999999999999574,82170047.09,5694313,0,14.41,14.55,14.23,14.41
001389,广合科技,78.71,-5.849282296650719,-4.890000000000001,579331886.99,7189262,0,83.6,83.86,78.5,83.6
001391,国货航,6.02,-0.8237232289950692,-0.05000000000000071,212347149.39,35184557,0,6.07,6.07,6.01,6.07
001395,亚联机械,43.8,-0.09124087591242301,-0.04000000000000625,61557799.72,1398985,0,43.77,44.46,43.5,43.84
001696,宗申动力,22.21,-4.473118279569889,-1.0399999999999991,862940779.08,38351177,0,23.22,23.22,22.12,23.25
001872,招商港口,19.41,0.20650490449147726,0.03999999999999915,65308483.84,3353710,0,19.38,19.63,19.35,19.37
001896,豫能控股,6.36,5.823627287853586,0.35000000000000053,974646889.33,155761160,0,6.24,6.61,5.96,6.01
001914,招商积余,11.18,-0.6222222222222248,-0.07000000000000028,104485033.45,9290105,0,11.25,11.38,11.14,11.25
001965,招商公路,9.81,0.0,0.0,102091006.67,10403113,0,9.82,9.85,9.78,9.81
001979,招商蛇口,9.24,1.2048192771084274,0.10999999999999943,648744579.35,70069959,0,9.12,9.34,9.11,9.13
002001,新和成,25.27,-0.35488958990536223,-0.08999999999999986,713765229.53,27944951,0,25.43,25.93,25.26,25.36
002003,伟星股份,10.38,-0.6698564593301293,-0.06999999999999851,72183978.56,6934752,0,10.43,10.48,10.35,10.45
002004,华邦健康,4.95,1.0204081632653024,0.04999999999999982,265116901.46,53502501,0,4.9,5.03,4.87,4.9
002005,ST德豪,2.95,3.8732394366197296,0.11000000000000032,96110436.0,32759800,0,2.9,2.98,2.84,2.84
002006,精工科技,22.66,-4.709840201850298,-1.120000000000001,737084952.85,32169405,0,23.69,23.69,22.56,23.78
002007,华兰生物,15.68,0.6418485237483931,0.09999999999999964,350098779.42,22256406,0,15.61,15.88,15.55,15.58
002008,大族激光,41.8,-5.451255372087771,-2.4100000000000037,1744350261.96,40903642,0,43.82,43.97,41.7,44.21
002009,天奇股份,21.81,-5.215123859191668,-1.2000000000000028,1399058326.57,63243683,0,22.74,22.9,21.5,23.01
002010,传化智联,6.42,-1.68453292496172,-0.11000000000000032,380561310.69,58941304,0,6.53,6.54,6.4,6.53
002011,盾安环境,13.05,-0.9863429438543172,-0.129999999999999,247381915.88,18885072,0,13.15,13.22,13.01,13.18
002012,凯恩股份,6.3,-0.4739336492891035,-0.03000000000000025,94810370.0,14930300,0,6.33,6.43,6.29,6.33
002014,永新股份,11.71,-0.6785411365563894,-0.0799999999999983,38734701.88,3285579,0,11.8,11.9,11.69,11.79
002015,协鑫能科,10.68,-0.9276437847866387,-0.09999999999999964,396282109.27,36953274,0,10.8,10.88,10.6,10.78
002016,世荣兆业,5.88,-0.33898305084746544,-0.020000000000000462,71096393.0,12054700,0,5.9,5.94,5.83,5.9
002017,东信和平,27.7,-0.03608805485384902,-0.010000000000001563,3455302905.03,120621154,0,29.0,29.95,27.52,27.71
002019,亿帆医药,12.88,-1.0752688172042917,-0.1399999999999988,284711649.93,21816831,0,13.07,13.28,12.83,13.02
002020,京新药业,18.26,-4.3979057591623025,-0.8399999999999999,597487694.5,32252984,0,18.99,19.1,18.21,19.1
002021,中捷资源,2.81,-0.7067137809187285,-0.020000000000000018,151336541.44,53172468,0,2.82,2.91,2.8,2.83
002022,科华生物,6.31,0.6379585326953754,0.040000000000000036,65411099.1,10275045,0,6.28,6.43,6.27,6.27
002023,海特高新,14.31,-7.017543859649122,-1.08,1222101454.1,84184832,0,15.3,15.3,14.23,15.39
002024,ST易购,1.66,0.6060606060606066,0.010000000000000009,53688420.54,32539589,0,1.64,1.67,1.63,1.65
002025,航天电器,63.67,-9.994345490528687,-7.069999999999993,2587590788.56,40261478,0,67.8,67.9,63.67,70.74
002026,山东威达,14.6,-1.9476158495634714,-0.2900000000000009,236668048.42,16085756,0,14.89,14.98,14.47,14.89
002027,分众传媒,7.96,-0.9950248756218805,-0.07999999999999918,3044565246.06,374611881,0,8.12,8.32,7.91,8.04
002028,思源电气,162.52,2.0277481323372584,3.230000000000018,2815280573.32,17324488,0,160.02,168.67,156.18,159.29
002029,七匹狼,14.07,1.5884476534296075,0.22000000000000064,1159467683.56,81884338,0,14.04,14.85,13.55,13.85
002030,达安基因,6.55,2.184087363494535,0.13999999999999968,362128067.12,54768523,0,6.49,6.77,6.44,6.41
002031,巨轮智能,8.41,-1.8669778296382746,-0.16000000000000014,2019369355.56,236335284,0,8.64,8.82,8.33,8.57
002032,苏泊尔,44.52,0.2702702702702805,0.12000000000000455,156922068.76,3521367,0,44.42,44.79,44.37,44.4
002033,丽江股份,9.3,-0.5347593582887586,-0.049999999999998934,142668941.74,15208417,0,9.37,9.45,9.27,9.35
002034,旺能环境,16.25,0.24676125848241298,0.03999999999999915,68514374.22,4207097,0,16.21,16.42,16.16,16.21
002035,华帝股份,6.26,-0.6349206349206356,-0.040000000000000036,55417324.13,8803337,0,6.28,6.33,6.26,6.3
002036,联创电子,12.24,-4.895104895104888,-0.629999999999999,1224523391.06,99034367,0,12.87,12.87,12.2,12.87
002037,保利联合,9.79,0.2047082906857684,0.019999999999999574,135785943.0,13772400,0,9.76,10.02,9.71,9.77
002038,双鹭药业,7.87,0.25477707006370015,0.020000000000000462,292789053.0,36790191,0,7.86,8.05,7.83,7.85
002039,黔源电力,18.4,1.6013252346769695,0.28999999999999915,110797820.8,6054320,0,18.18,18.49,18.08,18.11
002040,南京港,10.31,1.5763546798029568,0.16000000000000014,262205051.88,25421211,0,10.17,10.5,10.12,10.15
002041,登海种业,9.73,-1.1178861788617829,-0.10999999999999943,128645304.04,13115518,0,9.85,9.88,9.7,9.84
002042,华孚时尚,4.35,-2.2471910112359668,-0.10000000000000053,148569657.5,33846350,0,4.45,4.47,4.34,4.45
002043,兔宝宝,13.26,-1.7777777777777795,-0.2400000000000002,103672169.3,7769218,0,13.5,13.5,13.23,13.5
002044,美年健康,7.41,9.940652818991097,0.6699999999999999,300452180.73,40546853,0,7.41,7.41,7.41,6.74
002045,国光电器,15.28,-0.6501950585175644,-0.10000000000000142,852697780.09,55291184,0,15.39,16.38,14.9,15.38
002046,国机精工,50.63,-0.7838526357044847,-0.3999999999999986,3799466077.68,75054354,0,51.26,54.0,48.13,51.03
002047,*ST宝鹰,3.9,-0.2557544757033307,-0.010000000000000231,80456566.99,20425700,0,3.89,4.0,3.84,3.91
002048,宁波华翔,30.4,-0.8480104370515381,-0.26000000000000156,1000456548.97,32486194,0,30.6,31.48,30.11,30.66
002049,紫光国微,0.0,-100.0,-78.81,0.0,0,0,0.0,0.0,0.0,78.81
002050,三花智控,57.25,0.43859649122807015,0.25,16555059515.15,284619909,0,56.69,60.15,56.3,57.0
002051,中工国际,8.67,-1.5891032917139676,-0.14000000000000057,184550780.92,21192608,0,8.8,8.83,8.65,8.81
002052,同洲电子,12.89,-2.7169811320754675,-0.35999999999999943,431338023.5,33067490,0,13.23,13.46,12.87,13.25
002053,云南能投,11.97,0.2512562814070447,0.030000000000001137,120340689.56,10067216,0,11.93,12.06,11.85,11.94
002054,德美化工,8.02,-3.489771359807472,-0.2900000000000009,381913308.77,46580623,0,8.27,8.41,8.0,8.31
002055,ST得润,5.69,0.35273368606702754,0.020000000000000462,295797212.51,51699279,0,5.7,5.78,5.67,5.67
002056,横店东磁,20.11,-0.5931784478497331,-0.120000000000001,661601250.34,32888002,0,20.23,20.44,19.91,20.23
002057,中钢天源,10.5,-1.960784313725498,-0.21000000000000085,214465458.86,20206013,0,10.72,10.74,10.47,10.71
002058,*ST威尔,23.12,-2.1996615905245327,-0.5199999999999996,60921484.0,2623300,0,23.75,23.8,22.8,23.64
002059,云南旅游,5.44,-1.449275362318826,-0.07999999999999918,163394371.0,29693000,0,5.5,5.56,5.43,5.52
002060,广东建工,3.71,0.542005420054201,0.020000000000000018,103546065.48,27916218,0,3.7,3.74,3.67,3.69
002061,浙江交科,4.07,0.0,0.0,126021716.08,30977626,0,4.06,4.1,4.04,4.07
002062,宏润建设,9.07,-2.682403433476395,-0.25,319564045.76,35030751,0,9.39,9.42,9.01,9.32
002063,远光软件,6.55,-1.946107784431136,-0.1299999999999999,519542422.0,78869405,0,6.66,6.67,6.52,6.68
002064,华峰化学,11.71,-0.6785411365563894,-0.0799999999999983,309625866.3,26468920,0,11.69,11.87,11.48,11.79
002065,东华软件,10.17,-1.8339768339768292,-0.1899999999999995,1556620951.74,151607538,0,10.46,10.5,10.07,10.36
002066,瑞泰科技,19.59,-5.772005772005769,-1.1999999999999993,205690600.69,10298712,0,20.65,21.09,19.55,20.79
002067,景兴纸业,5.6,-3.2815198618307493,-0.1900000000000004,527717858.02,92206556,0,5.8,5.93,5.58,5.79
002068,黑猫股份,9.12,-0.761697497279655,-0.07000000000000028,157344065.68,17178570,0,9.23,9.29,9.09,9.19
002069,獐子岛,3.79,-1.3020833333333286,-0.04999999999999982,65636583.0,17219300,0,3.84,3.85,3.78,3.84
002072,凯瑞德,7.35,-2.7777777777777777,-0.20999999999999996,69404343.63,9346993,0,7.57,7.57,7.32,7.56
002073,软控股份,8.37,-2.105263157894754,-0.1800000000000015,307294754.99,36440201,0,8.56,8.58,8.35,8.55
002074,国轩高科,39.51,-1.4221556886227553,-0.5700000000000003,2259776176.63,56709043,0,40.0,40.69,39.41,40.08
002075,沙钢股份,5.94,2.413793103448286,0.14000000000000057,801361270.9,134978116,0,5.8,6.13,5.75,5.8
002076,*ST星光,2.14,-0.46511627906975755,-0.009999999999999787,48465859.0,22428700,0,2.17,2.19,2.13,2.15
002077,大港股份,15.41,-3.203517587939697,-0.5099999999999998,427311975.63,27328118,0,15.94,15.99,15.35,15.92
002078,太阳纸业,15.49,-1.0855683269476368,-0.16999999999999993,334960238.85,21494838,0,15.6,15.72,15.46,15.66
002079,苏州固锝,9.83,-1.9940179461615086,-0.1999999999999993,228102760.54,23062826,0,10.0,10.01,9.8,10.03
002080,中材科技,35.59,-3.2880434782608527,-1.2099999999999937,1698404335.44,46920512,0,36.51,37.13,35.59,36.8
002081,金螳螂,3.87,4.594594594594593,0.16999999999999993,480976936.85,124738867,0,3.76,3.96,3.74,3.7
002082,万邦德,17.36,4.83091787439614,0.8000000000000007,597291860.9,35522855,0,16.78,17.6,16.05,16.56
002083,孚日股份,12.76,-4.491017964071854,-0.5999999999999996,1544266968.45,118240950,0,13.13,13.5,12.68,13.36
002084,海鸥住工,3.96,-2.2222222222222188,-0.08999999999999986,106846400.55,26676616,0,4.04,4.09,3.94,4.05
002085,万丰奥威,16.29,-4.120070629782221,-0.6999999999999993,1154681239.14,69944713,0,17.0,17.0,16.25,16.99
002086,东方海洋,2.43,0.0,0.0,170237232.0,69675450,0,2.44,2.49,2.4,2.43
002088,鲁阳节能,11.73,-6.08486789431545,-0.7599999999999998,250669318.19,20894075,0,12.7,12.86,11.66,12.49
002090,金智科技,12.94,1.4901960784313686,0.1899999999999995,481425622.7,36810120,0,12.69,13.41,12.69,12.75
002091,江苏国泰,9.0,-0.5524861878453117,-0.05000000000000071,353507179.94,38970751,0,9.04,9.18,8.98,9.05
002092,中泰化学,5.46,0.7380073800738014,0.040000000000000036,524521978.44,96102302,0,5.39,5.55,5.34,5.42
002093,国脉科技,12.36,-2.6771653543307075,-0.33999999999999986,589326599.04,47190457,0,12.83,12.83,12.32,12.7
002094,青岛金王,7.8,-1.6393442622950807,-0.1299999999999999,463648702.35,58637990,0,8.04,8.07,7.75,7.93
002095,生意宝,19.67,0.10178117048347647,0.020000000000003126,259218529.56,13032212,0,19.75,20.28,19.38,19.65
002096,易普力,13.37,-0.5947955390334578,-0.08000000000000007,111084023.16,8277857,0,13.48,13.51,13.32,13.45
002097,山河智能,12.42,-4.092664092664088,-0.5299999999999994,804595668.3,63866818,0,13.01,13.05,12.38,12.95
002098,浔兴股份,11.04,0.09066183136899172,0.009999999999999787,608872161.68,53877991,0,11.67,12.07,10.73,11.03
002099,海翔药业,7.12,-3.783783783783787,-0.28000000000000025,354867618.27,48724033,0,7.56,7.71,7.07,7.4
002100,天康生物,7.12,-1.657458563535913,-0.1200000000000001,300969482.55,41919204,0,7.21,7.28,7.1,7.24
002101,广东鸿图,12.48,-0.9523809523809462,-0.11999999999999922,110330412.51,8818071,0,12.61,12.65,12.44,12.6
002102,能特科技,3.44,-1.7142857142857157,-0.06000000000000005,159179980.87,45824721,0,3.51,3.53,3.44,3.5
002103,广博股份,10.13,-2.8763183125599134,-0.29999999999999893,693704395.06,67664422,0,10.41,10.57,10.08,10.43
002104,恒宝股份,19.05,-6.1113849186791445,-1.2399999999999984,1483033760.04,75962757,0,20.29,20.33,19.0,20.29
002105,信隆健康,7.52,-0.7915567282321965,-0.0600000000000005,130075913.0,17110000,0,7.59,7.71,7.42,7.58
002106,莱宝高科,11.16,-1.933216168717053,-0.22000000000000064,162246291.86,14422802,0,11.38,11.38,11.14,11.38
002107,沃华医药,7.18,-2.578018995929449,-0.1900000000000004,152936432.25,20901986,0,7.38,7.44,7.17,7.37
002108,沧州明珠,5.06,-1.3645224171540018,-0.07000000000000028,403097897.63,78842790,0,5.12,5.2,5.05,5.13
002109,兴化股份,3.89,1.3020833333333404,0.050000000000000266,99719950.6,25436350,0,3.87,3.99,3.84,3.84
002110,三钢闽光,4.33,-2.4774774774774846,-0.11000000000000032,158954367.23,36366367,0,4.43,4.45,4.32,4.44
002111,威海广泰,10.62,-3.1021897810219126,-0.34000000000000163,154082799.5,14397985,0,10.92,10.94,10.6,10.96
002112,三变科技,17.48,10.006293266205159,1.5899999999999999,1108406910.88,66766694,0,15.89,17.48,15.5,15.89
002114,罗平锌电,9.1,0.0,0.0,246496151.39,26790841,0,9.15,9.38,9.01,9.1
002115,三维通信,17.81,10.006176652254462,1.6199999999999974,195196834.17,10959957,0,17.81,17.81,17.81,16.19
002116,中国海诚,10.45,-1.041666666666678,-0.11000000000000121,72518606.44,6899276,0,10.58,10.59,10.43,10.56
002117,东港股份,12.17,-3.946329913180742,-0.5,338366254.37,27327981,0,12.76,12.76,12.14,12.67
002119,康强电子,18.04,-4.04255319148937,-0.7600000000000016,624154587.12,33905203,0,18.74,18.88,18.01,18.8
002120,韵达股份,6.9,-0.8620689655172358,-0.05999999999999961,251153244.3,36221254,0,6.96,6.99,6.88,6.96
002121,科陆电子,8.11,-0.9768009768009777,-0.08000000000000007,578373959.14,71034389,0,8.19,8.35,7.98,8.19
002122,ST汇洲,3.05,-2.5559105431309925,-0.08000000000000007,133813911.74,43421612,0,3.11,3.12,3.05,3.13
002123,梦网科技,13.49,-5.598320503848838,-0.7999999999999989,1184590860.52,85232898,0,14.45,14.66,13.44,14.29
002124,天邦食品,2.75,0.0,0.0,120996462.97,43986501,0,2.75,2.77,2.73,2.75
002125,湘潭电化,14.7,0.34129692832763775,0.049999999999998934,724407336.58,48241043,0,14.77,15.44,14.66,14.65
002126,银轮股份,39.28,0.7437804565273124,0.28999999999999915,1237060163.46,30838101,0,39.05,40.96,39.0,38.99
002127,南极电商,3.52,0.0,0.0,304945799.0,86077700,0,3.49,3.58,3.49,3.52
002128,电投能源,29.7,1.5037593984962327,0.4399999999999977,744470234.72,25111376,0,29.26,30.26,29.02,29.26
002129,TCL中环,8.82,-3.3953997809419545,-0.3100000000000005,1196135348.82,134410611,0,9.1,9.13,8.79,9.13
002130,沃尔核材,26.96,-4.600141542816704,-1.3000000000000007,2206135475.93,80507996,0,28.25,28.25,26.88,28.26
002131,利欧股份,9.03,9.987819732034085,0.8199999999999985,473073419.49,52389083,0,9.03,9.03,9.03,8.21
002132,恒星科技,3.62,-1.0928961748633887,-0.040000000000000036,148007426.15,40770155,0,3.68,3.68,3.58,3.66
002133,广宇集团,3.49,0.2873563218390871,0.010000000000000231,86254306.49,24572001,0,3.49,3.56,3.45,3.48
002134,天津普林,25.56,-1.3127413127413123,-0.33999999999999986,354183947.44,13558125,0,25.89,26.88,25.5,25.9
002135,东南网架,5.63,9.960937499999996,0.5099999999999998,359595368.16,66409136,0,5.15,5.63,5.09,5.12
002136,安纳达,12.69,-2.1588280647648506,-0.28000000000000114,188333227.88,14629801,0,12.98,13.15,12.67,12.97
002137,实益达,9.0,-0.8810572687224677,-0.08000000000000007,196324064.54,21547358,0,9.09,9.25,8.95,9.08
002138,顺络电子,37.19,-2.4396642182581316,-0.9299999999999997,776153502.08,20643800,0,37.85,38.32,37.04,38.12
002139,拓邦股份,14.02,-2.7064538514920233,-0.39000000000000057,498601981.91,35175687,0,14.48,14.49,13.96,14.41
002140,东华科技,11.64,-1.1045029736618437,-0.129999999999999,100489624.46,8594660,0,11.78,11.8,11.62,11.77
002141,贤丰控股,3.76,1.0752688172042901,0.03999999999999959,101686681.1,27196823,0,3.72,3.78,3.68,3.72
002142,宁波银行,29.17,3.918774492340582,1.1000000000000014,1841753892.38,63413615,0,28.06,29.62,27.93,28.07
002144,宏达高科,12.94,-0.38491147036182227,-0.05000000000000071,75104302.63,5765000,0,12.99,13.12,12.9,12.99
002145,钛能化学,4.99,-0.9920634920634885,-0.04999999999999982,466931869.98,92717177,0,5.05,5.1,4.97,5.04
002146,荣盛发展,1.7,-6.593406593406599,-0.1200000000000001,659731870.84,378775783,0,1.81,1.82,1.69,1.82
002148,北纬科技,9.17,-2.8601694915254194,-0.2699999999999996,255451641.41,27462174,0,9.53,9.57,9.14,9.44
002149,西部材料,46.45,-9.998062391009487,-5.159999999999997,3201049992.93,67818165,0,49.39,49.44,46.45,51.61
002150,通润装备,20.24,1.3520280420630926,0.2699999999999996,541553133.15,26735848,0,19.91,21.14,19.46,19.97
002151,北斗星通,60.21,-10.000000000000005,-6.690000000000005,3102523567.68,50725317,0,64.0,65.5,60.21,66.9
002152,广电运通,13.63,-2.7817403708987074,-0.3899999999999988,643683520.12,46706239,0,14.02,14.07,13.58,14.02
002153,石基信息,13.42,3.8699690402476783,0.5,1608906411.84,119684781,0,13.2,13.99,12.78,12.92
002154,报喜鸟,3.93,-1.0075566750629732,-0.040000000000000036,103004281.04,26068299,0,3.96,3.98,3.92,3.97
002155,湖南黄金,0.0,-100.0,-22.97,0.0,0,0,0.0,0.0,0.0,22.97
002156,通富微电,40.33,-4.566966398485564,-1.9299999999999997,3244707041.38,79076329,0,42.2,42.2,40.12,42.26
002157,正邦科技,3.19,-2.743902439024386,-0.08999999999999986,715285984.86,221580429,0,3.28,3.28,3.18,3.28
002158,汉钟精机,26.39,-0.3775009437523514,-0.09999999999999787,355522474.2,13451200,0,26.56,26.88,26.15,26.49
002159,三特索道,15.33,-0.45454545454545636,-0.07000000000000028,69090222.0,4472200,0,15.43,15.58,15.31,15.4
002160,常铝股份,5.78,-1.027397260273966,-0.05999999999999961,593131414.03,100811657,0,5.79,6.05,5.71,5.84
002161,远望谷,7.91,-2.586206896551713,-0.20999999999999908,411346052.07,51507537,0,8.14,8.19,7.88,8.12
002162,悦心健康,5.57,2.957486136783736,0.16000000000000014,625609754.88,112414115,0,5.41,5.78,5.32,5.41
002163,海南发展,18.61,-6.996501749125447,-1.4000000000000021,2549047432.47,132458612,0,20.18,20.28,18.56,20.01
002164,宁波东力,14.27,-4.803202134756508,-0.7200000000000006,476218725.29,32739629,0,14.98,14.99,14.23,14.99
002165,红宝丽,7.84,-2.6086956521739233,-0.21000000000000085,266729460.39,33612312,0,8.05,8.07,7.82,8.05
002166,莱茵生物,9.13,4.701834862385322,0.41000000000000014,377299727.33,41608257,0,8.71,9.42,8.66,8.72
002167,东方锆业,13.08,-2.9673590504451064,-0.40000000000000036,664513749.67,50366088,0,13.3,13.47,13.05,13.48
002168,*ST惠程,4.09,0.4914004914004809,0.019999999999999574,30552110.87,7527429,0,4.08,4.11,4.02,4.07
002169,智光电气,11.34,-1.6478751084128318,-0.1899999999999995,623236773.45,54391544,0,11.52,11.68,11.22,11.53
002170,芭田股份,12.17,-0.8149959250203721,-0.09999999999999964,462435098.88,37690376,0,12.21,12.42,12.12,12.27
002171,楚江新材,14.24,-8.95140664961637,-1.4000000000000004,3405895239.87,232189217,0,15.9,15.9,14.13,15.64
002172,澳洋健康,4.6,10.047846889952151,0.41999999999999993,243633301.19,54739702,0,4.2,4.6,4.18,4.18
002173,创新医疗,35.07,-5.1905920519059245,-1.9200000000000017,5256221001.09,147775823,0,36.99,38.31,33.91,36.99
002174,游族网络,13.5,-0.9537784299339748,-0.13000000000000078,938832769.82,68474091,0,13.71,13.99,13.4,13.63
002175,东方智造,4.51,-3.6324786324786316,-0.16999999999999993,311882776.73,68108347,0,4.67,4.7,4.5,4.68
002176,江特电机,10.43,0.3849855630413777,0.03999999999999915,1464600272.66,139096091,0,10.39,10.86,10.27,10.39
002177,御银股份,9.25,-6.754032258064516,-0.6699999999999999,1951622951.74,206957135,0,9.84,9.89,9.13,9.92
002178,延华智能,6.89,-1.4306151645207517,-0.10000000000000053,317236426.0,45726100,0,7.08,7.1,6.79,6.99
002179,中航光电,38.1,-6.1113849186791445,-2.479999999999997,4748919396.81,121371014,0,41.94,41.94,37.98,40.58
002180,纳思达,20.87,-4.35380384967919,-0.9499999999999993,789245873.61,37136169,0,21.68,21.8,20.85,21.82
002181,粤传媒,10.6,-4.418394950405773,-0.4900000000000002,1800034137.69,165090222,0,11.34,11.68,10.32,11.09
002182,宝武镁业,16.84,-2.32018561484918,-0.3999999999999986,666515493.04,39009654,0,17.21,17.5,16.75,17.24
002183,怡亚通,5.19,-2.075471698113197,-0.10999999999999943,495590835.12,94375972,0,5.32,5.33,5.18,5.3
002184,海得控制,13.59,-2.9285714285714297,-0.41000000000000014,195089112.62,14182671,0,14.05,14.07,13.57,14.0
002185,华天科技,11.69,-3.7067545304777685,-0.45000000000000107,1654352763.75,139652865,0,12.23,12.23,11.63,12.14
002186,全聚德,11.92,-1.1608623548922103,-0.14000000000000057,111102089.93,9243499,0,12.04,12.15,11.89,12.06
002187,广百股份,8.89,-0.224466891133553,-0.019999999999999574,968350902.7,108309842,0,8.92,9.31,8.6,8.91
002188,中天服务,6.57,0.612557427258806,0.040000000000000036,215287427.58,32404413,0,6.55,6.84,6.46,6.53
002189,中光学,24.66,-2.721893491124265,-0.6900000000000013,246535569.65,9905091,0,25.47,25.48,24.6,25.35
002190,成飞集成,38.76,-5.785123966942155,-2.3800000000000026,804843518.66,20457408,0,40.73,40.73,38.75,41.14
002191,劲嘉股份,4.63,-1.0683760683760646,-0.04999999999999982,345349048.07,74223931,0,4.66,4.76,4.56,4.68
002192,融捷股份,58.35,1.5489035851026811,0.8900000000000006,1631309824.98,27629082,0,58.04,61.48,57.14,57.46
002193,如意集团,5.45,0.739371534195934,0.040000000000000036,68001943.39,12426519,0,5.43,5.56,5.35,5.41
002194,武汉凡谷,13.74,-5.2413793103448265,-0.7599999999999998,808843382.76,58178617,0,14.65,14.66,13.7,14.5
002195,岩山科技,11.99,5.267778753292358,0.5999999999999996,22489356841.99,1868730751,0,12.5,12.5,11.0,11.39
002196,方正电机,15.04,-3.4039820166987864,-0.5300000000000011,1315513194.82,85280132,0,15.53,15.99,14.96,15.57
002197,证通电子,10.5,-2.4163568773234183,-0.2599999999999998,327483983.5,30533765,0,10.81,11.0,10.47,10.76
002198,嘉应制药,7.32,0.6877579092159658,0.05000000000000071,157295985.3,21348400,0,7.25,7.45,7.18,7.27
002199,*ST东晶,10.13,3.2619775739041823,0.3200000000000003,44635411.18,4452801,0,9.95,10.25,9.72,9.81
002200,*ST交投,7.46,-0.26737967914439115,-0.020000000000000462,17783345.0,2383000,0,7.5,7.53,7.39,7.48
002201,九鼎新材,11.42,-5.853256389117896,-0.7100000000000009,1110086912.08,94717134,0,12.15,12.23,11.4,12.13
002202,金风科技,33.05,-5.920865357244535,-2.0800000000000054,28934245355.29,862126002,0,36.0,37.03,31.62,35.13
002203,海亮股份,15.1,4.7883414295628,0.6899999999999995,1634135099.42,106983146,0,14.6,15.85,14.56,14.41
002204,大连重工,7.71,-5.166051660516615,-0.4200000000000008,677285308.4,86982176,0,8.08,8.08,7.69,8.13
002205,国统股份,13.82,-0.5755395683453243,-0.08000000000000007,61336564.0,4444345,0,13.87,13.9,13.65,13.9
002206,海利得,6.69,7.2115384615384635,0.4500000000000002,522597750.81,78890752,0,6.24,6.85,6.21,6.24
002207,准油股份,9.02,10.000000000000005,0.8200000000000003,732024132.58,83585233,0,8.26,9.02,8.25,8.2
002208,合肥城建,12.96,-5.054945054945051,-0.6899999999999995,915423361.76,69231460,0,13.5,13.79,12.88,13.65
002209,达意隆,16.12,-0.3708281829418957,-0.05999999999999872,94012102.0,5763600,0,16.16,16.59,16.0,16.18
002210,飞马国际,3.41,-2.849002849002839,-0.09999999999999964,388261824.24,111951913,0,3.5,3.53,3.4,3.51
002211,ST宏达,3.29,-1.2012012012012023,-0.040000000000000036,21982344.0,6667400,0,3.33,3.35,3.27,3.33
002212,天融信,9.87,-2.949852507374638,-0.3000000000000007,1114075549.35,110489041,0,10.48,10.51,9.83,10.17
002213,大为股份,28.85,0.6629448709002138,0.19000000000000128,1666276249.0,57115200,0,28.7,30.5,27.87,28.66
002214,*ST大立,18.8,0.15982951518381,0.030000000000001137,70694306.28,3760820,0,18.68,19.0,18.38,18.77
002215,诺普信,11.07,-2.8947368421052637,-0.33000000000000007,267997463.51,23988573,0,11.38,11.45,11.03,11.4
002216,三全食品,11.61,-0.8539709649872026,-0.10000000000000142,104004827.53,8884368,0,11.75,11.89,11.59,11.71
002217,合力泰,3.17,-2.4615384615384635,-0.08000000000000007,790440462.0,245832700,0,3.25,3.34,3.16,3.25
002218,拓日新能,4.63,-4.338842975206611,-0.20999999999999996,588010086.16,126424779,0,4.87,4.88,4.54,4.84
002219,新里程,2.5,10.13215859030837,0.22999999999999998,511346020.5,204881635,0,2.49,2.5,2.43,2.27
002221,东华能源,8.34,0.36101083032490205,0.02999999999999936,147394240.91,17696851,0,8.32,8.47,8.23,8.31
002222,福晶科技,70.97,-1.5945646145313446,-1.1500000000000057,2532614750.33,35677801,0,71.36,74.21,68.49,72.12
002223,鱼跃医疗,42.04,-3.2451093210586963,-1.4100000000000037,1119178055.61,26179263,0,43.45,44.76,41.88,43.45
002224,三力士,4.49,-0.8830022075055195,-0.040000000000000036,93075877.0,20562600,0,4.53,4.58,4.48,4.53
002225,濮耐股份,5.92,-3.109656301145669,-0.1900000000000004,214769364.09,35662772,0,6.12,6.13,5.9,6.11
002226,江南化工,5.95,-1.1627906976744087,-0.0699999999999994,160984479.28,26927470,0,6.02,6.04,5.94,6.02
002227,奥特迅,12.69,1.115537848605568,0.1399999999999988,130533313.65,10301543,0,12.55,12.91,12.4,12.55
002228,合兴包装,4.71,-5.988023952095805,-0.2999999999999998,738739801.28,151924488,0,5.02,5.09,4.7,5.01
002229,鸿博股份,16.57,-3.942028985507245,-0.6799999999999997,827733118.13,49119909,0,17.41,17.41,16.51,17.25
002230,科大讯飞,61.19,2.6677852348993225,1.5899999999999963,13338000084.24,215059690,0,61.02,65.0,60.8,59.6
002231,*ST奥维,1.09,-5.217391304347812,-0.05999999999999983,17558474.6,16081546,0,1.09,1.12,1.09,1.15
002232,启明信息,20.06,-4.339532665712924,-0.9100000000000001,381159652.74,18698693,0,20.89,20.96,20.02,20.97
002233,塔牌集团,9.01,-0.1108647450110841,-0.009999999999999787,109473705.35,12138976,0,9.03,9.07,8.98,9.02
002234,民和股份,8.94,-0.8869179600886926,-0.08000000000000007,60354894.1,6677010,0,9.0,9.14,8.93,9.02
002235,安妮股份,10.48,-5.924596050269301,-0.6600000000000001,770870560.08,71815351,0,11.15,11.22,10.45,11.14
002236,大华股份,20.05,-2.717127607957296,-0.5599999999999987,1984203241.76,97455677,0,20.88,20.96,19.99,20.61
002237,恒邦股份,14.52,0.6934812760055453,0.09999999999999964,792564973.69,54063938,0,14.45,14.91,14.39,14.42
002238,天威视讯,8.85,-1.2276785714285847,-0.11000000000000121,154818905.74,17366000,0,8.94,9.05,8.77,8.96
002239,奥特佳,3.04,-1.6181229773462726,-0.04999999999999982,266511339.0,87111400,0,3.09,3.1,3.03,3.09
002240,盛新锂能,37.49,1.0512129380053923,0.39000000000000057,3478934195.1,90639351,0,37.63,40.0,36.9,37.1
002241,歌尔股份,29.19,-4.482984293193709,-1.3699999999999974,4766938759.86,160705672,0,30.77,30.77,29.13,30.56
002242,九阳股份,10.78,-0.092678405931416,-0.009999999999999787,161061451.94,14898684,0,10.78,10.96,10.61,10.79
002243,力合科创,11.87,1.8884120171673722,0.21999999999999886,798608956.74,66767598,0,11.8,12.25,11.5,11.65
002244,滨江集团,10.12,-1.2682926829268368,-0.13000000000000078,251347415.16,24550116,0,10.21,10.36,10.08,10.25
002245,蔚蓝锂芯,18.05,-2.3796646836127517,-0.4399999999999977,987796690.41,54449872,0,18.5,18.57,17.92,18.49
002246,北化股份,19.42,-3.479125248508943,-0.6999999999999993,473489929.2,24100900,0,20.14,20.17,19.39,20.12
002247,聚力文化,2.86,-0.34843205574913694,-0.010000000000000231,73132596.0,25417400,0,2.87,2.91,2.82,2.87
002248,华东数控,13.15,2.494154325798911,0.3200000000000003,715734435.4,54797857,0,12.86,13.39,12.64,12.83
002249,大洋电机,10.84,-3.214285714285709,-0.35999999999999943,1334222748.91,121432858,0,11.25,11.27,10.8,11.2
002250,联化科技,17.08,-3.448275862068982,-0.610000000000003,1333638776.34,76777556,0,17.56,17.96,16.95,17.69
002251,步步高,5.52,-3.157894736842116,-0.1800000000000006,1362645877.13,240162701,0,5.68,5.85,5.49,5.7
002252,上海莱士,6.51,-0.1533742331288311,-0.009999999999999787,295385625.02,45229671,0,6.54,6.57,6.49,6.52
002253,*ST智胜,10.9,0.18382352941176078,0.019999999999999574,51957574.98,4745300,0,10.88,11.13,10.81,10.88
002254,泰和新材,11.98,-4.159999999999997,-0.5199999999999996,699578076.01,57757001,0,12.5,12.59,11.94,12.5
002255,海陆重工,13.7,-8.78828229027963,-1.3200000000000003,1875367613.45,133984097,0,14.8,14.8,13.54,15.02
002256,兆新股份,3.7,-3.645833333333325,-0.13999999999999968,445666903.34,120037462,0,3.73,3.8,3.65,3.84
002258,利尔化学,14.12,-1.9444444444444524,-0.28000000000000114,290016127.97,20405873,0,14.24,14.34,14.04,14.4
002259,升达林业,3.86,-0.25839793281654344,-0.010000000000000231,70483756.94,18164863,0,3.86,3.94,3.85,3.87
002261,拓维信息,34.72,-5.8568329718004435,-2.1600000000000037,4858382947.34,136600311,0,36.89,36.99,34.42,36.88
002262,恩华药业,24.78,1.2254901960784343,0.3000000000000007,407499306.21,16346083,0,24.51,25.13,24.5,24.48
002263,大东南,3.43,-2.2792022792022686,-0.07999999999999963,189309690.88,54628726,0,3.51,3.52,3.43,3.51
002264,新华都,10.08,-1.4662756598240503,-0.15000000000000036,1737358896.59,164257442,0,10.73,11.25,9.99,10.23
002265,建设工业,27.12,-4.169611307420493,-1.1799999999999997,454171314.59,16554217,0,28.25,28.29,27.05,28.3
002266,浙富控股,4.5,-1.5317286652078836,-0.07000000000000028,613827534.82,136115794,0,4.57,4.58,4.46,4.57
002267,陕天然气,7.65,0.13089005235602977,0.010000000000000675,76886331.0,10042400,0,7.63,7.7,7.62,7.64
002268,电科网安,22.28,-6.22895622895623,-1.4800000000000004,1489871312.19,66156228,0,23.58,23.59,22.01,23.76
002269,美邦服饰,2.01,1.5151515151515054,0.029999999999999805,434832454.8,215032352,0,1.98,2.07,1.96,1.98
002270,华明装备,28.25,3.215199123127508,0.879999999999999,587540396.98,21102919,0,27.23,29.48,26.6,27.37
002271,东方雨虹,14.27,-2.527322404371591,-0.370000000000001,444504186.61,30835692,0,14.56,14.59,14.23,14.64
002272,川润股份,16.16,-5.49707602339182,-0.9400000000000013,948133981.58,57469389,0,17.13,17.19,16.06,17.1
002273,水晶光电,25.22,-3.630110813909067,-0.9500000000000028,1321248632.07,51846020,0,26.15,26.15,25.15,26.17
002274,华昌化工,5.72,-0.6944444444444451,-0.040000000000000036,107693991.49,18683263,0,5.76,5.83,5.72,5.76
002275,桂林三金,14.53,0.34530386740330754,0.049999999999998934,50131692.0,3437500,0,14.51,14.67,14.5,14.48
002276,万马股份,17.01,-1.2195121951219356,-0.2099999999999973,1203516039.76,70632218,0,17.22,17.38,16.72,17.22
002277,友阿股份,7.9,-4.474002418379676,-0.3699999999999992,607231666.34,75437162,0,8.18,8.36,7.86,8.27
002278,神开股份,15.32,6.09418282548477,0.8800000000000008,1893373681.82,126460191,0,14.73,15.88,14.05,14.44
002279,久其软件,9.38,-3.696098562628331,-0.35999999999999943,1621239289.72,168299254,0,9.95,10.0,9.33,9.74
002281,光迅科技,70.08,-6.956983536909181,-5.239999999999995,3416862516.01,47597968,0,75.08,75.08,69.77,75.32
002282,博深股份,7.51,-0.7926023778071399,-0.0600000000000005,58227917.55,7716015,0,7.57,7.6,7.46,7.57
002283,天润工业,6.27,-0.947867298578207,-0.0600000000000005,124780989.75,19771360,0,6.34,6.39,6.24,6.33
002284,亚太股份,16.41,5.666452028332265,0.8800000000000008,1344611539.22,81781903,0,17.08,17.08,15.9,15.53
002285,世联行,2.99,-1.3201320132013068,-0.03999999999999959,371245127.06,120492073,0,3.04,3.15,2.98,3.03
002286,保龄宝,9.59,-0.8273009307135478,-0.08000000000000007,175663943.0,18004400,0,9.68,9.95,9.58,9.67
002287,奇正藏药,24.78,0.6498781478472793,0.16000000000000014,142382181.48,5710461,0,24.65,25.19,24.63,24.62
002289,*ST宇顺,28.15,-3.892113349265963,-1.1400000000000006,83445417.5,2948500,0,29.2,29.2,27.9,29.29
002290,禾盛新材,53.65,0.7133470996808624,0.37999999999999545,258596537.0,4838500,0,53.96,54.6,52.58,53.27
002291,遥望科技,7.44,-2.105263157894727,-0.15999999999999925,1102215371.86,145408982,0,7.69,7.8,7.36,7.6
002292,奥飞娱乐,10.3,-5.069124423963125,-0.5499999999999989,1130507925.18,108276059,0,10.66,10.67,10.2,10.85
002293,罗莱生活,9.54,0.4210526315789384,0.03999999999999915,80200114.55,8318335,0,9.53,9.75,9.51,9.5
002294,信立泰,54.8,2.143522833178003,1.1499999999999986,450120592.58,8170393,0,54.0,56.17,53.91,53.65
002295,精艺股份,12.42,-1.5067406819984102,-0.1899999999999995,126754824.49,10111572,0,12.55,12.71,12.29,12.61
002296,辉煌科技,12.5,-4.652936689549958,-0.6099999999999994,755407584.48,59285130,0,13.25,13.3,12.48,13.11
002297,博云新材,11.93,-8.230769230769234,-1.0700000000000003,1009307478.6,83442109,0,12.77,12.77,11.88,13.0
002298,中电鑫龙,12.17,4.553264604810991,0.5299999999999994,1926679686.94,162240996,0,11.82,12.78,11.18,11.64
002299,圣农发展,16.32,-2.216896345116842,-0.370000000000001,227917097.76,13826462,0,16.62,16.71,16.3,16.69
002300,太阳电缆,9.39,-6.380857427716838,-0.6399999999999988,956210613.84,100373300,0,10.02,10.02,9.26,10.03
002301,齐心集团,8.16,-0.24449877750610727,-0.019999999999999574,325609196.25,39514184,0,8.2,8.41,8.0,8.18
002302,西部建设,6.26,-0.6349206349206356,-0.040000000000000036,75196802.9,11974100,0,6.28,6.32,6.24,6.3
002303,美盈森,4.12,-0.4830917874396033,-0.019999999999999574,127806990.12,30844908,0,4.14,4.19,4.1,4.14
002304,洋河股份,63.46,0.41139240506328795,0.259999999999998,372686469.12,5882540,0,63.22,63.63,62.72,63.2
002305,*ST南置,2.22,-1.3333333333333246,-0.029999999999999805,80613950.4,36139980,0,2.25,2.26,2.21,2.25
002306,*ST云网,2.01,-0.9852216748768483,-0.020000000000000018,40119055.0,19722600,0,2.03,2.07,2.01,2.03
002307,北新路桥,4.94,-1.7892644135188838,-0.08999999999999986,231661720.68,46502856,0,5.02,5.05,4.93,5.03
002309,中利集团,2.94,-1.342281879194632,-0.040000000000000036,239179609.31,81198297,0,2.99,3.01,2.91,2.98
002310,东方园林,2.24,-1.7543859649122628,-0.03999999999999959,111167804.3,49232265,0,2.26,2.28,2.24,2.28
002311,海大集团,52.72,-0.4907512268780635,-0.259999999999998,345392009.36,6504358,0,52.99,53.56,52.61,52.98
002312,川发龙蟒,11.39,-0.6974716652136013,-0.08000000000000007,606104936.64,52762897,0,11.44,11.63,11.36,11.47
002313,日海智能,10.66,-3.616636528028936,-0.40000000000000036,121629014.43,11274202,0,11.04,11.04,10.61,11.06
002314,南山控股,2.9,-1.360544217687076,-0.040000000000000036,124636199.0,42642800,0,2.94,2.96,2.9,2.94
002315,焦点科技,58.06,-0.41166380789021423,-0.23999999999999488,1646563725.18,28268595,0,58.74,60.77,56.35,58.3
002316,亚联发展,5.65,-10.03184713375796,-0.6299999999999999,215100726.0,36865500,0,6.0,6.15,5.65,6.28
002317,众生药业,21.47,-1.7391304347826202,-0.38000000000000256,1580910487.62,72278564,0,21.76,22.22,21.34,21.85
002318,久立特材,30.02,0.3007016371533574,0.08999999999999986,508582351.21,17026268,0,29.94,30.59,29.26,29.93
002319,乐通股份,12.11,-2.338709677419362,-0.2900000000000009,76201375.0,6214800,0,12.57,12.65,12.1,12.4
002320,海峡股份,10.93,-3.18866253321523,-0.35999999999999943,631484621.18,56672978,0,11.27,11.43,10.9,11.29
002321,华英农业,2.4,-0.8264462809917362,-0.020000000000000018,122004347.44,50291176,0,2.42,2.46,2.39,2.42
002322,理工能科,12.83,-0.7733952049497266,-0.09999999999999964,113045667.0,8769300,0,12.9,13.0,12.73,12.93
002323,雅博股份,1.7,-1.7341040462427761,-0.030000000000000027,114976200.94,66881688,0,1.73,1.74,1.7,1.73
002324,普利特,21.51,-9.999999999999988,-2.389999999999997,1372934135.93,62836256,0,23.0,23.0,21.51,23.9
002326,永太科技,25.54,-1.7692307692307725,-0.46000000000000085,2132227776.39,82277514,0,25.88,26.63,25.33,26.0
002327,富安娜,6.74,-0.4431314623338163,-0.02999999999999936,38285805.18,5655214,0,6.77,6.8,6.73,6.77
002328,新朋股份,7.05,-2.083333333333338,-0.15000000000000036,314678164.66,44128044,0,7.23,7.36,6.98,7.2
002329,皇氏集团,3.94,-2.4752475247524774,-0.10000000000000009,236575632.84,59126837,0,4.02,4.07,3.92,4.04
002330,得利斯,4.93,-1.2024048096192483,-0.0600000000000005,93326714.96,18780512,0,4.99,5.01,4.93,4.99
002331,皖通科技,9.43,-0.5274261603375602,-0.05000000000000071,178705850.18,18771120,0,9.51,9.7,9.33,9.48
002332,仙琚制药,9.35,0.645855758880522,0.0600000000000005,238341552.22,25403618,0,9.29,9.5,9.25,9.29
002333,罗普斯金,5.87,-2.3294509151414258,-0.13999999999999968,99595817.48,16858358,0,5.96,5.97,5.83,6.01
002334,英威腾,9.13,-1.7222820236813603,-0.15999999999999837,269790371.56,29287464,0,9.33,9.38,9.12,9.29
002335,科华数据,61.62,-6.819900196582486,-4.509999999999998,2765387285.58,44076198,0,65.73,65.8,61.43,66.13
002336,人乐退,0.36,0.0,0.0,4577505.0,12554917,0,0.36,0.38,0.35,0.36
002337,赛象科技,6.57,-2.6666666666666625,-0.17999999999999972,112975584.78,17009419,0,6.75,6.75,6.56,6.75
002338,奥普光电,61.16,-9.92636229749633,-6.740000000000009,1138687944.15,18154309,0,66.52,66.77,61.11,67.9
002339,积成电子,9.61,-2.038735983690123,-0.20000000000000107,410636151.28,42526040,0,9.76,9.88,9.47,9.81
002340,格林美,8.7,-1.360544217687086,-0.120000000000001,2591381447.34,295944596,0,8.73,8.92,8.63,8.82
002342,巨力索具,13.22,9.437086092715237,1.1400000000000006,4678858261.87,364636114,0,12.57,13.29,12.08,12.08
002343,慈文传媒,7.9,-1.3732833957552988,-0.10999999999999943,308076171.47,38580586,0,8.02,8.14,7.8,8.01
002344,海宁皮城,5.0,0.40160642570280264,0.019999999999999574,177015443.99,35233800,0,4.96,5.09,4.94,4.98
002345,潮宏基,12.96,3.8461538461538494,0.4800000000000004,567180827.92,43392299,0,13.1,13.3,12.87,12.48
002346,柘中股份,20.87,-1.5566037735848977,-0.3299999999999983,160316918.96,7595700,0,21.22,21.57,20.8,21.2
002347,泰尔股份,12.45,-9.256559766763859,-1.2700000000000014,1962593737.02,149089339,0,13.71,14.54,12.35,13.72
002348,高乐股份,5.99,-1.9639934533551573,-0.1200000000000001,162613288.0,26863600,0,6.15,6.18,5.97,6.11
002349,精华制药,7.76,1.1734028683181206,0.08999999999999986,249865301.58,31904875,0,7.68,7.96,7.66,7.67
002350,北京科锐,8.83,0.6841505131128905,0.0600000000000005,314865312.72,35619605,0,8.76,9.08,8.58,8.77
002351,漫步者,12.84,-2.653525398028807,-0.34999999999999964,314927795.0,24264196,0,13.28,13.28,12.8,13.19
002352,顺丰控股,38.89,-0.3076134324532106,-0.11999999999999744,1121515891.54,28720548,0,39.05,39.37,38.75,39.01
002353,杰瑞股份,75.34,1.0461373390557955,0.7800000000000011,1066752529.16,14359478,0,73.75,77.0,72.81,74.56
002354,天娱数科,7.78,-3.712871287128711,-0.2999999999999998,2980802724.59,372272651,0,8.33,8.48,7.7,8.08
002355,兴民智通,6.68,-3.047895500725689,-0.20999999999999996,358189500.69,53133151,0,6.85,6.88,6.64,6.89
002356,赫美集团,4.12,-0.7228915662650661,-0.03000000000000025,355310862.9,85194086,0,4.17,4.26,4.07,4.15
002357,富临运业,11.06,0.0,0.0,151976435.06,13550938,0,11.09,11.45,10.93,11.06
002358,森源电气,5.86,0.34246575342466545,0.020000000000000462,423361251.67,72103703,0,5.85,6.05,5.74,5.84
002360,同德化工,4.96,-0.2012072434607603,-0.009999999999999787,59394018.0,11931500,0,4.98,5.03,4.92,4.97
002361,神剑股份,16.5,-1.7857142857142898,-0.3000000000000007,4441584801.4,276878867,0,16.47,17.45,15.12,16.8
002362,汉王科技,23.97,-0.6218905472636904,-0.15000000000000213,527898577.41,21639500,0,24.2,24.82,23.75,24.12
002363,隆基机械,10.06,-4.824976348155154,-0.5099999999999998,391310432.3,38456410,0,10.52,10.52,10.0,10.57
002364,中恒电气,33.18,0.6369426751592383,0.21000000000000085,2370059493.4,70908169,0,32.65,34.49,32.33,32.97
002365,永安药业,15.74,-0.12690355329948969,-0.019999999999999574,188819537.48,11876051,0,15.82,16.08,15.67,15.76
002366,融发核电,8.46,-8.34236186348862,-0.7699999999999996,2178223464.24,252801873,0,9.14,9.14,8.41,9.23
002367,康力电梯,7.9,-0.5037783375314866,-0.040000000000000036,97019060.46,12164073,0,7.95,8.06,7.89,7.94
002368,太极股份,26.11,-3.4393491124260342,-0.9299999999999997,530964898.26,20078996,0,27.26,27.26,26.01,27.04
002369,卓翼科技,8.94,-3.974221267454361,-0.370000000000001,342456269.85,37760337,0,9.31,9.32,8.93,9.31
002370,亚太药业,7.52,-1.1826544021025065,-0.09000000000000075,370203551.45,48322510,0,7.61,7.79,7.5,7.61
002371,北方华创,490.04,-2.3532928165786595,-11.810000000000002,4535960709.15,9092329,0,500.0,512.53,489.1,501.85
002372,伟星新材,10.43,-0.09578544061302478,-0.009999999999999787,156729673.71,14965025,0,10.43,10.62,10.36,10.44
002373,千方科技,13.0,-3.8461538461538427,-0.5199999999999996,1087253616.37,82785105,0,13.5,13.5,12.94,13.52
002374,中锐股份,3.77,-3.0848329048843217,-0.1200000000000001,213764040.23,55795681,0,3.89,3.9,3.77,3.89
002375,亚厦股份,4.15,-0.47961630695442625,-0.019999999999999574,114486969.24,27400366,0,4.18,4.21,4.13,4.17
002376,新北洋,7.81,-2.2528160200250387,-0.1800000000000006,178264601.0,22475900,0,8.03,8.03,7.78,7.99
002377,国创高新,2.91,-1.0204081632652995,-0.029999999999999805,58697671.5,19997890,0,2.95,2.96,2.9,2.94
002378,章源钨业,16.41,-1.441441441441432,-0.23999999999999844,1184943402.16,71766002,0,16.61,16.88,16.24,16.65
002379,宏创控股,28.48,0.38773352132534167,0.10999999999999943,694412321.31,24345839,0,28.57,29.38,27.85,28.37
002380,科远智慧,30.91,-0.9294871794871767,-0.28999999999999915,437249278.0,13964300,0,31.84,32.05,30.81,31.2
002381,双箭股份,6.75,-0.5891016200294555,-0.040000000000000036,40205298.79,5928027,0,6.83,6.84,6.72,6.79
002382,蓝帆医疗,5.94,-2.141680395387148,-0.1299999999999999,99951455.52,16662761,0,6.1,6.1,5.94,6.07
002383,合众思壮,13.65,-10.019775873434407,-1.5199999999999996,1042292674.84,75457566,0,14.68,14.78,13.65,15.17
002384,东山精密,76.42,-2.5752167261601175,-2.019999999999996,4234843398.78,54555891,0,78.43,80.21,75.96,78.44
002385,大北农,4.06,-0.9756097560975618,-0.040000000000000036,393636816.99,96321135,0,4.09,4.12,4.06,4.1
002386,天原股份,5.56,-1.067615658362998,-0.0600000000000005,199647440.76,35542606,0,5.59,5.69,5.55,5.62
002387,维信诺,8.84,-2.4282560706401837,-0.22000000000000064,201413827.85,22523901,0,9.06,9.1,8.83,9.06
002388,新亚制程,6.3,-4.8338368580060465,-0.3200000000000003,481271833.12,73306390,0,6.62,6.96,6.28,6.62
002389,航天彩虹,26.24,-9.982847341337909,-2.91,2617668629.46,98257057,0,28.3,28.4,26.24,29.15
002390,信邦制药,3.36,0.2985074626865608,0.009999999999999787,168384273.0,49823310,0,3.35,3.43,3.33,3.35
002391,长青股份,6.06,-0.16474464579902265,-0.010000000000000675,53570277.0,8816800,0,6.08,6.14,6.0,6.07
002392,北京利尔,8.48,-4.719101123595505,-0.41999999999999993,260222998.2,30133550,0,8.99,9.0,8.44,8.9
002393,力生制药,22.21,0.6799637352674621,0.15000000000000213,102901641.89,4614176,0,22.11,22.49,22.01,22.06
002394,联发股份,18.7,-6.359539308963444,-1.2699999999999996,688908991.46,35735210,0,20.17,20.2,18.43,19.97
002395,双象股份,17.27,-0.7471264367816035,-0.129999999999999,65042292.38,3738352,0,17.45,17.55,17.2,17.4
002396,星网锐捷,30.45,-3.943217665615142,-1.25,741282454.58,23927811,0,31.8,31.8,30.3,31.7
002397,梦洁股份,3.99,-0.24999999999999467,-0.009999999999999787,108571925.54,26964296,0,4.0,4.06,3.97,4.0
002398,垒知集团,5.93,-0.8361204013378044,-0.05000000000000071,231508988.14,38550674,0,6.07,6.13,5.89,5.98
002399,海普瑞,12.42,0.6482982171799033,0.08000000000000007,76177401.51,6084744,0,12.54,12.64,12.37,12.34
002400,省广集团,12.55,9.991235758106928,1.1400000000000006,4528407967.33,364299605,0,12.55,12.55,12.0,11.41
002401,中远海科,16.95,-2.5301897642323246,-0.4400000000000013,188314030.69,10973580,0,17.46,17.48,16.92,17.39
002402,和而泰,40.06,-6.138706654170566,-2.6199999999999974,3879451870.34,94940041,0,43.19,43.19,39.81,42.68
002403,爱仕达,12.93,-0.9954058192955649,-0.13000000000000078,89454514.4,6844710,0,13.12,13.27,12.86,13.06
002404,嘉欣丝绸,7.01,-0.9887005649717555,-0.07000000000000028,97895646.26,13806302,0,7.08,7.18,6.99,7.08
002405,四维图新,10.62,-4.324324324324328,-0.4800000000000004,1989534443.23,185358140,0,11.1,11.13,10.5,11.1
002406,远东传动,8.08,-1.222493887530558,-0.09999999999999964,225229534.6,27597071,0,8.18,8.33,8.01,8.18
002407,多氟多,32.91,0.796324655436441,0.259999999999998,4346643053.37,131774896,0,32.65,33.68,32.0,32.65
002408,齐翔腾达,4.97,0.0,0.0,107588694.5,21641813,0,4.97,5.02,4.93,4.97
002409,雅克科技,88.33,-1.1968680089485542,-1.0700000000000074,1881588602.41,20953758,0,88.8,93.2,88.11,89.4
002410,广联达,14.03,-1.6129032258064546,-0.23000000000000043,1264957905.86,88430080,0,14.4,14.59,13.97,14.26
002412,汉森制药,6.85,0.5873715124816452,0.040000000000000036,90660921.98,13186199,0,6.83,6.94,6.76,6.81
002413,雷科防务,18.12,-9.985096870342762,-2.009999999999998,8062951430.97,437304596,0,20.21,20.29,18.12,20.13
002414,高德红外,16.16,-3.7522334723049373,-0.629999999999999,2159227873.31,132778108,0,16.65,16.66,16.06,16.79
002415,海康威视,30.85,-2.496839443742096,-0.7899999999999991,2737642151.47,87795064,0,31.85,31.88,30.77,31.64
002416,爱施德,13.48,-2.8818443804034604,-0.40000000000000036,570537132.18,41777259,0,13.92,13.93,13.44,13.88
002418,康盛股份,5.01,-3.094777562862672,-0.16000000000000014,382712619.0,75285500,0,5.18,5.21,5.0,5.17
002419,天虹股份,6.03,-3.054662379421214,-0.1899999999999995,300440244.35,49021085,0,6.19,6.25,6.01,6.22
002420,毅昌科技,7.63,-3.049555273189329,-0.2400000000000002,158580353.0,20518100,0,7.85,7.86,7.59,7.87
002421,达实智能,3.1,-1.5873015873015817,-0.04999999999999982,387298395.12,122969207,0,3.2,3.23,3.09,3.15
002422,科伦药业,33.92,-0.0883652430044216,-0.030000000000001137,509540064.76,15033687,0,33.95,34.29,33.32,33.95
002423,中粮资本,12.12,-0.8183306055646596,-0.10000000000000142,347481226.15,28519117,0,12.22,12.34,12.06,12.22
002424,ST百灵,4.11,-1.6746411483253443,-0.0699999999999994,145842195.07,35207072,0,4.17,4.18,4.11,4.18
002425,凯撒文化,4.2,-0.47393364928908943,-0.019999999999999574,256140801.9,60397024,0,4.2,4.44,4.06,4.22
002426,胜利精密,3.84,-2.2900763358778704,-0.0900000000000003,735799973.92,189328316,0,3.93,3.97,3.81,3.93
002427,尤夫股份,6.66,-2.6315789473684172,-0.17999999999999972,122218237.94,18125734,0,6.85,6.88,6.65,6.84
002428,云南锗业,37.75,-7.926829268292683,-3.25,3716414985.92,96943900,0,40.0,40.05,37.37,41.0
002429,兆驰股份,8.78,5.655836341756905,0.46999999999999886,2582612661.33,291769572,0,8.68,9.06,8.6,8.31
002430,杭氧股份,32.07,-6.962576153176671,-2.3999999999999986,983657410.02,30237092,0,34.45,34.46,31.92,34.47
002431,棕榈股份,2.66,-7.638888888888881,-0.21999999999999975,324894687.83,119637253,0,2.85,2.85,2.65,2.88
002432,九安医疗,42.69,0.898132829118401,0.37999999999999545,828841853.63,19217377,0,42.52,43.81,42.52,42.31
002434,万里扬,9.45,-1.9709543568464862,-0.19000000000000128,295701581.72,31306614,0,9.63,9.63,9.32,9.64
002436,兴森科技,21.99,-4.308093994778076,-0.990000000000002,2144900586.15,96144434,0,23.0,23.0,21.9,22.98
002437,誉衡药业,3.23,0.6230529595015583,0.020000000000000018,287717833.0,88089425,0,3.21,3.32,3.2,3.21
002438,江苏神通,15.97,-5.5029585798816445,-0.9299999999999979,477228555.89,29355887,0,16.75,16.86,15.92,16.9
002439,启明星辰,15.31,-1.9846350832266244,-0.3099999999999987,581389011.63,37498913,0,15.69,15.75,15.27,15.62
002440,闰土股份,7.74,-1.7766497461928894,-0.13999999999999968,103947891.53,13269118,0,7.86,7.92,7.73,7.88
002441,众业达,9.57,-0.1043841336116888,-0.009999999999999787,114028463.86,11925412,0,9.56,9.66,9.44,9.58
002442,龙星科技,6.23,-1.267828843106168,-0.07999999999999918,67152954.0,10703800,0,6.32,6.33,6.22,6.31
002443,金洲管道,8.5,-4.063205417607217,-0.35999999999999943,417551787.94,47684656,0,9.05,9.15,8.47,8.86
002444,巨星科技,37.32,-0.5595523581135114,-0.21000000000000085,400725152.87,10698561,0,37.5,38.21,36.9,37.53
002445,中南文化,2.7,-1.0989010989010917,-0.029999999999999805,252389053.74,92742886,0,2.74,2.76,2.69,2.73
002446,盛路通信,12.12,-9.349289454001497,-1.25,2702314426.84,214535671,0,13.88,13.98,12.03,13.37
002448,中原内配,12.75,-1.0861132660977546,-0.14000000000000057,324847358.5,25373750,0,12.9,13.1,12.56,12.89
002449,国星光电,8.72,-2.1324354657687934,-0.1899999999999995,140230959.67,15909187,0,8.93,8.97,8.7,8.91
002451,摩恩电气,12.35,9.973285841495985,1.1199999999999992,1673731552.65,144147277,0,11.22,12.35,10.6,11.23
002452,长高电新,8.76,0.8055235903337202,0.07000000000000028,247095832.12,28243577,0,8.7,8.93,8.57,8.69
002453,华软科技,6.52,-2.8315946348733294,-0.1900000000000004,194902451.27,29417707,0,6.74,6.77,6.5,6.71
002454,松芝股份,8.8,-0.6772009029345228,-0.05999999999999872,104297170.0,11765450,0,8.88,8.96,8.73,8.86
002455,百川股份,7.06,-0.7032348804500803,-0.05000000000000071,220201465.22,30842973,0,7.09,7.22,7.04,7.11
002456,欧菲光,11.0,-3.8461538461538423,-0.4399999999999995,1455094320.58,130580056,0,11.44,11.45,10.96,11.44
002457,青龙管业,11.41,1.6028495102404248,0.17999999999999972,205143776.52,18080386,0,11.22,11.54,11.1,11.23
002458,益生股份,9.18,-0.9708737864077656,-0.08999999999999986,163433837.87,17798272,0,9.18,9.32,9.07,9.27
002459,晶澳科技,11.66,-4.269293924466335,-0.5199999999999996,1025527397.69,87249301,0,12.03,12.09,11.6,12.18
002460,赣锋锂业,70.75,4.090039723407387,2.780000000000001,8211015574.79,115392553,0,68.66,74.5,68.6,67.97
002461,珠江啤酒,9.52,-0.4184100418410139,-0.040000000000000924,57617571.6,6021528,0,9.63,9.63,9.51,9.56
002462,嘉事堂,16.41,-4.2031523642731985,-0.7199999999999989,476475842.87,28546900,0,16.96,17.1,16.36,17.13
002463,沪电股份,69.22,0.1446759259259177,0.09999999999999432,4740468617.71,67152835,0,70.34,72.0,69.01,69.12
002465,海格通信,24.2,9.999999999999996,2.1999999999999993,7448503645.02,311789090,0,24.2,24.2,22.5,22.0
002466,天齐锂业,62.24,1.533442088091362,0.9400000000000048,6467851420.84,102118216,0,61.5,66.0,61.31,61.3
002467,二六三,6.55,-2.5297619047619038,-0.16999999999999993,833920880.07,125312647,0,6.77,6.77,6.52,6.72
002468,申通快递,13.4,-2.0467836257309897,-0.27999999999999936,292086710.48,21492752,0,13.68,13.84,13.36,13.68
002469,三维化学,8.61,-0.4624277456647506,-0.040000000000000924,119530430.0,13741350,0,8.66,8.79,8.59,8.65
002470,金正大,1.8,-1.0989010989010999,-0.020000000000000018,145404711.0,80397000,0,1.82,1.83,1.79,1.82
002471,中超控股,8.33,-7.853982300884946,-0.7099999999999991,3977865363.65,463471655,0,9.1,9.65,8.14,9.04
002472,双环传动,45.53,-1.578037181150015,-0.7299999999999969,1336175627.03,28815484,0,46.27,47.5,45.23,46.26
002474,榕基软件,10.46,-4.474885844748845,-0.48999999999999844,1039904820.89,97256815,0,11.2,11.3,10.42,10.95
002475,立讯精密,54.54,-1.605628720909256,-0.8900000000000006,7169320517.66,129543565,0,55.65,56.55,54.34,55.43
002476,宝莫股份,7.2,0.13908205841446156,0.009999999999999787,206261011.28,28606907,0,7.22,7.34,7.09,7.19
002478,常宝股份,8.07,-1.1029411764705863,-0.08999999999999986,244345951.08,30305871,0,8.15,8.21,7.95,8.16
002479,富春环保,5.04,0.0,0.0,64694679.72,12824924,0,5.05,5.07,5.01,5.04
002480,新筑股份,6.26,-0.6349206349206356,-0.040000000000000036,77100930.0,12214400,0,6.3,6.37,6.25,6.3
002481,双塔食品,5.14,-1.5325670498084305,-0.08000000000000007,112332197.6,21642483,0,5.23,5.24,5.13,5.22
002482,广田集团,1.74,0.0,0.0,139920824.34,79950690,0,1.74,1.78,1.72,1.74
002483,润邦股份,7.16,-0.27855153203342026,-0.019999999999999574,110423688.62,15357754,0,7.22,7.3,7.08,7.18
002484,江海股份,29.83,-6.224457717698838,-1.9800000000000004,1253161547.09,41334555,0,31.83,31.96,29.73,31.81
002485,ST雪发,4.25,-2.9680365296803632,-0.1299999999999999,16173582.0,3768000,0,4.39,4.39,4.23,4.38
002486,嘉麟杰,3.12,0.0,0.0,85428067.0,27205400,0,3.14,3.17,3.09,3.12
002487,大金重工,49.5,-3.1121550205519735,-1.5900000000000034,1160108247.2,23430447,0,50.06,50.5,48.77,51.09
002488,金固股份,11.51,-4.718543046357619,-0.5700000000000003,1093738964.58,94721662,0,12.02,12.08,11.26,12.08
002489,浙江永强,3.9,-0.2557544757033307,-0.010000000000000231,173495951.67,44197722,0,3.91,3.97,3.88,3.91
002490,山东墨龙,8.22,10.040160642570294,0.7500000000000009,806762676.35,102283055,0,7.54,8.22,7.41,7.47
002491,通鼎互联,6.01,-5.946791862284819,-0.3799999999999999,576311252.16,94120782,0,6.39,6.39,5.99,6.39
002492,恒基达鑫,8.08,-2.0606060606060597,-0.16999999999999993,108363880.18,13205203,0,8.25,8.33,8.05,8.25
002493,荣盛石化,11.57,1.3134851138353796,0.15000000000000036,592894135.65,51318676,0,11.42,11.71,11.35,11.42
002494,华斯股份,5.48,0.36630036630037477,0.020000000000000462,80655070.56,14608914,0,5.44,5.64,5.43,5.46
002495,佳隆股份,2.69,-1.1029411764705974,-0.03000000000000025,83392852.0,30838260,0,2.71,2.74,2.68,2.72
002496,*ST辉丰,1.95,-2.010050251256283,-0.040000000000000036,47382855.05,23908575,0,1.99,2.02,1.95,1.99
002497,雅化集团,24.26,3.2340425531914962,0.7600000000000016,2441060841.01,99441909,0,23.95,25.75,23.61,23.5
002498,汉缆股份,4.01,-0.24875621890546734,-0.009999999999999787,293888123.89,73314721,0,4.03,4.08,3.94,4.02
002500,山西证券,6.17,-1.1217948717948762,-0.07000000000000028,223670523.84,35911753,0,6.24,6.28,6.16,6.24
002501,利源股份,2.72,0.0,0.0,429792703.38,156934830,0,2.74,2.84,2.67,2.72
002506,协鑫集成,2.91,-2.9999999999999956,-0.08999999999999986,959107409.43,329419745,0,3.02,3.03,2.85,3.0
002507,涪陵榨菜,13.16,-0.8289374529012768,-0.10999999999999943,213477499.22,16112476,0,13.27,13.33,13.14,13.27
002508,老板电器,19.74,-0.6042296072507604,-0.120000000000001,137498132.08,6901084,0,20.01,20.14,19.72,19.86
002510,天汽模,7.6,-4.161412358133671,-0.33000000000000007,699059447.92,90645634,0,7.88,7.89,7.57,7.93
002511,中顺洁柔,8.31,-1.0714285714285696,-0.08999999999999986,151072255.09,17977663,0,8.42,8.5,8.3,8.4
002512,达华智能,7.5,-1.5748031496063006,-0.1200000000000001,3207303030.67,407705163,0,8.38,8.38,7.48,7.62
002513,蓝丰生化,7.06,-2.4861878453038755,-0.1800000000000006,105323763.0,14718400,0,7.26,7.28,7.04,7.24
002514,宝馨科技,5.97,-2.291325695581024,-0.14000000000000057,156463177.17,25985099,0,6.1,6.12,5.96,6.11
002515,金字火腿,6.37,1.5948963317384455,0.10000000000000053,476855615.47,74673840,0,6.25,6.65,6.17,6.27
002516,旷达科技,6.89,-1.4306151645207517,-0.10000000000000053,239691143.88,34314326,0,7.11,7.19,6.85,6.99
002517,恺英网络,26.17,-0.9087466868610317,-0.23999999999999844,2534517759.8,94428266,0,26.55,27.65,26.0,26.41
002518,科士达,51.0,-3.060254704428815,-1.6099999999999994,785711745.44,15292149,0,52.53,52.98,50.39,52.61
002519,银河电子,10.46,-8.805579773321707,-1.0099999999999998,5240276931.81,479420236,0,12.62,12.62,10.32,11.47
002520,日发精机,6.26,-3.6923076923076956,-0.2400000000000002,231708912.64,36574402,0,6.47,6.5,6.25,6.5
002521,齐峰新材,8.53,-4.0494938132733544,-0.3600000000000012,102646484.4,11845720,0,8.87,8.88,8.52,8.89
002522,浙江众成,5.81,-1.1904761904761954,-0.07000000000000028,331206938.55,56139265,0,5.88,6.03,5.8,5.88
002523,天桥起重,4.76,-3.2520325203252063,-0.16000000000000014,874829271.84,181770772,0,4.92,5.02,4.7,4.92
002524,光正眼科,4.49,1.8140589569161012,0.08000000000000007,100334796.0,22279900,0,4.47,4.6,4.4,4.41
002526,山东矿机,3.78,-2.072538860103629,-0.08000000000000007,239167170.79,62802953,0,3.85,3.87,3.78,3.86
002527,新时达,16.6,-2.923976608187134,-0.5,549440739.94,32676287,0,17.11,17.27,16.5,17.1
002528,ST英飞拓,2.81,-1.7482517482517421,-0.04999999999999982,27757269.0,9798200,0,2.86,2.87,2.8,2.86
002529,*ST海源,7.3,-1.8817204301075345,-0.14000000000000057,51949934.0,6971500,0,7.53,7.63,7.29,7.44
002530,金财互联,11.02,-4.4232437120555055,-0.5099999999999998,628466598.8,56035253,0,11.5,11.5,11.0,11.53
002531,天顺风能,7.24,-0.275482093663906,-0.019999999999999574,303491761.39,41855582,0,7.24,7.39,7.11,7.26
002532,天山铝业,18.18,1.9058295964125553,0.33999999999999986,876443728.27,48143866,0,17.8,18.54,17.65,17.84
002533,金杯电工,13.0,-0.38314176245211273,-0.05000000000000071,457361355.31,35207834,0,13.05,13.25,12.72,13.05
002534,西子洁能,16.41,-2.146690518783539,-0.35999999999999943,305815697.42,18652974,0,16.71,16.78,16.16,16.77
002535,林州重机,3.93,-1.5037593984962419,-0.06000000000000005,69097517.2,17483190,0,3.99,4.0,3.92,3.99
002536,飞龙股份,27.98,-3.782668500687751,-1.0999999999999979,1199506382.32,41873351,0,29.12,29.5,27.85,29.08
002537,海联金汇,8.86,-4.00866738894909,-0.370000000000001,492931119.82,54769093,0,9.23,9.23,8.82,9.23
002538,司尔特,6.45,-0.7692307692307665,-0.04999999999999982,130341119.24,20013746,0,6.49,6.64,6.43,6.5
002539,云图控股,11.98,0.0,0.0,293858088.22,24252094,0,11.98,12.28,11.93,11.98
002540,亚太科技,7.08,-2.880658436213991,-0.20999999999999996,191612432.88,26799736,0,7.29,7.29,7.05,7.29
002541,鸿路钢构,21.26,3.8085937500000053,0.7800000000000011,389830626.69,18676483,0,20.51,21.54,20.02,20.48
002542,中化岩土,3.82,3.8043478260869477,0.13999999999999968,561500663.25,149454163,0,3.69,3.91,3.61,3.68
002543,万和电气,10.22,-1.5414258188824674,-0.16000000000000014,78616202.9,7634990,0,10.38,10.39,10.2,10.38
002544,普天科技,36.78,-10.007340347443105,-4.089999999999996,2534190137.89,67708503,0,39.9,39.99,36.78,40.87
002545,东方铁塔,20.51,1.0344827586206937,0.21000000000000085,289015992.94,14026527,0,20.3,21.09,20.2,20.3
002546,新联电子,7.08,-0.4219409282700457,-0.03000000000000025,281500849.0,39626400,0,7.12,7.2,7.03,7.11
002547,春兴精工,4.74,-2.2680412371133905,-0.10999999999999943,201942512.39,42313500,0,4.85,4.87,4.72,4.85
002548,金新农,6.32,2.2653721682847987,0.14000000000000057,352557382.74,55586718,0,6.18,6.55,6.07,6.18
002549,凯美特气,21.73,-5.109170305676848,-1.1699999999999982,1367293785.28,61376377,0,22.85,23.0,21.68,22.9
002550,千红制药,8.31,0.1204819277108408,0.009999999999999787,235419933.0,28080200,0,8.3,8.47,8.29,8.3
002551,尚荣医疗,3.92,1.2919896640826827,0.04999999999999982,109882563.95,27883700,0,3.89,4.0,3.85,3.87
002552,宝鼎科技,18.42,3.774647887323953,0.6700000000000017,428737933.52,22738242,0,18.03,19.51,18.03,17.75
002553,南方精工,27.06,-3.8379530916844415,-1.0800000000000018,469543833.32,17070898,0,28.25,28.26,27.0,28.14
002554,惠博普,0.0,-100.0,-3.55,0.0,0,0,0.0,0.0,0.0,3.55
002555,三七互娱,29.94,0.6048387096774184,0.17999999999999972,5363307328.52,177435209,0,30.27,31.01,29.29,29.76
002556,辉隆股份,6.04,-0.9836065573770428,-0.05999999999999961,133401819.08,21959152,0,6.08,6.13,6.02,6.1
002557,洽洽食品,22.35,-2.2309711286089153,-0.509999999999998,156226555.22,6912681,0,22.77,22.82,22.31,22.86
002558,巨人网络,48.79,-1.2548067192875885,-0.6199999999999974,2309961004.34,46432881,0,50.0,51.3,48.22,49.41
002559,亚威股份,10.35,-1.895734597156408,-0.20000000000000107,250318765.5,23946350,0,10.54,10.59,10.33,10.55
002560,通达股份,10.21,-2.7619047619047534,-0.28999999999999915,597865675.77,59221426,0,10.41,10.41,9.91,10.5
002561,徐家汇,9.6,1.9108280254777041,0.17999999999999972,394263086.21,40346828,0,9.42,10.25,9.32,9.42
002562,兄弟科技,6.77,-3.008595988538694,-0.21000000000000085,323159195.4,47167940,0,6.99,6.99,6.75,6.98
002563,森马服饰,5.44,-0.9107468123861534,-0.04999999999999982,164740871.11,30072814,0,5.5,5.52,5.42,5.49
002564,天沃科技,7.92,0.0,0.0,308592166.0,38982680,0,7.85,8.27,7.71,7.92
002565,顺灏股份,20.6,-10.004368719965047,-2.289999999999999,2590755139.31,124692802,0,21.93,21.93,20.6,22.89
002566,益盛药业,7.97,0.8860759493670809,0.0699999999999994,63326720.42,7930800,0,7.92,8.05,7.86,7.9
002567,唐人神,4.41,0.0,0.0,152377580.27,34479916,0,4.41,4.44,4.39,4.41
002568,百润股份,22.01,-1.7410714285714155,-0.389999999999997,184680536.69,8325733,0,22.4,22.4,21.94,22.4
002569,*ST步森,15.79,4.986702127659575,0.75,46770824.0,2979500,0,15.79,15.79,15.23,15.04
002570,贝因美,6.15,-1.9138755980861122,-0.11999999999999922,314182187.67,50644645,0,6.26,6.27,6.14,6.27
002571,德力股份,12.68,-5.514157973174369,-0.7400000000000002,262429943.71,20409913,0,13.29,13.29,12.65,13.42
002572,索菲亚,13.67,-1.2996389891696731,-0.17999999999999972,188524183.56,13620309,0,13.89,14.04,13.64,13.85
002573,清新环境,3.82,-0.26109660574413135,-0.010000000000000231,43349971.88,11322663,0,3.83,3.85,3.8,3.83
002574,明牌珠宝,6.99,10.078740157480324,0.6400000000000006,334684675.02,48546602,0,6.23,6.99,6.18,6.35
002575,群兴玩具,6.55,-3.534609720176734,-0.2400000000000002,243474710.27,36673583,0,6.82,6.82,6.5,6.79
002576,通达动力,17.49,-0.8503401360544338,-0.15000000000000213,80546478.0,4587900,0,17.69,17.7,17.36,17.64
002577,雷柏科技,18.55,-1.8518518518518405,-0.34999999999999787,77218489.14,4123363,0,19.05,19.05,18.51,18.9
002578,闽发铝业,4.45,-2.19780219780219,-0.09999999999999964,313217117.0,69013000,0,4.54,4.65,4.45,4.55
002579,中京电子,12.11,-4.795597484276739,-0.6100000000000012,578849331.85,47015062,0,12.72,12.72,12.07,12.72
002580,圣阳股份,12.97,-2.260738507912577,-0.29999999999999893,190771978.98,14570430,0,13.27,13.27,12.96,13.27
002581,ST未名,7.97,1.7879948914431631,0.13999999999999968,109154622.4,13721300,0,7.91,8.2,7.7,7.83
002582,好想你,13.37,3.965785381026437,0.5099999999999998,792938571.21,59027287,0,12.86,13.97,12.86,12.86
002583,海能达,11.92,-3.559870550161808,-0.4399999999999995,1089700137.92,90393110,0,12.37,12.45,11.85,12.36
002584,西陇科学,9.18,-3.7735849056603716,-0.35999999999999943,324799158.83,34812663,0,9.48,9.5,9.16,9.54
002585,双星新材,7.04,-1.9498607242339787,-0.13999999999999968,469418973.32,66258039,0,7.19,7.27,6.98,7.18
002586,ST围海,4.25,1.1904761904761862,0.04999999999999982,50179643.6,11945160,0,4.21,4.27,4.13,4.2
002587,奥拓电子,6.82,-2.152080344332848,-0.14999999999999947,147797326.13,21447450,0,7.01,7.06,6.81,6.97
002588,史丹利,9.66,-0.8213552361396311,-0.08000000000000007,106366993.0,10904500,0,9.7,9.87,9.63,9.74
002589,瑞康医药,3.83,10.05747126436782,0.3500000000000001,902246193.82,247835274,0,3.5,3.83,3.44,3.48
002590,万安科技,15.28,-2.3642172523961724,-0.370000000000001,326772500.41,21190657,0,15.7,15.72,15.24,15.65
002591,恒大高新,7.24,-2.2941970310391353,-0.16999999999999993,181810301.0,24865200,0,7.41,7.47,7.2,7.41
002592,ST八菱,8.97,0.0,0.0,88552289.0,9668400,0,8.93,9.41,8.9,8.97
002593,日上集团,5.82,-4.118616144975288,-0.25,269275406.82,45470403,0,6.06,6.08,5.81,6.07
002594,比亚迪,97.07,-0.4103826818508317,-0.4000000000000057,4767965423.13,48459303,0,99.0,99.6,96.88,97.47
002595,豪迈科技,82.27,1.4426633785450083,1.1700000000000017,309809920.65,3760397,0,81.48,83.29,81.3,81.1
002596,海南瑞泽,4.79,-4.391217564870255,-0.21999999999999975,534609114.57,109222672,0,5.01,5.03,4.78,5.01
002597,金禾实业,21.9,4.5346062052505935,0.9499999999999993,528280139.5,24104329,0,20.91,22.85,20.82,20.95
002598,山东章鼓,9.54,-1.750772399588071,-0.1700000000000017,120656459.0,12537200,0,9.71,9.76,9.52,9.71
002599,盛通股份,9.05,1.9144144144144135,0.16999999999999993,689170527.72,74506906,0,9.0,9.75,8.85,8.88
002600,领益智造,16.91,-7.746863066011993,-1.4199999999999982,10266948995.31,583079236,0,18.7,18.83,16.82,18.33
002601,龙佰集团,19.71,-1.3019529293940812,-0.259999999999998,429884463.16,21676100,0,19.89,20.12,19.63,19.97
002602,世纪华通,19.65,1.393188854489162,0.2699999999999996,4840352648.41,243108087,0,19.6,20.32,19.56,19.38
002603,以岭药业,17.74,-0.22497187851520076,-0.0400000000000027,529246757.39,29461766,0,17.77,18.18,17.72,17.78
002605,姚记科技,28.14,1.845819761129213,0.5100000000000016,1480122078.55,53027739,0,28.49,29.52,26.84,27.63
002606,大连电瓷,9.26,0.761697497279655,0.07000000000000028,182736655.86,19766126,0,9.19,9.43,9.06,9.19
002607,中公教育,3.29,10.033444816053505,0.2999999999999998,1628643529.56,513032342,0,3.03,3.29,2.95,2.99
002608,江苏国信,7.51,-0.26560424966800084,-0.020000000000000462,141285420.0,18796400,0,7.53,7.56,7.48,7.53
002609,捷顺科技,11.01,5.1575931232091605,0.5399999999999991,667251651.0,61423705,0,10.68,11.18,10.45,10.47
002611,东方精工,19.3,-3.2096288866599827,-0.6400000000000006,2053307386.43,104125727,0,19.95,20.31,19.21,19.94
002612,朗姿股份,20.45,-2.1531100478468868,-0.4499999999999993,220300575.25,10653825,0,20.87,20.9,20.4,20.9
002613,北玻股份,3.78,-0.7874015748031562,-0.03000000000000025,56966860.54,14993783,0,3.8,3.82,3.76,3.81
002614,奥佳华,7.36,-0.6747638326585671,-0.04999999999999982,194486610.42,26185063,0,7.4,7.52,7.34,7.41
002615,哈尔斯,7.73,-0.7702182284980694,-0.05999999999999961,57890331.5,7433075,0,7.82,7.83,7.72,7.79
002616,长青集团,5.5,-2.826855123674914,-0.16000000000000014,142410407.72,25687373,0,5.68,5.71,5.49,5.66
002617,露笑科技,8.27,-2.8202115158636922,-0.2400000000000002,853050095.18,102479250,0,8.5,8.5,8.23,8.51
002620,ST瑞和,5.93,-1.3311148086522475,-0.08000000000000007,80739621.0,13531200,0,6.01,6.15,5.77,6.01
002622,皓宸医疗,3.26,3.164556962025305,0.09999999999999964,172879359.0,52892800,0,3.17,3.34,3.15,3.16
002623,亚玛顿,18.65,-0.4802561366061892,-0.08999999999999986,85177493.74,4548673,0,19.01,19.06,18.5,18.74
002624,完美世界,18.35,-0.91792656587472,-0.16999999999999815,1270759398.73,68723588,0,18.72,18.85,18.02,18.52
002625,光启技术,54.13,-5.975334375542814,-3.4399999999999977,3993404976.87,72160458,0,57.56,57.57,53.92,57.57
002626,金达威,19.85,-0.5012531328320695,-0.09999999999999787,214109184.0,10646998,0,19.91,20.43,19.8,19.95
002627,三峡旅游,7.7,-2.90037831021437,-0.22999999999999954,167381163.96,21308246,0,7.89,8.08,7.7,7.93
002628,成都路桥,4.17,-0.9501187648456066,-0.040000000000000036,66551625.83,15851657,0,4.21,4.24,4.17,4.21
002629,仁智股份,6.77,0.29629629629629,0.019999999999999574,127852908.0,18647700,0,6.75,7.05,6.75,6.75
002630,ST华西,2.6,-2.2556390977443628,-0.06000000000000005,69856674.6,26701740,0,2.65,2.66,2.59,2.66
002631,德尔未来,5.86,-2.495840266222953,-0.14999999999999947,134840973.6,22592260,0,6.0,6.1,5.84,6.01
002632,道明光学,12.84,-3.8202247191011223,-0.5099999999999998,420467501.56,32442004,0,13.35,13.35,12.78,13.35
002633,申科股份,16.5,-0.4224502112251073,-0.07000000000000028,48235481.0,2910200,0,16.57,16.74,16.3,16.57
002634,棒杰股份,5.99,-2.124183006535946,-0.1299999999999999,62746202.0,10282600,0,6.09,6.2,5.97,6.12
002635,安洁科技,14.11,-2.555248618784537,-0.370000000000001,197716731.92,13915450,0,14.49,14.49,14.07,14.48
002636,金安国纪,16.02,-3.4939759036144684,-0.5800000000000018,378828273.6,23304496,0,16.58,16.63,15.93,16.6
002637,赞宇科技,10.31,0.29182879377433013,0.030000000000001137,159180465.25,15411549,0,10.28,10.43,10.15,10.28
002638,勤上股份,3.01,-3.833865814696489,-0.1200000000000001,130197268.0,42683000,0,3.12,3.14,3.0,3.13
002639,雪人集团,28.13,4.069552349241575,1.0999999999999979,7530877929.91,268793916,0,27.98,29.21,25.5,27.03
002640,跨境通,4.65,-3.526970954356845,-0.16999999999999993,557289690.07,117713893,0,4.82,4.83,4.64,4.82
002641,公元股份,4.46,0.6772009029345428,0.03000000000000025,129651620.68,29064690,0,4.43,4.53,4.38,4.43
002642,荣联科技,8.77,-2.5555555555555602,-0.23000000000000043,339990017.0,38257950,0,9.1,9.11,8.75,9.0
002643,万润股份,15.68,-3.6855036855036936,-0.6000000000000014,589878246.25,37140327,0,16.15,16.25,15.63,16.28
002644,佛慈制药,8.99,1.9274376417233552,0.16999999999999993,160694948.07,17890859,0,8.82,9.11,8.77,8.82
002645,华宏科技,15.23,-2.9936305732484003,-0.46999999999999886,333830981.82,21639089,0,15.7,15.7,15.18,15.7
002646,天佑德酒,8.87,-0.22497187851520076,-0.02000000000000135,83274723.75,9324342,0,8.88,9.02,8.83,8.89
002647,*ST仁东,8.93,3.4762456546929186,0.29999999999999893,272258523.35,30377543,0,8.85,9.06,8.71,8.63
002648,卫星化学,18.18,-0.21953896816684493,-0.03999999999999915,822577165.2,44948861,0,18.24,18.56,18.15,18.22
002649,博彦科技,15.11,-0.3955174686882037,-0.0600000000000005,997603737.47,65181504,0,15.61,15.86,15.0,15.17
002650,ST加加,6.38,-1.0852713178294617,-0.07000000000000028,30836670.0,4791600,0,6.46,6.52,6.38,6.45
002651,利君股份,12.04,-6.2305295950155815,-0.8000000000000007,531089485.3,43478396,0,12.6,12.67,12.01,12.84
002652,扬子新材,3.95,-2.469135802469127,-0.09999999999999964,147936519.2,36973080,0,4.05,4.07,3.94,4.05
002653,海思科,54.57,-2.7099304688892905,-1.5200000000000031,334550777.16,6155168,0,55.5,55.5,53.53,56.09
002654,万润科技,15.39,-1.5355086372360858,-0.2400000000000002,1099188361.47,70096093,0,15.64,16.05,15.3,15.63
002655,共达电声,12.92,-2.6375282592313463,-0.34999999999999964,182539467.8,13985840,0,13.32,13.32,12.9,13.27
002656,*ST摩登,2.66,-1.4814814814814827,-0.040000000000000036,22001451.36,8235396,0,2.7,2.7,2.66,2.7
002657,中科金财,29.68,-4.902274911887219,-1.5300000000000011,1281470323.84,42114358,0,31.54,31.54,29.58,31.21
002658,雪迪龙,9.1,-1.3015184381778848,-0.120000000000001,137956962.21,15005387,0,9.26,9.31,9.06,9.22
002659,凯文教育,7.03,2.6277372262773815,0.1800000000000006,611952307.42,87847040,0,6.85,7.34,6.55,6.85
002660,茂硕电源,9.5,-0.5235602094240912,-0.05000000000000071,96120501.0,10071800,0,9.56,9.7,9.41,9.55
002661,克明食品,9.21,-0.21668472372697264,-0.019999999999999574,41519557.29,4485938,0,9.24,9.31,9.2,9.23
002662,峰璟股份,4.08,2.2556390977443574,0.08999999999999986,264818547.42,64820052,0,4.01,4.19,3.96,3.99
002663,普邦股份,2.0,1.52284263959391,0.030000000000000027,137153550.03,68973632,0,1.97,2.01,1.94,1.97
002664,信质集团,24.55,-1.0080645161290323,-0.25,647468903.87,26076332,0,24.73,25.88,23.86,24.8
002666,德联集团,5.41,-2.1699819168173615,-0.1200000000000001,125609118.0,22895500,0,5.57,5.58,5.41,5.53
002667,威领股份,14.38,-0.06949270326615557,-0.009999999999999787,304181780.84,20877702,0,14.36,14.98,14.25,14.39
002668,TCL智家,10.17,-1.070038910505831,-0.10999999999999943,147813139.24,14435780,0,10.28,10.35,10.15,10.28
002669,康达新材,14.81,-5.548469387755097,-0.8699999999999992,351155727.0,23353500,0,15.61,15.63,14.78,15.68
002670,国盛证券,17.12,-2.837684449489217,-0.5,620253639.23,35620509,0,17.64,17.74,17.07,17.62
002671,龙泉股份,5.43,-0.9124087591241006,-0.05000000000000071,100762688.24,18507452,0,5.47,5.49,5.4,5.48
002672,东江环保,4.8,-0.2079002079002035,-0.009999999999999787,69030501.15,14332683,0,4.83,4.88,4.76,4.81
002673,西部证券,8.13,-0.732600732600717,-0.05999999999999872,404999509.06,49476882,0,8.22,8.25,8.11,8.19
002674,兴业科技,14.61,-2.5350233488992715,-0.3800000000000008,138726889.0,9344300,0,15.0,15.3,14.45,14.99
002675,东诚药业,14.74,1.0281014393420174,0.15000000000000036,165191242.06,11229388,0,14.59,14.86,14.55,14.59
002676,顺威股份,8.35,-3.801843317972351,-0.33000000000000007,230015585.0,27189700,0,8.77,8.79,8.34,8.68
002677,浙江美大,10.14,6.849315068493154,0.6500000000000004,711992767.9,70621442,0,9.43,10.44,9.4,9.49
002678,珠江钢琴,5.36,-2.5454545454545396,-0.13999999999999968,97935629.7,17939710,0,5.5,5.57,5.34,5.5
002679,福建金森,11.75,-1.7558528428093716,-0.21000000000000085,95652137.2,8046650,0,12.0,12.07,11.7,11.96
002681,奋达科技,6.84,-1.5827338129496449,-0.11000000000000032,507301293.02,73564288,0,6.95,7.04,6.82,6.95
002682,龙洲股份,7.8,-9.82658959537573,-0.8500000000000005,1175077128.46,143671526,0,8.88,9.0,7.79,8.65
002683,广东宏大,50.66,-0.6471857226907342,-0.3300000000000054,899916717.12,17985278,0,50.78,51.3,48.82,50.99
002685,华东重机,7.59,-3.557814485387551,-0.28000000000000025,324730794.0,42090400,0,7.87,7.89,7.58,7.87
002686,亿利达,6.69,-0.8888888888888832,-0.05999999999999961,125777728.0,18709800,0,6.75,6.8,6.62,6.75
002687,乔治白,4.83,0.20746887966804536,0.009999999999999787,58306798.04,12031546,0,4.82,4.89,4.79,4.82
002688,金河生物,6.21,0.3231017770597669,0.019999999999999574,156511327.23,25105155,0,6.19,6.29,6.16,6.19
002689,ST远智,3.3,-2.3668639053254457,-0.08000000000000007,107609202.12,32321079,0,3.39,3.39,3.29,3.38
002690,美亚光电,21.46,0.04662004662005391,0.010000000000001563,151675834.1,7000890,0,21.49,21.95,21.37,21.45
002691,冀凯股份,8.86,-2.7442371020856204,-0.25,182686438.48,20353056,0,9.11,9.15,8.82,9.11
002692,远程股份,5.31,-1.1173184357541992,-0.0600000000000005,86125825.98,16137914,0,5.36,5.41,5.28,5.37
002693,*ST双成,7.32,-3.937007874015746,-0.2999999999999998,70555982.0,9511200,0,7.6,7.6,7.3,7.62
002694,顾地科技,3.79,-0.2631578947368365,-0.009999999999999787,42565865.6,11209480,0,3.84,3.84,3.73,3.8
002695,煌上煌,11.97,-3.6231884057970962,-0.4499999999999993,105412064.66,8623773,0,12.35,12.53,11.93,12.42
002696,百洋股份,7.49,3.5961272475795267,0.2599999999999998,198463537.84,26558282,0,7.26,7.65,7.16,7.23
002697,红旗连锁,6.54,-0.9090909090909032,-0.05999999999999961,989047879.18,149335785,0,6.52,6.78,6.47,6.6
002698,博实股份,18.0,4.04624277456647,0.6999999999999993,1128625889.8,63308938,0,17.32,18.97,16.96,17.3
002700,万憬能源,7.04,0.571428571428572,0.040000000000000036,60847191.07,8617409,0,7.0,7.15,6.96,7.0
002701,奥瑞金,5.93,-1.9834710743801671,-0.1200000000000001,259493309.06,43359427,0,6.03,6.05,5.92,6.05
002702,海欣食品,7.09,-6.955380577427825,-0.5300000000000002,644108400.8,87909490,0,7.55,7.75,7.06,7.62
002703,浙江世宝,27.68,5.89135424636572,1.5399999999999991,4290188303.26,160768686,0,25.53,28.75,24.4,26.14
002705,新宝股份,14.43,-0.6198347107438007,-0.08999999999999986,140152331.85,9636124,0,14.52,14.71,14.41,14.52
002706,良信股份,11.68,-2.828618968386022,-0.33999999999999986,698847131.78,59321644,0,11.9,12.02,11.61,12.02
002707,众信旅游,7.49,2.6027397260274023,0.1900000000000004,519538458.87,68459504,0,7.45,7.85,7.45,7.3
002708,光洋股份,14.17,3.2046613255644534,0.4399999999999995,759219618.58,53554784,0,13.61,14.91,13.3,13.73
002709,天赐材料,43.59,-0.6835269993164664,-0.29999999999999716,3987269570.35,90445273,0,43.91,44.97,43.3,43.89
002712,思美传媒,7.02,-1.8181818181818292,-0.13000000000000078,806917337.34,112998352,0,7.26,7.52,6.94,7.15
002713,*ST东易,11.44,-4.983388704318934,-0.5999999999999996,183042333.4,15727000,0,12.0,12.0,11.44,12.04
002714,牧原股份,48.18,-2.3708206686930127,-1.1700000000000017,2334258792.82,47864511,0,49.45,49.52,48.1,49.35
002715,登云股份,16.23,-0.673194614443081,-0.10999999999999943,105257105.92,6445050,0,16.35,16.54,16.05,16.34
002716,湖南白银,9.06,8.114558472553696,0.6799999999999997,3852707515.3,429206523,0,8.4,9.22,8.37,8.38
002717,ST岭南,1.6,-1.234567901234569,-0.020000000000000018,52989561.2,33003802,0,1.62,1.62,1.6,1.62
002718,友邦吊顶,62.33,10.007059654076954,5.670000000000002,468811528.89,7662463,0,59.74,62.33,57.0,56.66
002719,麦趣尔,8.77,-0.5668934240362893,-0.05000000000000071,66924691.25,7602105,0,8.84,8.88,8.74,8.82
002721,金一文化,3.28,0.9230769230769171,0.029999999999999805,372912147.0,111303400,0,3.33,3.49,3.27,3.25
002722,物产金轮,15.78,-2.169869807811529,-0.34999999999999964,151018073.05,9444641,0,16.19,16.28,15.75,16.13
002723,小崧股份,8.77,0.4581901489117886,0.03999999999999915,153775230.0,17304200,0,8.73,9.04,8.73,8.73
002724,海洋王,6.95,-1.558073654390927,-0.10999999999999943,58834078.42,8411793,0,7.11,7.13,6.92,7.06
002725,跃岭股份,17.71,-3.118161925601752,-0.5700000000000003,336293951.3,18763310,0,18.26,18.27,17.68,18.28
002726,龙大美食,4.23,-1.3986013986013894,-0.05999999999999961,67446818.01,15821863,0,4.29,4.3,4.23,4.29
002727,一心堂,13.54,1.044776119402976,0.1399999999999988,318618312.32,23442356,0,13.47,13.81,13.35,13.4
002728,特一药业,11.74,0.6861063464837056,0.08000000000000007,812129405.18,68343268,0,11.63,12.11,11.63,11.66
002729,好利科技,18.74,-0.5835543766578407,-0.11000000000000298,361968815.94,19499279,0,18.55,19.05,18.12,18.85
002730,电光科技,15.56,-3.2939714108141662,-0.5299999999999994,162168126.0,10312700,0,16.0,16.04,15.46,16.09
002731,萃华珠宝,12.94,0.7003891050583646,0.08999999999999986,287242808.9,21911730,0,12.86,13.28,12.86,12.85
002732,燕塘乳业,17.28,-0.5181347150259059,-0.08999999999999986,57786644.0,3330000,0,17.37,17.47,17.24,17.37
002733,雄韬股份,20.27,-2.735124760076777,-0.5700000000000003,326750922.37,15967508,0,20.86,20.89,20.18,20.84
002734,利民股份,16.64,-1.1289364230540566,-0.18999999999999773,369495372.55,21931378,0,16.82,17.08,16.58,16.83
002735,王子新材,20.93,-10.017196904557187,-2.330000000000002,1549917130.2,72238934,0,22.68,22.68,20.93,23.26
002736,国信证券,13.53,0.07396449704141854,0.009999999999999787,615840895.94,45213871,0,13.56,13.78,13.5,13.52
002737,葵花药业,15.12,0.132450331125825,0.019999999999999574,52087289.29,3447001,0,15.09,15.19,15.03,15.1
002738,中矿资源,89.16,4.8941176470588195,4.159999999999997,3243287597.81,36082661,0,85.0,93.49,84.65,85.0
002739,万达电影,11.62,0.2588438308886916,0.02999999999999936,1469267283.28,125253990,0,11.68,11.95,11.49,11.59
002741,光华科技,20.9,-3.1061659712563827,-0.6700000000000017,426409078.15,20104229,0,21.42,21.82,20.8,21.57
002742,*ST三圣,4.34,-0.9132420091324209,-0.040000000000000036,28355109.0,6550400,0,4.36,4.38,4.27,4.38
002743,富煌钢构,5.63,-1.2280701754386014,-0.07000000000000028,45820611.0,8078500,0,5.7,5.73,5.63,5.7
002745,木林森,9.28,-3.93374741200829,-0.3800000000000008,469695435.46,50008196,0,9.65,9.66,9.26,9.66
002746,仙坛股份,6.14,-0.4862236628849311,-0.03000000000000025,100135839.83,16235082,0,6.17,6.22,6.13,6.17
002747,埃斯顿,25.1,-2.2204908453447616,-0.5700000000000003,1105255805.97,43505309,0,25.88,26.08,24.9,25.67
002748,世龙实业,12.32,-4.124513618677038,-0.5299999999999994,198317099.5,15753100,0,12.9,12.98,12.3,12.85
002749,国光股份,13.16,-0.6042296072507558,-0.08000000000000007,69588571.36,5261687,0,13.31,13.32,13.15,13.24
002750,龙津退,0.59,3.5087719298245648,0.020000000000000018,11866185.0,19729839,0,0.6,0.63,0.57,0.57
002752,昇兴股份,6.9,-4.166666666666664,-0.2999999999999998,300399053.75,42685420,0,7.21,7.26,6.88,7.2
002753,永东股份,7.21,-0.27662517289073946,-0.020000000000000462,63199327.23,8712705,0,7.25,7.33,7.18,7.23
002755,奥赛康,18.86,1.7808958445763534,0.3299999999999983,511501233.81,26660677,0,18.67,19.6,18.63,18.53
002756,永兴材料,56.3,0.896057347670251,0.5,1216145202.8,21358679,0,56.68,59.7,54.82,55.8
002757,南兴股份,25.18,-6.740740740740741,-1.8200000000000003,2247358296.52,83755434,0,27.31,29.45,25.0,27.0
002758,浙农股份,10.08,-0.7874015748031503,-0.08000000000000007,132321778.4,13040491,0,10.12,10.24,10.06,10.16
002759,天际股份,44.17,-5.214592274678111,-2.4299999999999997,5113073117.56,112052510,0,45.99,47.78,44.03,46.6
002760,凤形股份,21.9,-1.4401440144014415,-0.3200000000000003,70866683.0,3218900,0,22.28,22.28,21.71,22.22
002761,浙江建投,8.77,-0.3409090909091038,-0.030000000000001137,120339376.0,13703000,0,8.82,8.87,8.71,8.8
002762,*ST金比,6.98,-2.785515320334252,-0.1999999999999993,31316533.25,4437925,0,7.21,7.22,6.98,7.18
002763,汇洁股份,7.76,1.7038007863695925,0.1299999999999999,123643850.4,15987180,0,7.6,7.84,7.55,7.63
002765,蓝黛科技,13.05,-3.046062407132245,-0.41000000000000014,363952314.06,27540177,0,13.4,13.46,13.0,13.46
002766,索菱股份,7.15,1.7069701280227612,0.1200000000000001,1087198954.34,154858087,0,6.91,7.35,6.69,7.03
002767,先锋电子,22.88,3.9527487505679115,0.8699999999999974,283059517.5,12394100,0,22.04,23.49,21.94,22.01
002768,国恩股份,56.47,-5.457893855683908,-3.259999999999998,207070065.03,3588200,0,59.09,59.1,56.25,59.73
002769,普路通,13.75,10.0,1.25,606372128.04,45977576,0,12.72,13.75,12.72,12.5
002771,真视通,16.03,-2.5531914893616907,-0.41999999999999815,133261144.4,8199160,0,16.45,16.51,16.0,16.45
002772,众兴菌业,15.66,5.596763317599461,0.8300000000000001,421184416.61,27416350,0,14.88,15.98,14.68,14.83
002773,康弘药业,34.65,0.7560337307356731,0.259999999999998,541175118.81,15500813,0,34.37,35.56,34.18,34.39
002774,快意电梯,12.77,-10.007047216349543,-1.42,207949606.89,16137357,0,13.16,13.23,12.77,14.19
002775,文科股份,4.36,-1.8018018018018032,-0.08000000000000007,53919920.48,12171552,0,4.44,4.5,4.36,4.44
002777,久远银海,22.17,1.9779208831646886,0.43000000000000327,1473508706.11,66724899,0,21.95,23.14,20.92,21.74
002778,中晟高科,21.54,-0.046403712296991015,-0.010000000000001563,68702562.8,3183080,0,21.54,21.86,21.32,21.55
002779,中坚科技,108.64,-2.8959599570968853,-3.239999999999995,486256026.84,4443176,0,111.82,112.47,107.59,111.88
002780,三夫户外,14.55,-0.2741603838245315,-0.03999999999999915,128155043.39,8728173,0,14.64,14.85,14.44,14.59
002782,可立克,19.45,1.3020833333333335,0.25,453321048.93,23380226,0,19.37,20.06,18.82,19.2
002783,凯龙股份,9.68,-1.325178389398581,-0.13000000000000078,135090822.8,13854800,0,9.8,9.88,9.65,9.81
002785,万里石,37.0,-0.5376344086021582,-0.20000000000000284,324708835.6,8784565,0,37.3,37.8,36.1,37.2
002786,银宝山新,8.9,-2.19780219780219,-0.1999999999999993,125159029.03,13972099,0,9.1,9.12,8.87,9.1
002787,华源控股,12.42,0.16129032258064172,0.019999999999999574,169135366.0,13482300,0,12.51,12.86,12.32,12.4
002788,鹭燕医药,26.45,-3.042521994134904,-0.8300000000000018,1335232297.68,49629969,0,27.84,28.29,25.03,27.28
002789,*ST建艺,10.05,-1.3738959764474856,-0.1399999999999988,52763180.9,5228630,0,10.21,10.25,9.97,10.19
002790,瑞尔特,8.56,0.0,0.0,104409679.92,12043652,0,8.6,8.77,8.54,8.56
002791,坚朗五金,21.74,-1.181818181818189,-0.26000000000000156,121779630.03,5569162,0,22.07,22.1,21.71,22.0
002792,通宇通讯,70.26,5.0852527669757785,3.4000000000000057,10901614209.29,166121946,0,68.38,73.35,60.17,66.86
002793,罗欣药业,5.02,0.6012024048096064,0.02999999999999936,118648550.06,23406726,0,5.01,5.14,4.99,4.99
002795,永和智控,7.16,-2.0519835841313196,-0.14999999999999947,245546515.36,33724321,0,7.41,7.48,7.15,7.31
002796,世嘉科技,34.59,-1.312410841654761,-0.45999999999999375,973705442.03,27635992,0,35.0,36.38,34.4,35.05
002797,第一创业,7.13,-0.9722222222222262,-0.07000000000000028,653777053.23,90980484,0,7.23,7.26,7.11,7.2
002798,帝欧水华,6.36,-1.0886469673405816,-0.0699999999999994,75103066.48,11654756,0,6.44,6.55,6.35,6.43
002799,环球印务,9.64,-0.5159958720330127,-0.049999999999998934,188332057.86,19304822,0,9.7,10.05,9.47,9.69
002800,天顺股份,16.52,1.0397553516819458,0.16999999999999815,171189445.12,10261344,0,16.36,17.3,16.33,16.35
002801,微光股份,36.21,0.41597337770382303,0.14999999999999858,140934742.88,3871712,0,36.05,37.05,35.43,36.06
002802,洪汇新材,12.75,0.7905138339920921,0.09999999999999964,54148724.43,4252532,0,12.6,12.81,12.53,12.65
002803,吉宏股份,18.79,-3.293875450334537,-0.6400000000000006,461499698.88,24109020,0,19.75,19.75,18.73,19.43
002805,丰元股份,17.08,-3.5028248587570676,-0.620000000000001,362957617.25,20845851,0,17.74,17.94,17.03,17.7
002806,华锋股份,12.56,-0.158982511923685,-0.019999999999999574,122191046.75,9705237,0,12.58,12.69,12.49,12.58
002807,江阴银行,4.58,0.2188183807439778,0.009999999999999787,204011996.84,44395272,0,4.56,4.63,4.56,4.57
002808,*ST恒久,5.12,-0.5825242718446649,-0.03000000000000025,12086623.0,2373720,0,5.11,5.15,5.03,5.15
002809,红墙股份,10.87,0.09208103130754869,0.009999999999999787,48694675.56,4457687,0,10.9,11.0,10.8,10.86
002810,山东赫达,14.83,-1.3306719893546193,-0.1999999999999993,228162020.0,15132000,0,15.06,15.44,14.7,15.03
002811,郑中设计,16.04,-1.5950920245398867,-0.26000000000000156,119438538.0,7386800,0,16.33,16.47,15.97,16.3
002812,恩捷股份,52.8,0.208768267223381,0.10999999999999943,1780379822.49,33260927,0,52.69,54.39,52.64,52.69
002813,路畅科技,30.82,-2.313787638668781,-0.7300000000000004,229422124.0,7369040,0,31.57,31.99,30.6,31.55
002815,崇达技术,13.87,-4.410751206064787,-0.6400000000000006,728647117.77,51717637,0,14.56,14.56,13.85,14.51
002816,*ST和科,22.68,4.999999999999992,1.0799999999999983,49508053.0,2216200,0,21.78,22.68,21.78,21.6
002817,黄山胶囊,7.87,0.7682458386683803,0.0600000000000005,66021279.34,8392129,0,7.81,7.93,7.76,7.81
002818,富森美,11.28,-0.1769911504424898,-0.02000000000000135,56614935.49,4987656,0,11.3,11.44,11.25,11.3
002819,东方中科,29.94,-2.8237585199610433,-0.8699999999999974,284000437.38,9446643,0,30.62,30.66,29.7,30.81
002820,桂发祥,12.27,-1.8400000000000034,-0.23000000000000043,128621486.0,10360100,0,12.51,12.64,12.22,12.5
002821,凯莱英,105.65,1.1101540817303195,1.1600000000000108,950855060.79,8890085,0,104.48,109.49,104.48,104.49
002822,*ST中装,3.89,5.135135135135133,0.18999999999999995,134327687.0,34971823,0,3.7,3.89,3.64,3.7
002823,凯中精密,16.4,-1.796407185628747,-0.3000000000000007,148506566.07,8980397,0,16.7,16.77,16.35,16.7
002824,和胜股份,19.2,-1.990811638591121,-0.39000000000000057,124161963.9,6385993,0,19.52,19.61,19.16,19.59
002825,纳尔股份,11.34,-3.89830508474577,-0.46000000000000085,126991537.28,11030772,0,11.8,11.8,11.32,11.8
002826,易明医药,18.71,3.085399449035825,0.5600000000000023,207528316.44,10985174,0,18.24,19.5,18.23,18.15
002827,高争民爆,38.05,-1.297016861219196,-0.5,209770088.0,5471300,0,38.48,38.89,37.99,38.55
002828,贝肯能源,11.83,3.4995625546806677,0.40000000000000036,445529217.51,37591551,0,11.62,12.19,11.59,11.43
002829,星网宇达,31.24,-9.997118985883038,-3.4700000000000024,797707457.79,25069287,0,34.0,34.0,31.24,34.71
002830,名雕股份,20.33,2.263581488933598,0.4499999999999993,99084259.0,4893700,0,20.0,20.87,19.77,19.88
002831,裕同科技,27.41,0.5871559633027528,0.16000000000000014,261699544.67,9585592,0,27.16,27.56,26.85,27.25
002832,比音勒芬,15.38,-0.9020618556700953,-0.1399999999999988,112054989.11,7264277,0,15.52,15.55,15.34,15.52
002833,弘亚数控,16.73,0.23966446974235558,0.03999999999999915,98827551.62,5908298,0,16.69,16.87,16.47,16.69
002835,同为股份,16.81,-1.117647058823537,-0.19000000000000128,58754860.0,3468200,0,16.99,17.07,16.79,17.0
002836,新宏泽,15.49,-3.1874999999999987,-0.5099999999999998,121546441.04,7726192,0,16.14,16.14,15.31,16.0
002837,英维克,96.69,-3.3872901678657077,-3.3900000000000006,5240914631.44,52791913,0,99.85,102.66,96.2,100.08
002838,道恩股份,27.79,-1.9061066007765592,-0.5399999999999991,300671992.09,10715303,0,28.64,28.66,27.49,28.33
002839,张家港行,4.54,0.0,0.0,152678903.4,33530960,0,4.54,4.58,4.53,4.54
002840,华统股份,9.7,-1.0204081632653206,-0.10000000000000142,129592378.88,13281866,0,9.82,9.83,9.68,9.8
002841,视源股份,41.87,-1.5055281110326997,-0.6400000000000006,287657578.29,6831270,0,42.51,42.6,41.73,42.51
002842,翔鹭钨业,15.9,-1.9728729963008542,-0.3199999999999985,617010979.28,38308224,0,16.26,16.42,15.76,16.22
002843,泰嘉股份,21.37,-3.738738738738731,-0.8299999999999983,340630709.04,15722696,0,21.76,22.13,21.31,22.2
002845,同兴达,14.47,-2.493261455525601,-0.3699999999999992,122110725.95,8350745,0,14.83,14.83,14.45,14.84
002846,英联股份,16.58,-2.5851938895417232,-0.4400000000000013,177613716.4,10559020,0,16.99,17.09,16.53,17.02
002847,盐津铺子,73.95,-2.3117569352708056,-1.75,351055277.12,4705754,0,75.64,75.71,73.71,75.7
002848,*ST高斯,10.78,0.0,0.0,158312387.8,14512025,0,10.78,11.28,10.31,10.78
002849,威星智能,17.71,-2.2626931567328925,-0.41000000000000014,349720755.32,19425535,0,18.17,18.43,17.64,18.12
002850,科达利,161.39,-0.4564238573983896,-0.7400000000000091,924604955.38,5680174,0,161.96,166.88,160.28,162.13
002851,麦格米特,96.79,-2.6844962799115097,-2.6699999999999875,2135624266.37,21478745,0,98.96,104.58,96.2,99.46
002852,道道全,10.99,-0.7226738934056014,-0.08000000000000007,93644039.22,8406615,0,11.06,11.29,10.98,11.07
002853,皮阿诺,22.59,-0.9210526315789511,-0.21000000000000085,207536486.0,9178368,0,22.8,23.11,22.0,22.8
002855,捷荣技术,16.85,-1.2309495896834544,-0.2099999999999973,62700334.0,3705700,0,17.06,17.15,16.73,17.06
002856,美芝股份,14.22,-2.6027397260273903,-0.379999999999999,259628579.96,17827403,0,14.44,15.3,14.14,14.6
002857,三晖电气,22.68,-1.6905071521456463,-0.39000000000000057,164265504.8,7182520,0,23.1,23.25,22.37,23.07
002858,力盛体育,17.08,-1.7826336975273276,-0.3100000000000023,372220523.94,21382800,0,17.4,17.97,17.01,17.39
002859,洁美科技,29.8,-3.963905897518532,-1.2300000000000004,133183324.4,4413200,0,31.03,31.03,29.6,31.03
002860,星帅尔,13.68,-2.3554603854389726,-0.33000000000000007,189479662.33,13731787,0,14.05,14.05,13.65,14.01
002861,瀛通通讯,18.95,-0.9926854754441028,-0.19000000000000128,174405729.0,9259800,0,19.19,19.31,18.44,19.14
002862,实丰文化,20.98,-3.540229885057469,-0.7699999999999996,261329552.2,12261840,0,22.07,22.23,20.77,21.75
002863,今飞凯达,5.89,0.1700680272108807,0.009999999999999787,152747035.12,25984065,0,5.89,5.94,5.79,5.88
002864,盘龙药业,34.96,2.1923414206372405,0.75,472016912.86,13337613,0,34.18,36.19,34.0,34.21
002865,钧达股份,80.09,9.9986265622854,7.280000000000001,4146196222.13,55228874,0,68.5,80.09,68.45,72.81
002866,传艺科技,19.42,1.8353434714210877,0.3500000000000014,578836863.9,29526650,0,19.12,20.98,18.7,19.07
002867,周大生,12.48,0.0,0.0,131292151.56,10469001,0,12.48,12.65,12.43,12.48
002868,*ST绿康,35.71,-0.2513966480446825,-0.0899999999999963,49308132.0,1381400,0,35.8,36.37,35.25,35.8
002869,金溢科技,24.98,-1.0693069306930676,-0.2699999999999996,268250103.74,10612660,0,25.28,25.85,24.6,25.25
002870,香山股份,37.24,-2.8943937418513674,-1.1099999999999994,187141640.0,4957100,0,38.43,38.65,37.18,38.35
002871,伟隆股份,19.26,0.417101147028164,0.08000000000000185,116756508.95,5983786,0,19.19,20.06,18.8,19.18
002872,ST天圣,4.87,-1.0162601626016223,-0.04999999999999982,19375761.0,3967750,0,4.92,4.92,4.85,4.92
002873,新天药业,10.35,0.5830903790087512,0.0600000000000005,77984679.9,7498492,0,10.34,10.51,10.25,10.29
002875,安奈儿,17.51,-1.6292134831460625,-0.28999999999999915,142276788.84,7973245,0,17.8,18.38,17.46,17.8
002876,三利谱,24.32,-1.8563357546408428,-0.46000000000000085,82672517.54,3366452,0,24.73,24.85,24.28,24.78
002877,智能自控,9.47,-1.7634854771784225,-0.16999999999999993,133930967.63,14060347,0,9.64,9.68,9.43,9.64
002878,元隆雅图,20.95,-0.7579346281383238,-0.16000000000000014,920300145.0,43393445,0,21.52,22.18,20.55,21.11
002879,长缆科技,18.76,-3.3487892838742845,-0.6499999999999986,188334539.6,9937140,0,19.43,19.43,18.59,19.41
002880,卫光生物,26.22,0.4212945231711966,0.10999999999999943,58940074.68,2235320,0,26.18,26.6,26.07,26.11
002881,美格智能,51.05,-0.6229316721822081,-0.3200000000000003,1570087014.59,30371009,0,51.87,53.17,49.98,51.37
002882,金龙羽,36.77,7.514619883040936,2.5700000000000003,1211968734.29,33433336,0,35.55,37.62,34.7,34.2
002883,中设股份,11.13,0.0,0.0,43668675.62,3914680,0,11.15,11.26,11.01,11.13
002884,凌霄泵业,17.4,-0.5145797598627779,-0.08999999999999986,50991281.26,2918526,0,17.49,17.55,17.37,17.49
002885,京泉华,27.74,-0.46645138141371567,-0.13000000000000256,1232398160.59,44825529,0,27.62,28.66,26.41,27.87
002886,沃特股份,22.8,-2.896081771720612,-0.6799999999999997,275005247.2,11938360,0,23.46,23.46,22.78,23.48
002887,绿茵生态,9.39,0.0,0.0,33295254.75,3542430,0,9.39,9.46,9.32,9.39
002888,惠威科技,20.65,0.24271844660192793,0.04999999999999716,190006104.2,9150340,0,20.7,21.17,20.38,20.6
002889,东方嘉盛,15.55,-1.5199493350221562,-0.23999999999999844,89516471.14,5697330,0,15.8,15.88,15.53,15.79
002890,弘宇股份,14.66,0.41095890410959246,0.0600000000000005,30567899.22,2074650,0,14.64,14.85,14.48,14.6
002891,中宠股份,52.14,-2.08450704225352,-1.1099999999999994,216097746.42,4105877,0,53.22,53.3,52.01,53.25
002892,科力尔,13.39,-1.904761904761903,-0.2599999999999998,265911124.52,19676306,0,13.65,13.75,13.36,13.65
002893,京能热力,11.53,-0.34572169403630876,-0.040000000000000924,120380162.45,10409235,0,11.58,11.66,11.46,11.57
002895,川恒股份,37.52,0.8602150537634415,0.3200000000000003,584945113.56,15507651,0,37.2,38.64,37.15,37.2
002896,中大力德,87.22,-3.0781197910878944,-2.769999999999996,987327635.87,11079084,0,90.0,91.4,86.98,89.99
002897,意华股份,52.0,-4.059040590405909,-2.200000000000003,511070386.63,9709524,0,54.01,54.01,51.8,54.2
002898,*ST赛隆,14.09,1.8799710773680387,0.2599999999999998,22211969.58,1584281,0,13.85,14.25,13.72,13.83
002899,英派斯,31.89,-0.21902377972465673,-0.07000000000000028,247859428.0,7733600,0,32.3,32.97,31.58,31.96
002900,哈三联,13.54,3.3587786259541943,0.4399999999999995,206521402.0,15162750,0,13.12,14.0,13.12,13.1
002901,大博医疗,51.85,1.7664376840039224,0.8999999999999986,255100761.14,4926873,0,51.3,52.86,50.8,50.95
002902,铭普光磁,22.0,-4.80311553440069,-1.1099999999999994,417081621.19,18648950,0,23.1,23.11,21.9,23.11
002903,宇环数控,25.45,2.4144869215291664,0.5999999999999979,375770095.8,14564465,0,24.73,26.66,24.71,24.85
002905,金逸影视,11.42,-1.381692573402419,-0.16000000000000014,219958768.84,19048084,0,11.57,11.83,11.28,11.58
002906,华阳集团,33.02,-1.9887206886316253,-0.6699999999999946,418477597.38,12587480,0,33.61,33.68,32.89,33.69
002907,华森制药,15.8,2.664067576348279,0.41000000000000014,178433886.86,11255723,0,15.41,16.12,15.39,15.39
002908,德生科技,10.85,-5.157342657342657,-0.5899999999999999,439579167.54,39846976,0,11.38,11.38,10.8,11.44
002909,集泰股份,7.18,-1.237964236588719,-0.08999999999999986,177189182.69,24518081,0,7.29,7.3,7.14,7.27
002910,庄园牧场,11.89,-1.0815307820299418,-0.129999999999999,256822104.99,21339900,0,11.9,12.22,11.81,12.02
002911,佛燃能源,12.46,0.4838709677419395,0.0600000000000005,128180945.79,10277920,0,12.39,12.55,12.36,12.4
002912,中新赛克,33.58,-2.779386218876667,-0.9600000000000009,261328408.9,7655080,0,34.6,34.79,33.45,34.54
002913,奥士康,41.18,-2.8085909841869197,-1.1899999999999977,186872359.74,4498100,0,42.37,42.68,40.86,42.37
002915,中欣氟材,23.66,-4.171729445119486,-1.0300000000000011,375254646.05,15559274,0,24.66,24.66,23.56,24.69
002916,深南电路,220.27,-3.1992968578334433,-7.280000000000001,2032634171.19,9115054,0,225.03,228.8,219.2,227.55
002917,金奥博,13.64,-0.2923976608187072,-0.03999999999999915,97661506.08,7121992,0,13.68,13.83,13.56,13.68
002918,蒙娜丽莎,16.01,-2.378048780487787,-0.389999999999997,106754134.34,6577795,0,16.47,16.5,15.97,16.4
002919,名臣健康,23.65,0.5954912803062399,0.13999999999999702,316156174.16,13109286,0,23.5,24.8,23.49,23.51
002920,德赛西威,135.6,-2.319550497046534,-3.219999999999999,2292230435.67,16778138,0,137.0,140.21,134.0,138.82
002921,联诚精密,18.31,1.6093229744728033,0.28999999999999915,168938469.05,9200764,0,18.0,18.88,17.65,18.02
002922,伊戈尔,37.77,6.997167138810216,2.470000000000006,1707200220.44,46929541,0,35.0,38.83,34.11,35.3
002923,润都股份,12.75,0.0,0.0,78896831.48,6123680,0,12.79,13.09,12.68,12.75
002925,盈趣科技,21.49,-1.602564102564109,-0.3500000000000014,958730347.01,44472072,0,22.54,22.54,21.02,21.84
002926,华西证券,9.44,-0.7360672975814961,-0.07000000000000028,225713495.0,23776852,0,9.52,9.57,9.42,9.51
002927,泰永长征,23.04,-6.493506493506499,-1.6000000000000014,631393201.92,27457593,0,23.89,24.27,22.2,24.64
002928,华夏航空,10.65,-2.2038567493112966,-0.2400000000000002,205024265.2,19043935,0,10.83,10.98,10.63,10.89
002929,润建股份,46.09,-4.178794178794175,-2.009999999999998,920751708.27,19500287,0,48.59,48.69,45.8,48.1
002930,宏川智慧,10.93,-1.7969451931716178,-0.20000000000000107,111604393.18,10085820,0,11.14,11.25,10.91,11.13
002931,锋龙股份,61.79,10.005340929321697,5.619999999999997,79489745.5,1286450,0,61.79,61.79,61.79,56.17
002932,明德生物,19.03,1.1695906432748668,0.22000000000000242,121194040.74,6369065,0,18.82,19.27,18.72,18.81
002933,新兴装备,36.22,-4.179894179894176,-1.5799999999999983,210564192.0,5751000,0,37.6,37.6,36.1,37.8
002935,天奥电子,25.85,1.4919513152728803,0.38000000000000256,1230950893.59,48899413,0,25.73,26.81,23.73,25.47
002936,郑州银行,1.96,0.5128205128205132,0.010000000000000009,229315357.7,117194834,0,1.95,1.97,1.94,1.95
002937,兴瑞科技,23.99,-3.7319422150882957,-0.9300000000000033,175135579.96,7216015,0,24.83,24.83,23.92,24.92
002938,鹏鼎控股,51.84,-0.13484877672894083,-0.06999999999999318,1991830005.97,37631577,0,51.9,54.3,51.62,51.91
002939,长城证券,10.38,-1.3307984790874412,-0.1399999999999988,526537482.84,50130484,0,10.56,10.63,10.35,10.52
002940,昂利康,36.98,-4.345576823590274,-1.6799999999999997,837633967.96,21703973,0,39.73,41.75,36.95,38.66
002941,新疆交建,16.63,-1.8299881936245705,-0.3100000000000023,406130966.61,24145425,0,16.97,17.1,16.61,16.94
002942,新农股份,20.4,0.44313146233382505,0.08999999999999986,76266160.7,3717770,0,20.49,20.85,20.16,20.31
002943,宇晶股份,55.01,-3.151408450704224,-1.7899999999999991,988109457.81,18369888,0,53.02,57.2,51.36,56.8
002945,华林证券,18.89,3.4501642935377816,0.629999999999999,2021341480.46,104520312,0,18.3,20.09,18.2,18.26
002946,新乳业,18.33,-1.821103374397447,-0.3400000000000034,115060980.13,6195805,0,18.66,19.01,18.27,18.67
002947,恒铭达,49.04,-3.2741617357002046,-1.6600000000000037,432240712.32,8706974,0,50.71,50.76,48.79,50.7
002948,青岛银行,4.43,0.0,0.0,262232371.73,59041824,0,4.43,4.47,4.42,4.43
002949,华阳国际,15.53,-2.1424070573408938,-0.33999999999999986,63768286.0,4060300,0,15.88,16.08,15.5,15.87
002950,奥美医疗,12.06,2.8132992327365733,0.33000000000000007,290566539.29,23924707,0,11.73,12.39,11.73,11.73
002951,金时科技,14.55,-2.870493991989317,-0.4299999999999997,81043427.4,5517114,0,15.02,15.02,14.49,14.98
002952,亚世光电,21.24,-3.5422343324250734,-0.7800000000000011,105449035.0,4907100,0,21.94,21.97,21.15,22.02
002953,日丰股份,12.01,-1.6380016380016467,-0.20000000000000107,144965999.24,11969524,0,12.22,12.28,11.97,12.21
002955,鸿合科技,29.38,-2.8117763810784036,-0.8500000000000014,158960945.57,5313573,0,30.3,30.54,29.3,30.23
002956,西麦食品,27.18,-2.1598272138228993,-0.6000000000000014,58025583.15,2096619,0,27.97,28.2,27.1,27.78
002957,科瑞技术,22.07,-3.286590709903593,-0.75,328739173.36,14650914,0,22.75,22.96,22.0,22.82
002958,青农商行,3.13,0.6430868167202578,0.020000000000000018,220687035.09,70501793,0,3.11,3.15,3.1,3.11
002959,小熊电器,44.06,-0.11335298118339869,-0.04999999999999716,100598244.3,2276490,0,44.12,44.54,43.85,44.11
002960,青鸟消防,11.15,-1.675485008818338,-0.1899999999999995,198925444.09,17647529,0,11.34,11.51,11.12,11.34
002961,瑞达期货,25.55,-5.300222386953298,-1.4299999999999997,442928437.31,17001811,0,26.83,26.83,25.38,26.98
002962,五方光电,14.77,-1.6644474034620507,-0.25,58388484.74,3923150,0,15.04,15.08,14.75,15.02
002963,豪尔赛,14.81,-1.5292553191489273,-0.22999999999999865,52960712.0,3546300,0,15.05,15.09,14.77,15.04
002965,祥鑫科技,41.7,-2.2503516174402103,-0.9599999999999937,503761607.29,11854703,0,42.67,43.58,41.52,42.66
002966,苏州银行,8.25,1.2269938650306704,0.09999999999999964,381895255.03,46477786,0,8.14,8.27,8.14,8.15
002967,广电计量,24.47,0.8240626287597829,0.1999999999999993,770738901.69,31655575,0,24.26,25.26,23.39,24.27
002968,新大正,12.42,-0.9569377990430561,-0.11999999999999922,48213958.85,3886130,0,12.61,12.63,12.27,12.54
002969,嘉美包装,17.72,6.875753920386011,1.1400000000000006,2467690196.66,138062225,0,18.24,18.24,16.55,16.58
002970,锐明技术,53.67,-4.722172909639618,-2.6599999999999966,396841242.99,7264153,0,56.33,56.33,53.56,56.33
002971,和远气体,30.77,-3.8737894407997455,-1.2399999999999984,247116955.74,7944938,0,31.7,31.81,30.68,32.01
002972,科安达,12.04,-0.986842105263166,-0.120000000000001,37652413.6,3107960,0,12.18,12.24,11.96,12.16
002973,侨银股份,13.89,-1.8374558303886912,-0.2599999999999998,59063115.0,4189550,0,14.4,14.41,13.84,14.15
002975,博杰股份,77.39,-2.8983688833124246,-2.3100000000000023,347134991.94,4420177,0,79.32,80.33,77.0,79.7
002976,瑞玛精密,28.13,-2.7652955409609428,-0.8000000000000007,110424284.2,3884598,0,28.94,28.94,28.09,28.93
002977,天箭科技,36.4,-9.9455714992578,-4.020000000000003,539883803.48,14531160,0,40.0,40.0,36.38,40.42
002978,安宁股份,37.35,1.1646803900325018,0.4299999999999997,539879374.75,14374891,0,36.68,38.77,36.32,36.92
002979,雷赛智能,44.69,-0.6668148477439525,-0.30000000000000426,628450038.53,13984086,0,45.0,45.9,43.8,44.99
002980,华盛昌,22.04,-1.6510486390004506,-0.370000000000001,65968543.47,2971163,0,22.41,22.56,21.96,22.41
002981,朝阳科技,29.6,-2.7275714755175757,-0.8299999999999983,107711757.8,3597340,0,30.48,30.48,29.55,30.43
002982,湘佳股份,13.91,-1.277501774308018,-0.17999999999999972,41666844.4,2972164,0,14.11,14.14,13.89,14.09
002983,芯瑞达,23.24,-2.3529411764705976,-0.5600000000000023,125455488.57,5352691,0,23.75,23.75,23.15,23.8
002984,森麒麟,20.98,-1.2705882352941158,-0.2699999999999996,379884702.12,17902984,0,21.21,21.6,20.91,21.25
002985,北摩高科,34.43,-3.8268156424580937,-1.3699999999999974,927429275.55,26266371,0,37.8,37.82,34.18,35.8
002986,宇新股份,11.06,-0.8071748878923753,-0.08999999999999986,48246971.46,4336720,0,11.14,11.23,11.04,11.15
002987,京北方,21.22,-2.5264124942581567,-0.5500000000000007,677110732.09,31386655,0,21.94,22.0,21.16,21.77
002988,豪美新材,39.51,-1.225000000000005,-0.490000000000002,119322908.0,2987000,0,39.88,40.5,39.38,40.0
002989,中天精装,31.58,-2.560937982104284,-0.8299999999999983,169707473.0,5298000,0,32.31,32.67,31.41,32.41
002990,盛视科技,30.72,-2.134437719018801,-0.6700000000000017,170545784.56,5467762,0,31.4,31.69,30.62,31.39
002991,甘源食品,61.96,-1.930990819879707,-1.2199999999999989,90679483.2,1457832,0,63.19,63.3,61.55,63.18
002992,宝明科技,46.88,-4.170073589533931,-2.039999999999999,163031207.0,3419900,0,48.87,48.89,46.88,48.92
002993,奥海科技,45.35,-5.4223149113660085,-2.6000000000000014,360481407.9,7793400,0,47.76,47.88,45.14,47.95
002995,天地在线,19.3,-2.6727181038829935,-0.5299999999999976,221018107.45,11307829,0,19.97,19.99,19.17,19.83
002996,顺博合金,7.82,-0.38216560509553327,-0.02999999999999936,123501155.3,15658980,0,7.84,7.98,7.79,7.85
002997,瑞鹄模具,37.1,-1.8778101031473176,-0.7100000000000009,132331716.5,3518845,0,37.73,38.1,37.01,37.81
002998,优彩资源,7.63,-0.6510416666666643,-0.04999999999999982,48266159.37,6279798,0,7.71,7.76,7.6,7.68
002999,天禾股份,6.92,0.0,0.0,65946180.0,9457800,0,6.92,7.08,6.88,6.92
003000,劲仔食品,11.6,-1.0238907849829437,-0.120000000000001,86203830.51,7342434,0,11.78,11.88,11.57,11.72
003001,中岩大地,21.45,-4.241071428571426,-0.9499999999999993,119387143.27,5465082,0,22.4,22.44,21.42,22.4
003002,壶化股份,30.08,-0.16594756057086196,-0.05000000000000071,139820130.0,4619200,0,30.01,30.63,29.9,30.13
003003,天元股份,13.3,-1.3353115727002947,-0.17999999999999972,104531775.36,7797612,0,13.48,13.57,13.25,13.48
003004,*ST声迅,28.24,4.981412639405204,1.3399999999999999,77214361.12,2765612,0,26.92,28.25,26.62,26.9
003005,竞业达,22.41,-0.48845470692717335,-0.10999999999999943,400429351.2,17534382,0,22.75,23.3,22.09,22.52
003006,百亚股份,21.01,-1.6385767790262074,-0.34999999999999787,209271187.43,9771599,0,21.33,21.79,20.96,21.36
003007,直真科技,54.34,10.00000000000001,4.940000000000005,401377257.66,7400599,0,54.34,54.34,52.34,49.4
003008,开普检测,22.51,0.0,0.0,50774369.7,2259630,0,22.53,22.65,22.21,22.51
003009,中天火箭,88.83,-10.000000000000005,-9.870000000000005,839317707.12,9352117,0,97.72,97.72,88.83,98.7
003010,若羽臣,37.74,-4.358844399391786,-1.7199999999999989,462912784.25,11881876,0,40.54,40.79,37.57,39.46
003011,海象新材,22.24,0.40632054176072174,0.08999999999999986,81224719.48,3616816,0,22.3,22.74,22.16,22.15
003012,东鹏控股,6.75,-0.5891016200294555,-0.040000000000000036,58103066.2,8571328,0,6.79,6.81,6.74,6.79
003013,地铁设计,14.61,-1.3504388926401152,-0.20000000000000107,54469448.7,3701401,0,14.82,14.85,14.56,14.81
003015,日久光电,15.79,-2.6510480887792833,-0.4299999999999997,136803084.0,8559000,0,16.35,16.35,15.76,16.22
003016,欣贺股份,9.34,-4.106776180698155,-0.40000000000000036,149929520.12,15723444,0,9.71,9.76,9.32,9.74
003017,大洋生物,31.45,0.44714148834238443,0.14000000000000057,146820667.8,4640900,0,31.4,31.98,31.2,31.31
003018,金富科技,17.19,-3.372681281618875,-0.5999999999999979,144731079.0,8343100,0,17.79,17.85,17.13,17.79
003019,宸展光电,34.36,-1.9126463031687173,-0.6700000000000017,227728636.14,6528210,0,35.09,35.6,34.27,35.03
003020,立方制药,28.07,-0.3196022727272722,-0.08999999999999986,112227125.64,3971260,0,28.16,28.5,28.02,28.16
003021,兆威机电,124.7,-2.578124999999998,-3.299999999999997,1050751217.92,8315949,0,127.0,130.18,123.12,128.0
003022,联泓新科,20.19,-0.34550839091806657,-0.07000000000000028,276838529.3,13700754,0,20.25,20.54,19.96,20.26
003023,彩虹集团,23.06,-0.30263726761781357,-0.07000000000000028,57860621.4,2496410,0,23.23,23.35,22.94,23.13
003025,思进智能,14.63,-0.5438477226376619,-0.08000000000000007,71071831.82,4838600,0,14.7,14.83,14.54,14.71
003026,中晶科技,31.42,-2.3009950248756064,-0.7399999999999949,108034334.6,3396230,0,32.28,32.28,31.36,32.16
003027,同兴科技,22.48,-1.2302284710017624,-0.28000000000000114,116789252.0,5180350,0,22.76,23.12,22.25,22.76
003028,振邦智能,31.17,0.032092426187424784,0.010000000000001563,57541883.6,1839041,0,31.08,31.71,30.88,31.16
003029,吉大正元,27.74,-4.967454607742387,-1.4500000000000028,409063811.53,14469593,0,29.06,29.24,27.67,29.19
003030,祖名股份,20.59,1.7292490118577146,0.3500000000000014,64949635.0,3141800,0,20.24,21.28,20.2,20.24
003031,中瓷电子,78.39,-3.0906168871306714,-2.5,910002861.05,11577736,0,80.08,81.11,76.58,80.89
003032,*ST传智,6.42,-1.0785824345146422,-0.07000000000000028,35488554.0,5504600,0,6.49,6.49,6.41,6.49
003033,征和工业,69.6,-3.279599777654252,-2.3599999999999994,175122249.0,2470500,0,71.28,72.27,69.33,71.96
003035,南网能源,4.79,-0.2083333333333289,-0.009999999999999787,91757535.0,19187100,0,4.79,4.82,4.75,4.8
003036,泰坦股份,16.18,0.6845052893590506,0.10999999999999943,76665707.16,4723534,0,16.12,16.52,15.86,16.07
003037,三和管桩,8.08,-3.5799522673031112,-0.3000000000000007,189209092.2,23256014,0,8.34,8.36,8.05,8.38
003038,鑫铂股份,16.18,-1.1002444987775044,-0.17999999999999972,101118003.28,6192559,0,16.37,16.55,16.08,16.36
003039,顺控发展,17.25,4.672330097087376,0.7699999999999996,505482262.14,29488370,0,16.48,17.6,16.25,16.48
003040,楚天龙,19.69,-5.154142581888248,-1.0700000000000003,492564070.12,24463300,0,20.93,20.99,19.63,20.76
003041,真爱美家,70.44,9.993753903810104,6.3999999999999915,671739503.72,9628926,0,70.44,70.44,66.66,64.04
003042,中农联合,16.32,0.4926108374384351,0.08000000000000185,68936248.36,4210150,0,16.24,16.58,16.08,16.24
003043,华亚智能,49.67,0.1815248083904869,0.09000000000000341,156145219.5,3122658,0,49.66,51.8,49.37,49.58
003816,中国广核,3.89,-0.7653061224489747,-0.029999999999999805,648184825.95,166188300,0,3.93,3.94,3.87,3.92
300001,特锐德,28.41,4.027828634199932,1.1000000000000014,1778186131.27,63332542,0,27.34,29.46,26.7,27.31
300002,神州泰岳,13.16,-0.9036144578313196,-0.11999999999999922,2895148726.17,217449187,0,13.5,13.92,12.78,13.28
300003,乐普医疗,20.3,-0.9272816007808576,-0.18999999999999773,2670881714.32,131271082,0,20.92,21.12,19.78,20.49
300004,南风股份,13.15,-8.36236933797909,-1.1999999999999993,716789849.13,53383705,0,14.14,14.15,12.98,14.35
300005,探路者,12.95,1.5686274509803866,0.1999999999999993,706467350.32,54806763,0,12.73,13.19,12.46,12.75
300006,莱美药业,5.29,0.18939393939393534,0.009999999999999787,336957626.39,62677708,0,5.28,5.5,5.24,5.28
300007,汉威科技,59.48,-4.219001610305965,-2.6200000000000045,2039649578.74,33665957,0,62.12,62.77,59.05,62.1
300008,天海防务,8.61,-6.717226435536306,-0.620000000000001,2030638615.55,232522489,0,9.2,9.2,8.55,9.23
300009,安科生物,10.85,4.3269230769230695,0.4499999999999993,1011052691.05,92604368,0,10.48,11.18,10.46,10.4
300010,豆神教育,8.69,-1.8079096045197758,-0.16000000000000014,3150139923.36,354401361,0,8.9,9.2,8.45,8.85
300011,鼎汉技术,8.94,-1.3245033112582891,-0.120000000000001,135136843.21,14992933,0,9.1,9.18,8.89,9.06
300012,华测检测,14.59,-1.4854827819041232,-0.22000000000000064,587558311.74,39870733,0,14.88,14.91,14.55,14.81
300013,新宁物流,4.09,-0.24390243902438508,-0.009999999999999787,83046171.72,20228852,0,4.1,4.14,4.06,4.1
300014,亿纬锂能,66.49,-2.521624395249962,-1.7199999999999989,4687330031.65,69351242,0,68.21,69.78,66.36,68.21
300015,爱尔眼科,11.8,1.4617368873602745,0.16999999999999993,2296365348.64,192856973,0,11.66,12.15,11.54,11.63
300016,北陆药业,9.85,4.343220338983053,0.41000000000000014,788538775.06,79551883,0,9.49,10.5,9.25,9.44
300017,网宿科技,11.69,-3.7067545304777685,-0.45000000000000107,1974738431.48,166230050,0,12.2,12.21,11.64,12.14
300018,中元股份,12.55,0.1596169193934665,0.02000000000000135,420039793.22,33437901,0,12.42,12.87,12.1,12.53
300019,硅宝科技,21.83,-3.8749449581682187,-0.8800000000000026,407514529.66,18453379,0,22.72,22.73,21.8,22.71
300020,ST银江,3.92,0.0,0.0,104604431.0,26511700,0,3.93,4.03,3.83,3.92
300021,大禹节水,4.79,0.4192872117400517,0.020000000000000462,160839864.6,33509729,0,4.77,4.86,4.73,4.77
300022,吉峰科技,8.23,0.7343941248470073,0.0600000000000005,181178285.57,21966052,0,8.17,8.35,8.13,8.17
300024,机器人,18.62,-3.4733022291342572,-0.6699999999999982,1144169515.26,60503759,0,19.3,19.3,18.54,19.29
300025,华星创业,6.18,-2.6771653543307075,-0.16999999999999993,90491740.08,14486796,0,6.34,6.36,6.17,6.35
300026,红日药业,3.74,1.9073569482288906,0.07000000000000028,340892406.53,90931561,0,3.69,3.8,3.67,3.67
300027,华谊兄弟,2.35,-1.673640167364018,-0.040000000000000036,323348924.19,136290235,0,2.39,2.43,2.33,2.39
300029,*ST天龙,5.65,-0.5281690140844958,-0.02999999999999936,22327401.0,3932500,0,5.7,5.77,5.62,5.68
300030,阳普医疗,8.38,2.4449877750611377,0.20000000000000107,164549460.28,19507744,0,8.18,8.57,8.17,8.18
300031,宝通科技,24.99,-0.7151370679380344,-0.18000000000000327,1045561009.14,41187496,0,25.6,26.26,24.68,25.17
300032,金龙机电,5.45,-1.97841726618704,-0.10999999999999943,176609565.4,32094845,0,5.56,5.59,5.42,5.56
300033,同花顺,393.99,0.157612425960293,0.6200000000000045,9757517577.36,24381880,0,400.0,414.14,389.0,393.37
300034,钢研高纳,20.61,-7.53701211305518,-1.6799999999999997,1196376819.71,57050357,0,22.05,22.09,20.54,22.29
300035,中科电气,21.99,-2.179715302491112,-0.490000000000002,944739785.23,42484688,0,22.49,22.71,21.87,22.48
300036,超图软件,21.29,-2.0699172033118645,-0.4499999999999993,1254880197.65,58169111,0,22.56,22.8,20.9,21.74
300037,新宙邦,54.64,0.0,0.0,1315555270.46,24033134,0,54.73,55.96,53.8,54.64
300039,上海凯宝,6.33,1.4423076923076898,0.08999999999999986,318877803.53,50058064,0,6.29,6.44,6.28,6.24
300040,九洲集团,6.62,3.276131045241809,0.20999999999999996,317652954.88,48374700,0,6.42,6.9,6.3,6.41
300041,回天新材,11.79,-1.9950124688279323,-0.2400000000000002,281260612.62,23539335,0,12.05,12.19,11.76,12.03
300042,朗科科技,28.1,-3.6020583190394415,-1.0499999999999972,371365896.24,13012472,0,29.18,29.41,28.0,29.15
300043,星辉娱乐,7.02,5.089820359281435,0.33999999999999986,1637283660.41,232854856,0,6.81,7.71,6.54,6.68
300044,ST赛为,5.79,3.0249110320284682,0.16999999999999993,620789623.71,109871732,0,5.69,5.89,5.32,5.62
300045,华力创通,34.15,-8.738642437199367,-3.270000000000003,5517395736.61,158807838,0,38.0,38.6,32.58,37.42
300046,台基股份,36.23,-4.406332453825862,-1.6700000000000017,480126932.85,13020639,0,37.93,38.1,36.13,37.9
300047,天源迪科,14.1,-4.211956521739137,-0.620000000000001,817076570.15,56867377,0,14.8,14.86,14.03,14.72
300048,合康新能,6.94,-3.207810320781026,-0.22999999999999954,555055664.01,80183001,0,7.1,7.1,6.83,7.17
300049,福瑞医科,83.23,2.1226993865030725,1.730000000000004,806592205.47,9687303,0,81.88,85.5,81.41,81.5
300050,世纪鼎利,5.79,-2.5252525252525313,-0.15000000000000036,113388750.88,19395644,0,5.94,5.94,5.77,5.94
300051,琏升科技,7.98,-4.886769964243148,-0.41000000000000014,472815735.6,58611504,0,8.49,8.66,7.88,8.39
300052,ST中青宝,13.71,4.021244309559948,0.5300000000000011,270584739.34,19685821,0,13.22,14.47,13.07,13.18
300053,航宇微,21.74,-9.979296066252589,-2.41,3301173695.99,146163329,0,24.94,24.94,21.6,24.15
300054,鼎龙股份,43.46,-3.4007557234941124,-1.5300000000000011,1288526453.91,28923031,0,44.71,46.12,43.31,44.99
300055,万邦达,8.15,0.49321824907522727,0.040000000000000924,168093663.0,20429100,0,8.04,8.39,8.02,8.11
300056,中创环保,8.48,-2.6406429391504065,-0.23000000000000043,176692282.43,20629625,0,8.71,8.73,8.45,8.71
300057,万顺新材,5.84,-2.1775544388609696,-0.1299999999999999,195292526.29,33048898,0,6.0,6.03,5.83,5.97
300058,蓝色光标,20.69,0.3394762366634349,0.07000000000000028,28526492665.97,1327329691,0,22.5,23.87,18.66,20.62
300059,东方财富,24.52,-2.1157684630738567,-0.5300000000000011,13847554670.33,555375774,0,25.3,25.48,24.41,25.05
300061,旗天科技,11.28,-3.918228279386719,-0.46000000000000085,375343592.04,32779891,0,11.69,11.73,11.24,11.74
300062,中能电气,10.29,10.526315789473669,0.9799999999999986,1851493446.99,189266055,0,9.32,11.08,8.8,9.31
300063,天龙集团,15.62,19.96927803379416,2.5999999999999996,5110462277.66,329703354,0,15.61,15.62,14.8,13.02
300065,海兰信,24.11,-8.639636225843127,-2.280000000000001,4519930533.13,183272185,0,26.26,26.4,23.68,26.39
300066,三川智慧,6.71,-3.034682080924855,-0.20999999999999996,252033233.35,37205400,0,6.95,6.95,6.68,6.92
300067,安诺其,5.38,-4.270462633451961,-0.2400000000000002,333359644.46,60871623,0,5.6,5.62,5.37,5.62
300068,南都电源,16.53,-3.333333333333335,-0.5700000000000003,907928940.31,54449880,0,17.0,17.04,16.4,17.1
300069,金利华电,18.8,-0.5291005291005179,-0.09999999999999787,133660938.0,7093950,0,19.08,19.18,18.5,18.9
300070,碧水源,4.07,-0.24509803921568107,-0.009999999999999787,155958502.4,38348265,0,4.08,4.1,4.03,4.08
300071,福石控股,8.41,-5.823068309070544,-0.5199999999999996,3387171431.42,370325042,0,9.45,9.85,8.3,8.93
300072,海新能科,5.08,-5.046728971962609,-0.2699999999999996,576536709.79,111617869,0,5.3,5.34,5.05,5.35
300073,当升科技,59.56,-1.5699884316641808,-0.9499999999999957,1090026345.21,18168940,0,60.51,61.38,59.29,60.51
300074,华平股份,5.11,-1.5414258188824674,-0.08000000000000007,181624139.0,35245300,0,5.16,5.26,5.05,5.19
300075,数字政通,16.59,-2.1816037735849116,-0.370000000000001,530996956.12,31723189,0,17.25,17.29,16.5,16.96
300076,GQY视讯,8.32,-0.23980815347721313,-0.019999999999999574,245850545.0,29270500,0,8.48,8.6,8.07,8.34
300077,国民技术,21.89,-3.8224956063268936,-0.870000000000001,758799177.34,34141823,0,22.77,22.77,21.8,22.76
300078,思创医惠,5.68,20.084566596194485,0.9499999999999993,1198415729.41,227193960,0,4.88,5.68,4.72,4.73
300079,数码视讯,5.91,-3.114754098360648,-0.1899999999999995,478641715.93,79969351,0,6.1,6.15,5.88,6.1
300080,易成新能,5.1,-1.3539651837524234,-0.07000000000000028,198863807.0,38982350,0,5.17,5.2,5.04,5.17
300081,恒信东方,5.95,-5.405405405405403,-0.33999999999999986,387927337.03,64314407,0,6.24,6.25,5.9,6.29
300082,奥克股份,10.31,-3.7348272642390317,-0.40000000000000036,256498393.21,24436299,0,10.65,10.8,10.29,10.71
300083,创世纪,9.53,-3.3468559837728202,-0.33000000000000007,660102934.46,68395427,0,9.9,9.9,9.5,9.86
300084,海默科技,10.35,0.7789678675754632,0.08000000000000007,322198993.38,30879504,0,10.32,10.66,10.18,10.27
300085,银之杰,45.68,-6.470106470106478,-3.1600000000000037,3681085045.14,78826161,0,48.83,48.83,45.19,48.84
300086,康芝药业,11.42,-3.1382527565733604,-0.3699999999999992,1154696507.66,97278411,0,11.74,12.38,11.27,11.79
300087,荃银高科,10.41,-0.47801147227534135,-0.05000000000000071,483192043.94,45717722,0,10.48,10.75,10.38,10.46
300088,长信科技,6.34,-3.058103975535171,-0.20000000000000018,565845778.44,88391920,0,6.57,6.58,6.31,6.54
300091,*ST金灵,3.14,-4.559270516717322,-0.1499999999999999,244855537.15,75347757,0,3.4,3.4,3.13,3.29
300092,科新机电,17.1,-3.932584269662917,-0.6999999999999993,265508613.0,15384450,0,17.8,17.83,17.04,17.8
300093,*ST金刚,17.74,-5.487480021310608,-1.0300000000000011,153862488.7,8462620,0,18.77,19.37,17.69,18.77
300094,国联水产,3.98,-4.32692307692308,-0.18000000000000016,479227068.13,118858095,0,4.12,4.12,3.96,4.16
300095,华伍股份,12.0,-8.814589665653497,-1.1600000000000001,781696347.93,64337803,0,12.82,12.82,11.93,13.16
300096,ST易联众,7.45,0.811907983761847,0.0600000000000005,65708906.0,8743500,0,7.39,7.59,7.38,7.39
300097,ST智云,7.26,1.9662921348314562,0.13999999999999968,55924477.4,7716462,0,7.15,7.33,7.07,7.12
300098,高新兴,6.58,-4.49927431059506,-0.3099999999999996,996325125.37,149991647,0,6.93,6.93,6.55,6.89
300099,尤洛卡,8.0,-3.2648125755743598,-0.2699999999999996,319482491.46,39614523,0,8.26,8.26,7.98,8.27
300100,双林股份,40.06,-2.292682926829263,-0.9399999999999977,849593133.66,20949233,0,40.97,41.57,39.85,41.0
300101,振芯科技,31.3,-6.315474408859611,-2.109999999999996,1565435677.17,49624077,0,32.7,32.77,30.7,33.41
300102,乾照光电,36.28,-6.71123682180509,-2.6099999999999994,7620215197.99,208973807,0,38.76,39.59,34.01,38.89
300103,达刚控股,7.96,-0.6242197253433186,-0.04999999999999982,50746878.56,6346332,0,8.03,8.14,7.88,8.01
300105,龙源技术,7.45,0.4043126684636152,0.03000000000000025,120339684.19,16151165,0,7.42,7.57,7.3,7.42
300106,西部牧业,11.08,-1.8600531443755457,-0.20999999999999908,115624085.0,10291400,0,11.3,11.42,11.03,11.29
300107,建新股份,7.05,-1.8105849582172688,-0.1299999999999999,69802248.0,9835400,0,7.16,7.2,7.03,7.18
300108,*ST吉药,0.0,-100.0,-0.21,0.0,0,0,0.0,0.0,0.0,0.21
300109,新开源,17.68,1.4925373134328241,0.259999999999998,332163800.21,18749146,0,17.55,18.0,17.36,17.42
300110,华仁药业,3.34,1.5197568389057698,0.04999999999999982,157553462.08,46944924,0,3.29,3.42,3.28,3.29
300111,向日葵,6.88,-5.6241426611797,-0.41000000000000014,798695167.29,113290940,0,7.3,7.39,6.86,7.29
300112,万讯自控,8.95,-0.3340757238307476,-0.030000000000001137,64042698.0,7144900,0,8.98,9.05,8.85,8.98
300113,顺网科技,23.98,-2.7180527383367066,-0.6699999999999982,1611257021.68,66272092,0,25.05,25.22,23.58,24.65
300115,长盈精密,43.58,-4.114411441144124,-1.8700000000000045,5165865418.13,115520999,0,45.02,46.5,43.05,45.45
300117,*ST嘉寓,0.0,-100.0,-0.43,0.0,0,0,0.0,0.0,0.0,0.43
300118,东方日升,18.11,-7.128205128205131,-1.3900000000000006,3629677279.32,202262898,0,18.37,18.88,17.2,19.5
300119,瑞普生物,19.97,0.4527162977867196,0.08999999999999986,203787145.13,10092133,0,19.93,20.4,19.92,19.88
300120,经纬辉开,8.78,-2.9834254143646555,-0.27000000000000135,191156735.86,21574579,0,9.05,9.05,8.76,9.05
300121,阳谷华泰,13.04,-3.192279138827034,-0.4300000000000015,201117456.0,15188500,0,13.48,13.52,13.01,13.47
300122,智飞生物,20.15,0.34860557768924444,0.07000000000000028,1045233144.98,51359370,0,19.84,20.89,19.71,20.08
300123,亚光科技,9.1,-8.634538152610453,-0.8600000000000012,1980266527.32,209052092,0,10.28,10.42,9.06,9.96
300124,汇川技术,78.55,-2.8447742733456987,-2.299999999999997,3363688521.54,42392368,0,80.82,80.82,78.28,80.85
300125,*ST聆达,7.44,-3.87596899224806,-0.2999999999999998,64339980.58,8501334,0,7.75,7.8,7.42,7.74
300126,锐奇股份,8.79,-2.0066889632107188,-0.1800000000000015,80609492.0,9019500,0,9.01,9.2,8.66,8.97
300127,银河磁体,32.72,-4.57859434237387,-1.5700000000000003,425738772.58,12787295,0,34.1,34.11,32.65,34.29
300128,锦富技术,7.87,2.340702210663195,0.17999999999999972,719605163.59,90649247,0,7.68,8.17,7.64,7.69
300129,泰胜风能,16.66,-1.9999999999999991,-0.33999999999999986,3256398825.05,198397414,0,17.01,18.42,15.01,17.0
300130,新国都,28.52,-2.9931972789115613,-0.879999999999999,1107199926.92,38378846,0,29.5,29.55,28.41,29.4
300131,英唐智控,15.56,-1.4566181127295672,-0.22999999999999865,1743951950.09,109250025,0,15.79,16.38,15.43,15.79
300132,青松股份,8.77,-1.1273957158962757,-0.09999999999999964,240101279.0,27065000,0,8.97,9.18,8.66,8.87
300133,华策影视,9.67,-6.660231660231656,-0.6899999999999995,2274960831.08,230391602,0,10.23,10.23,9.6,10.36
300134,大富科技,12.92,-3.8690476190476155,-0.5199999999999996,291920485.4,22427977,0,13.36,13.36,12.85,13.44
300135,宝利国际,4.08,-1.6867469879518138,-0.07000000000000028,112519445.84,27262776,0,4.15,4.17,4.07,4.15
300136,信维通信,74.04,-10.91324750330886,-9.069999999999993,15298841736.8,204774986,0,78.02,80.39,70.0,83.11
300137,先河环保,10.85,-3.8120567375886503,-0.4299999999999997,218421890.21,19568507,0,11.3,11.6,10.8,11.28
300138,晨光生物,13.03,0.0768049155145913,0.009999999999999787,105026395.55,8013406,0,12.96,13.22,12.92,13.02
300139,晓程科技,38.4,8.321579689703796,2.9499999999999957,2078433404.2,54730430,0,35.4,40.5,35.01,35.45
300140,节能环境,7.07,-0.9803921568627367,-0.0699999999999994,175252031.76,24825839,0,7.15,7.16,6.98,7.14
300141,和顺电气,19.01,6.55829596412557,1.1700000000000017,1008850045.28,56224797,0,17.1,21.2,16.1,17.84
300142,沃森生物,12.31,0.16273393002442108,0.02000000000000135,846623400.57,68040579,0,12.35,12.64,12.23,12.29
300143,盈康生命,13.22,-0.451807228915653,-0.05999999999999872,971363632.9,70677010,0,13.56,14.38,13.18,13.28
300144,宋城演艺,8.35,-1.5330188679245376,-0.13000000000000078,405300412.64,48106498,0,8.45,8.5,8.33,8.48
300145,南方泵业,4.67,-1.6842105263157907,-0.08000000000000007,271500717.23,57508494,0,4.77,4.81,4.61,4.75
300146,汤臣倍健,12.43,-0.4006410256410313,-0.05000000000000071,289010832.26,23072278,0,12.53,12.67,12.41,12.48
300147,ST香雪,9.47,5.456570155902007,0.4900000000000002,287129160.59,30429080,0,8.98,9.9,8.9,8.98
300148,天舟文化,5.15,2.182539682539689,0.11000000000000032,864595526.63,166516970,0,5.16,5.48,4.9,5.04
300149,睿智医药,12.78,1.348136399682791,0.16999999999999993,1146563705.04,86556651,0,13.93,14.23,12.61,12.61
300150,世纪瑞尔,5.7,-1.7241379310344769,-0.09999999999999964,122691980.0,21335000,0,5.83,5.86,5.67,5.8
300151,昌红科技,15.59,-4.822954822954818,-0.7899999999999991,291099316.07,18394570,0,16.38,16.38,15.52,16.38
300152,ST新动力,2.26,-0.4405286343612437,-0.010000000000000231,58634338.1,25981690,0,2.28,2.29,2.22,2.27
300153,科泰电源,34.04,-2.575844304522034,-0.8999999999999986,1155625423.62,33120462,0,34.91,35.82,33.92,34.94
300154,瑞凌股份,9.47,-2.4716786817713716,-0.2400000000000002,52041599.62,5449546,0,9.7,9.7,9.4,9.71
300155,安居宝,7.12,1.1363636363636374,0.08000000000000007,167776540.0,23420500,0,7.04,7.33,6.9,7.04
300157,新锦动力,4.96,0.20202020202019771,0.009999999999999787,359176191.51,71516114,0,4.95,5.13,4.92,4.95
300158,振东制药,6.41,2.232854864433821,0.14000000000000057,475316038.54,73562049,0,6.27,6.66,6.27,6.27
300159,*ST新研,3.3,-2.077151335311581,-0.07000000000000028,179479953.1,54077366,0,3.39,3.42,3.27,3.37
300160,秀强股份,5.79,0.17301038062283366,0.009999999999999787,92203710.0,15974600,0,5.77,5.83,5.7,5.78
300161,华中数控,31.42,-3.1741140215716523,-1.0300000000000011,246413724.0,7792400,0,32.5,32.5,31.35,32.45
300162,雷曼光电,8.32,-3.255813953488365,-0.27999999999999936,144838765.38,17250047,0,8.55,8.58,8.29,8.6
300163,先锋新材,4.76,6.249999999999986,0.27999999999999936,462407116.44,97584609,0,4.48,4.98,4.39,4.48
300164,通源石油,7.16,11.353032659409028,0.7300000000000004,1612365260.48,229563731,0,6.6,7.6,6.55,6.43
300165,ST天瑞,4.94,1.2295081967213217,0.0600000000000005,49796009.56,10112728,0,4.9,4.99,4.84,4.88
300166,东方国信,11.48,-3.610411418975648,-0.4299999999999997,892703417.87,76334545,0,12.0,12.03,11.43,11.91
300167,ST迪威迅,5.06,-4.708097928436912,-0.25,67636482.0,13162900,0,5.31,5.33,5.04,5.31
300168,万达信息,7.89,0.895140664961629,0.0699999999999994,994194130.13,124118078,0,8.0,8.29,7.7,7.82
300169,天晟新材,0.0,-100.0,-6.53,0.0,0,0,0.0,0.0,0.0,6.53
300170,汉得信息,29.62,0.7825791085403213,0.23000000000000043,9931477173.24,322432846,0,31.74,33.7,29.35,29.39
300171,东富龙,17.81,-0.9454949944382742,-0.1700000000000017,479174356.3,26617546,0,17.93,18.5,17.59,17.98
300172,中电环保,5.73,-0.34782608695651435,-0.019999999999999574,160124168.65,27864175,0,5.76,5.81,5.67,5.75
300173,ST福能,4.38,-1.793721973094172,-0.08000000000000007,131626225.4,29855986,0,4.47,4.48,4.37,4.46
300174,元力股份,16.37,0.12232415902140412,0.019999999999999574,182429636.86,11080241,0,16.36,16.66,16.17,16.35
300175,ST朗源,6.15,3.5353535353535346,0.20999999999999996,82865466.89,13586601,0,5.94,6.22,5.87,5.94
300176,鸿特科技,6.86,-0.5797101449275368,-0.040000000000000036,83996433.0,12209300,0,6.87,6.95,6.77,6.9
300177,中海达,11.0,-5.660377358490567,-0.6600000000000001,790972838.19,71127254,0,11.55,11.61,10.91,11.66
300179,四方达,15.72,-3.9119804400977927,-0.6399999999999988,530915902.47,33365674,0,16.38,16.45,15.68,16.36
300180,华峰超纤,6.97,-3.7292817679558077,-0.27000000000000046,482040863.27,68154376,0,7.2,7.21,6.95,7.24
300181,佐力药业,16.89,1.5634395670475139,0.26000000000000156,387384295.24,22933221,0,16.63,17.07,16.63,16.63
300182,捷成股份,6.66,-0.44843049327354634,-0.03000000000000025,2915861331.31,427433114,0,6.81,7.0,6.61,6.69
300183,东软载波,15.73,-2.298136645962739,-0.370000000000001,140094036.78,8846149,0,16.09,16.11,15.68,16.1
300184,力源信息,10.52,-3.926940639269404,-0.4299999999999997,653286586.72,61205084,0,11.0,11.02,10.48,10.95
300185,通裕重工,3.01,-2.588996763754048,-0.08000000000000007,433986064.38,143814432,0,3.09,3.1,2.99,3.09
300187,永清环保,5.09,0.3944773175542322,0.019999999999999574,51749397.0,10160100,0,5.1,5.15,5.03,5.07
300188,国投智能,15.44,-4.396284829721357,-0.7099999999999991,646504281.99,40920904,0,16.42,16.54,15.37,16.15
300189,神农种业,7.15,-7.979407979407969,-0.6199999999999992,1497439063.51,204165644,0,7.65,7.7,7.12,7.77
300190,维尔利,4.47,-2.401746724890837,-0.11000000000000032,111133273.13,24707772,0,4.6,4.62,4.45,4.58
300191,潜能恒信,20.73,2.929493545183713,0.5899999999999999,361654244.17,17334640,0,20.6,21.48,20.34,20.14
300192,科德教育,24.83,4.989429175475686,1.1799999999999997,1514395791.84,61429732,0,24.07,25.97,22.81,23.65
300193,佳士科技,9.17,-0.43431053203041176,-0.040000000000000924,99680908.6,10812640,0,9.26,9.32,9.1,9.21
300194,福安药业,4.57,1.1061946902655024,0.05000000000000071,264634180.41,57627873,0,4.51,4.65,4.51,4.52
300195,长荣股份,8.45,-2.537485582468289,-0.22000000000000064,116471930.54,13680785,0,8.65,8.65,8.43,8.67
300196,长海股份,14.7,-1.6064257028112465,-0.2400000000000002,101832691.06,6889300,0,14.97,14.98,14.65,14.94
300197,节能铁汉,1.87,0.0,0.0,128039756.16,68246263,0,1.87,1.9,1.84,1.87
300198,ST纳川,2.64,-0.3773584905660297,-0.009999999999999787,83395610.0,31168440,0,2.65,2.74,2.63,2.65
300199,翰宇药业,20.53,2.394014962593518,0.4800000000000004,1987546264.77,96697020,0,20.4,21.07,19.89,20.05
300200,高盟新材,14.25,-3.520649966147594,-0.5199999999999996,987461747.32,67161269,0,14.69,15.54,14.19,14.77
300201,海伦哲,7.47,-2.4804177545691957,-0.1900000000000004,459242667.15,61212588,0,7.6,7.74,7.33,7.66
300203,聚光科技,16.28,-2.747909199522087,-0.4599999999999973,194492182.69,11835592,0,16.8,16.83,16.25,16.74
300204,舒泰神,31.11,2.504118616144969,0.759999999999998,2048066138.19,64779323,0,30.7,33.08,30.01,30.35
300205,*ST天喻,4.79,-1.8442622950819645,-0.08999999999999986,18475030.0,3842600,0,4.9,4.9,4.76,4.88
300206,理邦仪器,15.19,2.496626180836702,0.3699999999999992,550420957.94,35440391,0,15.32,16.17,15.02,14.82
300207,欣旺达,24.5,-3.657097915847423,-0.9299999999999997,1980139171.91,79412101,0,25.39,25.66,24.41,25.43
300208,中程退,0.28,-12.499999999999993,-0.03999999999999998,11483398.0,39320206,0,0.32,0.32,0.27,0.32
300209,有棵树,5.7,1.6042780748663075,0.08999999999999986,200029743.0,35037000,0,5.59,5.9,5.52,5.61
300210,森远股份,10.12,-0.9784735812133211,-0.10000000000000142,358386801.8,35070340,0,10.21,10.45,9.99,10.22
300211,*ST亿通,9.12,-1.8299246501614634,-0.16999999999999993,42681710.0,4650800,0,9.26,9.33,9.06,9.29
300212,易华录,20.88,-2.611940298507473,-0.5600000000000023,1084046556.97,50748663,0,21.43,22.07,20.51,21.44
300213,佳讯飞鸿,9.95,-6.220546654099907,-0.6600000000000001,587841424.33,57780000,0,10.79,10.79,9.9,10.61
300214,日科化学,7.0,-1.6853932584269677,-0.1200000000000001,56026157.0,7965800,0,7.12,7.13,6.97,7.12
300215,电科院,6.87,-2.2759601706970147,-0.16000000000000014,231263505.86,33714200,0,7.0,7.02,6.75,7.03
300217,东方电热,5.42,-2.6929982046678695,-0.15000000000000036,287149448.55,52413735,0,5.6,5.61,5.4,5.57
300218,安利股份,16.51,-1.7846519928613753,-0.29999999999999716,134270942.0,8026200,0,16.78,16.99,16.44,16.81
300219,鸿利智汇,7.33,-2.656042496679949,-0.20000000000000018,172578928.63,23261044,0,7.51,7.53,7.32,7.53
300220,金运激光,15.34,-2.292993630573245,-0.35999999999999943,66643887.0,4311360,0,15.66,15.72,15.3,15.7
300221,银禧科技,11.38,-6.721311475409824,-0.8199999999999985,766156526.3,66194530,0,11.9,11.98,11.35,12.2
300222,科大智能,11.97,-3.155339805825233,-0.3899999999999988,485862800.74,40328407,0,12.36,12.38,11.89,12.36
300223,北京君正,115.52,-2.899890728755151,-3.450000000000003,3686131389.83,31710779,0,118.97,120.45,113.68,118.97
300224,正海磁材,16.4,-2.8436018957346,-0.4800000000000004,574936227.08,34760083,0,16.86,16.88,16.34,16.88
300225,*ST金泰,6.07,-2.8799999999999955,-0.17999999999999972,126079828.0,20357200,0,6.26,6.47,6.06,6.25
300226,上海钢联,28.51,-2.5299145299145245,-0.7399999999999984,810240915.12,28002811,0,29.6,29.7,28.22,29.25
300227,光韵达,10.0,-3.3816425120772915,-0.34999999999999964,267159358.46,26467615,0,10.29,10.31,9.96,10.35
300228,富瑞特装,10.13,-7.909090909090902,-0.8699999999999992,896569171.95,87057805,0,10.95,10.95,10.08,11.0
300229,拓尔思,26.79,1.323751891074122,0.34999999999999787,6835376524.88,242496516,0,28.67,29.88,26.5,26.44
300230,永利股份,5.01,-0.7920792079207928,-0.040000000000000036,97676704.09,19341779,0,5.07,5.1,5.0,5.05
300231,银信科技,11.27,-3.8395904436860153,-0.45000000000000107,253563205.67,22259930,0,11.64,11.67,11.26,11.72
300232,洲明科技,7.94,-2.0961775585696554,-0.16999999999999904,453718468.87,56257948,0,8.26,8.38,7.91,8.11
300233,金城医药,15.54,2.9139072847682086,0.4399999999999995,366769863.93,23374871,0,15.13,16.06,15.13,15.1
300234,开尔新材,5.96,3.472222222222225,0.20000000000000018,212698035.54,35777562,0,5.75,6.15,5.69,5.76
300235,方直科技,17.33,-4.254143646408857,-0.7700000000000031,409731961.5,23029900,0,18.3,18.38,17.31,18.1
300236,上海新阳,77.34,-3.38538413491567,-2.7099999999999937,1329593183.55,17058511,0,79.01,80.53,76.53,80.05
300237,ST美晨,2.53,2.429149797570834,0.05999999999999961,178712997.2,70123220,0,2.47,2.63,2.43,2.47
300238,冠昊生物,17.42,-2.408963585434172,-0.4299999999999997,385134647.4,21903222,0,17.86,18.0,17.24,17.85
300239,东宝生物,6.6,0.0,0.0,274689257.52,41261318,0,6.67,6.82,6.5,6.6
300240,飞力达,7.75,-0.6410256410256387,-0.04999999999999982,91869383.0,11787600,0,7.78,7.86,7.72,7.8
300241,瑞丰光电,5.83,-2.345058626465656,-0.13999999999999968,159107637.93,27041419,0,5.97,5.98,5.81,5.97
300242,佳云科技,5.88,2.2608695652173894,0.1299999999999999,685744998.83,115120304,0,5.93,6.43,5.67,5.75
300243,瑞丰高材,10.86,1.3059701492537201,0.1399999999999988,86655921.9,8005870,0,10.7,10.98,10.59,10.72
300244,迪安诊断,29.52,13.277052954719881,3.460000000000001,3910100256.92,126458540,0,31.27,31.27,29.5,26.06
300245,天玑科技,13.65,-2.22063037249284,-0.3100000000000005,312945561.74,22413958,0,14.16,14.4,13.6,13.96
300246,宝莱特,13.09,19.981668194317137,2.1799999999999997,602864482.21,46977630,0,12.08,13.09,11.58,10.91
300247,融捷健康,5.47,2.4344569288389493,0.1299999999999999,327557461.34,59297438,0,5.35,5.64,5.27,5.34
300248,新开普,14.35,-5.592105263157893,-0.8499999999999996,849151089.61,57233369,0,15.65,15.74,14.3,15.2
300249,依米康,15.83,-4.75330926594465,-0.7900000000000009,528566028.16,32698737,0,16.57,16.65,15.76,16.62
300250,初灵信息,27.2,-5.686546463245494,-1.6400000000000006,943922808.45,33150619,0,29.64,30.83,27.12,28.84
300251,光线传媒,18.08,-3.31550802139038,-0.620000000000001,1998743512.91,108957859,0,18.81,18.95,17.98,18.7
300252,金信诺,15.73,-11.579539066891506,-2.0599999999999987,1542160024.36,94578183,0,17.4,17.4,15.67,17.79
300253,卫宁健康,13.97,7.710100231303006,1.0,7128019383.85,504250946,0,13.79,15.26,13.19,12.97
300254,仟源医药,11.88,8.691674290942371,0.9500000000000011,597868036.2,50407360,0,11.02,12.78,10.94,10.93
300255,常山药业,57.8,0.017304031839415143,0.00999999999999801,1143163681.17,19980818,0,56.33,58.77,53.94,57.79
300256,星星科技,4.1,-3.0732860520094745,-0.13000000000000078,271872556.56,65620503,0,4.25,4.25,4.09,4.23
300257,开山股份,14.89,0.2693602693602756,0.040000000000000924,161414131.41,10797754,0,14.95,15.15,14.76,14.85
300258,精锻科技,14.25,-2.5974025974026027,-0.3800000000000008,334839781.71,23177532,0,14.67,14.7,14.22,14.63
300259,新天科技,4.65,-2.1052631578947296,-0.09999999999999964,209367791.27,44630401,0,4.79,4.8,4.63,4.75
300260,新莱应材,56.65,-3.228561667236079,-1.8900000000000006,1505299762.18,25999789,0,58.42,59.65,56.2,58.54
300261,雅本化学,7.17,0.4201680672268943,0.03000000000000025,231647255.57,32010800,0,7.14,7.34,7.06,7.14
300263,隆华科技,9.75,-6.069364161849719,-0.6300000000000008,735623426.54,74192597,0,10.26,10.32,9.69,10.38
300264,佳创视讯,7.57,2.2972972972972965,0.16999999999999993,476564433.8,63117230,0,7.42,7.83,7.14,7.4
300265,通光线缆,14.92,-10.336538461538465,-1.7200000000000006,1128540087.2,74443913,0,16.16,16.18,14.51,16.64
300266,兴源环境,2.7,0.3717472118959194,0.010000000000000231,116454673.5,43050200,0,2.69,2.76,2.64,2.69
300267,尔康制药,4.45,19.94609164420486,0.7400000000000002,1637156339.38,382074382,0,3.81,4.45,3.81,3.71
300268,*ST佳沃,12.83,-1.9862490450725727,-0.2599999999999998,19316944.0,1494700,0,13.05,13.15,12.81,13.09
300269,联建光电,8.46,-10.381355932203377,-0.9799999999999986,1225540772.45,141414410,0,9.28,9.35,8.41,9.44
300270,中威电子,12.83,0.39123630672927,0.05000000000000071,407125584.14,31479302,0,12.87,13.4,12.4,12.78
300271,华宇软件,8.53,-0.23391812865498654,-0.02000000000000135,743963014.46,85188204,0,8.63,8.96,8.34,8.55
300272,开能健康,8.06,2.6751592356688008,0.21000000000000085,402608441.83,49860630,0,7.9,8.29,7.73,7.85
300274,阳光电源,159.96,-2.1352095442031085,-3.4899999999999807,13985460353.31,86470671,0,163.18,165.99,157.15,163.45
300275,梅安森,14.09,-2.9614325068870504,-0.4299999999999997,322061719.4,22610520,0,14.86,14.92,14.07,14.52
300276,三丰智能,9.73,-3.184079601990052,-0.3200000000000003,623931728.81,63055022,0,10.05,10.17,9.7,10.05
300277,海联讯,13.79,-0.3612716763005832,-0.05000000000000071,222746514.56,15999546,0,13.93,14.24,13.67,13.84
300278,华昌达,6.33,-6.222222222222221,-0.41999999999999993,486256357.64,75211004,0,6.7,6.7,6.31,6.75
300279,和晶科技,7.4,-1.9867549668874103,-0.14999999999999947,74044082.2,9928500,0,7.55,7.56,7.38,7.55
300280,紫天退,0.33,-13.157894736842103,-0.04999999999999999,11123691.0,31717286,0,0.37,0.37,0.33,0.38
300281,金明精机,8.45,-3.318077803203672,-0.2900000000000009,215763030.5,25357650,0,8.75,8.77,8.4,8.74
300283,温州宏丰,8.28,-1.54577883472058,-0.13000000000000078,290985013.78,35335487,0,8.38,8.39,8.1,8.41
300284,苏交科,8.28,-2.1276595744681024,-0.1800000000000015,147111540.63,17638908,0,8.43,8.5,8.27,8.46
300285,国瓷材料,32.62,-10.038610038610042,-3.6400000000000006,2425092425.99,73488892,0,34.55,34.88,31.99,36.26
300286,安科瑞,26.54,-1.849112426035503,-0.5,260294445.86,9763853,0,26.9,27.08,26.25,27.04
300287,飞利信,5.58,-4.615384615384609,-0.2699999999999996,685020200.29,120652343,0,5.87,5.88,5.56,5.85
300288,朗玛信息,15.93,0.5047318611987386,0.08000000000000007,726131342.69,44267600,0,16.06,17.31,15.71,15.85
300289,利德曼,7.61,0.6613756613756708,0.05000000000000071,207950392.74,26969994,0,7.56,7.86,7.53,7.56
300290,荣科科技,19.94,-5.137963843958127,-1.0799999999999983,1288532694.46,63257763,0,21.0,21.15,19.9,21.02
300291,百纳千成,10.05,-3.272377285851779,-0.33999999999999986,2255082835.29,211362867,0,10.47,11.36,9.98,10.39
300292,吴通控股,4.79,-2.6422764227642253,-0.1299999999999999,264990816.0,54740300,0,4.92,4.93,4.78,4.92
300293,蓝英装备,22.2,-3.4362766420182655,-0.7899999999999991,235435354.0,10430700,0,23.02,23.08,22.1,22.99
300294,博雅生物,23.69,0.08449514152936025,0.019999999999999574,156951320.5,6596750,0,23.67,23.99,23.5,23.67
300295,三六五网,13.67,-2.5659301496792546,-0.35999999999999943,161395263.0,11604200,0,14.03,14.23,13.65,14.03
300296,利亚德,6.87,-2.828854314002831,-0.20000000000000018,870231943.27,124811878,0,7.18,7.19,6.84,7.07
300298,三诺生物,19.5,1.456815816857446,0.28000000000000114,688963134.99,35007692,0,19.4,20.09,19.0,19.22
300299,富春股份,8.43,1.5662650602409518,0.129999999999999,1146903869.5,135433156,0,8.5,8.96,7.96,8.3
300300,海峡创新,14.4,1.6949152542372896,0.2400000000000002,1874480490.21,127073409,0,14.16,15.18,14.05,14.16
300301,ST长方,2.32,-0.42918454935623307,-0.010000000000000231,31647347.0,13647100,0,2.33,2.34,2.3,2.33
300302,同有科技,19.76,-4.170708050436466,-0.8599999999999994,499816589.38,24904421,0,20.46,20.52,19.69,20.62
300303,聚飞光电,6.97,-3.0598052851182285,-0.22000000000000064,531513835.86,75561756,0,7.2,7.2,6.95,7.19
300304,云意电气,11.52,-4.0000000000000036,-0.4800000000000004,348515990.05,29740365,0,12.0,12.0,11.5,12.0
300305,裕兴股份,6.2,-0.7999999999999973,-0.04999999999999982,47530895.0,7644700,0,6.25,6.29,6.13,6.25
300306,远方信息,14.31,-1.5818431911966895,-0.22999999999999865,146187103.76,10168874,0,14.56,14.73,14.17,14.54
300307,慈星股份,7.31,-1.8791946308724907,-0.14000000000000057,123123927.4,16695001,0,7.46,7.48,7.31,7.45
300308,中际旭创,586.7,-0.8902478166123252,-5.269999999999982,18668029524.35,31304639,0,580.8,616.6,580.01,591.97
300310,宜通世纪,6.87,-2.828854314002831,-0.20000000000000018,553523570.53,79750288,0,7.04,7.1,6.81,7.07
300311,ST任子行,4.84,-0.6160164271047278,-0.03000000000000025,73229775.15,15107969,0,4.92,4.92,4.77,4.87
300313,*ST天山,8.4,-1.0600706713780903,-0.08999999999999986,27626865.0,3269300,0,8.45,8.55,8.38,8.49
300314,戴维医疗,14.17,2.015838732901363,0.27999999999999936,158371823.0,11101300,0,13.96,14.45,13.93,13.89
300315,掌趣科技,6.67,11.72529313232831,0.7000000000000002,5701235814.6,864992875,0,5.91,7.16,5.7,5.97
300316,晶盛机电,38.95,-4.814271749755618,-1.9699999999999989,1690245359.25,43357349,0,40.0,40.49,38.08,40.92
300317,珈伟新能,3.99,-1.4814814814814719,-0.05999999999999961,113330422.12,28211289,0,4.06,4.07,3.97,4.05
300318,博晖创新,6.86,3.003003003003006,0.20000000000000018,290086511.01,42082061,0,6.72,7.09,6.61,6.66
300319,麦捷科技,12.36,-2.8301886792452926,-0.3600000000000012,441094291.76,35280606,0,12.7,12.72,12.31,12.72
300320,海达股份,9.72,-1.5197568389057607,-0.14999999999999858,117644655.68,12041243,0,9.87,9.9,9.69,9.87
300321,同大股份,40.44,-1.773135778479485,-0.730000000000004,96505703.6,2360120,0,41.17,41.88,40.22,41.17
300322,硕贝德,29.45,-11.534995494142384,-3.84,2522406813.8,83114303,0,32.04,32.25,29.0,33.29
300323,华灿光电,8.46,-3.8636363636363615,-0.33999999999999986,265070831.0,30861050,0,8.85,8.85,8.43,8.8
300324,旋极信息,6.52,-7.254623044096737,-0.5100000000000007,1445097451.82,215963381,0,7.1,7.11,6.48,7.03
300326,ST凯利,5.66,0.5328596802841963,0.03000000000000025,68791826.69,12076228,0,5.63,5.84,5.57,5.63
300327,中颖电子,29.63,-4.419354838709681,-1.370000000000001,636457080.11,21088644,0,31.05,31.06,29.48,31.0
300328,宜安科技,17.45,-3.8567493112947626,-0.6999999999999993,577131849.25,32551307,0,18.11,18.19,17.44,18.15
300329,海伦钢琴,14.68,-1.6085790884718514,-0.2400000000000002,99594292.0,6671800,0,14.96,15.3,14.59,14.92
300331,苏大维格,41.76,-3.66782006920416,-1.5900000000000034,1042451260.55,24851694,0,43.0,43.0,41.02,43.35
300332,天壕能源,5.6,0.9009009009008978,0.04999999999999982,192309269.38,34171766,0,5.55,5.72,5.52,5.55
300333,兆日科技,11.85,-3.4229828850855744,-0.41999999999999993,246599686.69,20389200,0,12.32,12.38,11.82,12.27
300334,津膜科技,7.37,0.8207934336525378,0.0600000000000005,56240099.0,7641100,0,7.31,7.45,7.23,7.31
300335,迪森股份,5.98,0.33557046979866545,0.020000000000000462,101199579.1,16843148,0,5.96,6.08,5.92,5.96
300337,银邦股份,18.3,-13.516068052930056,-2.8599999999999994,2209066186.47,116448334,0,20.2,20.2,18.27,21.16
300338,ST开元,3.65,0.27472527472526886,0.009999999999999787,43903373.9,12049186,0,3.63,3.77,3.56,3.64
300339,润和软件,55.34,-5.417877285934019,-3.1699999999999946,4414531688.43,78162840,0,59.0,59.0,55.0,58.51
300340,科恒股份,12.56,-2.3328149300155436,-0.29999999999999893,121941531.18,9577782,0,12.95,12.97,12.53,12.86
300341,麦克奥迪,18.21,2.3033707865168545,0.41000000000000014,453182516.6,24847059,0,17.81,18.65,17.62,17.8
300342,天银机电,53.4,13.231552162849876,6.240000000000002,7084858906.97,137617243,0,51.8,56.59,47.03,47.16
300343,ST联创,5.91,0.6814310051107332,0.040000000000000036,107254328.86,18060502,0,5.85,6.03,5.83,5.87
300344,*ST立方,0.97,-3.960396039603964,-0.040000000000000036,53737842.14,55912562,0,1.01,1.02,0.92,1.01
300345,华民股份,6.4,-3.1770045385779113,-0.20999999999999996,88128498.38,13564647,0,6.61,6.61,6.38,6.61
300346,南大光电,54.9,-4.272013949433309,-2.450000000000003,7428388689.88,128889544,0,57.0,60.12,54.67,57.35
300347,泰格医药,62.84,5.118768819003015,3.0600000000000023,1392621825.18,22028658,0,60.95,65.0,60.91,59.78
300348,长亮科技,15.42,-4.164077066500932,-0.6699999999999999,808996830.5,51541598,0,16.01,16.1,15.35,16.09
300349,金卡智能,19.41,-2.3641851106639784,-0.46999999999999886,914735797.25,47199236,0,20.46,20.46,18.67,19.88
300350,华鹏飞,6.62,-1.3412816691505194,-0.08999999999999986,171255013.61,25827365,0,6.7,6.72,6.56,6.71
300351,永贵电器,18.68,-2.147721320062861,-0.41000000000000014,361860449.7,19277538,0,19.0,19.06,18.55,19.09
300352,北信源,6.8,-2.0172910662824286,-0.14000000000000057,764396874.44,111208130,0,6.94,7.07,6.7,6.94
300353,东土科技,24.98,2.084184715978756,0.5100000000000016,1472006102.32,59707906,0,24.7,25.95,23.55,24.47
300354,东华测试,47.05,-5.141129032258073,-2.5500000000000043,359994516.02,7565521,0,49.07,49.2,46.73,49.6
300355,蒙草生态,4.19,0.4796163069544475,0.020000000000000462,264326084.09,62820600,0,4.17,4.27,4.12,4.17
300357,我武生物,31.18,1.069692058346834,0.3299999999999983,300056651.5,9518300,0,31.1,32.11,31.03,30.85
300358,楚天科技,11.3,0.1773049645390191,0.02000000000000135,470588776.13,41501272,0,11.33,11.58,11.1,11.28
300359,全通教育,6.06,3.236797274275971,0.1899999999999995,398562844.69,64902449,0,5.91,6.45,5.81,5.87
300360,炬华科技,17.89,-2.9826464208242984,-0.5500000000000007,517190775.95,28785965,0,18.31,18.31,17.65,18.44
300363,博腾股份,27.27,5.005775895263769,1.3000000000000007,742465056.93,27380656,0,26.21,27.72,26.21,25.97
300364,中文在线,37.64,7.604345340194409,2.6600000000000037,10479887751.9,267876926,0,38.69,41.74,36.9,34.98
300365,恒华科技,6.81,-1.7316017316017334,-0.1200000000000001,166375027.8,24124344,0,6.94,6.97,6.8,6.93
300366,ST创意,7.46,-5.3299492385786795,-0.41999999999999993,291616051.09,38011953,0,7.88,7.96,7.44,7.88
300368,汇金股份,14.85,-4.746632456703017,-0.7400000000000002,713990658.88,46822916,0,15.6,15.95,14.78,15.59
300369,绿盟科技,8.18,-1.5643802647412848,-0.13000000000000078,300186795.98,36191084,0,8.37,8.43,8.15,8.31
300370,安控科技,2.77,-1.0714285714285645,-0.029999999999999805,121502619.0,43507300,0,2.81,2.83,2.76,2.8
300371,汇中股份,12.93,-1.5232292460015313,-0.20000000000000107,37639697.0,2887900,0,13.08,13.28,12.89,13.13
300373,扬杰科技,68.11,-3.1290001422272833,-2.200000000000003,917189113.18,13335369,0,70.06,70.21,67.78,70.31
300374,中铁装配,16.3,-1.1522134627046559,-0.18999999999999773,102223175.7,6251230,0,16.45,16.48,16.26,16.49
300375,鹏翎股份,5.54,-3.4843205574912925,-0.20000000000000018,243954795.0,43683200,0,5.74,5.78,5.5,5.74
300376,ST易事特,0.0,-100.0,-7.27,0.0,0,0,0.0,0.0,0.0,7.27
300377,赢时胜,23.8,-4.0709391374445705,-1.009999999999998,2723108802.5,111367386,0,25.25,25.27,23.6,24.81
300378,鼎捷数智,63.09,0.6380602966980471,0.4000000000000057,4067982061.35,62084285,0,67.01,70.8,62.89,62.69
300379,东通退,1.91,3.8043478260869477,0.06999999999999984,72108906.28,38733442,0,1.91,1.94,1.81,1.84
300380,安硕信息,45.19,-3.7281636131231357,-1.75,412535123.51,8973783,0,46.8,46.99,45.1,46.94
300381,溢多利,7.16,2.8735632183908075,0.20000000000000018,169009644.97,23469117,0,6.96,7.4,6.94,6.96
300382,斯莱克,16.2,-2.9358897543439304,-0.490000000000002,457957840.9,28017010,0,16.69,16.71,16.02,16.69
300383,光环新网,15.37,-3.2724984266834576,-0.5200000000000014,2554825162.87,163499962,0,16.07,16.1,15.27,15.89
300384,三联虹普,17.11,-2.9495178672716937,-0.5199999999999996,124193334.02,7196086,0,17.63,17.63,17.07,17.63
300385,雪浪环境,7.34,1.6620498614958463,0.1200000000000001,119313096.92,16056674,0,7.34,7.66,7.13,7.22
300386,飞天诚信,17.58,-3.3534909290819295,-0.610000000000003,246628749.1,13823339,0,18.2,18.27,17.5,18.19
300387,富邦科技,8.83,0.22701475595913248,0.019999999999999574,71062943.24,7995408,0,8.81,9.01,8.73,8.81
300388,节能国祯,8.15,-0.488400488400478,-0.03999999999999915,84530479.94,10318857,0,8.19,8.25,8.11,8.19
300389,艾比森,17.6,1.2075905692927018,0.21000000000000085,307126499.37,17346410,0,17.32,18.27,17.13,17.39
300390,天华新能,54.96,3.8941398865784542,2.0600000000000023,3684720065.85,66693253,0,52.4,57.46,52.2,52.9
300391,*ST长药,0.79,-2.469135802469138,-0.020000000000000018,42403307.45,53896355,0,0.8,0.83,0.76,0.81
300393,中来股份,7.26,-3.3288948069241013,-0.25,512007684.48,70474314,0,7.5,7.51,7.14,7.51
300394,天孚通信,190.13,-6.066893928165605,-12.280000000000001,8658167513.43,44113336,0,200.39,207.28,188.55,202.41
300395,菲利华,91.09,-3.5370115429418654,-3.3400000000000034,2627044857.25,28297461,0,93.45,96.0,90.58,94.43
300396,迪瑞医疗,13.72,0.0,0.0,96766888.8,6961080,0,13.9,14.11,13.68,13.72
300397,天和防务,15.73,-8.119158878504676,-1.3900000000000006,964636106.52,60476659,0,16.78,16.81,15.63,17.12
300398,飞凯材料,24.17,-4.352987732489109,-1.0999999999999979,910001887.32,36950655,0,25.18,25.25,24.15,25.27
300399,天利科技,29.9,-3.579490486939706,-1.110000000000003,781251475.85,25582887,0,30.55,31.7,29.63,31.01
300400,劲拓股份,20.92,-3.5500230520977385,-0.7699999999999996,191877737.0,9037300,0,21.68,21.68,20.9,21.69
300401,花园生物,15.96,-8.06451612903225,-1.3999999999999986,1067409521.1,66492720,0,17.3,17.3,15.31,17.36
300402,宝色股份,22.68,-4.625735912531545,-1.1000000000000014,331444346.81,14486174,0,23.57,23.61,22.59,23.78
300403,汉宇集团,14.34,-3.1081081081081137,-0.46000000000000085,341414713.97,23470508,0,14.8,14.83,14.31,14.8
300404,博济医药,12.92,19.96285979572888,2.1500000000000004,770405303.87,62244678,0,11.01,12.92,11.01,10.77
300405,科隆股份,6.66,-1.1869436201780426,-0.08000000000000007,95098430.91,14191296,0,6.74,6.79,6.6,6.74
300406,九强生物,15.25,9.554597701149426,1.33,597672659.5,39865290,0,13.99,16.05,13.99,13.92
300407,凯发电气,12.39,-2.9757243539545732,-0.379999999999999,155569139.25,12489925,0,12.73,12.76,12.29,12.77
300408,三环集团,49.18,3.2542515221498993,1.5499999999999972,1931028228.6,39530091,0,47.57,49.75,47.25,47.63
300409,道氏技术,34.68,-0.7441327990841385,-0.259999999999998,6890858566.75,196424159,0,37.0,37.38,33.0,34.94
300410,正业科技,8.41,-3.110599078341009,-0.2699999999999996,141615614.0,16600545,0,8.72,8.72,8.39,8.68
300411,金盾股份,12.24,-5.409582689335389,-0.6999999999999993,271818024.0,21875000,0,12.82,12.84,12.22,12.94
300412,迦南科技,5.95,3.8394415357766096,0.21999999999999975,299110044.3,50355820,0,5.75,6.08,5.72,5.73
300413,芒果超媒,27.91,-5.868465430016859,-1.7399999999999984,1859427953.64,65160207,0,29.79,29.85,27.7,29.65
300414,中光防雷,17.06,-11.834625322997429,-2.2900000000000027,889946854.06,50866393,0,18.61,18.8,16.86,19.35
300415,伊之密,27.35,-0.18248175182480714,-0.04999999999999716,299863042.38,10890586,0,27.43,28.0,27.06,27.4
300416,苏试试验,19.76,-7.749766573295985,-1.6600000000000001,1250774072.69,62672926,0,21.21,21.21,19.47,21.42
300417,南华仪器,14.16,-0.5617977528089892,-0.08000000000000007,52001127.0,3650540,0,14.29,14.4,14.0,14.24
300418,昆仑万维,62.93,-2.9157667386608974,-1.8899999999999935,18166194839.65,272477486,0,70.0,72.09,62.32,64.82
300419,ST浩丰,6.47,-2.4132730015082977,-0.16000000000000014,63922454.0,9775800,0,6.61,6.67,6.46,6.63
300420,五洋自控,4.37,0.0,0.0,342339624.02,77809264,0,4.36,4.55,4.26,4.37
300421,力星股份,33.54,-9.71736204576043,-3.6099999999999994,1632617836.5,46808281,0,36.5,36.72,33.35,37.15
300422,博世科,4.81,0.2083333333333289,0.009999999999999787,44804935.8,9292241,0,4.8,4.9,4.74,4.8
300423,昇辉科技,9.39,-1.469045120671551,-0.1399999999999988,525796155.27,55814547,0,9.46,9.99,9.01,9.53
300424,航新科技,19.57,-7.295120795831355,-1.5399999999999991,682325396.8,34663401,0,20.77,20.77,19.25,21.11
300425,中建环能,5.09,-0.39138943248533187,-0.020000000000000462,53006611.28,10374826,0,5.12,5.14,5.07,5.11
300426,华智数媒,9.34,-0.9544008483563081,-0.08999999999999986,334305962.94,35230661,0,9.58,9.83,9.0,9.43
300427,红相股份,12.99,-7.544483985765129,-1.0600000000000005,1706422231.35,128575300,0,14.08,14.2,12.8,14.05
300428,立中集团,23.88,-3.9034205231388426,-0.9700000000000024,513608670.48,21301967,0,24.6,24.6,23.75,24.85
300429,强力新材,15.55,-2.9943855271366213,-0.4800000000000004,746548443.73,47046731,0,15.94,16.3,15.43,16.03
300430,诚益通,25.32,-1.0550996483001156,-0.2699999999999996,1210328194.54,47264116,0,25.41,26.65,24.5,25.59
300432,富临精工,18.72,-3.0051813471502684,-0.5800000000000018,1567592677.48,83199886,0,19.2,19.45,18.5,19.3
300433,蓝思科技,39.22,-8.063759962494135,-3.4399999999999977,10450873765.02,260477973,0,42.39,42.39,38.86,42.66
300434,金石亚药,11.18,2.8518859245630224,0.3100000000000005,325237802.6,29077100,0,10.89,11.4,10.81,10.87
300435,中泰股份,29.71,-5.98101265822785,-1.8900000000000006,1940027417.64,62235466,0,33.28,34.23,29.61,31.6
300436,广生堂,90.27,-3.3304776183336897,-3.1099999999999994,1314431666.34,14022150,0,93.58,97.33,90.0,93.38
300437,清水源,17.22,-7.41935483870969,-1.3800000000000026,526533905.71,29473192,0,18.41,18.67,17.2,18.6
300438,鹏辉能源,50.69,-2.855500191644312,-1.490000000000002,1453130307.43,28380555,0,52.58,53.31,49.72,52.18
300439,美康生物,10.47,1.8482490272373666,0.19000000000000128,95290367.94,9100034,0,10.3,10.58,10.27,10.28
300440,运达科技,12.96,4.5161290322580685,0.5600000000000005,347280418.83,27078230,0,12.41,13.41,12.18,12.4
300441,鲍斯股份,7.92,1.020408163265307,0.08000000000000007,161946050.99,20557772,0,7.86,8.04,7.72,7.84
300442,润泽科技,80.49,-3.0708092485549265,-2.5500000000000114,9494524545.26,115472125,0,83.3,88.64,76.0,83.04
300443,金雷股份,29.53,-3.5597648595689084,-1.0899999999999999,364654709.6,12245466,0,30.48,30.49,29.38,30.62
300444,双杰电气,12.57,16.281221091581866,1.7599999999999998,2423298707.32,204003672,0,10.8,12.97,10.3,10.81
300445,康斯特,25.36,-12.581868321268535,-3.650000000000002,514719727.94,19390865,0,28.3,28.79,25.1,29.01
300446,航天智造,26.87,-12.447051156728577,-3.8200000000000003,2248628366.34,81792750,0,29.98,29.98,26.66,30.69
300447,全信股份,23.0,-1.032702237521508,-0.23999999999999844,1211306383.36,54615862,0,23.25,24.33,20.8,23.24
300448,浩云科技,8.98,-1.1013215859030798,-0.09999999999999964,448014029.97,49358139,0,9.18,9.32,8.81,9.08
300449,汉邦高科,7.69,-2.904040404040398,-0.22999999999999954,86282764.0,11085000,0,7.96,8.0,7.67,7.92
300450,先导智能,55.8,-0.7823613086771067,-0.44000000000000483,5374194025.44,94932372,0,56.49,58.2,55.32,56.24
300451,创业慧康,6.23,1.136363636363641,0.07000000000000028,1864567529.48,291465225,0,6.31,6.67,6.11,6.16
300452,山河药辅,14.06,1.2239020878329727,0.16999999999999993,126506353.66,8996825,0,13.9,14.19,13.82,13.89
300453,三鑫医疗,9.49,0.10548523206750829,0.009999999999999787,138794144.26,14457090,0,9.51,9.72,9.47,9.48
300454,深信服,153.27,0.8355263157894804,1.2700000000000102,4384973306.88,27780821,0,159.21,165.28,152.0,152.0
300455,航天智装,34.6,-13.715710723192021,-5.5,3009968168.96,84921381,0,38.02,38.58,33.81,40.1
300456,赛微电子,59.04,5.560522081172894,3.1099999999999994,5827863677.78,98991037,0,55.94,60.95,54.34,55.93
300457,赢合科技,28.56,-2.4590163934426315,-0.7200000000000024,581913420.79,20111475,0,29.25,29.46,28.48,29.28
300458,全志科技,44.22,-4.780361757105941,-2.219999999999999,1670873616.43,37059749,0,46.74,46.74,43.92,46.44
300459,汤姆猫,5.95,0.8474576271186409,0.04999999999999982,5171429630.81,858136544,0,6.0,6.61,5.65,5.9
300460,ST惠伦,8.89,-1.4412416851441132,-0.129999999999999,181415668.2,20248500,0,9.01,9.35,8.68,9.02
300461,田中精机,19.76,-0.40322580645160433,-0.0799999999999983,67260177.72,3389614,0,19.82,20.1,19.48,19.84
300462,ST华铭,11.36,-0.5253940455341549,-0.0600000000000005,53662641.6,4736308,0,11.46,11.47,11.2,11.42
300463,迈克生物,11.95,0.3358522250209836,0.03999999999999915,183774253.95,15229400,0,11.91,12.22,11.82,11.91
300464,星徽股份,6.51,-1.3636363636363615,-0.08999999999999986,114472864.5,17337450,0,6.64,6.72,6.47,6.6
300465,高伟达,21.24,-2.702702702702702,-0.5899999999999999,692580150.0,31932100,0,21.99,22.2,21.17,21.83
300466,赛摩智能,10.29,-1.719197707736404,-0.1800000000000015,117354365.4,11318840,0,10.5,10.54,10.25,10.47
300467,迅游科技,33.64,0.41791044776119574,0.14000000000000057,482758076.0,14435500,0,33.16,35.0,31.58,33.5
300468,四方精创,35.25,-5.748663101604275,-2.1499999999999986,1681804228.42,46600414,0,37.16,37.29,35.12,37.4
300469,信息发展,71.3,0.5216410545608209,0.36999999999999034,995631113.17,13741802,0,71.07,74.68,69.58,70.93
300470,中密控股,38.55,-2.8232921603226733,-1.1200000000000045,243392172.2,6279980,0,39.83,39.88,38.41,39.67
300471,厚普股份,13.19,-3.7226277372262757,-0.5099999999999998,245431525.57,18497017,0,13.68,13.68,13.13,13.7
300472,*ST新元,7.56,-3.0769230769230798,-0.2400000000000002,90727020.0,11857800,0,7.92,7.97,7.51,7.8
300473,德尔股份,31.58,-1.4971927635683218,-0.480000000000004,184714624.12,5784900,0,32.08,32.49,31.46,32.06
300474,景嘉微,76.13,-4.045878497605253,-3.210000000000008,1487490292.57,19234305,0,79.31,79.63,75.8,79.34
300475,香农芯创,166.1,-5.085714285714289,-8.900000000000006,5493811287.84,32620101,0,171.2,174.38,165.0,175.0
300476,胜宏科技,278.76,-2.1894736842105296,-6.240000000000009,8135482506.42,28756496,0,281.07,290.48,278.01,285.0
300477,ST合纵,2.84,5.576208178438659,0.1499999999999999,313926327.8,114551460,0,2.67,2.93,2.6,2.69
300478,杭州高新,27.87,0.14372978799857242,0.0400000000000027,170598861.2,6085350,0,27.91,28.69,27.5,27.83
300479,神思电子,19.99,-1.6724053123462856,-0.33999999999999986,178143135.54,8788111,0,20.4,20.56,19.92,20.33
300480,光力科技,18.34,-3.6258539148712625,-0.6900000000000013,278967570.95,14968852,0,18.94,18.99,18.28,19.03
300481,濮阳惠成,16.23,-1.4571948998178412,-0.23999999999999844,136581420.09,8357768,0,16.45,16.48,16.18,16.47
300482,万孚生物,20.95,0.4796163069544262,0.09999999999999787,230448601.0,10917066,0,20.82,21.31,20.82,20.85
300483,首华燃气,15.75,1.351351351351357,0.21000000000000085,292632637.23,18521424,0,15.56,16.08,15.5,15.54
300484,蓝海华腾,19.89,-2.4999999999999902,-0.509999999999998,122057617.14,6073906,0,20.39,20.39,19.83,20.4
300485,赛升药业,12.01,5.074365704286965,0.5800000000000001,392395506.6,32263517,0,11.42,12.6,11.42,11.43
300486,东杰智能,20.71,-5.43378995433789,-1.1899999999999977,608702615.67,28803407,0,22.08,22.22,20.61,21.9
300487,蓝晓科技,70.01,-1.0039592760180909,-0.7099999999999937,394090571.21,5641472,0,72.0,72.14,68.71,70.72
300488,恒锋工具,33.0,-2.395740905057682,-0.8100000000000023,71640975.76,2147884,0,33.8,33.88,32.92,33.81
300489,光智科技,45.42,-5.552089831565818,-2.6700000000000017,340885083.81,7361503,0,47.94,48.01,45.27,48.09
300490,华自科技,12.52,-2.719502719502717,-0.34999999999999964,352551837.0,27939500,0,12.88,12.93,12.44,12.87
300491,通合科技,28.01,-2.4041811846689813,-0.6899999999999977,444017376.4,15709655,0,28.44,28.95,27.61,28.7
300492,华图山鼎,87.25,-0.29710890183979555,-0.2600000000000051,418696830.3,4700982,0,89.88,92.16,86.6,87.51
300493,润欣科技,21.87,-7.3305084745762725,-1.7300000000000004,1447747149.6,64437993,0,23.4,23.4,21.73,23.6
300494,盛天网络,14.42,-1.2328767123287652,-0.17999999999999972,890297694.4,61734742,0,14.46,14.95,13.89,14.6
300496,中科创达,84.08,-1.0939889424773637,-0.9300000000000068,4516284419.76,52854316,0,88.5,89.47,82.58,85.01
300497,富祥药业,16.4,-0.24330900243310644,-0.0400000000000027,738820978.83,44779061,0,16.5,16.87,16.0,16.44
300498,温氏股份,16.78,-1.5835777126099682,-0.2699999999999996,867351642.53,51266765,0,17.03,17.09,16.75,17.05
300499,高澜股份,30.76,-4.973741118319419,-1.6099999999999959,1192827241.61,37594933,0,32.3,32.91,30.66,32.37
300500,启迪设计,12.37,0.1619433198380532,0.019999999999999574,86026047.0,6938000,0,12.37,12.54,12.16,12.35
300501,海顺新材,15.76,0.44614404079031417,0.07000000000000028,76408505.0,4837600,0,15.8,15.96,15.53,15.69
300502,新易盛,385.08,-1.602146416251447,-6.270000000000039,15079253689.99,38520292,0,385.26,402.89,381.38,391.35
300503,昊志机电,63.45,-8.401905586834118,-5.819999999999993,3265917103.39,51279635,0,66.89,69.0,55.72,69.27
300504,天邑股份,15.35,-3.398363750786664,-0.5400000000000009,114612573.3,7388490,0,15.84,15.84,15.31,15.89
300505,川金诺,26.0,1.2066952121447985,0.3099999999999987,1118914898.87,42231738,0,25.68,27.39,25.6,25.69
300506,*ST名家,0.0,-100.0,-4.31,0.0,0,0,0.0,0.0,0.0,4.31
300507,苏奥传感,9.68,-4.536489151873775,-0.46000000000000085,382186348.51,38862156,0,10.14,10.14,9.64,10.14
300508,维宏股份,39.32,-4.097560975609755,-1.6799999999999997,239480892.17,6028680,0,40.96,41.04,39.25,41.0
300509,新美星,15.67,0.1277955271565468,0.019999999999999574,314414395.99,19780507,0,15.38,16.59,15.15,15.65
300510,金冠股份,4.47,1.5909090909090773,0.0699999999999994,260921797.21,58393599,0,4.39,4.61,4.32,4.4
300511,雪榕生物,6.35,-2.307692307692313,-0.15000000000000036,169015147.86,26218910,0,6.59,6.62,6.33,6.5
300512,中亚股份,9.54,-2.053388090349087,-0.20000000000000107,74930655.0,7777200,0,9.77,9.78,9.53,9.74
300513,恒实科技,10.88,1.2093023255814026,0.13000000000000078,249616306.74,22778606,0,11.12,11.29,10.7,10.75
300514,友讯达,14.17,0.21216407355020764,0.02999999999999936,75547011.0,5335400,0,14.15,14.41,13.92,14.14
300515,三德科技,20.29,-2.216867469879522,-0.46000000000000085,84659489.0,4122900,0,20.86,20.87,20.24,20.75
300516,久之洋,83.26,-12.3578947368421,-11.739999999999995,1542436851.64,18225081,0,91.0,92.38,80.0,95.0
300517,海波重科,11.81,-1.8287614297589267,-0.21999999999999886,80822805.73,6825489,0,12.0,12.08,11.37,12.03
300518,新迅达,19.44,-0.40983606557376173,-0.0799999999999983,299764722.04,15231519,0,19.55,20.18,19.1,19.52
300519,新光药业,15.87,1.211734693877548,0.1899999999999995,69525409.0,4369500,0,15.68,16.09,15.6,15.68
300520,科大国创,43.91,-9.501236603462502,-4.6100000000000065,3166315225.44,70588424,0,50.0,50.0,43.34,48.52
300521,爱司凯,30.37,-7.352043929225137,-2.41,363305741.8,11590620,0,32.79,32.93,30.33,32.78
300522,世名科技,12.86,-2.8700906344410937,-0.3800000000000008,98982442.1,7581240,0,13.25,13.28,12.84,13.24
300523,辰安科技,25.2,-1.0600706713780903,-0.2699999999999996,208482155.16,8171007,0,25.59,26.4,24.83,25.47
300525,博思软件,15.19,-2.6905829596412554,-0.41999999999999993,1065157450.28,68511387,0,15.7,16.05,15.13,15.61
300527,ST应急,8.24,-1.7878426698450578,-0.15000000000000036,145834151.89,17623268,0,8.39,8.4,8.21,8.39
300528,幸福蓝海,22.43,1.4014466546112059,0.3099999999999987,879566100.4,38755980,0,22.4,23.88,21.43,22.12
300529,健帆生物,20.9,1.0149830836152598,0.2099999999999973,260763059.73,12424363,0,20.72,21.38,20.6,20.69
300530,领湃科技,27.66,-2.605633802816896,-0.7399999999999984,79706615.0,2842300,0,28.48,28.5,27.6,28.4
300531,优博讯,18.37,-3.009503695881733,-0.5700000000000003,238081001.84,12762252,0,19.15,19.2,18.31,18.94
300532,今天国际,12.42,-1.350277998411437,-0.16999999999999993,119869151.8,9567903,0,12.62,12.67,12.37,12.59
300533,冰川网络,40.0,-1.9607843137254832,-0.7999999999999972,1085975242.65,26556800,0,40.78,42.86,39.53,40.8
300534,陇神戎发,9.94,1.2219959266802365,0.11999999999999922,173047081.9,17258156,0,9.81,10.16,9.81,9.82
300535,达威股份,18.63,-0.10723860589812104,-0.019999999999999574,42522330.0,2274200,0,18.67,18.89,18.4,18.65
300536,农尚环境,9.03,0.7812499999999832,0.06999999999999851,234509511.0,26114550,0,8.99,9.19,8.73,8.96
300537,广信材料,23.01,-4.0050062578222665,-0.9599999999999973,249618464.9,10704024,0,23.97,23.97,22.9,23.97
300538,同益股份,16.62,-3.203261502620854,-0.5500000000000007,169324595.0,10060800,0,17.2,17.2,16.54,17.17
300539,横河精密,39.0,-3.536977491961414,-1.4299999999999997,324964978.0,8144000,0,40.1,41.58,39.0,40.43
300540,蜀道装备,22.3,-7.5839204309987505,-1.8299999999999983,316141740.28,13949126,0,23.81,23.99,22.15,24.13
300541,先进数通,15.66,-2.9138251704897637,-0.46999999999999886,461832051.02,29146706,0,16.14,16.28,15.6,16.13
300542,新晨科技,20.42,-4.713019132057854,-1.009999999999998,440447163.1,21138989,0,21.53,21.7,20.28,21.43
300543,朗科智能,11.53,0.0868055555555537,0.009999999999999787,172424308.58,14969208,0,11.5,11.8,11.29,11.52
300545,联得装备,33.56,-3.9771101573676693,-1.3900000000000006,370682736.15,10878674,0,34.9,34.95,33.39,34.95
300546,雄帝科技,25.8,-3.659447348767739,-0.9800000000000004,289699928.1,11060135,0,26.98,27.04,25.71,26.78
300547,川环科技,37.1,-6.384052485490792,-2.530000000000001,706886377.4,18339380,0,39.76,40.05,37.01,39.63
300548,长芯博创,122.57,-7.059447983014865,-9.310000000000002,3780409285.86,30205032,0,127.81,129.81,121.92,131.88
300549,优德精密,19.18,-1.3881748071979414,-0.2699999999999996,58815572.0,3045600,0,19.45,19.52,19.09,19.45
300550,和仁科技,15.53,-2.2040302267002607,-0.3500000000000014,134519607.04,8572491,0,16.27,16.3,15.39,15.88
300551,古鳌科技,16.98,-6.907894736842095,-1.259999999999998,451651244.06,26127449,0,18.21,18.21,16.93,18.24
300552,万集科技,37.27,-1.921052631578939,-0.7299999999999969,1347875731.61,35635870,0,38.5,41.5,35.54,38.0
300553,集智股份,50.4,7.692307692307695,3.6000000000000014,1062110663.79,20732732,0,52.36,53.8,49.0,46.8
300554,三超新材,24.3,-0.6541291905151273,-0.16000000000000014,97958261.0,4007550,0,24.46,24.68,24.04,24.46
300555,ST路通,14.9,-3.1209362808842678,-0.4800000000000004,43062647.0,2824800,0,15.55,15.58,14.87,15.38
300556,丝路视觉,20.85,-1.1848341232227488,-0.25,212557357.0,10089800,0,21.39,21.57,20.7,21.1
300557,理工光科,37.89,-6.697857670524499,-2.719999999999999,341352493.87,8834731,0,40.03,40.39,37.67,40.61
300558,贝达药业,50.92,0.6523028266455787,0.3299999999999983,732680521.35,14203035,0,50.75,52.49,50.67,50.59
300559,佳发教育,14.44,0.9790209790209706,0.1399999999999988,449434348.1,30439717,0,14.48,15.34,14.02,14.3
300560,中富通,17.48,-5.513513513513511,-1.0199999999999996,526295272.77,29521651,0,18.44,18.49,17.44,18.5
300561,*ST汇科,21.83,0.045829514207140286,0.00999999999999801,275161082.3,12735950,0,21.82,22.0,21.12,21.82
300562,乐心医疗,16.02,4.364820846905538,0.6699999999999999,682430641.8,42573137,0,15.33,16.98,15.11,15.35
300563,神宇股份,38.47,-4.255848680935792,-1.7100000000000009,401269226.68,10283372,0,40.2,40.27,38.24,40.18
300564,筑博设计,15.91,-0.8104738154613403,-0.129999999999999,38319237.0,2401400,0,16.04,16.11,15.79,16.04
300565,科信技术,13.06,-3.4023668639053186,-0.4599999999999991,202837827.28,15369962,0,13.55,13.55,12.99,13.52
300566,激智科技,19.02,-1.9587628865979332,-0.379999999999999,161188414.5,8406372,0,19.4,19.5,18.98,19.4
300567,精测电子,106.18,-3.0939125673085575,-3.3899999999999864,1170453612.62,10865680,0,105.84,110.4,105.27,109.57
300568,星源材质,15.07,-1.374345549738214,-0.20999999999999908,1549754187.33,101291460,0,15.33,15.67,15.05,15.28
300569,天能重工,6.06,-1.4634146341463534,-0.09000000000000075,172849985.5,28497775,0,6.15,6.15,6.01,6.15
300570,太辰光,107.45,-5.079505300353357,-5.75,2497071801.44,22510860,0,112.28,116.58,106.85,113.2
300571,平治信息,30.5,-3.4504590060145612,-1.0899999999999999,226929574.0,7312800,0,31.64,31.81,30.36,31.59
300572,安车检测,31.21,-2.772585669781933,-0.8900000000000006,333469080.84,10573656,0,31.82,32.13,31.01,32.1
300573,兴齐眼药,74.56,0.8658008658008665,0.6400000000000006,965995271.94,12791135,0,73.91,77.36,73.83,73.92
300575,中旗股份,6.01,-0.1661129568106277,-0.009999999999999787,59856034.49,9882820,0,6.0,6.11,5.99,6.02
300576,容大感光,42.61,-4.182595007870473,-1.8599999999999994,1232250998.78,28238105,0,44.5,45.27,42.35,44.47
300577,开润股份,21.22,-1.9861431870669732,-0.4299999999999997,76167364.63,3546361,0,21.88,21.92,21.2,21.65
300578,会畅科技,27.33,2.0156774916013407,0.5399999999999991,1430200501.8,52477660,0,27.27,29.2,25.88,26.79
300579,数字认证,33.4,-4.078116025272836,-1.4200000000000017,470756752.91,13774091,0,36.0,36.06,33.32,34.82
300580,贝斯特,26.24,-2.526002971768214,-0.6800000000000033,312773935.49,11757795,0,27.0,27.28,26.15,26.92
300581,晨曦航空,17.14,-6.287588846364126,-1.1499999999999986,717670473.37,41298846,0,18.01,18.06,17.09,18.29
300582,英飞特,16.98,-2.581755593803783,-0.4499999999999993,267680264.03,15562627,0,17.17,17.8,16.97,17.43
300583,赛托生物,14.69,1.5905947441217057,0.22999999999999865,63808232.4,4312160,0,14.47,14.99,14.46,14.46
300584,海辰药业,56.11,5.469924812030069,2.9099999999999966,705261245.0,12602365,0,53.47,57.67,53.47,53.2
300585,奥联电子,18.61,-3.2241289651586116,-0.620000000000001,162579898.0,8628900,0,19.2,19.33,18.54,19.23
300586,美联新材,11.31,-5.3556485355648435,-0.6399999999999988,473096080.98,40895045,0,12.14,12.23,11.26,11.95
300587,天铁科技,6.1,-3.6334913112164364,-0.23000000000000043,229626285.47,37156623,0,6.33,6.34,6.09,6.33
300588,熙菱信息,28.59,-1.3457556935817825,-0.39000000000000057,295472516.6,10147960,0,29.16,29.98,28.16,28.98
300589,江龙船艇,20.68,-8.08888888888889,-1.8200000000000003,1087994135.01,51601190,0,22.21,22.21,20.56,22.5
300590,移为通信,13.2,-4.347826086956532,-0.6000000000000014,312896537.55,23432390,0,13.75,13.75,13.16,13.8
300591,万里马,9.3,-4.320987654320986,-0.41999999999999993,341636314.1,36057180,0,9.65,9.74,9.28,9.72
300592,华凯易佰,12.8,-3.1770045385779113,-0.41999999999999993,393567739.99,30008283,0,13.51,13.76,12.73,13.22
300593,新雷能,32.91,-8.78603104212861,-3.1700000000000017,1568694433.92,47218229,0,35.0,35.74,31.59,36.08
300594,朗进科技,23.14,-2.4451939291736857,-0.5799999999999983,133149104.4,5732205,0,23.66,23.71,22.73,23.72
300595,欧普康视,16.4,-1.5015015015015016,-0.25,419382490.51,25231219,0,16.68,16.95,16.34,16.65
300596,利安隆,45.86,2.6410026857654425,1.1799999999999997,405924062.63,8761862,0,44.97,47.7,44.49,44.68
300597,吉大通信,10.07,-0.885826771653542,-0.08999999999999986,166368286.93,16461299,0,10.25,10.29,9.9,10.16
300598,诚迈科技,49.15,-4.433210188605875,-2.280000000000001,696514474.67,13917804,0,51.73,51.83,49.0,51.43
300599,雄塑科技,9.95,-3.398058252427198,-0.3500000000000014,205619531.0,20552300,0,10.31,10.35,9.6,10.3
300600,国瑞科技,15.37,-6.223306894447842,-1.0200000000000014,269888216.6,17277616,0,16.31,16.35,15.34,16.39
300601,康泰生物,16.16,0.0,0.0,322968819.37,19785920,0,16.21,16.54,16.12,16.16
300602,飞荣达,31.96,-4.682373993438713,-1.5700000000000003,772424606.31,23817340,0,33.4,33.4,31.8,33.53
300603,立昂技术,10.53,-2.319109461966605,-0.25,179220429.0,16848175,0,10.88,10.88,10.51,10.78
300604,长川科技,122.99,-4.406964091403701,-5.670000000000002,4030485493.29,32331110,0,127.38,128.89,122.0,128.66
300605,恒锋信息,17.49,-1.4647887323943751,-0.26000000000000156,289574501.16,16398894,0,17.75,18.07,17.13,17.75
300606,金太阳,24.36,-4.169944925255713,-1.0600000000000023,244474466.5,9878900,0,25.76,25.79,24.3,25.42
300607,拓斯达,33.14,-4.247327362034091,-1.4699999999999989,974471483.36,28852749,0,34.55,34.81,33.0,34.61
300608,思特奇,12.47,-1.8882769472856034,-0.2400000000000002,226671729.25,17975220,0,12.8,12.85,12.37,12.71
300609,汇纳科技,44.05,-0.8106282368835837,-0.35999999999999943,381286284.65,8556800,0,45.5,46.0,43.6,44.41
300610,晨化股份,12.13,1.5062761506276277,0.1800000000000015,96199473.6,7901940,0,12.02,12.38,11.85,11.95
300611,美力科技,28.06,-2.805680637339807,-0.8100000000000023,250909939.0,8791000,0,28.93,29.13,28.01,28.87
300612,宣亚国际,22.42,-2.7753686036426584,-0.639999999999997,1499056683.98,64454114,0,23.51,25.36,21.5,23.06
300613,富瀚微,47.97,-3.2472771278741415,-1.6099999999999994,317599593.88,6520097,0,49.9,49.9,47.91,49.58
300614,百川畅银,13.0,-0.07686395080706984,-0.009999999999999787,35695588.52,2735158,0,13.04,13.23,12.72,13.01
300615,欣天科技,13.96,-1.6901408450704116,-0.23999999999999844,69874817.5,4963430,0,14.24,14.28,13.93,14.2
300616,尚品宅配,15.17,0.06596306068601442,0.009999999999999787,93914571.16,6197368,0,15.18,15.34,14.83,15.16
300617,安靠智电,38.99,11.527459954233413,4.030000000000001,577150444.43,15098623,0,35.15,41.5,34.1,34.96
300618,寒锐钴业,48.13,-0.7833436404864882,-0.37999999999999545,889815622.94,18272774,0,48.1,49.6,47.75,48.51
300619,金银河,44.79,-1.300132216835618,-0.5900000000000034,482237140.65,10635517,0,45.38,46.18,44.67,45.38
300620,光库科技,142.3,-9.765377298668344,-15.399999999999977,3386530036.93,22794585,0,156.0,156.24,141.8,157.7
300621,维业股份,8.75,0.45924225028701654,0.03999999999999915,42509459.5,4859350,0,8.71,8.84,8.6,8.71
300622,博士眼镜,32.37,-4.541433205544085,-1.5399999999999991,573353722.99,17368087,0,34.1,34.2,32.26,33.91
300623,捷捷微电,28.46,-3.5907859078590745,-1.0599999999999987,588268712.02,20399653,0,29.52,29.59,28.39,29.52
300624,万兴科技,105.98,6.985665253381789,6.920000000000002,5559050521.3,51152299,0,109.0,114.27,105.0,99.06
300625,三雄极光,12.52,1.2126111560226382,0.15000000000000036,62447279.5,4970015,0,12.38,12.78,12.26,12.37
300626,华瑞股份,17.14,-4.8306496390894,-0.870000000000001,266832153.18,15188390,0,18.0,18.05,17.06,18.01
300627,华测导航,40.7,-12.095032397408195,-5.599999999999994,2590901359.35,62083898,0,45.01,45.05,40.28,46.3
300628,亿联网络,37.06,-0.9355787222667585,-0.3499999999999943,408991515.5,10935824,0,37.42,37.86,36.9,37.41
300629,新劲刚,29.89,-10.159302675082664,-3.3800000000000026,1470923121.15,48942518,0,31.92,32.6,28.8,33.27
300630,普利退,0.89,1.1363636363636374,0.010000000000000009,32787848.0,36818346,0,0.9,0.95,0.86,0.88
300631,久吾高科,30.94,0.6833712984054697,0.21000000000000085,273865811.0,8729800,0,30.75,32.24,30.42,30.73
300632,光莆股份,15.33,-3.097345132743364,-0.4900000000000002,223480585.2,14400320,0,15.83,15.87,15.3,15.82
300633,开立医疗,29.35,-0.3395585738539826,-0.09999999999999787,167181975.49,5658919,0,29.5,29.89,29.22,29.45
300634,彩讯股份,31.84,-4.756206999700867,-1.5899999999999999,2195058980.62,66922603,0,34.02,34.18,31.7,33.43
300635,中达安,16.35,-4.105571847507327,-0.6999999999999993,90795716.0,5504000,0,17.0,17.0,16.33,17.05
300636,同和药业,7.86,1.158301158301168,0.09000000000000075,77171819.6,9810020,0,7.78,7.92,7.76,7.77
300637,扬帆新材,12.61,-1.5612802498048484,-0.20000000000000107,121638038.0,9530100,0,12.79,13.03,12.57,12.81
300638,广和通,33.06,-8.16666666666666,-2.9399999999999977,3008902928.96,90297532,0,35.3,35.37,32.44,36.0
300639,凯普生物,6.07,5.749128919860628,0.33000000000000007,254497352.72,41435207,0,5.95,6.33,5.95,5.74
300640,德艺文创,8.24,-4.959630911188001,-0.4299999999999997,283660871.0,33893800,0,8.56,8.66,8.17,8.67
300641,正丹股份,19.37,3.0319148936170226,0.5700000000000003,443791853.09,22667394,0,18.82,20.24,18.78,18.8
300642,透景生命,21.56,3.010033444816049,0.629999999999999,562839199.7,25637160,0,21.5,22.87,21.01,20.93
300643,万通智控,19.79,-2.271604938271609,-0.46000000000000085,136597261.0,6830500,0,20.26,20.35,19.68,20.25
300644,南京聚隆,36.29,-3.0197755211117117,-1.1300000000000026,189328287.6,5127865,0,37.38,37.83,36.23,37.42
300645,正元智慧,20.47,-0.38929440389295306,-0.08000000000000185,291679728.24,14022210,0,21.13,21.68,20.25,20.55
300647,超频三,7.26,-2.550335570469804,-0.1900000000000004,206261007.39,28198291,0,7.47,7.47,7.21,7.45
300648,星云股份,60.01,-3.5674112164550844,-2.219999999999999,760515535.87,12240756,0,64.65,64.99,59.7,62.23
300649,杭州园林,14.9,0.201748486886356,0.030000000000001137,53857513.0,3591500,0,14.95,15.23,14.66,14.87
300650,太龙股份,17.08,-3.557312252964441,-0.6300000000000026,186110099.2,10742870,0,17.71,17.78,17.03,17.71
300651,金陵体育,22.11,-1.9077196095829623,-0.4299999999999997,164502307.41,7379113,0,22.22,22.67,21.94,22.54
300652,雷迪克,58.62,-4.512135526958793,-2.770000000000003,544694121.2,8997040,0,62.5,62.85,58.58,61.39
300653,正海生物,22.44,4.908835904628335,1.0500000000000007,248856470.96,11168653,0,21.45,23.08,21.34,21.39
300654,世纪天鸿,11.54,-1.3675213675213687,-0.16000000000000014,625087437.42,53277166,0,11.6,12.12,11.36,11.7
300655,晶瑞电材,18.16,-4.421052631578946,-0.8399999999999999,2030730640.99,108842839,0,19.0,19.36,18.06,19.0
300656,民德电子,24.08,-4.972375690607741,-1.2600000000000016,158587990.5,6510331,0,25.1,25.12,23.98,25.34
300657,弘信电子,30.02,-5.269801199116446,-1.6700000000000017,975342873.22,31808042,0,31.97,32.0,29.88,31.69
300658,延江股份,0.0,-100.0,-14.82,0.0,0,0,0.0,0.0,0.0,14.82
300659,中孚信息,16.3,-3.321470937129293,-0.5599999999999987,266850884.0,16111800,0,17.1,17.32,16.24,16.86
300660,江苏雷利,54.98,-3.51000351000351,-2.0,860266002.97,15433160,0,56.8,57.47,54.3,56.98
300661,圣邦股份,70.68,-3.5611952517396634,-2.6099999999999994,1312832197.99,18289772,0,73.26,73.36,70.28,73.29
300662,科锐国际,30.07,-0.5621693121693061,-0.16999999999999815,464670745.0,15141100,0,30.3,31.38,29.93,30.24
300663,科蓝软件,19.37,-3.583872573419606,-0.7199999999999989,772428864.72,39241394,0,20.3,20.42,19.26,20.09
300664,鹏鹞环保,5.65,0.3552397868561361,0.020000000000000462,110248078.69,19496813,0,5.63,5.7,5.58,5.63
300665,飞鹿股份,9.2,-0.3250270855904782,-0.030000000000001137,95466373.3,10380265,0,9.25,9.26,9.1,9.23
300666,江丰电子,114.74,-0.4252364835546378,-0.4900000000000091,1543047124.68,13358566,0,114.06,118.66,113.62,115.23
300667,必创科技,18.78,-5.007587253414257,-0.9899999999999984,307532797.25,16134700,0,19.6,19.7,18.72,19.77
300668,杰恩设计,31.45,1.7799352750809085,0.5500000000000007,192495279.54,6200278,0,30.91,31.88,30.17,30.9
300669,沪宁股份,25.7,-1.0396611474778574,-0.2699999999999996,57207650.74,2209693,0,25.8,26.41,25.61,25.97
300670,大烨智能,6.95,-0.5722460658082981,-0.040000000000000036,95189592.6,13668980,0,6.98,7.06,6.81,6.99
300671,富满微,34.14,-2.6240730176839753,-0.9200000000000017,236286893.49,6793091,0,35.15,35.35,34.08,35.06
300672,国科微,122.29,-1.6566143948532273,-2.059999999999988,1615287495.07,13026883,0,124.0,128.0,121.0,124.35
300673,佩蒂股份,18.32,-3.017469560614083,-0.5700000000000003,129496983.1,6952870,0,18.87,18.89,18.3,18.89
300674,宇信科技,25.21,-3.6683225066870495,-0.9600000000000009,1114164941.43,43297793,0,26.54,26.7,25.11,26.17
300675,建科院,16.26,0.24660912453762454,0.0400000000000027,79894392.0,4915800,0,16.24,16.42,16.05,16.22
300676,华大基因,58.15,6.3071297989031,3.4499999999999957,2487745980.13,41430049,0,56.81,65.0,55.7,54.7
300677,英科医疗,38.17,-1.7756047349459543,-0.6899999999999977,492874833.68,12735568,0,38.81,39.31,38.0,38.86
300678,中科信息,36.0,-2.6500811249323877,-0.9799999999999969,1111460925.36,30188591,0,38.0,38.49,35.87,36.98
300679,电连技术,49.15,-3.209925167388741,-1.6300000000000026,453843006.04,9133399,0,50.87,50.92,49.07,50.78
300680,隆盛科技,52.85,-8.674615517539305,-5.019999999999996,1237247856.08,22932986,0,57.0,57.0,52.66,57.87
300681,英搏尔,26.38,-3.334554781971419,-0.9100000000000001,294357916.38,11007205,0,27.29,27.8,26.28,27.29
300682,朗新集团,18.4,6.051873198847246,1.0499999999999972,1842641015.04,102615235,0,17.81,18.75,16.85,17.35
300683,海特生物,30.85,3.3847184986595225,1.0100000000000016,444053175.32,14248164,0,29.97,32.19,29.64,29.84
300684,中石科技,47.8,-3.9195979899497546,-1.9500000000000028,731298887.0,15021100,0,49.89,49.97,47.68,49.75
300685,艾德生物,22.84,4.72260430994957,1.0300000000000011,491469097.06,21670214,0,21.86,23.12,21.86,21.81
300686,智动力,15.7,-2.5450031036623226,-0.41000000000000014,114191123.28,7194008,0,16.15,16.19,15.63,16.11
300687,赛意信息,27.98,-3.483959986202132,-1.009999999999998,1279942216.89,44665176,0,29.38,29.8,27.69,28.99
300688,创业黑马,32.84,-1.6471997604072992,-0.5499999999999972,1060836027.78,31387844,0,33.9,35.53,32.63,33.39
300689,澄天伟业,49.02,-3.636721053666197,-1.8499999999999943,100924833.6,2026400,0,51.08,51.37,48.96,50.87
300690,双一科技,32.95,-5.1798561151079054,-1.7999999999999972,310951166.04,9276727,0,34.75,34.75,32.9,34.75
300691,联合光电,17.63,-2.5966850828729413,-0.4700000000000024,113524410.51,6380880,0,18.09,18.09,17.6,18.1
300692,中赋科技,9.06,-3.8216560509554083,-0.35999999999999943,193566252.74,20961032,0,9.44,9.59,9.04,9.42
300693,盛弘股份,40.81,-0.36621093749999656,-0.14999999999999858,884194400.18,21668958,0,40.9,42.0,39.81,40.96
300694,蠡湖股份,12.28,-0.7275666936135802,-0.08999999999999986,67160587.0,5433300,0,12.37,12.47,12.21,12.37
300695,兆丰股份,89.34,-3.3639805300162244,-3.1099999999999994,126188725.2,1386120,0,92.06,93.55,89.11,92.45
300696,爱乐达,30.79,-6.498633464925602,-2.1400000000000006,525183094.09,16793502,0,32.41,32.43,30.71,32.93
300697,电工合金,17.59,-4.557786218122625,-0.8399999999999999,312117772.32,17384232,0,18.38,18.38,17.56,18.43
300698,万马科技,45.42,-2.657522503214734,-1.2399999999999949,450487060.0,9820000,0,46.66,46.93,45.06,46.66
300699,光威复材,41.74,-10.178609855820953,-4.729999999999997,3147415425.27,74592881,0,44.91,44.98,40.9,46.47
300700,岱勒新材,12.53,-2.1093750000000107,-0.27000000000000135,119615658.75,9434814,0,12.83,12.94,12.48,12.8
300701,森霸传感,13.47,-3.23275862068965,-0.4499999999999993,185982816.3,13657876,0,13.87,13.87,13.46,13.92
300702,天宇股份,26.1,1.2412723041117155,0.3200000000000003,99143943.75,3788660,0,25.77,26.4,25.77,25.78
300703,创源股份,27.96,3.211517165005541,0.870000000000001,626190392.04,22410073,0,27.51,29.57,26.6,27.09
300705,九典制药,15.86,0.5707038681039941,0.08999999999999986,205626664.32,12855156,0,15.83,16.15,15.77,15.77
300706,阿石创,37.04,-4.732510288065852,-1.8400000000000034,343210085.3,9091500,0,39.01,39.38,36.85,38.88
300707,威唐工业,17.03,-4.379562043795607,-0.7799999999999976,268602113.0,15641600,0,17.64,17.64,16.97,17.81
300708,聚灿光电,9.43,-4.651162790697683,-0.46000000000000085,600255243.86,62576561,0,9.83,9.84,9.4,9.89
300709,精研科技,47.23,-3.6515707874337133,-1.7900000000000063,533778550.55,11160729,0,48.88,48.89,47.1,49.02
300710,万隆光电,32.39,-6.115942028985506,-2.1099999999999994,304465862.2,9226595,0,33.8,33.94,32.2,34.5
300711,广哈通信,30.79,5.121201775349949,1.5,1432076873.63,44419972,0,31.05,35.14,30.74,29.29
300712,永福股份,28.17,0.6790564689063663,0.19000000000000128,242900740.2,8648920,0,27.95,28.8,27.39,27.98
300713,英可瑞,18.08,-1.4713896457765836,-0.2700000000000031,110295213.33,6062698,0,18.35,18.59,17.89,18.35
300715,凯伦股份,11.44,-2.3890784982935247,-0.28000000000000114,62809572.8,5418320,0,11.8,11.82,11.41,11.72
300716,ST泉为,11.64,-1.6060862214708327,-0.1899999999999995,26815712.5,2292500,0,11.83,11.97,11.61,11.83
300717,华信新材,20.0,0.40160642570280264,0.0799999999999983,43099340.8,2160260,0,19.85,20.12,19.69,19.92
300718,长盛轴承,83.62,-2.891650214841476,-2.489999999999995,975476522.99,11428477,0,86.99,88.0,83.52,86.11
300719,安达维尔,18.06,-5.9864653826132335,-1.1500000000000021,344527496.7,18834260,0,18.94,18.98,18.0,19.21
300720,海川智能,32.85,0.6742261722341368,0.21999999999999886,367531287.96,11128784,0,31.99,34.0,31.52,32.63
300721,怡达股份,13.45,-1.392961876832854,-0.19000000000000128,51807785.7,3811880,0,13.6,13.72,13.42,13.64
300722,新余国科,35.97,-8.89057750759878,-3.509999999999998,747238739.72,20506174,0,38.83,38.83,35.65,39.48
300723,一品红,42.35,13.053924185798186,4.890000000000001,1797142381.63,43679605,0,38.71,44.3,38.26,37.46
300724,捷佳伟创,117.47,0.7893607893607909,0.9200000000000017,4049789316.25,34521789,0,114.29,122.2,113.4,116.55
300725,药石科技,46.58,2.328646748681887,1.0599999999999952,1990402949.32,41119948,0,48.01,51.15,46.02,45.52
300726,宏达电子,51.14,-6.3369963369963385,-3.460000000000001,1049396499.56,20345362,0,54.0,54.3,50.7,54.6
300727,润禾材料,35.77,-4.485981308411214,-1.6799999999999997,178217482.96,4893900,0,37.28,37.3,35.7,37.45
300729,乐歌股份,14.26,-0.9722222222222262,-0.14000000000000057,96221706.34,6677524,0,14.44,14.59,14.22,14.4
300730,科创信息,14.49,-2.686366689053058,-0.40000000000000036,255514293.0,17318600,0,15.14,15.18,14.38,14.89
300731,科创新源,50.69,-6.871210729377185,-3.740000000000002,676809533.0,13014000,0,54.27,54.59,50.2,54.43
300732,设研院,7.8,-0.5102040816326535,-0.040000000000000036,67929881.99,8639427,0,7.85,7.94,7.77,7.84
300733,西菱动力,19.19,-7.294685990338155,-1.509999999999998,347353983.6,17703580,0,20.5,20.5,19.13,20.7
300735,光弘科技,26.0,-3.525046382189237,-0.9499999999999993,450408734.06,17121576,0,27.0,27.09,25.89,26.95
300736,百邦科技,16.77,-2.272727272727276,-0.39000000000000057,136510130.6,8063960,0,17.19,17.2,16.67,17.16
300737,科顺股份,5.45,-4.5534150612959685,-0.2599999999999998,209329947.55,37893594,0,5.69,5.69,5.44,5.71
300738,奥飞数据,23.29,-2.593057298201593,-0.620000000000001,3000246291.82,126053684,0,23.92,24.66,23.16,23.91
300739,明阳电路,18.33,-6.431852986217466,-1.2600000000000016,475066241.79,25421992,0,19.6,19.68,18.25,19.59
300740,水羊股份,26.08,-0.7987828071510112,-0.21000000000000085,571452995.63,21589499,0,26.34,27.15,25.96,26.29
300741,华宝股份,18.98,-1.6580310880829028,-0.3200000000000003,55352721.0,2898000,0,19.16,19.34,18.9,19.3
300743,天地数码,23.33,-0.21385799828913904,-0.05000000000000071,135922235.15,5746835,0,23.63,24.07,23.17,23.38
300745,欣锐科技,28.67,-2.0833333333333313,-0.6099999999999994,199738628.61,6865559,0,29.3,29.82,28.55,29.28
300746,汉嘉设计,13.96,-1.3427561837455795,-0.1899999999999995,60790574.0,4317100,0,14.2,14.28,13.8,14.15
300747,锐科激光,33.72,-6.541019955654101,-2.3599999999999994,1713855539.87,50374405,0,35.71,35.8,33.32,36.08
300748,金力永磁,37.1,-3.5862785862785747,-1.3799999999999955,2299264689.57,61229351,0,38.25,38.32,36.93,38.48
300749,顶固集创,12.69,-6.069578090303481,-0.8200000000000003,176362313.99,13834706,0,13.21,13.27,12.52,13.51
300750,宁德时代,358.06,-1.0008847600088489,-3.6200000000000045,10237418712.39,28252951,0,366.25,367.77,357.0,361.68
300751,迈为股份,225.99,-3.3115132845590987,-7.739999999999981,3937398372.9,17286755,0,222.06,239.88,218.86,233.73
300752,隆利科技,19.07,-0.9865005192108062,-0.19000000000000128,165637938.28,8572614,0,19.38,19.68,19.0,19.26
300753,爱朋医疗,39.88,-7.663811067376697,-3.309999999999995,1082366412.39,26708657,0,43.51,44.12,39.09,43.19
300755,华致酒行,17.54,-2.8792912513842728,-0.5199999999999996,105375568.64,5930580,0,18.04,18.15,17.51,18.06
300756,金马游乐,54.95,-1.6290726817042547,-0.9099999999999966,188819679.33,3396846,0,55.91,56.7,54.59,55.86
300757,罗博特科,283.45,-1.2369337979094115,-3.5500000000000114,2337215323.71,8144282,0,285.6,296.55,280.35,287.0
300758,七彩化学,14.09,4.758364312267663,0.6400000000000006,475805037.63,33836485,0,13.47,14.5,13.45,13.45
300759,康龙化成,32.86,4.152139461172737,1.3099999999999987,1792063691.21,53936700,0,32.18,34.3,32.14,31.55
300760,迈瑞医疗,208.2,0.0817189828390076,0.1699999999999875,3187809794.58,15186258,0,209.2,213.08,207.5,208.03
300761,立华股份,20.56,-2.55924170616115,-0.5400000000000027,206217183.08,9916848,0,21.05,21.19,20.52,21.1
300762,上海瀚讯,53.46,-3.8489208633093535,-2.1400000000000006,7448075768.23,143392081,0,53.5,58.18,48.5,55.6
300763,锦浪科技,74.2,-2.110817941952499,-1.5999999999999943,1100636234.58,14787801,0,75.89,75.97,73.35,75.8
300765,新诺威,41.0,-0.9422565837158747,-0.39000000000000057,754012986.44,17793359,0,42.6,43.85,40.86,41.39
300766,每日互动,43.82,-5.985839948508902,-2.789999999999999,5434234541.84,117698492,0,47.5,49.49,43.55,46.61
300767,震安科技,20.9,-5.387052965142605,-1.1900000000000013,296415696.28,13906551,0,22.3,22.32,20.87,22.09
300768,迪普科技,20.18,-3.904761904761906,-0.8200000000000003,363430374.15,17741784,0,21.22,21.35,20.07,21.0
300769,德方纳米,45.57,-2.0842286205414675,-0.9699999999999989,1402016998.99,30167757,0,46.5,47.88,45.44,46.54
300770,新媒股份,46.18,-2.532714225411572,-1.2000000000000028,422901337.31,9047780,0,47.37,47.65,46.01,47.38
300771,智莱科技,15.94,-6.619800820152319,-1.1300000000000008,377605976.5,23219880,0,17.07,17.07,15.85,17.07
300772,运达股份,19.44,-5.44747081712061,-1.1199999999999974,509086371.35,25864899,0,20.47,20.55,19.31,20.56
300773,拉卡拉,26.73,-6.538461538461542,-1.870000000000001,2398324255.61,87621076,0,28.7,28.74,26.6,28.6
300774,倍杰特,26.5,9.821798590965608,2.370000000000001,918252049.93,35554794,0,24.24,27.98,24.1,24.13
300775,三角防务,32.49,-8.272162619988706,-2.9299999999999997,1780383726.15,54226680,0,34.56,34.69,32.18,35.42
300776,帝尔激光,73.84,-2.0559755935800466,-1.5499999999999972,1051651719.64,14314168,0,74.57,76.3,71.19,75.39
300777,中简科技,41.16,-7.7130044843049435,-3.440000000000005,1586468946.66,37975013,0,43.73,43.73,41.01,44.6
300778,新城市,13.51,-2.2431259044862553,-0.3100000000000005,63985762.22,4688711,0,13.82,13.82,13.45,13.82
300779,惠城环保,115.9,-4.85962896076177,-5.9199999999999875,925151622.1,7844170,0,121.66,122.71,115.38,121.82
300780,德恩精工,20.2,-5.164319248826297,-1.1000000000000014,285410575.0,14028900,0,21.29,21.3,20.01,21.3
300781,因赛集团,47.15,0.10615711252653325,0.04999999999999716,1823573880.49,36663053,0,49.0,55.0,45.82,47.1
300782,卓胜微,82.67,-2.4427661080953422,-2.069999999999993,1576843345.55,18856332,0,84.32,85.98,82.22,84.74
300783,三只松鼠,24.88,-3.152977812378366,-0.8100000000000023,555109228.55,21944297,0,25.51,25.8,24.78,25.69
300784,利安科技,52.38,-1.9101123595505545,-1.019999999999996,55376396.0,1048600,0,53.13,53.37,52.3,53.4
300785,值得买,70.43,12.436143039591325,7.790000000000006,3733598520.74,51710876,0,71.0,75.17,65.98,62.64
300786,国林科技,16.99,-3.4110289937464553,-0.6000000000000014,189718069.46,11036714,0,17.54,17.56,16.9,17.59
300787,海能实业,12.13,-1.2214983713354934,-0.14999999999999858,98917680.61,8131584,0,12.28,12.35,12.06,12.28
300788,中信出版,30.67,-3.3102143757881377,-1.0499999999999972,288744377.15,9140997,0,32.58,33.0,30.63,31.72
300789,唐源电气,23.58,-1.0075566750629805,-0.240000000000002,73787202.36,3089580,0,23.81,24.25,23.45,23.82
300790,宇瞳光学,30.63,-4.5794392523364555,-1.4700000000000024,466828317.72,15065436,0,32.01,32.01,30.51,32.1
300791,仙乐健康,24.42,0.12300123001230479,0.030000000000001137,133133271.79,5432359,0,24.34,24.94,24.07,24.39
300792,壹网壹创,41.32,-2.038880986249406,-0.8599999999999994,2270149367.61,50920055,0,45.01,49.52,40.91,42.18
300793,佳禾智能,17.99,-3.950880939668991,-0.740000000000002,421549070.34,23123800,0,18.7,18.73,17.93,18.73
300795,米奥会展,14.37,-0.7596685082873011,-0.11000000000000121,108115408.07,7426187,0,14.51,14.77,14.33,14.48
300796,贝斯美,8.92,0.1122334455667765,0.009999999999999787,65590249.24,7353036,0,8.88,8.98,8.8,8.91
300797,钢研纳克,17.53,-5.651237890204506,-1.0499999999999972,224194391.72,12586582,0,18.4,18.4,17.52,18.58
300798,锦鸡股份,7.6,-1.8087855297157693,-0.14000000000000057,102469154.16,13269188,0,7.79,7.85,7.59,7.74
300800,力合科技,12.29,1.2355848434925747,0.14999999999999858,79206003.5,6419000,0,12.22,12.62,12.01,12.14
300801,泰和科技,30.32,-6.93677102516881,-2.259999999999998,524261634.58,16868960,0,32.66,32.69,30.2,32.58
300802,矩子科技,20.03,-2.530413625304134,-0.5199999999999996,130936043.72,6446764,0,20.81,20.94,20.0,20.55
300803,指南针,143.27,-3.091179653679649,-4.569999999999993,5691864528.82,38702624,0,150.01,151.8,142.08,147.84
300804,广康生化,35.88,0.05577244841049394,0.020000000000003126,55154707.6,1526792,0,35.85,36.54,35.66,35.86
300805,电声股份,12.62,0.4777070063694166,0.05999999999999872,450823806.8,35099096,0,12.89,13.19,12.4,12.56
300806,斯迪克,33.96,0.3546099290780066,0.11999999999999744,780004409.92,22633236,0,33.76,35.36,33.38,33.84
300807,天迈科技,60.89,-5.888717156105104,-3.8100000000000023,285964969.0,4569600,0,65.12,65.88,60.88,64.7
300808,久量股份,28.85,-1.5358361774744003,-0.4499999999999993,76395057.0,2636600,0,29.25,29.58,28.76,29.3
300809,华辰装备,38.08,-1.6782855667441223,-0.6499999999999986,247575550.0,6409140,0,38.74,39.51,37.83,38.73
300810,中科海讯,41.05,-6.640891516943374,-2.9200000000000017,301392702.79,7202600,0,43.97,43.97,40.91,43.97
300811,铂科新材,78.38,1.9245773732119502,1.4799999999999898,1562375761.46,19268340,0,77.0,84.1,77.0,76.9
300812,易天股份,27.5,-6.779661016949152,-2.0,383728493.75,13596929,0,29.4,29.47,27.48,29.5
300813,泰林生物,26.87,1.1671686746988037,0.3100000000000023,171391180.52,6369167,0,26.58,27.7,25.98,26.56
300814,中富电路,73.12,-5.100584036340029,-3.9299999999999926,600016922.04,8051304,0,77.05,77.26,72.8,77.05
300815,玉禾田,24.64,2.966987045549523,0.7100000000000009,647215601.02,26229240,0,23.89,25.5,23.4,23.93
300816,艾可蓝,71.99,20.003333888981484,11.999999999999993,530270370.84,7382472,0,71.99,71.99,68.8,59.99
300817,双飞集团,22.92,3.710407239819006,0.8200000000000003,353159383.17,15707255,0,22.07,23.25,21.4,22.1
300818,耐普矿机,38.11,-1.6262261228704247,-0.6300000000000026,108874311.69,2832215,0,38.9,39.45,37.96,38.74
300819,聚杰微纤,36.55,-7.209951764407219,-2.8400000000000034,357925090.89,9669900,0,38.7,39.0,36.12,39.39
300820,英杰电气,54.47,-2.697391925687742,-1.509999999999998,345867408.42,6354119,0,55.9,55.9,53.8,55.98
300821,东岳硅材,12.73,-4.069329314242647,-0.5399999999999991,617647679.45,47684558,0,13.2,13.25,12.69,13.27
300822,贝仕达克,17.02,-2.742857142857145,-0.4800000000000004,100961864.8,5838230,0,17.56,17.84,16.98,17.5
300823,建科智能,16.27,0.12307692307692046,0.019999999999999574,46153087.6,2839200,0,16.31,16.4,15.97,16.25
300824,北鼎股份,11.66,-0.9345794392523317,-0.10999999999999943,63750421.0,5409800,0,11.77,11.92,11.64,11.77
300825,阿尔特,10.86,-4.569420035149396,-0.5200000000000014,292178240.62,26586360,0,11.48,11.55,10.8,11.38
300826,测绘股份,16.94,-0.7033997655333966,-0.11999999999999744,62173608.49,3646401,0,17.07,17.22,16.88,17.06
300827,上能电气,41.46,6.444159178433884,2.509999999999998,2440300634.08,61328640,0,38.83,41.79,37.56,38.95
300828,锐新科技,17.6,2.2067363530778312,0.38000000000000256,154230674.5,8736050,0,17.39,17.95,17.21,17.22
300829,金丹科技,17.38,-0.2296211251435287,-0.0400000000000027,90413413.21,5169187,0,17.43,17.68,17.3,17.42
300830,金现代,13.74,-5.371900826446277,-0.7799999999999994,1326770013.38,95892409,0,14.5,14.5,13.02,14.52
300831,派瑞股份,12.13,-0.16460905349793886,-0.019999999999999574,112175980.0,9319300,0,12.13,12.27,11.85,12.15
300832,新产业,59.78,-1.042873696407872,-0.6299999999999955,312709372.39,5195719,0,60.42,60.98,59.51,60.41
300833,浩洋股份,43.77,1.7433751743375174,0.75,82887010.07,1897553,0,43.18,44.63,42.79,43.02
300834,星辉环材,23.8,-0.5847953216374292,-0.14000000000000057,43415235.0,1813000,0,23.94,24.25,23.65,23.94
300835,龙磁科技,66.68,0.8774583963691567,0.5800000000000125,311522161.68,4653367,0,65.62,68.0,65.05,66.1
300836,佰奥智能,57.63,2.235231506120286,1.2600000000000051,153952136.72,2681053,0,56.97,59.56,55.5,56.37
300837,浙矿股份,37.11,-3.1828854683015884,-1.2199999999999989,314756956.54,8104560,0,40.0,40.85,37.03,38.33
300838,浙江力诺,15.95,-0.5610972568578545,-0.08999999999999986,82202231.3,5127888,0,16.09,16.23,15.7,16.04
300839,博汇股份,12.06,-1.791530944625398,-0.21999999999999886,48999023.29,3992373,0,12.35,12.41,12.04,12.28
300840,酷特智能,21.68,-7.744680851063832,-1.8200000000000003,850103016.42,38227516,0,23.5,23.5,21.58,23.5
300841,康华生物,75.71,0.7585839765770471,0.5699999999999932,227850197.31,3001419,0,75.3,76.55,74.81,75.14
300842,帝科股份,72.13,19.99667276659457,12.019999999999996,1637322207.63,24392262,0,60.11,72.13,60.1,60.11
300843,胜蓝股份,48.14,-4.578790882061451,-2.3100000000000023,372563171.07,7597959,0,50.47,50.47,48.04,50.45
300844,山水比德,37.75,-1.6927083333333297,-0.6499999999999986,53168015.62,1389186,0,38.41,38.89,37.61,38.4
300845,捷安高科,11.91,-1.1618257261410836,-0.14000000000000057,101667216.39,8484137,0,12.15,12.22,11.76,12.05
300846,首都在线,24.51,-6.912267375617155,-1.8199999999999967,2058418287.56,82559437,0,26.7,26.84,24.03,26.33
300847,中船汉光,17.96,-3.5963499731615576,-0.6699999999999982,187559924.88,10321614,0,18.63,18.63,17.91,18.63
300848,美瑞新材,15.8,-2.5893958076448715,-0.41999999999999815,180640000.39,11287728,0,16.23,16.6,15.78,16.22
300849,锦盛新材,16.21,-1.098230628431969,-0.17999999999999972,50972501.0,3082900,0,16.47,16.91,16.19,16.39
300850,新强联,42.55,-4.5321965447610575,-2.020000000000003,745430459.92,17223842,0,44.57,44.57,42.43,44.57
300851,交大思诺,28.09,0.3572704537334813,0.10000000000000142,35966450.0,1275800,0,28.36,28.51,27.75,27.99
300852,四会富仕,38.03,-3.6483405117810936,-1.4399999999999977,229608778.27,5979245,0,39.37,39.37,37.9,39.47
300853,申昊科技,22.3,-1.675485008818338,-0.379999999999999,95351410.2,4260680,0,22.58,22.8,22.11,22.68
300854,中兰环保,17.77,-0.5595970900951395,-0.10000000000000142,57319545.7,3174655,0,18.0,18.31,17.71,17.87
300855,图南股份,35.09,-4.099480732440557,-1.5,348750106.12,9928037,0,36.67,36.67,34.35,36.59
300856,科思股份,13.78,-1.2186379928315407,-0.16999999999999993,99200316.07,7156552,0,13.98,14.0,13.73,13.95
300857,协创数据,187.69,-1.200189503605833,-2.280000000000001,3183136903.85,16587762,0,193.76,198.04,186.6,189.97
300858,科拓生物,17.91,1.300904977375568,0.23000000000000043,163554724.8,9103700,0,17.81,18.38,17.5,17.68
300859,西域旅游,37.83,-2.020202020202023,-0.7800000000000011,225363622.29,5876391,0,38.5,38.83,37.7,38.61
300860,锋尚文化,30.25,-1.2406137773424715,-0.379999999999999,217264787.15,7111156,0,31.14,31.29,30.03,30.63
300861,美畅股份,15.7,-2.423865755127412,-0.39000000000000057,148825207.62,9393986,0,16.24,16.26,15.61,16.09
300862,蓝盾光电,27.17,-8.023019634394034,-2.3699999999999974,802500946.3,29273595,0,29.55,29.86,26.0,29.54
300863,卡倍亿,49.3,-3.0291109362706647,-1.5400000000000063,208125088.39,4178886,0,50.51,50.59,49.0,50.84
300864,南大环境,20.62,2.0286986640277096,0.41000000000000014,77708056.78,3736232,0,20.24,21.27,20.23,20.21
300865,大宏立,28.58,-1.27806563039724,-0.370000000000001,42266718.1,1463595,0,28.95,29.14,28.53,28.95
300866,安克创新,103.77,-2.1222410865874366,-2.25,586244563.4,5568773,0,105.93,107.4,103.55,106.02
300867,圣元环保,19.85,-2.6960784313725354,-0.5499999999999972,199466885.28,9969504,0,20.38,20.44,19.8,20.4
300868,杰美特,35.05,0.0,0.0,124269153.35,3494523,0,35.03,36.5,34.6,35.05
300869,康泰医学,16.32,0.6165228113440285,0.10000000000000142,156935246.06,9500109,0,16.35,16.73,16.27,16.22
300870,欧陆通,230.88,-3.800000000000002,-9.120000000000005,1351284602.89,5765328,0,239.0,244.3,228.19,240.0
300871,回盛生物,25.12,8.650519031141869,2.0,679140059.74,26850206,0,23.18,25.89,23.18,23.12
300872,天阳科技,21.2,-3.63636363636364,-0.8000000000000007,593209465.63,27554674,0,22.34,22.34,21.09,22.0
300873,海晨股份,23.42,-2.253756260434053,-0.5399999999999991,167697142.82,7070509,0,23.74,24.07,23.4,23.96
300875,捷强装备,42.88,-5.529852390394355,-2.509999999999998,280842197.44,6464681,0,45.0,45.39,42.74,45.39
300876,蒙泰高新,31.78,-0.8424336973478816,-0.269999999999996,127513284.23,3977801,0,32.49,32.79,31.47,32.05
300877,金春股份,30.19,-5.241682360326423,-1.6699999999999982,159158917.03,5198626,0,31.35,31.35,30.0,31.86
300878,维康药业,33.42,2.641277641277639,0.8599999999999994,367546770.04,11029530,0,32.64,34.85,31.7,32.56
300879,大叶股份,30.65,0.4259501965923952,0.129999999999999,231813982.48,7548083,0,30.52,31.32,30.15,30.52
300880,迦南智能,19.17,1.8597236981934187,0.3500000000000014,96945196.91,5068083,0,18.74,19.54,18.6,18.82
300881,盛德鑫泰,36.12,0.9220452640402299,0.3299999999999983,96641295.29,2670979,0,35.62,36.65,35.35,35.79
300882,万胜智能,21.49,4.5742092457420815,0.9399999999999977,352574645.75,16559640,0,20.7,22.59,20.2,20.55
300883,龙利得,6.72,-0.29673590504451725,-0.020000000000000462,80814126.0,11925100,0,6.74,6.86,6.7,6.74
300884,狄耐克,17.5,-3.740374037403739,-0.6799999999999997,509578892.05,28845095,0,18.07,18.28,17.31,18.18
300885,海昌新材,30.7,-12.335808109651637,-4.320000000000004,840575068.31,26921852,0,34.3,34.32,30.0,35.02
300886,华业香料,27.11,-0.1473296500920779,-0.03999999999999915,47786400.32,1750251,0,27.12,27.6,26.88,27.15
300887,谱尼测试,13.73,-11.930724823604871,-1.8599999999999994,884655388.36,61719730,0,15.28,15.4,13.7,15.59
300888,稳健医疗,39.54,-0.4782280392650333,-0.18999999999999773,234945350.25,5908836,0,39.8,40.12,39.34,39.73
300889,爱克股份,21.19,-1.2121212121212028,-0.259999999999998,134015484.68,6244816,0,21.54,22.0,21.06,21.45
300890,翔丰华,31.0,-1.3053167780961483,-0.41000000000000014,238465911.14,7637057,0,31.44,31.77,30.92,31.41
300891,惠云钛业,9.24,-1.282051282051274,-0.11999999999999922,86432241.46,9260943,0,9.33,9.46,9.21,9.36
300892,品渥食品,34.96,-2.0179372197309386,-0.7199999999999989,313180709.23,8807039,0,34.7,36.58,34.7,35.68
300893,松原安全,24.91,0.687146321746167,0.1700000000000017,205063900.66,8111585,0,24.7,25.78,24.7,24.74
300894,火星人,12.38,-3.4321372854914154,-0.4399999999999995,119685322.0,9523900,0,12.7,12.88,12.36,12.82
300895,铜牛信息,53.1,-4.376012965964343,-2.4299999999999997,504847254.71,9357362,0,54.92,55.55,52.96,55.53
300896,爱美客,150.92,-0.05298013245033941,-0.0800000000000125,966972048.19,6381309,0,150.88,153.98,148.58,151.0
300897,山科智能,26.51,-2.4650478292862332,-0.6699999999999982,47551351.96,1780484,0,27.19,27.19,26.42,27.18
300898,熊猫乳品,28.07,-2.0927799093128754,-0.6000000000000014,196818846.38,6938524,0,28.45,28.84,27.96,28.67
300899,*ST凯鑫,34.12,-0.9003775776938783,-0.3100000000000023,21626978.0,637500,0,34.38,34.61,33.55,34.43
300900,广联航空,38.3,-13.738738738738743,-6.100000000000001,2525846346.12,64394727,0,42.5,42.8,37.23,44.4
300901,中胤时尚,18.17,-0.27442371020854645,-0.04999999999999716,100957563.0,5499600,0,18.22,18.77,17.94,18.22
300902,国安达,22.27,-4.543506215173592,-1.0599999999999987,223481851.0,9957295,0,22.78,22.95,22.0,23.33
300903,科翔股份,20.18,-4.087452471482887,-0.8599999999999994,603537130.81,29726780,0,20.78,20.9,19.92,21.04
300904,威力传动,64.48,-1.1042944785276054,-0.7199999999999989,140766770.0,2146800,0,65.81,67.81,64.21,65.2
300905,宝丽迪,35.36,3.000291290416549,1.0300000000000011,446940330.32,12410318,0,34.5,37.77,34.26,34.33
300906,日月明,37.85,4.012091233855457,1.4600000000000009,190317955.74,5151291,0,36.14,37.95,35.36,36.39
300907,康平科技,30.06,-1.7325923504413243,-0.5300000000000011,75061874.0,2476700,0,30.75,30.78,29.9,30.59
300908,仲景食品,28.8,-0.17331022530329535,-0.05000000000000071,72943443.44,2522816,0,28.86,29.15,28.64,28.85
300909,汇创达,51.9,-2.0939445387662694,-1.1099999999999994,578910619.25,10728752,0,54.07,56.99,51.8,53.01
300910,瑞丰新材,60.4,-0.2806669968631364,-0.1700000000000017,175878678.46,2865272,0,60.5,62.88,60.2,60.57
300911,亿田智能,37.14,-0.16129032258065126,-0.060000000000002274,174158733.18,4627747,0,37.59,38.38,36.58,37.2
300912,凯龙高科,19.43,0.3097573567372159,0.05999999999999872,130249779.24,6712704,0,19.7,19.8,18.91,19.37
300913,兆龙互连,53.52,-6.105263157894732,-3.479999999999997,565183695.61,10308028,0,56.8,56.88,53.48,57.0
300915,海融科技,25.24,-0.9030231645072652,-0.23000000000000043,36456758.07,1426609,0,25.39,25.97,25.13,25.47
300916,朗特智能,34.12,-1.1301072152999148,-0.39000000000000057,144030840.68,4151219,0,34.41,35.33,34.08,34.51
300917,特发服务,40.76,-1.6171856142891665,-0.6700000000000017,268437407.9,6488730,0,41.4,42.17,40.65,41.43
300918,南山智尚,19.07,-5.734058329214039,-1.1600000000000001,592282697.72,30122577,0,20.32,21.28,19.03,20.23
300919,中伟股份,52.79,-1.8408330234287875,-0.990000000000002,1078627225.02,20272972,0,53.55,54.16,52.35,53.78
300920,润阳科技,43.41,-3.960176991150456,-1.7900000000000063,83873396.35,1912700,0,45.1,45.1,43.33,45.2
300921,南凌科技,25.81,-3.2608695652173956,-0.870000000000001,380115208.2,14464491,0,26.89,26.96,25.7,26.68
300922,天秦装备,24.58,-6.4687975646879865,-1.7000000000000028,254069692.32,10180980,0,26.2,26.26,24.53,26.28
300923,研奥股份,26.42,-0.11342155009450881,-0.029999999999997584,35546565.0,1341500,0,26.41,26.77,26.05,26.45
300925,法本信息,23.51,-3.7658616455177985,-0.9199999999999982,881897799.76,36841527,0,24.95,25.1,23.31,24.43
300926,博俊科技,32.19,-2.3065250379362823,-0.7600000000000051,346985370.89,10598898,0,33.88,33.88,32.05,32.95
300927,江天化学,24.65,-0.9244372990353714,-0.23000000000000043,106291307.66,4254740,0,24.89,25.3,24.55,24.88
300928,华安鑫创,32.91,-2.488888888888899,-0.8400000000000034,79850988.0,2389500,0,33.65,34.29,32.87,33.75
300929,华骐环保,11.29,0.44483985765123607,0.049999999999998934,36203814.4,3199120,0,11.25,11.42,11.13,11.24
300930,屹通新材,31.07,-1.0509554140127335,-0.3299999999999983,44827080.0,1433300,0,31.5,31.6,30.85,31.4
300931,通用电梯,11.36,1.9748653500897564,0.21999999999999886,93666758.0,8201500,0,11.12,11.66,11.09,11.14
300932,三友联众,12.85,1.822503961965138,0.23000000000000043,204912498.36,16031872,0,12.7,13.03,12.45,12.62
300933,中辰股份,9.13,-2.352941176470576,-0.21999999999999886,233424907.95,25238714,0,9.52,9.58,9.09,9.35
300935,盈建科,37.26,1.525885558583093,0.5599999999999952,190834687.98,5046610,0,37.0,39.5,36.6,36.7
300936,中英科技,39.08,-3.051352021830821,-1.230000000000004,74409593.77,1885119,0,40.24,40.25,38.91,40.31
300937,药易购,40.38,5.101509630400835,1.9600000000000009,727420503.06,17852090,0,38.39,44.38,37.65,38.42
300938,信测标准,30.68,-2.2307202039515595,-0.6999999999999993,252500994.34,8152661,0,31.64,32.0,30.4,31.38
300939,秋田微,35.25,-3.4246575342465753,-1.25,163150987.86,4586245,0,36.19,36.29,35.12,36.5
300940,南极光,29.41,-4.139504563233375,-1.2699999999999996,297360603.67,9908918,0,30.68,30.7,29.34,30.68
300941,创识科技,23.92,-3.1970861999190574,-0.7899999999999991,305776560.03,12677989,0,24.71,24.85,23.78,24.71
300942,易瑞生物,10.24,0.39215686274510714,0.040000000000000924,88172939.68,8554418,0,10.24,10.42,10.1,10.2
300943,春晖智控,24.14,0.1244296972210748,0.030000000000001137,669782504.33,26924052,0,25.22,26.5,24.01,24.11
300945,曼卡龙,17.67,1.7271157167530262,0.3000000000000007,329204611.65,18497027,0,17.4,18.1,17.4,17.37
300946,恒而达,55.82,-3.658957542285118,-2.1199999999999974,184106332.0,3224076,0,57.63,58.76,55.6,57.94
300947,德必集团,21.33,-0.6057781919851004,-0.13000000000000256,252354479.6,11648633,0,21.47,22.19,21.02,21.46
300948,冠中生态,25.72,-4.208566108007458,-1.1300000000000026,328918626.91,12581234,0,27.37,27.85,25.3,26.85
300949,奥雅股份,43.23,-0.6435302229372585,-0.28000000000000114,111855740.9,2569182,0,44.0,44.25,42.3,43.51
300950,德固特,24.21,-2.1818181818181785,-0.5399999999999991,161006021.54,6549703,0,24.75,25.08,24.1,24.75
300951,博硕科技,35.99,-2.201086956521726,-0.8099999999999952,92706032.84,2545970,0,37.0,37.26,35.93,36.8
300952,恒辉安防,42.83,-1.6532721010332925,-0.7199999999999989,335339457.61,7720657,0,43.23,44.66,42.26,43.55
300953,震裕科技,165.62,-0.2289156626505997,-0.37999999999999545,1095789521.98,6461934,0,165.13,175.9,164.05,166.0
300955,嘉亨家化,41.08,-5.995423340961108,-2.6200000000000045,243221313.12,5764714,0,45.08,46.0,40.82,43.7
300956,英力股份,17.21,-3.2602585722315816,-0.5799999999999983,113818458.26,6512990,0,17.78,17.78,17.18,17.79
300957,贝泰妮,41.27,-1.2206797510770655,-0.509999999999998,295191546.3,7104267,0,41.39,41.95,41.13,41.78
300958,建工修复,13.03,0.38520801232664814,0.049999999999998934,44665488.69,3407931,0,13.09,13.27,12.94,12.98
300959,线上线下,102.14,-7.7742663656884865,-8.61,880967281.41,8234345,0,110.1,115.95,101.49,110.75
300960,通业科技,25.72,-1.0007698229407296,-0.26000000000000156,63605718.69,2461111,0,25.98,26.17,25.5,25.98
300961,深水海纳,14.95,-2.351404310907911,-0.3600000000000012,117073297.75,7733220,0,15.29,15.43,14.9,15.31
300962,中金辐照,17.05,-0.11716461628587917,-0.019999999999999574,100229615.52,5846622,0,17.06,17.33,16.84,17.07
300963,中洲特材,22.87,-10.594214229867074,-2.7099999999999973,1284960458.11,54506984,0,25.08,25.08,22.76,25.58
300964,本川智能,57.63,-5.555555555555556,-3.3900000000000006,379218097.25,6451802,0,61.74,61.79,57.03,61.02
300965,恒宇信通,68.75,-9.03678221751786,-6.829999999999998,246435608.46,3521503,0,74.2,75.0,68.0,75.58
300966,共同药业,21.61,2.8068506184586104,0.5899999999999999,72955238.54,3370326,0,21.12,22.0,20.95,21.02
300967,晓鸣股份,19.38,-2.613065326633164,-0.5199999999999996,110476236.95,5638900,0,19.86,19.88,19.35,19.9
300968,格林精密,15.24,-5.459057071960302,-0.8800000000000008,273180035.21,17606450,0,15.96,15.98,15.18,16.12
300969,恒帅股份,140.02,1.4123270804664425,1.950000000000017,445232364.06,3140760,0,138.28,147.99,133.13,138.07
300970,华绿生物,21.54,5.073170731707314,1.0399999999999991,198191426.07,9323199,0,20.5,21.97,20.26,20.5
300971,博亚精工,24.92,-3.634957463263719,-0.9399999999999977,138577155.07,5477503,0,25.91,26.0,24.91,25.86
300972,万辰集团,194.44,-1.7979797979797991,-3.5600000000000023,400517508.52,2046821,0,197.9,200.85,192.2,198.0
300973,立高食品,44.45,-4.51127819548871,-2.0999999999999943,206099791.1,4555764,0,46.21,46.63,44.34,46.55
300975,商络电子,13.29,-4.457225017972688,-0.620000000000001,443828036.74,32879603,0,13.78,13.85,13.25,13.91
300976,达瑞电子,64.61,-2.915101427498118,-1.9399999999999977,192666306.3,2961146,0,66.98,67.0,64.38,66.55
300977,深圳瑞捷,21.88,11.122397155916698,2.1899999999999977,250340493.09,11463030,0,20.0,23.2,19.6,19.69
300978,东箭科技,12.56,-3.533026113671268,-0.4599999999999991,184167684.74,14468091,0,12.96,12.97,12.52,13.02
300979,华利集团,50.97,0.4334975369458106,0.21999999999999886,223277497.99,4367474,0,50.78,51.38,50.41,50.75
300980,祥源新材,33.49,-4.368932038834954,-1.5300000000000011,265561028.97,7766780,0,35.58,35.58,33.41,35.02
300981,中红医疗,13.44,0.9767092411720435,0.129999999999999,110763639.21,8203383,0,13.3,13.68,13.2,13.31
300982,苏文电能,22.64,-1.7787418655097618,-0.41000000000000014,186849359.0,8159040,0,23.06,23.29,22.59,23.05
300983,尤安设计,27.26,-0.1465201465201434,-0.03999999999999915,75426303.04,2733554,0,27.2,28.73,26.91,27.3
300984,金沃股份,83.61,0.011961722488044398,0.010000000000005116,394257769.78,4681446,0,83.22,86.6,81.0,83.6
300985,致远新能,18.68,-1.8392012611665862,-0.3500000000000014,50335399.37,2676798,0,19.04,19.09,18.59,19.03
300986,志特新材,0.0,-100.0,-33.38,0.0,0,0,0.0,0.0,0.0,33.38
300987,川网传媒,24.06,11.131639722863742,2.41,1248152887.41,51295924,0,23.15,25.98,22.48,21.65
300988,津荣天宇,24.13,0.08295313148071164,0.019999999999999574,140205200.2,5830060,0,24.14,24.33,23.72,24.11
300989,蕾奥规划,17.0,-1.620370370370377,-0.28000000000000114,122586267.78,7092575,0,17.3,17.57,16.98,17.28
300990,同飞股份,85.43,-5.403609788506251,-4.8799999999999955,570667493.6,6508734,0,89.91,90.99,85.39,90.31
300991,创益通,42.56,-1.6635859519408478,-0.7199999999999989,216107416.07,4974131,0,43.92,45.0,42.3,43.28
300992,泰福泵业,30.26,3.807890222984573,1.110000000000003,197706924.91,6498489,0,29.78,31.38,29.15,29.15
300993,玉马科技,15.18,-2.6298909557408603,-0.41000000000000014,149703533.46,9704875,0,15.56,15.75,15.16,15.59
300994,久祺股份,16.59,0.3022974607013344,0.05000000000000071,85150260.31,5051147,0,16.74,17.14,16.56,16.54
300995,奇德新材,41.64,-4.011065006915634,-1.740000000000002,126349084.28,2979400,0,43.13,43.85,41.53,43.38
300996,普联软件,19.98,4.171011470281547,0.8000000000000007,985870211.88,49262055,0,19.61,21.19,18.71,19.18
300997,欢乐家,29.01,-8.773584905660375,-2.789999999999999,767884468.17,24642020,0,31.11,33.59,28.44,31.8
300998,宁波方正,24.09,-0.04149377593361644,-0.010000000000001563,79907146.0,3299700,0,24.54,24.88,23.85,24.1
300999,金龙鱼,29.67,-0.6363027461486863,-0.18999999999999773,396833412.88,13273904,0,29.95,30.21,29.63,29.86
301000,肇民科技,39.68,-3.6893203883495223,-1.5200000000000031,304665143.69,7509533,0,41.15,41.61,39.6,41.2
301001,凯淳股份,35.85,0.2797202797202837,0.10000000000000142,584431234.67,15215462,0,38.3,42.88,35.68,35.75
301002,崧盛股份,38.48,-11.193168705285025,-4.850000000000001,516433941.78,12880446,0,44.09,44.09,38.08,43.33
301003,江苏博云,46.97,0.10656436487637927,0.04999999999999716,114820208.9,2417170,0,46.92,48.5,45.4,46.92
301004,嘉益股份,52.8,-0.3397508493771229,-0.17999999999999972,49375922.03,924645,0,53.16,54.37,52.61,52.98
301005,超捷股份,204.39,3.2324864892166154,6.399999999999977,3769357078.24,19481655,0,192.0,213.91,171.8,197.99
301006,迈拓股份,17.28,-0.23094688221708512,-0.03999999999999915,44944501.0,2596500,0,17.32,17.45,17.13,17.32
301007,德迈仕,37.27,-4.288649203903427,-1.6699999999999946,247700095.23,6509093,0,38.64,38.99,37.1,38.94
301008,宏昌科技,36.97,-0.2966558791801495,-0.10999999999999943,304153242.81,8028354,0,37.25,39.06,36.61,37.08
301009,可靠股份,13.5,2.9748283752860454,0.39000000000000057,137614964.67,10184455,0,13.18,13.85,13.05,13.11
301010,晶雪节能,21.71,-3.682342502218271,-0.8299999999999983,111654399.46,5064312,0,22.56,22.56,21.66,22.54
301011,华立科技,27.97,-2.373472949389179,-0.6799999999999997,148965923.06,5259788,0,28.65,28.75,27.83,28.65
301012,扬电科技,27.27,1.71577769488997,0.46000000000000085,466877403.96,16995672,0,26.82,28.4,26.56,26.81
301013,利和兴,28.61,-4.6333333333333355,-1.3900000000000006,702022231.83,24039119,0,30.0,30.1,28.55,30.0
301015,百洋医药,25.74,3.4565916398713807,0.8599999999999994,363546570.92,14223114,0,24.87,26.3,24.78,24.88
301016,雷尔伟,25.0,4.471374843292939,1.0700000000000003,381908251.64,15630928,0,23.74,25.5,23.15,23.93
301017,漱玉平民,19.22,8.956916099773233,1.5799999999999983,1000395889.55,52954779,0,18.2,21.17,16.95,17.64
301018,申菱环境,65.05,-6.268011527377533,-4.3500000000000085,766134385.13,11430924,0,70.14,70.25,64.8,69.4
301019,宁波色母,25.38,5.093167701863356,1.2300000000000004,232815393.36,9348956,0,24.11,26.4,23.92,24.15
301020,密封科技,23.0,-0.3897791251624073,-0.08999999999999986,41230479.0,1788000,0,23.1,23.31,22.76,23.09
301021,英诺激光,48.65,-1.7171717171717198,-0.8500000000000014,449187116.4,9190725,0,49.3,49.78,48.0,49.5
301022,海泰科,32.68,-2.9114676173499614,-0.9799999999999969,115707483.8,3486127,0,33.66,33.89,32.58,33.66
301023,奕帆传动,42.1,-2.478573083159602,-1.0700000000000003,99187094.08,2332437,0,43.3,43.55,41.88,43.17
301024,霍普股份,36.68,0.10917030567685357,0.03999999999999915,38747994.31,1051625,0,36.64,37.13,36.23,36.64
301025,读客文化,11.04,-1.6918967052537957,-0.19000000000000128,260195000.84,23276508,0,11.23,11.45,10.95,11.23
301026,浩通科技,32.07,-1.86658506731946,-0.6099999999999994,248483070.4,7683616,0,32.75,32.86,31.75,32.68
301027,华蓝集团,20.39,-2.673031026252977,-0.5599999999999987,148275445.52,7180244,0,20.95,21.0,20.31,20.95
301028,东亚机械,15.32,-3.0379746835443067,-0.4800000000000004,127249107.65,8200575,0,15.88,15.94,15.3,15.8
301029,怡合达,27.4,-2.767920511000714,-0.7800000000000011,359296582.23,13003788,0,28.2,28.23,27.2,28.18
301030,仕净科技,13.55,4.391371340523885,0.5700000000000003,220291936.25,16363199,0,13.0,13.95,12.87,12.98
301031,中熔电气,107.89,-1.7395264116575562,-1.9099999999999966,240326513.75,2215675,0,109.38,110.54,107.1,109.8
301032,新柴股份,12.74,-0.4687500000000039,-0.0600000000000005,40628432.0,3172800,0,12.93,12.94,12.64,12.8
301033,迈普医学,74.95,-0.8729004099986729,-0.6599999999999966,235328800.7,3128149,0,75.05,76.55,73.22,75.61
301035,润丰股份,69.85,-0.18576736210347194,-0.13000000000000966,69076108.16,985036,0,70.38,70.8,69.56,69.98
301036,双乐股份,34.8,-0.11481056257177454,-0.04000000000000625,66824979.41,1912400,0,34.88,35.19,34.72,34.84
301037,保立佳,14.93,0.40349697377270005,0.0600000000000005,23672402.28,1577340,0,14.93,15.13,14.79,14.87
301038,深水规院,25.19,3.5773026315789513,0.870000000000001,393807793.7,15485259,0,24.58,26.26,24.58,24.32
301039,中集车辆,9.38,0.0,0.0,160271712.04,17045615,0,9.36,9.49,9.28,9.38
301040,中环海陆,29.66,-7.77363184079601,-2.4999999999999964,293096654.26,9684473,0,31.84,32.0,29.52,32.16
301041,金百泽,28.46,-2.5676138308798357,-0.75,145712226.49,5069329,0,29.38,29.38,28.34,29.21
301042,安联锐视,78.04,-2.6932668329177014,-2.1599999999999966,143253719.26,1804758,0,81.0,81.0,78.02,80.2
301043,绿岛风,63.93,3.3964095099466305,2.1000000000000014,245958106.93,3779339,0,61.66,67.74,61.0,61.83
301045,天禄科技,33.67,7.2292993630573354,2.270000000000003,311117226.0,9056744,0,32.33,35.55,32.3,31.4
301046,能辉科技,27.45,-5.670103092783512,-1.6500000000000021,273169763.2,9824560,0,28.6,28.77,27.28,29.1
301047,义翘神州,81.57,10.438667749796906,7.709999999999994,505006216.62,6249141,0,74.95,85.0,74.75,73.86
301048,金鹰重工,11.75,-1.0942760942761007,-0.13000000000000078,62667194.04,5316768,0,11.86,11.88,11.73,11.88
301049,超越科技,22.71,2.481949458483758,0.5500000000000007,71379670.36,3125329,0,22.2,23.66,21.88,22.16
301050,雷电微力,65.86,-7.5000000000000036,-5.340000000000003,2530769809.34,38450699,0,68.0,70.6,63.11,71.2
301051,信濠光电,20.29,-1.5048543689320497,-0.3100000000000023,72703350.56,3571960,0,20.67,20.69,20.2,20.6
301052,果麦文化,44.4,-4.000000000000003,-1.8500000000000014,895953164.94,19651299,0,47.02,47.5,44.1,46.25
301053,远信工业,37.1,3.1701890989988892,1.1400000000000006,87088319.38,2392480,0,36.0,37.43,35.12,35.96
301055,张小泉,24.09,8.41584158415842,1.870000000000001,233640643.55,9964168,0,22.6,24.97,22.01,22.22
301056,森赫股份,16.36,0.30656039239730665,0.05000000000000071,110465837.29,6697594,0,16.4,17.06,15.95,16.31
301057,汇隆新材,37.61,-1.801566579634459,-0.6899999999999977,161466416.32,4233151,0,38.71,39.8,37.5,38.3
301058,中粮科工,11.52,1.8567639257294346,0.20999999999999908,263626391.62,22637406,0,11.36,11.89,11.32,11.31
301059,金三江,12.88,1.417322834645681,0.1800000000000015,62392503.06,4867298,0,12.68,12.92,12.62,12.7
301060,兰卫医学,13.28,19.96386630532971,2.209999999999999,436002726.17,34825124,0,11.39,13.28,11.38,11.07
301061,匠心家居,91.02,-0.10974539069360022,-0.10000000000000853,105667556.58,1160432,0,91.0,93.1,89.85,91.12
301062,上海艾录,8.96,5.910165484633569,0.5,311431030.28,34832430,0,8.49,9.17,8.47,8.46
301063,海锅股份,25.29,-1.5953307392996114,-0.41000000000000014,75234036.0,2947100,0,25.9,25.9,25.21,25.7
301065,本立科技,22.73,1.3826940231935714,0.3099999999999987,47337707.42,2079039,0,22.5,23.03,22.37,22.42
301066,万事利,22.72,-10.091017016224775,-2.5500000000000007,621349077.47,26123605,0,25.27,25.88,22.33,25.27
301067,显盈科技,35.03,-1.073143179892673,-0.37999999999999545,179385183.64,5106821,0,35.48,35.86,34.5,35.41
301068,大地海洋,28.39,0.24717514124293888,0.07000000000000028,48949105.8,1703440,0,28.82,29.28,28.2,28.32
301069,凯盛新材,27.83,-5.3079278666213074,-1.5600000000000023,1028333872.37,35940551,0,29.44,29.65,27.66,29.39
301070,开勒股份,62.26,-1.4873417721519062,-0.9400000000000048,248750746.96,3902409,0,64.05,64.88,62.06,63.2
301071,力量钻石,38.07,-1.9067250708580312,-0.740000000000002,388347220.88,10119082,0,38.79,38.89,37.92,38.81
301072,中捷精工,22.7,0.1323334803705231,0.029999999999997584,46387374.25,2036844,0,22.79,23.09,22.3,22.67
301073,君亭酒店,30.84,-3.1711145996860335,-1.0100000000000016,240855457.45,7790433,0,30.9,31.78,30.41,31.85
301075,多瑞医药,55.71,-0.6951871657754021,-0.39000000000000057,68745557.84,1209982,0,56.1,57.94,55.7,56.1
301076,新瀚新材,47.47,-4.945935122146574,-2.469999999999999,479891513.05,9850586,0,49.29,49.94,47.3,49.94
301077,星华新材,33.0,4.10094637223975,1.3000000000000007,407510555.72,12313648,0,31.98,34.45,31.0,31.7
301078,孩子王,11.32,-3.577512776831345,-0.41999999999999993,1182874800.52,102613660,0,11.7,11.8,11.26,11.74
301079,邵阳液压,59.04,-15.825491873396066,-11.100000000000001,1378242170.72,22882993,0,65.01,66.5,56.16,70.14
301080,百普赛斯,59.71,1.547619047619054,0.9100000000000037,156575114.67,2604304,0,58.81,61.2,58.68,58.8
301081,严牌股份,10.57,-0.18885741265344264,-0.019999999999999574,28743272.04,2718528,0,10.65,10.68,10.46,10.59
301082,久盛电气,19.86,-3.872216844143275,-0.8000000000000007,370102365.42,18529783,0,20.55,20.6,19.66,20.66
301083,百胜智能,20.37,-4.005655042412808,-0.8499999999999979,103094385.7,5011100,0,21.2,21.2,20.3,21.22
301085,亚康股份,57.92,-3.803354924431156,-2.289999999999999,238219921.36,4029972,0,61.21,61.5,57.72,60.21
301086,鸿富瀚,121.72,1.1635638297872388,1.4000000000000057,343532363.4,2830300,0,120.33,124.32,116.62,120.32
301087,可孚医疗,60.81,2.5463743676222688,1.5100000000000051,620038254.3,10410866,0,57.99,63.16,56.02,59.3
301088,戎美股份,18.4,4.072398190045242,0.7199999999999989,182367182.72,9616506,0,17.68,19.66,17.56,17.68
301089,拓新药业,30.58,1.4262023217247088,0.4299999999999997,172846580.56,5595510,0,30.31,31.54,30.2,30.15
301090,华润材料,7.28,-0.2739726027397202,-0.019999999999999574,69939814.0,9499400,0,7.3,7.45,7.27,7.3
301091,深城交,27.56,-4.2390548992355885,-1.2200000000000024,328805743.87,11756653,0,28.8,28.83,27.5,28.78
301092,争光股份,38.92,0.9336099585062225,0.35999999999999943,254030191.42,6464501,0,38.61,40.59,37.84,38.56
301093,华兰股份,62.52,8.391123439667135,4.840000000000003,926619670.13,14983434,0,59.0,65.85,58.5,57.68
301095,广立微,76.98,-2.913356034808932,-2.3100000000000023,667077170.77,8536931,0,79.55,80.5,76.19,79.29
301096,百诚医药,59.78,0.25155123260103734,0.14999999999999858,451584094.25,7389555,0,59.76,63.23,59.65,59.63
301097,天益医疗,58.0,13.148653921186115,6.740000000000002,193998588.88,3402228,0,53.55,61.51,53.55,51.26
301098,金埔园林,8.85,0.3401360544217614,0.02999999999999936,46286405.37,5202900,0,8.86,8.99,8.77,8.82
301099,雅创电子,46.49,-3.7075393537696755,-1.7899999999999991,305184504.51,6471616,0,48.0,48.2,46.34,48.28
301100,风光股份,21.35,-1.929260450160763,-0.41999999999999815,38387067.0,1780500,0,21.76,21.88,21.28,21.77
301101,明月镜片,43.37,-3.8785460992907805,-1.75,238322237.9,5410828,0,45.18,45.2,43.2,45.12
301102,兆讯传媒,13.77,13.147082990961378,1.5999999999999996,481192535.56,35884627,0,12.3,14.57,12.02,12.17
301103,何氏眼科,21.31,2.2552783109404935,0.46999999999999886,73786154.2,3449920,0,20.92,21.72,20.92,20.84
301105,鸿铭股份,52.78,0.840657241115777,0.4399999999999977,64350522.78,1214874,0,52.41,54.23,51.73,52.34
301106,骏成科技,31.05,-0.7987220447284344,-0.25,45768389.6,1462100,0,31.3,31.7,30.8,31.3
301107,瑜欣电子,28.81,-0.8261617900172186,-0.240000000000002,41007982.64,1414474,0,29.06,29.31,28.7,29.05
301108,洁雅股份,35.79,3.260242354298911,1.1300000000000026,75070329.92,2105716,0,34.62,36.36,34.36,34.66
301109,军信股份,15.18,-1.5564202334630364,-0.2400000000000002,153236571.44,10040464,0,15.4,15.4,15.15,15.42
301110,青木科技,93.9,-5.16109483890516,-5.109999999999999,1215288422.43,12424207,0,99.71,105.9,93.38,99.01
301111,粤万年青,24.52,14.205868653935728,3.0500000000000007,750819855.98,32590519,0,21.46,24.99,20.9,21.47
301112,信邦智能,40.59,-5.516759776536307,-2.3699999999999974,176674175.52,4261297,0,43.0,43.23,40.51,42.96
301113,雅艺科技,25.09,-2.33553912028027,-0.6000000000000014,43747793.92,1724775,0,25.69,25.87,24.98,25.69
301115,联检科技,16.91,0.6547619047619013,0.10999999999999943,65997383.82,3897269,0,16.73,17.16,16.65,16.8
301116,益客食品,11.18,-1.9298245614035143,-0.22000000000000064,72359107.03,6394132,0,11.47,11.47,11.15,11.4
301117,佳缘科技,69.86,6.803241094633853,4.450000000000003,2038066310.31,30346727,0,62.0,78.49,58.0,65.41
301118,恒光股份,25.76,-1.1511895625479553,-0.29999999999999716,123375789.48,4735000,0,26.04,26.48,25.68,26.06
301119,正强股份,56.5,-0.3703050608358329,-0.21000000000000085,352955520.55,6060179,0,56.81,61.98,55.5,56.71
301120,新特电气,21.52,6.009852216748763,1.2199999999999989,1234126026.79,58695750,0,20.15,23.0,19.5,20.3
301121,紫建电子,39.56,-3.1104579965711388,-1.269999999999996,190513508.4,4737272,0,41.02,41.14,39.5,40.83
301122,采纳股份,28.9,-1.0612803834303397,-0.3100000000000023,116196970.6,3986240,0,29.29,29.5,28.66,29.21
301123,奕东电子,65.48,-6.121863799283148,-4.269999999999996,959171118.22,14214330,0,69.37,70.3,65.25,69.75
301125,腾亚精工,19.72,2.38836967808929,0.4599999999999973,130883058.72,6587436,0,19.25,20.73,18.78,19.26
301126,达嘉维康,13.85,1.5395894428152423,0.20999999999999908,270977378.51,19434061,0,13.64,14.33,13.43,13.64
301127,武汉天源,17.65,2.3781902552204186,0.41000000000000014,631584216.85,36126785,0,17.01,18.15,16.88,17.24
301128,强瑞技术,93.28,-3.7656040441555816,-3.6500000000000057,553650238.22,5770948,0,96.36,99.47,92.9,96.93
301129,瑞纳智能,25.89,-1.8574677786201608,-0.48999999999999844,60320943.83,2303229,0,26.4,26.81,25.7,26.38
301130,西点药业,30.68,1.4885874958650325,0.4499999999999993,50776548.9,1644042,0,30.55,31.23,30.37,30.23
301131,聚赛龙,48.85,-0.5901505901505885,-0.28999999999999915,45909158.66,934300,0,49.15,49.9,48.5,49.14
301132,满坤科技,34.78,-2.4403927068723634,-0.8699999999999974,113880315.0,3228800,0,35.59,35.95,34.63,35.65
301133,金钟股份,38.92,1.1434511434511563,0.44000000000000483,241562696.2,6066305,0,38.69,41.22,38.4,38.48
301135,瑞德智能,29.53,1.5474552957359107,0.45000000000000284,111604825.0,3774197,0,29.08,29.88,28.91,29.08
301136,招标股份,21.45,-11.873459326212,-2.8900000000000006,740317059.85,33890870,0,23.5,23.5,21.1,24.34
301137,哈焊华通,62.25,-9.782608695652174,-6.75,1224811582.75,19206391,0,66.85,67.5,61.58,69.0
301138,华研精机,41.94,0.9143407122232806,0.37999999999999545,293594175.2,6916705,0,41.6,43.5,40.6,41.56
301139,元道通信,20.25,-1.123046875000002,-0.23000000000000043,181667926.0,8846100,0,21.6,21.65,20.11,20.48
301141,中科磁业,59.84,-5.525734133249132,-3.5,412995363.39,6766497,0,63.2,63.2,59.82,63.34
301148,嘉戎技术,58.67,1.5579020252726303,0.8999999999999986,363549031.44,6272984,0,57.2,60.38,55.55,57.77
301149,隆华新材,10.95,-0.36396724294814303,-0.040000000000000924,112496335.74,10087152,0,11.19,11.38,10.91,10.99
301150,中一科技,43.91,-2.573774129132469,-1.1600000000000037,477130457.23,10661824,0,45.08,45.95,43.75,45.07
301151,冠龙节能,19.75,0.7139214686384527,0.14000000000000057,67308548.38,3395545,0,19.61,20.13,19.47,19.61
301152,天力锂能,31.69,-0.5959849435382614,-0.18999999999999773,256030108.42,7977225,0,32.08,32.81,31.33,31.88
301153,中科江南,26.3,-0.6046863189720338,-0.16000000000000014,585607396.23,22125297,0,26.95,27.4,25.38,26.46
301155,海力风电,77.41,-1.6641260162601657,-1.3100000000000023,212274789.63,2740658,0,78.62,78.63,77.01,78.72
301156,美农生物,18.63,1.0303687635574714,0.18999999999999773,59060182.46,3166957,0,18.38,18.86,18.33,18.44
301157,华塑科技,55.25,-3.070175438596491,-1.75,103304980.35,1847583,0,57.0,57.45,55.0,57.0
301158,德石股份,23.51,0.9446114212108305,0.22000000000000242,351640196.6,14803522,0,23.48,24.3,23.21,23.29
301159,三维天地,50.28,5.012531328320799,2.3999999999999986,997528435.25,18660653,0,52.36,57.4,50.12,47.88
301160,翔楼新材,73.83,-1.323175621491573,-0.9899999999999949,284508441.76,3819485,0,74.61,75.74,73.37,74.82
301161,唯万密封,36.8,-4.1666666666666705,-1.6000000000000014,230148120.58,6145572,0,38.4,38.4,36.69,38.4
301162,国能日新,63.6,5.123966942148763,3.1000000000000014,314330950.4,4953777,0,60.66,64.98,60.6,60.5
301163,宏德股份,28.7,3.0520646319569043,0.8499999999999979,89013713.21,3108217,0,27.94,29.27,27.7,27.85
301165,锐捷网络,83.04,-6.570657065706559,-5.839999999999989,1064587165.62,12588269,0,89.79,89.85,82.66,88.88
301166,优宁维,32.49,2.298488664987407,0.7300000000000004,81775603.84,2510290,0,31.73,33.2,31.73,31.76
301167,建研设计,16.89,0.29691211401425605,0.05000000000000071,43678147.74,2579623,0,16.9,17.06,16.66,16.84
301168,通灵股份,47.2,4.1023378914865445,1.8599999999999994,165791234.43,3572279,0,45.34,47.55,44.62,45.34
301169,零点有数,63.25,-1.2490241998438676,-0.7999999999999972,237874285.83,3738887,0,63.5,65.0,61.5,64.05
301170,锡南科技,29.24,-0.2047781569965948,-0.060000000000002274,39408743.73,1345140,0,29.3,29.48,29.02,29.3
301171,易点天下,70.73,11.86145816859087,7.500000000000007,11721146075.99,159895009,0,75.88,75.88,70.15,63.23
301172,君逸数码,24.46,-2.9750099166997224,-0.75,164100236.21,6583334,0,25.25,25.5,24.41,25.21
301173,毓恬冠佳,47.74,-0.8309098462816754,-0.3999999999999986,47758462.15,992455,0,48.17,48.49,47.53,48.14
301175,中科环保,6.23,-3.8580246913580245,-0.25,330633727.22,52533208,0,6.53,6.53,6.21,6.48
301176,逸豪新材,25.35,-3.2442748091602978,-0.8499999999999979,78460205.15,3048899,0,26.2,26.26,25.31,26.2
301177,迪阿股份,30.3,-0.16474464579901388,-0.05000000000000071,65618818.18,2139985,0,30.57,31.05,30.21,30.35
301178,天亿马,55.02,0.018178512997646095,0.010000000000005116,261745632.05,4653744,0,56.03,57.53,54.7,55.01
301179,泽宇智能,16.58,-1.4854426619132504,-0.25,106004171.03,6359330,0,16.82,16.93,16.44,16.83
301180,万祥科技,17.52,-3.4710743801652844,-0.629999999999999,83401085.0,4688600,0,18.12,18.17,17.49,18.15
301181,标榜股份,45.05,-1.4223194748358985,-0.6500000000000057,166873328.31,3654846,0,45.7,46.75,44.62,45.7
301182,凯旺科技,40.66,-3.854339087254676,-1.6300000000000026,99223101.83,2401158,0,42.47,42.48,40.5,42.29
301183,东田微,146.6,-9.701262704034495,-15.75,1367145310.97,8920489,0,160.31,162.57,145.88,162.35
301185,鸥玛软件,21.44,0.4215456674473061,0.08999999999999986,460316716.13,21040990,0,22.12,22.5,21.01,21.35
301186,超达装备,48.26,-1.308793456032721,-0.6400000000000006,82528800.84,1706343,0,48.93,48.99,47.82,48.9
301187,欧圣电气,27.13,2.960151802656537,0.7799999999999976,199425212.95,7421150,0,26.45,27.33,26.02,26.35
301188,力诺药包,18.57,0.0,0.0,153772289.0,8208900,0,18.61,18.99,18.4,18.57
301189,奥尼电子,45.71,-0.6304347826086938,-0.28999999999999915,125029762.0,2744000,0,46.05,46.22,45.08,46.0
301190,善水科技,22.26,-1.5044247787610612,-0.33999999999999986,68314417.0,3037400,0,22.6,22.86,22.18,22.6
301191,菲菱科思,109.66,-5.814652580949935,-6.77000000000001,352848522.71,3145726,0,115.5,116.41,109.32,116.43
301192,泰祥股份,29.99,-1.7043592264831307,-0.5200000000000031,61908581.6,2043600,0,30.59,30.77,29.88,30.51
301193,家联科技,22.83,0.26350461133069264,0.05999999999999872,109503797.0,4774220,0,22.93,23.38,22.44,22.77
301195,北路智控,36.54,-2.011263073209976,-0.75,153341054.1,4148601,0,37.04,37.9,36.18,37.29
301196,唯科科技,77.19,-3.729109503616873,-2.990000000000009,299012869.98,3789392,0,80.5,81.01,77.0,80.18
301197,工大科雅,21.27,-1.5277777777777861,-0.33000000000000185,64221237.54,2993300,0,21.75,21.75,21.15,21.6
301198,喜悦智行,13.69,1.3323464100666154,0.17999999999999972,84886618.79,6160951,0,13.52,13.98,13.28,13.51
301199,迈赫股份,24.97,0.1604492579221787,0.03999999999999915,155059056.04,6182938,0,25.01,25.68,24.39,24.93
301200,大族数控,120.76,-4.8984091982989435,-6.219999999999999,500039162.69,4047933,0,125.55,128.6,120.01,126.98
301201,诚达药业,46.96,-8.011753183153763,-4.089999999999996,785184058.95,15831195,0,50.3,53.01,45.0,51.05
301202,朗威股份,42.75,-1.3613290263036533,-0.5900000000000034,154048044.1,3547068,0,43.34,44.48,42.25,43.34
301203,国泰环保,34.15,0.11726766344180342,0.03999999999999915,22054500.0,642700,0,34.16,34.64,33.94,34.11
301205,联特科技,176.71,5.184523809523815,8.710000000000008,3121859893.82,17163970,0,166.52,190.18,166.51,168.0
301206,三元生物,27.18,-0.911410864017499,-0.25,48427366.9,1766340,0,27.51,27.7,27.14,27.43
301207,华兰疫苗,19.9,0.6066734074822924,0.11999999999999744,302773400.93,14992904,0,19.85,20.55,19.8,19.78
301208,中亦科技,40.49,-3.249701314217442,-1.3599999999999994,200508116.71,4890857,0,41.79,41.8,40.38,41.85
301209,联合化学,106.47,-1.040988939492522,-1.1200000000000045,144750359.04,1335847,0,108.51,110.2,106.22,107.59
301210,金杨精密,37.75,-1.410289892922432,-0.5399999999999991,83157628.36,2176358,0,38.67,38.8,37.7,38.29
301211,亨迪药业,13.5,3.8461538461538463,0.5,247821492.45,18331443,0,13.02,13.85,13.02,13.0
301212,联盛化学,31.47,0.09541984732823658,0.029999999999997584,65181310.0,2056400,0,31.48,32.3,31.13,31.44
301213,观想科技,96.35,-10.472031220962656,-11.27000000000001,832453222.39,8310330,0,103.17,107.0,95.0,107.62
301215,中汽股份,7.04,-3.0303030303030267,-0.21999999999999975,136282449.26,19165913,0,7.24,7.27,7.02,7.26
301216,万凯新材,20.42,-2.6692087702573817,-0.5599999999999987,262219583.05,12674744,0,21.08,21.17,20.35,20.98
301217,铜冠铜箔,32.99,-5.364314400458971,-1.8699999999999974,1006861013.67,29791129,0,34.73,34.93,32.88,34.86
301218,华是科技,0.0,-100.0,-29.38,0.0,0,0,0.0,0.0,0.0,29.38
301219,腾远钴业,70.68,-0.09893992932861226,-0.06999999999999318,567368590.93,7978692,0,70.64,72.47,70.0,70.75
301220,亚香股份,37.37,-2.707628221817233,-1.0399999999999991,79948221.0,2103820,0,38.41,38.54,37.32,38.41
301221,光庭信息,61.63,-1.6280925778132418,-1.019999999999996,364388858.09,5844921,0,62.82,64.5,60.88,62.65
301222,浙江恒威,29.63,0.20290835306052998,0.05999999999999872,38675323.08,1303036,0,29.68,29.93,29.32,29.57
301223,中荣股份,18.92,0.4779607010090463,0.09000000000000341,42859791.08,2264534,0,18.99,18.99,18.82,18.83
301225,恒勃股份,152.93,0.5258660356274314,0.8000000000000114,379446881.05,2430431,0,150.61,163.0,148.23,152.13
301226,祥明智能,33.6,-6.354515050167227,-2.280000000000001,213431709.72,6221314,0,35.63,35.88,33.53,35.88
301227,森鹰窗业,36.98,-11.0843952873287,-4.6100000000000065,265291271.28,6877772,0,40.9,40.9,36.6,41.59
301228,实朴检测,37.84,-4.202531645569612,-1.6599999999999966,113943605.0,2956700,0,39.38,39.56,37.8,39.5
301229,纽泰格,21.38,-3.737055380459261,-0.8300000000000018,179993909.6,8274409,0,22.23,22.31,21.35,22.21
301230,泓博医药,56.64,19.999999999999993,9.439999999999998,316579311.36,5589324,0,56.64,56.64,56.64,47.2
301231,荣信文化,44.83,-6.036470341647458,-2.8800000000000026,866926933.93,18844204,0,50.1,50.5,44.0,47.71
301232,飞沃科技,190.01,-11.623255813953492,-24.99000000000001,1253223802.08,6350612,0,205.99,212.77,178.8,215.0
301233,盛帮股份,54.06,-2.3835319609967502,-1.3200000000000003,76443915.0,1406600,0,55.47,55.48,53.9,55.38
301234,五洲医疗,42.37,-3.83567862006356,-1.6900000000000048,130122048.2,3029804,0,44.42,44.42,42.07,44.06
301235,华康洁净,38.21,-1.7737789203084775,-0.6899999999999977,280423319.95,7217935,0,39.25,39.69,37.9,38.9
301236,软通动力,52.42,-3.6219893362750484,-1.9699999999999989,2500974337.59,46705177,0,55.0,55.0,52.1,54.39
301237,和顺科技,63.15,-0.4414314992905583,-0.28000000000000114,197136752.57,3146801,0,64.57,64.88,61.48,63.43
301238,瑞泰新材,21.51,-2.845528455284548,-0.629999999999999,322225389.86,14805279,0,22.08,22.3,21.42,22.14
301239,普瑞眼科,34.07,0.38302887448439177,0.13000000000000256,111200427.14,3224616,0,34.14,35.1,33.6,33.94
301246,宏源药业,22.38,-2.864583333333334,-0.6600000000000001,428830306.66,18870446,0,22.96,23.29,22.3,23.04
301248,杰创智能,41.71,-4.092894918372042,-1.7800000000000011,707453320.11,16703594,0,45.66,45.94,41.25,43.49
301251,威尔高,55.28,-1.002865329512898,-0.5600000000000023,428380836.3,7650156,0,55.85,56.98,55.1,55.84
301252,同星科技,33.02,3.1875000000000098,1.0200000000000031,571469177.33,16623831,0,32.02,36.49,32.02,32.0
301255,通力科技,29.31,-1.5451797111185785,-0.46000000000000085,48432295.11,1634527,0,29.77,30.15,29.25,29.77
301256,华融化学,18.15,0.38716814159292195,0.07000000000000028,844083604.68,46546273,0,17.67,18.81,17.33,18.08
301257,普蕊斯,72.24,19.999999999999986,12.039999999999992,153979402.4,2261032,0,61.73,72.24,61.64,60.2
301258,富士莱,34.28,-0.17472335468841663,-0.060000000000002274,90950318.91,2651416,0,34.53,34.88,33.81,34.34
301259,艾布鲁,35.98,-1.0995052226498232,-0.4000000000000057,213713029.49,5850574,0,37.0,37.5,35.53,36.38
301260,格力博,17.21,-1.8814139110604238,-0.3299999999999983,79601126.94,4581433,0,17.54,17.62,17.19,17.54
301261,恒工精密,99.0,-3.1784841075794623,-3.25,398057050.53,3945026,0,102.25,104.47,98.2,102.25
301262,海看股份,27.44,-0.03642987249543902,-0.00999999999999801,444465899.82,15955678,0,28.0,28.68,27.11,27.45
301263,泰恩康,30.94,-0.7378889958293244,-0.23000000000000043,192640743.66,6208374,0,31.69,31.76,30.71,31.17
301265,华新环保,14.03,-2.501737317581662,-0.3600000000000012,138789777.6,9747603,0,14.51,14.51,14.01,14.39
301266,宇邦新材,38.93,1.3802083333333364,0.5300000000000011,205143541.46,5272813,0,39.39,39.86,37.88,38.4
301267,华厦眼科,19.24,0.6276150627614929,0.11999999999999744,187483479.13,9660674,0,19.19,19.78,19.11,19.12
301268,铭利达,19.24,-1.9367991845056196,-0.38000000000000256,71090511.0,3666200,0,19.62,19.69,19.19,19.62
301269,华大九天,113.4,-1.7671517671517603,-2.039999999999992,1190545501.63,10262446,0,115.44,119.0,113.03,115.44
301270,汉仪股份,47.32,1.3493253373313399,0.6300000000000026,1370706675.08,28302756,0,50.01,51.68,46.91,46.69
301272,英华特,41.65,-0.19170860292355213,-0.0799999999999983,44220491.63,1059654,0,41.75,42.33,40.95,41.73
301273,瑞晨环保,27.78,1.0181818181818223,0.28000000000000114,24021326.12,863215,0,27.6,28.29,27.06,27.5
301275,汉朔科技,60.48,-0.4608294930875595,-0.28000000000000114,430029848.58,6845702,0,63.79,64.88,59.7,60.76
301276,嘉曼服饰,28.06,-2.501737317581662,-0.7200000000000024,52335291.28,1836305,0,28.8,29.03,27.95,28.78
301277,新天地,12.91,3.7781350482315164,0.47000000000000064,153394733.73,11795457,0,12.45,13.28,12.44,12.44
301278,快可电子,35.54,0.5943956977073334,0.21000000000000085,152349250.99,4307211,0,35.48,35.84,34.73,35.33
301279,金道科技,35.65,5.567071365116954,1.8799999999999955,256286331.27,7108040,0,34.18,38.0,33.38,33.77
301280,珠城科技,58.33,-0.7148936170212795,-0.4200000000000017,291105977.78,4920498,0,59.0,60.8,57.5,58.75
301281,科源制药,31.32,1.589361012001304,0.490000000000002,134173292.02,4194845,0,31.1,33.33,31.1,30.83
301282,金禄电子,30.02,-7.345679012345677,-2.379999999999999,418626460.25,13719844,0,31.99,32.05,29.73,32.4
301283,聚胶股份,49.75,-2.124729490458387,-1.0799999999999983,72797999.94,1449051,0,50.89,51.05,49.55,50.83
301285,鸿日达,70.76,-0.743442278019359,-0.5300000000000011,189951312.0,2655800,0,70.95,72.99,70.6,71.29
301286,侨源股份,47.42,-8.649585821614323,-4.489999999999995,252500932.93,5179887,0,51.49,51.91,47.08,51.91
301287,康力源,45.75,1.9612213059951027,0.8800000000000026,141841651.19,3066777,0,45.02,48.08,44.55,44.87
301288,*ST清研,18.62,0.0,0.0,7587338.0,408800,0,18.63,18.85,18.31,18.62
301289,国缆检测,60.34,-2.8966849050531014,-1.7999999999999972,109284640.46,1800056,0,61.95,61.99,60.1,62.14
301290,东星医疗,26.9,0.18621973929235439,0.04999999999999716,58707358.0,2174900,0,26.9,27.22,26.71,26.85
301291,明阳电气,47.51,0.9133389974511463,0.4299999999999997,736401038.79,15617457,0,46.9,49.85,45.02,47.08
301292,海科新源,58.34,-1.5856950067476345,-0.9399999999999977,1185376480.51,20037113,0,59.07,60.94,57.22,59.28
301293,三博脑科,94.38,-4.182741116751274,-4.1200000000000045,3346790245.25,35432865,0,99.0,99.6,91.19,98.5
301295,美硕科技,33.15,-7.142857142857154,-2.5500000000000043,157178092.16,4629553,0,35.59,35.63,33.05,35.7
301296,新巨丰,8.79,-0.4530011325028417,-0.040000000000000924,36804089.0,4153000,0,8.83,8.94,8.78,8.83
301297,富乐德,38.46,-3.02571860816943,-1.1999999999999957,235028305.69,6032757,0,39.6,39.6,38.39,39.66
301298,东利机械,16.34,-0.48721071863582116,-0.08000000000000185,33496362.6,2036319,0,16.4,16.59,16.25,16.42
301299,卓创资讯,62.09,-4.623655913978482,-3.009999999999991,310081391.35,4848433,0,65.13,66.2,62.0,65.1
301300,远翔新材,44.48,-0.6477551932097526,-0.29000000000000625,68307828.0,1523822,0,44.63,45.47,44.07,44.77
301301,川宁生物,11.96,8.137432188065102,0.9000000000000004,1212429926.43,100141563,0,11.09,12.9,11.09,11.06
301302,华如科技,26.2,-2.602230483271373,-0.6999999999999993,386664056.94,14703129,0,26.91,27.3,25.52,26.9
301303,真兰仪表,15.72,0.06365372374283759,0.009999999999999787,68434994.12,4334368,0,15.89,16.01,15.68,15.71
301305,朗坤科技,25.77,-0.30947775628627405,-0.08000000000000185,214549608.62,8340119,0,25.96,26.1,25.03,25.85
301306,西测测试,160.3,0.2815139192993538,0.45000000000001705,2071737142.4,13546354,0,158.01,170.05,136.0,159.85
301307,美利信,33.97,-1.6787264833574485,-0.5799999999999983,236443340.0,6879400,0,34.54,35.17,33.82,34.55
301308,江波龙,275.38,-3.4838076545632966,-9.939999999999998,3498098337.03,12517683,0,281.2,289.7,274.32,285.32
301309,万得凯,29.0,-0.6168608636052081,-0.17999999999999972,35407862.16,1210384,0,29.49,29.49,28.98,29.18
301310,鑫宏业,41.09,-3.9055191768007362,-1.6699999999999946,100174068.18,2404052,0,42.82,42.82,41.01,42.76
301311,昆船智能,19.29,-2.967806841046277,-0.5899999999999999,126999469.3,6531010,0,19.79,19.88,19.26,19.88
301312,智立方,50.42,-3.465441317250613,-1.8099999999999952,160126451.55,3111073,0,52.28,52.46,50.14,52.23
301313,凡拓数创,30.51,-3.0813214739517116,-0.9699999999999989,245571099.14,7962315,0,30.92,31.33,30.17,31.48
301314,科瑞思,45.1,1.416685405891618,0.6300000000000026,55334599.63,1232230,0,44.74,45.48,44.0,44.47
301315,威士顿,71.8,10.393603936039346,6.759999999999991,1447977267.51,19471207,0,67.5,78.05,65.0,65.04
301316,慧博云通,50.04,-7.333333333333335,-3.960000000000001,1208412601.14,23361218,0,54.12,54.49,49.55,54.0
301317,鑫磊股份,34.6,-0.31691155286660744,-0.10999999999999943,126832990.07,3652917,0,34.71,35.06,34.31,34.71
301318,维海德,29.67,-2.3049061573921605,-0.6999999999999993,81562755.24,2719307,0,30.42,30.48,29.64,30.37
301319,唯特偶,54.58,-8.114478114478116,-4.82,440692268.31,7721605,0,60.22,61.0,54.47,59.4
301320,豪江智能,18.16,-0.6564551422319529,-0.120000000000001,75239598.21,4109083,0,18.29,18.65,18.07,18.28
301321,翰博高新,19.19,-0.724262803931697,-0.13999999999999702,105618669.96,5442184,0,19.5,19.77,19.1,19.33
301322,绿通科技,28.42,-1.7628759073625926,-0.509999999999998,46221796.0,1608500,0,29.18,29.18,28.4,28.93
301323,新莱福,59.9,1.387948544346649,0.8200000000000003,300379177.23,4939509,0,59.03,62.6,58.66,59.08
301325,曼恩斯特,52.79,-3.6503011498448625,-2.0,179687683.13,3352560,0,55.0,55.0,52.58,54.79
301326,捷邦科技,103.51,-4.387585442453353,-4.75,154870936.56,1471266,0,107.21,108.38,103.0,108.26
301327,华宝新能,62.94,-0.9910335063709338,-0.6300000000000026,137695946.23,2189652,0,63.4,63.57,62.41,63.57
301328,维峰电子,51.08,-1.18011220739021,-0.6099999999999994,143084633.88,2761182,0,51.64,53.2,50.88,51.69
301329,信音电子,25.12,-4.84848484848484,-1.2799999999999976,228863664.56,8960768,0,26.14,26.45,25.05,26.4
301330,熵基科技,46.6,-4.625460499385997,-2.259999999999998,1218848314.58,25778436,0,49.67,50.5,45.2,48.86
301331,恩威医药,29.0,0.8695652173913043,0.25,67822272.12,2324331,0,28.87,29.87,28.5,28.75
301332,德尔玛,9.7,0.0,0.0,53438063.8,5486819,0,9.7,9.8,9.63,9.7
301333,诺思格,76.48,20.00627647889535,12.750000000000007,392615602.51,5466628,0,64.13,76.48,64.13,63.73
301335,天元宠物,30.01,-1.2179065174456796,-0.36999999999999744,96218111.0,3161340,0,30.5,30.85,29.95,30.38
301336,趣睡科技,56.8,-9.265175718849846,-5.800000000000004,334240804.1,5750415,0,60.6,60.66,56.0,62.6
301337,亚华电子,33.73,4.947106409458607,1.5899999999999963,391787289.55,11817749,0,32.91,34.13,31.7,32.14
301338,凯格精机,84.37,-4.752765861368248,-4.209999999999994,339422783.65,3937458,0,89.01,89.99,84.18,88.58
301339,通行宝,15.45,-0.9615384615384639,-0.15000000000000036,166971784.3,10719831,0,15.75,15.86,15.4,15.6
301345,涛涛车业,231.37,-0.6995708154506418,-1.6299999999999955,346086619.19,1484821,0,233.0,236.59,229.58,233.0
301348,蓝箭电子,24.07,7.9372197309417025,1.7699999999999996,1109329579.21,44820926,0,23.9,26.02,23.5,22.3
301349,信德新材,48.88,-0.48859934853419157,-0.23999999999999488,151548053.94,3056416,0,49.28,50.5,48.79,49.12
301353,普莱得,27.66,1.0226442658875134,0.28000000000000114,51119117.9,1841480,0,27.45,28.19,27.11,27.38
301355,南王科技,13.52,-2.1707670043415392,-0.3000000000000007,140815781.32,10304358,0,13.81,13.88,13.48,13.82
301356,天振股份,22.47,-3.229974160206719,-0.75,64286963.83,2836679,0,23.22,23.27,22.38,23.22
301357,北方长龙,146.4,-3.78548895899053,-5.759999999999991,675546856.47,4612229,0,150.64,150.64,145.0,152.16
301358,湖南裕能,61.2,-1.417525773195869,-0.8799999999999955,1575051476.82,25618380,0,62.09,62.8,60.33,62.08
301359,东南电子,20.0,0.5530417295123149,0.10999999999999943,41346851.96,2065946,0,19.85,20.38,19.74,19.89
301360,荣旗科技,80.96,-2.4813298000481843,-2.0600000000000023,226428469.88,2750399,0,82.58,84.2,80.3,83.02
301361,众智科技,36.41,1.9887955182072652,0.7099999999999937,260226531.86,7191324,0,35.72,37.6,34.91,35.7
301362,民爆光电,44.79,3.1314759382915023,1.3599999999999994,108920513.62,2441647,0,43.48,45.68,43.14,43.43
301363,美好医疗,37.05,-5.988327835574727,-2.3599999999999994,1508434647.2,40945180,0,38.3,38.87,35.8,39.41
301365,矩阵股份,25.78,-0.9984639016897005,-0.259999999999998,193669778.85,7506843,0,26.0,26.51,25.0,26.04
301366,一博科技,37.99,-3.456162642947902,-1.3599999999999994,223751210.92,5819348,0,39.35,39.37,37.9,39.35
301367,瑞迈特,94.3,-0.5903436643474618,-0.5600000000000023,312037837.68,3325423,0,94.59,96.5,92.06,94.86
301368,丰立智能,70.3,0.29961478099585354,0.20999999999999375,977235063.34,13688122,0,69.5,73.68,68.38,70.09
301369,联动科技,133.04,-4.294655060786994,-5.969999999999999,176302252.0,1287000,0,140.0,142.13,132.22,139.01
301370,国科恒泰,12.54,0.1597444089456835,0.019999999999999574,214883110.21,16886722,0,12.55,13.13,12.5,12.52
301371,敷尔佳,24.57,-0.8874546187978979,-0.21999999999999886,67837824.79,2739747,0,24.75,24.97,24.5,24.79
301372,科净源,26.74,1.172909572455538,0.3099999999999987,53565021.02,2004942,0,26.59,27.06,26.12,26.43
301373,凌玮科技,33.77,-1.916932907348233,-0.6599999999999966,80661704.57,2369002,0,34.49,34.49,33.65,34.43
301376,致欧科技,19.12,0.15715034049241036,0.030000000000001137,59427098.99,3104413,0,19.08,19.36,18.9,19.09
301377,鼎泰高科,147.45,-3.627450980392164,-5.550000000000011,771845543.46,5169019,0,150.06,152.6,147.07,153.0
301378,通达海,45.49,19.994724347137975,7.580000000000005,552276142.69,12286013,0,45.49,45.49,41.7,37.91
301379,天山电子,26.65,-3.4420289855072568,-0.9500000000000028,202884423.6,7483527,0,27.63,27.65,26.58,27.6
301380,挖金客,41.33,-4.217844727694091,-1.8200000000000003,391815699.2,9306813,0,42.77,44.33,40.5,43.15
301381,赛维时代,22.98,1.0554089709762622,0.240000000000002,254254626.05,10953340,0,23.06,23.68,22.82,22.74
301382,蜂助手,42.36,2.566585956416471,1.0600000000000023,2061988258.14,47693897,0,44.01,45.0,41.61,41.3
301383,天键股份,36.7,-3.3956304290602763,-1.2899999999999991,143343665.71,3857996,0,37.98,37.99,36.55,37.99
301386,未来电器,25.56,1.8326693227091524,0.4599999999999973,169998718.43,6618920,0,25.12,26.9,24.79,25.1
301387,光大同创,56.67,-3.55684138869979,-2.0899999999999963,213594161.93,3678707,0,58.76,59.5,56.51,58.76
301388,欣灵电气,34.13,3.3303057826218634,1.1000000000000014,224552778.8,6558047,0,33.16,36.44,32.0,33.03
301389,隆扬电子,50.03,-4.777312523791393,-2.509999999999998,384725185.13,7511790,0,52.54,52.72,50.0,52.54
301390,经纬股份,36.18,1.1744966442953069,0.4200000000000017,31465978.0,870000,0,35.81,36.57,35.47,35.76
301391,卡莱特,81.98,0.18330685567640925,0.15000000000000568,208329758.92,2543712,0,81.86,84.0,80.19,81.83
301392,汇成真空,134.08,-3.8577369855155563,-5.3799999999999955,339060697.87,2492054,0,138.99,139.94,133.5,139.46
301393,昊帆生物,54.78,1.4820303816228313,0.8000000000000043,136437144.08,2473548,0,54.28,55.97,53.92,53.98
301395,仁信新材,13.29,-1.2630014858841137,-0.1700000000000017,57759795.08,4332304,0,13.51,13.52,13.19,13.46
301396,宏景科技,72.5,-5.104712041884824,-3.9000000000000057,897546247.45,12060901,0,77.6,78.51,72.18,76.4
301397,溯联股份,34.28,-3.354947843247809,-1.1899999999999977,154449211.84,4418680,0,35.36,35.8,34.22,35.47
301398,星源卓镁,60.25,-2.508090614886727,-1.5499999999999972,274975476.64,4556152,0,61.5,61.8,58.98,61.8
301399,英特科技,20.14,-1.129111438389791,-0.23000000000000043,170830974.75,8226266,0,21.08,21.45,20.11,20.37
301408,华人健康,27.6,20.000000000000007,4.600000000000001,1384433411.01,55507566,0,24.02,27.6,23.0,23.0
301413,安培龙,142.4,-0.7596348177573373,-1.0900000000000034,1193261287.5,8164160,0,143.42,150.38,141.0,143.49
301418,协昌科技,38.41,-0.07804370447450869,-0.030000000000001137,43944290.6,1137186,0,38.46,38.88,38.28,38.44
301419,阿莱德,34.03,-3.842893472732409,-1.3599999999999994,120291788.11,3491095,0,35.42,35.45,33.9,35.39
301421,波长光电,102.04,-6.650809624005119,-7.269999999999996,739899092.4,7042334,0,108.4,108.9,101.41,109.31
301428,世纪恒通,36.98,-1.517976031957391,-0.5700000000000003,234855983.11,6256100,0,37.61,38.04,36.8,37.55
301429,森泰股份,19.64,0.717948717948721,0.14000000000000057,32113657.26,1637754,0,19.59,19.82,19.33,19.5
301439,泓淋电力,15.9,2.5145067698259225,0.39000000000000057,188849664.9,11957615,0,15.51,16.02,15.41,15.51
301446,福事特,37.53,4.686192468619246,1.6799999999999997,131198890.23,3539035,0,35.87,38.35,35.52,35.85
301448,开创电气,46.84,0.38576939562796153,0.18000000000000682,94591105.28,2049116,0,46.66,46.95,45.45,46.66
301456,盘古智能,31.9,1.2377023167248398,0.389999999999997,143033663.0,4501759,0,31.52,32.28,30.82,31.51
301458,钧崴电子,34.56,-5.0288540807914215,-1.8299999999999983,282446119.42,8009212,0,36.28,36.55,34.51,36.39
301459,丰茂股份,43.93,-3.3868484715196816,-1.5399999999999991,56953509.08,1275641,0,45.79,45.88,43.77,45.47
301468,博盈特焊,56.36,-2.5924645696508817,-1.5,592925622.15,10655778,0,57.0,57.78,53.81,57.86
301469,恒达新材,31.75,0.25260498894852634,0.0799999999999983,145310669.7,4528638,0,31.5,32.8,31.01,31.67
301479,弘景光电,91.23,-3.5215736040609116,-3.3299999999999983,141754407.42,1529750,0,93.8,94.45,91.02,94.56
301486,致尚科技,128.49,-4.666864519958445,-6.289999999999992,773294297.17,5889388,0,132.99,136.88,126.65,134.78
301487,盟固利,22.51,-2.1304347826086887,-0.48999999999999844,346726687.22,15249204,0,22.98,23.25,22.41,23.0
301488,豪恩汽电,164.9,0.7022900763358814,1.1500000000000057,811595388.93,5014214,0,162.23,169.95,155.45,163.75
301489,思泉新材,170.12,-4.082092918358146,-7.240000000000009,693784621.95,4003801,0,178.0,178.9,170.02,177.36
301498,乖宝宠物,67.52,-2.3430720277697494,-1.6200000000000045,234488796.85,3438895,0,69.0,69.37,67.22,69.14
301499,维科精密,30.44,-2.9027113237639557,-0.9100000000000001,127595009.14,4125067,0,31.49,32.16,30.3,31.35
301500,飞南资源,16.29,-0.30599755201958817,-0.05000000000000071,129751580.0,7914800,0,16.36,16.59,16.16,16.34
301501,恒鑫生活,44.52,-0.4026845637583886,-0.17999999999999972,96738651.55,2144365,0,44.86,45.75,44.41,44.7
301502,华阳智能,46.41,0.5633802816901365,0.259999999999998,56511763.78,1221107,0,46.16,47.12,45.13,46.15
301503,智迪科技,38.33,0.026096033402917565,0.00999999999999801,45463331.0,1184670,0,38.33,38.77,37.92,38.32
301505,苏州规划,26.0,-0.9523809523809524,-0.25,219002533.56,8216033,0,26.27,27.47,25.85,26.25
301507,民生健康,16.61,1.6523867809057502,0.2699999999999996,327148811.17,19498931,0,16.46,17.18,16.39,16.34
301508,中机认检,32.61,-1.6289592760180969,-0.5399999999999991,87606469.38,2673202,0,33.2,33.2,32.5,33.15
301509,金凯生科,37.81,4.3898398674765415,1.5900000000000034,374910507.18,9757639,0,36.48,39.88,36.48,36.22
301510,固高科技,37.48,-3.5512094698919263,-1.3800000000000026,599166244.8,15690990,0,39.46,39.46,37.29,38.86
301511,德福科技,30.3,-6.075635461872279,-1.9599999999999973,1685439537.88,54497542,0,32.0,32.0,30.28,32.26
301512,智信精密,47.05,0.1063829787233982,0.04999999999999716,55425737.68,1173694,0,47.04,47.87,46.21,47.0
301515,港通医疗,26.41,4.7184773988897755,1.1900000000000013,329283230.06,12597948,0,25.18,27.4,24.65,25.22
301516,中远通,16.51,-1.13772455089819,-0.18999999999999773,62434838.54,3774960,0,16.75,16.84,16.37,16.7
301517,陕西华达,90.6,11.990111248454868,9.699999999999989,2596901770.01,29950704,0,83.88,97.08,76.3,80.9
301518,长华化学,39.49,5.138445154419594,1.9299999999999997,367157141.23,9239404,0,37.8,42.29,37.24,37.56
301519,舜禹股份,14.12,-0.07077140835103725,-0.010000000000001563,43282713.0,3051200,0,14.13,14.37,14.02,14.13
301520,万邦医药,46.12,7.156133828996279,3.0799999999999983,269867556.51,5781596,0,43.25,49.48,43.25,43.04
301522,上大股份,43.35,-9.668680975203168,-4.640000000000001,1391619517.52,31299700,0,46.79,46.8,43.29,47.99
301525,儒竞科技,88.34,-2.526757144433402,-2.289999999999992,136438583.13,1531201,0,90.63,90.91,88.05,90.63
301526,国际复材,7.0,-5.533063427800271,-0.41000000000000014,791941626.23,111395919,0,7.4,7.4,6.96,7.41
301528,多浦乐,70.62,-3.3529492267688363,-2.4499999999999886,115755198.92,1623072,0,73.07,73.34,70.18,73.07
301529,福赛科技,125.81,-0.15079365079364898,-0.18999999999999773,336965484.94,2628130,0,123.44,133.05,121.45,126.0
301533,威马农机,40.32,0.14903129657228584,0.060000000000002274,140464445.56,3456215,0,40.37,41.06,39.91,40.26
301536,星宸科技,62.42,-4.175621737795516,-2.719999999999999,590278005.74,9324110,0,65.65,65.69,62.22,65.14
301538,骏鼎达,82.17,-0.7608695652173859,-0.6299999999999955,197829255.0,2363830,0,82.71,85.96,81.7,82.8
301539,宏鑫科技,21.29,-3.925992779783398,-0.870000000000001,119227059.4,5540460,0,21.96,22.17,21.16,22.16
301548,崇德科技,65.17,4.909851899549267,3.0500000000000043,371664874.34,5738392,0,61.41,66.88,60.5,62.12
301550,斯菱智驱,180.4,3.9769452449567755,6.900000000000006,1959868155.1,10799959,0,171.01,187.8,169.51,173.5
301551,无线传媒,35.83,-1.2947658402203825,-0.46999999999999886,569357059.61,15618065,0,36.32,37.02,35.68,36.3
301552,科力装备,39.08,-0.812182741116752,-0.3200000000000003,44925467.15,1145535,0,39.4,39.55,38.9,39.4
301555,惠柏新材,36.19,-0.8221430528912147,-0.30000000000000426,155249483.0,4222000,0,36.54,37.47,35.84,36.49
301556,托普云农,142.49,3.7649286338479584,5.170000000000016,1381745969.07,9427333,0,153.01,156.0,135.0,137.32
301557,常友科技,124.59,-0.24819855884707945,-0.3100000000000023,93625458.0,745100,0,124.89,128.0,123.69,124.9
301558,三态股份,9.23,-0.5387931034482645,-0.049999999999998934,454577068.17,47915960,0,9.62,9.78,9.16,9.28
301559,中集环科,17.43,-5.528455284552844,-1.0199999999999996,202385796.49,11385088,0,18.45,18.58,17.4,18.45
301565,中仑新材,25.16,-1.1394891944990144,-0.28999999999999915,166326571.36,6529908,0,25.6,25.9,25.1,25.45
301566,达利凯普,21.42,-6.340183646698729,-1.4499999999999993,586863711.06,26919744,0,22.77,22.85,21.35,22.87
301567,贝隆精密,50.5,0.7581803671189198,0.38000000000000256,211532499.77,4191245,0,50.01,53.5,48.3,50.12
301568,思泰克,49.8,-4.8165137614678954,-2.520000000000003,297453467.2,5859270,0,52.14,52.14,49.73,52.32
301571,国科天成,61.81,-6.334293074708279,-4.179999999999993,428205139.48,6912192,0,64.6,64.79,60.66,65.99
301577,美信科技,59.38,-1.590984421610873,-0.9600000000000009,54474552.68,908823,0,60.32,60.58,59.34,60.34
301578,辰奕智能,35.39,-0.5340078695896507,-0.18999999999999773,49415303.92,1387476,0,35.8,35.91,35.33,35.58
301580,爱迪特,48.67,-0.653194529495816,-0.3200000000000003,119422204.75,2412067,0,49.26,50.25,48.5,48.99
301581,黄山谷捷,49.06,-1.1883182275931448,-0.5899999999999963,36851236.0,746600,0,49.65,49.85,48.82,49.65
301585,蓝宇股份,31.26,-0.3506534905961091,-0.10999999999999943,46649365.33,1486294,0,31.43,31.63,31.02,31.37
301586,佳力奇,52.67,-3.886861313868605,-2.1299999999999955,200825024.56,3820747,0,54.47,54.47,51.6,54.8
301587,中瑞股份,24.27,-2.608346709470313,-0.6500000000000021,102742493.39,4193438,0,24.96,25.04,24.19,24.92
301588,美新科技,19.84,0.7106598984771603,0.14000000000000057,79947835.21,4019514,0,19.79,20.25,19.41,19.7
301589,诺瓦星云,194.26,-7.345225603357821,-15.400000000000006,491291314.3,2494499,0,205.01,205.99,194.0,209.66
301591,肯特股份,44.14,-2.7753303964757667,-1.259999999999998,149873172.26,3380853,0,45.48,45.8,43.8,45.4
301592,六九一二,124.58,-5.146946855489573,-6.760000000000005,235312456.8,1860405,0,130.51,130.7,124.58,131.34
301596,瑞迪智驱,79.19,-2.1379139891250665,-1.730000000000004,109501648.28,1369303,0,80.99,81.5,78.7,80.92
301598,博科测试,65.84,-1.8777943368107168,-1.259999999999991,50488668.25,761805,0,67.1,67.17,65.62,67.1
301600,慧翰股份,136.58,-5.709354504659981,-8.269999999999982,442990693.29,3172107,0,144.55,144.84,136.21,144.85
301601,惠通科技,28.94,-0.5156411137848008,-0.14999999999999858,40826808.89,1403726,0,29.0,29.4,28.76,29.09
301602,超研股份,24.83,3.243243243243233,0.7799999999999976,185142320.53,7458492,0,24.36,25.49,23.82,24.05
301603,乔锋智能,74.96,-2.926702926702933,-2.260000000000005,210403162.1,2765437,0,77.26,77.8,74.71,77.22
301606,绿联科技,61.15,-1.7512853470437073,-1.0900000000000034,173538305.43,2797293,0,62.0,63.2,61.0,62.24
301607,富特科技,42.61,-2.583447645176046,-1.1300000000000026,167349351.28,3888028,0,43.74,43.8,42.37,43.74
301608,博实结,98.58,4.416904988878299,4.170000000000002,374376132.56,3794917,0,95.93,100.88,94.5,94.41
301611,珂玛科技,112.54,-4.627118644067791,-5.459999999999994,1623024628.49,14147853,0,113.96,120.5,111.11,118.0
301613,新铝时代,51.81,-2.8683914510686184,-1.5300000000000011,136828224.0,2602050,0,53.33,53.84,51.7,53.34
301617,博苑股份,84.14,-3.94977168949771,-3.4599999999999937,125799592.97,1463453,0,87.32,88.8,83.88,87.6
301618,长联科技,53.93,4.556029468786354,2.3500000000000014,158071783.0,2956530,0,51.59,55.8,50.67,51.58
301622,英思特,67.9,-1.4370735955871605,-0.9899999999999949,179542026.38,2613233,0,69.34,69.69,67.8,68.89
301626,苏州天脉,178.77,-1.5312586064445062,-2.780000000000001,214672465.68,1194187,0,181.0,183.5,176.0,181.55
301628,强达电路,94.2,-1.4644351464435057,-1.3999999999999915,321409817.85,3376669,0,96.0,97.61,93.3,95.6
301629,矽电股份,257.41,-7.072202166064972,-19.589999999999975,617145768.6,2315869,0,270.0,279.68,255.06,277.0
301631,壹连科技,102.34,-2.4032042723631473,-2.519999999999996,199403070.15,1916424,0,104.95,106.33,102.15,104.86
301633,港迪技术,70.82,-1.0617490919251258,-0.7600000000000051,30892790.0,433600,0,71.34,71.87,70.72,71.58
302132,中航成飞,82.81,-5.908419497784346,-5.200000000000003,2030004822.14,24260586,0,86.5,86.57,82.3,88.01
600000,浦发银行,11.55,-0.9433962264150895,-0.10999999999999943,547917956.0,47023082,0,11.72,11.75,11.54,11.66
600004,白云机场,9.46,-0.31612223393044636,-0.02999999999999936,223859857.0,23549333,0,9.49,9.55,9.45,9.49
600006,东风股份,7.46,1.084010840108402,0.08000000000000007,420620819.0,56333013,0,7.38,7.63,7.3,7.38
600007,中国国贸,19.56,-0.7106598984771603,-0.14000000000000057,58540159.0,2986100,0,19.77,19.77,19.53,19.7
600008,首创环保,3.03,0.0,0.0,222704844.0,73425116,0,3.03,3.05,3.02,3.03
600009,上海机场,32.55,0.03073140749845732,0.00999999999999801,658341260.0,20073025,0,32.75,33.19,32.48,32.54
600010,包钢股份,2.6,-3.345724907063192,-0.08999999999999986,2547006619.0,968855466,0,2.68,2.68,2.58,2.69
600011,华能国际,7.41,0.2706359945872864,0.020000000000000462,484586814.0,65303268,0,7.39,7.45,7.38,7.39
600012,皖通高速,14.68,0.6168608636052081,0.08999999999999986,65860578.0,4466693,0,14.69,14.82,14.61,14.59
600015,华夏银行,6.78,0.0,0.0,369362822.0,54337199,0,6.78,6.83,6.77,6.78
600016,民生银行,3.86,0.5208333333333338,0.020000000000000018,1440278423.0,372335920,0,3.84,3.89,3.83,3.84
600017,日照港,3.05,-0.3267973856209226,-0.010000000000000231,83916289.0,27510406,0,3.06,3.06,3.04,3.06
600018,XD上港集,5.44,-0.1834862385321062,-0.009999999999999787,195324920.0,35901427,0,5.44,5.46,5.42,5.45
600019,宝钢股份,7.27,-0.8185538881309753,-0.0600000000000005,702749801.0,96082295,0,7.35,7.37,7.26,7.33
600020,中原高速,4.34,0.6960556844547623,0.03000000000000025,70541504.0,16281161,0,4.32,4.35,4.31,4.31
600021,上海电力,21.23,-2.120792992162291,-0.46000000000000085,3554354309.0,163797741,0,21.69,22.68,20.86,21.69
600022,山东钢铁,1.58,-1.250000000000001,-0.020000000000000018,251806259.0,158875780,0,1.6,1.61,1.56,1.6
600023,浙能电力,5.05,-0.590551181102367,-0.03000000000000025,278477480.0,55055610,0,5.08,5.08,5.03,5.08
600025,华能水电,9.22,0.2173913043478408,0.02000000000000135,225311326.0,24418500,0,9.2,9.28,9.16,9.2
600026,中远海能,13.82,1.3939838591342588,0.1899999999999995,979525168.0,71250039,0,13.74,14.0,13.43,13.63
600027,华电国际,5.03,-0.19841269841269418,-0.009999999999999787,428025610.0,84888948,0,5.05,5.06,5.02,5.04
600028,中国石化,5.96,-0.16750418760468655,-0.009999999999999787,1444531469.0,241702562,0,5.95,6.02,5.93,5.97
600029,南方航空,7.76,-1.52284263959391,-0.1200000000000001,486109252.0,62199151,0,7.8,7.94,7.73,7.88
600030,中信证券,28.54,-0.8339124391938915,-0.240000000000002,6067731585.0,210412799,0,28.85,29.15,28.48,28.78
600031,三一重工,22.58,0.08865248226950166,0.019999999999999574,2036011024.0,90223714,0,22.7,22.95,22.28,22.56
600032,浙江新能,7.71,-0.12953367875647392,-0.009999999999999787,92284381.0,11993612,0,7.72,7.77,7.64,7.72
600033,福建高速,3.89,-2.992518703241887,-0.11999999999999966,305961027.0,77626186,0,3.99,4.0,3.87,4.01
600035,楚天高速,3.95,0.25380710659899064,0.010000000000000231,43229759.0,10962464,0,3.95,3.96,3.93,3.94
600036,招商银行,41.09,-0.07295719844356525,-0.02999999999999403,4621258072.0,112266870,0,41.2,41.38,41.03,41.12
600037,歌华有线,8.1,0.49627791563274376,0.03999999999999915,349029989.0,42920411,0,8.14,8.25,7.96,8.06
600038,中直股份,37.63,-3.636363636363623,-1.4199999999999946,852037581.0,22474122,0,38.61,38.79,37.55,39.05
600039,四川路桥,10.42,-0.28708133971291255,-0.02999999999999936,197782699.0,18824927,0,10.4,10.65,10.36,10.45
600048,保利发展,6.47,-0.6144393241167441,-0.040000000000000036,1069914274.0,163803206,0,6.51,6.61,6.46,6.51
600050,中国联通,5.36,-2.367941712204005,-0.1299999999999999,2485699047.0,459666645,0,5.48,5.49,5.35,5.49
600051,宁波联合,7.67,0.5242463958060293,0.040000000000000036,63864360.0,8305300,0,7.66,7.75,7.59,7.63
600052,东望时代,4.79,0.20920502092049761,0.009999999999999787,133599979.0,27850800,0,4.77,4.85,4.74,4.78
600053,九鼎投资,21.19,-3.5941765241128256,-0.7899999999999991,275478580.0,12790436,0,22.23,22.62,21.11,21.98
600054,黄山旅游,11.45,-0.3481288076588418,-0.040000000000000924,83615663.0,7263028,0,11.49,11.58,11.44,11.49
600055,万东医疗,17.65,1.4367816091954024,0.25,343713513.0,19351452,0,17.7,18.07,17.42,17.4
600056,中国医药,10.8,-0.09250693802034955,-0.009999999999999787,305517724.0,28071755,0,10.81,11.0,10.76,10.81
600057,厦门象屿,8.25,-2.4822695035461093,-0.21000000000000085,212967302.0,25522230,0,8.45,8.51,8.2,8.46
600058,五矿发展,11.52,0.0,0.0,0.0,0,0,0.0,0.0,0.0,11.52
600059,古越龙山,9.32,-0.8510638297872347,-0.08000000000000007,108246520.0,11567001,0,9.41,9.42,9.3,9.4
600060,海信视像,23.92,-5.64102564102564,-1.4299999999999997,522102191.0,21361382,0,25.3,25.44,23.82,25.35
600061,国投资本,7.88,-0.2531645569620311,-0.020000000000000462,429968011.0,54268344,0,7.92,7.98,7.85,7.9
600062,华润双鹤,18.66,-0.21390374331550346,-0.03999999999999915,193749400.0,10318309,0,18.71,18.89,18.65,18.7
600063,皖维高新,6.42,0.46948356807512126,0.03000000000000025,323402106.0,50285997,0,6.35,6.54,6.35,6.39
600064,南京高科,8.78,-0.9029345372460504,-0.08000000000000007,208469036.0,23618131,0,8.84,8.89,8.75,8.86
600066,宇通客车,31.67,0.18981335020563833,0.060000000000002274,603254330.0,18965709,0,31.71,32.06,31.56,31.61
600067,冠城新材,4.36,-0.2288329519450752,-0.009999999999999787,283241506.0,64518430,0,4.37,4.47,4.33,4.37
600070,*ST富润,0.42,0.0,0.0,0.0,0,0,0.0,0.0,0.0,0.42
600071,凤凰光学,21.86,-4.038630377524152,-0.9200000000000017,194590530.0,8784270,0,22.51,22.65,21.81,22.78
600072,中船科技,12.02,-2.2764227642276516,-0.28000000000000114,348978580.0,28856493,0,12.3,12.35,12.0,12.3
600073,光明肉业,6.56,-1.0558069381598836,-0.07000000000000028,70139241.0,10604832,0,6.63,6.65,6.56,6.63
600075,新疆天业,5.29,-2.2181146025878022,-0.1200000000000001,153628789.0,28880387,0,5.36,5.4,5.28,5.41
600076,康欣新材,3.69,-1.0723860589812342,-0.040000000000000036,149689647.0,39876777,0,3.75,3.83,3.64,3.73
600078,澄星股份,10.08,-1.9455252918287869,-0.1999999999999993,494808184.0,48012500,0,10.28,10.53,10.06,10.28
600079,ST人福,18.58,1.585565882996168,0.28999999999999915,636049423.0,34191484,0,18.29,18.85,18.28,18.29
600080,金花股份,7.99,0.3768844221105559,0.03000000000000025,79838019.0,9946262,0,7.95,8.12,7.91,7.96
600081,东风科技,12.42,2.4752475247524814,0.3000000000000007,183164088.0,14624010,0,12.15,12.98,11.96,12.12
600082,海泰发展,4.25,0.23584905660376854,0.009999999999999787,80673385.0,18956800,0,4.24,4.33,4.19,4.24
600084,中信尼雅,5.68,3.2727272727272676,0.17999999999999972,75948945.0,13345385,0,5.56,5.84,5.5,5.5
600085,同仁堂,32.37,-0.43063672716087537,-0.14000000000000057,373880945.0,11463908,0,32.55,32.98,32.33,32.51
600088,中视传媒,17.98,-1.9629225736095934,-0.35999999999999943,378996281.0,20635684,0,18.56,18.74,17.94,18.34
600089,特变电工,27.37,10.008038585209011,2.490000000000002,11723891728.0,453304777,0,24.86,27.37,24.18,24.88
600094,大名城,5.26,4.572564612326034,0.22999999999999954,768887294.0,153285482,0,5.08,5.35,4.79,5.03
600095,湘财股份,11.57,-2.362869198312231,-0.27999999999999936,572886651.0,48939326,0,11.87,11.94,11.52,11.85
600096,云天化,34.22,1.603325415676957,0.5399999999999991,1631575147.0,47435738,0,33.9,34.85,33.86,33.68
600097,开创国际,11.78,-1.0084033613445462,-0.120000000000001,112360281.0,9455900,0,11.88,12.01,11.75,11.9
600098,广州发展,6.68,-0.14947683109119095,-0.010000000000000675,166021722.0,24867861,0,6.71,6.72,6.64,6.69
600099,林海股份,10.64,0.28275212064091554,0.030000000000001137,38210545.0,3588700,0,10.62,10.78,10.49,10.61
600100,同方股份,9.47,-3.662258392675478,-0.35999999999999943,1031316761.0,107616684,0,9.84,9.85,9.44,9.83
600101,明星电力,9.84,2.2869022869022935,0.22000000000000064,393923372.0,40329556,0,9.62,10.0,9.51,9.62
600103,青山纸业,4.01,-6.960556844547561,-0.2999999999999998,1208976603.0,292790306,0,4.27,4.35,4.0,4.31
600104,上汽集团,15.47,0.3242542153048036,0.05000000000000071,1597409130.0,101909684,0,15.59,15.97,15.44,15.42
600105,永鼎股份,28.91,-8.30954646368538,-2.620000000000001,6463092592.0,217795544,0,30.99,31.08,28.6,31.53
600106,重庆路桥,6.45,-0.1547987616099038,-0.009999999999999787,186257962.0,28646300,0,6.45,6.59,6.42,6.46
600107,ST尔雅,7.12,-0.5586592178770954,-0.040000000000000036,79364521.0,10984958,0,7.16,7.39,6.9,7.16
600108,亚盛集团,3.46,-1.142857142857144,-0.040000000000000036,365952272.0,104103214,0,3.5,3.61,3.44,3.5
600109,国金证券,9.57,-0.8290155440414514,-0.08000000000000007,480544536.0,49796614,0,9.7,9.74,9.53,9.65
600110,诺德股份,7.39,-2.635046113306985,-0.20000000000000018,493327349.0,65884158,0,7.6,7.66,7.37,7.59
600111,北方稀土,50.87,-3.0678353658536577,-1.6099999999999994,7554658159.0,147098732,0,52.49,52.69,50.6,52.48
600113,浙江东日,60.68,-1.5733982157339805,-0.9699999999999989,258257071.0,4220071,0,61.4,62.21,60.46,61.65
600114,东睦股份,30.22,-2.0421393841167017,-0.6300000000000026,459647210.0,15006867,0,30.8,31.28,30.11,30.85
600115,中国东航,6.02,0.33333333333332626,0.019999999999999574,574926149.0,95640705,0,5.93,6.12,5.91,6.0
600116,三峡水利,6.6,0.30395136778114856,0.019999999999999574,98262666.0,14895399,0,6.57,6.65,6.55,6.58
600117,西宁特钢,2.94,-2.325581395348832,-0.06999999999999984,112475539.0,37871747,0,3.01,3.02,2.94,3.01
600118,中国卫星,121.04,3.75450025715756,4.38000000000001,22035660016.0,189936681,0,121.0,127.77,104.99,116.66
600119,长江投资,8.02,-0.7425742574257487,-0.0600000000000005,48482789.0,6021101,0,8.06,8.13,7.97,8.08
600120,浙江东方,7.21,-2.6990553306342804,-0.20000000000000018,1743371937.0,237640197,0,7.6,7.7,7.15,7.41
600121,郑州煤电,4.43,-3.0634573304157673,-0.14000000000000057,247468959.0,55296898,0,4.59,4.6,4.41,4.57
600123,兰花科创,6.13,-0.8090614886731363,-0.04999999999999982,103630799.0,16888856,0,6.16,6.17,6.11,6.18
600125,铁龙物流,6.39,-0.3120124804992272,-0.020000000000000462,125923193.0,19656633,0,6.42,6.49,6.35,6.41
600126,杭钢股份,8.88,-3.4782608695652013,-0.3199999999999985,875400355.0,96760746,0,9.34,9.39,8.84,9.2
600127,金健米业,6.72,-1.3215859030836985,-0.08999999999999986,160482461.0,23713911,0,6.82,6.83,6.71,6.81
600128,苏豪弘业,11.21,-0.6205673758865117,-0.06999999999999851,86836509.0,7662400,0,11.34,11.48,11.2,11.28
600129,太极集团,18.96,-1.0438413361169065,-0.1999999999999993,192086236.0,10061947,0,19.16,19.27,18.9,19.16
600130,*ST波导,4.24,-0.4694835680751074,-0.019999999999999574,66181492.0,15592926,0,4.26,4.28,4.19,4.26
600131,XD国网信,17.46,-2.184873949579835,-0.39000000000000057,326730020.0,18589949,0,17.9,18.0,17.37,17.85
600132,重庆啤酒,52.23,-0.7222961414179863,-0.38000000000000256,132534984.0,2527729,0,52.61,52.83,52.2,52.61
600133,东湖高新,9.65,-5.113077679449356,-0.5199999999999996,670935436.0,68155515,0,10.21,10.26,9.62,10.17
600135,乐凯胶片,11.99,-2.2819885900570447,-0.27999999999999936,767503969.0,64804915,0,12.0,12.6,11.04,12.27
600136,ST明诚,1.71,0.5882352941176475,0.010000000000000009,44122812.0,25664867,0,1.7,1.77,1.69,1.7
600137,浪莎股份,19.69,0.561797752809004,0.11000000000000298,44534911.0,2261500,0,19.58,19.91,19.35,19.58
600138,中青旅,10.0,-1.283316880552821,-0.13000000000000078,235947578.0,23494271,0,10.13,10.13,9.97,10.13
600141,兴发集团,38.3,5.335533553355329,1.9399999999999977,1053393221.0,27367440,0,36.6,39.55,36.5,36.36
600143,金发科技,20.11,-6.508600650860075,-1.4000000000000021,4465912527.0,217297591,0,21.62,21.78,20.01,21.51
600148,长春一东,20.52,-1.0130246020260534,-0.21000000000000085,46429322.0,2252046,0,20.68,20.88,20.35,20.73
600149,廊坊发展,5.25,0.19083969465648445,0.009999999999999787,56184982.0,10687490,0,5.24,5.31,5.17,5.24
600150,中国船舶,35.84,-0.8301051466519013,-0.29999999999999716,3172401885.0,88356970,0,36.1,36.36,35.5,36.14
600151,航天机电,20.51,-10.004387889425177,-2.2799999999999976,3867407563.0,186753146,0,22.79,22.8,20.51,22.79
600152,维科技术,8.06,-3.0084235860409145,-0.25,536699861.0,65763502,0,8.65,8.65,8.0,8.31
600153,建发股份,9.38,-0.4246284501061481,-0.03999999999999915,167646849.0,17829622,0,9.39,9.44,9.37,9.42
600155,华创云信,7.04,-0.283286118980164,-0.019999999999999574,293444695.0,41595100,0,7.07,7.11,6.98,7.06
600156,华升股份,8.03,-1.472392638036822,-0.120000000000001,72884863.0,8971496,0,8.16,8.22,8.02,8.15
600157,永泰能源,1.66,0.0,0.0,1452538548.0,874629467,0,1.66,1.68,1.64,1.66
600158,中体产业,8.99,-1.2087912087912025,-0.10999999999999943,249465249.0,27561352,0,9.11,9.16,8.96,9.1
600159,大龙地产,2.84,-0.3508771929824642,-0.010000000000000231,49563292.0,17287501,0,2.88,2.9,2.83,2.85
600160,巨化股份,36.3,-1.0629599345870826,-0.39000000000000057,901760577.0,24676980,0,36.51,36.99,36.16,36.69
600161,天坛生物,17.23,0.8782201405152351,0.15000000000000213,346077448.0,19983657,0,17.09,17.58,17.0,17.08
600162,香江控股,1.89,-0.5263157894736847,-0.010000000000000009,128296763.0,67198400,0,1.9,1.94,1.88,1.9
600163,中闽能源,5.47,-1.084990958408689,-0.0600000000000005,205463228.0,37456443,0,5.53,5.55,5.44,5.53
600165,*ST宁科,4.0,0.0,0.0,0.0,0,0,0.0,0.0,0.0,4.0
600166,福田汽车,2.9,-0.6849315068493157,-0.020000000000000018,396592263.0,136382729,0,2.92,2.93,2.88,2.92
600167,联美控股,7.28,-1.621621621621623,-0.1200000000000001,144638796.0,19789520,0,7.42,7.45,7.26,7.4
600168,武汉控股,5.18,-0.19267822736032128,-0.010000000000000675,57033216.0,11002722,0,5.19,5.21,5.14,5.19
600169,ST太重,2.47,-3.8910505836575737,-0.09999999999999964,229281868.0,91504200,0,2.54,2.56,2.45,2.57
600170,上海建工,3.04,10.144927536231894,0.28000000000000025,2834970026.0,961786302,0,2.76,3.04,2.72,2.76
600171,上海贝岭,32.12,-3.398496240601512,-1.1300000000000026,783654363.0,24082508,0,33.27,33.35,32.0,33.25
600172,黄河旋风,6.15,-3.755868544600929,-0.23999999999999932,500466246.0,80081231,0,6.39,6.41,6.12,6.39
600173,卧龙新能,7.35,-1.6064257028112465,-0.1200000000000001,95512142.0,12866900,0,7.48,7.54,7.33,7.47
600176,中国巨石,17.67,-0.8417508417508337,-0.14999999999999858,643944668.0,36333864,0,17.82,17.99,17.51,17.82
600177,雅戈尔,7.48,-0.3994673768308836,-0.02999999999999936,136407988.0,18200257,0,7.5,7.53,7.46,7.51
600178,东安动力,12.9,-3.8031319910514525,-0.5099999999999998,194032914.0,14873100,0,13.48,13.48,12.9,13.41
600179,安通控股,5.09,-3.0476190476190506,-0.16000000000000014,695256019.0,134321142,0,5.29,5.31,5.08,5.25
600180,瑞茂通,3.66,-0.8130081300812955,-0.029999999999999805,84931936.0,22951462,0,3.69,3.74,3.65,3.69
600182,S佳通,15.14,-0.3947368421052548,-0.05999999999999872,38621384.0,2546212,0,15.23,15.23,15.11,15.2
600183,生益科技,66.04,-2.982224180990138,-2.029999999999987,3204476636.0,48000999,0,67.96,69.13,65.19,68.07
600184,光电股份,20.17,-3.3077660594439005,-0.6899999999999977,502088023.0,24756409,0,20.87,20.87,20.06,20.86
600185,珠免集团,6.45,-2.4205748865355545,-0.16000000000000014,267069895.0,40910827,0,6.62,6.62,6.45,6.61
600186,莲花控股,6.18,-4.1860465116279135,-0.27000000000000046,666869735.0,105549216,0,6.55,6.58,6.15,6.45
600187,国中水务,2.55,-1.9230769230769333,-0.050000000000000266,82216857.0,31826581,0,2.6,2.61,2.55,2.6
600188,兖矿能源,14.01,-1.2684989429175457,-0.17999999999999972,373780321.0,26504110,0,14.15,14.24,13.97,14.19
600189,泉阳泉,7.28,2.6798307475317404,0.1900000000000004,219224262.0,30103873,0,7.11,7.44,7.11,7.09
600190,退市锦港,0.63,0.0,0.0,0.0,0,0,0.0,0.0,0.0,0.63
600191,华资实业,12.04,-1.3114754098360668,-0.16000000000000014,80522169.0,6631100,0,12.17,12.3,12.01,12.2
600192,长城电工,10.8,1.8867924528301987,0.20000000000000107,698182257.0,64184071,0,10.5,11.66,10.13,10.6
600193,*ST创兴,4.15,1.715686274509811,0.07000000000000028,80526878.0,19130552,0,4.13,4.28,4.1,4.08
600195,中牧股份,8.03,-0.49566294919455917,-0.040000000000000924,172966042.0,21305734,0,8.07,8.2,8.02,8.07
600196,复星医药,28.12,0.9694793536804293,0.2699999999999996,938901380.0,33133106,0,27.93,28.6,27.91,27.85
600197,伊力特,14.03,-0.6373937677053815,-0.08999999999999986,67040943.0,4764522,0,14.14,14.14,14.01,14.12
600198,大唐电信,10.4,-6.726457399103139,-0.75,893929604.0,84834051,0,11.15,11.2,10.2,11.15
600199,金种子酒,9.71,-1.2207527975584864,-0.11999999999999922,110299797.0,11297320,0,9.83,9.83,9.7,9.83
600200,退市苏吴,0.29,0.0,0.0,0.0,0,0,0.0,0.0,0.0,0.29
600201,生物股份,17.29,0.5817335660267473,0.09999999999999787,864372767.0,49413222,0,17.28,17.98,17.03,17.19
600202,哈空调,5.91,-0.6722689075630258,-0.040000000000000036,53742159.0,9060400,0,5.96,5.99,5.88,5.95
600203,福日电子,13.32,-4.789135096497497,-0.6699999999999999,590526832.0,43498505,0,14.0,14.01,13.31,13.99
600206,有研新材,21.69,-3.0831099195710356,-0.6899999999999977,863354338.0,39216986,0,22.56,22.63,21.62,22.38
600207,安彩高科,4.86,-2.213279678068399,-0.10999999999999943,114759017.0,23505053,0,4.97,4.97,4.83,4.97
600208,衢州发展,4.06,-0.4901960784313838,-0.020000000000000462,372375009.0,91704961,0,4.06,4.1,4.03,4.08
600210,紫江企业,7.54,-0.6587615283267434,-0.04999999999999982,219242863.0,28910101,0,7.6,7.65,7.52,7.59
600211,西藏药业,45.12,0.6918098638696611,0.30999999999999517,292639075.0,6435325,0,44.82,46.0,44.82,44.81
600212,绿能慧充,7.99,-1.9631901840490813,-0.16000000000000014,186165380.0,23145976,0,8.15,8.17,7.98,8.15
600215,派斯林,7.99,-7.843137254901958,-0.6799999999999997,425302336.0,51874918,0,8.32,8.49,7.91,8.67
600216,浙江医药,14.17,0.7107320540156336,0.09999999999999964,287758828.0,20226646,0,14.08,14.41,14.03,14.07
600217,中再资环,4.19,0.23923444976078173,0.010000000000000675,152944014.0,36581770,0,4.16,4.25,4.12,4.18
600218,全柴动力,10.51,-3.311867525298983,-0.35999999999999943,187945955.0,17638324,0,10.87,10.89,10.49,10.87
600219,南山铝业,5.76,0.0,0.0,2076725739.0,356572753,0,5.77,5.93,5.72,5.76
600221,海航控股,1.71,-1.7241379310344844,-0.030000000000000027,851666181.0,493695680,0,1.74,1.74,1.71,1.74
600222,太龙药业,6.85,2.3916292974588824,0.15999999999999925,334491099.0,48791231,0,6.72,6.98,6.69,6.69
600223,福瑞达,7.58,-0.5249343832021002,-0.040000000000000036,96861027.0,12761588,0,7.6,7.64,7.53,7.62
600226,亨通股份,5.6,-1.5817223198594152,-0.09000000000000075,526157839.0,92771204,0,5.7,5.79,5.58,5.69
600227,赤天化,2.52,2.0242914979757014,0.04999999999999982,183868151.0,72740160,0,2.47,2.6,2.45,2.47
600228,*ST返利,5.47,-3.6971830985915486,-0.20999999999999996,68145335.0,12322901,0,5.69,5.69,5.43,5.68
600229,城市传媒,6.92,0.1447178002894325,0.009999999999999787,111273046.0,15938872,0,7.0,7.07,6.88,6.91
600230,沧州大化,15.13,-0.19788918205804326,-0.02999999999999936,266328101.0,17637000,0,15.09,15.27,14.87,15.16
600231,凌钢股份,2.17,-0.45871559633028575,-0.010000000000000231,58570268.0,26873858,0,2.17,2.21,2.15,2.18
600232,金鹰股份,8.48,-1.7381228273464697,-0.15000000000000036,107151389.0,12531442,0,8.7,8.7,8.45,8.63
600233,圆通速递,16.75,-1.0047281323877169,-0.1700000000000017,245018601.0,14450879,0,16.92,17.25,16.7,16.92
600234,科新发展,12.48,-0.08006405124099109,-0.009999999999999787,40947176.0,3268191,0,12.5,12.78,12.4,12.49
600235,民丰特纸,6.77,-0.44117647058823894,-0.03000000000000025,58918303.0,8650500,0,6.8,6.89,6.75,6.8
600236,桂冠电力,7.99,-0.8684863523573236,-0.07000000000000028,113156196.0,14014699,0,8.13,8.25,7.95,8.06
600237,铜峰电子,9.65,0.5208333333333408,0.05000000000000071,714528095.0,75052216,0,9.53,9.9,9.2,9.6
600238,*ST椰岛,6.28,-1.1023622047244002,-0.0699999999999994,41997612.0,6670900,0,6.39,6.4,6.26,6.35
600239,云南城投,2.39,0.0,0.0,78952297.0,32912757,0,2.38,2.42,2.37,2.39
600241,时代万恒,8.49,0.0,0.0,68789076.0,8057600,0,8.55,8.65,8.44,8.49
600243,*ST海华,4.87,-1.2170385395537446,-0.05999999999999961,22204430.0,4525200,0,4.92,4.97,4.86,4.93
600246,万通发展,12.3,-4.945904173106637,-0.6399999999999988,1336276241.0,106949997,0,13.14,13.2,12.23,12.94
600248,陕建股份,3.65,0.8287292817679504,0.029999999999999805,89396177.0,24614324,0,3.62,3.67,3.6,3.62
600249,两面针,5.91,-0.8389261744966413,-0.04999999999999982,83899101.0,14078850,0,5.96,6.02,5.89,5.96
600250,南京商旅,11.78,-1.9150707743547082,-0.23000000000000043,267566321.0,22394300,0,12.0,12.15,11.75,12.01
600251,冠农股份,9.52,0.31612223393044636,0.02999999999999936,130123405.0,13502962,0,9.47,9.77,9.47,9.49
600252,中恒集团,2.7,0.3717472118959194,0.010000000000000231,225329262.0,83102062,0,2.69,2.74,2.69,2.69
600255,鑫科材料,3.94,-3.1941031941032025,-0.13000000000000034,425073838.0,106650004,0,4.07,4.09,3.93,4.07
600256,广汇能源,5.04,0.8000000000000007,0.040000000000000036,524989554.0,104460205,0,5.0,5.06,4.98,5.0
600257,大湖股份,7.19,-5.519053876478317,-0.41999999999999993,263215564.0,36294736,0,7.55,7.58,7.09,7.61
600258,首旅酒店,17.35,-0.6300114547537196,-0.10999999999999943,336415064.0,19426629,0,17.31,17.5,17.16,17.46
600259,中稀有色,72.02,1.9535673839184535,1.3799999999999955,2162866081.0,29712364,0,72.0,74.98,70.15,70.64
600261,阳光照明,3.52,1.1494252873563229,0.040000000000000036,75070832.0,21389138,0,3.47,3.56,3.44,3.48
600262,北方股份,27.32,-2.2190408017179704,-0.620000000000001,133205494.0,4821774,0,28.0,28.17,27.28,27.94
600265,ST景谷,18.93,-1.1488250652741456,-0.21999999999999886,6926927.0,365900,0,19.15,19.15,18.86,19.15
600266,城建发展,6.44,-9.93006993006993,-0.71,1219877399.0,187069308,0,6.95,6.95,6.44,7.15
600267,海正药业,10.6,0.5692599620493406,0.0600000000000005,194238899.0,18233179,0,10.62,10.77,10.55,10.54
600268,国电南自,12.32,3.966244725738402,0.47000000000000064,1146484478.0,95292688,0,11.85,13.0,11.31,11.85
600269,赣粤高速,5.22,-0.3816793893129859,-0.020000000000000462,78415206.0,14979910,0,5.24,5.27,5.21,5.24
600271,航天信息,12.29,-10.029282576866771,-1.370000000000001,1695886934.0,136440444,0,13.4,13.4,12.29,13.66
600272,开开实业,15.0,3.4482758620689653,0.5,285244465.0,19168600,0,14.53,15.22,14.3,14.5
600273,嘉化能源,9.29,-1.1702127659574595,-0.11000000000000121,211488915.0,22573301,0,9.39,9.49,9.26,9.4
600276,恒瑞医药,64.58,1.1433046202035975,0.7299999999999969,4702909258.0,72240695,0,64.3,65.83,64.05,63.85
600278,东方创业,8.03,-2.5485436893203985,-0.21000000000000085,116289375.0,14335110,0,8.24,8.25,8.02,8.24
600279,重庆港,5.44,-1.2704174228675027,-0.0699999999999994,93088705.0,16979500,0,5.49,5.53,5.44,5.51
600280,中央商场,4.15,-6.108597285067864,-0.2699999999999996,553489940.0,128745821,0,4.32,4.55,4.13,4.42
600281,华阳新材,6.15,-0.4854368932038731,-0.02999999999999936,123569465.0,20014885,0,6.17,6.25,6.08,6.18
600282,南钢股份,5.42,-7.191780821917808,-0.41999999999999993,706342869.0,127343707,0,5.98,5.99,5.4,5.84
600283,钱江水利,9.64,-0.3102378490175735,-0.02999999999999936,76857670.0,7953703,0,9.62,9.74,9.56,9.67
600284,浦东建设,8.88,-1.0033444816053494,-0.08999999999999986,291075056.0,32174778,0,9.06,9.25,8.88,8.97
600285,羚锐制药,21.14,-1.0762751520823604,-0.23000000000000043,197200927.0,9230780,0,21.34,21.64,21.09,21.37
600287,苏豪时尚,5.7,0.17574692442881873,0.009999999999999787,32663684.0,5737180,0,5.71,5.73,5.64,5.69
600288,大恒科技,15.62,-2.557704304429207,-0.4100000000000019,198356921.0,12534562,0,16.1,16.18,15.56,16.03
600289,ST信通,6.69,-0.44642857142856196,-0.02999999999999936,32242065.0,4840100,0,6.69,6.73,6.62,6.72
600292,电投水电,13.47,-2.6030368763557443,-0.35999999999999943,359027616.0,26564669,0,13.83,13.83,13.34,13.83
600293,三峡新材,3.23,-0.6153846153846159,-0.020000000000000018,115173202.0,35518771,0,3.25,3.3,3.19,3.25
600295,鄂尔多斯,14.39,-3.0976430976430915,-0.4599999999999991,240787181.0,16551084,0,14.55,14.82,14.34,14.85
600298,安琪酵母,44.16,0.31803725579280656,0.13999999999999346,281892039.0,6376516,0,43.93,44.77,43.78,44.02
600299,安迪苏,9.11,-0.32822757111598616,-0.030000000000001137,62094323.0,6805601,0,9.12,9.18,9.06,9.14
600300,维维股份,3.6,-1.3698630136986254,-0.04999999999999982,177836396.0,48894811,0,3.64,3.67,3.59,3.65
600301,华锡有色,46.44,3.939122649955233,1.759999999999998,636414827.0,13763805,0,44.58,47.77,43.51,44.68
600302,标准股份,10.58,-1.672862453531596,-0.17999999999999972,145864981.0,13843400,0,10.66,10.78,10.33,10.76
600303,曙光股份,3.29,-0.6042296072507558,-0.020000000000000018,78996028.0,23837302,0,3.31,3.36,3.28,3.31
600305,恒顺醋业,7.98,-0.9925558312655095,-0.08000000000000007,83759528.0,10437669,0,8.06,8.07,7.97,8.06
600307,酒钢宏兴,1.87,0.0,0.0,386760825.0,203590880,0,1.89,1.98,1.84,1.87
600308,华泰股份,3.94,-0.2531645569620311,-0.010000000000000231,101577790.0,25531783,0,3.97,4.02,3.93,3.95
600309,万华化学,78.57,0.5502943434860412,0.4299999999999926,2716983573.0,34382847,0,78.08,80.13,77.77,78.14
600310,广西能源,3.9,0.7751937984496073,0.029999999999999805,91970146.0,23677649,0,3.87,3.92,3.85,3.87
600312,平高电气,19.76,3.672612801678924,0.7000000000000028,1358648775.0,69169879,0,19.0,20.22,18.86,19.06
600313,农发种业,6.5,-2.108433734939754,-0.13999999999999968,284820951.0,43230250,0,6.64,6.65,6.49,6.64
600315,上海家化,23.5,-1.6324822101297636,-0.39000000000000057,143980947.0,6096782,0,23.89,23.94,23.41,23.89
600316,洪都航空,39.57,1.5396458814472709,0.6000000000000014,1587346683.0,40550525,0,38.72,41.85,36.8,38.97
600318,新力金融,9.15,-2.969247083775179,-0.27999999999999936,182157716.0,19651528,0,9.42,9.43,9.14,9.43
600319,亚星化学,8.24,-1.080432172869146,-0.08999999999999986,82565607.0,9973500,0,8.3,8.35,8.22,8.33
600320,振华重工,5.2,-1.1406844106463805,-0.05999999999999961,395887088.0,75724606,0,5.25,5.29,5.17,5.26
600322,津投城开,2.36,-0.421940928270052,-0.010000000000000231,58762081.0,24821533,0,2.38,2.39,2.33,2.37
600323,瀚蓝环境,28.27,0.03538570417550605,0.00999999999999801,134200970.0,4735576,0,28.28,28.56,28.12,28.26
600325,华发股份,4.38,-1.1286681715575582,-0.04999999999999982,125597732.0,28566206,0,4.4,4.44,4.35,4.43
600326,西藏天路,11.17,-2.3601398601398564,-0.2699999999999996,703149994.0,62125444,0,11.45,11.56,11.15,11.44
600327,大东方,5.16,0.19417475728154926,0.009999999999999787,371338879.0,71083117,0,5.15,5.38,5.1,5.15
600328,中盐化工,8.54,-0.23364485981309988,-0.02000000000000135,267935422.0,31350959,0,8.55,8.68,8.41,8.56
600329,达仁堂,46.44,-0.9174311926605498,-0.4299999999999997,187652479.0,4012137,0,46.88,47.14,46.38,46.87
600330,天通股份,13.33,-7.043235704323569,-1.0099999999999998,1797996129.0,131789887,0,14.11,14.29,13.29,14.34
600331,宏达股份,12.58,0.6400000000000006,0.08000000000000007,813713213.0,64362095,0,12.6,12.79,12.45,12.5
600332,白云山,25.27,-0.27624309392265306,-0.07000000000000028,465118555.0,18314663,0,25.39,25.52,25.25,25.34
600333,长春燃气,5.73,0.5263157894736885,0.03000000000000025,137105155.0,23853005,0,5.71,5.8,5.66,5.7
600335,国机汽车,6.55,-1.057401812688826,-0.07000000000000028,121625757.0,18504663,0,6.61,6.65,6.52,6.62
600336,澳柯玛,7.99,-4.311377245508975,-0.35999999999999943,195561674.0,24143016,0,8.34,8.34,7.95,8.35
600337,美克家居,3.43,-8.288770053475938,-0.31000000000000005,569367596.0,165113440,0,3.62,3.65,3.37,3.74
600338,西藏珠峰,18.86,6.433408577878108,1.1400000000000006,2733161572.0,145816210,0,17.73,19.49,17.51,17.72
600339,中油工程,3.52,0.2849002849002915,0.010000000000000231,255364940.0,72527310,0,3.5,3.57,3.48,3.51
600340,华夏幸福,2.19,-2.232142857142869,-0.050000000000000266,432349231.0,194573882,0,2.25,2.26,2.18,2.24
600343,航天动力,46.0,-7.258064516129036,-3.6000000000000014,4081925044.0,87724987,0,48.08,49.0,44.64,49.6
600345,长江通信,37.78,-10.004764173415904,-4.199999999999996,1011073985.0,26351229,0,40.77,40.98,37.78,41.98
600346,恒力石化,23.8,4.984561093956766,1.129999999999999,913347881.0,39046187,0,22.68,23.98,22.51,22.67
600348,华阳股份,8.39,-2.4418604651162683,-0.20999999999999908,527118514.0,62358756,0,8.58,8.59,8.38,8.6
600350,山东高速,9.67,-0.616649537512852,-0.0600000000000005,86173067.0,8829920,0,9.7,9.86,9.63,9.73
600351,亚宝药业,6.72,0.5988023952095813,0.040000000000000036,143196291.0,21207158,0,6.68,6.8,6.66,6.68
600352,浙江龙盛,11.15,-1.1524822695035373,-0.129999999999999,254468410.0,22646594,0,11.28,11.38,11.13,11.28
600353,旭光电子,17.5,-5.097613882863347,-0.9400000000000013,822102411.0,46520808,0,18.35,18.35,17.37,18.44
600354,敦煌种业,6.61,-1.7830609212481439,-0.1200000000000001,191831053.0,28682273,0,6.74,6.75,6.6,6.73
600355,*ST精伦,2.2,-4.347826086956506,-0.09999999999999964,41131126.0,18487800,0,2.27,2.29,2.2,2.3
600356,恒丰纸业,8.92,0.3374578177727712,0.02999999999999936,66433377.0,7445659,0,8.9,8.99,8.84,8.89
600358,ST联合,5.94,0.16863406408095574,0.010000000000000675,55332110.0,9335900,0,5.92,5.98,5.87,5.93
600359,新农开发,7.43,-1.1968085106382962,-0.08999999999999986,80091040.0,10692100,0,7.52,7.57,7.39,7.52
600360,*ST华微,8.1,-2.2919179734619965,-0.1899999999999995,140996214.0,17263860,0,8.26,8.28,8.09,8.29
600361,创新新材,4.48,-0.8849557522123707,-0.03999999999999915,285097814.0,63189700,0,4.51,4.57,4.47,4.52
600362,江西铜业,57.28,2.249196715458761,1.259999999999998,3998691082.0,69516178,0,55.66,58.76,55.4,56.02
600363,联创光电,70.17,-8.644707720348913,-6.640000000000001,2338193240.0,32671539,0,74.54,74.95,69.93,76.81
600365,ST通葡,3.2,-0.3115264797507722,-0.009999999999999787,15590624.0,4879700,0,3.21,3.23,3.17,3.21
600366,宁波韵升,14.33,-3.4366576819406998,-0.5099999999999998,724004525.0,49883444,0,14.83,14.83,14.3,14.84
600367,红星发展,18.92,4.0131940626718,0.7300000000000004,1225347961.0,62826742,0,18.36,20.01,18.36,18.19
600368,五洲交通,3.99,0.251256281407041,0.010000000000000231,80607306.0,20209486,0,3.98,4.03,3.96,3.98
600369,西南证券,4.6,-0.8620689655172422,-0.040000000000000036,255276351.0,55089946,0,4.64,4.67,4.59,4.64
600370,三房巷,2.61,0.0,0.0,285315423.0,108449697,0,2.56,2.82,2.5,2.61
600371,万向德农,8.93,-0.8879023307436191,-0.08000000000000007,58876096.0,6553136,0,9.01,9.07,8.9,9.01
600372,中航机载,14.91,-9.745762711864403,-1.6099999999999994,3956000953.0,259359623,0,16.5,16.5,14.88,16.52
600373,中文传媒,10.07,-2.233009708737868,-0.23000000000000043,454974948.0,44668956,0,10.4,10.45,10.02,10.3
600375,汉马科技,6.05,-1.305057096247962,-0.08000000000000007,251980946.0,41163310,0,6.15,6.18,6.04,6.13
600376,首开股份,5.95,-5.254777070063695,-0.33000000000000007,1173561390.0,191984009,0,6.23,6.36,5.93,6.28
600377,宁沪高速,11.81,-0.5054759898904695,-0.05999999999999872,113560712.0,9584300,0,11.87,11.91,11.78,11.87
600378,昊华科技,35.0,-1.4084507042253522,-0.5,402507508.0,11496739,0,35.39,35.69,34.39,35.5
600379,宝光股份,12.41,-0.40128410914928336,-0.05000000000000071,123386874.0,9965161,0,12.47,12.7,12.09,12.46
600380,健康元,12.22,1.0752688172043077,0.13000000000000078,366764825.0,29885043,0,12.11,12.41,12.11,12.09
600381,*ST春天,3.9,-0.7633587786259605,-0.03000000000000025,30883519.0,7819271,0,3.87,4.02,3.87,3.93
600382,广东明珠,7.69,-0.3886010362694218,-0.02999999999999936,190153637.0,24416790,0,7.72,8.02,7.67,7.72
600383,金地集团,3.16,-0.940438871473348,-0.029999999999999805,309112142.0,96942274,0,3.18,3.23,3.15,3.19
600386,北巴传媒,4.51,-1.7429193899782152,-0.08000000000000007,60420310.0,13279220,0,4.58,4.61,4.5,4.59
600387,退市海越,0.94,0.0,0.0,0.0,0,0,0.0,0.0,0.0,0.94
600388,龙净环保,15.81,-0.25236593059936374,-0.03999999999999915,183991953.0,11631550,0,15.84,15.94,15.71,15.85
600389,江山股份,23.14,-0.3015941404567009,-0.07000000000000028,233023724.0,9979601,0,23.05,23.63,23.0,23.21
600390,五矿资本,6.09,0.827814569536421,0.04999999999999982,779836594.0,128076564,0,6.05,6.29,5.95,6.04
600391,航发科技,40.9,-9.99119718309859,-4.539999999999999,749953426.0,18217358,0,44.07,44.07,40.9,45.44
600392,盛和资源,23.52,-2.970297029702966,-0.7199999999999989,1883318825.0,78875393,0,24.27,24.38,23.44,24.24
600395,盘江股份,4.84,-0.6160164271047278,-0.03000000000000025,95377491.0,19706280,0,4.86,4.87,4.81,4.87
600396,华电辽能,2.97,-0.3355704697986506,-0.009999999999999787,49971570.0,16810302,0,3.0,3.0,2.95,2.98
600397,江钨装备,9.21,-2.1253985122210337,-0.1999999999999993,521214784.0,55422482,0,9.54,9.73,9.17,9.41
600398,海澜之家,6.23,-1.42405063291139,-0.08999999999999986,244690827.0,39006205,0,6.3,6.33,6.21,6.32
600399,抚顺特钢,7.28,3.116147308781879,0.22000000000000064,1916489811.0,262398029,0,7.1,7.68,6.99,7.06
600400,红豆股份,2.48,-0.8000000000000007,-0.020000000000000018,151831266.0,60616041,0,2.5,2.54,2.47,2.5
600403,大有能源,7.79,-4.76772616136919,-0.3899999999999997,536293540.0,67584600,0,8.18,8.23,7.73,8.18
600405,动力源,5.52,-2.300884955752226,-0.13000000000000078,114112158.0,20620478,0,5.64,5.65,5.49,5.65
600406,国电南瑞,24.31,2.3578947368420997,0.5599999999999987,3648627702.0,151139442,0,23.8,24.84,23.36,23.75
600408,安泰集团,4.35,-3.761061946902654,-0.16999999999999993,416700725.0,94009311,0,4.52,4.56,4.33,4.52
600409,三友化工,6.74,2.12121212121213,0.14000000000000057,614127965.0,91028094,0,6.55,6.97,6.48,6.6
600410,华胜天成,20.16,-8.736985061113625,-1.9299999999999997,5674866350.0,273054510,0,22.11,22.11,19.91,22.09
600415,小商品城,17.58,6.2235649546827645,1.0299999999999976,4692919495.0,266468985,0,16.8,18.21,16.8,16.55
600416,湘电股份,16.64,-4.477611940298513,-0.7800000000000011,1134448363.0,67404957,0,17.3,17.31,16.58,17.42
600418,江淮汽车,48.25,-3.1513448414291454,-1.5700000000000003,3140615514.0,64188717,0,49.9,50.11,48.11,49.82
600419,天润乳业,10.0,-0.39840637450198363,-0.03999999999999915,65206599.0,6476448,0,10.03,10.2,9.98,10.04
600420,国药现代,10.68,0.09372071227741131,0.009999999999999787,128516294.0,12037914,0,10.65,10.73,10.59,10.67
600421,*ST华嵘,6.66,-3.61794500723589,-0.25,32308083.0,4782200,0,6.97,6.99,6.65,6.91
600422,昆药集团,12.88,-0.3095975232198076,-0.03999999999999915,139162813.0,10755902,0,12.91,13.04,12.85,12.92
600423,柳化股份,3.67,-2.3936170212765924,-0.08999999999999986,89654298.0,24110100,0,3.75,3.76,3.67,3.76
600425,青松建化,4.33,0.46403712296984834,0.020000000000000462,144116674.0,33305806,0,4.31,4.37,4.29,4.31
600426,华鲁恒升,32.64,0.896445131375577,0.28999999999999915,646574785.0,19884422,0,32.1,33.09,31.51,32.35
600428,中远海特,7.38,-0.2702702702702765,-0.020000000000000462,287355240.0,38791731,0,7.41,7.48,7.35,7.4
600429,三元股份,5.23,-2.425373134328356,-0.1299999999999999,163271552.0,30766800,0,5.33,5.37,5.23,5.36
600433,冠豪高新,3.27,-0.3048780487804813,-0.009999999999999787,72205507.0,21988436,0,3.3,3.3,3.26,3.28
600435,北方导航,19.68,-10.013717421124833,-2.1900000000000013,2250714316.0,113098170,0,21.31,21.32,19.68,21.87
600436,片仔癀,171.64,-0.9464450600184757,-1.6400000000000148,546893320.0,3163224,0,173.33,174.4,171.4,173.28
600438,通威股份,20.41,-4.04325340855665,-0.8599999999999994,2438998466.0,118044282,0,21.22,21.26,20.38,21.27
600439,瑞贝卡,2.85,-1.3840830449827002,-0.040000000000000036,68579182.0,23859835,0,2.88,2.9,2.85,2.89
600444,国机通用,19.34,-1.976685250886977,-0.39000000000000057,90527194.0,4663600,0,19.64,19.64,19.22,19.73
600446,金证股份,17.25,-3.3613445378151336,-0.6000000000000014,674331177.0,38566657,0,17.9,17.9,17.19,17.85
600448,华纺股份,3.25,0.6191950464396291,0.020000000000000018,79840679.0,24525599,0,3.24,3.3,3.2,3.23
600449,宁夏建材,12.56,-0.946372239747628,-0.11999999999999922,68166632.0,5382808,0,12.71,12.75,12.56,12.68
600452,涪陵电力,10.59,1.6314779270633393,0.16999999999999993,729017052.0,68730156,0,10.42,10.8,10.42,10.42
600455,博通股份,27.36,1.1086474501108674,0.3000000000000007,54155815.0,1977700,0,27.3,27.66,27.03,27.06
600456,宝钛股份,38.43,-6.949152542372876,-2.8699999999999974,1431564601.0,36669375,0,41.32,41.4,38.21,41.3
600458,时代新材,13.9,-1.9746121297602213,-0.27999999999999936,227892925.0,16287401,0,14.21,14.24,13.87,14.18
600459,贵研铂业,21.01,-1.4540337711069358,-0.3099999999999987,1169820983.0,54899208,0,21.32,21.66,20.9,21.32
600460,士兰微,28.82,-3.35345405767941,-1.0,1437909772.0,49226228,0,29.83,29.88,28.71,29.82
600461,洪城环境,9.32,-0.3208556149732552,-0.02999999999999936,100318877.0,10744499,0,9.34,9.39,9.29,9.35
600462,退市九有,0.21,0.0,0.0,0.0,0,0,0.0,0.0,0.0,0.21
600463,空港股份,11.03,-1.4298480786416456,-0.16000000000000014,44541452.0,4000100,0,11.2,11.29,11.01,11.19
600467,好当家,2.66,-2.9197080291970825,-0.08000000000000007,228018900.0,84802408,0,2.72,2.73,2.65,2.74
600468,百利电气,7.88,-4.715840386940746,-0.3899999999999997,867938083.0,109730390,0,8.21,8.21,7.78,8.27
600469,风神股份,6.54,-1.3574660633484141,-0.08999999999999986,52437851.0,7964400,0,6.61,6.66,6.53,6.63
600470,六国化工,6.08,-0.9771986970683976,-0.05999999999999961,129985294.0,21165047,0,6.15,6.2,6.07,6.14
600475,华光环能,24.5,4.122396940076492,0.9699999999999989,1178875753.0,49654551,0,23.7,25.54,22.25,23.53
600476,湘邮科技,16.9,-0.6466784244562197,-0.11000000000000298,90780964.0,5343100,0,16.99,17.14,16.8,17.01
600477,杭萧钢构,4.36,10.101010101010111,0.40000000000000036,1300612526.0,298332324,0,4.36,4.36,4.3,3.96
600478,科力远,7.33,-0.4076086956521773,-0.03000000000000025,471446404.0,64133510,0,7.34,7.5,7.24,7.36
600479,千金药业,10.38,0.1930501930502061,0.02000000000000135,81241092.0,7790112,0,10.38,10.49,10.36,10.36
600480,凌云股份,12.34,-2.527646129541866,-0.3200000000000003,263031302.0,21102351,0,12.66,12.69,12.3,12.66
600481,双良节能,7.07,-4.070556309362277,-0.2999999999999998,811959706.0,113503329,0,7.26,7.4,7.04,7.37
600482,中国动力,24.2,2.7600849256900153,0.6499999999999986,1402489100.0,58576026,0,23.49,24.7,23.01,23.55
600483,福能股份,9.52,0.2105263157894692,0.019999999999999574,256253316.0,26915553,0,9.51,9.57,9.48,9.5
600486,扬农化工,68.83,-2.0352974665528136,-1.4300000000000068,283031746.0,4066584,0,70.0,70.95,68.33,70.26
600487,亨通光电,24.04,-3.993610223642172,-1.0,3395857961.0,139775326,0,25.11,25.11,23.78,25.04
600488,津药药业,4.22,0.7159904534606052,0.02999999999999936,51597993.0,12195100,0,4.19,4.27,4.18,4.19
600489,中金黄金,25.64,2.478017585931259,0.620000000000001,2216810252.0,85984106,0,25.12,26.26,25.03,25.02
600490,鹏欣资源,8.38,1.4527845036319733,0.120000000000001,988612388.0,117445119,0,8.24,8.64,8.21,8.26
600491,龙元建设,3.05,-1.294498381877024,-0.040000000000000036,96151356.0,31516800,0,3.09,3.12,3.01,3.09
600493,凤竹纺织,7.38,-0.1353179972936372,-0.009999999999999787,94458596.0,12756100,0,7.39,7.51,7.28,7.39
600495,晋西车轴,4.93,-1.2024048096192483,-0.0600000000000005,95275253.0,19238295,0,5.0,5.02,4.91,4.99
600496,精工钢构,4.55,-1.0869565217391266,-0.04999999999999982,142588964.0,31292112,0,4.6,4.62,4.52,4.6
600497,驰宏锌锗,8.46,-1.283547257876306,-0.10999999999999943,1721243849.0,201932688,0,8.57,8.77,8.36,8.57
600498,烽火通信,44.82,4.670714619336758,2.0,13432684717.0,297119888,0,47.1,47.1,39.62,42.82
600499,科达制造,14.8,2.9207232267037546,0.41999999999999993,695132871.0,46965098,0,14.43,15.18,14.42,14.38
600500,中化国际,4.04,-0.980392156862746,-0.040000000000000036,124269170.0,30476231,0,4.09,4.13,4.03,4.08
600501,航天晨光,34.69,-9.989621172807476,-3.8500000000000014,1552323643.0,44314965,0,37.08,37.08,34.69,38.54
600502,安徽建工,4.75,0.42283298097250677,0.019999999999999574,90693331.0,19161201,0,4.73,4.76,4.7,4.73
600503,华丽家族,2.81,1.079136690647491,0.03000000000000025,189431040.0,66887788,0,2.78,2.9,2.75,2.78
600505,西昌电力,14.01,2.6373626373626333,0.35999999999999943,337518919.0,24188707,0,13.66,14.3,13.5,13.65
600506,统一股份,27.33,-2.462526766595294,-0.6900000000000013,551859038.0,19917936,0,28.02,28.37,27.22,28.02
600507,方大特钢,5.9,-1.502504173622702,-0.08999999999999986,158124149.0,26630969,0,5.98,6.01,5.88,5.99
600508,上海能源,12.31,-0.9654062751407821,-0.11999999999999922,76307742.0,6182504,0,12.38,12.43,12.28,12.43
600509,天富能源,8.49,-2.3014959723820403,-0.1999999999999993,384739336.0,44994321,0,8.69,8.69,8.44,8.69
600510,黑牡丹,8.47,-1.5116279069767327,-0.129999999999999,98804799.0,11542078,0,8.57,8.68,8.46,8.6
600511,国药股份,29.25,0.1369394043135883,0.03999999999999915,191042780.0,6508390,0,29.22,29.53,29.19,29.21
600512,腾达建设,2.48,0.40485829959513303,0.009999999999999787,74008263.0,29840300,0,2.47,2.5,2.46,2.47
600513,联环药业,20.85,0.4335260115606929,0.08999999999999986,507020257.0,23784603,0,20.89,21.68,20.8,20.76
600515,海南机场,4.76,-3.448275862068964,-0.16999999999999993,928151049.0,192375262,0,4.92,4.92,4.74,4.93
600516,方大炭素,5.97,-2.76872964169381,-0.16999999999999993,615520802.0,102098063,0,6.15,6.17,5.95,6.14
600517,国网英大,6.38,0.3144654088050247,0.019999999999999574,454668605.0,71598682,0,6.36,6.49,6.25,6.36
600518,康美药业,1.97,1.0256410256410264,0.020000000000000018,956846436.0,479938454,0,1.95,2.03,1.95,1.95
600519,贵州茅台,1410.0,-0.929575683480535,-13.230000000000018,5352399412.0,3772817,0,1426.79,1429.52,1408.99,1423.23
600520,三佳科技,25.82,-2.0485584218512867,-0.5399999999999991,117714373.0,4497092,0,26.37,26.59,25.8,26.36
600521,华海药业,17.61,-4.032697547683934,-0.740000000000002,1162357019.0,64500377,0,18.35,18.8,17.55,18.35
600522,中天科技,17.9,-3.8151531434712567,-0.7100000000000009,2837146366.0,156668412,0,18.8,18.8,17.81,18.61
600523,贵航股份,16.0,-4.420549581839896,-0.7399999999999984,239457507.0,14731680,0,16.69,16.69,15.96,16.74
600525,ST长园,4.06,-0.24570024570026225,-0.010000000000000675,97879381.0,24158804,0,4.05,4.17,3.96,4.07
600526,菲达环保,5.4,-0.3690036900368925,-0.019999999999999574,59005576.0,10886300,0,5.42,5.46,5.37,5.42
600527,江南高纤,2.2,0.0,0.0,161684984.0,73212544,0,2.2,2.24,2.17,2.2
600528,中铁工业,8.34,-1.3017751479289874,-0.10999999999999943,124408942.0,14878945,0,8.44,8.44,8.32,8.45
600529,山东药玻,20.52,-0.14598540145985953,-0.030000000000001137,225948191.0,10982722,0,20.66,20.74,20.44,20.55
600530,交大昂立,6.77,0.7440476190476164,0.04999999999999982,104181241.0,15197963,0,6.71,7.05,6.62,6.72
600531,豫光金铅,13.42,0.9781790820165597,0.13000000000000078,1581171857.0,117263565,0,13.35,13.88,13.18,13.29
600533,栖霞建设,2.62,-1.5037593984962419,-0.040000000000000036,56998009.0,21768218,0,2.64,2.65,2.6,2.66
600535,天士力,15.35,0.3924133420536331,0.0600000000000005,241562532.0,15705292,0,15.3,15.47,15.26,15.29
600536,中国软件,48.98,-2.7981742409208246,-1.4100000000000037,1630305869.0,32657582,0,50.65,51.0,48.9,50.39
600537,亿晶光电,3.83,-2.0460358056266004,-0.08000000000000007,348679640.0,90943460,0,3.91,3.92,3.81,3.91
600538,国发股份,6.49,2.0440251572327024,0.1299999999999999,144979555.0,22264591,0,6.28,6.63,6.28,6.36
600539,狮头股份,10.63,0.0,0.0,51386241.0,4800801,0,10.69,10.79,10.6,10.63
600540,新赛股份,4.65,-1.4830508474576143,-0.0699999999999994,67490028.0,14405762,0,4.72,4.75,4.63,4.72
600543,莫高股份,5.61,-0.17793594306049443,-0.009999999999999787,39011121.0,6940600,0,5.63,5.69,5.55,5.62
600545,卓郎智能,2.7,-1.0989010989010917,-0.029999999999999805,87817846.0,32271126,0,2.73,2.75,2.69,2.73
600546,山煤国际,10.41,-1.5137180700094621,-0.16000000000000014,197279741.0,18883800,0,10.52,10.56,10.37,10.57
600547,山东黄金,46.23,2.7105087758275914,1.2199999999999989,2344376506.0,50445278,0,44.8,48.0,44.66,45.01
600548,深高速,8.84,-0.45045045045046084,-0.040000000000000924,61916724.0,6973800,0,8.88,8.91,8.83,8.88
600549,厦门钨业,49.04,0.04079967360260306,0.01999999999999602,2845645486.0,57795593,0,48.79,50.31,48.01,49.02
600550,保变电气,12.83,7.184628237259812,0.8599999999999994,3725474248.0,299561260,0,11.88,13.17,11.39,11.97
600551,时代出版,8.68,-1.4755959137344015,-0.13000000000000078,137374787.0,15674761,0,8.91,8.94,8.65,8.81
600552,凯盛科技,14.38,-6.013071895424836,-0.9199999999999999,1468483156.0,100265322,0,15.68,15.68,14.28,15.3
600556,天下秀,8.53,-0.8139534883720964,-0.07000000000000028,4107424740.0,463932905,0,9.3,9.45,7.74,8.6
600557,康缘药业,14.9,-0.26773761713520183,-0.03999999999999915,166087358.0,11035949,0,14.99,15.2,14.87,14.94
600558,大西洋,6.58,-3.3773861967694505,-0.22999999999999954,377250271.0,56840616,0,6.81,6.84,6.56,6.81
600559,老白干酒,16.23,-0.8552229688454525,-0.14000000000000057,201721444.0,12389194,0,16.38,16.38,16.21,16.37
600560,金自天正,16.92,-1.225919439579669,-0.2099999999999973,61752955.0,3626700,0,17.14,17.19,16.86,17.13
600561,江西长运,6.65,0.30165912518854393,0.020000000000000462,36342718.0,5466100,0,6.64,6.7,6.55,6.63
600562,国睿科技,31.16,-9.444928799767501,-3.2499999999999964,1058596145.0,33443022,0,33.41,33.49,30.97,34.41
600563,法拉电子,106.65,-1.777491250690728,-1.9299999999999926,490812763.0,4590276,0,108.58,108.59,105.75,108.58
600566,济川药业,26.08,0.0,0.0,101257320.0,3864719,0,26.1,26.36,26.03,26.08
600567,山鹰国际,1.7,-0.5847953216374274,-0.010000000000000009,259824365.0,151385161,0,1.7,1.74,1.7,1.71
600568,ST中珠,2.56,-1.5384615384615397,-0.040000000000000036,50772509.0,19731228,0,2.57,2.61,2.55,2.6
600569,安阳钢铁,2.37,-1.249999999999992,-0.029999999999999805,78591893.0,32886451,0,2.4,2.43,2.36,2.4
600570,恒生电子,32.88,-1.6157989228007157,-0.5399999999999991,3556320956.0,105926510,0,34.39,34.51,32.72,33.42
600571,信雅达,17.22,-1.1481056257175821,-0.20000000000000284,611729309.0,35058612,0,17.71,17.86,17.01,17.42
600572,康恩贝,4.53,0.0,0.0,245125978.0,53855536,0,4.53,4.59,4.52,4.53
600573,惠泉啤酒,12.0,-1.1532125205930852,-0.14000000000000057,122312399.0,10119914,0,12.15,12.22,11.99,12.14
600575,淮河能源,3.49,-0.5698005698005577,-0.019999999999999574,134740455.0,38511200,0,3.51,3.52,3.48,3.51
600576,祥源文旅,6.55,-1.6516516516516564,-0.11000000000000032,160395124.0,24256320,0,6.63,6.72,6.54,6.66
600577,精达股份,14.7,-0.40650406504065373,-0.0600000000000005,2519642182.0,170396423,0,14.78,15.27,14.11,14.76
600578,京能电力,5.5,2.420856610800743,0.1299999999999999,333232786.0,60741599,0,5.43,5.57,5.39,5.37
600579,中化装备,8.9,-5.016008537886861,-0.46999999999999886,314579596.0,34694949,0,9.51,9.51,8.87,9.37
600580,卧龙电驱,46.97,-3.413530742340127,-1.6600000000000037,5550428730.0,115621334,0,48.59,49.6,46.71,48.63
600581,八一钢铁,3.42,-1.4409221902017366,-0.050000000000000266,113525580.0,32946600,0,3.47,3.49,3.41,3.47
600582,天地科技,5.9,-0.33783783783783067,-0.019999999999999574,216619604.0,36591435,0,5.93,5.95,5.89,5.92
600583,海油工程,5.97,1.1864406779660914,0.0699999999999994,589828959.0,98511393,0,5.95,6.09,5.91,5.9
600584,长电科技,42.18,-3.4340659340659343,-1.5,4238308111.0,98907300,0,43.5,43.8,41.98,43.68
600585,海螺水泥,22.54,-0.4856512141280328,-0.10999999999999943,503877450.0,22235518,0,22.65,22.82,22.51,22.65
600586,金晶科技,6.29,-6.259314456035766,-0.41999999999999993,774733605.0,121370324,0,6.84,6.86,6.26,6.71
600587,新华医疗,16.52,0.12121212121211863,0.019999999999999574,669760059.0,40006842,0,16.57,17.08,16.31,16.5
600588,用友网络,17.38,8.489388264669161,1.3599999999999994,6829936744.0,391335907,0,16.68,17.62,16.52,16.02
600589,大位科技,9.93,-3.779069767441866,-0.39000000000000057,4260012111.0,417807325,0,10.4,10.88,9.36,10.32
600590,泰豪科技,10.08,-7.352941176470594,-0.8000000000000007,798027182.0,77907123,0,10.87,10.87,10.05,10.88
600592,龙溪股份,26.41,-5.170556552962302,-1.4400000000000013,898157261.0,33428357,0,27.86,27.86,26.33,27.85
600593,大连圣亚,43.03,-0.32429928190873425,-0.14000000000000057,361987379.0,8272840,0,43.01,44.43,42.97,43.17
600594,益佰制药,4.17,0.24038461538461023,0.009999999999999787,117174561.0,27825242,0,4.14,4.26,4.14,4.16
600595,中孚实业,8.96,4.06504065040652,0.3500000000000014,644510195.0,72842352,0,8.55,9.04,8.51,8.61
600596,新安股份,12.09,-0.3297609233305929,-0.040000000000000924,422097699.0,34374419,0,12.09,12.57,12.02,12.13
600597,光明乳业,8.18,-0.24390243902438508,-0.019999999999999574,104030040.0,12679187,0,8.22,8.24,8.16,8.2
600598,北大荒,15.3,-1.607717041800643,-0.25,458769817.0,29685796,0,15.55,15.67,15.28,15.55
600599,*ST熊猫,8.72,4.933814681107101,0.41000000000000014,57374365.0,6719517,0,8.32,8.73,8.2,8.31
600600,青岛啤酒,62.52,-0.9034712315739425,-0.5700000000000003,303455531.0,4829382,0,63.15,63.47,62.38,63.09
600601,方正科技,12.12,-5.090054815974944,-0.6500000000000004,2406280965.0,194552802,0,12.72,12.77,12.08,12.77
600602,云赛智联,20.41,-3.040380047505941,-0.6400000000000006,1030975321.0,49498942,0,21.35,21.5,20.3,21.05
600603,广汇物流,6.51,-0.4587155963302791,-0.03000000000000025,93885100.0,14386185,0,6.57,6.6,6.44,6.54
600604,市北高新,5.95,-4.952076677316288,-0.3099999999999996,240782073.0,39741830,0,6.26,6.28,5.94,6.26
600605,汇通能源,30.09,0.19980019980019556,0.05999999999999872,96464277.0,3186954,0,30.03,30.75,29.91,30.03
600606,绿地控股,1.69,-0.5882352941176475,-0.010000000000000009,206049717.0,121956472,0,1.7,1.71,1.67,1.7
600608,*ST沪科,3.5,-1.6853932584269677,-0.06000000000000005,11913166.0,3385500,0,3.56,3.57,3.49,3.56
600609,金杯汽车,4.68,0.2141327623126293,0.009999999999999787,145496311.0,31070862,0,4.64,4.78,4.62,4.67
600610,中毅达,10.18,-2.303262955854129,-0.2400000000000002,242423143.0,23460200,0,10.46,10.48,10.16,10.42
600611,大众交通,5.99,-0.3327787021630545,-0.019999999999999574,669805171.0,111037121,0,5.99,6.16,5.86,6.01
600612,老凤祥,46.45,0.04307559767392446,0.020000000000003126,117305858.0,2522159,0,46.78,46.79,46.39,46.43
600613,神奇制药,6.28,0.3194888178913812,0.020000000000000462,90206279.0,14258000,0,6.26,6.4,6.26,6.26
600615,鑫源智造,11.79,-1.5859766277128655,-0.19000000000000128,37661658.0,3167400,0,12.08,12.08,11.78,11.98
600616,金枫酒业,5.45,-0.7285974499089259,-0.040000000000000036,74153475.0,13481812,0,5.5,5.55,5.44,5.49
600617,国新能源,3.26,-0.9118541033434726,-0.03000000000000025,137407456.0,41869820,0,3.3,3.32,3.25,3.29
600618,氯碱化工,12.69,-1.7041053446940406,-0.22000000000000064,498215169.0,38150542,0,12.96,13.42,12.67,12.91
600619,海立股份,21.06,-4.92099322799097,-1.0899999999999999,925414265.0,43161001,0,22.16,22.39,21.0,22.15
600620,天宸股份,7.11,-0.5594405594405599,-0.040000000000000036,117589074.0,16375221,0,7.22,7.31,7.08,7.15
600621,华鑫股份,16.17,-1.5824710894704688,-0.259999999999998,443957983.0,27186815,0,16.35,16.58,16.1,16.43
600622,光大嘉宝,2.9,-1.360544217687076,-0.040000000000000036,154634136.0,52892491,0,2.94,2.97,2.89,2.94
600623,华谊集团,8.07,-2.0631067961165037,-0.16999999999999993,153621462.0,18846438,0,8.22,8.28,8.05,8.24
600624,ST复华,5.31,-0.7476635514018699,-0.040000000000000036,72431067.0,13597893,0,5.36,5.39,5.28,5.35
600626,申达股份,5.08,-2.868068833652014,-0.15000000000000036,152745201.0,29668001,0,5.2,5.25,5.06,5.23
600628,新世界,8.31,-2.464788732394356,-0.20999999999999908,337412489.0,39870740,0,8.46,8.66,8.29,8.52
600629,华建集团,22.57,-3.8756388415672918,-0.9100000000000001,1284839037.0,56130286,0,23.55,23.71,22.5,23.48
600630,龙头股份,9.3,-2.4134312696746973,-0.22999999999999865,184014009.0,19593188,0,9.5,9.54,9.28,9.53
600633,浙数文化,16.28,6.196999347684286,0.9500000000000011,3042340078.0,183069580,0,16.86,16.86,16.11,15.33
600635,大众公用,6.88,-4.0446304044630415,-0.29000000000000004,929357762.0,133379386,0,7.17,7.21,6.83,7.17
600636,*ST国化,8.86,-1.3363028953229508,-0.120000000000001,70803521.0,7937300,0,8.95,8.99,8.85,8.98
600637,东方明珠,15.02,2.525597269624568,0.3699999999999992,8618160394.0,569178432,0,16.12,16.12,14.08,14.65
600638,新黄浦,6.9,1.4705882352941255,0.10000000000000053,121281348.0,17629349,0,6.77,7.06,6.73,6.8
600639,浦东金桥,10.46,-0.7590132827324317,-0.0799999999999983,64210513.0,6124544,0,10.52,10.54,10.45,10.54
600640,国脉文化,15.0,-2.407286922576443,-0.3699999999999992,722663790.0,47269342,0,16.5,16.5,14.79,15.37
600641,先导基电,18.54,-3.638253638253635,-0.6999999999999993,770945787.0,40842806,0,19.3,19.4,18.43,19.24
600642,申能股份,8.04,0.49999999999998934,0.03999999999999915,155600417.0,19392179,0,8.01,8.07,7.99,8.0
600643,爱建集团,5.7,-0.6968641114982584,-0.040000000000000036,171473157.0,29781123,0,5.78,5.88,5.66,5.74
600644,乐山电力,10.76,1.3182674199623405,0.14000000000000057,628231878.0,58195564,0,10.64,11.19,10.38,10.62
600645,中源协和,27.85,0.9057971014492754,0.25,605994578.0,21606735,0,27.58,28.55,27.41,27.6
600648,外高桥,10.45,-1.135288552507105,-0.120000000000001,44323966.0,4207301,0,10.56,10.64,10.42,10.57
600649,城投控股,4.66,-1.4799154334038114,-0.07000000000000028,148364697.0,31635642,0,4.73,4.74,4.65,4.73
600650,锦江在线,16.39,2.3735165521548964,0.379999999999999,509680673.0,31088606,0,16.1,16.67,15.79,16.01
600651,飞乐音响,8.58,2.1428571428571392,0.17999999999999972,971701480.0,112657550,0,8.55,8.95,8.2,8.4
600653,申华控股,1.96,-1.010101010101011,-0.020000000000000018,45614429.0,23079320,0,1.99,1.99,1.96,1.98
600654,中安科,3.97,-3.4063260340632633,-0.14000000000000012,397617439.0,98803694,0,4.11,4.15,3.95,4.11
600655,豫园股份,5.3,-0.18832391713747246,-0.009999999999999787,85444803.0,16070347,0,5.3,5.36,5.26,5.31
600657,信达地产,3.5,-1.9607843137254857,-0.06999999999999984,81643364.0,23048270,0,3.57,3.58,3.5,3.57
600658,电子城,5.91,-4.67741935483871,-0.29000000000000004,217614405.0,36053434,0,6.2,6.25,5.9,6.2
600660,福耀玻璃,61.22,-1.6546184738955843,-1.0300000000000011,1329013437.0,21538531,0,62.25,62.48,61.09,62.25
600661,昂立教育,11.05,1.9372693726937347,0.21000000000000085,230972955.0,20799713,0,10.89,11.39,10.73,10.84
600662,外服控股,5.68,10.077519379844952,0.5199999999999996,238153970.0,43061319,0,5.25,5.68,5.25,5.16
600663,陆家嘴,8.19,-0.2436053593179214,-0.02000000000000135,71971002.0,8783446,0,8.2,8.23,8.15,8.21
600664,哈药股份,3.57,0.2808988764044884,0.009999999999999787,161662328.0,45064711,0,3.57,3.62,3.56,3.56
600665,天地源,3.29,0.0,0.0,34066426.0,10276333,0,3.3,3.37,3.26,3.29
600666,奥瑞德,3.74,-0.266666666666661,-0.009999999999999787,874018445.0,231146155,0,3.82,3.86,3.66,3.75
600667,太极实业,8.33,-2.5730994152046858,-0.22000000000000064,690633815.0,81934880,0,8.6,8.63,8.3,8.55
600668,尖峰集团,11.41,-0.6962576153176682,-0.08000000000000007,63273182.0,5532184,0,11.46,11.49,11.38,11.49
600671,天目药业,17.5,0.0,0.0,47130766.0,2682967,0,17.52,17.67,17.41,17.5
600673,东阳光,30.29,1.270478100969572,0.379999999999999,2674839490.0,88583759,0,29.5,31.3,29.0,29.91
600674,川投能源,14.05,0.3571428571428622,0.05000000000000071,266783918.0,18992222,0,14.0,14.13,13.98,14.0
600675,中华企业,2.8,0.0,0.0,107206038.0,38246325,0,2.79,2.83,2.77,2.8
600676,交运股份,8.22,10.040160642570294,0.7500000000000009,32114208.0,3906838,0,8.22,8.22,8.22,7.47
600678,四川金顶,13.72,-9.973753280839892,-1.5199999999999996,1268886560.0,91058258,0,14.73,14.87,13.72,15.24
600679,上海凤凰,13.46,-1.0294117647058736,-0.1399999999999988,141571066.0,10431401,0,13.58,13.84,13.36,13.6
600681,百川能源,4.18,-0.9478672985782,-0.040000000000000036,182084119.0,43278202,0,4.22,4.24,4.17,4.22
600682,南京新百,9.24,0.9836065573770475,0.08999999999999986,573192612.0,61643219,0,9.11,9.58,9.01,9.15
600683,京投发展,4.38,-0.2277904328018175,-0.009999999999999787,55020245.0,12504234,0,4.39,4.44,4.35,4.39
600684,珠江股份,4.59,-1.713062098501072,-0.08000000000000007,129416916.0,27850846,0,4.65,4.72,4.56,4.67
600685,中船防务,31.91,-1.3601236476043315,-0.4400000000000013,1077319746.0,33729505,0,32.3,32.74,31.35,32.35
600686,金龙汽车,18.62,1.2506797172376314,0.23000000000000043,484743890.0,25978200,0,18.39,19.14,18.1,18.39
600688,上海石化,2.91,-0.34246575342465024,-0.009999999999999787,182632050.0,62684250,0,2.92,2.95,2.88,2.92
600689,上海三毛,13.8,-0.8620689655172358,-0.11999999999999922,45268480.0,3263192,0,13.98,14.04,13.73,13.92
600690,海尔智家,25.91,-1.1068702290076302,-0.28999999999999915,1212301513.0,46436117,0,26.26,26.3,25.9,26.2
600691,潞化科技,3.03,-2.2580645161290414,-0.07000000000000028,100552904.0,32911715,0,3.1,3.1,3.03,3.1
600692,亚通股份,7.12,-0.8356545961002733,-0.05999999999999961,53880384.0,7506499,0,7.2,7.24,7.12,7.18
600693,东百集团,19.48,-7.282246549262261,-1.5300000000000011,3373390668.0,163058300,0,20.62,22.22,18.91,21.01
600694,大商股份,19.81,-1.197007481296768,-0.240000000000002,579790157.0,29140358,0,19.96,20.3,19.55,20.05
600696,*ST岩石,3.04,-5.000000000000004,-0.16000000000000014,4375472.0,1439300,0,3.04,3.04,3.04,3.2
600697,欧亚集团,13.73,-1.9985724482512446,-0.27999999999999936,139502503.0,10036365,0,13.94,14.06,13.7,14.01
600698,湖南天雁,9.06,-3.514376996805112,-0.33000000000000007,228291730.0,24926410,0,9.37,9.39,9.05,9.39
600699,均胜电子,30.16,-1.4379084967320301,-0.4400000000000013,2042982808.0,66783351,0,30.63,31.13,30.14,30.6
600702,舍得酒业,57.0,-2.363823227132584,-1.3800000000000026,625682628.0,10775928,0,58.45,59.1,56.95,58.38
600703,三安光电,14.42,-8.734177215189879,-1.3800000000000008,4038290706.0,274593814,0,15.01,15.13,14.35,15.8
600704,物产中大,5.79,-1.1945392491467623,-0.07000000000000028,487080121.0,83742178,0,5.83,5.86,5.77,5.86
600705,中航产融,3.47,0.0,0.0,0.0,0,0,0.0,0.0,0.0,3.47
600706,曲江文旅,10.99,-2.7433628318584113,-0.3100000000000005,171859580.0,15423940,0,11.28,11.31,10.96,11.3
600707,彩虹股份,6.75,-2.4566473988439297,-0.16999999999999993,383270899.0,56070030,0,6.92,6.93,6.73,6.92
600708,光明地产,3.48,-2.247191011235957,-0.08000000000000007,104626545.0,29719247,0,3.54,3.58,3.47,3.56
600710,苏美达,10.85,-1.1839708561020108,-0.13000000000000078,146578385.0,13470032,0,10.98,11.01,10.82,10.98
600711,盛屯矿业,16.8,0.0,0.0,2521675176.0,149018515,0,16.64,17.25,16.46,16.8
600712,南宁百货,6.82,-3.262411347517724,-0.22999999999999954,163909722.0,23546068,0,7.03,7.08,6.8,7.05
600713,南京医药,5.52,1.6574585635359091,0.08999999999999986,198538602.0,36063843,0,5.41,5.57,5.41,5.43
600714,金瑞矿业,13.27,3.3489096573208696,0.4299999999999997,435191691.0,31754302,0,13.25,14.12,13.15,12.84
600715,文投控股,2.31,-0.4310344827586115,-0.009999999999999787,187382022.0,80480600,0,2.32,2.38,2.27,2.32
600716,凤凰股份,4.12,-1.9047619047619064,-0.08000000000000007,45451508.0,10946942,0,4.22,4.23,4.11,4.2
600717,天津港,4.65,0.6493506493506547,0.03000000000000025,136380610.0,29370075,0,4.62,4.67,4.6,4.62
600718,东软集团,11.76,0.34129692832763775,0.03999999999999915,1268260910.0,106491701,0,11.88,12.38,11.45,11.72
600719,大连热电,6.24,-0.319488817891367,-0.019999999999999574,55114193.0,8803502,0,6.29,6.33,6.18,6.26
600720,中交设计,7.34,-0.542005420054201,-0.040000000000000036,74905124.0,10188745,0,7.39,7.4,7.33,7.38
600721,百花医药,10.45,9.999999999999993,0.9499999999999993,1081446566.0,106834840,0,9.53,10.45,9.53,9.5
600722,金牛化工,6.85,3.474320241691836,0.22999999999999954,465743567.0,66622061,0,6.88,7.15,6.74,6.62
600724,宁波富达,6.01,-0.8250825082508222,-0.04999999999999982,107067759.0,17624020,0,6.06,6.22,5.95,6.06
600725,云维股份,4.07,-1.9277108433734955,-0.08000000000000007,110867688.0,26863853,0,4.15,4.17,4.07,4.15
600726,华电能源,2.48,-1.1952191235059684,-0.029999999999999805,91498477.0,36780352,0,2.5,2.51,2.47,2.51
600727,鲁北化工,7.04,-0.7052186177715067,-0.04999999999999982,62051669.0,8751600,0,7.08,7.14,7.03,7.09
600728,佳都科技,7.04,-3.8251366120218613,-0.28000000000000025,839250923.0,117429752,0,7.32,7.35,7.02,7.32
600729,重庆百货,28.94,-0.24129610479145222,-0.07000000000000028,528235409.0,18311954,0,29.05,29.31,28.34,29.01
600730,中国高科,11.93,-5.542359461599375,-0.7000000000000011,608920789.0,49294177,0,12.62,13.05,11.91,12.63
600731,湖南海利,7.0,-0.4267425320056934,-0.03000000000000025,60185870.0,8556550,0,7.04,7.08,6.99,7.03
600732,爱旭股份,13.76,-3.0303030303030285,-0.4299999999999997,588088075.0,42579933,0,14.19,14.2,13.61,14.19
600733,北汽蓝谷,8.4,-5.191873589164776,-0.4599999999999991,1735637453.0,202445776,0,8.82,8.83,8.37,8.86
600734,实达集团,4.89,-6.857142857142863,-0.3600000000000003,1670880189.0,331798771,0,5.33,5.38,4.87,5.25
600735,ST新华锦,5.56,-3.6395147313691507,-0.20999999999999996,228172411.0,40092758,0,5.83,5.95,5.5,5.77
600736,苏州高新,7.24,-6.0959792477302175,-0.46999999999999975,595704134.0,81767771,0,7.69,7.71,7.15,7.71
600737,中粮糖业,16.45,-2.7202838557066875,-0.46000000000000085,619191574.0,37172823,0,16.9,16.9,16.43,16.91
600738,丽尚国潮,5.26,-1.1278195488721898,-0.0600000000000005,104870215.0,19695400,0,5.33,5.37,5.25,5.32
600739,辽宁成大,12.37,-0.6425702811244987,-0.08000000000000007,241294116.0,19342807,0,12.39,12.65,12.33,12.45
600740,山西焦化,3.95,-1.496259351620938,-0.05999999999999961,117207245.0,29588183,0,4.0,4.0,3.93,4.01
600741,华域汽车,20.08,-0.7414730598121707,-0.15000000000000213,248926696.0,12326520,0,20.25,20.42,20.03,20.23
600742,富维股份,9.78,-0.9118541033434636,-0.08999999999999986,87934744.0,8934452,0,9.84,9.92,9.77,9.87
600743,华远控股,1.98,0.0,0.0,71629056.0,36141611,0,1.98,2.0,1.96,1.98
600744,华银电力,6.19,-1.433121019108278,-0.08999999999999986,544687033.0,86913536,0,6.28,6.43,6.15,6.28
600745,闻泰科技,38.55,-3.528528528528538,-1.4100000000000037,1968835962.0,50462691,0,39.53,39.69,38.5,39.96
600746,江苏索普,7.13,0.1404494382022442,0.009999999999999787,51971222.0,7270400,0,7.1,7.27,7.05,7.12
600748,上实发展,6.31,-3.6641221374045836,-0.2400000000000002,323319453.0,50666370,0,6.54,6.57,6.27,6.55
600749,西藏旅游,17.36,-1.08262108262109,-0.19000000000000128,165180828.0,9398100,0,17.55,17.78,17.32,17.55
600750,江中药业,22.76,-0.5679335954565269,-0.129999999999999,128337179.0,5603438,0,22.93,23.08,22.75,22.89
600751,海航科技,4.17,-0.23923444976076047,-0.009999999999999787,353628081.0,83803988,0,4.18,4.32,4.08,4.18
600753,*ST海钦,8.09,0.24783147459726856,0.019999999999999574,16931269.0,2088000,0,8.1,8.22,8.01,8.07
600754,锦江酒店,26.15,-0.22892025944296934,-0.060000000000002274,307747293.0,11702307,0,26.18,26.67,25.95,26.21
600755,厦门国贸,7.05,-2.2191400832177552,-0.16000000000000014,678538861.0,95502509,0,7.19,7.19,7.03,7.21
600756,浪潮软件,20.06,-4.5216563541171,-0.9500000000000028,1030293027.0,50149106,0,21.39,21.48,19.84,21.01
600757,长江传媒,9.19,-1.2889366272825025,-0.120000000000001,219947303.0,23631330,0,9.37,9.46,9.17,9.31
600758,辽宁能源,3.79,0.0,0.0,82808625.0,21853730,0,3.8,3.82,3.76,3.79
600759,洲际油气,3.58,-0.555555555555556,-0.020000000000000018,2660515897.0,726799459,0,3.58,3.84,3.53,3.6
600760,中航沈飞,59.99,-4.276368278283069,-2.6799999999999997,2790326739.0,46268898,0,62.2,62.21,59.7,62.67
600761,安徽合力,21.73,-2.8175313059033944,-0.629999999999999,469424270.0,21310217,0,22.23,22.56,21.58,22.36
600763,通策医疗,42.45,0.25980160604629055,0.10999999999999943,631913620.0,14710585,0,42.43,43.59,42.11,42.34
600764,中国海防,29.25,-4.754151742103552,-1.4600000000000009,605251870.0,20555766,0,30.65,30.66,29.0,30.71
600765,中航重机,19.19,-8.26959847036329,-1.7300000000000004,2130029588.0,109025772,0,20.51,20.52,19.09,20.92
600768,宁波富邦,14.88,-1.4569536423840983,-0.21999999999999886,58298684.0,3891300,0,15.1,15.11,14.79,15.1
600769,祥龙电业,12.81,-1.763803680981585,-0.22999999999999865,91226480.0,7045128,0,13.05,13.12,12.78,13.04
600770,综艺股份,5.51,-1.957295373665486,-0.11000000000000032,136938766.0,24742544,0,5.63,5.63,5.47,5.62
600771,广誉远,18.54,-0.4296455424275072,-0.08000000000000185,151299210.0,8083373,0,18.62,18.89,18.52,18.62
600773,西藏城投,14.35,1.9900497512437765,0.27999999999999936,594433404.0,41215347,0,14.19,14.96,13.82,14.07
600774,汉商集团,9.62,0.4175365344467552,0.03999999999999915,61518960.0,6347278,0,9.7,9.81,9.57,9.58
600775,南京熊猫,17.59,-9.97952917093142,-1.9499999999999993,2901322688.0,161600430,0,19.8,19.8,17.59,19.54
600776,东方通信,24.63,10.004466279589096,2.2399999999999984,3514443992.0,143872181,0,24.63,24.63,22.95,22.39
600777,*ST新潮,3.92,-0.2544529262086573,-0.010000000000000231,62898616.0,16020130,0,3.93,3.94,3.91,3.93
600778,友好集团,6.94,-2.2535211267605533,-0.15999999999999925,105974997.0,15065636,0,7.14,7.14,6.93,7.1
600779,水井坊,39.23,-2.6550868486352366,-1.0700000000000003,266797443.0,6694670,0,40.26,40.56,39.11,40.3
600780,通宝能源,5.85,-0.34071550255537414,-0.020000000000000462,83820132.0,14319784,0,5.88,5.9,5.8,5.87
600782,新钢股份,3.92,-0.7594936708860822,-0.03000000000000025,276799564.0,70283200,0,3.95,3.98,3.9,3.95
600783,鲁信创投,39.44,10.013947001394689,3.5899999999999963,5468756619.0,149489158,0,38.0,39.44,32.55,35.85
600784,鲁银投资,7.39,-4.398447606727047,-0.34000000000000075,252671321.0,33789194,0,7.65,7.73,7.38,7.73
600785,新华百货,14.19,-1.7313019390581719,-0.25,165323826.0,11491740,0,14.43,14.57,14.18,14.44
600787,中储股份,5.75,-1.032702237521508,-0.05999999999999961,184661616.0,32070930,0,5.8,5.81,5.73,5.81
600789,鲁抗医药,9.5,1.3874066168623351,0.13000000000000078,531653198.0,55793805,0,9.37,9.65,9.36,9.37
600790,轻纺城,3.9,0.2570694087403544,0.009999999999999787,58576448.0,14926685,0,3.9,3.97,3.88,3.89
600791,京能置业,4.84,0.20703933747411568,0.009999999999999787,39050456.0,8032700,0,4.86,4.93,4.77,4.83
600792,云煤能源,4.06,-0.7334963325183435,-0.03000000000000025,104977038.0,25781600,0,4.09,4.1,4.04,4.09
600793,宜宾纸业,20.76,-2.305882352941169,-0.48999999999999844,105426397.0,5013130,0,21.25,21.29,20.72,21.25
600794,保税科技,3.95,-1.7412935323382936,-0.0699999999999994,82162477.0,20638440,0,4.02,4.03,3.94,4.02
600795,国电电力,4.97,0.20161290322580216,0.009999999999999787,902538982.0,181630839,0,4.95,4.99,4.94,4.96
600796,钱江生化,6.18,-1.435406698564591,-0.08999999999999986,60281421.0,9678200,0,6.28,6.29,6.17,6.27
600797,浙大网新,11.09,-1.070472792149875,-0.120000000000001,1789678954.0,157812797,0,11.6,11.69,11.01,11.21
600798,宁波海运,3.68,0.5464480874316944,0.020000000000000018,132022117.0,35878361,0,3.66,3.74,3.61,3.66
600800,渤海化学,3.91,10.140845070422545,0.3600000000000003,463932347.0,120298997,0,3.56,3.91,3.52,3.55
600801,华新建材,23.55,0.08499787505312185,0.019999999999999574,291044192.0,12306638,0,23.6,23.98,23.32,23.53
600802,福建水泥,6.36,-2.0030816640986115,-0.1299999999999999,165843194.0,25772832,0,6.47,6.52,6.33,6.49
600803,新奥股份,20.06,0.5010020040080053,0.09999999999999787,156565734.0,7773447,0,19.97,20.35,19.93,19.96
600804,退市鹏博,0.14,0.0,0.0,0.0,0,0,0.0,0.0,0.0,0.14
600805,悦达投资,5.76,-0.518134715025911,-0.03000000000000025,121433914.0,20996621,0,5.79,5.86,5.74,5.79
600807,济高发展,3.56,0.8498583569405169,0.03000000000000025,280195118.0,77734081,0,3.53,3.71,3.52,3.53
600808,马钢股份,4.01,-1.715686274509811,-0.07000000000000028,369686710.0,91199990,0,4.07,4.15,4.0,4.08
600809,山西汾酒,176.81,-1.6793638436301006,-3.0200000000000102,933449906.0,5238772,0,180.01,180.47,176.5,179.83
600810,神马股份,9.26,-0.4301075268817303,-0.040000000000000924,325245882.0,35005542,0,9.36,9.39,9.16,9.3
600811,*ST东方,0.36,0.0,0.0,0.0,0,0,0.0,0.0,0.0,0.36
600812,华北制药,5.73,0.7029876977152906,0.040000000000000036,136813587.0,23822971,0,5.7,5.8,5.66,5.69
600814,杭州解百,8.31,-2.579132473622496,-0.21999999999999886,178556506.0,21204639,0,8.53,8.6,8.29,8.53
600815,厦工股份,3.31,-3.7790697674418574,-0.1299999999999999,244321603.0,72638813,0,3.43,3.44,3.29,3.44
600816,建元信托,3.05,4.452054794520544,0.1299999999999999,851589209.0,273953424,0,2.93,3.21,2.89,2.92
600817,宇通重工,11.43,-1.2953367875647699,-0.15000000000000036,35822607.0,3129082,0,11.53,11.58,11.35,11.58
600818,中路股份,10.03,-0.9871668311944859,-0.10000000000000142,54448867.0,5405300,0,10.14,10.17,9.99,10.13
600819,耀皮玻璃,8.61,-3.0405405405405554,-0.27000000000000135,108816431.0,12466953,0,8.91,9.01,8.59,8.88
600820,隧道股份,6.67,2.1439509954058145,0.13999999999999968,515777729.0,77541855,0,6.55,6.83,6.5,6.53
600821,金开新能,5.36,-0.7407407407407414,-0.040000000000000036,190561383.0,35584776,0,5.41,5.43,5.31,5.4
600822,上海物贸,11.25,-0.7060900264783766,-0.08000000000000007,102159740.0,8994100,0,11.33,11.5,11.22,11.33
600824,益民集团,4.76,-2.0576131687242905,-0.10000000000000053,290293867.0,59906700,0,4.84,4.96,4.75,4.86
600825,新华传媒,6.97,-4.389574759945134,-0.3200000000000003,343167586.0,48361029,0,7.29,7.29,6.93,7.29
600826,兰生股份,12.04,-3.1375703942075672,-0.39000000000000057,267301837.0,21855262,0,12.42,12.44,12.01,12.43
600827,百联股份,9.25,-1.3859275053304987,-0.13000000000000078,245337433.0,26205953,0,9.35,9.5,9.23,9.38
600828,茂业商业,8.09,5.201560468140435,0.39999999999999947,1195835462.0,143292669,0,8.16,8.46,7.7,7.69
600829,人民同泰,12.13,0.3308519437551772,0.040000000000000924,615544746.0,50138001,0,12.19,12.69,11.76,12.09
600830,香溢融通,9.82,-1.306532663316573,-0.129999999999999,112629765.0,11352315,0,9.98,10.05,9.8,9.95
600831,广电网络,4.58,0.2188183807439778,0.009999999999999787,94322533.0,20636998,0,4.55,4.63,4.47,4.57
600833,第一医药,13.38,0.37509377344336614,0.05000000000000071,89833100.0,6661101,0,13.35,13.63,13.34,13.33
600834,申通地铁,8.77,2.095459837019787,0.17999999999999972,69754630.0,7995318,0,8.62,8.85,8.53,8.59
600835,上海机电,30.29,-1.0130718954248439,-0.3100000000000023,493512511.0,16281519,0,30.47,30.85,29.88,30.6
600838,上海九百,14.09,-1.192145862552594,-0.16999999999999993,1398533951.0,97055505,0,13.9,15.46,13.57,14.26
600839,四川长虹,9.89,-4.720616570327555,-0.4900000000000002,3791230325.0,376440487,0,10.49,10.49,9.85,10.38
600841,动力新科,6.34,-1.399688958009329,-0.08999999999999986,77086294.0,12092251,0,6.43,6.46,6.29,6.43
600843,上工申贝,11.84,-6.254948535233577,-0.7900000000000009,537416288.0,44461833,0,12.35,12.38,11.82,12.63
600844,金煤科技,2.93,0.0,0.0,85630807.0,28819000,0,2.93,3.03,2.93,2.93
600845,宝信软件,23.82,-4.490777866880517,-1.120000000000001,1561065149.0,64490316,0,24.93,24.93,23.71,24.94
600846,同济科技,13.98,-0.9213323883770306,-0.129999999999999,107087732.0,7582126,0,14.05,14.35,13.96,14.11
600847,万里股份,12.41,1.3061224489795928,0.16000000000000014,44359039.0,3578400,0,12.25,12.64,12.04,12.25
600848,上海临港,12.09,-1.3061224489795928,-0.16000000000000014,272165056.0,22437359,0,12.42,12.42,12.01,12.25
600850,电科数字,32.87,-7.094403617863214,-2.510000000000005,1582665580.0,47465014,0,34.98,35.18,32.68,35.38
600851,海欣股份,7.39,-0.5383580080753706,-0.040000000000000036,88324300.0,11858311,0,7.44,7.57,7.35,7.43
600853,龙建股份,4.56,-1.7241379310344844,-0.08000000000000007,206685582.0,45053123,0,4.66,4.68,4.53,4.64
600854,春兰股份,5.04,-0.7874015748031503,-0.040000000000000036,56768751.0,11144934,0,5.08,5.16,5.03,5.08
600855,航天长峰,26.45,-10.003402517863224,-2.9400000000000013,475264181.0,17562900,0,28.0,28.3,26.45,29.39
600857,宁波中百,13.69,-2.074391988555085,-0.2900000000000009,89012245.0,6411100,0,13.92,14.09,13.69,13.98
600858,银座股份,6.96,-2.793296089385477,-0.20000000000000018,382959226.0,54044119,0,7.13,7.36,6.96,7.16
600859,王府井,15.54,-3.8366336633663427,-0.620000000000001,810878717.0,51222880,0,16.04,16.19,15.52,16.16
600860,京城股份,12.7,-2.607361963190183,-0.33999999999999986,140936703.0,11019564,0,13.0,13.02,12.66,13.04
600861,北京人力,18.7,-0.21344717182496878,-0.03999999999999915,95354961.0,5072202,0,18.65,18.96,18.65,18.74
600862,中航高科,25.25,-9.433285509325678,-2.629999999999999,2364854985.0,91639559,0,27.4,27.4,25.12,27.88
600863,内蒙华电,4.58,0.2188183807439778,0.009999999999999787,212130851.0,46325240,0,4.58,4.61,4.55,4.57
600864,哈投股份,7.06,-1.5341701534170198,-0.11000000000000032,378024555.0,53141155,0,7.13,7.2,7.04,7.17
600865,百大集团,15.94,-9.99435347261435,-1.7700000000000014,943851452.0,54988800,0,17.7,18.83,15.94,17.71
600866,星湖科技,7.25,1.540616246498604,0.11000000000000032,341376455.0,47209501,0,7.16,7.34,7.11,7.14
600867,通化东宝,8.59,0.7033997655334173,0.0600000000000005,269779211.0,31179703,0,8.55,8.74,8.54,8.53
600868,梅雁吉祥,3.86,-1.2787723785166307,-0.050000000000000266,695396308.0,178848998,0,4.01,4.01,3.83,3.91
600869,远东股份,10.66,-2.1120293847566614,-0.23000000000000043,2001920576.0,183582714,0,10.71,11.42,10.5,10.89
600871,石化油服,2.38,3.9301310043668063,0.08999999999999986,874859325.0,367902272,0,2.29,2.44,2.28,2.29
600872,中炬高新,17.95,-0.7190265486725609,-0.129999999999999,145908430.0,8114351,0,18.07,18.07,17.91,18.08
600873,梅花生物,10.26,0.39138943248531455,0.03999999999999915,408398569.0,39836850,0,10.21,10.31,10.19,10.22
600874,创业环保,6.08,0.3300330033003377,0.020000000000000462,109607797.0,18019595,0,6.07,6.11,6.03,6.06
600875,东方电气,25.8,0.7812499999999972,0.1999999999999993,2920367921.0,114191611,0,25.37,26.6,24.8,25.6
600876,凯盛新能,10.0,-0.9900990099009866,-0.09999999999999964,46211965.0,4610677,0,10.1,10.15,9.94,10.1
600877,电科芯片,22.54,10.004880429477799,2.0500000000000007,3378592337.0,154004985,0,22.54,22.54,20.5,20.49
600879,航天电子,28.4,-10.012674271229404,-3.16,21126714373.0,725442546,0,32.23,32.24,28.4,31.56
600880,博瑞传播,7.11,-0.1404494382022442,-0.009999999999999787,2159212547.0,291037322,0,7.83,7.83,7.04,7.12
600881,亚泰集团,1.91,0.5263157894736847,0.010000000000000009,170533358.0,88614800,0,1.91,1.95,1.9,1.9
600882,妙可蓝多,24.95,-1.5001973943939955,-0.379999999999999,164508130.0,6546545,0,25.45,25.54,24.86,25.33
600883,博闻科技,8.21,0.0,0.0,36640782.0,4468380,0,8.21,8.29,8.1,8.21
600884,杉杉股份,13.22,-0.8252063015753895,-0.10999999999999943,1051730427.0,79645686,0,13.34,13.44,13.02,13.33
600885,宏发股份,31.82,1.4668367346938802,0.46000000000000085,728221881.0,22930131,0,31.36,32.47,31.03,31.36
600886,国投电力,13.37,0.526315789473673,0.06999999999999851,343612170.0,25672004,0,13.3,13.44,13.3,13.3
600887,伊利股份,27.47,-0.9733237202595515,-0.2699999999999996,1497566837.0,53964171,0,27.74,28.09,27.44,27.74
600888,新疆众和,8.74,2.1028037383177534,0.17999999999999972,535631167.0,61741298,0,8.58,8.9,8.49,8.56
600889,南京化纤,16.63,1.7125382262996793,0.2799999999999976,263618491.0,15992565,0,16.35,16.74,16.05,16.35
600892,*ST大晟,3.59,4.360465116279067,0.1499999999999999,47555180.0,13424400,0,3.43,3.61,3.4,3.44
600893,航发动力,42.09,-6.341789052069413,-2.8499999999999943,2936948316.0,68818180,0,44.5,44.52,42.0,44.94
600894,广日股份,9.52,-1.1422637590862015,-0.11000000000000121,59699288.0,6242700,0,9.66,9.67,9.51,9.63
600895,张江高科,45.35,-3.8176033934252325,-1.7999999999999972,4056744644.0,87564406,0,46.88,48.2,45.18,47.15
600897,厦门空港,17.14,-1.8889524899828183,-0.3299999999999983,161286422.0,9303616,0,17.45,17.58,17.11,17.47
600900,长江电力,27.35,-0.18248175182480714,-0.04999999999999716,2063772115.0,75215379,0,27.45,27.57,27.32,27.4
600901,江苏金租,6.27,1.1290322580645062,0.0699999999999994,259946876.0,41401629,0,6.19,6.33,6.19,6.2
600903,贵州燃气,6.78,0.14771048744461857,0.010000000000000675,64551090.0,9533123,0,6.78,6.8,6.75,6.77
600905,三峡能源,4.17,0.4819277108433632,0.019999999999999574,527257803.0,126688200,0,4.16,4.18,4.14,4.15
600906,财达证券,7.0,-1.2693935119887145,-0.08999999999999986,246728715.0,34939057,0,7.1,7.14,6.99,7.09
600908,无锡银行,5.91,0.1694915254237252,0.009999999999999787,101252901.0,17109050,0,5.91,5.95,5.89,5.9
600909,华安证券,7.29,-0.2735978112175044,-0.019999999999999574,931978107.0,126837992,0,7.31,7.49,7.21,7.31
600916,中国黄金,8.27,0.36407766990290485,0.02999999999999936,259842617.0,31354935,0,8.24,8.35,8.21,8.24
600917,重庆燃气,5.61,0.0,0.0,36510138.0,6498310,0,5.6,5.66,5.58,5.61
600918,中泰证券,6.72,-0.7385524372230403,-0.04999999999999982,245509583.0,36311150,0,6.77,6.82,6.7,6.77
600919,江苏银行,10.58,0.7619047619047626,0.08000000000000007,1536058580.0,145104229,0,10.47,10.68,10.46,10.5
600925,苏能股份,4.63,-0.64377682403434,-0.03000000000000025,44155852.0,9531626,0,4.66,4.66,4.62,4.66
600926,杭州银行,15.95,3.638726445743981,0.5599999999999987,1876956868.0,118622100,0,15.39,16.02,15.36,15.39
600927,永安期货,16.12,-0.8610086100861043,-0.14000000000000057,172892342.0,10656064,0,16.25,16.52,16.0,16.26
600928,西安银行,3.78,0.7999999999999948,0.029999999999999805,128925724.0,34025270,0,3.76,3.82,3.75,3.75
600929,雪天盐业,5.59,-1.9298245614035143,-0.11000000000000032,94052491.0,16672400,0,5.69,5.7,5.58,5.7
600933,爱柯迪,19.9,-1.3875123885034746,-0.28000000000000114,287175085.0,14331939,0,20.2,20.36,19.82,20.18
600935,华塑股份,2.68,-1.4705882352941189,-0.040000000000000036,155128234.0,57396100,0,2.7,2.75,2.67,2.72
600936,北投科技,4.58,-2.9661016949152477,-0.13999999999999968,277959305.0,60306717,0,4.76,4.79,4.48,4.72
600938,中国海油,29.6,3.460328556448801,0.990000000000002,2247744156.0,76478687,0,28.63,29.9,28.62,28.61
600939,重庆建工,3.26,-0.3058103975535239,-0.010000000000000231,95792085.0,29353860,0,3.26,3.3,3.22,3.27
600941,中国移动,100.06,-0.3386454183266966,-0.3400000000000034,1671412495.0,16636914,0,100.41,100.89,100.02,100.4
600955,维远股份,17.62,-0.8998875140607432,-0.16000000000000014,165427623.0,9283800,0,17.8,18.24,17.45,17.78
600956,新天绿能,7.51,0.8053691275167733,0.05999999999999961,93927329.0,12500607,0,7.45,7.57,7.4,7.45
600958,东方证券,11.0,0.09099181073703173,0.009999999999999787,1280805346.0,115381807,0,11.02,11.23,10.97,10.99
600959,江苏有线,3.82,2.412868632707771,0.08999999999999986,657749233.0,172093468,0,3.76,3.94,3.72,3.73
600960,渤海汽车,5.49,-2.313167259786475,-0.1299999999999999,198472587.0,35878200,0,5.63,5.65,5.47,5.62
600961,株冶集团,18.14,1.0584958217270266,0.19000000000000128,531072168.0,29253384,0,18.0,18.61,17.78,17.95
600962,国投中鲁,24.02,-2.7530364372469625,-0.6799999999999997,402267137.0,16367801,0,24.81,25.32,23.88,24.7
600963,岳阳林纸,4.56,-0.8695652173913052,-0.040000000000000036,132037079.0,28716999,0,4.6,4.64,4.54,4.6
600965,福成股份,6.39,0.6299212598425202,0.040000000000000036,338888184.0,52246156,0,6.7,6.7,6.34,6.35
600966,博汇纸业,6.53,-0.15290519877675515,-0.009999999999999787,133157146.0,20280668,0,6.52,6.65,6.49,6.54
600967,内蒙一机,20.3,3.889457523029691,0.7600000000000016,3150417307.0,161087426,0,19.25,21.4,18.6,19.54
600968,海油发展,3.91,0.2564102564102623,0.010000000000000231,244575717.0,62363600,0,3.91,3.95,3.89,3.9
600969,郴电国际,11.03,-1.955555555555561,-0.22000000000000064,154899998.0,13773808,0,11.35,11.49,11.0,11.25
600970,中材国际,10.47,0.6730769230769258,0.07000000000000028,351600648.0,33559179,0,10.37,10.61,10.33,10.4
600971,恒源煤电,6.42,-0.9259259259259335,-0.0600000000000005,81422408.0,12662839,0,6.47,6.47,6.39,6.48
600973,宝胜股份,8.19,-10.000000000000002,-0.9100000000000001,1659787086.0,198197779,0,8.89,8.97,8.19,9.1
600975,新五丰,5.96,-0.33444816053512477,-0.020000000000000462,107454784.0,18024900,0,5.99,6.0,5.94,5.98
600976,健民集团,34.76,0.9877977919813954,0.3399999999999963,100082242.0,2871479,0,34.43,35.17,34.43,34.42
600977,中国电影,16.68,-1.1262596324837064,-0.19000000000000128,1267823727.0,75284150,0,16.91,17.18,16.45,16.87
600979,广安爱众,4.54,-0.4385964912280609,-0.019999999999999574,151967402.0,33261961,0,4.56,4.65,4.5,4.56
600980,北矿科技,23.91,-2.8048780487804925,-0.6900000000000013,162351860.0,6712000,0,24.6,24.6,23.86,24.6
600981,苏豪汇鸿,3.29,-2.0833333333333286,-0.06999999999999984,179696157.0,54026380,0,3.35,3.37,3.28,3.36
600982,宁波能源,4.5,0.44642857142856185,0.019999999999999574,101220786.0,22490600,0,4.49,4.56,4.46,4.48
600983,惠而浦,10.31,0.09708737864077463,0.009999999999999787,84509456.0,8157879,0,10.3,10.48,10.27,10.3
600984,建设机械,4.1,-1.4423076923077043,-0.0600000000000005,124560116.0,30111337,0,4.14,4.2,4.09,4.16
600985,淮北矿业,11.41,-1.212121212121217,-0.14000000000000057,237748660.0,20773134,0,11.55,11.56,11.38,11.55
600986,浙文互联,11.81,9.962756052141529,1.0700000000000003,1739706624.0,148789486,0,11.81,11.81,11.05,10.74
600987,航民股份,6.95,0.0,0.0,72090090.0,10346118,0,6.94,7.01,6.93,6.95
600988,赤峰黄金,31.78,1.5984654731457801,0.5,2607760364.0,81573845,0,31.3,32.43,31.19,31.28
600989,宝丰能源,19.36,-0.05162622612287849,-0.010000000000001563,918292388.0,47058722,0,19.5,19.81,19.32,19.37
600990,四创电子,33.25,-9.98917162966973,-3.6899999999999977,309671132.0,9188700,0,34.37,34.37,33.25,36.94
600992,贵绳股份,13.75,-2.826855123674914,-0.40000000000000036,100350870.0,7210100,0,14.1,14.18,13.72,14.15
600993,马应龙,28.2,-0.7391763463569196,-0.21000000000000085,211077024.0,7427500,0,28.49,28.66,28.16,28.41
600995,南网储能,13.29,0.8345978755690397,0.10999999999999943,365677159.0,27545453,0,13.2,13.54,13.05,13.18
600996,贵广网络,10.04,-2.5242718446602095,-0.26000000000000156,405545193.0,39717700,0,10.33,10.4,10.02,10.3
600997,开滦股份,5.93,-1.0016694490818112,-0.0600000000000005,87931747.0,14748704,0,5.99,6.0,5.93,5.99
600998,九州通,5.29,0.0,0.0,414254519.0,77907090,0,5.29,5.39,5.26,5.29
600999,招商证券,17.3,-0.2881844380403499,-0.05000000000000071,1128229982.0,64655605,0,17.41,17.67,17.26,17.35
601000,唐山港,3.97,0.0,0.0,149548980.0,37625016,0,3.98,4.0,3.95,3.97
601001,晋控煤业,14.41,-0.6206896551724128,-0.08999999999999986,217231913.0,15050500,0,14.42,14.6,14.35,14.5
601002,晋亿实业,5.26,-0.18975332068310793,-0.009999999999999787,100591549.0,19067700,0,5.26,5.33,5.2,5.27
601003,柳钢股份,5.12,0.39215686274510714,0.020000000000000462,108081180.0,21106020,0,5.12,5.16,5.06,5.1
601005,重庆钢铁,1.51,-1.3071895424836613,-0.020000000000000018,272735773.0,179379111,0,1.53,1.54,1.5,1.53
601006,大秦铁路,5.15,-0.5791505791505668,-0.02999999999999936,717553958.0,138842125,0,5.18,5.19,5.14,5.18
601007,金陵饭店,7.83,-0.8860759493670921,-0.07000000000000028,85040561.0,10765390,0,7.87,7.97,7.82,7.9
601008,连云港,5.27,-0.3780718336484019,-0.020000000000000462,103626073.0,19600572,0,5.29,5.32,5.26,5.29
601009,南京银行,10.86,1.023255813953483,0.10999999999999943,1256718985.0,115016818,0,10.76,11.03,10.76,10.75
601010,文峰股份,2.83,-1.3937282229965169,-0.040000000000000036,275322999.0,95302432,0,2.87,2.96,2.82,2.87
601011,宝泰隆,3.43,-3.107344632768358,-0.10999999999999988,247132073.0,71174597,0,3.52,3.53,3.42,3.54
601012,隆基绿能,18.47,-3.952158086323461,-0.7600000000000016,5074449968.0,271670374,0,19.23,19.23,18.42,19.23
601015,陕西黑猫,3.97,-2.2167487684728924,-0.08999999999999941,219094669.0,54884100,0,4.03,4.06,3.94,4.06
601016,节能风电,3.03,0.33112582781456246,0.009999999999999787,268122089.0,88582120,0,3.02,3.05,3.0,3.02
601018,宁波港,3.68,-0.27100271002709453,-0.009999999999999787,168394203.0,45669200,0,3.7,3.7,3.67,3.69
601019,山东出版,9.1,-1.5151515151515214,-0.14000000000000057,200812833.0,21810735,0,9.34,9.37,9.07,9.24
601020,华钰矿业,29.69,-1.0663112295901376,-0.3200000000000003,1273433633.0,42403239,0,29.94,30.66,29.5,30.01
601021,春秋航空,57.87,-1.6150969058143536,-0.9500000000000028,285687456.0,4931203,0,58.5,58.74,57.2,58.82
601022,宁波远洋,9.46,-0.7345225603357661,-0.06999999999999851,120044520.0,12624600,0,9.5,9.59,9.43,9.53
601028,玉龙股份,12.83,0.0,0.0,0.0,0,0,0.0,0.0,0.0,12.83
601033,永兴股份,15.24,0.0,0.0,82438575.0,5406560,0,15.22,15.3,15.18,15.24
601038,一拖股份,14.0,-0.8498583569405045,-0.11999999999999922,147345723.0,10432882,0,14.04,14.28,13.95,14.12
601058,赛轮轮胎,15.56,-2.992518703241887,-0.47999999999999865,949959857.0,60432614,0,16.04,16.04,15.48,16.04
601059,信达证券,17.82,-0.4469273743016665,-0.0799999999999983,592135030.0,33000469,0,17.9,18.13,17.79,17.9
601061,中信金属,15.15,0.5308560053085605,0.08000000000000007,436529838.0,28710361,0,15.07,15.43,14.96,15.07
601065,江盐集团,8.47,-0.3529411764705807,-0.02999999999999936,48070739.0,5647100,0,8.5,8.57,8.46,8.5
601066,中信建投,25.98,-1.6654049962149933,-0.4400000000000013,571689800.0,21731205,0,26.52,26.6,25.95,26.42
601068,中铝国际,5.93,-1.1666666666666714,-0.07000000000000028,153506808.0,25634300,0,5.98,6.08,5.88,6.0
601069,西部黄金,29.78,1.4996591683708291,0.4400000000000013,872138679.0,28997291,0,29.3,30.74,29.1,29.34
601077,渝农商行,6.66,2.3041474654377936,0.15000000000000036,528268610.0,79535190,0,6.51,6.73,6.5,6.51
601083,锦江航运,11.57,0.3469210754553419,0.040000000000000924,110799359.0,9546834,0,11.52,11.67,11.49,11.53
601086,国芳集团,10.56,-3.7374658158614413,-0.41000000000000014,254000562.0,23442000,0,10.94,11.16,10.54,10.97
601088,中国神华,41.77,-0.21500238891542356,-0.0899999999999963,900855608.0,21478072,0,41.94,42.33,41.7,41.86
601089,福元医药,29.05,-1.0558583106266985,-0.3099999999999987,258184574.0,8685040,0,29.36,30.8,29.04,29.36
601096,宏盛华源,4.35,-0.22935779816515306,-0.010000000000000675,143335763.0,33045738,0,4.35,4.39,4.3,4.36
601098,中南传媒,11.54,-1.2831479897348192,-0.15000000000000036,288256825.0,24664700,0,11.81,11.93,11.52,11.69
601099,太平洋,4.45,-1.9823788546255476,-0.08999999999999986,3083560750.0,682102689,0,4.52,4.66,4.43,4.54
601100,恒立液压,120.0,2.040816326530617,2.4000000000000057,1877829983.0,15497257,0,119.99,125.4,118.42,117.6
601101,昊华能源,7.48,-0.5319148936170099,-0.03999999999999915,74179029.0,9894060,0,7.53,7.54,7.46,7.52
601106,中国一重,6.0,0.8403361344537785,0.04999999999999982,5280804800.0,870079128,0,6.28,6.43,5.48,5.95
601107,四川成渝,6.07,-0.3284072249589421,-0.019999999999999574,48873350.0,8031001,0,6.09,6.12,6.05,6.09
601108,财通证券,8.96,-0.9944751381215453,-0.08999999999999986,609779015.0,67339340,0,9.08,9.17,8.93,9.05
601111,中国国航,8.8,-2.3307436182019874,-0.20999999999999908,661647137.0,74357404,0,8.95,9.08,8.78,9.01
601113,华鼎股份,4.77,1.0593220338983014,0.04999999999999982,290785193.0,60570602,0,4.73,4.87,4.66,4.72
601116,三江购物,18.98,10.028985507246379,1.7300000000000004,316281970.0,16914428,0,18.18,18.98,18.0,17.25
601117,中国化学,8.04,-1.5911872705018457,-0.13000000000000078,712990141.0,88281595,0,8.17,8.17,8.02,8.17
601118,海南橡胶,5.92,-1.1686143572621082,-0.07000000000000028,424661603.0,71795241,0,6.02,6.04,5.86,5.99
601121,宝地矿业,7.66,-0.5194805194805199,-0.040000000000000036,140858762.0,18261208,0,7.69,7.82,7.63,7.7
601126,四方股份,35.16,6.031363088057902,2.0,1947732263.0,57077023,0,32.74,36.45,32.0,33.16
601127,赛力斯,122.59,-1.161009433201643,-1.4399999999999977,2670165843.0,21526857,0,124.99,125.42,122.31,124.03
601128,常熟银行,7.0,-0.28490028490027886,-0.019999999999999574,270359548.0,38498534,0,7.01,7.05,6.99,7.02
601133,柏诚股份,16.39,-1.9736842105263057,-0.3299999999999983,357752588.0,21361734,0,16.61,17.2,16.29,16.72
601136,首创证券,19.3,-1.3292433537832211,-0.259999999999998,340248537.0,17479342,0,19.56,19.67,19.27,19.56
601137,博威合金,22.47,-2.0488230165649624,-0.4700000000000024,911744867.0,40229201,0,23.15,23.29,22.39,22.94
601138,工业富联,59.27,-2.7244378795338857,-1.6599999999999966,11338906761.0,188185318,0,60.78,61.73,59.09,60.93
601139,深圳燃气,6.7,-0.2976190476190413,-0.019999999999999574,112116680.0,16704888,0,6.71,6.74,6.69,6.72
601155,新城控股,14.66,-2.5265957446808445,-0.379999999999999,189560270.0,12748150,0,15.04,15.11,14.62,15.04
601156,东航物流,18.56,2.996670366259707,0.5399999999999991,352886563.0,19105193,0,18.02,18.7,18.0,18.02
601158,重庆水务,4.52,0.0,0.0,48444723.0,10714702,0,4.52,4.55,4.5,4.52
601162,天风证券,4.38,-1.793721973094172,-0.08000000000000007,1355227873.0,305870320,0,4.47,4.51,4.36,4.46
601163,三角轮胎,14.26,-0.9034051424600471,-0.13000000000000078,82673586.0,5785939,0,14.39,14.4,14.21,14.39
601166,兴业银行,21.01,0.43021032504780043,0.08999999999999986,1351267080.0,64191178,0,20.94,21.17,20.86,20.92
601168,西部矿业,28.37,1.212986086336068,0.33999999999999986,2043853516.0,71656044,0,27.98,29.07,27.75,28.03
601169,北京银行,5.53,0.1811594202898673,0.010000000000000675,663816384.0,119730714,0,5.52,5.57,5.52,5.52
601177,杭齿前进,17.39,-1.91765369430344,-0.33999999999999986,160089918.0,9120899,0,17.88,17.89,17.37,17.73
601179,中国西电,12.42,9.043020193151882,1.0299999999999994,6519319356.0,554497569,0,11.4,12.53,10.8,11.39
601186,中国铁建,7.83,0.25608194622279723,0.020000000000000462,544256636.0,69559263,0,7.81,7.87,7.78,7.81
601187,厦门银行,7.25,-0.5486968449931418,-0.040000000000000036,127925578.0,17559526,0,7.27,7.39,7.22,7.29
601188,龙江交通,3.54,0.0,0.0,82420481.0,23172928,0,3.55,3.58,3.53,3.54
601198,东兴证券,13.97,-0.7107320540156336,-0.09999999999999964,748234421.0,53204482,0,14.09,14.17,13.95,14.07
601199,江南水务,5.67,-0.7005253940455347,-0.040000000000000036,44614589.0,7828491,0,5.7,5.72,5.67,5.71
601200,上海环境,8.25,0.48721071863579957,0.03999999999999915,136988519.0,16659261,0,8.21,8.33,8.14,8.21
601208,东材科技,26.02,-5.03649635036496,-1.379999999999999,1717932236.0,64702505,0,27.04,27.49,25.9,27.4
601211,国泰海通,21.15,0.37968675842429184,0.0799999999999983,2398285729.0,112252848,0,21.2,21.61,21.09,21.07
601212,白银有色,6.54,4.140127388535028,0.2599999999999998,2718593783.0,415941730,0,6.29,6.73,6.29,6.28
601216,君正集团,5.14,-0.5802707930367553,-0.03000000000000025,603346119.0,116362596,0,5.21,5.28,5.13,5.17
601218,吉鑫科技,5.21,-2.616822429906536,-0.13999999999999968,200344405.0,38184500,0,5.33,5.35,5.2,5.35
601222,林洋能源,5.89,4.432624113475177,0.25,379453277.0,65680884,0,5.64,5.95,5.61,5.64
601225,陕西煤业,22.5,-0.3984063745019914,-0.08999999999999986,761174811.0,33595718,0,22.8,23.05,22.4,22.59
601226,华电科工,9.01,1.9230769230769222,0.16999999999999993,432287928.0,48189364,0,8.86,9.28,8.69,8.84
601228,广州港,3.6,1.1235955056179785,0.040000000000000036,380264405.0,104925800,0,3.55,3.69,3.55,3.56
601229,上海银行,10.07,0.0,0.0,495218945.0,49161935,0,10.07,10.13,9.99,10.07
601231,环旭电子,27.49,-3.3403656821378442,-0.9500000000000028,967800337.0,34736778,0,28.29,28.76,27.35,28.44
601233,桐昆股份,17.34,-0.11520737327188695,-0.019999999999999574,501996903.0,28865834,0,17.31,17.73,17.16,17.36
601236,红塔证券,8.47,-1.0514018691588767,-0.08999999999999986,181799590.0,21299998,0,8.56,8.6,8.45,8.56
601238,广汽集团,8.45,0.11848341232227236,0.009999999999999787,455338969.0,53709196,0,8.44,8.58,8.38,8.44
601279,英利汽车,4.93,-2.9527559055118178,-0.15000000000000036,159865227.0,31925700,0,5.05,5.09,4.92,5.08
601288,农业银行,7.6,1.0638297872340436,0.08000000000000007,3497715137.0,459603359,0,7.5,7.7,7.5,7.52
601298,青岛港,8.36,-0.11947431302269758,-0.009999999999999787,120219096.0,14333642,0,8.37,8.42,8.35,8.37
601311,骆驼股份,9.35,-0.953389830508473,-0.08999999999999986,263349025.0,28103580,0,9.43,9.46,9.3,9.44
601318,中国平安,68.21,0.9770540340488477,0.6599999999999966,9993788827.0,145103141,0,67.8,69.98,67.78,67.55
601319,中国人保,9.93,1.3265306122448877,0.129999999999999,1025336501.0,102696934,0,9.8,10.18,9.79,9.8
601326,秦港股份,3.53,0.0,0.0,101189709.0,28608046,0,3.53,3.56,3.52,3.53
601328,交通银行,7.07,-0.42253521126759663,-0.02999999999999936,916954949.0,128858003,0,7.11,7.16,7.06,7.1
601330,绿色动力,6.93,-0.2877697841726685,-0.020000000000000462,70790736.0,10163339,0,6.96,7.01,6.91,6.95
601333,广深铁路,3.06,-0.3257328990227944,-0.009999999999999787,160784451.0,52325376,0,3.08,3.09,3.05,3.07
601336,新华保险,83.39,4.159380464651509,3.3299999999999983,2719796162.0,32731466,0,80.04,84.59,79.81,80.06
601339,百隆东方,6.05,-3.5087719298245577,-0.21999999999999975,144814086.0,23739800,0,6.21,6.26,6.03,6.27
601360,三六零,13.2,-1.1235955056179803,-0.15000000000000036,7254922422.0,539931772,0,13.79,13.99,12.95,13.35
601366,利群股份,4.97,-2.929687500000007,-0.15000000000000036,283333192.0,55865056,0,5.12,5.19,4.96,5.12
601368,绿城水务,5.09,0.5928853754940762,0.03000000000000025,37964544.0,7446740,0,5.05,5.14,5.04,5.06
601369,陕鼓动力,10.0,-1.1857707509881346,-0.11999999999999922,146141828.0,14607952,0,10.14,10.15,9.9,10.12
601375,中原证券,4.48,-0.22271714922048524,-0.009999999999999787,282081009.0,62825404,0,4.5,4.54,4.45,4.49
601377,兴业证券,7.18,-1.508916323731143,-0.11000000000000032,1130654589.0,155903964,0,7.29,7.35,7.16,7.29
601388,怡球资源,3.2,0.31347962382445865,0.010000000000000231,224473887.0,69746967,0,3.19,3.26,3.16,3.19
601390,中国中铁,5.59,0.17921146953404637,0.009999999999999787,705929650.0,126289578,0,5.58,5.63,5.54,5.58
601398,工商银行,7.79,0.6459948320413413,0.04999999999999982,2753087013.0,352501039,0,7.75,7.85,7.74,7.74
601399,国机重装,6.09,-4.992199687987524,-0.3200000000000003,2575955370.0,418219566,0,6.42,6.49,6.02,6.41
601456,国联民生,9.89,-1.592039800995026,-0.16000000000000014,562343002.0,56245398,0,10.1,10.11,9.86,10.05
601500,通用股份,4.84,-2.2222222222222285,-0.11000000000000032,161764816.0,33232417,0,4.93,4.94,4.82,4.95
601512,中新集团,9.73,-2.2110552763818982,-0.21999999999999886,120720022.0,12249374,0,9.95,9.98,9.69,9.95
601515,衢州东峰,4.25,-3.409090909090917,-0.15000000000000036,130433285.0,30190496,0,4.4,4.41,4.25,4.4
601518,吉林高速,2.82,-0.35335689045937213,-0.010000000000000231,59892828.0,21141940,0,2.83,2.85,2.82,2.83
601519,大智慧,14.65,-4.248366013071898,-0.6500000000000004,1385578446.0,92513310,0,15.33,15.46,14.53,15.3
601528,瑞丰银行,5.52,0.1814882032667838,0.009999999999999787,107939248.0,19545487,0,5.49,5.55,5.49,5.51
601555,东吴证券,9.25,-0.9635974304068506,-0.08999999999999986,545343013.0,58418041,0,9.34,9.44,9.23,9.34
601566,九牧王,12.87,-4.525222551928793,-0.6100000000000012,387147526.0,29441748,0,13.42,13.45,12.85,13.48
601567,三星医疗,24.85,1.098454027664781,0.2700000000000031,875267111.0,35465131,0,24.62,25.33,24.04,24.58
601568,北元集团,3.94,-0.2531645569620311,-0.010000000000000231,88154976.0,22239800,0,3.95,4.0,3.93,3.95
601577,长沙银行,9.48,0.31746031746032954,0.030000000000001137,166889242.0,17570858,0,9.46,9.54,9.44,9.45
601579,会稽山,20.74,-2.354048964218456,-0.5,231482274.0,10969662,0,21.24,21.55,20.65,21.24
601588,北辰实业,1.78,0.0,0.0,87615371.0,49170502,0,1.78,1.81,1.76,1.78
601595,上海电影,32.0,-0.24937655860348598,-0.0799999999999983,653370887.0,20213480,0,32.4,33.44,31.59,32.08
601598,中国外运,6.04,0.33222591362127013,0.020000000000000462,141638114.0,23337916,0,6.03,6.12,6.02,6.02
601599,浙文影业,4.09,-1.9184652278177474,-0.08000000000000007,254624877.0,60848702,0,4.23,4.36,4.08,4.17
601600,中国铝业,13.97,0.8664259927797907,0.120000000000001,5221394543.0,372357487,0,13.8,14.37,13.69,13.85
601601,中国太保,45.8,0.9255178492727955,0.4199999999999946,1779619982.0,38461014,0,45.6,47.26,45.3,45.38
601606,长城军工,49.02,-4.4071762870514775,-2.259999999999998,2242819827.0,45448841,0,50.89,50.89,49.0,51.28
601607,上海医药,18.0,0.44642857142856185,0.0799999999999983,428147059.0,23743618,0,17.92,18.13,17.85,17.92
601608,中信重工,7.33,-5.051813471502586,-0.3899999999999997,1156800235.0,154551477,0,7.7,7.7,7.3,7.72
601609,金田股份,11.07,-1.5999999999999976,-0.17999999999999972,466602531.0,41755286,0,11.24,11.32,11.04,11.25
601611,中国核建,17.95,-9.979939819458385,-1.990000000000002,4222750553.0,228345297,0,20.09,20.1,17.95,19.94
601615,明阳智能,19.68,0.0,0.0,0.0,0,0,0.0,0.0,0.0,19.68
601616,广电电气,4.17,2.457002457002448,0.09999999999999964,270874923.0,65322540,0,4.05,4.28,4.0,4.07
601618,中国中冶,3.09,0.0,0.0,668524418.0,216260230,0,3.1,3.12,3.07,3.09
601619,嘉泽新能,5.0,3.5196687370600404,0.16999999999999993,810720948.0,162495063,0,4.83,5.18,4.81,4.83
601628,中国人寿,50.94,3.033980582524272,1.5,1047963526.0,20561602,0,49.4,51.92,49.25,49.44
601633,长城汽车,21.92,-1.1276499774470004,-0.25,527929830.0,23894328,0,22.18,22.31,21.9,22.17
601636,旗滨集团,6.16,-3.599374021909226,-0.22999999999999954,376936942.0,60530817,0,6.38,6.38,6.14,6.39
601658,邮储银行,5.37,0.5617977528089935,0.03000000000000025,819480150.0,152606631,0,5.34,5.4,5.33,5.34
601665,齐鲁银行,5.68,0.8880994671403165,0.04999999999999982,357035084.0,63055221,0,5.63,5.71,5.59,5.63
601666,平煤股份,8.54,0.588928150765594,0.049999999999998934,392822059.0,45968142,0,8.53,8.68,8.38,8.49
601668,中国建筑,5.18,-0.19267822736032128,-0.010000000000000675,1114474000.0,214264135,0,5.19,5.23,5.18,5.19
601669,中国电建,5.5,1.6635859519408478,0.08999999999999986,2287397961.0,417419625,0,5.42,5.56,5.37,5.41
601677,明泰铝业,14.7,-1.0101010101010124,-0.15000000000000036,560454527.0,37849883,0,14.85,15.0,14.64,14.85
601678,滨化股份,4.64,-0.2150537634408747,-0.010000000000000675,238658891.0,51221484,0,4.64,4.73,4.61,4.65
601686,友发集团,6.39,-0.6220839813374812,-0.040000000000000036,63097612.0,9817100,0,6.45,6.48,6.38,6.43
601688,华泰证券,24.01,0.4182350480970365,0.10000000000000142,2616903340.0,108406459,0,23.92,24.43,23.87,23.91
601689,拓普集团,73.71,-0.4994600431965504,-0.37000000000000455,3361531436.0,44833702,0,74.07,77.07,73.15,74.08
601696,中银证券,14.64,-2.3348899266177425,-0.34999999999999964,1287570461.0,86473939,0,15.05,15.24,14.58,14.99
601698,中国卫通,48.49,-10.00371195248701,-5.390000000000001,9608701101.0,193834722,0,53.87,53.87,48.49,53.88
601699,潞安环能,12.89,-1.3016845329249611,-0.16999999999999993,363135634.0,27974622,0,12.99,13.09,12.84,13.06
601700,风范股份,5.84,-1.3513513513513526,-0.08000000000000007,329339171.0,56203659,0,5.86,6.02,5.72,5.92
601702,华峰铝业,19.42,-0.5122950819672022,-0.09999999999999787,175767472.0,8995408,0,19.52,19.84,19.36,19.52
601717,中创智领,23.92,0.125575554625371,0.030000000000001137,522102142.0,21687608,0,23.89,24.5,23.7,23.89
601718,际华集团,3.5,-2.506963788300832,-0.08999999999999986,309937932.0,87774131,0,3.6,3.61,3.48,3.59
601727,上海电气,9.15,-3.4810126582278484,-0.33000000000000007,4135542104.0,448308692,0,9.48,9.51,9.06,9.48
601728,中国电信,6.31,-0.9419152276295211,-0.0600000000000005,1004959662.0,158308378,0,6.38,6.4,6.3,6.37
601766,中国中车,7.03,-0.5657708628005662,-0.040000000000000036,677203274.0,95949600,0,7.09,7.11,7.01,7.07
601777,千里科技,11.62,-2.7615062761506284,-0.33000000000000007,478973037.0,40838334,0,11.94,12.01,11.56,11.95
601778,晶科科技,4.1,0.49019607843136215,0.019999999999999574,737373873.0,179926840,0,4.1,4.19,4.03,4.08
601788,光大证券,17.89,-0.9961261759822895,-0.17999999999999972,748532647.0,41420809,0,18.1,18.28,17.83,18.07
601789,宁波建工,5.26,-2.0484171322160205,-0.11000000000000032,202275090.0,38274783,0,5.35,5.35,5.23,5.37
601798,蓝科高新,9.28,-1.2765957446808616,-0.120000000000001,74127763.0,7939800,0,9.41,9.43,9.27,9.4
601799,星宇股份,127.06,0.32372680615870236,0.4099999999999966,232231687.0,1813181,0,127.02,130.76,126.66,126.65
601800,中国交建,8.54,1.545778834720559,0.129999999999999,485514489.0,57281676,0,8.43,8.55,8.36,8.41
601801,皖新传媒,6.98,-2.1037868162692774,-0.14999999999999947,206594700.0,29239426,0,7.16,7.16,6.93,7.13
601808,中海油服,15.28,5.963938973647707,0.8599999999999994,788889737.0,52107566,0,14.62,15.53,14.62,14.42
601811,新华文轩,15.41,1.9179894179894241,0.2900000000000009,170833638.0,11130608,0,15.12,15.6,14.9,15.12
601816,京沪高铁,5.12,-0.5825242718446649,-0.03000000000000025,629158350.0,122088731,0,5.17,5.19,5.12,5.15
601818,光大银行,3.46,0.0,0.0,817965571.0,234902311,0,3.47,3.5,3.46,3.46
601825,沪农商行,9.02,-0.11074197120708514,-0.009999999999999787,161560540.0,17864749,0,9.01,9.1,8.99,9.03
601827,三峰环境,8.53,-0.23391812865498654,-0.02000000000000135,46101170.0,5396052,0,8.58,8.59,8.51,8.55
601828,美凯龙,2.89,2.4822695035461093,0.07000000000000028,278332117.0,95404787,0,2.8,3.07,2.8,2.82
601838,成都银行,16.28,1.1808576755748992,0.19000000000000128,671886086.0,41321925,0,16.08,16.35,16.07,16.09
601857,中国石油,10.06,2.028397565922932,0.20000000000000107,1997425237.0,198502523,0,9.88,10.17,9.88,9.86
601858,中国科传,22.14,3.120633442012118,0.6700000000000017,1086219343.0,48271163,0,23.62,23.62,21.95,21.47
601860,紫金银行,2.81,0.7168458781362014,0.020000000000000018,148174564.0,52632844,0,2.8,2.84,2.79,2.79
601865,福莱特,16.13,-2.0048602673147133,-0.33000000000000185,296284994.0,18274257,0,16.45,16.47,16.07,16.46
601866,中远海发,2.57,0.3906249999999917,0.009999999999999787,211921091.0,82541241,0,2.56,2.59,2.55,2.56
601868,中国能建,2.44,1.2448132780082906,0.029999999999999805,1245030503.0,513049757,0,2.41,2.45,2.4,2.41
601869,长飞光纤,107.1,-3.0593772628530136,-3.3800000000000097,1170927079.0,10772694,0,109.98,111.66,106.64,110.48
601872,招商轮船,11.22,4.8598130841121625,0.5200000000000014,1599900727.0,144717855,0,10.72,11.35,10.64,10.7
601877,正泰电器,30.28,3.344709897610923,0.9800000000000004,2068411907.0,69505895,0,29.3,30.87,28.49,29.3
601878,浙商证券,11.11,-0.8035714285714273,-0.08999999999999986,518119143.0,46317983,0,11.24,11.28,11.08,11.2
601880,辽港股份,1.64,0.0,0.0,223545559.0,136000580,0,1.65,1.66,1.63,1.64
601881,中国银河,16.05,-1.2307692307692264,-0.1999999999999993,828663760.0,51196779,0,16.28,16.36,16.01,16.25
601882,海天精工,20.48,-1.3962445835339392,-0.28999999999999915,100238738.0,4871400,0,20.76,20.82,20.3,20.77
601886,江河集团,8.78,0.0,0.0,80673823.0,9126353,0,8.76,8.96,8.75,8.78
601888,中国中免,92.01,-3.553459119496856,-3.3900000000000006,5018761273.0,53680890,0,95.4,95.82,91.81,95.4
601890,亚星锚链,10.75,-2.8028933092224277,-0.3100000000000005,522890742.0,48265397,0,11.09,11.09,10.72,11.06
601898,中煤能源,13.39,-1.1078286558345538,-0.14999999999999858,312683298.0,23225506,0,13.53,13.63,13.32,13.54
601899,紫金矿业,38.2,2.522812667740217,0.9400000000000048,11546625187.0,302034197,0,37.4,38.9,37.3,37.26
601900,南方传媒,15.43,2.3888520238885165,0.35999999999999943,1353668268.0,84387052,0,16.58,16.58,15.32,15.07
601901,方正证券,8.18,2.2499999999999964,0.17999999999999972,2093575736.0,252833013,0,8.08,8.45,8.08,8.0
601908,京运通,4.04,-2.1791767554479384,-0.08999999999999986,280096509.0,68916717,0,4.12,4.13,4.02,4.13
601916,浙商银行,3.05,0.6600660066006607,0.020000000000000018,262155575.0,86155215,0,3.03,3.05,3.03,3.03
601918,新集能源,7.09,0.9971509971510013,0.07000000000000028,359035530.0,50474825,0,7.07,7.18,7.03,7.02
601919,中远海控,14.86,0.2022926500337111,0.02999999999999936,1125052890.0,75468215,0,14.88,15.0,14.82,14.83
601921,浙版传媒,8.26,-0.3618817852834664,-0.02999999999999936,235937281.0,28326306,0,8.4,8.42,8.25,8.29
601928,凤凰传媒,10.28,-0.9633911368015551,-0.10000000000000142,244320439.0,23562961,0,10.45,10.48,10.25,10.38
601929,吉视传媒,4.54,8.095238095238091,0.33999999999999986,3647007488.0,853399389,0,4.25,4.62,3.97,4.2
601933,永辉超市,5.18,-3.358208955223892,-0.1800000000000006,5524639644.0,1015060157,0,5.26,5.85,5.18,5.36
601939,建设银行,9.17,0.6586169045005543,0.0600000000000005,1080424530.0,117403969,0,9.13,9.25,9.13,9.11
601949,中国出版,7.32,-1.2145748987854232,-0.08999999999999986,509023871.0,68282589,0,7.68,7.7,7.27,7.41
601952,苏垦农发,9.28,-0.535905680600222,-0.05000000000000071,83735316.0,8996820,0,9.34,9.35,9.27,9.33
601956,东贝集团,7.26,-1.3586956521739202,-0.10000000000000053,78835429.0,10789560,0,7.35,7.36,7.22,7.36
601958,金钼股份,17.98,-1.2087912087912025,-0.21999999999999886,793395682.0,43872672,0,18.21,18.38,17.82,18.2
601963,重庆银行,10.54,0.8612440191387547,0.08999999999999986,100482225.0,9511760,0,10.44,10.64,10.41,10.45
601965,中国汽研,17.3,-2.4802705749718026,-0.4399999999999977,146980793.0,8417900,0,17.73,17.73,17.24,17.74
601966,玲珑轮胎,14.8,-0.5376344086021511,-0.08000000000000007,202012269.0,13631734,0,14.88,14.89,14.78,14.88
601968,宝钢包装,5.53,-1.073345259391764,-0.05999999999999961,105131390.0,18829001,0,5.59,5.65,5.53,5.59
601969,海南矿业,11.39,-2.8156996587030725,-0.33000000000000007,770137160.0,66111430,0,11.7,11.91,11.33,11.72
601975,招商南油,3.26,0.0,0.0,468418161.0,143659211,0,3.27,3.29,3.23,3.26
601985,XD中国核,9.01,-2.277657266811289,-0.21000000000000085,1643489108.0,181562874,0,9.25,9.26,8.98,9.22
601988,中国银行,5.54,0.1808318264014428,0.009999999999999787,1884602804.0,338408623,0,5.52,5.61,5.52,5.53
601989,中国重工,5.1,0.0,0.0,0.0,0,0,0.0,0.0,0.0,5.1
601990,南京证券,8.15,-0.488400488400478,-0.03999999999999915,241741364.0,29532576,0,8.19,8.25,8.13,8.19
601991,大唐发电,3.69,1.0958904109589052,0.040000000000000036,524396610.0,141677798,0,3.65,3.75,3.65,3.65
601992,金隅集团,2.13,9.793814432989688,0.18999999999999995,388414449.0,182928475,0,2.1,2.13,2.07,1.94
601995,中金公司,35.76,-1.3245033112582891,-0.480000000000004,1165461333.0,32258534,0,36.21,36.54,35.7,36.24
601996,丰林集团,2.31,-0.4310344827586115,-0.009999999999999787,72179845.0,30988244,0,2.31,2.37,2.29,2.32
601997,贵阳银行,5.89,0.1700680272108807,0.009999999999999787,182168236.0,30887236,0,5.88,5.92,5.87,5.88
601998,中信银行,7.66,2.5435073627844766,0.1900000000000004,732917434.0,96486932,0,7.49,7.7,7.46,7.47
601999,出版传媒,7.44,0.0,0.0,108571947.0,14482791,0,7.48,7.58,7.37,7.44
603000,人民网,25.48,10.017271157167531,2.3200000000000003,612536091.0,24039878,0,25.48,25.48,25.48,23.16
603001,奥康国际,8.51,-0.11737089201877685,-0.009999999999999787,85607875.0,10022100,0,8.52,8.7,8.41,8.52
603002,宏昌电子,7.56,-2.827763496143967,-0.22000000000000064,211214991.0,27497300,0,7.75,7.83,7.52,7.78
603003,退市龙宇,2.44,0.0,0.0,0.0,0,0,0.0,0.0,0.0,2.44
603004,鼎龙科技,24.29,-0.8571428571428606,-0.21000000000000085,137829678.0,5640719,0,24.36,24.88,24.01,24.5
603005,晶方科技,28.66,-3.338954468802693,-0.9899999999999984,896445917.0,30925912,0,29.85,29.85,28.52,29.65
603006,联明股份,13.37,0.07485029940119602,0.009999999999999787,40614795.0,3022200,0,13.41,13.56,13.28,13.36
603007,*ST花王,5.84,-1.0169491525423813,-0.0600000000000005,121296565.0,20701503,0,5.92,5.98,5.8,5.9
603008,喜临门,20.75,-0.048169556840084594,-0.010000000000001563,383268562.0,18214881,0,20.9,21.37,20.71,20.76
603009,北特科技,48.81,1.0140728476821232,0.490000000000002,1069455750.0,21706040,0,48.0,51.15,47.51,48.32
603010,万盛股份,10.31,-0.7699711260827725,-0.08000000000000007,93360072.0,9026569,0,10.39,10.42,10.29,10.39
603011,合锻智能,29.09,-6.31239935587762,-1.9600000000000009,2821473538.0,95760704,0,30.85,30.85,28.27,31.05
603012,创力集团,7.03,-1.9525801952580153,-0.13999999999999968,287403674.0,40798598,0,7.1,7.26,6.86,7.17
603013,亚普股份,25.3,-3.2504780114722673,-0.8499999999999979,186012490.0,7264700,0,25.9,26.2,25.22,26.15
603015,弘讯科技,16.94,-9.98937300743889,-1.879999999999999,485422560.0,28032500,0,18.34,18.5,16.94,18.82
603016,新宏泰,30.58,0.7910349373763956,0.23999999999999844,104398712.0,3446087,0,30.28,30.8,29.45,30.34
603017,中衡设计,13.17,-9.979494190020512,-1.4600000000000009,750679337.0,54884180,0,15.95,15.97,13.17,14.63
603018,华设集团,7.68,-1.412066752246474,-0.11000000000000032,91360686.0,11801500,0,7.8,7.82,7.67,7.79
603019,中科曙光,91.52,-4.656735076570475,-4.469999999999999,6405319904.0,68490698,0,96.02,96.68,91.42,95.99
603020,爱普股份,10.95,0.8287292817679546,0.08999999999999986,98521500.0,8937357,0,10.81,11.21,10.76,10.86
603021,ST华鹏,4.93,0.0,0.0,16793301.0,3389200,0,4.93,5.04,4.89,4.93
603022,新通联,10.79,-1.5510948905109643,-0.1700000000000017,98905959.0,9055600,0,10.96,11.31,10.75,10.96
603023,威帝股份,5.46,-3.873239436619714,-0.21999999999999975,248042450.0,45325972,0,5.7,5.7,5.35,5.68
603025,大豪科技,18.73,-0.6366047745358142,-0.120000000000001,357603882.0,18874009,0,19.0,19.33,18.65,18.85
603026,石大胜华,71.22,-1.083333333333335,-0.7800000000000011,760042028.0,10567037,0,72.0,73.44,70.57,72.0
603027,千禾味业,10.19,-2.301054650047941,-0.2400000000000002,146744256.0,14232840,0,10.4,10.47,10.17,10.43
603028,赛福天,9.49,-0.4197271773347235,-0.03999999999999915,194031569.0,20588240,0,9.53,9.64,9.18,9.53
603029,天鹅股份,18.79,0.3203416978109916,0.05999999999999872,51571197.0,2732690,0,18.71,19.05,18.54,18.73
603030,全筑股份,3.01,0.0,0.0,131188767.0,43275800,0,3.01,3.07,2.98,3.01
603031,安孚科技,49.57,-3.4664070107108107,-1.7800000000000011,453795022.0,9112249,0,51.03,51.1,49.01,51.35
603032,德新科技,19.46,-2.407221664994987,-0.4800000000000004,118670009.0,6004369,0,19.93,20.27,19.42,19.94
603033,三维股份,10.87,-2.6857654431513045,-0.3000000000000007,104767433.0,9539513,0,11.47,11.47,10.83,11.17
603035,常熟汽饰,16.19,-2.1752265861027156,-0.35999999999999943,260742508.0,16019207,0,16.5,16.54,16.16,16.55
603036,如通股份,21.94,1.0128913443830683,0.22000000000000242,170260641.0,7683586,0,21.78,22.48,21.72,21.72
603037,凯众股份,15.96,-3.971119133574008,-0.6600000000000001,377809454.0,23063025,0,16.52,17.02,15.91,16.62
603038,华立股份,16.98,-2.188940092165893,-0.379999999999999,99062451.0,5776300,0,17.48,17.48,16.92,17.36
603039,泛微网络,65.81,3.719464144996059,2.3599999999999994,820359326.0,12064666,0,67.99,69.8,65.02,63.45
603040,新坐标,85.4,-1.0428736964078695,-0.8999999999999915,147112719.0,1701939,0,86.64,88.0,85.0,86.3
603041,美思德,12.47,0.5645161290322603,0.07000000000000028,45204409.0,3623595,0,12.4,12.56,12.26,12.4
603042,华脉科技,17.58,-3.8819026790596003,-0.7100000000000009,229321436.0,12898060,0,18.36,18.36,17.52,18.29
603043,广州酒家,17.64,-1.2870733072188048,-0.23000000000000043,59726211.0,3350260,0,17.8,18.0,17.62,17.87
603045,福达合金,23.71,2.774165583008238,0.6400000000000006,268905698.0,11200950,0,23.04,24.87,23.01,23.07
603048,浙江黎明,21.52,-0.9208103130755032,-0.1999999999999993,50309935.0,2316530,0,21.74,22.17,21.36,21.72
603050,科林电气,18.29,-0.10922992900054382,-0.019999999999999574,118030025.0,6418122,0,18.3,18.66,18.13,18.31
603051,鹿山新材,22.11,-2.684859154929575,-0.6099999999999994,127183209.0,5683560,0,22.75,22.82,22.05,22.72
603052,可川科技,44.82,0.24602997092372944,0.10999999999999943,520765930.0,11727482,0,43.93,45.88,42.56,44.71
603053,成都燃气,9.9,-0.20161290322580216,-0.019999999999999574,34195506.0,3444787,0,9.91,9.97,9.83,9.92
603055,台华新材,9.38,-0.7407407407407249,-0.06999999999999851,66106125.0,7008495,0,9.49,9.51,9.36,9.45
603056,德邦股份,14.04,0.0,0.0,0.0,0,0,0.0,0.0,0.0,14.04
603057,紫燕食品,28.02,2.1509296390812973,0.5899999999999999,467602510.0,17084969,0,26.3,29.09,25.94,27.43
603058,永吉股份,9.65,-3.692614770459074,-0.3699999999999992,119866712.0,12312200,0,9.99,9.99,9.64,10.02
603059,倍加洁,36.35,4.2144495412844,1.4699999999999989,285403754.0,8032050,0,35.28,37.5,33.25,34.88
603060,国检集团,6.29,-1.5649452269170523,-0.09999999999999964,41494886.0,6567696,0,6.38,6.4,6.27,6.39
603061,金海通,191.18,1.3679745493107172,2.5800000000000125,558529829.0,2918000,0,186.3,199.19,180.0,188.6
603062,麦加芯彩,48.27,0.3325711910205855,0.1600000000000037,78818754.0,1605876,0,48.02,49.8,47.93,48.11
603063,禾望电气,32.33,-2.5324088031353735,-0.8400000000000034,1121550571.0,34538465,0,33.17,33.33,31.84,33.17
603065,宿迁联盛,8.5,-0.3516998827666983,-0.02999999999999936,52079344.0,6092000,0,8.53,8.6,8.46,8.53
603066,音飞储存,10.99,-1.16906474820143,-0.129999999999999,40518307.0,3668700,0,11.12,11.16,10.95,11.12
603067,振华股份,37.25,0.40431266846360797,0.14999999999999858,1340342919.0,36064111,0,36.82,38.22,35.7,37.1
603068,博通集成,39.59,-4.070753574024715,-1.6799999999999997,315298075.0,7844000,0,41.19,41.22,39.51,41.27
603069,海汽集团,23.74,-3.886639676113364,-0.9600000000000009,388764250.0,16017862,0,24.54,24.96,23.71,24.7
603070,万控智造,13.45,0.5231689088191218,0.06999999999999851,62307364.0,4616300,0,13.4,13.73,13.28,13.38
603071,物产环能,13.57,-0.14716703458424998,-0.019999999999999574,37365651.0,2734100,0,13.6,13.78,13.54,13.59
603072,天和磁材,43.06,-1.9134396355352992,-0.8399999999999963,210847406.0,4841049,0,43.9,44.13,43.01,43.9
603073,彩蝶实业,19.21,0.8398950131233602,0.16000000000000014,33861394.0,1767700,0,19.12,19.33,18.9,19.05
603075,热威股份,22.96,-0.39045553145336165,-0.08999999999999986,38981266.0,1692800,0,23.05,23.21,22.88,23.05
603076,乐惠国际,24.46,0.28700287002870145,0.07000000000000028,60138650.0,2434807,0,24.4,25.13,24.29,24.39
603077,和邦生物,2.21,0.0,0.0,577834463.0,261959292,0,2.21,2.24,2.17,2.21
603078,江化微,21.42,0.0,0.0,0.0,0,0,0.0,0.0,0.0,21.42
603079,圣达生物,20.03,4.814233385661966,0.9200000000000017,219415156.0,11031527,0,19.19,20.33,18.82,19.11
603080,新疆火炬,24.18,-2.105263157894735,-0.5199999999999996,128224281.0,5243100,0,24.73,24.84,24.1,24.7
603081,大丰实业,13.71,-2.765957446808502,-0.3899999999999988,112261045.0,8091500,0,14.09,14.1,13.67,14.1
603082,北自科技,37.26,-2.537274391838867,-0.9699999999999989,61030692.0,1620068,0,38.24,38.37,37.22,38.23
603083,剑桥科技,117.47,-3.6499343832021016,-4.450000000000003,2882714039.0,24092722,0,121.0,123.46,117.0,121.92
603085,天成自控,12.06,-5.18867924528302,-0.6600000000000001,237489505.0,19347080,0,12.61,12.71,12.02,12.72
603086,先达股份,8.58,1.5384615384615479,0.13000000000000078,216427929.0,25093526,0,8.45,8.8,8.37,8.45
603087,甘李药业,70.07,0.2718946765884341,0.18999999999999773,783772913.0,11065701,0,69.72,71.83,69.7,69.88
603088,宁波精达,11.17,-2.9539530842745427,-0.33999999999999986,236794946.0,20914678,0,11.49,11.55,11.12,11.51
603089,正裕工业,12.93,-1.0711553175210449,-0.14000000000000057,58532176.0,4502787,0,13.08,13.11,12.89,13.07
603090,宏盛股份,70.53,5.536435732455488,3.700000000000003,883360148.0,12231000,0,71.17,73.51,69.0,66.83
603091,众鑫股份,74.8,-0.8614976805831752,-0.6500000000000057,94057933.0,1247100,0,75.0,76.98,74.0,75.45
603093,南华期货,19.5,-3.2258064516128964,-0.6499999999999986,177529620.0,8973700,0,20.17,20.17,19.41,20.15
603095,越剑智能,17.48,-1.7425519955030846,-0.3099999999999987,131187887.0,7391536,0,18.16,18.2,17.33,17.79
603096,新经典,18.65,0.376749192680303,0.07000000000000028,63946409.0,3410200,0,18.56,18.96,18.53,18.58
603097,江苏华辰,30.16,3.8925249741646537,1.129999999999999,318939831.0,10628634,0,29.06,31.69,28.66,29.03
603098,森特股份,14.02,-1.8894331700489824,-0.2699999999999996,97592538.0,6844600,0,14.29,14.6,14.01,14.29
603099,长白山,45.89,0.7464324917672962,0.3400000000000034,539213222.0,11606629,0,45.66,47.33,45.41,45.55
603100,川仪股份,25.28,-4.278682317304048,-1.129999999999999,363626965.0,14204943,0,26.25,26.35,25.2,26.41
603101,汇嘉时代,10.27,-2.930056710775052,-0.3100000000000005,174106124.0,16594051,0,10.67,10.84,10.24,10.58
603102,百合股份,44.54,-0.46927374301676167,-0.21000000000000085,34860075.0,776000,0,44.68,45.3,44.54,44.75
603103,横店影视,18.7,0.9174311926605404,0.16999999999999815,179549859.0,9580638,0,18.53,19.11,18.16,18.53
603105,芯能科技,9.78,-0.811359026369169,-0.08000000000000007,200317451.0,20448300,0,9.91,9.96,9.7,9.86
603106,恒银科技,11.07,-3.7391304347826058,-0.4299999999999997,301740699.0,26782588,0,11.6,11.68,11.04,11.5
603107,上海汽配,15.17,-0.5897771952817815,-0.08999999999999986,63745237.0,4172389,0,15.29,15.42,15.16,15.26
603108,润达医疗,19.18,-1.4894709809964004,-0.28999999999999915,2449181718.0,123174714,0,19.88,20.77,19.15,19.47
603109,神驰机电,27.44,-1.754385964912275,-0.48999999999999844,112150196.0,4048500,0,28.09,28.15,27.4,27.93
603110,东方材料,16.89,0.47590719809638227,0.08000000000000185,462643671.0,26777636,0,16.81,17.99,16.81,16.81
603111,康尼机电,7.03,-1.2640449438202228,-0.08999999999999986,75464446.0,10664300,0,7.14,7.14,7.01,7.12
603112,华翔股份,18.97,0.5299417064122833,0.09999999999999787,353879680.0,18427377,0,18.86,19.6,18.7,18.87
603113,金能科技,6.39,-1.2364760432766626,-0.08000000000000007,78092769.0,12077198,0,6.48,6.54,6.37,6.47
603115,海星股份,20.9,-1.135288552507105,-0.240000000000002,79894591.0,3769150,0,21.28,21.73,20.83,21.14
603116,红蜻蜓,6.55,-2.238805970149259,-0.15000000000000036,73874197.0,11178780,0,6.69,6.69,6.54,6.7
603117,万林物流,4.8,-1.6393442622950833,-0.08000000000000007,41480694.0,8587580,0,4.88,4.88,4.79,4.88
603118,共进股份,11.9,-3.6437246963562693,-0.4499999999999993,408254670.0,33894015,0,12.3,12.4,11.86,12.35
603119,浙江荣泰,117.3,-0.8285424416638518,-0.980000000000004,2080582037.0,17374831,0,116.94,124.52,114.99,118.28
603121,华培动力,21.74,-2.423698384201089,-0.5400000000000027,185248397.0,8410862,0,22.29,22.35,21.61,22.28
603122,合富中国,22.57,1.8961625282167123,0.4200000000000017,2066040666.0,89745514,0,22.15,23.94,21.72,22.15
603123,翠微股份,14.43,-6.541450777202071,-1.0099999999999998,1106369506.0,74457131,0,15.57,15.57,14.35,15.44
603124,江南新材,85.11,-2.9753761969904233,-2.6099999999999994,256178926.0,2975955,0,87.7,88.72,84.3,87.72
603125,常青科技,18.43,-1.8114011720831107,-0.33999999999999986,229401603.0,12270669,0,18.82,19.14,18.3,18.77
603126,中材节能,6.92,0.5813953488372098,0.040000000000000036,90407416.0,13016394,0,6.91,7.04,6.83,6.88
603127,昭衍新药,41.82,3.5661218424962797,1.4399999999999977,1278672584.0,30530498,0,40.62,42.96,40.62,40.38
603128,华贸物流,6.09,-0.49019607843137664,-0.03000000000000025,152216988.0,24945200,0,6.12,6.16,6.06,6.12
603129,春风动力,266.55,-0.8702443378333055,-2.339999999999975,505813741.0,1878390,0,268.82,274.27,265.23,268.89
603130,云中马,56.9,0.9223128769066974,0.519999999999996,188471653.0,3245750,0,56.0,59.6,56.0,56.38
603131,上海沪工,30.91,-9.988351776354115,-3.4300000000000033,1594331084.0,50653770,0,34.3,34.3,30.91,34.34
603132,金徽股份,15.61,1.2978585334198525,0.1999999999999993,127618358.0,8155700,0,15.42,16.06,15.3,15.41
603135,中重科技,9.62,-0.8247422680412378,-0.08000000000000007,43502914.0,4506927,0,9.69,9.74,9.53,9.7
603136,天目湖,11.75,-1.591289782244552,-0.1899999999999995,70575978.0,5949634,0,11.93,11.96,11.74,11.94
603137,恒尚节能,14.2,0.2117148906139687,0.02999999999999936,23992535.0,1689882,0,14.17,14.28,14.0,14.17
603138,海量数据,17.25,9.315589353612172,1.4700000000000006,817828996.0,48422292,0,15.99,17.36,15.66,15.78
603139,康惠股份,21.27,0.4249291784702543,0.08999999999999986,49879326.0,2338400,0,21.18,21.49,21.03,21.18
603150,万朗磁塑,44.09,4.0103798065581575,1.7000000000000028,330807068.0,7423800,0,42.39,46.58,42.31,42.39
603151,邦基科技,18.96,-0.10537407797681546,-0.019999999999999574,34520496.0,1811900,0,18.97,19.18,18.85,18.98
603153,上海建科,17.65,-1.0095344924284897,-0.17999999999999972,45629139.0,2573524,0,17.85,17.88,17.61,17.83
603155,新亚强,17.81,-1.6022099447513962,-0.2900000000000027,98124439.0,5445877,0,18.0,18.23,17.77,18.1
603156,养元饮品,32.73,-0.7881176113974085,-0.2600000000000051,357455030.0,10805375,0,32.6,33.68,32.35,32.99
603158,腾龙股份,10.99,2.7102803738317847,0.2900000000000009,520823681.0,47854000,0,10.7,11.3,10.47,10.7
603159,上海亚虹,26.61,0.15054572826495727,0.03999999999999915,111850203.0,4183860,0,26.61,27.32,26.0,26.57
603160,汇顶科技,80.58,-2.798552472858875,-2.3200000000000074,710112329.0,8708584,0,82.95,83.11,80.33,82.9
603161,科华控股,13.75,-0.8651766402307082,-0.11999999999999922,68979289.0,4967616,0,13.88,14.06,13.72,13.87
603162,海通发展,12.05,-2.4291497975708416,-0.29999999999999893,181076984.0,14823982,0,12.34,12.43,12.01,12.35
603163,圣晖集成,72.26,-2.954606500134285,-2.1999999999999886,394549366.0,5280225,0,74.23,77.38,71.75,74.46
603165,荣晟环保,13.33,3.0139103554868667,0.39000000000000057,105824894.0,8005812,0,12.95,13.49,12.83,12.94
603166,福达股份,15.82,-1.4943960149439506,-0.23999999999999844,363237264.0,22794314,0,16.0,16.12,15.7,16.06
603167,渤海轮渡,9.33,-0.6389776357827529,-0.0600000000000005,69782633.0,7447200,0,9.4,9.42,9.31,9.39
603168,莎普爱思,7.67,-0.9043927648578847,-0.07000000000000028,85011203.0,11001640,0,7.69,7.84,7.58,7.74
603169,兰石重装,12.09,-9.977661950856291,-1.3399999999999999,2233727915.0,178767406,0,13.38,13.39,12.09,13.43
603170,宝立食品,15.17,-2.631578947368422,-0.41000000000000014,80675364.0,5254700,0,15.58,15.6,15.15,15.58
603171,税友股份,80.68,3.210950492516317,2.510000000000005,1389025612.0,16669845,0,85.99,85.99,80.0,78.17
603172,万丰股份,18.03,0.7825600894354419,0.14000000000000057,48342954.0,2665000,0,17.95,18.4,17.77,17.89
603173,福斯达,45.15,-0.46296296296296485,-0.21000000000000085,128863354.0,2836947,0,45.45,46.6,44.54,45.36
603176,汇通集团,5.47,-0.9057971014492723,-0.04999999999999982,20880301.0,3806300,0,5.52,5.54,5.43,5.52
603177,德创环保,11.73,1.9113814074717694,0.22000000000000064,116352019.0,9863377,0,11.54,12.06,11.47,11.51
603178,圣龙股份,19.05,-1.3464526152252616,-0.259999999999998,102379218.0,5317600,0,19.32,19.41,19.01,19.31
603179,新泉股份,83.34,-1.0683760683760584,-0.8999999999999915,1200776099.0,14264751,0,84.24,86.06,82.36,84.24
603180,金牌家居,20.45,-0.14648437500000555,-0.030000000000001137,35743405.0,1741004,0,20.54,20.69,20.38,20.48
603181,皇马科技,15.26,-2.6164645820038297,-0.41000000000000014,185838417.0,12056658,0,15.68,15.68,15.23,15.67
603182,嘉华股份,15.78,0.6377551020408141,0.09999999999999964,41814252.0,2648600,0,15.68,16.0,15.62,15.68
603183,建研院,4.43,-0.6726457399103195,-0.03000000000000025,46540902.0,10445445,0,4.47,4.51,4.4,4.46
603185,弘元绿能,27.2,-3.7508846426043956,-1.0600000000000023,1063286794.0,38854048,0,27.81,28.22,26.81,28.26
603186,华正新材,56.09,-1.4408715515726467,-0.8199999999999932,454458133.0,8090477,0,57.2,57.49,55.18,56.91
603187,海容冷链,15.83,0.5079365079365084,0.08000000000000007,126972978.0,7901700,0,15.76,16.43,15.73,15.75
603188,亚邦股份,4.66,0.6479481641468736,0.03000000000000025,110715821.0,23615800,0,4.66,4.82,4.58,4.63
603189,网达软件,22.29,-0.3130590339892678,-0.07000000000000028,431604365.0,19230100,0,22.59,23.19,21.5,22.36
603190,亚通精工,28.32,4.04114621601764,1.1000000000000014,226920579.0,8047457,0,27.22,29.17,26.9,27.22
603191,望变电气,17.38,4.321728691476584,0.7199999999999989,568171470.0,33109697,0,16.58,18.14,16.3,16.66
603192,汇得科技,25.94,-4.527051895472949,-1.2300000000000004,152111729.0,5794532,0,27.17,27.17,25.81,27.17
603193,润本股份,25.07,-1.0264508487958866,-0.259999999999998,76156379.0,3015844,0,25.42,25.45,25.01,25.33
603194,中力股份,39.88,0.25138260432378434,0.10000000000000142,92808539.0,2328998,0,39.93,40.2,39.31,39.78
603195,公牛集团,41.94,0.5755395683453114,0.23999999999999488,201673390.0,4819751,0,41.88,42.13,41.56,41.7
603196,日播时尚,25.55,1.5904572564612411,0.40000000000000213,142783285.0,5485200,0,25.0,27.0,24.95,25.15
603197,保隆科技,38.62,-2.2278481012658293,-0.8800000000000026,261508623.0,6721234,0,39.25,39.48,38.6,39.5
603198,迎驾贡酒,39.52,-1.6426082628173138,-0.6599999999999966,227216697.0,5692031,0,40.13,40.35,39.44,40.18
603199,九华旅游,38.44,-0.15584415584416175,-0.060000000000002274,61984370.0,1608000,0,38.38,38.9,38.22,38.5
603200,上海洗霸,76.62,-4.224999999999994,-3.3799999999999955,651832909.0,8365416,0,80.0,80.36,76.51,80.0
603201,常润股份,17.22,-0.23174971031287772,-0.0400000000000027,27271154.0,1578020,0,17.27,17.45,17.11,17.26
603203,快克智能,35.9,-2.126499454743733,-0.7800000000000011,139683407.0,3849804,0,36.58,36.88,35.81,36.68
603205,健尔康,28.39,-0.8036338225017484,-0.23000000000000043,66429372.0,2321393,0,28.74,28.86,28.35,28.62
603206,嘉环科技,18.51,0.21656740660532053,0.0400000000000027,193650195.0,10485100,0,18.47,18.75,18.12,18.47
603207,小方制药,29.93,0.5374538125629834,0.16000000000000014,74542519.0,2472646,0,29.89,30.59,29.74,29.77
603208,江山欧派,14.74,-0.4054054054054087,-0.0600000000000005,39524962.0,2671458,0,14.8,14.89,14.66,14.8
603209,兴通股份,15.33,-1.2878300064391455,-0.1999999999999993,101168818.0,6545420,0,15.52,15.58,15.31,15.53
603211,晋拓股份,22.38,-4.806465333900478,-1.1300000000000026,270158707.0,11918368,0,23.5,23.5,22.0,23.51
603212,赛伍技术,14.33,-5.847568988173459,-0.8900000000000006,614959159.0,42532331,0,15.1,15.1,14.1,15.22
603213,镇洋发展,13.6,3.030303030303033,0.40000000000000036,169151063.0,12316399,0,13.71,13.95,13.53,13.2
603214,爱婴室,17.45,-1.300904977375568,-0.23000000000000043,112806214.0,6402700,0,17.71,17.85,17.41,17.68
603215,比依股份,20.83,-3.341067285382842,-0.7200000000000024,114139133.0,5408300,0,21.54,21.68,20.76,21.55
603216,梦天家居,44.83,0.06696428571428825,0.030000000000001137,168013664.0,3706742,0,46.0,46.5,43.9,44.8
603217,元利科技,25.4,-4.259329061439889,-1.1300000000000026,82255974.0,3196760,0,26.53,26.58,25.28,26.53
603218,日月股份,13.5,-1.3157894736842086,-0.17999999999999972,188013130.0,13891392,0,13.65,13.66,13.43,13.68
603219,富佳股份,17.5,-0.9620826259196474,-0.1700000000000017,83398223.0,4752980,0,17.6,17.75,17.34,17.67
603220,中贝通信,23.78,-2.819779321618299,-0.6899999999999977,461484735.0,19243736,0,24.66,24.67,23.65,24.47
603221,爱丽家居,13.16,-1.6442451420029942,-0.22000000000000064,112211532.0,8468000,0,13.4,13.43,13.12,13.38
603222,济民健康,9.73,-1.0172939979654083,-0.09999999999999964,239377268.0,24204234,0,9.87,10.05,9.7,9.83
603223,恒通股份,9.51,0.3164556962025249,0.02999999999999936,95353885.0,9966032,0,9.49,9.72,9.44,9.48
603225,新凤鸣,19.72,0.921187308085976,0.17999999999999972,291472866.0,14728310,0,19.39,20.18,19.34,19.54
603226,菲林格尔,29.98,0.10016694490818409,0.030000000000001137,145539161.0,4760560,0,30.18,31.34,29.91,29.95
603227,雪峰科技,8.45,-0.4711425206124962,-0.040000000000000924,107227737.0,12617164,0,8.5,8.57,8.41,8.49
603228,景旺电子,70.09,-2.652777777777773,-1.9099999999999966,1647620872.0,23213812,0,71.3,72.6,69.71,72.0
603229,奥翔药业,10.32,1.176470588235304,0.120000000000001,168457705.0,16219204,0,10.22,10.51,10.21,10.2
603230,内蒙新华,12.84,-2.2086824067022155,-0.2900000000000009,102854039.0,7936600,0,13.14,13.18,12.79,13.13
603231,索宝蛋白,18.85,0.533333333333341,0.10000000000000142,77819056.0,4109547,0,18.75,19.09,18.65,18.75
603232,格尔软件,25.2,-5.7239057239057285,-1.5300000000000011,1237545615.0,47408006,0,27.87,28.0,25.04,26.73
603233,大参林,18.5,-0.21574973031283254,-0.03999999999999915,106620527.0,5735440,0,18.4,18.8,18.4,18.54
603235,天新药业,27.14,0.3327171903881695,0.08999999999999986,27061473.0,994150,0,27.09,27.38,26.99,27.05
603236,移远通信,101.95,-4.326201201201201,-4.609999999999999,1267996046.0,12349780,0,106.0,106.04,100.8,106.56
603237,五芳斋,16.94,-0.4700352526439383,-0.0799999999999983,31124819.0,1828640,0,17.01,17.08,16.92,17.02
603238,诺邦股份,17.93,-0.9939260077305341,-0.17999999999999972,46797878.0,2587375,0,18.15,18.32,17.76,18.11
603239,浙江仙通,21.58,1.6486104569006024,0.34999999999999787,248560162.0,11403200,0,21.35,22.5,20.89,21.23
603255,鼎际得,29.87,-0.5328005328005332,-0.16000000000000014,39937134.0,1327400,0,30.05,30.54,29.73,30.03
603256,宏和科技,35.72,-5.552617662612378,-2.1000000000000014,648728495.0,17653709,0,37.83,37.91,35.61,37.82
603258,电魂网络,20.3,1.145989038365722,0.23000000000000043,214287608.0,10515700,0,20.16,21.0,19.7,20.07
603259,药明康德,104.52,5.918119173084707,5.839999999999989,9446610475.0,90471534,0,101.8,106.5,101.66,98.68
603260,合盛硅业,53.76,-1.9693654266958522,-1.0800000000000054,707080277.0,13028510,0,54.7,55.0,53.61,54.84
603261,*ST立航,27.87,-4.652754019842625,-1.3599999999999994,72968021.0,2604500,0,28.8,28.9,27.77,29.23
603266,天龙股份,22.88,-0.43516100957354836,-0.10000000000000142,218500331.0,9416480,0,23.0,23.62,22.82,22.98
603267,鸿远电子,56.29,-6.1833333333333345,-3.710000000000001,880274178.0,15386886,0,59.38,59.38,56.06,60.0
603268,*ST松发,92.4,5.000000000000006,4.400000000000006,340109093.0,3779560,0,88.6,92.4,87.55,88.0
603269,海鸥股份,13.28,-3.206997084548114,-0.4400000000000013,194242652.0,14471478,0,13.8,13.8,13.24,13.72
603270,金帝股份,26.54,-1.4115898959881223,-0.38000000000000256,155930190.0,5806444,0,26.95,27.28,26.48,26.92
603271,永杰新材,40.83,-2.3672883787661454,-0.990000000000002,135304549.0,3254526,0,41.7,42.57,40.81,41.82
603272,联翔股份,21.54,0.8426966292134819,0.17999999999999972,73071190.0,3386516,0,21.32,23.49,21.03,21.36
603273,天元智能,20.08,-2.8543783260764557,-0.5900000000000034,65158833.0,3196966,0,20.6,20.67,20.06,20.67
603275,众辰科技,50.3,3.1583264971287925,1.5399999999999991,311708803.0,6145609,0,48.8,51.73,48.8,48.76
603276,恒兴新材,17.23,0.5250875145857634,0.08999999999999986,44499656.0,2566800,0,17.2,17.61,17.04,17.14
603277,银都股份,16.62,0.3623188405797239,0.060000000000002274,25751866.0,1547855,0,16.6,16.76,16.48,16.56
603278,大业股份,15.95,-9.988713318284423,-1.7699999999999996,909249623.0,56355410,0,17.72,17.72,15.95,17.72
603279,景津装备,16.88,-1.3442431326709552,-0.23000000000000043,103442910.0,6100934,0,17.08,17.13,16.8,17.11
603280,南方路机,38.12,-1.879021879021889,-0.730000000000004,92286216.0,2390501,0,38.86,39.12,38.01,38.85
603281,江瀚新材,30.55,3.6295793758480333,1.0700000000000003,192369715.0,6282094,0,29.6,31.15,29.47,29.48
603282,亚光股份,22.88,9.999999999999991,2.0799999999999983,138748560.0,6276098,0,20.9,22.88,20.8,20.8
603283,赛腾股份,43.65,-3.300841825431994,-1.490000000000002,590628884.0,13353126,0,45.2,45.25,43.58,45.14
603285,键邦股份,25.26,-0.355029585798816,-0.08999999999999986,82905499.0,3261455,0,25.36,25.69,25.1,25.35
603286,日盈电子,72.74,-2.7280021396095298,-2.0400000000000063,489187529.0,6553700,0,74.88,76.5,72.47,74.78
603288,海天味业,38.17,-0.3914405010438376,-0.14999999999999858,529306333.0,13811376,0,38.67,38.68,38.12,38.32
603289,泰瑞机器,10.45,0.09578544061302478,0.009999999999999787,50188850.0,4794310,0,10.46,10.58,10.3,10.44
603290,斯达半导,100.65,-3.499520613614565,-3.6499999999999915,552176310.0,5429032,0,104.2,104.2,100.0,104.3
603291,联合水务,10.82,-0.36832412523019475,-0.03999999999999915,56203538.0,5140700,0,10.87,11.03,10.73,10.86
603296,华勤技术,95.54,-1.7583547557840553,-1.7099999999999937,1072205649.0,11091080,0,97.0,98.48,95.38,97.25
603297,永新光学,112.2,-1.8544436668999218,-2.1199999999999903,255352600.0,2256142,0,113.78,114.98,111.52,114.32
603298,杭叉集团,27.96,1.267656646142707,0.3500000000000014,321389798.0,11457406,0,27.66,28.74,27.41,27.61
603299,苏盐井神,10.68,-1.0194624652455926,-0.10999999999999943,89344958.0,8354265,0,10.76,10.77,10.65,10.79
603300,海南华铁,7.85,-3.916768665850677,-0.3200000000000003,1041388847.0,130287981,0,8.13,8.19,7.83,8.17
603301,振德医疗,67.09,-0.13396844298898988,-0.09000000000000341,163349728.0,2416666,0,67.6,68.51,66.85,67.18
603303,得邦照明,13.63,-4.818435754189941,-0.6899999999999995,166741293.0,11949771,0,15.19,15.19,13.6,14.32
603305,旭升集团,21.23,1.047120418848162,0.21999999999999886,4616940370.0,218996333,0,22.06,22.45,19.8,21.01
603306,华懋科技,61.67,-2.405443899351157,-1.519999999999996,656710650.0,10502511,0,63.19,64.3,61.6,63.19
603307,扬州金泉,40.6,-2.3803798990141907,-0.990000000000002,81738380.0,2001313,0,41.0,41.2,40.55,41.59
603308,应流股份,43.69,-4.419164296652818,-2.020000000000003,978339215.0,22459491,0,45.0,45.24,42.69,45.71
603309,维力医疗,13.44,-0.7385524372230403,-0.09999999999999964,144128418.0,10605881,0,13.79,13.97,13.42,13.54
603310,巍华新材,17.1,-0.8120649651971986,-0.13999999999999702,49360675.0,2868268,0,17.24,17.27,17.07,17.24
603311,金海高科,14.1,-2.2869022869022873,-0.33000000000000007,101786946.0,7123841,0,14.4,14.47,14.08,14.43
603312,西典新能,47.57,-1.7757588271732385,-0.8599999999999994,198295524.0,4112730,0,48.63,49.05,47.13,48.43
603313,梦百合,9.34,-1.9937040923399738,-0.1899999999999995,113798052.0,11999064,0,9.55,9.6,9.33,9.53
603315,福鞍股份,15.09,-2.2034996759559293,-0.33999999999999986,164254366.0,10730300,0,15.45,15.58,15.08,15.43
603316,诚邦股份,15.84,3.937007874015746,0.5999999999999996,282970683.0,18063052,0,15.26,16.09,15.1,15.24
603317,天味食品,13.03,-1.8825301204819278,-0.25,81012960.0,6158152,0,13.2,13.29,12.95,13.28
603318,水发燃气,6.92,0.1447178002894325,0.009999999999999787,85710839.0,12361548,0,6.91,7.0,6.85,6.91
603319,美湖股份,37.69,8.27348463085319,2.8799999999999955,2046953228.0,54622699,0,34.81,38.29,34.63,34.81
603320,迪贝电气,18.84,-0.2118644067796565,-0.03999999999999915,51411644.0,2713382,0,18.9,19.12,18.7,18.88
603321,梅轮电梯,8.23,-0.9626955475330934,-0.08000000000000007,35678259.0,4300700,0,8.29,8.39,8.21,8.31
603322,超讯通信,40.41,-4.693396226415099,-1.990000000000002,501848397.0,12144323,0,42.85,42.85,40.23,42.4
603323,苏农银行,5.07,0.19762845849803706,0.010000000000000675,119636822.0,23562969,0,5.06,5.1,5.05,5.06
603324,盛剑科技,26.54,-0.1504890895410051,-0.03999999999999915,143640439.0,5357080,0,26.59,27.19,26.1,26.58
603325,博隆技术,83.77,-0.5697329376854646,-0.480000000000004,145391846.0,1711043,0,84.31,86.48,83.63,84.25
603326,我乐家居,9.05,-0.3303964757709181,-0.02999999999999936,48108407.0,5299380,0,9.05,9.14,8.97,9.08
603327,福蓉科技,11.15,-3.87931034482758,-0.4499999999999993,404428932.0,35887156,0,11.6,11.6,11.09,11.6
603328,依顿电子,11.13,-2.6246719160104894,-0.29999999999999893,261870311.0,23314535,0,11.41,11.44,11.1,11.43
603329,上海雅仕,11.22,-0.5319148936170099,-0.05999999999999872,33924495.0,3005680,0,11.3,11.39,11.17,11.28
603330,天洋新材,7.32,-0.9472259810554723,-0.0699999999999994,63806789.0,8650054,0,7.4,7.47,7.32,7.39
603331,百达精工,13.91,0.07194244604316392,0.009999999999999787,195102995.0,14064110,0,13.89,14.03,13.66,13.9
603332,苏州龙杰,13.43,-2.256186317321692,-0.3100000000000005,114220543.0,8359994,0,13.9,13.98,13.41,13.74
603333,尚纬股份,8.6,-3.1531531531531654,-0.28000000000000114,197303358.0,22866500,0,8.78,8.82,8.53,8.88
603335,迪生力,5.59,-0.17857142857142477,-0.009999999999999787,84983713.0,15121669,0,5.6,5.72,5.53,5.6
603336,宏辉果蔬,8.65,-1.9274376417233552,-0.16999999999999993,88823654.0,10176012,0,8.76,8.87,8.63,8.82
603337,杰克科技,48.73,-2.2663457681508277,-1.1300000000000026,212842946.0,4323335,0,50.33,50.33,48.43,49.86
603338,浙江鼎力,56.79,-1.0627177700348422,-0.6099999999999994,307577828.0,5383637,0,57.35,57.94,56.58,57.4
603339,四方科技,14.78,-0.7387508394895984,-0.11000000000000121,491691325.0,32902025,0,15.15,15.4,14.26,14.89
603341,龙旗科技,51.59,-0.4054054054053934,-0.20999999999999375,1450563528.0,27703049,0,52.29,53.57,51.16,51.8
603344,星德胜,35.21,-4.5023053973420035,-1.6599999999999966,289843244.0,7996863,0,36.8,38.02,35.0,36.87
603345,安井食品,85.77,-2.4897680763983603,-2.1899999999999977,417684968.0,4811421,0,87.2,88.49,85.68,87.96
603348,文灿股份,20.67,-0.1931434089811644,-0.03999999999999915,83409514.0,4010983,0,20.86,20.99,20.62,20.71
603350,安乃达,38.6,-0.5667181865018003,-0.21999999999999886,53018209.0,1367200,0,38.83,39.15,38.42,38.82
603351,威尔药业,26.95,0.7853403141361289,0.21000000000000085,22050612.0,816688,0,26.88,27.15,26.66,26.74
603353,和顺石油,27.7,0.0,0.0,250960668.0,8935380,0,27.92,28.55,27.66,27.7
603355,莱克电气,34.56,9.993634627625719,3.1400000000000006,158933047.0,4747551,0,31.8,34.56,31.54,31.42
603356,华菱精工,17.03,3.588807785888077,0.5899999999999999,140336331.0,8320244,0,16.46,17.53,16.1,16.44
603357,设计总院,8.29,-0.1204819277108622,-0.010000000000001563,52293330.0,6275654,0,8.3,8.37,8.26,8.3
603358,华达科技,55.59,-2.267932489451475,-1.2899999999999991,374971066.0,6668487,0,56.88,56.98,55.23,56.88
603359,东珠生态,7.9,-10.022779043280172,-0.879999999999999,538794991.0,67988784,0,7.9,8.28,7.9,8.78
603360,百傲化学,29.9,-2.7642276422764276,-0.8500000000000014,494280217.0,16488067,0,30.34,30.53,29.6,30.75
603363,傲农生物,4.45,0.2252252252252204,0.009999999999999787,471131736.0,104332020,0,4.43,4.63,4.43,4.44
603365,水星家纺,20.64,0.7812500000000007,0.16000000000000014,30301987.0,1467770,0,20.45,20.92,20.29,20.48
603366,日出东方,9.83,-3.4381139489194465,-0.34999999999999964,382386525.0,38454100,0,10.15,10.16,9.81,10.18
603367,辰欣药业,18.47,-0.5385029617662973,-0.10000000000000142,390434739.0,20794500,0,18.58,19.03,18.41,18.57
603368,柳药集团,18.58,-0.05379236148467759,-0.010000000000001563,176745023.0,9451810,0,18.59,18.83,18.54,18.59
603369,今世缘,35.28,-1.5899581589958165,-0.5700000000000003,285293081.0,8020856,0,35.96,35.96,35.27,35.85
603373,安邦护卫,39.98,-1.5270935960591245,-0.6200000000000045,66624383.0,1654526,0,40.61,40.77,39.8,40.6
603375,盛景微,38.08,-1.8809585158464415,-0.730000000000004,83129980.0,2166399,0,38.86,38.88,38.03,38.81
603377,ST东时,4.0,-1.960784313725492,-0.08000000000000007,41966994.0,10343488,0,4.16,4.16,4.0,4.08
603378,亚士创能,6.92,-1.4245014245014196,-0.09999999999999964,42242372.0,6070877,0,7.03,7.05,6.91,7.02
603379,三美股份,56.63,-1.1175135323904324,-0.6400000000000006,428006765.0,7534691,0,57.0,57.62,56.35,57.27
603380,易德龙,39.04,-2.7888446215139377,-1.1199999999999974,154815335.0,3928100,0,40.16,40.18,38.72,40.16
603381,永臻股份,20.34,-1.2141816415735796,-0.25,64217777.0,3150594,0,20.64,20.64,20.25,20.59
603383,顶点软件,39.97,-2.273838630806845,-0.9299999999999997,393619378.0,9733647,0,40.89,41.26,39.6,40.9
603385,惠达卫浴,6.86,-0.7235890014471754,-0.04999999999999982,33289003.0,4810170,0,6.91,7.01,6.83,6.91
603386,骏亚科技,15.54,-3.955500618046975,-0.6400000000000006,320904486.0,20455600,0,16.24,16.28,15.48,16.18
603387,基蛋生物,8.66,2.122641509433959,0.17999999999999972,131968590.0,15218545,0,8.49,8.77,8.49,8.48
603388,*ST元成,0.58,0.0,0.0,0.0,0,0,0.0,0.0,0.0,0.58
603389,*ST亚振,45.4,0.1323334803705231,0.05999999999999517,101358323.0,2202320,0,45.34,47.29,45.3,45.34
603390,通达电气,13.14,-2.377414561664192,-0.3200000000000003,108930544.0,8225000,0,13.5,13.52,13.12,13.46
603391,力聚热能,63.44,0.6504838965571895,0.4099999999999966,76508169.0,1200500,0,63.03,64.88,62.68,63.03
603392,万泰生物,47.05,-0.67553303778763,-0.3200000000000003,259173988.0,5455147,0,47.21,48.11,46.8,47.37
603393,新天然气,27.86,-0.10756543564001841,-0.030000000000001137,124303829.0,4454636,0,27.91,28.11,27.72,27.89
603395,红四方,30.36,-0.9461663947797688,-0.28999999999999915,96377618.0,3161536,0,30.69,30.7,30.32,30.65
603396,金辰股份,36.37,-5.187695516162675,-1.990000000000002,633763575.0,16963074,0,38.87,39.22,36.29,38.36
603398,*ST沐邦,8.44,-4.954954954954969,-0.4400000000000013,139195950.0,16429908,0,8.6,8.79,8.44,8.88
603399,永杉锂业,11.47,0.2622377622377722,0.030000000000001137,425643214.0,36610795,0,11.47,11.99,11.28,11.44
603408,建霖家居,12.77,-1.3137557959814523,-0.16999999999999993,59748280.0,4627800,0,12.94,13.06,12.73,12.94
603409,汇通控股,37.31,-0.5597014925373156,-0.21000000000000085,59792566.0,1593039,0,37.3,37.89,37.2,37.52
603416,信捷电气,64.44,1.5762925598991173,1.0,477479997.0,7327765,0,65.88,66.47,63.78,63.44
603421,鼎信通讯,7.21,-3.8666666666666667,-0.29000000000000004,134940831.0,18500522,0,7.49,7.5,7.2,7.5
603429,集友股份,10.75,-1.8264840182648339,-0.1999999999999993,128157208.0,11807288,0,10.93,11.02,10.73,10.95
603439,三力制药,11.95,0.08375209380234327,0.009999999999999787,74339156.0,6188700,0,11.95,12.09,11.88,11.94
603444,吉比特,476.77,0.14703720041170176,0.6999999999999886,1339242882.0,2769173,0,477.35,493.93,471.01,476.07
603456,九洲药业,19.64,1.0288065843621363,0.1999999999999993,731781401.0,36863865,0,19.57,20.15,19.56,19.44
603458,勘设股份,11.88,-2.382908792111743,-0.28999999999999915,158527353.0,13335777,0,12.06,12.12,11.67,12.17
603466,风语筑,10.62,-2.029520295202958,-0.22000000000000064,484844099.0,45015956,0,11.07,11.11,10.52,10.84
603477,巨星农牧,17.4,-1.5280135823429717,-0.2700000000000031,126578022.0,7221022,0,17.67,17.68,17.36,17.67
603486,科沃斯,83.22,-3.0747728860936414,-2.6400000000000006,621710942.0,7365385,0,86.0,86.49,82.68,85.86
603488,展鹏科技,11.74,10.028116213683226,1.0700000000000003,646417205.0,58706305,0,10.57,11.74,10.05,10.67
603489,八方股份,30.98,0.0,0.0,149706874.0,4803731,0,31.01,31.7,30.6,30.98
603496,恒为科技,36.41,2.592279515356423,0.9199999999999946,3470358597.0,93329281,0,39.04,39.04,34.8,35.49
603499,翔港科技,22.35,-2.1024967148488694,-0.4799999999999969,185623166.0,8153236,0,22.8,23.31,22.31,22.83
603500,祥和实业,12.67,0.8757961783439445,0.10999999999999943,128468813.0,10111626,0,12.64,12.83,12.52,12.56
603501,豪威集团,128.28,-3.946087607637596,-5.27000000000001,3304442428.0,25343965,0,133.8,134.66,128.0,133.55
603505,金石资源,19.38,1.5191199580932382,0.28999999999999915,325941312.0,16875490,0,19.1,19.72,18.94,19.09
603506,南都物业,13.68,2.0895522388059655,0.27999999999999936,94879476.0,6966180,0,13.39,13.96,13.25,13.4
603507,振江股份,28.42,-3.5302104548540365,-1.0399999999999991,266827706.0,9305297,0,29.59,29.61,28.3,29.46
603508,思维列控,27.38,-1.1195377392560573,-0.3100000000000023,214656989.0,7785729,0,27.68,27.77,27.33,27.69
603511,爱慕股份,16.89,1.0167464114832638,0.1700000000000017,59536201.0,3530858,0,16.69,17.03,16.48,16.72
603515,欧普照明,18.76,0.7518796992481233,0.14000000000000057,54478291.0,2882365,0,18.81,19.16,18.64,18.62
603516,淳中科技,261.35,7.330595482546211,17.850000000000023,2378298612.0,9157324,0,246.2,267.6,242.66,243.5
603517,ST绝味,13.03,-1.2130401819560286,-0.16000000000000014,96585533.0,7362661,0,13.18,13.19,13.01,13.19
603518,锦泓集团,10.04,0.39999999999999153,0.03999999999999915,139027104.0,13806840,0,10.01,10.18,9.94,10.0
603519,立霸股份,12.31,-0.08116883116882943,-0.009999999999999787,34861742.0,2827420,0,12.36,12.38,12.24,12.32
603520,司太立,10.25,-1.1571841851494622,-0.11999999999999922,142928065.0,13776580,0,10.37,10.52,10.24,10.37
603527,众源新材,11.27,-1.9147084421235911,-0.22000000000000064,157277425.0,13852576,0,11.4,11.48,11.24,11.49
603528,多伦科技,10.95,-3.7785588752196966,-0.4300000000000015,402484239.0,36325793,0,11.39,11.46,10.8,11.38
603529,爱玛科技,30.58,0.6583278472679371,0.1999999999999993,236364609.0,7741515,0,30.37,30.69,30.21,30.38
603530,神马电力,45.03,6.077738515901056,2.5799999999999983,640455292.0,14618635,0,42.45,46.39,41.37,42.45
603533,掌阅科技,27.43,-4.391774137330085,-1.2600000000000016,1678125134.0,59846549,0,29.5,29.7,26.3,28.69
603535,嘉诚国际,10.42,-1.1385199240986643,-0.11999999999999922,71229547.0,6804254,0,10.54,10.56,10.41,10.54
603536,惠发食品,11.38,-3.0664395229982917,-0.35999999999999943,121830281.0,10525200,0,11.58,11.77,11.33,11.74
603538,美诺华,21.11,-0.2834199338686928,-0.060000000000002274,229612810.0,10689087,0,21.21,21.86,21.06,21.17
603551,奥普科技,11.28,-0.4413062665489913,-0.05000000000000071,60864908.0,5377603,0,11.34,11.41,11.25,11.33
603556,海兴电力,37.39,2.1863897239682895,0.7999999999999972,304690909.0,8207424,0,36.51,37.94,36.26,36.59
603557,ST起步,2.66,0.3773584905660465,0.010000000000000231,27759715.0,10422300,0,2.65,2.7,2.64,2.65
603558,健盛集团,11.09,0.5439709882139664,0.0600000000000005,62009405.0,5554950,0,11.05,11.28,11.04,11.03
603559,ST通脉,6.67,0.45180722891566644,0.03000000000000025,49374997.0,7337101,0,6.64,6.89,6.58,6.64
603565,中谷物流,10.09,0.09920634920634709,0.009999999999999787,155971818.0,15405103,0,10.1,10.18,10.07,10.08
603566,普莱柯,13.04,0.539707016191199,0.06999999999999851,96970686.0,7403375,0,13.01,13.24,12.93,12.97
603567,珍宝岛,9.54,-2.053388090349087,-0.20000000000000107,76412568.0,7957800,0,9.72,9.74,9.52,9.74
603568,伟明环保,25.14,-0.15885623510722457,-0.03999999999999915,131067179.0,5175654,0,25.18,25.78,25.02,25.18
603569,长久物流,7.86,-0.7575757575757527,-0.05999999999999961,57003368.0,7199380,0,7.96,7.97,7.83,7.92
603577,汇金通,10.64,-0.9310986964618215,-0.09999999999999964,133313287.0,12419810,0,10.75,10.89,10.54,10.74
603578,三星新材,12.73,0.3943217665615198,0.05000000000000071,49016084.0,3837794,0,12.66,12.91,12.63,12.68
603579,荣泰健康,27.2,-2.8224365844944597,-0.7899999999999991,699753246.0,24496526,0,28.32,29.85,27.12,27.99
603580,*ST艾艾,16.02,-1.4760147601476137,-0.240000000000002,19458190.0,1211700,0,16.14,16.24,15.95,16.26
603583,捷昌驱动,38.43,-1.0556127703398652,-0.4100000000000037,365222954.0,9429488,0,39.03,39.2,38.22,38.84
603585,苏利股份,19.74,1.178882624295217,0.22999999999999687,161004384.0,8071300,0,19.57,20.28,19.33,19.51
603586,金麒麟,19.16,-1.084150748580283,-0.21000000000000085,51255508.0,2662209,0,19.35,19.4,19.09,19.37
603587,地素时尚,13.14,-0.6802721088435364,-0.08999999999999986,35178255.0,2664119,0,13.28,13.28,13.11,13.23
603588,高能环境,8.82,-1.2318029115341482,-0.10999999999999943,534068484.0,59832063,0,8.92,9.09,8.79,8.93
603589,口子窖,30.01,-1.2179065174456796,-0.36999999999999744,174368343.0,5778250,0,30.36,30.37,29.96,30.38
603590,康辰药业,43.76,-0.022846698652056466,-0.010000000000005116,318321924.0,7248937,0,43.81,44.36,43.38,43.77
603595,ST东尼,17.1,-2.341519131924615,-0.41000000000000014,86236704.0,5018100,0,17.51,17.51,17.09,17.51
603596,伯特利,56.8,0.5487696937510977,0.30999999999999517,1350204267.0,23814832,0,56.11,57.77,55.66,56.49
603598,引力传媒,31.37,9.992987377279107,2.8500000000000014,806665225.0,25733099,0,31.37,31.37,30.88,28.52
603599,广信股份,11.9,-0.0839630562552459,-0.009999999999999787,130693360.0,10894285,0,11.85,12.12,11.85,11.91
603600,永艺股份,11.61,0.9565217391304299,0.10999999999999943,70671355.0,6113150,0,11.46,11.64,11.41,11.5
603601,再升科技,13.18,-9.97267759562842,-1.4600000000000009,1248710939.0,93715400,0,13.83,13.9,13.18,14.64
603602,纵横通信,16.45,-0.12143290831815165,-0.019999999999999574,564220313.0,34777939,0,16.4,16.78,15.71,16.47
603605,珀莱雅,70.06,-0.2988473032588498,-0.20999999999999375,357157107.0,5094161,0,70.25,70.5,69.82,70.27
603606,东方电缆,59.33,-0.11784511784511834,-0.07000000000000028,675370574.0,11434752,0,59.39,60.1,58.02,59.4
603607,京华激光,27.13,-1.3454545454545492,-0.370000000000001,230584497.0,8469056,0,27.55,28.0,26.54,27.5
603608,天创时尚,10.4,5.906313645621182,0.5800000000000001,626860695.0,61010690,0,9.87,10.65,9.63,9.82
603609,禾丰股份,7.28,-0.5464480874316944,-0.040000000000000036,37819594.0,5185900,0,7.35,7.35,7.26,7.32
603610,麒盛科技,18.7,-2.8571428571428608,-0.5500000000000007,188229928.0,9895260,0,19.27,19.38,18.67,19.25
603611,诺力股份,23.9,-0.3336113427856624,-0.08000000000000185,154309384.0,6391180,0,24.02,24.5,23.83,23.98
603612,索通发展,25.9,-3.1413612565445024,-0.8399999999999999,460729377.0,17561989,0,26.76,26.78,25.82,26.74
603613,国联股份,29.48,-0.37174721189590887,-0.10999999999999943,616902115.0,20666739,0,29.87,30.45,29.34,29.59
603615,茶花股份,24.91,1.4250814332247614,0.3500000000000014,121220079.0,4885700,0,24.61,25.18,24.25,24.56
603616,韩建河山,5.57,-0.7130124777183606,-0.040000000000000036,108178765.0,19255300,0,5.6,5.7,5.51,5.61
603617,君禾股份,7.75,-1.1479591836734675,-0.08999999999999986,139695723.0,17944917,0,7.82,7.88,7.71,7.84
603618,杭电股份,8.36,-1.8779342723004713,-0.16000000000000014,319901883.0,38017298,0,8.51,8.6,8.25,8.52
603619,中曼石油,25.21,3.192795742939014,0.7800000000000011,633412950.0,25033771,0,24.58,26.35,24.52,24.43
603626,科森科技,19.67,-4.0019521717911015,-0.8199999999999967,1383498862.0,68088421,0,20.37,21.0,19.4,20.49
603628,清源股份,13.7,-1.438848920863317,-0.20000000000000107,166478759.0,12144435,0,13.89,13.95,13.58,13.9
603629,利通电子,27.91,-2.3442967109866975,-0.6699999999999982,379608454.0,13455595,0,28.59,28.74,27.82,28.58
603630,拉芳家化,22.56,4.20323325635104,0.9100000000000001,270248641.0,12011070,0,21.66,23.75,21.25,21.65
603633,徕木股份,9.9,-3.036238981390798,-0.3100000000000005,153549933.0,15334791,0,10.2,10.21,9.89,10.21
603636,南威软件,13.04,-1.584905660377365,-0.21000000000000085,469513754.0,35724860,0,13.44,13.48,12.82,13.25
603637,镇海股份,11.28,-0.9657594381036102,-0.11000000000000121,94379217.0,8270610,0,11.41,11.55,11.24,11.39
603638,艾迪精密,19.64,-0.30456852791877526,-0.05999999999999872,131125893.0,6654612,0,19.68,19.87,19.52,19.7
603639,海利尔,13.0,0.23130300693908526,0.02999999999999936,28483773.0,2189026,0,12.96,13.09,12.87,12.97
603648,畅联股份,10.85,1.973684210526307,0.20999999999999908,74880544.0,6941800,0,10.64,10.89,10.63,10.64
603650,彤程新材,53.97,-4.747617366749026,-2.6899999999999977,2576912040.0,45851375,0,56.8,59.96,53.51,56.66
603655,朗博科技,43.08,-1.4638609332113461,-0.6400000000000006,140673022.0,3195900,0,44.0,45.77,43.0,43.72
603656,泰禾智能,22.89,-1.5907136715391272,-0.370000000000001,69485830.0,3006460,0,23.27,23.34,22.83,23.26
603657,春光科技,30.16,-2.173207914369115,-0.6699999999999982,88733677.0,2893000,0,30.83,31.16,30.1,30.83
603658,安图生物,37.47,0.2139609521262324,0.0799999999999983,159126768.0,4234790,0,37.5,37.84,37.24,37.39
603659,璞泰来,26.66,-1.0760667903525014,-0.28999999999999915,798832593.0,29668454,0,26.96,27.38,26.57,26.95
603660,苏州科达,11.9,-2.6186579378068764,-0.3200000000000003,389806691.0,32095853,0,12.38,12.43,11.85,12.22
603661,恒林股份,31.92,0.18832391713748362,0.060000000000002274,36658654.0,1140888,0,31.83,32.47,31.69,31.86
603662,柯力传感,68.75,-2.3992049971607012,-1.6899999999999977,589399961.0,8457106,0,70.4,71.0,68.43,70.44
603663,三祥新材,36.52,-1.8279569892473109,-0.6799999999999997,742433444.0,19711828,0,37.9,39.5,36.37,37.2
603665,康隆达,30.34,-0.5245901639344267,-0.16000000000000014,86484560.0,2821260,0,30.37,31.57,30.1,30.5
603666,亿嘉和,32.46,0.12338062924120649,0.03999999999999915,404323188.0,12387099,0,32.44,33.1,31.7,32.42
603667,五洲新春,82.36,2.565379825653801,2.0600000000000023,5742136364.0,70017257,0,78.6,88.0,74.74,80.3
603668,天马科技,16.62,-2.807017543859651,-0.4800000000000004,270253167.0,16137850,0,17.0,17.07,16.56,17.1
603669,灵康药业,4.94,1.8556701030927991,0.09000000000000075,106799169.0,21383591,0,4.88,5.23,4.86,4.85
603676,卫信康,11.22,0.3577817531305986,0.040000000000000924,30669268.0,2713000,0,11.17,11.4,11.17,11.18
603677,奇精机械,18.1,-0.4400440044004307,-0.0799999999999983,64937408.0,3548670,0,18.21,18.54,18.03,18.18
603678,火炬电子,39.61,-6.359338061465716,-2.6899999999999977,1543714062.0,38816502,0,42.08,42.1,38.91,42.3
603679,华体科技,17.47,-2.0190689848569794,-0.35999999999999943,328160727.0,18623796,0,17.85,18.31,17.28,17.83
603680,今创集团,16.66,-6.509539842873177,-1.1600000000000001,191396025.0,11306482,0,17.83,17.92,16.52,17.82
603681,永冠新材,20.29,1.2980529206190614,0.259999999999998,196530534.0,9691005,0,20.1,20.75,19.7,20.03
603682,锦和商管,7.59,9.999999999999993,0.6899999999999995,146483968.0,20144592,0,6.96,7.59,6.94,6.9
603683,晶华新材,27.49,3.931947069943286,1.0399999999999991,543248755.0,19950788,0,26.44,27.9,26.0,26.45
603685,晨丰科技,18.32,-1.7694369973190258,-0.3299999999999983,48938954.0,2647887,0,18.62,18.75,18.3,18.65
603686,福龙马,25.54,-10.007047216349543,-2.84,2573640226.0,96132256,0,28.5,28.52,25.54,28.38
603687,大胜达,10.39,-3.8852913968547633,-0.41999999999999993,175888800.0,16639200,0,10.69,10.81,10.37,10.81
603688,石英股份,38.46,-2.162299669295348,-0.8500000000000014,431096040.0,11108030,0,39.54,39.55,38.3,39.31
603689,皖天然气,8.33,0.24067388688326802,0.019999999999999574,32258529.0,3869870,0,8.33,8.38,8.29,8.31
603690,至纯科技,31.38,-3.594470046082944,-1.1699999999999982,742373275.0,23223138,0,32.51,32.69,31.31,32.55
603693,江苏新能,12.56,0.6410256410256416,0.08000000000000007,98113921.0,7843946,0,12.47,12.65,12.33,12.48
603696,安记食品,25.89,-1.9318181818181746,-0.509999999999998,1346176259.0,51036336,0,25.61,28.5,25.08,26.4
603697,有友食品,12.96,-1.8925056775170324,-0.25,69951530.0,5337180,0,13.19,13.25,12.9,13.21
603698,航天工程,43.56,-9.999999999999993,-4.839999999999996,944455703.0,21357714,0,46.6,47.0,43.56,48.4
603699,纽威股份,51.34,-1.8167909734174714,-0.9499999999999957,301096461.0,5846776,0,51.85,52.83,50.5,52.29
603700,宁水集团,13.76,-0.2898550724637748,-0.040000000000000924,53579984.0,3853500,0,13.86,14.09,13.7,13.8
603701,德宏股份,20.51,-0.29168692270295926,-0.05999999999999872,92484113.0,4454158,0,20.49,21.1,20.46,20.57
603703,盛洋科技,17.59,-6.931216931216926,-1.3099999999999987,1862428321.0,103536543,0,19.0,20.0,17.01,18.9
603706,东方环宇,19.86,0.05037783375313858,0.00999999999999801,29879584.0,1498600,0,19.88,20.07,19.77,19.85
603707,健友股份,9.59,-0.10416666666666445,-0.009999999999999787,146318050.0,15168665,0,9.6,9.73,9.55,9.6
603708,家家悦,13.16,-1.423220973782768,-0.1899999999999995,528720019.0,39220671,0,13.5,13.9,13.06,13.35
603709,中源家居,17.17,0.7038123167155483,0.120000000000001,87614540.0,5099915,0,17.14,17.39,16.8,17.05
603711,香飘飘,13.72,-1.3659237958303343,-0.1899999999999995,78297457.0,5640900,0,13.88,14.11,13.71,13.91
603712,七一二,22.48,-5.067567567567564,-1.1999999999999993,1105630132.0,48571385,0,23.5,23.5,22.2,23.68
603713,密尔克卫,59.16,-0.8547008547008633,-0.5100000000000051,99060586.0,1655200,0,59.54,60.72,59.03,59.67
603716,塞力医疗,28.49,-2.062564455139228,-0.6000000000000014,1891352827.0,63863083,0,29.29,31.86,27.34,29.09
603717,天域生物,7.87,-1.0062893081761015,-0.08000000000000007,70084035.0,8832860,0,7.95,8.08,7.82,7.95
603718,海利生物,6.64,1.6845329249617063,0.10999999999999943,152322624.0,22768296,0,6.53,6.8,6.53,6.53
603719,良品铺子,12.05,-2.0325203252032518,-0.25,94005053.0,7686229,0,12.3,12.37,12.0,12.3
603721,*ST天择,20.74,-1.4726840855106995,-0.3100000000000023,32596392.0,1559680,0,21.02,21.24,20.7,21.05
603722,阿科力,41.92,-2.375407545412194,-1.019999999999996,63132617.0,1490200,0,42.91,42.99,41.86,42.94
603725,天安新材,9.6,-1.940755873340138,-0.1899999999999995,70399164.0,7226660,0,9.79,9.9,9.57,9.79
603726,朗迪集团,24.49,-4.522417153996102,-1.1600000000000001,224957298.0,9028569,0,25.55,25.99,24.39,25.65
603727,博迈科,15.32,2.2696929238985306,0.33999999999999986,107781670.0,7028667,0,15.09,15.6,15.03,14.98
603728,鸣志电器,72.98,-1.2449255751014907,-0.9200000000000017,1016358771.0,13713594,0,73.9,75.88,72.04,73.9
603729,龙韵股份,17.73,0.4532577903682824,0.08000000000000185,114628846.0,6493602,0,17.8,18.05,17.0,17.65
603730,岱美股份,8.26,-0.48192771084338454,-0.040000000000000924,193864442.0,23269232,0,8.29,8.46,8.22,8.3
603733,仙鹤股份,23.71,-2.0247933884297455,-0.48999999999999844,97024950.0,4071100,0,24.16,24.16,23.6,24.2
603737,三棵树,44.73,-1.627446668132839,-0.740000000000002,228851717.0,5093961,0,45.6,45.76,44.5,45.47
603738,泰晶科技,16.62,-2.579132473622496,-0.4399999999999977,350227310.0,20829337,0,17.06,17.1,16.55,17.06
603739,蔚蓝生物,16.74,9.98685939553218,1.5199999999999978,227910888.0,14190979,0,15.25,16.74,15.17,15.22
603755,日辰股份,39.13,3.3817701453104387,1.2800000000000011,152301405.0,3889641,0,38.1,40.35,37.64,37.85
603757,大元泵业,42.22,-3.7830446672743925,-1.6600000000000037,517448344.0,11951772,0,43.65,44.69,42.19,43.88
603758,秦安股份,16.53,-2.1893491124260205,-0.36999999999999744,160345061.0,9567625,0,17.1,17.1,16.51,16.9
603759,海天股份,10.83,-1.095890410958897,-0.11999999999999922,136347804.0,12487177,0,11.05,11.08,10.78,10.95
603766,隆鑫通用,14.68,-1.0114632501685796,-0.15000000000000036,393449437.0,26635489,0,14.89,15.12,14.62,14.83
603767,中马传动,24.17,-2.026753141467369,-0.5,282098002.0,11472700,0,24.69,25.08,24.12,24.67
603768,常青股份,11.87,-0.33585222502099854,-0.040000000000000924,35067747.0,2920700,0,12.01,12.26,11.85,11.91
603773,沃格光电,34.33,-8.477739269528126,-3.1799999999999997,523356376.0,14799250,0,37.4,37.4,34.14,37.51
603776,永安行,18.91,-1.7662337662337653,-0.33999999999999986,104779282.0,5497145,0,19.39,19.39,18.85,19.25
603777,来伊份,13.71,-2.696948190205813,-0.379999999999999,176050612.0,12635375,0,14.08,14.18,13.67,14.09
603778,国晟科技,24.97,6.5727699530516395,1.5399999999999991,2210761009.0,89784584,0,25.67,25.67,21.15,23.43
603779,威龙股份,6.61,-0.451807228915653,-0.02999999999999936,43976632.0,6629671,0,6.63,6.69,6.55,6.64
603786,科博达,81.9,-0.3770830799172705,-0.30999999999998806,283315534.0,3405599,0,82.21,84.42,81.0,82.21
603787,新日股份,13.57,-1.523947750362838,-0.20999999999999908,87980011.0,6423000,0,13.84,13.9,13.42,13.78
603788,宁波高发,16.47,-0.5434782608695644,-0.08999999999999986,47948595.0,2897140,0,16.62,16.67,16.42,16.56
603789,*ST星农,5.6,-1.4084507042253533,-0.08000000000000007,16680930.0,2974890,0,5.67,5.67,5.57,5.68
603790,雅运股份,19.25,-2.035623409669204,-0.3999999999999986,72929187.0,3695510,0,19.65,20.29,19.2,19.65
603797,联泰环保,4.88,0.41152263374484715,0.019999999999999574,41661281.0,8512236,0,4.86,4.95,4.82,4.86
603798,康普顿,16.39,-0.3041362530413668,-0.05000000000000071,89901087.0,5424786,0,16.49,16.86,16.28,16.44
603799,华友钴业,74.98,0.14692133030586274,0.10999999999999943,4941620624.0,65453023,0,74.01,77.5,73.75,74.87
603800,洪田股份,48.7,-2.6194761047790345,-1.3099999999999952,250486156.0,5111775,0,49.63,50.39,48.38,50.01
603801,志邦家居,9.36,0.0,0.0,43242983.0,4605322,0,9.37,9.45,9.32,9.36
603803,瑞斯康达,10.68,-6.806282722513099,-0.7800000000000011,437512711.0,40096606,0,11.3,11.33,10.67,11.46
603806,福斯特,14.04,-1.7494751574527643,-0.25,458398591.0,32612823,0,14.3,14.32,13.89,14.29
603808,歌力思,9.5,2.8138528138528116,0.2599999999999998,98943912.0,10421410,0,9.25,9.73,9.23,9.24
603809,豪能股份,14.3,-6.961613532856203,-1.0699999999999985,1167062773.0,80151379,0,15.35,15.35,14.25,15.37
603810,丰山集团,15.76,-1.0671688637790329,-0.16999999999999993,47591350.0,2997500,0,15.98,16.01,15.74,15.93
603811,诚意药业,11.49,1.0554089709762622,0.120000000000001,139230052.0,12032372,0,11.37,11.7,11.35,11.37
603813,*ST原尚,46.07,2.995752291526947,1.3400000000000034,101438530.0,2209200,0,46.97,46.97,43.5,44.73
603815,交建股份,7.73,-1.1508951406649597,-0.08999999999999986,187005550.0,23995100,0,7.9,7.94,7.71,7.82
603816,顾家家居,31.23,0.3212335367812445,0.10000000000000142,197884745.0,6288824,0,31.13,31.83,31.01,31.13
603817,海峡环保,6.97,-1.6925246826516236,-0.1200000000000001,178379104.0,25323917,0,7.09,7.11,6.95,7.09
603818,曲美家居,3.7,-0.2695417789757355,-0.009999999999999787,54341874.0,14577800,0,3.71,3.77,3.68,3.71
603819,神力股份,12.09,-0.0826446280991718,-0.009999999999999787,83958411.0,6874046,0,12.12,12.39,11.94,12.1
603822,ST嘉澳,110.99,-4.236410698878353,-4.910000000000011,346760942.0,3122600,0,113.51,113.59,110.11,115.9
603823,百合花,16.46,-1.2004801920768264,-0.1999999999999993,178514720.0,10587737,0,16.7,17.35,16.44,16.66
603825,ST华扬,9.65,0.10373443983402268,0.009999999999999787,145797615.0,14733400,0,9.99,10.12,9.62,9.64
603826,坤彩科技,17.9,0.7315700619020765,0.129999999999999,100573723.0,5609756,0,17.85,18.1,17.7,17.77
603828,ST柯利达,9.24,4.999999999999994,0.4399999999999995,1284905.0,139059,0,9.24,9.24,9.24,8.8
603829,洛凯股份,24.01,3.3577270770555363,0.7800000000000011,432098427.0,18098691,0,23.23,24.5,22.77,23.23
603833,欧派家居,55.65,1.1818181818181792,0.6499999999999986,334534243.0,6014190,0,54.7,56.4,54.43,55.0
603836,海程邦达,13.9,-0.429799426934101,-0.0600000000000005,53978876.0,3864000,0,14.0,14.11,13.85,13.96
603838,*ST四通,7.35,-1.342281879194638,-0.10000000000000053,16904867.0,2289828,0,7.43,7.47,7.32,7.45
603839,安正时尚,8.24,-0.9615384615384623,-0.08000000000000007,59404330.0,7124840,0,8.31,8.41,8.22,8.32
603843,*ST正平,6.15,-4.945904173106637,-0.3199999999999994,26593215.0,4324100,0,6.15,6.15,6.15,6.47
603848,好太太,19.01,-0.6792058516196395,-0.129999999999999,48135308.0,2515355,0,19.18,19.29,18.91,19.14
603855,华荣股份,19.84,-0.8495752123938115,-0.1700000000000017,50884452.0,2554770,0,19.96,20.05,19.81,20.01
603856,东宏股份,12.77,0.23547880690737333,0.02999999999999936,40641693.0,3179500,0,12.84,12.88,12.7,12.74
603858,步长制药,16.7,0.5418422636965675,0.08999999999999986,140318910.0,8364198,0,16.62,16.95,16.62,16.61
603859,能科科技,54.18,2.6136363636363686,1.3800000000000026,2169216009.0,40064831,0,55.0,57.8,51.0,52.8
603860,中公高科,31.45,0.3189792663476806,0.09999999999999787,38576577.0,1226000,0,31.35,31.79,31.03,31.35
603861,白云电器,13.31,2.30591852421215,0.3000000000000007,501112472.0,38093271,0,13.0,13.65,12.64,13.01
603863,松炀资源,18.91,-4.398382204246719,-0.870000000000001,165539525.0,8631600,0,19.7,19.9,18.86,19.78
603866,桃李面包,5.35,-0.3724394785847386,-0.020000000000000462,96435320.0,17967830,0,5.37,5.41,5.34,5.37
603867,新化股份,25.95,1.051401869158877,0.2699999999999996,272610018.0,10454046,0,25.68,26.67,25.4,25.68
603868,飞科电器,40.96,-1.5384615384615397,-0.6400000000000006,80692757.0,1951777,0,41.81,42.04,40.8,41.6
603869,ST智知,10.61,0.9514747859181698,0.09999999999999964,21567167.0,2041610,0,10.52,10.66,10.46,10.51
603871,嘉友国际,13.89,-1.1387900355871896,-0.16000000000000014,138899390.0,9864282,0,14.06,14.3,13.83,14.05
603876,鼎胜新材,16.17,-2.1186440677965974,-0.34999999999999787,728327392.0,44082391,0,16.41,17.12,16.06,16.52
603877,太平鸟,16.96,1.5568862275449196,0.26000000000000156,105873277.0,6245003,0,16.81,17.32,16.52,16.7
603878,武进不锈,8.27,-5.808656036446467,-0.5099999999999998,309236890.0,36885011,0,8.85,8.85,8.23,8.78
603879,永悦科技,7.06,-2.2160664819944618,-0.16000000000000014,155901596.0,21929944,0,7.39,7.39,7.0,7.22
603880,南卫股份,6.36,0.6329113924050638,0.040000000000000036,43671292.0,6858739,0,6.35,6.45,6.27,6.32
603881,数据港,35.14,-1.6512734396865278,-0.5899999999999963,2769387951.0,76500210,0,37.98,37.99,34.87,35.73
603882,金域医学,36.79,-0.6481231433972509,-0.240000000000002,2116881977.0,55395039,0,39.13,40.68,36.3,37.03
603883,老百姓,15.59,0.2572347266880974,0.03999999999999915,307228301.0,19585341,0,15.59,15.93,15.4,15.55
603885,吉祥航空,14.85,-2.2383146807109933,-0.33999999999999986,261149589.0,17467390,0,15.18,15.26,14.73,15.19
603886,元祖股份,13.82,-0.7183908045976987,-0.09999999999999964,135308070.0,9687200,0,13.91,14.13,13.78,13.92
603887,城地香江,14.8,-3.771131339401821,-0.5800000000000001,331759483.0,22112425,0,15.27,15.39,14.76,15.38
603888,新华网,26.91,10.016353229762876,2.4499999999999993,1952433055.0,72601818,0,26.91,26.91,26.14,24.46
603889,新澳股份,8.87,1.8369690011480866,0.15999999999999837,237141758.0,26257230,0,8.87,9.27,8.82,8.71
603890,春秋电子,15.7,-3.8579301898346547,-0.629999999999999,533652180.0,33387206,0,16.3,16.42,15.66,16.33
603893,瑞芯微,186.01,-5.57868020304569,-10.990000000000009,2785775894.0,14619495,0,197.7,197.7,185.1,197.0
603895,天永智能,31.43,0.5116725295810686,0.16000000000000014,110492208.0,3541100,0,31.05,31.77,30.5,31.27
603896,寿仙谷,20.8,4.627766599597594,0.9200000000000017,179496586.0,8533572,0,19.89,21.86,19.89,19.88
603897,长城科技,26.78,-2.1198830409356666,-0.5799999999999983,163295436.0,6068579,0,27.36,27.4,26.58,27.36
603898,好莱客,13.74,0.8070432868672005,0.10999999999999943,89367703.0,6441755,0,13.61,14.19,13.48,13.63
603899,晨光股份,27.78,-0.2871500358937484,-0.0799999999999983,194142831.0,6944623,0,27.88,28.19,27.59,27.86
603900,莱绅通灵,9.03,1.0067114093959717,0.08999999999999986,112819469.0,12376720,0,9.02,9.25,8.9,8.94
603901,永创智能,15.19,0.5294506949040376,0.08000000000000007,261274236.0,16959686,0,15.16,15.82,14.95,15.11
603903,中持股份,12.66,-1.0164190774042143,-0.129999999999999,126468450.0,9871528,0,12.86,13.0,12.63,12.79
603906,龙蟠科技,19.49,-2.1094927172275324,-0.4200000000000017,643973381.0,32520196,0,19.8,20.09,19.4,19.91
603908,牧高笛,24.32,0.20601565718994935,0.05000000000000071,34455607.0,1412140,0,24.33,24.8,24.16,24.27
603909,建发合诚,11.53,-0.4317789291882618,-0.05000000000000071,54643974.0,4709887,0,11.58,11.69,11.51,11.58
603912,佳力图,8.69,-3.013392857142872,-0.27000000000000135,143939170.0,16359734,0,8.97,8.99,8.68,8.96
603915,国茂股份,17.9,-2.4523160762942933,-0.45000000000000284,181097712.0,9996508,0,18.3,18.49,17.82,18.35
603916,苏博特,11.03,-0.8984725965858168,-0.10000000000000142,374165794.0,33635797,0,11.02,11.43,10.74,11.13
603917,合力科技,14.82,0.5427408412483045,0.08000000000000007,178637827.0,12082900,0,14.75,15.03,14.52,14.74
603918,金桥信息,20.03,3.8900414937759336,0.75,1902308766.0,91833394,0,19.78,21.21,19.5,19.28
603919,金徽酒,20.77,-0.6695361071257798,-0.14000000000000057,90443169.0,4341949,0,20.8,21.0,20.68,20.91
603920,世运电路,53.23,-8.1766430912541,-4.740000000000002,2663726644.0,49101504,0,57.26,57.26,52.8,57.97
603922,金鸿顺,18.28,-2.193686463349385,-0.41000000000000014,94949625.0,5145780,0,18.5,18.78,18.26,18.69
603926,铁流股份,18.7,2.4657534246575303,0.4499999999999993,196608453.0,10687493,0,18.5,18.89,17.9,18.25
603927,中科软,20.7,-2.2201228153046877,-0.4700000000000024,544504104.0,25985409,0,21.17,21.33,20.62,21.17
603928,兴业股份,17.13,-1.7775229357798294,-0.3100000000000023,165375286.0,9543100,0,17.45,17.72,17.05,17.44
603929,亚翔集成,126.26,1.3403965005217127,1.6700000000000017,684939774.0,5293966,0,124.0,135.68,122.85,124.59
603931,格林达,33.95,-3.9875565610859636,-1.4099999999999966,230111096.0,6655002,0,35.33,35.33,33.82,35.36
603933,睿能科技,23.53,-5.8423369347739,-1.4599999999999973,303820621.0,12631500,0,25.0,25.06,23.5,24.99
603936,博敏电子,12.34,-5.585309869931143,-0.7300000000000004,648857661.0,51632906,0,12.93,13.09,12.28,13.07
603937,丽岛新材,12.23,-0.24469820554648744,-0.02999999999999936,40640861.0,3306400,0,12.25,12.44,12.17,12.26
603938,三孚股份,23.9,-10.015060240963857,-2.66,825393754.0,33448170,0,25.6,25.95,23.9,26.56
603939,益丰药房,22.44,2.0000000000000058,0.4400000000000013,344883321.0,15311241,0,22.1,22.87,22.1,22.0
603948,建业股份,28.05,-2.1966527196652685,-0.629999999999999,112210173.0,3936490,0,28.5,29.0,27.91,28.68
603949,雪龙集团,19.13,-0.15657620041754247,-0.030000000000001137,80456398.0,4215900,0,19.17,19.25,18.8,19.16
603950,长源东谷,30.55,-3.506001263423877,-1.1099999999999994,261250994.0,8410730,0,31.99,32.37,30.46,31.66
603955,大千生态,30.91,0.4549886252843698,0.14000000000000057,101902187.0,3234490,0,31.29,32.42,30.8,30.77
603956,威派格,6.98,-0.28571428571427965,-0.019999999999999574,181669035.0,25743693,0,7.1,7.21,6.96,7.0
603958,哈森股份,13.34,-0.4477611940298544,-0.0600000000000005,56685134.0,4215900,0,13.42,13.59,13.25,13.4
603959,百利科技,5.78,-2.1996615905245327,-0.1299999999999999,84459976.0,14502160,0,5.91,5.95,5.78,5.91
603960,克来机电,20.3,-1.694915254237278,-0.34999999999999787,185506110.0,9029988,0,20.66,20.87,20.25,20.65
603966,法兰泰克,13.57,-0.14716703458424998,-0.019999999999999574,180504327.0,13217094,0,13.58,13.85,13.41,13.59
603967,中创物流,12.94,-2.0439061317184053,-0.27000000000000135,86967180.0,6647230,0,13.1,13.21,12.89,13.21
603968,醋化股份,11.35,-0.6129597197898449,-0.07000000000000028,28042214.0,2454800,0,11.48,11.52,11.32,11.42
603969,银龙股份,10.85,-4.907975460122704,-0.5600000000000005,455860467.0,41407248,0,11.52,11.53,10.75,11.41
603970,中农立华,13.11,-0.6065200909780143,-0.08000000000000007,43991686.0,3338383,0,13.19,13.28,13.07,13.19
603976,正川股份,20.56,1.4807502467916935,0.29999999999999716,54689380.0,2638500,0,21.18,21.18,20.51,20.26
603977,国泰集团,15.43,-0.8991650610147756,-0.14000000000000057,614377173.0,40102896,0,15.34,15.83,14.77,15.57
603978,深圳新星,26.68,-2.449725776965271,-0.6700000000000017,378531971.0,14000802,0,27.38,27.8,26.56,27.35
603979,金诚信,76.69,-0.3767212262925516,-0.29000000000000625,963448934.0,12549665,0,76.8,78.1,75.5,76.98
603980,吉华集团,5.24,0.7692307692307698,0.040000000000000036,118132058.0,22451280,0,5.19,5.33,5.15,5.2
603982,泉峰汽车,8.67,0.4634994206257143,0.03999999999999915,84193510.0,9682475,0,8.67,8.85,8.56,8.63
603983,丸美生物,34.17,-2.0636285468615614,-0.7199999999999989,84117174.0,2443800,0,34.89,34.99,34.05,34.89
603985,恒润股份,15.78,-3.7804878048780446,-0.6199999999999992,234886857.0,14686260,0,16.1,16.24,15.73,16.4
603986,兆易创新,262.8,0.37046938853455574,0.9700000000000273,11974586771.0,45147918,0,266.0,275.0,257.49,261.83
603987,康德莱,9.06,0.6666666666666722,0.0600000000000005,76219888.0,8371400,0,8.99,9.18,8.99,9.0
603988,中电电机,25.17,0.15917230401911142,0.0400000000000027,190745281.0,7566700,0,25.15,25.68,24.62,25.13
603989,艾华集团,17.07,-2.5128498001142274,-0.4400000000000013,111614206.0,6471737,0,17.51,17.52,17.02,17.51
603990,麦迪科技,16.64,3.6760124610591887,0.5899999999999999,794925689.0,47473905,0,16.66,17.66,16.19,16.05
603991,至正股份,75.0,-1.1857707509881497,-0.9000000000000057,153352125.0,2032800,0,75.93,76.5,74.86,75.9
603992,松霖科技,42.97,1.8246445497630235,0.769999999999996,188844802.0,4380900,0,42.25,43.92,41.5,42.2
603993,洛阳钼业,22.8,0.48479506390480137,0.10999999999999943,5337310376.0,233739835,0,22.63,23.26,22.36,22.69
603995,甬金股份,18.71,-2.1955044432827924,-0.41999999999999815,133338272.0,7065352,0,19.13,19.13,18.69,19.13
603997,继峰股份,13.9,-2.524544179523138,-0.35999999999999943,174020108.0,12438200,0,14.39,14.39,13.85,14.26
603998,方盛制药,11.65,0.0,0.0,171282966.0,14537950,0,11.67,11.95,11.6,11.65
603999,读者传媒,7.63,-2.0539152759948673,-0.16000000000000014,201699322.0,26136140,0,7.79,7.88,7.6,7.79
605001,威奥股份,7.8,-0.6369426751592334,-0.04999999999999982,68073783.0,8676550,0,7.81,7.94,7.72,7.85
605003,众望布艺,33.88,4.182041820418203,1.3599999999999994,156403535.0,4713955,0,32.46,34.72,31.39,32.52
605005,合兴股份,18.66,-1.2698412698412618,-0.23999999999999844,43605675.0,2329000,0,18.87,18.87,18.6,18.9
605006,山东玻纤,7.17,-1.3755158184319072,-0.09999999999999964,68015728.0,9362137,0,7.33,7.34,7.15,7.27
605007,五洲特纸,13.76,1.699926090169996,0.23000000000000043,227819428.0,16430333,0,13.48,14.33,13.42,13.53
605008,长鸿高科,14.09,-0.5645730416372623,-0.08000000000000007,86118693.0,6044825,0,14.17,14.37,14.08,14.17
605009,豪悦护理,32.46,-0.18450184501845715,-0.060000000000002274,89722170.0,2753292,0,32.52,32.92,32.21,32.52
605011,杭州热电,20.72,-0.04823926676315274,-0.010000000000001563,75954370.0,3663626,0,20.73,20.87,20.56,20.73
605016,百龙创园,20.65,1.3248282630029422,0.2699999999999996,134992373.0,6538951,0,20.65,20.96,20.33,20.38
605018,长华集团,11.46,-0.6071118820468214,-0.06999999999999851,37188759.0,3229970,0,11.58,11.62,11.37,11.53
605020,永和股份,26.48,-1.7804154302670638,-0.4800000000000004,216071914.0,8086445,0,26.96,27.09,26.39,26.96
605028,世茂能源,34.95,0.0,0.0,0.0,0,0,0.0,0.0,0.0,34.95
605033,美邦股份,20.25,-0.04935834155973131,-0.010000000000001563,37533224.0,1844900,0,20.26,20.55,20.19,20.26
605050,福然德,13.35,-0.9643916913946645,-0.13000000000000078,119494894.0,8852403,0,13.7,13.74,13.25,13.48
605055,迎丰股份,9.99,-3.8498556304138627,-0.40000000000000036,95411774.0,9374400,0,10.33,10.39,9.95,10.39
605056,咸亨国际,18.49,1.3150684931506764,0.23999999999999844,194512151.0,10501097,0,18.43,19.09,17.72,18.25
605058,澳弘电子,30.83,-2.4367088607595035,-0.7700000000000031,71769416.0,2312150,0,31.57,31.57,30.76,31.6
605060,联德股份,35.95,-1.0459675199559468,-0.37999999999999545,142909542.0,3942700,0,36.4,37.25,35.43,36.33
605066,天正电气,7.93,0.0,0.0,216245960.0,27233700,0,7.96,8.07,7.82,7.93
605068,明新旭腾,25.9,-0.3846153846153901,-0.10000000000000142,66720433.0,2550500,0,25.99,26.51,25.7,26.0
605069,正和生态,14.39,-3.3579583613163195,-0.5,152685760.0,10488474,0,14.96,14.99,14.15,14.89
605077,华康股份,15.41,-1.9096117122851732,-0.3000000000000007,49525984.0,3182644,0,15.66,15.75,15.37,15.71
605080,浙江自然,24.34,0.9958506224066325,0.23999999999999844,52782565.0,2177291,0,24.09,24.47,23.82,24.1
605081,*ST太和,10.85,0.649350649350652,0.07000000000000028,17795136.0,1647750,0,10.74,10.96,10.65,10.78
605086,龙高股份,47.06,-2.2028262676641632,-1.0599999999999952,269149468.0,5621000,0,48.99,49.5,47.02,48.12
605088,冠盛股份,36.61,-1.7444981213097117,-0.6499999999999986,148872287.0,4024360,0,37.26,37.8,36.53,37.26
605089,味知香,26.27,-0.49242424242423866,-0.129999999999999,42553499.0,1613061,0,26.38,26.6,26.2,26.4
605090,九丰能源,47.87,-6.045142296368999,-3.0800000000000054,1993691600.0,41816684,0,50.0,50.88,45.88,50.95
605098,行动教育,44.51,0.3607666290868018,0.1599999999999966,66924447.0,1495800,0,44.57,45.5,44.05,44.35
605099,共创草坪,38.96,1.2210963886723794,0.46999999999999886,112188790.0,2845038,0,38.5,40.89,37.94,38.49
605100,华丰股份,47.64,0.8253968253968266,0.39000000000000057,240381923.0,5038081,0,47.25,48.68,46.9,47.25
605108,同庆楼,19.62,-1.6048144433299913,-0.3200000000000003,102992196.0,5197130,0,19.95,20.08,19.59,19.94
605111,新洁能,36.17,-3.4951974386339257,-1.3099999999999952,624140558.0,17042429,0,37.49,37.5,36.02,37.48
605116,奥锐特,31.52,2.337662337662334,0.7199999999999989,371639502.0,12023500,0,30.8,31.81,29.7,30.8
605117,德业股份,84.51,-2.1535255296978106,-1.8599999999999994,974900468.0,11438811,0,85.85,86.75,83.78,86.37
605118,力鼎光电,32.92,-0.8433734939759069,-0.28000000000000114,159848604.0,4756900,0,33.26,34.46,32.59,33.2
605122,四方新材,12.95,0.30983733539890895,0.03999999999999915,72907893.0,5585900,0,12.93,13.27,12.79,12.91
605123,派克新材,113.76,-10.0,-12.64,1142715627.0,9931036,0,122.0,122.5,113.76,126.4
605128,上海沿浦,38.43,-1.4362657091561997,-0.5600000000000023,95870146.0,2471283,0,38.75,39.38,38.38,38.99
605133,嵘泰股份,34.43,-2.877291960507766,-1.0200000000000031,353678161.0,10076730,0,35.2,35.99,34.35,35.45
605136,丽人丽妆,12.1,-0.8196721311475381,-0.09999999999999964,491882710.0,40052690,0,12.22,12.68,11.93,12.2
605138,盛泰集团,7.09,-0.9776536312849202,-0.07000000000000028,29363681.0,4103407,0,7.19,7.22,7.07,7.16
605151,西上海,18.99,-1.2480499219968901,-0.240000000000002,24957322.0,1303000,0,19.24,19.35,18.92,19.23
605155,西大门,18.63,4.957746478873234,0.879999999999999,199878273.0,10825348,0,17.76,19.17,17.66,17.75
605158,华达新材,8.13,-0.8536585365853477,-0.06999999999999851,29121577.0,3551340,0,8.2,8.27,8.12,8.2
605162,新中港,10.15,-0.2946954813359466,-0.02999999999999936,339381850.0,33465515,0,10.16,10.48,9.81,10.18
605166,聚合顺,10.57,-0.3770028275211984,-0.03999999999999915,44418190.0,4196000,0,10.6,10.66,10.52,10.61
605167,利柏特,15.88,0.8253968253968303,0.13000000000000078,226283787.0,14296700,0,15.82,16.33,15.3,15.75
605168,三人行,44.0,-1.2567324955116748,-0.5600000000000023,577406141.0,13162994,0,45.01,45.38,42.88,44.56
605169,洪通燃气,13.64,-0.2923976608187072,-0.03999999999999915,53624051.0,3909980,0,13.7,13.83,13.54,13.68
605177,东亚药业,20.15,-1.0314341846758392,-0.21000000000000085,56310449.0,2765900,0,20.39,20.62,20.07,20.36
605178,时空科技,60.89,1.179793951478898,0.7100000000000009,566185708.0,9229100,0,60.36,62.79,60.36,60.18
605179,一鸣食品,21.44,-1.289134438305698,-0.2799999999999976,178914746.0,8212200,0,21.72,22.32,21.36,21.72
605180,华生科技,14.76,-0.20283975659228778,-0.02999999999999936,30615630.0,2065739,0,14.85,14.98,14.65,14.79
605183,确成股份,20.0,-0.04997501249376093,-0.010000000000001563,51019903.0,2554000,0,19.99,20.1,19.79,20.01
605186,健麾信息,22.97,10.009578544061302,2.09,165866334.0,7535100,0,21.11,22.97,20.94,20.88
605188,国光连锁,20.93,-6.770601336302893,-1.5199999999999996,477528883.0,21625800,0,22.2,23.59,20.83,22.45
605189,富春染织,15.35,-1.031592520954224,-0.16000000000000014,59395977.0,3830414,0,15.52,15.69,15.32,15.51
605196,华通线缆,36.95,5.692219679633872,1.990000000000002,641867767.0,17522389,0,34.8,38.35,34.46,34.96
605198,安德利,39.91,-0.1001251564455726,-0.04000000000000625,114374817.0,2824303,0,39.88,41.3,39.4,39.95
605199,ST葫芦娃,7.42,-0.4026845637583926,-0.03000000000000025,33857976.0,4556400,0,7.42,7.5,7.37,7.45
605208,永茂泰,13.54,-1.239970824215913,-0.1700000000000017,87613468.0,6407011,0,13.71,13.81,13.51,13.71
605218,伟时电子,19.34,-1.7276422764227635,-0.33999999999999986,68265464.0,3495000,0,19.6,19.98,19.24,19.68
605222,起帆电缆,19.5,-1.3657056145675244,-0.2699999999999996,145915678.0,7451700,0,19.81,19.96,19.34,19.77
605228,神通科技,15.88,-3.052503052503042,-0.4999999999999982,173905385.0,10849700,0,16.35,16.35,15.87,16.38
605255,天普股份,176.6,-9.998980735908676,-19.620000000000005,181597780.0,1028300,0,176.6,176.6,176.6,196.22
605258,协和电子,32.0,-1.5081563558017912,-0.490000000000002,84484917.0,2608400,0,32.57,32.89,31.96,32.49
605259,绿田机械,22.09,0.09062075215224093,0.019999999999999574,47648588.0,2146320,0,22.1,22.39,22.04,22.07
605266,健之佳,19.97,0.4022121669180406,0.0799999999999983,71537258.0,3566787,0,19.7,20.25,19.7,19.89
605268,王力安防,10.74,-0.09302325581395152,-0.009999999999999787,54925119.0,5081700,0,10.73,10.99,10.65,10.75
605277,新亚电子,22.71,-2.948717948717939,-0.6899999999999977,237373802.0,10341297,0,23.55,23.55,22.66,23.4
605286,同力天启,42.18,-2.157272094641614,-0.9299999999999997,92453554.0,2139455,0,43.18,44.49,42.09,43.11
605287,德才股份,30.77,5.44893762851268,1.5899999999999999,233592588.0,7643858,0,29.58,31.96,29.12,29.18
605288,凯迪股份,110.25,0.054451402123606746,0.060000000000002274,144000846.0,1311940,0,111.29,114.8,106.0,110.19
605289,罗曼股份,71.91,-3.760706638115635,-2.8100000000000023,276680046.0,3777388,0,74.61,76.15,71.9,74.72
605296,神农集团,28.63,-1.4118457300275489,-0.41000000000000014,63480730.0,2196500,0,29.13,29.13,28.62,29.04
605298,必得科技,44.38,-1.8141592920353988,-0.8200000000000003,157017353.0,3500672,0,44.45,45.91,43.85,45.2
605299,舒华体育,12.01,-0.16625103906899064,-0.019999999999999574,263135745.0,21810800,0,12.03,12.23,11.81,12.03
605300,佳禾食品,11.78,-0.8417508417508537,-0.10000000000000142,44229892.0,3726096,0,11.88,11.97,11.76,11.88
605303,园林股份,17.83,-2.67467248908298,-0.490000000000002,86117210.0,4768400,0,18.37,18.42,17.81,18.32
605305,中际联合,44.67,-0.2679169457468128,-0.11999999999999744,278288701.0,6172425,0,44.66,45.8,44.44,44.79
605318,法狮龙,59.41,-1.9960409105905659,-1.2100000000000009,145410328.0,2424700,0,60.84,60.88,59.29,60.62
605319,无锡振华,22.3,0.04486316733962119,0.010000000000001563,121941263.0,5433280,0,22.38,22.75,22.01,22.29
605333,沪光股份,31.44,-3.1721589159223824,-1.0299999999999976,220748194.0,6923294,0,32.48,32.62,31.4,32.47
605336,帅丰电器,17.75,3.4985422740524865,0.6000000000000014,138870239.0,7726477,0,17.15,18.6,16.92,17.15
605337,李子园,11.99,-1.5599343185550043,-0.1899999999999995,82743000.0,6817096,0,12.18,12.27,11.98,12.18
605338,巴比食品,31.36,-0.09557183816502432,-0.030000000000001137,80593898.0,2545586,0,31.36,31.96,31.19,31.39
605339,南侨食品,19.49,-1.9124308002013213,-0.38000000000000256,96710095.0,4889696,0,19.71,20.06,19.47,19.87
605358,立昂微,41.3,-4.464492250751793,-1.9299999999999997,2171556953.0,51411903,0,43.23,44.49,40.85,43.23
605365,立达信,24.78,1.2668573763792492,0.3100000000000023,161845576.0,6509200,0,24.57,25.3,24.35,24.47
605366,宏柏新材,6.34,-1.705426356589152,-0.11000000000000032,81630855.0,12770723,0,6.46,6.47,6.32,6.45
605368,蓝天燃气,7.93,-1.122194513715709,-0.08999999999999986,67253966.0,8435302,0,8.02,8.04,7.9,8.02
605369,拱东医疗,19.44,-0.7656967840734996,-0.14999999999999858,36400890.0,1854039,0,19.53,19.85,19.41,19.59
605376,博迁新材,62.66,-0.9484666455896323,-0.6000000000000014,286835473.0,4547176,0,62.49,64.19,62.25,63.26
605377,华旺科技,8.56,-0.6960556844547416,-0.05999999999999872,108166937.0,12611683,0,8.65,8.7,8.44,8.62
605378,野马电池,22.82,-2.395209580838318,-0.5599999999999987,120695682.0,5227088,0,23.39,23.47,22.8,23.38
605388,均瑶健康,7.51,-2.846054333764562,-0.22000000000000064,126495305.0,16548280,0,7.72,7.74,7.5,7.73
605389,长龄液压,78.12,0.6441638752898737,0.5,123269024.0,1578900,0,78.0,79.17,77.11,77.62
605398,新炬网络,33.05,-3.812572759022125,-1.3100000000000023,615577000.0,17978788,0,36.77,36.77,32.5,34.36
605399,晨光新材,13.82,-2.4700070571630177,-0.34999999999999964,110594357.0,7913155,0,14.18,14.23,13.79,14.17
605488,福莱新材,37.18,0.4321988114532592,0.1599999999999966,578626194.0,15666121,0,36.61,38.18,35.51,37.02
605499,东鹏饮料,272.27,-0.74006562158222,-2.0300000000000296,481940959.0,1754019,0,272.62,279.21,271.0,274.3
605500,森林包装,9.03,0.556792873051213,0.049999999999998934,56119730.0,6238659,0,8.96,9.09,8.89,8.98
605507,国邦医药,25.03,-0.753370340999198,-0.18999999999999773,84641388.0,3354200,0,25.15,25.54,24.94,25.22
605555,德昌股份,18.84,0.42643923240937254,0.0799999999999983,212866463.0,11353972,0,18.69,19.08,18.41,18.76
605566,福莱蒽特,29.35,-1.6091183372443745,-0.4799999999999969,70601204.0,2390600,0,29.99,30.12,29.16,29.83
605567,春雪食品,11.11,-0.5371530886302641,-0.0600000000000005,48664510.0,4373800,0,11.17,11.23,10.98,11.17
605577,龙版传媒,14.04,-1.2658227848101369,-0.1800000000000015,123504118.0,8742200,0,14.24,14.41,13.92,14.22
605580,恒盛能源,23.74,1.7573939134162029,0.41000000000000014,491250826.0,20679164,0,23.31,24.28,23.25,23.33
605588,冠石科技,54.0,-2.579830416741836,-1.4299999999999997,104881528.0,1919240,0,55.45,55.49,53.88,55.43
605589,圣泉集团,29.16,-1.1190233977619475,-0.3299999999999983,607241303.0,20757215,0,29.5,29.63,28.95,29.49
605598,上海港湾,68.2,-10.002639218791236,-7.579999999999998,530767233.0,7667600,0,72.5,73.51,68.2,75.78
605599,菜百股份,17.25,0.0,0.0,87106675.0,5023400,0,17.39,17.53,17.19,17.25
688001,华兴源创,31.21,-1.8861993083935804,-0.5999999999999979,183498061.0,5757769,0,31.57,32.95,31.14,31.81
688002,睿创微纳,107.56,-5.855579868708969,-6.689999999999998,1434740428.0,13130124,0,112.29,113.76,107.21,114.25
688003,天准科技,62.55,-5.556394383210036,-3.680000000000007,380372221.0,5979356,0,66.03,66.12,62.2,66.23
688004,博汇科技,26.03,-1.5879017013232446,-0.41999999999999815,69935781.0,2645806,0,26.6,26.96,25.95,26.45
688005,容百科技,37.23,1.3336962438758706,0.4899999999999949,1588664947.0,42929938,0,36.55,37.67,36.54,36.74
688006,杭可科技,31.93,-2.5930445393532686,-0.8500000000000014,387018153.0,11975657,0,32.51,33.08,31.77,32.78
688007,光峰科技,19.35,-3.731343283582089,-0.75,197321095.0,10078876,0,20.03,20.11,19.3,20.1
688008,澜起科技,129.0,-2.4500907441016397,-3.240000000000009,4635829876.0,35417006,0,132.24,134.07,128.5,132.24
688009,中国通号,5.57,-1.9366197183098492,-0.10999999999999943,198940134.0,35477175,0,5.68,5.69,5.55,5.68
688010,福光股份,33.6,-8.695652173913032,-3.1999999999999957,414036922.0,11998181,0,36.45,36.48,33.4,36.8
688011,新光光电,68.96,-2.8732394366197274,-2.0400000000000063,401621131.0,5831157,0,68.2,71.92,66.01,71.0
688012,中微公司,346.2,-1.840142901698378,-6.490000000000009,4352177131.0,12438486,0,348.45,357.38,343.5,352.69
688013,天臣医疗,47.76,-2.4111156518185526,-1.1799999999999997,88936700.0,1838307,0,49.0,49.42,47.71,48.94
688015,交控科技,24.05,-0.041562759767240276,-0.00999999999999801,65992422.0,2737002,0,24.0,24.43,23.72,24.06
688016,心脉医疗,98.77,0.33522958147094506,0.3299999999999983,255372642.0,2571751,0,98.47,100.25,98.18,98.44
688017,绿的谐波,204.8,3.4343434343434396,6.800000000000011,2904827283.0,13993550,0,197.88,215.24,195.0,198.0
688018,乐鑫科技,177.48,-6.318289786223278,-11.969999999999999,1269896805.0,6940722,0,191.0,191.0,176.28,189.45
688019,安集科技,263.65,-3.777372262773731,-10.350000000000023,1142380711.0,4258013,0,270.78,277.89,262.3,274.0
688020,方邦股份,85.01,4.950617283950623,4.010000000000005,407009148.0,4908720,0,80.0,87.4,78.7,81.0
688021,奥福科技,19.73,0.2540650406504101,0.05000000000000071,31214449.0,1572643,0,19.82,20.15,19.42,19.68
688022,瀚川智能,16.08,-1.1677934849416183,-0.19000000000000128,73651191.0,4536021,0,16.28,16.46,16.01,16.27
688023,安恒信息,59.7,-5.6872037914691855,-3.5999999999999943,495509209.0,8112746,0,63.8,64.0,59.5,63.3
688025,杰普特,129.76,-5.42274052478134,-7.439999999999998,476766756.0,3582625,0,137.0,138.79,129.6,137.2
688026,洁特生物,17.35,0.8134805345729259,0.14000000000000057,43449888.0,2495653,0,17.21,17.62,17.18,17.21
688027,国盾量子,615.03,-6.530395136778119,-42.97000000000003,3633911229.0,5922797,0,649.0,649.71,594.01,658.0
688028,沃尔德,70.58,2.7963879988348412,1.9200000000000017,653979857.0,9113766,0,70.0,73.5,69.8,68.66
688029,南微医学,88.58,1.8160919540229865,1.5799999999999983,279380596.0,3154983,0,87.5,89.65,87.15,87.0
688030,山石网科,19.47,-1.21765601217657,-0.240000000000002,95940765.0,4835339,0,19.8,20.17,19.4,19.71
688031,星环科技,192.6,-0.9259259259259318,-1.8000000000000114,2691513779.0,13626512,0,192.0,222.16,169.52,194.4
688032,禾迈股份,102.72,-1.609195402298857,-1.6800000000000068,143275346.0,1388648,0,104.48,104.51,102.22,104.4
688033,天宜新材,8.45,-2.7617951668584606,-0.2400000000000002,483487979.0,56618317,0,9.0,9.05,8.21,8.69
688035,德邦科技,50.3,-3.325004804920246,-1.730000000000004,226998974.0,4434679,0,52.65,52.65,50.27,52.03
688036,传音控股,67.86,-5.051070379180075,-3.6099999999999994,1202335015.0,17301705,0,71.51,71.79,67.81,71.47
688037,芯源微,181.19,-5.185766614338042,-9.909999999999997,1872673679.0,10070099,0,192.91,194.63,179.8,191.1
688038,中科通达,22.81,8.41254752851711,1.7699999999999996,272647276.0,12057471,0,21.09,23.78,21.06,21.04
688039,当虹科技,62.81,-7.030787448194198,-4.75,770693556.0,11927099,0,70.0,70.0,61.17,67.56
688041,海光信息,235.25,-4.389351757772815,-10.800000000000011,5979595024.0,24987859,0,246.04,246.89,233.33,246.05
688045,必易微,41.27,-1.1023244668104333,-0.45999999999999375,75752188.0,1820641,0,41.76,42.38,40.93,41.73
688046,药康生物,18.0,0.8403361344537735,0.14999999999999858,112684230.0,6184543,0,17.8,18.56,17.73,17.85
688047,龙芯中科,148.36,-8.701538461538453,-14.139999999999986,1486737316.0,9757086,0,160.0,160.8,147.9,162.5
688048,长光华芯,124.08,-11.276367536646404,-15.769999999999996,2067972591.0,16034751,0,137.0,137.2,123.5,139.85
688049,炬芯科技,55.6,-2.9499039972071874,-1.6899999999999977,552820274.0,9708409,0,57.29,58.37,55.4,57.29
688050,爱博医疗,64.5,-0.5703715122552868,-0.37000000000000455,310646385.0,4740194,0,65.19,66.44,64.29,64.87
688051,佳华科技,41.17,-3.470105509964823,-1.4799999999999969,67027274.0,1612426,0,42.35,42.38,41.06,42.65
688052,纳芯微,169.93,-2.5127646147667924,-4.3799999999999955,470824551.0,2735959,0,174.81,176.5,169.31,174.31
688053,ST思科瑞,51.16,-6.454562077162189,-3.530000000000001,361476286.0,6968899,0,54.0,54.42,49.8,54.69
688055,龙腾光电,3.75,-1.315789473684206,-0.04999999999999982,34867616.0,9257724,0,3.82,3.82,3.73,3.8
688056,莱伯泰科,36.08,-2.169197396963135,-0.8000000000000043,23762298.0,653566,0,36.79,37.24,35.92,36.88
688057,金达莱,12.69,0.07886435331230116,0.009999999999999787,36347165.0,2841562,0,12.63,12.97,12.62,12.68
688058,宝兰德,30.93,-1.9340519974635366,-0.6099999999999994,124440461.0,3984751,0,31.88,31.88,30.31,31.54
688059,华锐精密,81.48,2.2333751568381444,1.7800000000000011,269399610.0,3339792,0,78.86,82.69,78.32,79.7
688060,云涌科技,45.53,2.176840215439854,0.9699999999999989,45228674.0,985068,0,44.78,46.78,44.78,44.56
688061,灿瑞科技,35.57,-0.781032078103211,-0.28000000000000114,44607120.0,1248017,0,35.74,36.09,35.51,35.85
688062,迈威生物,43.98,-4.432855280312921,-2.0400000000000063,623979562.0,13716606,0,47.5,47.8,43.77,46.02
688063,派能科技,61.5,-0.7263922518159852,-0.45000000000000284,509217866.0,8254170,0,61.9,62.62,60.71,61.95
688065,凯赛生物,62.28,12.216216216216218,6.780000000000001,1062016637.0,17281786,0,56.2,64.5,56.0,55.5
688066,航天宏图,42.99,-11.543209876543209,-5.609999999999999,2220604408.0,51195926,0,46.0,47.55,40.18,48.6
688067,爱威科技,27.09,0.7437709185570818,0.1999999999999993,51127994.0,1884420,0,27.0,27.49,26.6,26.89
688068,热景生物,186.18,-1.4294790343074908,-2.6999999999999886,402828399.0,2166950,0,189.7,191.99,180.87,188.88
688069,德林海,23.57,0.38330494037478646,0.08999999999999986,19360720.0,821192,0,23.48,23.87,23.1,23.48
688070,纵横股份,60.62,-7.024539877300621,-4.580000000000005,168279227.0,2739514,0,64.5,64.53,60.5,65.2
688071,华依科技,35.01,-3.871499176276781,-1.4100000000000037,85707529.0,2419821,0,36.43,36.6,34.9,36.42
688072,拓荆科技,343.16,-3.8228699551569467,-13.639999999999986,2157385434.0,6149605,0,353.8,363.59,341.88,356.8
688073,毕得医药,73.49,6.092103363649486,4.219999999999999,178247810.0,2407595,0,69.86,77.81,69.86,69.27
688075,安旭生物,40.62,0.37064492216456285,0.14999999999999858,52134726.0,1268835,0,40.49,41.9,40.35,40.47
688076,ST诺泰,38.93,0.7765984985762286,0.29999999999999716,306392118.0,7799969,0,38.64,39.84,38.52,38.63
688077,大地熊,33.25,-1.5689757252812349,-0.5300000000000011,140543250.0,4185568,0,33.78,34.15,33.1,33.78
688078,龙软科技,29.99,-1.316222441592636,-0.40000000000000213,47207369.0,1558185,0,30.39,30.96,29.82,30.39
688079,美迪凯,11.97,1.0126582278481095,0.120000000000001,106612137.0,8813534,0,11.81,12.29,11.81,11.85
688080,映翰通,57.81,-1.5329586101175245,-0.8999999999999986,213875349.0,3656572,0,59.05,59.68,57.69,58.71
688081,兴图新科,37.84,-6.63705896866518,-2.6899999999999977,219673222.0,5631560,0,40.11,40.45,37.78,40.53
688082,盛美上海,188.66,-4.572584724329789,-9.039999999999992,866243490.0,4501677,0,198.0,198.09,187.7,197.7
688083,中望软件,78.39,-4.402439024390243,-3.6099999999999994,475585661.0,5929287,0,82.13,82.51,78.15,82.0
688084,晶品特装,96.19,0.7752750130958563,0.7399999999999949,232788493.0,2471109,0,95.81,96.35,91.68,95.45
688085,三友医疗,19.08,-1.0373443983402637,-0.20000000000000284,127972738.0,6718929,0,19.0,19.6,18.61,19.28
688087,英科再生,30.78,-0.5492730210016095,-0.16999999999999815,43877572.0,1411381,0,30.82,31.37,30.61,30.95
688088,虹软科技,56.21,-5.513531685997648,-3.280000000000001,1055804959.0,18290451,0,59.49,59.5,55.98,59.49
688089,嘉必优,20.18,-1.368523949169116,-0.28000000000000114,127041520.0,6259943,0,20.33,20.46,20.16,20.46
688090,瑞松科技,48.41,-2.693467336683424,-1.3400000000000034,296408244.0,5945650,0,49.75,51.5,48.18,49.75
688091,上海谊众,58.7,-1.5596176421264458,-0.9299999999999997,439336897.0,7175912,0,61.38,63.98,58.52,59.63
688092,爱科科技,27.93,-1.3074204946996502,-0.370000000000001,55518927.0,1974428,0,28.28,28.5,27.66,28.3
688093,世华科技,37.12,-1.2240553485896777,-0.46000000000000085,107470061.0,2868763,0,37.68,38.02,36.98,37.58
688095,福昕软件,121.1,-5.685358255451722,-7.300000000000011,905918577.0,7327301,0,131.0,132.5,118.58,128.4
688096,京源环保,8.77,-0.7918552036199128,-0.07000000000000028,77696286.0,8808546,0,8.87,9.04,8.63,8.84
688097,博众精工,39.17,-0.8103317295517859,-0.3200000000000003,327396805.0,8237300,0,39.6,40.72,39.0,39.49
688098,申联生物,9.74,0.6198347107438068,0.0600000000000005,88305943.0,8988573,0,9.7,10.04,9.62,9.68
688099,晶晨股份,93.21,-1.8532168053069442,-1.7600000000000051,915730673.0,9664895,0,95.29,96.77,92.66,94.97
688100,威胜信息,40.31,0.6240639041437843,0.25,193431308.0,4816799,0,40.05,40.98,39.5,40.06
688101,三达膜,17.46,0.750144258511267,0.13000000000000256,77614857.0,4436259,0,17.39,17.69,17.2,17.33
688102,斯瑞新材,49.11,-9.707666850523996,-5.280000000000001,3104606750.0,63029365,0,54.02,54.18,45.85,54.39
688103,国力电子,67.47,-5.675940164965752,-4.060000000000002,214385001.0,3151413,0,71.11,71.11,67.03,71.53
688105,诺唯赞,22.3,2.0594965675057173,0.4499999999999993,126480025.0,5646599,0,21.8,22.88,21.67,21.85
688106,金宏气体,22.39,-5.527426160337547,-1.3099999999999987,451153780.0,19758215,0,23.76,23.89,22.3,23.7
688107,安路科技,28.56,-3.9030955585464344,-1.1600000000000001,184212233.0,6330182,0,29.71,29.88,28.48,29.72
688108,赛诺医疗,23.53,-0.6753904601097516,-0.16000000000000014,945153369.0,39823984,0,23.74,24.6,23.1,23.69
688109,品茗科技,128.78,-1.9342065184282609,-2.539999999999992,269622713.0,2067108,0,133.4,133.88,128.02,131.32
688110,东芯股份,116.04,-5.180585062918769,-6.339999999999989,2773213819.0,23376034,0,120.0,122.35,115.8,122.38
688111,金山办公,373.07,-1.8211005552777746,-6.920000000000016,7061733565.0,18329273,0,394.93,415.0,370.23,379.99
688112,鼎阳科技,38.9,-1.4940491263611126,-0.5900000000000034,64050661.0,1632994,0,39.71,39.78,38.83,39.49
688113,联测科技,40.94,-0.4861448711716161,-0.20000000000000284,45654865.0,1113958,0,41.33,41.33,40.6,41.14
688114,华大智造,77.61,-1.4851485148514874,-1.1700000000000017,870970759.0,10940819,0,80.0,82.88,77.21,78.78
688115,思林杰,66.88,-1.1820330969267305,-0.8000000000000114,85849661.0,1252021,0,68.0,70.72,66.68,67.68
688116,天奈科技,48.92,-3.0134813639968203,-1.519999999999996,539740239.0,10892493,0,50.9,50.97,48.66,50.44
688117,圣诺生物,46.22,4.688561721404304,2.0700000000000003,423972609.0,9362002,0,44.16,46.47,43.73,44.15
688118,普元信息,35.41,2.8762347472399616,0.9899999999999949,719922994.0,20132175,0,37.0,37.55,34.23,34.42
688119,中钢洛耐,7.93,0.8905852417302722,0.0699999999999994,842092345.0,109840618,0,7.87,8.15,7.24,7.86
688120,华海清科,173.19,-2.7022471910112373,-4.810000000000002,1200524531.0,6888855,0,176.75,181.01,170.18,178.0
688121,卓然股份,11.21,-0.6205673758865117,-0.06999999999999851,50391112.0,4466328,0,11.3,11.4,11.17,11.28
688122,西部超导,95.9,-9.707183880990481,-10.309999999999988,5540351035.0,56653645,0,105.0,105.0,94.57,106.21
688123,聚辰股份,139.97,-4.300560645425948,-6.289999999999992,1064271624.0,7452448,0,145.43,147.6,139.01,146.26
688125,安达智能,165.39,-1.851522164856688,-3.1200000000000045,202162779.0,1226479,0,168.9,172.0,159.09,168.51
688126,沪硅产业,22.72,-3.40136054421769,-0.8000000000000007,1235266544.0,53367787,0,23.77,23.84,22.62,23.52
688127,蓝特光学,42.52,-1.8240591087508635,-0.7899999999999991,374802388.0,8753488,0,43.76,44.1,42.26,43.31
688128,中国电研,31.09,-2.171176840780369,-0.6900000000000013,140411458.0,4495517,0,31.8,31.9,30.81,31.78
688129,东来技术,21.15,1.731601731601729,0.35999999999999943,37051744.0,1749262,0,21.14,21.49,20.72,20.79
688130,晶华微,22.7,-0.9598603839441641,-0.22000000000000242,41169453.0,1786004,0,23.38,23.57,22.63,22.92
688131,皓元医药,84.72,2.6784632165798006,2.2099999999999937,533111913.0,6175580,0,86.49,89.09,84.28,82.51
688132,邦彦技术,20.61,-2.0437262357414436,-0.4299999999999997,67185702.0,3233122,0,21.04,21.04,20.5,21.04
688133,泰坦科技,28.23,-0.877808988764045,-0.25,463884606.0,15890057,0,29.1,30.8,28.02,28.48
688135,利扬芯片,30.95,-3.8819875776397623,-1.2500000000000036,303360066.0,9630710,0,32.37,32.37,30.81,32.2
688136,科兴制药,36.0,2.1566401816117993,0.759999999999998,183736961.0,5115536,0,35.24,36.45,35.24,35.24
688137,近岸蛋白,49.8,15.894810332790316,6.829999999999998,274227776.0,5481444,0,42.93,51.56,42.51,42.97
688138,清溢光电,30.06,-3.7772087067861704,-1.1799999999999997,167799790.0,5484521,0,31.18,31.45,30.0,31.24
688139,海尔生物,35.88,4.454148471615723,1.5300000000000011,351382185.0,9829675,0,34.54,36.88,34.3,34.35
688141,杰华特,46.06,-4.775687409551365,-2.309999999999995,753565560.0,16081796,0,48.0,48.3,45.87,48.37
688143,长盈通,57.65,-7.38955823293173,-4.600000000000001,713278981.0,12144073,0,61.55,61.8,57.2,62.25
688146,中船特气,43.7,-3.4893992932862155,-1.5799999999999983,324509270.0,7327932,0,45.02,45.4,43.57,45.28
688147,微导纳米,69.41,-4.78737997256517,-3.490000000000009,628784608.0,8953019,0,72.31,73.31,68.19,72.9
688148,芳源股份,9.1,-4.109589041095896,-0.39000000000000057,266324327.0,28980097,0,9.3,9.39,9.05,9.49
688150,莱特光电,26.67,-4.442852024364022,-1.2399999999999984,331895368.0,12178169,0,27.6,28.09,26.53,27.91
688151,华强科技,21.31,-2.157943067033987,-0.4700000000000024,80366762.0,3734232,0,21.73,21.88,21.24,21.78
688152,麒麟信安,45.48,-1.5584415584415712,-0.720000000000006,207058744.0,4493047,0,46.04,46.92,45.23,46.2
688153,唯捷创芯,41.6,-8.531222515391372,-3.8799999999999955,544832735.0,12804613,0,44.02,44.41,41.53,45.48
688155,先惠技术,73.05,-0.21854937850020023,-0.1599999999999966,497385768.0,6669524,0,73.7,76.68,72.22,73.21
688156,路德科技,17.06,0.9467455621301784,0.16000000000000014,43335590.0,2536670,0,16.99,17.3,16.8,16.9
688157,松井股份,37.22,-6.388329979879274,-2.539999999999999,120432540.0,3153101,0,39.99,39.99,37.16,39.76
688158,优刻得,30.08,-7.7017490027615985,-2.510000000000005,1813799092.0,58193440,0,33.1,33.5,29.95,32.59
688159,有方科技,55.41,-0.9828448892065837,-0.5500000000000043,320844255.0,5830291,0,56.3,56.3,54.38,55.96
688160,步科股份,159.13,7.921329264157347,11.680000000000007,931026597.0,5841776,0,144.0,172.0,141.54,147.45
688161,威高骨科,30.97,0.3239390994492966,0.09999999999999787,96847852.0,3113634,0,30.8,31.53,30.46,30.87
688162,巨一科技,32.4,-2.5270758122743784,-0.8400000000000034,71837443.0,2192321,0,33.24,33.4,32.33,33.24
688163,赛伦生物,23.92,2.3972602739726128,0.5600000000000023,42597649.0,1777919,0,23.37,24.31,23.37,23.36
688165,埃夫特,23.44,-1.5952980688497018,-0.379999999999999,416578242.0,17450577,0,23.85,24.57,23.07,23.82
688166,博瑞医药,53.69,0.7317073170731718,0.39000000000000057,769938619.0,14121504,0,53.9,55.88,53.2,53.3
688167,炬光科技,176.88,-10.869236583522294,-21.569999999999993,1125950925.0,6126581,0,195.7,196.5,176.0,198.45
688168,安博通,79.2,-4.8076923076923075,-4.0,174488068.0,2149371,0,83.5,84.11,79.17,83.2
688169,石头科技,158.35,-2.62575328987825,-4.27000000000001,1097936662.0,6847603,0,163.5,164.8,157.69,162.62
688170,德龙激光,34.93,-3.694513371932736,-1.3400000000000034,159784408.0,4525040,0,36.09,36.17,34.81,36.27
688171,纬德信息,52.41,0.6529671595928487,0.3399999999999963,206068621.0,3835310,0,52.08,55.23,51.54,52.07
688172,燕东微,33.13,-3.6918604651162674,-1.269999999999996,471383534.0,14097724,0,34.12,34.5,32.74,34.4
688173,希荻微,16.42,-2.4940617577197037,-0.41999999999999815,242910207.0,14587975,0,17.0,17.0,16.35,16.84
688175,高凌信息,30.77,-3.299811439346325,-1.0500000000000007,97033193.0,3127817,0,32.5,32.5,30.56,31.82
688176,亚虹医药,12.41,-1.507936507936504,-0.1899999999999995,168384700.0,13440888,0,12.67,12.77,12.36,12.6
688177,百奥泰,25.69,0.9827044025157232,0.25,105336609.0,4070484,0,25.44,26.33,25.44,25.44
688178,万德斯,24.78,2.017291066282429,0.490000000000002,67672383.0,2674522,0,24.24,26.37,24.18,24.29
688179,阿拉丁,14.1,-0.07087172218284754,-0.009999999999999787,177913188.0,12471772,0,14.33,14.45,14.04,14.11
688180,君实生物,39.2,1.3181700697854875,0.5100000000000051,599464212.0,15189659,0,38.8,39.97,38.8,38.69
688181,八亿时空,35.5,-2.9524330235101104,-1.0799999999999983,206814110.0,5739380,0,36.59,36.8,35.36,36.58
688182,灿勤科技,34.94,3.741092636579567,1.259999999999998,548562957.0,15865443,0,33.7,36.99,32.38,33.68
688183,生益电子,91.24,-4.859228362878009,-4.660000000000011,1231984895.0,13145342,0,95.19,96.97,91.01,95.9
688184,ST帕瓦,9.52,-0.6263048016701513,-0.0600000000000005,8431216.0,884805,0,9.6,9.6,9.45,9.58
688185,康希诺,69.04,0.20319303338171343,0.14000000000000057,188821928.0,2706277,0,69.0,70.78,68.6,68.9
688186,广大特材,24.46,-4.676539360872951,-1.1999999999999993,407925560.0,16483916,0,25.45,25.54,24.3,25.66
688187,时代电气,52.16,-0.5908137983609725,-0.3100000000000023,277619094.0,5321589,0,52.6,52.98,51.6,52.47
688188,柏楚电子,157.0,0.23622549958501218,0.37000000000000455,440159063.0,2794849,0,157.18,159.18,155.8,156.63
688189,南新制药,8.91,0.4509582863585223,0.040000000000000924,109427120.0,12123757,0,8.97,9.2,8.79,8.87
688190,云路股份,105.12,0.8538808404490075,0.8900000000000006,145443410.0,1393172,0,104.54,106.77,102.0,104.23
688191,智洋创新,36.15,4.873803307223672,1.6799999999999997,291181858.0,8009758,0,35.0,37.69,34.39,34.47
688192,迪哲医药,67.77,1.2399163429937232,0.8299999999999983,404100777.0,5869494,0,67.3,71.26,67.0,66.94
688193,仁度生物,52.38,3.415597235932881,1.730000000000004,52697611.0,1010075,0,50.88,53.1,50.37,50.65
688195,腾景科技,172.08,-0.4915283640779473,-0.8499999999999943,1539356771.0,9001156,0,171.98,177.0,165.2,172.93
688196,卓越新能,73.36,4.427046263345194,3.1099999999999994,249134795.0,3451630,0,68.99,75.17,67.36,70.25
688197,首药控股,39.77,0.15109544195417343,0.060000000000002274,54027063.0,1345532,0,40.35,41.0,39.36,39.71
688198,佰仁医疗,113.77,1.5984997320950096,1.789999999999992,74195929.0,652689,0,112.83,115.19,111.3,111.98
688199,久日新材,25.39,-2.5335892514395395,-0.6600000000000001,119718474.0,4637965,0,26.05,26.26,25.33,26.05
688200,华峰测控,215.5,-3.7946428571428568,-8.5,803159048.0,3659196,0,224.0,228.59,214.2,224.0
688201,信安世纪,15.1,-4.3092522179974635,-0.6799999999999997,202166720.0,13148951,0,15.85,15.92,15.07,15.78
688202,美迪西,72.78,1.8186905428091733,1.2999999999999972,719728714.0,9574183,0,74.9,78.25,71.28,71.48
688203,海正生材,13.28,0.5299015897047578,0.06999999999999851,61565412.0,4592152,0,13.16,13.8,13.04,13.21
688205,德科立,141.5,-0.8270255116344315,-1.1800000000000068,1712276704.0,12138733,0,141.31,145.6,136.66,142.68
688206,概伦电子,38.64,-3.520599250936321,-1.4099999999999966,306805796.0,7738421,0,40.41,41.22,38.38,40.05
688207,格灵深瞳,18.29,-0.4896626768226326,-0.08999999999999986,354498267.0,19163079,0,18.4,19.0,17.81,18.38
688208,道通科技,39.59,-1.713008937437929,-0.6899999999999977,922050617.0,22880964,0,40.69,41.12,39.47,40.28
688209,英集芯,21.76,-3.6741921204072527,-0.8299999999999983,240118988.0,10867137,0,22.59,22.6,21.68,22.59
688210,统联精密,53.14,-8.379310344827585,-4.859999999999999,400746563.0,7276916,0,58.5,58.58,52.52,58.0
688211,中科微至,32.13,0.9425070688030295,0.30000000000000426,40685810.0,1262949,0,31.81,32.83,31.73,31.83
688212,澳华内镜,47.62,-0.9567387687188037,-0.46000000000000085,82475550.0,1712894,0,48.0,48.92,47.5,48.08
688213,思特威,96.74,-2.0949296629895833,-2.0700000000000074,875687170.0,8953751,0,98.5,99.82,96.0,98.81
688215,瑞晟智能,70.98,-1.988400994200494,-1.4399999999999977,68435006.0,955315,0,72.8,73.22,70.83,72.42
688216,气派科技,23.99,-1.2350761630300566,-0.3000000000000007,51920833.0,2139569,0,24.75,25.03,23.9,24.29
688217,睿昂基因,31.45,3.216278306531015,0.9800000000000004,62972521.0,2006928,0,30.37,32.44,29.81,30.47
688218,江苏北人,23.36,-1.5177065767284967,-0.35999999999999943,137315414.0,5789060,0,23.76,24.28,23.08,23.72
688219,会通股份,12.66,-1.0937500000000044,-0.14000000000000057,180481814.0,14116029,0,12.85,12.97,12.62,12.8
688220,翱捷科技,92.69,-7.077694235588974,-7.060000000000002,858461655.0,9077980,0,98.2,98.27,92.29,99.75
688221,前沿生物,27.45,-2.2087638047737834,-0.620000000000001,799687571.0,28211632,0,28.38,29.98,27.02,28.07
688222,成都先导,37.97,2.6216216216216184,0.9699999999999989,2308730284.0,57768210,0,40.18,42.51,37.52,37.0
688223,晶科能源,6.25,-2.3437500000000053,-0.15000000000000036,1032539522.0,165062225,0,6.43,6.48,6.14,6.4
688225,亚信安全,24.0,-3.8076152304609194,-0.9499999999999993,323078843.0,13305689,0,24.6,25.3,23.51,24.95
688226,威腾电气,40.93,4.1740900992619006,1.6400000000000006,441589619.0,10937742,0,39.28,41.99,38.51,39.29
688227,品高股份,84.22,2.0848484848484836,1.7199999999999989,474429335.0,5569488,0,80.8,88.3,80.4,82.5
688228,开普云,212.8,-3.2067318626336063,-7.049999999999983,459029195.0,2112474,0,225.8,225.8,211.74,219.85
688229,博睿数据,78.08,-10.52028420811369,-9.180000000000007,383758536.0,4623512,0,90.0,92.49,77.66,87.26
688230,芯导科技,76.22,-2.38217213114754,-1.8599999999999994,126923725.0,1640323,0,78.02,78.6,76.03,78.08
688231,隆达股份,27.95,-5.414551607445013,-1.6000000000000014,266765189.0,9442316,0,29.33,29.79,27.62,29.55
688232,新点软件,32.15,0.1869741352446094,0.05999999999999517,775337752.0,23040037,0,35.2,35.85,29.53,32.09
688233,神工股份,71.81,-6.667533142708598,-5.1299999999999955,733707662.0,10159119,0,76.5,76.5,70.28,76.94
688234,天岳先进,90.85,-5.364583333333339,-5.150000000000006,724178122.0,7791905,0,96.0,96.0,90.71,96.0
688235,百济神州,309.85,-1.1043375570521143,-3.4599999999999795,1104991228.0,3526403,0,312.61,319.24,308.93,313.31
688236,春立医疗,25.94,4.935275080906159,1.2200000000000024,109762531.0,4320658,0,24.87,26.35,24.48,24.72
688237,超卓航科,53.95,0.0,0.0,182697245.0,3402485,0,54.01,55.25,52.2,53.95
688238,和元生物,7.77,-0.3846153846153878,-0.03000000000000025,220725699.0,28123671,0,7.9,8.03,7.68,7.8
688239,航宇科技,67.4,-11.315789473684204,-8.599999999999994,913943925.0,13298574,0,73.86,74.11,66.68,76.0
688244,永信至诚,26.33,-6.598084427101819,-1.860000000000003,215775340.0,7988331,0,28.22,28.32,26.1,28.19
688246,嘉和美康,32.65,2.1589486858573146,0.6899999999999977,783327122.0,22645015,0,35.46,37.0,31.66,31.96
688247,宣泰医药,10.65,3.297769156159067,0.33999999999999986,83532355.0,7915728,0,10.31,10.66,10.28,10.31
688248,南网科技,54.53,-0.4927007299270001,-0.269999999999996,463078405.0,8550969,0,55.02,56.34,52.71,54.8
688249,晶合集成,35.95,-3.8770053475935713,-1.4499999999999957,1357953189.0,37319188,0,37.14,37.33,35.78,37.4
688251,井松智能,27.44,-1.4721723518850993,-0.41000000000000014,66637136.0,2413944,0,27.83,28.13,27.18,27.85
688252,天德钰,22.49,-2.5985275010827262,-0.6000000000000014,149171777.0,6548136,0,22.98,23.1,22.46,23.09
688253,英诺特,36.1,-3.60480640854473,-1.3500000000000014,276659930.0,7485532,0,38.44,38.51,35.91,37.45
688255,凯尔达,37.41,-0.02672367717799336,-0.010000000000005116,119110275.0,3145864,0,37.44,38.5,37.31,37.42
688256,寒武纪,1411.38,-6.5305068245485005,-98.6099999999999,13975119282.0,9653240,0,1485.0,1520.0,1399.99,1509.99
688257,新锐股份,41.58,0.7755695588948142,0.3200000000000003,261854764.0,6310106,0,41.5,42.32,40.63,41.26
688258,卓易信息,150.02,13.7549287230816,18.140000000000015,2384738400.0,15963353,0,158.26,158.26,139.0,131.88
688259,创耀科技,44.0,-2.3524189968930362,-1.0600000000000023,171657826.0,3883668,0,44.98,44.98,43.77,45.06
688260,昀冢科技,36.45,1.1095700416088923,0.4000000000000057,695669962.0,19054983,0,35.7,39.57,34.12,36.05
688261,东微半导,96.88,1.989683124539426,1.8900000000000006,1175931135.0,11985695,0,98.05,102.74,95.5,94.99
688262,国芯科技,31.7,-7.875617553036901,-2.7099999999999973,756533859.0,23348595,0,33.3,33.63,31.55,34.41
688265,南模生物,49.22,4.059196617336156,1.9200000000000017,150894811.0,3037299,0,47.4,51.48,47.4,47.3
688266,泽璟制药,93.0,-2.4850581944007595,-2.3700000000000045,541091213.0,5699564,0,95.9,97.25,92.5,95.37
688267,中触媒,29.09,-0.13731548232062873,-0.03999999999999915,64753972.0,2216465,0,28.96,29.45,28.92,29.13
688268,华特气体,62.87,-3.8978905533476063,-2.5500000000000043,366663068.0,5741480,0,65.37,65.37,62.66,65.42
688269,凯立新材,40.58,-2.7325023969319284,-1.1400000000000006,92927547.0,2253532,0,41.55,42.1,40.5,41.72
688270,臻镭科技,189.76,-2.6821888301964294,-5.230000000000018,5032792259.0,27500313,0,186.0,203.96,163.23,194.99
688271,联影医疗,141.97,0.20468661773009036,0.28999999999999204,2135396351.0,14727024,0,144.0,148.0,141.6,141.68
688272,富吉瑞,30.73,-6.9069978794304685,-2.2799999999999976,141162815.0,4513219,0,33.0,33.0,30.6,33.01
688273,麦澜德,52.48,-4.268515140459693,-2.3400000000000034,343696914.0,6476444,0,54.99,55.2,51.4,54.82
688275,万润新能,72.86,-1.3806172171088198,-1.019999999999996,371948217.0,5027251,0,74.0,75.88,72.51,73.88
688276,百克生物,20.47,0.14677103718198425,0.029999999999997584,95570898.0,4623377,0,20.5,20.9,20.38,20.44
688277,天智航,22.23,17.681312863949177,3.34,1064192966.0,50894442,0,19.28,22.67,18.68,18.89
688278,特宝生物,76.47,-0.6366943866943802,-0.4899999999999949,174011026.0,2265851,0,77.2,77.6,76.3,76.96
688279,峰岹科技,191.75,-5.448717948717954,-11.050000000000011,415419764.0,2112687,0,202.0,204.6,190.64,202.8
688280,精进电动,8.98,-2.497285559174814,-0.23000000000000043,122378995.0,13479409,0,9.24,9.24,8.95,9.21
688281,华秦科技,98.03,-5.74944716854149,-5.980000000000004,649909247.0,6728351,0,104.01,104.01,93.16,104.01
688282,理工导航,84.76,-10.021231422505306,-9.439999999999998,459317919.0,5418489,0,96.0,96.0,81.11,94.2
688283,坤恒顺维,45.78,-12.298850574712645,-6.420000000000002,280099239.0,5990103,0,51.94,51.94,44.71,52.2
688285,高铁电气,9.4,-0.10626992561104981,-0.009999999999999787,39815278.0,4243842,0,9.42,9.58,9.27,9.41
688286,敏芯股份,81.6,-2.4973115067511094,-2.0900000000000034,202011269.0,2450728,0,83.99,84.0,81.21,83.69
688287,*ST观典,6.39,-4.1979010494752655,-0.28000000000000025,40728360.0,6298600,0,6.74,6.74,6.35,6.67
688288,鸿泉技术,28.95,-0.2068252326783946,-0.060000000000002274,82948396.0,2847072,0,29.31,29.63,28.76,29.01
688289,圣湘生物,20.71,0.1450676982591931,0.030000000000001137,310294134.0,14789871,0,20.8,21.36,20.56,20.68
688290,景业智能,62.3,-3.8580246913580254,-2.5,168388971.0,2679671,0,64.37,65.3,62.11,64.8
688291,金橙子,43.52,-9.144050104384124,-4.3799999999999955,302961448.0,6725061,0,48.9,49.25,43.21,47.9
688292,浩瀚深度,30.85,-0.0971502590673497,-0.029999999999997584,315422442.0,10223499,0,32.0,32.58,29.96,30.88
688293,奥浦迈,55.68,4.898266767143936,2.6000000000000014,144545981.0,2594229,0,52.95,57.27,52.92,53.08
688295,中复神鹰,32.84,-7.126696832579174,-2.519999999999996,509253445.0,15565761,0,34.73,34.73,31.6,35.36
688296,和达科技,14.55,-0.20576131687242358,-0.02999999999999936,38350920.0,2603490,0,14.63,15.0,14.4,14.58
688297,中无人机,52.96,-7.686944396025792,-4.409999999999997,1068183520.0,19949802,0,56.39,56.39,52.74,57.37
688298,东方生物,25.66,0.0,0.0,83614863.0,3236689,0,25.55,26.12,25.4,25.66
688299,长阳科技,17.8,-2.6258205689277925,-0.4800000000000004,165150450.0,9152762,0,18.28,18.45,17.76,18.28
688300,联瑞新材,60.75,-3.7395024560291548,-2.3599999999999994,285446567.0,4627109,0,62.62,63.44,60.56,63.11
688301,奕瑞科技,111.66,-0.3569516330537263,-0.4000000000000057,340916059.0,3032501,0,112.93,114.6,110.9,112.06
688302,海创药业,52.29,-0.6648936170212792,-0.3500000000000014,139122026.0,2619191,0,53.5,54.47,52.0,52.64
688303,大全能源,25.83,-3.798882681564257,-1.0200000000000031,488905971.0,18733655,0,26.81,26.85,25.8,26.85
688305,科德数控,65.09,-3.09662051511091,-2.0799999999999983,277068507.0,4206718,0,67.0,67.06,64.91,67.17
688306,均普智能,11.58,-3.0150753768844174,-0.35999999999999943,244259260.0,20749138,0,11.86,12.02,11.52,11.94
688307,中润光学,44.04,-2.566371681415937,-1.1600000000000037,119716802.0,2685648,0,45.22,45.39,44.0,45.2
688308,欧科亿,31.47,-0.6628787878787906,-0.21000000000000085,86858826.0,2755636,0,31.51,31.85,31.15,31.68
688309,恒誉环保,25.01,0.806126561870225,0.20000000000000284,33043275.0,1317641,0,24.91,25.28,24.64,24.81
688310,迈得医疗,16.08,-0.4334365325077417,-0.07000000000000028,54675266.0,3362237,0,16.2,16.45,16.04,16.15
688311,盟升电子,53.01,-10.319742852309256,-6.100000000000001,850314758.0,15763660,0,57.12,57.61,51.58,59.11
688312,燕麦科技,34.53,-1.1734401831711407,-0.4099999999999966,132442151.0,3792245,0,34.94,35.75,34.35,34.94
688313,仕佳光子,79.89,-3.7585833032164855,-3.1200000000000045,2401686253.0,29455246,0,82.02,84.08,79.57,83.01
688314,康拓医疗,39.88,-0.37471896077941186,-0.14999999999999858,130292357.0,3244643,0,40.01,41.56,39.23,40.03
688315,诺禾致源,15.97,0.8843967150979188,0.14000000000000057,273449594.0,16775020,0,15.98,16.8,15.66,15.83
688316,青云科技,69.0,-8.122503328894801,-6.099999999999994,333565985.0,4697057,0,74.67,74.67,68.85,75.1
688317,之江生物,21.15,-0.32987747408105694,-0.07000000000000028,75192650.0,3506929,0,21.32,21.8,21.1,21.22
688318,财富趋势,151.49,-4.186958446651069,-6.6200000000000045,964719671.0,6239504,0,157.0,159.75,150.27,158.11
688319,欧林生物,30.12,-1.245901639344259,-0.379999999999999,272315469.0,8855393,0,30.03,31.68,29.89,30.5
688320,禾川科技,36.71,-3.5976890756302455,-1.3699999999999974,234244709.0,6229078,0,38.05,38.69,36.6,38.08
688321,微芯生物,34.02,-0.5553931598947609,-0.18999999999999773,841251198.0,24181785,0,34.29,35.66,33.9,34.21
688322,奥比中光,92.83,-0.3969957081545113,-0.37000000000000455,1237896459.0,12963155,0,93.2,98.8,92.0,93.2
688323,瑞华泰,23.65,-11.75373134328359,-3.150000000000002,372082844.0,15410337,0,26.38,26.38,23.43,26.8
688325,赛微微电,98.35,-10.28097062579822,-11.27000000000001,376431181.0,3599537,0,119.98,119.98,98.0,109.62
688326,经纬恒润,135.59,2.502267916540673,3.3100000000000023,782401273.0,5726834,0,130.0,144.28,128.47,132.28
688327,云从科技,16.78,-5.5711873944850785,-0.9899999999999984,1298494806.0,75556489,0,17.6,17.77,16.7,17.77
688328,深科达,30.42,-3.059273422562133,-0.9599999999999973,128649727.0,4176438,0,31.38,31.62,30.17,31.38
688329,艾隆科技,23.2,1.221640488656185,0.2799999999999976,71330419.0,3062728,0,22.93,23.66,22.92,22.92
688330,宏力达,40.1,0.2750687671917965,0.10999999999999943,163175580.0,4086251,0,40.0,40.79,39.15,39.99
688331,荣昌生物,114.46,20.00419375131055,19.08,2338428853.0,20959245,0,110.0,114.46,104.0,95.38
688332,中科蓝讯,142.18,-4.832663989290494,-7.219999999999999,779080388.0,5327183,0,151.48,152.36,142.05,149.4
688333,铂力特,124.9,-10.957439224353035,-15.370000000000005,3298889671.0,26235738,0,133.78,138.0,119.0,140.27
688334,西高院,20.6,-0.14541929229276582,-0.029999999999997584,120425628.0,5832863,0,20.68,20.99,20.31,20.63
688335,复洁科技,36.98,4.729538374398172,1.6699999999999946,264224035.0,7255729,0,35.17,38.0,34.31,35.31
688336,三生国健,60.99,1.9729142283899006,1.1799999999999997,463084283.0,7484752,0,59.81,63.33,59.81,59.81
688337,普源精电,41.1,-2.4911032028469684,-1.0499999999999972,169433620.0,4115465,0,42.15,42.3,40.58,42.15
688338,赛科希德,27.78,1.165331391114349,0.3200000000000003,55227428.0,1990095,0,27.46,27.97,27.23,27.46
688339,亿华通,28.57,-2.1575342465753393,-0.629999999999999,223364003.0,7807143,0,29.2,29.29,28.18,29.2
688343,云天励飞,83.12,-3.729441741950427,-3.219999999999999,1554016922.0,18236435,0,86.5,87.88,82.78,86.34
688345,博力威,34.18,0.8259587020649002,0.28000000000000114,57286008.0,1685897,0,33.77,34.64,33.02,33.9
688347,华虹公司,120.98,-4.582380313904884,-5.810000000000002,3095353938.0,25069011,0,125.0,128.96,120.0,126.79
688348,昱能科技,54.62,-1.1223750905141283,-0.6200000000000045,157429256.0,2877346,0,55.16,55.48,54.13,55.24
688349,三一重能,27.29,-2.1162123385939737,-0.5899999999999999,108110527.0,3950956,0,27.7,27.87,27.08,27.88
688350,富淼科技,29.36,1.8383628165105834,0.5300000000000011,182057079.0,6202023,0,28.81,30.44,28.04,28.83
688351,微电生理,25.64,-0.581620783249316,-0.14999999999999858,172629627.0,6663291,0,25.81,26.36,25.5,25.79
688352,颀中科技,13.16,-2.373887240356085,-0.3200000000000003,195331482.0,14650813,0,13.5,13.54,13.12,13.48
688353,华盛锂电,110.05,1.9642360789400446,2.1199999999999903,1404102094.0,12585626,0,107.2,115.28,106.99,107.93
688355,明志科技,19.21,-0.0520291363163268,-0.00999999999999801,39136705.0,2036496,0,19.22,19.5,18.75,19.22
688356,键凯科技,99.0,-0.8810572687224625,-0.8799999999999955,253955292.0,2528351,0,103.8,104.77,96.96,99.88
688357,建龙微纳,34.68,-2.419808666291501,-0.8599999999999994,86069027.0,2447439,0,35.51,35.87,34.53,35.54
688358,祥生医疗,39.87,6.009040148896565,2.259999999999998,228959817.0,5770949,0,37.99,40.97,37.99,37.61
688359,三孚新科,68.15,-3.6340497737556468,-2.569999999999993,112800721.0,1631663,0,70.73,71.28,68.01,70.72
688360,德马科技,21.15,-2.2643253234750556,-0.490000000000002,147789073.0,6835603,0,21.68,22.09,21.11,21.64
688361,中科飞测,180.49,-0.8133208770676428,-1.4799999999999898,1105212389.0,6020409,0,180.0,190.9,178.28,181.97
688362,甬矽电子,41.64,0.2166064981949541,0.09000000000000341,729566968.0,17285215,0,42.5,43.49,41.2,41.55
688363,华熙生物,47.32,2.203023758099359,1.0200000000000031,533539412.0,11304062,0,46.31,48.35,45.9,46.3
688365,光云科技,28.56,16.66666666666666,4.079999999999998,2151568721.0,75874433,0,26.93,29.38,25.31,24.48
688366,昊海生科,47.03,0.36278275714895797,0.1700000000000017,61200135.0,1292613,0,46.81,47.8,46.55,46.86
688367,工大高科,31.22,-1.1399620012666227,-0.35999999999999943,68152422.0,2160687,0,31.88,32.1,31.11,31.58
688368,晶丰明源,121.67,-3.252226463104328,-4.090000000000003,208009830.0,1695068,0,124.3,125.79,121.14,125.76
688369,致远互联,31.95,-4.882405477820792,-1.6400000000000041,694095603.0,21254084,0,35.0,35.92,31.25,33.59
688370,丛麟科技,26.81,-0.7772020725388633,-0.21000000000000085,40376176.0,1482842,0,27.4,27.61,26.74,27.02
688371,菲沃泰,20.09,-1.7123287671232945,-0.3500000000000014,57323526.0,2839559,0,20.4,20.47,20.01,20.44
688372,伟测科技,122.01,-1.8028169014084465,-2.239999999999995,640713750.0,5240162,0,124.0,125.97,119.5,124.25
688373,盟科药业,6.7,0.0,0.0,119897488.0,17692934,0,6.68,6.86,6.67,6.7
688375,国博电子,153.67,-1.4872748253093284,-2.3200000000000216,2940470468.0,19644011,0,146.97,177.64,130.02,155.99
688376,美埃科技,59.09,-1.7132401862940687,-1.029999999999994,183628061.0,3064557,0,59.69,61.38,58.9,60.12
688377,迪威尔,38.59,-1.2538382804503452,-0.4899999999999949,73533988.0,1896188,0,38.89,39.6,38.3,39.08
688378,奥来德,31.49,-3.8179596823457653,-1.2500000000000036,246489530.0,7718786,0,32.88,32.88,31.0,32.74
688379,华光新材,53.99,-4.543847241867044,-2.5700000000000003,246904580.0,4456752,0,56.22,57.5,53.62,56.56
688380,中微半导,33.93,-4.717775905644482,-1.6799999999999997,292290742.0,8457770,0,35.57,35.57,33.8,35.61
688381,帝奥微,24.29,-1.9774011299435106,-0.490000000000002,135122458.0,5483046,0,24.87,24.98,24.2,24.78
688382,益方生物,32.88,0.7044410413476385,0.23000000000000398,470960590.0,14073831,0,32.69,34.6,32.5,32.65
688383,新益昌,75.19,-2.439340858959382,-1.8799999999999955,111049265.0,1459516,0,77.05,77.79,74.88,77.07
688385,复旦微电,89.68,-8.48979591836734,-8.319999999999993,2728463576.0,30011402,0,95.02,97.87,87.49,98.0
688386,泛亚微透,90.0,-9.2741935483871,-9.200000000000003,446634727.0,4824598,0,96.28,97.21,89.88,99.2
688387,信科移动,19.78,4.050499736980534,0.7699999999999996,6974668457.0,355948405,0,19.96,21.58,16.8,19.01
688388,嘉元科技,43.55,-0.3204394598306262,-0.14000000000000057,1172355201.0,26519929,0,43.98,45.18,43.26,43.69
688389,普门科技,14.1,1.220387652548456,0.16999999999999993,119344882.0,8442975,0,13.98,14.31,13.86,13.93
688390,固德威,70.72,-1.8323153803442633,-1.3200000000000074,577258612.0,8139786,0,72.04,72.47,69.88,72.04
688391,钜泉科技,30.64,-0.6807131280389006,-0.21000000000000085,52839931.0,1713273,0,30.99,31.07,30.55,30.85
688392,骄成超声,141.4,-4.135593220338979,-6.099999999999994,266100651.0,1863591,0,143.98,147.49,138.0,147.5
688393,安必平,34.25,1.541654313667368,0.5200000000000031,543320684.0,15093263,0,36.0,38.96,33.69,33.73
688395,正弦电气,25.16,0.039761431411537033,0.010000000000001563,23949292.0,949647,0,25.15,25.42,24.9,25.15
688396,华润微,56.34,-2.390852390852383,-1.3799999999999955,854337643.0,14968024,0,57.76,58.0,56.1,57.72
688398,赛特新材,18.27,-1.8269747447608806,-0.33999999999999986,37134286.0,2023354,0,18.61,18.61,18.2,18.61
688399,硕世生物,80.93,0.6717253389725168,0.5400000000000063,339404684.0,4179355,0,80.56,83.38,78.69,80.39
688400,凌云光,45.23,-7.505112474437632,-3.6700000000000017,1123184995.0,24163365,0,48.41,48.58,44.89,48.9
688401,路维光电,57.22,-1.683848797250866,-0.980000000000004,292037761.0,4998403,0,57.85,60.0,57.1,58.2
688403,汇成股份,18.02,-0.8255365987892246,-0.15000000000000213,511600194.0,28303993,0,18.18,18.38,17.87,18.17
688408,中信博,46.49,-1.0219288907813433,-0.4799999999999969,239690411.0,5140205,0,46.69,47.31,46.01,46.97
688409,富创精密,76.5,-5.039721946375375,-4.060000000000002,670920948.0,8561025,0,80.6,82.3,75.96,80.56
688410,山外山,16.2,0.0,0.0,96148175.0,5865705,0,16.2,16.69,16.05,16.2
688411,海博思创,219.59,-4.029544163279576,-9.219999999999999,1085336967.0,4845610,0,228.0,231.2,218.06,228.81
688416,恒烁股份,68.83,-4.216532145839133,-3.030000000000001,426137134.0,6092654,0,71.0,71.62,68.27,71.86
688418,震有科技,58.08,-9.532710280373838,-6.1200000000000045,1528430753.0,26325076,0,61.91,62.28,54.0,64.2
688419,耐科装备,33.75,-4.499151103565374,-1.5900000000000034,168837013.0,4986724,0,35.12,35.12,32.87,35.34
688420,美腾科技,25.38,0.0,0.0,24061331.0,942648,0,25.76,25.76,25.28,25.38
688425,铁建重工,5.36,-0.3717472118959029,-0.019999999999999574,175236489.0,32663448,0,5.38,5.41,5.33,5.38
688426,康为世纪,26.53,1.3368983957219307,0.3500000000000014,44260011.0,1674453,0,26.16,26.97,25.86,26.18
688428,诺诚健华,22.3,-1.2400354295836917,-0.2799999999999976,226760049.0,9980143,0,22.5,23.2,22.22,22.58
688429,时创能源,13.86,-1.2820512820512802,-0.17999999999999972,34563402.0,2477902,0,14.0,14.13,13.82,14.04
688432,有研硅,13.39,-2.90065264684553,-0.3999999999999986,170594467.0,12563069,0,13.84,13.84,13.34,13.79
688433,华曙高科,76.4,-9.905660377358481,-8.399999999999991,651893847.0,8419046,0,82.59,82.59,74.7,84.8
688435,英方软件,53.37,-6.368421052631583,-3.6300000000000026,523158965.0,9396375,0,59.75,59.8,53.11,57.0
688439,振华风光,65.86,-6.6477675407512375,-4.689999999999998,627127653.0,9363717,0,70.0,70.0,65.61,70.55
688443,智翔金泰,31.44,-1.5962441314553928,-0.509999999999998,164570263.0,5144070,0,32.02,32.49,31.37,31.95
688448,磁谷科技,52.18,2.7772306480204776,1.4099999999999966,223341698.0,4216587,0,50.01,55.0,50.01,50.77
688449,联芸科技,50.5,-3.717826501429938,-1.9500000000000028,417393088.0,8151198,0,52.63,52.71,50.18,52.45
688450,光格科技,30.16,-0.39630118890356997,-0.120000000000001,33480101.0,1100125,0,30.66,30.66,30.05,30.28
688455,科捷智能,22.12,1.93548387096775,0.4200000000000017,63331556.0,2883225,0,21.7,22.25,21.38,21.7
688456,有研粉材,64.41,-11.232083792723271,-8.150000000000006,629168752.0,9565225,0,71.84,71.84,62.72,72.56
688458,美芯晟,40.83,-2.9013079667062995,-1.2199999999999989,109111953.0,2629614,0,42.08,42.41,40.66,42.05
688459,哈铁科技,9.96,0.0,0.0,31965638.0,3211085,0,9.94,9.99,9.91,9.96
688466,金科环境,17.31,-2.698145025295112,-0.4800000000000004,54209247.0,3123106,0,17.86,17.86,17.12,17.79
688468,科美诊断,8.1,0.49627791563274376,0.03999999999999915,77143225.0,9433165,0,8.06,8.28,8.02,8.06
688469,芯联集成,6.7,-2.757619738751807,-0.1899999999999995,1075274339.0,158477383,0,6.89,6.91,6.68,6.89
688472,阿特斯,16.49,3.841309823677567,0.6099999999999977,2387855596.0,152114763,0,15.81,16.55,15.03,15.88
688475,萤石网络,31.66,-3.6811682385153555,-1.2099999999999973,309092864.0,9593819,0,32.9,33.13,31.5,32.87
688478,晶升股份,38.87,-3.018962075848306,-1.2100000000000009,125207846.0,3181346,0,40.4,40.96,38.63,40.08
688479,友车科技,20.72,2.9309488325881765,0.5899999999999999,73265888.0,3541113,0,20.27,20.95,20.22,20.13
688480,赛恩斯,65.23,-1.9097744360902196,-1.269999999999996,168950898.0,2627621,0,66.15,66.46,62.5,66.5
688484,南芯科技,41.67,-2.068155111633362,-0.8799999999999955,315797299.0,7478220,0,42.7,43.0,41.53,42.55
688485,九州一轨,19.28,0.2600104004160203,0.05000000000000071,48720924.0,2528380,0,18.96,19.52,18.96,19.23
688486,龙迅股份,78.59,-5.107461965708754,-4.22999999999999,261911623.0,3246848,0,82.58,83.18,78.54,82.82
688488,艾迪药业,16.95,0.2958579881656847,0.05000000000000071,159809022.0,9336217,0,17.18,17.45,16.89,16.9
688489,三未信安,47.81,-1.4023510002062276,-0.6799999999999997,82313105.0,1704762,0,48.43,49.02,47.42,48.49
688496,清越科技,6.13,-2.232854864433807,-0.13999999999999968,35353623.0,5684826,0,6.27,6.29,6.12,6.27
688498,源杰科技,668.95,-5.381895332390376,-38.049999999999955,2655418309.0,3884600,0,692.86,708.0,667.5,707.0
688499,利元亨,64.65,-0.5384615384615297,-0.3499999999999943,779138752.0,11871416,0,64.68,67.5,64.3,65.0
688500,慧辰股份,75.12,-6.9144981412639375,-5.579999999999998,540615847.0,6972215,0,82.66,83.66,73.12,80.7
688501,青达环保,27.32,-1.2292118582791027,-0.33999999999999986,52312308.0,1890661,0,27.95,28.27,27.15,27.66
688502,茂莱光学,385.44,-6.218978102189782,-25.560000000000002,582821386.0,1474479,0,409.14,409.14,383.82,411.0
688503,聚和材料,74.55,3.6856745479832984,2.6499999999999915,1376455824.0,18886283,0,71.12,76.19,68.83,71.9
688505,复旦张江,8.88,-1.3333333333333246,-0.11999999999999922,147440978.0,16417783,0,9.08,9.15,8.86,9.0
688506,百利天恒,340.44,-1.0348837209302333,-3.5600000000000023,340659151.0,979628,0,345.39,353.99,340.0,344.0
688507,索辰科技,121.37,-1.8835893290218255,-2.3299999999999983,712970864.0,5773269,0,124.0,127.39,118.85,123.7
688508,芯朋微,62.12,-4.401354262850118,-2.8600000000000065,338090355.0,5347747,0,64.93,64.93,62.07,64.98
688509,正元地信,5.92,-6.329113924050639,-0.40000000000000036,236643139.0,39258658,0,6.32,6.36,5.89,6.32
688510,航亚科技,31.66,-0.7523510971786785,-0.23999999999999844,485877301.0,15436296,0,31.01,33.0,29.85,31.9
688511,*ST天微,29.3,-6.658171392163109,-2.09,73961102.0,2455032,0,31.05,31.68,29.21,31.39
688512,慧智微,11.69,-2.8262676641729,-0.33999999999999986,120316257.0,10144008,0,12.0,12.11,11.64,12.03
688513,苑东生物,61.62,-1.4080000000000041,-0.8800000000000026,106547613.0,1701139,0,63.69,64.8,61.2,62.5
688515,裕太微,113.89,-2.6081751325466027,-3.049999999999997,235439248.0,2045119,0,116.8,117.23,113.02,116.94
688516,奥特维,58.8,-3.7800687285223407,-2.3100000000000023,838581384.0,14503277,0,60.1,60.88,55.72,61.11
688517,金冠电气,17.32,4.211793020457276,0.6999999999999993,182145162.0,10554645,0,16.69,17.98,16.41,16.62
688518,联赢激光,27.49,-1.821428571428577,-0.5100000000000016,377198037.0,13614819,0,27.99,28.29,27.3,28.0
688519,南亚新材,72.03,-3.844613536243487,-2.8799999999999955,408766147.0,5581760,0,75.0,75.55,71.73,74.91
688520,神州细胞,48.89,1.0959470636890016,0.5300000000000011,312491725.0,6300387,0,49.96,51.2,48.6,48.36
688521,芯原股份,171.0,-2.402830888647913,-4.210000000000008,4673979990.0,26590452,0,175.62,181.2,170.3,175.21
688522,纳睿雷达,44.01,-8.236030025020856,-3.950000000000003,646410623.0,14438337,0,47.67,47.67,44.0,47.96
688523,航天环宇,76.4,-15.821947994711325,-14.36,1467516674.0,18822089,0,84.5,86.5,72.61,90.76
688525,佰维存储,134.21,3.4294081381011234,4.450000000000017,4049155845.0,31128218,0,125.77,138.5,123.46,129.76
688526,科前生物,16.22,-0.06161429451633742,-0.010000000000001563,58554682.0,3580482,0,16.26,16.57,16.12,16.23
688528,秦川物联,11.2,-0.3558718861210047,-0.040000000000000924,21866828.0,1954874,0,11.32,11.32,10.96,11.24
688529,豪森智能,19.87,0.10075566750629508,0.019999999999999574,47133823.0,2369689,0,19.73,20.1,19.55,19.85
688530,欧莱新材,17.69,-0.2818489289740539,-0.04999999999999716,41394075.0,2319898,0,17.75,18.06,17.49,17.74
688531,日联科技,71.49,1.9828815977175471,1.3900000000000006,304850801.0,4249752,0,70.55,73.18,69.6,70.1
688533,上声电子,30.33,-0.5573770491803335,-0.1700000000000017,72056379.0,2365019,0,30.48,30.88,30.21,30.5
688535,华海诚科,110.06,-5.169739789763915,-6.0,536408441.0,4768037,0,114.0,115.76,109.51,116.06
688536,思瑞浦,167.61,-1.798687602531048,-3.069999999999993,583556902.0,3450925,0,170.0,171.75,166.7,170.68
688538,和辉光电,2.75,0.3649635036496272,0.009999999999999787,324673129.0,118130983,0,2.74,2.81,2.7,2.74
688539,高华科技,50.6,-11.507520111927244,-6.579999999999998,623828614.0,12065004,0,55.55,55.6,50.04,57.18
688543,国科军工,73.38,-12.413463833850567,-10.400000000000006,1715685084.0,23212318,0,79.0,79.09,71.24,83.78
688545,兴福电子,39.81,-4.806312769010038,-2.009999999999998,346355371.0,8532865,0,41.5,41.74,39.71,41.82
688548,广钢气体,19.43,-0.6138107416879846,-0.120000000000001,635488959.0,32960309,0,18.96,19.99,18.4,19.55
688549,中巨芯,9.78,-3.264094955489615,-0.33000000000000007,299176929.0,30119150,0,10.18,10.19,9.75,10.11
688550,瑞联新材,47.19,-1.4411027568922405,-0.6900000000000048,171685280.0,3609487,0,47.81,48.16,47.15,47.88
688551,科威尔,39.5,-2.155065642804056,-0.8699999999999974,55096868.0,1381707,0,40.42,40.45,39.41,40.37
688552,航天南湖,42.46,-10.835783284334306,-5.159999999999997,674209315.0,15791701,0,46.0,46.2,41.2,47.62
688553,汇宇制药,21.64,0.5109150023223382,0.10999999999999943,215154971.0,9797232,0,22.0,22.5,21.46,21.53
688556,高测股份,13.51,-5.919220055710304,-0.8499999999999996,777156151.0,57053158,0,14.0,14.18,13.37,14.36
688557,兰剑智能,39.38,-0.3290306251581763,-0.12999999999999545,114492349.0,2893577,0,39.88,40.4,38.88,39.51
688558,国盛智科,32.23,-1.7378048780487814,-0.5700000000000003,73160589.0,2257943,0,32.99,32.99,32.05,32.8
688559,海目星,60.59,-1.1421112742698576,-0.6999999999999957,1098597315.0,17857116,0,63.77,64.8,59.85,61.29
688560,明冠新材,17.29,6.334563345633441,1.0299999999999976,327480673.0,19350522,0,16.25,17.68,15.91,16.26
688561,奇安信,39.93,-2.846715328467157,-1.1700000000000017,657521006.0,16166051,0,41.68,41.68,39.77,41.1
688562,航天软件,25.96,-12.592592592592588,-3.7399999999999984,822402744.0,30735318,0,29.41,29.41,25.73,29.7
688563,航材股份,62.5,-8.196239717978845,-5.579999999999998,807459851.0,12659195,0,67.88,67.96,62.1,68.08
688565,力源科技,12.42,0.40420371867421756,0.05000000000000071,38709582.0,3111062,0,12.38,12.67,12.18,12.37
688566,吉贝尔,30.2,-1.0484927916120586,-0.3200000000000003,113889036.0,3721277,0,30.68,31.08,30.12,30.52
688567,孚能科技,16.01,-0.5590062111801233,-0.08999999999999986,373850231.0,23315618,0,16.18,16.38,15.86,16.1
688568,中科星图,84.02,6.233404981666446,4.929999999999993,6119856859.0,73788390,0,81.34,94.7,70.5,79.09
688569,铁科轨道,21.98,-0.9909909909909859,-0.21999999999999886,32501312.0,1472847,0,22.28,22.3,21.9,22.2
688570,天玛智控,19.1,-1.7994858611825082,-0.34999999999999787,32805199.0,1699039,0,19.61,19.62,19.0,19.45
688571,杭华股份,7.87,-0.8816120906801043,-0.07000000000000028,34369982.0,4360489,0,7.93,7.95,7.83,7.94
688573,信宇人,24.24,-1.222493887530565,-0.3000000000000007,65315469.0,2673102,0,24.5,24.73,24.1,24.54
688575,亚辉龙,15.72,-0.7575757575757527,-0.11999999999999922,172318545.0,10879793,0,15.85,16.09,15.63,15.84
688576,西山科技,68.91,0.2181500872600225,0.14999999999999147,61361651.0,888826,0,68.58,69.98,67.5,68.76
688577,浙海德曼,90.21,-1.4098360655737774,-1.2900000000000063,119555687.0,1317157,0,91.52,92.88,89.51,91.5
688578,艾力斯,104.67,-0.7773248649160994,-0.8199999999999932,367554455.0,3477642,0,105.21,107.05,104.29,105.49
688579,山大地纬,12.19,-0.7328990228013018,-0.08999999999999986,208689138.0,16919443,0,12.29,12.68,11.96,12.28
688580,伟思医疗,67.6,-0.7487887241227501,-0.5100000000000051,571216336.0,8449988,0,68.05,70.7,64.16,68.11
688581,安杰思,63.85,1.4297061159650493,0.8999999999999986,104646860.0,1629477,0,63.01,65.16,62.84,62.95
688582,芯动联科,72.8,-5.577172503242539,-4.299999999999997,1221701401.0,16708438,0,75.88,76.0,71.55,77.1
688583,思看科技,100.85,-4.425701288855195,-4.670000000000002,161611986.0,1585165,0,106.0,106.0,99.0,105.52
688584,上海合晶,23.05,-3.273185060847661,-0.7799999999999976,144768825.0,6190311,0,24.02,24.02,22.97,23.83
688585,上纬新材,155.8,-2.6858213616489586,-4.299999999999983,1154857603.0,7269144,0,155.0,169.66,147.21,160.1
688586,江航装备,15.61,-14.04185022026432,-2.5500000000000007,792197129.0,49371595,0,17.98,17.98,15.59,18.16
688588,凌志软件,15.93,-0.9328358208955136,-0.14999999999999858,303869260.0,18732323,0,16.21,16.61,15.8,16.08
688589,力合微,23.69,-3.463732681336585,-0.8499999999999979,130012205.0,5419154,0,24.5,24.58,23.61,24.54
688590,新致软件,23.79,2.2785898538263005,0.5299999999999976,979830017.0,40041110,0,25.26,26.0,23.15,23.26
688591,泰凌微,46.31,-4.946633825944164,-2.4099999999999966,582309071.0,12296870,0,49.0,49.5,46.12,48.72
688592,司南导航,47.88,-10.168855534709184,-5.419999999999995,285404141.0,5880047,0,52.77,52.77,46.81,53.3
688593,新相微,22.7,4.080696928014675,0.8900000000000006,480691356.0,21243070,0,21.6,23.55,21.6,21.81
688595,芯海科技,34.99,-2.561960456697284,-0.9199999999999946,126947664.0,3580010,0,36.16,36.32,34.8,35.91
688596,正帆科技,32.08,-3.808095952023997,-1.2700000000000031,413266180.0,12701482,0,33.1,33.35,32.03,33.35
688597,煜邦电力,9.09,0.6644518272425305,0.0600000000000005,67148852.0,7393521,0,9.04,9.27,8.85,9.03
688598,金博股份,31.5,-1.129943502824857,-0.35999999999999943,230535772.0,7313816,0,31.9,32.51,30.9,31.86
688599,天合光能,19.14,-3.8190954773869255,-0.759999999999998,1572155049.0,81105343,0,20.2,20.27,19.03,19.9
688600,皖仪科技,28.57,-3.119701593760591,-0.9199999999999982,92212049.0,3205026,0,29.64,29.64,28.3,29.49
688601,力芯微,47.28,-8.513931888544889,-4.399999999999999,425268420.0,8744021,0,51.61,51.65,47.2,51.68
688602,康鹏科技,9.08,-1.837837837837837,-0.16999999999999993,119121420.0,12986451,0,9.29,9.31,9.03,9.25
688603,天承科技,81.77,-3.8226299694189607,-3.25,291327380.0,3471623,0,86.5,86.5,81.46,85.02
688605,先锋精科,66.32,-4.8630038731889265,-3.3900000000000006,432334792.0,6410720,0,69.5,69.71,65.86,69.71
688606,奥泰生物,65.95,0.380517503805175,0.25,41345648.0,623228,0,65.65,66.85,65.65,65.7
688607,康众医疗,56.45,4.556399333209855,2.460000000000001,1096664516.0,18899441,0,64.79,64.79,53.99,53.99
688608,恒玄科技,230.98,-9.596868884540122,-24.52000000000001,2122566461.0,8913782,0,247.8,247.8,230.23,255.5
688609,九联科技,10.07,-2.986512524084783,-0.3100000000000005,235274731.0,23032816,0,10.38,10.44,10.05,10.38
688610,埃科光电,69.8,-0.8381872425060426,-0.5900000000000034,106358563.0,1518198,0,70.52,73.37,68.0,70.39
688611,杭州柯林,60.97,-5.692188708430018,-3.680000000000007,262778973.0,4216496,0,64.01,64.85,60.77,64.65
688612,威迈斯,34.07,-2.0695602184535753,-0.7199999999999989,103948892.0,3026931,0,35.05,35.25,33.94,34.79
688613,奥精医疗,22.97,0.701446733888646,0.16000000000000014,118509179.0,5128811,0,22.99,23.41,22.7,22.81
688615,合合信息,323.13,4.912337662337661,15.129999999999995,3497110418.0,10638607,0,331.0,344.99,309.9,308.0
688616,西力科技,13.03,1.7968749999999893,0.22999999999999865,43239521.0,3332891,0,12.79,13.17,12.69,12.8
688617,惠泰医疗,260.58,-0.03452641270573208,-0.09000000000003183,298339297.0,1136482,0,262.0,265.85,259.1,260.67
688618,三旺通信,33.76,2.427184466019409,0.7999999999999972,167530710.0,5031638,0,33.8,34.68,32.06,32.96
688619,罗普特,14.55,-2.2177419354838714,-0.33000000000000007,54340692.0,3689493,0,14.97,15.05,14.52,14.88
688620,安凯微,12.72,-2.974828375286032,-0.3899999999999988,147283865.0,11452046,0,13.11,13.11,12.64,13.11
688621,阳光诺和,75.51,-3.563218390804588,-2.789999999999992,309247463.0,3981993,0,79.5,80.7,75.0,78.3
688622,禾信仪器,104.91,-11.475824824909298,-13.600000000000009,292644316.0,2709802,0,116.3,116.3,104.91,118.51
688623,双元科技,109.79,4.26400759734094,4.490000000000009,254779938.0,2344085,0,106.0,112.6,103.41,105.3
688625,呈和科技,62.33,12.306306306306302,6.829999999999998,653894586.0,10619537,0,55.0,66.6,54.52,55.5
688626,翔宇医疗,86.7,4.836759371221282,4.0,968867408.0,11369612,0,84.0,94.5,78.02,82.7
688627,精智达,210.62,-10.087513340448236,-23.629999999999995,1840856879.0,8495460,0,233.8,233.8,206.0,234.25
688628,优利德,34.11,2.648209449292816,0.8800000000000026,111307904.0,3255674,0,33.31,34.97,33.22,33.23
688629,华丰科技,103.0,-4.611965178736806,-4.980000000000004,1823630720.0,17233505,0,106.5,109.38,102.0,107.98
688630,芯碁微装,146.79,-0.05446993940220093,-0.0800000000000125,749676093.0,5009964,0,146.57,153.88,146.2,146.87
688631,莱斯信息,71.55,-7.077922077922081,-5.450000000000003,406325326.0,5549134,0,77.01,77.1,71.3,77.0
688633,星球石墨,25.18,-0.43495452748121566,-0.10999999999999943,36242151.0,1435536,0,25.45,25.66,25.0,25.29
688636,智明达,55.81,-6.983333333333329,-4.189999999999998,1094484954.0,19765051,0,56.71,58.66,52.5,60.0
688638,誉辰智能,39.33,-0.30418250950571496,-0.12000000000000455,26160992.0,663799,0,39.59,39.94,39.01,39.45
688639,华恒生物,41.72,14.836223506743739,5.390000000000001,1694775371.0,41334861,0,37.32,43.6,36.41,36.33
688646,ST逸飞,35.51,-2.310866574965621,-0.8400000000000034,46666747.0,1312049,0,36.33,36.33,35.3,36.35
688648,中邮科技,71.73,2.9420206659012584,2.049999999999997,409869522.0,5774952,0,69.0,73.09,68.4,69.68
688651,盛邦安全,52.2,-8.820960698689952,-5.049999999999997,282507901.0,5295785,0,57.1,57.1,51.8,57.25
688652,京仪装备,113.5,-6.190594263988755,-7.489999999999995,720773977.0,6256751,0,119.99,123.0,111.0,120.99
688653,康希通信,13.64,-4.615384615384617,-0.6600000000000001,223770937.0,16075574,0,14.25,14.29,13.62,14.3
688655,迅捷兴,19.6,0.6676938880328842,0.13000000000000256,106017248.0,5330051,0,19.22,20.38,19.22,19.47
688656,浩欧博,157.8,-3.1901840490797473,-5.199999999999989,190606506.0,1202159,0,163.0,165.96,155.0,163.0
688657,浩辰软件,58.91,-1.0082339102671845,-0.6000000000000014,115891425.0,1949211,0,60.0,60.88,58.24,59.51
688658,悦康药业,30.05,0.5352960856473742,0.16000000000000014,461071812.0,15333423,0,30.32,31.2,28.79,29.89
688659,元琛科技,10.02,0.19999999999999576,0.019999999999999574,29244455.0,2910379,0,10.01,10.15,9.86,10.0
688660,电气风电,16.74,-2.617801047120435,-0.45000000000000284,629884704.0,37350829,0,17.15,17.63,16.43,17.19
688661,和林微纳,66.1,-4.175123224122948,-2.8800000000000097,560946969.0,8325666,0,67.0,69.21,65.53,68.98
688662,富信科技,53.81,-7.891133173570694,-4.609999999999999,440976078.0,7955475,0,58.12,58.4,53.42,58.42
688663,新风光,43.0,-1.1039558417663222,-0.4799999999999969,149424562.0,3430574,0,44.0,44.65,42.77,43.48
688665,四方光电,50.32,-2.575024201355273,-1.3299999999999983,63896185.0,1253181,0,51.38,51.77,50.31,51.65
688667,菱电电控,73.07,-0.013683634373296547,-0.010000000000005116,84704613.0,1152939,0,73.04,75.3,72.02,73.08
688668,鼎通科技,106.47,-5.23364485981308,-5.8799999999999955,776247631.0,7127002,0,112.2,113.36,105.82,112.35
688669,聚石化学,26.41,-3.963636363636363,-1.0899999999999999,111599651.0,4116303,0,27.48,28.05,26.32,27.5
688670,金迪克,22.06,0.45537340619306854,0.09999999999999787,135101455.0,6062214,0,21.82,23.08,21.6,21.96
688671,碧兴物联,25.0,-2.1526418786692787,-0.5500000000000007,56158820.0,2243717,0,25.6,25.65,24.7,25.55
688676,金盘科技,91.85,4.173755245548364,3.6799999999999926,3396712586.0,37964050,0,87.0,95.99,83.6,88.17
688677,海泰新光,48.22,1.3877207737594546,0.6599999999999966,132692634.0,2733705,0,47.6,49.99,47.03,47.56
688678,福立旺,24.15,-3.861464968152876,-0.9700000000000024,193994706.0,7880594,0,25.27,25.37,24.07,25.12
688679,通源环境,36.13,8.694344163658243,2.8900000000000006,649681120.0,18379791,0,39.0,39.0,32.8,33.24
688680,海优新材,52.24,5.471431455683426,2.710000000000001,436099854.0,8650528,0,49.5,53.8,47.0,49.53
688681,科汇股份,18.88,0.7470651013874097,0.14000000000000057,37397564.0,1980804,0,18.68,19.12,18.64,18.74
688682,霍莱沃,61.62,-11.757124445080912,-8.21,443447549.0,6979320,0,67.0,67.4,59.85,69.83
688683,莱尔科技,31.38,-3.683241252302024,-1.1999999999999993,57784109.0,1810385,0,32.8,33.24,31.31,32.58
688685,迈信林,55.89,-4.819482288828334,-2.8299999999999983,253467713.0,4469378,0,58.03,59.0,55.75,58.72
688686,奥普特,134.28,1.604116222760294,2.1200000000000045,367478592.0,2732166,0,132.19,138.38,130.01,132.16
688687,凯因科技,26.94,0.3725782414307057,0.10000000000000142,193764066.0,7122740,0,26.87,27.6,26.71,26.84
688689,银河微电,29.27,-2.1070234113712343,-0.629999999999999,74265646.0,2505667,0,30.0,30.29,29.22,29.9
688690,纳微科技,29.27,5.897250361794497,1.629999999999999,351232522.0,12103929,0,27.77,30.14,27.77,27.64
688691,灿芯股份,120.26,-5.914567360350484,-7.559999999999988,794159337.0,6473912,0,127.0,127.0,119.19,127.82
688692,达梦数据,300.97,-0.5057851239669332,-1.5299999999999727,712336329.0,2356427,0,303.0,311.0,297.0,302.5
688693,锴威特,39.16,-2.2222222222222237,-0.8900000000000006,50605748.0,1275654,0,40.26,40.48,39.1,40.05
688695,中创股份,29.39,-1.7713903743315544,-0.5300000000000011,46813900.0,1575501,0,29.92,30.3,29.23,29.92
688696,极米科技,111.19,0.7155797101449203,0.789999999999992,188407138.0,1674566,0,110.16,114.39,110.16,110.4
688697,纽威数控,16.11,-2.658610271903331,-0.4400000000000013,78480501.0,4807190,0,16.42,16.57,16.08,16.55
688698,伟创电气,105.68,1.7621569571497475,1.8300000000000125,915251895.0,8775834,0,103.89,106.61,101.12,103.85
688699,明微电子,46.52,-4.397862720920661,-2.1399999999999935,150373594.0,3188079,0,48.6,48.6,46.35,48.66
688700,东威科技,36.9,-2.9202841357537475,-1.1099999999999994,266989912.0,7171700,0,38.18,38.19,36.78,38.01
688701,卓锦股份,8.93,-0.9977827050997766,-0.08999999999999986,33575599.0,3732880,0,9.02,9.1,8.81,9.02
688702,盛科通信,130.29,-2.089126023897198,-2.780000000000001,376684857.0,2883482,0,132.62,134.14,128.5,133.07
688707,振华新材,14.51,-1.693766937669377,-0.25,184258629.0,12543253,0,14.77,14.94,14.47,14.76
688708,佳驰科技,64.75,-5.900305188199393,-4.060000000000002,253532867.0,3863028,0,68.12,68.72,64.4,68.81
688709,成都华微,48.27,-9.826265645432464,-5.259999999999998,846381740.0,17021389,0,52.45,52.45,48.02,53.53
688710,益诺思,69.92,10.493046776232617,6.640000000000001,252191831.0,3826266,0,63.38,72.0,61.2,63.28
688711,宏微科技,31.64,-7.969749854566614,-2.740000000000002,491768069.0,15115904,0,33.95,34.0,31.41,34.38
688716,中研股份,43.19,-2.965625702089419,-1.3200000000000003,254330344.0,5873136,0,44.33,44.46,42.76,44.51
688717,艾罗能源,73.9,-0.7387508394895865,-0.5499999999999972,391930995.0,5350606,0,72.23,75.7,71.3,74.45
688718,唯赛勃,13.86,0.07220216606498042,0.009999999999999787,28326246.0,2042123,0,13.92,14.0,13.65,13.85
688719,爱科赛博,50.94,-6.992879313492797,-3.8300000000000054,317322655.0,6192917,0,54.3,54.3,50.0,54.77
688720,艾森股份,71.69,-4.958239427283586,-3.740000000000009,394014593.0,5394523,0,75.8,76.18,71.2,75.43
688721,龙图光罩,48.37,-3.124374123773287,-1.5600000000000023,124411799.0,2523383,0,49.89,50.76,48.15,49.93
688722,同益中,20.31,-5.226318245450308,-1.120000000000001,208811412.0,10150661,0,21.7,21.7,20.26,21.43
688726,拉普拉斯,39.32,-2.1647175914406507,-0.8699999999999974,321792271.0,8137023,0,40.2,40.23,39.04,40.19
688728,格科微,16.06,-3.543543543543543,-0.5899999999999999,302729401.0,18590065,0,16.65,16.66,16.0,16.65
688733,壹石通,32.03,-0.5896958410924821,-0.18999999999999773,249245940.0,7818632,0,31.93,32.47,31.35,32.22
688737,中自科技,24.64,-2.2997620935765197,-0.5799999999999983,107400714.0,4370239,0,25.24,25.25,24.15,25.22
688739,成大生物,27.11,0.9683426443202905,0.259999999999998,103245892.0,3806514,0,26.72,27.38,26.72,26.85
688750,金天钛业,20.36,-4.413145539906109,-0.9400000000000013,263477422.0,12708374,0,21.33,21.4,20.34,21.3
688757,胜科纳米,29.09,0.5878284923928013,0.16999999999999815,105988361.0,3604724,0,29.0,29.93,28.86,28.92
688758,赛分科技,18.53,-1.2260127931769744,-0.23000000000000043,117124578.0,6262415,0,18.57,19.1,18.46,18.76
688766,普冉股份,172.06,-4.51720310765815,-8.139999999999986,1888348077.0,10836449,0,177.08,182.0,169.2,180.2
688767,博拓生物,44.89,-4.853751589656633,-2.289999999999999,234796056.0,5160845,0,46.89,47.58,44.45,47.18
688768,容知日新,51.0,-0.17615971814445763,-0.09000000000000341,182030116.0,3556654,0,51.48,52.74,50.23,51.09
688772,珠海冠宇,20.52,-4.3802423112768,-0.9400000000000013,765752316.0,36778395,0,21.5,21.55,20.41,21.46
688776,国光电气,131.0,-5.312612938200213,-7.349999999999994,1071569485.0,8196554,0,142.1,143.0,124.55,138.35
688777,中控技术,63.11,9.623067569914886,5.539999999999999,5264073806.0,82983039,0,57.9,67.89,57.9,57.57
688778,厦钨新能,87.02,3.251067869008062,2.739999999999995,776011219.0,9008895,0,84.28,88.86,82.66,84.28
688779,五矿新能,8.18,-0.24390243902438508,-0.019999999999999574,414303662.0,50554215,0,8.16,8.38,8.06,8.2
688786,悦安新材,30.58,-0.8752025931928787,-0.2700000000000031,87886370.0,2856501,0,31.0,31.5,30.48,30.85
688787,海天瑞声,166.0,3.957915831663322,6.319999999999993,1626027777.0,9588174,0,175.91,179.19,160.0,159.68
688788,科思科技,68.49,-8.680000000000007,-6.510000000000005,427590673.0,6067928,0,75.0,75.1,68.28,75.0
688789,宏华数科,81.44,-0.7071445988783203,-0.5799999999999983,96174954.0,1170979,0,81.9,83.6,81.07,82.02
688793,倍轻松,23.56,-1.7104714226115985,-0.41000000000000014,59575016.0,2503093,0,24.12,24.23,23.5,23.97
688798,艾为电子,78.27,-2.7943368107302535,-2.25,318754520.0,4013435,0,80.51,80.51,78.01,80.52
688799,华纳药厂,49.1,-1.2072434607645903,-0.6000000000000014,206219168.0,4114145,0,50.19,50.8,48.8,49.7
688800,瑞可达,79.93,-2.9268885110517324,-2.4099999999999966,645854129.0,7979756,0,82.36,83.12,79.7,82.34
688819,天能股份,33.62,-1.5519765739385099,-0.5300000000000011,124449897.0,3682611,0,34.15,34.34,33.55,34.15
688981,中芯国际,123.35,-3.3761554128152924,-4.310000000000002,7922238406.0,63330808,0,127.49,128.15,122.86,127.66
689009,九号公司,55.6,-2.882096069868993,-1.6499999999999986,567802581.0,10065323,0,57.0,57.58,55.42,57.25
430017,星昊医药,0.0,0.0,0.0,0.0,0,0,0.0,0.0,0.0,0.0
430047,诺思兰德,0.0,0.0,0.0,0.0,0,0,0.0,0.0,0.0,0.0
430090,同辉信息,0.0,0.0,0.0,0.0,0,0,0.0,0.0,0.0,0.0
430139,华岭股份,0.0,0.0,0.0,0.0,0,0,0.0,0.0,0.0,0.0
430198,微创光电,0.0,0.0,0.0,0.0,0,0,0.0,0.0,0.0,0.0
430300,辰光医疗,0.0,0.0,0.0,0.0,0,0,0.0,0.0,0.0,0.0
430418,苏轴股份,0.0,0.0,0.0,0.0,0,0,0.0,0.0,0.0,0.0
430425,乐创技术,0.0,0.0,0.0,0.0,0,0,0.0,0.0,0.0,0.0
430476,海能技术,0.0,0.0,0.0,0.0,0,0,0.0,0.0,0.0,0.0
430478,峆一药业,0.0,0.0,0.0,0.0,0,0,0.0,0.0,0.0,0.0
430489,佳先股份,0.0,0.0,0.0,0.0,0,0,0.0,0.0,0.0,0.0
430510,丰光精密,0.0,0.0,0.0,0.0,0,0,0.0,0.0,0.0,0.0
430556,雅达股份,0.0,0.0,0.0,0.0,0,0,0.0,0.0,0.0,0.0
430564,天润科技,0.0,0.0,0.0,0.0,0,0,0.0,0.0,0.0,0.0
430685,新芝生物,0.0,0.0,0.0,0.0,0,0,0.0,0.0,0.0,0.0
430718,合肥高科,0.0,0.0,0.0,0.0,0,0,0.0,0.0,0.0,0.0
830779,武汉蓝电,0.0,0.0,0.0,0.0,0,0,0.0,0.0,0.0,0.0
830799,艾融软件,0.0,0.0,0.0,0.0,0,0,0.0,0.0,0.0,0.0
830809,安达科技,0.0,0.0,0.0,0.0,0,0,0.0,0.0,0.0,0.0
830832,齐鲁华信,0.0,0.0,0.0,0.0,0,0,0.0,0.0,0.0,0.0
830839,万通液压,0.0,0.0,0.0,0.0,0,0,0.0,0.0,0.0,0.0
830879,基康技术,0.0,0.0,0.0,0.0,0,0,0.0,0.0,0.0,0.0
830896,旺成科技,0.0,0.0,0.0,0.0,0,0,0.0,0.0,0.0,0.0
830946,森萱医药,0.0,0.0,0.0,0.0,0,0,0.0,0.0,0.0,0.0
830964,润农节水,0.0,0.0,0.0,0.0,0,0,0.0,0.0,0.0,0.0
830974,凯大催化,0.0,0.0,0.0,0.0,0,0,0.0,0.0,0.0,0.0
831010,凯添燃气,0.0,0.0,0.0,0.0,0,0,0.0,0.0,0.0,0.0
831039,国义招标,0.0,0.0,0.0,0.0,0,0,0.0,0.0,0.0,0.0
831087,秋乐种业,0.0,0.0,0.0,0.0,0,0,0.0,0.0,0.0,0.0
831152,昆工科技,0.0,0.0,0.0,0.0,0,0,0.0,0.0,0.0,0.0
831167,鑫汇科,0.0,0.0,0.0,0.0,0,0,0.0,0.0,0.0,0.0
831175,派诺科技,0.0,0.0,0.0,0.0,0,0,0.0,0.0,0.0,0.0
831195,三祥科技,0.0,0.0,0.0,0.0,0,0,0.0,0.0,0.0,0.0
831278,泰德股份,0.0,0.0,0.0,0.0,0,0,0.0,0.0,0.0,0.0
831304,迪尔化工,0.0,0.0,0.0,0.0,0,0,0.0,0.0,0.0,0.0
831305,海希通讯,0.0,0.0,0.0,0.0,0,0,0.0,0.0,0.0,0.0
831370,新安洁,0.0,0.0,0.0,0.0,0,0,0.0,0.0,0.0,0.0
831396,许昌智能,0.0,0.0,0.0,0.0,0,0,0.0,0.0,0.0,0.0
831445,龙竹科技,0.0,0.0,0.0,0.0,0,0,0.0,0.0,0.0,0.0
831526,凯华材料,0.0,0.0,0.0,0.0,0,0,0.0,0.0,0.0,0.0
831627,力王股份,0.0,0.0,0.0,0.0,0,0,0.0,0.0,0.0,0.0
831641,格利尔,0.0,0.0,0.0,0.0,0,0,0.0,0.0,0.0,0.0
831689,克莱特,0.0,0.0,0.0,0.0,0,0,0.0,0.0,0.0,0.0
831726,朱老六,0.0,0.0,0.0,0.0,0,0,0.0,0.0,0.0,0.0
831768,拾比佰,0.0,0.0,0.0,0.0,0,0,0.0,0.0,0.0,0.0
831832,科达自控,0.0,0.0,0.0,0.0,0,0,0.0,0.0,0.0,0.0
831834,三维装备,0.0,0.0,0.0,0.0,0,0,0.0,0.0,0.0,0.0
831855,浙江大农,0.0,0.0,0.0,0.0,0,0,0.0,0.0,0.0,0.0
831856,浩淼科技,0.0,0.0,0.0,0.0,0,0,0.0,0.0,0.0,0.0
831906,舜宇精工,0.0,0.0,0.0,0.0,0,0,0.0,0.0,0.0,0.0
831961,创远信科,0.0,0.0,0.0,0.0,0,0,0.0,0.0,0.0,0.0
832000,安徽凤凰,0.0,0.0,0.0,0.0,0,0,0.0,0.0,0.0,0.0
832023,田野股份,0.0,0.0,0.0,0.0,0,0,0.0,0.0,0.0,0.0
832089,禾昌聚合,0.0,0.0,0.0,0.0,0,0,0.0,0.0,0.0,0.0
832110,雷特科技,0.0,0.0,0.0,0.0,0,0,0.0,0.0,0.0,0.0
832145,恒合股份,0.0,0.0,0.0,0.0,0,0,0.0,0.0,0.0,0.0
832149,利尔达,0.0,0.0,0.0,0.0,0,0,0.0,0.0,0.0,0.0
832171,志晟信息,0.0,0.0,0.0,0.0,0,0,0.0,0.0,0.0,0.0
832175,东方碳素,0.0,0.0,0.0,0.0,0,0,0.0,0.0,0.0,0.0
832225,利通科技,0.0,0.0,0.0,0.0,0,0,0.0,0.0,0.0,0.0
832278,鹿得医疗,0.0,0.0,0.0,0.0,0,0,0.0,0.0,0.0,0.0
832419,路斯股份,0.0,0.0,0.0,0.0,0,0,0.0,0.0,0.0,0.0
832469,富恒新材,0.0,0.0,0.0,0.0,0,0,0.0,0.0,0.0,0.0
832471,美邦科技,0.0,0.0,0.0,0.0,0,0,0.0,0.0,0.0,0.0
832491,奥迪威,0.0,0.0,0.0,0.0,0,0,0.0,0.0,0.0,0.0
832522,纳科诺尔,0.0,0.0,0.0,0.0,0,0,0.0,0.0,0.0,0.0
832566,梓橦宫,0.0,0.0,0.0,0.0,0,0,0.0,0.0,0.0,0.0
832651,天罡股份,0.0,0.0,0.0,0.0,0,0,0.0,0.0,0.0,0.0
832662,方盛股份,0.0,0.0,0.0,0.0,0,0,0.0,0.0,0.0,0.0
832735,德源药业,0.0,0.0,0.0,0.0,0,0,0.0,0.0,0.0,0.0
832786,骑士乳业,0.0,0.0,0.0,0.0,0,0,0.0,0.0,0.0,0.0
832802,保丽洁,0.0,0.0,0.0,0.0,0,0,0.0,0.0,0.0,0.0
832876,慧为智能,0.0,0.0,0.0,0.0,0,0,0.0,0.0,0.0,0.0
832885,星辰科技,0.0,0.0,0.0,0.0,0,0,0.0,0.0,0.0,0.0
832978,开特股份,0.0,0.0,0.0,0.0,0,0,0.0,0.0,0.0,0.0
832982,锦波生物,0.0,0.0,0.0,0.0,0,0,0.0,0.0,0.0,0.0
833030,立方控股,0.0,0.0,0.0,0.0,0,0,0.0,0.0,0.0,0.0
833075,柏星龙,0.0,0.0,0.0,0.0,0,0,0.0,0.0,0.0,0.0
833171,国航远洋,0.0,0.0,0.0,0.0,0,0,0.0,0.0,0.0,0.0
833230,欧康医药,0.0,0.0,0.0,0.0,0,0,0.0,0.0,0.0,0.0
833266,生物谷,0.0,0.0,0.0,0.0,0,0,0.0,0.0,0.0,0.0
833284,灵鸽科技,0.0,0.0,0.0,0.0,0,0,0.0,0.0,0.0,0.0
833346,威贸电子,0.0,0.0,0.0,0.0,0,0,0.0,0.0,0.0,0.0
833394,民士达,0.0,0.0,0.0,0.0,0,0,0.0,0.0,0.0,0.0
833427,华维设计,0.0,0.0,0.0,0.0,0,0,0.0,0.0,0.0,0.0
833429,康比特,0.0,0.0,0.0,0.0,0,0,0.0,0.0,0.0,0.0
833454,同心传动,0.0,0.0,0.0,0.0,0,0,0.0,0.0,0.0,0.0
833455,汇隆活塞,0.0,0.0,0.0,0.0,0,0,0.0,0.0,0.0,0.0
833509,同惠电子,0.0,0.0,0.0,0.0,0,0,0.0,0.0,0.0,0.0
833523,德瑞锂电,0.0,0.0,0.0,0.0,0,0,0.0,0.0,0.0,0.0
833533,骏创科技,0.0,0.0,0.0,0.0,0,0,0.0,0.0,0.0,0.0
833575,康乐卫士,0.0,0.0,0.0,0.0,0,0,0.0,0.0,0.0,0.0
833580,科创新材,0.0,0.0,0.0,0.0,0,0,0.0,0.0,0.0,0.0
833751,惠同新材,0.0,0.0,0.0,0.0,0,0,0.0,0.0,0.0,0.0
833781,瑞奇智造,0.0,0.0,0.0,0.0,0,0,0.0,0.0,0.0,0.0
833819,颖泰生物,0.0,0.0,0.0,0.0,0,0,0.0,0.0,0.0,0.0
833873,中设咨询,0.0,0.0,0.0,0.0,0,0,0.0,0.0,0.0,0.0
833914,远航精密,0.0,0.0,0.0,0.0,0,0,0.0,0.0,0.0,0.0
833943,优机股份,0.0,0.0,0.0,0.0,0,0,0.0,0.0,0.0,0.0
834014,特瑞斯,0.0,0.0,0.0,0.0,0,0,0.0,0.0,0.0,0.0
834021,流金科技,0.0,0.0,0.0,0.0,0,0,0.0,0.0,0.0,0.0
834033,康普化学,0.0,0.0,0.0,0.0,0,0,0.0,0.0,0.0,0.0
834058,华洋赛车,0.0,0.0,0.0,0.0,0,0,0.0,0.0,0.0,0.0
834062,科润智控,0.0,0.0,0.0,0.0,0,0,0.0,0.0,0.0,0.0
834261,一诺威,0.0,0.0,0.0,0.0,0,0,0.0,0.0,0.0,0.0
834407,驰诚股份,0.0,0.0,0.0,0.0,0,0,0.0,0.0,0.0,0.0
834415,恒拓开源,0.0,0.0,0.0,0.0,0,0,0.0,0.0,0.0,0.0
834475,三友科技,0.0,0.0,0.0,0.0,0,0,0.0,0.0,0.0,0.0
834599,同力股份,0.0,0.0,0.0,0.0,0,0,0.0,0.0,0.0,0.0
834639,晨光电缆,0.0,0.0,0.0,0.0,0,0,0.0,0.0,0.0,0.0
834682,球冠电缆,0.0,0.0,0.0,0.0,0,0,0.0,0.0,0.0,0.0
834765,美之高,0.0,0.0,0.0,0.0,0,0,0.0,0.0,0.0,0.0
834770,艾能聚,0.0,0.0,0.0,0.0,0,0,0.0,0.0,0.0,0.0
834950,迅安科技,0.0,0.0,0.0,0.0,0,0,0.0,0.0,0.0,0.0
835174,五新隧装,0.0,0.0,0.0,0.0,0,0,0.0,0.0,0.0,0.0
835179,凯德石英,0.0,0.0,0.0,0.0,0,0,0.0,0.0,0.0,0.0
835184,国源科技,0.0,0.0,0.0,0.0,0,0,0.0,0.0,0.0,0.0
835185,贝特瑞,0.0,0.0,0.0,0.0,0,0,0.0,0.0,0.0,0.0
835207,众诚科技,0.0,0.0,0.0,0.0,0,0,0.0,0.0,0.0,0.0
835237,力佳科技,0.0,0.0,0.0,0.0,0,0,0.0,0.0,0.0,0.0
835305,*ST云创,0.0,0.0,0.0,0.0,0,0,0.0,0.0,0.0,0.0
835368,连城数控,0.0,0.0,0.0,0.0,0,0,0.0,0.0,0.0,0.0
835438,戈碧迦,0.0,0.0,0.0,0.0,0,0,0.0,0.0,0.0,0.0
835508,殷图网联,0.0,0.0,0.0,0.0,0,0,0.0,0.0,0.0,0.0
835579,机科股份,0.0,0.0,0.0,0.0,0,0,0.0,0.0,0.0,0.0
835640,富士达,0.0,0.0,0.0,0.0,0,0,0.0,0.0,0.0,0.0
835670,数字人,0.0,0.0,0.0,0.0,0,0,0.0,0.0,0.0,0.0
835857,百甲科技,0.0,0.0,0.0,0.0,0,0,0.0,0.0,0.0,0.0
835892,中科美菱,0.0,0.0,0.0,0.0,0,0,0.0,0.0,0.0,0.0
835985,海泰新能,0.0,0.0,0.0,0.0,0,0,0.0,0.0,0.0,0.0
836077,吉林碳谷,0.0,0.0,0.0,0.0,0,0,0.0,0.0,0.0,0.0
836149,旭杰科技,0.0,0.0,0.0,0.0,0,0,0.0,0.0,0.0,0.0
836208,青矩技术,0.0,0.0,0.0,0.0,0,0,0.0,0.0,0.0,0.0
836221,易实精密,0.0,0.0,0.0,0.0,0,0,0.0,0.0,0.0,0.0
836239,长虹能源,0.0,0.0,0.0,0.0,0,0,0.0,0.0,0.0,0.0
836247,华密新材,0.0,0.0,0.0,0.0,0,0,0.0,0.0,0.0,0.0
836260,中寰股份,0.0,0.0,0.0,0.0,0,0,0.0,0.0,0.0,0.0
836263,中航泰达,0.0,0.0,0.0,0.0,0,0,0.0,0.0,0.0,0.0
836270,天铭科技,0.0,0.0,0.0,0.0,0,0,0.0,0.0,0.0,0.0
836395,朗鸿科技,0.0,0.0,0.0,0.0,0,0,0.0,0.0,0.0,0.0
836414,欧普泰,0.0,0.0,0.0,0.0,0,0,0.0,0.0,0.0,0.0
836419,万德股份,0.0,0.0,0.0,0.0,0,0,0.0,0.0,0.0,0.0
836422,润普食品,0.0,0.0,0.0,0.0,0,0,0.0,0.0,0.0,0.0
836433,大唐药业,0.0,0.0,0.0,0.0,0,0,0.0,0.0,0.0,0.0
836504,博迅生物,0.0,0.0,0.0,0.0,0,0,0.0,0.0,0.0,0.0
836547,无锡晶海,0.0,0.0,0.0,0.0,0,0,0.0,0.0,0.0,0.0
836675,秉扬科技,0.0,0.0,0.0,0.0,0,0,0.0,0.0,0.0,0.0
836699,海达尔,0.0,0.0,0.0,0.0,0,0,0.0,0.0,0.0,0.0
836717,瑞星股份,0.0,0.0,0.0,0.0,0,0,0.0,0.0,0.0,0.0
836720,吉冈精密,0.0,0.0,0.0,0.0,0,0,0.0,0.0,0.0,0.0
836807,奔朗新材,0.0,0.0,0.0,0.0,0,0,0.0,0.0,0.0,0.0
836826,盖世食品,0.0,0.0,0.0,0.0,0,0,0.0,0.0,0.0,0.0
836871,派特尔,0.0,0.0,0.0,0.0,0,0,0.0,0.0,0.0,0.0
836892,广咨国际,0.0,0.0,0.0,0.0,0,0,0.0,0.0,0.0,0.0
836942,恒立钻具,0.0,0.0,0.0,0.0,0,0,0.0,0.0,0.0,0.0
836957,汉维科技,0.0,0.0,0.0,0.0,0,0,0.0,0.0,0.0,0.0
836961,西磁科技,0.0,0.0,0.0,0.0,0,0,0.0,0.0,0.0,0.0
837006,晟楠科技,0.0,0.0,0.0,0.0,0,0,0.0,0.0,0.0,0.0
837023,芭薇股份,0.0,0.0,0.0,0.0,0,0,0.0,0.0,0.0,0.0
837046,亿能电力,0.0,0.0,0.0,0.0,0,0,0.0,0.0,0.0,0.0
837092,汉鑫科技,0.0,0.0,0.0,0.0,0,0,0.0,0.0,0.0,0.0
837174,宏裕包材,0.0,0.0,0.0,0.0,0,0,0.0,0.0,0.0,0.0
837212,智新电子,0.0,0.0,0.0,0.0,0,0,0.0,0.0,0.0,0.0
837242,建邦科技,0.0,0.0,0.0,0.0,0,0,0.0,0.0,0.0,0.0
837344,三元基因,0.0,0.0,0.0,0.0,0,0,0.0,0.0,0.0,0.0
837403,康农种业,0.0,0.0,0.0,0.0,0,0,0.0,0.0,0.0,0.0
837592,华信永道,0.0,0.0,0.0,0.0,0,0,0.0,0.0,0.0,0.0
837663,明阳科技,0.0,0.0,0.0,0.0,0,0,0.0,0.0,0.0,0.0
837748,路桥信息,0.0,0.0,0.0,0.0,0,0,0.0,0.0,0.0,0.0
837821,则成电子,0.0,0.0,0.0,0.0,0,0,0.0,0.0,0.0,0.0
838030,德众汽车,0.0,0.0,0.0,0.0,0,0,0.0,0.0,0.0,0.0
838163,方大新材,0.0,0.0,0.0,0.0,0,0,0.0,0.0,0.0,0.0
838171,邦德股份,0.0,0.0,0.0,0.0,0,0,0.0,0.0,0.0,0.0
838227,美登科技,0.0,0.0,0.0,0.0,0,0,0.0,0.0,0.0,0.0
838262,太湖雪,0.0,0.0,0.0,0.0,0,0,0.0,0.0,0.0,0.0
838275,驱动力,0.0,0.0,0.0,0.0,0,0,0.0,0.0,0.0,0.0
838402,硅烷科技,0.0,0.0,0.0,0.0,0,0,0.0,0.0,0.0,0.0
838670,恒进感应,0.0,0.0,0.0,0.0,0,0,0.0,0.0,0.0,0.0
838701,豪声电子,0.0,0.0,0.0,0.0,0,0,0.0,0.0,0.0,0.0
838810,春光智能,0.0,0.0,0.0,0.0,0,0,0.0,0.0,0.0,0.0
838837,华原股份,0.0,0.0,0.0,0.0,0,0,0.0,0.0,0.0,0.0
838924,广脉科技,0.0,0.0,0.0,0.0,0,0,0.0,0.0,0.0,0.0
838971,天马新材,0.0,0.0,0.0,0.0,0,0,0.0,0.0,0.0,0.0
839167,同享科技,0.0,0.0,0.0,0.0,0,0,0.0,0.0,0.0,0.0
839273,一致魔芋,0.0,0.0,0.0,0.0,0,0,0.0,0.0,0.0,0.0
839371,欧福蛋业,0.0,0.0,0.0,0.0,0,0,0.0,0.0,0.0,0.0
839493,并行科技,0.0,0.0,0.0,0.0,0,0,0.0,0.0,0.0,0.0
839680,*ST广道,0.0,0.0,0.0,0.0,0,0,0.0,0.0,0.0,0.0
839719,宁新新材,0.0,0.0,0.0,0.0,0,0,0.0,0.0,0.0,0.0
839725,惠丰钻石,0.0,0.0,0.0,0.0,0,0,0.0,0.0,0.0,0.0
839729,永顺生物,0.0,0.0,0.0,0.0,0,0,0.0,0.0,0.0,0.0
839790,联迪信息,0.0,0.0,0.0,0.0,0,0,0.0,0.0,0.0,0.0
839792,东和新材,0.0,0.0,0.0,0.0,0,0,0.0,0.0,0.0,0.0
839946,华阳变速,0.0,0.0,0.0,0.0,0,0,0.0,0.0,0.0,0.0
870199,倍益康,0.0,0.0,0.0,0.0,0,0,0.0,0.0,0.0,0.0
870204,沪江材料,0.0,0.0,0.0,0.0,0,0,0.0,0.0,0.0,0.0
870299,灿能电力,0.0,0.0,0.0,0.0,0,0,0.0,0.0,0.0,0.0
870357,雅葆轩,0.0,0.0,0.0,0.0,0,0,0.0,0.0,0.0,0.0
870436,大地电气,0.0,0.0,0.0,0.0,0,0,0.0,0.0,0.0,0.0
870508,丰安股份,0.0,0.0,0.0,0.0,0,0,0.0,0.0,0.0,0.0
870656,海昇药业,0.0,0.0,0.0,0.0,0,0,0.0,0.0,0.0,0.0
870726,鸿智科技,0.0,0.0,0.0,0.0,0,0,0.0,0.0,0.0,0.0
870866,绿亨科技,0.0,0.0,0.0,0.0,0,0,0.0,0.0,0.0,0.0
870976,视声智能,0.0,0.0,0.0,0.0,0,0,0.0,0.0,0.0,0.0
871245,威博液压,0.0,0.0,0.0,0.0,0,0,0.0,0.0,0.0,0.0
871263,莱赛激光,0.0,0.0,0.0,0.0,0,0,0.0,0.0,0.0,0.0
871396,常辅股份,0.0,0.0,0.0,0.0,0,0,0.0,0.0,0.0,0.0
871478,巨能股份,0.0,0.0,0.0,0.0,0,0,0.0,0.0,0.0,0.0
871553,凯腾精工,0.0,0.0,0.0,0.0,0,0,0.0,0.0,0.0,0.0
871634,新威凌,0.0,0.0,0.0,0.0,0,0,0.0,0.0,0.0,0.0
871642,通易航天,0.0,0.0,0.0,0.0,0,0,0.0,0.0,0.0,0.0
871694,中裕科技,0.0,0.0,0.0,0.0,0,0,0.0,0.0,0.0,0.0
871753,天纺标,0.0,0.0,0.0,0.0,0,0,0.0,0.0,0.0,0.0
871857,泓禧科技,0.0,0.0,0.0,0.0,0,0,0.0,0.0,0.0,0.0
871970,大禹生物,0.0,0.0,0.0,0.0,0,0,0.0,0.0,0.0,0.0
871981,晶赛科技,0.0,0.0,0.0,0.0,0,0,0.0,0.0,0.0,0.0
872190,雷神科技,0.0,0.0,0.0,0.0,0,0,0.0,0.0,0.0,0.0
872351,华光源海,0.0,0.0,0.0,0.0,0,0,0.0,0.0,0.0,0.0
872374,云里物里,0.0,0.0,0.0,0.0,0,0,0.0,0.0,0.0,0.0
872392,佳合科技,0.0,0.0,0.0,0.0,0,0,0.0,0.0,0.0,0.0
872541,铁大科技,0.0,0.0,0.0,0.0,0,0,0.0,0.0,0.0,0.0
872808,曙光数创,0.0,0.0,0.0,0.0,0,0,0.0,0.0,0.0,0.0
872895,花溪科技,0.0,0.0,0.0,0.0,0,0,0.0,0.0,0.0,0.0
872925,锦好医疗,0.0,0.0,0.0,0.0,0,0,0.0,0.0,0.0,0.0
872931,无锡鼎邦,0.0,0.0,0.0,0.0,0,0,0.0,0.0,0.0,0.0
872953,国子软件,0.0,0.0,0.0,0.0,0,0,0.0,0.0,0.0,0.0
873001,纬达光电,0.0,0.0,0.0,0.0,0,0,0.0,0.0,0.0,0.0
873122,中纺标,0.0,0.0,0.0,0.0,0,0,0.0,0.0,0.0,0.0
873132,泰鹏智能,0.0,0.0,0.0,0.0,0,0,0.0,0.0,0.0,0.0
873152,天宏锂电,0.0,0.0,0.0,0.0,0,0,0.0,0.0,0.0,0.0
873167,新赣江,0.0,0.0,0.0,0.0,0,0,0.0,0.0,0.0,0.0
873169,七丰精工,0.0,0.0,0.0,0.0,0,0,0.0,0.0,0.0,0.0
873223,荣亿精密,0.0,0.0,0.0,0.0,0,0,0.0,0.0,0.0,0.0
873305,九菱科技,0.0,0.0,0.0,0.0,0,0,0.0,0.0,0.0,0.0
873339,恒太照明,0.0,0.0,0.0,0.0,0,0,0.0,0.0,0.0,0.0
873527,夜光明,0.0,0.0,0.0,0.0,0,0,0.0,0.0,0.0,0.0
873570,坤博精工,0.0,0.0,0.0,0.0,0,0,0.0,0.0,0.0,0.0
873576,天力复合,0.0,0.0,0.0,0.0,0,0,0.0,0.0,0.0,0.0
873593,鼎智科技,0.0,0.0,0.0,0.0,0,0,0.0,0.0,0.0,0.0
873665,科强股份,0.0,0.0,0.0,0.0,0,0,0.0,0.0,0.0,0.0
873679,前进科技,0.0,0.0,0.0,0.0,0,0,0.0,0.0,0.0,0.0
873690,捷众科技,0.0,0.0,0.0,0.0,0,0,0.0,0.0,0.0,0.0
873693,阿为特,0.0,0.0,0.0,0.0,0,0,0.0,0.0,0.0,0.0
873703,广厦环能,0.0,0.0,0.0,0.0,0,0,0.0,0.0,0.0,0.0
873706,铁拓机械,0.0,0.0,0.0,0.0,0,0,0.0,0.0,0.0,0.0
873726,卓兆点胶,0.0,0.0,0.0,0.0,0,0,0.0,0.0,0.0,0.0
873806,云星宇,0.0,0.0,0.0,0.0,0,0,0.0,0.0,0.0,0.0
873833,美心翼申,0.0,0.0,0.0,0.0,0,0,0.0,0.0,0.0,0.0
920002,万达轴承,111.9,-2.6024893376272913,-2.989999999999995,166506458.41,1459606,0,116.16,117.0,111.38,114.89
920008,成电光信,33.22,-5.166999714530409,-1.8100000000000023,118547240.06,3514741,0,35.08,35.42,33.0,35.03
920016,中草香料,20.16,-0.7385524372230359,-0.14999999999999858,29039078.99,1420691,0,20.32,20.74,20.13,20.31
920019,铜冠矿建,21.4,1.6144349477682804,0.33999999999999986,134986556.48,6265311,0,21.14,21.97,20.75,21.06
920060,万源通,33.66,-2.660497397339508,-0.9200000000000017,146951265.13,4297908,0,34.94,35.0,33.64,34.58
920066,科拜尔,26.28,0.8442056792018512,0.22000000000000242,36084445.64,1353772,0,26.32,27.3,26.03,26.06
920082,方正阀门,18.35,-0.8643976229065378,-0.16000000000000014,50856783.41,2714433,0,18.62,19.11,18.31,18.51
920088,科力股份,37.08,5.5207740466704545,1.9399999999999977,384644779.62,10187671,0,35.01,40.6,35.01,35.14
920098,科隆新材,31.9,-6.369239800410924,-2.1700000000000017,131455904.27,4033221,0,33.98,33.98,31.72,34.07
920099,瑞华技术,33.52,-1.2083701738874053,-0.4099999999999966,42922387.24,1262217,0,34.04,34.45,33.5,33.93
920106,林泰新材,81.81,-2.304752806305222,-1.9299999999999926,94667047.46,1138381,0,83.48,84.47,81.73,83.74
920108,宏海科技,14.1,-0.141643059490082,-0.019999999999999574,27756180.92,1951917,0,14.22,14.38,14.0,14.12
920111,聚星科技,25.46,3.1604538087520306,0.7800000000000011,146953194.51,5814661,0,24.78,26.0,24.35,24.68
920116,星图测控,138.92,6.730178242163484,8.759999999999991,2215200078.41,15484050,0,140.0,156.66,128.0,130.16
920118,太湖远大,24.48,1.6189290161892924,0.39000000000000057,42830613.95,1746136,0,23.9,24.95,23.9,24.09
920128,胜业电气,31.03,2.240527182866556,0.6799999999999997,122181494.16,3980049,0,30.28,31.66,29.45,30.35
000003,Ｂ股指数,257.3614,-0.41469146173614024,-1.0717000000000212,220960039.0,519590,0,257.986,258.8582,256.0992,258.4331
000005,商业指数,2938.0344,-0.11371536182753486,-3.34479999999985,83809939815.0,61610324,0,2948.4988,2968.5299,2932.7357,2941.3792
000013,企债指数,0.0,0.0,0.0,0.0,0,0,0.0,0.0,0.0,0.0
000015,红利指数,3082.3338,-0.20829666822457754,-6.433800000000247,38729222111.0,42274453,0,3087.5503,3101.3889,3077.1536,3088.7676
000018,180金融,5952.1217,0.4628081106598173,27.420000000000073,67312220183.0,50154774,0,5935.0644,6016.3752,5935.0644,5924.7017
000022,沪公司债,253.8993,0.006380889472358645,0.016199999999997772,530933195.0,530671,0,253.9006,253.9006,253.8959,253.8831
000033,上证材料,3961.8719,0.24595971935487457,9.720700000000306,97196368170.0,52236892,0,3948.96,4027.2558,3938.6649,3952.1512
000038,上证金融,5940.1086,0.4302036793809134,25.44509999999991,57186042632.0,40631693,0,5925.2195,6006.7672,5925.2195,5914.6635
000041,上证公用,2591.0185,-0.3810177788432037,-9.909999999999854,19100659825.0,27314259,0,2602.0344,2611.8061,2583.3656,2600.9285
000043,超大盘,2691.1705,-0.2701503420246509,-7.289899999999761,103191703233.0,28087642,0,2704.519,2730.9983,2683.9423,2698.4604
000044,上证中盘,4721.6665,-0.30314671573849783,-14.357100000000173,200951319642.0,114465870,0,4741.2381,4767.3917,4711.2055,4736.0236
000046,上证中小,5400.7354,-0.934091822949539,-50.923500000000786,623245800878.0,335904905,0,5458.6618,5460.8321,5386.9711,5451.6589
000047,上证全指,4115.3116,-0.7086620898474392,-29.371799999999894,806166553187.0,396900147,0,4151.6962,4167.7964,4105.1121,4144.6834
000051,180等权,9653.4329,-0.6806215470174544,-66.15359999999964,383872071951.0,175461111,0,9731.7919,9757.8706,9633.0973,9719.5865
000052,50基本,3049.8676,0.09264058080143474,2.8227999999999156,182920752309.0,60995242,0,3053.6596,3081.8118,3045.0269,3047.0448
000053,180基本,12775.9341,0.15637912564723824,19.947700000000623,383872071951.0,175461111,0,12773.6759,12865.4451,12755.0677,12755.9864
000054,上证海外,1659.8488,0.5958544308419564,9.831699999999955,137396981784.0,76392290,0,1654.5039,1677.3046,1654.3333,1650.0171
000057,全指成长,4068.5046,-0.587006368679691,-24.023399999999583,241035442883.0,69006103,0,4097.1706,4140.7006,4056.1049,4092.528
000064,非周期,3708.3874,-1.3172504706233623,-49.5007999999998,287297716217.0,103643885,0,3766.1153,3774.9846,3698.8717,3757.8882
000067,上证新兴,9552.4724,-2.435291609678434,-238.4372000000003,205369253508.0,48026646,0,9803.6262,9806.8163,9524.3283,9790.9096
000071,材料等权,5321.9707,-0.36166182460743707,-19.317399999999907,97196368170.0,52236892,0,5331.7084,5414.5429,5301.0073,5341.2881
000072,工业等权,3129.9959,-0.3074960388899422,-9.654300000000148,79350823901.0,57401057,0,3139.4454,3154.8168,3101.0878,3139.6502
000073,可选等权,3580.4853,-1.5277412796825878,-55.54920000000038,46811191281.0,27309507,0,3634.1182,3643.7244,3572.7029,3636.0345
000074,消费等权,7253.4687,-1.127434276313277,-82.71059999999943,15712159927.0,3989560,0,7327.0131,7353.549,7245.338,7336.1793
000075,医药等权,7389.6906,0.717788077166896,52.66429999999946,39035473013.0,8966068,0,7398.8946,7520.2824,7373.4107,7337.0263
000076,金融等权,5840.8382,0.7391102636059071,42.85350000000017,57993321871.0,40180296,0,5804.9798,5895.3154,5804.9798,5797.9847
000077,信息等权,6506.6529,-3.201226034442383,-215.1810999999998,158054089042.0,29039232,0,6699.7295,6707.8636,6482.0624,6721.834
000079,公用等权,2609.2857,-0.3236433743548308,-8.472200000000157,19100659825.0,27314259,0,2618.1807,2632.442,2600.0163,2617.7579
000091,沪财中小,15273.8051,-1.3072472278283926,-202.3111000000008,66095465233.0,39388245,0,15486.0102,15487.6661,15246.7508,15476.1162
000092,资源50,5220.9806,0.2023015408411352,10.540799999999763,100426517236.0,41313294,0,5206.6236,5297.4779,5193.3876,5210.4398
000093,180分层,12566.496,-0.9966071601712584,-126.49930000000131,383872071951.0,175461111,0,12712.8486,12717.7862,12544.0509,12692.9953
000094,上证上游,4950.4559,0.6011390739361623,29.58129999999983,89615402010.0,43587646,0,4920.365,5030.3201,4910.0285,4920.8746
000095,上证中游,4113.4948,-1.9863404026444678,-83.36389999999938,420960565459.0,154654795,0,4192.175,4192.6255,4100.1147,4196.8587
000097,高端装备,12275.8651,-1.9249391578011164,-240.9408999999996,237480659217.0,53920084,0,12523.2692,12532.7654,12199.9249,12516.806
000098,上证F200,5647.0394,0.18739187284198486,10.562299999999595,300517164375.0,217924456,0,5643.0627,5683.4647,5635.0557,5636.4771
000101,5年信用,251.8052,0.006592832241019272,0.01660000000001105,199772393.0,198900,0,251.805,251.8053,251.8045,251.7886
000102,沪投资品,8229.5716,0.6307270485068255,51.580799999999726,134560456446.0,53862944,0,8178.4492,8293.7209,8126.3236,8177.9908
000103,沪消费品,8481.8875,0.1094384647611583,9.272300000000541,49006483865.0,8762673,0,8530.6789,8630.7768,8466.1933,8472.6152
000104,380能源,1331.4357,0.23397840758722013,3.1079999999999472,6075228872.0,9813585,0,1329.0095,1343.0466,1324.9449,1328.3277
000105,380材料,5783.5076,-0.8631655505823966,-50.355900000000474,48381938352.0,29417119,0,5832.0953,5881.0136,5762.6707,5833.8635
000106,380工业,6731.3228,-1.1529164181596485,-78.51170000000002,133299786178.0,57897388,0,6805.736,6828.5076,6640.0186,6809.8345
000107,380可选,5760.6223,-1.5610474987723812,-91.35210000000006,22797921739.0,10661685,0,5862.9031,5862.9031,5744.155,5851.9744
000108,380消费,12662.4989,-0.884002062082578,-112.93509999999878,4423268938.0,2634396,0,12742.7266,12790.9743,12644.7447,12775.434
000109,380医药,10493.9408,0.15543650240736767,16.28610000000117,17136827143.0,6793619,0,10523.0862,10676.5511,10470.9517,10477.6547
000110,380金融,4368.1313,-0.5559071862998518,-24.418499999999767,14030088715.0,21833610,0,4398.5779,4431.5638,4357.2526,4392.5498
000111,380信息,10724.4735,-3.3103003405240354,-367.16660000000047,62207366477.0,12145877,0,11032.6734,11044.0851,10681.952,11091.6401
000112,380电信,6959.3118,-0.9208763429912262,-64.68229999999949,52436838938.0,18209065,0,7224.5908,7224.5908,6930.8284,7023.9941
000113,380公用,3125.3386,-0.22278397182608706,-6.978299999999763,10887161604.0,17646141,0,3130.3188,3162.1096,3103.0957,3132.3169
000114,持续产业,1301.3231,-0.07464513422148487,-0.9720999999999549,46509312614.0,27473505,0,1303.5611,1311.2245,1281.8412,1302.2952
000115,380等权,9269.4971,-1.017243422001383,-95.26239999999962,379539597207.0,193066102,0,9381.7835,9385.7685,9244.3134,9364.7595
000116,信用100,198.6212,-0.006141968067810899,-0.012200000000007094,214571653.0,219600,0,198.6431,198.6577,198.5795,198.6334
000117,380成长,4587.7205,-1.37490426570066,-63.956099999999424,89031593826.0,35608509,0,4642.7684,4648.6698,4574.6875,4651.6766
000118,380价值,10439.0645,-0.37368940651706123,-39.15599999999904,58891500223.0,69066933,0,10481.9239,10532.284,10415.6705,10478.2205
000119,380R成长,4724.8182,-1.7503684191034405,-84.17510000000038,334187641299.0,133980130,0,4805.701,4805.7022,4709.8313,4808.9933
000120,380R价值,10345.9592,-0.782837622609708,-81.63110000000052,304047547696.0,167438555,0,10457.3418,10479.4216,10318.1639,10427.5903
000121,医药主题,8610.5376,0.5568328551284437,47.68080000000009,42884965440.0,10750283,0,8639.5499,8771.8065,8591.5824,8562.8568
000122,农业主题,1671.9861,-0.6817494247423577,-11.476999999999862,6673807152.0,7883046,0,1682.9202,1693.0149,1669.0822,1683.4631
000123,180动态,7557.6357,-0.5686999860989429,-43.22609999999986,280624713538.0,97147646,0,7616.1299,7699.1713,7532.3511,7600.8618
000125,180稳定,11933.6703,-0.33601154644300374,-40.23370000000068,113565485411.0,75311279,0,11985.7104,12046.5483,11915.5756,11973.904
000126,消费50,8357.1069,-1.3199075807870977,-111.78149999999914,58711479425.0,26532407,0,8480.7785,8498.1408,8343.2636,8468.8884
000128,380基本,9506.7015,-0.7017785562377002,-67.1875,379230504343.0,192970164,0,9586.6373,9602.5335,9485.5135,9573.889
000129,180波动,15373.0929,-0.07190904954127063,-11.062600000001112,115740767738.0,93891573,0,15398.1571,15467.6063,15352.9546,15384.1555
000130,380波动,13605.6256,-0.1557652550921339,-21.225900000001275,30716946768.0,36379486,0,13636.5663,13689.2365,13582.1575,13626.8515
000131,上证高新,4179.9219,-2.5475047824889496,-109.26729999999952,79993703270.0,10110795,0,4322.105,4325.5757,4164.1115,4289.1892
000132,上证100,6358.3914,-1.2868113061715918,-82.88709999999992,71680112531.0,18545757,0,6433.0803,6447.7426,6338.3781,6441.2785
000133,上证150,7399.6619,-2.60430226456397,-197.86250000000018,76699057326.0,27556203,0,7606.4142,7610.4419,7376.5437,7597.5244
000134,上证银行,1027.1673,0.4664915684979418,4.769400000000019,29254489371.0,34523552,0,1023.0368,1034.8198,1022.1286,1022.3979
000135,180高贝,6788.0397,-1.7102276918200956,-118.11089999999967,196971485643.0,42823844,0,6921.5787,6931.8948,6765.946,6906.1506
000136,180低贝,12939.0291,0.21831339750625878,28.186099999998987,57840704921.0,56286953,0,12910.6812,13016.9371,12910.1703,12910.843
000137,380高贝,6504.7654,-2.4694135748880526,-164.69660000000022,133731763187.0,29027139,0,6662.6119,6662.6119,6479.9073,6669.462
000138,380低贝,8330.197,-0.15640554684332625,-13.049300000000585,32163736978.0,35480459,0,8347.7623,8385.3949,8315.869,8343.2463
000139,上证转债,448.4673,-1.077724829117781,-4.885899999999992,47601135584.0,24007394,0,453.994,454.4832,447.4757,453.3532
000141,380动态,4289.0817,-1.8617426926602194,-81.36650000000009,275314216907.0,113720359,0,4376.0198,4376.0452,4275.709,4370.4482
000142,380稳定,10355.2141,-0.3845375564413895,-39.973400000000765,100138897715.0,79935103,0,10398.8428,10441.1859,10320.8059,10395.1875
000145,优势资源,8923.9043,-0.00794544220817492,-0.7091000000000349,84309121438.0,37028087,0,8914.1855,9086.1557,8874.1998,8924.6134
000146,优势制造,8608.1439,-0.8636100131746258,-74.98840000000018,156722568391.0,55493155,0,8694.9529,8695.8002,8468.7623,8683.1323
000147,优势消费,6972.5877,-0.25487937408145817,-17.81710000000021,30413535141.0,7234351,0,7015.7086,7061.8509,6962.6338,6990.4048
000148,消费领先,9965.6692,-0.2535232038414721,-25.329499999999825,208355613835.0,87258404,0,10055.9962,10131.551,9942.5747,9990.9987
000149,180红利,4027.4546,0.440178589264325,17.650300000000243,44876655406.0,39693527,0,4012.0784,4055.6508,4012.0784,4009.8043
000150,380红利,11941.6702,-0.9847152146990775,-118.76089999999931,11715849449.0,10547727,0,12063.8765,12075.8752,11916.7918,12060.4311
000152,上央红利,2857.0601,-0.13779087140195437,-3.942199999999957,33449790365.0,36660402,0,2866.13,2876.0632,2853.0946,2861.0023
000160,沪新丝路,2266.3199,0.7699946291749653,17.317199999999957,121035438083.0,93368395,0,2252.8436,2281.9508,2238.1014,2249.0027
000161,沪中国造,1930.8464,-1.1408313524513558,-22.281900000000178,255389975518.0,86673788,0,1961.0002,1961.0002,1919.111,1953.1283
000162,沪互联+,3944.1769,-0.9840623121725012,-39.19889999999987,105934149267.0,43720556,0,4033.2403,4045.2219,3932.6219,3983.3758
000170,50AH优选,6476.5403,-0.26258350656311064,-17.051100000000588,125733361142.0,35766688,0,6519.4095,6567.0278,6463.2435,6493.5914
000171,新兴成指,0.0,0.0,0.0,0.0,0,0,0.0,0.0,0.0,0.0
000300,沪深300,4757.9747,-0.6668343105426454,-31.94080000000031,777632374746.0,291926578,0,4798.0488,4836.9549,4745.5154,4789.9155
000805,A股资源,0.0,0.0,0.0,0.0,0,0,0.0,0.0,0.0,0.0
000808,医药生物,0.0,0.0,0.0,0.0,0,0,0.0,0.0,0.0,0.0
000814,细分医药,8981.8316,1.3205569423125185,117.0643,42059066781.0,10616586,0,8934.4083,9134.0086,8933.0744,8864.7673
000827,中证环保,1930.2565,-0.9590711051699041,-18.691800000000057,166824492312.0,63050452,0,1949.6207,1952.9554,1917.5439,1948.9483
000841,800医药,0.0,0.0,0.0,0.0,0,0,0.0,0.0,0.0,0.0
000842,800等权,0.0,0.0,0.0,0.0,0,0,0.0,0.0,0.0,0.0
000847,腾讯济安,3659.8149,-0.8793422020475397,-32.46780000000035,108175389908.0,46658243,0,3694.4382,3700.0086,3650.8488,3692.2827
000849,300非银,11453.4753,0.0993304573951902,11.365499999999884,58227977863.0,27382286,0,11485.4342,11710.1951,11421.0306,11442.1098
000853,CSSW丝路,1671.1738,-0.08852395996902347,-1.4807000000000698,170831127753.0,34341154,0,1677.3566,1692.283,1667.0071,1672.6545
000854,500原料,6405.4502,-0.4089166577927123,-26.300499999999374,85940775259.0,46224456,0,6423.2541,6520.8353,6380.6196,6431.7507
000855,央视500,1692.0642,-0.6063604346556238,-10.322599999999966,1126935990773.0,409335860,0,1705.0559,1716.3263,1687.9595,1702.3868
000857,500医药,11091.1704,0.4274407268984301,47.20640000000094,28776344368.0,10773432,0,11113.3684,11313.5892,11067.5102,11043.964
000865,上海国企,1604.8562,-0.5764234364288155,-9.304399999999987,61311821108.0,43448657,0,1622.8176,1625.0507,1601.7349,1614.1606
000867,港中小企,2827.7371,-0.32881507365814455,-9.328700000000026,35693812102.0,40163871,0,2850.0068,2867.1551,2824.3839,2837.0658
000891,新兴综指,2012.5134,-2.0067520185013876,-41.213199999999915,2056013218158.0,814582401,0,2057.8267,2057.8267,2006.0348,2053.7266
000904,中证200,0.0,0.0,0.0,0.0,0,0,0.0,0.0,0.0,0.0
000914,300金融,6763.2636,0.29276694749721816,19.74279999999999,93123855368.0,68224407,0,6757.3549,6845.437,6750.7915,6743.5208
000918,300成长,0.0,0.0,0.0,0.0,0,0,0.0,0.0,0.0,0.0
000934,中证金融,6330.8687,0.18752753196430055,11.849900000000162,119884585163.0,106239333,0,6332.6726,6408.3323,6318.7791,6319.0188
000944,内地资源,0.0,0.0,0.0,0.0,0,0,0.0,0.0,0.0,0.0
000971,等权90,0.0,0.0,0.0,0.0,0,0,0.0,0.0,0.0,0.0
000974,800金融,7105.9681,0.2199390452429778,15.594500000000153,114827775142.0,97188419,0,7106.3609,7193.2028,7093.1661,7090.3736
000982,500等权,9754.9829,-1.2130901887686951,-119.78989999999976,712316665124.0,352591191,0,9895.2684,9895.2684,9724.8387,9874.7728
000984,300等权,0.0,0.0,0.0,0.0,0,0,0.0,0.0,0.0,0.0
000986,全指能源,2399.3072,0.3804219563074365,9.0929000000001,24751473552.0,33788981,0,2391.6358,2416.4939,2390.116,2390.2143
000991,全指医药,9462.6166,1.1238647616821758,105.16510000000017,86562156565.0,27379877,0,9439.2132,9631.217,9426.694,9357.4515
000992,全指金融,6052.7574,0.0739647832001577,4.4736000000002605,140101027381.0,128951833,0,6061.0023,6127.7723,6041.2854,6048.2838
